# Blender 4.4.1
# www.blender.org
mtllib enemy_block2.mtl
o 球.005
v -0.500000 -1.033441 -0.624720
v -0.500000 -1.050048 -0.583336
v -0.500000 -1.059035 -0.529264
v -0.500000 -1.060192 -0.500000
v -0.500000 -1.059035 -0.470736
v -0.500000 -1.050048 -0.416664
v -0.494291 -1.011517 -0.647118
v -0.488801 -1.022592 -0.638582
v -0.483742 -1.032798 -0.624720
v -0.479308 -1.041744 -0.606066
v -0.475668 -1.049086 -0.583336
v -0.472964 -1.054541 -0.557402
v -0.471299 -1.057901 -0.529264
v -0.470736 -1.059035 -0.500000
v -0.471299 -1.057901 -0.470736
v -0.472964 -1.054541 -0.442597
v -0.475668 -1.049086 -0.416664
v -0.479308 -1.041744 -0.393934
v -0.483742 -1.032798 -0.375280
v -0.488801 -1.022592 -0.361418
v -0.494291 -1.011517 -0.352882
v -0.488801 -1.010849 -0.647118
v -0.478033 -1.021281 -0.638582
v -0.468109 -1.030895 -0.624720
v -0.459410 -1.039322 -0.606066
v -0.452272 -1.046238 -0.583336
v -0.446967 -1.051377 -0.557402
v -0.443700 -1.054541 -0.529264
v -0.442597 -1.055610 -0.500000
v -0.443700 -1.054541 -0.470736
v -0.446967 -1.051377 -0.442597
v -0.452272 -1.046238 -0.416664
v -0.459410 -1.039322 -0.393934
v -0.468109 -1.030895 -0.375280
v -0.478033 -1.021281 -0.361418
v -0.488801 -1.010849 -0.352882
v -0.483742 -1.009764 -0.647118
v -0.468109 -1.019152 -0.638582
v -0.453701 -1.027805 -0.624720
v -0.441073 -1.035389 -0.606066
v -0.430709 -1.041613 -0.583336
v -0.423008 -1.046238 -0.557402
v -0.418266 -1.049086 -0.529264
v -0.416664 -1.050048 -0.500000
v -0.418266 -1.049086 -0.470736
v -0.423008 -1.046238 -0.442597
v -0.430709 -1.041613 -0.416664
v -0.441073 -1.035389 -0.393934
v -0.453701 -1.027805 -0.375280
v -0.468109 -1.019152 -0.361418
v -0.483742 -1.009764 -0.352882
v -0.479308 -1.008303 -0.647118
v -0.459410 -1.016288 -0.638582
v -0.441073 -1.023646 -0.624720
v -0.425000 -1.030096 -0.606066
v -0.411809 -1.035389 -0.583336
v -0.402008 -1.039322 -0.557402
v -0.395972 -1.041744 -0.529264
v -0.393934 -1.042562 -0.500000
v -0.395972 -1.041744 -0.470736
v -0.402008 -1.039322 -0.442597
v -0.411809 -1.035389 -0.416664
v -0.425000 -1.030096 -0.393934
v -0.441073 -1.023646 -0.375280
v -0.459410 -1.016288 -0.361418
v -0.479308 -1.008303 -0.352882
v -0.475668 -1.006524 -0.647118
v -0.452272 -1.012797 -0.638582
v -0.430709 -1.018579 -0.624720
v -0.411809 -1.023646 -0.606066
v -0.396299 -1.027805 -0.583336
v -0.384773 -1.030895 -0.557402
v -0.377676 -1.032798 -0.529264
v -0.375280 -1.033441 -0.500000
v -0.377676 -1.032798 -0.470736
v -0.384773 -1.030895 -0.442597
v -0.396299 -1.027805 -0.416664
v -0.411809 -1.023646 -0.393934
v -0.430709 -1.018579 -0.375280
v -0.452272 -1.012797 -0.361418
v -0.475668 -1.006524 -0.352882
v -0.500000 -1.000000 -0.650000
v -0.472964 -1.004494 -0.647118
v -0.446967 -1.008815 -0.638582
v -0.423008 -1.012797 -0.624720
v -0.402008 -1.016288 -0.606066
v -0.384773 -1.019152 -0.583336
v -0.371967 -1.021281 -0.557402
v -0.364081 -1.022592 -0.529264
v -0.361418 -1.023034 -0.500000
v -0.364081 -1.022592 -0.470736
v -0.371967 -1.021281 -0.442597
v -0.384773 -1.019152 -0.416664
v -0.402008 -1.016288 -0.393934
v -0.423008 -1.012797 -0.375280
v -0.446967 -1.008815 -0.361418
v -0.472964 -1.004494 -0.352882
v -0.471299 -1.002291 -0.647118
v -0.443700 -1.004494 -0.638582
v -0.418266 -1.006524 -0.624720
v -0.395972 -1.008303 -0.606066
v -0.377676 -1.009764 -0.583336
v -0.364081 -1.010849 -0.557402
v -0.355709 -1.011517 -0.529264
v -0.352882 -1.011743 -0.500000
v -0.355709 -1.011517 -0.470736
v -0.364081 -1.010849 -0.442597
v -0.377676 -1.009764 -0.416664
v -0.395972 -1.008303 -0.393934
v -0.418266 -1.006524 -0.375280
v -0.443700 -1.004494 -0.361418
v -0.471299 -1.002291 -0.352882
v -0.470736 -1.000000 -0.647118
v -0.442597 -1.000000 -0.638582
v -0.416664 -1.000000 -0.624720
v -0.393934 -1.000000 -0.606066
v -0.375280 -1.000000 -0.583336
v -0.361418 -1.000000 -0.557402
v -0.352882 -1.000000 -0.529264
v -0.350000 -1.000000 -0.500000
v -0.352882 -1.000000 -0.470736
v -0.361418 -1.000000 -0.442597
v -0.375280 -1.000000 -0.416664
v -0.393934 -1.000000 -0.393934
v -0.416664 -1.000000 -0.375280
v -0.442597 -1.000000 -0.361418
v -0.470736 -1.000000 -0.352882
v -0.500000 -1.000000 -0.350000
v -0.529263 -1.000000 -0.647118
v -0.557402 -1.000000 -0.638582
v -0.583335 -1.000000 -0.624720
v -0.606066 -1.000000 -0.606066
v -0.624720 -1.000000 -0.583336
v -0.638582 -1.000000 -0.557402
v -0.647118 -1.000000 -0.529264
v -0.650000 -1.000000 -0.500000
v -0.647118 -1.000000 -0.470736
v -0.638582 -1.000000 -0.442597
v -0.624720 -1.000000 -0.416664
v -0.606066 -1.000000 -0.393934
v -0.583335 -1.000000 -0.375280
v -0.557402 -1.000000 -0.361418
v -0.529263 -1.000000 -0.352882
v -0.528701 -1.002291 -0.647118
v -0.556300 -1.004494 -0.638582
v -0.581734 -1.006524 -0.624720
v -0.604028 -1.008303 -0.606066
v -0.622324 -1.009764 -0.583336
v -0.635919 -1.010849 -0.557402
v -0.644291 -1.011517 -0.529264
v -0.647118 -1.011743 -0.500000
v -0.644291 -1.011517 -0.470736
v -0.635919 -1.010849 -0.442597
v -0.622324 -1.009764 -0.416664
v -0.604028 -1.008303 -0.393934
v -0.581734 -1.006524 -0.375280
v -0.556300 -1.004494 -0.361418
v -0.528701 -1.002291 -0.352882
v -0.527036 -1.004494 -0.647118
v -0.553033 -1.008815 -0.638582
v -0.576992 -1.012797 -0.624720
v -0.597992 -1.016288 -0.606066
v -0.615227 -1.019152 -0.583336
v -0.628033 -1.021281 -0.557402
v -0.635919 -1.022592 -0.529264
v -0.638582 -1.023034 -0.500000
v -0.635919 -1.022592 -0.470736
v -0.628033 -1.021281 -0.442597
v -0.615227 -1.019152 -0.416664
v -0.597992 -1.016288 -0.393934
v -0.576992 -1.012797 -0.375280
v -0.553033 -1.008815 -0.361418
v -0.527036 -1.004494 -0.352882
v -0.524332 -1.006524 -0.647118
v -0.547728 -1.012797 -0.638582
v -0.569291 -1.018579 -0.624720
v -0.588191 -1.023646 -0.606066
v -0.603701 -1.027805 -0.583336
v -0.615227 -1.030895 -0.557402
v -0.622324 -1.032798 -0.529264
v -0.624720 -1.033441 -0.500000
v -0.622324 -1.032798 -0.470736
v -0.615227 -1.030895 -0.442597
v -0.603701 -1.027805 -0.416664
v -0.588191 -1.023646 -0.393934
v -0.569291 -1.018579 -0.375280
v -0.547728 -1.012797 -0.361418
v -0.524332 -1.006524 -0.352882
v -0.520692 -1.008303 -0.647118
v -0.540590 -1.016288 -0.638582
v -0.558927 -1.023646 -0.624720
v -0.575000 -1.030096 -0.606066
v -0.588191 -1.035389 -0.583336
v -0.597992 -1.039322 -0.557402
v -0.604028 -1.041744 -0.529264
v -0.606066 -1.042562 -0.500000
v -0.604028 -1.041744 -0.470736
v -0.597992 -1.039322 -0.442597
v -0.588191 -1.035389 -0.416664
v -0.575000 -1.030096 -0.393934
v -0.558927 -1.023646 -0.375280
v -0.540590 -1.016288 -0.361418
v -0.520692 -1.008303 -0.352882
v -0.516258 -1.009764 -0.647118
v -0.531891 -1.019152 -0.638582
v -0.546299 -1.027805 -0.624720
v -0.558927 -1.035389 -0.606066
v -0.569291 -1.041613 -0.583336
v -0.576992 -1.046238 -0.557402
v -0.581734 -1.049086 -0.529264
v -0.583335 -1.050048 -0.500000
v -0.581734 -1.049086 -0.470736
v -0.576992 -1.046238 -0.442597
v -0.569291 -1.041613 -0.416664
v -0.558927 -1.035389 -0.393934
v -0.546299 -1.027805 -0.375280
v -0.531891 -1.019152 -0.361418
v -0.516258 -1.009764 -0.352882
v -0.511199 -1.010849 -0.647118
v -0.521967 -1.021281 -0.638582
v -0.531891 -1.030895 -0.624720
v -0.540590 -1.039322 -0.606066
v -0.547728 -1.046238 -0.583336
v -0.553033 -1.051377 -0.557402
v -0.556299 -1.054541 -0.529264
v -0.557402 -1.055610 -0.500000
v -0.556299 -1.054541 -0.470736
v -0.553033 -1.051377 -0.442597
v -0.547728 -1.046238 -0.416664
v -0.540590 -1.039322 -0.393934
v -0.531891 -1.030895 -0.375280
v -0.521967 -1.021281 -0.361418
v -0.511199 -1.010849 -0.352882
v -0.505709 -1.011517 -0.647118
v -0.511199 -1.022592 -0.638582
v -0.516258 -1.032798 -0.624720
v -0.520692 -1.041744 -0.606066
v -0.524332 -1.049086 -0.583336
v -0.527036 -1.054541 -0.557402
v -0.528701 -1.057901 -0.529264
v -0.529263 -1.059035 -0.500000
v -0.528701 -1.057901 -0.470736
v -0.527036 -1.054541 -0.442597
v -0.524332 -1.049086 -0.416664
v -0.520692 -1.041744 -0.393934
v -0.516258 -1.032798 -0.375280
v -0.511199 -1.022592 -0.361418
v -0.505709 -1.011517 -0.352882
v -0.500000 -1.011743 -0.647118
v -0.500000 -1.023034 -0.638582
v -0.500000 -1.042562 -0.606066
v -0.500000 -1.055610 -0.557402
v -0.500000 -1.055610 -0.442597
v -0.500000 -1.042562 -0.393934
v -0.500000 -1.033441 -0.375280
v -0.500000 -1.023034 -0.361418
v -0.500000 -1.011743 -0.352882
v 0.500000 -1.033441 -0.624720
v 0.500000 -1.050048 -0.583336
v 0.500000 -1.059035 -0.529264
v 0.500000 -1.060192 -0.500000
v 0.500000 -1.059035 -0.470736
v 0.500000 -1.050048 -0.416664
v 0.505709 -1.011517 -0.647118
v 0.511199 -1.022592 -0.638582
v 0.516258 -1.032798 -0.624720
v 0.520692 -1.041744 -0.606066
v 0.524332 -1.049086 -0.583336
v 0.527036 -1.054541 -0.557402
v 0.528701 -1.057901 -0.529264
v 0.529264 -1.059035 -0.500000
v 0.528701 -1.057901 -0.470736
v 0.527036 -1.054541 -0.442597
v 0.524332 -1.049086 -0.416664
v 0.520692 -1.041744 -0.393934
v 0.516258 -1.032798 -0.375280
v 0.511199 -1.022592 -0.361418
v 0.505709 -1.011517 -0.352882
v 0.511199 -1.010849 -0.647118
v 0.521967 -1.021281 -0.638582
v 0.531891 -1.030895 -0.624720
v 0.540590 -1.039322 -0.606066
v 0.547728 -1.046238 -0.583336
v 0.553033 -1.051377 -0.557402
v 0.556300 -1.054541 -0.529264
v 0.557402 -1.055610 -0.500000
v 0.556300 -1.054541 -0.470736
v 0.553033 -1.051377 -0.442597
v 0.547728 -1.046238 -0.416664
v 0.540590 -1.039322 -0.393934
v 0.531891 -1.030895 -0.375280
v 0.521967 -1.021281 -0.361418
v 0.511199 -1.010849 -0.352882
v 0.516258 -1.009764 -0.647118
v 0.531891 -1.019152 -0.638582
v 0.546299 -1.027805 -0.624720
v 0.558927 -1.035389 -0.606066
v 0.569291 -1.041613 -0.583336
v 0.576992 -1.046238 -0.557402
v 0.581734 -1.049086 -0.529264
v 0.583336 -1.050048 -0.500000
v 0.581734 -1.049086 -0.470736
v 0.576992 -1.046238 -0.442597
v 0.569291 -1.041613 -0.416664
v 0.558927 -1.035389 -0.393934
v 0.546299 -1.027805 -0.375280
v 0.531891 -1.019152 -0.361418
v 0.516258 -1.009764 -0.352882
v 0.520692 -1.008303 -0.647118
v 0.540590 -1.016288 -0.638582
v 0.558927 -1.023646 -0.624720
v 0.575000 -1.030096 -0.606066
v 0.588191 -1.035389 -0.583336
v 0.597992 -1.039322 -0.557402
v 0.604028 -1.041744 -0.529264
v 0.606066 -1.042562 -0.500000
v 0.604028 -1.041744 -0.470736
v 0.597992 -1.039322 -0.442597
v 0.588191 -1.035389 -0.416664
v 0.575000 -1.030096 -0.393934
v 0.558927 -1.023646 -0.375280
v 0.540590 -1.016288 -0.361418
v 0.520692 -1.008303 -0.352882
v 0.524332 -1.006524 -0.647118
v 0.547728 -1.012797 -0.638582
v 0.569291 -1.018579 -0.624720
v 0.588191 -1.023646 -0.606066
v 0.603701 -1.027805 -0.583336
v 0.615227 -1.030895 -0.557402
v 0.622324 -1.032798 -0.529264
v 0.624720 -1.033441 -0.500000
v 0.622324 -1.032798 -0.470736
v 0.615227 -1.030895 -0.442597
v 0.603701 -1.027805 -0.416664
v 0.588191 -1.023646 -0.393934
v 0.569291 -1.018579 -0.375280
v 0.547728 -1.012797 -0.361418
v 0.524332 -1.006524 -0.352882
v 0.500000 -1.000000 -0.650000
v 0.527036 -1.004494 -0.647118
v 0.553033 -1.008815 -0.638582
v 0.576992 -1.012797 -0.624720
v 0.597992 -1.016288 -0.606066
v 0.615227 -1.019152 -0.583336
v 0.628033 -1.021281 -0.557402
v 0.635919 -1.022592 -0.529264
v 0.638582 -1.023034 -0.500000
v 0.635919 -1.022592 -0.470736
v 0.628033 -1.021281 -0.442597
v 0.615227 -1.019152 -0.416664
v 0.597992 -1.016288 -0.393934
v 0.576992 -1.012797 -0.375280
v 0.553033 -1.008815 -0.361418
v 0.527036 -1.004494 -0.352882
v 0.528701 -1.002291 -0.647118
v 0.556300 -1.004494 -0.638582
v 0.581734 -1.006524 -0.624720
v 0.604028 -1.008303 -0.606066
v 0.622324 -1.009764 -0.583336
v 0.635919 -1.010849 -0.557402
v 0.644291 -1.011517 -0.529264
v 0.647118 -1.011743 -0.500000
v 0.644291 -1.011517 -0.470736
v 0.635919 -1.010849 -0.442597
v 0.622324 -1.009764 -0.416664
v 0.604028 -1.008303 -0.393934
v 0.581734 -1.006524 -0.375280
v 0.556300 -1.004494 -0.361418
v 0.528701 -1.002291 -0.352882
v 0.529264 -1.000000 -0.647118
v 0.557402 -1.000000 -0.638582
v 0.583336 -1.000000 -0.624720
v 0.606066 -1.000000 -0.606066
v 0.624720 -1.000000 -0.583336
v 0.638582 -1.000000 -0.557402
v 0.647118 -1.000000 -0.529264
v 0.650000 -1.000000 -0.500000
v 0.647118 -1.000000 -0.470736
v 0.638582 -1.000000 -0.442597
v 0.624720 -1.000000 -0.416664
v 0.606066 -1.000000 -0.393934
v 0.583336 -1.000000 -0.375280
v 0.557402 -1.000000 -0.361418
v 0.529264 -1.000000 -0.352882
v 0.500000 -1.000000 -0.350000
v 0.470736 -1.000000 -0.647118
v 0.442598 -1.000000 -0.638582
v 0.416665 -1.000000 -0.624720
v 0.393934 -1.000000 -0.606066
v 0.375280 -1.000000 -0.583336
v 0.361418 -1.000000 -0.557402
v 0.352882 -1.000000 -0.529264
v 0.350000 -1.000000 -0.500000
v 0.352882 -1.000000 -0.470736
v 0.361418 -1.000000 -0.442597
v 0.375280 -1.000000 -0.416664
v 0.393934 -1.000000 -0.393934
v 0.416665 -1.000000 -0.375280
v 0.442598 -1.000000 -0.361418
v 0.470736 -1.000000 -0.352882
v 0.471299 -1.002291 -0.647118
v 0.443700 -1.004494 -0.638582
v 0.418266 -1.006524 -0.624720
v 0.395972 -1.008303 -0.606066
v 0.377676 -1.009764 -0.583336
v 0.364081 -1.010849 -0.557402
v 0.355709 -1.011517 -0.529264
v 0.352882 -1.011743 -0.500000
v 0.355709 -1.011517 -0.470736
v 0.364081 -1.010849 -0.442597
v 0.377676 -1.009764 -0.416664
v 0.395972 -1.008303 -0.393934
v 0.418266 -1.006524 -0.375280
v 0.443700 -1.004494 -0.361418
v 0.471299 -1.002291 -0.352882
v 0.472964 -1.004494 -0.647118
v 0.446967 -1.008815 -0.638582
v 0.423008 -1.012797 -0.624720
v 0.402008 -1.016288 -0.606066
v 0.384773 -1.019152 -0.583336
v 0.371967 -1.021281 -0.557402
v 0.364081 -1.022592 -0.529264
v 0.361418 -1.023034 -0.500000
v 0.364081 -1.022592 -0.470736
v 0.371967 -1.021281 -0.442597
v 0.384773 -1.019152 -0.416664
v 0.402008 -1.016288 -0.393934
v 0.423008 -1.012797 -0.375280
v 0.446967 -1.008815 -0.361418
v 0.472964 -1.004494 -0.352882
v 0.475668 -1.006524 -0.647118
v 0.452272 -1.012797 -0.638582
v 0.430709 -1.018579 -0.624720
v 0.411809 -1.023646 -0.606066
v 0.396299 -1.027805 -0.583336
v 0.384773 -1.030895 -0.557402
v 0.377676 -1.032798 -0.529264
v 0.375280 -1.033441 -0.500000
v 0.377676 -1.032798 -0.470736
v 0.384773 -1.030895 -0.442597
v 0.396299 -1.027805 -0.416664
v 0.411809 -1.023646 -0.393934
v 0.430709 -1.018579 -0.375280
v 0.452272 -1.012797 -0.361418
v 0.475668 -1.006524 -0.352882
v 0.479308 -1.008303 -0.647118
v 0.459410 -1.016288 -0.638582
v 0.441073 -1.023646 -0.624720
v 0.425000 -1.030096 -0.606066
v 0.411809 -1.035389 -0.583336
v 0.402008 -1.039322 -0.557402
v 0.395972 -1.041744 -0.529264
v 0.393934 -1.042562 -0.500000
v 0.395972 -1.041744 -0.470736
v 0.402008 -1.039322 -0.442597
v 0.411809 -1.035389 -0.416664
v 0.425000 -1.030096 -0.393934
v 0.441073 -1.023646 -0.375280
v 0.459410 -1.016288 -0.361418
v 0.479308 -1.008303 -0.352882
v 0.483742 -1.009764 -0.647118
v 0.468109 -1.019152 -0.638582
v 0.453701 -1.027805 -0.624720
v 0.441073 -1.035389 -0.606066
v 0.430709 -1.041613 -0.583336
v 0.423008 -1.046238 -0.557402
v 0.418266 -1.049086 -0.529264
v 0.416665 -1.050048 -0.500000
v 0.418266 -1.049086 -0.470736
v 0.423008 -1.046238 -0.442597
v 0.430709 -1.041613 -0.416664
v 0.441073 -1.035389 -0.393934
v 0.453701 -1.027805 -0.375280
v 0.468109 -1.019152 -0.361418
v 0.483742 -1.009764 -0.352882
v 0.488801 -1.010849 -0.647118
v 0.478033 -1.021281 -0.638582
v 0.468109 -1.030895 -0.624720
v 0.459410 -1.039322 -0.606066
v 0.452272 -1.046238 -0.583336
v 0.446967 -1.051377 -0.557402
v 0.443700 -1.054541 -0.529264
v 0.442598 -1.055610 -0.500000
v 0.443700 -1.054541 -0.470736
v 0.446967 -1.051377 -0.442597
v 0.452272 -1.046238 -0.416664
v 0.459410 -1.039322 -0.393934
v 0.468109 -1.030895 -0.375280
v 0.478033 -1.021281 -0.361418
v 0.488801 -1.010849 -0.352882
v 0.494291 -1.011517 -0.647118
v 0.488801 -1.022592 -0.638582
v 0.483742 -1.032798 -0.624720
v 0.479308 -1.041744 -0.606066
v 0.475668 -1.049086 -0.583336
v 0.472964 -1.054541 -0.557402
v 0.471299 -1.057901 -0.529264
v 0.470737 -1.059035 -0.500000
v 0.471299 -1.057901 -0.470736
v 0.472964 -1.054541 -0.442597
v 0.475668 -1.049086 -0.416664
v 0.479308 -1.041744 -0.393934
v 0.483742 -1.032798 -0.375280
v 0.488801 -1.022592 -0.361418
v 0.494291 -1.011517 -0.352882
v 0.500000 -1.011743 -0.647118
v 0.500000 -1.023034 -0.638582
v 0.500000 -1.042562 -0.606066
v 0.500000 -1.055610 -0.557402
v 0.500000 -1.055610 -0.442597
v 0.500000 -1.042562 -0.393934
v 0.500000 -1.033441 -0.375280
v 0.500000 -1.023034 -0.361418
v 0.500000 -1.011743 -0.352882
v 0.500000 -1.033441 0.375280
v 0.500000 -1.050048 0.416664
v 0.500000 -1.059035 0.470736
v 0.500000 -1.060192 0.500000
v 0.500000 -1.059035 0.529264
v 0.500000 -1.050048 0.583336
v 0.505709 -1.011517 0.352882
v 0.511199 -1.022592 0.361418
v 0.516258 -1.032798 0.375280
v 0.520692 -1.041744 0.393934
v 0.524332 -1.049086 0.416664
v 0.527036 -1.054541 0.442598
v 0.528701 -1.057901 0.470736
v 0.529264 -1.059035 0.500000
v 0.528701 -1.057901 0.529264
v 0.527036 -1.054541 0.557402
v 0.524332 -1.049086 0.583336
v 0.520692 -1.041744 0.606066
v 0.516258 -1.032798 0.624720
v 0.511199 -1.022592 0.638582
v 0.505709 -1.011517 0.647118
v 0.511199 -1.010849 0.352882
v 0.521967 -1.021281 0.361418
v 0.531891 -1.030895 0.375280
v 0.540590 -1.039322 0.393934
v 0.547728 -1.046238 0.416664
v 0.553033 -1.051377 0.442598
v 0.556300 -1.054541 0.470736
v 0.557402 -1.055610 0.500000
v 0.556300 -1.054541 0.529264
v 0.553033 -1.051377 0.557402
v 0.547728 -1.046238 0.583336
v 0.540590 -1.039322 0.606066
v 0.531891 -1.030895 0.624720
v 0.521967 -1.021281 0.638582
v 0.511199 -1.010849 0.647118
v 0.516258 -1.009764 0.352882
v 0.531891 -1.019152 0.361418
v 0.546299 -1.027805 0.375280
v 0.558927 -1.035389 0.393934
v 0.569291 -1.041613 0.416664
v 0.576992 -1.046238 0.442598
v 0.581734 -1.049086 0.470736
v 0.583336 -1.050048 0.500000
v 0.581734 -1.049086 0.529264
v 0.576992 -1.046238 0.557402
v 0.569291 -1.041613 0.583336
v 0.558927 -1.035389 0.606066
v 0.546299 -1.027805 0.624720
v 0.531891 -1.019152 0.638582
v 0.516258 -1.009764 0.647118
v 0.520692 -1.008303 0.352882
v 0.540590 -1.016288 0.361418
v 0.558927 -1.023646 0.375280
v 0.575000 -1.030096 0.393934
v 0.588191 -1.035389 0.416664
v 0.597992 -1.039322 0.442598
v 0.604028 -1.041744 0.470736
v 0.606066 -1.042562 0.500000
v 0.604028 -1.041744 0.529264
v 0.597992 -1.039322 0.557402
v 0.588191 -1.035389 0.583336
v 0.575000 -1.030096 0.606066
v 0.558927 -1.023646 0.624720
v 0.540590 -1.016288 0.638582
v 0.520692 -1.008303 0.647118
v 0.524332 -1.006524 0.352882
v 0.547728 -1.012797 0.361418
v 0.569291 -1.018579 0.375280
v 0.588191 -1.023646 0.393934
v 0.603701 -1.027805 0.416664
v 0.615227 -1.030895 0.442598
v 0.622324 -1.032798 0.470736
v 0.624720 -1.033441 0.500000
v 0.622324 -1.032798 0.529264
v 0.615227 -1.030895 0.557402
v 0.603701 -1.027805 0.583336
v 0.588191 -1.023646 0.606066
v 0.569291 -1.018579 0.624720
v 0.547728 -1.012797 0.638582
v 0.524332 -1.006524 0.647118
v 0.500000 -1.000000 0.350000
v 0.527036 -1.004494 0.352882
v 0.553033 -1.008815 0.361418
v 0.576992 -1.012797 0.375280
v 0.597992 -1.016288 0.393934
v 0.615227 -1.019152 0.416664
v 0.628033 -1.021281 0.442598
v 0.635919 -1.022592 0.470736
v 0.638582 -1.023034 0.500000
v 0.635919 -1.022592 0.529264
v 0.628033 -1.021281 0.557402
v 0.615227 -1.019152 0.583336
v 0.597992 -1.016288 0.606066
v 0.576992 -1.012797 0.624720
v 0.553033 -1.008815 0.638582
v 0.527036 -1.004494 0.647118
v 0.528701 -1.002291 0.352882
v 0.556300 -1.004494 0.361418
v 0.581734 -1.006524 0.375280
v 0.604028 -1.008303 0.393934
v 0.622324 -1.009764 0.416664
v 0.635919 -1.010849 0.442598
v 0.644291 -1.011517 0.470736
v 0.647118 -1.011743 0.500000
v 0.644291 -1.011517 0.529264
v 0.635919 -1.010849 0.557402
v 0.622324 -1.009764 0.583336
v 0.604028 -1.008303 0.606066
v 0.581734 -1.006524 0.624720
v 0.556300 -1.004494 0.638582
v 0.528701 -1.002291 0.647118
v 0.529264 -1.000000 0.352882
v 0.557402 -1.000000 0.361418
v 0.583336 -1.000000 0.375280
v 0.606066 -1.000000 0.393934
v 0.624720 -1.000000 0.416664
v 0.638582 -1.000000 0.442598
v 0.647118 -1.000000 0.470736
v 0.650000 -1.000000 0.500000
v 0.647118 -1.000000 0.529264
v 0.638582 -1.000000 0.557402
v 0.624720 -1.000000 0.583336
v 0.606066 -1.000000 0.606066
v 0.583336 -1.000000 0.624720
v 0.557402 -1.000000 0.638582
v 0.529264 -1.000000 0.647118
v 0.500000 -1.000000 0.650000
v 0.470736 -1.000000 0.352882
v 0.442598 -1.000000 0.361418
v 0.416665 -1.000000 0.375280
v 0.393934 -1.000000 0.393934
v 0.375280 -1.000000 0.416664
v 0.361418 -1.000000 0.442598
v 0.352882 -1.000000 0.470736
v 0.350000 -1.000000 0.500000
v 0.352882 -1.000000 0.529264
v 0.361418 -1.000000 0.557402
v 0.375280 -1.000000 0.583336
v 0.393934 -1.000000 0.606066
v 0.416665 -1.000000 0.624720
v 0.442598 -1.000000 0.638582
v 0.470736 -1.000000 0.647118
v 0.471299 -1.002291 0.352882
v 0.443700 -1.004494 0.361418
v 0.418266 -1.006524 0.375280
v 0.395972 -1.008303 0.393934
v 0.377676 -1.009764 0.416664
v 0.364081 -1.010849 0.442598
v 0.355709 -1.011517 0.470736
v 0.352882 -1.011743 0.500000
v 0.355709 -1.011517 0.529264
v 0.364081 -1.010849 0.557402
v 0.377676 -1.009764 0.583336
v 0.395972 -1.008303 0.606066
v 0.418266 -1.006524 0.624720
v 0.443700 -1.004494 0.638582
v 0.471299 -1.002291 0.647118
v 0.472964 -1.004494 0.352882
v 0.446967 -1.008815 0.361418
v 0.423008 -1.012797 0.375280
v 0.402008 -1.016288 0.393934
v 0.384773 -1.019152 0.416664
v 0.371967 -1.021281 0.442598
v 0.364081 -1.022592 0.470736
v 0.361418 -1.023034 0.500000
v 0.364081 -1.022592 0.529264
v 0.371967 -1.021281 0.557402
v 0.384773 -1.019152 0.583336
v 0.402008 -1.016288 0.606066
v 0.423008 -1.012797 0.624720
v 0.446967 -1.008815 0.638582
v 0.472964 -1.004494 0.647118
v 0.475668 -1.006524 0.352882
v 0.452272 -1.012797 0.361418
v 0.430709 -1.018579 0.375280
v 0.411809 -1.023646 0.393934
v 0.396299 -1.027805 0.416664
v 0.384773 -1.030895 0.442598
v 0.377676 -1.032798 0.470736
v 0.375280 -1.033441 0.500000
v 0.377676 -1.032798 0.529264
v 0.384773 -1.030895 0.557402
v 0.396299 -1.027805 0.583336
v 0.411809 -1.023646 0.606066
v 0.430709 -1.018579 0.624720
v 0.452272 -1.012797 0.638582
v 0.475668 -1.006524 0.647118
v 0.479308 -1.008303 0.352882
v 0.459410 -1.016288 0.361418
v 0.441073 -1.023646 0.375280
v 0.425000 -1.030096 0.393934
v 0.411809 -1.035389 0.416664
v 0.402008 -1.039322 0.442598
v 0.395972 -1.041744 0.470736
v 0.393934 -1.042562 0.500000
v 0.395972 -1.041744 0.529264
v 0.402008 -1.039322 0.557402
v 0.411809 -1.035389 0.583336
v 0.425000 -1.030096 0.606066
v 0.441073 -1.023646 0.624720
v 0.459410 -1.016288 0.638582
v 0.479308 -1.008303 0.647118
v 0.483742 -1.009764 0.352882
v 0.468109 -1.019152 0.361418
v 0.453701 -1.027805 0.375280
v 0.441073 -1.035389 0.393934
v 0.430709 -1.041613 0.416664
v 0.423008 -1.046238 0.442598
v 0.418266 -1.049086 0.470736
v 0.416665 -1.050048 0.500000
v 0.418266 -1.049086 0.529264
v 0.423008 -1.046238 0.557402
v 0.430709 -1.041613 0.583336
v 0.441073 -1.035389 0.606066
v 0.453701 -1.027805 0.624720
v 0.468109 -1.019152 0.638582
v 0.483742 -1.009764 0.647118
v 0.488801 -1.010849 0.352882
v 0.478033 -1.021281 0.361418
v 0.468109 -1.030895 0.375280
v 0.459410 -1.039322 0.393934
v 0.452272 -1.046238 0.416664
v 0.446967 -1.051377 0.442598
v 0.443700 -1.054541 0.470736
v 0.442598 -1.055610 0.500000
v 0.443700 -1.054541 0.529264
v 0.446967 -1.051377 0.557402
v 0.452272 -1.046238 0.583336
v 0.459410 -1.039322 0.606066
v 0.468109 -1.030895 0.624720
v 0.478033 -1.021281 0.638582
v 0.488801 -1.010849 0.647118
v 0.494291 -1.011517 0.352882
v 0.488801 -1.022592 0.361418
v 0.483742 -1.032798 0.375280
v 0.479308 -1.041744 0.393934
v 0.475668 -1.049086 0.416664
v 0.472964 -1.054541 0.442598
v 0.471299 -1.057901 0.470736
v 0.470737 -1.059035 0.500000
v 0.471299 -1.057901 0.529264
v 0.472964 -1.054541 0.557402
v 0.475668 -1.049086 0.583336
v 0.479308 -1.041744 0.606066
v 0.483742 -1.032798 0.624720
v 0.488801 -1.022592 0.638582
v 0.494291 -1.011517 0.647118
v 0.500000 -1.011743 0.352882
v 0.500000 -1.023034 0.361418
v 0.500000 -1.042562 0.393934
v 0.500000 -1.055610 0.442598
v 0.500000 -1.055610 0.557402
v 0.500000 -1.042562 0.606066
v 0.500000 -1.033441 0.624720
v 0.500000 -1.023034 0.638582
v 0.500000 -1.011743 0.647118
v -0.500000 -1.033441 0.375280
v -0.500000 -1.050048 0.416664
v -0.500000 -1.059035 0.470736
v -0.500000 -1.060192 0.500000
v -0.500000 -1.059035 0.529264
v -0.500000 -1.050048 0.583336
v -0.494291 -1.011517 0.352882
v -0.488801 -1.022592 0.361418
v -0.483742 -1.032798 0.375280
v -0.479308 -1.041744 0.393934
v -0.475668 -1.049086 0.416664
v -0.472964 -1.054541 0.442598
v -0.471299 -1.057901 0.470736
v -0.470736 -1.059035 0.500000
v -0.471299 -1.057901 0.529264
v -0.472964 -1.054541 0.557402
v -0.475668 -1.049086 0.583336
v -0.479308 -1.041744 0.606066
v -0.483742 -1.032798 0.624720
v -0.488801 -1.022592 0.638582
v -0.494291 -1.011517 0.647118
v -0.488801 -1.010849 0.352882
v -0.478033 -1.021281 0.361418
v -0.468109 -1.030895 0.375280
v -0.459410 -1.039322 0.393934
v -0.452272 -1.046238 0.416664
v -0.446967 -1.051377 0.442598
v -0.443700 -1.054541 0.470736
v -0.442597 -1.055610 0.500000
v -0.443700 -1.054541 0.529264
v -0.446967 -1.051377 0.557402
v -0.452272 -1.046238 0.583336
v -0.459410 -1.039322 0.606066
v -0.468109 -1.030895 0.624720
v -0.478033 -1.021281 0.638582
v -0.488801 -1.010849 0.647118
v -0.483742 -1.009764 0.352882
v -0.468109 -1.019152 0.361418
v -0.453701 -1.027805 0.375280
v -0.441073 -1.035389 0.393934
v -0.430709 -1.041613 0.416664
v -0.423008 -1.046238 0.442598
v -0.418266 -1.049086 0.470736
v -0.416664 -1.050048 0.500000
v -0.418266 -1.049086 0.529264
v -0.423008 -1.046238 0.557402
v -0.430709 -1.041613 0.583336
v -0.441073 -1.035389 0.606066
v -0.453701 -1.027805 0.624720
v -0.468109 -1.019152 0.638582
v -0.483742 -1.009764 0.647118
v -0.479308 -1.008303 0.352882
v -0.459410 -1.016288 0.361418
v -0.441073 -1.023646 0.375280
v -0.425000 -1.030096 0.393934
v -0.411809 -1.035389 0.416664
v -0.402008 -1.039322 0.442598
v -0.395972 -1.041744 0.470736
v -0.393934 -1.042562 0.500000
v -0.395972 -1.041744 0.529264
v -0.402008 -1.039322 0.557402
v -0.411809 -1.035389 0.583336
v -0.425000 -1.030096 0.606066
v -0.441073 -1.023646 0.624720
v -0.459410 -1.016288 0.638582
v -0.479308 -1.008303 0.647118
v -0.475668 -1.006524 0.352882
v -0.452272 -1.012797 0.361418
v -0.430709 -1.018579 0.375280
v -0.411809 -1.023646 0.393934
v -0.396299 -1.027805 0.416664
v -0.384773 -1.030895 0.442598
v -0.377676 -1.032798 0.470736
v -0.375280 -1.033441 0.500000
v -0.377676 -1.032798 0.529264
v -0.384773 -1.030895 0.557402
v -0.396299 -1.027805 0.583336
v -0.411809 -1.023646 0.606066
v -0.430709 -1.018579 0.624720
v -0.452272 -1.012797 0.638582
v -0.475668 -1.006524 0.647118
v -0.500000 -1.000000 0.350000
v -0.472964 -1.004494 0.352882
v -0.446967 -1.008815 0.361418
v -0.423008 -1.012797 0.375280
v -0.402008 -1.016288 0.393934
v -0.384773 -1.019152 0.416664
v -0.371967 -1.021281 0.442598
v -0.364081 -1.022592 0.470736
v -0.361418 -1.023034 0.500000
v -0.364081 -1.022592 0.529264
v -0.371967 -1.021281 0.557402
v -0.384773 -1.019152 0.583336
v -0.402008 -1.016288 0.606066
v -0.423008 -1.012797 0.624720
v -0.446967 -1.008815 0.638582
v -0.472964 -1.004494 0.647118
v -0.471299 -1.002291 0.352882
v -0.443700 -1.004494 0.361418
v -0.418266 -1.006524 0.375280
v -0.395972 -1.008303 0.393934
v -0.377676 -1.009764 0.416664
v -0.364081 -1.010849 0.442598
v -0.355709 -1.011517 0.470736
v -0.352882 -1.011743 0.500000
v -0.355709 -1.011517 0.529264
v -0.364081 -1.010849 0.557402
v -0.377676 -1.009764 0.583336
v -0.395972 -1.008303 0.606066
v -0.418266 -1.006524 0.624720
v -0.443700 -1.004494 0.638582
v -0.471299 -1.002291 0.647118
v -0.470736 -1.000000 0.352882
v -0.442597 -1.000000 0.361418
v -0.416664 -1.000000 0.375280
v -0.393934 -1.000000 0.393934
v -0.375280 -1.000000 0.416664
v -0.361418 -1.000000 0.442598
v -0.352882 -1.000000 0.470736
v -0.350000 -1.000000 0.500000
v -0.352882 -1.000000 0.529264
v -0.361418 -1.000000 0.557402
v -0.375280 -1.000000 0.583336
v -0.393934 -1.000000 0.606066
v -0.416664 -1.000000 0.624720
v -0.442597 -1.000000 0.638582
v -0.470736 -1.000000 0.647118
v -0.500000 -1.000000 0.650000
v -0.529263 -1.000000 0.352882
v -0.557402 -1.000000 0.361418
v -0.583335 -1.000000 0.375280
v -0.606066 -1.000000 0.393934
v -0.624720 -1.000000 0.416664
v -0.638582 -1.000000 0.442598
v -0.647118 -1.000000 0.470736
v -0.650000 -1.000000 0.500000
v -0.647118 -1.000000 0.529264
v -0.638582 -1.000000 0.557402
v -0.624720 -1.000000 0.583336
v -0.606066 -1.000000 0.606066
v -0.583335 -1.000000 0.624720
v -0.557402 -1.000000 0.638582
v -0.529263 -1.000000 0.647118
v -0.528701 -1.002291 0.352882
v -0.556300 -1.004494 0.361418
v -0.581734 -1.006524 0.375280
v -0.604028 -1.008303 0.393934
v -0.622324 -1.009764 0.416664
v -0.635919 -1.010849 0.442598
v -0.644291 -1.011517 0.470736
v -0.647118 -1.011743 0.500000
v -0.644291 -1.011517 0.529264
v -0.635919 -1.010849 0.557402
v -0.622324 -1.009764 0.583336
v -0.604028 -1.008303 0.606066
v -0.581734 -1.006524 0.624720
v -0.556300 -1.004494 0.638582
v -0.528701 -1.002291 0.647118
v -0.527036 -1.004494 0.352882
v -0.553033 -1.008815 0.361418
v -0.576992 -1.012797 0.375280
v -0.597992 -1.016288 0.393934
v -0.615227 -1.019152 0.416664
v -0.628033 -1.021281 0.442598
v -0.635919 -1.022592 0.470736
v -0.638582 -1.023034 0.500000
v -0.635919 -1.022592 0.529264
v -0.628033 -1.021281 0.557402
v -0.615227 -1.019152 0.583336
v -0.597992 -1.016288 0.606066
v -0.576992 -1.012797 0.624720
v -0.553033 -1.008815 0.638582
v -0.527036 -1.004494 0.647118
v -0.524332 -1.006524 0.352882
v -0.547728 -1.012797 0.361418
v -0.569291 -1.018579 0.375280
v -0.588191 -1.023646 0.393934
v -0.603701 -1.027805 0.416664
v -0.615227 -1.030895 0.442598
v -0.622324 -1.032798 0.470736
v -0.624720 -1.033441 0.500000
v -0.622324 -1.032798 0.529264
v -0.615227 -1.030895 0.557402
v -0.603701 -1.027805 0.583336
v -0.588191 -1.023646 0.606066
v -0.569291 -1.018579 0.624720
v -0.547728 -1.012797 0.638582
v -0.524332 -1.006524 0.647118
v -0.520692 -1.008303 0.352882
v -0.540590 -1.016288 0.361418
v -0.558927 -1.023646 0.375280
v -0.575000 -1.030096 0.393934
v -0.588191 -1.035389 0.416664
v -0.597992 -1.039322 0.442598
v -0.604028 -1.041744 0.470736
v -0.606066 -1.042562 0.500000
v -0.604028 -1.041744 0.529264
v -0.597992 -1.039322 0.557402
v -0.588191 -1.035389 0.583336
v -0.575000 -1.030096 0.606066
v -0.558927 -1.023646 0.624720
v -0.540590 -1.016288 0.638582
v -0.520692 -1.008303 0.647118
v -0.516258 -1.009764 0.352882
v -0.531891 -1.019152 0.361418
v -0.546299 -1.027805 0.375280
v -0.558927 -1.035389 0.393934
v -0.569291 -1.041613 0.416664
v -0.576992 -1.046238 0.442598
v -0.581734 -1.049086 0.470736
v -0.583335 -1.050048 0.500000
v -0.581734 -1.049086 0.529264
v -0.576992 -1.046238 0.557402
v -0.569291 -1.041613 0.583336
v -0.558927 -1.035389 0.606066
v -0.546299 -1.027805 0.624720
v -0.531891 -1.019152 0.638582
v -0.516258 -1.009764 0.647118
v -0.511199 -1.010849 0.352882
v -0.521967 -1.021281 0.361418
v -0.531891 -1.030895 0.375280
v -0.540590 -1.039322 0.393934
v -0.547728 -1.046238 0.416664
v -0.553033 -1.051377 0.442598
v -0.556299 -1.054541 0.470736
v -0.557402 -1.055610 0.500000
v -0.556299 -1.054541 0.529264
v -0.553033 -1.051377 0.557402
v -0.547728 -1.046238 0.583336
v -0.540590 -1.039322 0.606066
v -0.531891 -1.030895 0.624720
v -0.521967 -1.021281 0.638582
v -0.511199 -1.010849 0.647118
v -0.505709 -1.011517 0.352882
v -0.511199 -1.022592 0.361418
v -0.516258 -1.032798 0.375280
v -0.520692 -1.041744 0.393934
v -0.524332 -1.049086 0.416664
v -0.527036 -1.054541 0.442598
v -0.528701 -1.057901 0.470736
v -0.529263 -1.059035 0.500000
v -0.528701 -1.057901 0.529264
v -0.527036 -1.054541 0.557402
v -0.524332 -1.049086 0.583336
v -0.520692 -1.041744 0.606066
v -0.516258 -1.032798 0.624720
v -0.511199 -1.022592 0.638582
v -0.505709 -1.011517 0.647118
v -0.500000 -1.011743 0.352882
v -0.500000 -1.023034 0.361418
v -0.500000 -1.042562 0.393934
v -0.500000 -1.055610 0.442598
v -0.500000 -1.055610 0.557402
v -0.500000 -1.042562 0.606066
v -0.500000 -1.033441 0.624720
v -0.500000 -1.023034 0.638582
v -0.500000 -1.011743 0.647118
v -0.500000 0.624720 -1.033441
v -0.500000 0.583336 -1.050048
v -0.500000 0.529264 -1.059035
v -0.500000 0.500000 -1.060192
v -0.500000 0.470736 -1.059035
v -0.500000 0.416664 -1.050048
v -0.494291 0.647118 -1.011517
v -0.488801 0.638582 -1.022592
v -0.483742 0.624720 -1.032798
v -0.479308 0.606066 -1.041744
v -0.475668 0.583336 -1.049086
v -0.472964 0.557402 -1.054541
v -0.471299 0.529264 -1.057901
v -0.470736 0.500000 -1.059035
v -0.471299 0.470736 -1.057901
v -0.472964 0.442597 -1.054541
v -0.475668 0.416664 -1.049086
v -0.479308 0.393934 -1.041744
v -0.483742 0.375280 -1.032798
v -0.488801 0.361418 -1.022592
v -0.494291 0.352882 -1.011517
v -0.488801 0.647118 -1.010849
v -0.478033 0.638582 -1.021281
v -0.468109 0.624720 -1.030895
v -0.459410 0.606066 -1.039322
v -0.452272 0.583336 -1.046238
v -0.446967 0.557402 -1.051377
v -0.443700 0.529264 -1.054541
v -0.442597 0.500000 -1.055610
v -0.443700 0.470736 -1.054541
v -0.446967 0.442597 -1.051377
v -0.452272 0.416664 -1.046238
v -0.459410 0.393934 -1.039322
v -0.468109 0.375280 -1.030895
v -0.478033 0.361418 -1.021281
v -0.488801 0.352882 -1.010849
v -0.483742 0.647118 -1.009764
v -0.468109 0.638582 -1.019152
v -0.453701 0.624720 -1.027805
v -0.441073 0.606066 -1.035389
v -0.430709 0.583336 -1.041613
v -0.423008 0.557402 -1.046238
v -0.418266 0.529264 -1.049086
v -0.416664 0.500000 -1.050048
v -0.418266 0.470736 -1.049086
v -0.423008 0.442597 -1.046238
v -0.430709 0.416664 -1.041613
v -0.441073 0.393934 -1.035389
v -0.453701 0.375280 -1.027805
v -0.468109 0.361418 -1.019152
v -0.483742 0.352882 -1.009764
v -0.479308 0.647118 -1.008303
v -0.459410 0.638582 -1.016288
v -0.441073 0.624720 -1.023646
v -0.425000 0.606066 -1.030096
v -0.411809 0.583336 -1.035389
v -0.402008 0.557402 -1.039322
v -0.395972 0.529264 -1.041744
v -0.393934 0.500000 -1.042562
v -0.395972 0.470736 -1.041744
v -0.402008 0.442597 -1.039322
v -0.411809 0.416664 -1.035389
v -0.425000 0.393934 -1.030096
v -0.441073 0.375280 -1.023646
v -0.459410 0.361418 -1.016288
v -0.479308 0.352882 -1.008303
v -0.475668 0.647118 -1.006524
v -0.452272 0.638582 -1.012797
v -0.430709 0.624720 -1.018579
v -0.411809 0.606066 -1.023646
v -0.396299 0.583336 -1.027805
v -0.384773 0.557402 -1.030895
v -0.377676 0.529264 -1.032798
v -0.375280 0.500000 -1.033441
v -0.377676 0.470736 -1.032798
v -0.384773 0.442597 -1.030895
v -0.396299 0.416664 -1.027805
v -0.411809 0.393934 -1.023646
v -0.430709 0.375280 -1.018579
v -0.452272 0.361418 -1.012797
v -0.475668 0.352882 -1.006524
v -0.500000 0.650000 -1.000000
v -0.472964 0.647118 -1.004494
v -0.446967 0.638582 -1.008815
v -0.423008 0.624720 -1.012797
v -0.402008 0.606066 -1.016288
v -0.384773 0.583336 -1.019152
v -0.371967 0.557402 -1.021281
v -0.364081 0.529264 -1.022592
v -0.361418 0.500000 -1.023034
v -0.364081 0.470736 -1.022592
v -0.371967 0.442597 -1.021281
v -0.384773 0.416664 -1.019152
v -0.402008 0.393934 -1.016288
v -0.423008 0.375280 -1.012797
v -0.446967 0.361418 -1.008815
v -0.472964 0.352882 -1.004494
v -0.471299 0.647118 -1.002291
v -0.443700 0.638582 -1.004494
v -0.418266 0.624720 -1.006524
v -0.395972 0.606066 -1.008303
v -0.377676 0.583336 -1.009764
v -0.364081 0.557402 -1.010849
v -0.355709 0.529264 -1.011517
v -0.352882 0.500000 -1.011743
v -0.355709 0.470736 -1.011517
v -0.364081 0.442597 -1.010849
v -0.377676 0.416664 -1.009764
v -0.395972 0.393934 -1.008303
v -0.418266 0.375280 -1.006524
v -0.443700 0.361418 -1.004494
v -0.471299 0.352882 -1.002291
v -0.470736 0.647118 -1.000000
v -0.442597 0.638582 -1.000000
v -0.416664 0.624720 -1.000000
v -0.393934 0.606066 -1.000000
v -0.375280 0.583336 -1.000000
v -0.361418 0.557402 -1.000000
v -0.352882 0.529264 -1.000000
v -0.350000 0.500000 -1.000000
v -0.352882 0.470736 -1.000000
v -0.361418 0.442597 -1.000000
v -0.375280 0.416664 -1.000000
v -0.393934 0.393934 -1.000000
v -0.416664 0.375280 -1.000000
v -0.442597 0.361418 -1.000000
v -0.470736 0.352882 -1.000000
v -0.500000 0.350000 -1.000000
v -0.529263 0.647118 -1.000000
v -0.557402 0.638582 -1.000000
v -0.583335 0.624720 -1.000000
v -0.606066 0.606066 -1.000000
v -0.624720 0.583336 -1.000000
v -0.638582 0.557402 -1.000000
v -0.647118 0.529264 -1.000000
v -0.650000 0.500000 -1.000000
v -0.647118 0.470736 -1.000000
v -0.638582 0.442597 -1.000000
v -0.624720 0.416664 -1.000000
v -0.606066 0.393934 -1.000000
v -0.583335 0.375280 -1.000000
v -0.557402 0.361418 -1.000000
v -0.529263 0.352882 -1.000000
v -0.528701 0.647118 -1.002291
v -0.556300 0.638582 -1.004494
v -0.581734 0.624720 -1.006524
v -0.604028 0.606066 -1.008303
v -0.622324 0.583336 -1.009764
v -0.635919 0.557402 -1.010849
v -0.644291 0.529264 -1.011517
v -0.647118 0.500000 -1.011743
v -0.644291 0.470736 -1.011517
v -0.635919 0.442597 -1.010849
v -0.622324 0.416664 -1.009764
v -0.604028 0.393934 -1.008303
v -0.581734 0.375280 -1.006524
v -0.556300 0.361418 -1.004494
v -0.528701 0.352882 -1.002291
v -0.527036 0.647118 -1.004494
v -0.553033 0.638582 -1.008815
v -0.576992 0.624720 -1.012797
v -0.597992 0.606066 -1.016288
v -0.615227 0.583336 -1.019152
v -0.628033 0.557402 -1.021281
v -0.635919 0.529264 -1.022592
v -0.638582 0.500000 -1.023034
v -0.635919 0.470736 -1.022592
v -0.628033 0.442597 -1.021281
v -0.615227 0.416664 -1.019152
v -0.597992 0.393934 -1.016288
v -0.576992 0.375280 -1.012797
v -0.553033 0.361418 -1.008815
v -0.527036 0.352882 -1.004494
v -0.524332 0.647118 -1.006524
v -0.547728 0.638582 -1.012797
v -0.569291 0.624720 -1.018579
v -0.588191 0.606066 -1.023646
v -0.603701 0.583336 -1.027805
v -0.615227 0.557402 -1.030895
v -0.622324 0.529264 -1.032798
v -0.624720 0.500000 -1.033441
v -0.622324 0.470736 -1.032798
v -0.615227 0.442597 -1.030895
v -0.603701 0.416664 -1.027805
v -0.588191 0.393934 -1.023646
v -0.569291 0.375280 -1.018579
v -0.547728 0.361418 -1.012797
v -0.524332 0.352882 -1.006524
v -0.520692 0.647118 -1.008303
v -0.540590 0.638582 -1.016288
v -0.558927 0.624720 -1.023646
v -0.575000 0.606066 -1.030096
v -0.588191 0.583336 -1.035389
v -0.597992 0.557402 -1.039322
v -0.604028 0.529264 -1.041744
v -0.606066 0.500000 -1.042562
v -0.604028 0.470736 -1.041744
v -0.597992 0.442597 -1.039322
v -0.588191 0.416664 -1.035389
v -0.575000 0.393934 -1.030096
v -0.558927 0.375280 -1.023646
v -0.540590 0.361418 -1.016288
v -0.520692 0.352882 -1.008303
v -0.516258 0.647118 -1.009764
v -0.531891 0.638582 -1.019152
v -0.546299 0.624720 -1.027805
v -0.558927 0.606066 -1.035389
v -0.569291 0.583336 -1.041613
v -0.576992 0.557402 -1.046238
v -0.581734 0.529264 -1.049086
v -0.583335 0.500000 -1.050048
v -0.581734 0.470736 -1.049086
v -0.576992 0.442597 -1.046238
v -0.569291 0.416664 -1.041613
v -0.558927 0.393934 -1.035389
v -0.546299 0.375280 -1.027805
v -0.531891 0.361418 -1.019152
v -0.516258 0.352882 -1.009764
v -0.511199 0.647118 -1.010849
v -0.521967 0.638582 -1.021281
v -0.531891 0.624720 -1.030895
v -0.540590 0.606066 -1.039322
v -0.547728 0.583336 -1.046238
v -0.553033 0.557402 -1.051377
v -0.556299 0.529264 -1.054541
v -0.557402 0.500000 -1.055610
v -0.556299 0.470736 -1.054541
v -0.553033 0.442597 -1.051377
v -0.547728 0.416664 -1.046238
v -0.540590 0.393934 -1.039322
v -0.531891 0.375280 -1.030895
v -0.521967 0.361418 -1.021281
v -0.511199 0.352882 -1.010849
v -0.505709 0.647118 -1.011517
v -0.511199 0.638582 -1.022592
v -0.516258 0.624720 -1.032798
v -0.520692 0.606066 -1.041744
v -0.524332 0.583336 -1.049086
v -0.527036 0.557402 -1.054541
v -0.528701 0.529264 -1.057901
v -0.529263 0.500000 -1.059035
v -0.528701 0.470736 -1.057901
v -0.527036 0.442597 -1.054541
v -0.524332 0.416664 -1.049086
v -0.520692 0.393934 -1.041744
v -0.516258 0.375280 -1.032798
v -0.511199 0.361418 -1.022592
v -0.505709 0.352882 -1.011517
v -0.500000 0.647118 -1.011743
v -0.500000 0.638582 -1.023034
v -0.500000 0.606066 -1.042562
v -0.500000 0.557402 -1.055610
v -0.500000 0.442597 -1.055610
v -0.500000 0.393934 -1.042562
v -0.500000 0.375280 -1.033441
v -0.500000 0.361418 -1.023034
v -0.500000 0.352882 -1.011743
v 0.500000 0.624720 -1.033441
v 0.500000 0.583336 -1.050048
v 0.500000 0.529264 -1.059035
v 0.500000 0.500000 -1.060192
v 0.500000 0.470736 -1.059035
v 0.500000 0.416664 -1.050048
v 0.505709 0.647118 -1.011517
v 0.511199 0.638582 -1.022592
v 0.516258 0.624720 -1.032798
v 0.520692 0.606066 -1.041744
v 0.524332 0.583336 -1.049086
v 0.527036 0.557402 -1.054541
v 0.528701 0.529264 -1.057901
v 0.529264 0.500000 -1.059035
v 0.528701 0.470736 -1.057901
v 0.527036 0.442597 -1.054541
v 0.524332 0.416664 -1.049086
v 0.520692 0.393934 -1.041744
v 0.516258 0.375280 -1.032798
v 0.511199 0.361418 -1.022592
v 0.505709 0.352882 -1.011517
v 0.511199 0.647118 -1.010849
v 0.521967 0.638582 -1.021281
v 0.531891 0.624720 -1.030895
v 0.540590 0.606066 -1.039322
v 0.547728 0.583336 -1.046238
v 0.553033 0.557402 -1.051377
v 0.556300 0.529264 -1.054541
v 0.557402 0.500000 -1.055610
v 0.556300 0.470736 -1.054541
v 0.553033 0.442597 -1.051377
v 0.547728 0.416664 -1.046238
v 0.540590 0.393934 -1.039322
v 0.531891 0.375280 -1.030895
v 0.521967 0.361418 -1.021281
v 0.511199 0.352882 -1.010849
v 0.516258 0.647118 -1.009764
v 0.531891 0.638582 -1.019152
v 0.546299 0.624720 -1.027805
v 0.558927 0.606066 -1.035389
v 0.569291 0.583336 -1.041613
v 0.576992 0.557402 -1.046238
v 0.581734 0.529264 -1.049086
v 0.583336 0.500000 -1.050048
v 0.581734 0.470736 -1.049086
v 0.576992 0.442597 -1.046238
v 0.569291 0.416664 -1.041613
v 0.558927 0.393934 -1.035389
v 0.546299 0.375280 -1.027805
v 0.531891 0.361418 -1.019152
v 0.516258 0.352882 -1.009764
v 0.520692 0.647118 -1.008303
v 0.540590 0.638582 -1.016288
v 0.558927 0.624720 -1.023646
v 0.575000 0.606066 -1.030096
v 0.588191 0.583336 -1.035389
v 0.597992 0.557402 -1.039322
v 0.604028 0.529264 -1.041744
v 0.606066 0.500000 -1.042562
v 0.604028 0.470736 -1.041744
v 0.597992 0.442597 -1.039322
v 0.588191 0.416664 -1.035389
v 0.575000 0.393934 -1.030096
v 0.558927 0.375280 -1.023646
v 0.540590 0.361418 -1.016288
v 0.520692 0.352882 -1.008303
v 0.524332 0.647118 -1.006524
v 0.547728 0.638582 -1.012797
v 0.569291 0.624720 -1.018579
v 0.588191 0.606066 -1.023646
v 0.603701 0.583336 -1.027805
v 0.615227 0.557402 -1.030895
v 0.622324 0.529264 -1.032798
v 0.624720 0.500000 -1.033441
v 0.622324 0.470736 -1.032798
v 0.615227 0.442597 -1.030895
v 0.603701 0.416664 -1.027805
v 0.588191 0.393934 -1.023646
v 0.569291 0.375280 -1.018579
v 0.547728 0.361418 -1.012797
v 0.524332 0.352882 -1.006524
v 0.500000 0.650000 -1.000000
v 0.527036 0.647118 -1.004494
v 0.553033 0.638582 -1.008815
v 0.576992 0.624720 -1.012797
v 0.597992 0.606066 -1.016288
v 0.615227 0.583336 -1.019152
v 0.628033 0.557402 -1.021281
v 0.635919 0.529264 -1.022592
v 0.638582 0.500000 -1.023034
v 0.635919 0.470736 -1.022592
v 0.628033 0.442597 -1.021281
v 0.615227 0.416664 -1.019152
v 0.597992 0.393934 -1.016288
v 0.576992 0.375280 -1.012797
v 0.553033 0.361418 -1.008815
v 0.527036 0.352882 -1.004494
v 0.528701 0.647118 -1.002291
v 0.556300 0.638582 -1.004494
v 0.581734 0.624720 -1.006524
v 0.604028 0.606066 -1.008303
v 0.622324 0.583336 -1.009764
v 0.635919 0.557402 -1.010849
v 0.644291 0.529264 -1.011517
v 0.647118 0.500000 -1.011743
v 0.644291 0.470736 -1.011517
v 0.635919 0.442597 -1.010849
v 0.622324 0.416664 -1.009764
v 0.604028 0.393934 -1.008303
v 0.581734 0.375280 -1.006524
v 0.556300 0.361418 -1.004494
v 0.528701 0.352882 -1.002291
v 0.529264 0.647118 -1.000000
v 0.557402 0.638582 -1.000000
v 0.583336 0.624720 -1.000000
v 0.606066 0.606066 -1.000000
v 0.624720 0.583336 -1.000000
v 0.638582 0.557402 -1.000000
v 0.647118 0.529264 -1.000000
v 0.650000 0.500000 -1.000000
v 0.647118 0.470736 -1.000000
v 0.638582 0.442597 -1.000000
v 0.624720 0.416664 -1.000000
v 0.606066 0.393934 -1.000000
v 0.583336 0.375280 -1.000000
v 0.557402 0.361418 -1.000000
v 0.529264 0.352882 -1.000000
v 0.500000 0.350000 -1.000000
v 0.470736 0.647118 -1.000000
v 0.442598 0.638582 -1.000000
v 0.416665 0.624720 -1.000000
v 0.393934 0.606066 -1.000000
v 0.375280 0.583336 -1.000000
v 0.361418 0.557402 -1.000000
v 0.352882 0.529264 -1.000000
v 0.350000 0.500000 -1.000000
v 0.352882 0.470736 -1.000000
v 0.361418 0.442597 -1.000000
v 0.375280 0.416664 -1.000000
v 0.393934 0.393934 -1.000000
v 0.416665 0.375280 -1.000000
v 0.442598 0.361418 -1.000000
v 0.470736 0.352882 -1.000000
v 0.471299 0.647118 -1.002291
v 0.443700 0.638582 -1.004494
v 0.418266 0.624720 -1.006524
v 0.395972 0.606066 -1.008303
v 0.377676 0.583336 -1.009764
v 0.364081 0.557402 -1.010849
v 0.355709 0.529264 -1.011517
v 0.352882 0.500000 -1.011743
v 0.355709 0.470736 -1.011517
v 0.364081 0.442597 -1.010849
v 0.377676 0.416664 -1.009764
v 0.395972 0.393934 -1.008303
v 0.418266 0.375280 -1.006524
v 0.443700 0.361418 -1.004494
v 0.471299 0.352882 -1.002291
v 0.472964 0.647118 -1.004494
v 0.446967 0.638582 -1.008815
v 0.423008 0.624720 -1.012797
v 0.402008 0.606066 -1.016288
v 0.384773 0.583336 -1.019152
v 0.371967 0.557402 -1.021281
v 0.364081 0.529264 -1.022592
v 0.361418 0.500000 -1.023034
v 0.364081 0.470736 -1.022592
v 0.371967 0.442597 -1.021281
v 0.384773 0.416664 -1.019152
v 0.402008 0.393934 -1.016288
v 0.423008 0.375280 -1.012797
v 0.446967 0.361418 -1.008815
v 0.472964 0.352882 -1.004494
v 0.475668 0.647118 -1.006524
v 0.452272 0.638582 -1.012797
v 0.430709 0.624720 -1.018579
v 0.411809 0.606066 -1.023646
v 0.396299 0.583336 -1.027805
v 0.384773 0.557402 -1.030895
v 0.377676 0.529264 -1.032798
v 0.375280 0.500000 -1.033441
v 0.377676 0.470736 -1.032798
v 0.384773 0.442597 -1.030895
v 0.396299 0.416664 -1.027805
v 0.411809 0.393934 -1.023646
v 0.430709 0.375280 -1.018579
v 0.452272 0.361418 -1.012797
v 0.475668 0.352882 -1.006524
v 0.479308 0.647118 -1.008303
v 0.459410 0.638582 -1.016288
v 0.441073 0.624720 -1.023646
v 0.425000 0.606066 -1.030096
v 0.411809 0.583336 -1.035389
v 0.402008 0.557402 -1.039322
v 0.395972 0.529264 -1.041744
v 0.393934 0.500000 -1.042562
v 0.395972 0.470736 -1.041744
v 0.402008 0.442597 -1.039322
v 0.411809 0.416664 -1.035389
v 0.425000 0.393934 -1.030096
v 0.441073 0.375280 -1.023646
v 0.459410 0.361418 -1.016288
v 0.479308 0.352882 -1.008303
v 0.483742 0.647118 -1.009764
v 0.468109 0.638582 -1.019152
v 0.453701 0.624720 -1.027805
v 0.441073 0.606066 -1.035389
v 0.430709 0.583336 -1.041613
v 0.423008 0.557402 -1.046238
v 0.418266 0.529264 -1.049086
v 0.416665 0.500000 -1.050048
v 0.418266 0.470736 -1.049086
v 0.423008 0.442597 -1.046238
v 0.430709 0.416664 -1.041613
v 0.441073 0.393934 -1.035389
v 0.453701 0.375280 -1.027805
v 0.468109 0.361418 -1.019152
v 0.483742 0.352882 -1.009764
v 0.488801 0.647118 -1.010849
v 0.478033 0.638582 -1.021281
v 0.468109 0.624720 -1.030895
v 0.459410 0.606066 -1.039322
v 0.452272 0.583336 -1.046238
v 0.446967 0.557402 -1.051377
v 0.443700 0.529264 -1.054541
v 0.442598 0.500000 -1.055610
v 0.443700 0.470736 -1.054541
v 0.446967 0.442597 -1.051377
v 0.452272 0.416664 -1.046238
v 0.459410 0.393934 -1.039322
v 0.468109 0.375280 -1.030895
v 0.478033 0.361418 -1.021281
v 0.488801 0.352882 -1.010849
v 0.494291 0.647118 -1.011517
v 0.488801 0.638582 -1.022592
v 0.483742 0.624720 -1.032798
v 0.479308 0.606066 -1.041744
v 0.475668 0.583336 -1.049086
v 0.472964 0.557402 -1.054541
v 0.471299 0.529264 -1.057901
v 0.470737 0.500000 -1.059035
v 0.471299 0.470736 -1.057901
v 0.472964 0.442597 -1.054541
v 0.475668 0.416664 -1.049086
v 0.479308 0.393934 -1.041744
v 0.483742 0.375280 -1.032798
v 0.488801 0.361418 -1.022592
v 0.494291 0.352882 -1.011517
v 0.500000 0.647118 -1.011743
v 0.500000 0.638582 -1.023034
v 0.500000 0.606066 -1.042562
v 0.500000 0.557402 -1.055610
v 0.500000 0.442597 -1.055610
v 0.500000 0.393934 -1.042562
v 0.500000 0.375280 -1.033441
v 0.500000 0.361418 -1.023034
v 0.500000 0.352882 -1.011743
v 0.500000 -0.375280 -1.033441
v 0.500000 -0.416664 -1.050048
v 0.500000 -0.470736 -1.059035
v 0.500000 -0.500000 -1.060192
v 0.500000 -0.529264 -1.059035
v 0.500000 -0.583336 -1.050048
v 0.505709 -0.352882 -1.011517
v 0.511199 -0.361418 -1.022592
v 0.516258 -0.375280 -1.032798
v 0.520692 -0.393934 -1.041744
v 0.524332 -0.416664 -1.049086
v 0.527036 -0.442598 -1.054541
v 0.528701 -0.470736 -1.057901
v 0.529264 -0.500000 -1.059035
v 0.528701 -0.529264 -1.057901
v 0.527036 -0.557402 -1.054541
v 0.524332 -0.583336 -1.049086
v 0.520692 -0.606066 -1.041744
v 0.516258 -0.624720 -1.032798
v 0.511199 -0.638582 -1.022592
v 0.505709 -0.647118 -1.011517
v 0.511199 -0.352882 -1.010849
v 0.521967 -0.361418 -1.021281
v 0.531891 -0.375280 -1.030895
v 0.540590 -0.393934 -1.039322
v 0.547728 -0.416664 -1.046238
v 0.553033 -0.442598 -1.051377
v 0.556300 -0.470736 -1.054541
v 0.557402 -0.500000 -1.055610
v 0.556300 -0.529264 -1.054541
v 0.553033 -0.557402 -1.051377
v 0.547728 -0.583336 -1.046238
v 0.540590 -0.606066 -1.039322
v 0.531891 -0.624720 -1.030895
v 0.521967 -0.638582 -1.021281
v 0.511199 -0.647118 -1.010849
v 0.516258 -0.352882 -1.009764
v 0.531891 -0.361418 -1.019152
v 0.546299 -0.375280 -1.027805
v 0.558927 -0.393934 -1.035389
v 0.569291 -0.416664 -1.041613
v 0.576992 -0.442598 -1.046238
v 0.581734 -0.470736 -1.049086
v 0.583336 -0.500000 -1.050048
v 0.581734 -0.529264 -1.049086
v 0.576992 -0.557402 -1.046238
v 0.569291 -0.583336 -1.041613
v 0.558927 -0.606066 -1.035389
v 0.546299 -0.624720 -1.027805
v 0.531891 -0.638582 -1.019152
v 0.516258 -0.647118 -1.009764
v 0.520692 -0.352882 -1.008303
v 0.540590 -0.361418 -1.016288
v 0.558927 -0.375280 -1.023646
v 0.575000 -0.393934 -1.030096
v 0.588191 -0.416664 -1.035389
v 0.597992 -0.442598 -1.039322
v 0.604028 -0.470736 -1.041744
v 0.606066 -0.500000 -1.042562
v 0.604028 -0.529264 -1.041744
v 0.597992 -0.557402 -1.039322
v 0.588191 -0.583336 -1.035389
v 0.575000 -0.606066 -1.030096
v 0.558927 -0.624720 -1.023646
v 0.540590 -0.638582 -1.016288
v 0.520692 -0.647118 -1.008303
v 0.524332 -0.352882 -1.006524
v 0.547728 -0.361418 -1.012797
v 0.569291 -0.375280 -1.018579
v 0.588191 -0.393934 -1.023646
v 0.603701 -0.416664 -1.027805
v 0.615227 -0.442598 -1.030895
v 0.622324 -0.470736 -1.032798
v 0.624720 -0.500000 -1.033441
v 0.622324 -0.529264 -1.032798
v 0.615227 -0.557402 -1.030895
v 0.603701 -0.583336 -1.027805
v 0.588191 -0.606066 -1.023646
v 0.569291 -0.624720 -1.018579
v 0.547728 -0.638582 -1.012797
v 0.524332 -0.647118 -1.006524
v 0.500000 -0.350000 -1.000000
v 0.527036 -0.352882 -1.004494
v 0.553033 -0.361418 -1.008815
v 0.576992 -0.375280 -1.012797
v 0.597992 -0.393934 -1.016288
v 0.615227 -0.416664 -1.019152
v 0.628033 -0.442598 -1.021281
v 0.635919 -0.470736 -1.022592
v 0.638582 -0.500000 -1.023034
v 0.635919 -0.529264 -1.022592
v 0.628033 -0.557402 -1.021281
v 0.615227 -0.583336 -1.019152
v 0.597992 -0.606066 -1.016288
v 0.576992 -0.624720 -1.012797
v 0.553033 -0.638582 -1.008815
v 0.527036 -0.647118 -1.004494
v 0.528701 -0.352882 -1.002291
v 0.556300 -0.361418 -1.004494
v 0.581734 -0.375280 -1.006524
v 0.604028 -0.393934 -1.008303
v 0.622324 -0.416664 -1.009764
v 0.635919 -0.442598 -1.010849
v 0.644291 -0.470736 -1.011517
v 0.647118 -0.500000 -1.011743
v 0.644291 -0.529264 -1.011517
v 0.635919 -0.557402 -1.010849
v 0.622324 -0.583336 -1.009764
v 0.604028 -0.606066 -1.008303
v 0.581734 -0.624720 -1.006524
v 0.556300 -0.638582 -1.004494
v 0.528701 -0.647118 -1.002291
v 0.529264 -0.352882 -1.000000
v 0.557402 -0.361418 -1.000000
v 0.583336 -0.375280 -1.000000
v 0.606066 -0.393934 -1.000000
v 0.624720 -0.416664 -1.000000
v 0.638582 -0.442598 -1.000000
v 0.647118 -0.470736 -1.000000
v 0.650000 -0.500000 -1.000000
v 0.647118 -0.529264 -1.000000
v 0.638582 -0.557402 -1.000000
v 0.624720 -0.583336 -1.000000
v 0.606066 -0.606066 -1.000000
v 0.583336 -0.624720 -1.000000
v 0.557402 -0.638582 -1.000000
v 0.529264 -0.647118 -1.000000
v 0.500000 -0.650000 -1.000000
v 0.470736 -0.352882 -1.000000
v 0.442598 -0.361418 -1.000000
v 0.416665 -0.375280 -1.000000
v 0.393934 -0.393934 -1.000000
v 0.375280 -0.416664 -1.000000
v 0.361418 -0.442598 -1.000000
v 0.352882 -0.470736 -1.000000
v 0.350000 -0.500000 -1.000000
v 0.352882 -0.529264 -1.000000
v 0.361418 -0.557402 -1.000000
v 0.375280 -0.583336 -1.000000
v 0.393934 -0.606066 -1.000000
v 0.416665 -0.624720 -1.000000
v 0.442598 -0.638582 -1.000000
v 0.470736 -0.647118 -1.000000
v 0.471299 -0.352882 -1.002291
v 0.443700 -0.361418 -1.004494
v 0.418266 -0.375280 -1.006524
v 0.395972 -0.393934 -1.008303
v 0.377676 -0.416664 -1.009764
v 0.364081 -0.442598 -1.010849
v 0.355709 -0.470736 -1.011517
v 0.352882 -0.500000 -1.011743
v 0.355709 -0.529264 -1.011517
v 0.364081 -0.557402 -1.010849
v 0.377676 -0.583336 -1.009764
v 0.395972 -0.606066 -1.008303
v 0.418266 -0.624720 -1.006524
v 0.443700 -0.638582 -1.004494
v 0.471299 -0.647118 -1.002291
v 0.472964 -0.352882 -1.004494
v 0.446967 -0.361418 -1.008815
v 0.423008 -0.375280 -1.012797
v 0.402008 -0.393934 -1.016288
v 0.384773 -0.416664 -1.019152
v 0.371967 -0.442598 -1.021281
v 0.364081 -0.470736 -1.022592
v 0.361418 -0.500000 -1.023034
v 0.364081 -0.529264 -1.022592
v 0.371967 -0.557402 -1.021281
v 0.384773 -0.583336 -1.019152
v 0.402008 -0.606066 -1.016288
v 0.423008 -0.624720 -1.012797
v 0.446967 -0.638582 -1.008815
v 0.472964 -0.647118 -1.004494
v 0.475668 -0.352882 -1.006524
v 0.452272 -0.361418 -1.012797
v 0.430709 -0.375280 -1.018579
v 0.411809 -0.393934 -1.023646
v 0.396299 -0.416664 -1.027805
v 0.384773 -0.442598 -1.030895
v 0.377676 -0.470736 -1.032798
v 0.375280 -0.500000 -1.033441
v 0.377676 -0.529264 -1.032798
v 0.384773 -0.557402 -1.030895
v 0.396299 -0.583336 -1.027805
v 0.411809 -0.606066 -1.023646
v 0.430709 -0.624720 -1.018579
v 0.452272 -0.638582 -1.012797
v 0.475668 -0.647118 -1.006524
v 0.479308 -0.352882 -1.008303
v 0.459410 -0.361418 -1.016288
v 0.441073 -0.375280 -1.023646
v 0.425000 -0.393934 -1.030096
v 0.411809 -0.416664 -1.035389
v 0.402008 -0.442598 -1.039322
v 0.395972 -0.470736 -1.041744
v 0.393934 -0.500000 -1.042562
v 0.395972 -0.529264 -1.041744
v 0.402008 -0.557402 -1.039322
v 0.411809 -0.583336 -1.035389
v 0.425000 -0.606066 -1.030096
v 0.441073 -0.624720 -1.023646
v 0.459410 -0.638582 -1.016288
v 0.479308 -0.647118 -1.008303
v 0.483742 -0.352882 -1.009764
v 0.468109 -0.361418 -1.019152
v 0.453701 -0.375280 -1.027805
v 0.441073 -0.393934 -1.035389
v 0.430709 -0.416664 -1.041613
v 0.423008 -0.442598 -1.046238
v 0.418266 -0.470736 -1.049086
v 0.416665 -0.500000 -1.050048
v 0.418266 -0.529264 -1.049086
v 0.423008 -0.557402 -1.046238
v 0.430709 -0.583336 -1.041613
v 0.441073 -0.606066 -1.035389
v 0.453701 -0.624720 -1.027805
v 0.468109 -0.638582 -1.019152
v 0.483742 -0.647118 -1.009764
v 0.488801 -0.352882 -1.010849
v 0.478033 -0.361418 -1.021281
v 0.468109 -0.375280 -1.030895
v 0.459410 -0.393934 -1.039322
v 0.452272 -0.416664 -1.046238
v 0.446967 -0.442598 -1.051377
v 0.443700 -0.470736 -1.054541
v 0.442598 -0.500000 -1.055610
v 0.443700 -0.529264 -1.054541
v 0.446967 -0.557402 -1.051377
v 0.452272 -0.583336 -1.046238
v 0.459410 -0.606066 -1.039322
v 0.468109 -0.624720 -1.030895
v 0.478033 -0.638582 -1.021281
v 0.488801 -0.647118 -1.010849
v 0.494291 -0.352882 -1.011517
v 0.488801 -0.361418 -1.022592
v 0.483742 -0.375280 -1.032798
v 0.479308 -0.393934 -1.041744
v 0.475668 -0.416664 -1.049086
v 0.472964 -0.442598 -1.054541
v 0.471299 -0.470736 -1.057901
v 0.470737 -0.500000 -1.059035
v 0.471299 -0.529264 -1.057901
v 0.472964 -0.557402 -1.054541
v 0.475668 -0.583336 -1.049086
v 0.479308 -0.606066 -1.041744
v 0.483742 -0.624720 -1.032798
v 0.488801 -0.638582 -1.022592
v 0.494291 -0.647118 -1.011517
v 0.500000 -0.352882 -1.011743
v 0.500000 -0.361418 -1.023034
v 0.500000 -0.393934 -1.042562
v 0.500000 -0.442598 -1.055610
v 0.500000 -0.557402 -1.055610
v 0.500000 -0.606066 -1.042562
v 0.500000 -0.624720 -1.033441
v 0.500000 -0.638582 -1.023034
v 0.500000 -0.647118 -1.011743
v -0.500000 -0.375280 -1.033441
v -0.500000 -0.416664 -1.050048
v -0.500000 -0.470736 -1.059035
v -0.500000 -0.500000 -1.060192
v -0.500000 -0.529264 -1.059035
v -0.500000 -0.583336 -1.050048
v -0.494291 -0.352882 -1.011517
v -0.488801 -0.361418 -1.022592
v -0.483742 -0.375280 -1.032798
v -0.479308 -0.393934 -1.041744
v -0.475668 -0.416664 -1.049086
v -0.472964 -0.442598 -1.054541
v -0.471299 -0.470736 -1.057901
v -0.470736 -0.500000 -1.059035
v -0.471299 -0.529264 -1.057901
v -0.472964 -0.557402 -1.054541
v -0.475668 -0.583336 -1.049086
v -0.479308 -0.606066 -1.041744
v -0.483742 -0.624720 -1.032798
v -0.488801 -0.638582 -1.022592
v -0.494291 -0.647118 -1.011517
v -0.488801 -0.352882 -1.010849
v -0.478033 -0.361418 -1.021281
v -0.468109 -0.375280 -1.030895
v -0.459410 -0.393934 -1.039322
v -0.452272 -0.416664 -1.046238
v -0.446967 -0.442598 -1.051377
v -0.443700 -0.470736 -1.054541
v -0.442597 -0.500000 -1.055610
v -0.443700 -0.529264 -1.054541
v -0.446967 -0.557402 -1.051377
v -0.452272 -0.583336 -1.046238
v -0.459410 -0.606066 -1.039322
v -0.468109 -0.624720 -1.030895
v -0.478033 -0.638582 -1.021281
v -0.488801 -0.647118 -1.010849
v -0.483742 -0.352882 -1.009764
v -0.468109 -0.361418 -1.019152
v -0.453701 -0.375280 -1.027805
v -0.441073 -0.393934 -1.035389
v -0.430709 -0.416664 -1.041613
v -0.423008 -0.442598 -1.046238
v -0.418266 -0.470736 -1.049086
v -0.416664 -0.500000 -1.050048
v -0.418266 -0.529264 -1.049086
v -0.423008 -0.557402 -1.046238
v -0.430709 -0.583336 -1.041613
v -0.441073 -0.606066 -1.035389
v -0.453701 -0.624720 -1.027805
v -0.468109 -0.638582 -1.019152
v -0.483742 -0.647118 -1.009764
v -0.479308 -0.352882 -1.008303
v -0.459410 -0.361418 -1.016288
v -0.441073 -0.375280 -1.023646
v -0.425000 -0.393934 -1.030096
v -0.411809 -0.416664 -1.035389
v -0.402008 -0.442598 -1.039322
v -0.395972 -0.470736 -1.041744
v -0.393934 -0.500000 -1.042562
v -0.395972 -0.529264 -1.041744
v -0.402008 -0.557402 -1.039322
v -0.411809 -0.583336 -1.035389
v -0.425000 -0.606066 -1.030096
v -0.441073 -0.624720 -1.023646
v -0.459410 -0.638582 -1.016288
v -0.479308 -0.647118 -1.008303
v -0.475668 -0.352882 -1.006524
v -0.452272 -0.361418 -1.012797
v -0.430709 -0.375280 -1.018579
v -0.411809 -0.393934 -1.023646
v -0.396299 -0.416664 -1.027805
v -0.384773 -0.442598 -1.030895
v -0.377676 -0.470736 -1.032798
v -0.375280 -0.500000 -1.033441
v -0.377676 -0.529264 -1.032798
v -0.384773 -0.557402 -1.030895
v -0.396299 -0.583336 -1.027805
v -0.411809 -0.606066 -1.023646
v -0.430709 -0.624720 -1.018579
v -0.452272 -0.638582 -1.012797
v -0.475668 -0.647118 -1.006524
v -0.500000 -0.350000 -1.000000
v -0.472964 -0.352882 -1.004494
v -0.446967 -0.361418 -1.008815
v -0.423008 -0.375280 -1.012797
v -0.402008 -0.393934 -1.016288
v -0.384773 -0.416664 -1.019152
v -0.371967 -0.442598 -1.021281
v -0.364081 -0.470736 -1.022592
v -0.361418 -0.500000 -1.023034
v -0.364081 -0.529264 -1.022592
v -0.371967 -0.557402 -1.021281
v -0.384773 -0.583336 -1.019152
v -0.402008 -0.606066 -1.016288
v -0.423008 -0.624720 -1.012797
v -0.446967 -0.638582 -1.008815
v -0.472964 -0.647118 -1.004494
v -0.471299 -0.352882 -1.002291
v -0.443700 -0.361418 -1.004494
v -0.418266 -0.375280 -1.006524
v -0.395972 -0.393934 -1.008303
v -0.377676 -0.416664 -1.009764
v -0.364081 -0.442598 -1.010849
v -0.355709 -0.470736 -1.011517
v -0.352882 -0.500000 -1.011743
v -0.355709 -0.529264 -1.011517
v -0.364081 -0.557402 -1.010849
v -0.377676 -0.583336 -1.009764
v -0.395972 -0.606066 -1.008303
v -0.418266 -0.624720 -1.006524
v -0.443700 -0.638582 -1.004494
v -0.471299 -0.647118 -1.002291
v -0.470736 -0.352882 -1.000000
v -0.442597 -0.361418 -1.000000
v -0.416664 -0.375280 -1.000000
v -0.393934 -0.393934 -1.000000
v -0.375280 -0.416664 -1.000000
v -0.361418 -0.442598 -1.000000
v -0.352882 -0.470736 -1.000000
v -0.350000 -0.500000 -1.000000
v -0.352882 -0.529264 -1.000000
v -0.361418 -0.557402 -1.000000
v -0.375280 -0.583336 -1.000000
v -0.393934 -0.606066 -1.000000
v -0.416664 -0.624720 -1.000000
v -0.442597 -0.638582 -1.000000
v -0.470736 -0.647118 -1.000000
v -0.500000 -0.650000 -1.000000
v -0.529263 -0.352882 -1.000000
v -0.557402 -0.361418 -1.000000
v -0.583335 -0.375280 -1.000000
v -0.606066 -0.393934 -1.000000
v -0.624720 -0.416664 -1.000000
v -0.638582 -0.442598 -1.000000
v -0.647118 -0.470736 -1.000000
v -0.650000 -0.500000 -1.000000
v -0.647118 -0.529264 -1.000000
v -0.638582 -0.557402 -1.000000
v -0.624720 -0.583336 -1.000000
v -0.606066 -0.606066 -1.000000
v -0.583335 -0.624720 -1.000000
v -0.557402 -0.638582 -1.000000
v -0.529263 -0.647118 -1.000000
v -0.528701 -0.352882 -1.002291
v -0.556300 -0.361418 -1.004494
v -0.581734 -0.375280 -1.006524
v -0.604028 -0.393934 -1.008303
v -0.622324 -0.416664 -1.009764
v -0.635919 -0.442598 -1.010849
v -0.644291 -0.470736 -1.011517
v -0.647118 -0.500000 -1.011743
v -0.644291 -0.529264 -1.011517
v -0.635919 -0.557402 -1.010849
v -0.622324 -0.583336 -1.009764
v -0.604028 -0.606066 -1.008303
v -0.581734 -0.624720 -1.006524
v -0.556300 -0.638582 -1.004494
v -0.528701 -0.647118 -1.002291
v -0.527036 -0.352882 -1.004494
v -0.553033 -0.361418 -1.008815
v -0.576992 -0.375280 -1.012797
v -0.597992 -0.393934 -1.016288
v -0.615227 -0.416664 -1.019152
v -0.628033 -0.442598 -1.021281
v -0.635919 -0.470736 -1.022592
v -0.638582 -0.500000 -1.023034
v -0.635919 -0.529264 -1.022592
v -0.628033 -0.557402 -1.021281
v -0.615227 -0.583336 -1.019152
v -0.597992 -0.606066 -1.016288
v -0.576992 -0.624720 -1.012797
v -0.553033 -0.638582 -1.008815
v -0.527036 -0.647118 -1.004494
v -0.524332 -0.352882 -1.006524
v -0.547728 -0.361418 -1.012797
v -0.569291 -0.375280 -1.018579
v -0.588191 -0.393934 -1.023646
v -0.603701 -0.416664 -1.027805
v -0.615227 -0.442598 -1.030895
v -0.622324 -0.470736 -1.032798
v -0.624720 -0.500000 -1.033441
v -0.622324 -0.529264 -1.032798
v -0.615227 -0.557402 -1.030895
v -0.603701 -0.583336 -1.027805
v -0.588191 -0.606066 -1.023646
v -0.569291 -0.624720 -1.018579
v -0.547728 -0.638582 -1.012797
v -0.524332 -0.647118 -1.006524
v -0.520692 -0.352882 -1.008303
v -0.540590 -0.361418 -1.016288
v -0.558927 -0.375280 -1.023646
v -0.575000 -0.393934 -1.030096
v -0.588191 -0.416664 -1.035389
v -0.597992 -0.442598 -1.039322
v -0.604028 -0.470736 -1.041744
v -0.606066 -0.500000 -1.042562
v -0.604028 -0.529264 -1.041744
v -0.597992 -0.557402 -1.039322
v -0.588191 -0.583336 -1.035389
v -0.575000 -0.606066 -1.030096
v -0.558927 -0.624720 -1.023646
v -0.540590 -0.638582 -1.016288
v -0.520692 -0.647118 -1.008303
v -0.516258 -0.352882 -1.009764
v -0.531891 -0.361418 -1.019152
v -0.546299 -0.375280 -1.027805
v -0.558927 -0.393934 -1.035389
v -0.569291 -0.416664 -1.041613
v -0.576992 -0.442598 -1.046238
v -0.581734 -0.470736 -1.049086
v -0.583335 -0.500000 -1.050048
v -0.581734 -0.529264 -1.049086
v -0.576992 -0.557402 -1.046238
v -0.569291 -0.583336 -1.041613
v -0.558927 -0.606066 -1.035389
v -0.546299 -0.624720 -1.027805
v -0.531891 -0.638582 -1.019152
v -0.516258 -0.647118 -1.009764
v -0.511199 -0.352882 -1.010849
v -0.521967 -0.361418 -1.021281
v -0.531891 -0.375280 -1.030895
v -0.540590 -0.393934 -1.039322
v -0.547728 -0.416664 -1.046238
v -0.553033 -0.442598 -1.051377
v -0.556299 -0.470736 -1.054541
v -0.557402 -0.500000 -1.055610
v -0.556299 -0.529264 -1.054541
v -0.553033 -0.557402 -1.051377
v -0.547728 -0.583336 -1.046238
v -0.540590 -0.606066 -1.039322
v -0.531891 -0.624720 -1.030895
v -0.521967 -0.638582 -1.021281
v -0.511199 -0.647118 -1.010849
v -0.505709 -0.352882 -1.011517
v -0.511199 -0.361418 -1.022592
v -0.516258 -0.375280 -1.032798
v -0.520692 -0.393934 -1.041744
v -0.524332 -0.416664 -1.049086
v -0.527036 -0.442598 -1.054541
v -0.528701 -0.470736 -1.057901
v -0.529263 -0.500000 -1.059035
v -0.528701 -0.529264 -1.057901
v -0.527036 -0.557402 -1.054541
v -0.524332 -0.583336 -1.049086
v -0.520692 -0.606066 -1.041744
v -0.516258 -0.624720 -1.032798
v -0.511199 -0.638582 -1.022592
v -0.505709 -0.647118 -1.011517
v -0.500000 -0.352882 -1.011743
v -0.500000 -0.361418 -1.023034
v -0.500000 -0.393934 -1.042562
v -0.500000 -0.442598 -1.055610
v -0.500000 -0.557402 -1.055610
v -0.500000 -0.606066 -1.042562
v -0.500000 -0.624720 -1.033441
v -0.500000 -0.638582 -1.023034
v -0.500000 -0.647118 -1.011743
v 0.500000 0.624720 1.033441
v 0.500000 0.583336 1.050048
v 0.500000 0.529264 1.059035
v 0.500000 0.500000 1.060192
v 0.500000 0.470736 1.059035
v 0.500000 0.416664 1.050048
v 0.494291 0.647118 1.011517
v 0.488801 0.638582 1.022592
v 0.483742 0.624720 1.032798
v 0.479308 0.606066 1.041744
v 0.475668 0.583336 1.049086
v 0.472964 0.557402 1.054541
v 0.471299 0.529264 1.057901
v 0.470737 0.500000 1.059035
v 0.471299 0.470736 1.057901
v 0.472964 0.442597 1.054541
v 0.475668 0.416664 1.049086
v 0.479308 0.393934 1.041744
v 0.483742 0.375280 1.032798
v 0.488801 0.361418 1.022592
v 0.494291 0.352882 1.011517
v 0.488801 0.647118 1.010849
v 0.478033 0.638582 1.021281
v 0.468109 0.624720 1.030895
v 0.459410 0.606066 1.039322
v 0.452272 0.583336 1.046238
v 0.446967 0.557402 1.051377
v 0.443701 0.529264 1.054541
v 0.442598 0.500000 1.055610
v 0.443701 0.470736 1.054541
v 0.446967 0.442597 1.051377
v 0.452272 0.416664 1.046238
v 0.459410 0.393934 1.039322
v 0.468109 0.375280 1.030895
v 0.478033 0.361418 1.021281
v 0.488801 0.352882 1.010849
v 0.483742 0.647118 1.009764
v 0.468109 0.638582 1.019152
v 0.453701 0.624720 1.027805
v 0.441073 0.606066 1.035389
v 0.430709 0.583336 1.041613
v 0.423008 0.557402 1.046238
v 0.418266 0.529264 1.049086
v 0.416665 0.500000 1.050048
v 0.418266 0.470736 1.049086
v 0.423008 0.442597 1.046238
v 0.430709 0.416664 1.041613
v 0.441073 0.393934 1.035389
v 0.453701 0.375280 1.027805
v 0.468109 0.361418 1.019152
v 0.483742 0.352882 1.009764
v 0.479308 0.647118 1.008303
v 0.459410 0.638582 1.016288
v 0.441073 0.624720 1.023646
v 0.425000 0.606066 1.030096
v 0.411809 0.583336 1.035389
v 0.402008 0.557402 1.039322
v 0.395972 0.529264 1.041744
v 0.393934 0.500000 1.042562
v 0.395972 0.470736 1.041744
v 0.402008 0.442597 1.039322
v 0.411809 0.416664 1.035389
v 0.425000 0.393934 1.030096
v 0.441073 0.375280 1.023646
v 0.459410 0.361418 1.016288
v 0.479308 0.352882 1.008303
v 0.475668 0.647118 1.006524
v 0.452272 0.638582 1.012797
v 0.430709 0.624720 1.018579
v 0.411809 0.606066 1.023646
v 0.396299 0.583336 1.027805
v 0.384773 0.557402 1.030895
v 0.377676 0.529264 1.032798
v 0.375280 0.500000 1.033441
v 0.377676 0.470736 1.032798
v 0.384773 0.442597 1.030895
v 0.396299 0.416664 1.027805
v 0.411809 0.393934 1.023646
v 0.430709 0.375280 1.018579
v 0.452272 0.361418 1.012797
v 0.475668 0.352882 1.006524
v 0.500000 0.650000 1.000000
v 0.472964 0.647118 1.004494
v 0.446967 0.638582 1.008815
v 0.423008 0.624720 1.012797
v 0.402008 0.606066 1.016288
v 0.384773 0.583336 1.019152
v 0.371967 0.557402 1.021281
v 0.364081 0.529264 1.022592
v 0.361418 0.500000 1.023034
v 0.364081 0.470736 1.022592
v 0.371967 0.442597 1.021281
v 0.384773 0.416664 1.019152
v 0.402008 0.393934 1.016288
v 0.423008 0.375280 1.012797
v 0.446967 0.361418 1.008815
v 0.472964 0.352882 1.004494
v 0.471299 0.647118 1.002291
v 0.443701 0.638582 1.004494
v 0.418266 0.624720 1.006524
v 0.395972 0.606066 1.008303
v 0.377676 0.583336 1.009764
v 0.364081 0.557402 1.010849
v 0.355709 0.529264 1.011517
v 0.352882 0.500000 1.011743
v 0.355709 0.470736 1.011517
v 0.364081 0.442597 1.010849
v 0.377676 0.416664 1.009764
v 0.395972 0.393934 1.008303
v 0.418266 0.375280 1.006524
v 0.443701 0.361418 1.004494
v 0.471299 0.352882 1.002291
v 0.470737 0.647118 1.000000
v 0.442598 0.638582 1.000000
v 0.416665 0.624720 1.000000
v 0.393934 0.606066 1.000000
v 0.375280 0.583336 1.000000
v 0.361418 0.557402 1.000000
v 0.352882 0.529264 1.000000
v 0.350000 0.500000 1.000000
v 0.352882 0.470736 1.000000
v 0.361418 0.442597 1.000000
v 0.375280 0.416664 1.000000
v 0.393934 0.393934 1.000000
v 0.416665 0.375280 1.000000
v 0.442598 0.361418 1.000000
v 0.470737 0.352882 1.000000
v 0.500000 0.350000 1.000000
v 0.529264 0.647118 1.000000
v 0.557403 0.638582 1.000000
v 0.583336 0.624720 1.000000
v 0.606066 0.606066 1.000000
v 0.624720 0.583336 1.000000
v 0.638582 0.557402 1.000000
v 0.647118 0.529264 1.000000
v 0.650000 0.500000 1.000000
v 0.647118 0.470736 1.000000
v 0.638582 0.442597 1.000000
v 0.624720 0.416664 1.000000
v 0.606066 0.393934 1.000000
v 0.583336 0.375280 1.000000
v 0.557403 0.361418 1.000000
v 0.529264 0.352882 1.000000
v 0.528701 0.647118 1.002291
v 0.556300 0.638582 1.004494
v 0.581734 0.624720 1.006524
v 0.604028 0.606066 1.008303
v 0.622324 0.583336 1.009764
v 0.635919 0.557402 1.010849
v 0.644291 0.529264 1.011517
v 0.647118 0.500000 1.011743
v 0.644291 0.470736 1.011517
v 0.635919 0.442597 1.010849
v 0.622324 0.416664 1.009764
v 0.604028 0.393934 1.008303
v 0.581734 0.375280 1.006524
v 0.556300 0.361418 1.004494
v 0.528701 0.352882 1.002291
v 0.527036 0.647118 1.004494
v 0.553033 0.638582 1.008815
v 0.576992 0.624720 1.012797
v 0.597992 0.606066 1.016288
v 0.615227 0.583336 1.019152
v 0.628033 0.557402 1.021281
v 0.635919 0.529264 1.022592
v 0.638582 0.500000 1.023034
v 0.635919 0.470736 1.022592
v 0.628033 0.442597 1.021281
v 0.615227 0.416664 1.019152
v 0.597992 0.393934 1.016288
v 0.576992 0.375280 1.012797
v 0.553033 0.361418 1.008815
v 0.527036 0.352882 1.004494
v 0.524332 0.647118 1.006524
v 0.547728 0.638582 1.012797
v 0.569291 0.624720 1.018579
v 0.588191 0.606066 1.023646
v 0.603701 0.583336 1.027805
v 0.615227 0.557402 1.030895
v 0.622324 0.529264 1.032798
v 0.624720 0.500000 1.033441
v 0.622324 0.470736 1.032798
v 0.615227 0.442597 1.030895
v 0.603701 0.416664 1.027805
v 0.588191 0.393934 1.023646
v 0.569291 0.375280 1.018579
v 0.547728 0.361418 1.012797
v 0.524332 0.352882 1.006524
v 0.520692 0.647118 1.008303
v 0.540590 0.638582 1.016288
v 0.558927 0.624720 1.023646
v 0.575000 0.606066 1.030096
v 0.588191 0.583336 1.035389
v 0.597992 0.557402 1.039322
v 0.604028 0.529264 1.041744
v 0.606066 0.500000 1.042562
v 0.604028 0.470736 1.041744
v 0.597992 0.442597 1.039322
v 0.588191 0.416664 1.035389
v 0.575000 0.393934 1.030096
v 0.558927 0.375280 1.023646
v 0.540590 0.361418 1.016288
v 0.520692 0.352882 1.008303
v 0.516258 0.647118 1.009764
v 0.531891 0.638582 1.019152
v 0.546299 0.624720 1.027805
v 0.558927 0.606066 1.035389
v 0.569291 0.583336 1.041613
v 0.576992 0.557402 1.046238
v 0.581734 0.529264 1.049086
v 0.583336 0.500000 1.050048
v 0.581734 0.470736 1.049086
v 0.576992 0.442597 1.046238
v 0.569291 0.416664 1.041613
v 0.558927 0.393934 1.035389
v 0.546299 0.375280 1.027805
v 0.531891 0.361418 1.019152
v 0.516258 0.352882 1.009764
v 0.511199 0.647118 1.010849
v 0.521967 0.638582 1.021281
v 0.531891 0.624720 1.030895
v 0.540590 0.606066 1.039322
v 0.547728 0.583336 1.046238
v 0.553033 0.557402 1.051377
v 0.556300 0.529264 1.054541
v 0.557402 0.500000 1.055610
v 0.556300 0.470736 1.054541
v 0.553033 0.442597 1.051377
v 0.547728 0.416664 1.046238
v 0.540590 0.393934 1.039322
v 0.531891 0.375280 1.030895
v 0.521967 0.361418 1.021281
v 0.511199 0.352882 1.010849
v 0.505709 0.647118 1.011517
v 0.511199 0.638582 1.022592
v 0.516258 0.624720 1.032798
v 0.520693 0.606066 1.041744
v 0.524332 0.583336 1.049086
v 0.527036 0.557402 1.054541
v 0.528701 0.529264 1.057901
v 0.529264 0.500000 1.059035
v 0.528701 0.470736 1.057901
v 0.527036 0.442597 1.054541
v 0.524332 0.416664 1.049086
v 0.520693 0.393934 1.041744
v 0.516258 0.375280 1.032798
v 0.511199 0.361418 1.022592
v 0.505709 0.352882 1.011517
v 0.500000 0.647118 1.011743
v 0.500000 0.638582 1.023034
v 0.500000 0.606066 1.042562
v 0.500000 0.557402 1.055610
v 0.500000 0.442597 1.055610
v 0.500000 0.393934 1.042562
v 0.500000 0.375280 1.033441
v 0.500000 0.361418 1.023034
v 0.500000 0.352882 1.011743
v -0.500000 0.624720 1.033441
v -0.500000 0.583336 1.050048
v -0.500000 0.529264 1.059035
v -0.500000 0.500000 1.060192
v -0.500000 0.470736 1.059035
v -0.500000 0.416664 1.050048
v -0.505709 0.647118 1.011517
v -0.511199 0.638582 1.022592
v -0.516258 0.624720 1.032798
v -0.520692 0.606066 1.041744
v -0.524332 0.583336 1.049086
v -0.527036 0.557402 1.054541
v -0.528701 0.529264 1.057901
v -0.529263 0.500000 1.059035
v -0.528701 0.470736 1.057901
v -0.527036 0.442597 1.054541
v -0.524332 0.416664 1.049086
v -0.520692 0.393934 1.041744
v -0.516258 0.375280 1.032798
v -0.511199 0.361418 1.022592
v -0.505709 0.352882 1.011517
v -0.511199 0.647118 1.010849
v -0.521967 0.638582 1.021281
v -0.531891 0.624720 1.030895
v -0.540590 0.606066 1.039322
v -0.547728 0.583336 1.046238
v -0.553033 0.557402 1.051377
v -0.556299 0.529264 1.054541
v -0.557402 0.500000 1.055610
v -0.556299 0.470736 1.054541
v -0.553033 0.442597 1.051377
v -0.547728 0.416664 1.046238
v -0.540590 0.393934 1.039322
v -0.531891 0.375280 1.030895
v -0.521967 0.361418 1.021281
v -0.511199 0.352882 1.010849
v -0.516258 0.647118 1.009764
v -0.531891 0.638582 1.019152
v -0.546299 0.624720 1.027805
v -0.558927 0.606066 1.035389
v -0.569291 0.583336 1.041613
v -0.576992 0.557402 1.046238
v -0.581734 0.529264 1.049086
v -0.583335 0.500000 1.050048
v -0.581734 0.470736 1.049086
v -0.576992 0.442597 1.046238
v -0.569291 0.416664 1.041613
v -0.558927 0.393934 1.035389
v -0.546299 0.375280 1.027805
v -0.531891 0.361418 1.019152
v -0.516258 0.352882 1.009764
v -0.520692 0.647118 1.008303
v -0.540590 0.638582 1.016288
v -0.558927 0.624720 1.023646
v -0.575000 0.606066 1.030096
v -0.588191 0.583336 1.035389
v -0.597992 0.557402 1.039322
v -0.604028 0.529264 1.041744
v -0.606066 0.500000 1.042562
v -0.604028 0.470736 1.041744
v -0.597992 0.442597 1.039322
v -0.588191 0.416664 1.035389
v -0.575000 0.393934 1.030096
v -0.558927 0.375280 1.023646
v -0.540590 0.361418 1.016288
v -0.520692 0.352882 1.008303
v -0.524332 0.647118 1.006524
v -0.547728 0.638582 1.012797
v -0.569291 0.624720 1.018579
v -0.588191 0.606066 1.023646
v -0.603701 0.583336 1.027805
v -0.615227 0.557402 1.030895
v -0.622324 0.529264 1.032798
v -0.624720 0.500000 1.033441
v -0.622324 0.470736 1.032798
v -0.615227 0.442597 1.030895
v -0.603701 0.416664 1.027805
v -0.588191 0.393934 1.023646
v -0.569291 0.375280 1.018579
v -0.547728 0.361418 1.012797
v -0.524332 0.352882 1.006524
v -0.500000 0.650000 1.000000
v -0.527036 0.647118 1.004494
v -0.553033 0.638582 1.008815
v -0.576992 0.624720 1.012797
v -0.597992 0.606066 1.016288
v -0.615227 0.583336 1.019152
v -0.628033 0.557402 1.021281
v -0.635919 0.529264 1.022592
v -0.638582 0.500000 1.023034
v -0.635919 0.470736 1.022592
v -0.628033 0.442597 1.021281
v -0.615227 0.416664 1.019152
v -0.597992 0.393934 1.016288
v -0.576992 0.375280 1.012797
v -0.553033 0.361418 1.008815
v -0.527036 0.352882 1.004494
v -0.528701 0.647118 1.002291
v -0.556300 0.638582 1.004494
v -0.581734 0.624720 1.006524
v -0.604028 0.606066 1.008303
v -0.622324 0.583336 1.009764
v -0.635919 0.557402 1.010849
v -0.644291 0.529264 1.011517
v -0.647118 0.500000 1.011743
v -0.644291 0.470736 1.011517
v -0.635919 0.442597 1.010849
v -0.622324 0.416664 1.009764
v -0.604028 0.393934 1.008303
v -0.581734 0.375280 1.006524
v -0.556300 0.361418 1.004494
v -0.528701 0.352882 1.002291
v -0.529264 0.647118 1.000000
v -0.557402 0.638582 1.000000
v -0.583335 0.624720 1.000000
v -0.606066 0.606066 1.000000
v -0.624720 0.583336 1.000000
v -0.638582 0.557402 1.000000
v -0.647118 0.529264 1.000000
v -0.650000 0.500000 1.000000
v -0.647118 0.470736 1.000000
v -0.638582 0.442597 1.000000
v -0.624720 0.416664 1.000000
v -0.606066 0.393934 1.000000
v -0.583335 0.375280 1.000000
v -0.557402 0.361418 1.000000
v -0.529264 0.352882 1.000000
v -0.500000 0.350000 1.000000
v -0.470736 0.647118 1.000000
v -0.442597 0.638582 1.000000
v -0.416664 0.624720 1.000000
v -0.393934 0.606066 1.000000
v -0.375280 0.583336 1.000000
v -0.361418 0.557402 1.000000
v -0.352882 0.529264 1.000000
v -0.350000 0.500000 1.000000
v -0.352882 0.470736 1.000000
v -0.361418 0.442597 1.000000
v -0.375280 0.416664 1.000000
v -0.393934 0.393934 1.000000
v -0.416664 0.375280 1.000000
v -0.442597 0.361418 1.000000
v -0.470736 0.352882 1.000000
v -0.471299 0.647118 1.002291
v -0.443700 0.638582 1.004494
v -0.418266 0.624720 1.006524
v -0.395972 0.606066 1.008303
v -0.377676 0.583336 1.009764
v -0.364081 0.557402 1.010849
v -0.355709 0.529264 1.011517
v -0.352882 0.500000 1.011743
v -0.355709 0.470736 1.011517
v -0.364081 0.442597 1.010849
v -0.377676 0.416664 1.009764
v -0.395972 0.393934 1.008303
v -0.418266 0.375280 1.006524
v -0.443700 0.361418 1.004494
v -0.471299 0.352882 1.002291
v -0.472964 0.647118 1.004494
v -0.446967 0.638582 1.008815
v -0.423008 0.624720 1.012797
v -0.402008 0.606066 1.016288
v -0.384773 0.583336 1.019152
v -0.371967 0.557402 1.021281
v -0.364081 0.529264 1.022592
v -0.361418 0.500000 1.023034
v -0.364081 0.470736 1.022592
v -0.371967 0.442597 1.021281
v -0.384773 0.416664 1.019152
v -0.402008 0.393934 1.016288
v -0.423008 0.375280 1.012797
v -0.446967 0.361418 1.008815
v -0.472964 0.352882 1.004494
v -0.475668 0.647118 1.006524
v -0.452271 0.638582 1.012797
v -0.430709 0.624720 1.018579
v -0.411809 0.606066 1.023646
v -0.396299 0.583336 1.027805
v -0.384773 0.557402 1.030895
v -0.377676 0.529264 1.032798
v -0.375280 0.500000 1.033441
v -0.377676 0.470736 1.032798
v -0.384773 0.442597 1.030895
v -0.396299 0.416664 1.027805
v -0.411809 0.393934 1.023646
v -0.430709 0.375280 1.018579
v -0.452271 0.361418 1.012797
v -0.475668 0.352882 1.006524
v -0.479308 0.647118 1.008303
v -0.459410 0.638582 1.016288
v -0.441073 0.624720 1.023646
v -0.425000 0.606066 1.030096
v -0.411809 0.583336 1.035389
v -0.402008 0.557402 1.039322
v -0.395972 0.529264 1.041744
v -0.393934 0.500000 1.042562
v -0.395972 0.470736 1.041744
v -0.402008 0.442597 1.039322
v -0.411809 0.416664 1.035389
v -0.425000 0.393934 1.030096
v -0.441073 0.375280 1.023646
v -0.459410 0.361418 1.016288
v -0.479308 0.352882 1.008303
v -0.483742 0.647118 1.009764
v -0.468109 0.638582 1.019152
v -0.453701 0.624720 1.027805
v -0.441073 0.606066 1.035389
v -0.430709 0.583336 1.041613
v -0.423008 0.557402 1.046238
v -0.418266 0.529264 1.049086
v -0.416665 0.500000 1.050048
v -0.418266 0.470736 1.049086
v -0.423008 0.442597 1.046238
v -0.430709 0.416664 1.041613
v -0.441073 0.393934 1.035389
v -0.453701 0.375280 1.027805
v -0.468109 0.361418 1.019152
v -0.483742 0.352882 1.009764
v -0.488801 0.647118 1.010849
v -0.478033 0.638582 1.021281
v -0.468109 0.624720 1.030895
v -0.459410 0.606066 1.039322
v -0.452272 0.583336 1.046238
v -0.446967 0.557402 1.051377
v -0.443700 0.529264 1.054541
v -0.442598 0.500000 1.055610
v -0.443700 0.470736 1.054541
v -0.446967 0.442597 1.051377
v -0.452272 0.416664 1.046238
v -0.459410 0.393934 1.039322
v -0.468109 0.375280 1.030895
v -0.478033 0.361418 1.021281
v -0.488801 0.352882 1.010849
v -0.494291 0.647118 1.011517
v -0.488801 0.638582 1.022592
v -0.483742 0.624720 1.032798
v -0.479308 0.606066 1.041744
v -0.475668 0.583336 1.049086
v -0.472964 0.557402 1.054541
v -0.471299 0.529264 1.057901
v -0.470736 0.500000 1.059035
v -0.471299 0.470736 1.057901
v -0.472964 0.442597 1.054541
v -0.475668 0.416664 1.049086
v -0.479308 0.393934 1.041744
v -0.483742 0.375280 1.032798
v -0.488801 0.361418 1.022592
v -0.494291 0.352882 1.011517
v -0.500000 0.647118 1.011743
v -0.500000 0.638582 1.023034
v -0.500000 0.606066 1.042562
v -0.500000 0.557402 1.055610
v -0.500000 0.442597 1.055610
v -0.500000 0.393934 1.042562
v -0.500000 0.375280 1.033441
v -0.500000 0.361418 1.023034
v -0.500000 0.352882 1.011743
v -0.500000 -0.375280 1.033441
v -0.500000 -0.416664 1.050048
v -0.500000 -0.470736 1.059035
v -0.500000 -0.500000 1.060192
v -0.500000 -0.529264 1.059035
v -0.500000 -0.583336 1.050048
v -0.505709 -0.352882 1.011517
v -0.511199 -0.361418 1.022592
v -0.516258 -0.375280 1.032798
v -0.520692 -0.393934 1.041744
v -0.524332 -0.416664 1.049086
v -0.527036 -0.442598 1.054541
v -0.528701 -0.470736 1.057901
v -0.529263 -0.500000 1.059035
v -0.528701 -0.529264 1.057901
v -0.527036 -0.557402 1.054541
v -0.524332 -0.583336 1.049086
v -0.520692 -0.606066 1.041744
v -0.516258 -0.624720 1.032798
v -0.511199 -0.638582 1.022592
v -0.505709 -0.647118 1.011517
v -0.511199 -0.352882 1.010849
v -0.521967 -0.361418 1.021281
v -0.531891 -0.375280 1.030895
v -0.540590 -0.393934 1.039322
v -0.547728 -0.416664 1.046238
v -0.553033 -0.442598 1.051377
v -0.556299 -0.470736 1.054541
v -0.557402 -0.500000 1.055610
v -0.556299 -0.529264 1.054541
v -0.553033 -0.557402 1.051377
v -0.547728 -0.583336 1.046238
v -0.540590 -0.606066 1.039322
v -0.531891 -0.624720 1.030895
v -0.521967 -0.638582 1.021281
v -0.511199 -0.647118 1.010849
v -0.516258 -0.352882 1.009764
v -0.531891 -0.361418 1.019152
v -0.546299 -0.375280 1.027805
v -0.558927 -0.393934 1.035389
v -0.569291 -0.416664 1.041613
v -0.576992 -0.442598 1.046238
v -0.581734 -0.470736 1.049086
v -0.583335 -0.500000 1.050048
v -0.581734 -0.529264 1.049086
v -0.576992 -0.557402 1.046238
v -0.569291 -0.583336 1.041613
v -0.558927 -0.606066 1.035389
v -0.546299 -0.624720 1.027805
v -0.531891 -0.638582 1.019152
v -0.516258 -0.647118 1.009764
v -0.520692 -0.352882 1.008303
v -0.540590 -0.361418 1.016288
v -0.558927 -0.375280 1.023646
v -0.575000 -0.393934 1.030096
v -0.588191 -0.416664 1.035389
v -0.597992 -0.442598 1.039322
v -0.604028 -0.470736 1.041744
v -0.606066 -0.500000 1.042562
v -0.604028 -0.529264 1.041744
v -0.597992 -0.557402 1.039322
v -0.588191 -0.583336 1.035389
v -0.575000 -0.606066 1.030096
v -0.558927 -0.624720 1.023646
v -0.540590 -0.638582 1.016288
v -0.520692 -0.647118 1.008303
v -0.524332 -0.352882 1.006524
v -0.547728 -0.361418 1.012797
v -0.569291 -0.375280 1.018579
v -0.588191 -0.393934 1.023646
v -0.603701 -0.416664 1.027805
v -0.615227 -0.442598 1.030895
v -0.622324 -0.470736 1.032798
v -0.624720 -0.500000 1.033441
v -0.622324 -0.529264 1.032798
v -0.615227 -0.557402 1.030895
v -0.603701 -0.583336 1.027805
v -0.588191 -0.606066 1.023646
v -0.569291 -0.624720 1.018579
v -0.547728 -0.638582 1.012797
v -0.524332 -0.647118 1.006524
v -0.500000 -0.350000 1.000000
v -0.527036 -0.352882 1.004494
v -0.553033 -0.361418 1.008815
v -0.576992 -0.375280 1.012797
v -0.597992 -0.393934 1.016288
v -0.615227 -0.416664 1.019152
v -0.628033 -0.442598 1.021281
v -0.635919 -0.470736 1.022592
v -0.638582 -0.500000 1.023034
v -0.635919 -0.529264 1.022592
v -0.628033 -0.557402 1.021281
v -0.615227 -0.583336 1.019152
v -0.597992 -0.606066 1.016288
v -0.576992 -0.624720 1.012797
v -0.553033 -0.638582 1.008815
v -0.527036 -0.647118 1.004494
v -0.528701 -0.352882 1.002291
v -0.556300 -0.361418 1.004494
v -0.581734 -0.375280 1.006524
v -0.604028 -0.393934 1.008303
v -0.622324 -0.416664 1.009764
v -0.635919 -0.442598 1.010849
v -0.644291 -0.470736 1.011517
v -0.647118 -0.500000 1.011743
v -0.644291 -0.529264 1.011517
v -0.635919 -0.557402 1.010849
v -0.622324 -0.583336 1.009764
v -0.604028 -0.606066 1.008303
v -0.581734 -0.624720 1.006524
v -0.556300 -0.638582 1.004494
v -0.528701 -0.647118 1.002291
v -0.529264 -0.352882 1.000000
v -0.557402 -0.361418 1.000000
v -0.583335 -0.375280 1.000000
v -0.606066 -0.393934 1.000000
v -0.624720 -0.416664 1.000000
v -0.638582 -0.442598 1.000000
v -0.647118 -0.470736 1.000000
v -0.650000 -0.500000 1.000000
v -0.647118 -0.529264 1.000000
v -0.638582 -0.557402 1.000000
v -0.624720 -0.583336 1.000000
v -0.606066 -0.606066 1.000000
v -0.583335 -0.624720 1.000000
v -0.557402 -0.638582 1.000000
v -0.529264 -0.647118 1.000000
v -0.500000 -0.650000 1.000000
v -0.470736 -0.352882 1.000000
v -0.442597 -0.361418 1.000000
v -0.416664 -0.375280 1.000000
v -0.393934 -0.393934 1.000000
v -0.375280 -0.416664 1.000000
v -0.361418 -0.442598 1.000000
v -0.352882 -0.470736 1.000000
v -0.350000 -0.500000 1.000000
v -0.352882 -0.529264 1.000000
v -0.361418 -0.557402 1.000000
v -0.375280 -0.583336 1.000000
v -0.393934 -0.606066 1.000000
v -0.416664 -0.624720 1.000000
v -0.442597 -0.638582 1.000000
v -0.470736 -0.647118 1.000000
v -0.471299 -0.352882 1.002291
v -0.443700 -0.361418 1.004494
v -0.418266 -0.375280 1.006524
v -0.395972 -0.393934 1.008303
v -0.377676 -0.416664 1.009764
v -0.364081 -0.442598 1.010849
v -0.355709 -0.470736 1.011517
v -0.352882 -0.500000 1.011743
v -0.355709 -0.529264 1.011517
v -0.364081 -0.557402 1.010849
v -0.377676 -0.583336 1.009764
v -0.395972 -0.606066 1.008303
v -0.418266 -0.624720 1.006524
v -0.443700 -0.638582 1.004494
v -0.471299 -0.647118 1.002291
v -0.472964 -0.352882 1.004494
v -0.446967 -0.361418 1.008815
v -0.423008 -0.375280 1.012797
v -0.402008 -0.393934 1.016288
v -0.384773 -0.416664 1.019152
v -0.371967 -0.442598 1.021281
v -0.364081 -0.470736 1.022592
v -0.361418 -0.500000 1.023034
v -0.364081 -0.529264 1.022592
v -0.371967 -0.557402 1.021281
v -0.384773 -0.583336 1.019152
v -0.402008 -0.606066 1.016288
v -0.423008 -0.624720 1.012797
v -0.446967 -0.638582 1.008815
v -0.472964 -0.647118 1.004494
v -0.475668 -0.352882 1.006524
v -0.452271 -0.361418 1.012797
v -0.430709 -0.375280 1.018579
v -0.411809 -0.393934 1.023646
v -0.396299 -0.416664 1.027805
v -0.384773 -0.442598 1.030895
v -0.377676 -0.470736 1.032798
v -0.375280 -0.500000 1.033441
v -0.377676 -0.529264 1.032798
v -0.384773 -0.557402 1.030895
v -0.396299 -0.583336 1.027805
v -0.411809 -0.606066 1.023646
v -0.430709 -0.624720 1.018579
v -0.452271 -0.638582 1.012797
v -0.475668 -0.647118 1.006524
v -0.479308 -0.352882 1.008303
v -0.459410 -0.361418 1.016288
v -0.441073 -0.375280 1.023646
v -0.425000 -0.393934 1.030096
v -0.411809 -0.416664 1.035389
v -0.402008 -0.442598 1.039322
v -0.395972 -0.470736 1.041744
v -0.393934 -0.500000 1.042562
v -0.395972 -0.529264 1.041744
v -0.402008 -0.557402 1.039322
v -0.411809 -0.583336 1.035389
v -0.425000 -0.606066 1.030096
v -0.441073 -0.624720 1.023646
v -0.459410 -0.638582 1.016288
v -0.479308 -0.647118 1.008303
v -0.483742 -0.352882 1.009764
v -0.468109 -0.361418 1.019152
v -0.453701 -0.375280 1.027805
v -0.441073 -0.393934 1.035389
v -0.430709 -0.416664 1.041613
v -0.423008 -0.442598 1.046238
v -0.418266 -0.470736 1.049086
v -0.416665 -0.500000 1.050048
v -0.418266 -0.529264 1.049086
v -0.423008 -0.557402 1.046238
v -0.430709 -0.583336 1.041613
v -0.441073 -0.606066 1.035389
v -0.453701 -0.624720 1.027805
v -0.468109 -0.638582 1.019152
v -0.483742 -0.647118 1.009764
v -0.488801 -0.352882 1.010849
v -0.478033 -0.361418 1.021281
v -0.468109 -0.375280 1.030895
v -0.459410 -0.393934 1.039322
v -0.452272 -0.416664 1.046238
v -0.446967 -0.442598 1.051377
v -0.443700 -0.470736 1.054541
v -0.442598 -0.500000 1.055610
v -0.443700 -0.529264 1.054541
v -0.446967 -0.557402 1.051377
v -0.452272 -0.583336 1.046238
v -0.459410 -0.606066 1.039322
v -0.468109 -0.624720 1.030895
v -0.478033 -0.638582 1.021281
v -0.488801 -0.647118 1.010849
v -0.494291 -0.352882 1.011517
v -0.488801 -0.361418 1.022592
v -0.483742 -0.375280 1.032798
v -0.479308 -0.393934 1.041744
v -0.475668 -0.416664 1.049086
v -0.472964 -0.442598 1.054541
v -0.471299 -0.470736 1.057901
v -0.470736 -0.500000 1.059035
v -0.471299 -0.529264 1.057901
v -0.472964 -0.557402 1.054541
v -0.475668 -0.583336 1.049086
v -0.479308 -0.606066 1.041744
v -0.483742 -0.624720 1.032798
v -0.488801 -0.638582 1.022592
v -0.494291 -0.647118 1.011517
v -0.500000 -0.352882 1.011743
v -0.500000 -0.361418 1.023034
v -0.500000 -0.393934 1.042562
v -0.500000 -0.442598 1.055610
v -0.500000 -0.557402 1.055610
v -0.500000 -0.606066 1.042562
v -0.500000 -0.624720 1.033441
v -0.500000 -0.638582 1.023034
v -0.500000 -0.647118 1.011743
v 0.500000 -0.375280 1.033441
v 0.500000 -0.416664 1.050048
v 0.500000 -0.470736 1.059035
v 0.500000 -0.500000 1.060192
v 0.500000 -0.529264 1.059035
v 0.500000 -0.583336 1.050048
v 0.494291 -0.352882 1.011517
v 0.488801 -0.361418 1.022592
v 0.483742 -0.375280 1.032798
v 0.479308 -0.393934 1.041744
v 0.475668 -0.416664 1.049086
v 0.472964 -0.442598 1.054541
v 0.471299 -0.470736 1.057901
v 0.470737 -0.500000 1.059035
v 0.471299 -0.529264 1.057901
v 0.472964 -0.557402 1.054541
v 0.475668 -0.583336 1.049086
v 0.479308 -0.606066 1.041744
v 0.483742 -0.624720 1.032798
v 0.488801 -0.638582 1.022592
v 0.494291 -0.647118 1.011517
v 0.488801 -0.352882 1.010849
v 0.478033 -0.361418 1.021281
v 0.468109 -0.375280 1.030895
v 0.459410 -0.393934 1.039322
v 0.452272 -0.416664 1.046238
v 0.446967 -0.442598 1.051377
v 0.443701 -0.470736 1.054541
v 0.442598 -0.500000 1.055610
v 0.443701 -0.529264 1.054541
v 0.446967 -0.557402 1.051377
v 0.452272 -0.583336 1.046238
v 0.459410 -0.606066 1.039322
v 0.468109 -0.624720 1.030895
v 0.478033 -0.638582 1.021281
v 0.488801 -0.647118 1.010849
v 0.483742 -0.352882 1.009764
v 0.468109 -0.361418 1.019152
v 0.453701 -0.375280 1.027805
v 0.441073 -0.393934 1.035389
v 0.430709 -0.416664 1.041613
v 0.423008 -0.442598 1.046238
v 0.418266 -0.470736 1.049086
v 0.416665 -0.500000 1.050048
v 0.418266 -0.529264 1.049086
v 0.423008 -0.557402 1.046238
v 0.430709 -0.583336 1.041613
v 0.441073 -0.606066 1.035389
v 0.453701 -0.624720 1.027805
v 0.468109 -0.638582 1.019152
v 0.483742 -0.647118 1.009764
v 0.479308 -0.352882 1.008303
v 0.459410 -0.361418 1.016288
v 0.441073 -0.375280 1.023646
v 0.425000 -0.393934 1.030096
v 0.411809 -0.416664 1.035389
v 0.402008 -0.442598 1.039322
v 0.395972 -0.470736 1.041744
v 0.393934 -0.500000 1.042562
v 0.395972 -0.529264 1.041744
v 0.402008 -0.557402 1.039322
v 0.411809 -0.583336 1.035389
v 0.425000 -0.606066 1.030096
v 0.441073 -0.624720 1.023646
v 0.459410 -0.638582 1.016288
v 0.479308 -0.647118 1.008303
v 0.475668 -0.352882 1.006524
v 0.452272 -0.361418 1.012797
v 0.430709 -0.375280 1.018579
v 0.411809 -0.393934 1.023646
v 0.396299 -0.416664 1.027805
v 0.384773 -0.442598 1.030895
v 0.377676 -0.470736 1.032798
v 0.375280 -0.500000 1.033441
v 0.377676 -0.529264 1.032798
v 0.384773 -0.557402 1.030895
v 0.396299 -0.583336 1.027805
v 0.411809 -0.606066 1.023646
v 0.430709 -0.624720 1.018579
v 0.452272 -0.638582 1.012797
v 0.475668 -0.647118 1.006524
v 0.500000 -0.350000 1.000000
v 0.472964 -0.352882 1.004494
v 0.446967 -0.361418 1.008815
v 0.423008 -0.375280 1.012797
v 0.402008 -0.393934 1.016288
v 0.384773 -0.416664 1.019152
v 0.371967 -0.442598 1.021281
v 0.364081 -0.470736 1.022592
v 0.361418 -0.500000 1.023034
v 0.364081 -0.529264 1.022592
v 0.371967 -0.557402 1.021281
v 0.384773 -0.583336 1.019152
v 0.402008 -0.606066 1.016288
v 0.423008 -0.624720 1.012797
v 0.446967 -0.638582 1.008815
v 0.472964 -0.647118 1.004494
v 0.471299 -0.352882 1.002291
v 0.443701 -0.361418 1.004494
v 0.418266 -0.375280 1.006524
v 0.395972 -0.393934 1.008303
v 0.377676 -0.416664 1.009764
v 0.364081 -0.442598 1.010849
v 0.355709 -0.470736 1.011517
v 0.352882 -0.500000 1.011743
v 0.355709 -0.529264 1.011517
v 0.364081 -0.557402 1.010849
v 0.377676 -0.583336 1.009764
v 0.395972 -0.606066 1.008303
v 0.418266 -0.624720 1.006524
v 0.443701 -0.638582 1.004494
v 0.471299 -0.647118 1.002291
v 0.470737 -0.352882 1.000000
v 0.442598 -0.361418 1.000000
v 0.416665 -0.375280 1.000000
v 0.393934 -0.393934 1.000000
v 0.375280 -0.416664 1.000000
v 0.361418 -0.442598 1.000000
v 0.352882 -0.470736 1.000000
v 0.350000 -0.500000 1.000000
v 0.352882 -0.529264 1.000000
v 0.361418 -0.557402 1.000000
v 0.375280 -0.583336 1.000000
v 0.393934 -0.606066 1.000000
v 0.416665 -0.624720 1.000000
v 0.442598 -0.638582 1.000000
v 0.470737 -0.647118 1.000000
v 0.500000 -0.650000 1.000000
v 0.529264 -0.352882 1.000000
v 0.557403 -0.361418 1.000000
v 0.583336 -0.375280 1.000000
v 0.606066 -0.393934 1.000000
v 0.624720 -0.416664 1.000000
v 0.638582 -0.442598 1.000000
v 0.647118 -0.470736 1.000000
v 0.650000 -0.500000 1.000000
v 0.647118 -0.529264 1.000000
v 0.638582 -0.557402 1.000000
v 0.624720 -0.583336 1.000000
v 0.606066 -0.606066 1.000000
v 0.583336 -0.624720 1.000000
v 0.557403 -0.638582 1.000000
v 0.529264 -0.647118 1.000000
v 0.528701 -0.352882 1.002291
v 0.556300 -0.361418 1.004494
v 0.581734 -0.375280 1.006524
v 0.604028 -0.393934 1.008303
v 0.622324 -0.416664 1.009764
v 0.635919 -0.442598 1.010849
v 0.644291 -0.470736 1.011517
v 0.647118 -0.500000 1.011743
v 0.644291 -0.529264 1.011517
v 0.635919 -0.557402 1.010849
v 0.622324 -0.583336 1.009764
v 0.604028 -0.606066 1.008303
v 0.581734 -0.624720 1.006524
v 0.556300 -0.638582 1.004494
v 0.528701 -0.647118 1.002291
v 0.527036 -0.352882 1.004494
v 0.553033 -0.361418 1.008815
v 0.576992 -0.375280 1.012797
v 0.597992 -0.393934 1.016288
v 0.615227 -0.416664 1.019152
v 0.628033 -0.442598 1.021281
v 0.635919 -0.470736 1.022592
v 0.638582 -0.500000 1.023034
v 0.635919 -0.529264 1.022592
v 0.628033 -0.557402 1.021281
v 0.615227 -0.583336 1.019152
v 0.597992 -0.606066 1.016288
v 0.576992 -0.624720 1.012797
v 0.553033 -0.638582 1.008815
v 0.527036 -0.647118 1.004494
v 0.524332 -0.352882 1.006524
v 0.547728 -0.361418 1.012797
v 0.569291 -0.375280 1.018579
v 0.588191 -0.393934 1.023646
v 0.603701 -0.416664 1.027805
v 0.615227 -0.442598 1.030895
v 0.622324 -0.470736 1.032798
v 0.624720 -0.500000 1.033441
v 0.622324 -0.529264 1.032798
v 0.615227 -0.557402 1.030895
v 0.603701 -0.583336 1.027805
v 0.588191 -0.606066 1.023646
v 0.569291 -0.624720 1.018579
v 0.547728 -0.638582 1.012797
v 0.524332 -0.647118 1.006524
v 0.520692 -0.352882 1.008303
v 0.540590 -0.361418 1.016288
v 0.558927 -0.375280 1.023646
v 0.575000 -0.393934 1.030096
v 0.588191 -0.416664 1.035389
v 0.597992 -0.442598 1.039322
v 0.604028 -0.470736 1.041744
v 0.606066 -0.500000 1.042562
v 0.604028 -0.529264 1.041744
v 0.597992 -0.557402 1.039322
v 0.588191 -0.583336 1.035389
v 0.575000 -0.606066 1.030096
v 0.558927 -0.624720 1.023646
v 0.540590 -0.638582 1.016288
v 0.520692 -0.647118 1.008303
v 0.516258 -0.352882 1.009764
v 0.531891 -0.361418 1.019152
v 0.546299 -0.375280 1.027805
v 0.558927 -0.393934 1.035389
v 0.569291 -0.416664 1.041613
v 0.576992 -0.442598 1.046238
v 0.581734 -0.470736 1.049086
v 0.583336 -0.500000 1.050048
v 0.581734 -0.529264 1.049086
v 0.576992 -0.557402 1.046238
v 0.569291 -0.583336 1.041613
v 0.558927 -0.606066 1.035389
v 0.546299 -0.624720 1.027805
v 0.531891 -0.638582 1.019152
v 0.516258 -0.647118 1.009764
v 0.511199 -0.352882 1.010849
v 0.521967 -0.361418 1.021281
v 0.531891 -0.375280 1.030895
v 0.540590 -0.393934 1.039322
v 0.547728 -0.416664 1.046238
v 0.553033 -0.442598 1.051377
v 0.556300 -0.470736 1.054541
v 0.557402 -0.500000 1.055610
v 0.556300 -0.529264 1.054541
v 0.553033 -0.557402 1.051377
v 0.547728 -0.583336 1.046238
v 0.540590 -0.606066 1.039322
v 0.531891 -0.624720 1.030895
v 0.521967 -0.638582 1.021281
v 0.511199 -0.647118 1.010849
v 0.505709 -0.352882 1.011517
v 0.511199 -0.361418 1.022592
v 0.516258 -0.375280 1.032798
v 0.520693 -0.393934 1.041744
v 0.524332 -0.416664 1.049086
v 0.527036 -0.442598 1.054541
v 0.528701 -0.470736 1.057901
v 0.529264 -0.500000 1.059035
v 0.528701 -0.529264 1.057901
v 0.527036 -0.557402 1.054541
v 0.524332 -0.583336 1.049086
v 0.520693 -0.606066 1.041744
v 0.516258 -0.624720 1.032798
v 0.511199 -0.638582 1.022592
v 0.505709 -0.647118 1.011517
v 0.500000 -0.352882 1.011743
v 0.500000 -0.361418 1.023034
v 0.500000 -0.393934 1.042562
v 0.500000 -0.442598 1.055610
v 0.500000 -0.557402 1.055610
v 0.500000 -0.606066 1.042562
v 0.500000 -0.624720 1.033441
v 0.500000 -0.638582 1.023034
v 0.500000 -0.647118 1.011743
v -0.500000 1.033441 0.624721
v -0.500000 1.050048 0.583336
v -0.500000 1.059035 0.529264
v -0.500000 1.060192 0.500000
v -0.500000 1.059035 0.470736
v -0.500000 1.050048 0.416664
v -0.494291 1.011517 0.647118
v -0.488801 1.022592 0.638582
v -0.483742 1.032798 0.624721
v -0.479308 1.041744 0.606066
v -0.475668 1.049086 0.583336
v -0.472964 1.054541 0.557403
v -0.471299 1.057901 0.529264
v -0.470736 1.059035 0.500000
v -0.471299 1.057901 0.470736
v -0.472964 1.054541 0.442598
v -0.475668 1.049086 0.416664
v -0.479308 1.041744 0.393934
v -0.483742 1.032798 0.375280
v -0.488801 1.022592 0.361418
v -0.494291 1.011517 0.352882
v -0.488801 1.010849 0.647118
v -0.478033 1.021281 0.638582
v -0.468109 1.030895 0.624721
v -0.459410 1.039322 0.606066
v -0.452272 1.046238 0.583336
v -0.446967 1.051377 0.557403
v -0.443700 1.054541 0.529264
v -0.442597 1.055610 0.500000
v -0.443700 1.054541 0.470736
v -0.446967 1.051377 0.442598
v -0.452272 1.046238 0.416664
v -0.459410 1.039322 0.393934
v -0.468109 1.030895 0.375280
v -0.478033 1.021281 0.361418
v -0.488801 1.010849 0.352882
v -0.483742 1.009764 0.647118
v -0.468109 1.019152 0.638582
v -0.453701 1.027805 0.624721
v -0.441073 1.035389 0.606066
v -0.430709 1.041613 0.583336
v -0.423008 1.046238 0.557403
v -0.418266 1.049086 0.529264
v -0.416664 1.050048 0.500000
v -0.418266 1.049086 0.470736
v -0.423008 1.046238 0.442598
v -0.430709 1.041613 0.416664
v -0.441073 1.035389 0.393934
v -0.453701 1.027805 0.375280
v -0.468109 1.019152 0.361418
v -0.483742 1.009764 0.352882
v -0.479308 1.008303 0.647118
v -0.459410 1.016288 0.638582
v -0.441073 1.023646 0.624721
v -0.425000 1.030096 0.606066
v -0.411809 1.035389 0.583336
v -0.402008 1.039322 0.557403
v -0.395972 1.041744 0.529264
v -0.393934 1.042562 0.500000
v -0.395972 1.041744 0.470736
v -0.402008 1.039322 0.442598
v -0.411809 1.035389 0.416664
v -0.425000 1.030096 0.393934
v -0.441073 1.023646 0.375280
v -0.459410 1.016288 0.361418
v -0.479308 1.008303 0.352882
v -0.475668 1.006524 0.647118
v -0.452272 1.012797 0.638582
v -0.430709 1.018579 0.624721
v -0.411809 1.023646 0.606066
v -0.396299 1.027805 0.583336
v -0.384773 1.030895 0.557403
v -0.377676 1.032798 0.529264
v -0.375280 1.033441 0.500000
v -0.377676 1.032798 0.470736
v -0.384773 1.030895 0.442598
v -0.396299 1.027805 0.416664
v -0.411809 1.023646 0.393934
v -0.430709 1.018579 0.375280
v -0.452272 1.012797 0.361418
v -0.475668 1.006524 0.352882
v -0.500000 1.000000 0.650000
v -0.472964 1.004494 0.647118
v -0.446967 1.008815 0.638582
v -0.423008 1.012797 0.624721
v -0.402008 1.016288 0.606066
v -0.384773 1.019152 0.583336
v -0.371967 1.021281 0.557403
v -0.364081 1.022592 0.529264
v -0.361418 1.023034 0.500000
v -0.364081 1.022592 0.470736
v -0.371967 1.021281 0.442598
v -0.384773 1.019152 0.416664
v -0.402008 1.016288 0.393934
v -0.423008 1.012797 0.375280
v -0.446967 1.008815 0.361418
v -0.472964 1.004494 0.352882
v -0.471299 1.002291 0.647118
v -0.443700 1.004494 0.638582
v -0.418266 1.006524 0.624721
v -0.395972 1.008303 0.606066
v -0.377676 1.009764 0.583336
v -0.364081 1.010849 0.557403
v -0.355709 1.011517 0.529264
v -0.352882 1.011743 0.500000
v -0.355709 1.011517 0.470736
v -0.364081 1.010849 0.442598
v -0.377676 1.009764 0.416664
v -0.395972 1.008303 0.393934
v -0.418266 1.006524 0.375280
v -0.443700 1.004494 0.361418
v -0.471299 1.002291 0.352882
v -0.470736 1.000000 0.647118
v -0.442597 1.000000 0.638582
v -0.416664 1.000000 0.624721
v -0.393934 1.000000 0.606066
v -0.375280 1.000000 0.583336
v -0.361418 1.000000 0.557403
v -0.352882 1.000000 0.529264
v -0.350000 1.000000 0.500000
v -0.352882 1.000000 0.470736
v -0.361418 1.000000 0.442598
v -0.375280 1.000000 0.416664
v -0.393934 1.000000 0.393934
v -0.416664 1.000000 0.375280
v -0.442597 1.000000 0.361418
v -0.470736 1.000000 0.352882
v -0.500000 1.000000 0.350000
v -0.529263 1.000000 0.647118
v -0.557402 1.000000 0.638582
v -0.583335 1.000000 0.624721
v -0.606066 1.000000 0.606066
v -0.624720 1.000000 0.583336
v -0.638582 1.000000 0.557403
v -0.647118 1.000000 0.529264
v -0.650000 1.000000 0.500000
v -0.647118 1.000000 0.470736
v -0.638582 1.000000 0.442598
v -0.624720 1.000000 0.416664
v -0.606066 1.000000 0.393934
v -0.583335 1.000000 0.375280
v -0.557402 1.000000 0.361418
v -0.529263 1.000000 0.352882
v -0.528701 1.002291 0.647118
v -0.556300 1.004494 0.638582
v -0.581734 1.006524 0.624721
v -0.604028 1.008303 0.606066
v -0.622324 1.009764 0.583336
v -0.635919 1.010849 0.557403
v -0.644291 1.011517 0.529264
v -0.647118 1.011743 0.500000
v -0.644291 1.011517 0.470736
v -0.635919 1.010849 0.442598
v -0.622324 1.009764 0.416664
v -0.604028 1.008303 0.393934
v -0.581734 1.006524 0.375280
v -0.556300 1.004494 0.361418
v -0.528701 1.002291 0.352882
v -0.527036 1.004494 0.647118
v -0.553033 1.008815 0.638582
v -0.576992 1.012797 0.624721
v -0.597992 1.016288 0.606066
v -0.615227 1.019152 0.583336
v -0.628033 1.021281 0.557403
v -0.635919 1.022592 0.529264
v -0.638582 1.023034 0.500000
v -0.635919 1.022592 0.470736
v -0.628033 1.021281 0.442598
v -0.615227 1.019152 0.416664
v -0.597992 1.016288 0.393934
v -0.576992 1.012797 0.375280
v -0.553033 1.008815 0.361418
v -0.527036 1.004494 0.352882
v -0.524332 1.006524 0.647118
v -0.547728 1.012797 0.638582
v -0.569291 1.018579 0.624721
v -0.588191 1.023646 0.606066
v -0.603701 1.027805 0.583336
v -0.615227 1.030895 0.557403
v -0.622324 1.032798 0.529264
v -0.624720 1.033441 0.500000
v -0.622324 1.032798 0.470736
v -0.615227 1.030895 0.442598
v -0.603701 1.027805 0.416664
v -0.588191 1.023646 0.393934
v -0.569291 1.018579 0.375280
v -0.547728 1.012797 0.361418
v -0.524332 1.006524 0.352882
v -0.520692 1.008303 0.647118
v -0.540590 1.016288 0.638582
v -0.558927 1.023646 0.624721
v -0.575000 1.030096 0.606066
v -0.588191 1.035389 0.583336
v -0.597992 1.039322 0.557403
v -0.604028 1.041744 0.529264
v -0.606066 1.042562 0.500000
v -0.604028 1.041744 0.470736
v -0.597992 1.039322 0.442598
v -0.588191 1.035389 0.416664
v -0.575000 1.030096 0.393934
v -0.558927 1.023646 0.375280
v -0.540590 1.016288 0.361418
v -0.520692 1.008303 0.352882
v -0.516258 1.009764 0.647118
v -0.531891 1.019152 0.638582
v -0.546299 1.027805 0.624721
v -0.558927 1.035389 0.606066
v -0.569291 1.041613 0.583336
v -0.576992 1.046238 0.557403
v -0.581734 1.049086 0.529264
v -0.583335 1.050048 0.500000
v -0.581734 1.049086 0.470736
v -0.576992 1.046238 0.442598
v -0.569291 1.041613 0.416664
v -0.558927 1.035389 0.393934
v -0.546299 1.027805 0.375280
v -0.531891 1.019152 0.361418
v -0.516258 1.009764 0.352882
v -0.511199 1.010849 0.647118
v -0.521967 1.021281 0.638582
v -0.531891 1.030895 0.624721
v -0.540590 1.039322 0.606066
v -0.547728 1.046238 0.583336
v -0.553033 1.051377 0.557403
v -0.556299 1.054541 0.529264
v -0.557402 1.055610 0.500000
v -0.556299 1.054541 0.470736
v -0.553033 1.051377 0.442598
v -0.547728 1.046238 0.416664
v -0.540590 1.039322 0.393934
v -0.531891 1.030895 0.375280
v -0.521967 1.021281 0.361418
v -0.511199 1.010849 0.352882
v -0.505709 1.011517 0.647118
v -0.511199 1.022592 0.638582
v -0.516258 1.032798 0.624721
v -0.520692 1.041744 0.606066
v -0.524332 1.049086 0.583336
v -0.527036 1.054541 0.557403
v -0.528701 1.057901 0.529264
v -0.529263 1.059035 0.500000
v -0.528701 1.057901 0.470736
v -0.527036 1.054541 0.442598
v -0.524332 1.049086 0.416664
v -0.520692 1.041744 0.393934
v -0.516258 1.032798 0.375280
v -0.511199 1.022592 0.361418
v -0.505709 1.011517 0.352882
v -0.500000 1.011743 0.647118
v -0.500000 1.023034 0.638582
v -0.500000 1.042562 0.606066
v -0.500000 1.055610 0.557403
v -0.500000 1.055610 0.442598
v -0.500000 1.042562 0.393934
v -0.500000 1.033441 0.375280
v -0.500000 1.023034 0.361418
v -0.500000 1.011743 0.352882
v 0.500000 1.033441 0.624721
v 0.500000 1.050048 0.583336
v 0.500000 1.059035 0.529264
v 0.500000 1.060192 0.500000
v 0.500000 1.059035 0.470736
v 0.500000 1.050048 0.416664
v 0.505709 1.011517 0.647118
v 0.511199 1.022592 0.638582
v 0.516258 1.032798 0.624721
v 0.520692 1.041744 0.606066
v 0.524332 1.049086 0.583336
v 0.527036 1.054541 0.557403
v 0.528701 1.057901 0.529264
v 0.529264 1.059035 0.500000
v 0.528701 1.057901 0.470736
v 0.527036 1.054541 0.442598
v 0.524332 1.049086 0.416664
v 0.520692 1.041744 0.393934
v 0.516258 1.032798 0.375280
v 0.511199 1.022592 0.361418
v 0.505709 1.011517 0.352882
v 0.511199 1.010849 0.647118
v 0.521967 1.021281 0.638582
v 0.531891 1.030895 0.624721
v 0.540590 1.039322 0.606066
v 0.547728 1.046238 0.583336
v 0.553033 1.051377 0.557403
v 0.556300 1.054541 0.529264
v 0.557402 1.055610 0.500000
v 0.556300 1.054541 0.470736
v 0.553033 1.051377 0.442598
v 0.547728 1.046238 0.416664
v 0.540590 1.039322 0.393934
v 0.531891 1.030895 0.375280
v 0.521967 1.021281 0.361418
v 0.511199 1.010849 0.352882
v 0.516258 1.009764 0.647118
v 0.531891 1.019152 0.638582
v 0.546299 1.027805 0.624721
v 0.558927 1.035389 0.606066
v 0.569291 1.041613 0.583336
v 0.576992 1.046238 0.557403
v 0.581734 1.049086 0.529264
v 0.583336 1.050048 0.500000
v 0.581734 1.049086 0.470736
v 0.576992 1.046238 0.442598
v 0.569291 1.041613 0.416664
v 0.558927 1.035389 0.393934
v 0.546299 1.027805 0.375280
v 0.531891 1.019152 0.361418
v 0.516258 1.009764 0.352882
v 0.520692 1.008303 0.647118
v 0.540590 1.016288 0.638582
v 0.558927 1.023646 0.624721
v 0.575000 1.030096 0.606066
v 0.588191 1.035389 0.583336
v 0.597992 1.039322 0.557403
v 0.604028 1.041744 0.529264
v 0.606066 1.042562 0.500000
v 0.604028 1.041744 0.470736
v 0.597992 1.039322 0.442598
v 0.588191 1.035389 0.416664
v 0.575000 1.030096 0.393934
v 0.558927 1.023646 0.375280
v 0.540590 1.016288 0.361418
v 0.520692 1.008303 0.352882
v 0.524332 1.006524 0.647118
v 0.547728 1.012797 0.638582
v 0.569291 1.018579 0.624721
v 0.588191 1.023646 0.606066
v 0.603701 1.027805 0.583336
v 0.615227 1.030895 0.557403
v 0.622324 1.032798 0.529264
v 0.624720 1.033441 0.500000
v 0.622324 1.032798 0.470736
v 0.615227 1.030895 0.442598
v 0.603701 1.027805 0.416664
v 0.588191 1.023646 0.393934
v 0.569291 1.018579 0.375280
v 0.547728 1.012797 0.361418
v 0.524332 1.006524 0.352882
v 0.500000 1.000000 0.650000
v 0.527036 1.004494 0.647118
v 0.553033 1.008815 0.638582
v 0.576992 1.012797 0.624721
v 0.597992 1.016288 0.606066
v 0.615227 1.019152 0.583336
v 0.628033 1.021281 0.557403
v 0.635919 1.022592 0.529264
v 0.638582 1.023034 0.500000
v 0.635919 1.022592 0.470736
v 0.628033 1.021281 0.442598
v 0.615227 1.019152 0.416664
v 0.597992 1.016288 0.393934
v 0.576992 1.012797 0.375280
v 0.553033 1.008815 0.361418
v 0.527036 1.004494 0.352882
v 0.528701 1.002291 0.647118
v 0.556300 1.004494 0.638582
v 0.581734 1.006524 0.624721
v 0.604028 1.008303 0.606066
v 0.622324 1.009764 0.583336
v 0.635919 1.010849 0.557403
v 0.644291 1.011517 0.529264
v 0.647118 1.011743 0.500000
v 0.644291 1.011517 0.470736
v 0.635919 1.010849 0.442598
v 0.622324 1.009764 0.416664
v 0.604028 1.008303 0.393934
v 0.581734 1.006524 0.375280
v 0.556300 1.004494 0.361418
v 0.528701 1.002291 0.352882
v 0.529264 1.000000 0.647118
v 0.557402 1.000000 0.638582
v 0.583336 1.000000 0.624721
v 0.606066 1.000000 0.606066
v 0.624720 1.000000 0.583336
v 0.638582 1.000000 0.557403
v 0.647118 1.000000 0.529264
v 0.650000 1.000000 0.500000
v 0.647118 1.000000 0.470736
v 0.638582 1.000000 0.442598
v 0.624720 1.000000 0.416664
v 0.606066 1.000000 0.393934
v 0.583336 1.000000 0.375280
v 0.557402 1.000000 0.361418
v 0.529264 1.000000 0.352882
v 0.500000 1.000000 0.350000
v 0.470736 1.000000 0.647118
v 0.442598 1.000000 0.638582
v 0.416665 1.000000 0.624721
v 0.393934 1.000000 0.606066
v 0.375280 1.000000 0.583336
v 0.361418 1.000000 0.557403
v 0.352882 1.000000 0.529264
v 0.350000 1.000000 0.500000
v 0.352882 1.000000 0.470736
v 0.361418 1.000000 0.442598
v 0.375280 1.000000 0.416664
v 0.393934 1.000000 0.393934
v 0.416665 1.000000 0.375280
v 0.442598 1.000000 0.361418
v 0.470736 1.000000 0.352882
v 0.471299 1.002291 0.647118
v 0.443700 1.004494 0.638582
v 0.418266 1.006524 0.624721
v 0.395972 1.008303 0.606066
v 0.377676 1.009764 0.583336
v 0.364081 1.010849 0.557403
v 0.355709 1.011517 0.529264
v 0.352882 1.011743 0.500000
v 0.355709 1.011517 0.470736
v 0.364081 1.010849 0.442598
v 0.377676 1.009764 0.416664
v 0.395972 1.008303 0.393934
v 0.418266 1.006524 0.375280
v 0.443700 1.004494 0.361418
v 0.471299 1.002291 0.352882
v 0.472964 1.004494 0.647118
v 0.446967 1.008815 0.638582
v 0.423008 1.012797 0.624721
v 0.402008 1.016288 0.606066
v 0.384773 1.019152 0.583336
v 0.371967 1.021281 0.557403
v 0.364081 1.022592 0.529264
v 0.361418 1.023034 0.500000
v 0.364081 1.022592 0.470736
v 0.371967 1.021281 0.442598
v 0.384773 1.019152 0.416664
v 0.402008 1.016288 0.393934
v 0.423008 1.012797 0.375280
v 0.446967 1.008815 0.361418
v 0.472964 1.004494 0.352882
v 0.475668 1.006524 0.647118
v 0.452272 1.012797 0.638582
v 0.430709 1.018579 0.624721
v 0.411809 1.023646 0.606066
v 0.396299 1.027805 0.583336
v 0.384773 1.030895 0.557403
v 0.377676 1.032798 0.529264
v 0.375280 1.033441 0.500000
v 0.377676 1.032798 0.470736
v 0.384773 1.030895 0.442598
v 0.396299 1.027805 0.416664
v 0.411809 1.023646 0.393934
v 0.430709 1.018579 0.375280
v 0.452272 1.012797 0.361418
v 0.475668 1.006524 0.352882
v 0.479308 1.008303 0.647118
v 0.459410 1.016288 0.638582
v 0.441073 1.023646 0.624721
v 0.425000 1.030096 0.606066
v 0.411809 1.035389 0.583336
v 0.402008 1.039322 0.557403
v 0.395972 1.041744 0.529264
v 0.393934 1.042562 0.500000
v 0.395972 1.041744 0.470736
v 0.402008 1.039322 0.442598
v 0.411809 1.035389 0.416664
v 0.425000 1.030096 0.393934
v 0.441073 1.023646 0.375280
v 0.459410 1.016288 0.361418
v 0.479308 1.008303 0.352882
v 0.483742 1.009764 0.647118
v 0.468109 1.019152 0.638582
v 0.453701 1.027805 0.624721
v 0.441073 1.035389 0.606066
v 0.430709 1.041613 0.583336
v 0.423008 1.046238 0.557403
v 0.418266 1.049086 0.529264
v 0.416665 1.050048 0.500000
v 0.418266 1.049086 0.470736
v 0.423008 1.046238 0.442598
v 0.430709 1.041613 0.416664
v 0.441073 1.035389 0.393934
v 0.453701 1.027805 0.375280
v 0.468109 1.019152 0.361418
v 0.483742 1.009764 0.352882
v 0.488801 1.010849 0.647118
v 0.478033 1.021281 0.638582
v 0.468109 1.030895 0.624721
v 0.459410 1.039322 0.606066
v 0.452272 1.046238 0.583336
v 0.446967 1.051377 0.557403
v 0.443700 1.054541 0.529264
v 0.442598 1.055610 0.500000
v 0.443700 1.054541 0.470736
v 0.446967 1.051377 0.442598
v 0.452272 1.046238 0.416664
v 0.459410 1.039322 0.393934
v 0.468109 1.030895 0.375280
v 0.478033 1.021281 0.361418
v 0.488801 1.010849 0.352882
v 0.494291 1.011517 0.647118
v 0.488801 1.022592 0.638582
v 0.483742 1.032798 0.624721
v 0.479308 1.041744 0.606066
v 0.475668 1.049086 0.583336
v 0.472964 1.054541 0.557403
v 0.471299 1.057901 0.529264
v 0.470737 1.059035 0.500000
v 0.471299 1.057901 0.470736
v 0.472964 1.054541 0.442598
v 0.475668 1.049086 0.416664
v 0.479308 1.041744 0.393934
v 0.483742 1.032798 0.375280
v 0.488801 1.022592 0.361418
v 0.494291 1.011517 0.352882
v 0.500000 1.011743 0.647118
v 0.500000 1.023034 0.638582
v 0.500000 1.042562 0.606066
v 0.500000 1.055610 0.557403
v 0.500000 1.055610 0.442598
v 0.500000 1.042562 0.393934
v 0.500000 1.033441 0.375280
v 0.500000 1.023034 0.361418
v 0.500000 1.011743 0.352882
v 0.500000 1.033441 -0.375280
v 0.500000 1.050048 -0.416664
v 0.500000 1.059035 -0.470736
v 0.500000 1.060192 -0.500000
v 0.500000 1.059035 -0.529264
v 0.500000 1.050048 -0.583335
v 0.505709 1.011517 -0.352882
v 0.511199 1.022592 -0.361418
v 0.516258 1.032798 -0.375280
v 0.520692 1.041744 -0.393934
v 0.524332 1.049086 -0.416664
v 0.527036 1.054541 -0.442597
v 0.528701 1.057901 -0.470736
v 0.529264 1.059035 -0.500000
v 0.528701 1.057901 -0.529264
v 0.527036 1.054541 -0.557402
v 0.524332 1.049086 -0.583335
v 0.520692 1.041744 -0.606066
v 0.516258 1.032798 -0.624720
v 0.511199 1.022592 -0.638582
v 0.505709 1.011517 -0.647118
v 0.511199 1.010849 -0.352882
v 0.521967 1.021281 -0.361418
v 0.531891 1.030895 -0.375280
v 0.540590 1.039322 -0.393934
v 0.547728 1.046238 -0.416664
v 0.553033 1.051377 -0.442597
v 0.556300 1.054541 -0.470736
v 0.557402 1.055610 -0.500000
v 0.556300 1.054541 -0.529264
v 0.553033 1.051377 -0.557402
v 0.547728 1.046238 -0.583335
v 0.540590 1.039322 -0.606066
v 0.531891 1.030895 -0.624720
v 0.521967 1.021281 -0.638582
v 0.511199 1.010849 -0.647118
v 0.516258 1.009764 -0.352882
v 0.531891 1.019152 -0.361418
v 0.546299 1.027805 -0.375280
v 0.558927 1.035389 -0.393934
v 0.569291 1.041613 -0.416664
v 0.576992 1.046238 -0.442597
v 0.581734 1.049086 -0.470736
v 0.583336 1.050048 -0.500000
v 0.581734 1.049086 -0.529264
v 0.576992 1.046238 -0.557402
v 0.569291 1.041613 -0.583335
v 0.558927 1.035389 -0.606066
v 0.546299 1.027805 -0.624720
v 0.531891 1.019152 -0.638582
v 0.516258 1.009764 -0.647118
v 0.520692 1.008303 -0.352882
v 0.540590 1.016288 -0.361418
v 0.558927 1.023646 -0.375280
v 0.575000 1.030096 -0.393934
v 0.588191 1.035389 -0.416664
v 0.597992 1.039322 -0.442597
v 0.604028 1.041744 -0.470736
v 0.606066 1.042562 -0.500000
v 0.604028 1.041744 -0.529264
v 0.597992 1.039322 -0.557402
v 0.588191 1.035389 -0.583335
v 0.575000 1.030096 -0.606066
v 0.558927 1.023646 -0.624720
v 0.540590 1.016288 -0.638582
v 0.520692 1.008303 -0.647118
v 0.524332 1.006524 -0.352882
v 0.547728 1.012797 -0.361418
v 0.569291 1.018579 -0.375280
v 0.588191 1.023646 -0.393934
v 0.603701 1.027805 -0.416664
v 0.615227 1.030895 -0.442597
v 0.622324 1.032798 -0.470736
v 0.624720 1.033441 -0.500000
v 0.622324 1.032798 -0.529264
v 0.615227 1.030895 -0.557402
v 0.603701 1.027805 -0.583335
v 0.588191 1.023646 -0.606066
v 0.569291 1.018579 -0.624720
v 0.547728 1.012797 -0.638582
v 0.524332 1.006524 -0.647118
v 0.500000 1.000000 -0.350000
v 0.527036 1.004494 -0.352882
v 0.553033 1.008815 -0.361418
v 0.576992 1.012797 -0.375280
v 0.597992 1.016288 -0.393934
v 0.615227 1.019152 -0.416664
v 0.628033 1.021281 -0.442597
v 0.635919 1.022592 -0.470736
v 0.638582 1.023034 -0.500000
v 0.635919 1.022592 -0.529264
v 0.628033 1.021281 -0.557402
v 0.615227 1.019152 -0.583335
v 0.597992 1.016288 -0.606066
v 0.576992 1.012797 -0.624720
v 0.553033 1.008815 -0.638582
v 0.527036 1.004494 -0.647118
v 0.528701 1.002291 -0.352882
v 0.556300 1.004494 -0.361418
v 0.581734 1.006524 -0.375280
v 0.604028 1.008303 -0.393934
v 0.622324 1.009764 -0.416664
v 0.635919 1.010849 -0.442597
v 0.644291 1.011517 -0.470736
v 0.647118 1.011743 -0.500000
v 0.644291 1.011517 -0.529264
v 0.635919 1.010849 -0.557402
v 0.622324 1.009764 -0.583335
v 0.604028 1.008303 -0.606066
v 0.581734 1.006524 -0.624720
v 0.556300 1.004494 -0.638582
v 0.528701 1.002291 -0.647118
v 0.529264 1.000000 -0.352882
v 0.557402 1.000000 -0.361418
v 0.583336 1.000000 -0.375280
v 0.606066 1.000000 -0.393934
v 0.624720 1.000000 -0.416664
v 0.638582 1.000000 -0.442597
v 0.647118 1.000000 -0.470736
v 0.650000 1.000000 -0.500000
v 0.647118 1.000000 -0.529264
v 0.638582 1.000000 -0.557402
v 0.624720 1.000000 -0.583335
v 0.606066 1.000000 -0.606066
v 0.583336 1.000000 -0.624720
v 0.557402 1.000000 -0.638582
v 0.529264 1.000000 -0.647118
v 0.500000 1.000000 -0.650000
v 0.470736 1.000000 -0.352882
v 0.442598 1.000000 -0.361418
v 0.416665 1.000000 -0.375280
v 0.393934 1.000000 -0.393934
v 0.375280 1.000000 -0.416664
v 0.361418 1.000000 -0.442597
v 0.352882 1.000000 -0.470736
v 0.350000 1.000000 -0.500000
v 0.352882 1.000000 -0.529264
v 0.361418 1.000000 -0.557402
v 0.375280 1.000000 -0.583335
v 0.393934 1.000000 -0.606066
v 0.416665 1.000000 -0.624720
v 0.442598 1.000000 -0.638582
v 0.470736 1.000000 -0.647118
v 0.471299 1.002291 -0.352882
v 0.443700 1.004494 -0.361418
v 0.418266 1.006524 -0.375280
v 0.395972 1.008303 -0.393934
v 0.377676 1.009764 -0.416664
v 0.364081 1.010849 -0.442597
v 0.355709 1.011517 -0.470736
v 0.352882 1.011743 -0.500000
v 0.355709 1.011517 -0.529264
v 0.364081 1.010849 -0.557402
v 0.377676 1.009764 -0.583335
v 0.395972 1.008303 -0.606066
v 0.418266 1.006524 -0.624720
v 0.443700 1.004494 -0.638582
v 0.471299 1.002291 -0.647118
v 0.472964 1.004494 -0.352882
v 0.446967 1.008815 -0.361418
v 0.423008 1.012797 -0.375280
v 0.402008 1.016288 -0.393934
v 0.384773 1.019152 -0.416664
v 0.371967 1.021281 -0.442597
v 0.364081 1.022592 -0.470736
v 0.361418 1.023034 -0.500000
v 0.364081 1.022592 -0.529264
v 0.371967 1.021281 -0.557402
v 0.384773 1.019152 -0.583335
v 0.402008 1.016288 -0.606066
v 0.423008 1.012797 -0.624720
v 0.446967 1.008815 -0.638582
v 0.472964 1.004494 -0.647118
v 0.475668 1.006524 -0.352882
v 0.452272 1.012797 -0.361418
v 0.430709 1.018579 -0.375280
v 0.411809 1.023646 -0.393934
v 0.396299 1.027805 -0.416664
v 0.384773 1.030895 -0.442597
v 0.377676 1.032798 -0.470736
v 0.375280 1.033441 -0.500000
v 0.377676 1.032798 -0.529264
v 0.384773 1.030895 -0.557402
v 0.396299 1.027805 -0.583335
v 0.411809 1.023646 -0.606066
v 0.430709 1.018579 -0.624720
v 0.452272 1.012797 -0.638582
v 0.475668 1.006524 -0.647118
v 0.479308 1.008303 -0.352882
v 0.459410 1.016288 -0.361418
v 0.441073 1.023646 -0.375280
v 0.425000 1.030096 -0.393934
v 0.411809 1.035389 -0.416664
v 0.402008 1.039322 -0.442597
v 0.395972 1.041744 -0.470736
v 0.393934 1.042562 -0.500000
v 0.395972 1.041744 -0.529264
v 0.402008 1.039322 -0.557402
v 0.411809 1.035389 -0.583335
v 0.425000 1.030096 -0.606066
v 0.441073 1.023646 -0.624720
v 0.459410 1.016288 -0.638582
v 0.479308 1.008303 -0.647118
v 0.483742 1.009764 -0.352882
v 0.468109 1.019152 -0.361418
v 0.453701 1.027805 -0.375280
v 0.441073 1.035389 -0.393934
v 0.430709 1.041613 -0.416664
v 0.423008 1.046238 -0.442597
v 0.418266 1.049086 -0.470736
v 0.416665 1.050048 -0.500000
v 0.418266 1.049086 -0.529264
v 0.423008 1.046238 -0.557402
v 0.430709 1.041613 -0.583335
v 0.441073 1.035389 -0.606066
v 0.453701 1.027805 -0.624720
v 0.468109 1.019152 -0.638582
v 0.483742 1.009764 -0.647118
v 0.488801 1.010849 -0.352882
v 0.478033 1.021281 -0.361418
v 0.468109 1.030895 -0.375280
v 0.459410 1.039322 -0.393934
v 0.452272 1.046238 -0.416664
v 0.446967 1.051377 -0.442597
v 0.443700 1.054541 -0.470736
v 0.442598 1.055610 -0.500000
v 0.443700 1.054541 -0.529264
v 0.446967 1.051377 -0.557402
v 0.452272 1.046238 -0.583335
v 0.459410 1.039322 -0.606066
v 0.468109 1.030895 -0.624720
v 0.478033 1.021281 -0.638582
v 0.488801 1.010849 -0.647118
v 0.494291 1.011517 -0.352882
v 0.488801 1.022592 -0.361418
v 0.483742 1.032798 -0.375280
v 0.479308 1.041744 -0.393934
v 0.475668 1.049086 -0.416664
v 0.472964 1.054541 -0.442597
v 0.471299 1.057901 -0.470736
v 0.470737 1.059035 -0.500000
v 0.471299 1.057901 -0.529264
v 0.472964 1.054541 -0.557402
v 0.475668 1.049086 -0.583335
v 0.479308 1.041744 -0.606066
v 0.483742 1.032798 -0.624720
v 0.488801 1.022592 -0.638582
v 0.494291 1.011517 -0.647118
v 0.500000 1.011743 -0.352882
v 0.500000 1.023034 -0.361418
v 0.500000 1.042562 -0.393934
v 0.500000 1.055610 -0.442597
v 0.500000 1.055610 -0.557402
v 0.500000 1.042562 -0.606066
v 0.500000 1.033441 -0.624720
v 0.500000 1.023034 -0.638582
v 0.500000 1.011743 -0.647118
v -0.500000 1.033441 -0.375280
v -0.500000 1.050048 -0.416664
v -0.500000 1.059035 -0.470736
v -0.500000 1.060192 -0.500000
v -0.500000 1.059035 -0.529264
v -0.500000 1.050048 -0.583335
v -0.494291 1.011517 -0.352882
v -0.488801 1.022592 -0.361418
v -0.483742 1.032798 -0.375280
v -0.479308 1.041744 -0.393934
v -0.475668 1.049086 -0.416664
v -0.472964 1.054541 -0.442597
v -0.471299 1.057901 -0.470736
v -0.470736 1.059035 -0.500000
v -0.471299 1.057901 -0.529264
v -0.472964 1.054541 -0.557402
v -0.475668 1.049086 -0.583335
v -0.479308 1.041744 -0.606066
v -0.483742 1.032798 -0.624720
v -0.488801 1.022592 -0.638582
v -0.494291 1.011517 -0.647118
v -0.488801 1.010849 -0.352882
v -0.478033 1.021281 -0.361418
v -0.468109 1.030895 -0.375280
v -0.459410 1.039322 -0.393934
v -0.452272 1.046238 -0.416664
v -0.446967 1.051377 -0.442597
v -0.443700 1.054541 -0.470736
v -0.442597 1.055610 -0.500000
v -0.443700 1.054541 -0.529264
v -0.446967 1.051377 -0.557402
v -0.452272 1.046238 -0.583335
v -0.459410 1.039322 -0.606066
v -0.468109 1.030895 -0.624720
v -0.478033 1.021281 -0.638582
v -0.488801 1.010849 -0.647118
v -0.483742 1.009764 -0.352882
v -0.468109 1.019152 -0.361418
v -0.453701 1.027805 -0.375280
v -0.441073 1.035389 -0.393934
v -0.430709 1.041613 -0.416664
v -0.423008 1.046238 -0.442597
v -0.418266 1.049086 -0.470736
v -0.416664 1.050048 -0.500000
v -0.418266 1.049086 -0.529264
v -0.423008 1.046238 -0.557402
v -0.430709 1.041613 -0.583335
v -0.441073 1.035389 -0.606066
v -0.453701 1.027805 -0.624720
v -0.468109 1.019152 -0.638582
v -0.483742 1.009764 -0.647118
v -0.479308 1.008303 -0.352882
v -0.459410 1.016288 -0.361418
v -0.441073 1.023646 -0.375280
v -0.425000 1.030096 -0.393934
v -0.411809 1.035389 -0.416664
v -0.402008 1.039322 -0.442597
v -0.395972 1.041744 -0.470736
v -0.393934 1.042562 -0.500000
v -0.395972 1.041744 -0.529264
v -0.402008 1.039322 -0.557402
v -0.411809 1.035389 -0.583335
v -0.425000 1.030096 -0.606066
v -0.441073 1.023646 -0.624720
v -0.459410 1.016288 -0.638582
v -0.479308 1.008303 -0.647118
v -0.475668 1.006524 -0.352882
v -0.452272 1.012797 -0.361418
v -0.430709 1.018579 -0.375280
v -0.411809 1.023646 -0.393934
v -0.396299 1.027805 -0.416664
v -0.384773 1.030895 -0.442597
v -0.377676 1.032798 -0.470736
v -0.375280 1.033441 -0.500000
v -0.377676 1.032798 -0.529264
v -0.384773 1.030895 -0.557402
v -0.396299 1.027805 -0.583335
v -0.411809 1.023646 -0.606066
v -0.430709 1.018579 -0.624720
v -0.452272 1.012797 -0.638582
v -0.475668 1.006524 -0.647118
v -0.500000 1.000000 -0.350000
v -0.472964 1.004494 -0.352882
v -0.446967 1.008815 -0.361418
v -0.423008 1.012797 -0.375280
v -0.402008 1.016288 -0.393934
v -0.384773 1.019152 -0.416664
v -0.371967 1.021281 -0.442597
v -0.364081 1.022592 -0.470736
v -0.361418 1.023034 -0.500000
v -0.364081 1.022592 -0.529264
v -0.371967 1.021281 -0.557402
v -0.384773 1.019152 -0.583335
v -0.402008 1.016288 -0.606066
v -0.423008 1.012797 -0.624720
v -0.446967 1.008815 -0.638582
v -0.472964 1.004494 -0.647118
v -0.471299 1.002291 -0.352882
v -0.443700 1.004494 -0.361418
v -0.418266 1.006524 -0.375280
v -0.395972 1.008303 -0.393934
v -0.377676 1.009764 -0.416664
v -0.364081 1.010849 -0.442597
v -0.355709 1.011517 -0.470736
v -0.352882 1.011743 -0.500000
v -0.355709 1.011517 -0.529264
v -0.364081 1.010849 -0.557402
v -0.377676 1.009764 -0.583335
v -0.395972 1.008303 -0.606066
v -0.418266 1.006524 -0.624720
v -0.443700 1.004494 -0.638582
v -0.471299 1.002291 -0.647118
v -0.470736 1.000000 -0.352882
v -0.442597 1.000000 -0.361418
v -0.416664 1.000000 -0.375280
v -0.393934 1.000000 -0.393934
v -0.375280 1.000000 -0.416664
v -0.361418 1.000000 -0.442597
v -0.352882 1.000000 -0.470736
v -0.350000 1.000000 -0.500000
v -0.352882 1.000000 -0.529264
v -0.361418 1.000000 -0.557402
v -0.375280 1.000000 -0.583335
v -0.393934 1.000000 -0.606066
v -0.416664 1.000000 -0.624720
v -0.442597 1.000000 -0.638582
v -0.470736 1.000000 -0.647118
v -0.500000 1.000000 -0.650000
v -0.529263 1.000000 -0.352882
v -0.557402 1.000000 -0.361418
v -0.583335 1.000000 -0.375280
v -0.606066 1.000000 -0.393934
v -0.624720 1.000000 -0.416664
v -0.638582 1.000000 -0.442597
v -0.647118 1.000000 -0.470736
v -0.650000 1.000000 -0.500000
v -0.647118 1.000000 -0.529264
v -0.638582 1.000000 -0.557402
v -0.624720 1.000000 -0.583335
v -0.606066 1.000000 -0.606066
v -0.583335 1.000000 -0.624720
v -0.557402 1.000000 -0.638582
v -0.529263 1.000000 -0.647118
v -0.528701 1.002291 -0.352882
v -0.556300 1.004494 -0.361418
v -0.581734 1.006524 -0.375280
v -0.604028 1.008303 -0.393934
v -0.622324 1.009764 -0.416664
v -0.635919 1.010849 -0.442597
v -0.644291 1.011517 -0.470736
v -0.647118 1.011743 -0.500000
v -0.644291 1.011517 -0.529264
v -0.635919 1.010849 -0.557402
v -0.622324 1.009764 -0.583335
v -0.604028 1.008303 -0.606066
v -0.581734 1.006524 -0.624720
v -0.556300 1.004494 -0.638582
v -0.528701 1.002291 -0.647118
v -0.527036 1.004494 -0.352882
v -0.553033 1.008815 -0.361418
v -0.576992 1.012797 -0.375280
v -0.597992 1.016288 -0.393934
v -0.615227 1.019152 -0.416664
v -0.628033 1.021281 -0.442597
v -0.635919 1.022592 -0.470736
v -0.638582 1.023034 -0.500000
v -0.635919 1.022592 -0.529264
v -0.628033 1.021281 -0.557402
v -0.615227 1.019152 -0.583335
v -0.597992 1.016288 -0.606066
v -0.576992 1.012797 -0.624720
v -0.553033 1.008815 -0.638582
v -0.527036 1.004494 -0.647118
v -0.524332 1.006524 -0.352882
v -0.547728 1.012797 -0.361418
v -0.569291 1.018579 -0.375280
v -0.588191 1.023646 -0.393934
v -0.603701 1.027805 -0.416664
v -0.615227 1.030895 -0.442597
v -0.622324 1.032798 -0.470736
v -0.624720 1.033441 -0.500000
v -0.622324 1.032798 -0.529264
v -0.615227 1.030895 -0.557402
v -0.603701 1.027805 -0.583335
v -0.588191 1.023646 -0.606066
v -0.569291 1.018579 -0.624720
v -0.547728 1.012797 -0.638582
v -0.524332 1.006524 -0.647118
v -0.520692 1.008303 -0.352882
v -0.540590 1.016288 -0.361418
v -0.558927 1.023646 -0.375280
v -0.575000 1.030096 -0.393934
v -0.588191 1.035389 -0.416664
v -0.597992 1.039322 -0.442597
v -0.604028 1.041744 -0.470736
v -0.606066 1.042562 -0.500000
v -0.604028 1.041744 -0.529264
v -0.597992 1.039322 -0.557402
v -0.588191 1.035389 -0.583335
v -0.575000 1.030096 -0.606066
v -0.558927 1.023646 -0.624720
v -0.540590 1.016288 -0.638582
v -0.520692 1.008303 -0.647118
v -0.516258 1.009764 -0.352882
v -0.531891 1.019152 -0.361418
v -0.546299 1.027805 -0.375280
v -0.558927 1.035389 -0.393934
v -0.569291 1.041613 -0.416664
v -0.576992 1.046238 -0.442597
v -0.581734 1.049086 -0.470736
v -0.583335 1.050048 -0.500000
v -0.581734 1.049086 -0.529264
v -0.576992 1.046238 -0.557402
v -0.569291 1.041613 -0.583335
v -0.558927 1.035389 -0.606066
v -0.546299 1.027805 -0.624720
v -0.531891 1.019152 -0.638582
v -0.516258 1.009764 -0.647118
v -0.511199 1.010849 -0.352882
v -0.521967 1.021281 -0.361418
v -0.531891 1.030895 -0.375280
v -0.540590 1.039322 -0.393934
v -0.547728 1.046238 -0.416664
v -0.553033 1.051377 -0.442597
v -0.556299 1.054541 -0.470736
v -0.557402 1.055610 -0.500000
v -0.556299 1.054541 -0.529264
v -0.553033 1.051377 -0.557402
v -0.547728 1.046238 -0.583335
v -0.540590 1.039322 -0.606066
v -0.531891 1.030895 -0.624720
v -0.521967 1.021281 -0.638582
v -0.511199 1.010849 -0.647118
v -0.505709 1.011517 -0.352882
v -0.511199 1.022592 -0.361418
v -0.516258 1.032798 -0.375280
v -0.520692 1.041744 -0.393934
v -0.524332 1.049086 -0.416664
v -0.527036 1.054541 -0.442597
v -0.528701 1.057901 -0.470736
v -0.529263 1.059035 -0.500000
v -0.528701 1.057901 -0.529264
v -0.527036 1.054541 -0.557402
v -0.524332 1.049086 -0.583335
v -0.520692 1.041744 -0.606066
v -0.516258 1.032798 -0.624720
v -0.511199 1.022592 -0.638582
v -0.505709 1.011517 -0.647118
v -0.500000 1.011743 -0.352882
v -0.500000 1.023034 -0.361418
v -0.500000 1.042562 -0.393934
v -0.500000 1.055610 -0.442597
v -0.500000 1.055610 -0.557402
v -0.500000 1.042562 -0.606066
v -0.500000 1.033441 -0.624720
v -0.500000 1.023034 -0.638582
v -0.500000 1.011743 -0.647118
v -1.033441 0.624720 0.500000
v -1.050048 0.583336 0.500000
v -1.059035 0.529264 0.500000
v -1.060192 0.500000 0.500000
v -1.059035 0.470736 0.500000
v -1.050048 0.416664 0.500000
v -1.011517 0.647118 0.494291
v -1.022592 0.638582 0.488801
v -1.032798 0.624720 0.483742
v -1.041744 0.606066 0.479308
v -1.049086 0.583336 0.475668
v -1.054541 0.557402 0.472964
v -1.057901 0.529264 0.471299
v -1.059035 0.500000 0.470737
v -1.057901 0.470736 0.471299
v -1.054541 0.442597 0.472964
v -1.049086 0.416664 0.475668
v -1.041744 0.393934 0.479308
v -1.032798 0.375280 0.483742
v -1.022592 0.361418 0.488801
v -1.011517 0.352882 0.494291
v -1.010849 0.647118 0.488801
v -1.021281 0.638582 0.478033
v -1.030895 0.624720 0.468109
v -1.039322 0.606066 0.459410
v -1.046238 0.583336 0.452272
v -1.051377 0.557402 0.446967
v -1.054541 0.529264 0.443701
v -1.055610 0.500000 0.442598
v -1.054541 0.470736 0.443701
v -1.051377 0.442597 0.446967
v -1.046238 0.416664 0.452272
v -1.039322 0.393934 0.459410
v -1.030895 0.375280 0.468109
v -1.021281 0.361418 0.478033
v -1.010849 0.352882 0.488801
v -1.009764 0.647118 0.483742
v -1.019152 0.638582 0.468109
v -1.027805 0.624720 0.453701
v -1.035389 0.606066 0.441073
v -1.041613 0.583336 0.430709
v -1.046238 0.557402 0.423008
v -1.049086 0.529264 0.418266
v -1.050048 0.500000 0.416665
v -1.049086 0.470736 0.418266
v -1.046238 0.442597 0.423008
v -1.041613 0.416664 0.430709
v -1.035389 0.393934 0.441073
v -1.027805 0.375280 0.453701
v -1.019152 0.361418 0.468109
v -1.009764 0.352882 0.483742
v -1.008303 0.647118 0.479308
v -1.016288 0.638582 0.459410
v -1.023646 0.624720 0.441073
v -1.030096 0.606066 0.425000
v -1.035389 0.583336 0.411809
v -1.039322 0.557402 0.402008
v -1.041744 0.529264 0.395972
v -1.042562 0.500000 0.393934
v -1.041744 0.470736 0.395972
v -1.039322 0.442597 0.402008
v -1.035389 0.416664 0.411809
v -1.030096 0.393934 0.425000
v -1.023646 0.375280 0.441073
v -1.016288 0.361418 0.459410
v -1.008303 0.352882 0.479308
v -1.006524 0.647118 0.475668
v -1.012797 0.638582 0.452272
v -1.018579 0.624720 0.430709
v -1.023646 0.606066 0.411809
v -1.027805 0.583336 0.396299
v -1.030895 0.557402 0.384773
v -1.032798 0.529264 0.377676
v -1.033441 0.500000 0.375280
v -1.032798 0.470736 0.377676
v -1.030895 0.442597 0.384773
v -1.027805 0.416664 0.396299
v -1.023646 0.393934 0.411809
v -1.018579 0.375280 0.430709
v -1.012797 0.361418 0.452272
v -1.006524 0.352882 0.475668
v -1.000000 0.650000 0.500000
v -1.004494 0.647118 0.472964
v -1.008815 0.638582 0.446967
v -1.012797 0.624720 0.423008
v -1.016288 0.606066 0.402008
v -1.019152 0.583336 0.384773
v -1.021281 0.557402 0.371967
v -1.022592 0.529264 0.364081
v -1.023034 0.500000 0.361418
v -1.022592 0.470736 0.364081
v -1.021281 0.442597 0.371967
v -1.019152 0.416664 0.384773
v -1.016288 0.393934 0.402008
v -1.012797 0.375280 0.423008
v -1.008815 0.361418 0.446967
v -1.004494 0.352882 0.472964
v -1.002291 0.647118 0.471299
v -1.004494 0.638582 0.443700
v -1.006524 0.624720 0.418266
v -1.008303 0.606066 0.395972
v -1.009764 0.583336 0.377676
v -1.010849 0.557402 0.364081
v -1.011517 0.529264 0.355709
v -1.011743 0.500000 0.352882
v -1.011517 0.470736 0.355709
v -1.010849 0.442597 0.364081
v -1.009764 0.416664 0.377676
v -1.008303 0.393934 0.395972
v -1.006524 0.375280 0.418266
v -1.004494 0.361418 0.443700
v -1.002291 0.352882 0.471299
v -1.000000 0.647118 0.470736
v -1.000000 0.638582 0.442598
v -1.000000 0.624720 0.416665
v -1.000000 0.606066 0.393934
v -1.000000 0.583336 0.375280
v -1.000000 0.557402 0.361418
v -1.000000 0.529264 0.352882
v -1.000000 0.500000 0.350000
v -1.000000 0.470736 0.352882
v -1.000000 0.442597 0.361418
v -1.000000 0.416664 0.375280
v -1.000000 0.393934 0.393934
v -1.000000 0.375280 0.416665
v -1.000000 0.361418 0.442598
v -1.000000 0.352882 0.470736
v -1.000000 0.350000 0.500000
v -1.000000 0.647118 0.529264
v -1.000000 0.638582 0.557403
v -1.000000 0.624720 0.583336
v -1.000000 0.606066 0.606066
v -1.000000 0.583336 0.624720
v -1.000000 0.557402 0.638582
v -1.000000 0.529264 0.647118
v -1.000000 0.500000 0.650000
v -1.000000 0.470736 0.647118
v -1.000000 0.442597 0.638582
v -1.000000 0.416664 0.624720
v -1.000000 0.393934 0.606066
v -1.000000 0.375280 0.583336
v -1.000000 0.361418 0.557403
v -1.000000 0.352882 0.529264
v -1.002291 0.647118 0.528701
v -1.004494 0.638582 0.556300
v -1.006524 0.624720 0.581734
v -1.008303 0.606066 0.604028
v -1.009764 0.583336 0.622324
v -1.010849 0.557402 0.635919
v -1.011517 0.529264 0.644291
v -1.011743 0.500000 0.647118
v -1.011517 0.470736 0.644291
v -1.010849 0.442597 0.635919
v -1.009764 0.416664 0.622324
v -1.008303 0.393934 0.604028
v -1.006524 0.375280 0.581734
v -1.004494 0.361418 0.556300
v -1.002291 0.352882 0.528701
v -1.004494 0.647118 0.527036
v -1.008815 0.638582 0.553033
v -1.012797 0.624720 0.576992
v -1.016288 0.606066 0.597992
v -1.019152 0.583336 0.615227
v -1.021281 0.557402 0.628033
v -1.022592 0.529264 0.635919
v -1.023034 0.500000 0.638582
v -1.022592 0.470736 0.635919
v -1.021281 0.442597 0.628033
v -1.019152 0.416664 0.615227
v -1.016288 0.393934 0.597992
v -1.012797 0.375280 0.576992
v -1.008815 0.361418 0.553033
v -1.004494 0.352882 0.527036
v -1.006524 0.647118 0.524332
v -1.012797 0.638582 0.547728
v -1.018579 0.624720 0.569291
v -1.023646 0.606066 0.588191
v -1.027805 0.583336 0.603701
v -1.030895 0.557402 0.615227
v -1.032798 0.529264 0.622324
v -1.033441 0.500000 0.624720
v -1.032798 0.470736 0.622324
v -1.030895 0.442597 0.615227
v -1.027805 0.416664 0.603701
v -1.023646 0.393934 0.588191
v -1.018579 0.375280 0.569291
v -1.012797 0.361418 0.547728
v -1.006524 0.352882 0.524332
v -1.008303 0.647118 0.520692
v -1.016288 0.638582 0.540590
v -1.023646 0.624720 0.558927
v -1.030096 0.606066 0.575000
v -1.035389 0.583336 0.588191
v -1.039322 0.557402 0.597992
v -1.041744 0.529264 0.604028
v -1.042562 0.500000 0.606066
v -1.041744 0.470736 0.604028
v -1.039322 0.442597 0.597992
v -1.035389 0.416664 0.588191
v -1.030096 0.393934 0.575000
v -1.023646 0.375280 0.558927
v -1.016288 0.361418 0.540590
v -1.008303 0.352882 0.520692
v -1.009764 0.647118 0.516258
v -1.019152 0.638582 0.531891
v -1.027805 0.624720 0.546299
v -1.035389 0.606066 0.558927
v -1.041613 0.583336 0.569291
v -1.046238 0.557402 0.576992
v -1.049086 0.529264 0.581734
v -1.050048 0.500000 0.583335
v -1.049086 0.470736 0.581734
v -1.046238 0.442597 0.576992
v -1.041613 0.416664 0.569291
v -1.035389 0.393934 0.558927
v -1.027805 0.375280 0.546299
v -1.019152 0.361418 0.531891
v -1.009764 0.352882 0.516258
v -1.010849 0.647118 0.511199
v -1.021281 0.638582 0.521967
v -1.030895 0.624720 0.531891
v -1.039322 0.606066 0.540590
v -1.046238 0.583336 0.547728
v -1.051377 0.557402 0.553033
v -1.054541 0.529264 0.556300
v -1.055610 0.500000 0.557402
v -1.054541 0.470736 0.556300
v -1.051377 0.442597 0.553033
v -1.046238 0.416664 0.547728
v -1.039322 0.393934 0.540590
v -1.030895 0.375280 0.531891
v -1.021281 0.361418 0.521967
v -1.010849 0.352882 0.511199
v -1.011517 0.647118 0.505709
v -1.022592 0.638582 0.511199
v -1.032798 0.624720 0.516258
v -1.041744 0.606066 0.520692
v -1.049086 0.583336 0.524332
v -1.054541 0.557402 0.527036
v -1.057901 0.529264 0.528701
v -1.059035 0.500000 0.529263
v -1.057901 0.470736 0.528701
v -1.054541 0.442597 0.527036
v -1.049086 0.416664 0.524332
v -1.041744 0.393934 0.520692
v -1.032798 0.375280 0.516258
v -1.022592 0.361418 0.511199
v -1.011517 0.352882 0.505709
v -1.011743 0.647118 0.500000
v -1.023034 0.638582 0.500000
v -1.042562 0.606066 0.500000
v -1.055610 0.557402 0.500000
v -1.055610 0.442597 0.500000
v -1.042562 0.393934 0.500000
v -1.033441 0.375280 0.500000
v -1.023034 0.361418 0.500000
v -1.011743 0.352882 0.500000
v -1.033441 0.624720 -0.500000
v -1.050048 0.583336 -0.500000
v -1.059035 0.529264 -0.500000
v -1.060192 0.500000 -0.500000
v -1.059035 0.470736 -0.500000
v -1.050048 0.416664 -0.500000
v -1.011517 0.647118 -0.505709
v -1.022592 0.638582 -0.511199
v -1.032798 0.624720 -0.516258
v -1.041744 0.606066 -0.520692
v -1.049086 0.583336 -0.524332
v -1.054541 0.557402 -0.527036
v -1.057901 0.529264 -0.528701
v -1.059035 0.500000 -0.529264
v -1.057901 0.470736 -0.528701
v -1.054541 0.442597 -0.527036
v -1.049086 0.416664 -0.524332
v -1.041744 0.393934 -0.520692
v -1.032798 0.375280 -0.516258
v -1.022592 0.361418 -0.511199
v -1.011517 0.352882 -0.505709
v -1.010849 0.647118 -0.511199
v -1.021281 0.638582 -0.521967
v -1.030895 0.624720 -0.531891
v -1.039322 0.606066 -0.540590
v -1.046238 0.583336 -0.547728
v -1.051377 0.557402 -0.553033
v -1.054541 0.529264 -0.556300
v -1.055610 0.500000 -0.557402
v -1.054541 0.470736 -0.556300
v -1.051377 0.442597 -0.553033
v -1.046238 0.416664 -0.547728
v -1.039322 0.393934 -0.540590
v -1.030895 0.375280 -0.531891
v -1.021281 0.361418 -0.521967
v -1.010849 0.352882 -0.511199
v -1.009764 0.647118 -0.516258
v -1.019152 0.638582 -0.531891
v -1.027805 0.624720 -0.546299
v -1.035389 0.606066 -0.558927
v -1.041613 0.583336 -0.569291
v -1.046238 0.557402 -0.576992
v -1.049086 0.529264 -0.581734
v -1.050048 0.500000 -0.583335
v -1.049086 0.470736 -0.581734
v -1.046238 0.442597 -0.576992
v -1.041613 0.416664 -0.569291
v -1.035389 0.393934 -0.558927
v -1.027805 0.375280 -0.546299
v -1.019152 0.361418 -0.531891
v -1.009764 0.352882 -0.516258
v -1.008303 0.647118 -0.520692
v -1.016288 0.638582 -0.540590
v -1.023646 0.624720 -0.558927
v -1.030096 0.606066 -0.575000
v -1.035389 0.583336 -0.588191
v -1.039322 0.557402 -0.597992
v -1.041744 0.529264 -0.604028
v -1.042562 0.500000 -0.606066
v -1.041744 0.470736 -0.604028
v -1.039322 0.442597 -0.597992
v -1.035389 0.416664 -0.588191
v -1.030096 0.393934 -0.575000
v -1.023646 0.375280 -0.558927
v -1.016288 0.361418 -0.540590
v -1.008303 0.352882 -0.520692
v -1.006524 0.647118 -0.524332
v -1.012797 0.638582 -0.547728
v -1.018579 0.624720 -0.569291
v -1.023646 0.606066 -0.588191
v -1.027805 0.583336 -0.603701
v -1.030895 0.557402 -0.615227
v -1.032798 0.529264 -0.622324
v -1.033441 0.500000 -0.624720
v -1.032798 0.470736 -0.622324
v -1.030895 0.442597 -0.615227
v -1.027805 0.416664 -0.603701
v -1.023646 0.393934 -0.588191
v -1.018579 0.375280 -0.569291
v -1.012797 0.361418 -0.547728
v -1.006524 0.352882 -0.524332
v -1.000000 0.650000 -0.500000
v -1.004494 0.647118 -0.527036
v -1.008815 0.638582 -0.553033
v -1.012797 0.624720 -0.576992
v -1.016288 0.606066 -0.597992
v -1.019152 0.583336 -0.615227
v -1.021281 0.557402 -0.628033
v -1.022592 0.529264 -0.635919
v -1.023034 0.500000 -0.638582
v -1.022592 0.470736 -0.635919
v -1.021281 0.442597 -0.628033
v -1.019152 0.416664 -0.615227
v -1.016288 0.393934 -0.597992
v -1.012797 0.375280 -0.576992
v -1.008815 0.361418 -0.553033
v -1.004494 0.352882 -0.527036
v -1.002291 0.647118 -0.528701
v -1.004494 0.638582 -0.556300
v -1.006524 0.624720 -0.581734
v -1.008303 0.606066 -0.604028
v -1.009764 0.583336 -0.622324
v -1.010849 0.557402 -0.635919
v -1.011517 0.529264 -0.644291
v -1.011743 0.500000 -0.647118
v -1.011517 0.470736 -0.644291
v -1.010849 0.442597 -0.635919
v -1.009764 0.416664 -0.622324
v -1.008303 0.393934 -0.604028
v -1.006524 0.375280 -0.581734
v -1.004494 0.361418 -0.556300
v -1.002291 0.352882 -0.528701
v -1.000000 0.647118 -0.529264
v -1.000000 0.638582 -0.557402
v -1.000000 0.624720 -0.583335
v -1.000000 0.606066 -0.606066
v -1.000000 0.583336 -0.624720
v -1.000000 0.557402 -0.638582
v -1.000000 0.529264 -0.647118
v -1.000000 0.500000 -0.650000
v -1.000000 0.470736 -0.647118
v -1.000000 0.442597 -0.638582
v -1.000000 0.416664 -0.624720
v -1.000000 0.393934 -0.606066
v -1.000000 0.375280 -0.583335
v -1.000000 0.361418 -0.557402
v -1.000000 0.352882 -0.529264
v -1.000000 0.350000 -0.500000
v -1.000000 0.647118 -0.470736
v -1.000000 0.638582 -0.442597
v -1.000000 0.624720 -0.416665
v -1.000000 0.606066 -0.393934
v -1.000000 0.583336 -0.375280
v -1.000000 0.557402 -0.361418
v -1.000000 0.529264 -0.352882
v -1.000000 0.500000 -0.350000
v -1.000000 0.470736 -0.352882
v -1.000000 0.442597 -0.361418
v -1.000000 0.416664 -0.375280
v -1.000000 0.393934 -0.393934
v -1.000000 0.375280 -0.416665
v -1.000000 0.361418 -0.442597
v -1.000000 0.352882 -0.470736
v -1.002291 0.647118 -0.471299
v -1.004494 0.638582 -0.443700
v -1.006524 0.624720 -0.418266
v -1.008303 0.606066 -0.395972
v -1.009764 0.583336 -0.377676
v -1.010849 0.557402 -0.364081
v -1.011517 0.529264 -0.355709
v -1.011743 0.500000 -0.352882
v -1.011517 0.470736 -0.355709
v -1.010849 0.442597 -0.364081
v -1.009764 0.416664 -0.377676
v -1.008303 0.393934 -0.395972
v -1.006524 0.375280 -0.418266
v -1.004494 0.361418 -0.443700
v -1.002291 0.352882 -0.471299
v -1.004494 0.647118 -0.472964
v -1.008815 0.638582 -0.446967
v -1.012797 0.624720 -0.423008
v -1.016288 0.606066 -0.402008
v -1.019152 0.583336 -0.384773
v -1.021281 0.557402 -0.371967
v -1.022592 0.529264 -0.364081
v -1.023034 0.500000 -0.361418
v -1.022592 0.470736 -0.364081
v -1.021281 0.442597 -0.371967
v -1.019152 0.416664 -0.384773
v -1.016288 0.393934 -0.402008
v -1.012797 0.375280 -0.423008
v -1.008815 0.361418 -0.446967
v -1.004494 0.352882 -0.472964
v -1.006524 0.647118 -0.475668
v -1.012797 0.638582 -0.452272
v -1.018579 0.624720 -0.430709
v -1.023646 0.606066 -0.411809
v -1.027805 0.583336 -0.396299
v -1.030895 0.557402 -0.384773
v -1.032798 0.529264 -0.377676
v -1.033441 0.500000 -0.375280
v -1.032798 0.470736 -0.377676
v -1.030895 0.442597 -0.384773
v -1.027805 0.416664 -0.396299
v -1.023646 0.393934 -0.411809
v -1.018579 0.375280 -0.430709
v -1.012797 0.361418 -0.452272
v -1.006524 0.352882 -0.475668
v -1.008303 0.647118 -0.479308
v -1.016288 0.638582 -0.459410
v -1.023646 0.624720 -0.441073
v -1.030096 0.606066 -0.425000
v -1.035389 0.583336 -0.411809
v -1.039322 0.557402 -0.402008
v -1.041744 0.529264 -0.395972
v -1.042562 0.500000 -0.393934
v -1.041744 0.470736 -0.395972
v -1.039322 0.442597 -0.402008
v -1.035389 0.416664 -0.411809
v -1.030096 0.393934 -0.425000
v -1.023646 0.375280 -0.441073
v -1.016288 0.361418 -0.459410
v -1.008303 0.352882 -0.479308
v -1.009764 0.647118 -0.483742
v -1.019152 0.638582 -0.468109
v -1.027805 0.624720 -0.453701
v -1.035389 0.606066 -0.441073
v -1.041613 0.583336 -0.430709
v -1.046238 0.557402 -0.423008
v -1.049086 0.529264 -0.418266
v -1.050048 0.500000 -0.416665
v -1.049086 0.470736 -0.418266
v -1.046238 0.442597 -0.423008
v -1.041613 0.416664 -0.430709
v -1.035389 0.393934 -0.441073
v -1.027805 0.375280 -0.453701
v -1.019152 0.361418 -0.468109
v -1.009764 0.352882 -0.483742
v -1.010849 0.647118 -0.488801
v -1.021281 0.638582 -0.478033
v -1.030895 0.624720 -0.468109
v -1.039322 0.606066 -0.459410
v -1.046238 0.583336 -0.452272
v -1.051377 0.557402 -0.446967
v -1.054541 0.529264 -0.443700
v -1.055610 0.500000 -0.442598
v -1.054541 0.470736 -0.443700
v -1.051377 0.442597 -0.446967
v -1.046238 0.416664 -0.452272
v -1.039322 0.393934 -0.459410
v -1.030895 0.375280 -0.468109
v -1.021281 0.361418 -0.478033
v -1.010849 0.352882 -0.488801
v -1.011517 0.647118 -0.494291
v -1.022592 0.638582 -0.488801
v -1.032798 0.624720 -0.483742
v -1.041744 0.606066 -0.479308
v -1.049086 0.583336 -0.475668
v -1.054541 0.557402 -0.472964
v -1.057901 0.529264 -0.471299
v -1.059035 0.500000 -0.470737
v -1.057901 0.470736 -0.471299
v -1.054541 0.442597 -0.472964
v -1.049086 0.416664 -0.475668
v -1.041744 0.393934 -0.479308
v -1.032798 0.375280 -0.483742
v -1.022592 0.361418 -0.488801
v -1.011517 0.352882 -0.494291
v -1.011743 0.647118 -0.500000
v -1.023034 0.638582 -0.500000
v -1.042562 0.606066 -0.500000
v -1.055610 0.557402 -0.500000
v -1.055610 0.442597 -0.500000
v -1.042562 0.393934 -0.500000
v -1.033441 0.375280 -0.500000
v -1.023034 0.361418 -0.500000
v -1.011743 0.352882 -0.500000
v -1.033441 -0.375280 -0.500000
v -1.050048 -0.416664 -0.500000
v -1.059035 -0.470736 -0.500000
v -1.060192 -0.500000 -0.500000
v -1.059035 -0.529264 -0.500000
v -1.050048 -0.583336 -0.500000
v -1.011517 -0.352882 -0.505709
v -1.022592 -0.361418 -0.511199
v -1.032798 -0.375280 -0.516258
v -1.041744 -0.393934 -0.520692
v -1.049086 -0.416664 -0.524332
v -1.054541 -0.442598 -0.527036
v -1.057901 -0.470736 -0.528701
v -1.059035 -0.500000 -0.529264
v -1.057901 -0.529264 -0.528701
v -1.054541 -0.557402 -0.527036
v -1.049086 -0.583336 -0.524332
v -1.041744 -0.606066 -0.520692
v -1.032798 -0.624720 -0.516258
v -1.022592 -0.638582 -0.511199
v -1.011517 -0.647118 -0.505709
v -1.010849 -0.352882 -0.511199
v -1.021281 -0.361418 -0.521967
v -1.030895 -0.375280 -0.531891
v -1.039322 -0.393934 -0.540590
v -1.046238 -0.416664 -0.547728
v -1.051377 -0.442598 -0.553033
v -1.054541 -0.470736 -0.556300
v -1.055610 -0.500000 -0.557402
v -1.054541 -0.529264 -0.556300
v -1.051377 -0.557402 -0.553033
v -1.046238 -0.583336 -0.547728
v -1.039322 -0.606066 -0.540590
v -1.030895 -0.624720 -0.531891
v -1.021281 -0.638582 -0.521967
v -1.010849 -0.647118 -0.511199
v -1.009764 -0.352882 -0.516258
v -1.019152 -0.361418 -0.531891
v -1.027805 -0.375280 -0.546299
v -1.035389 -0.393934 -0.558927
v -1.041613 -0.416664 -0.569291
v -1.046238 -0.442598 -0.576992
v -1.049086 -0.470736 -0.581734
v -1.050048 -0.500000 -0.583335
v -1.049086 -0.529264 -0.581734
v -1.046238 -0.557402 -0.576992
v -1.041613 -0.583336 -0.569291
v -1.035389 -0.606066 -0.558927
v -1.027805 -0.624720 -0.546299
v -1.019152 -0.638582 -0.531891
v -1.009764 -0.647118 -0.516258
v -1.008303 -0.352882 -0.520692
v -1.016288 -0.361418 -0.540590
v -1.023646 -0.375280 -0.558927
v -1.030096 -0.393934 -0.575000
v -1.035389 -0.416664 -0.588191
v -1.039322 -0.442598 -0.597992
v -1.041744 -0.470736 -0.604028
v -1.042562 -0.500000 -0.606066
v -1.041744 -0.529264 -0.604028
v -1.039322 -0.557402 -0.597992
v -1.035389 -0.583336 -0.588191
v -1.030096 -0.606066 -0.575000
v -1.023646 -0.624720 -0.558927
v -1.016288 -0.638582 -0.540590
v -1.008303 -0.647118 -0.520692
v -1.006524 -0.352882 -0.524332
v -1.012797 -0.361418 -0.547728
v -1.018579 -0.375280 -0.569291
v -1.023646 -0.393934 -0.588191
v -1.027805 -0.416664 -0.603701
v -1.030895 -0.442598 -0.615227
v -1.032798 -0.470736 -0.622324
v -1.033441 -0.500000 -0.624720
v -1.032798 -0.529264 -0.622324
v -1.030895 -0.557402 -0.615227
v -1.027805 -0.583336 -0.603701
v -1.023646 -0.606066 -0.588191
v -1.018579 -0.624720 -0.569291
v -1.012797 -0.638582 -0.547728
v -1.006524 -0.647118 -0.524332
v -1.000000 -0.350000 -0.500000
v -1.004494 -0.352882 -0.527036
v -1.008815 -0.361418 -0.553033
v -1.012797 -0.375280 -0.576992
v -1.016288 -0.393934 -0.597992
v -1.019152 -0.416664 -0.615227
v -1.021281 -0.442598 -0.628033
v -1.022592 -0.470736 -0.635919
v -1.023034 -0.500000 -0.638582
v -1.022592 -0.529264 -0.635919
v -1.021281 -0.557402 -0.628033
v -1.019152 -0.583336 -0.615227
v -1.016288 -0.606066 -0.597992
v -1.012797 -0.624720 -0.576992
v -1.008815 -0.638582 -0.553033
v -1.004494 -0.647118 -0.527036
v -1.002291 -0.352882 -0.528701
v -1.004494 -0.361418 -0.556300
v -1.006524 -0.375280 -0.581734
v -1.008303 -0.393934 -0.604028
v -1.009764 -0.416664 -0.622324
v -1.010849 -0.442598 -0.635919
v -1.011517 -0.470736 -0.644291
v -1.011743 -0.500000 -0.647118
v -1.011517 -0.529264 -0.644291
v -1.010849 -0.557402 -0.635919
v -1.009764 -0.583336 -0.622324
v -1.008303 -0.606066 -0.604028
v -1.006524 -0.624720 -0.581734
v -1.004494 -0.638582 -0.556300
v -1.002291 -0.647118 -0.528701
v -1.000000 -0.352882 -0.529264
v -1.000000 -0.361418 -0.557402
v -1.000000 -0.375280 -0.583335
v -1.000000 -0.393934 -0.606066
v -1.000000 -0.416664 -0.624720
v -1.000000 -0.442598 -0.638582
v -1.000000 -0.470736 -0.647118
v -1.000000 -0.500000 -0.650000
v -1.000000 -0.529264 -0.647118
v -1.000000 -0.557402 -0.638582
v -1.000000 -0.583336 -0.624720
v -1.000000 -0.606066 -0.606066
v -1.000000 -0.624720 -0.583335
v -1.000000 -0.638582 -0.557402
v -1.000000 -0.647118 -0.529264
v -1.000000 -0.650000 -0.500000
v -1.000000 -0.352882 -0.470736
v -1.000000 -0.361418 -0.442597
v -1.000000 -0.375280 -0.416665
v -1.000000 -0.393934 -0.393934
v -1.000000 -0.416664 -0.375280
v -1.000000 -0.442598 -0.361418
v -1.000000 -0.470736 -0.352882
v -1.000000 -0.500000 -0.350000
v -1.000000 -0.529264 -0.352882
v -1.000000 -0.557402 -0.361418
v -1.000000 -0.583336 -0.375280
v -1.000000 -0.606066 -0.393934
v -1.000000 -0.624720 -0.416665
v -1.000000 -0.638582 -0.442597
v -1.000000 -0.647118 -0.470736
v -1.002291 -0.352882 -0.471299
v -1.004494 -0.361418 -0.443700
v -1.006524 -0.375280 -0.418266
v -1.008303 -0.393934 -0.395972
v -1.009764 -0.416664 -0.377676
v -1.010849 -0.442598 -0.364081
v -1.011517 -0.470736 -0.355709
v -1.011743 -0.500000 -0.352882
v -1.011517 -0.529264 -0.355709
v -1.010849 -0.557402 -0.364081
v -1.009764 -0.583336 -0.377676
v -1.008303 -0.606066 -0.395972
v -1.006524 -0.624720 -0.418266
v -1.004494 -0.638582 -0.443700
v -1.002291 -0.647118 -0.471299
v -1.004494 -0.352882 -0.472964
v -1.008815 -0.361418 -0.446967
v -1.012797 -0.375280 -0.423008
v -1.016288 -0.393934 -0.402008
v -1.019152 -0.416664 -0.384773
v -1.021281 -0.442598 -0.371967
v -1.022592 -0.470736 -0.364081
v -1.023034 -0.500000 -0.361418
v -1.022592 -0.529264 -0.364081
v -1.021281 -0.557402 -0.371967
v -1.019152 -0.583336 -0.384773
v -1.016288 -0.606066 -0.402008
v -1.012797 -0.624720 -0.423008
v -1.008815 -0.638582 -0.446967
v -1.004494 -0.647118 -0.472964
v -1.006524 -0.352882 -0.475668
v -1.012797 -0.361418 -0.452272
v -1.018579 -0.375280 -0.430709
v -1.023646 -0.393934 -0.411809
v -1.027805 -0.416664 -0.396299
v -1.030895 -0.442598 -0.384773
v -1.032798 -0.470736 -0.377676
v -1.033441 -0.500000 -0.375280
v -1.032798 -0.529264 -0.377676
v -1.030895 -0.557402 -0.384773
v -1.027805 -0.583336 -0.396299
v -1.023646 -0.606066 -0.411809
v -1.018579 -0.624720 -0.430709
v -1.012797 -0.638582 -0.452272
v -1.006524 -0.647118 -0.475668
v -1.008303 -0.352882 -0.479308
v -1.016288 -0.361418 -0.459410
v -1.023646 -0.375280 -0.441073
v -1.030096 -0.393934 -0.425000
v -1.035389 -0.416664 -0.411809
v -1.039322 -0.442598 -0.402008
v -1.041744 -0.470736 -0.395972
v -1.042562 -0.500000 -0.393934
v -1.041744 -0.529264 -0.395972
v -1.039322 -0.557402 -0.402008
v -1.035389 -0.583336 -0.411809
v -1.030096 -0.606066 -0.425000
v -1.023646 -0.624720 -0.441073
v -1.016288 -0.638582 -0.459410
v -1.008303 -0.647118 -0.479308
v -1.009764 -0.352882 -0.483742
v -1.019152 -0.361418 -0.468109
v -1.027805 -0.375280 -0.453701
v -1.035389 -0.393934 -0.441073
v -1.041613 -0.416664 -0.430709
v -1.046238 -0.442598 -0.423008
v -1.049086 -0.470736 -0.418266
v -1.050048 -0.500000 -0.416665
v -1.049086 -0.529264 -0.418266
v -1.046238 -0.557402 -0.423008
v -1.041613 -0.583336 -0.430709
v -1.035389 -0.606066 -0.441073
v -1.027805 -0.624720 -0.453701
v -1.019152 -0.638582 -0.468109
v -1.009764 -0.647118 -0.483742
v -1.010849 -0.352882 -0.488801
v -1.021281 -0.361418 -0.478033
v -1.030895 -0.375280 -0.468109
v -1.039322 -0.393934 -0.459410
v -1.046238 -0.416664 -0.452272
v -1.051377 -0.442598 -0.446967
v -1.054541 -0.470736 -0.443700
v -1.055610 -0.500000 -0.442598
v -1.054541 -0.529264 -0.443700
v -1.051377 -0.557402 -0.446967
v -1.046238 -0.583336 -0.452272
v -1.039322 -0.606066 -0.459410
v -1.030895 -0.624720 -0.468109
v -1.021281 -0.638582 -0.478033
v -1.010849 -0.647118 -0.488801
v -1.011517 -0.352882 -0.494291
v -1.022592 -0.361418 -0.488801
v -1.032798 -0.375280 -0.483742
v -1.041744 -0.393934 -0.479308
v -1.049086 -0.416664 -0.475668
v -1.054541 -0.442598 -0.472964
v -1.057901 -0.470736 -0.471299
v -1.059035 -0.500000 -0.470737
v -1.057901 -0.529264 -0.471299
v -1.054541 -0.557402 -0.472964
v -1.049086 -0.583336 -0.475668
v -1.041744 -0.606066 -0.479308
v -1.032798 -0.624720 -0.483742
v -1.022592 -0.638582 -0.488801
v -1.011517 -0.647118 -0.494291
v -1.011743 -0.352882 -0.500000
v -1.023034 -0.361418 -0.500000
v -1.042562 -0.393934 -0.500000
v -1.055610 -0.442598 -0.500000
v -1.055610 -0.557402 -0.500000
v -1.042562 -0.606066 -0.500000
v -1.033441 -0.624720 -0.500000
v -1.023034 -0.638582 -0.500000
v -1.011743 -0.647118 -0.500000
v -1.033441 -0.375280 0.500000
v -1.050048 -0.416664 0.500000
v -1.059035 -0.470736 0.500000
v -1.060192 -0.500000 0.500000
v -1.059035 -0.529264 0.500000
v -1.050048 -0.583336 0.500000
v -1.011517 -0.352882 0.494291
v -1.022592 -0.361418 0.488801
v -1.032798 -0.375280 0.483742
v -1.041744 -0.393934 0.479308
v -1.049086 -0.416664 0.475668
v -1.054541 -0.442598 0.472964
v -1.057901 -0.470736 0.471299
v -1.059035 -0.500000 0.470737
v -1.057901 -0.529264 0.471299
v -1.054541 -0.557402 0.472964
v -1.049086 -0.583336 0.475668
v -1.041744 -0.606066 0.479308
v -1.032798 -0.624720 0.483742
v -1.022592 -0.638582 0.488801
v -1.011517 -0.647118 0.494291
v -1.010849 -0.352882 0.488801
v -1.021281 -0.361418 0.478033
v -1.030895 -0.375280 0.468109
v -1.039322 -0.393934 0.459410
v -1.046238 -0.416664 0.452272
v -1.051377 -0.442598 0.446967
v -1.054541 -0.470736 0.443701
v -1.055610 -0.500000 0.442598
v -1.054541 -0.529264 0.443701
v -1.051377 -0.557402 0.446967
v -1.046238 -0.583336 0.452272
v -1.039322 -0.606066 0.459410
v -1.030895 -0.624720 0.468109
v -1.021281 -0.638582 0.478033
v -1.010849 -0.647118 0.488801
v -1.009764 -0.352882 0.483742
v -1.019152 -0.361418 0.468109
v -1.027805 -0.375280 0.453701
v -1.035389 -0.393934 0.441073
v -1.041613 -0.416664 0.430709
v -1.046238 -0.442598 0.423008
v -1.049086 -0.470736 0.418266
v -1.050048 -0.500000 0.416665
v -1.049086 -0.529264 0.418266
v -1.046238 -0.557402 0.423008
v -1.041613 -0.583336 0.430709
v -1.035389 -0.606066 0.441073
v -1.027805 -0.624720 0.453701
v -1.019152 -0.638582 0.468109
v -1.009764 -0.647118 0.483742
v -1.008303 -0.352882 0.479308
v -1.016288 -0.361418 0.459410
v -1.023646 -0.375280 0.441073
v -1.030096 -0.393934 0.425000
v -1.035389 -0.416664 0.411809
v -1.039322 -0.442598 0.402008
v -1.041744 -0.470736 0.395972
v -1.042562 -0.500000 0.393934
v -1.041744 -0.529264 0.395972
v -1.039322 -0.557402 0.402008
v -1.035389 -0.583336 0.411809
v -1.030096 -0.606066 0.425000
v -1.023646 -0.624720 0.441073
v -1.016288 -0.638582 0.459410
v -1.008303 -0.647118 0.479308
v -1.006524 -0.352882 0.475668
v -1.012797 -0.361418 0.452272
v -1.018579 -0.375280 0.430709
v -1.023646 -0.393934 0.411809
v -1.027805 -0.416664 0.396299
v -1.030895 -0.442598 0.384773
v -1.032798 -0.470736 0.377676
v -1.033441 -0.500000 0.375280
v -1.032798 -0.529264 0.377676
v -1.030895 -0.557402 0.384773
v -1.027805 -0.583336 0.396299
v -1.023646 -0.606066 0.411809
v -1.018579 -0.624720 0.430709
v -1.012797 -0.638582 0.452272
v -1.006524 -0.647118 0.475668
v -1.000000 -0.350000 0.500000
v -1.004494 -0.352882 0.472964
v -1.008815 -0.361418 0.446967
v -1.012797 -0.375280 0.423008
v -1.016288 -0.393934 0.402008
v -1.019152 -0.416664 0.384773
v -1.021281 -0.442598 0.371967
v -1.022592 -0.470736 0.364081
v -1.023034 -0.500000 0.361418
v -1.022592 -0.529264 0.364081
v -1.021281 -0.557402 0.371967
v -1.019152 -0.583336 0.384773
v -1.016288 -0.606066 0.402008
v -1.012797 -0.624720 0.423008
v -1.008815 -0.638582 0.446967
v -1.004494 -0.647118 0.472964
v -1.002291 -0.352882 0.471299
v -1.004494 -0.361418 0.443700
v -1.006524 -0.375280 0.418266
v -1.008303 -0.393934 0.395972
v -1.009764 -0.416664 0.377676
v -1.010849 -0.442598 0.364081
v -1.011517 -0.470736 0.355709
v -1.011743 -0.500000 0.352882
v -1.011517 -0.529264 0.355709
v -1.010849 -0.557402 0.364081
v -1.009764 -0.583336 0.377676
v -1.008303 -0.606066 0.395972
v -1.006524 -0.624720 0.418266
v -1.004494 -0.638582 0.443700
v -1.002291 -0.647118 0.471299
v -1.000000 -0.352882 0.470736
v -1.000000 -0.361418 0.442598
v -1.000000 -0.375280 0.416665
v -1.000000 -0.393934 0.393934
v -1.000000 -0.416664 0.375280
v -1.000000 -0.442598 0.361418
v -1.000000 -0.470736 0.352882
v -1.000000 -0.500000 0.350000
v -1.000000 -0.529264 0.352882
v -1.000000 -0.557402 0.361418
v -1.000000 -0.583336 0.375280
v -1.000000 -0.606066 0.393934
v -1.000000 -0.624720 0.416665
v -1.000000 -0.638582 0.442598
v -1.000000 -0.647118 0.470736
v -1.000000 -0.650000 0.500000
v -1.000000 -0.352882 0.529264
v -1.000000 -0.361418 0.557403
v -1.000000 -0.375280 0.583336
v -1.000000 -0.393934 0.606066
v -1.000000 -0.416664 0.624720
v -1.000000 -0.442598 0.638582
v -1.000000 -0.470736 0.647118
v -1.000000 -0.500000 0.650000
v -1.000000 -0.529264 0.647118
v -1.000000 -0.557402 0.638582
v -1.000000 -0.583336 0.624720
v -1.000000 -0.606066 0.606066
v -1.000000 -0.624720 0.583336
v -1.000000 -0.638582 0.557403
v -1.000000 -0.647118 0.529264
v -1.002291 -0.352882 0.528701
v -1.004494 -0.361418 0.556300
v -1.006524 -0.375280 0.581734
v -1.008303 -0.393934 0.604028
v -1.009764 -0.416664 0.622324
v -1.010849 -0.442598 0.635919
v -1.011517 -0.470736 0.644291
v -1.011743 -0.500000 0.647118
v -1.011517 -0.529264 0.644291
v -1.010849 -0.557402 0.635919
v -1.009764 -0.583336 0.622324
v -1.008303 -0.606066 0.604028
v -1.006524 -0.624720 0.581734
v -1.004494 -0.638582 0.556300
v -1.002291 -0.647118 0.528701
v -1.004494 -0.352882 0.527036
v -1.008815 -0.361418 0.553033
v -1.012797 -0.375280 0.576992
v -1.016288 -0.393934 0.597992
v -1.019152 -0.416664 0.615227
v -1.021281 -0.442598 0.628033
v -1.022592 -0.470736 0.635919
v -1.023034 -0.500000 0.638582
v -1.022592 -0.529264 0.635919
v -1.021281 -0.557402 0.628033
v -1.019152 -0.583336 0.615227
v -1.016288 -0.606066 0.597992
v -1.012797 -0.624720 0.576992
v -1.008815 -0.638582 0.553033
v -1.004494 -0.647118 0.527036
v -1.006524 -0.352882 0.524332
v -1.012797 -0.361418 0.547728
v -1.018579 -0.375280 0.569291
v -1.023646 -0.393934 0.588191
v -1.027805 -0.416664 0.603701
v -1.030895 -0.442598 0.615227
v -1.032798 -0.470736 0.622324
v -1.033441 -0.500000 0.624720
v -1.032798 -0.529264 0.622324
v -1.030895 -0.557402 0.615227
v -1.027805 -0.583336 0.603701
v -1.023646 -0.606066 0.588191
v -1.018579 -0.624720 0.569291
v -1.012797 -0.638582 0.547728
v -1.006524 -0.647118 0.524332
v -1.008303 -0.352882 0.520692
v -1.016288 -0.361418 0.540590
v -1.023646 -0.375280 0.558927
v -1.030096 -0.393934 0.575000
v -1.035389 -0.416664 0.588191
v -1.039322 -0.442598 0.597992
v -1.041744 -0.470736 0.604028
v -1.042562 -0.500000 0.606066
v -1.041744 -0.529264 0.604028
v -1.039322 -0.557402 0.597992
v -1.035389 -0.583336 0.588191
v -1.030096 -0.606066 0.575000
v -1.023646 -0.624720 0.558927
v -1.016288 -0.638582 0.540590
v -1.008303 -0.647118 0.520692
v -1.009764 -0.352882 0.516258
v -1.019152 -0.361418 0.531891
v -1.027805 -0.375280 0.546299
v -1.035389 -0.393934 0.558927
v -1.041613 -0.416664 0.569291
v -1.046238 -0.442598 0.576992
v -1.049086 -0.470736 0.581734
v -1.050048 -0.500000 0.583335
v -1.049086 -0.529264 0.581734
v -1.046238 -0.557402 0.576992
v -1.041613 -0.583336 0.569291
v -1.035389 -0.606066 0.558927
v -1.027805 -0.624720 0.546299
v -1.019152 -0.638582 0.531891
v -1.009764 -0.647118 0.516258
v -1.010849 -0.352882 0.511199
v -1.021281 -0.361418 0.521967
v -1.030895 -0.375280 0.531891
v -1.039322 -0.393934 0.540590
v -1.046238 -0.416664 0.547728
v -1.051377 -0.442598 0.553033
v -1.054541 -0.470736 0.556300
v -1.055610 -0.500000 0.557402
v -1.054541 -0.529264 0.556300
v -1.051377 -0.557402 0.553033
v -1.046238 -0.583336 0.547728
v -1.039322 -0.606066 0.540590
v -1.030895 -0.624720 0.531891
v -1.021281 -0.638582 0.521967
v -1.010849 -0.647118 0.511199
v -1.011517 -0.352882 0.505709
v -1.022592 -0.361418 0.511199
v -1.032798 -0.375280 0.516258
v -1.041744 -0.393934 0.520692
v -1.049086 -0.416664 0.524332
v -1.054541 -0.442598 0.527036
v -1.057901 -0.470736 0.528701
v -1.059035 -0.500000 0.529263
v -1.057901 -0.529264 0.528701
v -1.054541 -0.557402 0.527036
v -1.049086 -0.583336 0.524332
v -1.041744 -0.606066 0.520692
v -1.032798 -0.624720 0.516258
v -1.022592 -0.638582 0.511199
v -1.011517 -0.647118 0.505709
v -1.011743 -0.352882 0.500000
v -1.023034 -0.361418 0.500000
v -1.042562 -0.393934 0.500000
v -1.055610 -0.442598 0.500000
v -1.055610 -0.557402 0.500000
v -1.042562 -0.606066 0.500000
v -1.033441 -0.624720 0.500000
v -1.023034 -0.638582 0.500000
v -1.011743 -0.647118 0.500000
v 1.033441 0.624720 -0.500000
v 1.050048 0.583336 -0.500000
v 1.059035 0.529264 -0.500000
v 1.060192 0.500000 -0.500000
v 1.059035 0.470736 -0.500000
v 1.050048 0.416664 -0.500000
v 1.011517 0.647118 -0.494291
v 1.022592 0.638582 -0.488801
v 1.032798 0.624720 -0.483742
v 1.041744 0.606066 -0.479307
v 1.049086 0.583336 -0.475668
v 1.054541 0.557402 -0.472964
v 1.057901 0.529264 -0.471299
v 1.059035 0.500000 -0.470736
v 1.057901 0.470736 -0.471299
v 1.054541 0.442597 -0.472964
v 1.049086 0.416664 -0.475668
v 1.041744 0.393934 -0.479307
v 1.032798 0.375280 -0.483742
v 1.022592 0.361418 -0.488801
v 1.011517 0.352882 -0.494291
v 1.010849 0.647118 -0.488801
v 1.021281 0.638582 -0.478033
v 1.030895 0.624720 -0.468109
v 1.039322 0.606066 -0.459410
v 1.046238 0.583336 -0.452271
v 1.051377 0.557402 -0.446967
v 1.054541 0.529264 -0.443700
v 1.055610 0.500000 -0.442597
v 1.054541 0.470736 -0.443700
v 1.051377 0.442597 -0.446967
v 1.046238 0.416664 -0.452271
v 1.039322 0.393934 -0.459410
v 1.030895 0.375280 -0.468109
v 1.021281 0.361418 -0.478033
v 1.010849 0.352882 -0.488801
v 1.009764 0.647118 -0.483742
v 1.019152 0.638582 -0.468109
v 1.027805 0.624720 -0.453701
v 1.035389 0.606066 -0.441073
v 1.041613 0.583336 -0.430709
v 1.046238 0.557402 -0.423008
v 1.049086 0.529264 -0.418266
v 1.050048 0.500000 -0.416664
v 1.049086 0.470736 -0.418266
v 1.046238 0.442597 -0.423008
v 1.041613 0.416664 -0.430709
v 1.035389 0.393934 -0.441073
v 1.027805 0.375280 -0.453701
v 1.019152 0.361418 -0.468109
v 1.009764 0.352882 -0.483742
v 1.008303 0.647118 -0.479308
v 1.016288 0.638582 -0.459410
v 1.023646 0.624720 -0.441073
v 1.030096 0.606066 -0.425000
v 1.035389 0.583336 -0.411809
v 1.039322 0.557402 -0.402008
v 1.041744 0.529264 -0.395972
v 1.042562 0.500000 -0.393934
v 1.041744 0.470736 -0.395972
v 1.039322 0.442597 -0.402008
v 1.035389 0.416664 -0.411809
v 1.030096 0.393934 -0.425000
v 1.023646 0.375280 -0.441073
v 1.016288 0.361418 -0.459410
v 1.008303 0.352882 -0.479308
v 1.006524 0.647118 -0.475668
v 1.012797 0.638582 -0.452272
v 1.018579 0.624720 -0.430709
v 1.023646 0.606066 -0.411809
v 1.027805 0.583336 -0.396299
v 1.030895 0.557402 -0.384773
v 1.032798 0.529264 -0.377676
v 1.033441 0.500000 -0.375280
v 1.032798 0.470736 -0.377676
v 1.030895 0.442597 -0.384773
v 1.027805 0.416664 -0.396299
v 1.023646 0.393934 -0.411809
v 1.018579 0.375280 -0.430709
v 1.012797 0.361418 -0.452272
v 1.006524 0.352882 -0.475668
v 1.000000 0.650000 -0.500000
v 1.004494 0.647118 -0.472964
v 1.008815 0.638582 -0.446967
v 1.012797 0.624720 -0.423008
v 1.016288 0.606066 -0.402008
v 1.019152 0.583336 -0.384773
v 1.021281 0.557402 -0.371967
v 1.022592 0.529264 -0.364081
v 1.023034 0.500000 -0.361418
v 1.022592 0.470736 -0.364081
v 1.021281 0.442597 -0.371967
v 1.019152 0.416664 -0.384773
v 1.016288 0.393934 -0.402008
v 1.012797 0.375280 -0.423008
v 1.008815 0.361418 -0.446967
v 1.004494 0.352882 -0.472964
v 1.002291 0.647118 -0.471299
v 1.004494 0.638582 -0.443700
v 1.006524 0.624720 -0.418266
v 1.008303 0.606066 -0.395972
v 1.009764 0.583336 -0.377676
v 1.010849 0.557402 -0.364081
v 1.011517 0.529264 -0.355709
v 1.011743 0.500000 -0.352882
v 1.011517 0.470736 -0.355709
v 1.010849 0.442597 -0.364081
v 1.009764 0.416664 -0.377676
v 1.008303 0.393934 -0.395972
v 1.006524 0.375280 -0.418266
v 1.004494 0.361418 -0.443700
v 1.002291 0.352882 -0.471299
v 1.000000 0.647118 -0.470736
v 1.000000 0.638582 -0.442597
v 1.000000 0.624720 -0.416664
v 1.000000 0.606066 -0.393934
v 1.000000 0.583336 -0.375280
v 1.000000 0.557402 -0.361418
v 1.000000 0.529264 -0.352882
v 1.000000 0.500000 -0.350000
v 1.000000 0.470736 -0.352882
v 1.000000 0.442597 -0.361418
v 1.000000 0.416664 -0.375280
v 1.000000 0.393934 -0.393934
v 1.000000 0.375280 -0.416664
v 1.000000 0.361418 -0.442597
v 1.000000 0.352882 -0.470736
v 1.000000 0.350000 -0.500000
v 1.000000 0.647118 -0.529263
v 1.000000 0.638582 -0.557402
v 1.000000 0.624720 -0.583335
v 1.000000 0.606066 -0.606066
v 1.000000 0.583336 -0.624720
v 1.000000 0.557402 -0.638582
v 1.000000 0.529264 -0.647118
v 1.000000 0.500000 -0.650000
v 1.000000 0.470736 -0.647118
v 1.000000 0.442597 -0.638582
v 1.000000 0.416664 -0.624720
v 1.000000 0.393934 -0.606066
v 1.000000 0.375280 -0.583335
v 1.000000 0.361418 -0.557402
v 1.000000 0.352882 -0.529263
v 1.002291 0.647118 -0.528701
v 1.004494 0.638582 -0.556299
v 1.006524 0.624720 -0.581734
v 1.008303 0.606066 -0.604028
v 1.009764 0.583336 -0.622324
v 1.010849 0.557402 -0.635919
v 1.011517 0.529264 -0.644291
v 1.011743 0.500000 -0.647118
v 1.011517 0.470736 -0.644291
v 1.010849 0.442597 -0.635919
v 1.009764 0.416664 -0.622324
v 1.008303 0.393934 -0.604028
v 1.006524 0.375280 -0.581734
v 1.004494 0.361418 -0.556299
v 1.002291 0.352882 -0.528701
v 1.004494 0.647118 -0.527036
v 1.008815 0.638582 -0.553033
v 1.012797 0.624720 -0.576992
v 1.016288 0.606066 -0.597992
v 1.019152 0.583336 -0.615227
v 1.021281 0.557402 -0.628033
v 1.022592 0.529264 -0.635919
v 1.023034 0.500000 -0.638582
v 1.022592 0.470736 -0.635919
v 1.021281 0.442597 -0.628033
v 1.019152 0.416664 -0.615227
v 1.016288 0.393934 -0.597992
v 1.012797 0.375280 -0.576992
v 1.008815 0.361418 -0.553033
v 1.004494 0.352882 -0.527036
v 1.006524 0.647118 -0.524332
v 1.012797 0.638582 -0.547728
v 1.018579 0.624720 -0.569291
v 1.023646 0.606066 -0.588191
v 1.027805 0.583336 -0.603701
v 1.030895 0.557402 -0.615227
v 1.032798 0.529264 -0.622324
v 1.033441 0.500000 -0.624720
v 1.032798 0.470736 -0.622324
v 1.030895 0.442597 -0.615227
v 1.027805 0.416664 -0.603701
v 1.023646 0.393934 -0.588191
v 1.018579 0.375280 -0.569291
v 1.012797 0.361418 -0.547728
v 1.006524 0.352882 -0.524332
v 1.008303 0.647118 -0.520692
v 1.016288 0.638582 -0.540590
v 1.023646 0.624720 -0.558927
v 1.030096 0.606066 -0.575000
v 1.035389 0.583336 -0.588190
v 1.039322 0.557402 -0.597992
v 1.041744 0.529264 -0.604028
v 1.042562 0.500000 -0.606066
v 1.041744 0.470736 -0.604028
v 1.039322 0.442597 -0.597992
v 1.035389 0.416664 -0.588190
v 1.030096 0.393934 -0.575000
v 1.023646 0.375280 -0.558927
v 1.016288 0.361418 -0.540590
v 1.008303 0.352882 -0.520692
v 1.009764 0.647118 -0.516258
v 1.019152 0.638582 -0.531891
v 1.027805 0.624720 -0.546299
v 1.035389 0.606066 -0.558927
v 1.041613 0.583336 -0.569291
v 1.046238 0.557402 -0.576992
v 1.049086 0.529264 -0.581734
v 1.050048 0.500000 -0.583335
v 1.049086 0.470736 -0.581734
v 1.046238 0.442597 -0.576992
v 1.041613 0.416664 -0.569291
v 1.035389 0.393934 -0.558927
v 1.027805 0.375280 -0.546299
v 1.019152 0.361418 -0.531891
v 1.009764 0.352882 -0.516258
v 1.010849 0.647118 -0.511199
v 1.021281 0.638582 -0.521967
v 1.030895 0.624720 -0.531891
v 1.039322 0.606066 -0.540590
v 1.046238 0.583336 -0.547728
v 1.051377 0.557402 -0.553033
v 1.054541 0.529264 -0.556299
v 1.055610 0.500000 -0.557402
v 1.054541 0.470736 -0.556299
v 1.051377 0.442597 -0.553033
v 1.046238 0.416664 -0.547728
v 1.039322 0.393934 -0.540590
v 1.030895 0.375280 -0.531891
v 1.021281 0.361418 -0.521967
v 1.010849 0.352882 -0.511199
v 1.011517 0.647118 -0.505709
v 1.022592 0.638582 -0.511199
v 1.032798 0.624720 -0.516258
v 1.041744 0.606066 -0.520692
v 1.049086 0.583336 -0.524332
v 1.054541 0.557402 -0.527036
v 1.057901 0.529264 -0.528701
v 1.059035 0.500000 -0.529263
v 1.057901 0.470736 -0.528701
v 1.054541 0.442597 -0.527036
v 1.049086 0.416664 -0.524332
v 1.041744 0.393934 -0.520692
v 1.032798 0.375280 -0.516258
v 1.022592 0.361418 -0.511199
v 1.011517 0.352882 -0.505709
v 1.011743 0.647118 -0.500000
v 1.023034 0.638582 -0.500000
v 1.042562 0.606066 -0.500000
v 1.055610 0.557402 -0.500000
v 1.055610 0.442597 -0.500000
v 1.042562 0.393934 -0.500000
v 1.033441 0.375280 -0.500000
v 1.023034 0.361418 -0.500000
v 1.011743 0.352882 -0.500000
v 1.033441 0.624720 0.500000
v 1.050048 0.583336 0.500000
v 1.059035 0.529264 0.500000
v 1.060192 0.500000 0.500000
v 1.059035 0.470736 0.500000
v 1.050048 0.416664 0.500000
v 1.011517 0.647118 0.505709
v 1.022592 0.638582 0.511199
v 1.032798 0.624720 0.516258
v 1.041744 0.606066 0.520693
v 1.049086 0.583336 0.524332
v 1.054541 0.557402 0.527036
v 1.057901 0.529264 0.528701
v 1.059035 0.500000 0.529264
v 1.057901 0.470736 0.528701
v 1.054541 0.442597 0.527036
v 1.049086 0.416664 0.524332
v 1.041744 0.393934 0.520693
v 1.032798 0.375280 0.516258
v 1.022592 0.361418 0.511199
v 1.011517 0.352882 0.505709
v 1.010849 0.647118 0.511199
v 1.021281 0.638582 0.521967
v 1.030895 0.624720 0.531891
v 1.039322 0.606066 0.540590
v 1.046238 0.583336 0.547728
v 1.051377 0.557402 0.553033
v 1.054541 0.529264 0.556300
v 1.055610 0.500000 0.557403
v 1.054541 0.470736 0.556300
v 1.051377 0.442597 0.553033
v 1.046238 0.416664 0.547728
v 1.039322 0.393934 0.540590
v 1.030895 0.375280 0.531891
v 1.021281 0.361418 0.521967
v 1.010849 0.352882 0.511199
v 1.009764 0.647118 0.516258
v 1.019152 0.638582 0.531891
v 1.027805 0.624720 0.546299
v 1.035389 0.606066 0.558927
v 1.041613 0.583336 0.569291
v 1.046238 0.557402 0.576992
v 1.049086 0.529264 0.581734
v 1.050048 0.500000 0.583336
v 1.049086 0.470736 0.581734
v 1.046238 0.442597 0.576992
v 1.041613 0.416664 0.569291
v 1.035389 0.393934 0.558927
v 1.027805 0.375280 0.546299
v 1.019152 0.361418 0.531891
v 1.009764 0.352882 0.516258
v 1.008303 0.647118 0.520693
v 1.016288 0.638582 0.540590
v 1.023646 0.624720 0.558927
v 1.030096 0.606066 0.575000
v 1.035389 0.583336 0.588191
v 1.039322 0.557402 0.597992
v 1.041744 0.529264 0.604028
v 1.042562 0.500000 0.606066
v 1.041744 0.470736 0.604028
v 1.039322 0.442597 0.597992
v 1.035389 0.416664 0.588191
v 1.030096 0.393934 0.575000
v 1.023646 0.375280 0.558927
v 1.016288 0.361418 0.540590
v 1.008303 0.352882 0.520693
v 1.006524 0.647118 0.524332
v 1.012797 0.638582 0.547728
v 1.018579 0.624720 0.569291
v 1.023646 0.606066 0.588191
v 1.027805 0.583336 0.603701
v 1.030895 0.557402 0.615227
v 1.032798 0.529264 0.622324
v 1.033441 0.500000 0.624721
v 1.032798 0.470736 0.622324
v 1.030895 0.442597 0.615227
v 1.027805 0.416664 0.603701
v 1.023646 0.393934 0.588191
v 1.018579 0.375280 0.569291
v 1.012797 0.361418 0.547728
v 1.006524 0.352882 0.524332
v 1.000000 0.650000 0.500000
v 1.004494 0.647118 0.527036
v 1.008815 0.638582 0.553033
v 1.012797 0.624720 0.576992
v 1.016288 0.606066 0.597992
v 1.019152 0.583336 0.615227
v 1.021281 0.557402 0.628033
v 1.022592 0.529264 0.635919
v 1.023034 0.500000 0.638582
v 1.022592 0.470736 0.635919
v 1.021281 0.442597 0.628033
v 1.019152 0.416664 0.615227
v 1.016288 0.393934 0.597992
v 1.012797 0.375280 0.576992
v 1.008815 0.361418 0.553033
v 1.004494 0.352882 0.527036
v 1.002291 0.647118 0.528701
v 1.004494 0.638582 0.556300
v 1.006524 0.624720 0.581734
v 1.008303 0.606066 0.604028
v 1.009764 0.583336 0.622324
v 1.010849 0.557402 0.635919
v 1.011517 0.529264 0.644291
v 1.011743 0.500000 0.647118
v 1.011517 0.470736 0.644291
v 1.010849 0.442597 0.635919
v 1.009764 0.416664 0.622324
v 1.008303 0.393934 0.604028
v 1.006524 0.375280 0.581734
v 1.004494 0.361418 0.556300
v 1.002291 0.352882 0.528701
v 1.000000 0.647118 0.529264
v 1.000000 0.638582 0.557403
v 1.000000 0.624720 0.583336
v 1.000000 0.606066 0.606066
v 1.000000 0.583336 0.624721
v 1.000000 0.557402 0.638582
v 1.000000 0.529264 0.647118
v 1.000000 0.500000 0.650000
v 1.000000 0.470736 0.647118
v 1.000000 0.442597 0.638582
v 1.000000 0.416664 0.624721
v 1.000000 0.393934 0.606066
v 1.000000 0.375280 0.583336
v 1.000000 0.361418 0.557403
v 1.000000 0.352882 0.529264
v 1.000000 0.350000 0.500000
v 1.000000 0.647118 0.470736
v 1.000000 0.638582 0.442598
v 1.000000 0.624720 0.416665
v 1.000000 0.606066 0.393934
v 1.000000 0.583336 0.375280
v 1.000000 0.557402 0.361418
v 1.000000 0.529264 0.352882
v 1.000000 0.500000 0.350000
v 1.000000 0.470736 0.352882
v 1.000000 0.442597 0.361418
v 1.000000 0.416664 0.375280
v 1.000000 0.393934 0.393934
v 1.000000 0.375280 0.416665
v 1.000000 0.361418 0.442598
v 1.000000 0.352882 0.470736
v 1.002291 0.647118 0.471299
v 1.004494 0.638582 0.443701
v 1.006524 0.624720 0.418266
v 1.008303 0.606066 0.395972
v 1.009764 0.583336 0.377676
v 1.010849 0.557402 0.364081
v 1.011517 0.529264 0.355709
v 1.011743 0.500000 0.352882
v 1.011517 0.470736 0.355709
v 1.010849 0.442597 0.364081
v 1.009764 0.416664 0.377676
v 1.008303 0.393934 0.395972
v 1.006524 0.375280 0.418266
v 1.004494 0.361418 0.443701
v 1.002291 0.352882 0.471299
v 1.004494 0.647118 0.472964
v 1.008815 0.638582 0.446967
v 1.012797 0.624720 0.423008
v 1.016288 0.606066 0.402008
v 1.019152 0.583336 0.384773
v 1.021281 0.557402 0.371967
v 1.022592 0.529264 0.364081
v 1.023034 0.500000 0.361418
v 1.022592 0.470736 0.364081
v 1.021281 0.442597 0.371967
v 1.019152 0.416664 0.384773
v 1.016288 0.393934 0.402008
v 1.012797 0.375280 0.423008
v 1.008815 0.361418 0.446967
v 1.004494 0.352882 0.472964
v 1.006524 0.647118 0.475668
v 1.012797 0.638582 0.452272
v 1.018579 0.624720 0.430709
v 1.023646 0.606066 0.411809
v 1.027805 0.583336 0.396299
v 1.030895 0.557402 0.384773
v 1.032798 0.529264 0.377676
v 1.033441 0.500000 0.375280
v 1.032798 0.470736 0.377676
v 1.030895 0.442597 0.384773
v 1.027805 0.416664 0.396299
v 1.023646 0.393934 0.411809
v 1.018579 0.375280 0.430709
v 1.012797 0.361418 0.452272
v 1.006524 0.352882 0.475668
v 1.008303 0.647118 0.479308
v 1.016288 0.638582 0.459410
v 1.023646 0.624720 0.441073
v 1.030096 0.606066 0.425000
v 1.035389 0.583336 0.411809
v 1.039322 0.557402 0.402008
v 1.041744 0.529264 0.395972
v 1.042562 0.500000 0.393934
v 1.041744 0.470736 0.395972
v 1.039322 0.442597 0.402008
v 1.035389 0.416664 0.411809
v 1.030096 0.393934 0.425000
v 1.023646 0.375280 0.441073
v 1.016288 0.361418 0.459410
v 1.008303 0.352882 0.479308
v 1.009764 0.647118 0.483742
v 1.019152 0.638582 0.468109
v 1.027805 0.624720 0.453701
v 1.035389 0.606066 0.441073
v 1.041613 0.583336 0.430709
v 1.046238 0.557402 0.423008
v 1.049086 0.529264 0.418266
v 1.050048 0.500000 0.416665
v 1.049086 0.470736 0.418266
v 1.046238 0.442597 0.423008
v 1.041613 0.416664 0.430709
v 1.035389 0.393934 0.441073
v 1.027805 0.375280 0.453701
v 1.019152 0.361418 0.468109
v 1.009764 0.352882 0.483742
v 1.010849 0.647118 0.488801
v 1.021281 0.638582 0.478033
v 1.030895 0.624720 0.468109
v 1.039322 0.606066 0.459410
v 1.046238 0.583336 0.452272
v 1.051377 0.557402 0.446967
v 1.054541 0.529264 0.443701
v 1.055610 0.500000 0.442598
v 1.054541 0.470736 0.443701
v 1.051377 0.442597 0.446967
v 1.046238 0.416664 0.452272
v 1.039322 0.393934 0.459410
v 1.030895 0.375280 0.468109
v 1.021281 0.361418 0.478033
v 1.010849 0.352882 0.488801
v 1.011517 0.647118 0.494291
v 1.022592 0.638582 0.488801
v 1.032798 0.624720 0.483742
v 1.041744 0.606066 0.479308
v 1.049086 0.583336 0.475668
v 1.054541 0.557402 0.472964
v 1.057901 0.529264 0.471299
v 1.059035 0.500000 0.470737
v 1.057901 0.470736 0.471299
v 1.054541 0.442597 0.472964
v 1.049086 0.416664 0.475668
v 1.041744 0.393934 0.479308
v 1.032798 0.375280 0.483742
v 1.022592 0.361418 0.488801
v 1.011517 0.352882 0.494291
v 1.011743 0.647118 0.500000
v 1.023034 0.638582 0.500000
v 1.042562 0.606066 0.500000
v 1.055610 0.557402 0.500000
v 1.055610 0.442597 0.500000
v 1.042562 0.393934 0.500000
v 1.033441 0.375280 0.500000
v 1.023034 0.361418 0.500000
v 1.011743 0.352882 0.500000
v 1.033441 -0.375280 0.500000
v 1.050048 -0.416664 0.500000
v 1.059035 -0.470736 0.500000
v 1.060192 -0.500000 0.500000
v 1.059035 -0.529264 0.500000
v 1.050048 -0.583336 0.500000
v 1.011517 -0.352882 0.505709
v 1.022592 -0.361418 0.511199
v 1.032798 -0.375280 0.516258
v 1.041744 -0.393934 0.520693
v 1.049086 -0.416664 0.524332
v 1.054541 -0.442598 0.527036
v 1.057901 -0.470736 0.528701
v 1.059035 -0.500000 0.529264
v 1.057901 -0.529264 0.528701
v 1.054541 -0.557402 0.527036
v 1.049086 -0.583336 0.524332
v 1.041744 -0.606066 0.520693
v 1.032798 -0.624720 0.516258
v 1.022592 -0.638582 0.511199
v 1.011517 -0.647118 0.505709
v 1.010849 -0.352882 0.511199
v 1.021281 -0.361418 0.521967
v 1.030895 -0.375280 0.531891
v 1.039322 -0.393934 0.540590
v 1.046238 -0.416664 0.547728
v 1.051377 -0.442598 0.553033
v 1.054541 -0.470736 0.556300
v 1.055610 -0.500000 0.557403
v 1.054541 -0.529264 0.556300
v 1.051377 -0.557402 0.553033
v 1.046238 -0.583336 0.547728
v 1.039322 -0.606066 0.540590
v 1.030895 -0.624720 0.531891
v 1.021281 -0.638582 0.521967
v 1.010849 -0.647118 0.511199
v 1.009764 -0.352882 0.516258
v 1.019152 -0.361418 0.531891
v 1.027805 -0.375280 0.546299
v 1.035389 -0.393934 0.558927
v 1.041613 -0.416664 0.569291
v 1.046238 -0.442598 0.576992
v 1.049086 -0.470736 0.581734
v 1.050048 -0.500000 0.583336
v 1.049086 -0.529264 0.581734
v 1.046238 -0.557402 0.576992
v 1.041613 -0.583336 0.569291
v 1.035389 -0.606066 0.558927
v 1.027805 -0.624720 0.546299
v 1.019152 -0.638582 0.531891
v 1.009764 -0.647118 0.516258
v 1.008303 -0.352882 0.520693
v 1.016288 -0.361418 0.540590
v 1.023646 -0.375280 0.558927
v 1.030096 -0.393934 0.575000
v 1.035389 -0.416664 0.588191
v 1.039322 -0.442598 0.597992
v 1.041744 -0.470736 0.604028
v 1.042562 -0.500000 0.606066
v 1.041744 -0.529264 0.604028
v 1.039322 -0.557402 0.597992
v 1.035389 -0.583336 0.588191
v 1.030096 -0.606066 0.575000
v 1.023646 -0.624720 0.558927
v 1.016288 -0.638582 0.540590
v 1.008303 -0.647118 0.520693
v 1.006524 -0.352882 0.524332
v 1.012797 -0.361418 0.547728
v 1.018579 -0.375280 0.569291
v 1.023646 -0.393934 0.588191
v 1.027805 -0.416664 0.603701
v 1.030895 -0.442598 0.615227
v 1.032798 -0.470736 0.622324
v 1.033441 -0.500000 0.624721
v 1.032798 -0.529264 0.622324
v 1.030895 -0.557402 0.615227
v 1.027805 -0.583336 0.603701
v 1.023646 -0.606066 0.588191
v 1.018579 -0.624720 0.569291
v 1.012797 -0.638582 0.547728
v 1.006524 -0.647118 0.524332
v 1.000000 -0.350000 0.500000
v 1.004494 -0.352882 0.527036
v 1.008815 -0.361418 0.553033
v 1.012797 -0.375280 0.576992
v 1.016288 -0.393934 0.597992
v 1.019152 -0.416664 0.615227
v 1.021281 -0.442598 0.628033
v 1.022592 -0.470736 0.635919
v 1.023034 -0.500000 0.638582
v 1.022592 -0.529264 0.635919
v 1.021281 -0.557402 0.628033
v 1.019152 -0.583336 0.615227
v 1.016288 -0.606066 0.597992
v 1.012797 -0.624720 0.576992
v 1.008815 -0.638582 0.553033
v 1.004494 -0.647118 0.527036
v 1.002291 -0.352882 0.528701
v 1.004494 -0.361418 0.556300
v 1.006524 -0.375280 0.581734
v 1.008303 -0.393934 0.604028
v 1.009764 -0.416664 0.622324
v 1.010849 -0.442598 0.635919
v 1.011517 -0.470736 0.644291
v 1.011743 -0.500000 0.647118
v 1.011517 -0.529264 0.644291
v 1.010849 -0.557402 0.635919
v 1.009764 -0.583336 0.622324
v 1.008303 -0.606066 0.604028
v 1.006524 -0.624720 0.581734
v 1.004494 -0.638582 0.556300
v 1.002291 -0.647118 0.528701
v 1.000000 -0.352882 0.529264
v 1.000000 -0.361418 0.557403
v 1.000000 -0.375280 0.583336
v 1.000000 -0.393934 0.606066
v 1.000000 -0.416664 0.624721
v 1.000000 -0.442598 0.638582
v 1.000000 -0.470736 0.647118
v 1.000000 -0.500000 0.650000
v 1.000000 -0.529264 0.647118
v 1.000000 -0.557402 0.638582
v 1.000000 -0.583336 0.624721
v 1.000000 -0.606066 0.606066
v 1.000000 -0.624720 0.583336
v 1.000000 -0.638582 0.557403
v 1.000000 -0.647118 0.529264
v 1.000000 -0.650000 0.500000
v 1.000000 -0.352882 0.470736
v 1.000000 -0.361418 0.442598
v 1.000000 -0.375280 0.416665
v 1.000000 -0.393934 0.393934
v 1.000000 -0.416664 0.375280
v 1.000000 -0.442598 0.361418
v 1.000000 -0.470736 0.352882
v 1.000000 -0.500000 0.350000
v 1.000000 -0.529264 0.352882
v 1.000000 -0.557402 0.361418
v 1.000000 -0.583336 0.375280
v 1.000000 -0.606066 0.393934
v 1.000000 -0.624720 0.416665
v 1.000000 -0.638582 0.442598
v 1.000000 -0.647118 0.470736
v 1.002291 -0.352882 0.471299
v 1.004494 -0.361418 0.443701
v 1.006524 -0.375280 0.418266
v 1.008303 -0.393934 0.395972
v 1.009764 -0.416664 0.377676
v 1.010849 -0.442598 0.364081
v 1.011517 -0.470736 0.355709
v 1.011743 -0.500000 0.352882
v 1.011517 -0.529264 0.355709
v 1.010849 -0.557402 0.364081
v 1.009764 -0.583336 0.377676
v 1.008303 -0.606066 0.395972
v 1.006524 -0.624720 0.418266
v 1.004494 -0.638582 0.443701
v 1.002291 -0.647118 0.471299
v 1.004494 -0.352882 0.472964
v 1.008815 -0.361418 0.446967
v 1.012797 -0.375280 0.423008
v 1.016288 -0.393934 0.402008
v 1.019152 -0.416664 0.384773
v 1.021281 -0.442598 0.371967
v 1.022592 -0.470736 0.364081
v 1.023034 -0.500000 0.361418
v 1.022592 -0.529264 0.364081
v 1.021281 -0.557402 0.371967
v 1.019152 -0.583336 0.384773
v 1.016288 -0.606066 0.402008
v 1.012797 -0.624720 0.423008
v 1.008815 -0.638582 0.446967
v 1.004494 -0.647118 0.472964
v 1.006524 -0.352882 0.475668
v 1.012797 -0.361418 0.452272
v 1.018579 -0.375280 0.430709
v 1.023646 -0.393934 0.411809
v 1.027805 -0.416664 0.396299
v 1.030895 -0.442598 0.384773
v 1.032798 -0.470736 0.377676
v 1.033441 -0.500000 0.375280
v 1.032798 -0.529264 0.377676
v 1.030895 -0.557402 0.384773
v 1.027805 -0.583336 0.396299
v 1.023646 -0.606066 0.411809
v 1.018579 -0.624720 0.430709
v 1.012797 -0.638582 0.452272
v 1.006524 -0.647118 0.475668
v 1.008303 -0.352882 0.479308
v 1.016288 -0.361418 0.459410
v 1.023646 -0.375280 0.441073
v 1.030096 -0.393934 0.425000
v 1.035389 -0.416664 0.411809
v 1.039322 -0.442598 0.402008
v 1.041744 -0.470736 0.395972
v 1.042562 -0.500000 0.393934
v 1.041744 -0.529264 0.395972
v 1.039322 -0.557402 0.402008
v 1.035389 -0.583336 0.411809
v 1.030096 -0.606066 0.425000
v 1.023646 -0.624720 0.441073
v 1.016288 -0.638582 0.459410
v 1.008303 -0.647118 0.479308
v 1.009764 -0.352882 0.483742
v 1.019152 -0.361418 0.468109
v 1.027805 -0.375280 0.453701
v 1.035389 -0.393934 0.441073
v 1.041613 -0.416664 0.430709
v 1.046238 -0.442598 0.423008
v 1.049086 -0.470736 0.418266
v 1.050048 -0.500000 0.416665
v 1.049086 -0.529264 0.418266
v 1.046238 -0.557402 0.423008
v 1.041613 -0.583336 0.430709
v 1.035389 -0.606066 0.441073
v 1.027805 -0.624720 0.453701
v 1.019152 -0.638582 0.468109
v 1.009764 -0.647118 0.483742
v 1.010849 -0.352882 0.488801
v 1.021281 -0.361418 0.478033
v 1.030895 -0.375280 0.468109
v 1.039322 -0.393934 0.459410
v 1.046238 -0.416664 0.452272
v 1.051377 -0.442598 0.446967
v 1.054541 -0.470736 0.443701
v 1.055610 -0.500000 0.442598
v 1.054541 -0.529264 0.443701
v 1.051377 -0.557402 0.446967
v 1.046238 -0.583336 0.452272
v 1.039322 -0.606066 0.459410
v 1.030895 -0.624720 0.468109
v 1.021281 -0.638582 0.478033
v 1.010849 -0.647118 0.488801
v 1.011517 -0.352882 0.494291
v 1.022592 -0.361418 0.488801
v 1.032798 -0.375280 0.483742
v 1.041744 -0.393934 0.479308
v 1.049086 -0.416664 0.475668
v 1.054541 -0.442598 0.472964
v 1.057901 -0.470736 0.471299
v 1.059035 -0.500000 0.470737
v 1.057901 -0.529264 0.471299
v 1.054541 -0.557402 0.472964
v 1.049086 -0.583336 0.475668
v 1.041744 -0.606066 0.479308
v 1.032798 -0.624720 0.483742
v 1.022592 -0.638582 0.488801
v 1.011517 -0.647118 0.494291
v 1.011743 -0.352882 0.500000
v 1.023034 -0.361418 0.500000
v 1.042562 -0.393934 0.500000
v 1.055610 -0.442598 0.500000
v 1.055610 -0.557402 0.500000
v 1.042562 -0.606066 0.500000
v 1.033441 -0.624720 0.500000
v 1.023034 -0.638582 0.500000
v 1.011743 -0.647118 0.500000
v 1.033441 -0.375280 -0.500000
v 1.050048 -0.416664 -0.500000
v 1.059035 -0.470736 -0.500000
v 1.060192 -0.500000 -0.500000
v 1.059035 -0.529264 -0.500000
v 1.050048 -0.583336 -0.500000
v 1.011517 -0.352882 -0.494291
v 1.022592 -0.361418 -0.488801
v 1.032798 -0.375280 -0.483742
v 1.041744 -0.393934 -0.479307
v 1.049086 -0.416664 -0.475668
v 1.054541 -0.442598 -0.472964
v 1.057901 -0.470736 -0.471299
v 1.059035 -0.500000 -0.470736
v 1.057901 -0.529264 -0.471299
v 1.054541 -0.557402 -0.472964
v 1.049086 -0.583336 -0.475668
v 1.041744 -0.606066 -0.479307
v 1.032798 -0.624720 -0.483742
v 1.022592 -0.638582 -0.488801
v 1.011517 -0.647118 -0.494291
v 1.010849 -0.352882 -0.488801
v 1.021281 -0.361418 -0.478033
v 1.030895 -0.375280 -0.468109
v 1.039322 -0.393934 -0.459410
v 1.046238 -0.416664 -0.452271
v 1.051377 -0.442598 -0.446967
v 1.054541 -0.470736 -0.443700
v 1.055610 -0.500000 -0.442597
v 1.054541 -0.529264 -0.443700
v 1.051377 -0.557402 -0.446967
v 1.046238 -0.583336 -0.452271
v 1.039322 -0.606066 -0.459410
v 1.030895 -0.624720 -0.468109
v 1.021281 -0.638582 -0.478033
v 1.010849 -0.647118 -0.488801
v 1.009764 -0.352882 -0.483742
v 1.019152 -0.361418 -0.468109
v 1.027805 -0.375280 -0.453701
v 1.035389 -0.393934 -0.441073
v 1.041613 -0.416664 -0.430709
v 1.046238 -0.442598 -0.423008
v 1.049086 -0.470736 -0.418266
v 1.050048 -0.500000 -0.416664
v 1.049086 -0.529264 -0.418266
v 1.046238 -0.557402 -0.423008
v 1.041613 -0.583336 -0.430709
v 1.035389 -0.606066 -0.441073
v 1.027805 -0.624720 -0.453701
v 1.019152 -0.638582 -0.468109
v 1.009764 -0.647118 -0.483742
v 1.008303 -0.352882 -0.479308
v 1.016288 -0.361418 -0.459410
v 1.023646 -0.375280 -0.441073
v 1.030096 -0.393934 -0.425000
v 1.035389 -0.416664 -0.411809
v 1.039322 -0.442598 -0.402008
v 1.041744 -0.470736 -0.395972
v 1.042562 -0.500000 -0.393934
v 1.041744 -0.529264 -0.395972
v 1.039322 -0.557402 -0.402008
v 1.035389 -0.583336 -0.411809
v 1.030096 -0.606066 -0.425000
v 1.023646 -0.624720 -0.441073
v 1.016288 -0.638582 -0.459410
v 1.008303 -0.647118 -0.479308
v 1.006524 -0.352882 -0.475668
v 1.012797 -0.361418 -0.452272
v 1.018579 -0.375280 -0.430709
v 1.023646 -0.393934 -0.411809
v 1.027805 -0.416664 -0.396299
v 1.030895 -0.442598 -0.384773
v 1.032798 -0.470736 -0.377676
v 1.033441 -0.500000 -0.375280
v 1.032798 -0.529264 -0.377676
v 1.030895 -0.557402 -0.384773
v 1.027805 -0.583336 -0.396299
v 1.023646 -0.606066 -0.411809
v 1.018579 -0.624720 -0.430709
v 1.012797 -0.638582 -0.452272
v 1.006524 -0.647118 -0.475668
v 1.000000 -0.350000 -0.500000
v 1.004494 -0.352882 -0.472964
v 1.008815 -0.361418 -0.446967
v 1.012797 -0.375280 -0.423008
v 1.016288 -0.393934 -0.402008
v 1.019152 -0.416664 -0.384773
v 1.021281 -0.442598 -0.371967
v 1.022592 -0.470736 -0.364081
v 1.023034 -0.500000 -0.361418
v 1.022592 -0.529264 -0.364081
v 1.021281 -0.557402 -0.371967
v 1.019152 -0.583336 -0.384773
v 1.016288 -0.606066 -0.402008
v 1.012797 -0.624720 -0.423008
v 1.008815 -0.638582 -0.446967
v 1.004494 -0.647118 -0.472964
v 1.002291 -0.352882 -0.471299
v 1.004494 -0.361418 -0.443700
v 1.006524 -0.375280 -0.418266
v 1.008303 -0.393934 -0.395972
v 1.009764 -0.416664 -0.377676
v 1.010849 -0.442598 -0.364081
v 1.011517 -0.470736 -0.355709
v 1.011743 -0.500000 -0.352882
v 1.011517 -0.529264 -0.355709
v 1.010849 -0.557402 -0.364081
v 1.009764 -0.583336 -0.377676
v 1.008303 -0.606066 -0.395972
v 1.006524 -0.624720 -0.418266
v 1.004494 -0.638582 -0.443700
v 1.002291 -0.647118 -0.471299
v 1.000000 -0.352882 -0.470736
v 1.000000 -0.361418 -0.442597
v 1.000000 -0.375280 -0.416664
v 1.000000 -0.393934 -0.393934
v 1.000000 -0.416664 -0.375280
v 1.000000 -0.442598 -0.361418
v 1.000000 -0.470736 -0.352882
v 1.000000 -0.500000 -0.350000
v 1.000000 -0.529264 -0.352882
v 1.000000 -0.557402 -0.361418
v 1.000000 -0.583336 -0.375280
v 1.000000 -0.606066 -0.393934
v 1.000000 -0.624720 -0.416664
v 1.000000 -0.638582 -0.442597
v 1.000000 -0.647118 -0.470736
v 1.000000 -0.650000 -0.500000
v 1.000000 -0.352882 -0.529263
v 1.000000 -0.361418 -0.557402
v 1.000000 -0.375280 -0.583335
v 1.000000 -0.393934 -0.606066
v 1.000000 -0.416664 -0.624720
v 1.000000 -0.442598 -0.638582
v 1.000000 -0.470736 -0.647118
v 1.000000 -0.500000 -0.650000
v 1.000000 -0.529264 -0.647118
v 1.000000 -0.557402 -0.638582
v 1.000000 -0.583336 -0.624720
v 1.000000 -0.606066 -0.606066
v 1.000000 -0.624720 -0.583335
v 1.000000 -0.638582 -0.557402
v 1.000000 -0.647118 -0.529263
v 1.002291 -0.352882 -0.528701
v 1.004494 -0.361418 -0.556299
v 1.006524 -0.375280 -0.581734
v 1.008303 -0.393934 -0.604028
v 1.009764 -0.416664 -0.622324
v 1.010849 -0.442598 -0.635919
v 1.011517 -0.470736 -0.644291
v 1.011743 -0.500000 -0.647118
v 1.011517 -0.529264 -0.644291
v 1.010849 -0.557402 -0.635919
v 1.009764 -0.583336 -0.622324
v 1.008303 -0.606066 -0.604028
v 1.006524 -0.624720 -0.581734
v 1.004494 -0.638582 -0.556299
v 1.002291 -0.647118 -0.528701
v 1.004494 -0.352882 -0.527036
v 1.008815 -0.361418 -0.553033
v 1.012797 -0.375280 -0.576992
v 1.016288 -0.393934 -0.597992
v 1.019152 -0.416664 -0.615227
v 1.021281 -0.442598 -0.628033
v 1.022592 -0.470736 -0.635919
v 1.023034 -0.500000 -0.638582
v 1.022592 -0.529264 -0.635919
v 1.021281 -0.557402 -0.628033
v 1.019152 -0.583336 -0.615227
v 1.016288 -0.606066 -0.597992
v 1.012797 -0.624720 -0.576992
v 1.008815 -0.638582 -0.553033
v 1.004494 -0.647118 -0.527036
v 1.006524 -0.352882 -0.524332
v 1.012797 -0.361418 -0.547728
v 1.018579 -0.375280 -0.569291
v 1.023646 -0.393934 -0.588191
v 1.027805 -0.416664 -0.603701
v 1.030895 -0.442598 -0.615227
v 1.032798 -0.470736 -0.622324
v 1.033441 -0.500000 -0.624720
v 1.032798 -0.529264 -0.622324
v 1.030895 -0.557402 -0.615227
v 1.027805 -0.583336 -0.603701
v 1.023646 -0.606066 -0.588191
v 1.018579 -0.624720 -0.569291
v 1.012797 -0.638582 -0.547728
v 1.006524 -0.647118 -0.524332
v 1.008303 -0.352882 -0.520692
v 1.016288 -0.361418 -0.540590
v 1.023646 -0.375280 -0.558927
v 1.030096 -0.393934 -0.575000
v 1.035389 -0.416664 -0.588190
v 1.039322 -0.442598 -0.597992
v 1.041744 -0.470736 -0.604028
v 1.042562 -0.500000 -0.606066
v 1.041744 -0.529264 -0.604028
v 1.039322 -0.557402 -0.597992
v 1.035389 -0.583336 -0.588190
v 1.030096 -0.606066 -0.575000
v 1.023646 -0.624720 -0.558927
v 1.016288 -0.638582 -0.540590
v 1.008303 -0.647118 -0.520692
v 1.009764 -0.352882 -0.516258
v 1.019152 -0.361418 -0.531891
v 1.027805 -0.375280 -0.546299
v 1.035389 -0.393934 -0.558927
v 1.041613 -0.416664 -0.569291
v 1.046238 -0.442598 -0.576992
v 1.049086 -0.470736 -0.581734
v 1.050048 -0.500000 -0.583335
v 1.049086 -0.529264 -0.581734
v 1.046238 -0.557402 -0.576992
v 1.041613 -0.583336 -0.569291
v 1.035389 -0.606066 -0.558927
v 1.027805 -0.624720 -0.546299
v 1.019152 -0.638582 -0.531891
v 1.009764 -0.647118 -0.516258
v 1.010849 -0.352882 -0.511199
v 1.021281 -0.361418 -0.521967
v 1.030895 -0.375280 -0.531891
v 1.039322 -0.393934 -0.540590
v 1.046238 -0.416664 -0.547728
v 1.051377 -0.442598 -0.553033
v 1.054541 -0.470736 -0.556299
v 1.055610 -0.500000 -0.557402
v 1.054541 -0.529264 -0.556299
v 1.051377 -0.557402 -0.553033
v 1.046238 -0.583336 -0.547728
v 1.039322 -0.606066 -0.540590
v 1.030895 -0.624720 -0.531891
v 1.021281 -0.638582 -0.521967
v 1.010849 -0.647118 -0.511199
v 1.011517 -0.352882 -0.505709
v 1.022592 -0.361418 -0.511199
v 1.032798 -0.375280 -0.516258
v 1.041744 -0.393934 -0.520692
v 1.049086 -0.416664 -0.524332
v 1.054541 -0.442598 -0.527036
v 1.057901 -0.470736 -0.528701
v 1.059035 -0.500000 -0.529263
v 1.057901 -0.529264 -0.528701
v 1.054541 -0.557402 -0.527036
v 1.049086 -0.583336 -0.524332
v 1.041744 -0.606066 -0.520692
v 1.032798 -0.624720 -0.516258
v 1.022592 -0.638582 -0.511199
v 1.011517 -0.647118 -0.505709
v 1.011743 -0.352882 -0.500000
v 1.023034 -0.361418 -0.500000
v 1.042562 -0.393934 -0.500000
v 1.055610 -0.442598 -0.500000
v 1.055610 -0.557402 -0.500000
v 1.042562 -0.606066 -0.500000
v 1.033441 -0.624720 -0.500000
v 1.023034 -0.638582 -0.500000
v 1.011743 -0.647118 -0.500000
vn -0.0000 -0.8535 -0.5211
vn -0.0000 -0.9653 -0.2613
vn -0.0000 -0.9968 -0.0802
vn -0.0000 -1.0000 -0.0000
vn -0.0000 -0.9968 0.0802
vn -0.0000 -0.9653 0.2613
vn 0.0329 -0.4276 -0.9034
vn 0.0562 -0.7022 -0.7098
vn 0.0684 -0.8469 -0.5274
vn 0.0746 -0.9213 -0.3817
vn 0.0778 -0.9610 -0.2654
vn 0.0795 -0.9826 -0.1680
vn 0.0804 -0.9934 -0.0815
vn 0.0806 -0.9967 -0.0000
vn 0.0804 -0.9934 0.0815
vn 0.0795 -0.9826 0.1680
vn 0.0778 -0.9610 0.2654
vn 0.0746 -0.9213 0.3817
vn 0.0684 -0.8469 0.5274
vn 0.0562 -0.7022 0.7098
vn 0.0329 -0.4276 0.9034
vn 0.0656 -0.4091 -0.9101
vn 0.1129 -0.6780 -0.7264
vn 0.1388 -0.8259 -0.5464
vn 0.1525 -0.9044 -0.3984
vn 0.1598 -0.9472 -0.2781
vn 0.1637 -0.9706 -0.1765
vn 0.1657 -0.9824 -0.0857
vn 0.1663 -0.9861 -0.0000
vn 0.1657 -0.9824 0.0857
vn 0.1637 -0.9706 0.1765
vn 0.1598 -0.9472 0.2781
vn 0.1525 -0.9044 0.3984
vn 0.1388 -0.8259 0.5464
vn 0.1128 -0.6780 0.7264
vn 0.0656 -0.4091 0.9101
vn 0.0977 -0.3776 -0.9208
vn 0.1702 -0.6353 -0.7533
vn 0.2133 -0.7871 -0.5787
vn 0.2373 -0.8722 -0.4277
vn 0.2507 -0.9201 -0.3010
vn 0.2581 -0.9469 -0.1918
vn 0.2619 -0.9606 -0.0934
vn 0.2631 -0.9648 -0.0000
vn 0.2619 -0.9606 0.0934
vn 0.2581 -0.9469 0.1918
vn 0.2507 -0.9201 0.3010
vn 0.2373 -0.8722 0.4277
vn 0.2133 -0.7871 0.5787
vn 0.1702 -0.6353 0.7533
vn 0.0977 -0.3776 0.9208
vn 0.1285 -0.3322 -0.9344
vn 0.2281 -0.5702 -0.7892
vn 0.2933 -0.7236 -0.6247
vn 0.3329 -0.8165 -0.4717
vn 0.3564 -0.8716 -0.3365
vn 0.3699 -0.9036 -0.2162
vn 0.3769 -0.9202 -0.1057
vn 0.3791 -0.9254 -0.0000
vn 0.3769 -0.9202 0.1057
vn 0.3699 -0.9036 0.2162
vn 0.3564 -0.8716 0.3365
vn 0.3329 -0.8165 0.4717
vn 0.2933 -0.7236 0.6247
vn 0.2281 -0.5702 0.7892
vn 0.1285 -0.3322 0.9344
vn 0.1570 -0.2720 -0.9494
vn 0.2852 -0.4775 -0.8310
vn 0.3787 -0.6245 -0.6831
vn 0.4419 -0.7226 -0.5316
vn 0.4826 -0.7855 -0.3874
vn 0.5075 -0.8239 -0.2523
vn 0.5209 -0.8445 -0.1243
vn 0.5251 -0.8510 -0.0000
vn 0.5209 -0.8445 0.1243
vn 0.5075 -0.8239 0.2523
vn 0.4826 -0.7855 0.3874
vn 0.4419 -0.7226 0.5316
vn 0.3787 -0.6245 0.6831
vn 0.2852 -0.4775 0.8310
vn 0.1570 -0.2720 0.9494
vn -0.0000 -0.1937 -0.9811
vn 0.1821 -0.1963 -0.9635
vn 0.3379 -0.3517 -0.8730
vn 0.4645 -0.4750 -0.7474
vn 0.5607 -0.5666 -0.6037
vn 0.6295 -0.6312 -0.4531
vn 0.6751 -0.6734 -0.3012
vn 0.7009 -0.6973 -0.1502
vn 0.7093 -0.7050 -0.0000
vn 0.7009 -0.6973 0.1502
vn 0.6751 -0.6734 0.3012
vn 0.6295 -0.6312 0.4531
vn 0.5607 -0.5666 0.6037
vn 0.4645 -0.4750 0.7474
vn 0.3379 -0.3517 0.8730
vn 0.1821 -0.1963 0.9635
vn 0.2014 -0.1047 -0.9739
vn 0.3788 -0.1899 -0.9058
vn 0.5360 -0.2632 -0.8021
vn 0.6677 -0.3229 -0.6707
vn 0.7713 -0.3686 -0.5189
vn 0.8455 -0.4005 -0.3531
vn 0.8901 -0.4194 -0.1786
vn 0.9049 -0.4256 -0.0000
vn 0.8901 -0.4194 0.1786
vn 0.8455 -0.4005 0.3531
vn 0.7713 -0.3686 0.5189
vn 0.6677 -0.3229 0.6707
vn 0.5360 -0.2632 0.8021
vn 0.3788 -0.1899 0.9058
vn 0.2014 -0.1047 0.9739
vn 0.2092 -0.0513 -0.9765
vn 0.3935 -0.0966 -0.9142
vn 0.5604 -0.1375 -0.8167
vn 0.7037 -0.1727 -0.6892
vn 0.8189 -0.2010 -0.5376
vn 0.9030 -0.2216 -0.3681
vn 0.9541 -0.2342 -0.1870
vn 0.9712 -0.2384 -0.0000
vn 0.9541 -0.2342 0.1870
vn 0.9030 -0.2216 0.3681
vn 0.8189 -0.2010 0.5376
vn 0.7037 -0.1727 0.6892
vn 0.5604 -0.1375 0.8167
vn 0.3935 -0.0966 0.9142
vn 0.2092 -0.0513 0.9765
vn -0.0000 -0.1937 0.9811
vn -0.2092 -0.0513 -0.9765
vn -0.3935 -0.0966 -0.9142
vn -0.5604 -0.1375 -0.8167
vn -0.7037 -0.1727 -0.6892
vn -0.8189 -0.2010 -0.5376
vn -0.9030 -0.2216 -0.3681
vn -0.9541 -0.2342 -0.1870
vn -0.9712 -0.2384 -0.0000
vn -0.9541 -0.2342 0.1870
vn -0.9030 -0.2216 0.3681
vn -0.8189 -0.2010 0.5376
vn -0.7037 -0.1727 0.6892
vn -0.5604 -0.1375 0.8167
vn -0.3935 -0.0966 0.9142
vn -0.2092 -0.0513 0.9765
vn -0.2014 -0.1047 -0.9739
vn -0.3788 -0.1899 -0.9058
vn -0.5360 -0.2632 -0.8021
vn -0.6677 -0.3229 -0.6707
vn -0.7713 -0.3686 -0.5189
vn -0.8455 -0.4005 -0.3531
vn -0.8901 -0.4194 -0.1786
vn -0.9049 -0.4256 -0.0000
vn -0.8901 -0.4194 0.1786
vn -0.8455 -0.4005 0.3531
vn -0.7713 -0.3686 0.5189
vn -0.6677 -0.3229 0.6707
vn -0.5360 -0.2632 0.8021
vn -0.3788 -0.1899 0.9058
vn -0.2014 -0.1047 0.9739
vn -0.1821 -0.1963 -0.9635
vn -0.3379 -0.3517 -0.8730
vn -0.4645 -0.4750 -0.7474
vn -0.5607 -0.5666 -0.6037
vn -0.6295 -0.6312 -0.4531
vn -0.6751 -0.6734 -0.3012
vn -0.7009 -0.6973 -0.1502
vn -0.7093 -0.7050 -0.0000
vn -0.7009 -0.6973 0.1502
vn -0.6751 -0.6734 0.3012
vn -0.6295 -0.6312 0.4531
vn -0.5607 -0.5666 0.6037
vn -0.4645 -0.4750 0.7474
vn -0.3379 -0.3517 0.8730
vn -0.1821 -0.1963 0.9635
vn -0.1570 -0.2720 -0.9494
vn -0.2852 -0.4775 -0.8310
vn -0.3787 -0.6245 -0.6831
vn -0.4419 -0.7226 -0.5316
vn -0.4826 -0.7855 -0.3874
vn -0.5075 -0.8239 -0.2523
vn -0.5209 -0.8445 -0.1243
vn -0.5251 -0.8510 -0.0000
vn -0.5209 -0.8445 0.1243
vn -0.5075 -0.8239 0.2523
vn -0.4826 -0.7855 0.3874
vn -0.4419 -0.7226 0.5316
vn -0.3787 -0.6245 0.6831
vn -0.2852 -0.4775 0.8310
vn -0.1570 -0.2720 0.9494
vn -0.1285 -0.3322 -0.9344
vn -0.2281 -0.5702 -0.7892
vn -0.2933 -0.7236 -0.6247
vn -0.3329 -0.8165 -0.4717
vn -0.3564 -0.8717 -0.3365
vn -0.3699 -0.9036 -0.2162
vn -0.3769 -0.9202 -0.1057
vn -0.3791 -0.9254 -0.0000
vn -0.3769 -0.9202 0.1057
vn -0.3699 -0.9036 0.2162
vn -0.3564 -0.8716 0.3365
vn -0.3329 -0.8165 0.4717
vn -0.2933 -0.7236 0.6247
vn -0.2281 -0.5702 0.7892
vn -0.1285 -0.3322 0.9344
vn -0.0977 -0.3776 -0.9208
vn -0.1702 -0.6353 -0.7533
vn -0.2133 -0.7871 -0.5787
vn -0.2373 -0.8722 -0.4277
vn -0.2507 -0.9201 -0.3010
vn -0.2581 -0.9469 -0.1918
vn -0.2619 -0.9606 -0.0934
vn -0.2631 -0.9648 -0.0000
vn -0.2619 -0.9606 0.0934
vn -0.2581 -0.9469 0.1918
vn -0.2507 -0.9201 0.3010
vn -0.2373 -0.8722 0.4277
vn -0.2133 -0.7871 0.5787
vn -0.1702 -0.6353 0.7533
vn -0.0977 -0.3776 0.9208
vn -0.0656 -0.4091 -0.9101
vn -0.1128 -0.6780 -0.7264
vn -0.1388 -0.8259 -0.5464
vn -0.1525 -0.9044 -0.3984
vn -0.1598 -0.9472 -0.2782
vn -0.1637 -0.9706 -0.1765
vn -0.1657 -0.9824 -0.0857
vn -0.1663 -0.9861 -0.0000
vn -0.1657 -0.9824 0.0857
vn -0.1637 -0.9706 0.1765
vn -0.1598 -0.9472 0.2782
vn -0.1525 -0.9044 0.3984
vn -0.1388 -0.8259 0.5464
vn -0.1128 -0.6780 0.7264
vn -0.0656 -0.4091 0.9101
vn -0.0329 -0.4276 -0.9034
vn -0.0562 -0.7022 -0.7098
vn -0.0684 -0.8469 -0.5274
vn -0.0746 -0.9213 -0.3817
vn -0.0778 -0.9610 -0.2654
vn -0.0795 -0.9826 -0.1680
vn -0.0804 -0.9934 -0.0815
vn -0.0806 -0.9967 -0.0000
vn -0.0804 -0.9934 0.0815
vn -0.0795 -0.9826 0.1680
vn -0.0778 -0.9610 0.2654
vn -0.0746 -0.9213 0.3817
vn -0.0684 -0.8469 0.5274
vn -0.0562 -0.7022 0.7098
vn -0.0329 -0.4276 0.9034
vn -0.0000 -0.4337 -0.9011
vn -0.0000 -0.7100 -0.7042
vn -0.0000 -0.9265 -0.3763
vn -0.0000 -0.9862 -0.1653
vn -0.0000 -0.9862 0.1653
vn -0.0000 -0.9265 0.3763
vn -0.0000 -0.8535 0.5211
vn -0.0000 -0.7100 0.7042
vn -0.0000 -0.4337 0.9011
vn 0.2852 -0.4776 -0.8310
vn 0.2852 -0.4776 0.8310
vn -0.9540 -0.2342 0.1870
vn -0.5360 -0.2633 -0.8021
vn -0.3564 -0.8716 -0.3365
vn -0.1129 -0.6780 -0.7264
vn 0.1129 -0.6780 0.7264
vn -0.5360 -0.2633 0.8021
vn -0.1129 -0.6780 0.7264
vn 0.1128 -0.6780 -0.7264
vn 0.9540 -0.2342 0.1870
vn -0.3564 -0.8717 0.3365
vn -0.0000 0.5211 -0.8535
vn -0.0000 0.2613 -0.9653
vn -0.0000 0.0802 -0.9968
vn -0.0000 -0.0000 -1.0000
vn -0.0000 -0.0802 -0.9968
vn -0.0000 -0.2613 -0.9653
vn 0.0329 0.9034 -0.4276
vn 0.0562 0.7098 -0.7022
vn 0.0684 0.5274 -0.8469
vn 0.0746 0.3817 -0.9213
vn 0.0778 0.2654 -0.9610
vn 0.0795 0.1680 -0.9826
vn 0.0804 0.0815 -0.9934
vn 0.0806 -0.0000 -0.9967
vn 0.0804 -0.0815 -0.9934
vn 0.0795 -0.1680 -0.9826
vn 0.0778 -0.2654 -0.9610
vn 0.0746 -0.3817 -0.9213
vn 0.0684 -0.5274 -0.8469
vn 0.0562 -0.7098 -0.7022
vn 0.0329 -0.9034 -0.4276
vn 0.0656 0.9101 -0.4091
vn 0.1128 0.7264 -0.6780
vn 0.1388 0.5464 -0.8259
vn 0.1525 0.3984 -0.9044
vn 0.1598 0.2781 -0.9472
vn 0.1637 0.1765 -0.9706
vn 0.1657 0.0857 -0.9824
vn 0.1663 -0.0000 -0.9861
vn 0.1657 -0.0857 -0.9824
vn 0.1637 -0.1765 -0.9706
vn 0.1598 -0.2781 -0.9472
vn 0.1525 -0.3984 -0.9044
vn 0.1389 -0.5464 -0.8259
vn 0.1128 -0.7264 -0.6780
vn 0.0656 -0.9101 -0.4091
vn 0.0977 0.9208 -0.3776
vn 0.1702 0.7533 -0.6353
vn 0.2133 0.5787 -0.7871
vn 0.2373 0.4277 -0.8722
vn 0.2507 0.3010 -0.9201
vn 0.2581 0.1918 -0.9469
vn 0.2619 0.0934 -0.9606
vn 0.2631 -0.0000 -0.9648
vn 0.2619 -0.0934 -0.9606
vn 0.2581 -0.1918 -0.9469
vn 0.2507 -0.3010 -0.9201
vn 0.2373 -0.4277 -0.8722
vn 0.2133 -0.5787 -0.7871
vn 0.1702 -0.7533 -0.6353
vn 0.0977 -0.9208 -0.3776
vn 0.1285 0.9344 -0.3322
vn 0.2282 0.7892 -0.5702
vn 0.2933 0.6247 -0.7236
vn 0.3329 0.4717 -0.8165
vn 0.3564 0.3365 -0.8716
vn 0.3699 0.2162 -0.9036
vn 0.3769 0.1057 -0.9202
vn 0.3791 -0.0000 -0.9254
vn 0.3769 -0.1057 -0.9202
vn 0.3699 -0.2162 -0.9036
vn 0.3564 -0.3365 -0.8716
vn 0.3329 -0.4717 -0.8165
vn 0.2933 -0.6247 -0.7236
vn 0.2282 -0.7892 -0.5702
vn 0.1285 -0.9344 -0.3322
vn 0.1570 0.9494 -0.2720
vn 0.2852 0.8310 -0.4775
vn 0.3787 0.6831 -0.6245
vn 0.4419 0.5316 -0.7226
vn 0.4826 0.3874 -0.7855
vn 0.5075 0.2523 -0.8239
vn 0.5209 0.1243 -0.8445
vn 0.5251 -0.0000 -0.8510
vn 0.5209 -0.1243 -0.8445
vn 0.5075 -0.2523 -0.8239
vn 0.4826 -0.3874 -0.7855
vn 0.4419 -0.5316 -0.7226
vn 0.3787 -0.6831 -0.6245
vn 0.2852 -0.8310 -0.4775
vn 0.1570 -0.9494 -0.2720
vn -0.0000 0.9811 -0.1937
vn 0.1821 0.9635 -0.1963
vn 0.3379 0.8730 -0.3517
vn 0.4645 0.7474 -0.4750
vn 0.5607 0.6037 -0.5666
vn 0.6295 0.4531 -0.6312
vn 0.6751 0.3012 -0.6734
vn 0.7009 0.1502 -0.6973
vn 0.7093 -0.0000 -0.7050
vn 0.7009 -0.1502 -0.6973
vn 0.6751 -0.3012 -0.6734
vn 0.6295 -0.4531 -0.6312
vn 0.5607 -0.6037 -0.5666
vn 0.4645 -0.7474 -0.4750
vn 0.3379 -0.8730 -0.3517
vn 0.1821 -0.9635 -0.1963
vn 0.2014 0.9739 -0.1047
vn 0.3788 0.9058 -0.1899
vn 0.5360 0.8021 -0.2632
vn 0.6677 0.6707 -0.3229
vn 0.7713 0.5189 -0.3686
vn 0.8455 0.3531 -0.4005
vn 0.8901 0.1786 -0.4194
vn 0.9049 -0.0000 -0.4256
vn 0.8901 -0.1786 -0.4194
vn 0.8455 -0.3531 -0.4005
vn 0.7713 -0.5189 -0.3686
vn 0.6677 -0.6707 -0.3229
vn 0.5360 -0.8021 -0.2633
vn 0.3788 -0.9058 -0.1899
vn 0.2014 -0.9739 -0.1047
vn 0.2092 0.9765 -0.0514
vn 0.3935 0.9142 -0.0966
vn 0.5604 0.8167 -0.1375
vn 0.7037 0.6892 -0.1727
vn 0.8189 0.5376 -0.2010
vn 0.9030 0.3681 -0.2216
vn 0.9541 0.1870 -0.2342
vn 0.9712 -0.0000 -0.2384
vn 0.9541 -0.1870 -0.2342
vn 0.9030 -0.3681 -0.2216
vn 0.8189 -0.5376 -0.2010
vn 0.7037 -0.6892 -0.1727
vn 0.5604 -0.8167 -0.1375
vn 0.3935 -0.9142 -0.0966
vn 0.2092 -0.9765 -0.0514
vn -0.0000 -0.9811 -0.1937
vn -0.2092 0.9765 -0.0513
vn -0.3935 0.9142 -0.0966
vn -0.5604 0.8167 -0.1375
vn -0.7037 0.6892 -0.1727
vn -0.8189 0.5376 -0.2010
vn -0.9030 0.3681 -0.2216
vn -0.9541 0.1870 -0.2342
vn -0.9712 -0.0000 -0.2384
vn -0.9541 -0.1870 -0.2342
vn -0.9030 -0.3681 -0.2216
vn -0.8189 -0.5376 -0.2010
vn -0.7037 -0.6892 -0.1727
vn -0.5604 -0.8167 -0.1375
vn -0.3935 -0.9142 -0.0966
vn -0.2092 -0.9765 -0.0513
vn -0.2014 0.9739 -0.1047
vn -0.3788 0.9058 -0.1899
vn -0.5360 0.8021 -0.2632
vn -0.6677 0.6707 -0.3229
vn -0.7713 0.5189 -0.3686
vn -0.8455 0.3531 -0.4005
vn -0.8901 0.1786 -0.4194
vn -0.9049 -0.0000 -0.4256
vn -0.8901 -0.1786 -0.4194
vn -0.8455 -0.3531 -0.4005
vn -0.7713 -0.5189 -0.3686
vn -0.6677 -0.6707 -0.3229
vn -0.5360 -0.8021 -0.2632
vn -0.3788 -0.9058 -0.1899
vn -0.2014 -0.9739 -0.1047
vn -0.1821 0.9635 -0.1963
vn -0.3379 0.8730 -0.3517
vn -0.4645 0.7474 -0.4750
vn -0.5607 0.6037 -0.5666
vn -0.6295 0.4531 -0.6312
vn -0.6751 0.3012 -0.6734
vn -0.7009 0.1502 -0.6973
vn -0.7093 -0.0000 -0.7050
vn -0.7009 -0.1502 -0.6973
vn -0.6751 -0.3012 -0.6734
vn -0.6295 -0.4531 -0.6312
vn -0.5607 -0.6037 -0.5666
vn -0.4645 -0.7474 -0.4750
vn -0.3379 -0.8730 -0.3517
vn -0.1821 -0.9635 -0.1963
vn -0.1570 0.9494 -0.2720
vn -0.2852 0.8310 -0.4776
vn -0.3787 0.6831 -0.6245
vn -0.4419 0.5316 -0.7226
vn -0.4826 0.3874 -0.7855
vn -0.5075 0.2523 -0.8239
vn -0.5209 0.1243 -0.8445
vn -0.5251 -0.0000 -0.8510
vn -0.5209 -0.1243 -0.8445
vn -0.5075 -0.2523 -0.8239
vn -0.4826 -0.3874 -0.7855
vn -0.4419 -0.5316 -0.7226
vn -0.3787 -0.6831 -0.6245
vn -0.2852 -0.8310 -0.4775
vn -0.1570 -0.9494 -0.2720
vn -0.1285 0.9344 -0.3322
vn -0.2282 0.7892 -0.5702
vn -0.2933 0.6247 -0.7236
vn -0.3329 0.4717 -0.8165
vn -0.3564 0.3365 -0.8716
vn -0.3699 0.2162 -0.9036
vn -0.3769 0.1057 -0.9202
vn -0.3791 -0.0000 -0.9254
vn -0.3769 -0.1057 -0.9202
vn -0.3699 -0.2162 -0.9036
vn -0.3564 -0.3365 -0.8716
vn -0.3329 -0.4717 -0.8165
vn -0.2933 -0.6247 -0.7236
vn -0.2282 -0.7892 -0.5702
vn -0.1285 -0.9344 -0.3322
vn -0.0977 0.9208 -0.3776
vn -0.1702 0.7533 -0.6353
vn -0.2133 0.5787 -0.7871
vn -0.2373 0.4277 -0.8722
vn -0.2507 0.3010 -0.9201
vn -0.2581 0.1918 -0.9469
vn -0.2619 0.0934 -0.9606
vn -0.2631 -0.0000 -0.9648
vn -0.2619 -0.0934 -0.9606
vn -0.2581 -0.1918 -0.9469
vn -0.2507 -0.3010 -0.9201
vn -0.2373 -0.4277 -0.8722
vn -0.2133 -0.5787 -0.7871
vn -0.1702 -0.7533 -0.6353
vn -0.0977 -0.9208 -0.3776
vn -0.0656 0.9101 -0.4091
vn -0.1128 0.7264 -0.6780
vn -0.1388 0.5464 -0.8259
vn -0.1525 0.3984 -0.9044
vn -0.1598 0.2781 -0.9472
vn -0.1637 0.1765 -0.9706
vn -0.1657 0.0857 -0.9824
vn -0.1663 -0.0000 -0.9861
vn -0.1657 -0.0857 -0.9824
vn -0.1637 -0.1765 -0.9706
vn -0.1598 -0.2781 -0.9472
vn -0.1525 -0.3984 -0.9044
vn -0.1388 -0.5464 -0.8259
vn -0.1128 -0.7264 -0.6780
vn -0.0656 -0.9101 -0.4091
vn -0.0329 0.9034 -0.4276
vn -0.0562 0.7098 -0.7022
vn -0.0684 0.5274 -0.8469
vn -0.0746 0.3817 -0.9213
vn -0.0778 0.2654 -0.9610
vn -0.0795 0.1680 -0.9826
vn -0.0804 0.0815 -0.9934
vn -0.0806 -0.0000 -0.9967
vn -0.0804 -0.0815 -0.9934
vn -0.0795 -0.1680 -0.9826
vn -0.0778 -0.2654 -0.9610
vn -0.0746 -0.3817 -0.9213
vn -0.0684 -0.5274 -0.8469
vn -0.0562 -0.7098 -0.7022
vn -0.0329 -0.9034 -0.4276
vn -0.0000 0.9011 -0.4337
vn -0.0000 0.7042 -0.7100
vn -0.0000 0.3763 -0.9265
vn -0.0000 0.1653 -0.9862
vn -0.0000 -0.1653 -0.9862
vn -0.0000 -0.3763 -0.9265
vn -0.0000 -0.5211 -0.8535
vn -0.0000 -0.7042 -0.7100
vn -0.0000 -0.9011 -0.4337
vn -0.0000 -0.0801 -0.9968
vn 0.3564 0.3365 -0.8717
vn 0.3564 -0.3365 -0.8717
vn 0.5360 -0.8021 -0.2632
vn 0.2092 0.9765 -0.0513
vn 0.2092 -0.9765 -0.0513
vn -0.9540 0.1870 -0.2342
vn -0.9540 -0.1870 -0.2342
vn -0.2092 -0.9765 -0.0514
vn 0.1388 -0.5464 -0.8259
vn 0.2852 0.8310 -0.4776
vn -0.2092 0.9765 -0.0514
vn -0.2852 0.8310 -0.4775
vn -0.5360 0.8021 -0.2633
vn -0.0000 0.5211 0.8535
vn -0.0000 0.2613 0.9653
vn -0.0000 0.0801 0.9968
vn -0.0000 -0.0000 1.0000
vn -0.0000 -0.0801 0.9968
vn -0.0000 -0.2613 0.9653
vn -0.0329 0.9034 0.4276
vn -0.0562 0.7098 0.7022
vn -0.0684 0.5274 0.8469
vn -0.0746 0.3817 0.9213
vn -0.0778 0.2654 0.9610
vn -0.0795 0.1680 0.9826
vn -0.0804 0.0815 0.9934
vn -0.0806 -0.0000 0.9967
vn -0.0804 -0.0815 0.9934
vn -0.0795 -0.1680 0.9826
vn -0.0778 -0.2654 0.9610
vn -0.0746 -0.3817 0.9213
vn -0.0684 -0.5274 0.8469
vn -0.0562 -0.7098 0.7022
vn -0.0329 -0.9034 0.4276
vn -0.0656 0.9101 0.4091
vn -0.1128 0.7264 0.6780
vn -0.1388 0.5464 0.8259
vn -0.1525 0.3984 0.9044
vn -0.1598 0.2781 0.9472
vn -0.1637 0.1765 0.9706
vn -0.1657 0.0857 0.9824
vn -0.1663 -0.0000 0.9861
vn -0.1657 -0.0857 0.9824
vn -0.1637 -0.1765 0.9706
vn -0.1598 -0.2781 0.9472
vn -0.1525 -0.3984 0.9044
vn -0.1389 -0.5464 0.8259
vn -0.1128 -0.7264 0.6780
vn -0.0656 -0.9101 0.4091
vn -0.0977 0.9208 0.3776
vn -0.1702 0.7533 0.6353
vn -0.2133 0.5787 0.7871
vn -0.2373 0.4277 0.8722
vn -0.2507 0.3010 0.9201
vn -0.2581 0.1918 0.9469
vn -0.2619 0.0934 0.9606
vn -0.2631 -0.0000 0.9648
vn -0.2619 -0.0934 0.9606
vn -0.2581 -0.1918 0.9469
vn -0.2507 -0.3010 0.9201
vn -0.2373 -0.4277 0.8722
vn -0.2133 -0.5787 0.7871
vn -0.1702 -0.7533 0.6353
vn -0.0977 -0.9208 0.3776
vn -0.1285 0.9344 0.3322
vn -0.2282 0.7892 0.5702
vn -0.2933 0.6247 0.7236
vn -0.3329 0.4717 0.8165
vn -0.3564 0.3365 0.8716
vn -0.3699 0.2162 0.9036
vn -0.3769 0.1057 0.9202
vn -0.3791 -0.0000 0.9254
vn -0.3769 -0.1057 0.9202
vn -0.3699 -0.2162 0.9036
vn -0.3564 -0.3365 0.8716
vn -0.3329 -0.4717 0.8165
vn -0.2933 -0.6247 0.7236
vn -0.2282 -0.7892 0.5702
vn -0.1285 -0.9344 0.3322
vn -0.1570 0.9494 0.2720
vn -0.2852 0.8310 0.4775
vn -0.3787 0.6831 0.6245
vn -0.4419 0.5316 0.7226
vn -0.4826 0.3874 0.7855
vn -0.5075 0.2523 0.8239
vn -0.5209 0.1243 0.8445
vn -0.5251 -0.0000 0.8510
vn -0.5209 -0.1243 0.8445
vn -0.5075 -0.2523 0.8239
vn -0.4826 -0.3874 0.7855
vn -0.4419 -0.5316 0.7226
vn -0.3787 -0.6831 0.6245
vn -0.2852 -0.8310 0.4775
vn -0.1570 -0.9494 0.2720
vn -0.0000 0.9811 0.1937
vn -0.1821 0.9635 0.1963
vn -0.3379 0.8730 0.3517
vn -0.4645 0.7474 0.4750
vn -0.5607 0.6037 0.5666
vn -0.6295 0.4531 0.6312
vn -0.6751 0.3012 0.6734
vn -0.7009 0.1502 0.6973
vn -0.7093 -0.0000 0.7050
vn -0.7009 -0.1502 0.6973
vn -0.6751 -0.3012 0.6734
vn -0.6295 -0.4531 0.6312
vn -0.5607 -0.6037 0.5666
vn -0.4645 -0.7474 0.4750
vn -0.3379 -0.8730 0.3517
vn -0.1821 -0.9635 0.1963
vn -0.2014 0.9739 0.1047
vn -0.3788 0.9058 0.1899
vn -0.5360 0.8021 0.2632
vn -0.6677 0.6707 0.3229
vn -0.7713 0.5189 0.3686
vn -0.8455 0.3531 0.4005
vn -0.8901 0.1786 0.4194
vn -0.9049 -0.0000 0.4256
vn -0.8901 -0.1786 0.4194
vn -0.8455 -0.3531 0.4005
vn -0.7713 -0.5189 0.3686
vn -0.6677 -0.6707 0.3229
vn -0.5360 -0.8021 0.2633
vn -0.3788 -0.9058 0.1899
vn -0.2014 -0.9739 0.1047
vn -0.2092 0.9765 0.0514
vn -0.3935 0.9142 0.0966
vn -0.5604 0.8167 0.1375
vn -0.7037 0.6892 0.1727
vn -0.8189 0.5376 0.2010
vn -0.9030 0.3681 0.2216
vn -0.9541 0.1870 0.2342
vn -0.9712 -0.0000 0.2384
vn -0.9541 -0.1870 0.2342
vn -0.9030 -0.3681 0.2216
vn -0.8189 -0.5376 0.2010
vn -0.7037 -0.6892 0.1727
vn -0.5604 -0.8167 0.1375
vn -0.3935 -0.9142 0.0966
vn -0.2092 -0.9765 0.0514
vn -0.0000 -0.9811 0.1937
vn 0.2092 0.9765 0.0513
vn 0.3935 0.9142 0.0966
vn 0.5604 0.8167 0.1375
vn 0.7037 0.6892 0.1727
vn 0.8189 0.5376 0.2010
vn 0.9030 0.3681 0.2216
vn 0.9541 0.1870 0.2342
vn 0.9712 -0.0000 0.2384
vn 0.9541 -0.1870 0.2342
vn 0.9030 -0.3681 0.2216
vn 0.8189 -0.5376 0.2010
vn 0.7037 -0.6892 0.1727
vn 0.5604 -0.8167 0.1375
vn 0.3935 -0.9142 0.0966
vn 0.2092 -0.9765 0.0513
vn 0.2014 0.9739 0.1047
vn 0.3788 0.9058 0.1899
vn 0.5360 0.8021 0.2632
vn 0.6677 0.6707 0.3229
vn 0.7713 0.5189 0.3686
vn 0.8455 0.3531 0.4005
vn 0.8901 0.1786 0.4194
vn 0.9049 -0.0000 0.4256
vn 0.8901 -0.1786 0.4194
vn 0.8455 -0.3531 0.4005
vn 0.7713 -0.5189 0.3686
vn 0.6677 -0.6707 0.3229
vn 0.5360 -0.8021 0.2632
vn 0.3788 -0.9058 0.1899
vn 0.2014 -0.9739 0.1047
vn 0.1821 0.9635 0.1963
vn 0.3379 0.8730 0.3517
vn 0.4645 0.7474 0.4750
vn 0.5607 0.6037 0.5666
vn 0.6295 0.4531 0.6312
vn 0.6751 0.3012 0.6734
vn 0.7009 0.1502 0.6973
vn 0.7093 -0.0000 0.7050
vn 0.7009 -0.1502 0.6973
vn 0.6751 -0.3012 0.6734
vn 0.6295 -0.4531 0.6312
vn 0.5607 -0.6037 0.5666
vn 0.4645 -0.7474 0.4750
vn 0.3379 -0.8730 0.3517
vn 0.1821 -0.9635 0.1963
vn 0.1570 0.9494 0.2720
vn 0.2852 0.8310 0.4776
vn 0.3787 0.6831 0.6245
vn 0.4419 0.5316 0.7226
vn 0.4826 0.3874 0.7855
vn 0.5075 0.2523 0.8239
vn 0.5209 0.1243 0.8445
vn 0.5251 -0.0000 0.8510
vn 0.5209 -0.1243 0.8445
vn 0.5075 -0.2523 0.8239
vn 0.4826 -0.3874 0.7855
vn 0.4419 -0.5316 0.7226
vn 0.3787 -0.6831 0.6245
vn 0.2852 -0.8310 0.4775
vn 0.1570 -0.9494 0.2720
vn 0.1285 0.9344 0.3322
vn 0.2282 0.7892 0.5702
vn 0.2933 0.6247 0.7236
vn 0.3329 0.4717 0.8165
vn 0.3564 0.3365 0.8716
vn 0.3699 0.2162 0.9036
vn 0.3769 0.1057 0.9202
vn 0.3791 -0.0000 0.9254
vn 0.3769 -0.1057 0.9202
vn 0.3699 -0.2162 0.9036
vn 0.3564 -0.3365 0.8716
vn 0.3329 -0.4717 0.8165
vn 0.2933 -0.6247 0.7236
vn 0.2282 -0.7892 0.5702
vn 0.1285 -0.9344 0.3322
vn 0.0977 0.9208 0.3776
vn 0.1702 0.7533 0.6353
vn 0.2133 0.5787 0.7871
vn 0.2373 0.4277 0.8722
vn 0.2507 0.3010 0.9201
vn 0.2581 0.1918 0.9469
vn 0.2619 0.0934 0.9606
vn 0.2631 -0.0000 0.9648
vn 0.2619 -0.0934 0.9606
vn 0.2581 -0.1918 0.9469
vn 0.2507 -0.3010 0.9201
vn 0.2373 -0.4277 0.8722
vn 0.2133 -0.5787 0.7871
vn 0.1702 -0.7533 0.6353
vn 0.0977 -0.9208 0.3776
vn 0.0656 0.9101 0.4091
vn 0.1128 0.7264 0.6780
vn 0.1388 0.5464 0.8259
vn 0.1525 0.3984 0.9044
vn 0.1598 0.2781 0.9472
vn 0.1637 0.1765 0.9706
vn 0.1657 0.0857 0.9824
vn 0.1663 -0.0000 0.9861
vn 0.1657 -0.0857 0.9824
vn 0.1637 -0.1765 0.9706
vn 0.1598 -0.2781 0.9472
vn 0.1525 -0.3984 0.9044
vn 0.1388 -0.5464 0.8259
vn 0.1128 -0.7264 0.6780
vn 0.0656 -0.9101 0.4091
vn 0.0329 0.9034 0.4276
vn 0.0562 0.7098 0.7022
vn 0.0684 0.5274 0.8469
vn 0.0746 0.3817 0.9213
vn 0.0778 0.2654 0.9610
vn 0.0795 0.1680 0.9826
vn 0.0804 0.0815 0.9934
vn 0.0806 -0.0000 0.9967
vn 0.0804 -0.0815 0.9934
vn 0.0795 -0.1680 0.9826
vn 0.0778 -0.2654 0.9610
vn 0.0746 -0.3817 0.9213
vn 0.0684 -0.5274 0.8469
vn 0.0562 -0.7098 0.7022
vn 0.0329 -0.9034 0.4276
vn -0.0000 0.9011 0.4337
vn -0.0000 0.7042 0.7100
vn -0.0000 0.3763 0.9265
vn -0.0000 0.1653 0.9862
vn -0.0000 -0.1653 0.9862
vn -0.0000 -0.3763 0.9265
vn -0.0000 -0.5211 0.8535
vn -0.0000 -0.7042 0.7100
vn -0.0000 -0.9011 0.4337
vn -0.5360 -0.8021 0.2632
vn -0.2092 0.9765 0.0513
vn 0.9540 0.1870 0.2342
vn 0.9540 -0.1870 0.2342
vn 0.2092 -0.9765 0.0514
vn -0.0000 -0.0802 0.9968
vn -0.1388 -0.5464 0.8259
vn -0.2852 0.8310 0.4776
vn -0.2092 -0.9765 0.0513
vn 0.2092 0.9765 0.0514
vn 0.2852 0.8310 0.4775
vn -0.0000 0.0802 0.9968
vn 0.5360 0.8021 0.2633
vn -0.0000 0.8535 0.5211
vn -0.0000 0.9653 0.2613
vn -0.0000 0.9968 0.0802
vn -0.0000 1.0000 -0.0000
vn -0.0000 0.9968 -0.0802
vn -0.0000 0.9653 -0.2613
vn 0.0329 0.4276 0.9034
vn 0.0562 0.7022 0.7098
vn 0.0684 0.8469 0.5274
vn 0.0746 0.9213 0.3817
vn 0.0778 0.9610 0.2654
vn 0.0795 0.9826 0.1680
vn 0.0804 0.9934 0.0815
vn 0.0806 0.9967 -0.0000
vn 0.0804 0.9934 -0.0815
vn 0.0795 0.9826 -0.1680
vn 0.0778 0.9610 -0.2654
vn 0.0746 0.9213 -0.3817
vn 0.0684 0.8469 -0.5274
vn 0.0562 0.7022 -0.7098
vn 0.0329 0.4276 -0.9034
vn 0.0656 0.4091 0.9101
vn 0.1129 0.6780 0.7264
vn 0.1388 0.8259 0.5464
vn 0.1525 0.9044 0.3984
vn 0.1598 0.9472 0.2781
vn 0.1637 0.9706 0.1765
vn 0.1657 0.9824 0.0857
vn 0.1663 0.9861 -0.0000
vn 0.1657 0.9824 -0.0857
vn 0.1637 0.9706 -0.1765
vn 0.1598 0.9472 -0.2781
vn 0.1525 0.9044 -0.3984
vn 0.1388 0.8259 -0.5464
vn 0.1129 0.6780 -0.7264
vn 0.0656 0.4091 -0.9101
vn 0.0977 0.3776 0.9208
vn 0.1702 0.6353 0.7533
vn 0.2133 0.7871 0.5787
vn 0.2373 0.8722 0.4277
vn 0.2507 0.9201 0.3010
vn 0.2581 0.9469 0.1918
vn 0.2619 0.9606 0.0934
vn 0.2631 0.9648 -0.0000
vn 0.2619 0.9606 -0.0934
vn 0.2581 0.9469 -0.1918
vn 0.2507 0.9201 -0.3010
vn 0.2373 0.8722 -0.4277
vn 0.2133 0.7871 -0.5787
vn 0.1702 0.6353 -0.7533
vn 0.0977 0.3776 -0.9208
vn 0.1285 0.3322 0.9344
vn 0.2281 0.5702 0.7892
vn 0.2933 0.7236 0.6247
vn 0.3329 0.8165 0.4717
vn 0.3564 0.8716 0.3365
vn 0.3699 0.9036 0.2162
vn 0.3769 0.9202 0.1057
vn 0.3791 0.9254 -0.0000
vn 0.3769 0.9202 -0.1057
vn 0.3699 0.9036 -0.2162
vn 0.3564 0.8716 -0.3365
vn 0.3329 0.8165 -0.4717
vn 0.2933 0.7236 -0.6247
vn 0.2281 0.5702 -0.7892
vn 0.1285 0.3322 -0.9344
vn 0.1570 0.2720 0.9494
vn 0.2852 0.4775 0.8310
vn 0.3787 0.6245 0.6831
vn 0.4419 0.7226 0.5316
vn 0.4826 0.7855 0.3874
vn 0.5075 0.8239 0.2523
vn 0.5209 0.8445 0.1243
vn 0.5251 0.8510 -0.0000
vn 0.5209 0.8445 -0.1243
vn 0.5075 0.8239 -0.2523
vn 0.4826 0.7855 -0.3874
vn 0.4419 0.7226 -0.5316
vn 0.3787 0.6245 -0.6831
vn 0.2852 0.4775 -0.8310
vn 0.1570 0.2720 -0.9494
vn -0.0000 0.1937 0.9811
vn 0.1821 0.1963 0.9635
vn 0.3379 0.3517 0.8730
vn 0.4645 0.4750 0.7474
vn 0.5607 0.5666 0.6037
vn 0.6295 0.6312 0.4531
vn 0.6751 0.6734 0.3012
vn 0.7009 0.6973 0.1502
vn 0.7093 0.7050 -0.0000
vn 0.7009 0.6973 -0.1502
vn 0.6751 0.6734 -0.3012
vn 0.6295 0.6312 -0.4531
vn 0.5607 0.5666 -0.6037
vn 0.4645 0.4750 -0.7474
vn 0.3379 0.3517 -0.8730
vn 0.1821 0.1963 -0.9635
vn 0.2015 0.1047 0.9739
vn 0.3788 0.1899 0.9058
vn 0.5360 0.2632 0.8021
vn 0.6677 0.3229 0.6707
vn 0.7713 0.3686 0.5189
vn 0.8455 0.4005 0.3531
vn 0.8901 0.4194 0.1786
vn 0.9049 0.4256 -0.0000
vn 0.8901 0.4194 -0.1786
vn 0.8455 0.4005 -0.3531
vn 0.7713 0.3686 -0.5189
vn 0.6677 0.3229 -0.6707
vn 0.5360 0.2632 -0.8021
vn 0.3788 0.1899 -0.9058
vn 0.2014 0.1047 -0.9739
vn 0.2092 0.0513 0.9765
vn 0.3935 0.0966 0.9142
vn 0.5604 0.1375 0.8167
vn 0.7037 0.1727 0.6892
vn 0.8189 0.2010 0.5376
vn 0.9030 0.2216 0.3681
vn 0.9540 0.2342 0.1870
vn 0.9712 0.2384 -0.0000
vn 0.9541 0.2342 -0.1870
vn 0.9030 0.2216 -0.3681
vn 0.8189 0.2010 -0.5376
vn 0.7037 0.1727 -0.6892
vn 0.5604 0.1375 -0.8167
vn 0.3935 0.0966 -0.9142
vn 0.2092 0.0513 -0.9765
vn -0.0000 0.1937 -0.9811
vn -0.2092 0.0513 0.9765
vn -0.3935 0.0966 0.9142
vn -0.5604 0.1375 0.8167
vn -0.7037 0.1727 0.6892
vn -0.8189 0.2010 0.5376
vn -0.9030 0.2216 0.3681
vn -0.9541 0.2342 0.1870
vn -0.9712 0.2384 -0.0000
vn -0.9541 0.2342 -0.1870
vn -0.9030 0.2216 -0.3681
vn -0.8189 0.2010 -0.5376
vn -0.7037 0.1727 -0.6892
vn -0.5604 0.1375 -0.8167
vn -0.3935 0.0966 -0.9142
vn -0.2092 0.0513 -0.9765
vn -0.2014 0.1047 0.9739
vn -0.3788 0.1899 0.9058
vn -0.5360 0.2632 0.8021
vn -0.6677 0.3229 0.6707
vn -0.7713 0.3686 0.5189
vn -0.8455 0.4005 0.3531
vn -0.8901 0.4194 0.1786
vn -0.9049 0.4256 -0.0000
vn -0.8901 0.4194 -0.1786
vn -0.8455 0.4005 -0.3531
vn -0.7713 0.3686 -0.5189
vn -0.6677 0.3229 -0.6707
vn -0.5360 0.2632 -0.8021
vn -0.3788 0.1899 -0.9058
vn -0.2014 0.1047 -0.9739
vn -0.1821 0.1963 0.9635
vn -0.3379 0.3517 0.8730
vn -0.4645 0.4750 0.7474
vn -0.5607 0.5666 0.6037
vn -0.6295 0.6312 0.4531
vn -0.6751 0.6734 0.3012
vn -0.7009 0.6973 0.1502
vn -0.7093 0.7050 -0.0000
vn -0.7009 0.6973 -0.1502
vn -0.6751 0.6734 -0.3012
vn -0.6295 0.6312 -0.4531
vn -0.5607 0.5666 -0.6037
vn -0.4645 0.4750 -0.7474
vn -0.3379 0.3517 -0.8730
vn -0.1821 0.1963 -0.9635
vn -0.1570 0.2720 0.9494
vn -0.2852 0.4775 0.8310
vn -0.3787 0.6245 0.6831
vn -0.4419 0.7226 0.5316
vn -0.4826 0.7855 0.3874
vn -0.5075 0.8239 0.2523
vn -0.5209 0.8445 0.1243
vn -0.5251 0.8510 -0.0000
vn -0.5209 0.8445 -0.1243
vn -0.5075 0.8239 -0.2523
vn -0.4826 0.7855 -0.3874
vn -0.4419 0.7226 -0.5316
vn -0.3787 0.6245 -0.6831
vn -0.2852 0.4775 -0.8310
vn -0.1570 0.2720 -0.9494
vn -0.1285 0.3322 0.9344
vn -0.2281 0.5702 0.7892
vn -0.2933 0.7236 0.6247
vn -0.3329 0.8165 0.4717
vn -0.3564 0.8716 0.3365
vn -0.3699 0.9036 0.2162
vn -0.3769 0.9202 0.1057
vn -0.3791 0.9254 -0.0000
vn -0.3769 0.9202 -0.1057
vn -0.3699 0.9036 -0.2162
vn -0.3564 0.8716 -0.3365
vn -0.3329 0.8165 -0.4717
vn -0.2933 0.7236 -0.6247
vn -0.2281 0.5702 -0.7892
vn -0.1285 0.3322 -0.9344
vn -0.0977 0.3776 0.9208
vn -0.1702 0.6353 0.7533
vn -0.2133 0.7871 0.5787
vn -0.2373 0.8722 0.4277
vn -0.2507 0.9201 0.3010
vn -0.2581 0.9469 0.1918
vn -0.2619 0.9606 0.0934
vn -0.2631 0.9648 -0.0000
vn -0.2619 0.9606 -0.0934
vn -0.2581 0.9469 -0.1918
vn -0.2507 0.9201 -0.3010
vn -0.2373 0.8722 -0.4277
vn -0.2133 0.7871 -0.5787
vn -0.1702 0.6353 -0.7533
vn -0.0977 0.3776 -0.9208
vn -0.0656 0.4091 0.9101
vn -0.1128 0.6780 0.7264
vn -0.1388 0.8259 0.5464
vn -0.1525 0.9044 0.3984
vn -0.1598 0.9472 0.2782
vn -0.1637 0.9706 0.1765
vn -0.1657 0.9824 0.0857
vn -0.1663 0.9861 -0.0000
vn -0.1657 0.9824 -0.0857
vn -0.1637 0.9706 -0.1765
vn -0.1598 0.9472 -0.2782
vn -0.1525 0.9044 -0.3984
vn -0.1388 0.8259 -0.5464
vn -0.1128 0.6780 -0.7264
vn -0.0656 0.4091 -0.9101
vn -0.0329 0.4276 0.9034
vn -0.0562 0.7022 0.7098
vn -0.0684 0.8469 0.5274
vn -0.0746 0.9213 0.3817
vn -0.0778 0.9610 0.2654
vn -0.0795 0.9826 0.1680
vn -0.0804 0.9934 0.0815
vn -0.0806 0.9967 -0.0000
vn -0.0804 0.9934 -0.0815
vn -0.0795 0.9826 -0.1680
vn -0.0778 0.9610 -0.2654
vn -0.0746 0.9213 -0.3817
vn -0.0684 0.8469 -0.5274
vn -0.0562 0.7022 -0.7098
vn -0.0329 0.4276 -0.9034
vn -0.0000 0.4337 0.9011
vn -0.0000 0.7100 0.7042
vn -0.0000 0.9265 0.3763
vn -0.0000 0.9862 0.1653
vn -0.0000 0.9862 -0.1653
vn -0.0000 0.9265 -0.3763
vn -0.0000 0.8535 -0.5211
vn -0.0000 0.7100 -0.7042
vn -0.0000 0.4337 -0.9011
vn 0.2852 0.4776 0.8310
vn 0.2852 0.4776 -0.8310
vn 0.9541 0.2342 0.1870
vn -0.9540 0.2342 0.1870
vn -0.9540 0.2342 -0.1870
vn -0.1129 0.6780 -0.7264
vn 0.1128 0.6780 0.7264
vn 0.2014 0.1047 0.9739
vn -0.5360 0.2633 0.8021
vn -0.5360 0.2633 -0.8021
vn -0.8535 0.5211 -0.0000
vn -0.9653 0.2613 -0.0000
vn -0.9968 0.0802 -0.0000
vn -1.0000 -0.0000 -0.0000
vn -0.9968 -0.0802 -0.0000
vn -0.9653 -0.2613 -0.0000
vn -0.4276 0.9034 -0.0329
vn -0.7022 0.7098 -0.0562
vn -0.8469 0.5274 -0.0684
vn -0.9213 0.3817 -0.0746
vn -0.9610 0.2654 -0.0778
vn -0.9826 0.1680 -0.0795
vn -0.9934 0.0815 -0.0804
vn -0.9967 -0.0000 -0.0806
vn -0.9934 -0.0815 -0.0804
vn -0.9826 -0.1680 -0.0795
vn -0.9610 -0.2654 -0.0778
vn -0.9213 -0.3817 -0.0746
vn -0.8469 -0.5274 -0.0684
vn -0.7022 -0.7098 -0.0562
vn -0.4276 -0.9034 -0.0329
vn -0.4091 0.9101 -0.0656
vn -0.6780 0.7264 -0.1129
vn -0.8259 0.5464 -0.1388
vn -0.9044 0.3984 -0.1525
vn -0.9472 0.2781 -0.1598
vn -0.9706 0.1765 -0.1637
vn -0.9824 0.0857 -0.1657
vn -0.9861 -0.0000 -0.1663
vn -0.9824 -0.0857 -0.1657
vn -0.9706 -0.1765 -0.1637
vn -0.9472 -0.2781 -0.1598
vn -0.9044 -0.3984 -0.1525
vn -0.8259 -0.5464 -0.1388
vn -0.6780 -0.7264 -0.1128
vn -0.4091 -0.9101 -0.0656
vn -0.3776 0.9208 -0.0977
vn -0.6353 0.7533 -0.1702
vn -0.7871 0.5787 -0.2133
vn -0.8722 0.4277 -0.2373
vn -0.9201 0.3010 -0.2507
vn -0.9469 0.1918 -0.2581
vn -0.9606 0.0934 -0.2619
vn -0.9648 -0.0000 -0.2631
vn -0.9606 -0.0934 -0.2619
vn -0.9469 -0.1918 -0.2581
vn -0.9201 -0.3010 -0.2507
vn -0.8722 -0.4277 -0.2373
vn -0.7871 -0.5787 -0.2133
vn -0.6353 -0.7533 -0.1702
vn -0.3776 -0.9208 -0.0977
vn -0.3322 0.9344 -0.1285
vn -0.5702 0.7892 -0.2281
vn -0.7236 0.6247 -0.2933
vn -0.8165 0.4717 -0.3329
vn -0.8716 0.3365 -0.3564
vn -0.9036 0.2162 -0.3699
vn -0.9202 0.1057 -0.3769
vn -0.9254 -0.0000 -0.3791
vn -0.9202 -0.1057 -0.3769
vn -0.9036 -0.2162 -0.3699
vn -0.8716 -0.3365 -0.3564
vn -0.8165 -0.4717 -0.3329
vn -0.7236 -0.6247 -0.2933
vn -0.5702 -0.7892 -0.2281
vn -0.3322 -0.9344 -0.1285
vn -0.2720 0.9494 -0.1570
vn -0.4775 0.8310 -0.2852
vn -0.6245 0.6831 -0.3787
vn -0.7226 0.5316 -0.4419
vn -0.7855 0.3874 -0.4826
vn -0.8239 0.2523 -0.5075
vn -0.8445 0.1243 -0.5209
vn -0.8510 -0.0000 -0.5251
vn -0.8445 -0.1243 -0.5209
vn -0.8239 -0.2523 -0.5075
vn -0.7855 -0.3874 -0.4826
vn -0.7226 -0.5316 -0.4419
vn -0.6245 -0.6831 -0.3787
vn -0.4775 -0.8310 -0.2852
vn -0.2720 -0.9494 -0.1570
vn -0.1937 0.9811 -0.0000
vn -0.1963 0.9635 -0.1821
vn -0.3517 0.8730 -0.3379
vn -0.4750 0.7474 -0.4645
vn -0.5666 0.6037 -0.5607
vn -0.6312 0.4531 -0.6295
vn -0.6734 0.3012 -0.6751
vn -0.6973 0.1502 -0.7009
vn -0.7050 -0.0000 -0.7093
vn -0.6973 -0.1502 -0.7009
vn -0.6734 -0.3012 -0.6751
vn -0.6312 -0.4531 -0.6295
vn -0.5666 -0.6037 -0.5607
vn -0.4750 -0.7474 -0.4645
vn -0.3517 -0.8730 -0.3379
vn -0.1963 -0.9635 -0.1821
vn -0.1047 0.9739 -0.2014
vn -0.1899 0.9058 -0.3788
vn -0.2633 0.8021 -0.5360
vn -0.3229 0.6707 -0.6677
vn -0.3686 0.5189 -0.7713
vn -0.4005 0.3531 -0.8455
vn -0.4194 0.1786 -0.8901
vn -0.4256 -0.0000 -0.9049
vn -0.4194 -0.1786 -0.8901
vn -0.4005 -0.3531 -0.8455
vn -0.3686 -0.5189 -0.7713
vn -0.3229 -0.6707 -0.6677
vn -0.2633 -0.8021 -0.5360
vn -0.1899 -0.9058 -0.3788
vn -0.1047 -0.9739 -0.2014
vn -0.0513 0.9765 -0.2092
vn -0.0966 0.9142 -0.3935
vn -0.1375 0.8167 -0.5604
vn -0.1727 0.6892 -0.7037
vn -0.2010 0.5376 -0.8189
vn -0.2216 0.3681 -0.9030
vn -0.2342 0.1870 -0.9541
vn -0.2384 -0.0000 -0.9712
vn -0.2342 -0.1870 -0.9540
vn -0.2216 -0.3681 -0.9030
vn -0.2010 -0.5376 -0.8189
vn -0.1727 -0.6892 -0.7037
vn -0.1375 -0.8167 -0.5604
vn -0.0966 -0.9142 -0.3935
vn -0.0513 -0.9765 -0.2092
vn -0.1937 -0.9811 -0.0000
vn -0.0513 0.9765 0.2092
vn -0.0966 0.9142 0.3935
vn -0.1375 0.8167 0.5604
vn -0.1727 0.6892 0.7037
vn -0.2010 0.5376 0.8189
vn -0.2216 0.3681 0.9030
vn -0.2342 0.1870 0.9541
vn -0.2384 -0.0000 0.9712
vn -0.2342 -0.1870 0.9541
vn -0.2216 -0.3681 0.9030
vn -0.2010 -0.5376 0.8189
vn -0.1727 -0.6892 0.7037
vn -0.1375 -0.8167 0.5604
vn -0.0966 -0.9142 0.3935
vn -0.0513 -0.9765 0.2092
vn -0.1047 0.9739 0.2014
vn -0.1899 0.9058 0.3788
vn -0.2633 0.8021 0.5360
vn -0.3229 0.6707 0.6677
vn -0.3686 0.5189 0.7713
vn -0.4005 0.3531 0.8455
vn -0.4194 0.1786 0.8901
vn -0.4256 -0.0000 0.9049
vn -0.4194 -0.1786 0.8901
vn -0.4005 -0.3531 0.8455
vn -0.3686 -0.5189 0.7713
vn -0.3229 -0.6707 0.6677
vn -0.2633 -0.8021 0.5360
vn -0.1899 -0.9058 0.3788
vn -0.1047 -0.9739 0.2014
vn -0.1963 0.9635 0.1821
vn -0.3517 0.8730 0.3379
vn -0.4750 0.7474 0.4645
vn -0.5666 0.6037 0.5607
vn -0.6312 0.4531 0.6295
vn -0.6734 0.3012 0.6751
vn -0.6973 0.1502 0.7009
vn -0.7050 -0.0000 0.7093
vn -0.6973 -0.1502 0.7009
vn -0.6734 -0.3012 0.6751
vn -0.6312 -0.4531 0.6295
vn -0.5666 -0.6037 0.5607
vn -0.4750 -0.7474 0.4645
vn -0.3517 -0.8730 0.3379
vn -0.1963 -0.9635 0.1821
vn -0.2720 0.9494 0.1570
vn -0.4775 0.8310 0.2852
vn -0.6245 0.6831 0.3787
vn -0.7226 0.5316 0.4419
vn -0.7855 0.3874 0.4826
vn -0.8239 0.2523 0.5075
vn -0.8445 0.1243 0.5209
vn -0.8510 -0.0000 0.5251
vn -0.8445 -0.1243 0.5209
vn -0.8239 -0.2523 0.5075
vn -0.7855 -0.3874 0.4826
vn -0.7226 -0.5316 0.4419
vn -0.6245 -0.6831 0.3787
vn -0.4775 -0.8310 0.2852
vn -0.2720 -0.9494 0.1570
vn -0.3322 0.9344 0.1285
vn -0.5702 0.7892 0.2281
vn -0.7236 0.6247 0.2933
vn -0.8165 0.4717 0.3329
vn -0.8717 0.3365 0.3564
vn -0.9036 0.2162 0.3699
vn -0.9202 0.1057 0.3769
vn -0.9254 -0.0000 0.3791
vn -0.9202 -0.1057 0.3769
vn -0.9036 -0.2162 0.3699
vn -0.8717 -0.3365 0.3564
vn -0.8165 -0.4717 0.3329
vn -0.7236 -0.6247 0.2933
vn -0.5702 -0.7892 0.2281
vn -0.3322 -0.9344 0.1285
vn -0.3776 0.9208 0.0977
vn -0.6353 0.7533 0.1702
vn -0.7871 0.5787 0.2133
vn -0.8722 0.4277 0.2373
vn -0.9201 0.3010 0.2507
vn -0.9469 0.1918 0.2581
vn -0.9606 0.0934 0.2619
vn -0.9648 -0.0000 0.2631
vn -0.9606 -0.0934 0.2619
vn -0.9469 -0.1918 0.2581
vn -0.9201 -0.3010 0.2507
vn -0.8722 -0.4277 0.2373
vn -0.7871 -0.5787 0.2133
vn -0.6353 -0.7533 0.1702
vn -0.3776 -0.9208 0.0977
vn -0.4091 0.9101 0.0656
vn -0.6780 0.7264 0.1128
vn -0.8259 0.5464 0.1388
vn -0.9044 0.3984 0.1525
vn -0.9472 0.2782 0.1598
vn -0.9706 0.1765 0.1637
vn -0.9824 0.0857 0.1657
vn -0.9861 -0.0000 0.1663
vn -0.9824 -0.0857 0.1657
vn -0.9706 -0.1765 0.1637
vn -0.9472 -0.2782 0.1598
vn -0.9044 -0.3984 0.1525
vn -0.8259 -0.5464 0.1388
vn -0.6780 -0.7264 0.1128
vn -0.4091 -0.9101 0.0656
vn -0.4276 0.9034 0.0329
vn -0.7022 0.7098 0.0562
vn -0.8469 0.5274 0.0684
vn -0.9213 0.3817 0.0746
vn -0.9610 0.2654 0.0778
vn -0.9826 0.1680 0.0795
vn -0.9934 0.0815 0.0804
vn -0.9967 -0.0000 0.0806
vn -0.9934 -0.0815 0.0804
vn -0.9826 -0.1680 0.0795
vn -0.9610 -0.2654 0.0778
vn -0.9213 -0.3817 0.0746
vn -0.8469 -0.5274 0.0684
vn -0.7022 -0.7098 0.0562
vn -0.4276 -0.9034 0.0329
vn -0.4337 0.9011 -0.0000
vn -0.7100 0.7042 -0.0000
vn -0.9265 0.3763 -0.0000
vn -0.9862 0.1653 -0.0000
vn -0.9862 -0.1653 -0.0000
vn -0.9265 -0.3763 -0.0000
vn -0.8535 -0.5211 -0.0000
vn -0.7100 -0.7042 -0.0000
vn -0.4337 -0.9011 -0.0000
vn -0.8717 -0.3365 -0.3564
vn -0.4776 0.8310 -0.2852
vn -0.4776 -0.8310 -0.2852
vn -0.2632 0.8021 -0.5360
vn -0.2632 -0.8021 -0.5360
vn -0.2342 -0.1870 -0.9541
vn -0.2342 -0.1870 0.9540
vn -0.2632 0.8021 0.5360
vn -0.2632 -0.8021 0.5360
vn -0.8716 -0.3365 0.3564
vn -0.6780 0.7264 0.1129
vn -0.6780 -0.7264 0.1129
vn -0.6780 -0.7264 -0.1129
vn -0.8717 0.3365 -0.3564
vn -0.8716 0.3365 0.3564
vn -0.6780 0.7264 -0.1128
vn 0.8535 0.5211 -0.0000
vn 0.9653 0.2613 -0.0000
vn 0.9968 0.0802 -0.0000
vn 1.0000 -0.0000 -0.0000
vn 0.9968 -0.0802 -0.0000
vn 0.9653 -0.2613 -0.0000
vn 0.4276 0.9034 0.0329
vn 0.7022 0.7098 0.0562
vn 0.8469 0.5274 0.0684
vn 0.9213 0.3817 0.0746
vn 0.9610 0.2654 0.0778
vn 0.9826 0.1680 0.0795
vn 0.9934 0.0815 0.0804
vn 0.9967 -0.0000 0.0806
vn 0.9934 -0.0815 0.0804
vn 0.9826 -0.1680 0.0795
vn 0.9610 -0.2654 0.0778
vn 0.9213 -0.3817 0.0746
vn 0.8469 -0.5274 0.0684
vn 0.7022 -0.7098 0.0562
vn 0.4276 -0.9034 0.0329
vn 0.4091 0.9101 0.0656
vn 0.6780 0.7264 0.1129
vn 0.8259 0.5464 0.1388
vn 0.9044 0.3984 0.1525
vn 0.9472 0.2781 0.1598
vn 0.9706 0.1765 0.1637
vn 0.9824 0.0857 0.1657
vn 0.9861 -0.0000 0.1663
vn 0.9824 -0.0857 0.1657
vn 0.9706 -0.1765 0.1637
vn 0.9472 -0.2781 0.1598
vn 0.9044 -0.3984 0.1525
vn 0.8259 -0.5464 0.1388
vn 0.6780 -0.7264 0.1128
vn 0.4091 -0.9101 0.0656
vn 0.3776 0.9208 0.0977
vn 0.6353 0.7533 0.1702
vn 0.7871 0.5787 0.2133
vn 0.8722 0.4277 0.2373
vn 0.9201 0.3010 0.2507
vn 0.9469 0.1918 0.2581
vn 0.9606 0.0934 0.2619
vn 0.9648 -0.0000 0.2631
vn 0.9606 -0.0934 0.2619
vn 0.9469 -0.1918 0.2581
vn 0.9201 -0.3010 0.2507
vn 0.8722 -0.4277 0.2373
vn 0.7871 -0.5787 0.2133
vn 0.6353 -0.7533 0.1702
vn 0.3776 -0.9208 0.0977
vn 0.3322 0.9344 0.1285
vn 0.5702 0.7892 0.2281
vn 0.7236 0.6247 0.2933
vn 0.8165 0.4717 0.3329
vn 0.8716 0.3365 0.3564
vn 0.9036 0.2162 0.3699
vn 0.9202 0.1057 0.3769
vn 0.9254 -0.0000 0.3791
vn 0.9202 -0.1057 0.3769
vn 0.9036 -0.2162 0.3699
vn 0.8716 -0.3365 0.3564
vn 0.8165 -0.4717 0.3329
vn 0.7236 -0.6247 0.2933
vn 0.5702 -0.7892 0.2281
vn 0.3322 -0.9344 0.1285
vn 0.2720 0.9494 0.1570
vn 0.4775 0.8310 0.2852
vn 0.6245 0.6831 0.3787
vn 0.7226 0.5316 0.4419
vn 0.7855 0.3874 0.4826
vn 0.8239 0.2523 0.5075
vn 0.8445 0.1243 0.5209
vn 0.8510 -0.0000 0.5251
vn 0.8445 -0.1243 0.5209
vn 0.8239 -0.2523 0.5075
vn 0.7855 -0.3874 0.4826
vn 0.7226 -0.5316 0.4419
vn 0.6245 -0.6831 0.3787
vn 0.4775 -0.8310 0.2852
vn 0.2720 -0.9494 0.1570
vn 0.1937 0.9811 -0.0000
vn 0.1963 0.9635 0.1821
vn 0.3517 0.8730 0.3379
vn 0.4750 0.7474 0.4645
vn 0.5666 0.6037 0.5607
vn 0.6312 0.4531 0.6295
vn 0.6734 0.3012 0.6751
vn 0.6973 0.1502 0.7009
vn 0.7050 -0.0000 0.7093
vn 0.6973 -0.1502 0.7009
vn 0.6734 -0.3012 0.6751
vn 0.6312 -0.4531 0.6295
vn 0.5666 -0.6037 0.5607
vn 0.4750 -0.7474 0.4645
vn 0.3517 -0.8730 0.3379
vn 0.1963 -0.9635 0.1821
vn 0.1047 0.9739 0.2014
vn 0.1899 0.9058 0.3788
vn 0.2633 0.8021 0.5360
vn 0.3229 0.6707 0.6677
vn 0.3686 0.5189 0.7713
vn 0.4005 0.3531 0.8455
vn 0.4194 0.1786 0.8901
vn 0.4256 -0.0000 0.9049
vn 0.4194 -0.1786 0.8901
vn 0.4005 -0.3531 0.8455
vn 0.3686 -0.5189 0.7713
vn 0.3229 -0.6707 0.6677
vn 0.2633 -0.8021 0.5360
vn 0.1899 -0.9058 0.3788
vn 0.1047 -0.9739 0.2014
vn 0.0513 0.9765 0.2092
vn 0.0966 0.9142 0.3935
vn 0.1375 0.8167 0.5604
vn 0.1727 0.6892 0.7037
vn 0.2010 0.5376 0.8189
vn 0.2216 0.3681 0.9030
vn 0.2342 0.1870 0.9540
vn 0.2384 -0.0000 0.9712
vn 0.2342 -0.1870 0.9541
vn 0.2216 -0.3681 0.9030
vn 0.2010 -0.5376 0.8189
vn 0.1727 -0.6892 0.7037
vn 0.1375 -0.8167 0.5604
vn 0.0966 -0.9142 0.3935
vn 0.0513 -0.9765 0.2092
vn 0.1937 -0.9811 -0.0000
vn 0.0513 0.9765 -0.2092
vn 0.0966 0.9142 -0.3935
vn 0.1375 0.8167 -0.5604
vn 0.1727 0.6892 -0.7037
vn 0.2010 0.5376 -0.8189
vn 0.2216 0.3681 -0.9030
vn 0.2342 0.1870 -0.9541
vn 0.2384 -0.0000 -0.9712
vn 0.2342 -0.1870 -0.9541
vn 0.2216 -0.3681 -0.9030
vn 0.2010 -0.5376 -0.8189
vn 0.1727 -0.6892 -0.7037
vn 0.1375 -0.8167 -0.5604
vn 0.0966 -0.9142 -0.3935
vn 0.0513 -0.9765 -0.2092
vn 0.1047 0.9739 -0.2014
vn 0.1899 0.9058 -0.3788
vn 0.2633 0.8021 -0.5360
vn 0.3229 0.6707 -0.6677
vn 0.3686 0.5189 -0.7713
vn 0.4005 0.3531 -0.8455
vn 0.4194 0.1786 -0.8901
vn 0.4256 -0.0000 -0.9049
vn 0.4194 -0.1786 -0.8901
vn 0.4005 -0.3531 -0.8455
vn 0.3686 -0.5189 -0.7713
vn 0.3229 -0.6707 -0.6677
vn 0.2633 -0.8021 -0.5360
vn 0.1899 -0.9058 -0.3788
vn 0.1047 -0.9739 -0.2014
vn 0.1963 0.9635 -0.1821
vn 0.3517 0.8730 -0.3379
vn 0.4750 0.7474 -0.4645
vn 0.5666 0.6037 -0.5607
vn 0.6312 0.4531 -0.6295
vn 0.6734 0.3012 -0.6751
vn 0.6973 0.1502 -0.7009
vn 0.7050 -0.0000 -0.7093
vn 0.6973 -0.1502 -0.7009
vn 0.6734 -0.3012 -0.6751
vn 0.6312 -0.4531 -0.6295
vn 0.5666 -0.6037 -0.5607
vn 0.4750 -0.7474 -0.4645
vn 0.3517 -0.8730 -0.3379
vn 0.1963 -0.9635 -0.1821
vn 0.2720 0.9494 -0.1570
vn 0.4775 0.8310 -0.2852
vn 0.6245 0.6831 -0.3787
vn 0.7226 0.5316 -0.4419
vn 0.7855 0.3874 -0.4826
vn 0.8239 0.2523 -0.5075
vn 0.8445 0.1243 -0.5209
vn 0.8510 -0.0000 -0.5251
vn 0.8445 -0.1243 -0.5209
vn 0.8239 -0.2523 -0.5075
vn 0.7855 -0.3874 -0.4826
vn 0.7226 -0.5316 -0.4419
vn 0.6245 -0.6831 -0.3787
vn 0.4775 -0.8310 -0.2852
vn 0.2720 -0.9494 -0.1570
vn 0.3322 0.9344 -0.1285
vn 0.5702 0.7892 -0.2281
vn 0.7236 0.6247 -0.2933
vn 0.8165 0.4717 -0.3329
vn 0.8716 0.3365 -0.3564
vn 0.9036 0.2162 -0.3699
vn 0.9202 0.1057 -0.3769
vn 0.9254 -0.0000 -0.3791
vn 0.9202 -0.1057 -0.3769
vn 0.9036 -0.2162 -0.3699
vn 0.8716 -0.3365 -0.3564
vn 0.8165 -0.4717 -0.3329
vn 0.7236 -0.6247 -0.2933
vn 0.5702 -0.7892 -0.2281
vn 0.3322 -0.9344 -0.1285
vn 0.3776 0.9208 -0.0977
vn 0.6353 0.7533 -0.1702
vn 0.7871 0.5787 -0.2133
vn 0.8722 0.4277 -0.2373
vn 0.9201 0.3010 -0.2507
vn 0.9469 0.1918 -0.2581
vn 0.9606 0.0934 -0.2619
vn 0.9648 -0.0000 -0.2631
vn 0.9606 -0.0934 -0.2619
vn 0.9469 -0.1918 -0.2581
vn 0.9201 -0.3010 -0.2507
vn 0.8722 -0.4277 -0.2373
vn 0.7871 -0.5787 -0.2133
vn 0.6353 -0.7533 -0.1702
vn 0.3776 -0.9208 -0.0977
vn 0.4091 0.9101 -0.0656
vn 0.6780 0.7264 -0.1129
vn 0.8259 0.5464 -0.1388
vn 0.9044 0.3984 -0.1525
vn 0.9472 0.2782 -0.1598
vn 0.9706 0.1765 -0.1637
vn 0.9824 0.0857 -0.1657
vn 0.9861 -0.0000 -0.1663
vn 0.9824 -0.0857 -0.1657
vn 0.9706 -0.1765 -0.1637
vn 0.9472 -0.2782 -0.1598
vn 0.9044 -0.3984 -0.1525
vn 0.8259 -0.5464 -0.1388
vn 0.6780 -0.7264 -0.1128
vn 0.4091 -0.9101 -0.0656
vn 0.4276 0.9034 -0.0329
vn 0.7022 0.7098 -0.0562
vn 0.8469 0.5274 -0.0684
vn 0.9213 0.3817 -0.0746
vn 0.9610 0.2654 -0.0778
vn 0.9826 0.1680 -0.0795
vn 0.9934 0.0815 -0.0804
vn 0.9967 -0.0000 -0.0806
vn 0.9934 -0.0815 -0.0804
vn 0.9826 -0.1680 -0.0795
vn 0.9610 -0.2654 -0.0778
vn 0.9213 -0.3817 -0.0746
vn 0.8469 -0.5274 -0.0684
vn 0.7022 -0.7098 -0.0562
vn 0.4276 -0.9034 -0.0329
vn 0.4337 0.9011 -0.0000
vn 0.7100 0.7042 -0.0000
vn 0.9265 0.3763 -0.0000
vn 0.9862 0.1653 -0.0000
vn 0.9862 -0.1653 -0.0000
vn 0.9265 -0.3763 -0.0000
vn 0.8535 -0.5211 -0.0000
vn 0.7100 -0.7042 -0.0000
vn 0.4337 -0.9011 -0.0000
vn 0.4776 0.8310 0.2852
vn 0.4776 -0.8310 0.2852
vn 0.2632 0.8021 0.5360
vn 0.2632 -0.8021 0.5360
vn 0.2342 0.1870 0.9541
vn 0.2342 -0.1870 -0.9540
vn 0.2632 0.8021 -0.5360
vn 0.2632 -0.8021 -0.5360
vn 0.6780 -0.7264 -0.1129
vn 0.6780 -0.7264 0.1129
vn 0.8717 0.3365 0.3564
vn 0.2342 -0.1870 0.9540
vn 0.6780 0.7264 -0.1128
vt 0.750000 0.375000
vt 0.718750 0.312500
vt 0.750000 0.312500
vt 0.750000 0.750000
vt 0.718750 0.812500
vt 0.718750 0.750000
vt 0.718750 0.250000
vt 0.750000 0.250000
vt 0.750000 0.687500
vt 0.718750 0.687500
vt 0.718750 0.187500
vt 0.750000 0.187500
vt 0.750000 0.625000
vt 0.718750 0.625000
vt 0.718750 0.125000
vt 0.750000 0.125000
vt 0.750000 0.562500
vt 0.718750 0.562500
vt 0.718750 0.062500
vt 0.750000 0.062500
vt 0.750000 0.500000
vt 0.718750 0.500000
vt 0.750000 0.937500
vt 0.734375 1.000000
vt 0.718750 0.937500
vt 0.734375 0.000000
vt 0.718750 0.437500
vt 0.750000 0.437500
vt 0.750000 0.875000
vt 0.718750 0.875000
vt 0.718750 0.375000
vt 0.750000 0.812500
vt 0.687500 0.375000
vt 0.687500 0.875000
vt 0.687500 0.812500
vt 0.687500 0.312500
vt 0.687500 0.750000
vt 0.687500 0.250000
vt 0.687500 0.687500
vt 0.687500 0.187500
vt 0.687500 0.625000
vt 0.687500 0.125000
vt 0.687500 0.562500
vt 0.687500 0.062500
vt 0.687500 0.500000
vt 0.703125 1.000000
vt 0.687500 0.937500
vt 0.703125 0.000000
vt 0.687500 0.437500
vt 0.656250 0.125000
vt 0.656250 0.625000
vt 0.656250 0.562500
vt 0.656250 0.062500
vt 0.656250 0.500000
vt 0.671875 1.000000
vt 0.656250 0.937500
vt 0.671875 0.000000
vt 0.656250 0.437500
vt 0.656250 0.875000
vt 0.656250 0.375000
vt 0.656250 0.812500
vt 0.656250 0.312500
vt 0.656250 0.750000
vt 0.656250 0.250000
vt 0.656250 0.687500
vt 0.656250 0.187500
vt 0.625000 0.875000
vt 0.625000 0.812500
vt 0.625000 0.312500
vt 0.625000 0.750000
vt 0.625000 0.250000
vt 0.625000 0.687500
vt 0.625000 0.187500
vt 0.625000 0.625000
vt 0.625000 0.125000
vt 0.625000 0.562500
vt 0.625000 0.062500
vt 0.625000 0.500000
vt 0.640625 1.000000
vt 0.625000 0.937500
vt 0.640625 0.000000
vt 0.625000 0.437500
vt 0.625000 0.375000
vt 0.593750 0.625000
vt 0.593750 0.562500
vt 0.593750 0.062500
vt 0.593750 0.500000
vt 0.609375 1.000000
vt 0.593750 0.937500
vt 0.609375 0.000000
vt 0.593750 0.437500
vt 0.593750 0.875000
vt 0.593750 0.375000
vt 0.593750 0.812500
vt 0.593750 0.312500
vt 0.593750 0.750000
vt 0.593750 0.250000
vt 0.593750 0.687500
vt 0.593750 0.187500
vt 0.593750 0.125000
vt 0.562500 0.312500
vt 0.562500 0.812500
vt 0.562500 0.750000
vt 0.562500 0.250000
vt 0.562500 0.687500
vt 0.562500 0.187500
vt 0.562500 0.625000
vt 0.562500 0.125000
vt 0.562500 0.562500
vt 0.562500 0.062500
vt 0.562500 0.500000
vt 0.578125 1.000000
vt 0.562500 0.937500
vt 0.578125 0.000000
vt 0.562500 0.437500
vt 0.562500 0.875000
vt 0.562500 0.375000
vt 0.531250 0.062500
vt 0.531250 0.562500
vt 0.531250 0.500000
vt 0.546875 1.000000
vt 0.531250 0.937500
vt 0.546875 0.000000
vt 0.531250 0.437500
vt 0.531250 0.875000
vt 0.531250 0.375000
vt 0.531250 0.812500
vt 0.531250 0.312500
vt 0.531250 0.750000
vt 0.531250 0.250000
vt 0.531250 0.687500
vt 0.531250 0.187500
vt 0.531250 0.625000
vt 0.531250 0.125000
vt 0.500000 0.812500
vt 0.500000 0.750000
vt 0.500000 0.250000
vt 0.500000 0.687500
vt 0.500000 0.187500
vt 0.500000 0.625000
vt 0.500000 0.125000
vt 0.500000 0.562500
vt 0.500000 0.062500
vt 0.500000 0.500000
vt 0.515625 1.000000
vt 0.500000 0.937500
vt 0.515625 0.000000
vt 0.500000 0.437500
vt 0.500000 0.875000
vt 0.500000 0.375000
vt 0.500000 0.312500
vt 1.000000 0.187500
vt 0.968750 0.250000
vt 0.968750 0.187500
vt 1.000000 0.687500
vt 0.968750 0.625000
vt 1.000000 0.625000
vt 1.000000 0.125000
vt 0.968750 0.125000
vt 0.968750 0.562500
vt 1.000000 0.562500
vt 1.000000 0.062500
vt 0.968750 0.062500
vt 0.968750 0.500000
vt 1.000000 0.500000
vt 1.000000 0.937500
vt 0.984375 1.000000
vt 0.968750 0.937500
vt 0.984375 0.000000
vt 1.000000 0.437500
vt 0.968750 0.437500
vt 0.968750 0.875000
vt 1.000000 0.875000
vt 1.000000 0.375000
vt 0.968750 0.375000
vt 0.968750 0.812500
vt 1.000000 0.812500
vt 1.000000 0.312500
vt 0.968750 0.312500
vt 0.968750 0.750000
vt 1.000000 0.750000
vt 1.000000 0.250000
vt 0.968750 0.687500
vt 0.937500 0.875000
vt 0.937500 0.437500
vt 0.937500 0.375000
vt 0.937500 0.812500
vt 0.937500 0.312500
vt 0.937500 0.750000
vt 0.937500 0.250000
vt 0.937500 0.687500
vt 0.937500 0.187500
vt 0.937500 0.625000
vt 0.937500 0.125000
vt 0.937500 0.562500
vt 0.937500 0.062500
vt 0.937500 0.500000
vt 0.953125 1.000000
vt 0.937500 0.937500
vt 0.953125 0.000000
vt 0.906250 0.625000
vt 0.906250 0.187500
vt 0.906250 0.125000
vt 0.906250 0.562500
vt 0.906250 0.062500
vt 0.906250 0.500000
vt 0.921875 1.000000
vt 0.906250 0.937500
vt 0.921875 0.000000
vt 0.906250 0.437500
vt 0.906250 0.875000
vt 0.906250 0.375000
vt 0.906250 0.812500
vt 0.906250 0.312500
vt 0.906250 0.750000
vt 0.906250 0.250000
vt 0.906250 0.687500
vt 0.875000 0.437500
vt 0.875000 0.375000
vt 0.875000 0.812500
vt 0.875000 0.312500
vt 0.875000 0.750000
vt 0.875000 0.250000
vt 0.875000 0.687500
vt 0.875000 0.187500
vt 0.875000 0.625000
vt 0.875000 0.125000
vt 0.875000 0.562500
vt 0.875000 0.062500
vt 0.875000 0.500000
vt 0.890625 1.000000
vt 0.875000 0.937500
vt 0.890625 0.000000
vt 0.875000 0.875000
vt 0.843750 0.187500
vt 0.843750 0.125000
vt 0.843750 0.562500
vt 0.843750 0.062500
vt 0.843750 0.500000
vt 0.859375 1.000000
vt 0.843750 0.937500
vt 0.859375 0.000000
vt 0.843750 0.437500
vt 0.843750 0.875000
vt 0.843750 0.375000
vt 0.843750 0.812500
vt 0.843750 0.312500
vt 0.843750 0.750000
vt 0.843750 0.250000
vt 0.843750 0.687500
vt 0.843750 0.625000
vt 0.812500 0.375000
vt 0.812500 0.312500
vt 0.812500 0.750000
vt 0.812500 0.250000
vt 0.812500 0.687500
vt 0.812500 0.187500
vt 0.812500 0.625000
vt 0.812500 0.125000
vt 0.812500 0.562500
vt 0.812500 0.062500
vt 0.812500 0.500000
vt 0.828125 1.000000
vt 0.812500 0.937500
vt 0.828125 0.000000
vt 0.812500 0.437500
vt 0.812500 0.875000
vt 0.812500 0.812500
vt 0.781250 0.125000
vt 0.781250 0.062500
vt 0.781250 0.500000
vt 0.796875 1.000000
vt 0.781250 0.937500
vt 0.796875 0.000000
vt 0.781250 0.437500
vt 0.781250 0.875000
vt 0.781250 0.375000
vt 0.781250 0.812500
vt 0.781250 0.312500
vt 0.781250 0.750000
vt 0.781250 0.250000
vt 0.781250 0.687500
vt 0.781250 0.187500
vt 0.781250 0.625000
vt 0.781250 0.562500
vt 0.765625 1.000000
vt 0.765625 0.000000
s 1
f 253/1/253 17/2/17 6/3/6
f 251/4/251 9/5/9 10/6/10
f 6/3/6 18/7/18 254/8/254
f 2/9/2 10/6/10 11/10/11
f 254/8/254 19/11/19 255/12/255
f 252/13/252 11/10/11 12/14/12
f 255/12/255 20/15/20 256/16/256
f 3/17/3 12/14/12 13/18/13
f 256/16/256 21/19/21 257/20/257
f 4/21/4 13/18/13 14/22/14
f 249/23/249 82/24/82 7/25/7
f 128/26/128 257/20/257 21/19/21
f 4/21/4 15/27/15 5/28/5
f 250/29/250 7/25/7 8/30/8
f 5/28/5 16/31/16 253/1/253
f 1/32/1 8/30/8 9/5/9
f 15/27/15 31/33/31 16/31/16
f 9/5/9 23/34/23 24/35/24
f 16/31/16 32/36/32 17/2/17
f 10/6/10 24/35/24 25/37/25
f 17/2/17 33/38/33 18/7/18
f 11/10/11 25/37/25 26/39/26
f 18/7/18 34/40/34 19/11/19
f 12/14/12 26/39/26 27/41/27
f 19/11/19 35/42/35 20/15/20
f 13/18/13 27/41/27 28/43/28
f 20/15/20 36/44/36 21/19/21
f 14/22/14 28/43/28 29/45/29
f 7/25/7 82/46/82 22/47/22
f 128/48/128 21/19/21 36/44/36
f 14/22/14 30/49/30 15/27/15
f 8/30/8 22/47/22 23/34/23
f 34/40/34 50/50/50 35/42/35
f 28/43/28 42/51/42 43/52/43
f 35/42/35 51/53/51 36/44/36
f 29/45/29 43/52/43 44/54/44
f 22/47/22 82/55/82 37/56/37
f 128/57/128 36/44/36 51/53/51
f 29/45/29 45/58/45 30/49/30
f 23/34/23 37/56/37 38/59/38
f 30/49/30 46/60/46 31/33/31
f 24/35/24 38/59/38 39/61/39
f 31/33/31 47/62/47 32/36/32
f 25/37/25 39/61/39 40/63/40
f 32/36/32 48/64/48 33/38/33
f 26/39/26 40/63/40 41/65/41
f 33/38/33 49/66/49 34/40/34
f 27/41/27 41/65/41 42/51/42
f 39/61/39 53/67/53 54/68/54
f 46/60/46 62/69/62 47/62/47
f 40/63/40 54/68/54 55/70/55
f 47/62/47 63/71/63 48/64/48
f 41/65/41 55/70/55 56/72/56
f 48/64/48 64/73/64 49/66/49
f 42/51/42 56/72/56 57/74/57
f 49/66/49 65/75/65 50/50/50
f 43/52/43 57/74/57 58/76/58
f 50/50/50 66/77/66 51/53/51
f 44/54/44 58/76/58 59/78/59
f 37/56/37 82/79/82 52/80/52
f 128/81/128 51/53/51 66/77/66
f 44/54/44 60/82/60 45/58/45
f 38/59/38 52/80/52 53/67/53
f 45/58/45 61/83/61 46/60/46
f 58/76/58 72/84/72 73/85/73
f 65/75/65 81/86/81 66/77/66
f 59/78/59 73/85/73 74/87/74
f 52/80/52 82/88/82 67/89/67
f 128/90/128 66/77/66 81/86/81
f 59/78/59 75/91/75 60/82/60
f 53/67/53 67/89/67 68/92/68
f 60/82/60 76/93/76 61/83/61
f 54/68/54 68/92/68 69/94/69
f 61/83/61 77/95/77 62/69/62
f 55/70/55 69/94/69 70/96/70
f 62/69/62 78/97/78 63/71/63
f 56/72/56 70/96/70 71/98/71
f 63/71/63 79/99/79 64/73/64
f 57/74/57 71/98/71 72/84/72
f 64/73/64 80/100/80 65/75/65
f 76/93/76 93/101/93 77/95/77
f 70/96/70 85/102/85 86/103/86
f 77/95/77 94/104/94 78/97/78
f 71/98/71 86/103/86 87/105/87
f 78/97/78 95/106/95 79/99/79
f 72/84/72 87/105/87 88/107/88
f 79/99/79 96/108/96 80/100/80
f 73/85/73 88/107/88 89/109/89
f 80/100/80 97/110/97 81/86/81
f 74/87/74 89/109/89 90/111/90
f 67/89/67 82/112/82 83/113/83
f 128/114/128 81/86/81 97/110/97
f 74/87/74 91/115/91 75/91/75
f 68/92/68 83/113/83 84/116/84
f 75/91/75 92/117/92 76/93/76
f 69/94/69 84/116/84 85/102/85
f 96/108/96 112/118/112 97/110/97
f 90/111/90 104/119/104 105/120/105
f 83/113/83 82/121/82 98/122/98
f 128/123/128 97/110/97 112/118/112
f 90/111/90 106/124/106 91/115/91
f 84/116/84 98/122/98 99/125/99
f 91/115/91 107/126/107 92/117/92
f 85/102/85 99/125/99 100/127/100
f 92/117/92 108/128/108 93/101/93
f 86/103/86 100/127/100 101/129/101
f 93/101/93 109/130/109 94/104/94
f 87/105/87 101/129/101 102/131/102
f 94/104/94 110/132/110 95/106/95
f 88/107/88 102/131/102 103/133/103
f 95/106/95 111/134/111 96/108/96
f 89/109/89 103/133/103 104/119/104
f 101/129/101 115/135/115 116/136/116
f 108/128/108 124/137/124 109/130/109
f 102/131/102 116/136/116 117/138/117
f 109/130/109 125/139/125 110/132/110
f 103/133/103 117/138/117 118/140/118
f 110/132/110 126/141/126 111/134/111
f 104/119/104 118/140/118 119/142/119
f 111/134/111 127/143/127 112/118/112
f 105/120/105 119/142/119 120/144/120
f 98/122/98 82/145/82 113/146/113
f 128/147/128 112/118/112 127/143/127
f 105/120/105 121/148/121 106/124/106
f 99/125/99 113/146/113 114/149/114
f 106/124/106 122/150/122 107/126/107
f 100/127/100 114/149/114 115/135/115
f 107/126/107 123/151/123 108/128/108
f 141/152/141 155/153/155 156/154/156
f 133/155/133 149/156/149 134/157/134
f 142/158/142 156/154/156 157/159/157
f 134/157/134 150/160/150 135/161/135
f 143/162/143 157/159/157 158/163/158
f 135/161/135 151/164/151 136/165/136
f 129/166/129 82/167/82 144/168/144
f 128/169/128 143/162/143 158/163/158
f 137/170/137 151/164/151 152/171/152
f 129/166/129 145/172/145 130/173/130
f 138/174/138 152/171/152 153/175/153
f 130/173/130 146/176/146 131/177/131
f 139/178/139 153/175/153 154/179/154
f 131/177/131 147/180/147 132/181/132
f 140/182/140 154/179/154 155/153/155
f 132/181/132 148/183/148 133/155/133
f 144/168/144 160/184/160 145/172/145
f 153/175/153 167/185/167 168/186/168
f 145/172/145 161/187/161 146/176/146
f 154/179/154 168/186/168 169/188/169
f 146/176/146 162/189/162 147/180/147
f 155/153/155 169/188/169 170/190/170
f 147/180/147 163/191/163 148/183/148
f 156/154/156 170/190/170 171/192/171
f 148/183/148 164/193/164 149/156/149
f 157/159/157 171/192/171 172/194/172
f 149/156/149 165/195/165 150/160/150
f 158/163/158 172/194/172 173/196/173
f 150/160/150 166/197/166 151/164/151
f 144/168/144 82/198/82 159/199/159
f 128/200/128 158/163/158 173/196/173
f 152/171/152 166/197/166 167/185/167
f 163/191/163 179/201/179 164/193/164
f 172/194/172 186/202/186 187/203/187
f 164/193/164 180/204/180 165/195/165
f 173/196/173 187/203/187 188/205/188
f 165/195/165 181/206/181 166/197/166
f 159/199/159 82/207/82 174/208/174
f 128/209/128 173/196/173 188/205/188
f 167/185/167 181/206/181 182/210/182
f 159/199/159 175/211/175 160/184/160
f 168/186/168 182/210/182 183/212/183
f 160/184/160 176/213/176 161/187/161
f 169/188/169 183/212/183 184/214/184
f 161/187/161 177/215/177 162/189/162
f 170/190/170 184/214/184 185/216/185
f 162/189/162 178/217/178 163/191/163
f 171/192/171 185/216/185 186/202/186
f 183/212/183 197/218/197 198/219/198
f 175/211/175 191/220/191 176/213/176
f 184/214/184 198/219/198 199/221/199
f 176/213/176 192/222/192 177/215/177
f 185/216/185 199/221/199 200/223/200
f 177/215/177 193/224/193 178/217/178
f 186/202/186 200/223/200 201/225/201
f 178/217/178 194/226/194 179/201/179
f 187/203/187 201/225/201 202/227/202
f 179/201/179 195/228/195 180/204/180
f 188/205/188 202/227/202 203/229/203
f 180/204/180 196/230/196 181/206/181
f 174/208/174 82/231/82 189/232/189
f 128/233/128 188/205/188 203/229/203
f 182/210/182 196/230/196 197/218/197
f 174/208/174 190/234/190 175/211/175
f 202/227/202 216/235/216 217/236/217
f 194/226/194 210/237/210 195/228/195
f 203/229/203 217/236/217 218/238/218
f 195/228/195 211/239/211 196/230/196
f 189/232/189 82/240/82 204/241/204
f 128/242/128 203/229/203 218/238/218
f 197/218/197 211/239/211 212/243/212
f 189/232/189 205/244/205 190/234/190
f 198/219/198 212/243/212 213/245/213
f 190/234/190 206/246/206 191/220/191
f 199/221/199 213/245/213 214/247/214
f 191/220/191 207/248/207 192/222/192
f 200/223/200 214/247/214 215/249/215
f 192/222/192 208/250/208 193/224/193
f 201/225/201 215/249/215 216/235/216
f 193/224/193 209/251/209 194/226/194
f 214/247/214 228/252/228 229/253/229
f 206/246/206 222/254/222 207/248/207
f 215/249/215 229/253/229 230/255/230
f 207/248/207 223/256/223 208/250/208
f 216/235/216 230/255/230 231/257/231
f 208/250/208 224/258/224 209/251/209
f 217/236/217 231/257/231 232/259/232
f 209/251/209 225/260/225 210/237/210
f 218/238/218 232/259/232 233/261/233
f 210/237/210 226/262/226 211/239/211
f 204/241/204 82/263/82 219/264/219
f 128/265/128 218/238/218 233/261/233
f 212/243/212 226/262/226 227/266/227
f 204/241/204 220/267/220 205/244/205
f 213/245/213 227/266/227 228/252/228
f 205/244/205 221/268/221 206/246/206
f 233/261/233 247/269/247 248/270/248
f 225/260/225 241/271/241 226/262/226
f 219/264/219 82/272/82 234/273/234
f 128/274/128 233/261/233 248/270/248
f 227/266/227 241/271/241 242/275/242
f 219/264/219 235/276/235 220/267/220
f 228/252/228 242/275/242 243/277/243
f 220/267/220 236/278/236 221/268/221
f 229/253/229 243/277/243 244/279/244
f 221/268/221 237/280/237 222/254/222
f 230/255/230 244/279/244 245/281/245
f 222/254/222 238/282/238 223/256/223
f 231/257/231 245/281/245 246/283/246
f 223/256/223 239/284/239 224/258/224
f 232/259/232 246/283/246 247/269/247
f 224/258/224 240/285/240 225/260/225
f 236/278/236 251/4/251 237/280/237
f 245/281/245 6/3/6 254/8/254
f 237/280/237 2/9/2 238/282/238
f 246/283/246 254/8/254 255/12/255
f 238/282/238 252/13/252 239/284/239
f 247/269/247 255/12/255 256/16/256
f 239/284/239 3/17/3 240/285/240
f 248/270/248 256/16/256 257/20/257
f 240/285/240 4/21/4 241/271/241
f 234/273/234 82/286/82 249/23/249
f 128/287/128 248/270/248 257/20/257
f 242/275/242 4/21/4 5/28/5
f 234/273/234 250/29/250 235/276/235
f 243/277/243 5/28/5 253/1/253
f 235/276/235 1/32/1 236/278/236
f 244/279/244 253/1/253 6/3/6
f 510/1/253 274/2/17 263/3/6
f 508/4/251 266/5/9 267/6/10
f 263/3/6 275/7/18 511/8/254
f 259/9/2 267/6/10 268/10/11
f 511/8/254 276/11/19 512/12/255
f 509/13/252 268/10/11 269/14/12
f 512/12/255 277/15/20 513/16/256
f 260/17/3 269/14/12 270/18/13
f 513/16/256 278/19/21 514/20/257
f 261/21/4 270/18/13 271/22/14
f 506/23/249 339/24/82 264/25/7
f 385/26/128 514/20/257 278/19/21
f 261/21/4 272/27/15 262/28/5
f 507/29/250 264/25/7 265/30/8
f 262/28/5 273/31/16 510/1/253
f 258/32/1 265/30/8 266/5/9
f 272/27/15 288/33/31 273/31/16
f 266/5/9 280/34/23 281/35/24
f 273/31/16 289/36/32 274/2/17
f 267/6/10 281/35/24 282/37/25
f 274/2/17 290/38/33 275/7/18
f 268/10/11 282/37/25 283/39/26
f 275/7/18 291/40/34 276/11/19
f 269/14/12 283/39/26 284/41/27
f 276/11/19 292/42/35 277/15/20
f 270/18/13 284/41/27 285/43/28
f 277/15/20 293/44/36 278/19/21
f 271/22/14 285/43/28 286/45/29
f 264/25/7 339/46/82 279/47/22
f 385/48/128 278/19/21 293/44/36
f 271/22/14 287/49/30 272/27/15
f 265/30/8 279/47/22 280/34/23
f 291/40/34 307/50/50 292/42/35
f 285/43/28 299/51/42 300/52/43
f 292/42/35 308/53/51 293/44/36
f 286/45/29 300/52/43 301/54/44
f 279/47/22 339/55/82 294/56/37
f 385/57/128 293/44/36 308/53/51
f 286/45/29 302/58/45 287/49/30
f 280/34/23 294/56/37 295/59/38
f 287/49/30 303/60/46 288/33/31
f 281/35/24 295/59/38 296/61/39
f 288/33/31 304/62/47 289/36/32
f 282/37/25 296/61/39 297/63/40
f 289/36/32 305/64/48 290/38/33
f 283/39/26 297/63/40 298/65/41
f 290/38/33 306/66/49 291/40/34
f 284/41/27 298/65/41 299/51/42
f 296/61/39 310/67/53 311/68/54
f 303/60/46 319/69/62 304/62/47
f 297/63/40 311/68/54 312/70/55
f 304/62/47 320/71/63 305/64/48
f 298/65/41 312/70/55 313/72/56
f 305/64/48 321/73/64 306/66/49
f 299/51/42 313/72/56 314/74/57
f 306/66/49 322/75/65 307/50/50
f 300/52/43 314/74/57 315/76/58
f 307/50/50 323/77/66 308/53/51
f 301/54/44 315/76/58 316/78/59
f 294/56/37 339/79/82 309/80/52
f 385/81/128 308/53/51 323/77/66
f 301/54/44 317/82/60 302/58/45
f 295/59/38 309/80/52 310/67/53
f 302/58/45 318/83/61 303/60/46
f 315/76/58 329/84/72 330/85/73
f 322/75/65 338/86/81 323/77/66
f 316/78/59 330/85/73 331/87/74
f 309/80/52 339/88/82 324/89/67
f 385/90/128 323/77/66 338/86/81
f 316/78/59 332/91/75 317/82/60
f 310/67/53 324/89/67 325/92/258
f 317/82/60 333/93/76 318/83/61
f 311/68/54 325/92/258 326/94/69
f 318/83/61 334/95/77 319/69/62
f 312/70/55 326/94/69 327/96/70
f 319/69/62 335/97/78 320/71/63
f 313/72/56 327/96/70 328/98/71
f 320/71/63 336/99/79 321/73/64
f 314/74/57 328/98/71 329/84/72
f 321/73/64 337/100/259 322/75/65
f 333/93/76 350/101/93 334/95/77
f 327/96/70 342/102/85 343/103/86
f 334/95/77 351/104/94 335/97/78
f 328/98/71 343/103/86 344/105/87
f 335/97/78 352/106/95 336/99/79
f 329/84/72 344/105/87 345/107/88
f 336/99/79 353/108/96 337/100/259
f 330/85/73 345/107/88 346/109/89
f 337/100/259 354/110/97 338/86/81
f 331/87/74 346/109/89 347/111/90
f 324/89/67 339/112/82 340/113/83
f 385/114/128 338/86/81 354/110/97
f 331/87/74 348/115/91 332/91/75
f 325/92/258 340/113/83 341/116/84
f 332/91/75 349/117/92 333/93/76
f 326/94/69 341/116/84 342/102/85
f 353/108/96 369/118/112 354/110/97
f 347/111/90 361/119/104 362/120/105
f 340/113/83 339/121/82 355/122/98
f 385/123/128 354/110/97 369/118/112
f 347/111/90 363/124/106 348/115/91
f 341/116/84 355/122/98 356/125/99
f 348/115/91 364/126/107 349/117/92
f 342/102/85 356/125/99 357/127/100
f 349/117/92 365/128/108 350/101/93
f 343/103/86 357/127/100 358/129/101
f 350/101/93 366/130/109 351/104/94
f 344/105/87 358/129/101 359/131/102
f 351/104/94 367/132/110 352/106/95
f 345/107/88 359/131/102 360/133/103
f 352/106/95 368/134/111 353/108/96
f 346/109/89 360/133/103 361/119/104
f 358/129/101 372/135/115 373/136/116
f 365/128/108 381/137/124 366/130/109
f 359/131/102 373/136/116 374/138/117
f 366/130/109 382/139/125 367/132/110
f 360/133/103 374/138/117 375/140/118
f 367/132/110 383/141/126 368/134/111
f 361/119/104 375/140/118 376/142/119
f 368/134/111 384/143/127 369/118/112
f 362/120/105 376/142/119 377/144/120
f 355/122/98 339/145/82 370/146/113
f 385/147/128 369/118/112 384/143/127
f 362/120/105 378/148/121 363/124/106
f 356/125/99 370/146/113 371/149/114
f 363/124/106 379/150/122 364/126/107
f 357/127/100 371/149/114 372/135/115
f 364/126/107 380/151/123 365/128/108
f 398/152/141 412/153/155 413/154/156
f 390/155/133 406/156/149 391/157/134
f 399/158/142 413/154/156 414/159/157
f 391/157/134 407/160/150 392/161/135
f 400/162/143 414/159/157 415/163/158
f 392/161/135 408/164/151 393/165/136
f 386/166/129 339/167/82 401/168/144
f 385/169/128 400/162/143 415/163/158
f 394/170/260 408/164/151 409/171/152
f 386/166/129 402/172/145 387/173/130
f 395/174/138 409/171/152 410/175/153
f 387/173/130 403/176/261 388/177/131
f 396/178/139 410/175/153 411/179/154
f 388/177/131 404/180/147 389/181/132
f 397/182/140 411/179/154 412/153/155
f 389/181/132 405/183/148 390/155/133
f 401/168/144 417/184/160 402/172/145
f 410/175/153 424/185/167 425/186/168
f 402/172/145 418/187/161 403/176/261
f 411/179/154 425/186/168 426/188/169
f 403/176/261 419/189/162 404/180/147
f 412/153/155 426/188/169 427/190/170
f 404/180/147 420/191/163 405/183/148
f 413/154/156 427/190/170 428/192/171
f 405/183/148 421/193/164 406/156/149
f 414/159/157 428/192/171 429/194/172
f 406/156/149 422/195/165 407/160/150
f 415/163/158 429/194/172 430/196/173
f 407/160/150 423/197/166 408/164/151
f 401/168/144 339/198/82 416/199/159
f 385/200/128 415/163/158 430/196/173
f 409/171/152 423/197/166 424/185/167
f 420/191/163 436/201/179 421/193/164
f 429/194/172 443/202/186 444/203/187
f 421/193/164 437/204/180 422/195/165
f 430/196/173 444/203/187 445/205/188
f 422/195/165 438/206/181 423/197/166
f 416/199/159 339/207/82 431/208/174
f 385/209/128 430/196/173 445/205/188
f 424/185/167 438/206/181 439/210/182
f 416/199/159 432/211/175 417/184/160
f 425/186/168 439/210/182 440/212/183
f 417/184/160 433/213/176 418/187/161
f 426/188/169 440/212/183 441/214/184
f 418/187/161 434/215/177 419/189/162
f 427/190/170 441/214/184 442/216/185
f 419/189/162 435/217/178 420/191/163
f 428/192/171 442/216/185 443/202/186
f 440/212/183 454/218/197 455/219/198
f 432/211/175 448/220/191 433/213/176
f 441/214/184 455/219/198 456/221/199
f 433/213/176 449/222/192 434/215/177
f 442/216/185 456/221/199 457/223/200
f 434/215/177 450/224/262 435/217/178
f 443/202/186 457/223/200 458/225/201
f 435/217/178 451/226/194 436/201/179
f 444/203/187 458/225/201 459/227/202
f 436/201/179 452/228/195 437/204/180
f 445/205/188 459/227/202 460/229/203
f 437/204/180 453/230/196 438/206/181
f 431/208/174 339/231/82 446/232/189
f 385/233/128 445/205/188 460/229/203
f 439/210/182 453/230/196 454/218/197
f 431/208/174 447/234/190 432/211/175
f 459/227/202 473/235/216 474/236/217
f 451/226/194 467/237/210 452/228/195
f 460/229/203 474/236/217 475/238/218
f 452/228/195 468/239/211 453/230/196
f 446/232/189 339/240/82 461/241/204
f 385/242/128 460/229/203 475/238/218
f 454/218/197 468/239/211 469/243/212
f 446/232/189 462/244/205 447/234/190
f 455/219/198 469/243/212 470/245/213
f 447/234/190 463/246/206 448/220/191
f 456/221/199 470/245/213 471/247/214
f 448/220/191 464/248/207 449/222/192
f 457/223/200 471/247/214 472/249/215
f 449/222/192 465/250/208 450/224/262
f 458/225/201 472/249/215 473/235/216
f 450/224/262 466/251/209 451/226/194
f 471/247/214 485/252/228 486/253/229
f 463/246/206 479/254/222 464/248/207
f 472/249/215 486/253/229 487/255/230
f 464/248/207 480/256/223 465/250/208
f 473/235/216 487/255/230 488/257/231
f 465/250/208 481/258/224 466/251/209
f 474/236/217 488/257/231 489/259/232
f 466/251/209 482/260/225 467/237/210
f 475/238/218 489/259/232 490/261/233
f 467/237/210 483/262/226 468/239/211
f 461/241/204 339/263/82 476/264/219
f 385/265/128 475/238/218 490/261/233
f 469/243/212 483/262/226 484/266/227
f 461/241/204 477/267/263 462/244/205
f 470/245/213 484/266/227 485/252/228
f 462/244/205 478/268/221 463/246/206
f 490/261/233 504/269/247 505/270/248
f 482/260/225 498/271/241 483/262/226
f 476/264/219 339/272/82 491/273/234
f 385/274/128 490/261/233 505/270/248
f 484/266/227 498/271/241 499/275/242
f 476/264/219 492/276/235 477/267/263
f 485/252/228 499/275/242 500/277/243
f 477/267/263 493/278/236 478/268/221
f 486/253/229 500/277/243 501/279/244
f 478/268/221 494/280/237 479/254/222
f 487/255/230 501/279/244 502/281/245
f 479/254/222 495/282/238 480/256/223
f 488/257/231 502/281/245 503/283/246
f 480/256/223 496/284/239 481/258/224
f 489/259/232 503/283/246 504/269/247
f 481/258/224 497/285/240 482/260/225
f 493/278/236 508/4/251 494/280/237
f 502/281/245 263/3/6 511/8/254
f 494/280/237 259/9/2 495/282/238
f 503/283/246 511/8/254 512/12/255
f 495/282/238 509/13/252 496/284/239
f 504/269/247 512/12/255 513/16/256
f 496/284/239 260/17/3 497/285/240
f 505/270/248 513/16/256 514/20/257
f 497/285/240 261/21/4 498/271/241
f 491/273/234 339/286/82 506/23/249
f 385/287/128 505/270/248 514/20/257
f 499/275/242 261/21/4 262/28/5
f 491/273/234 507/29/250 492/276/235
f 500/277/243 262/28/5 510/1/253
f 492/276/235 258/32/1 493/278/236
f 501/279/244 510/1/253 263/3/6
f 767/1/253 531/2/17 520/3/6
f 765/4/251 523/5/9 524/6/10
f 520/3/6 532/7/18 768/8/254
f 516/9/2 524/6/10 525/10/11
f 768/8/254 533/11/19 769/12/255
f 766/13/252 525/10/11 526/14/12
f 769/12/255 534/15/20 770/16/256
f 517/17/3 526/14/12 527/18/13
f 770/16/256 535/19/21 771/20/257
f 518/21/4 527/18/13 528/22/14
f 763/23/249 596/24/82 521/25/7
f 642/26/128 771/20/257 535/19/21
f 518/21/4 529/27/15 519/28/5
f 764/29/250 521/25/7 522/30/8
f 519/28/5 530/31/16 767/1/253
f 515/32/1 522/30/8 523/5/9
f 529/27/15 545/33/31 530/31/16
f 523/5/9 537/34/23 538/35/24
f 530/31/16 546/36/32 531/2/17
f 524/6/10 538/35/24 539/37/25
f 531/2/17 547/38/33 532/7/18
f 525/10/11 539/37/25 540/39/26
f 532/7/18 548/40/34 533/11/19
f 526/14/12 540/39/26 541/41/27
f 533/11/19 549/42/264 534/15/20
f 527/18/13 541/41/27 542/43/28
f 534/15/20 550/44/36 535/19/21
f 528/22/14 542/43/28 543/45/29
f 521/25/7 596/46/82 536/47/22
f 642/48/128 535/19/21 550/44/36
f 528/22/14 544/49/30 529/27/15
f 522/30/8 536/47/22 537/34/23
f 548/40/34 564/50/50 549/42/264
f 542/43/28 556/51/42 557/52/43
f 549/42/264 565/53/51 550/44/36
f 543/45/29 557/52/43 558/54/44
f 536/47/22 596/55/82 551/56/37
f 642/57/128 550/44/36 565/53/51
f 543/45/29 559/58/45 544/49/30
f 537/34/23 551/56/37 552/59/38
f 544/49/30 560/60/46 545/33/31
f 538/35/24 552/59/38 553/61/39
f 545/33/31 561/62/47 546/36/32
f 539/37/25 553/61/39 554/63/40
f 546/36/32 562/64/48 547/38/33
f 540/39/26 554/63/40 555/65/41
f 547/38/33 563/66/49 548/40/34
f 541/41/27 555/65/41 556/51/42
f 553/61/39 567/67/53 568/68/54
f 560/60/46 576/69/62 561/62/47
f 554/63/40 568/68/54 569/70/55
f 561/62/47 577/71/63 562/64/48
f 555/65/41 569/70/55 570/72/56
f 562/64/48 578/73/64 563/66/49
f 556/51/42 570/72/56 571/74/57
f 563/66/49 579/75/65 564/50/50
f 557/52/43 571/74/57 572/76/58
f 564/50/50 580/77/66 565/53/51
f 558/54/44 572/76/58 573/78/59
f 551/56/37 596/79/82 566/80/52
f 642/81/128 565/53/51 580/77/66
f 558/54/44 574/82/60 559/58/45
f 552/59/38 566/80/52 567/67/53
f 559/58/45 575/83/61 560/60/46
f 572/76/58 586/84/72 587/85/73
f 579/75/65 595/86/81 580/77/66
f 573/78/59 587/85/73 588/87/74
f 566/80/52 596/88/82 581/89/67
f 642/90/128 580/77/66 595/86/81
f 573/78/59 589/91/75 574/82/60
f 567/67/53 581/89/67 582/92/258
f 574/82/60 590/93/76 575/83/61
f 568/68/54 582/92/258 583/94/69
f 575/83/61 591/95/77 576/69/62
f 569/70/55 583/94/69 584/96/70
f 576/69/62 592/97/78 577/71/63
f 570/72/56 584/96/70 585/98/71
f 577/71/63 593/99/79 578/73/64
f 571/74/57 585/98/71 586/84/72
f 578/73/64 594/100/259 579/75/65
f 590/93/76 607/101/93 591/95/77
f 584/96/70 599/102/85 600/103/86
f 591/95/77 608/104/94 592/97/78
f 585/98/71 600/103/86 601/105/87
f 592/97/78 609/106/95 593/99/79
f 586/84/72 601/105/87 602/107/88
f 593/99/79 610/108/96 594/100/259
f 587/85/73 602/107/88 603/109/89
f 594/100/259 611/110/97 595/86/81
f 588/87/74 603/109/89 604/111/90
f 581/89/67 596/112/82 597/113/83
f 642/114/128 595/86/81 611/110/97
f 588/87/74 605/115/91 589/91/75
f 582/92/258 597/113/83 598/116/84
f 589/91/75 606/117/92 590/93/76
f 583/94/69 598/116/84 599/102/85
f 610/108/96 626/118/112 611/110/97
f 604/111/90 618/119/104 619/120/105
f 597/113/83 596/121/82 612/122/98
f 642/123/128 611/110/97 626/118/112
f 604/111/90 620/124/106 605/115/91
f 598/116/84 612/122/98 613/125/99
f 605/115/91 621/126/107 606/117/92
f 599/102/85 613/125/99 614/127/100
f 606/117/92 622/128/108 607/101/93
f 600/103/86 614/127/100 615/129/101
f 607/101/93 623/130/109 608/104/94
f 601/105/87 615/129/101 616/131/102
f 608/104/94 624/132/110 609/106/95
f 602/107/88 616/131/102 617/133/103
f 609/106/95 625/134/111 610/108/96
f 603/109/89 617/133/103 618/119/104
f 615/129/101 629/135/115 630/136/116
f 622/128/108 638/137/124 623/130/109
f 616/131/102 630/136/116 631/138/117
f 623/130/109 639/139/125 624/132/110
f 617/133/103 631/138/117 632/140/118
f 624/132/110 640/141/126 625/134/111
f 618/119/104 632/140/118 633/142/119
f 625/134/111 641/143/127 626/118/112
f 619/120/105 633/142/119 634/144/120
f 612/122/98 596/145/82 627/146/113
f 642/147/128 626/118/112 641/143/127
f 619/120/105 635/148/121 620/124/106
f 613/125/99 627/146/113 628/149/114
f 620/124/106 636/150/122 621/126/107
f 614/127/100 628/149/114 629/135/115
f 621/126/107 637/151/123 622/128/108
f 655/152/141 669/153/155 670/154/265
f 647/155/133 663/156/149 648/157/134
f 656/158/142 670/154/265 671/159/157
f 648/157/134 664/160/150 649/161/135
f 657/162/143 671/159/157 672/163/158
f 649/161/135 665/164/151 650/165/136
f 643/166/129 596/167/82 658/168/144
f 642/169/128 657/162/143 672/163/158
f 651/170/137 665/164/151 666/171/152
f 643/166/129 659/172/145 644/173/130
f 652/174/138 666/171/152 667/175/153
f 644/173/130 660/176/261 645/177/131
f 653/178/139 667/175/153 668/179/154
f 645/177/131 661/180/147 646/181/132
f 654/182/140 668/179/154 669/153/155
f 646/181/132 662/183/148 647/155/133
f 658/168/144 674/184/160 659/172/145
f 667/175/153 681/185/167 682/186/168
f 659/172/145 675/187/161 660/176/261
f 668/179/154 682/186/168 683/188/169
f 660/176/261 676/189/162 661/180/147
f 669/153/155 683/188/169 684/190/170
f 661/180/147 677/191/163 662/183/148
f 670/154/265 684/190/170 685/192/171
f 662/183/148 678/193/164 663/156/149
f 671/159/157 685/192/171 686/194/172
f 663/156/149 679/195/165 664/160/150
f 672/163/158 686/194/172 687/196/173
f 664/160/150 680/197/166 665/164/151
f 658/168/144 596/198/82 673/199/159
f 642/200/128 672/163/158 687/196/173
f 666/171/152 680/197/166 681/185/167
f 677/191/163 693/201/179 678/193/164
f 686/194/172 700/202/186 701/203/187
f 678/193/164 694/204/180 679/195/165
f 687/196/173 701/203/187 702/205/188
f 679/195/165 695/206/181 680/197/166
f 673/199/159 596/207/82 688/208/174
f 642/209/128 687/196/173 702/205/188
f 681/185/167 695/206/181 696/210/182
f 673/199/159 689/211/175 674/184/160
f 682/186/168 696/210/182 697/212/183
f 674/184/160 690/213/176 675/187/161
f 683/188/169 697/212/183 698/214/184
f 675/187/161 691/215/177 676/189/162
f 684/190/170 698/214/184 699/216/185
f 676/189/162 692/217/178 677/191/163
f 685/192/171 699/216/185 700/202/186
f 697/212/183 711/218/197 712/219/198
f 689/211/175 705/220/191 690/213/176
f 698/214/184 712/219/198 713/221/199
f 690/213/176 706/222/192 691/215/177
f 699/216/185 713/221/199 714/223/200
f 691/215/177 707/224/262 692/217/178
f 700/202/186 714/223/200 715/225/201
f 692/217/178 708/226/194 693/201/179
f 701/203/187 715/225/201 716/227/202
f 693/201/179 709/228/195 694/204/180
f 702/205/188 716/227/202 717/229/203
f 694/204/180 710/230/196 695/206/181
f 688/208/174 596/231/82 703/232/189
f 642/233/128 702/205/188 717/229/203
f 696/210/182 710/230/196 711/218/197
f 688/208/174 704/234/190 689/211/175
f 716/227/202 730/235/216 731/236/217
f 708/226/194 724/237/210 709/228/195
f 717/229/203 731/236/217 732/238/218
f 709/228/195 725/239/211 710/230/196
f 703/232/189 596/240/82 718/241/204
f 642/242/128 717/229/203 732/238/218
f 711/218/197 725/239/211 726/243/212
f 703/232/189 719/244/205 704/234/190
f 712/219/198 726/243/212 727/245/213
f 704/234/190 720/246/206 705/220/191
f 713/221/199 727/245/213 728/247/214
f 705/220/191 721/248/207 706/222/192
f 714/223/200 728/247/214 729/249/215
f 706/222/192 722/250/208 707/224/262
f 715/225/201 729/249/215 730/235/216
f 707/224/262 723/251/209 708/226/194
f 728/247/214 742/252/228 743/253/229
f 720/246/206 736/254/222 721/248/207
f 729/249/215 743/253/229 744/255/230
f 721/248/207 737/256/223 722/250/208
f 730/235/216 744/255/230 745/257/231
f 722/250/208 738/258/224 723/251/209
f 731/236/217 745/257/231 746/259/266
f 723/251/209 739/260/225 724/237/210
f 732/238/218 746/259/266 747/261/233
f 724/237/210 740/262/226 725/239/211
f 718/241/204 596/263/82 733/264/219
f 642/265/128 732/238/218 747/261/233
f 726/243/212 740/262/226 741/266/227
f 718/241/204 734/267/263 719/244/205
f 727/245/213 741/266/227 742/252/228
f 719/244/205 735/268/221 720/246/206
f 747/261/233 761/269/247 762/270/248
f 739/260/225 755/271/241 740/262/226
f 733/264/219 596/272/82 748/273/234
f 642/274/128 747/261/233 762/270/248
f 741/266/227 755/271/241 756/275/242
f 733/264/219 749/276/235 734/267/263
f 742/252/228 756/275/242 757/277/243
f 734/267/263 750/278/236 735/268/221
f 743/253/229 757/277/243 758/279/244
f 735/268/221 751/280/237 736/254/222
f 744/255/230 758/279/244 759/281/245
f 736/254/222 752/282/238 737/256/223
f 745/257/231 759/281/245 760/283/246
f 737/256/223 753/284/239 738/258/224
f 746/259/266 760/283/246 761/269/247
f 738/258/224 754/285/240 739/260/225
f 750/278/236 765/4/251 751/280/237
f 759/281/245 520/3/6 768/8/254
f 751/280/237 516/9/2 752/282/238
f 760/283/246 768/8/254 769/12/255
f 752/282/238 766/13/252 753/284/239
f 761/269/247 769/12/255 770/16/256
f 753/284/239 517/17/3 754/285/240
f 762/270/248 770/16/256 771/20/257
f 754/285/240 518/21/4 755/271/241
f 748/273/234 596/286/82 763/23/249
f 642/287/128 762/270/248 771/20/257
f 756/275/242 518/21/4 519/28/5
f 748/273/234 764/29/250 749/276/235
f 757/277/243 519/28/5 767/1/253
f 749/276/235 515/32/1 750/278/236
f 758/279/244 767/1/253 520/3/6
f 1024/1/253 788/2/17 777/3/6
f 1022/4/251 780/5/9 781/6/10
f 777/3/6 789/7/18 1025/8/254
f 773/9/2 781/6/10 782/10/11
f 1025/8/254 790/11/19 1026/12/255
f 1023/13/252 782/10/11 783/14/12
f 1026/12/255 791/15/20 1027/16/256
f 774/17/3 783/14/12 784/18/13
f 1027/16/256 792/19/21 1028/20/257
f 775/21/4 784/18/13 785/22/14
f 1020/23/249 853/24/82 778/25/7
f 899/26/128 1028/20/257 792/19/21
f 775/21/4 786/27/15 776/28/5
f 1021/29/250 778/25/7 779/30/8
f 776/28/5 787/31/16 1024/1/253
f 772/32/1 779/30/8 780/5/9
f 786/27/15 802/33/31 787/31/16
f 780/5/9 794/34/267 795/35/24
f 787/31/16 803/36/32 788/2/17
f 781/6/10 795/35/24 796/37/25
f 788/2/17 804/38/33 789/7/18
f 782/10/11 796/37/25 797/39/26
f 789/7/18 805/40/34 790/11/19
f 783/14/12 797/39/26 798/41/27
f 790/11/19 806/42/264 791/15/20
f 784/18/13 798/41/27 799/43/28
f 791/15/20 807/44/36 792/19/21
f 785/22/14 799/43/28 800/45/29
f 778/25/7 853/46/82 793/47/22
f 899/48/128 792/19/21 807/44/36
f 785/22/14 801/49/30 786/27/15
f 779/30/8 793/47/22 794/34/267
f 805/40/34 821/50/50 806/42/264
f 799/43/28 813/51/42 814/52/43
f 806/42/264 822/53/51 807/44/36
f 800/45/29 814/52/43 815/54/44
f 793/47/22 853/55/82 808/56/37
f 899/57/128 807/44/36 822/53/51
f 800/45/29 816/58/45 801/49/30
f 794/34/267 808/56/37 809/59/38
f 801/49/30 817/60/46 802/33/31
f 795/35/24 809/59/38 810/61/39
f 802/33/31 818/62/47 803/36/32
f 796/37/25 810/61/39 811/63/40
f 803/36/32 819/64/48 804/38/33
f 797/39/26 811/63/40 812/65/41
f 804/38/33 820/66/49 805/40/34
f 798/41/27 812/65/41 813/51/42
f 810/61/39 824/67/53 825/68/54
f 817/60/46 833/69/62 818/62/47
f 811/63/40 825/68/54 826/70/55
f 818/62/47 834/71/63 819/64/48
f 812/65/41 826/70/55 827/72/56
f 819/64/48 835/73/64 820/66/49
f 813/51/42 827/72/56 828/74/57
f 820/66/49 836/75/65 821/50/50
f 814/52/43 828/74/57 829/76/58
f 821/50/50 837/77/66 822/53/51
f 815/54/44 829/76/58 830/78/59
f 808/56/37 853/79/82 823/80/52
f 899/81/128 822/53/51 837/77/66
f 815/54/44 831/82/60 816/58/45
f 809/59/38 823/80/52 824/67/53
f 816/58/45 832/83/61 817/60/46
f 829/76/58 843/84/72 844/85/73
f 836/75/65 852/86/81 837/77/66
f 830/78/59 844/85/73 845/87/74
f 823/80/52 853/88/82 838/89/67
f 899/90/128 837/77/66 852/86/81
f 830/78/59 846/91/75 831/82/60
f 824/67/53 838/89/67 839/92/258
f 831/82/60 847/93/76 832/83/61
f 825/68/54 839/92/258 840/94/69
f 832/83/61 848/95/77 833/69/62
f 826/70/55 840/94/69 841/96/70
f 833/69/62 849/97/78 834/71/63
f 827/72/56 841/96/70 842/98/71
f 834/71/63 850/99/79 835/73/64
f 828/74/57 842/98/71 843/84/72
f 835/73/64 851/100/259 836/75/65
f 847/93/76 864/101/93 848/95/77
f 841/96/70 856/102/85 857/103/86
f 848/95/77 865/104/94 849/97/78
f 842/98/71 857/103/86 858/105/87
f 849/97/78 866/106/95 850/99/79
f 843/84/72 858/105/87 859/107/88
f 850/99/79 867/108/96 851/100/259
f 844/85/73 859/107/88 860/109/89
f 851/100/259 868/110/97 852/86/81
f 845/87/74 860/109/89 861/111/90
f 838/89/67 853/112/82 854/113/83
f 899/114/128 852/86/81 868/110/97
f 845/87/74 862/115/91 846/91/75
f 839/92/258 854/113/83 855/116/84
f 846/91/75 863/117/92 847/93/76
f 840/94/69 855/116/84 856/102/85
f 867/108/96 883/118/112 868/110/97
f 861/111/90 875/119/104 876/120/105
f 854/113/83 853/121/82 869/122/98
f 899/123/128 868/110/97 883/118/112
f 861/111/90 877/124/106 862/115/91
f 855/116/84 869/122/98 870/125/99
f 862/115/91 878/126/107 863/117/92
f 856/102/85 870/125/99 871/127/100
f 863/117/92 879/128/108 864/101/93
f 857/103/86 871/127/100 872/129/101
f 864/101/93 880/130/109 865/104/94
f 858/105/87 872/129/101 873/131/102
f 865/104/94 881/132/110 866/106/95
f 859/107/88 873/131/102 874/133/103
f 866/106/95 882/134/111 867/108/96
f 860/109/89 874/133/103 875/119/104
f 872/129/101 886/135/115 887/136/116
f 879/128/108 895/137/124 880/130/109
f 873/131/102 887/136/116 888/138/117
f 880/130/109 896/139/125 881/132/110
f 874/133/103 888/138/117 889/140/118
f 881/132/110 897/141/126 882/134/111
f 875/119/104 889/140/118 890/142/119
f 882/134/111 898/143/127 883/118/112
f 876/120/105 890/142/119 891/144/120
f 869/122/98 853/145/82 884/146/113
f 899/147/128 883/118/112 898/143/127
f 876/120/105 892/148/268 877/124/106
f 870/125/99 884/146/113 885/149/114
f 877/124/106 893/150/122 878/126/107
f 871/127/100 885/149/114 886/135/115
f 878/126/107 894/151/123 879/128/108
f 912/152/141 926/153/155 927/154/156
f 904/155/133 920/156/149 905/157/134
f 913/158/142 927/154/156 928/159/157
f 905/157/134 921/160/150 906/161/135
f 914/162/143 928/159/157 929/163/158
f 906/161/135 922/164/151 907/165/136
f 900/166/129 853/167/82 915/168/144
f 899/169/128 914/162/143 929/163/158
f 908/170/137 922/164/151 923/171/152
f 900/166/129 916/172/145 901/173/130
f 909/174/138 923/171/152 924/175/153
f 901/173/130 917/176/146 902/177/131
f 910/178/139 924/175/153 925/179/154
f 902/177/131 918/180/147 903/181/132
f 911/182/140 925/179/154 926/153/155
f 903/181/132 919/183/148 904/155/133
f 915/168/144 931/184/160 916/172/145
f 924/175/153 938/185/167 939/186/168
f 916/172/145 932/187/161 917/176/146
f 925/179/154 939/186/168 940/188/169
f 917/176/146 933/189/162 918/180/147
f 926/153/155 940/188/169 941/190/170
f 918/180/147 934/191/163 919/183/148
f 927/154/156 941/190/170 942/192/171
f 919/183/148 935/193/164 920/156/149
f 928/159/157 942/192/171 943/194/172
f 920/156/149 936/195/165 921/160/150
f 929/163/158 943/194/172 944/196/173
f 921/160/150 937/197/166 922/164/151
f 915/168/144 853/198/82 930/199/159
f 899/200/128 929/163/158 944/196/173
f 923/171/152 937/197/166 938/185/167
f 934/191/163 950/201/179 935/193/164
f 943/194/172 957/202/186 958/203/187
f 935/193/164 951/204/180 936/195/165
f 944/196/173 958/203/187 959/205/188
f 936/195/165 952/206/181 937/197/166
f 930/199/159 853/207/82 945/208/174
f 899/209/128 944/196/173 959/205/188
f 938/185/167 952/206/181 953/210/182
f 930/199/159 946/211/175 931/184/160
f 939/186/168 953/210/182 954/212/183
f 931/184/160 947/213/176 932/187/161
f 940/188/169 954/212/183 955/214/184
f 932/187/161 948/215/177 933/189/162
f 941/190/170 955/214/184 956/216/185
f 933/189/162 949/217/178 934/191/163
f 942/192/171 956/216/185 957/202/186
f 954/212/183 968/218/197 969/219/198
f 946/211/175 962/220/191 947/213/176
f 955/214/184 969/219/198 970/221/269
f 947/213/176 963/222/192 948/215/177
f 956/216/185 970/221/269 971/223/200
f 948/215/177 964/224/193 949/217/178
f 957/202/186 971/223/200 972/225/201
f 949/217/178 965/226/194 950/201/179
f 958/203/187 972/225/201 973/227/202
f 950/201/179 966/228/195 951/204/180
f 959/205/188 973/227/202 974/229/203
f 951/204/180 967/230/196 952/206/181
f 945/208/174 853/231/82 960/232/189
f 899/233/128 959/205/188 974/229/203
f 953/210/182 967/230/196 968/218/197
f 945/208/174 961/234/190 946/211/175
f 973/227/202 987/235/216 988/236/217
f 965/226/194 981/237/210 966/228/195
f 974/229/203 988/236/217 989/238/218
f 966/228/195 982/239/211 967/230/196
f 960/232/189 853/240/82 975/241/204
f 899/242/128 974/229/203 989/238/218
f 968/218/197 982/239/211 983/243/212
f 960/232/189 976/244/205 961/234/190
f 969/219/198 983/243/212 984/245/213
f 961/234/190 977/246/206 962/220/191
f 970/221/269 984/245/213 985/247/214
f 962/220/191 978/248/207 963/222/192
f 971/223/200 985/247/214 986/249/215
f 963/222/192 979/250/208 964/224/193
f 972/225/201 986/249/215 987/235/216
f 964/224/193 980/251/209 965/226/194
f 985/247/214 999/252/228 1000/253/229
f 977/246/206 993/254/222 978/248/207
f 986/249/215 1000/253/229 1001/255/230
f 978/248/207 994/256/223 979/250/208
f 987/235/216 1001/255/230 1002/257/231
f 979/250/208 995/258/224 980/251/209
f 988/236/217 1002/257/231 1003/259/232
f 980/251/209 996/260/225 981/237/210
f 989/238/218 1003/259/232 1004/261/233
f 981/237/210 997/262/226 982/239/211
f 975/241/204 853/263/82 990/264/219
f 899/265/128 989/238/218 1004/261/233
f 983/243/212 997/262/226 998/266/227
f 975/241/204 991/267/220 976/244/205
f 984/245/213 998/266/227 999/252/228
f 976/244/205 992/268/221 977/246/206
f 1004/261/233 1018/269/247 1019/270/248
f 996/260/225 1012/271/241 997/262/226
f 990/264/219 853/272/82 1005/273/234
f 899/274/128 1004/261/233 1019/270/248
f 998/266/227 1012/271/241 1013/275/242
f 990/264/219 1006/276/235 991/267/220
f 999/252/228 1013/275/242 1014/277/243
f 991/267/220 1007/278/236 992/268/221
f 1000/253/229 1014/277/243 1015/279/244
f 992/268/221 1008/280/237 993/254/222
f 1001/255/230 1015/279/244 1016/281/245
f 993/254/222 1009/282/238 994/256/223
f 1002/257/231 1016/281/245 1017/283/246
f 994/256/223 1010/284/239 995/258/224
f 1003/259/232 1017/283/246 1018/269/247
f 995/258/224 1011/285/240 996/260/225
f 1007/278/236 1022/4/251 1008/280/237
f 1016/281/245 777/3/6 1025/8/254
f 1008/280/237 773/9/2 1009/282/238
f 1017/283/246 1025/8/254 1026/12/255
f 1009/282/238 1023/13/252 1010/284/239
f 1018/269/247 1026/12/255 1027/16/256
f 1010/284/239 774/17/3 1011/285/240
f 1019/270/248 1027/16/256 1028/20/257
f 1011/285/240 775/21/4 1012/271/241
f 1005/273/234 853/286/82 1020/23/249
f 899/287/128 1019/270/248 1028/20/257
f 1013/275/242 775/21/4 776/28/5
f 1005/273/234 1021/29/250 1006/276/235
f 1014/277/243 776/28/5 1024/1/253
f 1006/276/235 772/32/1 1007/278/236
f 1015/279/244 1024/1/253 777/3/6
f 1281/1/522 1045/2/286 1034/3/275
f 1279/4/520 1037/5/278 1038/6/279
f 1034/3/275 1046/7/287 1282/8/523
f 1030/9/271 1038/6/279 1039/10/280
f 1282/8/523 1047/11/288 1283/12/524
f 1280/13/521 1039/10/280 1040/14/281
f 1283/12/524 1048/15/289 1284/16/525
f 1031/17/272 1040/14/281 1041/18/282
f 1284/16/525 1049/19/290 1285/20/526
f 1032/21/273 1041/18/282 1042/22/283
f 1277/23/518 1110/24/351 1035/25/276
f 1156/26/397 1285/20/526 1049/19/290
f 1032/21/273 1043/27/284 1033/28/274
f 1278/29/519 1035/25/276 1036/30/277
f 1033/28/274 1044/31/285 1281/1/522
f 1029/32/270 1036/30/277 1037/5/278
f 1043/27/284 1059/33/300 1044/31/285
f 1037/5/278 1051/34/292 1052/35/293
f 1044/31/285 1060/36/301 1045/2/286
f 1038/6/279 1052/35/293 1053/37/294
f 1045/2/286 1061/38/302 1046/7/287
f 1039/10/280 1053/37/294 1054/39/295
f 1046/7/287 1062/40/303 1047/11/288
f 1040/14/281 1054/39/295 1055/41/296
f 1047/11/288 1063/42/304 1048/15/289
f 1041/18/282 1055/41/296 1056/43/297
f 1048/15/289 1064/44/305 1049/19/290
f 1042/22/283 1056/43/297 1057/45/298
f 1035/25/276 1110/46/351 1050/47/291
f 1156/48/397 1049/19/290 1064/44/305
f 1042/22/283 1058/49/299 1043/27/284
f 1036/30/277 1050/47/291 1051/34/292
f 1062/40/303 1078/50/319 1063/42/304
f 1056/43/297 1070/51/311 1071/52/312
f 1063/42/304 1079/53/320 1064/44/305
f 1057/45/298 1071/52/312 1072/54/313
f 1050/47/291 1110/55/351 1065/56/306
f 1156/57/397 1064/44/305 1079/53/320
f 1057/45/298 1073/58/314 1058/49/299
f 1051/34/292 1065/56/306 1066/59/307
f 1058/49/299 1074/60/315 1059/33/300
f 1052/35/293 1066/59/307 1067/61/308
f 1059/33/300 1075/62/316 1060/36/301
f 1053/37/294 1067/61/308 1068/63/309
f 1060/36/301 1076/64/317 1061/38/302
f 1054/39/295 1068/63/309 1069/65/310
f 1061/38/302 1077/66/318 1062/40/303
f 1055/41/296 1069/65/310 1070/51/311
f 1067/61/308 1081/67/322 1082/68/323
f 1074/60/315 1090/69/331 1075/62/316
f 1068/63/309 1082/68/323 1083/70/324
f 1075/62/316 1091/71/332 1076/64/317
f 1069/65/310 1083/70/324 1084/72/325
f 1076/64/317 1092/73/333 1077/66/318
f 1070/51/311 1084/72/325 1085/74/326
f 1077/66/318 1093/75/334 1078/50/319
f 1071/52/312 1085/74/326 1086/76/327
f 1078/50/319 1094/77/335 1079/53/320
f 1072/54/313 1086/76/327 1087/78/328
f 1065/56/306 1110/79/351 1080/80/321
f 1156/81/397 1079/53/320 1094/77/335
f 1072/54/313 1088/82/329 1073/58/314
f 1066/59/307 1080/80/321 1081/67/322
f 1073/58/314 1089/83/330 1074/60/315
f 1086/76/327 1100/84/341 1101/85/342
f 1093/75/334 1109/86/350 1094/77/335
f 1087/78/328 1101/85/342 1102/87/343
f 1080/80/321 1110/88/351 1095/89/336
f 1156/90/397 1094/77/335 1109/86/350
f 1087/78/328 1103/91/344 1088/82/329
f 1081/67/322 1095/89/336 1096/92/337
f 1088/82/329 1104/93/345 1089/83/330
f 1082/68/323 1096/92/337 1097/94/338
f 1089/83/330 1105/95/346 1090/69/331
f 1083/70/324 1097/94/338 1098/96/339
f 1090/69/331 1106/97/347 1091/71/332
f 1084/72/325 1098/96/339 1099/98/340
f 1091/71/332 1107/99/348 1092/73/333
f 1085/74/326 1099/98/340 1100/84/341
f 1092/73/333 1108/100/349 1093/75/334
f 1104/93/345 1121/101/362 1105/95/346
f 1098/96/339 1113/102/354 1114/103/355
f 1105/95/346 1122/104/363 1106/97/347
f 1099/98/340 1114/103/355 1115/105/356
f 1106/97/347 1123/106/364 1107/99/348
f 1100/84/341 1115/105/356 1116/107/357
f 1107/99/348 1124/108/365 1108/100/349
f 1101/85/342 1116/107/357 1117/109/358
f 1108/100/349 1125/110/366 1109/86/350
f 1102/87/343 1117/109/358 1118/111/359
f 1095/89/336 1110/112/351 1111/113/352
f 1156/114/397 1109/86/350 1125/110/366
f 1102/87/343 1119/115/360 1103/91/344
f 1096/92/337 1111/113/352 1112/116/353
f 1103/91/344 1120/117/361 1104/93/345
f 1097/94/338 1112/116/353 1113/102/354
f 1124/108/365 1140/118/381 1125/110/366
f 1118/111/359 1132/119/373 1133/120/374
f 1111/113/352 1110/121/351 1126/122/367
f 1156/123/397 1125/110/366 1140/118/381
f 1118/111/359 1134/124/375 1119/115/360
f 1112/116/353 1126/122/367 1127/125/368
f 1119/115/360 1135/126/376 1120/117/361
f 1113/102/354 1127/125/368 1128/127/369
f 1120/117/361 1136/128/377 1121/101/362
f 1114/103/355 1128/127/369 1129/129/370
f 1121/101/362 1137/130/378 1122/104/363
f 1115/105/356 1129/129/370 1130/131/371
f 1122/104/363 1138/132/379 1123/106/364
f 1116/107/357 1130/131/371 1131/133/372
f 1123/106/364 1139/134/380 1124/108/365
f 1117/109/358 1131/133/372 1132/119/373
f 1129/129/370 1143/135/384 1144/136/385
f 1136/128/377 1152/137/393 1137/130/378
f 1130/131/371 1144/136/385 1145/138/386
f 1137/130/378 1153/139/394 1138/132/379
f 1131/133/372 1145/138/386 1146/140/387
f 1138/132/379 1154/141/395 1139/134/380
f 1132/119/373 1146/140/387 1147/142/388
f 1139/134/380 1155/143/396 1140/118/381
f 1133/120/374 1147/142/388 1148/144/389
f 1126/122/367 1110/145/351 1141/146/382
f 1156/147/397 1140/118/381 1155/143/396
f 1133/120/374 1149/148/390 1134/124/375
f 1127/125/368 1141/146/382 1142/149/383
f 1134/124/375 1150/150/391 1135/126/376
f 1128/127/369 1142/149/383 1143/135/384
f 1135/126/376 1151/151/392 1136/128/377
f 1169/152/410 1183/153/424 1184/154/425
f 1161/155/402 1177/156/418 1162/157/403
f 1170/158/411 1184/154/425 1185/159/426
f 1162/157/403 1178/160/419 1163/161/404
f 1171/162/412 1185/159/426 1186/163/427
f 1163/161/404 1179/164/420 1164/165/405
f 1157/166/398 1110/167/351 1172/168/413
f 1156/169/397 1171/162/412 1186/163/427
f 1165/170/406 1179/164/420 1180/171/421
f 1157/166/398 1173/172/414 1158/173/399
f 1166/174/407 1180/171/421 1181/175/422
f 1158/173/399 1174/176/415 1159/177/400
f 1167/178/408 1181/175/422 1182/179/423
f 1159/177/400 1175/180/416 1160/181/401
f 1168/182/409 1182/179/423 1183/153/424
f 1160/181/401 1176/183/417 1161/155/402
f 1172/168/413 1188/184/429 1173/172/414
f 1181/175/422 1195/185/436 1196/186/437
f 1173/172/414 1189/187/430 1174/176/415
f 1182/179/423 1196/186/437 1197/188/438
f 1174/176/415 1190/189/431 1175/180/416
f 1183/153/424 1197/188/438 1198/190/439
f 1175/180/416 1191/191/432 1176/183/417
f 1184/154/425 1198/190/439 1199/192/440
f 1176/183/417 1192/193/433 1177/156/418
f 1185/159/426 1199/192/440 1200/194/441
f 1177/156/418 1193/195/434 1178/160/419
f 1186/163/427 1200/194/441 1201/196/442
f 1178/160/419 1194/197/435 1179/164/420
f 1172/168/413 1110/198/351 1187/199/428
f 1156/200/397 1186/163/427 1201/196/442
f 1180/171/421 1194/197/435 1195/185/436
f 1191/191/432 1207/201/448 1192/193/433
f 1200/194/441 1214/202/455 1215/203/456
f 1192/193/433 1208/204/449 1193/195/434
f 1201/196/442 1215/203/456 1216/205/457
f 1193/195/434 1209/206/450 1194/197/435
f 1187/199/428 1110/207/351 1202/208/443
f 1156/209/397 1201/196/442 1216/205/457
f 1195/185/436 1209/206/450 1210/210/451
f 1187/199/428 1203/211/444 1188/184/429
f 1196/186/437 1210/210/451 1211/212/452
f 1188/184/429 1204/213/445 1189/187/430
f 1197/188/438 1211/212/452 1212/214/453
f 1189/187/430 1205/215/446 1190/189/431
f 1198/190/439 1212/214/453 1213/216/454
f 1190/189/431 1206/217/447 1191/191/432
f 1199/192/440 1213/216/454 1214/202/455
f 1211/212/452 1225/218/466 1226/219/467
f 1203/211/444 1219/220/460 1204/213/445
f 1212/214/453 1226/219/467 1227/221/468
f 1204/213/445 1220/222/461 1205/215/446
f 1213/216/454 1227/221/468 1228/223/469
f 1205/215/446 1221/224/462 1206/217/447
f 1214/202/455 1228/223/469 1229/225/470
f 1206/217/447 1222/226/463 1207/201/448
f 1215/203/456 1229/225/470 1230/227/471
f 1207/201/448 1223/228/464 1208/204/449
f 1216/205/457 1230/227/471 1231/229/472
f 1208/204/449 1224/230/465 1209/206/450
f 1202/208/443 1110/231/351 1217/232/458
f 1156/233/397 1216/205/457 1231/229/472
f 1210/210/451 1224/230/465 1225/218/466
f 1202/208/443 1218/234/459 1203/211/444
f 1230/227/471 1244/235/485 1245/236/486
f 1222/226/463 1238/237/479 1223/228/464
f 1231/229/472 1245/236/486 1246/238/487
f 1223/228/464 1239/239/480 1224/230/465
f 1217/232/458 1110/240/351 1232/241/473
f 1156/242/397 1231/229/472 1246/238/487
f 1225/218/466 1239/239/480 1240/243/481
f 1217/232/458 1233/244/474 1218/234/459
f 1226/219/467 1240/243/481 1241/245/482
f 1218/234/459 1234/246/475 1219/220/460
f 1227/221/468 1241/245/482 1242/247/483
f 1219/220/460 1235/248/476 1220/222/461
f 1228/223/469 1242/247/483 1243/249/484
f 1220/222/461 1236/250/477 1221/224/462
f 1229/225/470 1243/249/484 1244/235/485
f 1221/224/462 1237/251/478 1222/226/463
f 1242/247/483 1256/252/497 1257/253/498
f 1234/246/475 1250/254/491 1235/248/476
f 1243/249/484 1257/253/498 1258/255/499
f 1235/248/476 1251/256/492 1236/250/477
f 1244/235/485 1258/255/499 1259/257/500
f 1236/250/477 1252/258/493 1237/251/478
f 1245/236/486 1259/257/500 1260/259/501
f 1237/251/478 1253/260/494 1238/237/479
f 1246/238/487 1260/259/501 1261/261/502
f 1238/237/479 1254/262/495 1239/239/480
f 1232/241/473 1110/263/351 1247/264/488
f 1156/265/397 1246/238/487 1261/261/502
f 1240/243/481 1254/262/495 1255/266/496
f 1232/241/473 1248/267/489 1233/244/474
f 1241/245/482 1255/266/496 1256/252/497
f 1233/244/474 1249/268/490 1234/246/475
f 1261/261/502 1275/269/516 1276/270/517
f 1253/260/494 1269/271/510 1254/262/495
f 1247/264/488 1110/272/351 1262/273/503
f 1156/274/397 1261/261/502 1276/270/517
f 1255/266/496 1269/271/510 1270/275/511
f 1247/264/488 1263/276/504 1248/267/489
f 1256/252/497 1270/275/511 1271/277/512
f 1248/267/489 1264/278/505 1249/268/490
f 1257/253/498 1271/277/512 1272/279/513
f 1249/268/490 1265/280/506 1250/254/491
f 1258/255/499 1272/279/513 1273/281/514
f 1250/254/491 1266/282/507 1251/256/492
f 1259/257/500 1273/281/514 1274/283/515
f 1251/256/492 1267/284/508 1252/258/493
f 1260/259/501 1274/283/515 1275/269/516
f 1252/258/493 1268/285/509 1253/260/494
f 1264/278/505 1279/4/520 1265/280/506
f 1273/281/514 1034/3/275 1282/8/523
f 1265/280/506 1030/9/271 1266/282/507
f 1274/283/515 1282/8/523 1283/12/524
f 1266/282/507 1280/13/521 1267/284/508
f 1275/269/516 1283/12/524 1284/16/525
f 1267/284/508 1031/17/272 1268/285/509
f 1276/270/517 1284/16/525 1285/20/526
f 1268/285/509 1032/21/273 1269/271/510
f 1262/273/503 1110/286/351 1277/23/518
f 1156/287/397 1276/270/517 1285/20/526
f 1270/275/511 1032/21/273 1033/28/274
f 1262/273/503 1278/29/519 1263/276/504
f 1271/277/512 1033/28/274 1281/1/522
f 1263/276/504 1029/32/270 1264/278/505
f 1272/279/513 1281/1/522 1034/3/275
f 1538/1/522 1302/2/286 1291/3/275
f 1536/4/520 1294/5/278 1295/6/279
f 1291/3/275 1303/7/287 1539/8/523
f 1287/9/271 1295/6/279 1296/10/280
f 1539/8/523 1304/11/288 1540/12/524
f 1537/13/521 1296/10/280 1297/14/281
f 1540/12/524 1305/15/289 1541/16/525
f 1288/17/272 1297/14/281 1298/18/282
f 1541/16/525 1306/19/290 1542/20/526
f 1289/21/273 1298/18/282 1299/22/283
f 1534/23/518 1367/24/351 1292/25/276
f 1413/26/397 1542/20/526 1306/19/290
f 1289/21/273 1300/27/284 1290/28/527
f 1535/29/519 1292/25/276 1293/30/277
f 1290/28/527 1301/31/285 1538/1/522
f 1286/32/270 1293/30/277 1294/5/278
f 1300/27/284 1316/33/300 1301/31/285
f 1294/5/278 1308/34/292 1309/35/293
f 1301/31/285 1317/36/301 1302/2/286
f 1295/6/279 1309/35/293 1310/37/294
f 1302/2/286 1318/38/302 1303/7/287
f 1296/10/280 1310/37/294 1311/39/295
f 1303/7/287 1319/40/303 1304/11/288
f 1297/14/281 1311/39/295 1312/41/296
f 1304/11/288 1320/42/304 1305/15/289
f 1298/18/282 1312/41/296 1313/43/297
f 1305/15/289 1321/44/305 1306/19/290
f 1299/22/283 1313/43/297 1314/45/298
f 1292/25/276 1367/46/351 1307/47/291
f 1413/48/397 1306/19/290 1321/44/305
f 1299/22/283 1315/49/299 1300/27/284
f 1293/30/277 1307/47/291 1308/34/292
f 1319/40/303 1335/50/319 1320/42/304
f 1313/43/297 1327/51/311 1328/52/312
f 1320/42/304 1336/53/320 1321/44/305
f 1314/45/298 1328/52/312 1329/54/313
f 1307/47/291 1367/55/351 1322/56/306
f 1413/57/397 1321/44/305 1336/53/320
f 1314/45/298 1330/58/314 1315/49/299
f 1308/34/292 1322/56/306 1323/59/307
f 1315/49/299 1331/60/315 1316/33/300
f 1309/35/293 1323/59/307 1324/61/308
f 1316/33/300 1332/62/316 1317/36/301
f 1310/37/294 1324/61/308 1325/63/309
f 1317/36/301 1333/64/317 1318/38/302
f 1311/39/295 1325/63/309 1326/65/310
f 1318/38/302 1334/66/318 1319/40/303
f 1312/41/296 1326/65/310 1327/51/311
f 1324/61/308 1338/67/322 1339/68/323
f 1331/60/315 1347/69/529 1332/62/316
f 1325/63/309 1339/68/323 1340/70/324
f 1332/62/316 1348/71/332 1333/64/317
f 1326/65/310 1340/70/324 1341/72/528
f 1333/64/317 1349/73/333 1334/66/318
f 1327/51/311 1341/72/528 1342/74/326
f 1334/66/318 1350/75/334 1335/50/319
f 1328/52/312 1342/74/326 1343/76/327
f 1335/50/319 1351/77/335 1336/53/320
f 1329/54/313 1343/76/327 1344/78/328
f 1322/56/306 1367/79/351 1337/80/321
f 1413/81/397 1336/53/320 1351/77/335
f 1329/54/313 1345/82/329 1330/58/314
f 1323/59/307 1337/80/321 1338/67/322
f 1330/58/314 1346/83/330 1331/60/315
f 1343/76/327 1357/84/341 1358/85/342
f 1350/75/334 1366/86/350 1351/77/335
f 1344/78/328 1358/85/342 1359/87/343
f 1337/80/321 1367/88/351 1352/89/336
f 1413/90/397 1351/77/335 1366/86/350
f 1344/78/328 1360/91/344 1345/82/329
f 1338/67/322 1352/89/336 1353/92/337
f 1345/82/329 1361/93/345 1346/83/330
f 1339/68/323 1353/92/337 1354/94/338
f 1346/83/330 1362/95/346 1347/69/529
f 1340/70/324 1354/94/338 1355/96/339
f 1347/69/529 1363/97/347 1348/71/332
f 1341/72/528 1355/96/339 1356/98/340
f 1348/71/332 1364/99/348 1349/73/333
f 1342/74/326 1356/98/340 1357/84/341
f 1349/73/333 1365/100/349 1350/75/334
f 1361/93/345 1378/101/362 1362/95/346
f 1355/96/339 1370/102/354 1371/103/355
f 1362/95/346 1379/104/363 1363/97/347
f 1356/98/340 1371/103/355 1372/105/356
f 1363/97/347 1380/106/364 1364/99/348
f 1357/84/341 1372/105/356 1373/107/357
f 1364/99/348 1381/108/365 1365/100/349
f 1358/85/342 1373/107/357 1374/109/358
f 1365/100/349 1382/110/366 1366/86/350
f 1359/87/343 1374/109/358 1375/111/359
f 1352/89/336 1367/112/351 1368/113/352
f 1413/114/397 1366/86/350 1382/110/366
f 1359/87/343 1376/115/360 1360/91/344
f 1353/92/337 1368/113/352 1369/116/353
f 1360/91/344 1377/117/361 1361/93/345
f 1354/94/338 1369/116/353 1370/102/354
f 1381/108/365 1397/118/381 1382/110/366
f 1375/111/359 1389/119/373 1390/120/374
f 1368/113/352 1367/121/351 1383/122/367
f 1413/123/397 1382/110/366 1397/118/381
f 1375/111/359 1391/124/375 1376/115/360
f 1369/116/353 1383/122/367 1384/125/368
f 1376/115/360 1392/126/376 1377/117/361
f 1370/102/354 1384/125/368 1385/127/369
f 1377/117/361 1393/128/377 1378/101/362
f 1371/103/355 1385/127/369 1386/129/370
f 1378/101/362 1394/130/378 1379/104/363
f 1372/105/356 1386/129/370 1387/131/371
f 1379/104/363 1395/132/530 1380/106/364
f 1373/107/357 1387/131/371 1388/133/372
f 1380/106/364 1396/134/380 1381/108/365
f 1374/109/358 1388/133/372 1389/119/373
f 1386/129/370 1400/135/384 1401/136/385
f 1393/128/377 1409/137/393 1394/130/378
f 1387/131/371 1401/136/385 1402/138/386
f 1394/130/378 1410/139/394 1395/132/530
f 1388/133/372 1402/138/386 1403/140/387
f 1395/132/530 1411/141/395 1396/134/380
f 1389/119/373 1403/140/387 1404/142/388
f 1396/134/380 1412/143/532 1397/118/381
f 1390/120/374 1404/142/388 1405/144/389
f 1383/122/367 1367/145/351 1398/146/531
f 1413/147/397 1397/118/381 1412/143/532
f 1390/120/374 1406/148/390 1391/124/375
f 1384/125/368 1398/146/531 1399/149/383
f 1391/124/375 1407/150/391 1392/126/376
f 1385/127/369 1399/149/383 1400/135/384
f 1392/126/376 1408/151/392 1393/128/377
f 1426/152/410 1440/153/424 1441/154/425
f 1418/155/402 1434/156/418 1419/157/403
f 1427/158/411 1441/154/425 1442/159/426
f 1419/157/403 1435/160/419 1420/161/533
f 1428/162/535 1442/159/426 1443/163/427
f 1420/161/533 1436/164/420 1421/165/405
f 1414/166/398 1367/167/351 1429/168/413
f 1413/169/397 1428/162/535 1443/163/427
f 1422/170/534 1436/164/420 1437/171/421
f 1414/166/398 1430/172/414 1415/173/399
f 1423/174/407 1437/171/421 1438/175/422
f 1415/173/399 1431/176/415 1416/177/400
f 1424/178/408 1438/175/422 1439/179/423
f 1416/177/400 1432/180/416 1417/181/401
f 1425/182/409 1439/179/423 1440/153/424
f 1417/181/401 1433/183/417 1418/155/402
f 1429/168/413 1445/184/429 1430/172/414
f 1438/175/422 1452/185/436 1453/186/437
f 1430/172/414 1446/187/430 1431/176/415
f 1439/179/423 1453/186/437 1454/188/438
f 1431/176/415 1447/189/431 1432/180/416
f 1440/153/424 1454/188/438 1455/190/439
f 1432/180/416 1448/191/432 1433/183/417
f 1441/154/425 1455/190/439 1456/192/440
f 1433/183/417 1449/193/433 1434/156/418
f 1442/159/426 1456/192/440 1457/194/441
f 1434/156/418 1450/195/434 1435/160/419
f 1443/163/427 1457/194/441 1458/196/442
f 1435/160/419 1451/197/435 1436/164/420
f 1429/168/413 1367/198/351 1444/199/428
f 1413/200/397 1443/163/427 1458/196/442
f 1437/171/421 1451/197/435 1452/185/436
f 1448/191/432 1464/201/448 1449/193/433
f 1457/194/441 1471/202/455 1472/203/456
f 1449/193/433 1465/204/449 1450/195/434
f 1458/196/442 1472/203/456 1473/205/457
f 1450/195/434 1466/206/450 1451/197/435
f 1444/199/428 1367/207/351 1459/208/443
f 1413/209/397 1458/196/442 1473/205/457
f 1452/185/436 1466/206/450 1467/210/451
f 1444/199/428 1460/211/444 1445/184/429
f 1453/186/437 1467/210/451 1468/212/452
f 1445/184/429 1461/213/445 1446/187/430
f 1454/188/438 1468/212/452 1469/214/453
f 1446/187/430 1462/215/446 1447/189/431
f 1455/190/439 1469/214/453 1470/216/454
f 1447/189/431 1463/217/447 1448/191/432
f 1456/192/440 1470/216/454 1471/202/455
f 1468/212/452 1482/218/466 1483/219/467
f 1460/211/444 1476/220/460 1461/213/445
f 1469/214/453 1483/219/467 1484/221/468
f 1461/213/445 1477/222/461 1462/215/446
f 1470/216/454 1484/221/468 1485/223/469
f 1462/215/446 1478/224/462 1463/217/447
f 1471/202/455 1485/223/469 1486/225/470
f 1463/217/447 1479/226/463 1464/201/448
f 1472/203/456 1486/225/470 1487/227/471
f 1464/201/448 1480/228/464 1465/204/449
f 1473/205/457 1487/227/471 1488/229/472
f 1465/204/449 1481/230/465 1466/206/450
f 1459/208/443 1367/231/351 1474/232/458
f 1413/233/397 1473/205/457 1488/229/472
f 1467/210/451 1481/230/465 1482/218/466
f 1459/208/443 1475/234/459 1460/211/444
f 1487/227/471 1501/235/485 1502/236/486
f 1479/226/463 1495/237/479 1480/228/464
f 1488/229/472 1502/236/486 1503/238/487
f 1480/228/464 1496/239/480 1481/230/465
f 1474/232/458 1367/240/351 1489/241/473
f 1413/242/397 1488/229/472 1503/238/487
f 1482/218/466 1496/239/480 1497/243/481
f 1474/232/458 1490/244/474 1475/234/459
f 1483/219/467 1497/243/481 1498/245/482
f 1475/234/459 1491/246/475 1476/220/460
f 1484/221/468 1498/245/482 1499/247/483
f 1476/220/460 1492/248/476 1477/222/461
f 1485/223/469 1499/247/483 1500/249/484
f 1477/222/461 1493/250/477 1478/224/462
f 1486/225/470 1500/249/484 1501/235/485
f 1478/224/462 1494/251/478 1479/226/463
f 1499/247/483 1513/252/497 1514/253/498
f 1491/246/475 1507/254/491 1492/248/476
f 1500/249/484 1514/253/498 1515/255/499
f 1492/248/476 1508/256/492 1493/250/477
f 1501/235/485 1515/255/499 1516/257/500
f 1493/250/477 1509/258/493 1494/251/478
f 1502/236/486 1516/257/500 1517/259/501
f 1494/251/478 1510/260/494 1495/237/479
f 1503/238/487 1517/259/501 1518/261/502
f 1495/237/479 1511/262/495 1496/239/480
f 1489/241/473 1367/263/351 1504/264/488
f 1413/265/397 1503/238/487 1518/261/502
f 1497/243/481 1511/262/495 1512/266/496
f 1489/241/473 1505/267/489 1490/244/474
f 1498/245/482 1512/266/496 1513/252/497
f 1490/244/474 1506/268/490 1491/246/475
f 1518/261/502 1532/269/516 1533/270/517
f 1510/260/494 1526/271/510 1511/262/495
f 1504/264/488 1367/272/351 1519/273/503
f 1413/274/397 1518/261/502 1533/270/517
f 1512/266/496 1526/271/510 1527/275/511
f 1504/264/488 1520/276/504 1505/267/489
f 1513/252/497 1527/275/511 1528/277/512
f 1505/267/489 1521/278/505 1506/268/490
f 1514/253/498 1528/277/512 1529/279/513
f 1506/268/490 1522/280/506 1507/254/491
f 1515/255/499 1529/279/513 1530/281/514
f 1507/254/491 1523/282/507 1508/256/492
f 1516/257/500 1530/281/514 1531/283/515
f 1508/256/492 1524/284/508 1509/258/493
f 1517/259/501 1531/283/515 1532/269/516
f 1509/258/493 1525/285/509 1510/260/494
f 1521/278/505 1536/4/520 1522/280/506
f 1530/281/514 1291/3/275 1539/8/523
f 1522/280/506 1287/9/271 1523/282/507
f 1531/283/515 1539/8/523 1540/12/524
f 1523/282/507 1537/13/521 1524/284/508
f 1532/269/516 1540/12/524 1541/16/525
f 1524/284/508 1288/17/272 1525/285/509
f 1533/270/517 1541/16/525 1542/20/526
f 1525/285/509 1289/21/273 1526/271/510
f 1519/273/503 1367/286/351 1534/23/518
f 1413/287/397 1533/270/517 1542/20/526
f 1527/275/511 1289/21/273 1290/28/527
f 1519/273/503 1535/29/519 1520/276/504
f 1528/277/512 1290/28/527 1538/1/522
f 1520/276/504 1286/32/270 1521/278/505
f 1529/279/513 1538/1/522 1291/3/275
f 1795/1/522 1559/2/286 1548/3/275
f 1793/4/520 1551/5/278 1552/6/279
f 1548/3/275 1560/7/287 1796/8/523
f 1544/9/271 1552/6/279 1553/10/280
f 1796/8/523 1561/11/288 1797/12/524
f 1794/13/521 1553/10/280 1554/14/281
f 1797/12/524 1562/15/289 1798/16/525
f 1545/17/272 1554/14/281 1555/18/282
f 1798/16/525 1563/19/290 1799/20/526
f 1546/21/273 1555/18/282 1556/22/283
f 1791/23/518 1624/24/351 1549/25/276
f 1670/26/397 1799/20/526 1563/19/290
f 1546/21/273 1557/27/284 1547/28/274
f 1792/29/519 1549/25/276 1550/30/277
f 1547/28/274 1558/31/285 1795/1/522
f 1543/32/270 1550/30/277 1551/5/278
f 1557/27/284 1573/33/300 1558/31/285
f 1551/5/278 1565/34/292 1566/35/293
f 1558/31/285 1574/36/301 1559/2/286
f 1552/6/279 1566/35/293 1567/37/294
f 1559/2/286 1575/38/302 1560/7/287
f 1553/10/280 1567/37/294 1568/39/295
f 1560/7/287 1576/40/536 1561/11/288
f 1554/14/281 1568/39/295 1569/41/296
f 1561/11/288 1577/42/304 1562/15/289
f 1555/18/282 1569/41/296 1570/43/297
f 1562/15/289 1578/44/305 1563/19/290
f 1556/22/283 1570/43/297 1571/45/298
f 1549/25/276 1624/46/351 1564/47/291
f 1670/48/397 1563/19/290 1578/44/305
f 1556/22/283 1572/49/299 1557/27/284
f 1550/30/277 1564/47/291 1565/34/292
f 1576/40/536 1592/50/319 1577/42/304
f 1570/43/297 1584/51/311 1585/52/312
f 1577/42/304 1593/53/320 1578/44/305
f 1571/45/298 1585/52/312 1586/54/313
f 1564/47/291 1624/55/351 1579/56/306
f 1670/57/397 1578/44/305 1593/53/320
f 1571/45/298 1587/58/314 1572/49/299
f 1565/34/292 1579/56/306 1580/59/307
f 1572/49/299 1588/60/315 1573/33/300
f 1566/35/293 1580/59/307 1581/61/308
f 1573/33/300 1589/62/316 1574/36/301
f 1567/37/294 1581/61/308 1582/63/309
f 1574/36/301 1590/64/317 1575/38/302
f 1568/39/295 1582/63/309 1583/65/310
f 1575/38/302 1591/66/318 1576/40/536
f 1569/41/296 1583/65/310 1584/51/311
f 1581/61/308 1595/67/322 1596/68/323
f 1588/60/315 1604/69/529 1589/62/316
f 1582/63/309 1596/68/323 1597/70/324
f 1589/62/316 1605/71/332 1590/64/317
f 1583/65/310 1597/70/324 1598/72/528
f 1590/64/317 1606/73/333 1591/66/318
f 1584/51/311 1598/72/528 1599/74/326
f 1591/66/318 1607/75/334 1592/50/319
f 1585/52/312 1599/74/326 1600/76/327
f 1592/50/319 1608/77/335 1593/53/320
f 1586/54/313 1600/76/327 1601/78/328
f 1579/56/306 1624/79/351 1594/80/321
f 1670/81/397 1593/53/320 1608/77/335
f 1586/54/313 1602/82/329 1587/58/314
f 1580/59/307 1594/80/321 1595/67/322
f 1587/58/314 1603/83/330 1588/60/315
f 1600/76/327 1614/84/341 1615/85/342
f 1607/75/334 1623/86/350 1608/77/335
f 1601/78/328 1615/85/342 1616/87/343
f 1594/80/321 1624/88/351 1609/89/336
f 1670/90/397 1608/77/335 1623/86/350
f 1601/78/328 1617/91/344 1602/82/329
f 1595/67/322 1609/89/336 1610/92/537
f 1602/82/329 1618/93/345 1603/83/330
f 1596/68/323 1610/92/537 1611/94/338
f 1603/83/330 1619/95/346 1604/69/529
f 1597/70/324 1611/94/338 1612/96/339
f 1604/69/529 1620/97/347 1605/71/332
f 1598/72/528 1612/96/339 1613/98/340
f 1605/71/332 1621/99/348 1606/73/333
f 1599/74/326 1613/98/340 1614/84/341
f 1606/73/333 1622/100/349 1607/75/334
f 1618/93/345 1635/101/362 1619/95/346
f 1612/96/339 1627/102/354 1628/103/355
f 1619/95/346 1636/104/363 1620/97/347
f 1613/98/340 1628/103/355 1629/105/356
f 1620/97/347 1637/106/364 1621/99/348
f 1614/84/341 1629/105/356 1630/107/357
f 1621/99/348 1638/108/365 1622/100/349
f 1615/85/342 1630/107/357 1631/109/358
f 1622/100/349 1639/110/366 1623/86/350
f 1616/87/343 1631/109/358 1632/111/359
f 1609/89/336 1624/112/351 1625/113/352
f 1670/114/397 1623/86/350 1639/110/366
f 1616/87/343 1633/115/360 1617/91/344
f 1610/92/537 1625/113/352 1626/116/353
f 1617/91/344 1634/117/361 1618/93/345
f 1611/94/338 1626/116/353 1627/102/354
f 1638/108/365 1654/118/381 1639/110/366
f 1632/111/359 1646/119/373 1647/120/374
f 1625/113/352 1624/121/351 1640/122/367
f 1670/123/397 1639/110/366 1654/118/381
f 1632/111/359 1648/124/375 1633/115/360
f 1626/116/353 1640/122/367 1641/125/368
f 1633/115/360 1649/126/376 1634/117/361
f 1627/102/354 1641/125/368 1642/127/369
f 1634/117/361 1650/128/377 1635/101/362
f 1628/103/355 1642/127/369 1643/129/370
f 1635/101/362 1651/130/378 1636/104/363
f 1629/105/356 1643/129/370 1644/131/371
f 1636/104/363 1652/132/530 1637/106/364
f 1630/107/357 1644/131/371 1645/133/372
f 1637/106/364 1653/134/380 1638/108/365
f 1631/109/358 1645/133/372 1646/119/373
f 1643/129/370 1657/135/384 1658/136/385
f 1650/128/377 1666/137/393 1651/130/378
f 1644/131/371 1658/136/385 1659/138/386
f 1651/130/378 1667/139/394 1652/132/530
f 1645/133/372 1659/138/386 1660/140/387
f 1652/132/530 1668/141/395 1653/134/380
f 1646/119/373 1660/140/387 1661/142/388
f 1653/134/380 1669/143/532 1654/118/381
f 1647/120/374 1661/142/388 1662/144/389
f 1640/122/367 1624/145/351 1655/146/531
f 1670/147/397 1654/118/381 1669/143/532
f 1647/120/374 1663/148/390 1648/124/375
f 1641/125/368 1655/146/531 1656/149/383
f 1648/124/375 1664/150/391 1649/126/376
f 1642/127/369 1656/149/383 1657/135/384
f 1649/126/376 1665/151/392 1650/128/377
f 1683/152/410 1697/153/424 1698/154/425
f 1675/155/402 1691/156/418 1676/157/403
f 1684/158/411 1698/154/425 1699/159/426
f 1676/157/403 1692/160/419 1677/161/533
f 1685/162/412 1699/159/426 1700/163/427
f 1677/161/533 1693/164/420 1678/165/405
f 1671/166/538 1624/167/351 1686/168/413
f 1670/169/397 1685/162/412 1700/163/427
f 1679/170/534 1693/164/420 1694/171/421
f 1671/166/538 1687/172/414 1672/173/399
f 1680/174/407 1694/171/421 1695/175/422
f 1672/173/399 1688/176/415 1673/177/400
f 1681/178/408 1695/175/422 1696/179/423
f 1673/177/400 1689/180/416 1674/181/401
f 1682/182/409 1696/179/423 1697/153/424
f 1674/181/401 1690/183/417 1675/155/402
f 1686/168/413 1702/184/429 1687/172/414
f 1695/175/422 1709/185/436 1710/186/437
f 1687/172/414 1703/187/430 1688/176/415
f 1696/179/423 1710/186/437 1711/188/438
f 1688/176/415 1704/189/431 1689/180/416
f 1697/153/424 1711/188/438 1712/190/439
f 1689/180/416 1705/191/432 1690/183/417
f 1698/154/425 1712/190/439 1713/192/440
f 1690/183/417 1706/193/433 1691/156/418
f 1699/159/426 1713/192/440 1714/194/441
f 1691/156/418 1707/195/434 1692/160/419
f 1700/163/427 1714/194/441 1715/196/442
f 1692/160/419 1708/197/435 1693/164/420
f 1686/168/413 1624/198/351 1701/199/428
f 1670/200/397 1700/163/427 1715/196/442
f 1694/171/421 1708/197/435 1709/185/436
f 1705/191/432 1721/201/448 1706/193/433
f 1714/194/441 1728/202/455 1729/203/456
f 1706/193/433 1722/204/449 1707/195/434
f 1715/196/442 1729/203/456 1730/205/457
f 1707/195/434 1723/206/450 1708/197/435
f 1701/199/428 1624/207/351 1716/208/443
f 1670/209/397 1715/196/442 1730/205/457
f 1709/185/436 1723/206/450 1724/210/451
f 1701/199/428 1717/211/539 1702/184/429
f 1710/186/437 1724/210/451 1725/212/452
f 1702/184/429 1718/213/445 1703/187/430
f 1711/188/438 1725/212/452 1726/214/453
f 1703/187/430 1719/215/446 1704/189/431
f 1712/190/439 1726/214/453 1727/216/454
f 1704/189/431 1720/217/447 1705/191/432
f 1713/192/440 1727/216/454 1728/202/455
f 1725/212/452 1739/218/466 1740/219/467
f 1717/211/539 1733/220/460 1718/213/445
f 1726/214/453 1740/219/467 1741/221/468
f 1718/213/445 1734/222/461 1719/215/446
f 1727/216/454 1741/221/468 1742/223/469
f 1719/215/446 1735/224/462 1720/217/447
f 1728/202/455 1742/223/469 1743/225/470
f 1720/217/447 1736/226/463 1721/201/448
f 1729/203/456 1743/225/470 1744/227/471
f 1721/201/448 1737/228/464 1722/204/449
f 1730/205/457 1744/227/471 1745/229/472
f 1722/204/449 1738/230/465 1723/206/450
f 1716/208/443 1624/231/351 1731/232/458
f 1670/233/397 1730/205/457 1745/229/472
f 1724/210/451 1738/230/465 1739/218/466
f 1716/208/443 1732/234/459 1717/211/539
f 1744/227/471 1758/235/485 1759/236/486
f 1736/226/463 1752/237/479 1737/228/464
f 1745/229/472 1759/236/486 1760/238/487
f 1737/228/464 1753/239/480 1738/230/465
f 1731/232/458 1624/240/351 1746/241/473
f 1670/242/397 1745/229/472 1760/238/487
f 1739/218/466 1753/239/480 1754/243/481
f 1731/232/458 1747/244/474 1732/234/459
f 1740/219/467 1754/243/481 1755/245/482
f 1732/234/459 1748/246/475 1733/220/460
f 1741/221/468 1755/245/482 1756/247/483
f 1733/220/460 1749/248/476 1734/222/461
f 1742/223/469 1756/247/483 1757/249/484
f 1734/222/461 1750/250/477 1735/224/462
f 1743/225/470 1757/249/484 1758/235/485
f 1735/224/462 1751/251/478 1736/226/463
f 1756/247/483 1770/252/497 1771/253/498
f 1748/246/475 1764/254/491 1749/248/476
f 1757/249/484 1771/253/498 1772/255/499
f 1749/248/476 1765/256/492 1750/250/477
f 1758/235/485 1772/255/499 1773/257/500
f 1750/250/477 1766/258/493 1751/251/478
f 1759/236/486 1773/257/500 1774/259/501
f 1751/251/478 1767/260/494 1752/237/479
f 1760/238/487 1774/259/501 1775/261/502
f 1752/237/479 1768/262/495 1753/239/480
f 1746/241/473 1624/263/351 1761/264/488
f 1670/265/397 1760/238/487 1775/261/502
f 1754/243/481 1768/262/495 1769/266/496
f 1746/241/473 1762/267/489 1747/244/474
f 1755/245/482 1769/266/496 1770/252/497
f 1747/244/474 1763/268/490 1748/246/475
f 1775/261/502 1789/269/516 1790/270/517
f 1767/260/494 1783/271/510 1768/262/495
f 1761/264/488 1624/272/351 1776/273/503
f 1670/274/397 1775/261/502 1790/270/517
f 1769/266/496 1783/271/510 1784/275/511
f 1761/264/488 1777/276/504 1762/267/489
f 1770/252/497 1784/275/511 1785/277/512
f 1762/267/489 1778/278/505 1763/268/490
f 1771/253/498 1785/277/512 1786/279/513
f 1763/268/490 1779/280/506 1764/254/491
f 1772/255/499 1786/279/513 1787/281/514
f 1764/254/491 1780/282/507 1765/256/492
f 1773/257/500 1787/281/514 1788/283/515
f 1765/256/492 1781/284/508 1766/258/493
f 1774/259/501 1788/283/515 1789/269/516
f 1766/258/493 1782/285/509 1767/260/494
f 1778/278/505 1793/4/520 1779/280/506
f 1787/281/514 1548/3/275 1796/8/523
f 1779/280/506 1544/9/271 1780/282/507
f 1788/283/515 1796/8/523 1797/12/524
f 1780/282/507 1794/13/521 1781/284/508
f 1789/269/516 1797/12/524 1798/16/525
f 1781/284/508 1545/17/272 1782/285/509
f 1790/270/517 1798/16/525 1799/20/526
f 1782/285/509 1546/21/273 1783/271/510
f 1776/273/503 1624/286/351 1791/23/518
f 1670/287/397 1790/270/517 1799/20/526
f 1784/275/511 1546/21/273 1547/28/274
f 1776/273/503 1792/29/519 1777/276/504
f 1785/277/512 1547/28/274 1795/1/522
f 1777/276/504 1543/32/270 1778/278/505
f 1786/279/513 1795/1/522 1548/3/275
f 2052/1/522 1816/2/286 1805/3/275
f 2050/4/520 1808/5/278 1809/6/279
f 1805/3/275 1817/7/287 2053/8/523
f 1801/9/271 1809/6/279 1810/10/280
f 2053/8/523 1818/11/288 2054/12/524
f 2051/13/521 1810/10/280 1811/14/281
f 2054/12/524 1819/15/289 2055/16/525
f 1802/17/272 1811/14/281 1812/18/282
f 2055/16/525 1820/19/290 2056/20/526
f 1803/21/273 1812/18/282 1813/22/283
f 2048/23/518 1881/24/351 1806/25/276
f 1927/26/397 2056/20/526 1820/19/290
f 1803/21/273 1814/27/284 1804/28/274
f 2049/29/519 1806/25/276 1807/30/277
f 1804/28/274 1815/31/285 2052/1/522
f 1800/32/270 1807/30/277 1808/5/278
f 1814/27/284 1830/33/300 1815/31/285
f 1808/5/278 1822/34/292 1823/35/293
f 1815/31/285 1831/36/301 1816/2/286
f 1809/6/279 1823/35/293 1824/37/294
f 1816/2/286 1832/38/302 1817/7/287
f 1810/10/280 1824/37/294 1825/39/295
f 1817/7/287 1833/40/536 1818/11/288
f 1811/14/281 1825/39/295 1826/41/296
f 1818/11/288 1834/42/304 1819/15/289
f 1812/18/282 1826/41/296 1827/43/297
f 1819/15/289 1835/44/305 1820/19/290
f 1813/22/283 1827/43/297 1828/45/298
f 1806/25/276 1881/46/351 1821/47/291
f 1927/48/397 1820/19/290 1835/44/305
f 1813/22/283 1829/49/299 1814/27/284
f 1807/30/277 1821/47/291 1822/34/292
f 1833/40/536 1849/50/319 1834/42/304
f 1827/43/297 1841/51/311 1842/52/312
f 1834/42/304 1850/53/320 1835/44/305
f 1828/45/298 1842/52/312 1843/54/313
f 1821/47/291 1881/55/351 1836/56/306
f 1927/57/397 1835/44/305 1850/53/320
f 1828/45/298 1844/58/314 1829/49/299
f 1822/34/292 1836/56/306 1837/59/307
f 1829/49/299 1845/60/315 1830/33/300
f 1823/35/293 1837/59/307 1838/61/308
f 1830/33/300 1846/62/316 1831/36/301
f 1824/37/294 1838/61/308 1839/63/309
f 1831/36/301 1847/64/317 1832/38/302
f 1825/39/295 1839/63/309 1840/65/310
f 1832/38/302 1848/66/318 1833/40/536
f 1826/41/296 1840/65/310 1841/51/311
f 1838/61/308 1852/67/322 1853/68/323
f 1845/60/315 1861/69/331 1846/62/316
f 1839/63/309 1853/68/323 1854/70/324
f 1846/62/316 1862/71/332 1847/64/317
f 1840/65/310 1854/70/324 1855/72/325
f 1847/64/317 1863/73/333 1848/66/318
f 1841/51/311 1855/72/325 1856/74/326
f 1848/66/318 1864/75/334 1849/50/319
f 1842/52/312 1856/74/326 1857/76/327
f 1849/50/319 1865/77/335 1850/53/320
f 1843/54/313 1857/76/327 1858/78/328
f 1836/56/306 1881/79/351 1851/80/321
f 1927/81/397 1850/53/320 1865/77/335
f 1843/54/313 1859/82/329 1844/58/314
f 1837/59/307 1851/80/321 1852/67/322
f 1844/58/314 1860/83/330 1845/60/315
f 1857/76/327 1871/84/341 1872/85/342
f 1864/75/334 1880/86/350 1865/77/335
f 1858/78/328 1872/85/342 1873/87/343
f 1851/80/321 1881/88/351 1866/89/336
f 1927/90/397 1865/77/335 1880/86/350
f 1858/78/328 1874/91/344 1859/82/329
f 1852/67/322 1866/89/336 1867/92/337
f 1859/82/329 1875/93/345 1860/83/330
f 1853/68/323 1867/92/337 1868/94/338
f 1860/83/330 1876/95/346 1861/69/331
f 1854/70/324 1868/94/338 1869/96/339
f 1861/69/331 1877/97/347 1862/71/332
f 1855/72/325 1869/96/339 1870/98/340
f 1862/71/332 1878/99/348 1863/73/333
f 1856/74/326 1870/98/340 1871/84/341
f 1863/73/333 1879/100/349 1864/75/334
f 1875/93/345 1892/101/362 1876/95/346
f 1869/96/339 1884/102/354 1885/103/355
f 1876/95/346 1893/104/363 1877/97/347
f 1870/98/340 1885/103/355 1886/105/356
f 1877/97/347 1894/106/364 1878/99/348
f 1871/84/341 1886/105/356 1887/107/357
f 1878/99/348 1895/108/365 1879/100/349
f 1872/85/342 1887/107/357 1888/109/358
f 1879/100/349 1896/110/366 1880/86/350
f 1873/87/343 1888/109/358 1889/111/359
f 1866/89/336 1881/112/351 1882/113/352
f 1927/114/397 1880/86/350 1896/110/366
f 1873/87/343 1890/115/360 1874/91/344
f 1867/92/337 1882/113/352 1883/116/353
f 1874/91/344 1891/117/361 1875/93/345
f 1868/94/338 1883/116/353 1884/102/354
f 1895/108/365 1911/118/381 1896/110/366
f 1889/111/359 1903/119/373 1904/120/374
f 1882/113/352 1881/121/351 1897/122/367
f 1927/123/397 1896/110/366 1911/118/381
f 1889/111/359 1905/124/375 1890/115/360
f 1883/116/353 1897/122/367 1898/125/368
f 1890/115/360 1906/126/376 1891/117/361
f 1884/102/354 1898/125/368 1899/127/369
f 1891/117/361 1907/128/377 1892/101/362
f 1885/103/355 1899/127/369 1900/129/370
f 1892/101/362 1908/130/378 1893/104/363
f 1886/105/356 1900/129/370 1901/131/371
f 1893/104/363 1909/132/530 1894/106/364
f 1887/107/357 1901/131/371 1902/133/372
f 1894/106/364 1910/134/380 1895/108/365
f 1888/109/358 1902/133/372 1903/119/373
f 1900/129/370 1914/135/384 1915/136/385
f 1907/128/377 1923/137/393 1908/130/378
f 1901/131/371 1915/136/385 1916/138/386
f 1908/130/378 1924/139/394 1909/132/530
f 1902/133/372 1916/138/386 1917/140/387
f 1909/132/530 1925/141/395 1910/134/380
f 1903/119/373 1917/140/387 1918/142/388
f 1910/134/380 1926/143/396 1911/118/381
f 1904/120/374 1918/142/388 1919/144/389
f 1897/122/367 1881/145/351 1912/146/382
f 1927/147/397 1911/118/381 1926/143/396
f 1904/120/374 1920/148/390 1905/124/375
f 1898/125/368 1912/146/382 1913/149/383
f 1905/124/375 1921/150/391 1906/126/376
f 1899/127/369 1913/149/383 1914/135/384
f 1906/126/376 1922/151/392 1907/128/377
f 1940/152/410 1954/153/424 1955/154/425
f 1932/155/402 1948/156/418 1933/157/403
f 1941/158/411 1955/154/425 1956/159/426
f 1933/157/403 1949/160/419 1934/161/404
f 1942/162/412 1956/159/426 1957/163/427
f 1934/161/404 1950/164/420 1935/165/405
f 1928/166/398 1881/167/351 1943/168/413
f 1927/169/397 1942/162/412 1957/163/427
f 1936/170/406 1950/164/420 1951/171/421
f 1928/166/398 1944/172/414 1929/173/399
f 1937/174/407 1951/171/421 1952/175/422
f 1929/173/399 1945/176/540 1930/177/400
f 1938/178/408 1952/175/422 1953/179/423
f 1930/177/400 1946/180/416 1931/181/401
f 1939/182/409 1953/179/423 1954/153/424
f 1931/181/401 1947/183/417 1932/155/402
f 1943/168/413 1959/184/429 1944/172/414
f 1952/175/422 1966/185/436 1967/186/437
f 1944/172/414 1960/187/430 1945/176/540
f 1953/179/423 1967/186/437 1968/188/438
f 1945/176/540 1961/189/431 1946/180/416
f 1954/153/424 1968/188/438 1969/190/439
f 1946/180/416 1962/191/432 1947/183/417
f 1955/154/425 1969/190/439 1970/192/440
f 1947/183/417 1963/193/433 1948/156/418
f 1956/159/426 1970/192/440 1971/194/441
f 1948/156/418 1964/195/434 1949/160/419
f 1957/163/427 1971/194/441 1972/196/442
f 1949/160/419 1965/197/435 1950/164/420
f 1943/168/413 1881/198/351 1958/199/428
f 1927/200/397 1957/163/427 1972/196/442
f 1951/171/421 1965/197/435 1966/185/436
f 1962/191/432 1978/201/448 1963/193/433
f 1971/194/441 1985/202/455 1986/203/456
f 1963/193/433 1979/204/449 1964/195/434
f 1972/196/442 1986/203/456 1987/205/457
f 1964/195/434 1980/206/450 1965/197/435
f 1958/199/428 1881/207/351 1973/208/443
f 1927/209/397 1972/196/442 1987/205/457
f 1966/185/436 1980/206/450 1981/210/451
f 1958/199/428 1974/211/539 1959/184/429
f 1967/186/437 1981/210/451 1982/212/452
f 1959/184/429 1975/213/445 1960/187/430
f 1968/188/438 1982/212/452 1983/214/453
f 1960/187/430 1976/215/446 1961/189/431
f 1969/190/439 1983/214/453 1984/216/454
f 1961/189/431 1977/217/447 1962/191/432
f 1970/192/440 1984/216/454 1985/202/455
f 1982/212/452 1996/218/466 1997/219/467
f 1974/211/539 1990/220/460 1975/213/445
f 1983/214/453 1997/219/467 1998/221/468
f 1975/213/445 1991/222/461 1976/215/446
f 1984/216/454 1998/221/468 1999/223/469
f 1976/215/446 1992/224/462 1977/217/447
f 1985/202/455 1999/223/469 2000/225/470
f 1977/217/447 1993/226/463 1978/201/448
f 1986/203/456 2000/225/470 2001/227/471
f 1978/201/448 1994/228/464 1979/204/449
f 1987/205/457 2001/227/471 2002/229/472
f 1979/204/449 1995/230/465 1980/206/450
f 1973/208/443 1881/231/351 1988/232/458
f 1927/233/397 1987/205/457 2002/229/472
f 1981/210/451 1995/230/465 1996/218/466
f 1973/208/443 1989/234/459 1974/211/539
f 2001/227/471 2015/235/485 2016/236/486
f 1993/226/463 2009/237/479 1994/228/464
f 2002/229/472 2016/236/486 2017/238/487
f 1994/228/464 2010/239/480 1995/230/465
f 1988/232/458 1881/240/351 2003/241/473
f 1927/242/397 2002/229/472 2017/238/487
f 1996/218/466 2010/239/480 2011/243/481
f 1988/232/458 2004/244/474 1989/234/459
f 1997/219/467 2011/243/481 2012/245/482
f 1989/234/459 2005/246/475 1990/220/460
f 1998/221/468 2012/245/482 2013/247/483
f 1990/220/460 2006/248/476 1991/222/461
f 1999/223/469 2013/247/483 2014/249/484
f 1991/222/461 2007/250/477 1992/224/462
f 2000/225/470 2014/249/484 2015/235/485
f 1992/224/462 2008/251/478 1993/226/463
f 2013/247/483 2027/252/497 2028/253/498
f 2005/246/475 2021/254/491 2006/248/476
f 2014/249/484 2028/253/498 2029/255/499
f 2006/248/476 2022/256/492 2007/250/477
f 2015/235/485 2029/255/499 2030/257/500
f 2007/250/477 2023/258/493 2008/251/478
f 2016/236/486 2030/257/500 2031/259/501
f 2008/251/478 2024/260/494 2009/237/479
f 2017/238/487 2031/259/501 2032/261/502
f 2009/237/479 2025/262/495 2010/239/480
f 2003/241/473 1881/263/351 2018/264/488
f 1927/265/397 2017/238/487 2032/261/502
f 2011/243/481 2025/262/495 2026/266/496
f 2003/241/473 2019/267/489 2004/244/474
f 2012/245/482 2026/266/496 2027/252/497
f 2004/244/474 2020/268/490 2005/246/475
f 2032/261/502 2046/269/516 2047/270/517
f 2024/260/494 2040/271/510 2025/262/495
f 2018/264/488 1881/272/351 2033/273/503
f 1927/274/397 2032/261/502 2047/270/517
f 2026/266/496 2040/271/510 2041/275/511
f 2018/264/488 2034/276/504 2019/267/489
f 2027/252/497 2041/275/511 2042/277/512
f 2019/267/489 2035/278/505 2020/268/490
f 2028/253/498 2042/277/512 2043/279/513
f 2020/268/490 2036/280/506 2021/254/491
f 2029/255/499 2043/279/513 2044/281/514
f 2021/254/491 2037/282/507 2022/256/492
f 2030/257/500 2044/281/514 2045/283/515
f 2022/256/492 2038/284/508 2023/258/493
f 2031/259/501 2045/283/515 2046/269/516
f 2023/258/493 2039/285/509 2024/260/494
f 2035/278/505 2050/4/520 2036/280/506
f 2044/281/514 1805/3/275 2053/8/523
f 2036/280/506 1801/9/271 2037/282/507
f 2045/283/515 2053/8/523 2054/12/524
f 2037/282/507 2051/13/521 2038/284/508
f 2046/269/516 2054/12/524 2055/16/525
f 2038/284/508 1802/17/272 2039/285/509
f 2047/270/517 2055/16/525 2056/20/526
f 2039/285/509 1803/21/273 2040/271/510
f 2033/273/503 1881/286/351 2048/23/518
f 1927/287/397 2047/270/517 2056/20/526
f 2041/275/511 1803/21/273 1804/28/274
f 2033/273/503 2049/29/519 2034/276/504
f 2042/277/512 1804/28/274 2052/1/522
f 2034/276/504 1800/32/270 2035/278/505
f 2043/279/513 2052/1/522 1805/3/275
f 2309/1/793 2073/2/557 2062/3/546
f 2307/4/791 2065/5/549 2066/6/550
f 2062/3/546 2074/7/558 2310/8/794
f 2058/9/542 2066/6/550 2067/10/551
f 2310/8/794 2075/11/559 2311/12/795
f 2308/13/792 2067/10/551 2068/14/552
f 2311/12/795 2076/15/560 2312/16/796
f 2059/17/543 2068/14/552 2069/18/553
f 2312/16/796 2077/19/561 2313/20/797
f 2060/21/544 2069/18/553 2070/22/554
f 2305/23/789 2138/24/622 2063/25/547
f 2184/26/668 2313/20/797 2077/19/561
f 2060/21/544 2071/27/555 2061/28/545
f 2306/29/790 2063/25/547 2064/30/548
f 2061/28/545 2072/31/556 2309/1/793
f 2057/32/541 2064/30/548 2065/5/549
f 2071/27/555 2087/33/571 2072/31/556
f 2065/5/549 2079/34/563 2080/35/564
f 2072/31/556 2088/36/572 2073/2/557
f 2066/6/550 2080/35/564 2081/37/565
f 2073/2/557 2089/38/573 2074/7/558
f 2067/10/551 2081/37/565 2082/39/566
f 2074/7/558 2090/40/574 2075/11/559
f 2068/14/552 2082/39/566 2083/41/567
f 2075/11/559 2091/42/575 2076/15/560
f 2069/18/553 2083/41/567 2084/43/568
f 2076/15/560 2092/44/576 2077/19/561
f 2070/22/554 2084/43/568 2085/45/569
f 2063/25/547 2138/46/622 2078/47/562
f 2184/48/668 2077/19/561 2092/44/576
f 2070/22/554 2086/49/570 2071/27/555
f 2064/30/548 2078/47/562 2079/34/563
f 2090/40/574 2106/50/590 2091/42/575
f 2084/43/568 2098/51/582 2099/52/583
f 2091/42/575 2107/53/591 2092/44/576
f 2085/45/569 2099/52/583 2100/54/584
f 2078/47/562 2138/55/622 2093/56/577
f 2184/57/668 2092/44/576 2107/53/591
f 2085/45/569 2101/58/585 2086/49/570
f 2079/34/563 2093/56/577 2094/59/578
f 2086/49/570 2102/60/586 2087/33/571
f 2080/35/564 2094/59/578 2095/61/579
f 2087/33/571 2103/62/587 2088/36/572
f 2081/37/565 2095/61/579 2096/63/580
f 2088/36/572 2104/64/588 2089/38/573
f 2082/39/566 2096/63/580 2097/65/581
f 2089/38/573 2105/66/589 2090/40/574
f 2083/41/567 2097/65/581 2098/51/582
f 2095/61/579 2109/67/593 2110/68/594
f 2102/60/586 2118/69/602 2103/62/587
f 2096/63/580 2110/68/594 2111/70/595
f 2103/62/587 2119/71/603 2104/64/588
f 2097/65/581 2111/70/595 2112/72/596
f 2104/64/588 2120/73/604 2105/66/589
f 2098/51/582 2112/72/596 2113/74/597
f 2105/66/589 2121/75/605 2106/50/590
f 2099/52/583 2113/74/597 2114/76/598
f 2106/50/590 2122/77/606 2107/53/591
f 2100/54/584 2114/76/598 2115/78/599
f 2093/56/577 2138/79/622 2108/80/592
f 2184/81/668 2107/53/591 2122/77/606
f 2100/54/584 2116/82/600 2101/58/585
f 2094/59/578 2108/80/592 2109/67/593
f 2101/58/585 2117/83/601 2102/60/586
f 2114/76/598 2128/84/612 2129/85/613
f 2121/75/605 2137/86/621 2122/77/606
f 2115/78/599 2129/85/613 2130/87/614
f 2108/80/592 2138/88/622 2123/89/607
f 2184/90/668 2122/77/606 2137/86/621
f 2115/78/599 2131/91/615 2116/82/600
f 2109/67/593 2123/89/607 2124/92/608
f 2116/82/600 2132/93/616 2117/83/601
f 2110/68/594 2124/92/608 2125/94/609
f 2117/83/601 2133/95/617 2118/69/602
f 2111/70/595 2125/94/609 2126/96/610
f 2118/69/602 2134/97/618 2119/71/603
f 2112/72/596 2126/96/610 2127/98/611
f 2119/71/603 2135/99/619 2120/73/604
f 2113/74/597 2127/98/611 2128/84/612
f 2120/73/604 2136/100/620 2121/75/605
f 2132/93/616 2149/101/633 2133/95/617
f 2126/96/610 2141/102/625 2142/103/626
f 2133/95/617 2150/104/634 2134/97/618
f 2127/98/611 2142/103/626 2143/105/627
f 2134/97/618 2151/106/635 2135/99/619
f 2128/84/612 2143/105/627 2144/107/628
f 2135/99/619 2152/108/636 2136/100/620
f 2129/85/613 2144/107/628 2145/109/629
f 2136/100/620 2153/110/637 2137/86/621
f 2130/87/614 2145/109/629 2146/111/630
f 2123/89/607 2138/112/622 2139/113/623
f 2184/114/668 2137/86/621 2153/110/637
f 2130/87/614 2147/115/631 2131/91/615
f 2124/92/608 2139/113/623 2140/116/624
f 2131/91/615 2148/117/632 2132/93/616
f 2125/94/609 2140/116/624 2141/102/625
f 2152/108/636 2168/118/652 2153/110/637
f 2146/111/630 2160/119/644 2161/120/645
f 2139/113/623 2138/121/622 2154/122/638
f 2184/123/668 2153/110/637 2168/118/652
f 2146/111/630 2162/124/646 2147/115/631
f 2140/116/624 2154/122/638 2155/125/639
f 2147/115/631 2163/126/647 2148/117/632
f 2141/102/625 2155/125/639 2156/127/640
f 2148/117/632 2164/128/648 2149/101/633
f 2142/103/626 2156/127/640 2157/129/641
f 2149/101/633 2165/130/649 2150/104/634
f 2143/105/627 2157/129/641 2158/131/642
f 2150/104/634 2166/132/650 2151/106/635
f 2144/107/628 2158/131/642 2159/133/643
f 2151/106/635 2167/134/651 2152/108/636
f 2145/109/629 2159/133/643 2160/119/644
f 2157/129/641 2171/135/655 2172/136/656
f 2164/128/648 2180/137/664 2165/130/649
f 2158/131/642 2172/136/656 2173/138/657
f 2165/130/649 2181/139/665 2166/132/650
f 2159/133/643 2173/138/657 2174/140/658
f 2166/132/650 2182/141/666 2167/134/651
f 2160/119/644 2174/140/658 2175/142/659
f 2167/134/651 2183/143/667 2168/118/652
f 2161/120/645 2175/142/659 2176/144/660
f 2154/122/638 2138/145/622 2169/146/653
f 2184/147/668 2168/118/652 2183/143/667
f 2161/120/645 2177/148/661 2162/124/646
f 2155/125/639 2169/146/653 2170/149/654
f 2162/124/646 2178/150/662 2163/126/647
f 2156/127/640 2170/149/654 2171/135/655
f 2163/126/647 2179/151/663 2164/128/648
f 2197/152/681 2211/153/695 2212/154/696
f 2189/155/673 2205/156/689 2190/157/674
f 2198/158/682 2212/154/696 2213/159/697
f 2190/157/674 2206/160/690 2191/161/675
f 2199/162/683 2213/159/697 2214/163/698
f 2191/161/675 2207/164/691 2192/165/676
f 2185/166/669 2138/167/622 2200/168/684
f 2184/169/668 2199/162/683 2214/163/698
f 2193/170/677 2207/164/691 2208/171/692
f 2185/166/669 2201/172/685 2186/173/670
f 2194/174/678 2208/171/692 2209/175/693
f 2186/173/670 2202/176/686 2187/177/671
f 2195/178/679 2209/175/693 2210/179/694
f 2187/177/671 2203/180/687 2188/181/672
f 2196/182/680 2210/179/694 2211/153/695
f 2188/181/672 2204/183/688 2189/155/673
f 2200/168/684 2216/184/700 2201/172/685
f 2209/175/693 2223/185/707 2224/186/708
f 2201/172/685 2217/187/701 2202/176/686
f 2210/179/694 2224/186/708 2225/188/709
f 2202/176/686 2218/189/702 2203/180/687
f 2211/153/695 2225/188/709 2226/190/710
f 2203/180/687 2219/191/703 2204/183/688
f 2212/154/696 2226/190/710 2227/192/711
f 2204/183/688 2220/193/704 2205/156/689
f 2213/159/697 2227/192/711 2228/194/712
f 2205/156/689 2221/195/705 2206/160/690
f 2214/163/698 2228/194/712 2229/196/713
f 2206/160/690 2222/197/706 2207/164/691
f 2200/168/684 2138/198/622 2215/199/699
f 2184/200/668 2214/163/698 2229/196/713
f 2208/171/692 2222/197/706 2223/185/707
f 2219/191/703 2235/201/719 2220/193/704
f 2228/194/712 2242/202/726 2243/203/727
f 2220/193/704 2236/204/720 2221/195/705
f 2229/196/713 2243/203/727 2244/205/728
f 2221/195/705 2237/206/721 2222/197/706
f 2215/199/699 2138/207/622 2230/208/714
f 2184/209/668 2229/196/713 2244/205/728
f 2223/185/707 2237/206/721 2238/210/722
f 2215/199/699 2231/211/715 2216/184/700
f 2224/186/708 2238/210/722 2239/212/723
f 2216/184/700 2232/213/716 2217/187/701
f 2225/188/709 2239/212/723 2240/214/724
f 2217/187/701 2233/215/717 2218/189/702
f 2226/190/710 2240/214/724 2241/216/725
f 2218/189/702 2234/217/718 2219/191/703
f 2227/192/711 2241/216/725 2242/202/726
f 2239/212/723 2253/218/737 2254/219/738
f 2231/211/715 2247/220/731 2232/213/716
f 2240/214/724 2254/219/738 2255/221/739
f 2232/213/716 2248/222/732 2233/215/717
f 2241/216/725 2255/221/739 2256/223/740
f 2233/215/717 2249/224/733 2234/217/718
f 2242/202/726 2256/223/740 2257/225/741
f 2234/217/718 2250/226/734 2235/201/719
f 2243/203/727 2257/225/741 2258/227/742
f 2235/201/719 2251/228/735 2236/204/720
f 2244/205/728 2258/227/742 2259/229/743
f 2236/204/720 2252/230/736 2237/206/721
f 2230/208/714 2138/231/622 2245/232/729
f 2184/233/668 2244/205/728 2259/229/743
f 2238/210/722 2252/230/736 2253/218/737
f 2230/208/714 2246/234/730 2231/211/715
f 2258/227/742 2272/235/756 2273/236/757
f 2250/226/734 2266/237/750 2251/228/735
f 2259/229/743 2273/236/757 2274/238/758
f 2251/228/735 2267/239/751 2252/230/736
f 2245/232/729 2138/240/622 2260/241/744
f 2184/242/668 2259/229/743 2274/238/758
f 2253/218/737 2267/239/751 2268/243/752
f 2245/232/729 2261/244/745 2246/234/730
f 2254/219/738 2268/243/752 2269/245/753
f 2246/234/730 2262/246/746 2247/220/731
f 2255/221/739 2269/245/753 2270/247/754
f 2247/220/731 2263/248/747 2248/222/732
f 2256/223/740 2270/247/754 2271/249/755
f 2248/222/732 2264/250/748 2249/224/733
f 2257/225/741 2271/249/755 2272/235/756
f 2249/224/733 2265/251/749 2250/226/734
f 2270/247/754 2284/252/768 2285/253/769
f 2262/246/746 2278/254/762 2263/248/747
f 2271/249/755 2285/253/769 2286/255/770
f 2263/248/747 2279/256/763 2264/250/748
f 2272/235/756 2286/255/770 2287/257/771
f 2264/250/748 2280/258/764 2265/251/749
f 2273/236/757 2287/257/771 2288/259/772
f 2265/251/749 2281/260/765 2266/237/750
f 2274/238/758 2288/259/772 2289/261/773
f 2266/237/750 2282/262/766 2267/239/751
f 2260/241/744 2138/263/622 2275/264/759
f 2184/265/668 2274/238/758 2289/261/773
f 2268/243/752 2282/262/766 2283/266/767
f 2260/241/744 2276/267/760 2261/244/745
f 2269/245/753 2283/266/767 2284/252/768
f 2261/244/745 2277/268/761 2262/246/746
f 2289/261/773 2303/269/787 2304/270/788
f 2281/260/765 2297/271/781 2282/262/766
f 2275/264/759 2138/272/622 2290/273/774
f 2184/274/668 2289/261/773 2304/270/788
f 2283/266/767 2297/271/781 2298/275/782
f 2275/264/759 2291/276/775 2276/267/760
f 2284/252/768 2298/275/782 2299/277/783
f 2276/267/760 2292/278/776 2277/268/761
f 2285/253/769 2299/277/783 2300/279/784
f 2277/268/761 2293/280/777 2278/254/762
f 2286/255/770 2300/279/784 2301/281/785
f 2278/254/762 2294/282/778 2279/256/763
f 2287/257/771 2301/281/785 2302/283/786
f 2279/256/763 2295/284/779 2280/258/764
f 2288/259/772 2302/283/786 2303/269/787
f 2280/258/764 2296/285/780 2281/260/765
f 2292/278/776 2307/4/791 2293/280/777
f 2301/281/785 2062/3/546 2310/8/794
f 2293/280/777 2058/9/542 2294/282/778
f 2302/283/786 2310/8/794 2311/12/795
f 2294/282/778 2308/13/792 2295/284/779
f 2303/269/787 2311/12/795 2312/16/796
f 2295/284/779 2059/17/543 2296/285/780
f 2304/270/788 2312/16/796 2313/20/797
f 2296/285/780 2060/21/544 2297/271/781
f 2290/273/774 2138/286/622 2305/23/789
f 2184/287/668 2304/270/788 2313/20/797
f 2298/275/782 2060/21/544 2061/28/545
f 2290/273/774 2306/29/790 2291/276/775
f 2299/277/783 2061/28/545 2309/1/793
f 2291/276/775 2057/32/541 2292/278/776
f 2300/279/784 2309/1/793 2062/3/546
f 2566/1/793 2330/2/557 2319/3/546
f 2564/4/791 2322/5/549 2323/6/550
f 2319/3/546 2331/7/558 2567/8/794
f 2315/9/542 2323/6/550 2324/10/551
f 2567/8/794 2332/11/559 2568/12/795
f 2565/13/792 2324/10/551 2325/14/552
f 2568/12/795 2333/15/560 2569/16/796
f 2316/17/543 2325/14/552 2326/18/553
f 2569/16/796 2334/19/561 2570/20/797
f 2317/21/544 2326/18/553 2327/22/554
f 2562/23/789 2395/24/622 2320/25/547
f 2441/26/668 2570/20/797 2334/19/561
f 2317/21/544 2328/27/555 2318/28/545
f 2563/29/790 2320/25/547 2321/30/548
f 2318/28/545 2329/31/556 2566/1/793
f 2314/32/541 2321/30/548 2322/5/549
f 2328/27/555 2344/33/571 2329/31/556
f 2322/5/549 2336/34/563 2337/35/564
f 2329/31/556 2345/36/572 2330/2/557
f 2323/6/550 2337/35/564 2338/37/565
f 2330/2/557 2346/38/573 2331/7/558
f 2324/10/551 2338/37/565 2339/39/566
f 2331/7/558 2347/40/574 2332/11/559
f 2325/14/552 2339/39/566 2340/41/567
f 2332/11/559 2348/42/575 2333/15/560
f 2326/18/553 2340/41/567 2341/43/568
f 2333/15/560 2349/44/576 2334/19/561
f 2327/22/554 2341/43/568 2342/45/569
f 2320/25/547 2395/46/622 2335/47/562
f 2441/48/668 2334/19/561 2349/44/576
f 2327/22/554 2343/49/570 2328/27/555
f 2321/30/548 2335/47/562 2336/34/563
f 2347/40/574 2363/50/590 2348/42/575
f 2341/43/568 2355/51/582 2356/52/583
f 2348/42/575 2364/53/591 2349/44/576
f 2342/45/569 2356/52/583 2357/54/584
f 2335/47/562 2395/55/622 2350/56/577
f 2441/57/668 2349/44/576 2364/53/591
f 2342/45/569 2358/58/585 2343/49/570
f 2336/34/563 2350/56/577 2351/59/578
f 2343/49/570 2359/60/586 2344/33/571
f 2337/35/564 2351/59/578 2352/61/579
f 2344/33/571 2360/62/587 2345/36/572
f 2338/37/565 2352/61/579 2353/63/580
f 2345/36/572 2361/64/588 2346/38/573
f 2339/39/566 2353/63/580 2354/65/581
f 2346/38/573 2362/66/589 2347/40/574
f 2340/41/567 2354/65/581 2355/51/582
f 2352/61/579 2366/67/593 2367/68/594
f 2359/60/586 2375/69/602 2360/62/587
f 2353/63/580 2367/68/594 2368/70/595
f 2360/62/587 2376/71/603 2361/64/588
f 2354/65/581 2368/70/595 2369/72/596
f 2361/64/588 2377/73/604 2362/66/589
f 2355/51/582 2369/72/596 2370/74/597
f 2362/66/589 2378/75/605 2363/50/590
f 2356/52/583 2370/74/597 2371/76/598
f 2363/50/590 2379/77/606 2364/53/591
f 2357/54/584 2371/76/598 2372/78/599
f 2350/56/577 2395/79/622 2365/80/592
f 2441/81/668 2364/53/591 2379/77/606
f 2357/54/584 2373/82/600 2358/58/585
f 2351/59/578 2365/80/592 2366/67/593
f 2358/58/585 2374/83/601 2359/60/586
f 2371/76/598 2385/84/612 2386/85/613
f 2378/75/605 2394/86/621 2379/77/606
f 2372/78/599 2386/85/613 2387/87/614
f 2365/80/592 2395/88/622 2380/89/607
f 2441/90/668 2379/77/606 2394/86/621
f 2372/78/599 2388/91/615 2373/82/600
f 2366/67/593 2380/89/607 2381/92/608
f 2373/82/600 2389/93/616 2374/83/601
f 2367/68/594 2381/92/608 2382/94/609
f 2374/83/601 2390/95/617 2375/69/602
f 2368/70/595 2382/94/609 2383/96/610
f 2375/69/602 2391/97/618 2376/71/603
f 2369/72/596 2383/96/610 2384/98/611
f 2376/71/603 2392/99/619 2377/73/604
f 2370/74/597 2384/98/611 2385/84/612
f 2377/73/604 2393/100/620 2378/75/605
f 2389/93/616 2406/101/633 2390/95/617
f 2383/96/610 2398/102/625 2399/103/626
f 2390/95/617 2407/104/634 2391/97/618
f 2384/98/611 2399/103/626 2400/105/627
f 2391/97/618 2408/106/635 2392/99/619
f 2385/84/612 2400/105/627 2401/107/628
f 2392/99/619 2409/108/636 2393/100/620
f 2386/85/613 2401/107/628 2402/109/629
f 2393/100/620 2410/110/637 2394/86/621
f 2387/87/614 2402/109/629 2403/111/630
f 2380/89/607 2395/112/622 2396/113/623
f 2441/114/668 2394/86/621 2410/110/637
f 2387/87/614 2404/115/631 2388/91/615
f 2381/92/608 2396/113/623 2397/116/624
f 2388/91/615 2405/117/632 2389/93/616
f 2382/94/609 2397/116/624 2398/102/625
f 2409/108/636 2425/118/652 2410/110/637
f 2403/111/630 2417/119/644 2418/120/645
f 2396/113/623 2395/121/622 2411/122/638
f 2441/123/668 2410/110/637 2425/118/652
f 2403/111/630 2419/124/646 2404/115/631
f 2397/116/624 2411/122/638 2412/125/639
f 2404/115/631 2420/126/647 2405/117/632
f 2398/102/625 2412/125/639 2413/127/640
f 2405/117/632 2421/128/648 2406/101/633
f 2399/103/626 2413/127/640 2414/129/641
f 2406/101/633 2422/130/649 2407/104/634
f 2400/105/627 2414/129/641 2415/131/642
f 2407/104/634 2423/132/798 2408/106/635
f 2401/107/628 2415/131/642 2416/133/643
f 2408/106/635 2424/134/651 2409/108/636
f 2402/109/629 2416/133/643 2417/119/644
f 2414/129/641 2428/135/655 2429/136/656
f 2421/128/648 2437/137/664 2422/130/649
f 2415/131/642 2429/136/656 2430/138/657
f 2422/130/649 2438/139/665 2423/132/798
f 2416/133/643 2430/138/657 2431/140/658
f 2423/132/798 2439/141/666 2424/134/651
f 2417/119/644 2431/140/658 2432/142/659
f 2424/134/651 2440/143/667 2425/118/652
f 2418/120/645 2432/142/659 2433/144/660
f 2411/122/638 2395/145/622 2426/146/799
f 2441/147/668 2425/118/652 2440/143/667
f 2418/120/645 2434/148/661 2419/124/646
f 2412/125/639 2426/146/799 2427/149/654
f 2419/124/646 2435/150/662 2420/126/647
f 2413/127/640 2427/149/654 2428/135/655
f 2420/126/647 2436/151/663 2421/128/648
f 2454/152/681 2468/153/695 2469/154/696
f 2446/155/673 2462/156/689 2447/157/674
f 2455/158/682 2469/154/696 2470/159/697
f 2447/157/674 2463/160/690 2448/161/800
f 2456/162/802 2470/159/697 2471/163/698
f 2448/161/800 2464/164/691 2449/165/676
f 2442/166/669 2395/167/622 2457/168/684
f 2441/169/668 2456/162/802 2471/163/698
f 2450/170/801 2464/164/691 2465/171/692
f 2442/166/669 2458/172/685 2443/173/670
f 2451/174/678 2465/171/692 2466/175/693
f 2443/173/670 2459/176/686 2444/177/671
f 2452/178/679 2466/175/693 2467/179/694
f 2444/177/671 2460/180/687 2445/181/672
f 2453/182/680 2467/179/694 2468/153/695
f 2445/181/672 2461/183/688 2446/155/673
f 2457/168/684 2473/184/700 2458/172/685
f 2466/175/693 2480/185/707 2481/186/708
f 2458/172/685 2474/187/701 2459/176/686
f 2467/179/694 2481/186/708 2482/188/709
f 2459/176/686 2475/189/702 2460/180/687
f 2468/153/695 2482/188/709 2483/190/710
f 2460/180/687 2476/191/703 2461/183/688
f 2469/154/696 2483/190/710 2484/192/711
f 2461/183/688 2477/193/704 2462/156/689
f 2470/159/697 2484/192/711 2485/194/712
f 2462/156/689 2478/195/705 2463/160/690
f 2471/163/698 2485/194/712 2486/196/713
f 2463/160/690 2479/197/706 2464/164/691
f 2457/168/684 2395/198/622 2472/199/699
f 2441/200/668 2471/163/698 2486/196/713
f 2465/171/692 2479/197/706 2480/185/707
f 2476/191/703 2492/201/719 2477/193/704
f 2485/194/712 2499/202/726 2500/203/727
f 2477/193/704 2493/204/720 2478/195/705
f 2486/196/713 2500/203/727 2501/205/728
f 2478/195/705 2494/206/721 2479/197/706
f 2472/199/699 2395/207/622 2487/208/714
f 2441/209/668 2486/196/713 2501/205/728
f 2480/185/707 2494/206/721 2495/210/722
f 2472/199/699 2488/211/715 2473/184/700
f 2481/186/708 2495/210/722 2496/212/723
f 2473/184/700 2489/213/716 2474/187/701
f 2482/188/709 2496/212/723 2497/214/724
f 2474/187/701 2490/215/717 2475/189/702
f 2483/190/710 2497/214/724 2498/216/725
f 2475/189/702 2491/217/718 2476/191/703
f 2484/192/711 2498/216/725 2499/202/726
f 2496/212/723 2510/218/737 2511/219/738
f 2488/211/715 2504/220/731 2489/213/716
f 2497/214/724 2511/219/738 2512/221/739
f 2489/213/716 2505/222/732 2490/215/717
f 2498/216/725 2512/221/739 2513/223/740
f 2490/215/717 2506/224/733 2491/217/718
f 2499/202/726 2513/223/740 2514/225/741
f 2491/217/718 2507/226/734 2492/201/719
f 2500/203/727 2514/225/741 2515/227/742
f 2492/201/719 2508/228/735 2493/204/720
f 2501/205/728 2515/227/742 2516/229/743
f 2493/204/720 2509/230/736 2494/206/721
f 2487/208/714 2395/231/622 2502/232/729
f 2441/233/668 2501/205/728 2516/229/743
f 2495/210/722 2509/230/736 2510/218/737
f 2487/208/714 2503/234/730 2488/211/715
f 2515/227/742 2529/235/756 2530/236/757
f 2507/226/734 2523/237/750 2508/228/735
f 2516/229/743 2530/236/757 2531/238/758
f 2508/228/735 2524/239/751 2509/230/736
f 2502/232/729 2395/240/622 2517/241/744
f 2441/242/668 2516/229/743 2531/238/758
f 2510/218/737 2524/239/751 2525/243/752
f 2502/232/729 2518/244/745 2503/234/730
f 2511/219/738 2525/243/752 2526/245/753
f 2503/234/730 2519/246/746 2504/220/731
f 2512/221/739 2526/245/753 2527/247/754
f 2504/220/731 2520/248/747 2505/222/732
f 2513/223/740 2527/247/754 2528/249/755
f 2505/222/732 2521/250/748 2506/224/733
f 2514/225/741 2528/249/755 2529/235/756
f 2506/224/733 2522/251/749 2507/226/734
f 2527/247/754 2541/252/768 2542/253/769
f 2519/246/746 2535/254/762 2520/248/747
f 2528/249/755 2542/253/769 2543/255/770
f 2520/248/747 2536/256/763 2521/250/748
f 2529/235/756 2543/255/770 2544/257/771
f 2521/250/748 2537/258/764 2522/251/749
f 2530/236/757 2544/257/771 2545/259/772
f 2522/251/749 2538/260/765 2523/237/750
f 2531/238/758 2545/259/772 2546/261/773
f 2523/237/750 2539/262/766 2524/239/751
f 2517/241/744 2395/263/622 2532/264/759
f 2441/265/668 2531/238/758 2546/261/773
f 2525/243/752 2539/262/766 2540/266/767
f 2517/241/744 2533/267/760 2518/244/745
f 2526/245/753 2540/266/767 2541/252/768
f 2518/244/745 2534/268/761 2519/246/746
f 2546/261/773 2560/269/787 2561/270/788
f 2538/260/765 2554/271/781 2539/262/766
f 2532/264/759 2395/272/622 2547/273/774
f 2441/274/668 2546/261/773 2561/270/788
f 2540/266/767 2554/271/781 2555/275/782
f 2532/264/759 2548/276/775 2533/267/760
f 2541/252/768 2555/275/782 2556/277/783
f 2533/267/760 2549/278/776 2534/268/761
f 2542/253/769 2556/277/783 2557/279/784
f 2534/268/761 2550/280/777 2535/254/762
f 2543/255/770 2557/279/784 2558/281/785
f 2535/254/762 2551/282/778 2536/256/763
f 2544/257/771 2558/281/785 2559/283/786
f 2536/256/763 2552/284/779 2537/258/764
f 2545/259/772 2559/283/786 2560/269/787
f 2537/258/764 2553/285/780 2538/260/765
f 2549/278/776 2564/4/791 2550/280/777
f 2558/281/785 2319/3/546 2567/8/794
f 2550/280/777 2315/9/542 2551/282/778
f 2559/283/786 2567/8/794 2568/12/795
f 2551/282/778 2565/13/792 2552/284/779
f 2560/269/787 2568/12/795 2569/16/796
f 2552/284/779 2316/17/543 2553/285/780
f 2561/270/788 2569/16/796 2570/20/797
f 2553/285/780 2317/21/544 2554/271/781
f 2547/273/774 2395/286/622 2562/23/789
f 2441/287/668 2561/270/788 2570/20/797
f 2555/275/782 2317/21/544 2318/28/545
f 2547/273/774 2563/29/790 2548/276/775
f 2556/277/783 2318/28/545 2566/1/793
f 2548/276/775 2314/32/541 2549/278/776
f 2557/279/784 2566/1/793 2319/3/546
f 2823/1/793 2587/2/557 2576/3/546
f 2821/4/791 2579/5/549 2580/6/550
f 2576/3/546 2588/7/558 2824/8/794
f 2572/9/542 2580/6/550 2581/10/551
f 2824/8/794 2589/11/559 2825/12/795
f 2822/13/792 2581/10/551 2582/14/552
f 2825/12/795 2590/15/560 2826/16/796
f 2573/17/543 2582/14/552 2583/18/553
f 2826/16/796 2591/19/561 2827/20/797
f 2574/21/544 2583/18/553 2584/22/554
f 2819/23/789 2652/24/622 2577/25/547
f 2698/26/668 2827/20/797 2591/19/561
f 2574/21/544 2585/27/555 2575/28/803
f 2820/29/790 2577/25/547 2578/30/548
f 2575/28/803 2586/31/556 2823/1/793
f 2571/32/541 2578/30/548 2579/5/549
f 2585/27/555 2601/33/571 2586/31/556
f 2579/5/549 2593/34/563 2594/35/564
f 2586/31/556 2602/36/572 2587/2/557
f 2580/6/550 2594/35/564 2595/37/565
f 2587/2/557 2603/38/573 2588/7/558
f 2581/10/551 2595/37/565 2596/39/566
f 2588/7/558 2604/40/804 2589/11/559
f 2582/14/552 2596/39/566 2597/41/567
f 2589/11/559 2605/42/575 2590/15/560
f 2583/18/553 2597/41/567 2598/43/568
f 2590/15/560 2606/44/576 2591/19/561
f 2584/22/554 2598/43/568 2599/45/569
f 2577/25/547 2652/46/622 2592/47/562
f 2698/48/668 2591/19/561 2606/44/576
f 2584/22/554 2600/49/570 2585/27/555
f 2578/30/548 2592/47/562 2593/34/563
f 2604/40/804 2620/50/590 2605/42/575
f 2598/43/568 2612/51/582 2613/52/583
f 2605/42/575 2621/53/591 2606/44/576
f 2599/45/569 2613/52/583 2614/54/584
f 2592/47/562 2652/55/622 2607/56/577
f 2698/57/668 2606/44/576 2621/53/591
f 2599/45/569 2615/58/585 2600/49/570
f 2593/34/563 2607/56/577 2608/59/578
f 2600/49/570 2616/60/586 2601/33/571
f 2594/35/564 2608/59/578 2609/61/579
f 2601/33/571 2617/62/587 2602/36/572
f 2595/37/565 2609/61/579 2610/63/580
f 2602/36/572 2618/64/588 2603/38/573
f 2596/39/566 2610/63/580 2611/65/581
f 2603/38/573 2619/66/589 2604/40/804
f 2597/41/567 2611/65/581 2612/51/582
f 2609/61/579 2623/67/593 2624/68/594
f 2616/60/586 2632/69/602 2617/62/587
f 2610/63/580 2624/68/594 2625/70/595
f 2617/62/587 2633/71/603 2618/64/588
f 2611/65/581 2625/70/595 2626/72/596
f 2618/64/588 2634/73/604 2619/66/589
f 2612/51/582 2626/72/596 2627/74/597
f 2619/66/589 2635/75/605 2620/50/590
f 2613/52/583 2627/74/597 2628/76/598
f 2620/50/590 2636/77/606 2621/53/591
f 2614/54/584 2628/76/598 2629/78/599
f 2607/56/577 2652/79/622 2622/80/592
f 2698/81/668 2621/53/591 2636/77/606
f 2614/54/584 2630/82/600 2615/58/585
f 2608/59/578 2622/80/592 2623/67/593
f 2615/58/585 2631/83/601 2616/60/586
f 2628/76/598 2642/84/612 2643/85/613
f 2635/75/605 2651/86/621 2636/77/606
f 2629/78/599 2643/85/613 2644/87/614
f 2622/80/592 2652/88/622 2637/89/607
f 2698/90/668 2636/77/606 2651/86/621
f 2629/78/599 2645/91/615 2630/82/600
f 2623/67/593 2637/89/607 2638/92/805
f 2630/82/600 2646/93/616 2631/83/601
f 2624/68/594 2638/92/805 2639/94/609
f 2631/83/601 2647/95/617 2632/69/602
f 2625/70/595 2639/94/609 2640/96/610
f 2632/69/602 2648/97/618 2633/71/603
f 2626/72/596 2640/96/610 2641/98/611
f 2633/71/603 2649/99/619 2634/73/604
f 2627/74/597 2641/98/611 2642/84/612
f 2634/73/604 2650/100/620 2635/75/605
f 2646/93/616 2663/101/633 2647/95/617
f 2640/96/610 2655/102/625 2656/103/626
f 2647/95/617 2664/104/634 2648/97/618
f 2641/98/611 2656/103/626 2657/105/627
f 2648/97/618 2665/106/635 2649/99/619
f 2642/84/612 2657/105/627 2658/107/628
f 2649/99/619 2666/108/636 2650/100/620
f 2643/85/613 2658/107/628 2659/109/629
f 2650/100/620 2667/110/637 2651/86/621
f 2644/87/614 2659/109/629 2660/111/630
f 2637/89/607 2652/112/622 2653/113/623
f 2698/114/668 2651/86/621 2667/110/637
f 2644/87/614 2661/115/631 2645/91/615
f 2638/92/805 2653/113/623 2654/116/624
f 2645/91/615 2662/117/632 2646/93/616
f 2639/94/609 2654/116/624 2655/102/625
f 2666/108/636 2682/118/652 2667/110/637
f 2660/111/630 2674/119/644 2675/120/645
f 2653/113/623 2652/121/622 2668/122/638
f 2698/123/668 2667/110/637 2682/118/652
f 2660/111/630 2676/124/646 2661/115/631
f 2654/116/624 2668/122/638 2669/125/639
f 2661/115/631 2677/126/647 2662/117/632
f 2655/102/625 2669/125/639 2670/127/640
f 2662/117/632 2678/128/648 2663/101/633
f 2656/103/626 2670/127/640 2671/129/641
f 2663/101/633 2679/130/649 2664/104/634
f 2657/105/627 2671/129/641 2672/131/642
f 2664/104/634 2680/132/798 2665/106/635
f 2658/107/628 2672/131/642 2673/133/643
f 2665/106/635 2681/134/651 2666/108/636
f 2659/109/629 2673/133/643 2674/119/644
f 2671/129/641 2685/135/655 2686/136/656
f 2678/128/648 2694/137/664 2679/130/649
f 2672/131/642 2686/136/656 2687/138/657
f 2679/130/649 2695/139/665 2680/132/798
f 2673/133/643 2687/138/657 2688/140/658
f 2680/132/798 2696/141/666 2681/134/651
f 2674/119/644 2688/140/658 2689/142/659
f 2681/134/651 2697/143/806 2682/118/652
f 2675/120/645 2689/142/659 2690/144/660
f 2668/122/638 2652/145/622 2683/146/799
f 2698/147/668 2682/118/652 2697/143/806
f 2675/120/645 2691/148/661 2676/124/646
f 2669/125/639 2683/146/799 2684/149/654
f 2676/124/646 2692/150/662 2677/126/647
f 2670/127/640 2684/149/654 2685/135/655
f 2677/126/647 2693/151/663 2678/128/648
f 2711/152/681 2725/153/695 2726/154/696
f 2703/155/673 2719/156/689 2704/157/674
f 2712/158/682 2726/154/696 2727/159/697
f 2704/157/674 2720/160/690 2705/161/800
f 2713/162/683 2727/159/697 2728/163/698
f 2705/161/800 2721/164/691 2706/165/676
f 2699/166/807 2652/167/622 2714/168/684
f 2698/169/668 2713/162/683 2728/163/698
f 2707/170/801 2721/164/691 2722/171/692
f 2699/166/807 2715/172/685 2700/173/670
f 2708/174/678 2722/171/692 2723/175/693
f 2700/173/670 2716/176/686 2701/177/671
f 2709/178/679 2723/175/693 2724/179/694
f 2701/177/671 2717/180/687 2702/181/672
f 2710/182/680 2724/179/694 2725/153/695
f 2702/181/672 2718/183/688 2703/155/673
f 2714/168/684 2730/184/700 2715/172/685
f 2723/175/693 2737/185/707 2738/186/708
f 2715/172/685 2731/187/701 2716/176/686
f 2724/179/694 2738/186/708 2739/188/709
f 2716/176/686 2732/189/702 2717/180/687
f 2725/153/695 2739/188/709 2740/190/710
f 2717/180/687 2733/191/703 2718/183/688
f 2726/154/696 2740/190/710 2741/192/711
f 2718/183/688 2734/193/704 2719/156/689
f 2727/159/697 2741/192/711 2742/194/712
f 2719/156/689 2735/195/705 2720/160/690
f 2728/163/698 2742/194/712 2743/196/713
f 2720/160/690 2736/197/706 2721/164/691
f 2714/168/684 2652/198/622 2729/199/699
f 2698/200/668 2728/163/698 2743/196/713
f 2722/171/692 2736/197/706 2737/185/707
f 2733/191/703 2749/201/719 2734/193/704
f 2742/194/712 2756/202/726 2757/203/727
f 2734/193/704 2750/204/720 2735/195/705
f 2743/196/713 2757/203/727 2758/205/728
f 2735/195/705 2751/206/721 2736/197/706
f 2729/199/699 2652/207/622 2744/208/714
f 2698/209/668 2743/196/713 2758/205/728
f 2737/185/707 2751/206/721 2752/210/722
f 2729/199/699 2745/211/808 2730/184/700
f 2738/186/708 2752/210/722 2753/212/723
f 2730/184/700 2746/213/716 2731/187/701
f 2739/188/709 2753/212/723 2754/214/724
f 2731/187/701 2747/215/717 2732/189/702
f 2740/190/710 2754/214/724 2755/216/725
f 2732/189/702 2748/217/718 2733/191/703
f 2741/192/711 2755/216/725 2756/202/726
f 2753/212/723 2767/218/737 2768/219/738
f 2745/211/808 2761/220/731 2746/213/716
f 2754/214/724 2768/219/738 2769/221/739
f 2746/213/716 2762/222/732 2747/215/717
f 2755/216/725 2769/221/739 2770/223/740
f 2747/215/717 2763/224/733 2748/217/718
f 2756/202/726 2770/223/740 2771/225/741
f 2748/217/718 2764/226/734 2749/201/719
f 2757/203/727 2771/225/741 2772/227/742
f 2749/201/719 2765/228/735 2750/204/720
f 2758/205/728 2772/227/742 2773/229/743
f 2750/204/720 2766/230/736 2751/206/721
f 2744/208/714 2652/231/622 2759/232/729
f 2698/233/668 2758/205/728 2773/229/743
f 2752/210/722 2766/230/736 2767/218/737
f 2744/208/714 2760/234/730 2745/211/808
f 2772/227/742 2786/235/756 2787/236/757
f 2764/226/734 2780/237/750 2765/228/735
f 2773/229/743 2787/236/757 2788/238/758
f 2765/228/735 2781/239/751 2766/230/736
f 2759/232/729 2652/240/622 2774/241/744
f 2698/242/668 2773/229/743 2788/238/758
f 2767/218/737 2781/239/751 2782/243/752
f 2759/232/729 2775/244/745 2760/234/730
f 2768/219/738 2782/243/752 2783/245/753
f 2760/234/730 2776/246/746 2761/220/731
f 2769/221/739 2783/245/753 2784/247/754
f 2761/220/731 2777/248/747 2762/222/732
f 2770/223/740 2784/247/754 2785/249/755
f 2762/222/732 2778/250/748 2763/224/733
f 2771/225/741 2785/249/755 2786/235/756
f 2763/224/733 2779/251/749 2764/226/734
f 2784/247/754 2798/252/768 2799/253/769
f 2776/246/746 2792/254/762 2777/248/747
f 2785/249/755 2799/253/769 2800/255/770
f 2777/248/747 2793/256/763 2778/250/748
f 2786/235/756 2800/255/770 2801/257/771
f 2778/250/748 2794/258/764 2779/251/749
f 2787/236/757 2801/257/771 2802/259/772
f 2779/251/749 2795/260/765 2780/237/750
f 2788/238/758 2802/259/772 2803/261/773
f 2780/237/750 2796/262/766 2781/239/751
f 2774/241/744 2652/263/622 2789/264/759
f 2698/265/668 2788/238/758 2803/261/773
f 2782/243/752 2796/262/766 2797/266/767
f 2774/241/744 2790/267/760 2775/244/745
f 2783/245/753 2797/266/767 2798/252/768
f 2775/244/745 2791/268/761 2776/246/746
f 2803/261/773 2817/269/787 2818/270/788
f 2795/260/765 2811/271/781 2796/262/766
f 2789/264/759 2652/272/622 2804/273/774
f 2698/274/668 2803/261/773 2818/270/788
f 2797/266/767 2811/271/781 2812/275/782
f 2789/264/759 2805/276/775 2790/267/760
f 2798/252/768 2812/275/782 2813/277/783
f 2790/267/760 2806/278/776 2791/268/761
f 2799/253/769 2813/277/783 2814/279/784
f 2791/268/761 2807/280/777 2792/254/762
f 2800/255/770 2814/279/784 2815/281/785
f 2792/254/762 2808/282/778 2793/256/763
f 2801/257/771 2815/281/785 2816/283/786
f 2793/256/763 2809/284/779 2794/258/764
f 2802/259/772 2816/283/786 2817/269/787
f 2794/258/764 2810/285/780 2795/260/765
f 2806/278/776 2821/4/791 2807/280/777
f 2815/281/785 2576/3/546 2824/8/794
f 2807/280/777 2572/9/542 2808/282/778
f 2816/283/786 2824/8/794 2825/12/795
f 2808/282/778 2822/13/792 2809/284/779
f 2817/269/787 2825/12/795 2826/16/796
f 2809/284/779 2573/17/543 2810/285/780
f 2818/270/788 2826/16/796 2827/20/797
f 2810/285/780 2574/21/544 2811/271/781
f 2804/273/774 2652/286/622 2819/23/789
f 2698/287/668 2818/270/788 2827/20/797
f 2812/275/782 2574/21/544 2575/28/803
f 2804/273/774 2820/29/790 2805/276/775
f 2813/277/783 2575/28/803 2823/1/793
f 2805/276/775 2571/32/541 2806/278/776
f 2814/279/784 2823/1/793 2576/3/546
f 3080/1/793 2844/2/557 2833/3/546
f 3078/4/791 2836/5/549 2837/6/550
f 2833/3/546 2845/7/558 3081/8/794
f 2829/9/542 2837/6/550 2838/10/551
f 3081/8/794 2846/11/559 3082/12/795
f 3079/13/792 2838/10/551 2839/14/552
f 3082/12/795 2847/15/560 3083/16/796
f 2830/17/809 2839/14/552 2840/18/553
f 3083/16/796 2848/19/561 3084/20/797
f 2831/21/544 2840/18/553 2841/22/554
f 3076/23/789 2909/24/622 2834/25/547
f 2955/26/668 3084/20/797 2848/19/561
f 2831/21/544 2842/27/555 2832/28/803
f 3077/29/790 2834/25/547 2835/30/548
f 2832/28/803 2843/31/556 3080/1/793
f 2828/32/541 2835/30/548 2836/5/549
f 2842/27/555 2858/33/571 2843/31/556
f 2836/5/549 2850/34/563 2851/35/564
f 2843/31/556 2859/36/572 2844/2/557
f 2837/6/550 2851/35/564 2852/37/565
f 2844/2/557 2860/38/573 2845/7/558
f 2838/10/551 2852/37/565 2853/39/566
f 2845/7/558 2861/40/804 2846/11/559
f 2839/14/552 2853/39/566 2854/41/567
f 2846/11/559 2862/42/575 2847/15/560
f 2840/18/553 2854/41/567 2855/43/568
f 2847/15/560 2863/44/576 2848/19/561
f 2841/22/554 2855/43/568 2856/45/569
f 2834/25/547 2909/46/622 2849/47/562
f 2955/48/668 2848/19/561 2863/44/576
f 2841/22/554 2857/49/570 2842/27/555
f 2835/30/548 2849/47/562 2850/34/563
f 2861/40/804 2877/50/590 2862/42/575
f 2855/43/568 2869/51/582 2870/52/583
f 2862/42/575 2878/53/591 2863/44/576
f 2856/45/569 2870/52/583 2871/54/584
f 2849/47/562 2909/55/622 2864/56/577
f 2955/57/668 2863/44/576 2878/53/591
f 2856/45/569 2872/58/585 2857/49/570
f 2850/34/563 2864/56/577 2865/59/578
f 2857/49/570 2873/60/586 2858/33/571
f 2851/35/564 2865/59/578 2866/61/579
f 2858/33/571 2874/62/587 2859/36/572
f 2852/37/565 2866/61/579 2867/63/580
f 2859/36/572 2875/64/588 2860/38/573
f 2853/39/566 2867/63/580 2868/65/581
f 2860/38/573 2876/66/589 2861/40/804
f 2854/41/567 2868/65/581 2869/51/582
f 2866/61/579 2880/67/593 2881/68/594
f 2873/60/586 2889/69/602 2874/62/587
f 2867/63/580 2881/68/594 2882/70/595
f 2874/62/587 2890/71/603 2875/64/588
f 2868/65/581 2882/70/595 2883/72/596
f 2875/64/588 2891/73/604 2876/66/589
f 2869/51/582 2883/72/596 2884/74/597
f 2876/66/589 2892/75/605 2877/50/590
f 2870/52/583 2884/74/597 2885/76/598
f 2877/50/590 2893/77/606 2878/53/591
f 2871/54/584 2885/76/598 2886/78/599
f 2864/56/577 2909/79/622 2879/80/592
f 2955/81/668 2878/53/591 2893/77/606
f 2871/54/584 2887/82/600 2872/58/585
f 2865/59/578 2879/80/592 2880/67/593
f 2872/58/585 2888/83/601 2873/60/586
f 2885/76/598 2899/84/612 2900/85/613
f 2892/75/605 2908/86/621 2893/77/606
f 2886/78/599 2900/85/613 2901/87/614
f 2879/80/592 2909/88/622 2894/89/607
f 2955/90/668 2893/77/606 2908/86/621
f 2886/78/599 2902/91/615 2887/82/600
f 2880/67/593 2894/89/607 2895/92/608
f 2887/82/600 2903/93/616 2888/83/601
f 2881/68/594 2895/92/608 2896/94/609
f 2888/83/601 2904/95/617 2889/69/602
f 2882/70/595 2896/94/609 2897/96/610
f 2889/69/602 2905/97/618 2890/71/603
f 2883/72/596 2897/96/610 2898/98/611
f 2890/71/603 2906/99/619 2891/73/604
f 2884/74/597 2898/98/611 2899/84/612
f 2891/73/604 2907/100/620 2892/75/605
f 2903/93/616 2920/101/633 2904/95/617
f 2897/96/610 2912/102/625 2913/103/626
f 2904/95/617 2921/104/634 2905/97/618
f 2898/98/611 2913/103/626 2914/105/627
f 2905/97/618 2922/106/635 2906/99/619
f 2899/84/612 2914/105/627 2915/107/628
f 2906/99/619 2923/108/636 2907/100/620
f 2900/85/613 2915/107/628 2916/109/629
f 2907/100/620 2924/110/637 2908/86/621
f 2901/87/614 2916/109/629 2917/111/630
f 2894/89/607 2909/112/622 2910/113/623
f 2955/114/668 2908/86/621 2924/110/637
f 2901/87/614 2918/115/631 2902/91/615
f 2895/92/608 2910/113/623 2911/116/624
f 2902/91/615 2919/117/632 2903/93/616
f 2896/94/609 2911/116/624 2912/102/625
f 2923/108/636 2939/118/652 2924/110/637
f 2917/111/630 2931/119/644 2932/120/645
f 2910/113/623 2909/121/622 2925/122/638
f 2955/123/668 2924/110/637 2939/118/652
f 2917/111/630 2933/124/646 2918/115/631
f 2911/116/624 2925/122/638 2926/125/639
f 2918/115/631 2934/126/647 2919/117/632
f 2912/102/625 2926/125/639 2927/127/640
f 2919/117/632 2935/128/648 2920/101/633
f 2913/103/626 2927/127/640 2928/129/641
f 2920/101/633 2936/130/649 2921/104/634
f 2914/105/627 2928/129/641 2929/131/642
f 2921/104/634 2937/132/798 2922/106/635
f 2915/107/628 2929/131/642 2930/133/643
f 2922/106/635 2938/134/651 2923/108/636
f 2916/109/629 2930/133/643 2931/119/644
f 2928/129/641 2942/135/655 2943/136/656
f 2935/128/648 2951/137/664 2936/130/649
f 2929/131/642 2943/136/656 2944/138/657
f 2936/130/649 2952/139/665 2937/132/798
f 2930/133/643 2944/138/657 2945/140/658
f 2937/132/798 2953/141/666 2938/134/651
f 2931/119/644 2945/140/658 2946/142/659
f 2938/134/651 2954/143/667 2939/118/652
f 2932/120/645 2946/142/659 2947/144/660
f 2925/122/638 2909/145/622 2940/146/799
f 2955/147/668 2939/118/652 2954/143/667
f 2932/120/645 2948/148/661 2933/124/646
f 2926/125/639 2940/146/799 2941/149/654
f 2933/124/646 2949/150/662 2934/126/647
f 2927/127/640 2941/149/654 2942/135/655
f 2934/126/647 2950/151/663 2935/128/648
f 2968/152/681 2982/153/695 2983/154/696
f 2960/155/673 2976/156/689 2961/157/674
f 2969/158/682 2983/154/696 2984/159/697
f 2961/157/674 2977/160/690 2962/161/675
f 2970/162/683 2984/159/697 2985/163/698
f 2962/161/675 2978/164/691 2963/165/676
f 2956/166/669 2909/167/622 2971/168/684
f 2955/169/668 2970/162/683 2985/163/698
f 2964/170/677 2978/164/691 2979/171/692
f 2956/166/669 2972/172/685 2957/173/670
f 2965/174/678 2979/171/692 2980/175/693
f 2957/173/670 2973/176/810 2958/177/671
f 2966/178/679 2980/175/693 2981/179/694
f 2958/177/671 2974/180/687 2959/181/672
f 2967/182/680 2981/179/694 2982/153/695
f 2959/181/672 2975/183/688 2960/155/673
f 2971/168/684 2987/184/700 2972/172/685
f 2980/175/693 2994/185/707 2995/186/708
f 2972/172/685 2988/187/701 2973/176/810
f 2981/179/694 2995/186/708 2996/188/709
f 2973/176/810 2989/189/702 2974/180/687
f 2982/153/695 2996/188/709 2997/190/710
f 2974/180/687 2990/191/703 2975/183/688
f 2983/154/696 2997/190/710 2998/192/711
f 2975/183/688 2991/193/704 2976/156/689
f 2984/159/697 2998/192/711 2999/194/712
f 2976/156/689 2992/195/705 2977/160/690
f 2985/163/698 2999/194/712 3000/196/713
f 2977/160/690 2993/197/706 2978/164/691
f 2971/168/684 2909/198/622 2986/199/699
f 2955/200/668 2985/163/698 3000/196/713
f 2979/171/692 2993/197/706 2994/185/707
f 2990/191/703 3006/201/719 2991/193/704
f 2999/194/712 3013/202/726 3014/203/727
f 2991/193/704 3007/204/720 2992/195/705
f 3000/196/713 3014/203/727 3015/205/728
f 2992/195/705 3008/206/721 2993/197/706
f 2986/199/699 2909/207/622 3001/208/714
f 2955/209/668 3000/196/713 3015/205/728
f 2994/185/707 3008/206/721 3009/210/722
f 2986/199/699 3002/211/808 2987/184/700
f 2995/186/708 3009/210/722 3010/212/723
f 2987/184/700 3003/213/716 2988/187/701
f 2996/188/709 3010/212/723 3011/214/724
f 2988/187/701 3004/215/717 2989/189/702
f 2997/190/710 3011/214/724 3012/216/725
f 2989/189/702 3005/217/718 2990/191/703
f 2998/192/711 3012/216/725 3013/202/726
f 3010/212/723 3024/218/737 3025/219/738
f 3002/211/808 3018/220/731 3003/213/716
f 3011/214/724 3025/219/738 3026/221/739
f 3003/213/716 3019/222/732 3004/215/717
f 3012/216/725 3026/221/739 3027/223/740
f 3004/215/717 3020/224/733 3005/217/718
f 3013/202/726 3027/223/740 3028/225/741
f 3005/217/718 3021/226/734 3006/201/719
f 3014/203/727 3028/225/741 3029/227/742
f 3006/201/719 3022/228/735 3007/204/720
f 3015/205/728 3029/227/742 3030/229/743
f 3007/204/720 3023/230/736 3008/206/721
f 3001/208/714 2909/231/622 3016/232/729
f 2955/233/668 3015/205/728 3030/229/743
f 3009/210/722 3023/230/736 3024/218/737
f 3001/208/714 3017/234/730 3002/211/808
f 3029/227/742 3043/235/756 3044/236/757
f 3021/226/734 3037/237/750 3022/228/735
f 3030/229/743 3044/236/757 3045/238/758
f 3022/228/735 3038/239/751 3023/230/736
f 3016/232/729 2909/240/622 3031/241/744
f 2955/242/668 3030/229/743 3045/238/758
f 3024/218/737 3038/239/751 3039/243/752
f 3016/232/729 3032/244/745 3017/234/730
f 3025/219/738 3039/243/752 3040/245/753
f 3017/234/730 3033/246/746 3018/220/731
f 3026/221/739 3040/245/753 3041/247/754
f 3018/220/731 3034/248/747 3019/222/732
f 3027/223/740 3041/247/754 3042/249/755
f 3019/222/732 3035/250/748 3020/224/733
f 3028/225/741 3042/249/755 3043/235/756
f 3020/224/733 3036/251/749 3021/226/734
f 3041/247/754 3055/252/768 3056/253/769
f 3033/246/746 3049/254/762 3034/248/747
f 3042/249/755 3056/253/769 3057/255/770
f 3034/248/747 3050/256/763 3035/250/748
f 3043/235/756 3057/255/770 3058/257/771
f 3035/250/748 3051/258/764 3036/251/749
f 3044/236/757 3058/257/771 3059/259/772
f 3036/251/749 3052/260/765 3037/237/750
f 3045/238/758 3059/259/772 3060/261/773
f 3037/237/750 3053/262/766 3038/239/751
f 3031/241/744 2909/263/622 3046/264/759
f 2955/265/668 3045/238/758 3060/261/773
f 3039/243/752 3053/262/766 3054/266/767
f 3031/241/744 3047/267/760 3032/244/745
f 3040/245/753 3054/266/767 3055/252/768
f 3032/244/745 3048/268/761 3033/246/746
f 3060/261/773 3074/269/787 3075/270/788
f 3052/260/765 3068/271/781 3053/262/766
f 3046/264/759 2909/272/622 3061/273/774
f 2955/274/668 3060/261/773 3075/270/788
f 3054/266/767 3068/271/781 3069/275/782
f 3046/264/759 3062/276/775 3047/267/760
f 3055/252/768 3069/275/782 3070/277/783
f 3047/267/760 3063/278/776 3048/268/761
f 3056/253/769 3070/277/783 3071/279/784
f 3048/268/761 3064/280/777 3049/254/762
f 3057/255/770 3071/279/784 3072/281/785
f 3049/254/762 3065/282/778 3050/256/763
f 3058/257/771 3072/281/785 3073/283/786
f 3050/256/763 3066/284/779 3051/258/764
f 3059/259/772 3073/283/786 3074/269/787
f 3051/258/764 3067/285/780 3052/260/765
f 3063/278/776 3078/4/791 3064/280/777
f 3072/281/785 2833/3/546 3081/8/794
f 3064/280/777 2829/9/542 3065/282/778
f 3073/283/786 3081/8/794 3082/12/795
f 3065/282/778 3079/13/792 3066/284/779
f 3074/269/787 3082/12/795 3083/16/796
f 3066/284/779 2830/17/809 3067/285/780
f 3075/270/788 3083/16/796 3084/20/797
f 3067/285/780 2831/21/544 3068/271/781
f 3061/273/774 2909/286/622 3076/23/789
f 2955/287/668 3075/270/788 3084/20/797
f 3069/275/782 2831/21/544 2832/28/803
f 3061/273/774 3077/29/790 3062/276/775
f 3070/277/783 2832/28/803 3080/1/793
f 3062/276/775 2828/32/541 3063/278/776
f 3071/279/784 3080/1/793 2833/3/546
f 3337/1/1063 3101/2/827 3090/3/816
f 3335/4/1061 3093/5/819 3094/6/820
f 3090/3/816 3102/7/828 3338/8/1064
f 3086/9/812 3094/6/820 3095/10/821
f 3338/8/1064 3103/11/829 3339/12/1065
f 3336/13/1062 3095/10/821 3096/14/822
f 3339/12/1065 3104/15/830 3340/16/1066
f 3087/17/813 3096/14/822 3097/18/823
f 3340/16/1066 3105/19/831 3341/20/1067
f 3088/21/814 3097/18/823 3098/22/824
f 3333/23/1059 3166/24/892 3091/25/817
f 3212/26/938 3341/20/1067 3105/19/831
f 3088/21/814 3099/27/825 3089/28/815
f 3334/29/1060 3091/25/817 3092/30/818
f 3089/28/815 3100/31/826 3337/1/1063
f 3085/32/811 3092/30/818 3093/5/819
f 3099/27/825 3115/33/841 3100/31/826
f 3093/5/819 3107/34/833 3108/35/834
f 3100/31/826 3116/36/842 3101/2/827
f 3094/6/820 3108/35/834 3109/37/835
f 3101/2/827 3117/38/843 3102/7/828
f 3095/10/821 3109/37/835 3110/39/836
f 3102/7/828 3118/40/844 3103/11/829
f 3096/14/822 3110/39/836 3111/41/837
f 3103/11/829 3119/42/845 3104/15/830
f 3097/18/823 3111/41/837 3112/43/838
f 3104/15/830 3120/44/846 3105/19/831
f 3098/22/824 3112/43/838 3113/45/839
f 3091/25/817 3166/46/892 3106/47/832
f 3212/48/938 3105/19/831 3120/44/846
f 3098/22/824 3114/49/840 3099/27/825
f 3092/30/818 3106/47/832 3107/34/833
f 3118/40/844 3134/50/860 3119/42/845
f 3112/43/838 3126/51/852 3127/52/853
f 3119/42/845 3135/53/861 3120/44/846
f 3113/45/839 3127/52/853 3128/54/854
f 3106/47/832 3166/55/892 3121/56/847
f 3212/57/938 3120/44/846 3135/53/861
f 3113/45/839 3129/58/855 3114/49/840
f 3107/34/833 3121/56/847 3122/59/848
f 3114/49/840 3130/60/856 3115/33/841
f 3108/35/834 3122/59/848 3123/61/849
f 3115/33/841 3131/62/857 3116/36/842
f 3109/37/835 3123/61/849 3124/63/850
f 3116/36/842 3132/64/858 3117/38/843
f 3110/39/836 3124/63/850 3125/65/851
f 3117/38/843 3133/66/859 3118/40/844
f 3111/41/837 3125/65/851 3126/51/852
f 3123/61/849 3137/67/863 3138/68/864
f 3130/60/856 3146/69/872 3131/62/857
f 3124/63/850 3138/68/864 3139/70/865
f 3131/62/857 3147/71/873 3132/64/858
f 3125/65/851 3139/70/865 3140/72/866
f 3132/64/858 3148/73/874 3133/66/859
f 3126/51/852 3140/72/866 3141/74/867
f 3133/66/859 3149/75/875 3134/50/860
f 3127/52/853 3141/74/867 3142/76/868
f 3134/50/860 3150/77/876 3135/53/861
f 3128/54/854 3142/76/868 3143/78/869
f 3121/56/847 3166/79/892 3136/80/862
f 3212/81/938 3135/53/861 3150/77/876
f 3128/54/854 3144/82/870 3129/58/855
f 3122/59/848 3136/80/862 3137/67/863
f 3129/58/855 3145/83/871 3130/60/856
f 3142/76/868 3156/84/882 3157/85/883
f 3149/75/875 3165/86/891 3150/77/876
f 3143/78/869 3157/85/883 3158/87/884
f 3136/80/862 3166/88/892 3151/89/877
f 3212/90/938 3150/77/876 3165/86/891
f 3143/78/869 3159/91/885 3144/82/870
f 3137/67/863 3151/89/877 3152/92/878
f 3144/82/870 3160/93/886 3145/83/871
f 3138/68/864 3152/92/878 3153/94/879
f 3145/83/871 3161/95/887 3146/69/872
f 3139/70/865 3153/94/879 3154/96/880
f 3146/69/872 3162/97/888 3147/71/873
f 3140/72/866 3154/96/880 3155/98/881
f 3147/71/873 3163/99/889 3148/73/874
f 3141/74/867 3155/98/881 3156/84/882
f 3148/73/874 3164/100/890 3149/75/875
f 3160/93/886 3177/101/903 3161/95/887
f 3154/96/880 3169/102/895 3170/103/896
f 3161/95/887 3178/104/904 3162/97/888
f 3155/98/881 3170/103/896 3171/105/897
f 3162/97/888 3179/106/905 3163/99/889
f 3156/84/882 3171/105/897 3172/107/898
f 3163/99/889 3180/108/906 3164/100/890
f 3157/85/883 3172/107/898 3173/109/899
f 3164/100/890 3181/110/907 3165/86/891
f 3158/87/884 3173/109/899 3174/111/900
f 3151/89/877 3166/112/892 3167/113/893
f 3212/114/938 3165/86/891 3181/110/907
f 3158/87/884 3175/115/901 3159/91/885
f 3152/92/878 3167/113/893 3168/116/894
f 3159/91/885 3176/117/902 3160/93/886
f 3153/94/879 3168/116/894 3169/102/895
f 3180/108/906 3196/118/922 3181/110/907
f 3174/111/900 3188/119/914 3189/120/915
f 3167/113/893 3166/121/892 3182/122/908
f 3212/123/938 3181/110/907 3196/118/922
f 3174/111/900 3190/124/916 3175/115/901
f 3168/116/894 3182/122/908 3183/125/909
f 3175/115/901 3191/126/917 3176/117/902
f 3169/102/895 3183/125/909 3184/127/910
f 3176/117/902 3192/128/918 3177/101/903
f 3170/103/896 3184/127/910 3185/129/911
f 3177/101/903 3193/130/919 3178/104/904
f 3171/105/897 3185/129/911 3186/131/912
f 3178/104/904 3194/132/920 3179/106/905
f 3172/107/898 3186/131/912 3187/133/913
f 3179/106/905 3195/134/921 3180/108/906
f 3173/109/899 3187/133/913 3188/119/914
f 3185/129/911 3199/135/925 3200/136/926
f 3192/128/918 3208/137/934 3193/130/919
f 3186/131/912 3200/136/926 3201/138/927
f 3193/130/919 3209/139/935 3194/132/920
f 3187/133/913 3201/138/927 3202/140/928
f 3194/132/920 3210/141/936 3195/134/921
f 3188/119/914 3202/140/928 3203/142/929
f 3195/134/921 3211/143/937 3196/118/922
f 3189/120/915 3203/142/929 3204/144/930
f 3182/122/908 3166/145/892 3197/146/923
f 3212/147/938 3196/118/922 3211/143/937
f 3189/120/915 3205/148/931 3190/124/916
f 3183/125/909 3197/146/923 3198/149/924
f 3190/124/916 3206/150/932 3191/126/917
f 3184/127/910 3198/149/924 3199/135/925
f 3191/126/917 3207/151/933 3192/128/918
f 3225/152/951 3239/153/965 3240/154/966
f 3217/155/943 3233/156/959 3218/157/944
f 3226/158/952 3240/154/966 3241/159/967
f 3218/157/944 3234/160/960 3219/161/945
f 3227/162/953 3241/159/967 3242/163/968
f 3219/161/945 3235/164/961 3220/165/946
f 3213/166/939 3166/167/892 3228/168/954
f 3212/169/938 3227/162/953 3242/163/968
f 3221/170/947 3235/164/961 3236/171/962
f 3213/166/939 3229/172/955 3214/173/940
f 3222/174/948 3236/171/962 3237/175/963
f 3214/173/940 3230/176/956 3215/177/941
f 3223/178/949 3237/175/963 3238/179/964
f 3215/177/941 3231/180/957 3216/181/942
f 3224/182/950 3238/179/964 3239/153/965
f 3216/181/942 3232/183/958 3217/155/943
f 3228/168/954 3244/184/970 3229/172/955
f 3237/175/963 3251/185/977 3252/186/978
f 3229/172/955 3245/187/971 3230/176/956
f 3238/179/964 3252/186/978 3253/188/979
f 3230/176/956 3246/189/972 3231/180/957
f 3239/153/965 3253/188/979 3254/190/980
f 3231/180/957 3247/191/973 3232/183/958
f 3240/154/966 3254/190/980 3255/192/981
f 3232/183/958 3248/193/974 3233/156/959
f 3241/159/967 3255/192/981 3256/194/982
f 3233/156/959 3249/195/975 3234/160/960
f 3242/163/968 3256/194/982 3257/196/983
f 3234/160/960 3250/197/976 3235/164/961
f 3228/168/954 3166/198/892 3243/199/969
f 3212/200/938 3242/163/968 3257/196/983
f 3236/171/962 3250/197/976 3251/185/977
f 3247/191/973 3263/201/989 3248/193/974
f 3256/194/982 3270/202/996 3271/203/997
f 3248/193/974 3264/204/990 3249/195/975
f 3257/196/983 3271/203/997 3272/205/998
f 3249/195/975 3265/206/991 3250/197/976
f 3243/199/969 3166/207/892 3258/208/984
f 3212/209/938 3257/196/983 3272/205/998
f 3251/185/977 3265/206/991 3266/210/992
f 3243/199/969 3259/211/985 3244/184/970
f 3252/186/978 3266/210/992 3267/212/993
f 3244/184/970 3260/213/986 3245/187/971
f 3253/188/979 3267/212/993 3268/214/994
f 3245/187/971 3261/215/987 3246/189/972
f 3254/190/980 3268/214/994 3269/216/995
f 3246/189/972 3262/217/988 3247/191/973
f 3255/192/981 3269/216/995 3270/202/996
f 3267/212/993 3281/218/1007 3282/219/1008
f 3259/211/985 3275/220/1001 3260/213/986
f 3268/214/994 3282/219/1008 3283/221/1009
f 3260/213/986 3276/222/1002 3261/215/987
f 3269/216/995 3283/221/1009 3284/223/1010
f 3261/215/987 3277/224/1003 3262/217/988
f 3270/202/996 3284/223/1010 3285/225/1011
f 3262/217/988 3278/226/1004 3263/201/989
f 3271/203/997 3285/225/1011 3286/227/1012
f 3263/201/989 3279/228/1005 3264/204/990
f 3272/205/998 3286/227/1012 3287/229/1013
f 3264/204/990 3280/230/1006 3265/206/991
f 3258/208/984 3166/231/892 3273/232/999
f 3212/233/938 3272/205/998 3287/229/1013
f 3266/210/992 3280/230/1006 3281/218/1007
f 3258/208/984 3274/234/1000 3259/211/985
f 3286/227/1012 3300/235/1026 3301/236/1027
f 3278/226/1004 3294/237/1020 3279/228/1005
f 3287/229/1013 3301/236/1027 3302/238/1028
f 3279/228/1005 3295/239/1021 3280/230/1006
f 3273/232/999 3166/240/892 3288/241/1014
f 3212/242/938 3287/229/1013 3302/238/1028
f 3281/218/1007 3295/239/1021 3296/243/1022
f 3273/232/999 3289/244/1015 3274/234/1000
f 3282/219/1008 3296/243/1022 3297/245/1023
f 3274/234/1000 3290/246/1016 3275/220/1001
f 3283/221/1009 3297/245/1023 3298/247/1024
f 3275/220/1001 3291/248/1017 3276/222/1002
f 3284/223/1010 3298/247/1024 3299/249/1025
f 3276/222/1002 3292/250/1018 3277/224/1003
f 3285/225/1011 3299/249/1025 3300/235/1026
f 3277/224/1003 3293/251/1019 3278/226/1004
f 3298/247/1024 3312/252/1038 3313/253/1039
f 3290/246/1016 3306/254/1032 3291/248/1017
f 3299/249/1025 3313/253/1039 3314/255/1040
f 3291/248/1017 3307/256/1033 3292/250/1018
f 3300/235/1026 3314/255/1040 3315/257/1041
f 3292/250/1018 3308/258/1034 3293/251/1019
f 3301/236/1027 3315/257/1041 3316/259/1042
f 3293/251/1019 3309/260/1035 3294/237/1020
f 3302/238/1028 3316/259/1042 3317/261/1043
f 3294/237/1020 3310/262/1036 3295/239/1021
f 3288/241/1014 3166/263/892 3303/264/1029
f 3212/265/938 3302/238/1028 3317/261/1043
f 3296/243/1022 3310/262/1036 3311/266/1037
f 3288/241/1014 3304/267/1030 3289/244/1015
f 3297/245/1023 3311/266/1037 3312/252/1038
f 3289/244/1015 3305/268/1031 3290/246/1016
f 3317/261/1043 3331/269/1057 3332/270/1058
f 3309/260/1035 3325/271/1051 3310/262/1036
f 3303/264/1029 3166/272/892 3318/273/1044
f 3212/274/938 3317/261/1043 3332/270/1058
f 3311/266/1037 3325/271/1051 3326/275/1052
f 3303/264/1029 3319/276/1045 3304/267/1030
f 3312/252/1038 3326/275/1052 3327/277/1053
f 3304/267/1030 3320/278/1046 3305/268/1031
f 3313/253/1039 3327/277/1053 3328/279/1054
f 3305/268/1031 3321/280/1047 3306/254/1032
f 3314/255/1040 3328/279/1054 3329/281/1055
f 3306/254/1032 3322/282/1048 3307/256/1033
f 3315/257/1041 3329/281/1055 3330/283/1056
f 3307/256/1033 3323/284/1049 3308/258/1034
f 3316/259/1042 3330/283/1056 3331/269/1057
f 3308/258/1034 3324/285/1050 3309/260/1035
f 3320/278/1046 3335/4/1061 3321/280/1047
f 3329/281/1055 3090/3/816 3338/8/1064
f 3321/280/1047 3086/9/812 3322/282/1048
f 3330/283/1056 3338/8/1064 3339/12/1065
f 3322/282/1048 3336/13/1062 3323/284/1049
f 3331/269/1057 3339/12/1065 3340/16/1066
f 3323/284/1049 3087/17/813 3324/285/1050
f 3332/270/1058 3340/16/1066 3341/20/1067
f 3324/285/1050 3088/21/814 3325/271/1051
f 3318/273/1044 3166/286/892 3333/23/1059
f 3212/287/938 3332/270/1058 3341/20/1067
f 3326/275/1052 3088/21/814 3089/28/815
f 3318/273/1044 3334/29/1060 3319/276/1045
f 3327/277/1053 3089/28/815 3337/1/1063
f 3319/276/1045 3085/32/811 3320/278/1046
f 3328/279/1054 3337/1/1063 3090/3/816
f 3594/1/1063 3358/2/827 3347/3/816
f 3592/4/1061 3350/5/819 3351/6/820
f 3347/3/816 3359/7/828 3595/8/1064
f 3343/9/812 3351/6/820 3352/10/821
f 3595/8/1064 3360/11/829 3596/12/1065
f 3593/13/1062 3352/10/821 3353/14/822
f 3596/12/1065 3361/15/830 3597/16/1066
f 3344/17/813 3353/14/822 3354/18/823
f 3597/16/1066 3362/19/831 3598/20/1067
f 3345/21/814 3354/18/823 3355/22/824
f 3590/23/1059 3423/24/892 3348/25/817
f 3469/26/938 3598/20/1067 3362/19/831
f 3345/21/814 3356/27/825 3346/28/815
f 3591/29/1060 3348/25/817 3349/30/818
f 3346/28/815 3357/31/826 3594/1/1063
f 3342/32/811 3349/30/818 3350/5/819
f 3356/27/825 3372/33/841 3357/31/826
f 3350/5/819 3364/34/833 3365/35/834
f 3357/31/826 3373/36/842 3358/2/827
f 3351/6/820 3365/35/834 3366/37/835
f 3358/2/827 3374/38/843 3359/7/828
f 3352/10/821 3366/37/835 3367/39/836
f 3359/7/828 3375/40/844 3360/11/829
f 3353/14/822 3367/39/836 3368/41/837
f 3360/11/829 3376/42/845 3361/15/830
f 3354/18/823 3368/41/837 3369/43/838
f 3361/15/830 3377/44/846 3362/19/831
f 3355/22/824 3369/43/838 3370/45/839
f 3348/25/817 3423/46/892 3363/47/832
f 3469/48/938 3362/19/831 3377/44/846
f 3355/22/824 3371/49/840 3356/27/825
f 3349/30/818 3363/47/832 3364/34/833
f 3375/40/844 3391/50/860 3376/42/845
f 3369/43/838 3383/51/852 3384/52/853
f 3376/42/845 3392/53/861 3377/44/846
f 3370/45/839 3384/52/853 3385/54/854
f 3363/47/832 3423/55/892 3378/56/847
f 3469/57/938 3377/44/846 3392/53/861
f 3370/45/839 3386/58/855 3371/49/840
f 3364/34/833 3378/56/847 3379/59/848
f 3371/49/840 3387/60/856 3372/33/841
f 3365/35/834 3379/59/848 3380/61/849
f 3372/33/841 3388/62/857 3373/36/842
f 3366/37/835 3380/61/849 3381/63/850
f 3373/36/842 3389/64/858 3374/38/843
f 3367/39/836 3381/63/850 3382/65/851
f 3374/38/843 3390/66/859 3375/40/844
f 3368/41/837 3382/65/851 3383/51/852
f 3380/61/849 3394/67/863 3395/68/864
f 3387/60/856 3403/69/872 3388/62/857
f 3381/63/850 3395/68/864 3396/70/865
f 3388/62/857 3404/71/873 3389/64/858
f 3382/65/851 3396/70/865 3397/72/866
f 3389/64/858 3405/73/874 3390/66/859
f 3383/51/852 3397/72/866 3398/74/867
f 3390/66/859 3406/75/875 3391/50/860
f 3384/52/853 3398/74/867 3399/76/868
f 3391/50/860 3407/77/876 3392/53/861
f 3385/54/854 3399/76/868 3400/78/869
f 3378/56/847 3423/79/892 3393/80/862
f 3469/81/938 3392/53/861 3407/77/876
f 3385/54/854 3401/82/870 3386/58/855
f 3379/59/848 3393/80/862 3394/67/863
f 3386/58/855 3402/83/871 3387/60/856
f 3399/76/868 3413/84/882 3414/85/883
f 3406/75/875 3422/86/891 3407/77/876
f 3400/78/869 3414/85/883 3415/87/884
f 3393/80/862 3423/88/892 3408/89/877
f 3469/90/938 3407/77/876 3422/86/891
f 3400/78/869 3416/91/885 3401/82/870
f 3394/67/863 3408/89/877 3409/92/1068
f 3401/82/870 3417/93/886 3402/83/871
f 3395/68/864 3409/92/1068 3410/94/879
f 3402/83/871 3418/95/887 3403/69/872
f 3396/70/865 3410/94/879 3411/96/880
f 3403/69/872 3419/97/888 3404/71/873
f 3397/72/866 3411/96/880 3412/98/881
f 3404/71/873 3420/99/889 3405/73/874
f 3398/74/867 3412/98/881 3413/84/882
f 3405/73/874 3421/100/1069 3406/75/875
f 3417/93/886 3434/101/903 3418/95/887
f 3411/96/880 3426/102/895 3427/103/896
f 3418/95/887 3435/104/904 3419/97/888
f 3412/98/881 3427/103/896 3428/105/897
f 3419/97/888 3436/106/905 3420/99/889
f 3413/84/882 3428/105/897 3429/107/898
f 3420/99/889 3437/108/906 3421/100/1069
f 3414/85/883 3429/107/898 3430/109/899
f 3421/100/1069 3438/110/907 3422/86/891
f 3415/87/884 3430/109/899 3431/111/900
f 3408/89/877 3423/112/892 3424/113/893
f 3469/114/938 3422/86/891 3438/110/907
f 3415/87/884 3432/115/901 3416/91/885
f 3409/92/1068 3424/113/893 3425/116/894
f 3416/91/885 3433/117/902 3417/93/886
f 3410/94/879 3425/116/894 3426/102/895
f 3437/108/906 3453/118/922 3438/110/907
f 3431/111/900 3445/119/914 3446/120/915
f 3424/113/893 3423/121/892 3439/122/908
f 3469/123/938 3438/110/907 3453/118/922
f 3431/111/900 3447/124/916 3432/115/901
f 3425/116/894 3439/122/908 3440/125/909
f 3432/115/901 3448/126/917 3433/117/902
f 3426/102/895 3440/125/909 3441/127/910
f 3433/117/902 3449/128/918 3434/101/903
f 3427/103/896 3441/127/910 3442/129/911
f 3434/101/903 3450/130/919 3435/104/904
f 3428/105/897 3442/129/911 3443/131/912
f 3435/104/904 3451/132/920 3436/106/905
f 3429/107/898 3443/131/912 3444/133/913
f 3436/106/905 3452/134/921 3437/108/906
f 3430/109/899 3444/133/913 3445/119/914
f 3442/129/911 3456/135/925 3457/136/926
f 3449/128/918 3465/137/934 3450/130/919
f 3443/131/912 3457/136/926 3458/138/927
f 3450/130/919 3466/139/935 3451/132/920
f 3444/133/913 3458/138/927 3459/140/928
f 3451/132/920 3467/141/936 3452/134/921
f 3445/119/914 3459/140/928 3460/142/1070
f 3452/134/921 3468/143/937 3453/118/922
f 3446/120/915 3460/142/1070 3461/144/930
f 3439/122/908 3423/145/892 3454/146/923
f 3469/147/938 3453/118/922 3468/143/937
f 3446/120/915 3462/148/931 3447/124/916
f 3440/125/909 3454/146/923 3455/149/924
f 3447/124/916 3463/150/932 3448/126/917
f 3441/127/910 3455/149/924 3456/135/925
f 3448/126/917 3464/151/933 3449/128/918
f 3482/152/951 3496/153/965 3497/154/966
f 3474/155/943 3490/156/959 3475/157/944
f 3483/158/952 3497/154/966 3498/159/967
f 3475/157/944 3491/160/960 3476/161/1071
f 3484/162/953 3498/159/967 3499/163/968
f 3476/161/1071 3492/164/961 3477/165/946
f 3470/166/939 3423/167/892 3485/168/954
f 3469/169/938 3484/162/953 3499/163/968
f 3478/170/1072 3492/164/961 3493/171/962
f 3470/166/939 3486/172/955 3471/173/940
f 3479/174/948 3493/171/962 3494/175/963
f 3471/173/940 3487/176/956 3472/177/941
f 3480/178/949 3494/175/963 3495/179/964
f 3472/177/941 3488/180/957 3473/181/942
f 3481/182/950 3495/179/964 3496/153/965
f 3473/181/942 3489/183/958 3474/155/943
f 3485/168/954 3501/184/970 3486/172/955
f 3494/175/963 3508/185/977 3509/186/978
f 3486/172/955 3502/187/971 3487/176/956
f 3495/179/964 3509/186/978 3510/188/979
f 3487/176/956 3503/189/972 3488/180/957
f 3496/153/965 3510/188/979 3511/190/980
f 3488/180/957 3504/191/973 3489/183/958
f 3497/154/966 3511/190/980 3512/192/981
f 3489/183/958 3505/193/974 3490/156/959
f 3498/159/967 3512/192/981 3513/194/982
f 3490/156/959 3506/195/975 3491/160/960
f 3499/163/968 3513/194/982 3514/196/983
f 3491/160/960 3507/197/976 3492/164/961
f 3485/168/954 3423/198/892 3500/199/969
f 3469/200/938 3499/163/968 3514/196/983
f 3493/171/962 3507/197/976 3508/185/977
f 3504/191/973 3520/201/989 3505/193/974
f 3513/194/982 3527/202/996 3528/203/997
f 3505/193/974 3521/204/990 3506/195/975
f 3514/196/983 3528/203/997 3529/205/998
f 3506/195/975 3522/206/991 3507/197/976
f 3500/199/969 3423/207/892 3515/208/984
f 3469/209/938 3514/196/983 3529/205/998
f 3508/185/977 3522/206/991 3523/210/992
f 3500/199/969 3516/211/985 3501/184/970
f 3509/186/978 3523/210/992 3524/212/993
f 3501/184/970 3517/213/986 3502/187/971
f 3510/188/979 3524/212/993 3525/214/994
f 3502/187/971 3518/215/987 3503/189/972
f 3511/190/980 3525/214/994 3526/216/995
f 3503/189/972 3519/217/988 3504/191/973
f 3512/192/981 3526/216/995 3527/202/996
f 3524/212/993 3538/218/1007 3539/219/1008
f 3516/211/985 3532/220/1001 3517/213/986
f 3525/214/994 3539/219/1008 3540/221/1009
f 3517/213/986 3533/222/1002 3518/215/987
f 3526/216/995 3540/221/1009 3541/223/1010
f 3518/215/987 3534/224/1003 3519/217/988
f 3527/202/996 3541/223/1010 3542/225/1011
f 3519/217/988 3535/226/1004 3520/201/989
f 3528/203/997 3542/225/1011 3543/227/1012
f 3520/201/989 3536/228/1005 3521/204/990
f 3529/205/998 3543/227/1012 3544/229/1013
f 3521/204/990 3537/230/1006 3522/206/991
f 3515/208/984 3423/231/892 3530/232/999
f 3469/233/938 3529/205/998 3544/229/1013
f 3523/210/992 3537/230/1006 3538/218/1007
f 3515/208/984 3531/234/1000 3516/211/985
f 3543/227/1012 3557/235/1026 3558/236/1027
f 3535/226/1004 3551/237/1020 3536/228/1005
f 3544/229/1013 3558/236/1027 3559/238/1028
f 3536/228/1005 3552/239/1021 3537/230/1006
f 3530/232/999 3423/240/892 3545/241/1014
f 3469/242/938 3544/229/1013 3559/238/1028
f 3538/218/1007 3552/239/1021 3553/243/1022
f 3530/232/999 3546/244/1015 3531/234/1000
f 3539/219/1008 3553/243/1022 3554/245/1023
f 3531/234/1000 3547/246/1016 3532/220/1001
f 3540/221/1009 3554/245/1023 3555/247/1024
f 3532/220/1001 3548/248/1017 3533/222/1002
f 3541/223/1010 3555/247/1024 3556/249/1025
f 3533/222/1002 3549/250/1018 3534/224/1003
f 3542/225/1011 3556/249/1025 3557/235/1026
f 3534/224/1003 3550/251/1019 3535/226/1004
f 3555/247/1024 3569/252/1038 3570/253/1039
f 3547/246/1016 3563/254/1032 3548/248/1017
f 3556/249/1025 3570/253/1039 3571/255/1040
f 3548/248/1017 3564/256/1033 3549/250/1018
f 3557/235/1026 3571/255/1040 3572/257/1041
f 3549/250/1018 3565/258/1034 3550/251/1019
f 3558/236/1027 3572/257/1041 3573/259/1073
f 3550/251/1019 3566/260/1035 3551/237/1020
f 3559/238/1028 3573/259/1073 3574/261/1043
f 3551/237/1020 3567/262/1036 3552/239/1021
f 3545/241/1014 3423/263/892 3560/264/1029
f 3469/265/938 3559/238/1028 3574/261/1043
f 3553/243/1022 3567/262/1036 3568/266/1037
f 3545/241/1014 3561/267/1030 3546/244/1015
f 3554/245/1023 3568/266/1037 3569/252/1038
f 3546/244/1015 3562/268/1031 3547/246/1016
f 3574/261/1043 3588/269/1057 3589/270/1058
f 3566/260/1035 3582/271/1051 3567/262/1036
f 3560/264/1029 3423/272/892 3575/273/1044
f 3469/274/938 3574/261/1043 3589/270/1058
f 3568/266/1037 3582/271/1051 3583/275/1052
f 3560/264/1029 3576/276/1045 3561/267/1030
f 3569/252/1038 3583/275/1052 3584/277/1053
f 3561/267/1030 3577/278/1046 3562/268/1031
f 3570/253/1039 3584/277/1053 3585/279/1054
f 3562/268/1031 3578/280/1047 3563/254/1032
f 3571/255/1040 3585/279/1054 3586/281/1055
f 3563/254/1032 3579/282/1048 3564/256/1033
f 3572/257/1041 3586/281/1055 3587/283/1056
f 3564/256/1033 3580/284/1049 3565/258/1034
f 3573/259/1073 3587/283/1056 3588/269/1057
f 3565/258/1034 3581/285/1050 3566/260/1035
f 3577/278/1046 3592/4/1061 3578/280/1047
f 3586/281/1055 3347/3/816 3595/8/1064
f 3578/280/1047 3343/9/812 3579/282/1048
f 3587/283/1056 3595/8/1064 3596/12/1065
f 3579/282/1048 3593/13/1062 3580/284/1049
f 3588/269/1057 3596/12/1065 3597/16/1066
f 3580/284/1049 3344/17/813 3581/285/1050
f 3589/270/1058 3597/16/1066 3598/20/1067
f 3581/285/1050 3345/21/814 3582/271/1051
f 3575/273/1044 3423/286/892 3590/23/1059
f 3469/287/938 3589/270/1058 3598/20/1067
f 3583/275/1052 3345/21/814 3346/28/815
f 3575/273/1044 3591/29/1060 3576/276/1045
f 3584/277/1053 3346/28/815 3594/1/1063
f 3576/276/1045 3342/32/811 3577/278/1046
f 3585/279/1054 3594/1/1063 3347/3/816
f 3851/1/1063 3615/2/827 3604/3/816
f 3849/4/1061 3607/5/819 3608/6/820
f 3604/3/816 3616/7/828 3852/8/1064
f 3600/9/812 3608/6/820 3609/10/821
f 3852/8/1064 3617/11/829 3853/12/1065
f 3850/13/1062 3609/10/821 3610/14/822
f 3853/12/1065 3618/15/830 3854/16/1066
f 3601/17/813 3610/14/822 3611/18/823
f 3854/16/1066 3619/19/831 3855/20/1067
f 3602/21/814 3611/18/823 3612/22/824
f 3847/23/1059 3680/24/892 3605/25/817
f 3726/26/938 3855/20/1067 3619/19/831
f 3602/21/814 3613/27/825 3603/28/815
f 3848/29/1060 3605/25/817 3606/30/818
f 3603/28/815 3614/31/826 3851/1/1063
f 3599/32/811 3606/30/818 3607/5/819
f 3613/27/825 3629/33/841 3614/31/826
f 3607/5/819 3621/34/1074 3622/35/834
f 3614/31/826 3630/36/842 3615/2/827
f 3608/6/820 3622/35/834 3623/37/835
f 3615/2/827 3631/38/843 3616/7/828
f 3609/10/821 3623/37/835 3624/39/836
f 3616/7/828 3632/40/844 3617/11/829
f 3610/14/822 3624/39/836 3625/41/837
f 3617/11/829 3633/42/845 3618/15/830
f 3611/18/823 3625/41/837 3626/43/838
f 3618/15/830 3634/44/846 3619/19/831
f 3612/22/824 3626/43/838 3627/45/839
f 3605/25/817 3680/46/892 3620/47/832
f 3726/48/938 3619/19/831 3634/44/846
f 3612/22/824 3628/49/840 3613/27/825
f 3606/30/818 3620/47/832 3621/34/1074
f 3632/40/844 3648/50/860 3633/42/845
f 3626/43/838 3640/51/852 3641/52/853
f 3633/42/845 3649/53/861 3634/44/846
f 3627/45/839 3641/52/853 3642/54/854
f 3620/47/832 3680/55/892 3635/56/847
f 3726/57/938 3634/44/846 3649/53/861
f 3627/45/839 3643/58/855 3628/49/840
f 3621/34/1074 3635/56/847 3636/59/848
f 3628/49/840 3644/60/856 3629/33/841
f 3622/35/834 3636/59/848 3637/61/849
f 3629/33/841 3645/62/857 3630/36/842
f 3623/37/835 3637/61/849 3638/63/850
f 3630/36/842 3646/64/858 3631/38/843
f 3624/39/836 3638/63/850 3639/65/851
f 3631/38/843 3647/66/859 3632/40/844
f 3625/41/837 3639/65/851 3640/51/852
f 3637/61/849 3651/67/863 3652/68/864
f 3644/60/856 3660/69/872 3645/62/857
f 3638/63/850 3652/68/864 3653/70/865
f 3645/62/857 3661/71/873 3646/64/858
f 3639/65/851 3653/70/865 3654/72/866
f 3646/64/858 3662/73/874 3647/66/859
f 3640/51/852 3654/72/866 3655/74/867
f 3647/66/859 3663/75/875 3648/50/860
f 3641/52/853 3655/74/867 3656/76/868
f 3648/50/860 3664/77/876 3649/53/861
f 3642/54/854 3656/76/868 3657/78/869
f 3635/56/847 3680/79/892 3650/80/862
f 3726/81/938 3649/53/861 3664/77/876
f 3642/54/854 3658/82/870 3643/58/855
f 3636/59/848 3650/80/862 3651/67/863
f 3643/58/855 3659/83/871 3644/60/856
f 3656/76/868 3670/84/882 3671/85/883
f 3663/75/875 3679/86/891 3664/77/876
f 3657/78/869 3671/85/883 3672/87/884
f 3650/80/862 3680/88/892 3665/89/877
f 3726/90/938 3664/77/876 3679/86/891
f 3657/78/869 3673/91/885 3658/82/870
f 3651/67/863 3665/89/877 3666/92/1068
f 3658/82/870 3674/93/886 3659/83/871
f 3652/68/864 3666/92/1068 3667/94/879
f 3659/83/871 3675/95/887 3660/69/872
f 3653/70/865 3667/94/879 3668/96/880
f 3660/69/872 3676/97/888 3661/71/873
f 3654/72/866 3668/96/880 3669/98/881
f 3661/71/873 3677/99/889 3662/73/874
f 3655/74/867 3669/98/881 3670/84/882
f 3662/73/874 3678/100/1069 3663/75/875
f 3674/93/886 3691/101/903 3675/95/887
f 3668/96/880 3683/102/895 3684/103/896
f 3675/95/887 3692/104/904 3676/97/888
f 3669/98/881 3684/103/896 3685/105/897
f 3676/97/888 3693/106/905 3677/99/889
f 3670/84/882 3685/105/897 3686/107/898
f 3677/99/889 3694/108/906 3678/100/1069
f 3671/85/883 3686/107/898 3687/109/899
f 3678/100/1069 3695/110/907 3679/86/891
f 3672/87/884 3687/109/899 3688/111/900
f 3665/89/877 3680/112/892 3681/113/893
f 3726/114/938 3679/86/891 3695/110/907
f 3672/87/884 3689/115/901 3673/91/885
f 3666/92/1068 3681/113/893 3682/116/894
f 3673/91/885 3690/117/902 3674/93/886
f 3667/94/879 3682/116/894 3683/102/895
f 3694/108/906 3710/118/922 3695/110/907
f 3688/111/900 3702/119/914 3703/120/915
f 3681/113/893 3680/121/892 3696/122/1075
f 3726/123/938 3695/110/907 3710/118/922
f 3688/111/900 3704/124/916 3689/115/901
f 3682/116/894 3696/122/1075 3697/125/909
f 3689/115/901 3705/126/917 3690/117/902
f 3683/102/895 3697/125/909 3698/127/910
f 3690/117/902 3706/128/918 3691/101/903
f 3684/103/896 3698/127/910 3699/129/911
f 3691/101/903 3707/130/919 3692/104/904
f 3685/105/897 3699/129/911 3700/131/912
f 3692/104/904 3708/132/920 3693/106/905
f 3686/107/898 3700/131/912 3701/133/913
f 3693/106/905 3709/134/921 3694/108/906
f 3687/109/899 3701/133/913 3702/119/914
f 3699/129/911 3713/135/925 3714/136/926
f 3706/128/918 3722/137/934 3707/130/919
f 3700/131/912 3714/136/926 3715/138/927
f 3707/130/919 3723/139/935 3708/132/920
f 3701/133/913 3715/138/927 3716/140/928
f 3708/132/920 3724/141/936 3709/134/921
f 3702/119/914 3716/140/928 3717/142/1070
f 3709/134/921 3725/143/937 3710/118/922
f 3703/120/915 3717/142/1070 3718/144/930
f 3696/122/1075 3680/145/892 3711/146/923
f 3726/147/938 3710/118/922 3725/143/937
f 3703/120/915 3719/148/931 3704/124/916
f 3697/125/909 3711/146/923 3712/149/924
f 3704/124/916 3720/150/932 3705/126/917
f 3698/127/910 3712/149/924 3713/135/925
f 3705/126/917 3721/151/933 3706/128/918
f 3739/152/951 3753/153/965 3754/154/1077
f 3731/155/943 3747/156/959 3732/157/944
f 3740/158/952 3754/154/1077 3755/159/967
f 3732/157/944 3748/160/960 3733/161/945
f 3741/162/953 3755/159/967 3756/163/968
f 3733/161/945 3749/164/961 3734/165/946
f 3727/166/939 3680/167/892 3742/168/954
f 3726/169/938 3741/162/953 3756/163/968
f 3735/170/947 3749/164/961 3750/171/962
f 3727/166/939 3743/172/955 3728/173/940
f 3736/174/948 3750/171/962 3751/175/963
f 3728/173/940 3744/176/1076 3729/177/941
f 3737/178/949 3751/175/963 3752/179/964
f 3729/177/941 3745/180/957 3730/181/942
f 3738/182/950 3752/179/964 3753/153/965
f 3730/181/942 3746/183/958 3731/155/943
f 3742/168/954 3758/184/970 3743/172/955
f 3751/175/963 3765/185/977 3766/186/978
f 3743/172/955 3759/187/971 3744/176/1076
f 3752/179/964 3766/186/978 3767/188/979
f 3744/176/1076 3760/189/972 3745/180/957
f 3753/153/965 3767/188/979 3768/190/980
f 3745/180/957 3761/191/973 3746/183/958
f 3754/154/1077 3768/190/980 3769/192/981
f 3746/183/958 3762/193/974 3747/156/959
f 3755/159/967 3769/192/981 3770/194/982
f 3747/156/959 3763/195/975 3748/160/960
f 3756/163/968 3770/194/982 3771/196/983
f 3748/160/960 3764/197/976 3749/164/961
f 3742/168/954 3680/198/892 3757/199/969
f 3726/200/938 3756/163/968 3771/196/983
f 3750/171/962 3764/197/976 3765/185/977
f 3761/191/973 3777/201/989 3762/193/974
f 3770/194/982 3784/202/996 3785/203/997
f 3762/193/974 3778/204/990 3763/195/975
f 3771/196/983 3785/203/997 3786/205/998
f 3763/195/975 3779/206/991 3764/197/976
f 3757/199/969 3680/207/892 3772/208/984
f 3726/209/938 3771/196/983 3786/205/998
f 3765/185/977 3779/206/991 3780/210/992
f 3757/199/969 3773/211/985 3758/184/970
f 3766/186/978 3780/210/992 3781/212/993
f 3758/184/970 3774/213/986 3759/187/971
f 3767/188/979 3781/212/993 3782/214/994
f 3759/187/971 3775/215/987 3760/189/972
f 3768/190/980 3782/214/994 3783/216/995
f 3760/189/972 3776/217/988 3761/191/973
f 3769/192/981 3783/216/995 3784/202/996
f 3781/212/993 3795/218/1007 3796/219/1008
f 3773/211/985 3789/220/1001 3774/213/986
f 3782/214/994 3796/219/1008 3797/221/1009
f 3774/213/986 3790/222/1002 3775/215/987
f 3783/216/995 3797/221/1009 3798/223/1010
f 3775/215/987 3791/224/1003 3776/217/988
f 3784/202/996 3798/223/1010 3799/225/1011
f 3776/217/988 3792/226/1004 3777/201/989
f 3785/203/997 3799/225/1011 3800/227/1012
f 3777/201/989 3793/228/1005 3778/204/990
f 3786/205/998 3800/227/1012 3801/229/1013
f 3778/204/990 3794/230/1006 3779/206/991
f 3772/208/984 3680/231/892 3787/232/999
f 3726/233/938 3786/205/998 3801/229/1013
f 3780/210/992 3794/230/1006 3795/218/1007
f 3772/208/984 3788/234/1000 3773/211/985
f 3800/227/1012 3814/235/1026 3815/236/1027
f 3792/226/1004 3808/237/1020 3793/228/1005
f 3801/229/1013 3815/236/1027 3816/238/1028
f 3793/228/1005 3809/239/1021 3794/230/1006
f 3787/232/999 3680/240/892 3802/241/1014
f 3726/242/938 3801/229/1013 3816/238/1028
f 3795/218/1007 3809/239/1021 3810/243/1022
f 3787/232/999 3803/244/1015 3788/234/1000
f 3796/219/1008 3810/243/1022 3811/245/1023
f 3788/234/1000 3804/246/1016 3789/220/1001
f 3797/221/1009 3811/245/1023 3812/247/1024
f 3789/220/1001 3805/248/1017 3790/222/1002
f 3798/223/1010 3812/247/1024 3813/249/1025
f 3790/222/1002 3806/250/1018 3791/224/1003
f 3799/225/1011 3813/249/1025 3814/235/1026
f 3791/224/1003 3807/251/1019 3792/226/1004
f 3812/247/1024 3826/252/1038 3827/253/1039
f 3804/246/1016 3820/254/1032 3805/248/1017
f 3813/249/1025 3827/253/1039 3828/255/1040
f 3805/248/1017 3821/256/1033 3806/250/1018
f 3814/235/1026 3828/255/1040 3829/257/1041
f 3806/250/1018 3822/258/1034 3807/251/1019
f 3815/236/1027 3829/257/1041 3830/259/1073
f 3807/251/1019 3823/260/1035 3808/237/1020
f 3816/238/1028 3830/259/1073 3831/261/1043
f 3808/237/1020 3824/262/1036 3809/239/1021
f 3802/241/1014 3680/263/892 3817/264/1029
f 3726/265/938 3816/238/1028 3831/261/1043
f 3810/243/1022 3824/262/1036 3825/266/1037
f 3802/241/1014 3818/267/1030 3803/244/1015
f 3811/245/1023 3825/266/1037 3826/252/1038
f 3803/244/1015 3819/268/1031 3804/246/1016
f 3831/261/1043 3845/269/1057 3846/270/1058
f 3823/260/1035 3839/271/1051 3824/262/1036
f 3817/264/1029 3680/272/892 3832/273/1044
f 3726/274/938 3831/261/1043 3846/270/1058
f 3825/266/1037 3839/271/1051 3840/275/1052
f 3817/264/1029 3833/276/1045 3818/267/1030
f 3826/252/1038 3840/275/1052 3841/277/1053
f 3818/267/1030 3834/278/1046 3819/268/1031
f 3827/253/1039 3841/277/1053 3842/279/1054
f 3819/268/1031 3835/280/1047 3820/254/1032
f 3828/255/1040 3842/279/1054 3843/281/1055
f 3820/254/1032 3836/282/1048 3821/256/1033
f 3829/257/1041 3843/281/1055 3844/283/1056
f 3821/256/1033 3837/284/1049 3822/258/1034
f 3830/259/1073 3844/283/1056 3845/269/1057
f 3822/258/1034 3838/285/1050 3823/260/1035
f 3834/278/1046 3849/4/1061 3835/280/1047
f 3843/281/1055 3604/3/816 3852/8/1064
f 3835/280/1047 3600/9/812 3836/282/1048
f 3844/283/1056 3852/8/1064 3853/12/1065
f 3836/282/1048 3850/13/1062 3837/284/1049
f 3845/269/1057 3853/12/1065 3854/16/1066
f 3837/284/1049 3601/17/813 3838/285/1050
f 3846/270/1058 3854/16/1066 3855/20/1067
f 3838/285/1050 3602/21/814 3839/271/1051
f 3832/273/1044 3680/286/892 3847/23/1059
f 3726/287/938 3846/270/1058 3855/20/1067
f 3840/275/1052 3602/21/814 3603/28/815
f 3832/273/1044 3848/29/1060 3833/276/1045
f 3841/277/1053 3603/28/815 3851/1/1063
f 3833/276/1045 3599/32/811 3834/278/1046
f 3842/279/1054 3851/1/1063 3604/3/816
f 4108/1/1063 3872/2/827 3861/3/816
f 4106/4/1061 3864/5/819 3865/6/820
f 3861/3/816 3873/7/828 4109/8/1064
f 3857/9/812 3865/6/820 3866/10/821
f 4109/8/1064 3874/11/829 4110/12/1065
f 4107/13/1062 3866/10/821 3867/14/822
f 4110/12/1065 3875/15/830 4111/16/1066
f 3858/17/813 3867/14/822 3868/18/823
f 4111/16/1066 3876/19/831 4112/20/1067
f 3859/21/814 3868/18/823 3869/22/824
f 4104/23/1059 3937/24/892 3862/25/817
f 3983/26/938 4112/20/1067 3876/19/831
f 3859/21/814 3870/27/825 3860/28/815
f 4105/29/1060 3862/25/817 3863/30/818
f 3860/28/815 3871/31/826 4108/1/1063
f 3856/32/811 3863/30/818 3864/5/819
f 3870/27/825 3886/33/841 3871/31/826
f 3864/5/819 3878/34/1074 3879/35/834
f 3871/31/826 3887/36/842 3872/2/827
f 3865/6/820 3879/35/834 3880/37/835
f 3872/2/827 3888/38/843 3873/7/828
f 3866/10/821 3880/37/835 3881/39/836
f 3873/7/828 3889/40/844 3874/11/829
f 3867/14/822 3881/39/836 3882/41/837
f 3874/11/829 3890/42/845 3875/15/830
f 3868/18/823 3882/41/837 3883/43/838
f 3875/15/830 3891/44/846 3876/19/831
f 3869/22/824 3883/43/838 3884/45/839
f 3862/25/817 3937/46/892 3877/47/832
f 3983/48/938 3876/19/831 3891/44/846
f 3869/22/824 3885/49/840 3870/27/825
f 3863/30/818 3877/47/832 3878/34/1074
f 3889/40/844 3905/50/860 3890/42/845
f 3883/43/838 3897/51/852 3898/52/853
f 3890/42/845 3906/53/861 3891/44/846
f 3884/45/839 3898/52/853 3899/54/854
f 3877/47/832 3937/55/892 3892/56/847
f 3983/57/938 3891/44/846 3906/53/861
f 3884/45/839 3900/58/855 3885/49/840
f 3878/34/1074 3892/56/847 3893/59/848
f 3885/49/840 3901/60/856 3886/33/841
f 3879/35/834 3893/59/848 3894/61/849
f 3886/33/841 3902/62/857 3887/36/842
f 3880/37/835 3894/61/849 3895/63/850
f 3887/36/842 3903/64/858 3888/38/843
f 3881/39/836 3895/63/850 3896/65/851
f 3888/38/843 3904/66/859 3889/40/844
f 3882/41/837 3896/65/851 3897/51/852
f 3894/61/849 3908/67/863 3909/68/864
f 3901/60/856 3917/69/872 3902/62/857
f 3895/63/850 3909/68/864 3910/70/865
f 3902/62/857 3918/71/873 3903/64/858
f 3896/65/851 3910/70/865 3911/72/866
f 3903/64/858 3919/73/874 3904/66/859
f 3897/51/852 3911/72/866 3912/74/867
f 3904/66/859 3920/75/875 3905/50/860
f 3898/52/853 3912/74/867 3913/76/868
f 3905/50/860 3921/77/876 3906/53/861
f 3899/54/854 3913/76/868 3914/78/869
f 3892/56/847 3937/79/892 3907/80/862
f 3983/81/938 3906/53/861 3921/77/876
f 3899/54/854 3915/82/870 3900/58/855
f 3893/59/848 3907/80/862 3908/67/863
f 3900/58/855 3916/83/871 3901/60/856
f 3913/76/868 3927/84/882 3928/85/883
f 3920/75/875 3936/86/891 3921/77/876
f 3914/78/869 3928/85/883 3929/87/884
f 3907/80/862 3937/88/892 3922/89/877
f 3983/90/938 3921/77/876 3936/86/891
f 3914/78/869 3930/91/885 3915/82/870
f 3908/67/863 3922/89/877 3923/92/1068
f 3915/82/870 3931/93/886 3916/83/871
f 3909/68/864 3923/92/1068 3924/94/879
f 3916/83/871 3932/95/887 3917/69/872
f 3910/70/865 3924/94/879 3925/96/880
f 3917/69/872 3933/97/888 3918/71/873
f 3911/72/866 3925/96/880 3926/98/881
f 3918/71/873 3934/99/889 3919/73/874
f 3912/74/867 3926/98/881 3927/84/882
f 3919/73/874 3935/100/1069 3920/75/875
f 3931/93/886 3948/101/903 3932/95/887
f 3925/96/880 3940/102/895 3941/103/896
f 3932/95/887 3949/104/904 3933/97/888
f 3926/98/881 3941/103/896 3942/105/897
f 3933/97/888 3950/106/905 3934/99/889
f 3927/84/882 3942/105/897 3943/107/898
f 3934/99/889 3951/108/906 3935/100/1069
f 3928/85/883 3943/107/898 3944/109/899
f 3935/100/1069 3952/110/907 3936/86/891
f 3929/87/884 3944/109/899 3945/111/900
f 3922/89/877 3937/112/892 3938/113/893
f 3983/114/938 3936/86/891 3952/110/907
f 3929/87/884 3946/115/901 3930/91/885
f 3923/92/1068 3938/113/893 3939/116/894
f 3930/91/885 3947/117/902 3931/93/886
f 3924/94/879 3939/116/894 3940/102/895
f 3951/108/906 3967/118/922 3952/110/907
f 3945/111/900 3959/119/914 3960/120/915
f 3938/113/893 3937/121/892 3953/122/1075
f 3983/123/938 3952/110/907 3967/118/922
f 3945/111/900 3961/124/916 3946/115/901
f 3939/116/894 3953/122/1075 3954/125/909
f 3946/115/901 3962/126/917 3947/117/902
f 3940/102/895 3954/125/909 3955/127/910
f 3947/117/902 3963/128/918 3948/101/903
f 3941/103/896 3955/127/910 3956/129/911
f 3948/101/903 3964/130/919 3949/104/904
f 3942/105/897 3956/129/911 3957/131/912
f 3949/104/904 3965/132/920 3950/106/905
f 3943/107/898 3957/131/912 3958/133/913
f 3950/106/905 3966/134/921 3951/108/906
f 3944/109/899 3958/133/913 3959/119/914
f 3956/129/911 3970/135/925 3971/136/926
f 3963/128/918 3979/137/934 3964/130/919
f 3957/131/912 3971/136/926 3972/138/927
f 3964/130/919 3980/139/935 3965/132/920
f 3958/133/913 3972/138/927 3973/140/928
f 3965/132/920 3981/141/936 3966/134/921
f 3959/119/914 3973/140/928 3974/142/1070
f 3966/134/921 3982/143/937 3967/118/922
f 3960/120/915 3974/142/1070 3975/144/930
f 3953/122/1075 3937/145/892 3968/146/923
f 3983/147/938 3967/118/922 3982/143/937
f 3960/120/915 3976/148/931 3961/124/916
f 3954/125/909 3968/146/923 3969/149/924
f 3961/124/916 3977/150/932 3962/126/917
f 3955/127/910 3969/149/924 3970/135/925
f 3962/126/917 3978/151/933 3963/128/918
f 3996/152/951 4010/153/965 4011/154/966
f 3988/155/943 4004/156/959 3989/157/944
f 3997/158/952 4011/154/966 4012/159/967
f 3989/157/944 4005/160/960 3990/161/945
f 3998/162/953 4012/159/967 4013/163/968
f 3990/161/945 4006/164/961 3991/165/946
f 3984/166/939 3937/167/892 3999/168/954
f 3983/169/938 3998/162/953 4013/163/968
f 3992/170/947 4006/164/961 4007/171/962
f 3984/166/939 4000/172/955 3985/173/940
f 3993/174/948 4007/171/962 4008/175/963
f 3985/173/940 4001/176/956 3986/177/941
f 3994/178/949 4008/175/963 4009/179/964
f 3986/177/941 4002/180/957 3987/181/942
f 3995/182/950 4009/179/964 4010/153/965
f 3987/181/942 4003/183/958 3988/155/943
f 3999/168/954 4015/184/970 4000/172/955
f 4008/175/963 4022/185/977 4023/186/978
f 4000/172/955 4016/187/971 4001/176/956
f 4009/179/964 4023/186/978 4024/188/979
f 4001/176/956 4017/189/972 4002/180/957
f 4010/153/965 4024/188/979 4025/190/980
f 4002/180/957 4018/191/973 4003/183/958
f 4011/154/966 4025/190/980 4026/192/981
f 4003/183/958 4019/193/974 4004/156/959
f 4012/159/967 4026/192/981 4027/194/982
f 4004/156/959 4020/195/975 4005/160/960
f 4013/163/968 4027/194/982 4028/196/983
f 4005/160/960 4021/197/976 4006/164/961
f 3999/168/954 3937/198/892 4014/199/969
f 3983/200/938 4013/163/968 4028/196/983
f 4007/171/962 4021/197/976 4022/185/977
f 4018/191/973 4034/201/989 4019/193/974
f 4027/194/982 4041/202/996 4042/203/997
f 4019/193/974 4035/204/990 4020/195/975
f 4028/196/983 4042/203/997 4043/205/998
f 4020/195/975 4036/206/991 4021/197/976
f 4014/199/969 3937/207/892 4029/208/984
f 3983/209/938 4028/196/983 4043/205/998
f 4022/185/977 4036/206/991 4037/210/992
f 4014/199/969 4030/211/985 4015/184/970
f 4023/186/978 4037/210/992 4038/212/993
f 4015/184/970 4031/213/986 4016/187/971
f 4024/188/979 4038/212/993 4039/214/994
f 4016/187/971 4032/215/987 4017/189/972
f 4025/190/980 4039/214/994 4040/216/995
f 4017/189/972 4033/217/988 4018/191/973
f 4026/192/981 4040/216/995 4041/202/996
f 4038/212/993 4052/218/1007 4053/219/1008
f 4030/211/985 4046/220/1001 4031/213/986
f 4039/214/994 4053/219/1008 4054/221/1009
f 4031/213/986 4047/222/1002 4032/215/987
f 4040/216/995 4054/221/1009 4055/223/1010
f 4032/215/987 4048/224/1003 4033/217/988
f 4041/202/996 4055/223/1010 4056/225/1011
f 4033/217/988 4049/226/1004 4034/201/989
f 4042/203/997 4056/225/1011 4057/227/1012
f 4034/201/989 4050/228/1005 4035/204/990
f 4043/205/998 4057/227/1012 4058/229/1013
f 4035/204/990 4051/230/1006 4036/206/991
f 4029/208/984 3937/231/892 4044/232/999
f 3983/233/938 4043/205/998 4058/229/1013
f 4037/210/992 4051/230/1006 4052/218/1007
f 4029/208/984 4045/234/1000 4030/211/985
f 4057/227/1012 4071/235/1026 4072/236/1027
f 4049/226/1004 4065/237/1020 4050/228/1005
f 4058/229/1013 4072/236/1027 4073/238/1028
f 4050/228/1005 4066/239/1021 4051/230/1006
f 4044/232/999 3937/240/892 4059/241/1014
f 3983/242/938 4058/229/1013 4073/238/1028
f 4052/218/1007 4066/239/1021 4067/243/1022
f 4044/232/999 4060/244/1015 4045/234/1000
f 4053/219/1008 4067/243/1022 4068/245/1023
f 4045/234/1000 4061/246/1016 4046/220/1001
f 4054/221/1009 4068/245/1023 4069/247/1024
f 4046/220/1001 4062/248/1017 4047/222/1002
f 4055/223/1010 4069/247/1024 4070/249/1025
f 4047/222/1002 4063/250/1018 4048/224/1003
f 4056/225/1011 4070/249/1025 4071/235/1026
f 4048/224/1003 4064/251/1019 4049/226/1004
f 4069/247/1024 4083/252/1038 4084/253/1039
f 4061/246/1016 4077/254/1032 4062/248/1017
f 4070/249/1025 4084/253/1039 4085/255/1040
f 4062/248/1017 4078/256/1033 4063/250/1018
f 4071/235/1026 4085/255/1040 4086/257/1041
f 4063/250/1018 4079/258/1034 4064/251/1019
f 4072/236/1027 4086/257/1041 4087/259/1042
f 4064/251/1019 4080/260/1035 4065/237/1020
f 4073/238/1028 4087/259/1042 4088/261/1043
f 4065/237/1020 4081/262/1036 4066/239/1021
f 4059/241/1014 3937/263/892 4074/264/1029
f 3983/265/938 4073/238/1028 4088/261/1043
f 4067/243/1022 4081/262/1036 4082/266/1037
f 4059/241/1014 4075/267/1030 4060/244/1015
f 4068/245/1023 4082/266/1037 4083/252/1038
f 4060/244/1015 4076/268/1031 4061/246/1016
f 4088/261/1043 4102/269/1057 4103/270/1058
f 4080/260/1035 4096/271/1051 4081/262/1036
f 4074/264/1029 3937/272/892 4089/273/1044
f 3983/274/938 4088/261/1043 4103/270/1058
f 4082/266/1037 4096/271/1051 4097/275/1052
f 4074/264/1029 4090/276/1045 4075/267/1030
f 4083/252/1038 4097/275/1052 4098/277/1053
f 4075/267/1030 4091/278/1046 4076/268/1031
f 4084/253/1039 4098/277/1053 4099/279/1054
f 4076/268/1031 4092/280/1047 4077/254/1032
f 4085/255/1040 4099/279/1054 4100/281/1055
f 4077/254/1032 4093/282/1048 4078/256/1033
f 4086/257/1041 4100/281/1055 4101/283/1056
f 4078/256/1033 4094/284/1049 4079/258/1034
f 4087/259/1042 4101/283/1056 4102/269/1057
f 4079/258/1034 4095/285/1050 4080/260/1035
f 4091/278/1046 4106/4/1061 4092/280/1047
f 4100/281/1055 3861/3/816 4109/8/1064
f 4092/280/1047 3857/9/812 4093/282/1048
f 4101/283/1056 4109/8/1064 4110/12/1065
f 4093/282/1048 4107/13/1062 4094/284/1049
f 4102/269/1057 4110/12/1065 4111/16/1066
f 4094/284/1049 3858/17/813 4095/285/1050
f 4103/270/1058 4111/16/1066 4112/20/1067
f 4095/285/1050 3859/21/814 4096/271/1051
f 4089/273/1044 3937/286/892 4104/23/1059
f 3983/287/938 4103/270/1058 4112/20/1067
f 4097/275/1052 3859/21/814 3860/28/815
f 4089/273/1044 4105/29/1060 4090/276/1045
f 4098/277/1053 3860/28/815 4108/1/1063
f 4090/276/1045 3856/32/811 4091/278/1046
f 4099/279/1054 4108/1/1063 3861/3/816
f 4365/1/1330 4129/2/1094 4118/3/1083
f 4363/4/1328 4121/5/1086 4122/6/1087
f 4118/3/1083 4130/7/1095 4366/8/1331
f 4114/9/1079 4122/6/1087 4123/10/1088
f 4366/8/1331 4131/11/1096 4367/12/1332
f 4364/13/1329 4123/10/1088 4124/14/1089
f 4367/12/1332 4132/15/1097 4368/16/1333
f 4115/17/1080 4124/14/1089 4125/18/1090
f 4368/16/1333 4133/19/1098 4369/20/1334
f 4116/21/1081 4125/18/1090 4126/22/1091
f 4361/23/1326 4194/24/1159 4119/25/1084
f 4240/26/1205 4369/20/1334 4133/19/1098
f 4116/21/1081 4127/27/1092 4117/28/1082
f 4362/29/1327 4119/25/1084 4120/30/1085
f 4117/28/1082 4128/31/1093 4365/1/1330
f 4113/32/1078 4120/30/1085 4121/5/1086
f 4127/27/1092 4143/33/1108 4128/31/1093
f 4121/5/1086 4135/34/1100 4136/35/1101
f 4128/31/1093 4144/36/1109 4129/2/1094
f 4122/6/1087 4136/35/1101 4137/37/1102
f 4129/2/1094 4145/38/1110 4130/7/1095
f 4123/10/1088 4137/37/1102 4138/39/1103
f 4130/7/1095 4146/40/1111 4131/11/1096
f 4124/14/1089 4138/39/1103 4139/41/1104
f 4131/11/1096 4147/42/1112 4132/15/1097
f 4125/18/1090 4139/41/1104 4140/43/1105
f 4132/15/1097 4148/44/1113 4133/19/1098
f 4126/22/1091 4140/43/1105 4141/45/1106
f 4119/25/1084 4194/46/1159 4134/47/1099
f 4240/48/1205 4133/19/1098 4148/44/1113
f 4126/22/1091 4142/49/1107 4127/27/1092
f 4120/30/1085 4134/47/1099 4135/34/1100
f 4146/40/1111 4162/50/1127 4147/42/1112
f 4140/43/1105 4154/51/1119 4155/52/1120
f 4147/42/1112 4163/53/1128 4148/44/1113
f 4141/45/1106 4155/52/1120 4156/54/1121
f 4134/47/1099 4194/55/1159 4149/56/1114
f 4240/57/1205 4148/44/1113 4163/53/1128
f 4141/45/1106 4157/58/1122 4142/49/1107
f 4135/34/1100 4149/56/1114 4150/59/1115
f 4142/49/1107 4158/60/1123 4143/33/1108
f 4136/35/1101 4150/59/1115 4151/61/1116
f 4143/33/1108 4159/62/1124 4144/36/1109
f 4137/37/1102 4151/61/1116 4152/63/1117
f 4144/36/1109 4160/64/1125 4145/38/1110
f 4138/39/1103 4152/63/1117 4153/65/1118
f 4145/38/1110 4161/66/1126 4146/40/1111
f 4139/41/1104 4153/65/1118 4154/51/1119
f 4151/61/1116 4165/67/1130 4166/68/1131
f 4158/60/1123 4174/69/1139 4159/62/1124
f 4152/63/1117 4166/68/1131 4167/70/1132
f 4159/62/1124 4175/71/1140 4160/64/1125
f 4153/65/1118 4167/70/1132 4168/72/1133
f 4160/64/1125 4176/73/1141 4161/66/1126
f 4154/51/1119 4168/72/1133 4169/74/1134
f 4161/66/1126 4177/75/1142 4162/50/1127
f 4155/52/1120 4169/74/1134 4170/76/1135
f 4162/50/1127 4178/77/1143 4163/53/1128
f 4156/54/1121 4170/76/1135 4171/78/1136
f 4149/56/1114 4194/79/1159 4164/80/1129
f 4240/81/1205 4163/53/1128 4178/77/1143
f 4156/54/1121 4172/82/1137 4157/58/1122
f 4150/59/1115 4164/80/1129 4165/67/1130
f 4157/58/1122 4173/83/1138 4158/60/1123
f 4170/76/1135 4184/84/1149 4185/85/1150
f 4177/75/1142 4193/86/1158 4178/77/1143
f 4171/78/1136 4185/85/1150 4186/87/1151
f 4164/80/1129 4194/88/1159 4179/89/1144
f 4240/90/1205 4178/77/1143 4193/86/1158
f 4171/78/1136 4187/91/1152 4172/82/1137
f 4165/67/1130 4179/89/1144 4180/92/1145
f 4172/82/1137 4188/93/1153 4173/83/1138
f 4166/68/1131 4180/92/1145 4181/94/1146
f 4173/83/1138 4189/95/1154 4174/69/1139
f 4167/70/1132 4181/94/1146 4182/96/1147
f 4174/69/1139 4190/97/1155 4175/71/1140
f 4168/72/1133 4182/96/1147 4183/98/1148
f 4175/71/1140 4191/99/1156 4176/73/1141
f 4169/74/1134 4183/98/1148 4184/84/1149
f 4176/73/1141 4192/100/1157 4177/75/1142
f 4188/93/1153 4205/101/1170 4189/95/1154
f 4182/96/1147 4197/102/1162 4198/103/1163
f 4189/95/1154 4206/104/1171 4190/97/1155
f 4183/98/1148 4198/103/1163 4199/105/1164
f 4190/97/1155 4207/106/1172 4191/99/1156
f 4184/84/1149 4199/105/1164 4200/107/1165
f 4191/99/1156 4208/108/1173 4192/100/1157
f 4185/85/1150 4200/107/1165 4201/109/1166
f 4192/100/1157 4209/110/1174 4193/86/1158
f 4186/87/1151 4201/109/1166 4202/111/1167
f 4179/89/1144 4194/112/1159 4195/113/1160
f 4240/114/1205 4193/86/1158 4209/110/1174
f 4186/87/1151 4203/115/1168 4187/91/1152
f 4180/92/1145 4195/113/1160 4196/116/1161
f 4187/91/1152 4204/117/1169 4188/93/1153
f 4181/94/1146 4196/116/1161 4197/102/1162
f 4208/108/1173 4224/118/1189 4209/110/1174
f 4202/111/1167 4216/119/1181 4217/120/1182
f 4195/113/1160 4194/121/1159 4210/122/1175
f 4240/123/1205 4209/110/1174 4224/118/1189
f 4202/111/1167 4218/124/1183 4203/115/1168
f 4196/116/1161 4210/122/1175 4211/125/1176
f 4203/115/1168 4219/126/1184 4204/117/1169
f 4197/102/1162 4211/125/1176 4212/127/1177
f 4204/117/1169 4220/128/1185 4205/101/1170
f 4198/103/1163 4212/127/1177 4213/129/1178
f 4205/101/1170 4221/130/1186 4206/104/1171
f 4199/105/1164 4213/129/1178 4214/131/1179
f 4206/104/1171 4222/132/1187 4207/106/1172
f 4200/107/1165 4214/131/1179 4215/133/1180
f 4207/106/1172 4223/134/1188 4208/108/1173
f 4201/109/1166 4215/133/1180 4216/119/1181
f 4213/129/1178 4227/135/1192 4228/136/1193
f 4220/128/1185 4236/137/1201 4221/130/1186
f 4214/131/1179 4228/136/1193 4229/138/1194
f 4221/130/1186 4237/139/1202 4222/132/1187
f 4215/133/1180 4229/138/1194 4230/140/1195
f 4222/132/1187 4238/141/1203 4223/134/1188
f 4216/119/1181 4230/140/1195 4231/142/1196
f 4223/134/1188 4239/143/1204 4224/118/1189
f 4217/120/1182 4231/142/1196 4232/144/1197
f 4210/122/1175 4194/145/1159 4225/146/1190
f 4240/147/1205 4224/118/1189 4239/143/1204
f 4217/120/1182 4233/148/1198 4218/124/1183
f 4211/125/1176 4225/146/1190 4226/149/1191
f 4218/124/1183 4234/150/1199 4219/126/1184
f 4212/127/1177 4226/149/1191 4227/135/1192
f 4219/126/1184 4235/151/1200 4220/128/1185
f 4253/152/1218 4267/153/1232 4268/154/1233
f 4245/155/1210 4261/156/1226 4246/157/1211
f 4254/158/1219 4268/154/1233 4269/159/1234
f 4246/157/1211 4262/160/1227 4247/161/1212
f 4255/162/1220 4269/159/1234 4270/163/1235
f 4247/161/1212 4263/164/1228 4248/165/1213
f 4241/166/1206 4194/167/1159 4256/168/1221
f 4240/169/1205 4255/162/1220 4270/163/1235
f 4249/170/1214 4263/164/1228 4264/171/1229
f 4241/166/1206 4257/172/1222 4242/173/1207
f 4250/174/1215 4264/171/1229 4265/175/1230
f 4242/173/1207 4258/176/1223 4243/177/1208
f 4251/178/1216 4265/175/1230 4266/179/1231
f 4243/177/1208 4259/180/1224 4244/181/1209
f 4252/182/1217 4266/179/1231 4267/153/1232
f 4244/181/1209 4260/183/1225 4245/155/1210
f 4256/168/1221 4272/184/1237 4257/172/1222
f 4265/175/1230 4279/185/1244 4280/186/1245
f 4257/172/1222 4273/187/1238 4258/176/1223
f 4266/179/1231 4280/186/1245 4281/188/1246
f 4258/176/1223 4274/189/1239 4259/180/1224
f 4267/153/1232 4281/188/1246 4282/190/1247
f 4259/180/1224 4275/191/1240 4260/183/1225
f 4268/154/1233 4282/190/1247 4283/192/1248
f 4260/183/1225 4276/193/1241 4261/156/1226
f 4269/159/1234 4283/192/1248 4284/194/1249
f 4261/156/1226 4277/195/1242 4262/160/1227
f 4270/163/1235 4284/194/1249 4285/196/1250
f 4262/160/1227 4278/197/1243 4263/164/1228
f 4256/168/1221 4194/198/1159 4271/199/1236
f 4240/200/1205 4270/163/1235 4285/196/1250
f 4264/171/1229 4278/197/1243 4279/185/1244
f 4275/191/1240 4291/201/1256 4276/193/1241
f 4284/194/1249 4298/202/1263 4299/203/1264
f 4276/193/1241 4292/204/1257 4277/195/1242
f 4285/196/1250 4299/203/1264 4300/205/1265
f 4277/195/1242 4293/206/1258 4278/197/1243
f 4271/199/1236 4194/207/1159 4286/208/1251
f 4240/209/1205 4285/196/1250 4300/205/1265
f 4279/185/1244 4293/206/1258 4294/210/1259
f 4271/199/1236 4287/211/1252 4272/184/1237
f 4280/186/1245 4294/210/1259 4295/212/1260
f 4272/184/1237 4288/213/1253 4273/187/1238
f 4281/188/1246 4295/212/1260 4296/214/1261
f 4273/187/1238 4289/215/1254 4274/189/1239
f 4282/190/1247 4296/214/1261 4297/216/1262
f 4274/189/1239 4290/217/1255 4275/191/1240
f 4283/192/1248 4297/216/1262 4298/202/1263
f 4295/212/1260 4309/218/1274 4310/219/1275
f 4287/211/1252 4303/220/1268 4288/213/1253
f 4296/214/1261 4310/219/1275 4311/221/1276
f 4288/213/1253 4304/222/1269 4289/215/1254
f 4297/216/1262 4311/221/1276 4312/223/1277
f 4289/215/1254 4305/224/1270 4290/217/1255
f 4298/202/1263 4312/223/1277 4313/225/1278
f 4290/217/1255 4306/226/1271 4291/201/1256
f 4299/203/1264 4313/225/1278 4314/227/1279
f 4291/201/1256 4307/228/1272 4292/204/1257
f 4300/205/1265 4314/227/1279 4315/229/1280
f 4292/204/1257 4308/230/1273 4293/206/1258
f 4286/208/1251 4194/231/1159 4301/232/1266
f 4240/233/1205 4300/205/1265 4315/229/1280
f 4294/210/1259 4308/230/1273 4309/218/1274
f 4286/208/1251 4302/234/1267 4287/211/1252
f 4314/227/1279 4328/235/1293 4329/236/1294
f 4306/226/1271 4322/237/1287 4307/228/1272
f 4315/229/1280 4329/236/1294 4330/238/1295
f 4307/228/1272 4323/239/1288 4308/230/1273
f 4301/232/1266 4194/240/1159 4316/241/1281
f 4240/242/1205 4315/229/1280 4330/238/1295
f 4309/218/1274 4323/239/1288 4324/243/1289
f 4301/232/1266 4317/244/1282 4302/234/1267
f 4310/219/1275 4324/243/1289 4325/245/1290
f 4302/234/1267 4318/246/1283 4303/220/1268
f 4311/221/1276 4325/245/1290 4326/247/1291
f 4303/220/1268 4319/248/1284 4304/222/1269
f 4312/223/1277 4326/247/1291 4327/249/1292
f 4304/222/1269 4320/250/1285 4305/224/1270
f 4313/225/1278 4327/249/1292 4328/235/1293
f 4305/224/1270 4321/251/1286 4306/226/1271
f 4326/247/1291 4340/252/1305 4341/253/1306
f 4318/246/1283 4334/254/1299 4319/248/1284
f 4327/249/1292 4341/253/1306 4342/255/1307
f 4319/248/1284 4335/256/1300 4320/250/1285
f 4328/235/1293 4342/255/1307 4343/257/1308
f 4320/250/1285 4336/258/1301 4321/251/1286
f 4329/236/1294 4343/257/1308 4344/259/1309
f 4321/251/1286 4337/260/1302 4322/237/1287
f 4330/238/1295 4344/259/1309 4345/261/1310
f 4322/237/1287 4338/262/1303 4323/239/1288
f 4316/241/1281 4194/263/1159 4331/264/1296
f 4240/265/1205 4330/238/1295 4345/261/1310
f 4324/243/1289 4338/262/1303 4339/266/1304
f 4316/241/1281 4332/267/1297 4317/244/1282
f 4325/245/1290 4339/266/1304 4340/252/1305
f 4317/244/1282 4333/268/1298 4318/246/1283
f 4345/261/1310 4359/269/1324 4360/270/1325
f 4337/260/1302 4353/271/1318 4338/262/1303
f 4331/264/1296 4194/272/1159 4346/273/1311
f 4240/274/1205 4345/261/1310 4360/270/1325
f 4339/266/1304 4353/271/1318 4354/275/1319
f 4331/264/1296 4347/276/1312 4332/267/1297
f 4340/252/1305 4354/275/1319 4355/277/1320
f 4332/267/1297 4348/278/1313 4333/268/1298
f 4341/253/1306 4355/277/1320 4356/279/1321
f 4333/268/1298 4349/280/1314 4334/254/1299
f 4342/255/1307 4356/279/1321 4357/281/1322
f 4334/254/1299 4350/282/1315 4335/256/1300
f 4343/257/1308 4357/281/1322 4358/283/1323
f 4335/256/1300 4351/284/1316 4336/258/1301
f 4344/259/1309 4358/283/1323 4359/269/1324
f 4336/258/1301 4352/285/1317 4337/260/1302
f 4348/278/1313 4363/4/1328 4349/280/1314
f 4357/281/1322 4118/3/1083 4366/8/1331
f 4349/280/1314 4114/9/1079 4350/282/1315
f 4358/283/1323 4366/8/1331 4367/12/1332
f 4350/282/1315 4364/13/1329 4351/284/1316
f 4359/269/1324 4367/12/1332 4368/16/1333
f 4351/284/1316 4115/17/1080 4352/285/1317
f 4360/270/1325 4368/16/1333 4369/20/1334
f 4352/285/1317 4116/21/1081 4353/271/1318
f 4346/273/1311 4194/286/1159 4361/23/1326
f 4240/287/1205 4360/270/1325 4369/20/1334
f 4354/275/1319 4116/21/1081 4117/28/1082
f 4346/273/1311 4362/29/1327 4347/276/1312
f 4355/277/1320 4117/28/1082 4365/1/1330
f 4347/276/1312 4113/32/1078 4348/278/1313
f 4356/279/1321 4365/1/1330 4118/3/1083
f 4622/1/1330 4386/2/1094 4375/3/1083
f 4620/4/1328 4378/5/1086 4379/6/1087
f 4375/3/1083 4387/7/1095 4623/8/1331
f 4371/9/1079 4379/6/1087 4380/10/1088
f 4623/8/1331 4388/11/1096 4624/12/1332
f 4621/13/1329 4380/10/1088 4381/14/1089
f 4624/12/1332 4389/15/1097 4625/16/1333
f 4372/17/1080 4381/14/1089 4382/18/1090
f 4625/16/1333 4390/19/1098 4626/20/1334
f 4373/21/1081 4382/18/1090 4383/22/1091
f 4618/23/1326 4451/24/1159 4376/25/1084
f 4497/26/1205 4626/20/1334 4390/19/1098
f 4373/21/1081 4384/27/1092 4374/28/1082
f 4619/29/1327 4376/25/1084 4377/30/1085
f 4374/28/1082 4385/31/1093 4622/1/1330
f 4370/32/1078 4377/30/1085 4378/5/1086
f 4384/27/1092 4400/33/1108 4385/31/1093
f 4378/5/1086 4392/34/1100 4393/35/1101
f 4385/31/1093 4401/36/1109 4386/2/1094
f 4379/6/1087 4393/35/1101 4394/37/1102
f 4386/2/1094 4402/38/1110 4387/7/1095
f 4380/10/1088 4394/37/1102 4395/39/1103
f 4387/7/1095 4403/40/1111 4388/11/1096
f 4381/14/1089 4395/39/1103 4396/41/1104
f 4388/11/1096 4404/42/1112 4389/15/1097
f 4382/18/1090 4396/41/1104 4397/43/1105
f 4389/15/1097 4405/44/1113 4390/19/1098
f 4383/22/1091 4397/43/1105 4398/45/1106
f 4376/25/1084 4451/46/1159 4391/47/1099
f 4497/48/1205 4390/19/1098 4405/44/1113
f 4383/22/1091 4399/49/1107 4384/27/1092
f 4377/30/1085 4391/47/1099 4392/34/1100
f 4403/40/1111 4419/50/1127 4404/42/1112
f 4397/43/1105 4411/51/1119 4412/52/1120
f 4404/42/1112 4420/53/1128 4405/44/1113
f 4398/45/1106 4412/52/1120 4413/54/1121
f 4391/47/1099 4451/55/1159 4406/56/1114
f 4497/57/1205 4405/44/1113 4420/53/1128
f 4398/45/1106 4414/58/1122 4399/49/1107
f 4392/34/1100 4406/56/1114 4407/59/1115
f 4399/49/1107 4415/60/1123 4400/33/1108
f 4393/35/1101 4407/59/1115 4408/61/1116
f 4400/33/1108 4416/62/1124 4401/36/1109
f 4394/37/1102 4408/61/1116 4409/63/1117
f 4401/36/1109 4417/64/1125 4402/38/1110
f 4395/39/1103 4409/63/1117 4410/65/1118
f 4402/38/1110 4418/66/1126 4403/40/1111
f 4396/41/1104 4410/65/1118 4411/51/1119
f 4408/61/1116 4422/67/1130 4423/68/1131
f 4415/60/1123 4431/69/1335 4416/62/1124
f 4409/63/1117 4423/68/1131 4424/70/1132
f 4416/62/1124 4432/71/1140 4417/64/1125
f 4410/65/1118 4424/70/1132 4425/72/1133
f 4417/64/1125 4433/73/1141 4418/66/1126
f 4411/51/1119 4425/72/1133 4426/74/1134
f 4418/66/1126 4434/75/1142 4419/50/1127
f 4412/52/1120 4426/74/1134 4427/76/1135
f 4419/50/1127 4435/77/1143 4420/53/1128
f 4413/54/1121 4427/76/1135 4428/78/1136
f 4406/56/1114 4451/79/1159 4421/80/1129
f 4497/81/1205 4420/53/1128 4435/77/1143
f 4413/54/1121 4429/82/1137 4414/58/1122
f 4407/59/1115 4421/80/1129 4422/67/1130
f 4414/58/1122 4430/83/1138 4415/60/1123
f 4427/76/1135 4441/84/1149 4442/85/1150
f 4434/75/1142 4450/86/1158 4435/77/1143
f 4428/78/1136 4442/85/1150 4443/87/1151
f 4421/80/1129 4451/88/1159 4436/89/1144
f 4497/90/1205 4435/77/1143 4450/86/1158
f 4428/78/1136 4444/91/1152 4429/82/1137
f 4422/67/1130 4436/89/1144 4437/92/1336
f 4429/82/1137 4445/93/1153 4430/83/1138
f 4423/68/1131 4437/92/1336 4438/94/1146
f 4430/83/1138 4446/95/1154 4431/69/1335
f 4424/70/1132 4438/94/1146 4439/96/1147
f 4431/69/1335 4447/97/1155 4432/71/1140
f 4425/72/1133 4439/96/1147 4440/98/1148
f 4432/71/1140 4448/99/1156 4433/73/1141
f 4426/74/1134 4440/98/1148 4441/84/1149
f 4433/73/1141 4449/100/1337 4434/75/1142
f 4445/93/1153 4462/101/1170 4446/95/1154
f 4439/96/1147 4454/102/1162 4455/103/1163
f 4446/95/1154 4463/104/1171 4447/97/1155
f 4440/98/1148 4455/103/1163 4456/105/1164
f 4447/97/1155 4464/106/1172 4448/99/1156
f 4441/84/1149 4456/105/1164 4457/107/1165
f 4448/99/1156 4465/108/1173 4449/100/1337
f 4442/85/1150 4457/107/1165 4458/109/1166
f 4449/100/1337 4466/110/1174 4450/86/1158
f 4443/87/1151 4458/109/1166 4459/111/1167
f 4436/89/1144 4451/112/1159 4452/113/1160
f 4497/114/1205 4450/86/1158 4466/110/1174
f 4443/87/1151 4460/115/1168 4444/91/1152
f 4437/92/1336 4452/113/1160 4453/116/1161
f 4444/91/1152 4461/117/1169 4445/93/1153
f 4438/94/1146 4453/116/1161 4454/102/1162
f 4465/108/1173 4481/118/1189 4466/110/1174
f 4459/111/1167 4473/119/1181 4474/120/1182
f 4452/113/1160 4451/121/1159 4467/122/1175
f 4497/123/1205 4466/110/1174 4481/118/1189
f 4459/111/1167 4475/124/1183 4460/115/1168
f 4453/116/1161 4467/122/1175 4468/125/1176
f 4460/115/1168 4476/126/1184 4461/117/1169
f 4454/102/1162 4468/125/1176 4469/127/1338
f 4461/117/1169 4477/128/1185 4462/101/1170
f 4455/103/1163 4469/127/1338 4470/129/1178
f 4462/101/1170 4478/130/1186 4463/104/1171
f 4456/105/1164 4470/129/1178 4471/131/1179
f 4463/104/1171 4479/132/1339 4464/106/1172
f 4457/107/1165 4471/131/1179 4472/133/1180
f 4464/106/1172 4480/134/1188 4465/108/1173
f 4458/109/1166 4472/133/1180 4473/119/1181
f 4470/129/1178 4484/135/1192 4485/136/1193
f 4477/128/1185 4493/137/1201 4478/130/1186
f 4471/131/1179 4485/136/1193 4486/138/1194
f 4478/130/1186 4494/139/1202 4479/132/1339
f 4472/133/1180 4486/138/1194 4487/140/1195
f 4479/132/1339 4495/141/1203 4480/134/1188
f 4473/119/1181 4487/140/1195 4488/142/1196
f 4480/134/1188 4496/143/1204 4481/118/1189
f 4474/120/1182 4488/142/1196 4489/144/1197
f 4467/122/1175 4451/145/1159 4482/146/1190
f 4497/147/1205 4481/118/1189 4496/143/1204
f 4474/120/1182 4490/148/1340 4475/124/1183
f 4468/125/1176 4482/146/1190 4483/149/1191
f 4475/124/1183 4491/150/1199 4476/126/1184
f 4469/127/1338 4483/149/1191 4484/135/1192
f 4476/126/1184 4492/151/1200 4477/128/1185
f 4510/152/1218 4524/153/1232 4525/154/1343
f 4502/155/1210 4518/156/1226 4503/157/1211
f 4511/158/1219 4525/154/1343 4526/159/1234
f 4503/157/1211 4519/160/1227 4504/161/1212
f 4512/162/1220 4526/159/1234 4527/163/1235
f 4504/161/1212 4520/164/1228 4505/165/1213
f 4498/166/1206 4451/167/1159 4513/168/1221
f 4497/169/1205 4512/162/1220 4527/163/1235
f 4506/170/1341 4520/164/1228 4521/171/1229
f 4498/166/1206 4514/172/1222 4499/173/1207
f 4507/174/1215 4521/171/1229 4522/175/1230
f 4499/173/1207 4515/176/1342 4500/177/1208
f 4508/178/1216 4522/175/1230 4523/179/1231
f 4500/177/1208 4516/180/1224 4501/181/1209
f 4509/182/1217 4523/179/1231 4524/153/1232
f 4501/181/1209 4517/183/1225 4502/155/1210
f 4513/168/1221 4529/184/1237 4514/172/1222
f 4522/175/1230 4536/185/1244 4537/186/1245
f 4514/172/1222 4530/187/1238 4515/176/1342
f 4523/179/1231 4537/186/1245 4538/188/1246
f 4515/176/1342 4531/189/1239 4516/180/1224
f 4524/153/1232 4538/188/1246 4539/190/1247
f 4516/180/1224 4532/191/1240 4517/183/1225
f 4525/154/1343 4539/190/1247 4540/192/1248
f 4517/183/1225 4533/193/1241 4518/156/1226
f 4526/159/1234 4540/192/1248 4541/194/1249
f 4518/156/1226 4534/195/1242 4519/160/1227
f 4527/163/1235 4541/194/1249 4542/196/1250
f 4519/160/1227 4535/197/1243 4520/164/1228
f 4513/168/1221 4451/198/1159 4528/199/1236
f 4497/200/1205 4527/163/1235 4542/196/1250
f 4521/171/1229 4535/197/1243 4536/185/1244
f 4532/191/1240 4548/201/1256 4533/193/1241
f 4541/194/1249 4555/202/1263 4556/203/1264
f 4533/193/1241 4549/204/1257 4534/195/1242
f 4542/196/1250 4556/203/1264 4557/205/1265
f 4534/195/1242 4550/206/1258 4535/197/1243
f 4528/199/1236 4451/207/1159 4543/208/1251
f 4497/209/1205 4542/196/1250 4557/205/1265
f 4536/185/1244 4550/206/1258 4551/210/1259
f 4528/199/1236 4544/211/1252 4529/184/1237
f 4537/186/1245 4551/210/1259 4552/212/1260
f 4529/184/1237 4545/213/1253 4530/187/1238
f 4538/188/1246 4552/212/1260 4553/214/1261
f 4530/187/1238 4546/215/1254 4531/189/1239
f 4539/190/1247 4553/214/1261 4554/216/1262
f 4531/189/1239 4547/217/1255 4532/191/1240
f 4540/192/1248 4554/216/1262 4555/202/1263
f 4552/212/1260 4566/218/1274 4567/219/1275
f 4544/211/1252 4560/220/1268 4545/213/1253
f 4553/214/1261 4567/219/1275 4568/221/1344
f 4545/213/1253 4561/222/1269 4546/215/1254
f 4554/216/1262 4568/221/1344 4569/223/1277
f 4546/215/1254 4562/224/1270 4547/217/1255
f 4555/202/1263 4569/223/1277 4570/225/1278
f 4547/217/1255 4563/226/1271 4548/201/1256
f 4556/203/1264 4570/225/1278 4571/227/1279
f 4548/201/1256 4564/228/1272 4549/204/1257
f 4557/205/1265 4571/227/1279 4572/229/1280
f 4549/204/1257 4565/230/1273 4550/206/1258
f 4543/208/1251 4451/231/1159 4558/232/1266
f 4497/233/1205 4557/205/1265 4572/229/1280
f 4551/210/1259 4565/230/1273 4566/218/1274
f 4543/208/1251 4559/234/1267 4544/211/1252
f 4571/227/1279 4585/235/1293 4586/236/1294
f 4563/226/1271 4579/237/1287 4564/228/1272
f 4572/229/1280 4586/236/1294 4587/238/1295
f 4564/228/1272 4580/239/1288 4565/230/1273
f 4558/232/1266 4451/240/1159 4573/241/1281
f 4497/242/1205 4572/229/1280 4587/238/1295
f 4566/218/1274 4580/239/1288 4581/243/1289
f 4558/232/1266 4574/244/1282 4559/234/1267
f 4567/219/1275 4581/243/1289 4582/245/1290
f 4559/234/1267 4575/246/1283 4560/220/1268
f 4568/221/1344 4582/245/1290 4583/247/1291
f 4560/220/1268 4576/248/1284 4561/222/1269
f 4569/223/1277 4583/247/1291 4584/249/1292
f 4561/222/1269 4577/250/1285 4562/224/1270
f 4570/225/1278 4584/249/1292 4585/235/1293
f 4562/224/1270 4578/251/1286 4563/226/1271
f 4583/247/1291 4597/252/1305 4598/253/1306
f 4575/246/1283 4591/254/1299 4576/248/1284
f 4584/249/1292 4598/253/1306 4599/255/1307
f 4576/248/1284 4592/256/1300 4577/250/1285
f 4585/235/1293 4599/255/1307 4600/257/1308
f 4577/250/1285 4593/258/1301 4578/251/1286
f 4586/236/1294 4600/257/1308 4601/259/1346
f 4578/251/1286 4594/260/1302 4579/237/1287
f 4587/238/1295 4601/259/1346 4602/261/1310
f 4579/237/1287 4595/262/1303 4580/239/1288
f 4573/241/1281 4451/263/1159 4588/264/1296
f 4497/265/1205 4587/238/1295 4602/261/1310
f 4581/243/1289 4595/262/1303 4596/266/1304
f 4573/241/1281 4589/267/1345 4574/244/1282
f 4582/245/1290 4596/266/1304 4597/252/1305
f 4574/244/1282 4590/268/1298 4575/246/1283
f 4602/261/1310 4616/269/1324 4617/270/1325
f 4594/260/1302 4610/271/1318 4595/262/1303
f 4588/264/1296 4451/272/1159 4603/273/1311
f 4497/274/1205 4602/261/1310 4617/270/1325
f 4596/266/1304 4610/271/1318 4611/275/1319
f 4588/264/1296 4604/276/1312 4589/267/1345
f 4597/252/1305 4611/275/1319 4612/277/1320
f 4589/267/1345 4605/278/1313 4590/268/1298
f 4598/253/1306 4612/277/1320 4613/279/1321
f 4590/268/1298 4606/280/1314 4591/254/1299
f 4599/255/1307 4613/279/1321 4614/281/1322
f 4591/254/1299 4607/282/1315 4592/256/1300
f 4600/257/1308 4614/281/1322 4615/283/1323
f 4592/256/1300 4608/284/1316 4593/258/1301
f 4601/259/1346 4615/283/1323 4616/269/1324
f 4593/258/1301 4609/285/1317 4594/260/1302
f 4605/278/1313 4620/4/1328 4606/280/1314
f 4614/281/1322 4375/3/1083 4623/8/1331
f 4606/280/1314 4371/9/1079 4607/282/1315
f 4615/283/1323 4623/8/1331 4624/12/1332
f 4607/282/1315 4621/13/1329 4608/284/1316
f 4616/269/1324 4624/12/1332 4625/16/1333
f 4608/284/1316 4372/17/1080 4609/285/1317
f 4617/270/1325 4625/16/1333 4626/20/1334
f 4609/285/1317 4373/21/1081 4610/271/1318
f 4603/273/1311 4451/286/1159 4618/23/1326
f 4497/287/1205 4617/270/1325 4626/20/1334
f 4611/275/1319 4373/21/1081 4374/28/1082
f 4603/273/1311 4619/29/1327 4604/276/1312
f 4612/277/1320 4374/28/1082 4622/1/1330
f 4604/276/1312 4370/32/1078 4605/278/1313
f 4613/279/1321 4622/1/1330 4375/3/1083
f 4879/1/1330 4643/2/1094 4632/3/1083
f 4877/4/1328 4635/5/1086 4636/6/1087
f 4632/3/1083 4644/7/1095 4880/8/1331
f 4628/9/1079 4636/6/1087 4637/10/1088
f 4880/8/1331 4645/11/1096 4881/12/1332
f 4878/13/1329 4637/10/1088 4638/14/1089
f 4881/12/1332 4646/15/1097 4882/16/1333
f 4629/17/1080 4638/14/1089 4639/18/1090
f 4882/16/1333 4647/19/1098 4883/20/1334
f 4630/21/1081 4639/18/1090 4640/22/1091
f 4875/23/1326 4708/24/1159 4633/25/1084
f 4754/26/1205 4883/20/1334 4647/19/1098
f 4630/21/1081 4641/27/1092 4631/28/1082
f 4876/29/1327 4633/25/1084 4634/30/1085
f 4631/28/1082 4642/31/1093 4879/1/1330
f 4627/32/1078 4634/30/1085 4635/5/1086
f 4641/27/1092 4657/33/1108 4642/31/1093
f 4635/5/1086 4649/34/1100 4650/35/1101
f 4642/31/1093 4658/36/1109 4643/2/1094
f 4636/6/1087 4650/35/1101 4651/37/1102
f 4643/2/1094 4659/38/1110 4644/7/1095
f 4637/10/1088 4651/37/1102 4652/39/1103
f 4644/7/1095 4660/40/1111 4645/11/1096
f 4638/14/1089 4652/39/1103 4653/41/1104
f 4645/11/1096 4661/42/1347 4646/15/1097
f 4639/18/1090 4653/41/1104 4654/43/1105
f 4646/15/1097 4662/44/1113 4647/19/1098
f 4640/22/1091 4654/43/1105 4655/45/1106
f 4633/25/1084 4708/46/1159 4648/47/1099
f 4754/48/1205 4647/19/1098 4662/44/1113
f 4640/22/1091 4656/49/1107 4641/27/1092
f 4634/30/1085 4648/47/1099 4649/34/1100
f 4660/40/1111 4676/50/1127 4661/42/1347
f 4654/43/1105 4668/51/1119 4669/52/1120
f 4661/42/1347 4677/53/1128 4662/44/1113
f 4655/45/1106 4669/52/1120 4670/54/1121
f 4648/47/1099 4708/55/1159 4663/56/1114
f 4754/57/1205 4662/44/1113 4677/53/1128
f 4655/45/1106 4671/58/1122 4656/49/1107
f 4649/34/1100 4663/56/1114 4664/59/1115
f 4656/49/1107 4672/60/1123 4657/33/1108
f 4650/35/1101 4664/59/1115 4665/61/1116
f 4657/33/1108 4673/62/1124 4658/36/1109
f 4651/37/1102 4665/61/1116 4666/63/1117
f 4658/36/1109 4674/64/1125 4659/38/1110
f 4652/39/1103 4666/63/1117 4667/65/1118
f 4659/38/1110 4675/66/1126 4660/40/1111
f 4653/41/1104 4667/65/1118 4668/51/1119
f 4665/61/1116 4679/67/1130 4680/68/1131
f 4672/60/1123 4688/69/1139 4673/62/1124
f 4666/63/1117 4680/68/1131 4681/70/1132
f 4673/62/1124 4689/71/1140 4674/64/1125
f 4667/65/1118 4681/70/1132 4682/72/1348
f 4674/64/1125 4690/73/1141 4675/66/1126
f 4668/51/1119 4682/72/1348 4683/74/1134
f 4675/66/1126 4691/75/1142 4676/50/1127
f 4669/52/1120 4683/74/1134 4684/76/1135
f 4676/50/1127 4692/77/1143 4677/53/1128
f 4670/54/1121 4684/76/1135 4685/78/1136
f 4663/56/1114 4708/79/1159 4678/80/1129
f 4754/81/1205 4677/53/1128 4692/77/1143
f 4670/54/1121 4686/82/1137 4671/58/1122
f 4664/59/1115 4678/80/1129 4679/67/1130
f 4671/58/1122 4687/83/1138 4672/60/1123
f 4684/76/1135 4698/84/1149 4699/85/1150
f 4691/75/1142 4707/86/1158 4692/77/1143
f 4685/78/1136 4699/85/1150 4700/87/1151
f 4678/80/1129 4708/88/1159 4693/89/1144
f 4754/90/1205 4692/77/1143 4707/86/1158
f 4685/78/1136 4701/91/1152 4686/82/1137
f 4679/67/1130 4693/89/1144 4694/92/1336
f 4686/82/1137 4702/93/1153 4687/83/1138
f 4680/68/1131 4694/92/1336 4695/94/1146
f 4687/83/1138 4703/95/1154 4688/69/1139
f 4681/70/1132 4695/94/1146 4696/96/1147
f 4688/69/1139 4704/97/1155 4689/71/1140
f 4682/72/1348 4696/96/1147 4697/98/1148
f 4689/71/1140 4705/99/1156 4690/73/1141
f 4683/74/1134 4697/98/1148 4698/84/1149
f 4690/73/1141 4706/100/1337 4691/75/1142
f 4702/93/1153 4719/101/1170 4703/95/1154
f 4696/96/1147 4711/102/1162 4712/103/1163
f 4703/95/1154 4720/104/1171 4704/97/1155
f 4697/98/1148 4712/103/1163 4713/105/1164
f 4704/97/1155 4721/106/1172 4705/99/1156
f 4698/84/1149 4713/105/1164 4714/107/1165
f 4705/99/1156 4722/108/1173 4706/100/1337
f 4699/85/1150 4714/107/1165 4715/109/1166
f 4706/100/1337 4723/110/1174 4707/86/1158
f 4700/87/1151 4715/109/1166 4716/111/1167
f 4693/89/1144 4708/112/1159 4709/113/1160
f 4754/114/1205 4707/86/1158 4723/110/1174
f 4700/87/1151 4717/115/1168 4701/91/1152
f 4694/92/1336 4709/113/1160 4710/116/1161
f 4701/91/1152 4718/117/1169 4702/93/1153
f 4695/94/1146 4710/116/1161 4711/102/1162
f 4722/108/1173 4738/118/1189 4723/110/1174
f 4716/111/1167 4730/119/1181 4731/120/1182
f 4709/113/1160 4708/121/1159 4724/122/1175
f 4754/123/1205 4723/110/1174 4738/118/1189
f 4716/111/1167 4732/124/1183 4717/115/1168
f 4710/116/1161 4724/122/1175 4725/125/1176
f 4717/115/1168 4733/126/1184 4718/117/1169
f 4711/102/1162 4725/125/1176 4726/127/1338
f 4718/117/1169 4734/128/1185 4719/101/1170
f 4712/103/1163 4726/127/1338 4727/129/1178
f 4719/101/1170 4735/130/1186 4720/104/1171
f 4713/105/1164 4727/129/1178 4728/131/1179
f 4720/104/1171 4736/132/1339 4721/106/1172
f 4714/107/1165 4728/131/1179 4729/133/1180
f 4721/106/1172 4737/134/1188 4722/108/1173
f 4715/109/1166 4729/133/1180 4730/119/1181
f 4727/129/1178 4741/135/1192 4742/136/1193
f 4734/128/1185 4750/137/1201 4735/130/1186
f 4728/131/1179 4742/136/1193 4743/138/1194
f 4735/130/1186 4751/139/1202 4736/132/1339
f 4729/133/1180 4743/138/1194 4744/140/1195
f 4736/132/1339 4752/141/1203 4737/134/1188
f 4730/119/1181 4744/140/1195 4745/142/1196
f 4737/134/1188 4753/143/1204 4738/118/1189
f 4731/120/1182 4745/142/1196 4746/144/1197
f 4724/122/1175 4708/145/1159 4739/146/1190
f 4754/147/1205 4738/118/1189 4753/143/1204
f 4731/120/1182 4747/148/1340 4732/124/1183
f 4725/125/1176 4739/146/1190 4740/149/1191
f 4732/124/1183 4748/150/1199 4733/126/1184
f 4726/127/1338 4740/149/1191 4741/135/1192
f 4733/126/1184 4749/151/1200 4734/128/1185
f 4767/152/1218 4781/153/1232 4782/154/1233
f 4759/155/1210 4775/156/1226 4760/157/1211
f 4768/158/1219 4782/154/1233 4783/159/1234
f 4760/157/1211 4776/160/1227 4761/161/1212
f 4769/162/1220 4783/159/1234 4784/163/1235
f 4761/161/1212 4777/164/1228 4762/165/1213
f 4755/166/1206 4708/167/1159 4770/168/1221
f 4754/169/1205 4769/162/1220 4784/163/1235
f 4763/170/1341 4777/164/1228 4778/171/1229
f 4755/166/1206 4771/172/1222 4756/173/1207
f 4764/174/1215 4778/171/1229 4779/175/1230
f 4756/173/1207 4772/176/1223 4757/177/1208
f 4765/178/1216 4779/175/1230 4780/179/1231
f 4757/177/1208 4773/180/1224 4758/181/1209
f 4766/182/1217 4780/179/1231 4781/153/1232
f 4758/181/1209 4774/183/1225 4759/155/1210
f 4770/168/1221 4786/184/1237 4771/172/1222
f 4779/175/1230 4793/185/1244 4794/186/1245
f 4771/172/1222 4787/187/1238 4772/176/1223
f 4780/179/1231 4794/186/1245 4795/188/1246
f 4772/176/1223 4788/189/1239 4773/180/1224
f 4781/153/1232 4795/188/1246 4796/190/1247
f 4773/180/1224 4789/191/1240 4774/183/1225
f 4782/154/1233 4796/190/1247 4797/192/1248
f 4774/183/1225 4790/193/1241 4775/156/1226
f 4783/159/1234 4797/192/1248 4798/194/1249
f 4775/156/1226 4791/195/1242 4776/160/1227
f 4784/163/1235 4798/194/1249 4799/196/1250
f 4776/160/1227 4792/197/1243 4777/164/1228
f 4770/168/1221 4708/198/1159 4785/199/1236
f 4754/200/1205 4784/163/1235 4799/196/1250
f 4778/171/1229 4792/197/1243 4793/185/1244
f 4789/191/1240 4805/201/1256 4790/193/1241
f 4798/194/1249 4812/202/1263 4813/203/1264
f 4790/193/1241 4806/204/1257 4791/195/1242
f 4799/196/1250 4813/203/1264 4814/205/1265
f 4791/195/1242 4807/206/1258 4792/197/1243
f 4785/199/1236 4708/207/1159 4800/208/1251
f 4754/209/1205 4799/196/1250 4814/205/1265
f 4793/185/1244 4807/206/1258 4808/210/1259
f 4785/199/1236 4801/211/1252 4786/184/1237
f 4794/186/1245 4808/210/1259 4809/212/1260
f 4786/184/1237 4802/213/1253 4787/187/1238
f 4795/188/1246 4809/212/1260 4810/214/1261
f 4787/187/1238 4803/215/1254 4788/189/1239
f 4796/190/1247 4810/214/1261 4811/216/1262
f 4788/189/1239 4804/217/1255 4789/191/1240
f 4797/192/1248 4811/216/1262 4812/202/1263
f 4809/212/1260 4823/218/1274 4824/219/1275
f 4801/211/1252 4817/220/1268 4802/213/1253
f 4810/214/1261 4824/219/1275 4825/221/1344
f 4802/213/1253 4818/222/1269 4803/215/1254
f 4811/216/1262 4825/221/1344 4826/223/1277
f 4803/215/1254 4819/224/1349 4804/217/1255
f 4812/202/1263 4826/223/1277 4827/225/1278
f 4804/217/1255 4820/226/1271 4805/201/1256
f 4813/203/1264 4827/225/1278 4828/227/1279
f 4805/201/1256 4821/228/1272 4806/204/1257
f 4814/205/1265 4828/227/1279 4829/229/1280
f 4806/204/1257 4822/230/1273 4807/206/1258
f 4800/208/1251 4708/231/1159 4815/232/1266
f 4754/233/1205 4814/205/1265 4829/229/1280
f 4808/210/1259 4822/230/1273 4823/218/1274
f 4800/208/1251 4816/234/1267 4801/211/1252
f 4828/227/1279 4842/235/1293 4843/236/1294
f 4820/226/1271 4836/237/1287 4821/228/1272
f 4829/229/1280 4843/236/1294 4844/238/1295
f 4821/228/1272 4837/239/1288 4822/230/1273
f 4815/232/1266 4708/240/1159 4830/241/1281
f 4754/242/1205 4829/229/1280 4844/238/1295
f 4823/218/1274 4837/239/1288 4838/243/1289
f 4815/232/1266 4831/244/1282 4816/234/1267
f 4824/219/1275 4838/243/1289 4839/245/1290
f 4816/234/1267 4832/246/1283 4817/220/1268
f 4825/221/1344 4839/245/1290 4840/247/1291
f 4817/220/1268 4833/248/1284 4818/222/1269
f 4826/223/1277 4840/247/1291 4841/249/1292
f 4818/222/1269 4834/250/1285 4819/224/1349
f 4827/225/1278 4841/249/1292 4842/235/1293
f 4819/224/1349 4835/251/1286 4820/226/1271
f 4840/247/1291 4854/252/1305 4855/253/1306
f 4832/246/1283 4848/254/1299 4833/248/1284
f 4841/249/1292 4855/253/1306 4856/255/1307
f 4833/248/1284 4849/256/1300 4834/250/1285
f 4842/235/1293 4856/255/1307 4857/257/1308
f 4834/250/1285 4850/258/1301 4835/251/1286
f 4843/236/1294 4857/257/1308 4858/259/1346
f 4835/251/1286 4851/260/1302 4836/237/1287
f 4844/238/1295 4858/259/1346 4859/261/1310
f 4836/237/1287 4852/262/1303 4837/239/1288
f 4830/241/1281 4708/263/1159 4845/264/1296
f 4754/265/1205 4844/238/1295 4859/261/1310
f 4838/243/1289 4852/262/1303 4853/266/1304
f 4830/241/1281 4846/267/1345 4831/244/1282
f 4839/245/1290 4853/266/1304 4854/252/1305
f 4831/244/1282 4847/268/1298 4832/246/1283
f 4859/261/1310 4873/269/1324 4874/270/1325
f 4851/260/1302 4867/271/1318 4852/262/1303
f 4845/264/1296 4708/272/1159 4860/273/1311
f 4754/274/1205 4859/261/1310 4874/270/1325
f 4853/266/1304 4867/271/1318 4868/275/1319
f 4845/264/1296 4861/276/1312 4846/267/1345
f 4854/252/1305 4868/275/1319 4869/277/1320
f 4846/267/1345 4862/278/1313 4847/268/1298
f 4855/253/1306 4869/277/1320 4870/279/1321
f 4847/268/1298 4863/280/1314 4848/254/1299
f 4856/255/1307 4870/279/1321 4871/281/1322
f 4848/254/1299 4864/282/1315 4849/256/1300
f 4857/257/1308 4871/281/1322 4872/283/1323
f 4849/256/1300 4865/284/1316 4850/258/1301
f 4858/259/1346 4872/283/1323 4873/269/1324
f 4850/258/1301 4866/285/1317 4851/260/1302
f 4862/278/1313 4877/4/1328 4863/280/1314
f 4871/281/1322 4632/3/1083 4880/8/1331
f 4863/280/1314 4628/9/1079 4864/282/1315
f 4872/283/1323 4880/8/1331 4881/12/1332
f 4864/282/1315 4878/13/1329 4865/284/1316
f 4873/269/1324 4881/12/1332 4882/16/1333
f 4865/284/1316 4629/17/1080 4866/285/1317
f 4874/270/1325 4882/16/1333 4883/20/1334
f 4866/285/1317 4630/21/1081 4867/271/1318
f 4860/273/1311 4708/286/1159 4875/23/1326
f 4754/287/1205 4874/270/1325 4883/20/1334
f 4868/275/1319 4630/21/1081 4631/28/1082
f 4860/273/1311 4876/29/1327 4861/276/1312
f 4869/277/1320 4631/28/1082 4879/1/1330
f 4861/276/1312 4627/32/1078 4862/278/1313
f 4870/279/1321 4879/1/1330 4632/3/1083
f 5136/1/1330 4900/2/1094 4889/3/1083
f 5134/4/1328 4892/5/1086 4893/6/1087
f 4889/3/1083 4901/7/1095 5137/8/1331
f 4885/9/1079 4893/6/1087 4894/10/1088
f 5137/8/1331 4902/11/1096 5138/12/1332
f 5135/13/1329 4894/10/1088 4895/14/1089
f 5138/12/1332 4903/15/1097 5139/16/1333
f 4886/17/1080 4895/14/1089 4896/18/1090
f 5139/16/1333 4904/19/1098 5140/20/1334
f 4887/21/1081 4896/18/1090 4897/22/1091
f 5132/23/1326 4965/24/1159 4890/25/1084
f 5011/26/1205 5140/20/1334 4904/19/1098
f 4887/21/1081 4898/27/1092 4888/28/1082
f 5133/29/1327 4890/25/1084 4891/30/1085
f 4888/28/1082 4899/31/1093 5136/1/1330
f 4884/32/1078 4891/30/1085 4892/5/1086
f 4898/27/1092 4914/33/1108 4899/31/1093
f 4892/5/1086 4906/34/1350 4907/35/1101
f 4899/31/1093 4915/36/1109 4900/2/1094
f 4893/6/1087 4907/35/1101 4908/37/1102
f 4900/2/1094 4916/38/1110 4901/7/1095
f 4894/10/1088 4908/37/1102 4909/39/1103
f 4901/7/1095 4917/40/1111 4902/11/1096
f 4895/14/1089 4909/39/1103 4910/41/1104
f 4902/11/1096 4918/42/1347 4903/15/1097
f 4896/18/1090 4910/41/1104 4911/43/1105
f 4903/15/1097 4919/44/1113 4904/19/1098
f 4897/22/1091 4911/43/1105 4912/45/1106
f 4890/25/1084 4965/46/1159 4905/47/1099
f 5011/48/1205 4904/19/1098 4919/44/1113
f 4897/22/1091 4913/49/1107 4898/27/1092
f 4891/30/1085 4905/47/1099 4906/34/1350
f 4917/40/1111 4933/50/1127 4918/42/1347
f 4911/43/1105 4925/51/1119 4926/52/1120
f 4918/42/1347 4934/53/1128 4919/44/1113
f 4912/45/1106 4926/52/1120 4927/54/1121
f 4905/47/1099 4965/55/1159 4920/56/1114
f 5011/57/1205 4919/44/1113 4934/53/1128
f 4912/45/1106 4928/58/1122 4913/49/1107
f 4906/34/1350 4920/56/1114 4921/59/1115
f 4913/49/1107 4929/60/1123 4914/33/1108
f 4907/35/1101 4921/59/1115 4922/61/1116
f 4914/33/1108 4930/62/1124 4915/36/1109
f 4908/37/1102 4922/61/1116 4923/63/1117
f 4915/36/1109 4931/64/1125 4916/38/1110
f 4909/39/1103 4923/63/1117 4924/65/1118
f 4916/38/1110 4932/66/1126 4917/40/1111
f 4910/41/1104 4924/65/1118 4925/51/1119
f 4922/61/1116 4936/67/1130 4937/68/1131
f 4929/60/1123 4945/69/1139 4930/62/1124
f 4923/63/1117 4937/68/1131 4938/70/1132
f 4930/62/1124 4946/71/1140 4931/64/1125
f 4924/65/1118 4938/70/1132 4939/72/1133
f 4931/64/1125 4947/73/1141 4932/66/1126
f 4925/51/1119 4939/72/1133 4940/74/1134
f 4932/66/1126 4948/75/1142 4933/50/1127
f 4926/52/1120 4940/74/1134 4941/76/1135
f 4933/50/1127 4949/77/1143 4934/53/1128
f 4927/54/1121 4941/76/1135 4942/78/1136
f 4920/56/1114 4965/79/1159 4935/80/1129
f 5011/81/1205 4934/53/1128 4949/77/1143
f 4927/54/1121 4943/82/1137 4928/58/1122
f 4921/59/1115 4935/80/1129 4936/67/1130
f 4928/58/1122 4944/83/1138 4929/60/1123
f 4941/76/1135 4955/84/1149 4956/85/1150
f 4948/75/1142 4964/86/1158 4949/77/1143
f 4942/78/1136 4956/85/1150 4957/87/1151
f 4935/80/1129 4965/88/1159 4950/89/1144
f 5011/90/1205 4949/77/1143 4964/86/1158
f 4942/78/1136 4958/91/1152 4943/82/1137
f 4936/67/1130 4950/89/1144 4951/92/1145
f 4943/82/1137 4959/93/1153 4944/83/1138
f 4937/68/1131 4951/92/1145 4952/94/1146
f 4944/83/1138 4960/95/1154 4945/69/1139
f 4938/70/1132 4952/94/1146 4953/96/1147
f 4945/69/1139 4961/97/1155 4946/71/1140
f 4939/72/1133 4953/96/1147 4954/98/1148
f 4946/71/1140 4962/99/1156 4947/73/1141
f 4940/74/1134 4954/98/1148 4955/84/1149
f 4947/73/1141 4963/100/1157 4948/75/1142
f 4959/93/1153 4976/101/1170 4960/95/1154
f 4953/96/1147 4968/102/1162 4969/103/1163
f 4960/95/1154 4977/104/1171 4961/97/1155
f 4954/98/1148 4969/103/1163 4970/105/1164
f 4961/97/1155 4978/106/1172 4962/99/1156
f 4955/84/1149 4970/105/1164 4971/107/1165
f 4962/99/1156 4979/108/1173 4963/100/1157
f 4956/85/1150 4971/107/1165 4972/109/1166
f 4963/100/1157 4980/110/1174 4964/86/1158
f 4957/87/1151 4972/109/1166 4973/111/1167
f 4950/89/1144 4965/112/1159 4966/113/1160
f 5011/114/1205 4964/86/1158 4980/110/1174
f 4957/87/1151 4974/115/1168 4958/91/1152
f 4951/92/1145 4966/113/1160 4967/116/1161
f 4958/91/1152 4975/117/1169 4959/93/1153
f 4952/94/1146 4967/116/1161 4968/102/1162
f 4979/108/1173 4995/118/1189 4980/110/1174
f 4973/111/1167 4987/119/1181 4988/120/1182
f 4966/113/1160 4965/121/1159 4981/122/1175
f 5011/123/1205 4980/110/1174 4995/118/1189
f 4973/111/1167 4989/124/1183 4974/115/1168
f 4967/116/1161 4981/122/1175 4982/125/1176
f 4974/115/1168 4990/126/1184 4975/117/1169
f 4968/102/1162 4982/125/1176 4983/127/1177
f 4975/117/1169 4991/128/1185 4976/101/1170
f 4969/103/1163 4983/127/1177 4984/129/1178
f 4976/101/1170 4992/130/1186 4977/104/1171
f 4970/105/1164 4984/129/1178 4985/131/1179
f 4977/104/1171 4993/132/1187 4978/106/1172
f 4971/107/1165 4985/131/1179 4986/133/1180
f 4978/106/1172 4994/134/1188 4979/108/1173
f 4972/109/1166 4986/133/1180 4987/119/1181
f 4984/129/1178 4998/135/1192 4999/136/1193
f 4991/128/1185 5007/137/1201 4992/130/1186
f 4985/131/1179 4999/136/1193 5000/138/1194
f 4992/130/1186 5008/139/1202 4993/132/1187
f 4986/133/1180 5000/138/1194 5001/140/1195
f 4993/132/1187 5009/141/1203 4994/134/1188
f 4987/119/1181 5001/140/1195 5002/142/1196
f 4994/134/1188 5010/143/1204 4995/118/1189
f 4988/120/1182 5002/142/1196 5003/144/1197
f 4981/122/1175 4965/145/1159 4996/146/1190
f 5011/147/1205 4995/118/1189 5010/143/1204
f 4988/120/1182 5004/148/1198 4989/124/1183
f 4982/125/1176 4996/146/1190 4997/149/1191
f 4989/124/1183 5005/150/1199 4990/126/1184
f 4983/127/1177 4997/149/1191 4998/135/1192
f 4990/126/1184 5006/151/1200 4991/128/1185
f 5024/152/1218 5038/153/1232 5039/154/1233
f 5016/155/1210 5032/156/1226 5017/157/1211
f 5025/158/1219 5039/154/1233 5040/159/1234
f 5017/157/1211 5033/160/1227 5018/161/1212
f 5026/162/1220 5040/159/1234 5041/163/1235
f 5018/161/1212 5034/164/1228 5019/165/1213
f 5012/166/1206 4965/167/1159 5027/168/1221
f 5011/169/1205 5026/162/1220 5041/163/1235
f 5020/170/1214 5034/164/1228 5035/171/1229
f 5012/166/1206 5028/172/1222 5013/173/1207
f 5021/174/1215 5035/171/1229 5036/175/1230
f 5013/173/1207 5029/176/1223 5014/177/1208
f 5022/178/1216 5036/175/1230 5037/179/1231
f 5014/177/1208 5030/180/1224 5015/181/1209
f 5023/182/1217 5037/179/1231 5038/153/1232
f 5015/181/1209 5031/183/1225 5016/155/1210
f 5027/168/1221 5043/184/1237 5028/172/1222
f 5036/175/1230 5050/185/1244 5051/186/1245
f 5028/172/1222 5044/187/1238 5029/176/1223
f 5037/179/1231 5051/186/1245 5052/188/1246
f 5029/176/1223 5045/189/1239 5030/180/1224
f 5038/153/1232 5052/188/1246 5053/190/1247
f 5030/180/1224 5046/191/1240 5031/183/1225
f 5039/154/1233 5053/190/1247 5054/192/1248
f 5031/183/1225 5047/193/1241 5032/156/1226
f 5040/159/1234 5054/192/1248 5055/194/1249
f 5032/156/1226 5048/195/1242 5033/160/1227
f 5041/163/1235 5055/194/1249 5056/196/1250
f 5033/160/1227 5049/197/1243 5034/164/1228
f 5027/168/1221 4965/198/1159 5042/199/1236
f 5011/200/1205 5041/163/1235 5056/196/1250
f 5035/171/1229 5049/197/1243 5050/185/1244
f 5046/191/1240 5062/201/1256 5047/193/1241
f 5055/194/1249 5069/202/1263 5070/203/1264
f 5047/193/1241 5063/204/1257 5048/195/1242
f 5056/196/1250 5070/203/1264 5071/205/1265
f 5048/195/1242 5064/206/1258 5049/197/1243
f 5042/199/1236 4965/207/1159 5057/208/1251
f 5011/209/1205 5056/196/1250 5071/205/1265
f 5050/185/1244 5064/206/1258 5065/210/1259
f 5042/199/1236 5058/211/1252 5043/184/1237
f 5051/186/1245 5065/210/1259 5066/212/1260
f 5043/184/1237 5059/213/1253 5044/187/1238
f 5052/188/1246 5066/212/1260 5067/214/1261
f 5044/187/1238 5060/215/1254 5045/189/1239
f 5053/190/1247 5067/214/1261 5068/216/1262
f 5045/189/1239 5061/217/1255 5046/191/1240
f 5054/192/1248 5068/216/1262 5069/202/1263
f 5066/212/1260 5080/218/1274 5081/219/1275
f 5058/211/1252 5074/220/1268 5059/213/1253
f 5067/214/1261 5081/219/1275 5082/221/1276
f 5059/213/1253 5075/222/1269 5060/215/1254
f 5068/216/1262 5082/221/1276 5083/223/1277
f 5060/215/1254 5076/224/1270 5061/217/1255
f 5069/202/1263 5083/223/1277 5084/225/1278
f 5061/217/1255 5077/226/1271 5062/201/1256
f 5070/203/1264 5084/225/1278 5085/227/1279
f 5062/201/1256 5078/228/1272 5063/204/1257
f 5071/205/1265 5085/227/1279 5086/229/1280
f 5063/204/1257 5079/230/1273 5064/206/1258
f 5057/208/1251 4965/231/1159 5072/232/1266
f 5011/233/1205 5071/205/1265 5086/229/1280
f 5065/210/1259 5079/230/1273 5080/218/1274
f 5057/208/1251 5073/234/1267 5058/211/1252
f 5085/227/1279 5099/235/1293 5100/236/1294
f 5077/226/1271 5093/237/1287 5078/228/1272
f 5086/229/1280 5100/236/1294 5101/238/1295
f 5078/228/1272 5094/239/1288 5079/230/1273
f 5072/232/1266 4965/240/1159 5087/241/1281
f 5011/242/1205 5086/229/1280 5101/238/1295
f 5080/218/1274 5094/239/1288 5095/243/1289
f 5072/232/1266 5088/244/1282 5073/234/1267
f 5081/219/1275 5095/243/1289 5096/245/1290
f 5073/234/1267 5089/246/1283 5074/220/1268
f 5082/221/1276 5096/245/1290 5097/247/1291
f 5074/220/1268 5090/248/1284 5075/222/1269
f 5083/223/1277 5097/247/1291 5098/249/1292
f 5075/222/1269 5091/250/1285 5076/224/1270
f 5084/225/1278 5098/249/1292 5099/235/1293
f 5076/224/1270 5092/251/1286 5077/226/1271
f 5097/247/1291 5111/252/1305 5112/253/1306
f 5089/246/1283 5105/254/1299 5090/248/1284
f 5098/249/1292 5112/253/1306 5113/255/1307
f 5090/248/1284 5106/256/1300 5091/250/1285
f 5099/235/1293 5113/255/1307 5114/257/1308
f 5091/250/1285 5107/258/1301 5092/251/1286
f 5100/236/1294 5114/257/1308 5115/259/1309
f 5092/251/1286 5108/260/1302 5093/237/1287
f 5101/238/1295 5115/259/1309 5116/261/1310
f 5093/237/1287 5109/262/1303 5094/239/1288
f 5087/241/1281 4965/263/1159 5102/264/1296
f 5011/265/1205 5101/238/1295 5116/261/1310
f 5095/243/1289 5109/262/1303 5110/266/1304
f 5087/241/1281 5103/267/1297 5088/244/1282
f 5096/245/1290 5110/266/1304 5111/252/1305
f 5088/244/1282 5104/268/1298 5089/246/1283
f 5116/261/1310 5130/269/1324 5131/270/1325
f 5108/260/1302 5124/271/1318 5109/262/1303
f 5102/264/1296 4965/272/1159 5117/273/1311
f 5011/274/1205 5116/261/1310 5131/270/1325
f 5110/266/1304 5124/271/1318 5125/275/1319
f 5102/264/1296 5118/276/1312 5103/267/1297
f 5111/252/1305 5125/275/1319 5126/277/1320
f 5103/267/1297 5119/278/1313 5104/268/1298
f 5112/253/1306 5126/277/1320 5127/279/1321
f 5104/268/1298 5120/280/1314 5105/254/1299
f 5113/255/1307 5127/279/1321 5128/281/1322
f 5105/254/1299 5121/282/1315 5106/256/1300
f 5114/257/1308 5128/281/1322 5129/283/1323
f 5106/256/1300 5122/284/1316 5107/258/1301
f 5115/259/1309 5129/283/1323 5130/269/1324
f 5107/258/1301 5123/285/1317 5108/260/1302
f 5119/278/1313 5134/4/1328 5120/280/1314
f 5128/281/1322 4889/3/1083 5137/8/1331
f 5120/280/1314 4885/9/1079 5121/282/1315
f 5129/283/1323 5137/8/1331 5138/12/1332
f 5121/282/1315 5135/13/1329 5122/284/1316
f 5130/269/1324 5138/12/1332 5139/16/1333
f 5122/284/1316 4886/17/1080 5123/285/1317
f 5131/270/1325 5139/16/1333 5140/20/1334
f 5123/285/1317 4887/21/1081 5124/271/1318
f 5117/273/1311 4965/286/1159 5132/23/1326
f 5011/287/1205 5131/270/1325 5140/20/1334
f 5125/275/1319 4887/21/1081 4888/28/1082
f 5117/273/1311 5133/29/1327 5118/276/1312
f 5126/277/1320 4888/28/1082 5136/1/1330
f 5118/276/1312 4884/32/1078 5119/278/1313
f 5127/279/1321 5136/1/1330 4889/3/1083
f 5393/1/1603 5157/2/1367 5146/3/1356
f 5391/4/1601 5149/5/1359 5150/6/1360
f 5146/3/1356 5158/7/1368 5394/8/1604
f 5142/9/1352 5150/6/1360 5151/10/1361
f 5394/8/1604 5159/11/1369 5395/12/1605
f 5392/13/1602 5151/10/1361 5152/14/1362
f 5395/12/1605 5160/15/1370 5396/16/1606
f 5143/17/1353 5152/14/1362 5153/18/1363
f 5396/16/1606 5161/19/1371 5397/20/1607
f 5144/21/1354 5153/18/1363 5154/22/1364
f 5389/23/1599 5222/24/1432 5147/25/1357
f 5268/26/1478 5397/20/1607 5161/19/1371
f 5144/21/1354 5155/27/1365 5145/28/1355
f 5390/29/1600 5147/25/1357 5148/30/1358
f 5145/28/1355 5156/31/1366 5393/1/1603
f 5141/32/1351 5148/30/1358 5149/5/1359
f 5155/27/1365 5171/33/1381 5156/31/1366
f 5149/5/1359 5163/34/1373 5164/35/1374
f 5156/31/1366 5172/36/1382 5157/2/1367
f 5150/6/1360 5164/35/1374 5165/37/1375
f 5157/2/1367 5173/38/1383 5158/7/1368
f 5151/10/1361 5165/37/1375 5166/39/1376
f 5158/7/1368 5174/40/1384 5159/11/1369
f 5152/14/1362 5166/39/1376 5167/41/1377
f 5159/11/1369 5175/42/1385 5160/15/1370
f 5153/18/1363 5167/41/1377 5168/43/1378
f 5160/15/1370 5176/44/1386 5161/19/1371
f 5154/22/1364 5168/43/1378 5169/45/1379
f 5147/25/1357 5222/46/1432 5162/47/1372
f 5268/48/1478 5161/19/1371 5176/44/1386
f 5154/22/1364 5170/49/1380 5155/27/1365
f 5148/30/1358 5162/47/1372 5163/34/1373
f 5174/40/1384 5190/50/1400 5175/42/1385
f 5168/43/1378 5182/51/1392 5183/52/1393
f 5175/42/1385 5191/53/1401 5176/44/1386
f 5169/45/1379 5183/52/1393 5184/54/1394
f 5162/47/1372 5222/55/1432 5177/56/1387
f 5268/57/1478 5176/44/1386 5191/53/1401
f 5169/45/1379 5185/58/1395 5170/49/1380
f 5163/34/1373 5177/56/1387 5178/59/1388
f 5170/49/1380 5186/60/1396 5171/33/1381
f 5164/35/1374 5178/59/1388 5179/61/1389
f 5171/33/1381 5187/62/1397 5172/36/1382
f 5165/37/1375 5179/61/1389 5180/63/1390
f 5172/36/1382 5188/64/1398 5173/38/1383
f 5166/39/1376 5180/63/1390 5181/65/1391
f 5173/38/1383 5189/66/1399 5174/40/1384
f 5167/41/1377 5181/65/1391 5182/51/1392
f 5179/61/1389 5193/67/1403 5194/68/1404
f 5186/60/1396 5202/69/1412 5187/62/1397
f 5180/63/1390 5194/68/1404 5195/70/1405
f 5187/62/1397 5203/71/1413 5188/64/1398
f 5181/65/1391 5195/70/1405 5196/72/1406
f 5188/64/1398 5204/73/1414 5189/66/1399
f 5182/51/1392 5196/72/1406 5197/74/1407
f 5189/66/1399 5205/75/1415 5190/50/1400
f 5183/52/1393 5197/74/1407 5198/76/1408
f 5190/50/1400 5206/77/1416 5191/53/1401
f 5184/54/1394 5198/76/1408 5199/78/1409
f 5177/56/1387 5222/79/1432 5192/80/1402
f 5268/81/1478 5191/53/1401 5206/77/1416
f 5184/54/1394 5200/82/1410 5185/58/1395
f 5178/59/1388 5192/80/1402 5193/67/1403
f 5185/58/1395 5201/83/1411 5186/60/1396
f 5198/76/1408 5212/84/1422 5213/85/1423
f 5205/75/1415 5221/86/1431 5206/77/1416
f 5199/78/1409 5213/85/1423 5214/87/1424
f 5192/80/1402 5222/88/1432 5207/89/1417
f 5268/90/1478 5206/77/1416 5221/86/1431
f 5199/78/1409 5215/91/1425 5200/82/1410
f 5193/67/1403 5207/89/1417 5208/92/1418
f 5200/82/1410 5216/93/1426 5201/83/1411
f 5194/68/1404 5208/92/1418 5209/94/1419
f 5201/83/1411 5217/95/1427 5202/69/1412
f 5195/70/1405 5209/94/1419 5210/96/1420
f 5202/69/1412 5218/97/1428 5203/71/1413
f 5196/72/1406 5210/96/1420 5211/98/1421
f 5203/71/1413 5219/99/1429 5204/73/1414
f 5197/74/1407 5211/98/1421 5212/84/1422
f 5204/73/1414 5220/100/1430 5205/75/1415
f 5216/93/1426 5233/101/1443 5217/95/1427
f 5210/96/1420 5225/102/1435 5226/103/1436
f 5217/95/1427 5234/104/1444 5218/97/1428
f 5211/98/1421 5226/103/1436 5227/105/1437
f 5218/97/1428 5235/106/1445 5219/99/1429
f 5212/84/1422 5227/105/1437 5228/107/1438
f 5219/99/1429 5236/108/1446 5220/100/1430
f 5213/85/1423 5228/107/1438 5229/109/1439
f 5220/100/1430 5237/110/1447 5221/86/1431
f 5214/87/1424 5229/109/1439 5230/111/1440
f 5207/89/1417 5222/112/1432 5223/113/1433
f 5268/114/1478 5221/86/1431 5237/110/1447
f 5214/87/1424 5231/115/1441 5215/91/1425
f 5208/92/1418 5223/113/1433 5224/116/1434
f 5215/91/1425 5232/117/1442 5216/93/1426
f 5209/94/1419 5224/116/1434 5225/102/1435
f 5236/108/1446 5252/118/1462 5237/110/1447
f 5230/111/1440 5244/119/1454 5245/120/1455
f 5223/113/1433 5222/121/1432 5238/122/1448
f 5268/123/1478 5237/110/1447 5252/118/1462
f 5230/111/1440 5246/124/1456 5231/115/1441
f 5224/116/1434 5238/122/1448 5239/125/1449
f 5231/115/1441 5247/126/1457 5232/117/1442
f 5225/102/1435 5239/125/1449 5240/127/1450
f 5232/117/1442 5248/128/1458 5233/101/1443
f 5226/103/1436 5240/127/1450 5241/129/1451
f 5233/101/1443 5249/130/1459 5234/104/1444
f 5227/105/1437 5241/129/1451 5242/131/1452
f 5234/104/1444 5250/132/1460 5235/106/1445
f 5228/107/1438 5242/131/1452 5243/133/1453
f 5235/106/1445 5251/134/1461 5236/108/1446
f 5229/109/1439 5243/133/1453 5244/119/1454
f 5241/129/1451 5255/135/1465 5256/136/1466
f 5248/128/1458 5264/137/1474 5249/130/1459
f 5242/131/1452 5256/136/1466 5257/138/1467
f 5249/130/1459 5265/139/1475 5250/132/1460
f 5243/133/1453 5257/138/1467 5258/140/1468
f 5250/132/1460 5266/141/1476 5251/134/1461
f 5244/119/1454 5258/140/1468 5259/142/1469
f 5251/134/1461 5267/143/1477 5252/118/1462
f 5245/120/1455 5259/142/1469 5260/144/1470
f 5238/122/1448 5222/145/1432 5253/146/1463
f 5268/147/1478 5252/118/1462 5267/143/1477
f 5245/120/1455 5261/148/1471 5246/124/1456
f 5239/125/1449 5253/146/1463 5254/149/1464
f 5246/124/1456 5262/150/1472 5247/126/1457
f 5240/127/1450 5254/149/1464 5255/135/1465
f 5247/126/1457 5263/151/1473 5248/128/1458
f 5281/152/1491 5295/153/1505 5296/154/1506
f 5273/155/1483 5289/156/1499 5274/157/1484
f 5282/158/1492 5296/154/1506 5297/159/1507
f 5274/157/1484 5290/160/1500 5275/161/1485
f 5283/162/1493 5297/159/1507 5298/163/1508
f 5275/161/1485 5291/164/1501 5276/165/1486
f 5269/166/1479 5222/167/1432 5284/168/1494
f 5268/169/1478 5283/162/1493 5298/163/1508
f 5277/170/1487 5291/164/1501 5292/171/1502
f 5269/166/1479 5285/172/1495 5270/173/1480
f 5278/174/1488 5292/171/1502 5293/175/1503
f 5270/173/1480 5286/176/1496 5271/177/1481
f 5279/178/1489 5293/175/1503 5294/179/1504
f 5271/177/1481 5287/180/1497 5272/181/1482
f 5280/182/1490 5294/179/1504 5295/153/1505
f 5272/181/1482 5288/183/1498 5273/155/1483
f 5284/168/1494 5300/184/1510 5285/172/1495
f 5293/175/1503 5307/185/1517 5308/186/1518
f 5285/172/1495 5301/187/1511 5286/176/1496
f 5294/179/1504 5308/186/1518 5309/188/1519
f 5286/176/1496 5302/189/1512 5287/180/1497
f 5295/153/1505 5309/188/1519 5310/190/1520
f 5287/180/1497 5303/191/1513 5288/183/1498
f 5296/154/1506 5310/190/1520 5311/192/1521
f 5288/183/1498 5304/193/1514 5289/156/1499
f 5297/159/1507 5311/192/1521 5312/194/1522
f 5289/156/1499 5305/195/1515 5290/160/1500
f 5298/163/1508 5312/194/1522 5313/196/1523
f 5290/160/1500 5306/197/1516 5291/164/1501
f 5284/168/1494 5222/198/1432 5299/199/1509
f 5268/200/1478 5298/163/1508 5313/196/1523
f 5292/171/1502 5306/197/1516 5307/185/1517
f 5303/191/1513 5319/201/1529 5304/193/1514
f 5312/194/1522 5326/202/1536 5327/203/1537
f 5304/193/1514 5320/204/1530 5305/195/1515
f 5313/196/1523 5327/203/1537 5328/205/1538
f 5305/195/1515 5321/206/1531 5306/197/1516
f 5299/199/1509 5222/207/1432 5314/208/1524
f 5268/209/1478 5313/196/1523 5328/205/1538
f 5307/185/1517 5321/206/1531 5322/210/1532
f 5299/199/1509 5315/211/1525 5300/184/1510
f 5308/186/1518 5322/210/1532 5323/212/1533
f 5300/184/1510 5316/213/1526 5301/187/1511
f 5309/188/1519 5323/212/1533 5324/214/1534
f 5301/187/1511 5317/215/1527 5302/189/1512
f 5310/190/1520 5324/214/1534 5325/216/1535
f 5302/189/1512 5318/217/1528 5303/191/1513
f 5311/192/1521 5325/216/1535 5326/202/1536
f 5323/212/1533 5337/218/1547 5338/219/1548
f 5315/211/1525 5331/220/1541 5316/213/1526
f 5324/214/1534 5338/219/1548 5339/221/1549
f 5316/213/1526 5332/222/1542 5317/215/1527
f 5325/216/1535 5339/221/1549 5340/223/1550
f 5317/215/1527 5333/224/1543 5318/217/1528
f 5326/202/1536 5340/223/1550 5341/225/1551
f 5318/217/1528 5334/226/1544 5319/201/1529
f 5327/203/1537 5341/225/1551 5342/227/1552
f 5319/201/1529 5335/228/1545 5320/204/1530
f 5328/205/1538 5342/227/1552 5343/229/1553
f 5320/204/1530 5336/230/1546 5321/206/1531
f 5314/208/1524 5222/231/1432 5329/232/1539
f 5268/233/1478 5328/205/1538 5343/229/1553
f 5322/210/1532 5336/230/1546 5337/218/1547
f 5314/208/1524 5330/234/1540 5315/211/1525
f 5342/227/1552 5356/235/1566 5357/236/1567
f 5334/226/1544 5350/237/1560 5335/228/1545
f 5343/229/1553 5357/236/1567 5358/238/1568
f 5335/228/1545 5351/239/1561 5336/230/1546
f 5329/232/1539 5222/240/1432 5344/241/1554
f 5268/242/1478 5343/229/1553 5358/238/1568
f 5337/218/1547 5351/239/1561 5352/243/1562
f 5329/232/1539 5345/244/1555 5330/234/1540
f 5338/219/1548 5352/243/1562 5353/245/1563
f 5330/234/1540 5346/246/1556 5331/220/1541
f 5339/221/1549 5353/245/1563 5354/247/1564
f 5331/220/1541 5347/248/1557 5332/222/1542
f 5340/223/1550 5354/247/1564 5355/249/1565
f 5332/222/1542 5348/250/1558 5333/224/1543
f 5341/225/1551 5355/249/1565 5356/235/1566
f 5333/224/1543 5349/251/1559 5334/226/1544
f 5354/247/1564 5368/252/1578 5369/253/1579
f 5346/246/1556 5362/254/1572 5347/248/1557
f 5355/249/1565 5369/253/1579 5370/255/1580
f 5347/248/1557 5363/256/1573 5348/250/1558
f 5356/235/1566 5370/255/1580 5371/257/1581
f 5348/250/1558 5364/258/1574 5349/251/1559
f 5357/236/1567 5371/257/1581 5372/259/1582
f 5349/251/1559 5365/260/1575 5350/237/1560
f 5358/238/1568 5372/259/1582 5373/261/1583
f 5350/237/1560 5366/262/1576 5351/239/1561
f 5344/241/1554 5222/263/1432 5359/264/1569
f 5268/265/1478 5358/238/1568 5373/261/1583
f 5352/243/1562 5366/262/1576 5367/266/1577
f 5344/241/1554 5360/267/1570 5345/244/1555
f 5353/245/1563 5367/266/1577 5368/252/1578
f 5345/244/1555 5361/268/1571 5346/246/1556
f 5373/261/1583 5387/269/1597 5388/270/1598
f 5365/260/1575 5381/271/1591 5366/262/1576
f 5359/264/1569 5222/272/1432 5374/273/1584
f 5268/274/1478 5373/261/1583 5388/270/1598
f 5367/266/1577 5381/271/1591 5382/275/1592
f 5359/264/1569 5375/276/1585 5360/267/1570
f 5368/252/1578 5382/275/1592 5383/277/1593
f 5360/267/1570 5376/278/1586 5361/268/1571
f 5369/253/1579 5383/277/1593 5384/279/1594
f 5361/268/1571 5377/280/1587 5362/254/1572
f 5370/255/1580 5384/279/1594 5385/281/1595
f 5362/254/1572 5378/282/1588 5363/256/1573
f 5371/257/1581 5385/281/1595 5386/283/1596
f 5363/256/1573 5379/284/1589 5364/258/1574
f 5372/259/1582 5386/283/1596 5387/269/1597
f 5364/258/1574 5380/285/1590 5365/260/1575
f 5376/278/1586 5391/4/1601 5377/280/1587
f 5385/281/1595 5146/3/1356 5394/8/1604
f 5377/280/1587 5142/9/1352 5378/282/1588
f 5386/283/1596 5394/8/1604 5395/12/1605
f 5378/282/1588 5392/13/1602 5379/284/1589
f 5387/269/1597 5395/12/1605 5396/16/1606
f 5379/284/1589 5143/17/1353 5380/285/1590
f 5388/270/1598 5396/16/1606 5397/20/1607
f 5380/285/1590 5144/21/1354 5381/271/1591
f 5374/273/1584 5222/286/1432 5389/23/1599
f 5268/287/1478 5388/270/1598 5397/20/1607
f 5382/275/1592 5144/21/1354 5145/28/1355
f 5374/273/1584 5390/29/1600 5375/276/1585
f 5383/277/1593 5145/28/1355 5393/1/1603
f 5375/276/1585 5141/32/1351 5376/278/1586
f 5384/279/1594 5393/1/1603 5146/3/1356
f 5650/1/1603 5414/2/1367 5403/3/1356
f 5648/4/1601 5406/5/1359 5407/6/1360
f 5403/3/1356 5415/7/1368 5651/8/1604
f 5399/9/1352 5407/6/1360 5408/10/1361
f 5651/8/1604 5416/11/1369 5652/12/1605
f 5649/13/1602 5408/10/1361 5409/14/1362
f 5652/12/1605 5417/15/1370 5653/16/1606
f 5400/17/1353 5409/14/1362 5410/18/1363
f 5653/16/1606 5418/19/1371 5654/20/1607
f 5401/21/1354 5410/18/1363 5411/22/1364
f 5646/23/1599 5479/24/1432 5404/25/1357
f 5525/26/1478 5654/20/1607 5418/19/1371
f 5401/21/1354 5412/27/1365 5402/28/1355
f 5647/29/1600 5404/25/1357 5405/30/1358
f 5402/28/1355 5413/31/1366 5650/1/1603
f 5398/32/1351 5405/30/1358 5406/5/1359
f 5412/27/1365 5428/33/1381 5413/31/1366
f 5406/5/1359 5420/34/1373 5421/35/1374
f 5413/31/1366 5429/36/1382 5414/2/1367
f 5407/6/1360 5421/35/1374 5422/37/1375
f 5414/2/1367 5430/38/1383 5415/7/1368
f 5408/10/1361 5422/37/1375 5423/39/1376
f 5415/7/1368 5431/40/1384 5416/11/1369
f 5409/14/1362 5423/39/1376 5424/41/1377
f 5416/11/1369 5432/42/1385 5417/15/1370
f 5410/18/1363 5424/41/1377 5425/43/1378
f 5417/15/1370 5433/44/1386 5418/19/1371
f 5411/22/1364 5425/43/1378 5426/45/1379
f 5404/25/1357 5479/46/1432 5419/47/1372
f 5525/48/1478 5418/19/1371 5433/44/1386
f 5411/22/1364 5427/49/1380 5412/27/1365
f 5405/30/1358 5419/47/1372 5420/34/1373
f 5431/40/1384 5447/50/1400 5432/42/1385
f 5425/43/1378 5439/51/1392 5440/52/1393
f 5432/42/1385 5448/53/1401 5433/44/1386
f 5426/45/1379 5440/52/1393 5441/54/1394
f 5419/47/1372 5479/55/1432 5434/56/1387
f 5525/57/1478 5433/44/1386 5448/53/1401
f 5426/45/1379 5442/58/1395 5427/49/1380
f 5420/34/1373 5434/56/1387 5435/59/1388
f 5427/49/1380 5443/60/1396 5428/33/1381
f 5421/35/1374 5435/59/1388 5436/61/1389
f 5428/33/1381 5444/62/1397 5429/36/1382
f 5422/37/1375 5436/61/1389 5437/63/1390
f 5429/36/1382 5445/64/1398 5430/38/1383
f 5423/39/1376 5437/63/1390 5438/65/1391
f 5430/38/1383 5446/66/1399 5431/40/1384
f 5424/41/1377 5438/65/1391 5439/51/1392
f 5436/61/1389 5450/67/1403 5451/68/1404
f 5443/60/1396 5459/69/1412 5444/62/1397
f 5437/63/1390 5451/68/1404 5452/70/1405
f 5444/62/1397 5460/71/1413 5445/64/1398
f 5438/65/1391 5452/70/1405 5453/72/1406
f 5445/64/1398 5461/73/1414 5446/66/1399
f 5439/51/1392 5453/72/1406 5454/74/1407
f 5446/66/1399 5462/75/1415 5447/50/1400
f 5440/52/1393 5454/74/1407 5455/76/1408
f 5447/50/1400 5463/77/1416 5448/53/1401
f 5441/54/1394 5455/76/1408 5456/78/1409
f 5434/56/1387 5479/79/1432 5449/80/1402
f 5525/81/1478 5448/53/1401 5463/77/1416
f 5441/54/1394 5457/82/1410 5442/58/1395
f 5435/59/1388 5449/80/1402 5450/67/1403
f 5442/58/1395 5458/83/1411 5443/60/1396
f 5455/76/1408 5469/84/1422 5470/85/1423
f 5462/75/1415 5478/86/1431 5463/77/1416
f 5456/78/1409 5470/85/1423 5471/87/1424
f 5449/80/1402 5479/88/1432 5464/89/1417
f 5525/90/1478 5463/77/1416 5478/86/1431
f 5456/78/1409 5472/91/1425 5457/82/1410
f 5450/67/1403 5464/89/1417 5465/92/1608
f 5457/82/1410 5473/93/1426 5458/83/1411
f 5451/68/1404 5465/92/1608 5466/94/1419
f 5458/83/1411 5474/95/1427 5459/69/1412
f 5452/70/1405 5466/94/1419 5467/96/1420
f 5459/69/1412 5475/97/1428 5460/71/1413
f 5453/72/1406 5467/96/1420 5468/98/1421
f 5460/71/1413 5476/99/1429 5461/73/1414
f 5454/74/1407 5468/98/1421 5469/84/1422
f 5461/73/1414 5477/100/1609 5462/75/1415
f 5473/93/1426 5490/101/1443 5474/95/1427
f 5467/96/1420 5482/102/1435 5483/103/1436
f 5474/95/1427 5491/104/1444 5475/97/1428
f 5468/98/1421 5483/103/1436 5484/105/1437
f 5475/97/1428 5492/106/1445 5476/99/1429
f 5469/84/1422 5484/105/1437 5485/107/1438
f 5476/99/1429 5493/108/1446 5477/100/1609
f 5470/85/1423 5485/107/1438 5486/109/1439
f 5477/100/1609 5494/110/1447 5478/86/1431
f 5471/87/1424 5486/109/1439 5487/111/1440
f 5464/89/1417 5479/112/1432 5480/113/1433
f 5525/114/1478 5478/86/1431 5494/110/1447
f 5471/87/1424 5488/115/1441 5472/91/1425
f 5465/92/1608 5480/113/1433 5481/116/1434
f 5472/91/1425 5489/117/1442 5473/93/1426
f 5466/94/1419 5481/116/1434 5482/102/1435
f 5493/108/1446 5509/118/1462 5494/110/1447
f 5487/111/1440 5501/119/1454 5502/120/1455
f 5480/113/1433 5479/121/1432 5495/122/1448
f 5525/123/1478 5494/110/1447 5509/118/1462
f 5487/111/1440 5503/124/1456 5488/115/1441
f 5481/116/1434 5495/122/1448 5496/125/1449
f 5488/115/1441 5504/126/1457 5489/117/1442
f 5482/102/1435 5496/125/1449 5497/127/1610
f 5489/117/1442 5505/128/1458 5490/101/1443
f 5483/103/1436 5497/127/1610 5498/129/1451
f 5490/101/1443 5506/130/1459 5491/104/1444
f 5484/105/1437 5498/129/1451 5499/131/1452
f 5491/104/1444 5507/132/1611 5492/106/1445
f 5485/107/1438 5499/131/1452 5500/133/1453
f 5492/106/1445 5508/134/1461 5493/108/1446
f 5486/109/1439 5500/133/1453 5501/119/1454
f 5498/129/1451 5512/135/1465 5513/136/1466
f 5505/128/1458 5521/137/1474 5506/130/1459
f 5499/131/1452 5513/136/1466 5514/138/1467
f 5506/130/1459 5522/139/1475 5507/132/1611
f 5500/133/1453 5514/138/1467 5515/140/1468
f 5507/132/1611 5523/141/1476 5508/134/1461
f 5501/119/1454 5515/140/1468 5516/142/1612
f 5508/134/1461 5524/143/1477 5509/118/1462
f 5502/120/1455 5516/142/1612 5517/144/1470
f 5495/122/1448 5479/145/1432 5510/146/1463
f 5525/147/1478 5509/118/1462 5524/143/1477
f 5502/120/1455 5518/148/1471 5503/124/1456
f 5496/125/1449 5510/146/1463 5511/149/1464
f 5503/124/1456 5519/150/1472 5504/126/1457
f 5497/127/1610 5511/149/1464 5512/135/1465
f 5504/126/1457 5520/151/1473 5505/128/1458
f 5538/152/1491 5552/153/1505 5553/154/1615
f 5530/155/1483 5546/156/1499 5531/157/1484
f 5539/158/1492 5553/154/1615 5554/159/1507
f 5531/157/1484 5547/160/1500 5532/161/1485
f 5540/162/1493 5554/159/1507 5555/163/1508
f 5532/161/1485 5548/164/1501 5533/165/1486
f 5526/166/1479 5479/167/1432 5541/168/1494
f 5525/169/1478 5540/162/1493 5555/163/1508
f 5534/170/1613 5548/164/1501 5549/171/1502
f 5526/166/1479 5542/172/1495 5527/173/1480
f 5535/174/1488 5549/171/1502 5550/175/1503
f 5527/173/1480 5543/176/1614 5528/177/1481
f 5536/178/1489 5550/175/1503 5551/179/1504
f 5528/177/1481 5544/180/1497 5529/181/1482
f 5537/182/1490 5551/179/1504 5552/153/1505
f 5529/181/1482 5545/183/1498 5530/155/1483
f 5541/168/1494 5557/184/1510 5542/172/1495
f 5550/175/1503 5564/185/1517 5565/186/1518
f 5542/172/1495 5558/187/1511 5543/176/1614
f 5551/179/1504 5565/186/1518 5566/188/1519
f 5543/176/1614 5559/189/1512 5544/180/1497
f 5552/153/1505 5566/188/1519 5567/190/1520
f 5544/180/1497 5560/191/1513 5545/183/1498
f 5553/154/1615 5567/190/1520 5568/192/1521
f 5545/183/1498 5561/193/1514 5546/156/1499
f 5554/159/1507 5568/192/1521 5569/194/1522
f 5546/156/1499 5562/195/1515 5547/160/1500
f 5555/163/1508 5569/194/1522 5570/196/1523
f 5547/160/1500 5563/197/1516 5548/164/1501
f 5541/168/1494 5479/198/1432 5556/199/1509
f 5525/200/1478 5555/163/1508 5570/196/1523
f 5549/171/1502 5563/197/1516 5564/185/1517
f 5560/191/1513 5576/201/1529 5561/193/1514
f 5569/194/1522 5583/202/1536 5584/203/1537
f 5561/193/1514 5577/204/1530 5562/195/1515
f 5570/196/1523 5584/203/1537 5585/205/1538
f 5562/195/1515 5578/206/1531 5563/197/1516
f 5556/199/1509 5479/207/1432 5571/208/1524
f 5525/209/1478 5570/196/1523 5585/205/1538
f 5564/185/1517 5578/206/1531 5579/210/1532
f 5556/199/1509 5572/211/1525 5557/184/1510
f 5565/186/1518 5579/210/1532 5580/212/1533
f 5557/184/1510 5573/213/1526 5558/187/1511
f 5566/188/1519 5580/212/1533 5581/214/1534
f 5558/187/1511 5574/215/1527 5559/189/1512
f 5567/190/1520 5581/214/1534 5582/216/1535
f 5559/189/1512 5575/217/1528 5560/191/1513
f 5568/192/1521 5582/216/1535 5583/202/1536
f 5580/212/1533 5594/218/1547 5595/219/1548
f 5572/211/1525 5588/220/1541 5573/213/1526
f 5581/214/1534 5595/219/1548 5596/221/1549
f 5573/213/1526 5589/222/1542 5574/215/1527
f 5582/216/1535 5596/221/1549 5597/223/1550
f 5574/215/1527 5590/224/1543 5575/217/1528
f 5583/202/1536 5597/223/1550 5598/225/1551
f 5575/217/1528 5591/226/1544 5576/201/1529
f 5584/203/1537 5598/225/1551 5599/227/1552
f 5576/201/1529 5592/228/1545 5577/204/1530
f 5585/205/1538 5599/227/1552 5600/229/1553
f 5577/204/1530 5593/230/1546 5578/206/1531
f 5571/208/1524 5479/231/1432 5586/232/1539
f 5525/233/1478 5585/205/1538 5600/229/1553
f 5579/210/1532 5593/230/1546 5594/218/1547
f 5571/208/1524 5587/234/1540 5572/211/1525
f 5599/227/1552 5613/235/1566 5614/236/1567
f 5591/226/1544 5607/237/1560 5592/228/1545
f 5600/229/1553 5614/236/1567 5615/238/1568
f 5592/228/1545 5608/239/1561 5593/230/1546
f 5586/232/1539 5479/240/1432 5601/241/1554
f 5525/242/1478 5600/229/1553 5615/238/1568
f 5594/218/1547 5608/239/1561 5609/243/1562
f 5586/232/1539 5602/244/1555 5587/234/1540
f 5595/219/1548 5609/243/1562 5610/245/1563
f 5587/234/1540 5603/246/1556 5588/220/1541
f 5596/221/1549 5610/245/1563 5611/247/1564
f 5588/220/1541 5604/248/1557 5589/222/1542
f 5597/223/1550 5611/247/1564 5612/249/1565
f 5589/222/1542 5605/250/1558 5590/224/1543
f 5598/225/1551 5612/249/1565 5613/235/1566
f 5590/224/1543 5606/251/1559 5591/226/1544
f 5611/247/1564 5625/252/1578 5626/253/1579
f 5603/246/1556 5619/254/1572 5604/248/1557
f 5612/249/1565 5626/253/1579 5627/255/1580
f 5604/248/1557 5620/256/1573 5605/250/1558
f 5613/235/1566 5627/255/1580 5628/257/1581
f 5605/250/1558 5621/258/1574 5606/251/1559
f 5614/236/1567 5628/257/1581 5629/259/1616
f 5606/251/1559 5622/260/1575 5607/237/1560
f 5615/238/1568 5629/259/1616 5630/261/1583
f 5607/237/1560 5623/262/1576 5608/239/1561
f 5601/241/1554 5479/263/1432 5616/264/1569
f 5525/265/1478 5615/238/1568 5630/261/1583
f 5609/243/1562 5623/262/1576 5624/266/1577
f 5601/241/1554 5617/267/1570 5602/244/1555
f 5610/245/1563 5624/266/1577 5625/252/1578
f 5602/244/1555 5618/268/1571 5603/246/1556
f 5630/261/1583 5644/269/1597 5645/270/1598
f 5622/260/1575 5638/271/1591 5623/262/1576
f 5616/264/1569 5479/272/1432 5631/273/1584
f 5525/274/1478 5630/261/1583 5645/270/1598
f 5624/266/1577 5638/271/1591 5639/275/1592
f 5616/264/1569 5632/276/1585 5617/267/1570
f 5625/252/1578 5639/275/1592 5640/277/1593
f 5617/267/1570 5633/278/1586 5618/268/1571
f 5626/253/1579 5640/277/1593 5641/279/1594
f 5618/268/1571 5634/280/1587 5619/254/1572
f 5627/255/1580 5641/279/1594 5642/281/1595
f 5619/254/1572 5635/282/1588 5620/256/1573
f 5628/257/1581 5642/281/1595 5643/283/1596
f 5620/256/1573 5636/284/1589 5621/258/1574
f 5629/259/1616 5643/283/1596 5644/269/1597
f 5621/258/1574 5637/285/1590 5622/260/1575
f 5633/278/1586 5648/4/1601 5634/280/1587
f 5642/281/1595 5403/3/1356 5651/8/1604
f 5634/280/1587 5399/9/1352 5635/282/1588
f 5643/283/1596 5651/8/1604 5652/12/1605
f 5635/282/1588 5649/13/1602 5636/284/1589
f 5644/269/1597 5652/12/1605 5653/16/1606
f 5636/284/1589 5400/17/1353 5637/285/1590
f 5645/270/1598 5653/16/1606 5654/20/1607
f 5637/285/1590 5401/21/1354 5638/271/1591
f 5631/273/1584 5479/286/1432 5646/23/1599
f 5525/287/1478 5645/270/1598 5654/20/1607
f 5639/275/1592 5401/21/1354 5402/28/1355
f 5631/273/1584 5647/29/1600 5632/276/1585
f 5640/277/1593 5402/28/1355 5650/1/1603
f 5632/276/1585 5398/32/1351 5633/278/1586
f 5641/279/1594 5650/1/1603 5403/3/1356
f 5907/1/1603 5671/2/1367 5660/3/1356
f 5905/4/1601 5663/5/1359 5664/6/1360
f 5660/3/1356 5672/7/1368 5908/8/1604
f 5656/9/1352 5664/6/1360 5665/10/1361
f 5908/8/1604 5673/11/1369 5909/12/1605
f 5906/13/1602 5665/10/1361 5666/14/1362
f 5909/12/1605 5674/15/1370 5910/16/1606
f 5657/17/1353 5666/14/1362 5667/18/1363
f 5910/16/1606 5675/19/1371 5911/20/1607
f 5658/21/1354 5667/18/1363 5668/22/1364
f 5903/23/1599 5736/24/1432 5661/25/1357
f 5782/26/1478 5911/20/1607 5675/19/1371
f 5658/21/1354 5669/27/1365 5659/28/1355
f 5904/29/1600 5661/25/1357 5662/30/1358
f 5659/28/1355 5670/31/1366 5907/1/1603
f 5655/32/1351 5662/30/1358 5663/5/1359
f 5669/27/1365 5685/33/1381 5670/31/1366
f 5663/5/1359 5677/34/1373 5678/35/1374
f 5670/31/1366 5686/36/1382 5671/2/1367
f 5664/6/1360 5678/35/1374 5679/37/1375
f 5671/2/1367 5687/38/1383 5672/7/1368
f 5665/10/1361 5679/37/1375 5680/39/1376
f 5672/7/1368 5688/40/1384 5673/11/1369
f 5666/14/1362 5680/39/1376 5681/41/1377
f 5673/11/1369 5689/42/1617 5674/15/1370
f 5667/18/1363 5681/41/1377 5682/43/1378
f 5674/15/1370 5690/44/1386 5675/19/1371
f 5668/22/1364 5682/43/1378 5683/45/1379
f 5661/25/1357 5736/46/1432 5676/47/1372
f 5782/48/1478 5675/19/1371 5690/44/1386
f 5668/22/1364 5684/49/1380 5669/27/1365
f 5662/30/1358 5676/47/1372 5677/34/1373
f 5688/40/1384 5704/50/1400 5689/42/1617
f 5682/43/1378 5696/51/1392 5697/52/1393
f 5689/42/1617 5705/53/1401 5690/44/1386
f 5683/45/1379 5697/52/1393 5698/54/1394
f 5676/47/1372 5736/55/1432 5691/56/1387
f 5782/57/1478 5690/44/1386 5705/53/1401
f 5683/45/1379 5699/58/1395 5684/49/1380
f 5677/34/1373 5691/56/1387 5692/59/1388
f 5684/49/1380 5700/60/1396 5685/33/1381
f 5678/35/1374 5692/59/1388 5693/61/1389
f 5685/33/1381 5701/62/1397 5686/36/1382
f 5679/37/1375 5693/61/1389 5694/63/1390
f 5686/36/1382 5702/64/1398 5687/38/1383
f 5680/39/1376 5694/63/1390 5695/65/1391
f 5687/38/1383 5703/66/1399 5688/40/1384
f 5681/41/1377 5695/65/1391 5696/51/1392
f 5693/61/1389 5707/67/1403 5708/68/1404
f 5700/60/1396 5716/69/1412 5701/62/1397
f 5694/63/1390 5708/68/1404 5709/70/1405
f 5701/62/1397 5717/71/1413 5702/64/1398
f 5695/65/1391 5709/70/1405 5710/72/1618
f 5702/64/1398 5718/73/1414 5703/66/1399
f 5696/51/1392 5710/72/1618 5711/74/1407
f 5703/66/1399 5719/75/1415 5704/50/1400
f 5697/52/1393 5711/74/1407 5712/76/1408
f 5704/50/1400 5720/77/1416 5705/53/1401
f 5698/54/1394 5712/76/1408 5713/78/1409
f 5691/56/1387 5736/79/1432 5706/80/1402
f 5782/81/1478 5705/53/1401 5720/77/1416
f 5698/54/1394 5714/82/1410 5699/58/1395
f 5692/59/1388 5706/80/1402 5707/67/1403
f 5699/58/1395 5715/83/1411 5700/60/1396
f 5712/76/1408 5726/84/1422 5727/85/1423
f 5719/75/1415 5735/86/1431 5720/77/1416
f 5713/78/1409 5727/85/1423 5728/87/1424
f 5706/80/1402 5736/88/1432 5721/89/1417
f 5782/90/1478 5720/77/1416 5735/86/1431
f 5713/78/1409 5729/91/1425 5714/82/1410
f 5707/67/1403 5721/89/1417 5722/92/1608
f 5714/82/1410 5730/93/1426 5715/83/1411
f 5708/68/1404 5722/92/1608 5723/94/1419
f 5715/83/1411 5731/95/1427 5716/69/1412
f 5709/70/1405 5723/94/1419 5724/96/1420
f 5716/69/1412 5732/97/1428 5717/71/1413
f 5710/72/1618 5724/96/1420 5725/98/1421
f 5717/71/1413 5733/99/1429 5718/73/1414
f 5711/74/1407 5725/98/1421 5726/84/1422
f 5718/73/1414 5734/100/1609 5719/75/1415
f 5730/93/1426 5747/101/1443 5731/95/1427
f 5724/96/1420 5739/102/1435 5740/103/1436
f 5731/95/1427 5748/104/1444 5732/97/1428
f 5725/98/1421 5740/103/1436 5741/105/1437
f 5732/97/1428 5749/106/1445 5733/99/1429
f 5726/84/1422 5741/105/1437 5742/107/1438
f 5733/99/1429 5750/108/1446 5734/100/1609
f 5727/85/1423 5742/107/1438 5743/109/1439
f 5734/100/1609 5751/110/1447 5735/86/1431
f 5728/87/1424 5743/109/1439 5744/111/1440
f 5721/89/1417 5736/112/1432 5737/113/1433
f 5782/114/1478 5735/86/1431 5751/110/1447
f 5728/87/1424 5745/115/1441 5729/91/1425
f 5722/92/1608 5737/113/1433 5738/116/1434
f 5729/91/1425 5746/117/1442 5730/93/1426
f 5723/94/1419 5738/116/1434 5739/102/1435
f 5750/108/1446 5766/118/1462 5751/110/1447
f 5744/111/1440 5758/119/1454 5759/120/1455
f 5737/113/1433 5736/121/1432 5752/122/1448
f 5782/123/1478 5751/110/1447 5766/118/1462
f 5744/111/1440 5760/124/1456 5745/115/1441
f 5738/116/1434 5752/122/1448 5753/125/1449
f 5745/115/1441 5761/126/1457 5746/117/1442
f 5739/102/1435 5753/125/1449 5754/127/1610
f 5746/117/1442 5762/128/1458 5747/101/1443
f 5740/103/1436 5754/127/1610 5755/129/1451
f 5747/101/1443 5763/130/1459 5748/104/1444
f 5741/105/1437 5755/129/1451 5756/131/1452
f 5748/104/1444 5764/132/1611 5749/106/1445
f 5742/107/1438 5756/131/1452 5757/133/1453
f 5749/106/1445 5765/134/1461 5750/108/1446
f 5743/109/1439 5757/133/1453 5758/119/1454
f 5755/129/1451 5769/135/1465 5770/136/1466
f 5762/128/1458 5778/137/1474 5763/130/1459
f 5756/131/1452 5770/136/1466 5771/138/1467
f 5763/130/1459 5779/139/1475 5764/132/1611
f 5757/133/1453 5771/138/1467 5772/140/1468
f 5764/132/1611 5780/141/1476 5765/134/1461
f 5758/119/1454 5772/140/1468 5773/142/1612
f 5765/134/1461 5781/143/1477 5766/118/1462
f 5759/120/1455 5773/142/1612 5774/144/1470
f 5752/122/1448 5736/145/1432 5767/146/1463
f 5782/147/1478 5766/118/1462 5781/143/1477
f 5759/120/1455 5775/148/1471 5760/124/1456
f 5753/125/1449 5767/146/1463 5768/149/1464
f 5760/124/1456 5776/150/1472 5761/126/1457
f 5754/127/1610 5768/149/1464 5769/135/1465
f 5761/126/1457 5777/151/1473 5762/128/1458
f 5795/152/1491 5809/153/1505 5810/154/1615
f 5787/155/1483 5803/156/1499 5788/157/1484
f 5796/158/1492 5810/154/1615 5811/159/1507
f 5788/157/1484 5804/160/1500 5789/161/1485
f 5797/162/1493 5811/159/1507 5812/163/1508
f 5789/161/1485 5805/164/1501 5790/165/1486
f 5783/166/1479 5736/167/1432 5798/168/1494
f 5782/169/1478 5797/162/1493 5812/163/1508
f 5791/170/1487 5805/164/1501 5806/171/1502
f 5783/166/1479 5799/172/1495 5784/173/1480
f 5792/174/1488 5806/171/1502 5807/175/1503
f 5784/173/1480 5800/176/1614 5785/177/1481
f 5793/178/1489 5807/175/1503 5808/179/1504
f 5785/177/1481 5801/180/1497 5786/181/1482
f 5794/182/1490 5808/179/1504 5809/153/1505
f 5786/181/1482 5802/183/1498 5787/155/1483
f 5798/168/1494 5814/184/1510 5799/172/1495
f 5807/175/1503 5821/185/1517 5822/186/1518
f 5799/172/1495 5815/187/1511 5800/176/1614
f 5808/179/1504 5822/186/1518 5823/188/1519
f 5800/176/1614 5816/189/1512 5801/180/1497
f 5809/153/1505 5823/188/1519 5824/190/1520
f 5801/180/1497 5817/191/1513 5802/183/1498
f 5810/154/1615 5824/190/1520 5825/192/1521
f 5802/183/1498 5818/193/1514 5803/156/1499
f 5811/159/1507 5825/192/1521 5826/194/1522
f 5803/156/1499 5819/195/1515 5804/160/1500
f 5812/163/1508 5826/194/1522 5827/196/1523
f 5804/160/1500 5820/197/1516 5805/164/1501
f 5798/168/1494 5736/198/1432 5813/199/1509
f 5782/200/1478 5812/163/1508 5827/196/1523
f 5806/171/1502 5820/197/1516 5821/185/1517
f 5817/191/1513 5833/201/1529 5818/193/1514
f 5826/194/1522 5840/202/1536 5841/203/1537
f 5818/193/1514 5834/204/1530 5819/195/1515
f 5827/196/1523 5841/203/1537 5842/205/1538
f 5819/195/1515 5835/206/1531 5820/197/1516
f 5813/199/1509 5736/207/1432 5828/208/1524
f 5782/209/1478 5827/196/1523 5842/205/1538
f 5821/185/1517 5835/206/1531 5836/210/1532
f 5813/199/1509 5829/211/1525 5814/184/1510
f 5822/186/1518 5836/210/1532 5837/212/1533
f 5814/184/1510 5830/213/1526 5815/187/1511
f 5823/188/1519 5837/212/1533 5838/214/1534
f 5815/187/1511 5831/215/1527 5816/189/1512
f 5824/190/1520 5838/214/1534 5839/216/1535
f 5816/189/1512 5832/217/1528 5817/191/1513
f 5825/192/1521 5839/216/1535 5840/202/1536
f 5837/212/1533 5851/218/1547 5852/219/1548
f 5829/211/1525 5845/220/1541 5830/213/1526
f 5838/214/1534 5852/219/1548 5853/221/1549
f 5830/213/1526 5846/222/1542 5831/215/1527
f 5839/216/1535 5853/221/1549 5854/223/1550
f 5831/215/1527 5847/224/1543 5832/217/1528
f 5840/202/1536 5854/223/1550 5855/225/1551
f 5832/217/1528 5848/226/1544 5833/201/1529
f 5841/203/1537 5855/225/1551 5856/227/1552
f 5833/201/1529 5849/228/1545 5834/204/1530
f 5842/205/1538 5856/227/1552 5857/229/1553
f 5834/204/1530 5850/230/1546 5835/206/1531
f 5828/208/1524 5736/231/1432 5843/232/1539
f 5782/233/1478 5842/205/1538 5857/229/1553
f 5836/210/1532 5850/230/1546 5851/218/1547
f 5828/208/1524 5844/234/1540 5829/211/1525
f 5856/227/1552 5870/235/1566 5871/236/1567
f 5848/226/1544 5864/237/1560 5849/228/1545
f 5857/229/1553 5871/236/1567 5872/238/1568
f 5849/228/1545 5865/239/1561 5850/230/1546
f 5843/232/1539 5736/240/1432 5858/241/1554
f 5782/242/1478 5857/229/1553 5872/238/1568
f 5851/218/1547 5865/239/1561 5866/243/1562
f 5843/232/1539 5859/244/1555 5844/234/1540
f 5852/219/1548 5866/243/1562 5867/245/1563
f 5844/234/1540 5860/246/1556 5845/220/1541
f 5853/221/1549 5867/245/1563 5868/247/1564
f 5845/220/1541 5861/248/1557 5846/222/1542
f 5854/223/1550 5868/247/1564 5869/249/1565
f 5846/222/1542 5862/250/1558 5847/224/1543
f 5855/225/1551 5869/249/1565 5870/235/1566
f 5847/224/1543 5863/251/1559 5848/226/1544
f 5868/247/1564 5882/252/1578 5883/253/1579
f 5860/246/1556 5876/254/1572 5861/248/1557
f 5869/249/1565 5883/253/1579 5884/255/1580
f 5861/248/1557 5877/256/1573 5862/250/1558
f 5870/235/1566 5884/255/1580 5885/257/1581
f 5862/250/1558 5878/258/1574 5863/251/1559
f 5871/236/1567 5885/257/1581 5886/259/1616
f 5863/251/1559 5879/260/1575 5864/237/1560
f 5872/238/1568 5886/259/1616 5887/261/1583
f 5864/237/1560 5880/262/1576 5865/239/1561
f 5858/241/1554 5736/263/1432 5873/264/1569
f 5782/265/1478 5872/238/1568 5887/261/1583
f 5866/243/1562 5880/262/1576 5881/266/1577
f 5858/241/1554 5874/267/1570 5859/244/1555
f 5867/245/1563 5881/266/1577 5882/252/1578
f 5859/244/1555 5875/268/1571 5860/246/1556
f 5887/261/1583 5901/269/1597 5902/270/1598
f 5879/260/1575 5895/271/1591 5880/262/1576
f 5873/264/1569 5736/272/1432 5888/273/1584
f 5782/274/1478 5887/261/1583 5902/270/1598
f 5881/266/1577 5895/271/1591 5896/275/1592
f 5873/264/1569 5889/276/1585 5874/267/1570
f 5882/252/1578 5896/275/1592 5897/277/1593
f 5874/267/1570 5890/278/1586 5875/268/1571
f 5883/253/1579 5897/277/1593 5898/279/1594
f 5875/268/1571 5891/280/1587 5876/254/1572
f 5884/255/1580 5898/279/1594 5899/281/1595
f 5876/254/1572 5892/282/1588 5877/256/1573
f 5885/257/1581 5899/281/1595 5900/283/1596
f 5877/256/1573 5893/284/1589 5878/258/1574
f 5886/259/1616 5900/283/1596 5901/269/1597
f 5878/258/1574 5894/285/1590 5879/260/1575
f 5890/278/1586 5905/4/1601 5891/280/1587
f 5899/281/1595 5660/3/1356 5908/8/1604
f 5891/280/1587 5656/9/1352 5892/282/1588
f 5900/283/1596 5908/8/1604 5909/12/1605
f 5892/282/1588 5906/13/1602 5893/284/1589
f 5901/269/1597 5909/12/1605 5910/16/1606
f 5893/284/1589 5657/17/1353 5894/285/1590
f 5902/270/1598 5910/16/1606 5911/20/1607
f 5894/285/1590 5658/21/1354 5895/271/1591
f 5888/273/1584 5736/286/1432 5903/23/1599
f 5782/287/1478 5902/270/1598 5911/20/1607
f 5896/275/1592 5658/21/1354 5659/28/1355
f 5888/273/1584 5904/29/1600 5889/276/1585
f 5897/277/1593 5659/28/1355 5907/1/1603
f 5889/276/1585 5655/32/1351 5890/278/1586
f 5898/279/1594 5907/1/1603 5660/3/1356
f 6164/1/1603 5928/2/1367 5917/3/1356
f 6162/4/1601 5920/5/1359 5921/6/1360
f 5917/3/1356 5929/7/1368 6165/8/1604
f 5913/9/1352 5921/6/1360 5922/10/1361
f 6165/8/1604 5930/11/1369 6166/12/1605
f 6163/13/1602 5922/10/1361 5923/14/1362
f 6166/12/1605 5931/15/1370 6167/16/1606
f 5914/17/1353 5923/14/1362 5924/18/1363
f 6167/16/1606 5932/19/1371 6168/20/1607
f 5915/21/1354 5924/18/1363 5925/22/1364
f 6160/23/1599 5993/24/1432 5918/25/1357
f 6039/26/1478 6168/20/1607 5932/19/1371
f 5915/21/1354 5926/27/1365 5916/28/1355
f 6161/29/1600 5918/25/1357 5919/30/1358
f 5916/28/1355 5927/31/1366 6164/1/1603
f 5912/32/1351 5919/30/1358 5920/5/1359
f 5926/27/1365 5942/33/1381 5927/31/1366
f 5920/5/1359 5934/34/1373 5935/35/1374
f 5927/31/1366 5943/36/1382 5928/2/1367
f 5921/6/1360 5935/35/1374 5936/37/1375
f 5928/2/1367 5944/38/1383 5929/7/1368
f 5922/10/1361 5936/37/1375 5937/39/1376
f 5929/7/1368 5945/40/1384 5930/11/1369
f 5923/14/1362 5937/39/1376 5938/41/1377
f 5930/11/1369 5946/42/1617 5931/15/1370
f 5924/18/1363 5938/41/1377 5939/43/1378
f 5931/15/1370 5947/44/1386 5932/19/1371
f 5925/22/1364 5939/43/1378 5940/45/1379
f 5918/25/1357 5993/46/1432 5933/47/1372
f 6039/48/1478 5932/19/1371 5947/44/1386
f 5925/22/1364 5941/49/1380 5926/27/1365
f 5919/30/1358 5933/47/1372 5934/34/1373
f 5945/40/1384 5961/50/1400 5946/42/1617
f 5939/43/1378 5953/51/1392 5954/52/1393
f 5946/42/1617 5962/53/1401 5947/44/1386
f 5940/45/1379 5954/52/1393 5955/54/1394
f 5933/47/1372 5993/55/1432 5948/56/1387
f 6039/57/1478 5947/44/1386 5962/53/1401
f 5940/45/1379 5956/58/1395 5941/49/1380
f 5934/34/1373 5948/56/1387 5949/59/1388
f 5941/49/1380 5957/60/1396 5942/33/1381
f 5935/35/1374 5949/59/1388 5950/61/1389
f 5942/33/1381 5958/62/1397 5943/36/1382
f 5936/37/1375 5950/61/1389 5951/63/1390
f 5943/36/1382 5959/64/1398 5944/38/1383
f 5937/39/1376 5951/63/1390 5952/65/1391
f 5944/38/1383 5960/66/1399 5945/40/1384
f 5938/41/1377 5952/65/1391 5953/51/1392
f 5950/61/1389 5964/67/1403 5965/68/1404
f 5957/60/1396 5973/69/1412 5958/62/1397
f 5951/63/1390 5965/68/1404 5966/70/1405
f 5958/62/1397 5974/71/1413 5959/64/1398
f 5952/65/1391 5966/70/1405 5967/72/1406
f 5959/64/1398 5975/73/1414 5960/66/1399
f 5953/51/1392 5967/72/1406 5968/74/1407
f 5960/66/1399 5976/75/1415 5961/50/1400
f 5954/52/1393 5968/74/1407 5969/76/1408
f 5961/50/1400 5977/77/1416 5962/53/1401
f 5955/54/1394 5969/76/1408 5970/78/1409
f 5948/56/1387 5993/79/1432 5963/80/1402
f 6039/81/1478 5962/53/1401 5977/77/1416
f 5955/54/1394 5971/82/1410 5956/58/1395
f 5949/59/1388 5963/80/1402 5964/67/1403
f 5956/58/1395 5972/83/1411 5957/60/1396
f 5969/76/1408 5983/84/1422 5984/85/1423
f 5976/75/1415 5992/86/1431 5977/77/1416
f 5970/78/1409 5984/85/1423 5985/87/1424
f 5963/80/1402 5993/88/1432 5978/89/1417
f 6039/90/1478 5977/77/1416 5992/86/1431
f 5970/78/1409 5986/91/1425 5971/82/1410
f 5964/67/1403 5978/89/1417 5979/92/1418
f 5971/82/1410 5987/93/1426 5972/83/1411
f 5965/68/1404 5979/92/1418 5980/94/1419
f 5972/83/1411 5988/95/1427 5973/69/1412
f 5966/70/1405 5980/94/1419 5981/96/1420
f 5973/69/1412 5989/97/1428 5974/71/1413
f 5967/72/1406 5981/96/1420 5982/98/1421
f 5974/71/1413 5990/99/1429 5975/73/1414
f 5968/74/1407 5982/98/1421 5983/84/1422
f 5975/73/1414 5991/100/1430 5976/75/1415
f 5987/93/1426 6004/101/1443 5988/95/1427
f 5981/96/1420 5996/102/1435 5997/103/1436
f 5988/95/1427 6005/104/1444 5989/97/1428
f 5982/98/1421 5997/103/1436 5998/105/1437
f 5989/97/1428 6006/106/1445 5990/99/1429
f 5983/84/1422 5998/105/1437 5999/107/1438
f 5990/99/1429 6007/108/1446 5991/100/1430
f 5984/85/1423 5999/107/1438 6000/109/1439
f 5991/100/1430 6008/110/1447 5992/86/1431
f 5985/87/1424 6000/109/1439 6001/111/1440
f 5978/89/1417 5993/112/1432 5994/113/1433
f 6039/114/1478 5992/86/1431 6008/110/1447
f 5985/87/1424 6002/115/1441 5986/91/1425
f 5979/92/1418 5994/113/1433 5995/116/1434
f 5986/91/1425 6003/117/1442 5987/93/1426
f 5980/94/1419 5995/116/1434 5996/102/1435
f 6007/108/1446 6023/118/1462 6008/110/1447
f 6001/111/1440 6015/119/1454 6016/120/1455
f 5994/113/1433 5993/121/1432 6009/122/1448
f 6039/123/1478 6008/110/1447 6023/118/1462
f 6001/111/1440 6017/124/1456 6002/115/1441
f 5995/116/1434 6009/122/1448 6010/125/1449
f 6002/115/1441 6018/126/1457 6003/117/1442
f 5996/102/1435 6010/125/1449 6011/127/1610
f 6003/117/1442 6019/128/1458 6004/101/1443
f 5997/103/1436 6011/127/1610 6012/129/1451
f 6004/101/1443 6020/130/1459 6005/104/1444
f 5998/105/1437 6012/129/1451 6013/131/1452
f 6005/104/1444 6021/132/1460 6006/106/1445
f 5999/107/1438 6013/131/1452 6014/133/1453
f 6006/106/1445 6022/134/1461 6007/108/1446
f 6000/109/1439 6014/133/1453 6015/119/1454
f 6012/129/1451 6026/135/1465 6027/136/1466
f 6019/128/1458 6035/137/1474 6020/130/1459
f 6013/131/1452 6027/136/1466 6028/138/1467
f 6020/130/1459 6036/139/1475 6021/132/1460
f 6014/133/1453 6028/138/1467 6029/140/1468
f 6021/132/1460 6037/141/1476 6022/134/1461
f 6015/119/1454 6029/140/1468 6030/142/1469
f 6022/134/1461 6038/143/1477 6023/118/1462
f 6016/120/1455 6030/142/1469 6031/144/1470
f 6009/122/1448 5993/145/1432 6024/146/1463
f 6039/147/1478 6023/118/1462 6038/143/1477
f 6016/120/1455 6032/148/1619 6017/124/1456
f 6010/125/1449 6024/146/1463 6025/149/1464
f 6017/124/1456 6033/150/1472 6018/126/1457
f 6011/127/1610 6025/149/1464 6026/135/1465
f 6018/126/1457 6034/151/1473 6019/128/1458
f 6052/152/1491 6066/153/1505 6067/154/1506
f 6044/155/1483 6060/156/1499 6045/157/1484
f 6053/158/1492 6067/154/1506 6068/159/1507
f 6045/157/1484 6061/160/1500 6046/161/1485
f 6054/162/1493 6068/159/1507 6069/163/1508
f 6046/161/1485 6062/164/1501 6047/165/1486
f 6040/166/1479 5993/167/1432 6055/168/1494
f 6039/169/1478 6054/162/1493 6069/163/1508
f 6048/170/1487 6062/164/1501 6063/171/1502
f 6040/166/1479 6056/172/1495 6041/173/1480
f 6049/174/1488 6063/171/1502 6064/175/1503
f 6041/173/1480 6057/176/1496 6042/177/1481
f 6050/178/1489 6064/175/1503 6065/179/1504
f 6042/177/1481 6058/180/1497 6043/181/1482
f 6051/182/1490 6065/179/1504 6066/153/1505
f 6043/181/1482 6059/183/1498 6044/155/1483
f 6055/168/1494 6071/184/1510 6056/172/1495
f 6064/175/1503 6078/185/1517 6079/186/1518
f 6056/172/1495 6072/187/1511 6057/176/1496
f 6065/179/1504 6079/186/1518 6080/188/1519
f 6057/176/1496 6073/189/1512 6058/180/1497
f 6066/153/1505 6080/188/1519 6081/190/1520
f 6058/180/1497 6074/191/1513 6059/183/1498
f 6067/154/1506 6081/190/1520 6082/192/1521
f 6059/183/1498 6075/193/1514 6060/156/1499
f 6068/159/1507 6082/192/1521 6083/194/1522
f 6060/156/1499 6076/195/1515 6061/160/1500
f 6069/163/1508 6083/194/1522 6084/196/1523
f 6061/160/1500 6077/197/1516 6062/164/1501
f 6055/168/1494 5993/198/1432 6070/199/1509
f 6039/200/1478 6069/163/1508 6084/196/1523
f 6063/171/1502 6077/197/1516 6078/185/1517
f 6074/191/1513 6090/201/1529 6075/193/1514
f 6083/194/1522 6097/202/1536 6098/203/1537
f 6075/193/1514 6091/204/1530 6076/195/1515
f 6084/196/1523 6098/203/1537 6099/205/1538
f 6076/195/1515 6092/206/1531 6077/197/1516
f 6070/199/1509 5993/207/1432 6085/208/1524
f 6039/209/1478 6084/196/1523 6099/205/1538
f 6078/185/1517 6092/206/1531 6093/210/1532
f 6070/199/1509 6086/211/1525 6071/184/1510
f 6079/186/1518 6093/210/1532 6094/212/1533
f 6071/184/1510 6087/213/1526 6072/187/1511
f 6080/188/1519 6094/212/1533 6095/214/1534
f 6072/187/1511 6088/215/1527 6073/189/1512
f 6081/190/1520 6095/214/1534 6096/216/1535
f 6073/189/1512 6089/217/1528 6074/191/1513
f 6082/192/1521 6096/216/1535 6097/202/1536
f 6094/212/1533 6108/218/1547 6109/219/1548
f 6086/211/1525 6102/220/1541 6087/213/1526
f 6095/214/1534 6109/219/1548 6110/221/1549
f 6087/213/1526 6103/222/1542 6088/215/1527
f 6096/216/1535 6110/221/1549 6111/223/1550
f 6088/215/1527 6104/224/1543 6089/217/1528
f 6097/202/1536 6111/223/1550 6112/225/1551
f 6089/217/1528 6105/226/1544 6090/201/1529
f 6098/203/1537 6112/225/1551 6113/227/1552
f 6090/201/1529 6106/228/1545 6091/204/1530
f 6099/205/1538 6113/227/1552 6114/229/1553
f 6091/204/1530 6107/230/1546 6092/206/1531
f 6085/208/1524 5993/231/1432 6100/232/1539
f 6039/233/1478 6099/205/1538 6114/229/1553
f 6093/210/1532 6107/230/1546 6108/218/1547
f 6085/208/1524 6101/234/1540 6086/211/1525
f 6113/227/1552 6127/235/1566 6128/236/1567
f 6105/226/1544 6121/237/1560 6106/228/1545
f 6114/229/1553 6128/236/1567 6129/238/1568
f 6106/228/1545 6122/239/1561 6107/230/1546
f 6100/232/1539 5993/240/1432 6115/241/1554
f 6039/242/1478 6114/229/1553 6129/238/1568
f 6108/218/1547 6122/239/1561 6123/243/1562
f 6100/232/1539 6116/244/1555 6101/234/1540
f 6109/219/1548 6123/243/1562 6124/245/1563
f 6101/234/1540 6117/246/1556 6102/220/1541
f 6110/221/1549 6124/245/1563 6125/247/1564
f 6102/220/1541 6118/248/1557 6103/222/1542
f 6111/223/1550 6125/247/1564 6126/249/1565
f 6103/222/1542 6119/250/1558 6104/224/1543
f 6112/225/1551 6126/249/1565 6127/235/1566
f 6104/224/1543 6120/251/1559 6105/226/1544
f 6125/247/1564 6139/252/1578 6140/253/1579
f 6117/246/1556 6133/254/1572 6118/248/1557
f 6126/249/1565 6140/253/1579 6141/255/1580
f 6118/248/1557 6134/256/1573 6119/250/1558
f 6127/235/1566 6141/255/1580 6142/257/1581
f 6119/250/1558 6135/258/1574 6120/251/1559
f 6128/236/1567 6142/257/1581 6143/259/1582
f 6120/251/1559 6136/260/1575 6121/237/1560
f 6129/238/1568 6143/259/1582 6144/261/1583
f 6121/237/1560 6137/262/1576 6122/239/1561
f 6115/241/1554 5993/263/1432 6130/264/1569
f 6039/265/1478 6129/238/1568 6144/261/1583
f 6123/243/1562 6137/262/1576 6138/266/1577
f 6115/241/1554 6131/267/1620 6116/244/1555
f 6124/245/1563 6138/266/1577 6139/252/1578
f 6116/244/1555 6132/268/1571 6117/246/1556
f 6144/261/1583 6158/269/1597 6159/270/1598
f 6136/260/1575 6152/271/1591 6137/262/1576
f 6130/264/1569 5993/272/1432 6145/273/1584
f 6039/274/1478 6144/261/1583 6159/270/1598
f 6138/266/1577 6152/271/1591 6153/275/1592
f 6130/264/1569 6146/276/1585 6131/267/1620
f 6139/252/1578 6153/275/1592 6154/277/1593
f 6131/267/1620 6147/278/1586 6132/268/1571
f 6140/253/1579 6154/277/1593 6155/279/1594
f 6132/268/1571 6148/280/1587 6133/254/1572
f 6141/255/1580 6155/279/1594 6156/281/1595
f 6133/254/1572 6149/282/1588 6134/256/1573
f 6142/257/1581 6156/281/1595 6157/283/1596
f 6134/256/1573 6150/284/1589 6135/258/1574
f 6143/259/1582 6157/283/1596 6158/269/1597
f 6135/258/1574 6151/285/1590 6136/260/1575
f 6147/278/1586 6162/4/1601 6148/280/1587
f 6156/281/1595 5917/3/1356 6165/8/1604
f 6148/280/1587 5913/9/1352 6149/282/1588
f 6157/283/1596 6165/8/1604 6166/12/1605
f 6149/282/1588 6163/13/1602 6150/284/1589
f 6158/269/1597 6166/12/1605 6167/16/1606
f 6150/284/1589 5914/17/1353 6151/285/1590
f 6159/270/1598 6167/16/1606 6168/20/1607
f 6151/285/1590 5915/21/1354 6152/271/1591
f 6145/273/1584 5993/286/1432 6160/23/1599
f 6039/287/1478 6159/270/1598 6168/20/1607
f 6153/275/1592 5915/21/1354 5916/28/1355
f 6145/273/1584 6161/29/1600 6146/276/1585
f 6154/277/1593 5916/28/1355 6164/1/1603
f 6146/276/1585 5912/32/1351 6147/278/1586
f 6155/279/1594 6164/1/1603 5917/3/1356
f 253/1/253 16/31/16 17/2/17
f 251/4/251 1/32/1 9/5/9
f 6/3/6 17/2/17 18/7/18
f 2/9/2 251/4/251 10/6/10
f 254/8/254 18/7/18 19/11/19
f 252/13/252 2/9/2 11/10/11
f 255/12/255 19/11/19 20/15/20
f 3/17/3 252/13/252 12/14/12
f 256/16/256 20/15/20 21/19/21
f 4/21/4 3/17/3 13/18/13
f 4/21/4 14/22/14 15/27/15
f 250/29/250 249/23/249 7/25/7
f 5/28/5 15/27/15 16/31/16
f 1/32/1 250/29/250 8/30/8
f 15/27/15 30/49/30 31/33/31
f 9/5/9 8/30/8 23/34/23
f 16/31/16 31/33/31 32/36/32
f 10/6/10 9/5/9 24/35/24
f 17/2/17 32/36/32 33/38/33
f 11/10/11 10/6/10 25/37/25
f 18/7/18 33/38/33 34/40/34
f 12/14/12 11/10/11 26/39/26
f 19/11/19 34/40/34 35/42/35
f 13/18/13 12/14/12 27/41/27
f 20/15/20 35/42/35 36/44/36
f 14/22/14 13/18/13 28/43/28
f 14/22/14 29/45/29 30/49/30
f 8/30/8 7/25/7 22/47/22
f 34/40/34 49/66/49 50/50/50
f 28/43/28 27/41/27 42/51/42
f 35/42/35 50/50/50 51/53/51
f 29/45/29 28/43/28 43/52/43
f 29/45/29 44/54/44 45/58/45
f 23/34/23 22/47/22 37/56/37
f 30/49/30 45/58/45 46/60/46
f 24/35/24 23/34/23 38/59/38
f 31/33/31 46/60/46 47/62/47
f 25/37/25 24/35/24 39/61/39
f 32/36/32 47/62/47 48/64/48
f 26/39/26 25/37/25 40/63/40
f 33/38/33 48/64/48 49/66/49
f 27/41/27 26/39/26 41/65/41
f 39/61/39 38/59/38 53/67/53
f 46/60/46 61/83/61 62/69/62
f 40/63/40 39/61/39 54/68/54
f 47/62/47 62/69/62 63/71/63
f 41/65/41 40/63/40 55/70/55
f 48/64/48 63/71/63 64/73/64
f 42/51/42 41/65/41 56/72/56
f 49/66/49 64/73/64 65/75/65
f 43/52/43 42/51/42 57/74/57
f 50/50/50 65/75/65 66/77/66
f 44/54/44 43/52/43 58/76/58
f 44/54/44 59/78/59 60/82/60
f 38/59/38 37/56/37 52/80/52
f 45/58/45 60/82/60 61/83/61
f 58/76/58 57/74/57 72/84/72
f 65/75/65 80/100/80 81/86/81
f 59/78/59 58/76/58 73/85/73
f 59/78/59 74/87/74 75/91/75
f 53/67/53 52/80/52 67/89/67
f 60/82/60 75/91/75 76/93/76
f 54/68/54 53/67/53 68/92/68
f 61/83/61 76/93/76 77/95/77
f 55/70/55 54/68/54 69/94/69
f 62/69/62 77/95/77 78/97/78
f 56/72/56 55/70/55 70/96/70
f 63/71/63 78/97/78 79/99/79
f 57/74/57 56/72/56 71/98/71
f 64/73/64 79/99/79 80/100/80
f 76/93/76 92/117/92 93/101/93
f 70/96/70 69/94/69 85/102/85
f 77/95/77 93/101/93 94/104/94
f 71/98/71 70/96/70 86/103/86
f 78/97/78 94/104/94 95/106/95
f 72/84/72 71/98/71 87/105/87
f 79/99/79 95/106/95 96/108/96
f 73/85/73 72/84/72 88/107/88
f 80/100/80 96/108/96 97/110/97
f 74/87/74 73/85/73 89/109/89
f 74/87/74 90/111/90 91/115/91
f 68/92/68 67/89/67 83/113/83
f 75/91/75 91/115/91 92/117/92
f 69/94/69 68/92/68 84/116/84
f 96/108/96 111/134/111 112/118/112
f 90/111/90 89/109/89 104/119/104
f 90/111/90 105/120/105 106/124/106
f 84/116/84 83/113/83 98/122/98
f 91/115/91 106/124/106 107/126/107
f 85/102/85 84/116/84 99/125/99
f 92/117/92 107/126/107 108/128/108
f 86/103/86 85/102/85 100/127/100
f 93/101/93 108/128/108 109/130/109
f 87/105/87 86/103/86 101/129/101
f 94/104/94 109/130/109 110/132/110
f 88/107/88 87/105/87 102/131/102
f 95/106/95 110/132/110 111/134/111
f 89/109/89 88/107/88 103/133/103
f 101/129/101 100/127/100 115/135/115
f 108/128/108 123/151/123 124/137/124
f 102/131/102 101/129/101 116/136/116
f 109/130/109 124/137/124 125/139/125
f 103/133/103 102/131/102 117/138/117
f 110/132/110 125/139/125 126/141/126
f 104/119/104 103/133/103 118/140/118
f 111/134/111 126/141/126 127/143/127
f 105/120/105 104/119/104 119/142/119
f 105/120/105 120/144/120 121/148/121
f 99/125/99 98/122/98 113/146/113
f 106/124/106 121/148/121 122/150/122
f 100/127/100 99/125/99 114/149/114
f 107/126/107 122/150/122 123/151/123
f 141/152/141 140/182/140 155/153/155
f 133/155/133 148/183/148 149/156/149
f 142/158/142 141/152/141 156/154/156
f 134/157/134 149/156/149 150/160/150
f 143/162/143 142/158/142 157/159/157
f 135/161/135 150/160/150 151/164/151
f 137/170/137 136/165/136 151/164/151
f 129/166/129 144/168/144 145/172/145
f 138/174/138 137/170/137 152/171/152
f 130/173/130 145/172/145 146/176/146
f 139/178/139 138/174/138 153/175/153
f 131/177/131 146/176/146 147/180/147
f 140/182/140 139/178/139 154/179/154
f 132/181/132 147/180/147 148/183/148
f 144/168/144 159/199/159 160/184/160
f 153/175/153 152/171/152 167/185/167
f 145/172/145 160/184/160 161/187/161
f 154/179/154 153/175/153 168/186/168
f 146/176/146 161/187/161 162/189/162
f 155/153/155 154/179/154 169/188/169
f 147/180/147 162/189/162 163/191/163
f 156/154/156 155/153/155 170/190/170
f 148/183/148 163/191/163 164/193/164
f 157/159/157 156/154/156 171/192/171
f 149/156/149 164/193/164 165/195/165
f 158/163/158 157/159/157 172/194/172
f 150/160/150 165/195/165 166/197/166
f 152/171/152 151/164/151 166/197/166
f 163/191/163 178/217/178 179/201/179
f 172/194/172 171/192/171 186/202/186
f 164/193/164 179/201/179 180/204/180
f 173/196/173 172/194/172 187/203/187
f 165/195/165 180/204/180 181/206/181
f 167/185/167 166/197/166 181/206/181
f 159/199/159 174/208/174 175/211/175
f 168/186/168 167/185/167 182/210/182
f 160/184/160 175/211/175 176/213/176
f 169/188/169 168/186/168 183/212/183
f 161/187/161 176/213/176 177/215/177
f 170/190/170 169/188/169 184/214/184
f 162/189/162 177/215/177 178/217/178
f 171/192/171 170/190/170 185/216/185
f 183/212/183 182/210/182 197/218/197
f 175/211/175 190/234/190 191/220/191
f 184/214/184 183/212/183 198/219/198
f 176/213/176 191/220/191 192/222/192
f 185/216/185 184/214/184 199/221/199
f 177/215/177 192/222/192 193/224/193
f 186/202/186 185/216/185 200/223/200
f 178/217/178 193/224/193 194/226/194
f 187/203/187 186/202/186 201/225/201
f 179/201/179 194/226/194 195/228/195
f 188/205/188 187/203/187 202/227/202
f 180/204/180 195/228/195 196/230/196
f 182/210/182 181/206/181 196/230/196
f 174/208/174 189/232/189 190/234/190
f 202/227/202 201/225/201 216/235/216
f 194/226/194 209/251/209 210/237/210
f 203/229/203 202/227/202 217/236/217
f 195/228/195 210/237/210 211/239/211
f 197/218/197 196/230/196 211/239/211
f 189/232/189 204/241/204 205/244/205
f 198/219/198 197/218/197 212/243/212
f 190/234/190 205/244/205 206/246/206
f 199/221/199 198/219/198 213/245/213
f 191/220/191 206/246/206 207/248/207
f 200/223/200 199/221/199 214/247/214
f 192/222/192 207/248/207 208/250/208
f 201/225/201 200/223/200 215/249/215
f 193/224/193 208/250/208 209/251/209
f 214/247/214 213/245/213 228/252/228
f 206/246/206 221/268/221 222/254/222
f 215/249/215 214/247/214 229/253/229
f 207/248/207 222/254/222 223/256/223
f 216/235/216 215/249/215 230/255/230
f 208/250/208 223/256/223 224/258/224
f 217/236/217 216/235/216 231/257/231
f 209/251/209 224/258/224 225/260/225
f 218/238/218 217/236/217 232/259/232
f 210/237/210 225/260/225 226/262/226
f 212/243/212 211/239/211 226/262/226
f 204/241/204 219/264/219 220/267/220
f 213/245/213 212/243/212 227/266/227
f 205/244/205 220/267/220 221/268/221
f 233/261/233 232/259/232 247/269/247
f 225/260/225 240/285/240 241/271/241
f 227/266/227 226/262/226 241/271/241
f 219/264/219 234/273/234 235/276/235
f 228/252/228 227/266/227 242/275/242
f 220/267/220 235/276/235 236/278/236
f 229/253/229 228/252/228 243/277/243
f 221/268/221 236/278/236 237/280/237
f 230/255/230 229/253/229 244/279/244
f 222/254/222 237/280/237 238/282/238
f 231/257/231 230/255/230 245/281/245
f 223/256/223 238/282/238 239/284/239
f 232/259/232 231/257/231 246/283/246
f 224/258/224 239/284/239 240/285/240
f 236/278/236 1/32/1 251/4/251
f 245/281/245 244/279/244 6/3/6
f 237/280/237 251/4/251 2/9/2
f 246/283/246 245/281/245 254/8/254
f 238/282/238 2/9/2 252/13/252
f 247/269/247 246/283/246 255/12/255
f 239/284/239 252/13/252 3/17/3
f 248/270/248 247/269/247 256/16/256
f 240/285/240 3/17/3 4/21/4
f 242/275/242 241/271/241 4/21/4
f 234/273/234 249/23/249 250/29/250
f 243/277/243 242/275/242 5/28/5
f 235/276/235 250/29/250 1/32/1
f 244/279/244 243/277/243 253/1/253
f 510/1/253 273/31/16 274/2/17
f 508/4/251 258/32/1 266/5/9
f 263/3/6 274/2/17 275/7/18
f 259/9/2 508/4/251 267/6/10
f 511/8/254 275/7/18 276/11/19
f 509/13/252 259/9/2 268/10/11
f 512/12/255 276/11/19 277/15/20
f 260/17/3 509/13/252 269/14/12
f 513/16/256 277/15/20 278/19/21
f 261/21/4 260/17/3 270/18/13
f 261/21/4 271/22/14 272/27/15
f 507/29/250 506/23/249 264/25/7
f 262/28/5 272/27/15 273/31/16
f 258/32/1 507/29/250 265/30/8
f 272/27/15 287/49/30 288/33/31
f 266/5/9 265/30/8 280/34/23
f 273/31/16 288/33/31 289/36/32
f 267/6/10 266/5/9 281/35/24
f 274/2/17 289/36/32 290/38/33
f 268/10/11 267/6/10 282/37/25
f 275/7/18 290/38/33 291/40/34
f 269/14/12 268/10/11 283/39/26
f 276/11/19 291/40/34 292/42/35
f 270/18/13 269/14/12 284/41/27
f 277/15/20 292/42/35 293/44/36
f 271/22/14 270/18/13 285/43/28
f 271/22/14 286/45/29 287/49/30
f 265/30/8 264/25/7 279/47/22
f 291/40/34 306/66/49 307/50/50
f 285/43/28 284/41/27 299/51/42
f 292/42/35 307/50/50 308/53/51
f 286/45/29 285/43/28 300/52/43
f 286/45/29 301/54/44 302/58/45
f 280/34/23 279/47/22 294/56/37
f 287/49/30 302/58/45 303/60/46
f 281/35/24 280/34/23 295/59/38
f 288/33/31 303/60/46 304/62/47
f 282/37/25 281/35/24 296/61/39
f 289/36/32 304/62/47 305/64/48
f 283/39/26 282/37/25 297/63/40
f 290/38/33 305/64/48 306/66/49
f 284/41/27 283/39/26 298/65/41
f 296/61/39 295/59/38 310/67/53
f 303/60/46 318/83/61 319/69/62
f 297/63/40 296/61/39 311/68/54
f 304/62/47 319/69/62 320/71/63
f 298/65/41 297/63/40 312/70/55
f 305/64/48 320/71/63 321/73/64
f 299/51/42 298/65/41 313/72/56
f 306/66/49 321/73/64 322/75/65
f 300/52/43 299/51/42 314/74/57
f 307/50/50 322/75/65 323/77/66
f 301/54/44 300/52/43 315/76/58
f 301/54/44 316/78/59 317/82/60
f 295/59/38 294/56/37 309/80/52
f 302/58/45 317/82/60 318/83/61
f 315/76/58 314/74/57 329/84/72
f 322/75/65 337/100/259 338/86/81
f 316/78/59 315/76/58 330/85/73
f 316/78/59 331/87/74 332/91/75
f 310/67/53 309/80/52 324/89/67
f 317/82/60 332/91/75 333/93/76
f 311/68/54 310/67/53 325/92/258
f 318/83/61 333/93/76 334/95/77
f 312/70/55 311/68/54 326/94/69
f 319/69/62 334/95/77 335/97/78
f 313/72/56 312/70/55 327/96/70
f 320/71/63 335/97/78 336/99/79
f 314/74/57 313/72/56 328/98/71
f 321/73/64 336/99/79 337/100/259
f 333/93/76 349/117/92 350/101/93
f 327/96/70 326/94/69 342/102/85
f 334/95/77 350/101/93 351/104/94
f 328/98/71 327/96/70 343/103/86
f 335/97/78 351/104/94 352/106/95
f 329/84/72 328/98/71 344/105/87
f 336/99/79 352/106/95 353/108/96
f 330/85/73 329/84/72 345/107/88
f 337/100/259 353/108/96 354/110/97
f 331/87/74 330/85/73 346/109/89
f 331/87/74 347/111/90 348/115/91
f 325/92/258 324/89/67 340/113/83
f 332/91/75 348/115/91 349/117/92
f 326/94/69 325/92/258 341/116/84
f 353/108/96 368/134/111 369/118/112
f 347/111/90 346/109/89 361/119/104
f 347/111/90 362/120/105 363/124/106
f 341/116/84 340/113/83 355/122/98
f 348/115/91 363/124/106 364/126/107
f 342/102/85 341/116/84 356/125/99
f 349/117/92 364/126/107 365/128/108
f 343/103/86 342/102/85 357/127/100
f 350/101/93 365/128/108 366/130/109
f 344/105/87 343/103/86 358/129/101
f 351/104/94 366/130/109 367/132/110
f 345/107/88 344/105/87 359/131/102
f 352/106/95 367/132/110 368/134/111
f 346/109/89 345/107/88 360/133/103
f 358/129/101 357/127/100 372/135/115
f 365/128/108 380/151/123 381/137/124
f 359/131/102 358/129/101 373/136/116
f 366/130/109 381/137/124 382/139/125
f 360/133/103 359/131/102 374/138/117
f 367/132/110 382/139/125 383/141/126
f 361/119/104 360/133/103 375/140/118
f 368/134/111 383/141/126 384/143/127
f 362/120/105 361/119/104 376/142/119
f 362/120/105 377/144/120 378/148/121
f 356/125/99 355/122/98 370/146/113
f 363/124/106 378/148/121 379/150/122
f 357/127/100 356/125/99 371/149/114
f 364/126/107 379/150/122 380/151/123
f 398/152/141 397/182/140 412/153/155
f 390/155/133 405/183/148 406/156/149
f 399/158/142 398/152/141 413/154/156
f 391/157/134 406/156/149 407/160/150
f 400/162/143 399/158/142 414/159/157
f 392/161/135 407/160/150 408/164/151
f 394/170/260 393/165/136 408/164/151
f 386/166/129 401/168/144 402/172/145
f 395/174/138 394/170/260 409/171/152
f 387/173/130 402/172/145 403/176/261
f 396/178/139 395/174/138 410/175/153
f 388/177/131 403/176/261 404/180/147
f 397/182/140 396/178/139 411/179/154
f 389/181/132 404/180/147 405/183/148
f 401/168/144 416/199/159 417/184/160
f 410/175/153 409/171/152 424/185/167
f 402/172/145 417/184/160 418/187/161
f 411/179/154 410/175/153 425/186/168
f 403/176/261 418/187/161 419/189/162
f 412/153/155 411/179/154 426/188/169
f 404/180/147 419/189/162 420/191/163
f 413/154/156 412/153/155 427/190/170
f 405/183/148 420/191/163 421/193/164
f 414/159/157 413/154/156 428/192/171
f 406/156/149 421/193/164 422/195/165
f 415/163/158 414/159/157 429/194/172
f 407/160/150 422/195/165 423/197/166
f 409/171/152 408/164/151 423/197/166
f 420/191/163 435/217/178 436/201/179
f 429/194/172 428/192/171 443/202/186
f 421/193/164 436/201/179 437/204/180
f 430/196/173 429/194/172 444/203/187
f 422/195/165 437/204/180 438/206/181
f 424/185/167 423/197/166 438/206/181
f 416/199/159 431/208/174 432/211/175
f 425/186/168 424/185/167 439/210/182
f 417/184/160 432/211/175 433/213/176
f 426/188/169 425/186/168 440/212/183
f 418/187/161 433/213/176 434/215/177
f 427/190/170 426/188/169 441/214/184
f 419/189/162 434/215/177 435/217/178
f 428/192/171 427/190/170 442/216/185
f 440/212/183 439/210/182 454/218/197
f 432/211/175 447/234/190 448/220/191
f 441/214/184 440/212/183 455/219/198
f 433/213/176 448/220/191 449/222/192
f 442/216/185 441/214/184 456/221/199
f 434/215/177 449/222/192 450/224/262
f 443/202/186 442/216/185 457/223/200
f 435/217/178 450/224/262 451/226/194
f 444/203/187 443/202/186 458/225/201
f 436/201/179 451/226/194 452/228/195
f 445/205/188 444/203/187 459/227/202
f 437/204/180 452/228/195 453/230/196
f 439/210/182 438/206/181 453/230/196
f 431/208/174 446/232/189 447/234/190
f 459/227/202 458/225/201 473/235/216
f 451/226/194 466/251/209 467/237/210
f 460/229/203 459/227/202 474/236/217
f 452/228/195 467/237/210 468/239/211
f 454/218/197 453/230/196 468/239/211
f 446/232/189 461/241/204 462/244/205
f 455/219/198 454/218/197 469/243/212
f 447/234/190 462/244/205 463/246/206
f 456/221/199 455/219/198 470/245/213
f 448/220/191 463/246/206 464/248/207
f 457/223/200 456/221/199 471/247/214
f 449/222/192 464/248/207 465/250/208
f 458/225/201 457/223/200 472/249/215
f 450/224/262 465/250/208 466/251/209
f 471/247/214 470/245/213 485/252/228
f 463/246/206 478/268/221 479/254/222
f 472/249/215 471/247/214 486/253/229
f 464/248/207 479/254/222 480/256/223
f 473/235/216 472/249/215 487/255/230
f 465/250/208 480/256/223 481/258/224
f 474/236/217 473/235/216 488/257/231
f 466/251/209 481/258/224 482/260/225
f 475/238/218 474/236/217 489/259/232
f 467/237/210 482/260/225 483/262/226
f 469/243/212 468/239/211 483/262/226
f 461/241/204 476/264/219 477/267/263
f 470/245/213 469/243/212 484/266/227
f 462/244/205 477/267/263 478/268/221
f 490/261/233 489/259/232 504/269/247
f 482/260/225 497/285/240 498/271/241
f 484/266/227 483/262/226 498/271/241
f 476/264/219 491/273/234 492/276/235
f 485/252/228 484/266/227 499/275/242
f 477/267/263 492/276/235 493/278/236
f 486/253/229 485/252/228 500/277/243
f 478/268/221 493/278/236 494/280/237
f 487/255/230 486/253/229 501/279/244
f 479/254/222 494/280/237 495/282/238
f 488/257/231 487/255/230 502/281/245
f 480/256/223 495/282/238 496/284/239
f 489/259/232 488/257/231 503/283/246
f 481/258/224 496/284/239 497/285/240
f 493/278/236 258/32/1 508/4/251
f 502/281/245 501/279/244 263/3/6
f 494/280/237 508/4/251 259/9/2
f 503/283/246 502/281/245 511/8/254
f 495/282/238 259/9/2 509/13/252
f 504/269/247 503/283/246 512/12/255
f 496/284/239 509/13/252 260/17/3
f 505/270/248 504/269/247 513/16/256
f 497/285/240 260/17/3 261/21/4
f 499/275/242 498/271/241 261/21/4
f 491/273/234 506/23/249 507/29/250
f 500/277/243 499/275/242 262/28/5
f 492/276/235 507/29/250 258/32/1
f 501/279/244 500/277/243 510/1/253
f 767/1/253 530/31/16 531/2/17
f 765/4/251 515/32/1 523/5/9
f 520/3/6 531/2/17 532/7/18
f 516/9/2 765/4/251 524/6/10
f 768/8/254 532/7/18 533/11/19
f 766/13/252 516/9/2 525/10/11
f 769/12/255 533/11/19 534/15/20
f 517/17/3 766/13/252 526/14/12
f 770/16/256 534/15/20 535/19/21
f 518/21/4 517/17/3 527/18/13
f 518/21/4 528/22/14 529/27/15
f 764/29/250 763/23/249 521/25/7
f 519/28/5 529/27/15 530/31/16
f 515/32/1 764/29/250 522/30/8
f 529/27/15 544/49/30 545/33/31
f 523/5/9 522/30/8 537/34/23
f 530/31/16 545/33/31 546/36/32
f 524/6/10 523/5/9 538/35/24
f 531/2/17 546/36/32 547/38/33
f 525/10/11 524/6/10 539/37/25
f 532/7/18 547/38/33 548/40/34
f 526/14/12 525/10/11 540/39/26
f 533/11/19 548/40/34 549/42/264
f 527/18/13 526/14/12 541/41/27
f 534/15/20 549/42/264 550/44/36
f 528/22/14 527/18/13 542/43/28
f 528/22/14 543/45/29 544/49/30
f 522/30/8 521/25/7 536/47/22
f 548/40/34 563/66/49 564/50/50
f 542/43/28 541/41/27 556/51/42
f 549/42/264 564/50/50 565/53/51
f 543/45/29 542/43/28 557/52/43
f 543/45/29 558/54/44 559/58/45
f 537/34/23 536/47/22 551/56/37
f 544/49/30 559/58/45 560/60/46
f 538/35/24 537/34/23 552/59/38
f 545/33/31 560/60/46 561/62/47
f 539/37/25 538/35/24 553/61/39
f 546/36/32 561/62/47 562/64/48
f 540/39/26 539/37/25 554/63/40
f 547/38/33 562/64/48 563/66/49
f 541/41/27 540/39/26 555/65/41
f 553/61/39 552/59/38 567/67/53
f 560/60/46 575/83/61 576/69/62
f 554/63/40 553/61/39 568/68/54
f 561/62/47 576/69/62 577/71/63
f 555/65/41 554/63/40 569/70/55
f 562/64/48 577/71/63 578/73/64
f 556/51/42 555/65/41 570/72/56
f 563/66/49 578/73/64 579/75/65
f 557/52/43 556/51/42 571/74/57
f 564/50/50 579/75/65 580/77/66
f 558/54/44 557/52/43 572/76/58
f 558/54/44 573/78/59 574/82/60
f 552/59/38 551/56/37 566/80/52
f 559/58/45 574/82/60 575/83/61
f 572/76/58 571/74/57 586/84/72
f 579/75/65 594/100/259 595/86/81
f 573/78/59 572/76/58 587/85/73
f 573/78/59 588/87/74 589/91/75
f 567/67/53 566/80/52 581/89/67
f 574/82/60 589/91/75 590/93/76
f 568/68/54 567/67/53 582/92/258
f 575/83/61 590/93/76 591/95/77
f 569/70/55 568/68/54 583/94/69
f 576/69/62 591/95/77 592/97/78
f 570/72/56 569/70/55 584/96/70
f 577/71/63 592/97/78 593/99/79
f 571/74/57 570/72/56 585/98/71
f 578/73/64 593/99/79 594/100/259
f 590/93/76 606/117/92 607/101/93
f 584/96/70 583/94/69 599/102/85
f 591/95/77 607/101/93 608/104/94
f 585/98/71 584/96/70 600/103/86
f 592/97/78 608/104/94 609/106/95
f 586/84/72 585/98/71 601/105/87
f 593/99/79 609/106/95 610/108/96
f 587/85/73 586/84/72 602/107/88
f 594/100/259 610/108/96 611/110/97
f 588/87/74 587/85/73 603/109/89
f 588/87/74 604/111/90 605/115/91
f 582/92/258 581/89/67 597/113/83
f 589/91/75 605/115/91 606/117/92
f 583/94/69 582/92/258 598/116/84
f 610/108/96 625/134/111 626/118/112
f 604/111/90 603/109/89 618/119/104
f 604/111/90 619/120/105 620/124/106
f 598/116/84 597/113/83 612/122/98
f 605/115/91 620/124/106 621/126/107
f 599/102/85 598/116/84 613/125/99
f 606/117/92 621/126/107 622/128/108
f 600/103/86 599/102/85 614/127/100
f 607/101/93 622/128/108 623/130/109
f 601/105/87 600/103/86 615/129/101
f 608/104/94 623/130/109 624/132/110
f 602/107/88 601/105/87 616/131/102
f 609/106/95 624/132/110 625/134/111
f 603/109/89 602/107/88 617/133/103
f 615/129/101 614/127/100 629/135/115
f 622/128/108 637/151/123 638/137/124
f 616/131/102 615/129/101 630/136/116
f 623/130/109 638/137/124 639/139/125
f 617/133/103 616/131/102 631/138/117
f 624/132/110 639/139/125 640/141/126
f 618/119/104 617/133/103 632/140/118
f 625/134/111 640/141/126 641/143/127
f 619/120/105 618/119/104 633/142/119
f 619/120/105 634/144/120 635/148/121
f 613/125/99 612/122/98 627/146/113
f 620/124/106 635/148/121 636/150/122
f 614/127/100 613/125/99 628/149/114
f 621/126/107 636/150/122 637/151/123
f 655/152/141 654/182/140 669/153/155
f 647/155/133 662/183/148 663/156/149
f 656/158/142 655/152/141 670/154/265
f 648/157/134 663/156/149 664/160/150
f 657/162/143 656/158/142 671/159/157
f 649/161/135 664/160/150 665/164/151
f 651/170/137 650/165/136 665/164/151
f 643/166/129 658/168/144 659/172/145
f 652/174/138 651/170/137 666/171/152
f 644/173/130 659/172/145 660/176/261
f 653/178/139 652/174/138 667/175/153
f 645/177/131 660/176/261 661/180/147
f 654/182/140 653/178/139 668/179/154
f 646/181/132 661/180/147 662/183/148
f 658/168/144 673/199/159 674/184/160
f 667/175/153 666/171/152 681/185/167
f 659/172/145 674/184/160 675/187/161
f 668/179/154 667/175/153 682/186/168
f 660/176/261 675/187/161 676/189/162
f 669/153/155 668/179/154 683/188/169
f 661/180/147 676/189/162 677/191/163
f 670/154/265 669/153/155 684/190/170
f 662/183/148 677/191/163 678/193/164
f 671/159/157 670/154/265 685/192/171
f 663/156/149 678/193/164 679/195/165
f 672/163/158 671/159/157 686/194/172
f 664/160/150 679/195/165 680/197/166
f 666/171/152 665/164/151 680/197/166
f 677/191/163 692/217/178 693/201/179
f 686/194/172 685/192/171 700/202/186
f 678/193/164 693/201/179 694/204/180
f 687/196/173 686/194/172 701/203/187
f 679/195/165 694/204/180 695/206/181
f 681/185/167 680/197/166 695/206/181
f 673/199/159 688/208/174 689/211/175
f 682/186/168 681/185/167 696/210/182
f 674/184/160 689/211/175 690/213/176
f 683/188/169 682/186/168 697/212/183
f 675/187/161 690/213/176 691/215/177
f 684/190/170 683/188/169 698/214/184
f 676/189/162 691/215/177 692/217/178
f 685/192/171 684/190/170 699/216/185
f 697/212/183 696/210/182 711/218/197
f 689/211/175 704/234/190 705/220/191
f 698/214/184 697/212/183 712/219/198
f 690/213/176 705/220/191 706/222/192
f 699/216/185 698/214/184 713/221/199
f 691/215/177 706/222/192 707/224/262
f 700/202/186 699/216/185 714/223/200
f 692/217/178 707/224/262 708/226/194
f 701/203/187 700/202/186 715/225/201
f 693/201/179 708/226/194 709/228/195
f 702/205/188 701/203/187 716/227/202
f 694/204/180 709/228/195 710/230/196
f 696/210/182 695/206/181 710/230/196
f 688/208/174 703/232/189 704/234/190
f 716/227/202 715/225/201 730/235/216
f 708/226/194 723/251/209 724/237/210
f 717/229/203 716/227/202 731/236/217
f 709/228/195 724/237/210 725/239/211
f 711/218/197 710/230/196 725/239/211
f 703/232/189 718/241/204 719/244/205
f 712/219/198 711/218/197 726/243/212
f 704/234/190 719/244/205 720/246/206
f 713/221/199 712/219/198 727/245/213
f 705/220/191 720/246/206 721/248/207
f 714/223/200 713/221/199 728/247/214
f 706/222/192 721/248/207 722/250/208
f 715/225/201 714/223/200 729/249/215
f 707/224/262 722/250/208 723/251/209
f 728/247/214 727/245/213 742/252/228
f 720/246/206 735/268/221 736/254/222
f 729/249/215 728/247/214 743/253/229
f 721/248/207 736/254/222 737/256/223
f 730/235/216 729/249/215 744/255/230
f 722/250/208 737/256/223 738/258/224
f 731/236/217 730/235/216 745/257/231
f 723/251/209 738/258/224 739/260/225
f 732/238/218 731/236/217 746/259/266
f 724/237/210 739/260/225 740/262/226
f 726/243/212 725/239/211 740/262/226
f 718/241/204 733/264/219 734/267/263
f 727/245/213 726/243/212 741/266/227
f 719/244/205 734/267/263 735/268/221
f 747/261/233 746/259/266 761/269/247
f 739/260/225 754/285/240 755/271/241
f 741/266/227 740/262/226 755/271/241
f 733/264/219 748/273/234 749/276/235
f 742/252/228 741/266/227 756/275/242
f 734/267/263 749/276/235 750/278/236
f 743/253/229 742/252/228 757/277/243
f 735/268/221 750/278/236 751/280/237
f 744/255/230 743/253/229 758/279/244
f 736/254/222 751/280/237 752/282/238
f 745/257/231 744/255/230 759/281/245
f 737/256/223 752/282/238 753/284/239
f 746/259/266 745/257/231 760/283/246
f 738/258/224 753/284/239 754/285/240
f 750/278/236 515/32/1 765/4/251
f 759/281/245 758/279/244 520/3/6
f 751/280/237 765/4/251 516/9/2
f 760/283/246 759/281/245 768/8/254
f 752/282/238 516/9/2 766/13/252
f 761/269/247 760/283/246 769/12/255
f 753/284/239 766/13/252 517/17/3
f 762/270/248 761/269/247 770/16/256
f 754/285/240 517/17/3 518/21/4
f 756/275/242 755/271/241 518/21/4
f 748/273/234 763/23/249 764/29/250
f 757/277/243 756/275/242 519/28/5
f 749/276/235 764/29/250 515/32/1
f 758/279/244 757/277/243 767/1/253
f 1024/1/253 787/31/16 788/2/17
f 1022/4/251 772/32/1 780/5/9
f 777/3/6 788/2/17 789/7/18
f 773/9/2 1022/4/251 781/6/10
f 1025/8/254 789/7/18 790/11/19
f 1023/13/252 773/9/2 782/10/11
f 1026/12/255 790/11/19 791/15/20
f 774/17/3 1023/13/252 783/14/12
f 1027/16/256 791/15/20 792/19/21
f 775/21/4 774/17/3 784/18/13
f 775/21/4 785/22/14 786/27/15
f 1021/29/250 1020/23/249 778/25/7
f 776/28/5 786/27/15 787/31/16
f 772/32/1 1021/29/250 779/30/8
f 786/27/15 801/49/30 802/33/31
f 780/5/9 779/30/8 794/34/267
f 787/31/16 802/33/31 803/36/32
f 781/6/10 780/5/9 795/35/24
f 788/2/17 803/36/32 804/38/33
f 782/10/11 781/6/10 796/37/25
f 789/7/18 804/38/33 805/40/34
f 783/14/12 782/10/11 797/39/26
f 790/11/19 805/40/34 806/42/264
f 784/18/13 783/14/12 798/41/27
f 791/15/20 806/42/264 807/44/36
f 785/22/14 784/18/13 799/43/28
f 785/22/14 800/45/29 801/49/30
f 779/30/8 778/25/7 793/47/22
f 805/40/34 820/66/49 821/50/50
f 799/43/28 798/41/27 813/51/42
f 806/42/264 821/50/50 822/53/51
f 800/45/29 799/43/28 814/52/43
f 800/45/29 815/54/44 816/58/45
f 794/34/267 793/47/22 808/56/37
f 801/49/30 816/58/45 817/60/46
f 795/35/24 794/34/267 809/59/38
f 802/33/31 817/60/46 818/62/47
f 796/37/25 795/35/24 810/61/39
f 803/36/32 818/62/47 819/64/48
f 797/39/26 796/37/25 811/63/40
f 804/38/33 819/64/48 820/66/49
f 798/41/27 797/39/26 812/65/41
f 810/61/39 809/59/38 824/67/53
f 817/60/46 832/83/61 833/69/62
f 811/63/40 810/61/39 825/68/54
f 818/62/47 833/69/62 834/71/63
f 812/65/41 811/63/40 826/70/55
f 819/64/48 834/71/63 835/73/64
f 813/51/42 812/65/41 827/72/56
f 820/66/49 835/73/64 836/75/65
f 814/52/43 813/51/42 828/74/57
f 821/50/50 836/75/65 837/77/66
f 815/54/44 814/52/43 829/76/58
f 815/54/44 830/78/59 831/82/60
f 809/59/38 808/56/37 823/80/52
f 816/58/45 831/82/60 832/83/61
f 829/76/58 828/74/57 843/84/72
f 836/75/65 851/100/259 852/86/81
f 830/78/59 829/76/58 844/85/73
f 830/78/59 845/87/74 846/91/75
f 824/67/53 823/80/52 838/89/67
f 831/82/60 846/91/75 847/93/76
f 825/68/54 824/67/53 839/92/258
f 832/83/61 847/93/76 848/95/77
f 826/70/55 825/68/54 840/94/69
f 833/69/62 848/95/77 849/97/78
f 827/72/56 826/70/55 841/96/70
f 834/71/63 849/97/78 850/99/79
f 828/74/57 827/72/56 842/98/71
f 835/73/64 850/99/79 851/100/259
f 847/93/76 863/117/92 864/101/93
f 841/96/70 840/94/69 856/102/85
f 848/95/77 864/101/93 865/104/94
f 842/98/71 841/96/70 857/103/86
f 849/97/78 865/104/94 866/106/95
f 843/84/72 842/98/71 858/105/87
f 850/99/79 866/106/95 867/108/96
f 844/85/73 843/84/72 859/107/88
f 851/100/259 867/108/96 868/110/97
f 845/87/74 844/85/73 860/109/89
f 845/87/74 861/111/90 862/115/91
f 839/92/258 838/89/67 854/113/83
f 846/91/75 862/115/91 863/117/92
f 840/94/69 839/92/258 855/116/84
f 867/108/96 882/134/111 883/118/112
f 861/111/90 860/109/89 875/119/104
f 861/111/90 876/120/105 877/124/106
f 855/116/84 854/113/83 869/122/98
f 862/115/91 877/124/106 878/126/107
f 856/102/85 855/116/84 870/125/99
f 863/117/92 878/126/107 879/128/108
f 857/103/86 856/102/85 871/127/100
f 864/101/93 879/128/108 880/130/109
f 858/105/87 857/103/86 872/129/101
f 865/104/94 880/130/109 881/132/110
f 859/107/88 858/105/87 873/131/102
f 866/106/95 881/132/110 882/134/111
f 860/109/89 859/107/88 874/133/103
f 872/129/101 871/127/100 886/135/115
f 879/128/108 894/151/123 895/137/124
f 873/131/102 872/129/101 887/136/116
f 880/130/109 895/137/124 896/139/125
f 874/133/103 873/131/102 888/138/117
f 881/132/110 896/139/125 897/141/126
f 875/119/104 874/133/103 889/140/118
f 882/134/111 897/141/126 898/143/127
f 876/120/105 875/119/104 890/142/119
f 876/120/105 891/144/120 892/148/268
f 870/125/99 869/122/98 884/146/113
f 877/124/106 892/148/268 893/150/122
f 871/127/100 870/125/99 885/149/114
f 878/126/107 893/150/122 894/151/123
f 912/152/141 911/182/140 926/153/155
f 904/155/133 919/183/148 920/156/149
f 913/158/142 912/152/141 927/154/156
f 905/157/134 920/156/149 921/160/150
f 914/162/143 913/158/142 928/159/157
f 906/161/135 921/160/150 922/164/151
f 908/170/137 907/165/136 922/164/151
f 900/166/129 915/168/144 916/172/145
f 909/174/138 908/170/137 923/171/152
f 901/173/130 916/172/145 917/176/146
f 910/178/139 909/174/138 924/175/153
f 902/177/131 917/176/146 918/180/147
f 911/182/140 910/178/139 925/179/154
f 903/181/132 918/180/147 919/183/148
f 915/168/144 930/199/159 931/184/160
f 924/175/153 923/171/152 938/185/167
f 916/172/145 931/184/160 932/187/161
f 925/179/154 924/175/153 939/186/168
f 917/176/146 932/187/161 933/189/162
f 926/153/155 925/179/154 940/188/169
f 918/180/147 933/189/162 934/191/163
f 927/154/156 926/153/155 941/190/170
f 919/183/148 934/191/163 935/193/164
f 928/159/157 927/154/156 942/192/171
f 920/156/149 935/193/164 936/195/165
f 929/163/158 928/159/157 943/194/172
f 921/160/150 936/195/165 937/197/166
f 923/171/152 922/164/151 937/197/166
f 934/191/163 949/217/178 950/201/179
f 943/194/172 942/192/171 957/202/186
f 935/193/164 950/201/179 951/204/180
f 944/196/173 943/194/172 958/203/187
f 936/195/165 951/204/180 952/206/181
f 938/185/167 937/197/166 952/206/181
f 930/199/159 945/208/174 946/211/175
f 939/186/168 938/185/167 953/210/182
f 931/184/160 946/211/175 947/213/176
f 940/188/169 939/186/168 954/212/183
f 932/187/161 947/213/176 948/215/177
f 941/190/170 940/188/169 955/214/184
f 933/189/162 948/215/177 949/217/178
f 942/192/171 941/190/170 956/216/185
f 954/212/183 953/210/182 968/218/197
f 946/211/175 961/234/190 962/220/191
f 955/214/184 954/212/183 969/219/198
f 947/213/176 962/220/191 963/222/192
f 956/216/185 955/214/184 970/221/269
f 948/215/177 963/222/192 964/224/193
f 957/202/186 956/216/185 971/223/200
f 949/217/178 964/224/193 965/226/194
f 958/203/187 957/202/186 972/225/201
f 950/201/179 965/226/194 966/228/195
f 959/205/188 958/203/187 973/227/202
f 951/204/180 966/228/195 967/230/196
f 953/210/182 952/206/181 967/230/196
f 945/208/174 960/232/189 961/234/190
f 973/227/202 972/225/201 987/235/216
f 965/226/194 980/251/209 981/237/210
f 974/229/203 973/227/202 988/236/217
f 966/228/195 981/237/210 982/239/211
f 968/218/197 967/230/196 982/239/211
f 960/232/189 975/241/204 976/244/205
f 969/219/198 968/218/197 983/243/212
f 961/234/190 976/244/205 977/246/206
f 970/221/269 969/219/198 984/245/213
f 962/220/191 977/246/206 978/248/207
f 971/223/200 970/221/269 985/247/214
f 963/222/192 978/248/207 979/250/208
f 972/225/201 971/223/200 986/249/215
f 964/224/193 979/250/208 980/251/209
f 985/247/214 984/245/213 999/252/228
f 977/246/206 992/268/221 993/254/222
f 986/249/215 985/247/214 1000/253/229
f 978/248/207 993/254/222 994/256/223
f 987/235/216 986/249/215 1001/255/230
f 979/250/208 994/256/223 995/258/224
f 988/236/217 987/235/216 1002/257/231
f 980/251/209 995/258/224 996/260/225
f 989/238/218 988/236/217 1003/259/232
f 981/237/210 996/260/225 997/262/226
f 983/243/212 982/239/211 997/262/226
f 975/241/204 990/264/219 991/267/220
f 984/245/213 983/243/212 998/266/227
f 976/244/205 991/267/220 992/268/221
f 1004/261/233 1003/259/232 1018/269/247
f 996/260/225 1011/285/240 1012/271/241
f 998/266/227 997/262/226 1012/271/241
f 990/264/219 1005/273/234 1006/276/235
f 999/252/228 998/266/227 1013/275/242
f 991/267/220 1006/276/235 1007/278/236
f 1000/253/229 999/252/228 1014/277/243
f 992/268/221 1007/278/236 1008/280/237
f 1001/255/230 1000/253/229 1015/279/244
f 993/254/222 1008/280/237 1009/282/238
f 1002/257/231 1001/255/230 1016/281/245
f 994/256/223 1009/282/238 1010/284/239
f 1003/259/232 1002/257/231 1017/283/246
f 995/258/224 1010/284/239 1011/285/240
f 1007/278/236 772/32/1 1022/4/251
f 1016/281/245 1015/279/244 777/3/6
f 1008/280/237 1022/4/251 773/9/2
f 1017/283/246 1016/281/245 1025/8/254
f 1009/282/238 773/9/2 1023/13/252
f 1018/269/247 1017/283/246 1026/12/255
f 1010/284/239 1023/13/252 774/17/3
f 1019/270/248 1018/269/247 1027/16/256
f 1011/285/240 774/17/3 775/21/4
f 1013/275/242 1012/271/241 775/21/4
f 1005/273/234 1020/23/249 1021/29/250
f 1014/277/243 1013/275/242 776/28/5
f 1006/276/235 1021/29/250 772/32/1
f 1015/279/244 1014/277/243 1024/1/253
f 1281/1/522 1044/31/285 1045/2/286
f 1279/4/520 1029/32/270 1037/5/278
f 1034/3/275 1045/2/286 1046/7/287
f 1030/9/271 1279/4/520 1038/6/279
f 1282/8/523 1046/7/287 1047/11/288
f 1280/13/521 1030/9/271 1039/10/280
f 1283/12/524 1047/11/288 1048/15/289
f 1031/17/272 1280/13/521 1040/14/281
f 1284/16/525 1048/15/289 1049/19/290
f 1032/21/273 1031/17/272 1041/18/282
f 1032/21/273 1042/22/283 1043/27/284
f 1278/29/519 1277/23/518 1035/25/276
f 1033/28/274 1043/27/284 1044/31/285
f 1029/32/270 1278/29/519 1036/30/277
f 1043/27/284 1058/49/299 1059/33/300
f 1037/5/278 1036/30/277 1051/34/292
f 1044/31/285 1059/33/300 1060/36/301
f 1038/6/279 1037/5/278 1052/35/293
f 1045/2/286 1060/36/301 1061/38/302
f 1039/10/280 1038/6/279 1053/37/294
f 1046/7/287 1061/38/302 1062/40/303
f 1040/14/281 1039/10/280 1054/39/295
f 1047/11/288 1062/40/303 1063/42/304
f 1041/18/282 1040/14/281 1055/41/296
f 1048/15/289 1063/42/304 1064/44/305
f 1042/22/283 1041/18/282 1056/43/297
f 1042/22/283 1057/45/298 1058/49/299
f 1036/30/277 1035/25/276 1050/47/291
f 1062/40/303 1077/66/318 1078/50/319
f 1056/43/297 1055/41/296 1070/51/311
f 1063/42/304 1078/50/319 1079/53/320
f 1057/45/298 1056/43/297 1071/52/312
f 1057/45/298 1072/54/313 1073/58/314
f 1051/34/292 1050/47/291 1065/56/306
f 1058/49/299 1073/58/314 1074/60/315
f 1052/35/293 1051/34/292 1066/59/307
f 1059/33/300 1074/60/315 1075/62/316
f 1053/37/294 1052/35/293 1067/61/308
f 1060/36/301 1075/62/316 1076/64/317
f 1054/39/295 1053/37/294 1068/63/309
f 1061/38/302 1076/64/317 1077/66/318
f 1055/41/296 1054/39/295 1069/65/310
f 1067/61/308 1066/59/307 1081/67/322
f 1074/60/315 1089/83/330 1090/69/331
f 1068/63/309 1067/61/308 1082/68/323
f 1075/62/316 1090/69/331 1091/71/332
f 1069/65/310 1068/63/309 1083/70/324
f 1076/64/317 1091/71/332 1092/73/333
f 1070/51/311 1069/65/310 1084/72/325
f 1077/66/318 1092/73/333 1093/75/334
f 1071/52/312 1070/51/311 1085/74/326
f 1078/50/319 1093/75/334 1094/77/335
f 1072/54/313 1071/52/312 1086/76/327
f 1072/54/313 1087/78/328 1088/82/329
f 1066/59/307 1065/56/306 1080/80/321
f 1073/58/314 1088/82/329 1089/83/330
f 1086/76/327 1085/74/326 1100/84/341
f 1093/75/334 1108/100/349 1109/86/350
f 1087/78/328 1086/76/327 1101/85/342
f 1087/78/328 1102/87/343 1103/91/344
f 1081/67/322 1080/80/321 1095/89/336
f 1088/82/329 1103/91/344 1104/93/345
f 1082/68/323 1081/67/322 1096/92/337
f 1089/83/330 1104/93/345 1105/95/346
f 1083/70/324 1082/68/323 1097/94/338
f 1090/69/331 1105/95/346 1106/97/347
f 1084/72/325 1083/70/324 1098/96/339
f 1091/71/332 1106/97/347 1107/99/348
f 1085/74/326 1084/72/325 1099/98/340
f 1092/73/333 1107/99/348 1108/100/349
f 1104/93/345 1120/117/361 1121/101/362
f 1098/96/339 1097/94/338 1113/102/354
f 1105/95/346 1121/101/362 1122/104/363
f 1099/98/340 1098/96/339 1114/103/355
f 1106/97/347 1122/104/363 1123/106/364
f 1100/84/341 1099/98/340 1115/105/356
f 1107/99/348 1123/106/364 1124/108/365
f 1101/85/342 1100/84/341 1116/107/357
f 1108/100/349 1124/108/365 1125/110/366
f 1102/87/343 1101/85/342 1117/109/358
f 1102/87/343 1118/111/359 1119/115/360
f 1096/92/337 1095/89/336 1111/113/352
f 1103/91/344 1119/115/360 1120/117/361
f 1097/94/338 1096/92/337 1112/116/353
f 1124/108/365 1139/134/380 1140/118/381
f 1118/111/359 1117/109/358 1132/119/373
f 1118/111/359 1133/120/374 1134/124/375
f 1112/116/353 1111/113/352 1126/122/367
f 1119/115/360 1134/124/375 1135/126/376
f 1113/102/354 1112/116/353 1127/125/368
f 1120/117/361 1135/126/376 1136/128/377
f 1114/103/355 1113/102/354 1128/127/369
f 1121/101/362 1136/128/377 1137/130/378
f 1115/105/356 1114/103/355 1129/129/370
f 1122/104/363 1137/130/378 1138/132/379
f 1116/107/357 1115/105/356 1130/131/371
f 1123/106/364 1138/132/379 1139/134/380
f 1117/109/358 1116/107/357 1131/133/372
f 1129/129/370 1128/127/369 1143/135/384
f 1136/128/377 1151/151/392 1152/137/393
f 1130/131/371 1129/129/370 1144/136/385
f 1137/130/378 1152/137/393 1153/139/394
f 1131/133/372 1130/131/371 1145/138/386
f 1138/132/379 1153/139/394 1154/141/395
f 1132/119/373 1131/133/372 1146/140/387
f 1139/134/380 1154/141/395 1155/143/396
f 1133/120/374 1132/119/373 1147/142/388
f 1133/120/374 1148/144/389 1149/148/390
f 1127/125/368 1126/122/367 1141/146/382
f 1134/124/375 1149/148/390 1150/150/391
f 1128/127/369 1127/125/368 1142/149/383
f 1135/126/376 1150/150/391 1151/151/392
f 1169/152/410 1168/182/409 1183/153/424
f 1161/155/402 1176/183/417 1177/156/418
f 1170/158/411 1169/152/410 1184/154/425
f 1162/157/403 1177/156/418 1178/160/419
f 1171/162/412 1170/158/411 1185/159/426
f 1163/161/404 1178/160/419 1179/164/420
f 1165/170/406 1164/165/405 1179/164/420
f 1157/166/398 1172/168/413 1173/172/414
f 1166/174/407 1165/170/406 1180/171/421
f 1158/173/399 1173/172/414 1174/176/415
f 1167/178/408 1166/174/407 1181/175/422
f 1159/177/400 1174/176/415 1175/180/416
f 1168/182/409 1167/178/408 1182/179/423
f 1160/181/401 1175/180/416 1176/183/417
f 1172/168/413 1187/199/428 1188/184/429
f 1181/175/422 1180/171/421 1195/185/436
f 1173/172/414 1188/184/429 1189/187/430
f 1182/179/423 1181/175/422 1196/186/437
f 1174/176/415 1189/187/430 1190/189/431
f 1183/153/424 1182/179/423 1197/188/438
f 1175/180/416 1190/189/431 1191/191/432
f 1184/154/425 1183/153/424 1198/190/439
f 1176/183/417 1191/191/432 1192/193/433
f 1185/159/426 1184/154/425 1199/192/440
f 1177/156/418 1192/193/433 1193/195/434
f 1186/163/427 1185/159/426 1200/194/441
f 1178/160/419 1193/195/434 1194/197/435
f 1180/171/421 1179/164/420 1194/197/435
f 1191/191/432 1206/217/447 1207/201/448
f 1200/194/441 1199/192/440 1214/202/455
f 1192/193/433 1207/201/448 1208/204/449
f 1201/196/442 1200/194/441 1215/203/456
f 1193/195/434 1208/204/449 1209/206/450
f 1195/185/436 1194/197/435 1209/206/450
f 1187/199/428 1202/208/443 1203/211/444
f 1196/186/437 1195/185/436 1210/210/451
f 1188/184/429 1203/211/444 1204/213/445
f 1197/188/438 1196/186/437 1211/212/452
f 1189/187/430 1204/213/445 1205/215/446
f 1198/190/439 1197/188/438 1212/214/453
f 1190/189/431 1205/215/446 1206/217/447
f 1199/192/440 1198/190/439 1213/216/454
f 1211/212/452 1210/210/451 1225/218/466
f 1203/211/444 1218/234/459 1219/220/460
f 1212/214/453 1211/212/452 1226/219/467
f 1204/213/445 1219/220/460 1220/222/461
f 1213/216/454 1212/214/453 1227/221/468
f 1205/215/446 1220/222/461 1221/224/462
f 1214/202/455 1213/216/454 1228/223/469
f 1206/217/447 1221/224/462 1222/226/463
f 1215/203/456 1214/202/455 1229/225/470
f 1207/201/448 1222/226/463 1223/228/464
f 1216/205/457 1215/203/456 1230/227/471
f 1208/204/449 1223/228/464 1224/230/465
f 1210/210/451 1209/206/450 1224/230/465
f 1202/208/443 1217/232/458 1218/234/459
f 1230/227/471 1229/225/470 1244/235/485
f 1222/226/463 1237/251/478 1238/237/479
f 1231/229/472 1230/227/471 1245/236/486
f 1223/228/464 1238/237/479 1239/239/480
f 1225/218/466 1224/230/465 1239/239/480
f 1217/232/458 1232/241/473 1233/244/474
f 1226/219/467 1225/218/466 1240/243/481
f 1218/234/459 1233/244/474 1234/246/475
f 1227/221/468 1226/219/467 1241/245/482
f 1219/220/460 1234/246/475 1235/248/476
f 1228/223/469 1227/221/468 1242/247/483
f 1220/222/461 1235/248/476 1236/250/477
f 1229/225/470 1228/223/469 1243/249/484
f 1221/224/462 1236/250/477 1237/251/478
f 1242/247/483 1241/245/482 1256/252/497
f 1234/246/475 1249/268/490 1250/254/491
f 1243/249/484 1242/247/483 1257/253/498
f 1235/248/476 1250/254/491 1251/256/492
f 1244/235/485 1243/249/484 1258/255/499
f 1236/250/477 1251/256/492 1252/258/493
f 1245/236/486 1244/235/485 1259/257/500
f 1237/251/478 1252/258/493 1253/260/494
f 1246/238/487 1245/236/486 1260/259/501
f 1238/237/479 1253/260/494 1254/262/495
f 1240/243/481 1239/239/480 1254/262/495
f 1232/241/473 1247/264/488 1248/267/489
f 1241/245/482 1240/243/481 1255/266/496
f 1233/244/474 1248/267/489 1249/268/490
f 1261/261/502 1260/259/501 1275/269/516
f 1253/260/494 1268/285/509 1269/271/510
f 1255/266/496 1254/262/495 1269/271/510
f 1247/264/488 1262/273/503 1263/276/504
f 1256/252/497 1255/266/496 1270/275/511
f 1248/267/489 1263/276/504 1264/278/505
f 1257/253/498 1256/252/497 1271/277/512
f 1249/268/490 1264/278/505 1265/280/506
f 1258/255/499 1257/253/498 1272/279/513
f 1250/254/491 1265/280/506 1266/282/507
f 1259/257/500 1258/255/499 1273/281/514
f 1251/256/492 1266/282/507 1267/284/508
f 1260/259/501 1259/257/500 1274/283/515
f 1252/258/493 1267/284/508 1268/285/509
f 1264/278/505 1029/32/270 1279/4/520
f 1273/281/514 1272/279/513 1034/3/275
f 1265/280/506 1279/4/520 1030/9/271
f 1274/283/515 1273/281/514 1282/8/523
f 1266/282/507 1030/9/271 1280/13/521
f 1275/269/516 1274/283/515 1283/12/524
f 1267/284/508 1280/13/521 1031/17/272
f 1276/270/517 1275/269/516 1284/16/525
f 1268/285/509 1031/17/272 1032/21/273
f 1270/275/511 1269/271/510 1032/21/273
f 1262/273/503 1277/23/518 1278/29/519
f 1271/277/512 1270/275/511 1033/28/274
f 1263/276/504 1278/29/519 1029/32/270
f 1272/279/513 1271/277/512 1281/1/522
f 1538/1/522 1301/31/285 1302/2/286
f 1536/4/520 1286/32/270 1294/5/278
f 1291/3/275 1302/2/286 1303/7/287
f 1287/9/271 1536/4/520 1295/6/279
f 1539/8/523 1303/7/287 1304/11/288
f 1537/13/521 1287/9/271 1296/10/280
f 1540/12/524 1304/11/288 1305/15/289
f 1288/17/272 1537/13/521 1297/14/281
f 1541/16/525 1305/15/289 1306/19/290
f 1289/21/273 1288/17/272 1298/18/282
f 1289/21/273 1299/22/283 1300/27/284
f 1535/29/519 1534/23/518 1292/25/276
f 1290/28/527 1300/27/284 1301/31/285
f 1286/32/270 1535/29/519 1293/30/277
f 1300/27/284 1315/49/299 1316/33/300
f 1294/5/278 1293/30/277 1308/34/292
f 1301/31/285 1316/33/300 1317/36/301
f 1295/6/279 1294/5/278 1309/35/293
f 1302/2/286 1317/36/301 1318/38/302
f 1296/10/280 1295/6/279 1310/37/294
f 1303/7/287 1318/38/302 1319/40/303
f 1297/14/281 1296/10/280 1311/39/295
f 1304/11/288 1319/40/303 1320/42/304
f 1298/18/282 1297/14/281 1312/41/296
f 1305/15/289 1320/42/304 1321/44/305
f 1299/22/283 1298/18/282 1313/43/297
f 1299/22/283 1314/45/298 1315/49/299
f 1293/30/277 1292/25/276 1307/47/291
f 1319/40/303 1334/66/318 1335/50/319
f 1313/43/297 1312/41/296 1327/51/311
f 1320/42/304 1335/50/319 1336/53/320
f 1314/45/298 1313/43/297 1328/52/312
f 1314/45/298 1329/54/313 1330/58/314
f 1308/34/292 1307/47/291 1322/56/306
f 1315/49/299 1330/58/314 1331/60/315
f 1309/35/293 1308/34/292 1323/59/307
f 1316/33/300 1331/60/315 1332/62/316
f 1310/37/294 1309/35/293 1324/61/308
f 1317/36/301 1332/62/316 1333/64/317
f 1311/39/295 1310/37/294 1325/63/309
f 1318/38/302 1333/64/317 1334/66/318
f 1312/41/296 1311/39/295 1326/65/310
f 1324/61/308 1323/59/307 1338/67/322
f 1331/60/315 1346/83/330 1347/69/529
f 1325/63/309 1324/61/308 1339/68/323
f 1332/62/316 1347/69/529 1348/71/332
f 1326/65/310 1325/63/309 1340/70/324
f 1333/64/317 1348/71/332 1349/73/333
f 1327/51/311 1326/65/310 1341/72/528
f 1334/66/318 1349/73/333 1350/75/334
f 1328/52/312 1327/51/311 1342/74/326
f 1335/50/319 1350/75/334 1351/77/335
f 1329/54/313 1328/52/312 1343/76/327
f 1329/54/313 1344/78/328 1345/82/329
f 1323/59/307 1322/56/306 1337/80/321
f 1330/58/314 1345/82/329 1346/83/330
f 1343/76/327 1342/74/326 1357/84/341
f 1350/75/334 1365/100/349 1366/86/350
f 1344/78/328 1343/76/327 1358/85/342
f 1344/78/328 1359/87/343 1360/91/344
f 1338/67/322 1337/80/321 1352/89/336
f 1345/82/329 1360/91/344 1361/93/345
f 1339/68/323 1338/67/322 1353/92/337
f 1346/83/330 1361/93/345 1362/95/346
f 1340/70/324 1339/68/323 1354/94/338
f 1347/69/529 1362/95/346 1363/97/347
f 1341/72/528 1340/70/324 1355/96/339
f 1348/71/332 1363/97/347 1364/99/348
f 1342/74/326 1341/72/528 1356/98/340
f 1349/73/333 1364/99/348 1365/100/349
f 1361/93/345 1377/117/361 1378/101/362
f 1355/96/339 1354/94/338 1370/102/354
f 1362/95/346 1378/101/362 1379/104/363
f 1356/98/340 1355/96/339 1371/103/355
f 1363/97/347 1379/104/363 1380/106/364
f 1357/84/341 1356/98/340 1372/105/356
f 1364/99/348 1380/106/364 1381/108/365
f 1358/85/342 1357/84/341 1373/107/357
f 1365/100/349 1381/108/365 1382/110/366
f 1359/87/343 1358/85/342 1374/109/358
f 1359/87/343 1375/111/359 1376/115/360
f 1353/92/337 1352/89/336 1368/113/352
f 1360/91/344 1376/115/360 1377/117/361
f 1354/94/338 1353/92/337 1369/116/353
f 1381/108/365 1396/134/380 1397/118/381
f 1375/111/359 1374/109/358 1389/119/373
f 1375/111/359 1390/120/374 1391/124/375
f 1369/116/353 1368/113/352 1383/122/367
f 1376/115/360 1391/124/375 1392/126/376
f 1370/102/354 1369/116/353 1384/125/368
f 1377/117/361 1392/126/376 1393/128/377
f 1371/103/355 1370/102/354 1385/127/369
f 1378/101/362 1393/128/377 1394/130/378
f 1372/105/356 1371/103/355 1386/129/370
f 1379/104/363 1394/130/378 1395/132/530
f 1373/107/357 1372/105/356 1387/131/371
f 1380/106/364 1395/132/530 1396/134/380
f 1374/109/358 1373/107/357 1388/133/372
f 1386/129/370 1385/127/369 1400/135/384
f 1393/128/377 1408/151/392 1409/137/393
f 1387/131/371 1386/129/370 1401/136/385
f 1394/130/378 1409/137/393 1410/139/394
f 1388/133/372 1387/131/371 1402/138/386
f 1395/132/530 1410/139/394 1411/141/395
f 1389/119/373 1388/133/372 1403/140/387
f 1396/134/380 1411/141/395 1412/143/532
f 1390/120/374 1389/119/373 1404/142/388
f 1390/120/374 1405/144/389 1406/148/390
f 1384/125/368 1383/122/367 1398/146/531
f 1391/124/375 1406/148/390 1407/150/391
f 1385/127/369 1384/125/368 1399/149/383
f 1392/126/376 1407/150/391 1408/151/392
f 1426/152/410 1425/182/409 1440/153/424
f 1418/155/402 1433/183/417 1434/156/418
f 1427/158/411 1426/152/410 1441/154/425
f 1419/157/403 1434/156/418 1435/160/419
f 1428/162/535 1427/158/411 1442/159/426
f 1420/161/533 1435/160/419 1436/164/420
f 1422/170/534 1421/165/405 1436/164/420
f 1414/166/398 1429/168/413 1430/172/414
f 1423/174/407 1422/170/534 1437/171/421
f 1415/173/399 1430/172/414 1431/176/415
f 1424/178/408 1423/174/407 1438/175/422
f 1416/177/400 1431/176/415 1432/180/416
f 1425/182/409 1424/178/408 1439/179/423
f 1417/181/401 1432/180/416 1433/183/417
f 1429/168/413 1444/199/428 1445/184/429
f 1438/175/422 1437/171/421 1452/185/436
f 1430/172/414 1445/184/429 1446/187/430
f 1439/179/423 1438/175/422 1453/186/437
f 1431/176/415 1446/187/430 1447/189/431
f 1440/153/424 1439/179/423 1454/188/438
f 1432/180/416 1447/189/431 1448/191/432
f 1441/154/425 1440/153/424 1455/190/439
f 1433/183/417 1448/191/432 1449/193/433
f 1442/159/426 1441/154/425 1456/192/440
f 1434/156/418 1449/193/433 1450/195/434
f 1443/163/427 1442/159/426 1457/194/441
f 1435/160/419 1450/195/434 1451/197/435
f 1437/171/421 1436/164/420 1451/197/435
f 1448/191/432 1463/217/447 1464/201/448
f 1457/194/441 1456/192/440 1471/202/455
f 1449/193/433 1464/201/448 1465/204/449
f 1458/196/442 1457/194/441 1472/203/456
f 1450/195/434 1465/204/449 1466/206/450
f 1452/185/436 1451/197/435 1466/206/450
f 1444/199/428 1459/208/443 1460/211/444
f 1453/186/437 1452/185/436 1467/210/451
f 1445/184/429 1460/211/444 1461/213/445
f 1454/188/438 1453/186/437 1468/212/452
f 1446/187/430 1461/213/445 1462/215/446
f 1455/190/439 1454/188/438 1469/214/453
f 1447/189/431 1462/215/446 1463/217/447
f 1456/192/440 1455/190/439 1470/216/454
f 1468/212/452 1467/210/451 1482/218/466
f 1460/211/444 1475/234/459 1476/220/460
f 1469/214/453 1468/212/452 1483/219/467
f 1461/213/445 1476/220/460 1477/222/461
f 1470/216/454 1469/214/453 1484/221/468
f 1462/215/446 1477/222/461 1478/224/462
f 1471/202/455 1470/216/454 1485/223/469
f 1463/217/447 1478/224/462 1479/226/463
f 1472/203/456 1471/202/455 1486/225/470
f 1464/201/448 1479/226/463 1480/228/464
f 1473/205/457 1472/203/456 1487/227/471
f 1465/204/449 1480/228/464 1481/230/465
f 1467/210/451 1466/206/450 1481/230/465
f 1459/208/443 1474/232/458 1475/234/459
f 1487/227/471 1486/225/470 1501/235/485
f 1479/226/463 1494/251/478 1495/237/479
f 1488/229/472 1487/227/471 1502/236/486
f 1480/228/464 1495/237/479 1496/239/480
f 1482/218/466 1481/230/465 1496/239/480
f 1474/232/458 1489/241/473 1490/244/474
f 1483/219/467 1482/218/466 1497/243/481
f 1475/234/459 1490/244/474 1491/246/475
f 1484/221/468 1483/219/467 1498/245/482
f 1476/220/460 1491/246/475 1492/248/476
f 1485/223/469 1484/221/468 1499/247/483
f 1477/222/461 1492/248/476 1493/250/477
f 1486/225/470 1485/223/469 1500/249/484
f 1478/224/462 1493/250/477 1494/251/478
f 1499/247/483 1498/245/482 1513/252/497
f 1491/246/475 1506/268/490 1507/254/491
f 1500/249/484 1499/247/483 1514/253/498
f 1492/248/476 1507/254/491 1508/256/492
f 1501/235/485 1500/249/484 1515/255/499
f 1493/250/477 1508/256/492 1509/258/493
f 1502/236/486 1501/235/485 1516/257/500
f 1494/251/478 1509/258/493 1510/260/494
f 1503/238/487 1502/236/486 1517/259/501
f 1495/237/479 1510/260/494 1511/262/495
f 1497/243/481 1496/239/480 1511/262/495
f 1489/241/473 1504/264/488 1505/267/489
f 1498/245/482 1497/243/481 1512/266/496
f 1490/244/474 1505/267/489 1506/268/490
f 1518/261/502 1517/259/501 1532/269/516
f 1510/260/494 1525/285/509 1526/271/510
f 1512/266/496 1511/262/495 1526/271/510
f 1504/264/488 1519/273/503 1520/276/504
f 1513/252/497 1512/266/496 1527/275/511
f 1505/267/489 1520/276/504 1521/278/505
f 1514/253/498 1513/252/497 1528/277/512
f 1506/268/490 1521/278/505 1522/280/506
f 1515/255/499 1514/253/498 1529/279/513
f 1507/254/491 1522/280/506 1523/282/507
f 1516/257/500 1515/255/499 1530/281/514
f 1508/256/492 1523/282/507 1524/284/508
f 1517/259/501 1516/257/500 1531/283/515
f 1509/258/493 1524/284/508 1525/285/509
f 1521/278/505 1286/32/270 1536/4/520
f 1530/281/514 1529/279/513 1291/3/275
f 1522/280/506 1536/4/520 1287/9/271
f 1531/283/515 1530/281/514 1539/8/523
f 1523/282/507 1287/9/271 1537/13/521
f 1532/269/516 1531/283/515 1540/12/524
f 1524/284/508 1537/13/521 1288/17/272
f 1533/270/517 1532/269/516 1541/16/525
f 1525/285/509 1288/17/272 1289/21/273
f 1527/275/511 1526/271/510 1289/21/273
f 1519/273/503 1534/23/518 1535/29/519
f 1528/277/512 1527/275/511 1290/28/527
f 1520/276/504 1535/29/519 1286/32/270
f 1529/279/513 1528/277/512 1538/1/522
f 1795/1/522 1558/31/285 1559/2/286
f 1793/4/520 1543/32/270 1551/5/278
f 1548/3/275 1559/2/286 1560/7/287
f 1544/9/271 1793/4/520 1552/6/279
f 1796/8/523 1560/7/287 1561/11/288
f 1794/13/521 1544/9/271 1553/10/280
f 1797/12/524 1561/11/288 1562/15/289
f 1545/17/272 1794/13/521 1554/14/281
f 1798/16/525 1562/15/289 1563/19/290
f 1546/21/273 1545/17/272 1555/18/282
f 1546/21/273 1556/22/283 1557/27/284
f 1792/29/519 1791/23/518 1549/25/276
f 1547/28/274 1557/27/284 1558/31/285
f 1543/32/270 1792/29/519 1550/30/277
f 1557/27/284 1572/49/299 1573/33/300
f 1551/5/278 1550/30/277 1565/34/292
f 1558/31/285 1573/33/300 1574/36/301
f 1552/6/279 1551/5/278 1566/35/293
f 1559/2/286 1574/36/301 1575/38/302
f 1553/10/280 1552/6/279 1567/37/294
f 1560/7/287 1575/38/302 1576/40/536
f 1554/14/281 1553/10/280 1568/39/295
f 1561/11/288 1576/40/536 1577/42/304
f 1555/18/282 1554/14/281 1569/41/296
f 1562/15/289 1577/42/304 1578/44/305
f 1556/22/283 1555/18/282 1570/43/297
f 1556/22/283 1571/45/298 1572/49/299
f 1550/30/277 1549/25/276 1564/47/291
f 1576/40/536 1591/66/318 1592/50/319
f 1570/43/297 1569/41/296 1584/51/311
f 1577/42/304 1592/50/319 1593/53/320
f 1571/45/298 1570/43/297 1585/52/312
f 1571/45/298 1586/54/313 1587/58/314
f 1565/34/292 1564/47/291 1579/56/306
f 1572/49/299 1587/58/314 1588/60/315
f 1566/35/293 1565/34/292 1580/59/307
f 1573/33/300 1588/60/315 1589/62/316
f 1567/37/294 1566/35/293 1581/61/308
f 1574/36/301 1589/62/316 1590/64/317
f 1568/39/295 1567/37/294 1582/63/309
f 1575/38/302 1590/64/317 1591/66/318
f 1569/41/296 1568/39/295 1583/65/310
f 1581/61/308 1580/59/307 1595/67/322
f 1588/60/315 1603/83/330 1604/69/529
f 1582/63/309 1581/61/308 1596/68/323
f 1589/62/316 1604/69/529 1605/71/332
f 1583/65/310 1582/63/309 1597/70/324
f 1590/64/317 1605/71/332 1606/73/333
f 1584/51/311 1583/65/310 1598/72/528
f 1591/66/318 1606/73/333 1607/75/334
f 1585/52/312 1584/51/311 1599/74/326
f 1592/50/319 1607/75/334 1608/77/335
f 1586/54/313 1585/52/312 1600/76/327
f 1586/54/313 1601/78/328 1602/82/329
f 1580/59/307 1579/56/306 1594/80/321
f 1587/58/314 1602/82/329 1603/83/330
f 1600/76/327 1599/74/326 1614/84/341
f 1607/75/334 1622/100/349 1623/86/350
f 1601/78/328 1600/76/327 1615/85/342
f 1601/78/328 1616/87/343 1617/91/344
f 1595/67/322 1594/80/321 1609/89/336
f 1602/82/329 1617/91/344 1618/93/345
f 1596/68/323 1595/67/322 1610/92/537
f 1603/83/330 1618/93/345 1619/95/346
f 1597/70/324 1596/68/323 1611/94/338
f 1604/69/529 1619/95/346 1620/97/347
f 1598/72/528 1597/70/324 1612/96/339
f 1605/71/332 1620/97/347 1621/99/348
f 1599/74/326 1598/72/528 1613/98/340
f 1606/73/333 1621/99/348 1622/100/349
f 1618/93/345 1634/117/361 1635/101/362
f 1612/96/339 1611/94/338 1627/102/354
f 1619/95/346 1635/101/362 1636/104/363
f 1613/98/340 1612/96/339 1628/103/355
f 1620/97/347 1636/104/363 1637/106/364
f 1614/84/341 1613/98/340 1629/105/356
f 1621/99/348 1637/106/364 1638/108/365
f 1615/85/342 1614/84/341 1630/107/357
f 1622/100/349 1638/108/365 1639/110/366
f 1616/87/343 1615/85/342 1631/109/358
f 1616/87/343 1632/111/359 1633/115/360
f 1610/92/537 1609/89/336 1625/113/352
f 1617/91/344 1633/115/360 1634/117/361
f 1611/94/338 1610/92/537 1626/116/353
f 1638/108/365 1653/134/380 1654/118/381
f 1632/111/359 1631/109/358 1646/119/373
f 1632/111/359 1647/120/374 1648/124/375
f 1626/116/353 1625/113/352 1640/122/367
f 1633/115/360 1648/124/375 1649/126/376
f 1627/102/354 1626/116/353 1641/125/368
f 1634/117/361 1649/126/376 1650/128/377
f 1628/103/355 1627/102/354 1642/127/369
f 1635/101/362 1650/128/377 1651/130/378
f 1629/105/356 1628/103/355 1643/129/370
f 1636/104/363 1651/130/378 1652/132/530
f 1630/107/357 1629/105/356 1644/131/371
f 1637/106/364 1652/132/530 1653/134/380
f 1631/109/358 1630/107/357 1645/133/372
f 1643/129/370 1642/127/369 1657/135/384
f 1650/128/377 1665/151/392 1666/137/393
f 1644/131/371 1643/129/370 1658/136/385
f 1651/130/378 1666/137/393 1667/139/394
f 1645/133/372 1644/131/371 1659/138/386
f 1652/132/530 1667/139/394 1668/141/395
f 1646/119/373 1645/133/372 1660/140/387
f 1653/134/380 1668/141/395 1669/143/532
f 1647/120/374 1646/119/373 1661/142/388
f 1647/120/374 1662/144/389 1663/148/390
f 1641/125/368 1640/122/367 1655/146/531
f 1648/124/375 1663/148/390 1664/150/391
f 1642/127/369 1641/125/368 1656/149/383
f 1649/126/376 1664/150/391 1665/151/392
f 1683/152/410 1682/182/409 1697/153/424
f 1675/155/402 1690/183/417 1691/156/418
f 1684/158/411 1683/152/410 1698/154/425
f 1676/157/403 1691/156/418 1692/160/419
f 1685/162/412 1684/158/411 1699/159/426
f 1677/161/533 1692/160/419 1693/164/420
f 1679/170/534 1678/165/405 1693/164/420
f 1671/166/538 1686/168/413 1687/172/414
f 1680/174/407 1679/170/534 1694/171/421
f 1672/173/399 1687/172/414 1688/176/415
f 1681/178/408 1680/174/407 1695/175/422
f 1673/177/400 1688/176/415 1689/180/416
f 1682/182/409 1681/178/408 1696/179/423
f 1674/181/401 1689/180/416 1690/183/417
f 1686/168/413 1701/199/428 1702/184/429
f 1695/175/422 1694/171/421 1709/185/436
f 1687/172/414 1702/184/429 1703/187/430
f 1696/179/423 1695/175/422 1710/186/437
f 1688/176/415 1703/187/430 1704/189/431
f 1697/153/424 1696/179/423 1711/188/438
f 1689/180/416 1704/189/431 1705/191/432
f 1698/154/425 1697/153/424 1712/190/439
f 1690/183/417 1705/191/432 1706/193/433
f 1699/159/426 1698/154/425 1713/192/440
f 1691/156/418 1706/193/433 1707/195/434
f 1700/163/427 1699/159/426 1714/194/441
f 1692/160/419 1707/195/434 1708/197/435
f 1694/171/421 1693/164/420 1708/197/435
f 1705/191/432 1720/217/447 1721/201/448
f 1714/194/441 1713/192/440 1728/202/455
f 1706/193/433 1721/201/448 1722/204/449
f 1715/196/442 1714/194/441 1729/203/456
f 1707/195/434 1722/204/449 1723/206/450
f 1709/185/436 1708/197/435 1723/206/450
f 1701/199/428 1716/208/443 1717/211/539
f 1710/186/437 1709/185/436 1724/210/451
f 1702/184/429 1717/211/539 1718/213/445
f 1711/188/438 1710/186/437 1725/212/452
f 1703/187/430 1718/213/445 1719/215/446
f 1712/190/439 1711/188/438 1726/214/453
f 1704/189/431 1719/215/446 1720/217/447
f 1713/192/440 1712/190/439 1727/216/454
f 1725/212/452 1724/210/451 1739/218/466
f 1717/211/539 1732/234/459 1733/220/460
f 1726/214/453 1725/212/452 1740/219/467
f 1718/213/445 1733/220/460 1734/222/461
f 1727/216/454 1726/214/453 1741/221/468
f 1719/215/446 1734/222/461 1735/224/462
f 1728/202/455 1727/216/454 1742/223/469
f 1720/217/447 1735/224/462 1736/226/463
f 1729/203/456 1728/202/455 1743/225/470
f 1721/201/448 1736/226/463 1737/228/464
f 1730/205/457 1729/203/456 1744/227/471
f 1722/204/449 1737/228/464 1738/230/465
f 1724/210/451 1723/206/450 1738/230/465
f 1716/208/443 1731/232/458 1732/234/459
f 1744/227/471 1743/225/470 1758/235/485
f 1736/226/463 1751/251/478 1752/237/479
f 1745/229/472 1744/227/471 1759/236/486
f 1737/228/464 1752/237/479 1753/239/480
f 1739/218/466 1738/230/465 1753/239/480
f 1731/232/458 1746/241/473 1747/244/474
f 1740/219/467 1739/218/466 1754/243/481
f 1732/234/459 1747/244/474 1748/246/475
f 1741/221/468 1740/219/467 1755/245/482
f 1733/220/460 1748/246/475 1749/248/476
f 1742/223/469 1741/221/468 1756/247/483
f 1734/222/461 1749/248/476 1750/250/477
f 1743/225/470 1742/223/469 1757/249/484
f 1735/224/462 1750/250/477 1751/251/478
f 1756/247/483 1755/245/482 1770/252/497
f 1748/246/475 1763/268/490 1764/254/491
f 1757/249/484 1756/247/483 1771/253/498
f 1749/248/476 1764/254/491 1765/256/492
f 1758/235/485 1757/249/484 1772/255/499
f 1750/250/477 1765/256/492 1766/258/493
f 1759/236/486 1758/235/485 1773/257/500
f 1751/251/478 1766/258/493 1767/260/494
f 1760/238/487 1759/236/486 1774/259/501
f 1752/237/479 1767/260/494 1768/262/495
f 1754/243/481 1753/239/480 1768/262/495
f 1746/241/473 1761/264/488 1762/267/489
f 1755/245/482 1754/243/481 1769/266/496
f 1747/244/474 1762/267/489 1763/268/490
f 1775/261/502 1774/259/501 1789/269/516
f 1767/260/494 1782/285/509 1783/271/510
f 1769/266/496 1768/262/495 1783/271/510
f 1761/264/488 1776/273/503 1777/276/504
f 1770/252/497 1769/266/496 1784/275/511
f 1762/267/489 1777/276/504 1778/278/505
f 1771/253/498 1770/252/497 1785/277/512
f 1763/268/490 1778/278/505 1779/280/506
f 1772/255/499 1771/253/498 1786/279/513
f 1764/254/491 1779/280/506 1780/282/507
f 1773/257/500 1772/255/499 1787/281/514
f 1765/256/492 1780/282/507 1781/284/508
f 1774/259/501 1773/257/500 1788/283/515
f 1766/258/493 1781/284/508 1782/285/509
f 1778/278/505 1543/32/270 1793/4/520
f 1787/281/514 1786/279/513 1548/3/275
f 1779/280/506 1793/4/520 1544/9/271
f 1788/283/515 1787/281/514 1796/8/523
f 1780/282/507 1544/9/271 1794/13/521
f 1789/269/516 1788/283/515 1797/12/524
f 1781/284/508 1794/13/521 1545/17/272
f 1790/270/517 1789/269/516 1798/16/525
f 1782/285/509 1545/17/272 1546/21/273
f 1784/275/511 1783/271/510 1546/21/273
f 1776/273/503 1791/23/518 1792/29/519
f 1785/277/512 1784/275/511 1547/28/274
f 1777/276/504 1792/29/519 1543/32/270
f 1786/279/513 1785/277/512 1795/1/522
f 2052/1/522 1815/31/285 1816/2/286
f 2050/4/520 1800/32/270 1808/5/278
f 1805/3/275 1816/2/286 1817/7/287
f 1801/9/271 2050/4/520 1809/6/279
f 2053/8/523 1817/7/287 1818/11/288
f 2051/13/521 1801/9/271 1810/10/280
f 2054/12/524 1818/11/288 1819/15/289
f 1802/17/272 2051/13/521 1811/14/281
f 2055/16/525 1819/15/289 1820/19/290
f 1803/21/273 1802/17/272 1812/18/282
f 1803/21/273 1813/22/283 1814/27/284
f 2049/29/519 2048/23/518 1806/25/276
f 1804/28/274 1814/27/284 1815/31/285
f 1800/32/270 2049/29/519 1807/30/277
f 1814/27/284 1829/49/299 1830/33/300
f 1808/5/278 1807/30/277 1822/34/292
f 1815/31/285 1830/33/300 1831/36/301
f 1809/6/279 1808/5/278 1823/35/293
f 1816/2/286 1831/36/301 1832/38/302
f 1810/10/280 1809/6/279 1824/37/294
f 1817/7/287 1832/38/302 1833/40/536
f 1811/14/281 1810/10/280 1825/39/295
f 1818/11/288 1833/40/536 1834/42/304
f 1812/18/282 1811/14/281 1826/41/296
f 1819/15/289 1834/42/304 1835/44/305
f 1813/22/283 1812/18/282 1827/43/297
f 1813/22/283 1828/45/298 1829/49/299
f 1807/30/277 1806/25/276 1821/47/291
f 1833/40/536 1848/66/318 1849/50/319
f 1827/43/297 1826/41/296 1841/51/311
f 1834/42/304 1849/50/319 1850/53/320
f 1828/45/298 1827/43/297 1842/52/312
f 1828/45/298 1843/54/313 1844/58/314
f 1822/34/292 1821/47/291 1836/56/306
f 1829/49/299 1844/58/314 1845/60/315
f 1823/35/293 1822/34/292 1837/59/307
f 1830/33/300 1845/60/315 1846/62/316
f 1824/37/294 1823/35/293 1838/61/308
f 1831/36/301 1846/62/316 1847/64/317
f 1825/39/295 1824/37/294 1839/63/309
f 1832/38/302 1847/64/317 1848/66/318
f 1826/41/296 1825/39/295 1840/65/310
f 1838/61/308 1837/59/307 1852/67/322
f 1845/60/315 1860/83/330 1861/69/331
f 1839/63/309 1838/61/308 1853/68/323
f 1846/62/316 1861/69/331 1862/71/332
f 1840/65/310 1839/63/309 1854/70/324
f 1847/64/317 1862/71/332 1863/73/333
f 1841/51/311 1840/65/310 1855/72/325
f 1848/66/318 1863/73/333 1864/75/334
f 1842/52/312 1841/51/311 1856/74/326
f 1849/50/319 1864/75/334 1865/77/335
f 1843/54/313 1842/52/312 1857/76/327
f 1843/54/313 1858/78/328 1859/82/329
f 1837/59/307 1836/56/306 1851/80/321
f 1844/58/314 1859/82/329 1860/83/330
f 1857/76/327 1856/74/326 1871/84/341
f 1864/75/334 1879/100/349 1880/86/350
f 1858/78/328 1857/76/327 1872/85/342
f 1858/78/328 1873/87/343 1874/91/344
f 1852/67/322 1851/80/321 1866/89/336
f 1859/82/329 1874/91/344 1875/93/345
f 1853/68/323 1852/67/322 1867/92/337
f 1860/83/330 1875/93/345 1876/95/346
f 1854/70/324 1853/68/323 1868/94/338
f 1861/69/331 1876/95/346 1877/97/347
f 1855/72/325 1854/70/324 1869/96/339
f 1862/71/332 1877/97/347 1878/99/348
f 1856/74/326 1855/72/325 1870/98/340
f 1863/73/333 1878/99/348 1879/100/349
f 1875/93/345 1891/117/361 1892/101/362
f 1869/96/339 1868/94/338 1884/102/354
f 1876/95/346 1892/101/362 1893/104/363
f 1870/98/340 1869/96/339 1885/103/355
f 1877/97/347 1893/104/363 1894/106/364
f 1871/84/341 1870/98/340 1886/105/356
f 1878/99/348 1894/106/364 1895/108/365
f 1872/85/342 1871/84/341 1887/107/357
f 1879/100/349 1895/108/365 1896/110/366
f 1873/87/343 1872/85/342 1888/109/358
f 1873/87/343 1889/111/359 1890/115/360
f 1867/92/337 1866/89/336 1882/113/352
f 1874/91/344 1890/115/360 1891/117/361
f 1868/94/338 1867/92/337 1883/116/353
f 1895/108/365 1910/134/380 1911/118/381
f 1889/111/359 1888/109/358 1903/119/373
f 1889/111/359 1904/120/374 1905/124/375
f 1883/116/353 1882/113/352 1897/122/367
f 1890/115/360 1905/124/375 1906/126/376
f 1884/102/354 1883/116/353 1898/125/368
f 1891/117/361 1906/126/376 1907/128/377
f 1885/103/355 1884/102/354 1899/127/369
f 1892/101/362 1907/128/377 1908/130/378
f 1886/105/356 1885/103/355 1900/129/370
f 1893/104/363 1908/130/378 1909/132/530
f 1887/107/357 1886/105/356 1901/131/371
f 1894/106/364 1909/132/530 1910/134/380
f 1888/109/358 1887/107/357 1902/133/372
f 1900/129/370 1899/127/369 1914/135/384
f 1907/128/377 1922/151/392 1923/137/393
f 1901/131/371 1900/129/370 1915/136/385
f 1908/130/378 1923/137/393 1924/139/394
f 1902/133/372 1901/131/371 1916/138/386
f 1909/132/530 1924/139/394 1925/141/395
f 1903/119/373 1902/133/372 1917/140/387
f 1910/134/380 1925/141/395 1926/143/396
f 1904/120/374 1903/119/373 1918/142/388
f 1904/120/374 1919/144/389 1920/148/390
f 1898/125/368 1897/122/367 1912/146/382
f 1905/124/375 1920/148/390 1921/150/391
f 1899/127/369 1898/125/368 1913/149/383
f 1906/126/376 1921/150/391 1922/151/392
f 1940/152/410 1939/182/409 1954/153/424
f 1932/155/402 1947/183/417 1948/156/418
f 1941/158/411 1940/152/410 1955/154/425
f 1933/157/403 1948/156/418 1949/160/419
f 1942/162/412 1941/158/411 1956/159/426
f 1934/161/404 1949/160/419 1950/164/420
f 1936/170/406 1935/165/405 1950/164/420
f 1928/166/398 1943/168/413 1944/172/414
f 1937/174/407 1936/170/406 1951/171/421
f 1929/173/399 1944/172/414 1945/176/540
f 1938/178/408 1937/174/407 1952/175/422
f 1930/177/400 1945/176/540 1946/180/416
f 1939/182/409 1938/178/408 1953/179/423
f 1931/181/401 1946/180/416 1947/183/417
f 1943/168/413 1958/199/428 1959/184/429
f 1952/175/422 1951/171/421 1966/185/436
f 1944/172/414 1959/184/429 1960/187/430
f 1953/179/423 1952/175/422 1967/186/437
f 1945/176/540 1960/187/430 1961/189/431
f 1954/153/424 1953/179/423 1968/188/438
f 1946/180/416 1961/189/431 1962/191/432
f 1955/154/425 1954/153/424 1969/190/439
f 1947/183/417 1962/191/432 1963/193/433
f 1956/159/426 1955/154/425 1970/192/440
f 1948/156/418 1963/193/433 1964/195/434
f 1957/163/427 1956/159/426 1971/194/441
f 1949/160/419 1964/195/434 1965/197/435
f 1951/171/421 1950/164/420 1965/197/435
f 1962/191/432 1977/217/447 1978/201/448
f 1971/194/441 1970/192/440 1985/202/455
f 1963/193/433 1978/201/448 1979/204/449
f 1972/196/442 1971/194/441 1986/203/456
f 1964/195/434 1979/204/449 1980/206/450
f 1966/185/436 1965/197/435 1980/206/450
f 1958/199/428 1973/208/443 1974/211/539
f 1967/186/437 1966/185/436 1981/210/451
f 1959/184/429 1974/211/539 1975/213/445
f 1968/188/438 1967/186/437 1982/212/452
f 1960/187/430 1975/213/445 1976/215/446
f 1969/190/439 1968/188/438 1983/214/453
f 1961/189/431 1976/215/446 1977/217/447
f 1970/192/440 1969/190/439 1984/216/454
f 1982/212/452 1981/210/451 1996/218/466
f 1974/211/539 1989/234/459 1990/220/460
f 1983/214/453 1982/212/452 1997/219/467
f 1975/213/445 1990/220/460 1991/222/461
f 1984/216/454 1983/214/453 1998/221/468
f 1976/215/446 1991/222/461 1992/224/462
f 1985/202/455 1984/216/454 1999/223/469
f 1977/217/447 1992/224/462 1993/226/463
f 1986/203/456 1985/202/455 2000/225/470
f 1978/201/448 1993/226/463 1994/228/464
f 1987/205/457 1986/203/456 2001/227/471
f 1979/204/449 1994/228/464 1995/230/465
f 1981/210/451 1980/206/450 1995/230/465
f 1973/208/443 1988/232/458 1989/234/459
f 2001/227/471 2000/225/470 2015/235/485
f 1993/226/463 2008/251/478 2009/237/479
f 2002/229/472 2001/227/471 2016/236/486
f 1994/228/464 2009/237/479 2010/239/480
f 1996/218/466 1995/230/465 2010/239/480
f 1988/232/458 2003/241/473 2004/244/474
f 1997/219/467 1996/218/466 2011/243/481
f 1989/234/459 2004/244/474 2005/246/475
f 1998/221/468 1997/219/467 2012/245/482
f 1990/220/460 2005/246/475 2006/248/476
f 1999/223/469 1998/221/468 2013/247/483
f 1991/222/461 2006/248/476 2007/250/477
f 2000/225/470 1999/223/469 2014/249/484
f 1992/224/462 2007/250/477 2008/251/478
f 2013/247/483 2012/245/482 2027/252/497
f 2005/246/475 2020/268/490 2021/254/491
f 2014/249/484 2013/247/483 2028/253/498
f 2006/248/476 2021/254/491 2022/256/492
f 2015/235/485 2014/249/484 2029/255/499
f 2007/250/477 2022/256/492 2023/258/493
f 2016/236/486 2015/235/485 2030/257/500
f 2008/251/478 2023/258/493 2024/260/494
f 2017/238/487 2016/236/486 2031/259/501
f 2009/237/479 2024/260/494 2025/262/495
f 2011/243/481 2010/239/480 2025/262/495
f 2003/241/473 2018/264/488 2019/267/489
f 2012/245/482 2011/243/481 2026/266/496
f 2004/244/474 2019/267/489 2020/268/490
f 2032/261/502 2031/259/501 2046/269/516
f 2024/260/494 2039/285/509 2040/271/510
f 2026/266/496 2025/262/495 2040/271/510
f 2018/264/488 2033/273/503 2034/276/504
f 2027/252/497 2026/266/496 2041/275/511
f 2019/267/489 2034/276/504 2035/278/505
f 2028/253/498 2027/252/497 2042/277/512
f 2020/268/490 2035/278/505 2036/280/506
f 2029/255/499 2028/253/498 2043/279/513
f 2021/254/491 2036/280/506 2037/282/507
f 2030/257/500 2029/255/499 2044/281/514
f 2022/256/492 2037/282/507 2038/284/508
f 2031/259/501 2030/257/500 2045/283/515
f 2023/258/493 2038/284/508 2039/285/509
f 2035/278/505 1800/32/270 2050/4/520
f 2044/281/514 2043/279/513 1805/3/275
f 2036/280/506 2050/4/520 1801/9/271
f 2045/283/515 2044/281/514 2053/8/523
f 2037/282/507 1801/9/271 2051/13/521
f 2046/269/516 2045/283/515 2054/12/524
f 2038/284/508 2051/13/521 1802/17/272
f 2047/270/517 2046/269/516 2055/16/525
f 2039/285/509 1802/17/272 1803/21/273
f 2041/275/511 2040/271/510 1803/21/273
f 2033/273/503 2048/23/518 2049/29/519
f 2042/277/512 2041/275/511 1804/28/274
f 2034/276/504 2049/29/519 1800/32/270
f 2043/279/513 2042/277/512 2052/1/522
f 2309/1/793 2072/31/556 2073/2/557
f 2307/4/791 2057/32/541 2065/5/549
f 2062/3/546 2073/2/557 2074/7/558
f 2058/9/542 2307/4/791 2066/6/550
f 2310/8/794 2074/7/558 2075/11/559
f 2308/13/792 2058/9/542 2067/10/551
f 2311/12/795 2075/11/559 2076/15/560
f 2059/17/543 2308/13/792 2068/14/552
f 2312/16/796 2076/15/560 2077/19/561
f 2060/21/544 2059/17/543 2069/18/553
f 2060/21/544 2070/22/554 2071/27/555
f 2306/29/790 2305/23/789 2063/25/547
f 2061/28/545 2071/27/555 2072/31/556
f 2057/32/541 2306/29/790 2064/30/548
f 2071/27/555 2086/49/570 2087/33/571
f 2065/5/549 2064/30/548 2079/34/563
f 2072/31/556 2087/33/571 2088/36/572
f 2066/6/550 2065/5/549 2080/35/564
f 2073/2/557 2088/36/572 2089/38/573
f 2067/10/551 2066/6/550 2081/37/565
f 2074/7/558 2089/38/573 2090/40/574
f 2068/14/552 2067/10/551 2082/39/566
f 2075/11/559 2090/40/574 2091/42/575
f 2069/18/553 2068/14/552 2083/41/567
f 2076/15/560 2091/42/575 2092/44/576
f 2070/22/554 2069/18/553 2084/43/568
f 2070/22/554 2085/45/569 2086/49/570
f 2064/30/548 2063/25/547 2078/47/562
f 2090/40/574 2105/66/589 2106/50/590
f 2084/43/568 2083/41/567 2098/51/582
f 2091/42/575 2106/50/590 2107/53/591
f 2085/45/569 2084/43/568 2099/52/583
f 2085/45/569 2100/54/584 2101/58/585
f 2079/34/563 2078/47/562 2093/56/577
f 2086/49/570 2101/58/585 2102/60/586
f 2080/35/564 2079/34/563 2094/59/578
f 2087/33/571 2102/60/586 2103/62/587
f 2081/37/565 2080/35/564 2095/61/579
f 2088/36/572 2103/62/587 2104/64/588
f 2082/39/566 2081/37/565 2096/63/580
f 2089/38/573 2104/64/588 2105/66/589
f 2083/41/567 2082/39/566 2097/65/581
f 2095/61/579 2094/59/578 2109/67/593
f 2102/60/586 2117/83/601 2118/69/602
f 2096/63/580 2095/61/579 2110/68/594
f 2103/62/587 2118/69/602 2119/71/603
f 2097/65/581 2096/63/580 2111/70/595
f 2104/64/588 2119/71/603 2120/73/604
f 2098/51/582 2097/65/581 2112/72/596
f 2105/66/589 2120/73/604 2121/75/605
f 2099/52/583 2098/51/582 2113/74/597
f 2106/50/590 2121/75/605 2122/77/606
f 2100/54/584 2099/52/583 2114/76/598
f 2100/54/584 2115/78/599 2116/82/600
f 2094/59/578 2093/56/577 2108/80/592
f 2101/58/585 2116/82/600 2117/83/601
f 2114/76/598 2113/74/597 2128/84/612
f 2121/75/605 2136/100/620 2137/86/621
f 2115/78/599 2114/76/598 2129/85/613
f 2115/78/599 2130/87/614 2131/91/615
f 2109/67/593 2108/80/592 2123/89/607
f 2116/82/600 2131/91/615 2132/93/616
f 2110/68/594 2109/67/593 2124/92/608
f 2117/83/601 2132/93/616 2133/95/617
f 2111/70/595 2110/68/594 2125/94/609
f 2118/69/602 2133/95/617 2134/97/618
f 2112/72/596 2111/70/595 2126/96/610
f 2119/71/603 2134/97/618 2135/99/619
f 2113/74/597 2112/72/596 2127/98/611
f 2120/73/604 2135/99/619 2136/100/620
f 2132/93/616 2148/117/632 2149/101/633
f 2126/96/610 2125/94/609 2141/102/625
f 2133/95/617 2149/101/633 2150/104/634
f 2127/98/611 2126/96/610 2142/103/626
f 2134/97/618 2150/104/634 2151/106/635
f 2128/84/612 2127/98/611 2143/105/627
f 2135/99/619 2151/106/635 2152/108/636
f 2129/85/613 2128/84/612 2144/107/628
f 2136/100/620 2152/108/636 2153/110/637
f 2130/87/614 2129/85/613 2145/109/629
f 2130/87/614 2146/111/630 2147/115/631
f 2124/92/608 2123/89/607 2139/113/623
f 2131/91/615 2147/115/631 2148/117/632
f 2125/94/609 2124/92/608 2140/116/624
f 2152/108/636 2167/134/651 2168/118/652
f 2146/111/630 2145/109/629 2160/119/644
f 2146/111/630 2161/120/645 2162/124/646
f 2140/116/624 2139/113/623 2154/122/638
f 2147/115/631 2162/124/646 2163/126/647
f 2141/102/625 2140/116/624 2155/125/639
f 2148/117/632 2163/126/647 2164/128/648
f 2142/103/626 2141/102/625 2156/127/640
f 2149/101/633 2164/128/648 2165/130/649
f 2143/105/627 2142/103/626 2157/129/641
f 2150/104/634 2165/130/649 2166/132/650
f 2144/107/628 2143/105/627 2158/131/642
f 2151/106/635 2166/132/650 2167/134/651
f 2145/109/629 2144/107/628 2159/133/643
f 2157/129/641 2156/127/640 2171/135/655
f 2164/128/648 2179/151/663 2180/137/664
f 2158/131/642 2157/129/641 2172/136/656
f 2165/130/649 2180/137/664 2181/139/665
f 2159/133/643 2158/131/642 2173/138/657
f 2166/132/650 2181/139/665 2182/141/666
f 2160/119/644 2159/133/643 2174/140/658
f 2167/134/651 2182/141/666 2183/143/667
f 2161/120/645 2160/119/644 2175/142/659
f 2161/120/645 2176/144/660 2177/148/661
f 2155/125/639 2154/122/638 2169/146/653
f 2162/124/646 2177/148/661 2178/150/662
f 2156/127/640 2155/125/639 2170/149/654
f 2163/126/647 2178/150/662 2179/151/663
f 2197/152/681 2196/182/680 2211/153/695
f 2189/155/673 2204/183/688 2205/156/689
f 2198/158/682 2197/152/681 2212/154/696
f 2190/157/674 2205/156/689 2206/160/690
f 2199/162/683 2198/158/682 2213/159/697
f 2191/161/675 2206/160/690 2207/164/691
f 2193/170/677 2192/165/676 2207/164/691
f 2185/166/669 2200/168/684 2201/172/685
f 2194/174/678 2193/170/677 2208/171/692
f 2186/173/670 2201/172/685 2202/176/686
f 2195/178/679 2194/174/678 2209/175/693
f 2187/177/671 2202/176/686 2203/180/687
f 2196/182/680 2195/178/679 2210/179/694
f 2188/181/672 2203/180/687 2204/183/688
f 2200/168/684 2215/199/699 2216/184/700
f 2209/175/693 2208/171/692 2223/185/707
f 2201/172/685 2216/184/700 2217/187/701
f 2210/179/694 2209/175/693 2224/186/708
f 2202/176/686 2217/187/701 2218/189/702
f 2211/153/695 2210/179/694 2225/188/709
f 2203/180/687 2218/189/702 2219/191/703
f 2212/154/696 2211/153/695 2226/190/710
f 2204/183/688 2219/191/703 2220/193/704
f 2213/159/697 2212/154/696 2227/192/711
f 2205/156/689 2220/193/704 2221/195/705
f 2214/163/698 2213/159/697 2228/194/712
f 2206/160/690 2221/195/705 2222/197/706
f 2208/171/692 2207/164/691 2222/197/706
f 2219/191/703 2234/217/718 2235/201/719
f 2228/194/712 2227/192/711 2242/202/726
f 2220/193/704 2235/201/719 2236/204/720
f 2229/196/713 2228/194/712 2243/203/727
f 2221/195/705 2236/204/720 2237/206/721
f 2223/185/707 2222/197/706 2237/206/721
f 2215/199/699 2230/208/714 2231/211/715
f 2224/186/708 2223/185/707 2238/210/722
f 2216/184/700 2231/211/715 2232/213/716
f 2225/188/709 2224/186/708 2239/212/723
f 2217/187/701 2232/213/716 2233/215/717
f 2226/190/710 2225/188/709 2240/214/724
f 2218/189/702 2233/215/717 2234/217/718
f 2227/192/711 2226/190/710 2241/216/725
f 2239/212/723 2238/210/722 2253/218/737
f 2231/211/715 2246/234/730 2247/220/731
f 2240/214/724 2239/212/723 2254/219/738
f 2232/213/716 2247/220/731 2248/222/732
f 2241/216/725 2240/214/724 2255/221/739
f 2233/215/717 2248/222/732 2249/224/733
f 2242/202/726 2241/216/725 2256/223/740
f 2234/217/718 2249/224/733 2250/226/734
f 2243/203/727 2242/202/726 2257/225/741
f 2235/201/719 2250/226/734 2251/228/735
f 2244/205/728 2243/203/727 2258/227/742
f 2236/204/720 2251/228/735 2252/230/736
f 2238/210/722 2237/206/721 2252/230/736
f 2230/208/714 2245/232/729 2246/234/730
f 2258/227/742 2257/225/741 2272/235/756
f 2250/226/734 2265/251/749 2266/237/750
f 2259/229/743 2258/227/742 2273/236/757
f 2251/228/735 2266/237/750 2267/239/751
f 2253/218/737 2252/230/736 2267/239/751
f 2245/232/729 2260/241/744 2261/244/745
f 2254/219/738 2253/218/737 2268/243/752
f 2246/234/730 2261/244/745 2262/246/746
f 2255/221/739 2254/219/738 2269/245/753
f 2247/220/731 2262/246/746 2263/248/747
f 2256/223/740 2255/221/739 2270/247/754
f 2248/222/732 2263/248/747 2264/250/748
f 2257/225/741 2256/223/740 2271/249/755
f 2249/224/733 2264/250/748 2265/251/749
f 2270/247/754 2269/245/753 2284/252/768
f 2262/246/746 2277/268/761 2278/254/762
f 2271/249/755 2270/247/754 2285/253/769
f 2263/248/747 2278/254/762 2279/256/763
f 2272/235/756 2271/249/755 2286/255/770
f 2264/250/748 2279/256/763 2280/258/764
f 2273/236/757 2272/235/756 2287/257/771
f 2265/251/749 2280/258/764 2281/260/765
f 2274/238/758 2273/236/757 2288/259/772
f 2266/237/750 2281/260/765 2282/262/766
f 2268/243/752 2267/239/751 2282/262/766
f 2260/241/744 2275/264/759 2276/267/760
f 2269/245/753 2268/243/752 2283/266/767
f 2261/244/745 2276/267/760 2277/268/761
f 2289/261/773 2288/259/772 2303/269/787
f 2281/260/765 2296/285/780 2297/271/781
f 2283/266/767 2282/262/766 2297/271/781
f 2275/264/759 2290/273/774 2291/276/775
f 2284/252/768 2283/266/767 2298/275/782
f 2276/267/760 2291/276/775 2292/278/776
f 2285/253/769 2284/252/768 2299/277/783
f 2277/268/761 2292/278/776 2293/280/777
f 2286/255/770 2285/253/769 2300/279/784
f 2278/254/762 2293/280/777 2294/282/778
f 2287/257/771 2286/255/770 2301/281/785
f 2279/256/763 2294/282/778 2295/284/779
f 2288/259/772 2287/257/771 2302/283/786
f 2280/258/764 2295/284/779 2296/285/780
f 2292/278/776 2057/32/541 2307/4/791
f 2301/281/785 2300/279/784 2062/3/546
f 2293/280/777 2307/4/791 2058/9/542
f 2302/283/786 2301/281/785 2310/8/794
f 2294/282/778 2058/9/542 2308/13/792
f 2303/269/787 2302/283/786 2311/12/795
f 2295/284/779 2308/13/792 2059/17/543
f 2304/270/788 2303/269/787 2312/16/796
f 2296/285/780 2059/17/543 2060/21/544
f 2298/275/782 2297/271/781 2060/21/544
f 2290/273/774 2305/23/789 2306/29/790
f 2299/277/783 2298/275/782 2061/28/545
f 2291/276/775 2306/29/790 2057/32/541
f 2300/279/784 2299/277/783 2309/1/793
f 2566/1/793 2329/31/556 2330/2/557
f 2564/4/791 2314/32/541 2322/5/549
f 2319/3/546 2330/2/557 2331/7/558
f 2315/9/542 2564/4/791 2323/6/550
f 2567/8/794 2331/7/558 2332/11/559
f 2565/13/792 2315/9/542 2324/10/551
f 2568/12/795 2332/11/559 2333/15/560
f 2316/17/543 2565/13/792 2325/14/552
f 2569/16/796 2333/15/560 2334/19/561
f 2317/21/544 2316/17/543 2326/18/553
f 2317/21/544 2327/22/554 2328/27/555
f 2563/29/790 2562/23/789 2320/25/547
f 2318/28/545 2328/27/555 2329/31/556
f 2314/32/541 2563/29/790 2321/30/548
f 2328/27/555 2343/49/570 2344/33/571
f 2322/5/549 2321/30/548 2336/34/563
f 2329/31/556 2344/33/571 2345/36/572
f 2323/6/550 2322/5/549 2337/35/564
f 2330/2/557 2345/36/572 2346/38/573
f 2324/10/551 2323/6/550 2338/37/565
f 2331/7/558 2346/38/573 2347/40/574
f 2325/14/552 2324/10/551 2339/39/566
f 2332/11/559 2347/40/574 2348/42/575
f 2326/18/553 2325/14/552 2340/41/567
f 2333/15/560 2348/42/575 2349/44/576
f 2327/22/554 2326/18/553 2341/43/568
f 2327/22/554 2342/45/569 2343/49/570
f 2321/30/548 2320/25/547 2335/47/562
f 2347/40/574 2362/66/589 2363/50/590
f 2341/43/568 2340/41/567 2355/51/582
f 2348/42/575 2363/50/590 2364/53/591
f 2342/45/569 2341/43/568 2356/52/583
f 2342/45/569 2357/54/584 2358/58/585
f 2336/34/563 2335/47/562 2350/56/577
f 2343/49/570 2358/58/585 2359/60/586
f 2337/35/564 2336/34/563 2351/59/578
f 2344/33/571 2359/60/586 2360/62/587
f 2338/37/565 2337/35/564 2352/61/579
f 2345/36/572 2360/62/587 2361/64/588
f 2339/39/566 2338/37/565 2353/63/580
f 2346/38/573 2361/64/588 2362/66/589
f 2340/41/567 2339/39/566 2354/65/581
f 2352/61/579 2351/59/578 2366/67/593
f 2359/60/586 2374/83/601 2375/69/602
f 2353/63/580 2352/61/579 2367/68/594
f 2360/62/587 2375/69/602 2376/71/603
f 2354/65/581 2353/63/580 2368/70/595
f 2361/64/588 2376/71/603 2377/73/604
f 2355/51/582 2354/65/581 2369/72/596
f 2362/66/589 2377/73/604 2378/75/605
f 2356/52/583 2355/51/582 2370/74/597
f 2363/50/590 2378/75/605 2379/77/606
f 2357/54/584 2356/52/583 2371/76/598
f 2357/54/584 2372/78/599 2373/82/600
f 2351/59/578 2350/56/577 2365/80/592
f 2358/58/585 2373/82/600 2374/83/601
f 2371/76/598 2370/74/597 2385/84/612
f 2378/75/605 2393/100/620 2394/86/621
f 2372/78/599 2371/76/598 2386/85/613
f 2372/78/599 2387/87/614 2388/91/615
f 2366/67/593 2365/80/592 2380/89/607
f 2373/82/600 2388/91/615 2389/93/616
f 2367/68/594 2366/67/593 2381/92/608
f 2374/83/601 2389/93/616 2390/95/617
f 2368/70/595 2367/68/594 2382/94/609
f 2375/69/602 2390/95/617 2391/97/618
f 2369/72/596 2368/70/595 2383/96/610
f 2376/71/603 2391/97/618 2392/99/619
f 2370/74/597 2369/72/596 2384/98/611
f 2377/73/604 2392/99/619 2393/100/620
f 2389/93/616 2405/117/632 2406/101/633
f 2383/96/610 2382/94/609 2398/102/625
f 2390/95/617 2406/101/633 2407/104/634
f 2384/98/611 2383/96/610 2399/103/626
f 2391/97/618 2407/104/634 2408/106/635
f 2385/84/612 2384/98/611 2400/105/627
f 2392/99/619 2408/106/635 2409/108/636
f 2386/85/613 2385/84/612 2401/107/628
f 2393/100/620 2409/108/636 2410/110/637
f 2387/87/614 2386/85/613 2402/109/629
f 2387/87/614 2403/111/630 2404/115/631
f 2381/92/608 2380/89/607 2396/113/623
f 2388/91/615 2404/115/631 2405/117/632
f 2382/94/609 2381/92/608 2397/116/624
f 2409/108/636 2424/134/651 2425/118/652
f 2403/111/630 2402/109/629 2417/119/644
f 2403/111/630 2418/120/645 2419/124/646
f 2397/116/624 2396/113/623 2411/122/638
f 2404/115/631 2419/124/646 2420/126/647
f 2398/102/625 2397/116/624 2412/125/639
f 2405/117/632 2420/126/647 2421/128/648
f 2399/103/626 2398/102/625 2413/127/640
f 2406/101/633 2421/128/648 2422/130/649
f 2400/105/627 2399/103/626 2414/129/641
f 2407/104/634 2422/130/649 2423/132/798
f 2401/107/628 2400/105/627 2415/131/642
f 2408/106/635 2423/132/798 2424/134/651
f 2402/109/629 2401/107/628 2416/133/643
f 2414/129/641 2413/127/640 2428/135/655
f 2421/128/648 2436/151/663 2437/137/664
f 2415/131/642 2414/129/641 2429/136/656
f 2422/130/649 2437/137/664 2438/139/665
f 2416/133/643 2415/131/642 2430/138/657
f 2423/132/798 2438/139/665 2439/141/666
f 2417/119/644 2416/133/643 2431/140/658
f 2424/134/651 2439/141/666 2440/143/667
f 2418/120/645 2417/119/644 2432/142/659
f 2418/120/645 2433/144/660 2434/148/661
f 2412/125/639 2411/122/638 2426/146/799
f 2419/124/646 2434/148/661 2435/150/662
f 2413/127/640 2412/125/639 2427/149/654
f 2420/126/647 2435/150/662 2436/151/663
f 2454/152/681 2453/182/680 2468/153/695
f 2446/155/673 2461/183/688 2462/156/689
f 2455/158/682 2454/152/681 2469/154/696
f 2447/157/674 2462/156/689 2463/160/690
f 2456/162/802 2455/158/682 2470/159/697
f 2448/161/800 2463/160/690 2464/164/691
f 2450/170/801 2449/165/676 2464/164/691
f 2442/166/669 2457/168/684 2458/172/685
f 2451/174/678 2450/170/801 2465/171/692
f 2443/173/670 2458/172/685 2459/176/686
f 2452/178/679 2451/174/678 2466/175/693
f 2444/177/671 2459/176/686 2460/180/687
f 2453/182/680 2452/178/679 2467/179/694
f 2445/181/672 2460/180/687 2461/183/688
f 2457/168/684 2472/199/699 2473/184/700
f 2466/175/693 2465/171/692 2480/185/707
f 2458/172/685 2473/184/700 2474/187/701
f 2467/179/694 2466/175/693 2481/186/708
f 2459/176/686 2474/187/701 2475/189/702
f 2468/153/695 2467/179/694 2482/188/709
f 2460/180/687 2475/189/702 2476/191/703
f 2469/154/696 2468/153/695 2483/190/710
f 2461/183/688 2476/191/703 2477/193/704
f 2470/159/697 2469/154/696 2484/192/711
f 2462/156/689 2477/193/704 2478/195/705
f 2471/163/698 2470/159/697 2485/194/712
f 2463/160/690 2478/195/705 2479/197/706
f 2465/171/692 2464/164/691 2479/197/706
f 2476/191/703 2491/217/718 2492/201/719
f 2485/194/712 2484/192/711 2499/202/726
f 2477/193/704 2492/201/719 2493/204/720
f 2486/196/713 2485/194/712 2500/203/727
f 2478/195/705 2493/204/720 2494/206/721
f 2480/185/707 2479/197/706 2494/206/721
f 2472/199/699 2487/208/714 2488/211/715
f 2481/186/708 2480/185/707 2495/210/722
f 2473/184/700 2488/211/715 2489/213/716
f 2482/188/709 2481/186/708 2496/212/723
f 2474/187/701 2489/213/716 2490/215/717
f 2483/190/710 2482/188/709 2497/214/724
f 2475/189/702 2490/215/717 2491/217/718
f 2484/192/711 2483/190/710 2498/216/725
f 2496/212/723 2495/210/722 2510/218/737
f 2488/211/715 2503/234/730 2504/220/731
f 2497/214/724 2496/212/723 2511/219/738
f 2489/213/716 2504/220/731 2505/222/732
f 2498/216/725 2497/214/724 2512/221/739
f 2490/215/717 2505/222/732 2506/224/733
f 2499/202/726 2498/216/725 2513/223/740
f 2491/217/718 2506/224/733 2507/226/734
f 2500/203/727 2499/202/726 2514/225/741
f 2492/201/719 2507/226/734 2508/228/735
f 2501/205/728 2500/203/727 2515/227/742
f 2493/204/720 2508/228/735 2509/230/736
f 2495/210/722 2494/206/721 2509/230/736
f 2487/208/714 2502/232/729 2503/234/730
f 2515/227/742 2514/225/741 2529/235/756
f 2507/226/734 2522/251/749 2523/237/750
f 2516/229/743 2515/227/742 2530/236/757
f 2508/228/735 2523/237/750 2524/239/751
f 2510/218/737 2509/230/736 2524/239/751
f 2502/232/729 2517/241/744 2518/244/745
f 2511/219/738 2510/218/737 2525/243/752
f 2503/234/730 2518/244/745 2519/246/746
f 2512/221/739 2511/219/738 2526/245/753
f 2504/220/731 2519/246/746 2520/248/747
f 2513/223/740 2512/221/739 2527/247/754
f 2505/222/732 2520/248/747 2521/250/748
f 2514/225/741 2513/223/740 2528/249/755
f 2506/224/733 2521/250/748 2522/251/749
f 2527/247/754 2526/245/753 2541/252/768
f 2519/246/746 2534/268/761 2535/254/762
f 2528/249/755 2527/247/754 2542/253/769
f 2520/248/747 2535/254/762 2536/256/763
f 2529/235/756 2528/249/755 2543/255/770
f 2521/250/748 2536/256/763 2537/258/764
f 2530/236/757 2529/235/756 2544/257/771
f 2522/251/749 2537/258/764 2538/260/765
f 2531/238/758 2530/236/757 2545/259/772
f 2523/237/750 2538/260/765 2539/262/766
f 2525/243/752 2524/239/751 2539/262/766
f 2517/241/744 2532/264/759 2533/267/760
f 2526/245/753 2525/243/752 2540/266/767
f 2518/244/745 2533/267/760 2534/268/761
f 2546/261/773 2545/259/772 2560/269/787
f 2538/260/765 2553/285/780 2554/271/781
f 2540/266/767 2539/262/766 2554/271/781
f 2532/264/759 2547/273/774 2548/276/775
f 2541/252/768 2540/266/767 2555/275/782
f 2533/267/760 2548/276/775 2549/278/776
f 2542/253/769 2541/252/768 2556/277/783
f 2534/268/761 2549/278/776 2550/280/777
f 2543/255/770 2542/253/769 2557/279/784
f 2535/254/762 2550/280/777 2551/282/778
f 2544/257/771 2543/255/770 2558/281/785
f 2536/256/763 2551/282/778 2552/284/779
f 2545/259/772 2544/257/771 2559/283/786
f 2537/258/764 2552/284/779 2553/285/780
f 2549/278/776 2314/32/541 2564/4/791
f 2558/281/785 2557/279/784 2319/3/546
f 2550/280/777 2564/4/791 2315/9/542
f 2559/283/786 2558/281/785 2567/8/794
f 2551/282/778 2315/9/542 2565/13/792
f 2560/269/787 2559/283/786 2568/12/795
f 2552/284/779 2565/13/792 2316/17/543
f 2561/270/788 2560/269/787 2569/16/796
f 2553/285/780 2316/17/543 2317/21/544
f 2555/275/782 2554/271/781 2317/21/544
f 2547/273/774 2562/23/789 2563/29/790
f 2556/277/783 2555/275/782 2318/28/545
f 2548/276/775 2563/29/790 2314/32/541
f 2557/279/784 2556/277/783 2566/1/793
f 2823/1/793 2586/31/556 2587/2/557
f 2821/4/791 2571/32/541 2579/5/549
f 2576/3/546 2587/2/557 2588/7/558
f 2572/9/542 2821/4/791 2580/6/550
f 2824/8/794 2588/7/558 2589/11/559
f 2822/13/792 2572/9/542 2581/10/551
f 2825/12/795 2589/11/559 2590/15/560
f 2573/17/543 2822/13/792 2582/14/552
f 2826/16/796 2590/15/560 2591/19/561
f 2574/21/544 2573/17/543 2583/18/553
f 2574/21/544 2584/22/554 2585/27/555
f 2820/29/790 2819/23/789 2577/25/547
f 2575/28/803 2585/27/555 2586/31/556
f 2571/32/541 2820/29/790 2578/30/548
f 2585/27/555 2600/49/570 2601/33/571
f 2579/5/549 2578/30/548 2593/34/563
f 2586/31/556 2601/33/571 2602/36/572
f 2580/6/550 2579/5/549 2594/35/564
f 2587/2/557 2602/36/572 2603/38/573
f 2581/10/551 2580/6/550 2595/37/565
f 2588/7/558 2603/38/573 2604/40/804
f 2582/14/552 2581/10/551 2596/39/566
f 2589/11/559 2604/40/804 2605/42/575
f 2583/18/553 2582/14/552 2597/41/567
f 2590/15/560 2605/42/575 2606/44/576
f 2584/22/554 2583/18/553 2598/43/568
f 2584/22/554 2599/45/569 2600/49/570
f 2578/30/548 2577/25/547 2592/47/562
f 2604/40/804 2619/66/589 2620/50/590
f 2598/43/568 2597/41/567 2612/51/582
f 2605/42/575 2620/50/590 2621/53/591
f 2599/45/569 2598/43/568 2613/52/583
f 2599/45/569 2614/54/584 2615/58/585
f 2593/34/563 2592/47/562 2607/56/577
f 2600/49/570 2615/58/585 2616/60/586
f 2594/35/564 2593/34/563 2608/59/578
f 2601/33/571 2616/60/586 2617/62/587
f 2595/37/565 2594/35/564 2609/61/579
f 2602/36/572 2617/62/587 2618/64/588
f 2596/39/566 2595/37/565 2610/63/580
f 2603/38/573 2618/64/588 2619/66/589
f 2597/41/567 2596/39/566 2611/65/581
f 2609/61/579 2608/59/578 2623/67/593
f 2616/60/586 2631/83/601 2632/69/602
f 2610/63/580 2609/61/579 2624/68/594
f 2617/62/587 2632/69/602 2633/71/603
f 2611/65/581 2610/63/580 2625/70/595
f 2618/64/588 2633/71/603 2634/73/604
f 2612/51/582 2611/65/581 2626/72/596
f 2619/66/589 2634/73/604 2635/75/605
f 2613/52/583 2612/51/582 2627/74/597
f 2620/50/590 2635/75/605 2636/77/606
f 2614/54/584 2613/52/583 2628/76/598
f 2614/54/584 2629/78/599 2630/82/600
f 2608/59/578 2607/56/577 2622/80/592
f 2615/58/585 2630/82/600 2631/83/601
f 2628/76/598 2627/74/597 2642/84/612
f 2635/75/605 2650/100/620 2651/86/621
f 2629/78/599 2628/76/598 2643/85/613
f 2629/78/599 2644/87/614 2645/91/615
f 2623/67/593 2622/80/592 2637/89/607
f 2630/82/600 2645/91/615 2646/93/616
f 2624/68/594 2623/67/593 2638/92/805
f 2631/83/601 2646/93/616 2647/95/617
f 2625/70/595 2624/68/594 2639/94/609
f 2632/69/602 2647/95/617 2648/97/618
f 2626/72/596 2625/70/595 2640/96/610
f 2633/71/603 2648/97/618 2649/99/619
f 2627/74/597 2626/72/596 2641/98/611
f 2634/73/604 2649/99/619 2650/100/620
f 2646/93/616 2662/117/632 2663/101/633
f 2640/96/610 2639/94/609 2655/102/625
f 2647/95/617 2663/101/633 2664/104/634
f 2641/98/611 2640/96/610 2656/103/626
f 2648/97/618 2664/104/634 2665/106/635
f 2642/84/612 2641/98/611 2657/105/627
f 2649/99/619 2665/106/635 2666/108/636
f 2643/85/613 2642/84/612 2658/107/628
f 2650/100/620 2666/108/636 2667/110/637
f 2644/87/614 2643/85/613 2659/109/629
f 2644/87/614 2660/111/630 2661/115/631
f 2638/92/805 2637/89/607 2653/113/623
f 2645/91/615 2661/115/631 2662/117/632
f 2639/94/609 2638/92/805 2654/116/624
f 2666/108/636 2681/134/651 2682/118/652
f 2660/111/630 2659/109/629 2674/119/644
f 2660/111/630 2675/120/645 2676/124/646
f 2654/116/624 2653/113/623 2668/122/638
f 2661/115/631 2676/124/646 2677/126/647
f 2655/102/625 2654/116/624 2669/125/639
f 2662/117/632 2677/126/647 2678/128/648
f 2656/103/626 2655/102/625 2670/127/640
f 2663/101/633 2678/128/648 2679/130/649
f 2657/105/627 2656/103/626 2671/129/641
f 2664/104/634 2679/130/649 2680/132/798
f 2658/107/628 2657/105/627 2672/131/642
f 2665/106/635 2680/132/798 2681/134/651
f 2659/109/629 2658/107/628 2673/133/643
f 2671/129/641 2670/127/640 2685/135/655
f 2678/128/648 2693/151/663 2694/137/664
f 2672/131/642 2671/129/641 2686/136/656
f 2679/130/649 2694/137/664 2695/139/665
f 2673/133/643 2672/131/642 2687/138/657
f 2680/132/798 2695/139/665 2696/141/666
f 2674/119/644 2673/133/643 2688/140/658
f 2681/134/651 2696/141/666 2697/143/806
f 2675/120/645 2674/119/644 2689/142/659
f 2675/120/645 2690/144/660 2691/148/661
f 2669/125/639 2668/122/638 2683/146/799
f 2676/124/646 2691/148/661 2692/150/662
f 2670/127/640 2669/125/639 2684/149/654
f 2677/126/647 2692/150/662 2693/151/663
f 2711/152/681 2710/182/680 2725/153/695
f 2703/155/673 2718/183/688 2719/156/689
f 2712/158/682 2711/152/681 2726/154/696
f 2704/157/674 2719/156/689 2720/160/690
f 2713/162/683 2712/158/682 2727/159/697
f 2705/161/800 2720/160/690 2721/164/691
f 2707/170/801 2706/165/676 2721/164/691
f 2699/166/807 2714/168/684 2715/172/685
f 2708/174/678 2707/170/801 2722/171/692
f 2700/173/670 2715/172/685 2716/176/686
f 2709/178/679 2708/174/678 2723/175/693
f 2701/177/671 2716/176/686 2717/180/687
f 2710/182/680 2709/178/679 2724/179/694
f 2702/181/672 2717/180/687 2718/183/688
f 2714/168/684 2729/199/699 2730/184/700
f 2723/175/693 2722/171/692 2737/185/707
f 2715/172/685 2730/184/700 2731/187/701
f 2724/179/694 2723/175/693 2738/186/708
f 2716/176/686 2731/187/701 2732/189/702
f 2725/153/695 2724/179/694 2739/188/709
f 2717/180/687 2732/189/702 2733/191/703
f 2726/154/696 2725/153/695 2740/190/710
f 2718/183/688 2733/191/703 2734/193/704
f 2727/159/697 2726/154/696 2741/192/711
f 2719/156/689 2734/193/704 2735/195/705
f 2728/163/698 2727/159/697 2742/194/712
f 2720/160/690 2735/195/705 2736/197/706
f 2722/171/692 2721/164/691 2736/197/706
f 2733/191/703 2748/217/718 2749/201/719
f 2742/194/712 2741/192/711 2756/202/726
f 2734/193/704 2749/201/719 2750/204/720
f 2743/196/713 2742/194/712 2757/203/727
f 2735/195/705 2750/204/720 2751/206/721
f 2737/185/707 2736/197/706 2751/206/721
f 2729/199/699 2744/208/714 2745/211/808
f 2738/186/708 2737/185/707 2752/210/722
f 2730/184/700 2745/211/808 2746/213/716
f 2739/188/709 2738/186/708 2753/212/723
f 2731/187/701 2746/213/716 2747/215/717
f 2740/190/710 2739/188/709 2754/214/724
f 2732/189/702 2747/215/717 2748/217/718
f 2741/192/711 2740/190/710 2755/216/725
f 2753/212/723 2752/210/722 2767/218/737
f 2745/211/808 2760/234/730 2761/220/731
f 2754/214/724 2753/212/723 2768/219/738
f 2746/213/716 2761/220/731 2762/222/732
f 2755/216/725 2754/214/724 2769/221/739
f 2747/215/717 2762/222/732 2763/224/733
f 2756/202/726 2755/216/725 2770/223/740
f 2748/217/718 2763/224/733 2764/226/734
f 2757/203/727 2756/202/726 2771/225/741
f 2749/201/719 2764/226/734 2765/228/735
f 2758/205/728 2757/203/727 2772/227/742
f 2750/204/720 2765/228/735 2766/230/736
f 2752/210/722 2751/206/721 2766/230/736
f 2744/208/714 2759/232/729 2760/234/730
f 2772/227/742 2771/225/741 2786/235/756
f 2764/226/734 2779/251/749 2780/237/750
f 2773/229/743 2772/227/742 2787/236/757
f 2765/228/735 2780/237/750 2781/239/751
f 2767/218/737 2766/230/736 2781/239/751
f 2759/232/729 2774/241/744 2775/244/745
f 2768/219/738 2767/218/737 2782/243/752
f 2760/234/730 2775/244/745 2776/246/746
f 2769/221/739 2768/219/738 2783/245/753
f 2761/220/731 2776/246/746 2777/248/747
f 2770/223/740 2769/221/739 2784/247/754
f 2762/222/732 2777/248/747 2778/250/748
f 2771/225/741 2770/223/740 2785/249/755
f 2763/224/733 2778/250/748 2779/251/749
f 2784/247/754 2783/245/753 2798/252/768
f 2776/246/746 2791/268/761 2792/254/762
f 2785/249/755 2784/247/754 2799/253/769
f 2777/248/747 2792/254/762 2793/256/763
f 2786/235/756 2785/249/755 2800/255/770
f 2778/250/748 2793/256/763 2794/258/764
f 2787/236/757 2786/235/756 2801/257/771
f 2779/251/749 2794/258/764 2795/260/765
f 2788/238/758 2787/236/757 2802/259/772
f 2780/237/750 2795/260/765 2796/262/766
f 2782/243/752 2781/239/751 2796/262/766
f 2774/241/744 2789/264/759 2790/267/760
f 2783/245/753 2782/243/752 2797/266/767
f 2775/244/745 2790/267/760 2791/268/761
f 2803/261/773 2802/259/772 2817/269/787
f 2795/260/765 2810/285/780 2811/271/781
f 2797/266/767 2796/262/766 2811/271/781
f 2789/264/759 2804/273/774 2805/276/775
f 2798/252/768 2797/266/767 2812/275/782
f 2790/267/760 2805/276/775 2806/278/776
f 2799/253/769 2798/252/768 2813/277/783
f 2791/268/761 2806/278/776 2807/280/777
f 2800/255/770 2799/253/769 2814/279/784
f 2792/254/762 2807/280/777 2808/282/778
f 2801/257/771 2800/255/770 2815/281/785
f 2793/256/763 2808/282/778 2809/284/779
f 2802/259/772 2801/257/771 2816/283/786
f 2794/258/764 2809/284/779 2810/285/780
f 2806/278/776 2571/32/541 2821/4/791
f 2815/281/785 2814/279/784 2576/3/546
f 2807/280/777 2821/4/791 2572/9/542
f 2816/283/786 2815/281/785 2824/8/794
f 2808/282/778 2572/9/542 2822/13/792
f 2817/269/787 2816/283/786 2825/12/795
f 2809/284/779 2822/13/792 2573/17/543
f 2818/270/788 2817/269/787 2826/16/796
f 2810/285/780 2573/17/543 2574/21/544
f 2812/275/782 2811/271/781 2574/21/544
f 2804/273/774 2819/23/789 2820/29/790
f 2813/277/783 2812/275/782 2575/28/803
f 2805/276/775 2820/29/790 2571/32/541
f 2814/279/784 2813/277/783 2823/1/793
f 3080/1/793 2843/31/556 2844/2/557
f 3078/4/791 2828/32/541 2836/5/549
f 2833/3/546 2844/2/557 2845/7/558
f 2829/9/542 3078/4/791 2837/6/550
f 3081/8/794 2845/7/558 2846/11/559
f 3079/13/792 2829/9/542 2838/10/551
f 3082/12/795 2846/11/559 2847/15/560
f 2830/17/809 3079/13/792 2839/14/552
f 3083/16/796 2847/15/560 2848/19/561
f 2831/21/544 2830/17/809 2840/18/553
f 2831/21/544 2841/22/554 2842/27/555
f 3077/29/790 3076/23/789 2834/25/547
f 2832/28/803 2842/27/555 2843/31/556
f 2828/32/541 3077/29/790 2835/30/548
f 2842/27/555 2857/49/570 2858/33/571
f 2836/5/549 2835/30/548 2850/34/563
f 2843/31/556 2858/33/571 2859/36/572
f 2837/6/550 2836/5/549 2851/35/564
f 2844/2/557 2859/36/572 2860/38/573
f 2838/10/551 2837/6/550 2852/37/565
f 2845/7/558 2860/38/573 2861/40/804
f 2839/14/552 2838/10/551 2853/39/566
f 2846/11/559 2861/40/804 2862/42/575
f 2840/18/553 2839/14/552 2854/41/567
f 2847/15/560 2862/42/575 2863/44/576
f 2841/22/554 2840/18/553 2855/43/568
f 2841/22/554 2856/45/569 2857/49/570
f 2835/30/548 2834/25/547 2849/47/562
f 2861/40/804 2876/66/589 2877/50/590
f 2855/43/568 2854/41/567 2869/51/582
f 2862/42/575 2877/50/590 2878/53/591
f 2856/45/569 2855/43/568 2870/52/583
f 2856/45/569 2871/54/584 2872/58/585
f 2850/34/563 2849/47/562 2864/56/577
f 2857/49/570 2872/58/585 2873/60/586
f 2851/35/564 2850/34/563 2865/59/578
f 2858/33/571 2873/60/586 2874/62/587
f 2852/37/565 2851/35/564 2866/61/579
f 2859/36/572 2874/62/587 2875/64/588
f 2853/39/566 2852/37/565 2867/63/580
f 2860/38/573 2875/64/588 2876/66/589
f 2854/41/567 2853/39/566 2868/65/581
f 2866/61/579 2865/59/578 2880/67/593
f 2873/60/586 2888/83/601 2889/69/602
f 2867/63/580 2866/61/579 2881/68/594
f 2874/62/587 2889/69/602 2890/71/603
f 2868/65/581 2867/63/580 2882/70/595
f 2875/64/588 2890/71/603 2891/73/604
f 2869/51/582 2868/65/581 2883/72/596
f 2876/66/589 2891/73/604 2892/75/605
f 2870/52/583 2869/51/582 2884/74/597
f 2877/50/590 2892/75/605 2893/77/606
f 2871/54/584 2870/52/583 2885/76/598
f 2871/54/584 2886/78/599 2887/82/600
f 2865/59/578 2864/56/577 2879/80/592
f 2872/58/585 2887/82/600 2888/83/601
f 2885/76/598 2884/74/597 2899/84/612
f 2892/75/605 2907/100/620 2908/86/621
f 2886/78/599 2885/76/598 2900/85/613
f 2886/78/599 2901/87/614 2902/91/615
f 2880/67/593 2879/80/592 2894/89/607
f 2887/82/600 2902/91/615 2903/93/616
f 2881/68/594 2880/67/593 2895/92/608
f 2888/83/601 2903/93/616 2904/95/617
f 2882/70/595 2881/68/594 2896/94/609
f 2889/69/602 2904/95/617 2905/97/618
f 2883/72/596 2882/70/595 2897/96/610
f 2890/71/603 2905/97/618 2906/99/619
f 2884/74/597 2883/72/596 2898/98/611
f 2891/73/604 2906/99/619 2907/100/620
f 2903/93/616 2919/117/632 2920/101/633
f 2897/96/610 2896/94/609 2912/102/625
f 2904/95/617 2920/101/633 2921/104/634
f 2898/98/611 2897/96/610 2913/103/626
f 2905/97/618 2921/104/634 2922/106/635
f 2899/84/612 2898/98/611 2914/105/627
f 2906/99/619 2922/106/635 2923/108/636
f 2900/85/613 2899/84/612 2915/107/628
f 2907/100/620 2923/108/636 2924/110/637
f 2901/87/614 2900/85/613 2916/109/629
f 2901/87/614 2917/111/630 2918/115/631
f 2895/92/608 2894/89/607 2910/113/623
f 2902/91/615 2918/115/631 2919/117/632
f 2896/94/609 2895/92/608 2911/116/624
f 2923/108/636 2938/134/651 2939/118/652
f 2917/111/630 2916/109/629 2931/119/644
f 2917/111/630 2932/120/645 2933/124/646
f 2911/116/624 2910/113/623 2925/122/638
f 2918/115/631 2933/124/646 2934/126/647
f 2912/102/625 2911/116/624 2926/125/639
f 2919/117/632 2934/126/647 2935/128/648
f 2913/103/626 2912/102/625 2927/127/640
f 2920/101/633 2935/128/648 2936/130/649
f 2914/105/627 2913/103/626 2928/129/641
f 2921/104/634 2936/130/649 2937/132/798
f 2915/107/628 2914/105/627 2929/131/642
f 2922/106/635 2937/132/798 2938/134/651
f 2916/109/629 2915/107/628 2930/133/643
f 2928/129/641 2927/127/640 2942/135/655
f 2935/128/648 2950/151/663 2951/137/664
f 2929/131/642 2928/129/641 2943/136/656
f 2936/130/649 2951/137/664 2952/139/665
f 2930/133/643 2929/131/642 2944/138/657
f 2937/132/798 2952/139/665 2953/141/666
f 2931/119/644 2930/133/643 2945/140/658
f 2938/134/651 2953/141/666 2954/143/667
f 2932/120/645 2931/119/644 2946/142/659
f 2932/120/645 2947/144/660 2948/148/661
f 2926/125/639 2925/122/638 2940/146/799
f 2933/124/646 2948/148/661 2949/150/662
f 2927/127/640 2926/125/639 2941/149/654
f 2934/126/647 2949/150/662 2950/151/663
f 2968/152/681 2967/182/680 2982/153/695
f 2960/155/673 2975/183/688 2976/156/689
f 2969/158/682 2968/152/681 2983/154/696
f 2961/157/674 2976/156/689 2977/160/690
f 2970/162/683 2969/158/682 2984/159/697
f 2962/161/675 2977/160/690 2978/164/691
f 2964/170/677 2963/165/676 2978/164/691
f 2956/166/669 2971/168/684 2972/172/685
f 2965/174/678 2964/170/677 2979/171/692
f 2957/173/670 2972/172/685 2973/176/810
f 2966/178/679 2965/174/678 2980/175/693
f 2958/177/671 2973/176/810 2974/180/687
f 2967/182/680 2966/178/679 2981/179/694
f 2959/181/672 2974/180/687 2975/183/688
f 2971/168/684 2986/199/699 2987/184/700
f 2980/175/693 2979/171/692 2994/185/707
f 2972/172/685 2987/184/700 2988/187/701
f 2981/179/694 2980/175/693 2995/186/708
f 2973/176/810 2988/187/701 2989/189/702
f 2982/153/695 2981/179/694 2996/188/709
f 2974/180/687 2989/189/702 2990/191/703
f 2983/154/696 2982/153/695 2997/190/710
f 2975/183/688 2990/191/703 2991/193/704
f 2984/159/697 2983/154/696 2998/192/711
f 2976/156/689 2991/193/704 2992/195/705
f 2985/163/698 2984/159/697 2999/194/712
f 2977/160/690 2992/195/705 2993/197/706
f 2979/171/692 2978/164/691 2993/197/706
f 2990/191/703 3005/217/718 3006/201/719
f 2999/194/712 2998/192/711 3013/202/726
f 2991/193/704 3006/201/719 3007/204/720
f 3000/196/713 2999/194/712 3014/203/727
f 2992/195/705 3007/204/720 3008/206/721
f 2994/185/707 2993/197/706 3008/206/721
f 2986/199/699 3001/208/714 3002/211/808
f 2995/186/708 2994/185/707 3009/210/722
f 2987/184/700 3002/211/808 3003/213/716
f 2996/188/709 2995/186/708 3010/212/723
f 2988/187/701 3003/213/716 3004/215/717
f 2997/190/710 2996/188/709 3011/214/724
f 2989/189/702 3004/215/717 3005/217/718
f 2998/192/711 2997/190/710 3012/216/725
f 3010/212/723 3009/210/722 3024/218/737
f 3002/211/808 3017/234/730 3018/220/731
f 3011/214/724 3010/212/723 3025/219/738
f 3003/213/716 3018/220/731 3019/222/732
f 3012/216/725 3011/214/724 3026/221/739
f 3004/215/717 3019/222/732 3020/224/733
f 3013/202/726 3012/216/725 3027/223/740
f 3005/217/718 3020/224/733 3021/226/734
f 3014/203/727 3013/202/726 3028/225/741
f 3006/201/719 3021/226/734 3022/228/735
f 3015/205/728 3014/203/727 3029/227/742
f 3007/204/720 3022/228/735 3023/230/736
f 3009/210/722 3008/206/721 3023/230/736
f 3001/208/714 3016/232/729 3017/234/730
f 3029/227/742 3028/225/741 3043/235/756
f 3021/226/734 3036/251/749 3037/237/750
f 3030/229/743 3029/227/742 3044/236/757
f 3022/228/735 3037/237/750 3038/239/751
f 3024/218/737 3023/230/736 3038/239/751
f 3016/232/729 3031/241/744 3032/244/745
f 3025/219/738 3024/218/737 3039/243/752
f 3017/234/730 3032/244/745 3033/246/746
f 3026/221/739 3025/219/738 3040/245/753
f 3018/220/731 3033/246/746 3034/248/747
f 3027/223/740 3026/221/739 3041/247/754
f 3019/222/732 3034/248/747 3035/250/748
f 3028/225/741 3027/223/740 3042/249/755
f 3020/224/733 3035/250/748 3036/251/749
f 3041/247/754 3040/245/753 3055/252/768
f 3033/246/746 3048/268/761 3049/254/762
f 3042/249/755 3041/247/754 3056/253/769
f 3034/248/747 3049/254/762 3050/256/763
f 3043/235/756 3042/249/755 3057/255/770
f 3035/250/748 3050/256/763 3051/258/764
f 3044/236/757 3043/235/756 3058/257/771
f 3036/251/749 3051/258/764 3052/260/765
f 3045/238/758 3044/236/757 3059/259/772
f 3037/237/750 3052/260/765 3053/262/766
f 3039/243/752 3038/239/751 3053/262/766
f 3031/241/744 3046/264/759 3047/267/760
f 3040/245/753 3039/243/752 3054/266/767
f 3032/244/745 3047/267/760 3048/268/761
f 3060/261/773 3059/259/772 3074/269/787
f 3052/260/765 3067/285/780 3068/271/781
f 3054/266/767 3053/262/766 3068/271/781
f 3046/264/759 3061/273/774 3062/276/775
f 3055/252/768 3054/266/767 3069/275/782
f 3047/267/760 3062/276/775 3063/278/776
f 3056/253/769 3055/252/768 3070/277/783
f 3048/268/761 3063/278/776 3064/280/777
f 3057/255/770 3056/253/769 3071/279/784
f 3049/254/762 3064/280/777 3065/282/778
f 3058/257/771 3057/255/770 3072/281/785
f 3050/256/763 3065/282/778 3066/284/779
f 3059/259/772 3058/257/771 3073/283/786
f 3051/258/764 3066/284/779 3067/285/780
f 3063/278/776 2828/32/541 3078/4/791
f 3072/281/785 3071/279/784 2833/3/546
f 3064/280/777 3078/4/791 2829/9/542
f 3073/283/786 3072/281/785 3081/8/794
f 3065/282/778 2829/9/542 3079/13/792
f 3074/269/787 3073/283/786 3082/12/795
f 3066/284/779 3079/13/792 2830/17/809
f 3075/270/788 3074/269/787 3083/16/796
f 3067/285/780 2830/17/809 2831/21/544
f 3069/275/782 3068/271/781 2831/21/544
f 3061/273/774 3076/23/789 3077/29/790
f 3070/277/783 3069/275/782 2832/28/803
f 3062/276/775 3077/29/790 2828/32/541
f 3071/279/784 3070/277/783 3080/1/793
f 3337/1/1063 3100/31/826 3101/2/827
f 3335/4/1061 3085/32/811 3093/5/819
f 3090/3/816 3101/2/827 3102/7/828
f 3086/9/812 3335/4/1061 3094/6/820
f 3338/8/1064 3102/7/828 3103/11/829
f 3336/13/1062 3086/9/812 3095/10/821
f 3339/12/1065 3103/11/829 3104/15/830
f 3087/17/813 3336/13/1062 3096/14/822
f 3340/16/1066 3104/15/830 3105/19/831
f 3088/21/814 3087/17/813 3097/18/823
f 3088/21/814 3098/22/824 3099/27/825
f 3334/29/1060 3333/23/1059 3091/25/817
f 3089/28/815 3099/27/825 3100/31/826
f 3085/32/811 3334/29/1060 3092/30/818
f 3099/27/825 3114/49/840 3115/33/841
f 3093/5/819 3092/30/818 3107/34/833
f 3100/31/826 3115/33/841 3116/36/842
f 3094/6/820 3093/5/819 3108/35/834
f 3101/2/827 3116/36/842 3117/38/843
f 3095/10/821 3094/6/820 3109/37/835
f 3102/7/828 3117/38/843 3118/40/844
f 3096/14/822 3095/10/821 3110/39/836
f 3103/11/829 3118/40/844 3119/42/845
f 3097/18/823 3096/14/822 3111/41/837
f 3104/15/830 3119/42/845 3120/44/846
f 3098/22/824 3097/18/823 3112/43/838
f 3098/22/824 3113/45/839 3114/49/840
f 3092/30/818 3091/25/817 3106/47/832
f 3118/40/844 3133/66/859 3134/50/860
f 3112/43/838 3111/41/837 3126/51/852
f 3119/42/845 3134/50/860 3135/53/861
f 3113/45/839 3112/43/838 3127/52/853
f 3113/45/839 3128/54/854 3129/58/855
f 3107/34/833 3106/47/832 3121/56/847
f 3114/49/840 3129/58/855 3130/60/856
f 3108/35/834 3107/34/833 3122/59/848
f 3115/33/841 3130/60/856 3131/62/857
f 3109/37/835 3108/35/834 3123/61/849
f 3116/36/842 3131/62/857 3132/64/858
f 3110/39/836 3109/37/835 3124/63/850
f 3117/38/843 3132/64/858 3133/66/859
f 3111/41/837 3110/39/836 3125/65/851
f 3123/61/849 3122/59/848 3137/67/863
f 3130/60/856 3145/83/871 3146/69/872
f 3124/63/850 3123/61/849 3138/68/864
f 3131/62/857 3146/69/872 3147/71/873
f 3125/65/851 3124/63/850 3139/70/865
f 3132/64/858 3147/71/873 3148/73/874
f 3126/51/852 3125/65/851 3140/72/866
f 3133/66/859 3148/73/874 3149/75/875
f 3127/52/853 3126/51/852 3141/74/867
f 3134/50/860 3149/75/875 3150/77/876
f 3128/54/854 3127/52/853 3142/76/868
f 3128/54/854 3143/78/869 3144/82/870
f 3122/59/848 3121/56/847 3136/80/862
f 3129/58/855 3144/82/870 3145/83/871
f 3142/76/868 3141/74/867 3156/84/882
f 3149/75/875 3164/100/890 3165/86/891
f 3143/78/869 3142/76/868 3157/85/883
f 3143/78/869 3158/87/884 3159/91/885
f 3137/67/863 3136/80/862 3151/89/877
f 3144/82/870 3159/91/885 3160/93/886
f 3138/68/864 3137/67/863 3152/92/878
f 3145/83/871 3160/93/886 3161/95/887
f 3139/70/865 3138/68/864 3153/94/879
f 3146/69/872 3161/95/887 3162/97/888
f 3140/72/866 3139/70/865 3154/96/880
f 3147/71/873 3162/97/888 3163/99/889
f 3141/74/867 3140/72/866 3155/98/881
f 3148/73/874 3163/99/889 3164/100/890
f 3160/93/886 3176/117/902 3177/101/903
f 3154/96/880 3153/94/879 3169/102/895
f 3161/95/887 3177/101/903 3178/104/904
f 3155/98/881 3154/96/880 3170/103/896
f 3162/97/888 3178/104/904 3179/106/905
f 3156/84/882 3155/98/881 3171/105/897
f 3163/99/889 3179/106/905 3180/108/906
f 3157/85/883 3156/84/882 3172/107/898
f 3164/100/890 3180/108/906 3181/110/907
f 3158/87/884 3157/85/883 3173/109/899
f 3158/87/884 3174/111/900 3175/115/901
f 3152/92/878 3151/89/877 3167/113/893
f 3159/91/885 3175/115/901 3176/117/902
f 3153/94/879 3152/92/878 3168/116/894
f 3180/108/906 3195/134/921 3196/118/922
f 3174/111/900 3173/109/899 3188/119/914
f 3174/111/900 3189/120/915 3190/124/916
f 3168/116/894 3167/113/893 3182/122/908
f 3175/115/901 3190/124/916 3191/126/917
f 3169/102/895 3168/116/894 3183/125/909
f 3176/117/902 3191/126/917 3192/128/918
f 3170/103/896 3169/102/895 3184/127/910
f 3177/101/903 3192/128/918 3193/130/919
f 3171/105/897 3170/103/896 3185/129/911
f 3178/104/904 3193/130/919 3194/132/920
f 3172/107/898 3171/105/897 3186/131/912
f 3179/106/905 3194/132/920 3195/134/921
f 3173/109/899 3172/107/898 3187/133/913
f 3185/129/911 3184/127/910 3199/135/925
f 3192/128/918 3207/151/933 3208/137/934
f 3186/131/912 3185/129/911 3200/136/926
f 3193/130/919 3208/137/934 3209/139/935
f 3187/133/913 3186/131/912 3201/138/927
f 3194/132/920 3209/139/935 3210/141/936
f 3188/119/914 3187/133/913 3202/140/928
f 3195/134/921 3210/141/936 3211/143/937
f 3189/120/915 3188/119/914 3203/142/929
f 3189/120/915 3204/144/930 3205/148/931
f 3183/125/909 3182/122/908 3197/146/923
f 3190/124/916 3205/148/931 3206/150/932
f 3184/127/910 3183/125/909 3198/149/924
f 3191/126/917 3206/150/932 3207/151/933
f 3225/152/951 3224/182/950 3239/153/965
f 3217/155/943 3232/183/958 3233/156/959
f 3226/158/952 3225/152/951 3240/154/966
f 3218/157/944 3233/156/959 3234/160/960
f 3227/162/953 3226/158/952 3241/159/967
f 3219/161/945 3234/160/960 3235/164/961
f 3221/170/947 3220/165/946 3235/164/961
f 3213/166/939 3228/168/954 3229/172/955
f 3222/174/948 3221/170/947 3236/171/962
f 3214/173/940 3229/172/955 3230/176/956
f 3223/178/949 3222/174/948 3237/175/963
f 3215/177/941 3230/176/956 3231/180/957
f 3224/182/950 3223/178/949 3238/179/964
f 3216/181/942 3231/180/957 3232/183/958
f 3228/168/954 3243/199/969 3244/184/970
f 3237/175/963 3236/171/962 3251/185/977
f 3229/172/955 3244/184/970 3245/187/971
f 3238/179/964 3237/175/963 3252/186/978
f 3230/176/956 3245/187/971 3246/189/972
f 3239/153/965 3238/179/964 3253/188/979
f 3231/180/957 3246/189/972 3247/191/973
f 3240/154/966 3239/153/965 3254/190/980
f 3232/183/958 3247/191/973 3248/193/974
f 3241/159/967 3240/154/966 3255/192/981
f 3233/156/959 3248/193/974 3249/195/975
f 3242/163/968 3241/159/967 3256/194/982
f 3234/160/960 3249/195/975 3250/197/976
f 3236/171/962 3235/164/961 3250/197/976
f 3247/191/973 3262/217/988 3263/201/989
f 3256/194/982 3255/192/981 3270/202/996
f 3248/193/974 3263/201/989 3264/204/990
f 3257/196/983 3256/194/982 3271/203/997
f 3249/195/975 3264/204/990 3265/206/991
f 3251/185/977 3250/197/976 3265/206/991
f 3243/199/969 3258/208/984 3259/211/985
f 3252/186/978 3251/185/977 3266/210/992
f 3244/184/970 3259/211/985 3260/213/986
f 3253/188/979 3252/186/978 3267/212/993
f 3245/187/971 3260/213/986 3261/215/987
f 3254/190/980 3253/188/979 3268/214/994
f 3246/189/972 3261/215/987 3262/217/988
f 3255/192/981 3254/190/980 3269/216/995
f 3267/212/993 3266/210/992 3281/218/1007
f 3259/211/985 3274/234/1000 3275/220/1001
f 3268/214/994 3267/212/993 3282/219/1008
f 3260/213/986 3275/220/1001 3276/222/1002
f 3269/216/995 3268/214/994 3283/221/1009
f 3261/215/987 3276/222/1002 3277/224/1003
f 3270/202/996 3269/216/995 3284/223/1010
f 3262/217/988 3277/224/1003 3278/226/1004
f 3271/203/997 3270/202/996 3285/225/1011
f 3263/201/989 3278/226/1004 3279/228/1005
f 3272/205/998 3271/203/997 3286/227/1012
f 3264/204/990 3279/228/1005 3280/230/1006
f 3266/210/992 3265/206/991 3280/230/1006
f 3258/208/984 3273/232/999 3274/234/1000
f 3286/227/1012 3285/225/1011 3300/235/1026
f 3278/226/1004 3293/251/1019 3294/237/1020
f 3287/229/1013 3286/227/1012 3301/236/1027
f 3279/228/1005 3294/237/1020 3295/239/1021
f 3281/218/1007 3280/230/1006 3295/239/1021
f 3273/232/999 3288/241/1014 3289/244/1015
f 3282/219/1008 3281/218/1007 3296/243/1022
f 3274/234/1000 3289/244/1015 3290/246/1016
f 3283/221/1009 3282/219/1008 3297/245/1023
f 3275/220/1001 3290/246/1016 3291/248/1017
f 3284/223/1010 3283/221/1009 3298/247/1024
f 3276/222/1002 3291/248/1017 3292/250/1018
f 3285/225/1011 3284/223/1010 3299/249/1025
f 3277/224/1003 3292/250/1018 3293/251/1019
f 3298/247/1024 3297/245/1023 3312/252/1038
f 3290/246/1016 3305/268/1031 3306/254/1032
f 3299/249/1025 3298/247/1024 3313/253/1039
f 3291/248/1017 3306/254/1032 3307/256/1033
f 3300/235/1026 3299/249/1025 3314/255/1040
f 3292/250/1018 3307/256/1033 3308/258/1034
f 3301/236/1027 3300/235/1026 3315/257/1041
f 3293/251/1019 3308/258/1034 3309/260/1035
f 3302/238/1028 3301/236/1027 3316/259/1042
f 3294/237/1020 3309/260/1035 3310/262/1036
f 3296/243/1022 3295/239/1021 3310/262/1036
f 3288/241/1014 3303/264/1029 3304/267/1030
f 3297/245/1023 3296/243/1022 3311/266/1037
f 3289/244/1015 3304/267/1030 3305/268/1031
f 3317/261/1043 3316/259/1042 3331/269/1057
f 3309/260/1035 3324/285/1050 3325/271/1051
f 3311/266/1037 3310/262/1036 3325/271/1051
f 3303/264/1029 3318/273/1044 3319/276/1045
f 3312/252/1038 3311/266/1037 3326/275/1052
f 3304/267/1030 3319/276/1045 3320/278/1046
f 3313/253/1039 3312/252/1038 3327/277/1053
f 3305/268/1031 3320/278/1046 3321/280/1047
f 3314/255/1040 3313/253/1039 3328/279/1054
f 3306/254/1032 3321/280/1047 3322/282/1048
f 3315/257/1041 3314/255/1040 3329/281/1055
f 3307/256/1033 3322/282/1048 3323/284/1049
f 3316/259/1042 3315/257/1041 3330/283/1056
f 3308/258/1034 3323/284/1049 3324/285/1050
f 3320/278/1046 3085/32/811 3335/4/1061
f 3329/281/1055 3328/279/1054 3090/3/816
f 3321/280/1047 3335/4/1061 3086/9/812
f 3330/283/1056 3329/281/1055 3338/8/1064
f 3322/282/1048 3086/9/812 3336/13/1062
f 3331/269/1057 3330/283/1056 3339/12/1065
f 3323/284/1049 3336/13/1062 3087/17/813
f 3332/270/1058 3331/269/1057 3340/16/1066
f 3324/285/1050 3087/17/813 3088/21/814
f 3326/275/1052 3325/271/1051 3088/21/814
f 3318/273/1044 3333/23/1059 3334/29/1060
f 3327/277/1053 3326/275/1052 3089/28/815
f 3319/276/1045 3334/29/1060 3085/32/811
f 3328/279/1054 3327/277/1053 3337/1/1063
f 3594/1/1063 3357/31/826 3358/2/827
f 3592/4/1061 3342/32/811 3350/5/819
f 3347/3/816 3358/2/827 3359/7/828
f 3343/9/812 3592/4/1061 3351/6/820
f 3595/8/1064 3359/7/828 3360/11/829
f 3593/13/1062 3343/9/812 3352/10/821
f 3596/12/1065 3360/11/829 3361/15/830
f 3344/17/813 3593/13/1062 3353/14/822
f 3597/16/1066 3361/15/830 3362/19/831
f 3345/21/814 3344/17/813 3354/18/823
f 3345/21/814 3355/22/824 3356/27/825
f 3591/29/1060 3590/23/1059 3348/25/817
f 3346/28/815 3356/27/825 3357/31/826
f 3342/32/811 3591/29/1060 3349/30/818
f 3356/27/825 3371/49/840 3372/33/841
f 3350/5/819 3349/30/818 3364/34/833
f 3357/31/826 3372/33/841 3373/36/842
f 3351/6/820 3350/5/819 3365/35/834
f 3358/2/827 3373/36/842 3374/38/843
f 3352/10/821 3351/6/820 3366/37/835
f 3359/7/828 3374/38/843 3375/40/844
f 3353/14/822 3352/10/821 3367/39/836
f 3360/11/829 3375/40/844 3376/42/845
f 3354/18/823 3353/14/822 3368/41/837
f 3361/15/830 3376/42/845 3377/44/846
f 3355/22/824 3354/18/823 3369/43/838
f 3355/22/824 3370/45/839 3371/49/840
f 3349/30/818 3348/25/817 3363/47/832
f 3375/40/844 3390/66/859 3391/50/860
f 3369/43/838 3368/41/837 3383/51/852
f 3376/42/845 3391/50/860 3392/53/861
f 3370/45/839 3369/43/838 3384/52/853
f 3370/45/839 3385/54/854 3386/58/855
f 3364/34/833 3363/47/832 3378/56/847
f 3371/49/840 3386/58/855 3387/60/856
f 3365/35/834 3364/34/833 3379/59/848
f 3372/33/841 3387/60/856 3388/62/857
f 3366/37/835 3365/35/834 3380/61/849
f 3373/36/842 3388/62/857 3389/64/858
f 3367/39/836 3366/37/835 3381/63/850
f 3374/38/843 3389/64/858 3390/66/859
f 3368/41/837 3367/39/836 3382/65/851
f 3380/61/849 3379/59/848 3394/67/863
f 3387/60/856 3402/83/871 3403/69/872
f 3381/63/850 3380/61/849 3395/68/864
f 3388/62/857 3403/69/872 3404/71/873
f 3382/65/851 3381/63/850 3396/70/865
f 3389/64/858 3404/71/873 3405/73/874
f 3383/51/852 3382/65/851 3397/72/866
f 3390/66/859 3405/73/874 3406/75/875
f 3384/52/853 3383/51/852 3398/74/867
f 3391/50/860 3406/75/875 3407/77/876
f 3385/54/854 3384/52/853 3399/76/868
f 3385/54/854 3400/78/869 3401/82/870
f 3379/59/848 3378/56/847 3393/80/862
f 3386/58/855 3401/82/870 3402/83/871
f 3399/76/868 3398/74/867 3413/84/882
f 3406/75/875 3421/100/1069 3422/86/891
f 3400/78/869 3399/76/868 3414/85/883
f 3400/78/869 3415/87/884 3416/91/885
f 3394/67/863 3393/80/862 3408/89/877
f 3401/82/870 3416/91/885 3417/93/886
f 3395/68/864 3394/67/863 3409/92/1068
f 3402/83/871 3417/93/886 3418/95/887
f 3396/70/865 3395/68/864 3410/94/879
f 3403/69/872 3418/95/887 3419/97/888
f 3397/72/866 3396/70/865 3411/96/880
f 3404/71/873 3419/97/888 3420/99/889
f 3398/74/867 3397/72/866 3412/98/881
f 3405/73/874 3420/99/889 3421/100/1069
f 3417/93/886 3433/117/902 3434/101/903
f 3411/96/880 3410/94/879 3426/102/895
f 3418/95/887 3434/101/903 3435/104/904
f 3412/98/881 3411/96/880 3427/103/896
f 3419/97/888 3435/104/904 3436/106/905
f 3413/84/882 3412/98/881 3428/105/897
f 3420/99/889 3436/106/905 3437/108/906
f 3414/85/883 3413/84/882 3429/107/898
f 3421/100/1069 3437/108/906 3438/110/907
f 3415/87/884 3414/85/883 3430/109/899
f 3415/87/884 3431/111/900 3432/115/901
f 3409/92/1068 3408/89/877 3424/113/893
f 3416/91/885 3432/115/901 3433/117/902
f 3410/94/879 3409/92/1068 3425/116/894
f 3437/108/906 3452/134/921 3453/118/922
f 3431/111/900 3430/109/899 3445/119/914
f 3431/111/900 3446/120/915 3447/124/916
f 3425/116/894 3424/113/893 3439/122/908
f 3432/115/901 3447/124/916 3448/126/917
f 3426/102/895 3425/116/894 3440/125/909
f 3433/117/902 3448/126/917 3449/128/918
f 3427/103/896 3426/102/895 3441/127/910
f 3434/101/903 3449/128/918 3450/130/919
f 3428/105/897 3427/103/896 3442/129/911
f 3435/104/904 3450/130/919 3451/132/920
f 3429/107/898 3428/105/897 3443/131/912
f 3436/106/905 3451/132/920 3452/134/921
f 3430/109/899 3429/107/898 3444/133/913
f 3442/129/911 3441/127/910 3456/135/925
f 3449/128/918 3464/151/933 3465/137/934
f 3443/131/912 3442/129/911 3457/136/926
f 3450/130/919 3465/137/934 3466/139/935
f 3444/133/913 3443/131/912 3458/138/927
f 3451/132/920 3466/139/935 3467/141/936
f 3445/119/914 3444/133/913 3459/140/928
f 3452/134/921 3467/141/936 3468/143/937
f 3446/120/915 3445/119/914 3460/142/1070
f 3446/120/915 3461/144/930 3462/148/931
f 3440/125/909 3439/122/908 3454/146/923
f 3447/124/916 3462/148/931 3463/150/932
f 3441/127/910 3440/125/909 3455/149/924
f 3448/126/917 3463/150/932 3464/151/933
f 3482/152/951 3481/182/950 3496/153/965
f 3474/155/943 3489/183/958 3490/156/959
f 3483/158/952 3482/152/951 3497/154/966
f 3475/157/944 3490/156/959 3491/160/960
f 3484/162/953 3483/158/952 3498/159/967
f 3476/161/1071 3491/160/960 3492/164/961
f 3478/170/1072 3477/165/946 3492/164/961
f 3470/166/939 3485/168/954 3486/172/955
f 3479/174/948 3478/170/1072 3493/171/962
f 3471/173/940 3486/172/955 3487/176/956
f 3480/178/949 3479/174/948 3494/175/963
f 3472/177/941 3487/176/956 3488/180/957
f 3481/182/950 3480/178/949 3495/179/964
f 3473/181/942 3488/180/957 3489/183/958
f 3485/168/954 3500/199/969 3501/184/970
f 3494/175/963 3493/171/962 3508/185/977
f 3486/172/955 3501/184/970 3502/187/971
f 3495/179/964 3494/175/963 3509/186/978
f 3487/176/956 3502/187/971 3503/189/972
f 3496/153/965 3495/179/964 3510/188/979
f 3488/180/957 3503/189/972 3504/191/973
f 3497/154/966 3496/153/965 3511/190/980
f 3489/183/958 3504/191/973 3505/193/974
f 3498/159/967 3497/154/966 3512/192/981
f 3490/156/959 3505/193/974 3506/195/975
f 3499/163/968 3498/159/967 3513/194/982
f 3491/160/960 3506/195/975 3507/197/976
f 3493/171/962 3492/164/961 3507/197/976
f 3504/191/973 3519/217/988 3520/201/989
f 3513/194/982 3512/192/981 3527/202/996
f 3505/193/974 3520/201/989 3521/204/990
f 3514/196/983 3513/194/982 3528/203/997
f 3506/195/975 3521/204/990 3522/206/991
f 3508/185/977 3507/197/976 3522/206/991
f 3500/199/969 3515/208/984 3516/211/985
f 3509/186/978 3508/185/977 3523/210/992
f 3501/184/970 3516/211/985 3517/213/986
f 3510/188/979 3509/186/978 3524/212/993
f 3502/187/971 3517/213/986 3518/215/987
f 3511/190/980 3510/188/979 3525/214/994
f 3503/189/972 3518/215/987 3519/217/988
f 3512/192/981 3511/190/980 3526/216/995
f 3524/212/993 3523/210/992 3538/218/1007
f 3516/211/985 3531/234/1000 3532/220/1001
f 3525/214/994 3524/212/993 3539/219/1008
f 3517/213/986 3532/220/1001 3533/222/1002
f 3526/216/995 3525/214/994 3540/221/1009
f 3518/215/987 3533/222/1002 3534/224/1003
f 3527/202/996 3526/216/995 3541/223/1010
f 3519/217/988 3534/224/1003 3535/226/1004
f 3528/203/997 3527/202/996 3542/225/1011
f 3520/201/989 3535/226/1004 3536/228/1005
f 3529/205/998 3528/203/997 3543/227/1012
f 3521/204/990 3536/228/1005 3537/230/1006
f 3523/210/992 3522/206/991 3537/230/1006
f 3515/208/984 3530/232/999 3531/234/1000
f 3543/227/1012 3542/225/1011 3557/235/1026
f 3535/226/1004 3550/251/1019 3551/237/1020
f 3544/229/1013 3543/227/1012 3558/236/1027
f 3536/228/1005 3551/237/1020 3552/239/1021
f 3538/218/1007 3537/230/1006 3552/239/1021
f 3530/232/999 3545/241/1014 3546/244/1015
f 3539/219/1008 3538/218/1007 3553/243/1022
f 3531/234/1000 3546/244/1015 3547/246/1016
f 3540/221/1009 3539/219/1008 3554/245/1023
f 3532/220/1001 3547/246/1016 3548/248/1017
f 3541/223/1010 3540/221/1009 3555/247/1024
f 3533/222/1002 3548/248/1017 3549/250/1018
f 3542/225/1011 3541/223/1010 3556/249/1025
f 3534/224/1003 3549/250/1018 3550/251/1019
f 3555/247/1024 3554/245/1023 3569/252/1038
f 3547/246/1016 3562/268/1031 3563/254/1032
f 3556/249/1025 3555/247/1024 3570/253/1039
f 3548/248/1017 3563/254/1032 3564/256/1033
f 3557/235/1026 3556/249/1025 3571/255/1040
f 3549/250/1018 3564/256/1033 3565/258/1034
f 3558/236/1027 3557/235/1026 3572/257/1041
f 3550/251/1019 3565/258/1034 3566/260/1035
f 3559/238/1028 3558/236/1027 3573/259/1073
f 3551/237/1020 3566/260/1035 3567/262/1036
f 3553/243/1022 3552/239/1021 3567/262/1036
f 3545/241/1014 3560/264/1029 3561/267/1030
f 3554/245/1023 3553/243/1022 3568/266/1037
f 3546/244/1015 3561/267/1030 3562/268/1031
f 3574/261/1043 3573/259/1073 3588/269/1057
f 3566/260/1035 3581/285/1050 3582/271/1051
f 3568/266/1037 3567/262/1036 3582/271/1051
f 3560/264/1029 3575/273/1044 3576/276/1045
f 3569/252/1038 3568/266/1037 3583/275/1052
f 3561/267/1030 3576/276/1045 3577/278/1046
f 3570/253/1039 3569/252/1038 3584/277/1053
f 3562/268/1031 3577/278/1046 3578/280/1047
f 3571/255/1040 3570/253/1039 3585/279/1054
f 3563/254/1032 3578/280/1047 3579/282/1048
f 3572/257/1041 3571/255/1040 3586/281/1055
f 3564/256/1033 3579/282/1048 3580/284/1049
f 3573/259/1073 3572/257/1041 3587/283/1056
f 3565/258/1034 3580/284/1049 3581/285/1050
f 3577/278/1046 3342/32/811 3592/4/1061
f 3586/281/1055 3585/279/1054 3347/3/816
f 3578/280/1047 3592/4/1061 3343/9/812
f 3587/283/1056 3586/281/1055 3595/8/1064
f 3579/282/1048 3343/9/812 3593/13/1062
f 3588/269/1057 3587/283/1056 3596/12/1065
f 3580/284/1049 3593/13/1062 3344/17/813
f 3589/270/1058 3588/269/1057 3597/16/1066
f 3581/285/1050 3344/17/813 3345/21/814
f 3583/275/1052 3582/271/1051 3345/21/814
f 3575/273/1044 3590/23/1059 3591/29/1060
f 3584/277/1053 3583/275/1052 3346/28/815
f 3576/276/1045 3591/29/1060 3342/32/811
f 3585/279/1054 3584/277/1053 3594/1/1063
f 3851/1/1063 3614/31/826 3615/2/827
f 3849/4/1061 3599/32/811 3607/5/819
f 3604/3/816 3615/2/827 3616/7/828
f 3600/9/812 3849/4/1061 3608/6/820
f 3852/8/1064 3616/7/828 3617/11/829
f 3850/13/1062 3600/9/812 3609/10/821
f 3853/12/1065 3617/11/829 3618/15/830
f 3601/17/813 3850/13/1062 3610/14/822
f 3854/16/1066 3618/15/830 3619/19/831
f 3602/21/814 3601/17/813 3611/18/823
f 3602/21/814 3612/22/824 3613/27/825
f 3848/29/1060 3847/23/1059 3605/25/817
f 3603/28/815 3613/27/825 3614/31/826
f 3599/32/811 3848/29/1060 3606/30/818
f 3613/27/825 3628/49/840 3629/33/841
f 3607/5/819 3606/30/818 3621/34/1074
f 3614/31/826 3629/33/841 3630/36/842
f 3608/6/820 3607/5/819 3622/35/834
f 3615/2/827 3630/36/842 3631/38/843
f 3609/10/821 3608/6/820 3623/37/835
f 3616/7/828 3631/38/843 3632/40/844
f 3610/14/822 3609/10/821 3624/39/836
f 3617/11/829 3632/40/844 3633/42/845
f 3611/18/823 3610/14/822 3625/41/837
f 3618/15/830 3633/42/845 3634/44/846
f 3612/22/824 3611/18/823 3626/43/838
f 3612/22/824 3627/45/839 3628/49/840
f 3606/30/818 3605/25/817 3620/47/832
f 3632/40/844 3647/66/859 3648/50/860
f 3626/43/838 3625/41/837 3640/51/852
f 3633/42/845 3648/50/860 3649/53/861
f 3627/45/839 3626/43/838 3641/52/853
f 3627/45/839 3642/54/854 3643/58/855
f 3621/34/1074 3620/47/832 3635/56/847
f 3628/49/840 3643/58/855 3644/60/856
f 3622/35/834 3621/34/1074 3636/59/848
f 3629/33/841 3644/60/856 3645/62/857
f 3623/37/835 3622/35/834 3637/61/849
f 3630/36/842 3645/62/857 3646/64/858
f 3624/39/836 3623/37/835 3638/63/850
f 3631/38/843 3646/64/858 3647/66/859
f 3625/41/837 3624/39/836 3639/65/851
f 3637/61/849 3636/59/848 3651/67/863
f 3644/60/856 3659/83/871 3660/69/872
f 3638/63/850 3637/61/849 3652/68/864
f 3645/62/857 3660/69/872 3661/71/873
f 3639/65/851 3638/63/850 3653/70/865
f 3646/64/858 3661/71/873 3662/73/874
f 3640/51/852 3639/65/851 3654/72/866
f 3647/66/859 3662/73/874 3663/75/875
f 3641/52/853 3640/51/852 3655/74/867
f 3648/50/860 3663/75/875 3664/77/876
f 3642/54/854 3641/52/853 3656/76/868
f 3642/54/854 3657/78/869 3658/82/870
f 3636/59/848 3635/56/847 3650/80/862
f 3643/58/855 3658/82/870 3659/83/871
f 3656/76/868 3655/74/867 3670/84/882
f 3663/75/875 3678/100/1069 3679/86/891
f 3657/78/869 3656/76/868 3671/85/883
f 3657/78/869 3672/87/884 3673/91/885
f 3651/67/863 3650/80/862 3665/89/877
f 3658/82/870 3673/91/885 3674/93/886
f 3652/68/864 3651/67/863 3666/92/1068
f 3659/83/871 3674/93/886 3675/95/887
f 3653/70/865 3652/68/864 3667/94/879
f 3660/69/872 3675/95/887 3676/97/888
f 3654/72/866 3653/70/865 3668/96/880
f 3661/71/873 3676/97/888 3677/99/889
f 3655/74/867 3654/72/866 3669/98/881
f 3662/73/874 3677/99/889 3678/100/1069
f 3674/93/886 3690/117/902 3691/101/903
f 3668/96/880 3667/94/879 3683/102/895
f 3675/95/887 3691/101/903 3692/104/904
f 3669/98/881 3668/96/880 3684/103/896
f 3676/97/888 3692/104/904 3693/106/905
f 3670/84/882 3669/98/881 3685/105/897
f 3677/99/889 3693/106/905 3694/108/906
f 3671/85/883 3670/84/882 3686/107/898
f 3678/100/1069 3694/108/906 3695/110/907
f 3672/87/884 3671/85/883 3687/109/899
f 3672/87/884 3688/111/900 3689/115/901
f 3666/92/1068 3665/89/877 3681/113/893
f 3673/91/885 3689/115/901 3690/117/902
f 3667/94/879 3666/92/1068 3682/116/894
f 3694/108/906 3709/134/921 3710/118/922
f 3688/111/900 3687/109/899 3702/119/914
f 3688/111/900 3703/120/915 3704/124/916
f 3682/116/894 3681/113/893 3696/122/1075
f 3689/115/901 3704/124/916 3705/126/917
f 3683/102/895 3682/116/894 3697/125/909
f 3690/117/902 3705/126/917 3706/128/918
f 3684/103/896 3683/102/895 3698/127/910
f 3691/101/903 3706/128/918 3707/130/919
f 3685/105/897 3684/103/896 3699/129/911
f 3692/104/904 3707/130/919 3708/132/920
f 3686/107/898 3685/105/897 3700/131/912
f 3693/106/905 3708/132/920 3709/134/921
f 3687/109/899 3686/107/898 3701/133/913
f 3699/129/911 3698/127/910 3713/135/925
f 3706/128/918 3721/151/933 3722/137/934
f 3700/131/912 3699/129/911 3714/136/926
f 3707/130/919 3722/137/934 3723/139/935
f 3701/133/913 3700/131/912 3715/138/927
f 3708/132/920 3723/139/935 3724/141/936
f 3702/119/914 3701/133/913 3716/140/928
f 3709/134/921 3724/141/936 3725/143/937
f 3703/120/915 3702/119/914 3717/142/1070
f 3703/120/915 3718/144/930 3719/148/931
f 3697/125/909 3696/122/1075 3711/146/923
f 3704/124/916 3719/148/931 3720/150/932
f 3698/127/910 3697/125/909 3712/149/924
f 3705/126/917 3720/150/932 3721/151/933
f 3739/152/951 3738/182/950 3753/153/965
f 3731/155/943 3746/183/958 3747/156/959
f 3740/158/952 3739/152/951 3754/154/1077
f 3732/157/944 3747/156/959 3748/160/960
f 3741/162/953 3740/158/952 3755/159/967
f 3733/161/945 3748/160/960 3749/164/961
f 3735/170/947 3734/165/946 3749/164/961
f 3727/166/939 3742/168/954 3743/172/955
f 3736/174/948 3735/170/947 3750/171/962
f 3728/173/940 3743/172/955 3744/176/1076
f 3737/178/949 3736/174/948 3751/175/963
f 3729/177/941 3744/176/1076 3745/180/957
f 3738/182/950 3737/178/949 3752/179/964
f 3730/181/942 3745/180/957 3746/183/958
f 3742/168/954 3757/199/969 3758/184/970
f 3751/175/963 3750/171/962 3765/185/977
f 3743/172/955 3758/184/970 3759/187/971
f 3752/179/964 3751/175/963 3766/186/978
f 3744/176/1076 3759/187/971 3760/189/972
f 3753/153/965 3752/179/964 3767/188/979
f 3745/180/957 3760/189/972 3761/191/973
f 3754/154/1077 3753/153/965 3768/190/980
f 3746/183/958 3761/191/973 3762/193/974
f 3755/159/967 3754/154/1077 3769/192/981
f 3747/156/959 3762/193/974 3763/195/975
f 3756/163/968 3755/159/967 3770/194/982
f 3748/160/960 3763/195/975 3764/197/976
f 3750/171/962 3749/164/961 3764/197/976
f 3761/191/973 3776/217/988 3777/201/989
f 3770/194/982 3769/192/981 3784/202/996
f 3762/193/974 3777/201/989 3778/204/990
f 3771/196/983 3770/194/982 3785/203/997
f 3763/195/975 3778/204/990 3779/206/991
f 3765/185/977 3764/197/976 3779/206/991
f 3757/199/969 3772/208/984 3773/211/985
f 3766/186/978 3765/185/977 3780/210/992
f 3758/184/970 3773/211/985 3774/213/986
f 3767/188/979 3766/186/978 3781/212/993
f 3759/187/971 3774/213/986 3775/215/987
f 3768/190/980 3767/188/979 3782/214/994
f 3760/189/972 3775/215/987 3776/217/988
f 3769/192/981 3768/190/980 3783/216/995
f 3781/212/993 3780/210/992 3795/218/1007
f 3773/211/985 3788/234/1000 3789/220/1001
f 3782/214/994 3781/212/993 3796/219/1008
f 3774/213/986 3789/220/1001 3790/222/1002
f 3783/216/995 3782/214/994 3797/221/1009
f 3775/215/987 3790/222/1002 3791/224/1003
f 3784/202/996 3783/216/995 3798/223/1010
f 3776/217/988 3791/224/1003 3792/226/1004
f 3785/203/997 3784/202/996 3799/225/1011
f 3777/201/989 3792/226/1004 3793/228/1005
f 3786/205/998 3785/203/997 3800/227/1012
f 3778/204/990 3793/228/1005 3794/230/1006
f 3780/210/992 3779/206/991 3794/230/1006
f 3772/208/984 3787/232/999 3788/234/1000
f 3800/227/1012 3799/225/1011 3814/235/1026
f 3792/226/1004 3807/251/1019 3808/237/1020
f 3801/229/1013 3800/227/1012 3815/236/1027
f 3793/228/1005 3808/237/1020 3809/239/1021
f 3795/218/1007 3794/230/1006 3809/239/1021
f 3787/232/999 3802/241/1014 3803/244/1015
f 3796/219/1008 3795/218/1007 3810/243/1022
f 3788/234/1000 3803/244/1015 3804/246/1016
f 3797/221/1009 3796/219/1008 3811/245/1023
f 3789/220/1001 3804/246/1016 3805/248/1017
f 3798/223/1010 3797/221/1009 3812/247/1024
f 3790/222/1002 3805/248/1017 3806/250/1018
f 3799/225/1011 3798/223/1010 3813/249/1025
f 3791/224/1003 3806/250/1018 3807/251/1019
f 3812/247/1024 3811/245/1023 3826/252/1038
f 3804/246/1016 3819/268/1031 3820/254/1032
f 3813/249/1025 3812/247/1024 3827/253/1039
f 3805/248/1017 3820/254/1032 3821/256/1033
f 3814/235/1026 3813/249/1025 3828/255/1040
f 3806/250/1018 3821/256/1033 3822/258/1034
f 3815/236/1027 3814/235/1026 3829/257/1041
f 3807/251/1019 3822/258/1034 3823/260/1035
f 3816/238/1028 3815/236/1027 3830/259/1073
f 3808/237/1020 3823/260/1035 3824/262/1036
f 3810/243/1022 3809/239/1021 3824/262/1036
f 3802/241/1014 3817/264/1029 3818/267/1030
f 3811/245/1023 3810/243/1022 3825/266/1037
f 3803/244/1015 3818/267/1030 3819/268/1031
f 3831/261/1043 3830/259/1073 3845/269/1057
f 3823/260/1035 3838/285/1050 3839/271/1051
f 3825/266/1037 3824/262/1036 3839/271/1051
f 3817/264/1029 3832/273/1044 3833/276/1045
f 3826/252/1038 3825/266/1037 3840/275/1052
f 3818/267/1030 3833/276/1045 3834/278/1046
f 3827/253/1039 3826/252/1038 3841/277/1053
f 3819/268/1031 3834/278/1046 3835/280/1047
f 3828/255/1040 3827/253/1039 3842/279/1054
f 3820/254/1032 3835/280/1047 3836/282/1048
f 3829/257/1041 3828/255/1040 3843/281/1055
f 3821/256/1033 3836/282/1048 3837/284/1049
f 3830/259/1073 3829/257/1041 3844/283/1056
f 3822/258/1034 3837/284/1049 3838/285/1050
f 3834/278/1046 3599/32/811 3849/4/1061
f 3843/281/1055 3842/279/1054 3604/3/816
f 3835/280/1047 3849/4/1061 3600/9/812
f 3844/283/1056 3843/281/1055 3852/8/1064
f 3836/282/1048 3600/9/812 3850/13/1062
f 3845/269/1057 3844/283/1056 3853/12/1065
f 3837/284/1049 3850/13/1062 3601/17/813
f 3846/270/1058 3845/269/1057 3854/16/1066
f 3838/285/1050 3601/17/813 3602/21/814
f 3840/275/1052 3839/271/1051 3602/21/814
f 3832/273/1044 3847/23/1059 3848/29/1060
f 3841/277/1053 3840/275/1052 3603/28/815
f 3833/276/1045 3848/29/1060 3599/32/811
f 3842/279/1054 3841/277/1053 3851/1/1063
f 4108/1/1063 3871/31/826 3872/2/827
f 4106/4/1061 3856/32/811 3864/5/819
f 3861/3/816 3872/2/827 3873/7/828
f 3857/9/812 4106/4/1061 3865/6/820
f 4109/8/1064 3873/7/828 3874/11/829
f 4107/13/1062 3857/9/812 3866/10/821
f 4110/12/1065 3874/11/829 3875/15/830
f 3858/17/813 4107/13/1062 3867/14/822
f 4111/16/1066 3875/15/830 3876/19/831
f 3859/21/814 3858/17/813 3868/18/823
f 3859/21/814 3869/22/824 3870/27/825
f 4105/29/1060 4104/23/1059 3862/25/817
f 3860/28/815 3870/27/825 3871/31/826
f 3856/32/811 4105/29/1060 3863/30/818
f 3870/27/825 3885/49/840 3886/33/841
f 3864/5/819 3863/30/818 3878/34/1074
f 3871/31/826 3886/33/841 3887/36/842
f 3865/6/820 3864/5/819 3879/35/834
f 3872/2/827 3887/36/842 3888/38/843
f 3866/10/821 3865/6/820 3880/37/835
f 3873/7/828 3888/38/843 3889/40/844
f 3867/14/822 3866/10/821 3881/39/836
f 3874/11/829 3889/40/844 3890/42/845
f 3868/18/823 3867/14/822 3882/41/837
f 3875/15/830 3890/42/845 3891/44/846
f 3869/22/824 3868/18/823 3883/43/838
f 3869/22/824 3884/45/839 3885/49/840
f 3863/30/818 3862/25/817 3877/47/832
f 3889/40/844 3904/66/859 3905/50/860
f 3883/43/838 3882/41/837 3897/51/852
f 3890/42/845 3905/50/860 3906/53/861
f 3884/45/839 3883/43/838 3898/52/853
f 3884/45/839 3899/54/854 3900/58/855
f 3878/34/1074 3877/47/832 3892/56/847
f 3885/49/840 3900/58/855 3901/60/856
f 3879/35/834 3878/34/1074 3893/59/848
f 3886/33/841 3901/60/856 3902/62/857
f 3880/37/835 3879/35/834 3894/61/849
f 3887/36/842 3902/62/857 3903/64/858
f 3881/39/836 3880/37/835 3895/63/850
f 3888/38/843 3903/64/858 3904/66/859
f 3882/41/837 3881/39/836 3896/65/851
f 3894/61/849 3893/59/848 3908/67/863
f 3901/60/856 3916/83/871 3917/69/872
f 3895/63/850 3894/61/849 3909/68/864
f 3902/62/857 3917/69/872 3918/71/873
f 3896/65/851 3895/63/850 3910/70/865
f 3903/64/858 3918/71/873 3919/73/874
f 3897/51/852 3896/65/851 3911/72/866
f 3904/66/859 3919/73/874 3920/75/875
f 3898/52/853 3897/51/852 3912/74/867
f 3905/50/860 3920/75/875 3921/77/876
f 3899/54/854 3898/52/853 3913/76/868
f 3899/54/854 3914/78/869 3915/82/870
f 3893/59/848 3892/56/847 3907/80/862
f 3900/58/855 3915/82/870 3916/83/871
f 3913/76/868 3912/74/867 3927/84/882
f 3920/75/875 3935/100/1069 3936/86/891
f 3914/78/869 3913/76/868 3928/85/883
f 3914/78/869 3929/87/884 3930/91/885
f 3908/67/863 3907/80/862 3922/89/877
f 3915/82/870 3930/91/885 3931/93/886
f 3909/68/864 3908/67/863 3923/92/1068
f 3916/83/871 3931/93/886 3932/95/887
f 3910/70/865 3909/68/864 3924/94/879
f 3917/69/872 3932/95/887 3933/97/888
f 3911/72/866 3910/70/865 3925/96/880
f 3918/71/873 3933/97/888 3934/99/889
f 3912/74/867 3911/72/866 3926/98/881
f 3919/73/874 3934/99/889 3935/100/1069
f 3931/93/886 3947/117/902 3948/101/903
f 3925/96/880 3924/94/879 3940/102/895
f 3932/95/887 3948/101/903 3949/104/904
f 3926/98/881 3925/96/880 3941/103/896
f 3933/97/888 3949/104/904 3950/106/905
f 3927/84/882 3926/98/881 3942/105/897
f 3934/99/889 3950/106/905 3951/108/906
f 3928/85/883 3927/84/882 3943/107/898
f 3935/100/1069 3951/108/906 3952/110/907
f 3929/87/884 3928/85/883 3944/109/899
f 3929/87/884 3945/111/900 3946/115/901
f 3923/92/1068 3922/89/877 3938/113/893
f 3930/91/885 3946/115/901 3947/117/902
f 3924/94/879 3923/92/1068 3939/116/894
f 3951/108/906 3966/134/921 3967/118/922
f 3945/111/900 3944/109/899 3959/119/914
f 3945/111/900 3960/120/915 3961/124/916
f 3939/116/894 3938/113/893 3953/122/1075
f 3946/115/901 3961/124/916 3962/126/917
f 3940/102/895 3939/116/894 3954/125/909
f 3947/117/902 3962/126/917 3963/128/918
f 3941/103/896 3940/102/895 3955/127/910
f 3948/101/903 3963/128/918 3964/130/919
f 3942/105/897 3941/103/896 3956/129/911
f 3949/104/904 3964/130/919 3965/132/920
f 3943/107/898 3942/105/897 3957/131/912
f 3950/106/905 3965/132/920 3966/134/921
f 3944/109/899 3943/107/898 3958/133/913
f 3956/129/911 3955/127/910 3970/135/925
f 3963/128/918 3978/151/933 3979/137/934
f 3957/131/912 3956/129/911 3971/136/926
f 3964/130/919 3979/137/934 3980/139/935
f 3958/133/913 3957/131/912 3972/138/927
f 3965/132/920 3980/139/935 3981/141/936
f 3959/119/914 3958/133/913 3973/140/928
f 3966/134/921 3981/141/936 3982/143/937
f 3960/120/915 3959/119/914 3974/142/1070
f 3960/120/915 3975/144/930 3976/148/931
f 3954/125/909 3953/122/1075 3968/146/923
f 3961/124/916 3976/148/931 3977/150/932
f 3955/127/910 3954/125/909 3969/149/924
f 3962/126/917 3977/150/932 3978/151/933
f 3996/152/951 3995/182/950 4010/153/965
f 3988/155/943 4003/183/958 4004/156/959
f 3997/158/952 3996/152/951 4011/154/966
f 3989/157/944 4004/156/959 4005/160/960
f 3998/162/953 3997/158/952 4012/159/967
f 3990/161/945 4005/160/960 4006/164/961
f 3992/170/947 3991/165/946 4006/164/961
f 3984/166/939 3999/168/954 4000/172/955
f 3993/174/948 3992/170/947 4007/171/962
f 3985/173/940 4000/172/955 4001/176/956
f 3994/178/949 3993/174/948 4008/175/963
f 3986/177/941 4001/176/956 4002/180/957
f 3995/182/950 3994/178/949 4009/179/964
f 3987/181/942 4002/180/957 4003/183/958
f 3999/168/954 4014/199/969 4015/184/970
f 4008/175/963 4007/171/962 4022/185/977
f 4000/172/955 4015/184/970 4016/187/971
f 4009/179/964 4008/175/963 4023/186/978
f 4001/176/956 4016/187/971 4017/189/972
f 4010/153/965 4009/179/964 4024/188/979
f 4002/180/957 4017/189/972 4018/191/973
f 4011/154/966 4010/153/965 4025/190/980
f 4003/183/958 4018/191/973 4019/193/974
f 4012/159/967 4011/154/966 4026/192/981
f 4004/156/959 4019/193/974 4020/195/975
f 4013/163/968 4012/159/967 4027/194/982
f 4005/160/960 4020/195/975 4021/197/976
f 4007/171/962 4006/164/961 4021/197/976
f 4018/191/973 4033/217/988 4034/201/989
f 4027/194/982 4026/192/981 4041/202/996
f 4019/193/974 4034/201/989 4035/204/990
f 4028/196/983 4027/194/982 4042/203/997
f 4020/195/975 4035/204/990 4036/206/991
f 4022/185/977 4021/197/976 4036/206/991
f 4014/199/969 4029/208/984 4030/211/985
f 4023/186/978 4022/185/977 4037/210/992
f 4015/184/970 4030/211/985 4031/213/986
f 4024/188/979 4023/186/978 4038/212/993
f 4016/187/971 4031/213/986 4032/215/987
f 4025/190/980 4024/188/979 4039/214/994
f 4017/189/972 4032/215/987 4033/217/988
f 4026/192/981 4025/190/980 4040/216/995
f 4038/212/993 4037/210/992 4052/218/1007
f 4030/211/985 4045/234/1000 4046/220/1001
f 4039/214/994 4038/212/993 4053/219/1008
f 4031/213/986 4046/220/1001 4047/222/1002
f 4040/216/995 4039/214/994 4054/221/1009
f 4032/215/987 4047/222/1002 4048/224/1003
f 4041/202/996 4040/216/995 4055/223/1010
f 4033/217/988 4048/224/1003 4049/226/1004
f 4042/203/997 4041/202/996 4056/225/1011
f 4034/201/989 4049/226/1004 4050/228/1005
f 4043/205/998 4042/203/997 4057/227/1012
f 4035/204/990 4050/228/1005 4051/230/1006
f 4037/210/992 4036/206/991 4051/230/1006
f 4029/208/984 4044/232/999 4045/234/1000
f 4057/227/1012 4056/225/1011 4071/235/1026
f 4049/226/1004 4064/251/1019 4065/237/1020
f 4058/229/1013 4057/227/1012 4072/236/1027
f 4050/228/1005 4065/237/1020 4066/239/1021
f 4052/218/1007 4051/230/1006 4066/239/1021
f 4044/232/999 4059/241/1014 4060/244/1015
f 4053/219/1008 4052/218/1007 4067/243/1022
f 4045/234/1000 4060/244/1015 4061/246/1016
f 4054/221/1009 4053/219/1008 4068/245/1023
f 4046/220/1001 4061/246/1016 4062/248/1017
f 4055/223/1010 4054/221/1009 4069/247/1024
f 4047/222/1002 4062/248/1017 4063/250/1018
f 4056/225/1011 4055/223/1010 4070/249/1025
f 4048/224/1003 4063/250/1018 4064/251/1019
f 4069/247/1024 4068/245/1023 4083/252/1038
f 4061/246/1016 4076/268/1031 4077/254/1032
f 4070/249/1025 4069/247/1024 4084/253/1039
f 4062/248/1017 4077/254/1032 4078/256/1033
f 4071/235/1026 4070/249/1025 4085/255/1040
f 4063/250/1018 4078/256/1033 4079/258/1034
f 4072/236/1027 4071/235/1026 4086/257/1041
f 4064/251/1019 4079/258/1034 4080/260/1035
f 4073/238/1028 4072/236/1027 4087/259/1042
f 4065/237/1020 4080/260/1035 4081/262/1036
f 4067/243/1022 4066/239/1021 4081/262/1036
f 4059/241/1014 4074/264/1029 4075/267/1030
f 4068/245/1023 4067/243/1022 4082/266/1037
f 4060/244/1015 4075/267/1030 4076/268/1031
f 4088/261/1043 4087/259/1042 4102/269/1057
f 4080/260/1035 4095/285/1050 4096/271/1051
f 4082/266/1037 4081/262/1036 4096/271/1051
f 4074/264/1029 4089/273/1044 4090/276/1045
f 4083/252/1038 4082/266/1037 4097/275/1052
f 4075/267/1030 4090/276/1045 4091/278/1046
f 4084/253/1039 4083/252/1038 4098/277/1053
f 4076/268/1031 4091/278/1046 4092/280/1047
f 4085/255/1040 4084/253/1039 4099/279/1054
f 4077/254/1032 4092/280/1047 4093/282/1048
f 4086/257/1041 4085/255/1040 4100/281/1055
f 4078/256/1033 4093/282/1048 4094/284/1049
f 4087/259/1042 4086/257/1041 4101/283/1056
f 4079/258/1034 4094/284/1049 4095/285/1050
f 4091/278/1046 3856/32/811 4106/4/1061
f 4100/281/1055 4099/279/1054 3861/3/816
f 4092/280/1047 4106/4/1061 3857/9/812
f 4101/283/1056 4100/281/1055 4109/8/1064
f 4093/282/1048 3857/9/812 4107/13/1062
f 4102/269/1057 4101/283/1056 4110/12/1065
f 4094/284/1049 4107/13/1062 3858/17/813
f 4103/270/1058 4102/269/1057 4111/16/1066
f 4095/285/1050 3858/17/813 3859/21/814
f 4097/275/1052 4096/271/1051 3859/21/814
f 4089/273/1044 4104/23/1059 4105/29/1060
f 4098/277/1053 4097/275/1052 3860/28/815
f 4090/276/1045 4105/29/1060 3856/32/811
f 4099/279/1054 4098/277/1053 4108/1/1063
f 4365/1/1330 4128/31/1093 4129/2/1094
f 4363/4/1328 4113/32/1078 4121/5/1086
f 4118/3/1083 4129/2/1094 4130/7/1095
f 4114/9/1079 4363/4/1328 4122/6/1087
f 4366/8/1331 4130/7/1095 4131/11/1096
f 4364/13/1329 4114/9/1079 4123/10/1088
f 4367/12/1332 4131/11/1096 4132/15/1097
f 4115/17/1080 4364/13/1329 4124/14/1089
f 4368/16/1333 4132/15/1097 4133/19/1098
f 4116/21/1081 4115/17/1080 4125/18/1090
f 4116/21/1081 4126/22/1091 4127/27/1092
f 4362/29/1327 4361/23/1326 4119/25/1084
f 4117/28/1082 4127/27/1092 4128/31/1093
f 4113/32/1078 4362/29/1327 4120/30/1085
f 4127/27/1092 4142/49/1107 4143/33/1108
f 4121/5/1086 4120/30/1085 4135/34/1100
f 4128/31/1093 4143/33/1108 4144/36/1109
f 4122/6/1087 4121/5/1086 4136/35/1101
f 4129/2/1094 4144/36/1109 4145/38/1110
f 4123/10/1088 4122/6/1087 4137/37/1102
f 4130/7/1095 4145/38/1110 4146/40/1111
f 4124/14/1089 4123/10/1088 4138/39/1103
f 4131/11/1096 4146/40/1111 4147/42/1112
f 4125/18/1090 4124/14/1089 4139/41/1104
f 4132/15/1097 4147/42/1112 4148/44/1113
f 4126/22/1091 4125/18/1090 4140/43/1105
f 4126/22/1091 4141/45/1106 4142/49/1107
f 4120/30/1085 4119/25/1084 4134/47/1099
f 4146/40/1111 4161/66/1126 4162/50/1127
f 4140/43/1105 4139/41/1104 4154/51/1119
f 4147/42/1112 4162/50/1127 4163/53/1128
f 4141/45/1106 4140/43/1105 4155/52/1120
f 4141/45/1106 4156/54/1121 4157/58/1122
f 4135/34/1100 4134/47/1099 4149/56/1114
f 4142/49/1107 4157/58/1122 4158/60/1123
f 4136/35/1101 4135/34/1100 4150/59/1115
f 4143/33/1108 4158/60/1123 4159/62/1124
f 4137/37/1102 4136/35/1101 4151/61/1116
f 4144/36/1109 4159/62/1124 4160/64/1125
f 4138/39/1103 4137/37/1102 4152/63/1117
f 4145/38/1110 4160/64/1125 4161/66/1126
f 4139/41/1104 4138/39/1103 4153/65/1118
f 4151/61/1116 4150/59/1115 4165/67/1130
f 4158/60/1123 4173/83/1138 4174/69/1139
f 4152/63/1117 4151/61/1116 4166/68/1131
f 4159/62/1124 4174/69/1139 4175/71/1140
f 4153/65/1118 4152/63/1117 4167/70/1132
f 4160/64/1125 4175/71/1140 4176/73/1141
f 4154/51/1119 4153/65/1118 4168/72/1133
f 4161/66/1126 4176/73/1141 4177/75/1142
f 4155/52/1120 4154/51/1119 4169/74/1134
f 4162/50/1127 4177/75/1142 4178/77/1143
f 4156/54/1121 4155/52/1120 4170/76/1135
f 4156/54/1121 4171/78/1136 4172/82/1137
f 4150/59/1115 4149/56/1114 4164/80/1129
f 4157/58/1122 4172/82/1137 4173/83/1138
f 4170/76/1135 4169/74/1134 4184/84/1149
f 4177/75/1142 4192/100/1157 4193/86/1158
f 4171/78/1136 4170/76/1135 4185/85/1150
f 4171/78/1136 4186/87/1151 4187/91/1152
f 4165/67/1130 4164/80/1129 4179/89/1144
f 4172/82/1137 4187/91/1152 4188/93/1153
f 4166/68/1131 4165/67/1130 4180/92/1145
f 4173/83/1138 4188/93/1153 4189/95/1154
f 4167/70/1132 4166/68/1131 4181/94/1146
f 4174/69/1139 4189/95/1154 4190/97/1155
f 4168/72/1133 4167/70/1132 4182/96/1147
f 4175/71/1140 4190/97/1155 4191/99/1156
f 4169/74/1134 4168/72/1133 4183/98/1148
f 4176/73/1141 4191/99/1156 4192/100/1157
f 4188/93/1153 4204/117/1169 4205/101/1170
f 4182/96/1147 4181/94/1146 4197/102/1162
f 4189/95/1154 4205/101/1170 4206/104/1171
f 4183/98/1148 4182/96/1147 4198/103/1163
f 4190/97/1155 4206/104/1171 4207/106/1172
f 4184/84/1149 4183/98/1148 4199/105/1164
f 4191/99/1156 4207/106/1172 4208/108/1173
f 4185/85/1150 4184/84/1149 4200/107/1165
f 4192/100/1157 4208/108/1173 4209/110/1174
f 4186/87/1151 4185/85/1150 4201/109/1166
f 4186/87/1151 4202/111/1167 4203/115/1168
f 4180/92/1145 4179/89/1144 4195/113/1160
f 4187/91/1152 4203/115/1168 4204/117/1169
f 4181/94/1146 4180/92/1145 4196/116/1161
f 4208/108/1173 4223/134/1188 4224/118/1189
f 4202/111/1167 4201/109/1166 4216/119/1181
f 4202/111/1167 4217/120/1182 4218/124/1183
f 4196/116/1161 4195/113/1160 4210/122/1175
f 4203/115/1168 4218/124/1183 4219/126/1184
f 4197/102/1162 4196/116/1161 4211/125/1176
f 4204/117/1169 4219/126/1184 4220/128/1185
f 4198/103/1163 4197/102/1162 4212/127/1177
f 4205/101/1170 4220/128/1185 4221/130/1186
f 4199/105/1164 4198/103/1163 4213/129/1178
f 4206/104/1171 4221/130/1186 4222/132/1187
f 4200/107/1165 4199/105/1164 4214/131/1179
f 4207/106/1172 4222/132/1187 4223/134/1188
f 4201/109/1166 4200/107/1165 4215/133/1180
f 4213/129/1178 4212/127/1177 4227/135/1192
f 4220/128/1185 4235/151/1200 4236/137/1201
f 4214/131/1179 4213/129/1178 4228/136/1193
f 4221/130/1186 4236/137/1201 4237/139/1202
f 4215/133/1180 4214/131/1179 4229/138/1194
f 4222/132/1187 4237/139/1202 4238/141/1203
f 4216/119/1181 4215/133/1180 4230/140/1195
f 4223/134/1188 4238/141/1203 4239/143/1204
f 4217/120/1182 4216/119/1181 4231/142/1196
f 4217/120/1182 4232/144/1197 4233/148/1198
f 4211/125/1176 4210/122/1175 4225/146/1190
f 4218/124/1183 4233/148/1198 4234/150/1199
f 4212/127/1177 4211/125/1176 4226/149/1191
f 4219/126/1184 4234/150/1199 4235/151/1200
f 4253/152/1218 4252/182/1217 4267/153/1232
f 4245/155/1210 4260/183/1225 4261/156/1226
f 4254/158/1219 4253/152/1218 4268/154/1233
f 4246/157/1211 4261/156/1226 4262/160/1227
f 4255/162/1220 4254/158/1219 4269/159/1234
f 4247/161/1212 4262/160/1227 4263/164/1228
f 4249/170/1214 4248/165/1213 4263/164/1228
f 4241/166/1206 4256/168/1221 4257/172/1222
f 4250/174/1215 4249/170/1214 4264/171/1229
f 4242/173/1207 4257/172/1222 4258/176/1223
f 4251/178/1216 4250/174/1215 4265/175/1230
f 4243/177/1208 4258/176/1223 4259/180/1224
f 4252/182/1217 4251/178/1216 4266/179/1231
f 4244/181/1209 4259/180/1224 4260/183/1225
f 4256/168/1221 4271/199/1236 4272/184/1237
f 4265/175/1230 4264/171/1229 4279/185/1244
f 4257/172/1222 4272/184/1237 4273/187/1238
f 4266/179/1231 4265/175/1230 4280/186/1245
f 4258/176/1223 4273/187/1238 4274/189/1239
f 4267/153/1232 4266/179/1231 4281/188/1246
f 4259/180/1224 4274/189/1239 4275/191/1240
f 4268/154/1233 4267/153/1232 4282/190/1247
f 4260/183/1225 4275/191/1240 4276/193/1241
f 4269/159/1234 4268/154/1233 4283/192/1248
f 4261/156/1226 4276/193/1241 4277/195/1242
f 4270/163/1235 4269/159/1234 4284/194/1249
f 4262/160/1227 4277/195/1242 4278/197/1243
f 4264/171/1229 4263/164/1228 4278/197/1243
f 4275/191/1240 4290/217/1255 4291/201/1256
f 4284/194/1249 4283/192/1248 4298/202/1263
f 4276/193/1241 4291/201/1256 4292/204/1257
f 4285/196/1250 4284/194/1249 4299/203/1264
f 4277/195/1242 4292/204/1257 4293/206/1258
f 4279/185/1244 4278/197/1243 4293/206/1258
f 4271/199/1236 4286/208/1251 4287/211/1252
f 4280/186/1245 4279/185/1244 4294/210/1259
f 4272/184/1237 4287/211/1252 4288/213/1253
f 4281/188/1246 4280/186/1245 4295/212/1260
f 4273/187/1238 4288/213/1253 4289/215/1254
f 4282/190/1247 4281/188/1246 4296/214/1261
f 4274/189/1239 4289/215/1254 4290/217/1255
f 4283/192/1248 4282/190/1247 4297/216/1262
f 4295/212/1260 4294/210/1259 4309/218/1274
f 4287/211/1252 4302/234/1267 4303/220/1268
f 4296/214/1261 4295/212/1260 4310/219/1275
f 4288/213/1253 4303/220/1268 4304/222/1269
f 4297/216/1262 4296/214/1261 4311/221/1276
f 4289/215/1254 4304/222/1269 4305/224/1270
f 4298/202/1263 4297/216/1262 4312/223/1277
f 4290/217/1255 4305/224/1270 4306/226/1271
f 4299/203/1264 4298/202/1263 4313/225/1278
f 4291/201/1256 4306/226/1271 4307/228/1272
f 4300/205/1265 4299/203/1264 4314/227/1279
f 4292/204/1257 4307/228/1272 4308/230/1273
f 4294/210/1259 4293/206/1258 4308/230/1273
f 4286/208/1251 4301/232/1266 4302/234/1267
f 4314/227/1279 4313/225/1278 4328/235/1293
f 4306/226/1271 4321/251/1286 4322/237/1287
f 4315/229/1280 4314/227/1279 4329/236/1294
f 4307/228/1272 4322/237/1287 4323/239/1288
f 4309/218/1274 4308/230/1273 4323/239/1288
f 4301/232/1266 4316/241/1281 4317/244/1282
f 4310/219/1275 4309/218/1274 4324/243/1289
f 4302/234/1267 4317/244/1282 4318/246/1283
f 4311/221/1276 4310/219/1275 4325/245/1290
f 4303/220/1268 4318/246/1283 4319/248/1284
f 4312/223/1277 4311/221/1276 4326/247/1291
f 4304/222/1269 4319/248/1284 4320/250/1285
f 4313/225/1278 4312/223/1277 4327/249/1292
f 4305/224/1270 4320/250/1285 4321/251/1286
f 4326/247/1291 4325/245/1290 4340/252/1305
f 4318/246/1283 4333/268/1298 4334/254/1299
f 4327/249/1292 4326/247/1291 4341/253/1306
f 4319/248/1284 4334/254/1299 4335/256/1300
f 4328/235/1293 4327/249/1292 4342/255/1307
f 4320/250/1285 4335/256/1300 4336/258/1301
f 4329/236/1294 4328/235/1293 4343/257/1308
f 4321/251/1286 4336/258/1301 4337/260/1302
f 4330/238/1295 4329/236/1294 4344/259/1309
f 4322/237/1287 4337/260/1302 4338/262/1303
f 4324/243/1289 4323/239/1288 4338/262/1303
f 4316/241/1281 4331/264/1296 4332/267/1297
f 4325/245/1290 4324/243/1289 4339/266/1304
f 4317/244/1282 4332/267/1297 4333/268/1298
f 4345/261/1310 4344/259/1309 4359/269/1324
f 4337/260/1302 4352/285/1317 4353/271/1318
f 4339/266/1304 4338/262/1303 4353/271/1318
f 4331/264/1296 4346/273/1311 4347/276/1312
f 4340/252/1305 4339/266/1304 4354/275/1319
f 4332/267/1297 4347/276/1312 4348/278/1313
f 4341/253/1306 4340/252/1305 4355/277/1320
f 4333/268/1298 4348/278/1313 4349/280/1314
f 4342/255/1307 4341/253/1306 4356/279/1321
f 4334/254/1299 4349/280/1314 4350/282/1315
f 4343/257/1308 4342/255/1307 4357/281/1322
f 4335/256/1300 4350/282/1315 4351/284/1316
f 4344/259/1309 4343/257/1308 4358/283/1323
f 4336/258/1301 4351/284/1316 4352/285/1317
f 4348/278/1313 4113/32/1078 4363/4/1328
f 4357/281/1322 4356/279/1321 4118/3/1083
f 4349/280/1314 4363/4/1328 4114/9/1079
f 4358/283/1323 4357/281/1322 4366/8/1331
f 4350/282/1315 4114/9/1079 4364/13/1329
f 4359/269/1324 4358/283/1323 4367/12/1332
f 4351/284/1316 4364/13/1329 4115/17/1080
f 4360/270/1325 4359/269/1324 4368/16/1333
f 4352/285/1317 4115/17/1080 4116/21/1081
f 4354/275/1319 4353/271/1318 4116/21/1081
f 4346/273/1311 4361/23/1326 4362/29/1327
f 4355/277/1320 4354/275/1319 4117/28/1082
f 4347/276/1312 4362/29/1327 4113/32/1078
f 4356/279/1321 4355/277/1320 4365/1/1330
f 4622/1/1330 4385/31/1093 4386/2/1094
f 4620/4/1328 4370/32/1078 4378/5/1086
f 4375/3/1083 4386/2/1094 4387/7/1095
f 4371/9/1079 4620/4/1328 4379/6/1087
f 4623/8/1331 4387/7/1095 4388/11/1096
f 4621/13/1329 4371/9/1079 4380/10/1088
f 4624/12/1332 4388/11/1096 4389/15/1097
f 4372/17/1080 4621/13/1329 4381/14/1089
f 4625/16/1333 4389/15/1097 4390/19/1098
f 4373/21/1081 4372/17/1080 4382/18/1090
f 4373/21/1081 4383/22/1091 4384/27/1092
f 4619/29/1327 4618/23/1326 4376/25/1084
f 4374/28/1082 4384/27/1092 4385/31/1093
f 4370/32/1078 4619/29/1327 4377/30/1085
f 4384/27/1092 4399/49/1107 4400/33/1108
f 4378/5/1086 4377/30/1085 4392/34/1100
f 4385/31/1093 4400/33/1108 4401/36/1109
f 4379/6/1087 4378/5/1086 4393/35/1101
f 4386/2/1094 4401/36/1109 4402/38/1110
f 4380/10/1088 4379/6/1087 4394/37/1102
f 4387/7/1095 4402/38/1110 4403/40/1111
f 4381/14/1089 4380/10/1088 4395/39/1103
f 4388/11/1096 4403/40/1111 4404/42/1112
f 4382/18/1090 4381/14/1089 4396/41/1104
f 4389/15/1097 4404/42/1112 4405/44/1113
f 4383/22/1091 4382/18/1090 4397/43/1105
f 4383/22/1091 4398/45/1106 4399/49/1107
f 4377/30/1085 4376/25/1084 4391/47/1099
f 4403/40/1111 4418/66/1126 4419/50/1127
f 4397/43/1105 4396/41/1104 4411/51/1119
f 4404/42/1112 4419/50/1127 4420/53/1128
f 4398/45/1106 4397/43/1105 4412/52/1120
f 4398/45/1106 4413/54/1121 4414/58/1122
f 4392/34/1100 4391/47/1099 4406/56/1114
f 4399/49/1107 4414/58/1122 4415/60/1123
f 4393/35/1101 4392/34/1100 4407/59/1115
f 4400/33/1108 4415/60/1123 4416/62/1124
f 4394/37/1102 4393/35/1101 4408/61/1116
f 4401/36/1109 4416/62/1124 4417/64/1125
f 4395/39/1103 4394/37/1102 4409/63/1117
f 4402/38/1110 4417/64/1125 4418/66/1126
f 4396/41/1104 4395/39/1103 4410/65/1118
f 4408/61/1116 4407/59/1115 4422/67/1130
f 4415/60/1123 4430/83/1138 4431/69/1335
f 4409/63/1117 4408/61/1116 4423/68/1131
f 4416/62/1124 4431/69/1335 4432/71/1140
f 4410/65/1118 4409/63/1117 4424/70/1132
f 4417/64/1125 4432/71/1140 4433/73/1141
f 4411/51/1119 4410/65/1118 4425/72/1133
f 4418/66/1126 4433/73/1141 4434/75/1142
f 4412/52/1120 4411/51/1119 4426/74/1134
f 4419/50/1127 4434/75/1142 4435/77/1143
f 4413/54/1121 4412/52/1120 4427/76/1135
f 4413/54/1121 4428/78/1136 4429/82/1137
f 4407/59/1115 4406/56/1114 4421/80/1129
f 4414/58/1122 4429/82/1137 4430/83/1138
f 4427/76/1135 4426/74/1134 4441/84/1149
f 4434/75/1142 4449/100/1337 4450/86/1158
f 4428/78/1136 4427/76/1135 4442/85/1150
f 4428/78/1136 4443/87/1151 4444/91/1152
f 4422/67/1130 4421/80/1129 4436/89/1144
f 4429/82/1137 4444/91/1152 4445/93/1153
f 4423/68/1131 4422/67/1130 4437/92/1336
f 4430/83/1138 4445/93/1153 4446/95/1154
f 4424/70/1132 4423/68/1131 4438/94/1146
f 4431/69/1335 4446/95/1154 4447/97/1155
f 4425/72/1133 4424/70/1132 4439/96/1147
f 4432/71/1140 4447/97/1155 4448/99/1156
f 4426/74/1134 4425/72/1133 4440/98/1148
f 4433/73/1141 4448/99/1156 4449/100/1337
f 4445/93/1153 4461/117/1169 4462/101/1170
f 4439/96/1147 4438/94/1146 4454/102/1162
f 4446/95/1154 4462/101/1170 4463/104/1171
f 4440/98/1148 4439/96/1147 4455/103/1163
f 4447/97/1155 4463/104/1171 4464/106/1172
f 4441/84/1149 4440/98/1148 4456/105/1164
f 4448/99/1156 4464/106/1172 4465/108/1173
f 4442/85/1150 4441/84/1149 4457/107/1165
f 4449/100/1337 4465/108/1173 4466/110/1174
f 4443/87/1151 4442/85/1150 4458/109/1166
f 4443/87/1151 4459/111/1167 4460/115/1168
f 4437/92/1336 4436/89/1144 4452/113/1160
f 4444/91/1152 4460/115/1168 4461/117/1169
f 4438/94/1146 4437/92/1336 4453/116/1161
f 4465/108/1173 4480/134/1188 4481/118/1189
f 4459/111/1167 4458/109/1166 4473/119/1181
f 4459/111/1167 4474/120/1182 4475/124/1183
f 4453/116/1161 4452/113/1160 4467/122/1175
f 4460/115/1168 4475/124/1183 4476/126/1184
f 4454/102/1162 4453/116/1161 4468/125/1176
f 4461/117/1169 4476/126/1184 4477/128/1185
f 4455/103/1163 4454/102/1162 4469/127/1338
f 4462/101/1170 4477/128/1185 4478/130/1186
f 4456/105/1164 4455/103/1163 4470/129/1178
f 4463/104/1171 4478/130/1186 4479/132/1339
f 4457/107/1165 4456/105/1164 4471/131/1179
f 4464/106/1172 4479/132/1339 4480/134/1188
f 4458/109/1166 4457/107/1165 4472/133/1180
f 4470/129/1178 4469/127/1338 4484/135/1192
f 4477/128/1185 4492/151/1200 4493/137/1201
f 4471/131/1179 4470/129/1178 4485/136/1193
f 4478/130/1186 4493/137/1201 4494/139/1202
f 4472/133/1180 4471/131/1179 4486/138/1194
f 4479/132/1339 4494/139/1202 4495/141/1203
f 4473/119/1181 4472/133/1180 4487/140/1195
f 4480/134/1188 4495/141/1203 4496/143/1204
f 4474/120/1182 4473/119/1181 4488/142/1196
f 4474/120/1182 4489/144/1197 4490/148/1340
f 4468/125/1176 4467/122/1175 4482/146/1190
f 4475/124/1183 4490/148/1340 4491/150/1199
f 4469/127/1338 4468/125/1176 4483/149/1191
f 4476/126/1184 4491/150/1199 4492/151/1200
f 4510/152/1218 4509/182/1217 4524/153/1232
f 4502/155/1210 4517/183/1225 4518/156/1226
f 4511/158/1219 4510/152/1218 4525/154/1343
f 4503/157/1211 4518/156/1226 4519/160/1227
f 4512/162/1220 4511/158/1219 4526/159/1234
f 4504/161/1212 4519/160/1227 4520/164/1228
f 4506/170/1341 4505/165/1213 4520/164/1228
f 4498/166/1206 4513/168/1221 4514/172/1222
f 4507/174/1215 4506/170/1341 4521/171/1229
f 4499/173/1207 4514/172/1222 4515/176/1342
f 4508/178/1216 4507/174/1215 4522/175/1230
f 4500/177/1208 4515/176/1342 4516/180/1224
f 4509/182/1217 4508/178/1216 4523/179/1231
f 4501/181/1209 4516/180/1224 4517/183/1225
f 4513/168/1221 4528/199/1236 4529/184/1237
f 4522/175/1230 4521/171/1229 4536/185/1244
f 4514/172/1222 4529/184/1237 4530/187/1238
f 4523/179/1231 4522/175/1230 4537/186/1245
f 4515/176/1342 4530/187/1238 4531/189/1239
f 4524/153/1232 4523/179/1231 4538/188/1246
f 4516/180/1224 4531/189/1239 4532/191/1240
f 4525/154/1343 4524/153/1232 4539/190/1247
f 4517/183/1225 4532/191/1240 4533/193/1241
f 4526/159/1234 4525/154/1343 4540/192/1248
f 4518/156/1226 4533/193/1241 4534/195/1242
f 4527/163/1235 4526/159/1234 4541/194/1249
f 4519/160/1227 4534/195/1242 4535/197/1243
f 4521/171/1229 4520/164/1228 4535/197/1243
f 4532/191/1240 4547/217/1255 4548/201/1256
f 4541/194/1249 4540/192/1248 4555/202/1263
f 4533/193/1241 4548/201/1256 4549/204/1257
f 4542/196/1250 4541/194/1249 4556/203/1264
f 4534/195/1242 4549/204/1257 4550/206/1258
f 4536/185/1244 4535/197/1243 4550/206/1258
f 4528/199/1236 4543/208/1251 4544/211/1252
f 4537/186/1245 4536/185/1244 4551/210/1259
f 4529/184/1237 4544/211/1252 4545/213/1253
f 4538/188/1246 4537/186/1245 4552/212/1260
f 4530/187/1238 4545/213/1253 4546/215/1254
f 4539/190/1247 4538/188/1246 4553/214/1261
f 4531/189/1239 4546/215/1254 4547/217/1255
f 4540/192/1248 4539/190/1247 4554/216/1262
f 4552/212/1260 4551/210/1259 4566/218/1274
f 4544/211/1252 4559/234/1267 4560/220/1268
f 4553/214/1261 4552/212/1260 4567/219/1275
f 4545/213/1253 4560/220/1268 4561/222/1269
f 4554/216/1262 4553/214/1261 4568/221/1344
f 4546/215/1254 4561/222/1269 4562/224/1270
f 4555/202/1263 4554/216/1262 4569/223/1277
f 4547/217/1255 4562/224/1270 4563/226/1271
f 4556/203/1264 4555/202/1263 4570/225/1278
f 4548/201/1256 4563/226/1271 4564/228/1272
f 4557/205/1265 4556/203/1264 4571/227/1279
f 4549/204/1257 4564/228/1272 4565/230/1273
f 4551/210/1259 4550/206/1258 4565/230/1273
f 4543/208/1251 4558/232/1266 4559/234/1267
f 4571/227/1279 4570/225/1278 4585/235/1293
f 4563/226/1271 4578/251/1286 4579/237/1287
f 4572/229/1280 4571/227/1279 4586/236/1294
f 4564/228/1272 4579/237/1287 4580/239/1288
f 4566/218/1274 4565/230/1273 4580/239/1288
f 4558/232/1266 4573/241/1281 4574/244/1282
f 4567/219/1275 4566/218/1274 4581/243/1289
f 4559/234/1267 4574/244/1282 4575/246/1283
f 4568/221/1344 4567/219/1275 4582/245/1290
f 4560/220/1268 4575/246/1283 4576/248/1284
f 4569/223/1277 4568/221/1344 4583/247/1291
f 4561/222/1269 4576/248/1284 4577/250/1285
f 4570/225/1278 4569/223/1277 4584/249/1292
f 4562/224/1270 4577/250/1285 4578/251/1286
f 4583/247/1291 4582/245/1290 4597/252/1305
f 4575/246/1283 4590/268/1298 4591/254/1299
f 4584/249/1292 4583/247/1291 4598/253/1306
f 4576/248/1284 4591/254/1299 4592/256/1300
f 4585/235/1293 4584/249/1292 4599/255/1307
f 4577/250/1285 4592/256/1300 4593/258/1301
f 4586/236/1294 4585/235/1293 4600/257/1308
f 4578/251/1286 4593/258/1301 4594/260/1302
f 4587/238/1295 4586/236/1294 4601/259/1346
f 4579/237/1287 4594/260/1302 4595/262/1303
f 4581/243/1289 4580/239/1288 4595/262/1303
f 4573/241/1281 4588/264/1296 4589/267/1345
f 4582/245/1290 4581/243/1289 4596/266/1304
f 4574/244/1282 4589/267/1345 4590/268/1298
f 4602/261/1310 4601/259/1346 4616/269/1324
f 4594/260/1302 4609/285/1317 4610/271/1318
f 4596/266/1304 4595/262/1303 4610/271/1318
f 4588/264/1296 4603/273/1311 4604/276/1312
f 4597/252/1305 4596/266/1304 4611/275/1319
f 4589/267/1345 4604/276/1312 4605/278/1313
f 4598/253/1306 4597/252/1305 4612/277/1320
f 4590/268/1298 4605/278/1313 4606/280/1314
f 4599/255/1307 4598/253/1306 4613/279/1321
f 4591/254/1299 4606/280/1314 4607/282/1315
f 4600/257/1308 4599/255/1307 4614/281/1322
f 4592/256/1300 4607/282/1315 4608/284/1316
f 4601/259/1346 4600/257/1308 4615/283/1323
f 4593/258/1301 4608/284/1316 4609/285/1317
f 4605/278/1313 4370/32/1078 4620/4/1328
f 4614/281/1322 4613/279/1321 4375/3/1083
f 4606/280/1314 4620/4/1328 4371/9/1079
f 4615/283/1323 4614/281/1322 4623/8/1331
f 4607/282/1315 4371/9/1079 4621/13/1329
f 4616/269/1324 4615/283/1323 4624/12/1332
f 4608/284/1316 4621/13/1329 4372/17/1080
f 4617/270/1325 4616/269/1324 4625/16/1333
f 4609/285/1317 4372/17/1080 4373/21/1081
f 4611/275/1319 4610/271/1318 4373/21/1081
f 4603/273/1311 4618/23/1326 4619/29/1327
f 4612/277/1320 4611/275/1319 4374/28/1082
f 4604/276/1312 4619/29/1327 4370/32/1078
f 4613/279/1321 4612/277/1320 4622/1/1330
f 4879/1/1330 4642/31/1093 4643/2/1094
f 4877/4/1328 4627/32/1078 4635/5/1086
f 4632/3/1083 4643/2/1094 4644/7/1095
f 4628/9/1079 4877/4/1328 4636/6/1087
f 4880/8/1331 4644/7/1095 4645/11/1096
f 4878/13/1329 4628/9/1079 4637/10/1088
f 4881/12/1332 4645/11/1096 4646/15/1097
f 4629/17/1080 4878/13/1329 4638/14/1089
f 4882/16/1333 4646/15/1097 4647/19/1098
f 4630/21/1081 4629/17/1080 4639/18/1090
f 4630/21/1081 4640/22/1091 4641/27/1092
f 4876/29/1327 4875/23/1326 4633/25/1084
f 4631/28/1082 4641/27/1092 4642/31/1093
f 4627/32/1078 4876/29/1327 4634/30/1085
f 4641/27/1092 4656/49/1107 4657/33/1108
f 4635/5/1086 4634/30/1085 4649/34/1100
f 4642/31/1093 4657/33/1108 4658/36/1109
f 4636/6/1087 4635/5/1086 4650/35/1101
f 4643/2/1094 4658/36/1109 4659/38/1110
f 4637/10/1088 4636/6/1087 4651/37/1102
f 4644/7/1095 4659/38/1110 4660/40/1111
f 4638/14/1089 4637/10/1088 4652/39/1103
f 4645/11/1096 4660/40/1111 4661/42/1347
f 4639/18/1090 4638/14/1089 4653/41/1104
f 4646/15/1097 4661/42/1347 4662/44/1113
f 4640/22/1091 4639/18/1090 4654/43/1105
f 4640/22/1091 4655/45/1106 4656/49/1107
f 4634/30/1085 4633/25/1084 4648/47/1099
f 4660/40/1111 4675/66/1126 4676/50/1127
f 4654/43/1105 4653/41/1104 4668/51/1119
f 4661/42/1347 4676/50/1127 4677/53/1128
f 4655/45/1106 4654/43/1105 4669/52/1120
f 4655/45/1106 4670/54/1121 4671/58/1122
f 4649/34/1100 4648/47/1099 4663/56/1114
f 4656/49/1107 4671/58/1122 4672/60/1123
f 4650/35/1101 4649/34/1100 4664/59/1115
f 4657/33/1108 4672/60/1123 4673/62/1124
f 4651/37/1102 4650/35/1101 4665/61/1116
f 4658/36/1109 4673/62/1124 4674/64/1125
f 4652/39/1103 4651/37/1102 4666/63/1117
f 4659/38/1110 4674/64/1125 4675/66/1126
f 4653/41/1104 4652/39/1103 4667/65/1118
f 4665/61/1116 4664/59/1115 4679/67/1130
f 4672/60/1123 4687/83/1138 4688/69/1139
f 4666/63/1117 4665/61/1116 4680/68/1131
f 4673/62/1124 4688/69/1139 4689/71/1140
f 4667/65/1118 4666/63/1117 4681/70/1132
f 4674/64/1125 4689/71/1140 4690/73/1141
f 4668/51/1119 4667/65/1118 4682/72/1348
f 4675/66/1126 4690/73/1141 4691/75/1142
f 4669/52/1120 4668/51/1119 4683/74/1134
f 4676/50/1127 4691/75/1142 4692/77/1143
f 4670/54/1121 4669/52/1120 4684/76/1135
f 4670/54/1121 4685/78/1136 4686/82/1137
f 4664/59/1115 4663/56/1114 4678/80/1129
f 4671/58/1122 4686/82/1137 4687/83/1138
f 4684/76/1135 4683/74/1134 4698/84/1149
f 4691/75/1142 4706/100/1337 4707/86/1158
f 4685/78/1136 4684/76/1135 4699/85/1150
f 4685/78/1136 4700/87/1151 4701/91/1152
f 4679/67/1130 4678/80/1129 4693/89/1144
f 4686/82/1137 4701/91/1152 4702/93/1153
f 4680/68/1131 4679/67/1130 4694/92/1336
f 4687/83/1138 4702/93/1153 4703/95/1154
f 4681/70/1132 4680/68/1131 4695/94/1146
f 4688/69/1139 4703/95/1154 4704/97/1155
f 4682/72/1348 4681/70/1132 4696/96/1147
f 4689/71/1140 4704/97/1155 4705/99/1156
f 4683/74/1134 4682/72/1348 4697/98/1148
f 4690/73/1141 4705/99/1156 4706/100/1337
f 4702/93/1153 4718/117/1169 4719/101/1170
f 4696/96/1147 4695/94/1146 4711/102/1162
f 4703/95/1154 4719/101/1170 4720/104/1171
f 4697/98/1148 4696/96/1147 4712/103/1163
f 4704/97/1155 4720/104/1171 4721/106/1172
f 4698/84/1149 4697/98/1148 4713/105/1164
f 4705/99/1156 4721/106/1172 4722/108/1173
f 4699/85/1150 4698/84/1149 4714/107/1165
f 4706/100/1337 4722/108/1173 4723/110/1174
f 4700/87/1151 4699/85/1150 4715/109/1166
f 4700/87/1151 4716/111/1167 4717/115/1168
f 4694/92/1336 4693/89/1144 4709/113/1160
f 4701/91/1152 4717/115/1168 4718/117/1169
f 4695/94/1146 4694/92/1336 4710/116/1161
f 4722/108/1173 4737/134/1188 4738/118/1189
f 4716/111/1167 4715/109/1166 4730/119/1181
f 4716/111/1167 4731/120/1182 4732/124/1183
f 4710/116/1161 4709/113/1160 4724/122/1175
f 4717/115/1168 4732/124/1183 4733/126/1184
f 4711/102/1162 4710/116/1161 4725/125/1176
f 4718/117/1169 4733/126/1184 4734/128/1185
f 4712/103/1163 4711/102/1162 4726/127/1338
f 4719/101/1170 4734/128/1185 4735/130/1186
f 4713/105/1164 4712/103/1163 4727/129/1178
f 4720/104/1171 4735/130/1186 4736/132/1339
f 4714/107/1165 4713/105/1164 4728/131/1179
f 4721/106/1172 4736/132/1339 4737/134/1188
f 4715/109/1166 4714/107/1165 4729/133/1180
f 4727/129/1178 4726/127/1338 4741/135/1192
f 4734/128/1185 4749/151/1200 4750/137/1201
f 4728/131/1179 4727/129/1178 4742/136/1193
f 4735/130/1186 4750/137/1201 4751/139/1202
f 4729/133/1180 4728/131/1179 4743/138/1194
f 4736/132/1339 4751/139/1202 4752/141/1203
f 4730/119/1181 4729/133/1180 4744/140/1195
f 4737/134/1188 4752/141/1203 4753/143/1204
f 4731/120/1182 4730/119/1181 4745/142/1196
f 4731/120/1182 4746/144/1197 4747/148/1340
f 4725/125/1176 4724/122/1175 4739/146/1190
f 4732/124/1183 4747/148/1340 4748/150/1199
f 4726/127/1338 4725/125/1176 4740/149/1191
f 4733/126/1184 4748/150/1199 4749/151/1200
f 4767/152/1218 4766/182/1217 4781/153/1232
f 4759/155/1210 4774/183/1225 4775/156/1226
f 4768/158/1219 4767/152/1218 4782/154/1233
f 4760/157/1211 4775/156/1226 4776/160/1227
f 4769/162/1220 4768/158/1219 4783/159/1234
f 4761/161/1212 4776/160/1227 4777/164/1228
f 4763/170/1341 4762/165/1213 4777/164/1228
f 4755/166/1206 4770/168/1221 4771/172/1222
f 4764/174/1215 4763/170/1341 4778/171/1229
f 4756/173/1207 4771/172/1222 4772/176/1223
f 4765/178/1216 4764/174/1215 4779/175/1230
f 4757/177/1208 4772/176/1223 4773/180/1224
f 4766/182/1217 4765/178/1216 4780/179/1231
f 4758/181/1209 4773/180/1224 4774/183/1225
f 4770/168/1221 4785/199/1236 4786/184/1237
f 4779/175/1230 4778/171/1229 4793/185/1244
f 4771/172/1222 4786/184/1237 4787/187/1238
f 4780/179/1231 4779/175/1230 4794/186/1245
f 4772/176/1223 4787/187/1238 4788/189/1239
f 4781/153/1232 4780/179/1231 4795/188/1246
f 4773/180/1224 4788/189/1239 4789/191/1240
f 4782/154/1233 4781/153/1232 4796/190/1247
f 4774/183/1225 4789/191/1240 4790/193/1241
f 4783/159/1234 4782/154/1233 4797/192/1248
f 4775/156/1226 4790/193/1241 4791/195/1242
f 4784/163/1235 4783/159/1234 4798/194/1249
f 4776/160/1227 4791/195/1242 4792/197/1243
f 4778/171/1229 4777/164/1228 4792/197/1243
f 4789/191/1240 4804/217/1255 4805/201/1256
f 4798/194/1249 4797/192/1248 4812/202/1263
f 4790/193/1241 4805/201/1256 4806/204/1257
f 4799/196/1250 4798/194/1249 4813/203/1264
f 4791/195/1242 4806/204/1257 4807/206/1258
f 4793/185/1244 4792/197/1243 4807/206/1258
f 4785/199/1236 4800/208/1251 4801/211/1252
f 4794/186/1245 4793/185/1244 4808/210/1259
f 4786/184/1237 4801/211/1252 4802/213/1253
f 4795/188/1246 4794/186/1245 4809/212/1260
f 4787/187/1238 4802/213/1253 4803/215/1254
f 4796/190/1247 4795/188/1246 4810/214/1261
f 4788/189/1239 4803/215/1254 4804/217/1255
f 4797/192/1248 4796/190/1247 4811/216/1262
f 4809/212/1260 4808/210/1259 4823/218/1274
f 4801/211/1252 4816/234/1267 4817/220/1268
f 4810/214/1261 4809/212/1260 4824/219/1275
f 4802/213/1253 4817/220/1268 4818/222/1269
f 4811/216/1262 4810/214/1261 4825/221/1344
f 4803/215/1254 4818/222/1269 4819/224/1349
f 4812/202/1263 4811/216/1262 4826/223/1277
f 4804/217/1255 4819/224/1349 4820/226/1271
f 4813/203/1264 4812/202/1263 4827/225/1278
f 4805/201/1256 4820/226/1271 4821/228/1272
f 4814/205/1265 4813/203/1264 4828/227/1279
f 4806/204/1257 4821/228/1272 4822/230/1273
f 4808/210/1259 4807/206/1258 4822/230/1273
f 4800/208/1251 4815/232/1266 4816/234/1267
f 4828/227/1279 4827/225/1278 4842/235/1293
f 4820/226/1271 4835/251/1286 4836/237/1287
f 4829/229/1280 4828/227/1279 4843/236/1294
f 4821/228/1272 4836/237/1287 4837/239/1288
f 4823/218/1274 4822/230/1273 4837/239/1288
f 4815/232/1266 4830/241/1281 4831/244/1282
f 4824/219/1275 4823/218/1274 4838/243/1289
f 4816/234/1267 4831/244/1282 4832/246/1283
f 4825/221/1344 4824/219/1275 4839/245/1290
f 4817/220/1268 4832/246/1283 4833/248/1284
f 4826/223/1277 4825/221/1344 4840/247/1291
f 4818/222/1269 4833/248/1284 4834/250/1285
f 4827/225/1278 4826/223/1277 4841/249/1292
f 4819/224/1349 4834/250/1285 4835/251/1286
f 4840/247/1291 4839/245/1290 4854/252/1305
f 4832/246/1283 4847/268/1298 4848/254/1299
f 4841/249/1292 4840/247/1291 4855/253/1306
f 4833/248/1284 4848/254/1299 4849/256/1300
f 4842/235/1293 4841/249/1292 4856/255/1307
f 4834/250/1285 4849/256/1300 4850/258/1301
f 4843/236/1294 4842/235/1293 4857/257/1308
f 4835/251/1286 4850/258/1301 4851/260/1302
f 4844/238/1295 4843/236/1294 4858/259/1346
f 4836/237/1287 4851/260/1302 4852/262/1303
f 4838/243/1289 4837/239/1288 4852/262/1303
f 4830/241/1281 4845/264/1296 4846/267/1345
f 4839/245/1290 4838/243/1289 4853/266/1304
f 4831/244/1282 4846/267/1345 4847/268/1298
f 4859/261/1310 4858/259/1346 4873/269/1324
f 4851/260/1302 4866/285/1317 4867/271/1318
f 4853/266/1304 4852/262/1303 4867/271/1318
f 4845/264/1296 4860/273/1311 4861/276/1312
f 4854/252/1305 4853/266/1304 4868/275/1319
f 4846/267/1345 4861/276/1312 4862/278/1313
f 4855/253/1306 4854/252/1305 4869/277/1320
f 4847/268/1298 4862/278/1313 4863/280/1314
f 4856/255/1307 4855/253/1306 4870/279/1321
f 4848/254/1299 4863/280/1314 4864/282/1315
f 4857/257/1308 4856/255/1307 4871/281/1322
f 4849/256/1300 4864/282/1315 4865/284/1316
f 4858/259/1346 4857/257/1308 4872/283/1323
f 4850/258/1301 4865/284/1316 4866/285/1317
f 4862/278/1313 4627/32/1078 4877/4/1328
f 4871/281/1322 4870/279/1321 4632/3/1083
f 4863/280/1314 4877/4/1328 4628/9/1079
f 4872/283/1323 4871/281/1322 4880/8/1331
f 4864/282/1315 4628/9/1079 4878/13/1329
f 4873/269/1324 4872/283/1323 4881/12/1332
f 4865/284/1316 4878/13/1329 4629/17/1080
f 4874/270/1325 4873/269/1324 4882/16/1333
f 4866/285/1317 4629/17/1080 4630/21/1081
f 4868/275/1319 4867/271/1318 4630/21/1081
f 4860/273/1311 4875/23/1326 4876/29/1327
f 4869/277/1320 4868/275/1319 4631/28/1082
f 4861/276/1312 4876/29/1327 4627/32/1078
f 4870/279/1321 4869/277/1320 4879/1/1330
f 5136/1/1330 4899/31/1093 4900/2/1094
f 5134/4/1328 4884/32/1078 4892/5/1086
f 4889/3/1083 4900/2/1094 4901/7/1095
f 4885/9/1079 5134/4/1328 4893/6/1087
f 5137/8/1331 4901/7/1095 4902/11/1096
f 5135/13/1329 4885/9/1079 4894/10/1088
f 5138/12/1332 4902/11/1096 4903/15/1097
f 4886/17/1080 5135/13/1329 4895/14/1089
f 5139/16/1333 4903/15/1097 4904/19/1098
f 4887/21/1081 4886/17/1080 4896/18/1090
f 4887/21/1081 4897/22/1091 4898/27/1092
f 5133/29/1327 5132/23/1326 4890/25/1084
f 4888/28/1082 4898/27/1092 4899/31/1093
f 4884/32/1078 5133/29/1327 4891/30/1085
f 4898/27/1092 4913/49/1107 4914/33/1108
f 4892/5/1086 4891/30/1085 4906/34/1350
f 4899/31/1093 4914/33/1108 4915/36/1109
f 4893/6/1087 4892/5/1086 4907/35/1101
f 4900/2/1094 4915/36/1109 4916/38/1110
f 4894/10/1088 4893/6/1087 4908/37/1102
f 4901/7/1095 4916/38/1110 4917/40/1111
f 4895/14/1089 4894/10/1088 4909/39/1103
f 4902/11/1096 4917/40/1111 4918/42/1347
f 4896/18/1090 4895/14/1089 4910/41/1104
f 4903/15/1097 4918/42/1347 4919/44/1113
f 4897/22/1091 4896/18/1090 4911/43/1105
f 4897/22/1091 4912/45/1106 4913/49/1107
f 4891/30/1085 4890/25/1084 4905/47/1099
f 4917/40/1111 4932/66/1126 4933/50/1127
f 4911/43/1105 4910/41/1104 4925/51/1119
f 4918/42/1347 4933/50/1127 4934/53/1128
f 4912/45/1106 4911/43/1105 4926/52/1120
f 4912/45/1106 4927/54/1121 4928/58/1122
f 4906/34/1350 4905/47/1099 4920/56/1114
f 4913/49/1107 4928/58/1122 4929/60/1123
f 4907/35/1101 4906/34/1350 4921/59/1115
f 4914/33/1108 4929/60/1123 4930/62/1124
f 4908/37/1102 4907/35/1101 4922/61/1116
f 4915/36/1109 4930/62/1124 4931/64/1125
f 4909/39/1103 4908/37/1102 4923/63/1117
f 4916/38/1110 4931/64/1125 4932/66/1126
f 4910/41/1104 4909/39/1103 4924/65/1118
f 4922/61/1116 4921/59/1115 4936/67/1130
f 4929/60/1123 4944/83/1138 4945/69/1139
f 4923/63/1117 4922/61/1116 4937/68/1131
f 4930/62/1124 4945/69/1139 4946/71/1140
f 4924/65/1118 4923/63/1117 4938/70/1132
f 4931/64/1125 4946/71/1140 4947/73/1141
f 4925/51/1119 4924/65/1118 4939/72/1133
f 4932/66/1126 4947/73/1141 4948/75/1142
f 4926/52/1120 4925/51/1119 4940/74/1134
f 4933/50/1127 4948/75/1142 4949/77/1143
f 4927/54/1121 4926/52/1120 4941/76/1135
f 4927/54/1121 4942/78/1136 4943/82/1137
f 4921/59/1115 4920/56/1114 4935/80/1129
f 4928/58/1122 4943/82/1137 4944/83/1138
f 4941/76/1135 4940/74/1134 4955/84/1149
f 4948/75/1142 4963/100/1157 4964/86/1158
f 4942/78/1136 4941/76/1135 4956/85/1150
f 4942/78/1136 4957/87/1151 4958/91/1152
f 4936/67/1130 4935/80/1129 4950/89/1144
f 4943/82/1137 4958/91/1152 4959/93/1153
f 4937/68/1131 4936/67/1130 4951/92/1145
f 4944/83/1138 4959/93/1153 4960/95/1154
f 4938/70/1132 4937/68/1131 4952/94/1146
f 4945/69/1139 4960/95/1154 4961/97/1155
f 4939/72/1133 4938/70/1132 4953/96/1147
f 4946/71/1140 4961/97/1155 4962/99/1156
f 4940/74/1134 4939/72/1133 4954/98/1148
f 4947/73/1141 4962/99/1156 4963/100/1157
f 4959/93/1153 4975/117/1169 4976/101/1170
f 4953/96/1147 4952/94/1146 4968/102/1162
f 4960/95/1154 4976/101/1170 4977/104/1171
f 4954/98/1148 4953/96/1147 4969/103/1163
f 4961/97/1155 4977/104/1171 4978/106/1172
f 4955/84/1149 4954/98/1148 4970/105/1164
f 4962/99/1156 4978/106/1172 4979/108/1173
f 4956/85/1150 4955/84/1149 4971/107/1165
f 4963/100/1157 4979/108/1173 4980/110/1174
f 4957/87/1151 4956/85/1150 4972/109/1166
f 4957/87/1151 4973/111/1167 4974/115/1168
f 4951/92/1145 4950/89/1144 4966/113/1160
f 4958/91/1152 4974/115/1168 4975/117/1169
f 4952/94/1146 4951/92/1145 4967/116/1161
f 4979/108/1173 4994/134/1188 4995/118/1189
f 4973/111/1167 4972/109/1166 4987/119/1181
f 4973/111/1167 4988/120/1182 4989/124/1183
f 4967/116/1161 4966/113/1160 4981/122/1175
f 4974/115/1168 4989/124/1183 4990/126/1184
f 4968/102/1162 4967/116/1161 4982/125/1176
f 4975/117/1169 4990/126/1184 4991/128/1185
f 4969/103/1163 4968/102/1162 4983/127/1177
f 4976/101/1170 4991/128/1185 4992/130/1186
f 4970/105/1164 4969/103/1163 4984/129/1178
f 4977/104/1171 4992/130/1186 4993/132/1187
f 4971/107/1165 4970/105/1164 4985/131/1179
f 4978/106/1172 4993/132/1187 4994/134/1188
f 4972/109/1166 4971/107/1165 4986/133/1180
f 4984/129/1178 4983/127/1177 4998/135/1192
f 4991/128/1185 5006/151/1200 5007/137/1201
f 4985/131/1179 4984/129/1178 4999/136/1193
f 4992/130/1186 5007/137/1201 5008/139/1202
f 4986/133/1180 4985/131/1179 5000/138/1194
f 4993/132/1187 5008/139/1202 5009/141/1203
f 4987/119/1181 4986/133/1180 5001/140/1195
f 4994/134/1188 5009/141/1203 5010/143/1204
f 4988/120/1182 4987/119/1181 5002/142/1196
f 4988/120/1182 5003/144/1197 5004/148/1198
f 4982/125/1176 4981/122/1175 4996/146/1190
f 4989/124/1183 5004/148/1198 5005/150/1199
f 4983/127/1177 4982/125/1176 4997/149/1191
f 4990/126/1184 5005/150/1199 5006/151/1200
f 5024/152/1218 5023/182/1217 5038/153/1232
f 5016/155/1210 5031/183/1225 5032/156/1226
f 5025/158/1219 5024/152/1218 5039/154/1233
f 5017/157/1211 5032/156/1226 5033/160/1227
f 5026/162/1220 5025/158/1219 5040/159/1234
f 5018/161/1212 5033/160/1227 5034/164/1228
f 5020/170/1214 5019/165/1213 5034/164/1228
f 5012/166/1206 5027/168/1221 5028/172/1222
f 5021/174/1215 5020/170/1214 5035/171/1229
f 5013/173/1207 5028/172/1222 5029/176/1223
f 5022/178/1216 5021/174/1215 5036/175/1230
f 5014/177/1208 5029/176/1223 5030/180/1224
f 5023/182/1217 5022/178/1216 5037/179/1231
f 5015/181/1209 5030/180/1224 5031/183/1225
f 5027/168/1221 5042/199/1236 5043/184/1237
f 5036/175/1230 5035/171/1229 5050/185/1244
f 5028/172/1222 5043/184/1237 5044/187/1238
f 5037/179/1231 5036/175/1230 5051/186/1245
f 5029/176/1223 5044/187/1238 5045/189/1239
f 5038/153/1232 5037/179/1231 5052/188/1246
f 5030/180/1224 5045/189/1239 5046/191/1240
f 5039/154/1233 5038/153/1232 5053/190/1247
f 5031/183/1225 5046/191/1240 5047/193/1241
f 5040/159/1234 5039/154/1233 5054/192/1248
f 5032/156/1226 5047/193/1241 5048/195/1242
f 5041/163/1235 5040/159/1234 5055/194/1249
f 5033/160/1227 5048/195/1242 5049/197/1243
f 5035/171/1229 5034/164/1228 5049/197/1243
f 5046/191/1240 5061/217/1255 5062/201/1256
f 5055/194/1249 5054/192/1248 5069/202/1263
f 5047/193/1241 5062/201/1256 5063/204/1257
f 5056/196/1250 5055/194/1249 5070/203/1264
f 5048/195/1242 5063/204/1257 5064/206/1258
f 5050/185/1244 5049/197/1243 5064/206/1258
f 5042/199/1236 5057/208/1251 5058/211/1252
f 5051/186/1245 5050/185/1244 5065/210/1259
f 5043/184/1237 5058/211/1252 5059/213/1253
f 5052/188/1246 5051/186/1245 5066/212/1260
f 5044/187/1238 5059/213/1253 5060/215/1254
f 5053/190/1247 5052/188/1246 5067/214/1261
f 5045/189/1239 5060/215/1254 5061/217/1255
f 5054/192/1248 5053/190/1247 5068/216/1262
f 5066/212/1260 5065/210/1259 5080/218/1274
f 5058/211/1252 5073/234/1267 5074/220/1268
f 5067/214/1261 5066/212/1260 5081/219/1275
f 5059/213/1253 5074/220/1268 5075/222/1269
f 5068/216/1262 5067/214/1261 5082/221/1276
f 5060/215/1254 5075/222/1269 5076/224/1270
f 5069/202/1263 5068/216/1262 5083/223/1277
f 5061/217/1255 5076/224/1270 5077/226/1271
f 5070/203/1264 5069/202/1263 5084/225/1278
f 5062/201/1256 5077/226/1271 5078/228/1272
f 5071/205/1265 5070/203/1264 5085/227/1279
f 5063/204/1257 5078/228/1272 5079/230/1273
f 5065/210/1259 5064/206/1258 5079/230/1273
f 5057/208/1251 5072/232/1266 5073/234/1267
f 5085/227/1279 5084/225/1278 5099/235/1293
f 5077/226/1271 5092/251/1286 5093/237/1287
f 5086/229/1280 5085/227/1279 5100/236/1294
f 5078/228/1272 5093/237/1287 5094/239/1288
f 5080/218/1274 5079/230/1273 5094/239/1288
f 5072/232/1266 5087/241/1281 5088/244/1282
f 5081/219/1275 5080/218/1274 5095/243/1289
f 5073/234/1267 5088/244/1282 5089/246/1283
f 5082/221/1276 5081/219/1275 5096/245/1290
f 5074/220/1268 5089/246/1283 5090/248/1284
f 5083/223/1277 5082/221/1276 5097/247/1291
f 5075/222/1269 5090/248/1284 5091/250/1285
f 5084/225/1278 5083/223/1277 5098/249/1292
f 5076/224/1270 5091/250/1285 5092/251/1286
f 5097/247/1291 5096/245/1290 5111/252/1305
f 5089/246/1283 5104/268/1298 5105/254/1299
f 5098/249/1292 5097/247/1291 5112/253/1306
f 5090/248/1284 5105/254/1299 5106/256/1300
f 5099/235/1293 5098/249/1292 5113/255/1307
f 5091/250/1285 5106/256/1300 5107/258/1301
f 5100/236/1294 5099/235/1293 5114/257/1308
f 5092/251/1286 5107/258/1301 5108/260/1302
f 5101/238/1295 5100/236/1294 5115/259/1309
f 5093/237/1287 5108/260/1302 5109/262/1303
f 5095/243/1289 5094/239/1288 5109/262/1303
f 5087/241/1281 5102/264/1296 5103/267/1297
f 5096/245/1290 5095/243/1289 5110/266/1304
f 5088/244/1282 5103/267/1297 5104/268/1298
f 5116/261/1310 5115/259/1309 5130/269/1324
f 5108/260/1302 5123/285/1317 5124/271/1318
f 5110/266/1304 5109/262/1303 5124/271/1318
f 5102/264/1296 5117/273/1311 5118/276/1312
f 5111/252/1305 5110/266/1304 5125/275/1319
f 5103/267/1297 5118/276/1312 5119/278/1313
f 5112/253/1306 5111/252/1305 5126/277/1320
f 5104/268/1298 5119/278/1313 5120/280/1314
f 5113/255/1307 5112/253/1306 5127/279/1321
f 5105/254/1299 5120/280/1314 5121/282/1315
f 5114/257/1308 5113/255/1307 5128/281/1322
f 5106/256/1300 5121/282/1315 5122/284/1316
f 5115/259/1309 5114/257/1308 5129/283/1323
f 5107/258/1301 5122/284/1316 5123/285/1317
f 5119/278/1313 4884/32/1078 5134/4/1328
f 5128/281/1322 5127/279/1321 4889/3/1083
f 5120/280/1314 5134/4/1328 4885/9/1079
f 5129/283/1323 5128/281/1322 5137/8/1331
f 5121/282/1315 4885/9/1079 5135/13/1329
f 5130/269/1324 5129/283/1323 5138/12/1332
f 5122/284/1316 5135/13/1329 4886/17/1080
f 5131/270/1325 5130/269/1324 5139/16/1333
f 5123/285/1317 4886/17/1080 4887/21/1081
f 5125/275/1319 5124/271/1318 4887/21/1081
f 5117/273/1311 5132/23/1326 5133/29/1327
f 5126/277/1320 5125/275/1319 4888/28/1082
f 5118/276/1312 5133/29/1327 4884/32/1078
f 5127/279/1321 5126/277/1320 5136/1/1330
f 5393/1/1603 5156/31/1366 5157/2/1367
f 5391/4/1601 5141/32/1351 5149/5/1359
f 5146/3/1356 5157/2/1367 5158/7/1368
f 5142/9/1352 5391/4/1601 5150/6/1360
f 5394/8/1604 5158/7/1368 5159/11/1369
f 5392/13/1602 5142/9/1352 5151/10/1361
f 5395/12/1605 5159/11/1369 5160/15/1370
f 5143/17/1353 5392/13/1602 5152/14/1362
f 5396/16/1606 5160/15/1370 5161/19/1371
f 5144/21/1354 5143/17/1353 5153/18/1363
f 5144/21/1354 5154/22/1364 5155/27/1365
f 5390/29/1600 5389/23/1599 5147/25/1357
f 5145/28/1355 5155/27/1365 5156/31/1366
f 5141/32/1351 5390/29/1600 5148/30/1358
f 5155/27/1365 5170/49/1380 5171/33/1381
f 5149/5/1359 5148/30/1358 5163/34/1373
f 5156/31/1366 5171/33/1381 5172/36/1382
f 5150/6/1360 5149/5/1359 5164/35/1374
f 5157/2/1367 5172/36/1382 5173/38/1383
f 5151/10/1361 5150/6/1360 5165/37/1375
f 5158/7/1368 5173/38/1383 5174/40/1384
f 5152/14/1362 5151/10/1361 5166/39/1376
f 5159/11/1369 5174/40/1384 5175/42/1385
f 5153/18/1363 5152/14/1362 5167/41/1377
f 5160/15/1370 5175/42/1385 5176/44/1386
f 5154/22/1364 5153/18/1363 5168/43/1378
f 5154/22/1364 5169/45/1379 5170/49/1380
f 5148/30/1358 5147/25/1357 5162/47/1372
f 5174/40/1384 5189/66/1399 5190/50/1400
f 5168/43/1378 5167/41/1377 5182/51/1392
f 5175/42/1385 5190/50/1400 5191/53/1401
f 5169/45/1379 5168/43/1378 5183/52/1393
f 5169/45/1379 5184/54/1394 5185/58/1395
f 5163/34/1373 5162/47/1372 5177/56/1387
f 5170/49/1380 5185/58/1395 5186/60/1396
f 5164/35/1374 5163/34/1373 5178/59/1388
f 5171/33/1381 5186/60/1396 5187/62/1397
f 5165/37/1375 5164/35/1374 5179/61/1389
f 5172/36/1382 5187/62/1397 5188/64/1398
f 5166/39/1376 5165/37/1375 5180/63/1390
f 5173/38/1383 5188/64/1398 5189/66/1399
f 5167/41/1377 5166/39/1376 5181/65/1391
f 5179/61/1389 5178/59/1388 5193/67/1403
f 5186/60/1396 5201/83/1411 5202/69/1412
f 5180/63/1390 5179/61/1389 5194/68/1404
f 5187/62/1397 5202/69/1412 5203/71/1413
f 5181/65/1391 5180/63/1390 5195/70/1405
f 5188/64/1398 5203/71/1413 5204/73/1414
f 5182/51/1392 5181/65/1391 5196/72/1406
f 5189/66/1399 5204/73/1414 5205/75/1415
f 5183/52/1393 5182/51/1392 5197/74/1407
f 5190/50/1400 5205/75/1415 5206/77/1416
f 5184/54/1394 5183/52/1393 5198/76/1408
f 5184/54/1394 5199/78/1409 5200/82/1410
f 5178/59/1388 5177/56/1387 5192/80/1402
f 5185/58/1395 5200/82/1410 5201/83/1411
f 5198/76/1408 5197/74/1407 5212/84/1422
f 5205/75/1415 5220/100/1430 5221/86/1431
f 5199/78/1409 5198/76/1408 5213/85/1423
f 5199/78/1409 5214/87/1424 5215/91/1425
f 5193/67/1403 5192/80/1402 5207/89/1417
f 5200/82/1410 5215/91/1425 5216/93/1426
f 5194/68/1404 5193/67/1403 5208/92/1418
f 5201/83/1411 5216/93/1426 5217/95/1427
f 5195/70/1405 5194/68/1404 5209/94/1419
f 5202/69/1412 5217/95/1427 5218/97/1428
f 5196/72/1406 5195/70/1405 5210/96/1420
f 5203/71/1413 5218/97/1428 5219/99/1429
f 5197/74/1407 5196/72/1406 5211/98/1421
f 5204/73/1414 5219/99/1429 5220/100/1430
f 5216/93/1426 5232/117/1442 5233/101/1443
f 5210/96/1420 5209/94/1419 5225/102/1435
f 5217/95/1427 5233/101/1443 5234/104/1444
f 5211/98/1421 5210/96/1420 5226/103/1436
f 5218/97/1428 5234/104/1444 5235/106/1445
f 5212/84/1422 5211/98/1421 5227/105/1437
f 5219/99/1429 5235/106/1445 5236/108/1446
f 5213/85/1423 5212/84/1422 5228/107/1438
f 5220/100/1430 5236/108/1446 5237/110/1447
f 5214/87/1424 5213/85/1423 5229/109/1439
f 5214/87/1424 5230/111/1440 5231/115/1441
f 5208/92/1418 5207/89/1417 5223/113/1433
f 5215/91/1425 5231/115/1441 5232/117/1442
f 5209/94/1419 5208/92/1418 5224/116/1434
f 5236/108/1446 5251/134/1461 5252/118/1462
f 5230/111/1440 5229/109/1439 5244/119/1454
f 5230/111/1440 5245/120/1455 5246/124/1456
f 5224/116/1434 5223/113/1433 5238/122/1448
f 5231/115/1441 5246/124/1456 5247/126/1457
f 5225/102/1435 5224/116/1434 5239/125/1449
f 5232/117/1442 5247/126/1457 5248/128/1458
f 5226/103/1436 5225/102/1435 5240/127/1450
f 5233/101/1443 5248/128/1458 5249/130/1459
f 5227/105/1437 5226/103/1436 5241/129/1451
f 5234/104/1444 5249/130/1459 5250/132/1460
f 5228/107/1438 5227/105/1437 5242/131/1452
f 5235/106/1445 5250/132/1460 5251/134/1461
f 5229/109/1439 5228/107/1438 5243/133/1453
f 5241/129/1451 5240/127/1450 5255/135/1465
f 5248/128/1458 5263/151/1473 5264/137/1474
f 5242/131/1452 5241/129/1451 5256/136/1466
f 5249/130/1459 5264/137/1474 5265/139/1475
f 5243/133/1453 5242/131/1452 5257/138/1467
f 5250/132/1460 5265/139/1475 5266/141/1476
f 5244/119/1454 5243/133/1453 5258/140/1468
f 5251/134/1461 5266/141/1476 5267/143/1477
f 5245/120/1455 5244/119/1454 5259/142/1469
f 5245/120/1455 5260/144/1470 5261/148/1471
f 5239/125/1449 5238/122/1448 5253/146/1463
f 5246/124/1456 5261/148/1471 5262/150/1472
f 5240/127/1450 5239/125/1449 5254/149/1464
f 5247/126/1457 5262/150/1472 5263/151/1473
f 5281/152/1491 5280/182/1490 5295/153/1505
f 5273/155/1483 5288/183/1498 5289/156/1499
f 5282/158/1492 5281/152/1491 5296/154/1506
f 5274/157/1484 5289/156/1499 5290/160/1500
f 5283/162/1493 5282/158/1492 5297/159/1507
f 5275/161/1485 5290/160/1500 5291/164/1501
f 5277/170/1487 5276/165/1486 5291/164/1501
f 5269/166/1479 5284/168/1494 5285/172/1495
f 5278/174/1488 5277/170/1487 5292/171/1502
f 5270/173/1480 5285/172/1495 5286/176/1496
f 5279/178/1489 5278/174/1488 5293/175/1503
f 5271/177/1481 5286/176/1496 5287/180/1497
f 5280/182/1490 5279/178/1489 5294/179/1504
f 5272/181/1482 5287/180/1497 5288/183/1498
f 5284/168/1494 5299/199/1509 5300/184/1510
f 5293/175/1503 5292/171/1502 5307/185/1517
f 5285/172/1495 5300/184/1510 5301/187/1511
f 5294/179/1504 5293/175/1503 5308/186/1518
f 5286/176/1496 5301/187/1511 5302/189/1512
f 5295/153/1505 5294/179/1504 5309/188/1519
f 5287/180/1497 5302/189/1512 5303/191/1513
f 5296/154/1506 5295/153/1505 5310/190/1520
f 5288/183/1498 5303/191/1513 5304/193/1514
f 5297/159/1507 5296/154/1506 5311/192/1521
f 5289/156/1499 5304/193/1514 5305/195/1515
f 5298/163/1508 5297/159/1507 5312/194/1522
f 5290/160/1500 5305/195/1515 5306/197/1516
f 5292/171/1502 5291/164/1501 5306/197/1516
f 5303/191/1513 5318/217/1528 5319/201/1529
f 5312/194/1522 5311/192/1521 5326/202/1536
f 5304/193/1514 5319/201/1529 5320/204/1530
f 5313/196/1523 5312/194/1522 5327/203/1537
f 5305/195/1515 5320/204/1530 5321/206/1531
f 5307/185/1517 5306/197/1516 5321/206/1531
f 5299/199/1509 5314/208/1524 5315/211/1525
f 5308/186/1518 5307/185/1517 5322/210/1532
f 5300/184/1510 5315/211/1525 5316/213/1526
f 5309/188/1519 5308/186/1518 5323/212/1533
f 5301/187/1511 5316/213/1526 5317/215/1527
f 5310/190/1520 5309/188/1519 5324/214/1534
f 5302/189/1512 5317/215/1527 5318/217/1528
f 5311/192/1521 5310/190/1520 5325/216/1535
f 5323/212/1533 5322/210/1532 5337/218/1547
f 5315/211/1525 5330/234/1540 5331/220/1541
f 5324/214/1534 5323/212/1533 5338/219/1548
f 5316/213/1526 5331/220/1541 5332/222/1542
f 5325/216/1535 5324/214/1534 5339/221/1549
f 5317/215/1527 5332/222/1542 5333/224/1543
f 5326/202/1536 5325/216/1535 5340/223/1550
f 5318/217/1528 5333/224/1543 5334/226/1544
f 5327/203/1537 5326/202/1536 5341/225/1551
f 5319/201/1529 5334/226/1544 5335/228/1545
f 5328/205/1538 5327/203/1537 5342/227/1552
f 5320/204/1530 5335/228/1545 5336/230/1546
f 5322/210/1532 5321/206/1531 5336/230/1546
f 5314/208/1524 5329/232/1539 5330/234/1540
f 5342/227/1552 5341/225/1551 5356/235/1566
f 5334/226/1544 5349/251/1559 5350/237/1560
f 5343/229/1553 5342/227/1552 5357/236/1567
f 5335/228/1545 5350/237/1560 5351/239/1561
f 5337/218/1547 5336/230/1546 5351/239/1561
f 5329/232/1539 5344/241/1554 5345/244/1555
f 5338/219/1548 5337/218/1547 5352/243/1562
f 5330/234/1540 5345/244/1555 5346/246/1556
f 5339/221/1549 5338/219/1548 5353/245/1563
f 5331/220/1541 5346/246/1556 5347/248/1557
f 5340/223/1550 5339/221/1549 5354/247/1564
f 5332/222/1542 5347/248/1557 5348/250/1558
f 5341/225/1551 5340/223/1550 5355/249/1565
f 5333/224/1543 5348/250/1558 5349/251/1559
f 5354/247/1564 5353/245/1563 5368/252/1578
f 5346/246/1556 5361/268/1571 5362/254/1572
f 5355/249/1565 5354/247/1564 5369/253/1579
f 5347/248/1557 5362/254/1572 5363/256/1573
f 5356/235/1566 5355/249/1565 5370/255/1580
f 5348/250/1558 5363/256/1573 5364/258/1574
f 5357/236/1567 5356/235/1566 5371/257/1581
f 5349/251/1559 5364/258/1574 5365/260/1575
f 5358/238/1568 5357/236/1567 5372/259/1582
f 5350/237/1560 5365/260/1575 5366/262/1576
f 5352/243/1562 5351/239/1561 5366/262/1576
f 5344/241/1554 5359/264/1569 5360/267/1570
f 5353/245/1563 5352/243/1562 5367/266/1577
f 5345/244/1555 5360/267/1570 5361/268/1571
f 5373/261/1583 5372/259/1582 5387/269/1597
f 5365/260/1575 5380/285/1590 5381/271/1591
f 5367/266/1577 5366/262/1576 5381/271/1591
f 5359/264/1569 5374/273/1584 5375/276/1585
f 5368/252/1578 5367/266/1577 5382/275/1592
f 5360/267/1570 5375/276/1585 5376/278/1586
f 5369/253/1579 5368/252/1578 5383/277/1593
f 5361/268/1571 5376/278/1586 5377/280/1587
f 5370/255/1580 5369/253/1579 5384/279/1594
f 5362/254/1572 5377/280/1587 5378/282/1588
f 5371/257/1581 5370/255/1580 5385/281/1595
f 5363/256/1573 5378/282/1588 5379/284/1589
f 5372/259/1582 5371/257/1581 5386/283/1596
f 5364/258/1574 5379/284/1589 5380/285/1590
f 5376/278/1586 5141/32/1351 5391/4/1601
f 5385/281/1595 5384/279/1594 5146/3/1356
f 5377/280/1587 5391/4/1601 5142/9/1352
f 5386/283/1596 5385/281/1595 5394/8/1604
f 5378/282/1588 5142/9/1352 5392/13/1602
f 5387/269/1597 5386/283/1596 5395/12/1605
f 5379/284/1589 5392/13/1602 5143/17/1353
f 5388/270/1598 5387/269/1597 5396/16/1606
f 5380/285/1590 5143/17/1353 5144/21/1354
f 5382/275/1592 5381/271/1591 5144/21/1354
f 5374/273/1584 5389/23/1599 5390/29/1600
f 5383/277/1593 5382/275/1592 5145/28/1355
f 5375/276/1585 5390/29/1600 5141/32/1351
f 5384/279/1594 5383/277/1593 5393/1/1603
f 5650/1/1603 5413/31/1366 5414/2/1367
f 5648/4/1601 5398/32/1351 5406/5/1359
f 5403/3/1356 5414/2/1367 5415/7/1368
f 5399/9/1352 5648/4/1601 5407/6/1360
f 5651/8/1604 5415/7/1368 5416/11/1369
f 5649/13/1602 5399/9/1352 5408/10/1361
f 5652/12/1605 5416/11/1369 5417/15/1370
f 5400/17/1353 5649/13/1602 5409/14/1362
f 5653/16/1606 5417/15/1370 5418/19/1371
f 5401/21/1354 5400/17/1353 5410/18/1363
f 5401/21/1354 5411/22/1364 5412/27/1365
f 5647/29/1600 5646/23/1599 5404/25/1357
f 5402/28/1355 5412/27/1365 5413/31/1366
f 5398/32/1351 5647/29/1600 5405/30/1358
f 5412/27/1365 5427/49/1380 5428/33/1381
f 5406/5/1359 5405/30/1358 5420/34/1373
f 5413/31/1366 5428/33/1381 5429/36/1382
f 5407/6/1360 5406/5/1359 5421/35/1374
f 5414/2/1367 5429/36/1382 5430/38/1383
f 5408/10/1361 5407/6/1360 5422/37/1375
f 5415/7/1368 5430/38/1383 5431/40/1384
f 5409/14/1362 5408/10/1361 5423/39/1376
f 5416/11/1369 5431/40/1384 5432/42/1385
f 5410/18/1363 5409/14/1362 5424/41/1377
f 5417/15/1370 5432/42/1385 5433/44/1386
f 5411/22/1364 5410/18/1363 5425/43/1378
f 5411/22/1364 5426/45/1379 5427/49/1380
f 5405/30/1358 5404/25/1357 5419/47/1372
f 5431/40/1384 5446/66/1399 5447/50/1400
f 5425/43/1378 5424/41/1377 5439/51/1392
f 5432/42/1385 5447/50/1400 5448/53/1401
f 5426/45/1379 5425/43/1378 5440/52/1393
f 5426/45/1379 5441/54/1394 5442/58/1395
f 5420/34/1373 5419/47/1372 5434/56/1387
f 5427/49/1380 5442/58/1395 5443/60/1396
f 5421/35/1374 5420/34/1373 5435/59/1388
f 5428/33/1381 5443/60/1396 5444/62/1397
f 5422/37/1375 5421/35/1374 5436/61/1389
f 5429/36/1382 5444/62/1397 5445/64/1398
f 5423/39/1376 5422/37/1375 5437/63/1390
f 5430/38/1383 5445/64/1398 5446/66/1399
f 5424/41/1377 5423/39/1376 5438/65/1391
f 5436/61/1389 5435/59/1388 5450/67/1403
f 5443/60/1396 5458/83/1411 5459/69/1412
f 5437/63/1390 5436/61/1389 5451/68/1404
f 5444/62/1397 5459/69/1412 5460/71/1413
f 5438/65/1391 5437/63/1390 5452/70/1405
f 5445/64/1398 5460/71/1413 5461/73/1414
f 5439/51/1392 5438/65/1391 5453/72/1406
f 5446/66/1399 5461/73/1414 5462/75/1415
f 5440/52/1393 5439/51/1392 5454/74/1407
f 5447/50/1400 5462/75/1415 5463/77/1416
f 5441/54/1394 5440/52/1393 5455/76/1408
f 5441/54/1394 5456/78/1409 5457/82/1410
f 5435/59/1388 5434/56/1387 5449/80/1402
f 5442/58/1395 5457/82/1410 5458/83/1411
f 5455/76/1408 5454/74/1407 5469/84/1422
f 5462/75/1415 5477/100/1609 5478/86/1431
f 5456/78/1409 5455/76/1408 5470/85/1423
f 5456/78/1409 5471/87/1424 5472/91/1425
f 5450/67/1403 5449/80/1402 5464/89/1417
f 5457/82/1410 5472/91/1425 5473/93/1426
f 5451/68/1404 5450/67/1403 5465/92/1608
f 5458/83/1411 5473/93/1426 5474/95/1427
f 5452/70/1405 5451/68/1404 5466/94/1419
f 5459/69/1412 5474/95/1427 5475/97/1428
f 5453/72/1406 5452/70/1405 5467/96/1420
f 5460/71/1413 5475/97/1428 5476/99/1429
f 5454/74/1407 5453/72/1406 5468/98/1421
f 5461/73/1414 5476/99/1429 5477/100/1609
f 5473/93/1426 5489/117/1442 5490/101/1443
f 5467/96/1420 5466/94/1419 5482/102/1435
f 5474/95/1427 5490/101/1443 5491/104/1444
f 5468/98/1421 5467/96/1420 5483/103/1436
f 5475/97/1428 5491/104/1444 5492/106/1445
f 5469/84/1422 5468/98/1421 5484/105/1437
f 5476/99/1429 5492/106/1445 5493/108/1446
f 5470/85/1423 5469/84/1422 5485/107/1438
f 5477/100/1609 5493/108/1446 5494/110/1447
f 5471/87/1424 5470/85/1423 5486/109/1439
f 5471/87/1424 5487/111/1440 5488/115/1441
f 5465/92/1608 5464/89/1417 5480/113/1433
f 5472/91/1425 5488/115/1441 5489/117/1442
f 5466/94/1419 5465/92/1608 5481/116/1434
f 5493/108/1446 5508/134/1461 5509/118/1462
f 5487/111/1440 5486/109/1439 5501/119/1454
f 5487/111/1440 5502/120/1455 5503/124/1456
f 5481/116/1434 5480/113/1433 5495/122/1448
f 5488/115/1441 5503/124/1456 5504/126/1457
f 5482/102/1435 5481/116/1434 5496/125/1449
f 5489/117/1442 5504/126/1457 5505/128/1458
f 5483/103/1436 5482/102/1435 5497/127/1610
f 5490/101/1443 5505/128/1458 5506/130/1459
f 5484/105/1437 5483/103/1436 5498/129/1451
f 5491/104/1444 5506/130/1459 5507/132/1611
f 5485/107/1438 5484/105/1437 5499/131/1452
f 5492/106/1445 5507/132/1611 5508/134/1461
f 5486/109/1439 5485/107/1438 5500/133/1453
f 5498/129/1451 5497/127/1610 5512/135/1465
f 5505/128/1458 5520/151/1473 5521/137/1474
f 5499/131/1452 5498/129/1451 5513/136/1466
f 5506/130/1459 5521/137/1474 5522/139/1475
f 5500/133/1453 5499/131/1452 5514/138/1467
f 5507/132/1611 5522/139/1475 5523/141/1476
f 5501/119/1454 5500/133/1453 5515/140/1468
f 5508/134/1461 5523/141/1476 5524/143/1477
f 5502/120/1455 5501/119/1454 5516/142/1612
f 5502/120/1455 5517/144/1470 5518/148/1471
f 5496/125/1449 5495/122/1448 5510/146/1463
f 5503/124/1456 5518/148/1471 5519/150/1472
f 5497/127/1610 5496/125/1449 5511/149/1464
f 5504/126/1457 5519/150/1472 5520/151/1473
f 5538/152/1491 5537/182/1490 5552/153/1505
f 5530/155/1483 5545/183/1498 5546/156/1499
f 5539/158/1492 5538/152/1491 5553/154/1615
f 5531/157/1484 5546/156/1499 5547/160/1500
f 5540/162/1493 5539/158/1492 5554/159/1507
f 5532/161/1485 5547/160/1500 5548/164/1501
f 5534/170/1613 5533/165/1486 5548/164/1501
f 5526/166/1479 5541/168/1494 5542/172/1495
f 5535/174/1488 5534/170/1613 5549/171/1502
f 5527/173/1480 5542/172/1495 5543/176/1614
f 5536/178/1489 5535/174/1488 5550/175/1503
f 5528/177/1481 5543/176/1614 5544/180/1497
f 5537/182/1490 5536/178/1489 5551/179/1504
f 5529/181/1482 5544/180/1497 5545/183/1498
f 5541/168/1494 5556/199/1509 5557/184/1510
f 5550/175/1503 5549/171/1502 5564/185/1517
f 5542/172/1495 5557/184/1510 5558/187/1511
f 5551/179/1504 5550/175/1503 5565/186/1518
f 5543/176/1614 5558/187/1511 5559/189/1512
f 5552/153/1505 5551/179/1504 5566/188/1519
f 5544/180/1497 5559/189/1512 5560/191/1513
f 5553/154/1615 5552/153/1505 5567/190/1520
f 5545/183/1498 5560/191/1513 5561/193/1514
f 5554/159/1507 5553/154/1615 5568/192/1521
f 5546/156/1499 5561/193/1514 5562/195/1515
f 5555/163/1508 5554/159/1507 5569/194/1522
f 5547/160/1500 5562/195/1515 5563/197/1516
f 5549/171/1502 5548/164/1501 5563/197/1516
f 5560/191/1513 5575/217/1528 5576/201/1529
f 5569/194/1522 5568/192/1521 5583/202/1536
f 5561/193/1514 5576/201/1529 5577/204/1530
f 5570/196/1523 5569/194/1522 5584/203/1537
f 5562/195/1515 5577/204/1530 5578/206/1531
f 5564/185/1517 5563/197/1516 5578/206/1531
f 5556/199/1509 5571/208/1524 5572/211/1525
f 5565/186/1518 5564/185/1517 5579/210/1532
f 5557/184/1510 5572/211/1525 5573/213/1526
f 5566/188/1519 5565/186/1518 5580/212/1533
f 5558/187/1511 5573/213/1526 5574/215/1527
f 5567/190/1520 5566/188/1519 5581/214/1534
f 5559/189/1512 5574/215/1527 5575/217/1528
f 5568/192/1521 5567/190/1520 5582/216/1535
f 5580/212/1533 5579/210/1532 5594/218/1547
f 5572/211/1525 5587/234/1540 5588/220/1541
f 5581/214/1534 5580/212/1533 5595/219/1548
f 5573/213/1526 5588/220/1541 5589/222/1542
f 5582/216/1535 5581/214/1534 5596/221/1549
f 5574/215/1527 5589/222/1542 5590/224/1543
f 5583/202/1536 5582/216/1535 5597/223/1550
f 5575/217/1528 5590/224/1543 5591/226/1544
f 5584/203/1537 5583/202/1536 5598/225/1551
f 5576/201/1529 5591/226/1544 5592/228/1545
f 5585/205/1538 5584/203/1537 5599/227/1552
f 5577/204/1530 5592/228/1545 5593/230/1546
f 5579/210/1532 5578/206/1531 5593/230/1546
f 5571/208/1524 5586/232/1539 5587/234/1540
f 5599/227/1552 5598/225/1551 5613/235/1566
f 5591/226/1544 5606/251/1559 5607/237/1560
f 5600/229/1553 5599/227/1552 5614/236/1567
f 5592/228/1545 5607/237/1560 5608/239/1561
f 5594/218/1547 5593/230/1546 5608/239/1561
f 5586/232/1539 5601/241/1554 5602/244/1555
f 5595/219/1548 5594/218/1547 5609/243/1562
f 5587/234/1540 5602/244/1555 5603/246/1556
f 5596/221/1549 5595/219/1548 5610/245/1563
f 5588/220/1541 5603/246/1556 5604/248/1557
f 5597/223/1550 5596/221/1549 5611/247/1564
f 5589/222/1542 5604/248/1557 5605/250/1558
f 5598/225/1551 5597/223/1550 5612/249/1565
f 5590/224/1543 5605/250/1558 5606/251/1559
f 5611/247/1564 5610/245/1563 5625/252/1578
f 5603/246/1556 5618/268/1571 5619/254/1572
f 5612/249/1565 5611/247/1564 5626/253/1579
f 5604/248/1557 5619/254/1572 5620/256/1573
f 5613/235/1566 5612/249/1565 5627/255/1580
f 5605/250/1558 5620/256/1573 5621/258/1574
f 5614/236/1567 5613/235/1566 5628/257/1581
f 5606/251/1559 5621/258/1574 5622/260/1575
f 5615/238/1568 5614/236/1567 5629/259/1616
f 5607/237/1560 5622/260/1575 5623/262/1576
f 5609/243/1562 5608/239/1561 5623/262/1576
f 5601/241/1554 5616/264/1569 5617/267/1570
f 5610/245/1563 5609/243/1562 5624/266/1577
f 5602/244/1555 5617/267/1570 5618/268/1571
f 5630/261/1583 5629/259/1616 5644/269/1597
f 5622/260/1575 5637/285/1590 5638/271/1591
f 5624/266/1577 5623/262/1576 5638/271/1591
f 5616/264/1569 5631/273/1584 5632/276/1585
f 5625/252/1578 5624/266/1577 5639/275/1592
f 5617/267/1570 5632/276/1585 5633/278/1586
f 5626/253/1579 5625/252/1578 5640/277/1593
f 5618/268/1571 5633/278/1586 5634/280/1587
f 5627/255/1580 5626/253/1579 5641/279/1594
f 5619/254/1572 5634/280/1587 5635/282/1588
f 5628/257/1581 5627/255/1580 5642/281/1595
f 5620/256/1573 5635/282/1588 5636/284/1589
f 5629/259/1616 5628/257/1581 5643/283/1596
f 5621/258/1574 5636/284/1589 5637/285/1590
f 5633/278/1586 5398/32/1351 5648/4/1601
f 5642/281/1595 5641/279/1594 5403/3/1356
f 5634/280/1587 5648/4/1601 5399/9/1352
f 5643/283/1596 5642/281/1595 5651/8/1604
f 5635/282/1588 5399/9/1352 5649/13/1602
f 5644/269/1597 5643/283/1596 5652/12/1605
f 5636/284/1589 5649/13/1602 5400/17/1353
f 5645/270/1598 5644/269/1597 5653/16/1606
f 5637/285/1590 5400/17/1353 5401/21/1354
f 5639/275/1592 5638/271/1591 5401/21/1354
f 5631/273/1584 5646/23/1599 5647/29/1600
f 5640/277/1593 5639/275/1592 5402/28/1355
f 5632/276/1585 5647/29/1600 5398/32/1351
f 5641/279/1594 5640/277/1593 5650/1/1603
f 5907/1/1603 5670/31/1366 5671/2/1367
f 5905/4/1601 5655/32/1351 5663/5/1359
f 5660/3/1356 5671/2/1367 5672/7/1368
f 5656/9/1352 5905/4/1601 5664/6/1360
f 5908/8/1604 5672/7/1368 5673/11/1369
f 5906/13/1602 5656/9/1352 5665/10/1361
f 5909/12/1605 5673/11/1369 5674/15/1370
f 5657/17/1353 5906/13/1602 5666/14/1362
f 5910/16/1606 5674/15/1370 5675/19/1371
f 5658/21/1354 5657/17/1353 5667/18/1363
f 5658/21/1354 5668/22/1364 5669/27/1365
f 5904/29/1600 5903/23/1599 5661/25/1357
f 5659/28/1355 5669/27/1365 5670/31/1366
f 5655/32/1351 5904/29/1600 5662/30/1358
f 5669/27/1365 5684/49/1380 5685/33/1381
f 5663/5/1359 5662/30/1358 5677/34/1373
f 5670/31/1366 5685/33/1381 5686/36/1382
f 5664/6/1360 5663/5/1359 5678/35/1374
f 5671/2/1367 5686/36/1382 5687/38/1383
f 5665/10/1361 5664/6/1360 5679/37/1375
f 5672/7/1368 5687/38/1383 5688/40/1384
f 5666/14/1362 5665/10/1361 5680/39/1376
f 5673/11/1369 5688/40/1384 5689/42/1617
f 5667/18/1363 5666/14/1362 5681/41/1377
f 5674/15/1370 5689/42/1617 5690/44/1386
f 5668/22/1364 5667/18/1363 5682/43/1378
f 5668/22/1364 5683/45/1379 5684/49/1380
f 5662/30/1358 5661/25/1357 5676/47/1372
f 5688/40/1384 5703/66/1399 5704/50/1400
f 5682/43/1378 5681/41/1377 5696/51/1392
f 5689/42/1617 5704/50/1400 5705/53/1401
f 5683/45/1379 5682/43/1378 5697/52/1393
f 5683/45/1379 5698/54/1394 5699/58/1395
f 5677/34/1373 5676/47/1372 5691/56/1387
f 5684/49/1380 5699/58/1395 5700/60/1396
f 5678/35/1374 5677/34/1373 5692/59/1388
f 5685/33/1381 5700/60/1396 5701/62/1397
f 5679/37/1375 5678/35/1374 5693/61/1389
f 5686/36/1382 5701/62/1397 5702/64/1398
f 5680/39/1376 5679/37/1375 5694/63/1390
f 5687/38/1383 5702/64/1398 5703/66/1399
f 5681/41/1377 5680/39/1376 5695/65/1391
f 5693/61/1389 5692/59/1388 5707/67/1403
f 5700/60/1396 5715/83/1411 5716/69/1412
f 5694/63/1390 5693/61/1389 5708/68/1404
f 5701/62/1397 5716/69/1412 5717/71/1413
f 5695/65/1391 5694/63/1390 5709/70/1405
f 5702/64/1398 5717/71/1413 5718/73/1414
f 5696/51/1392 5695/65/1391 5710/72/1618
f 5703/66/1399 5718/73/1414 5719/75/1415
f 5697/52/1393 5696/51/1392 5711/74/1407
f 5704/50/1400 5719/75/1415 5720/77/1416
f 5698/54/1394 5697/52/1393 5712/76/1408
f 5698/54/1394 5713/78/1409 5714/82/1410
f 5692/59/1388 5691/56/1387 5706/80/1402
f 5699/58/1395 5714/82/1410 5715/83/1411
f 5712/76/1408 5711/74/1407 5726/84/1422
f 5719/75/1415 5734/100/1609 5735/86/1431
f 5713/78/1409 5712/76/1408 5727/85/1423
f 5713/78/1409 5728/87/1424 5729/91/1425
f 5707/67/1403 5706/80/1402 5721/89/1417
f 5714/82/1410 5729/91/1425 5730/93/1426
f 5708/68/1404 5707/67/1403 5722/92/1608
f 5715/83/1411 5730/93/1426 5731/95/1427
f 5709/70/1405 5708/68/1404 5723/94/1419
f 5716/69/1412 5731/95/1427 5732/97/1428
f 5710/72/1618 5709/70/1405 5724/96/1420
f 5717/71/1413 5732/97/1428 5733/99/1429
f 5711/74/1407 5710/72/1618 5725/98/1421
f 5718/73/1414 5733/99/1429 5734/100/1609
f 5730/93/1426 5746/117/1442 5747/101/1443
f 5724/96/1420 5723/94/1419 5739/102/1435
f 5731/95/1427 5747/101/1443 5748/104/1444
f 5725/98/1421 5724/96/1420 5740/103/1436
f 5732/97/1428 5748/104/1444 5749/106/1445
f 5726/84/1422 5725/98/1421 5741/105/1437
f 5733/99/1429 5749/106/1445 5750/108/1446
f 5727/85/1423 5726/84/1422 5742/107/1438
f 5734/100/1609 5750/108/1446 5751/110/1447
f 5728/87/1424 5727/85/1423 5743/109/1439
f 5728/87/1424 5744/111/1440 5745/115/1441
f 5722/92/1608 5721/89/1417 5737/113/1433
f 5729/91/1425 5745/115/1441 5746/117/1442
f 5723/94/1419 5722/92/1608 5738/116/1434
f 5750/108/1446 5765/134/1461 5766/118/1462
f 5744/111/1440 5743/109/1439 5758/119/1454
f 5744/111/1440 5759/120/1455 5760/124/1456
f 5738/116/1434 5737/113/1433 5752/122/1448
f 5745/115/1441 5760/124/1456 5761/126/1457
f 5739/102/1435 5738/116/1434 5753/125/1449
f 5746/117/1442 5761/126/1457 5762/128/1458
f 5740/103/1436 5739/102/1435 5754/127/1610
f 5747/101/1443 5762/128/1458 5763/130/1459
f 5741/105/1437 5740/103/1436 5755/129/1451
f 5748/104/1444 5763/130/1459 5764/132/1611
f 5742/107/1438 5741/105/1437 5756/131/1452
f 5749/106/1445 5764/132/1611 5765/134/1461
f 5743/109/1439 5742/107/1438 5757/133/1453
f 5755/129/1451 5754/127/1610 5769/135/1465
f 5762/128/1458 5777/151/1473 5778/137/1474
f 5756/131/1452 5755/129/1451 5770/136/1466
f 5763/130/1459 5778/137/1474 5779/139/1475
f 5757/133/1453 5756/131/1452 5771/138/1467
f 5764/132/1611 5779/139/1475 5780/141/1476
f 5758/119/1454 5757/133/1453 5772/140/1468
f 5765/134/1461 5780/141/1476 5781/143/1477
f 5759/120/1455 5758/119/1454 5773/142/1612
f 5759/120/1455 5774/144/1470 5775/148/1471
f 5753/125/1449 5752/122/1448 5767/146/1463
f 5760/124/1456 5775/148/1471 5776/150/1472
f 5754/127/1610 5753/125/1449 5768/149/1464
f 5761/126/1457 5776/150/1472 5777/151/1473
f 5795/152/1491 5794/182/1490 5809/153/1505
f 5787/155/1483 5802/183/1498 5803/156/1499
f 5796/158/1492 5795/152/1491 5810/154/1615
f 5788/157/1484 5803/156/1499 5804/160/1500
f 5797/162/1493 5796/158/1492 5811/159/1507
f 5789/161/1485 5804/160/1500 5805/164/1501
f 5791/170/1487 5790/165/1486 5805/164/1501
f 5783/166/1479 5798/168/1494 5799/172/1495
f 5792/174/1488 5791/170/1487 5806/171/1502
f 5784/173/1480 5799/172/1495 5800/176/1614
f 5793/178/1489 5792/174/1488 5807/175/1503
f 5785/177/1481 5800/176/1614 5801/180/1497
f 5794/182/1490 5793/178/1489 5808/179/1504
f 5786/181/1482 5801/180/1497 5802/183/1498
f 5798/168/1494 5813/199/1509 5814/184/1510
f 5807/175/1503 5806/171/1502 5821/185/1517
f 5799/172/1495 5814/184/1510 5815/187/1511
f 5808/179/1504 5807/175/1503 5822/186/1518
f 5800/176/1614 5815/187/1511 5816/189/1512
f 5809/153/1505 5808/179/1504 5823/188/1519
f 5801/180/1497 5816/189/1512 5817/191/1513
f 5810/154/1615 5809/153/1505 5824/190/1520
f 5802/183/1498 5817/191/1513 5818/193/1514
f 5811/159/1507 5810/154/1615 5825/192/1521
f 5803/156/1499 5818/193/1514 5819/195/1515
f 5812/163/1508 5811/159/1507 5826/194/1522
f 5804/160/1500 5819/195/1515 5820/197/1516
f 5806/171/1502 5805/164/1501 5820/197/1516
f 5817/191/1513 5832/217/1528 5833/201/1529
f 5826/194/1522 5825/192/1521 5840/202/1536
f 5818/193/1514 5833/201/1529 5834/204/1530
f 5827/196/1523 5826/194/1522 5841/203/1537
f 5819/195/1515 5834/204/1530 5835/206/1531
f 5821/185/1517 5820/197/1516 5835/206/1531
f 5813/199/1509 5828/208/1524 5829/211/1525
f 5822/186/1518 5821/185/1517 5836/210/1532
f 5814/184/1510 5829/211/1525 5830/213/1526
f 5823/188/1519 5822/186/1518 5837/212/1533
f 5815/187/1511 5830/213/1526 5831/215/1527
f 5824/190/1520 5823/188/1519 5838/214/1534
f 5816/189/1512 5831/215/1527 5832/217/1528
f 5825/192/1521 5824/190/1520 5839/216/1535
f 5837/212/1533 5836/210/1532 5851/218/1547
f 5829/211/1525 5844/234/1540 5845/220/1541
f 5838/214/1534 5837/212/1533 5852/219/1548
f 5830/213/1526 5845/220/1541 5846/222/1542
f 5839/216/1535 5838/214/1534 5853/221/1549
f 5831/215/1527 5846/222/1542 5847/224/1543
f 5840/202/1536 5839/216/1535 5854/223/1550
f 5832/217/1528 5847/224/1543 5848/226/1544
f 5841/203/1537 5840/202/1536 5855/225/1551
f 5833/201/1529 5848/226/1544 5849/228/1545
f 5842/205/1538 5841/203/1537 5856/227/1552
f 5834/204/1530 5849/228/1545 5850/230/1546
f 5836/210/1532 5835/206/1531 5850/230/1546
f 5828/208/1524 5843/232/1539 5844/234/1540
f 5856/227/1552 5855/225/1551 5870/235/1566
f 5848/226/1544 5863/251/1559 5864/237/1560
f 5857/229/1553 5856/227/1552 5871/236/1567
f 5849/228/1545 5864/237/1560 5865/239/1561
f 5851/218/1547 5850/230/1546 5865/239/1561
f 5843/232/1539 5858/241/1554 5859/244/1555
f 5852/219/1548 5851/218/1547 5866/243/1562
f 5844/234/1540 5859/244/1555 5860/246/1556
f 5853/221/1549 5852/219/1548 5867/245/1563
f 5845/220/1541 5860/246/1556 5861/248/1557
f 5854/223/1550 5853/221/1549 5868/247/1564
f 5846/222/1542 5861/248/1557 5862/250/1558
f 5855/225/1551 5854/223/1550 5869/249/1565
f 5847/224/1543 5862/250/1558 5863/251/1559
f 5868/247/1564 5867/245/1563 5882/252/1578
f 5860/246/1556 5875/268/1571 5876/254/1572
f 5869/249/1565 5868/247/1564 5883/253/1579
f 5861/248/1557 5876/254/1572 5877/256/1573
f 5870/235/1566 5869/249/1565 5884/255/1580
f 5862/250/1558 5877/256/1573 5878/258/1574
f 5871/236/1567 5870/235/1566 5885/257/1581
f 5863/251/1559 5878/258/1574 5879/260/1575
f 5872/238/1568 5871/236/1567 5886/259/1616
f 5864/237/1560 5879/260/1575 5880/262/1576
f 5866/243/1562 5865/239/1561 5880/262/1576
f 5858/241/1554 5873/264/1569 5874/267/1570
f 5867/245/1563 5866/243/1562 5881/266/1577
f 5859/244/1555 5874/267/1570 5875/268/1571
f 5887/261/1583 5886/259/1616 5901/269/1597
f 5879/260/1575 5894/285/1590 5895/271/1591
f 5881/266/1577 5880/262/1576 5895/271/1591
f 5873/264/1569 5888/273/1584 5889/276/1585
f 5882/252/1578 5881/266/1577 5896/275/1592
f 5874/267/1570 5889/276/1585 5890/278/1586
f 5883/253/1579 5882/252/1578 5897/277/1593
f 5875/268/1571 5890/278/1586 5891/280/1587
f 5884/255/1580 5883/253/1579 5898/279/1594
f 5876/254/1572 5891/280/1587 5892/282/1588
f 5885/257/1581 5884/255/1580 5899/281/1595
f 5877/256/1573 5892/282/1588 5893/284/1589
f 5886/259/1616 5885/257/1581 5900/283/1596
f 5878/258/1574 5893/284/1589 5894/285/1590
f 5890/278/1586 5655/32/1351 5905/4/1601
f 5899/281/1595 5898/279/1594 5660/3/1356
f 5891/280/1587 5905/4/1601 5656/9/1352
f 5900/283/1596 5899/281/1595 5908/8/1604
f 5892/282/1588 5656/9/1352 5906/13/1602
f 5901/269/1597 5900/283/1596 5909/12/1605
f 5893/284/1589 5906/13/1602 5657/17/1353
f 5902/270/1598 5901/269/1597 5910/16/1606
f 5894/285/1590 5657/17/1353 5658/21/1354
f 5896/275/1592 5895/271/1591 5658/21/1354
f 5888/273/1584 5903/23/1599 5904/29/1600
f 5897/277/1593 5896/275/1592 5659/28/1355
f 5889/276/1585 5904/29/1600 5655/32/1351
f 5898/279/1594 5897/277/1593 5907/1/1603
f 6164/1/1603 5927/31/1366 5928/2/1367
f 6162/4/1601 5912/32/1351 5920/5/1359
f 5917/3/1356 5928/2/1367 5929/7/1368
f 5913/9/1352 6162/4/1601 5921/6/1360
f 6165/8/1604 5929/7/1368 5930/11/1369
f 6163/13/1602 5913/9/1352 5922/10/1361
f 6166/12/1605 5930/11/1369 5931/15/1370
f 5914/17/1353 6163/13/1602 5923/14/1362
f 6167/16/1606 5931/15/1370 5932/19/1371
f 5915/21/1354 5914/17/1353 5924/18/1363
f 5915/21/1354 5925/22/1364 5926/27/1365
f 6161/29/1600 6160/23/1599 5918/25/1357
f 5916/28/1355 5926/27/1365 5927/31/1366
f 5912/32/1351 6161/29/1600 5919/30/1358
f 5926/27/1365 5941/49/1380 5942/33/1381
f 5920/5/1359 5919/30/1358 5934/34/1373
f 5927/31/1366 5942/33/1381 5943/36/1382
f 5921/6/1360 5920/5/1359 5935/35/1374
f 5928/2/1367 5943/36/1382 5944/38/1383
f 5922/10/1361 5921/6/1360 5936/37/1375
f 5929/7/1368 5944/38/1383 5945/40/1384
f 5923/14/1362 5922/10/1361 5937/39/1376
f 5930/11/1369 5945/40/1384 5946/42/1617
f 5924/18/1363 5923/14/1362 5938/41/1377
f 5931/15/1370 5946/42/1617 5947/44/1386
f 5925/22/1364 5924/18/1363 5939/43/1378
f 5925/22/1364 5940/45/1379 5941/49/1380
f 5919/30/1358 5918/25/1357 5933/47/1372
f 5945/40/1384 5960/66/1399 5961/50/1400
f 5939/43/1378 5938/41/1377 5953/51/1392
f 5946/42/1617 5961/50/1400 5962/53/1401
f 5940/45/1379 5939/43/1378 5954/52/1393
f 5940/45/1379 5955/54/1394 5956/58/1395
f 5934/34/1373 5933/47/1372 5948/56/1387
f 5941/49/1380 5956/58/1395 5957/60/1396
f 5935/35/1374 5934/34/1373 5949/59/1388
f 5942/33/1381 5957/60/1396 5958/62/1397
f 5936/37/1375 5935/35/1374 5950/61/1389
f 5943/36/1382 5958/62/1397 5959/64/1398
f 5937/39/1376 5936/37/1375 5951/63/1390
f 5944/38/1383 5959/64/1398 5960/66/1399
f 5938/41/1377 5937/39/1376 5952/65/1391
f 5950/61/1389 5949/59/1388 5964/67/1403
f 5957/60/1396 5972/83/1411 5973/69/1412
f 5951/63/1390 5950/61/1389 5965/68/1404
f 5958/62/1397 5973/69/1412 5974/71/1413
f 5952/65/1391 5951/63/1390 5966/70/1405
f 5959/64/1398 5974/71/1413 5975/73/1414
f 5953/51/1392 5952/65/1391 5967/72/1406
f 5960/66/1399 5975/73/1414 5976/75/1415
f 5954/52/1393 5953/51/1392 5968/74/1407
f 5961/50/1400 5976/75/1415 5977/77/1416
f 5955/54/1394 5954/52/1393 5969/76/1408
f 5955/54/1394 5970/78/1409 5971/82/1410
f 5949/59/1388 5948/56/1387 5963/80/1402
f 5956/58/1395 5971/82/1410 5972/83/1411
f 5969/76/1408 5968/74/1407 5983/84/1422
f 5976/75/1415 5991/100/1430 5992/86/1431
f 5970/78/1409 5969/76/1408 5984/85/1423
f 5970/78/1409 5985/87/1424 5986/91/1425
f 5964/67/1403 5963/80/1402 5978/89/1417
f 5971/82/1410 5986/91/1425 5987/93/1426
f 5965/68/1404 5964/67/1403 5979/92/1418
f 5972/83/1411 5987/93/1426 5988/95/1427
f 5966/70/1405 5965/68/1404 5980/94/1419
f 5973/69/1412 5988/95/1427 5989/97/1428
f 5967/72/1406 5966/70/1405 5981/96/1420
f 5974/71/1413 5989/97/1428 5990/99/1429
f 5968/74/1407 5967/72/1406 5982/98/1421
f 5975/73/1414 5990/99/1429 5991/100/1430
f 5987/93/1426 6003/117/1442 6004/101/1443
f 5981/96/1420 5980/94/1419 5996/102/1435
f 5988/95/1427 6004/101/1443 6005/104/1444
f 5982/98/1421 5981/96/1420 5997/103/1436
f 5989/97/1428 6005/104/1444 6006/106/1445
f 5983/84/1422 5982/98/1421 5998/105/1437
f 5990/99/1429 6006/106/1445 6007/108/1446
f 5984/85/1423 5983/84/1422 5999/107/1438
f 5991/100/1430 6007/108/1446 6008/110/1447
f 5985/87/1424 5984/85/1423 6000/109/1439
f 5985/87/1424 6001/111/1440 6002/115/1441
f 5979/92/1418 5978/89/1417 5994/113/1433
f 5986/91/1425 6002/115/1441 6003/117/1442
f 5980/94/1419 5979/92/1418 5995/116/1434
f 6007/108/1446 6022/134/1461 6023/118/1462
f 6001/111/1440 6000/109/1439 6015/119/1454
f 6001/111/1440 6016/120/1455 6017/124/1456
f 5995/116/1434 5994/113/1433 6009/122/1448
f 6002/115/1441 6017/124/1456 6018/126/1457
f 5996/102/1435 5995/116/1434 6010/125/1449
f 6003/117/1442 6018/126/1457 6019/128/1458
f 5997/103/1436 5996/102/1435 6011/127/1610
f 6004/101/1443 6019/128/1458 6020/130/1459
f 5998/105/1437 5997/103/1436 6012/129/1451
f 6005/104/1444 6020/130/1459 6021/132/1460
f 5999/107/1438 5998/105/1437 6013/131/1452
f 6006/106/1445 6021/132/1460 6022/134/1461
f 6000/109/1439 5999/107/1438 6014/133/1453
f 6012/129/1451 6011/127/1610 6026/135/1465
f 6019/128/1458 6034/151/1473 6035/137/1474
f 6013/131/1452 6012/129/1451 6027/136/1466
f 6020/130/1459 6035/137/1474 6036/139/1475
f 6014/133/1453 6013/131/1452 6028/138/1467
f 6021/132/1460 6036/139/1475 6037/141/1476
f 6015/119/1454 6014/133/1453 6029/140/1468
f 6022/134/1461 6037/141/1476 6038/143/1477
f 6016/120/1455 6015/119/1454 6030/142/1469
f 6016/120/1455 6031/144/1470 6032/148/1619
f 6010/125/1449 6009/122/1448 6024/146/1463
f 6017/124/1456 6032/148/1619 6033/150/1472
f 6011/127/1610 6010/125/1449 6025/149/1464
f 6018/126/1457 6033/150/1472 6034/151/1473
f 6052/152/1491 6051/182/1490 6066/153/1505
f 6044/155/1483 6059/183/1498 6060/156/1499
f 6053/158/1492 6052/152/1491 6067/154/1506
f 6045/157/1484 6060/156/1499 6061/160/1500
f 6054/162/1493 6053/158/1492 6068/159/1507
f 6046/161/1485 6061/160/1500 6062/164/1501
f 6048/170/1487 6047/165/1486 6062/164/1501
f 6040/166/1479 6055/168/1494 6056/172/1495
f 6049/174/1488 6048/170/1487 6063/171/1502
f 6041/173/1480 6056/172/1495 6057/176/1496
f 6050/178/1489 6049/174/1488 6064/175/1503
f 6042/177/1481 6057/176/1496 6058/180/1497
f 6051/182/1490 6050/178/1489 6065/179/1504
f 6043/181/1482 6058/180/1497 6059/183/1498
f 6055/168/1494 6070/199/1509 6071/184/1510
f 6064/175/1503 6063/171/1502 6078/185/1517
f 6056/172/1495 6071/184/1510 6072/187/1511
f 6065/179/1504 6064/175/1503 6079/186/1518
f 6057/176/1496 6072/187/1511 6073/189/1512
f 6066/153/1505 6065/179/1504 6080/188/1519
f 6058/180/1497 6073/189/1512 6074/191/1513
f 6067/154/1506 6066/153/1505 6081/190/1520
f 6059/183/1498 6074/191/1513 6075/193/1514
f 6068/159/1507 6067/154/1506 6082/192/1521
f 6060/156/1499 6075/193/1514 6076/195/1515
f 6069/163/1508 6068/159/1507 6083/194/1522
f 6061/160/1500 6076/195/1515 6077/197/1516
f 6063/171/1502 6062/164/1501 6077/197/1516
f 6074/191/1513 6089/217/1528 6090/201/1529
f 6083/194/1522 6082/192/1521 6097/202/1536
f 6075/193/1514 6090/201/1529 6091/204/1530
f 6084/196/1523 6083/194/1522 6098/203/1537
f 6076/195/1515 6091/204/1530 6092/206/1531
f 6078/185/1517 6077/197/1516 6092/206/1531
f 6070/199/1509 6085/208/1524 6086/211/1525
f 6079/186/1518 6078/185/1517 6093/210/1532
f 6071/184/1510 6086/211/1525 6087/213/1526
f 6080/188/1519 6079/186/1518 6094/212/1533
f 6072/187/1511 6087/213/1526 6088/215/1527
f 6081/190/1520 6080/188/1519 6095/214/1534
f 6073/189/1512 6088/215/1527 6089/217/1528
f 6082/192/1521 6081/190/1520 6096/216/1535
f 6094/212/1533 6093/210/1532 6108/218/1547
f 6086/211/1525 6101/234/1540 6102/220/1541
f 6095/214/1534 6094/212/1533 6109/219/1548
f 6087/213/1526 6102/220/1541 6103/222/1542
f 6096/216/1535 6095/214/1534 6110/221/1549
f 6088/215/1527 6103/222/1542 6104/224/1543
f 6097/202/1536 6096/216/1535 6111/223/1550
f 6089/217/1528 6104/224/1543 6105/226/1544
f 6098/203/1537 6097/202/1536 6112/225/1551
f 6090/201/1529 6105/226/1544 6106/228/1545
f 6099/205/1538 6098/203/1537 6113/227/1552
f 6091/204/1530 6106/228/1545 6107/230/1546
f 6093/210/1532 6092/206/1531 6107/230/1546
f 6085/208/1524 6100/232/1539 6101/234/1540
f 6113/227/1552 6112/225/1551 6127/235/1566
f 6105/226/1544 6120/251/1559 6121/237/1560
f 6114/229/1553 6113/227/1552 6128/236/1567
f 6106/228/1545 6121/237/1560 6122/239/1561
f 6108/218/1547 6107/230/1546 6122/239/1561
f 6100/232/1539 6115/241/1554 6116/244/1555
f 6109/219/1548 6108/218/1547 6123/243/1562
f 6101/234/1540 6116/244/1555 6117/246/1556
f 6110/221/1549 6109/219/1548 6124/245/1563
f 6102/220/1541 6117/246/1556 6118/248/1557
f 6111/223/1550 6110/221/1549 6125/247/1564
f 6103/222/1542 6118/248/1557 6119/250/1558
f 6112/225/1551 6111/223/1550 6126/249/1565
f 6104/224/1543 6119/250/1558 6120/251/1559
f 6125/247/1564 6124/245/1563 6139/252/1578
f 6117/246/1556 6132/268/1571 6133/254/1572
f 6126/249/1565 6125/247/1564 6140/253/1579
f 6118/248/1557 6133/254/1572 6134/256/1573
f 6127/235/1566 6126/249/1565 6141/255/1580
f 6119/250/1558 6134/256/1573 6135/258/1574
f 6128/236/1567 6127/235/1566 6142/257/1581
f 6120/251/1559 6135/258/1574 6136/260/1575
f 6129/238/1568 6128/236/1567 6143/259/1582
f 6121/237/1560 6136/260/1575 6137/262/1576
f 6123/243/1562 6122/239/1561 6137/262/1576
f 6115/241/1554 6130/264/1569 6131/267/1620
f 6124/245/1563 6123/243/1562 6138/266/1577
f 6116/244/1555 6131/267/1620 6132/268/1571
f 6144/261/1583 6143/259/1582 6158/269/1597
f 6136/260/1575 6151/285/1590 6152/271/1591
f 6138/266/1577 6137/262/1576 6152/271/1591
f 6130/264/1569 6145/273/1584 6146/276/1585
f 6139/252/1578 6138/266/1577 6153/275/1592
f 6131/267/1620 6146/276/1585 6147/278/1586
f 6140/253/1579 6139/252/1578 6154/277/1593
f 6132/268/1571 6147/278/1586 6148/280/1587
f 6141/255/1580 6140/253/1579 6155/279/1594
f 6133/254/1572 6148/280/1587 6149/282/1588
f 6142/257/1581 6141/255/1580 6156/281/1595
f 6134/256/1573 6149/282/1588 6150/284/1589
f 6143/259/1582 6142/257/1581 6157/283/1596
f 6135/258/1574 6150/284/1589 6151/285/1590
f 6147/278/1586 5912/32/1351 6162/4/1601
f 6156/281/1595 6155/279/1594 5917/3/1356
f 6148/280/1587 6162/4/1601 5913/9/1352
f 6157/283/1596 6156/281/1595 6165/8/1604
f 6149/282/1588 5913/9/1352 6163/13/1602
f 6158/269/1597 6157/283/1596 6166/12/1605
f 6150/284/1589 6163/13/1602 5914/17/1353
f 6159/270/1598 6158/269/1597 6167/16/1606
f 6151/285/1590 5914/17/1353 5915/21/1354
f 6153/275/1592 6152/271/1591 5915/21/1354
f 6145/273/1584 6160/23/1599 6161/29/1600
f 6154/277/1593 6153/275/1592 5916/28/1355
f 6146/276/1585 6161/29/1600 5912/32/1351
f 6155/279/1594 6154/277/1593 6164/1/1603
