mtllib stage_select_bridge.mtl
o stage_select_bridge
v -0.910000 0.885203 -0.817836
v 0.910000 0.885203 -0.817836
v 0.910000 0.990190 -0.816179
v -0.910000 0.990190 -0.816179
v 0.910000 0.887094 -0.937667
v -0.910000 0.887094 -0.937667
v -0.910000 0.992081 -0.936010
v 0.910000 0.992081 -0.936010
v 0.910000 0.885203 -0.817836
v 0.910000 0.887094 -0.937667
v 0.910000 0.992081 -0.936010
v 0.910000 0.990190 -0.816179
v -0.910000 0.887094 -0.937667
v -0.910000 0.885203 -0.817836
v -0.910000 0.990190 -0.816179
v -0.910000 0.992081 -0.936010
v -0.910000 0.990190 -0.816179
v 0.910000 0.990190 -0.816179
v 0.910000 0.992081 -0.936010
v -0.910000 0.992081 -0.936010
v -0.910000 0.887094 -0.937667
v 0.910000 0.887094 -0.937667
v 0.910000 0.885203 -0.817836
v -0.910000 0.885203 -0.817836
v -0.738000 0.993142 -0.869923
v -0.702000 0.993142 -0.869923
v -0.702000 1.013142 -0.869923
v -0.738000 1.013142 -0.869923
v -0.702000 0.993142 -0.883923
v -0.738000 0.993142 -0.883923
v -0.738000 1.013142 -0.883923
v -0.702000 1.013142 -0.883923
v -0.702000 0.993142 -0.869923
v -0.702000 0.993142 -0.883923
v -0.702000 1.013142 -0.883923
v -0.702000 1.013142 -0.869923
v -0.738000 0.993142 -0.883923
v -0.738000 0.993142 -0.869923
v -0.738000 1.013142 -0.869923
v -0.738000 1.013142 -0.883923
v -0.738000 1.013142 -0.869923
v -0.702000 1.013142 -0.869923
v -0.702000 1.013142 -0.883923
v -0.738000 1.013142 -0.883923
v -0.738000 0.993142 -0.883923
v -0.702000 0.993142 -0.883923
v -0.702000 0.993142 -0.869923
v -0.738000 0.993142 -0.869923
v 0.702000 0.993142 -0.869923
v 0.738000 0.993142 -0.869923
v 0.738000 1.013142 -0.869923
v 0.702000 1.013142 -0.869923
v 0.738000 0.993142 -0.883923
v 0.702000 0.993142 -0.883923
v 0.702000 1.013142 -0.883923
v 0.738000 1.013142 -0.883923
v 0.738000 0.993142 -0.869923
v 0.738000 0.993142 -0.883923
v 0.738000 1.013142 -0.883923
v 0.738000 1.013142 -0.869923
v 0.702000 0.993142 -0.883923
v 0.702000 0.993142 -0.869923
v 0.702000 1.013142 -0.869923
v 0.702000 1.013142 -0.883923
v 0.702000 1.013142 -0.869923
v 0.738000 1.013142 -0.869923
v 0.738000 1.013142 -0.883923
v 0.702000 1.013142 -0.883923
v 0.702000 0.993142 -0.883923
v 0.738000 0.993142 -0.883923
v 0.738000 0.993142 -0.869923
v 0.702000 0.993142 -0.869923
v -0.918824 0.885034 -0.663700
v 0.955562 0.892635 -0.679493
v 0.955117 1.005625 -0.678007
v -0.919269 0.998024 -0.662214
v 0.954546 0.894208 -0.799325
v -0.919840 0.886607 -0.783531
v -0.920286 0.999596 -0.782045
v 0.954100 1.007197 -0.797839
v 0.955562 0.892635 -0.679493
v 0.954546 0.894208 -0.799325
v 0.954100 1.007197 -0.797839
v 0.955117 1.005625 -0.678007
v -0.919840 0.886607 -0.783531
v -0.918824 0.885034 -0.663700
v -0.919269 0.998024 -0.662214
v -0.920286 0.999596 -0.782045
v -0.919269 0.998024 -0.662214
v 0.955117 1.005625 -0.678007
v 0.954100 1.007197 -0.797839
v -0.920286 0.999596 -0.782045
v -0.919840 0.886607 -0.783531
v 0.954546 0.894208 -0.799325
v 0.955562 0.892635 -0.679493
v -0.918824 0.885034 -0.663700
v -0.737900 1.004543 -0.723618
v -0.701901 1.004689 -0.723921
v -0.701982 1.024689 -0.723921
v -0.737981 1.024543 -0.723618
v -0.702019 1.004688 -0.737921
v -0.738018 1.004542 -0.737617
v -0.738099 1.024542 -0.737617
v -0.702100 1.024688 -0.737921
v -0.701901 1.004689 -0.723921
v -0.702019 1.004688 -0.737921
v -0.702100 1.024688 -0.737921
v -0.701982 1.024689 -0.723921
v -0.738018 1.004542 -0.737617
v -0.737900 1.004543 -0.723618
v -0.737981 1.024543 -0.723618
v -0.738099 1.024542 -0.737617
v -0.737981 1.024543 -0.723618
v -0.701982 1.024689 -0.723921
v -0.702100 1.024688 -0.737921
v -0.738099 1.024542 -0.737617
v -0.738018 1.004542 -0.737617
v -0.702019 1.004688 -0.737921
v -0.701901 1.004689 -0.723921
v -0.737900 1.004543 -0.723618
v 0.702100 1.004543 -0.723618
v 0.738099 1.004689 -0.723921
v 0.738018 1.024689 -0.723921
v 0.702019 1.024543 -0.723618
v 0.737981 1.004688 -0.737921
v 0.701982 1.004542 -0.737617
v 0.701901 1.024542 -0.737617
v 0.737900 1.024688 -0.737921
v 0.738099 1.004689 -0.723921
v 0.737981 1.004688 -0.737921
v 0.737900 1.024688 -0.737921
v 0.738018 1.024689 -0.723921
v 0.701982 1.004542 -0.737617
v 0.702100 1.004543 -0.723618
v 0.702019 1.024543 -0.723618
v 0.701901 1.024542 -0.737617
v 0.702019 1.024543 -0.723618
v 0.738018 1.024689 -0.723921
v 0.737900 1.024688 -0.737921
v 0.701901 1.024542 -0.737617
v 0.701982 1.004542 -0.737617
v 0.737981 1.004688 -0.737921
v 0.738099 1.004689 -0.723921
v 0.702100 1.004543 -0.723618
v -0.896147 0.883085 -0.530679
v 0.908662 0.870466 -0.519988
v 0.909500 0.991457 -0.518714
v -0.895309 1.004075 -0.529406
v 0.909381 0.871723 -0.639825
v -0.895428 0.884341 -0.650516
v -0.894590 1.005331 -0.649243
v 0.910219 0.992713 -0.638552
v 0.908662 0.870466 -0.519988
v 0.909381 0.871723 -0.639825
v 0.910219 0.992713 -0.638552
v 0.909500 0.991457 -0.518714
v -0.895428 0.884341 -0.650516
v -0.896147 0.883085 -0.530679
v -0.895309 1.004075 -0.529406
v -0.894590 1.005331 -0.649243
v -0.895309 1.004075 -0.529406
v 0.909500 0.991457 -0.518714
v 0.910219 0.992713 -0.638552
v -0.894590 1.005331 -0.649243
v -0.895428 0.884341 -0.650516
v 0.909381 0.871723 -0.639825
v 0.908662 0.870466 -0.519988
v -0.896147 0.883085 -0.530679
v -0.738111 1.000525 -0.577722
v -0.702112 1.000273 -0.577509
v -0.701972 1.020273 -0.577509
v -0.737971 1.020525 -0.577722
v -0.702029 1.000273 -0.591509
v -0.738028 1.000525 -0.591722
v -0.737888 1.020524 -0.591722
v -0.701889 1.020272 -0.591509
v -0.702112 1.000273 -0.577509
v -0.702029 1.000273 -0.591509
v -0.701889 1.020272 -0.591509
v -0.701972 1.020273 -0.577509
v -0.738028 1.000525 -0.591722
v -0.738111 1.000525 -0.577722
v -0.737971 1.020525 -0.577722
v -0.737888 1.020524 -0.591722
v -0.737971 1.020525 -0.577722
v -0.701972 1.020273 -0.577509
v -0.701889 1.020272 -0.591509
v -0.737888 1.020524 -0.591722
v -0.738028 1.000525 -0.591722
v -0.702029 1.000273 -0.591509
v -0.702112 1.000273 -0.577509
v -0.738111 1.000525 -0.577722
v 0.701889 1.000525 -0.577722
v 0.737888 1.000273 -0.577509
v 0.738028 1.020273 -0.577509
v 0.702029 1.020525 -0.577722
v 0.737971 1.000273 -0.591509
v 0.701972 1.000525 -0.591722
v 0.702112 1.020524 -0.591722
v 0.738111 1.020272 -0.591509
v 0.737888 1.000273 -0.577509
v 0.737971 1.000273 -0.591509
v 0.738111 1.020272 -0.591509
v 0.738028 1.020273 -0.577509
v 0.701972 1.000525 -0.591722
v 0.701889 1.000525 -0.577722
v 0.702029 1.020525 -0.577722
v 0.702112 1.020524 -0.591722
v 0.702029 1.020525 -0.577722
v 0.738028 1.020273 -0.577509
v 0.738111 1.020272 -0.591509
v 0.702112 1.020524 -0.591722
v 0.701972 1.000525 -0.591722
v 0.737971 1.000273 -0.591509
v 0.737888 1.000273 -0.577509
v 0.701889 1.000525 -0.577722
v -0.899392 0.876903 -0.382820
v 0.870262 0.891056 -0.375280
v 0.869226 1.020048 -0.374262
v -0.900428 1.005894 -0.381802
v 0.870765 0.892006 -0.495121
v -0.898889 0.877852 -0.502662
v -0.899925 1.006844 -0.501643
v 0.869729 1.020998 -0.494103
v 0.870262 0.891056 -0.375280
v 0.870765 0.892006 -0.495121
v 0.869729 1.020998 -0.494103
v 0.869226 1.020048 -0.374262
v -0.898889 0.877852 -0.502662
v -0.899392 0.876903 -0.382820
v -0.900428 1.005894 -0.381802
v -0.899925 1.006844 -0.501643
v -0.900428 1.005894 -0.381802
v 0.869226 1.020048 -0.374262
v 0.869729 1.020998 -0.494103
v -0.899925 1.006844 -0.501643
v -0.898889 0.877852 -0.502662
v 0.870765 0.892006 -0.495121
v 0.870262 0.891056 -0.375280
v -0.899392 0.876903 -0.382820
v -0.737949 1.015306 -0.431538
v -0.701951 1.015594 -0.431385
v -0.702111 1.035594 -0.431385
v -0.738109 1.035306 -0.431538
v -0.701891 1.015595 -0.445385
v -0.737889 1.015307 -0.445538
v -0.738049 1.035306 -0.445538
v -0.702051 1.035594 -0.445385
v -0.701951 1.015594 -0.431385
v -0.701891 1.015595 -0.445385
v -0.702051 1.035594 -0.445385
v -0.702111 1.035594 -0.431385
v -0.737889 1.015307 -0.445538
v -0.737949 1.015306 -0.431538
v -0.738109 1.035306 -0.431538
v -0.738049 1.035306 -0.445538
v -0.738109 1.035306 -0.431538
v -0.702111 1.035594 -0.431385
v -0.702051 1.035594 -0.445385
v -0.738049 1.035306 -0.445538
v -0.737889 1.015307 -0.445538
v -0.701891 1.015595 -0.445385
v -0.701951 1.015594 -0.431385
v -0.737949 1.015306 -0.431538
v 0.702051 1.015306 -0.431538
v 0.738049 1.015594 -0.431385
v 0.737889 1.035594 -0.431385
v 0.701891 1.035306 -0.431538
v 0.738109 1.015595 -0.445385
v 0.702111 1.015307 -0.445538
v 0.701951 1.035306 -0.445538
v 0.737949 1.035594 -0.445385
v 0.738049 1.015594 -0.431385
v 0.738109 1.015595 -0.445385
v 0.737949 1.035594 -0.445385
v 0.737889 1.035594 -0.431385
v 0.702111 1.015307 -0.445538
v 0.702051 1.015306 -0.431538
v 0.701891 1.035306 -0.431538
v 0.701951 1.035306 -0.445538
v 0.701891 1.035306 -0.431538
v 0.737889 1.035594 -0.431385
v 0.737949 1.035594 -0.445385
v 0.701951 1.035306 -0.445538
v 0.702111 1.015307 -0.445538
v 0.738109 1.015595 -0.445385
v 0.738049 1.015594 -0.431385
v 0.702051 1.015306 -0.431538
v -0.937254 0.912985 -0.224418
v 0.911696 0.900417 -0.240910
v 0.912415 1.005414 -0.240358
v -0.936536 1.017981 -0.223865
v 0.910631 0.901055 -0.360750
v -0.938319 0.913622 -0.344258
v -0.937601 1.018618 -0.343705
v 0.911350 1.006051 -0.360197
v 0.911696 0.900417 -0.240910
v 0.910631 0.901055 -0.360750
v 0.911350 1.006051 -0.360197
v 0.912415 1.005414 -0.240358
v -0.938319 0.913622 -0.344258
v -0.937254 0.912985 -0.224418
v -0.936536 1.017981 -0.223865
v -0.937601 1.018618 -0.343705
v -0.936536 1.017981 -0.223865
v 0.912415 1.005414 -0.240358
v 0.911350 1.006051 -0.360197
v -0.937601 1.018618 -0.343705
v -0.938319 0.913622 -0.344258
v 0.910631 0.901055 -0.360750
v 0.911696 0.900417 -0.240910
v -0.937254 0.912985 -0.224418
v -0.738004 1.014140 -0.285147
v -0.702007 1.013895 -0.285469
v -0.701871 1.033895 -0.285469
v -0.737868 1.034140 -0.285147
v -0.702132 1.013896 -0.299468
v -0.738129 1.014141 -0.299147
v -0.737993 1.034140 -0.299147
v -0.701996 1.033896 -0.299468
v -0.702007 1.013895 -0.285469
v -0.702132 1.013896 -0.299468
v -0.701996 1.033896 -0.299468
v -0.701871 1.033895 -0.285469
v -0.738129 1.014141 -0.299147
v -0.738004 1.014140 -0.285147
v -0.737868 1.034140 -0.285147
v -0.737993 1.034140 -0.299147
v -0.737868 1.034140 -0.285147
v -0.701871 1.033895 -0.285469
v -0.701996 1.033896 -0.299468
v -0.737993 1.034140 -0.299147
v -0.738129 1.014141 -0.299147
v -0.702132 1.013896 -0.299468
v -0.702007 1.013895 -0.285469
v -0.738004 1.014140 -0.285147
v 0.701996 1.014140 -0.285147
v 0.737993 1.013895 -0.285469
v 0.738129 1.033895 -0.285469
v 0.702132 1.034140 -0.285147
v 0.737868 1.013896 -0.299468
v 0.701871 1.014141 -0.299147
v 0.702007 1.034140 -0.299147
v 0.738004 1.033896 -0.299468
v 0.737993 1.013895 -0.285469
v 0.737868 1.013896 -0.299468
v 0.738004 1.033896 -0.299468
v 0.738129 1.033895 -0.285469
v 0.701871 1.014141 -0.299147
v 0.701996 1.014140 -0.285147
v 0.702132 1.034140 -0.285147
v 0.702007 1.034140 -0.299147
v 0.702132 1.034140 -0.285147
v 0.738129 1.033895 -0.285469
v 0.738004 1.033896 -0.299468
v 0.702007 1.034140 -0.299147
v 0.701871 1.014141 -0.299147
v 0.737868 1.013896 -0.299468
v 0.737993 1.013895 -0.285469
v 0.701996 1.014140 -0.285147
v -0.921340 0.893776 -0.088251
v 0.940851 0.900704 -0.084508
v 0.940430 1.013702 -0.084211
v -0.921760 1.006775 -0.087954
v 0.941091 0.901020 -0.204354
v -0.921100 0.894092 -0.208097
v -0.921521 1.007091 -0.207799
v 0.940670 1.014019 -0.204057
v 0.940851 0.900704 -0.084508
v 0.941091 0.901020 -0.204354
v 0.940670 1.014019 -0.204057
v 0.940430 1.013702 -0.084211
v -0.921100 0.894092 -0.208097
v -0.921340 0.893776 -0.088251
v -0.921760 1.006775 -0.087954
v -0.921521 1.007091 -0.207799
v -0.921760 1.006775 -0.087954
v 0.940430 1.013702 -0.084211
v 0.940670 1.014019 -0.204057
v -0.921521 1.007091 -0.207799
v -0.921100 0.894092 -0.208097
v 0.941091 0.901020 -0.204354
v 0.940851 0.900704 -0.084508
v -0.921340 0.893776 -0.088251
v -0.737977 1.012330 -0.139190
v -0.701977 1.012464 -0.139118
v -0.702051 1.032464 -0.139118
v -0.738051 1.032330 -0.139190
v -0.701949 1.012464 -0.153118
v -0.737949 1.012331 -0.153190
v -0.738023 1.032330 -0.153190
v -0.702023 1.032464 -0.153118
v -0.701977 1.012464 -0.139118
v -0.701949 1.012464 -0.153118
v -0.702023 1.032464 -0.153118
v -0.702051 1.032464 -0.139118
v -0.737949 1.012331 -0.153190
v -0.737977 1.012330 -0.139190
v -0.738051 1.032330 -0.139190
v -0.738023 1.032330 -0.153190
v -0.738051 1.032330 -0.139190
v -0.702051 1.032464 -0.139118
v -0.702023 1.032464 -0.153118
v -0.738023 1.032330 -0.153190
v -0.737949 1.012331 -0.153190
v -0.701949 1.012464 -0.153118
v -0.701977 1.012464 -0.139118
v -0.737977 1.012330 -0.139190
v 0.702023 1.012330 -0.139190
v 0.738023 1.012464 -0.139118
v 0.737949 1.032464 -0.139118
v 0.701949 1.032330 -0.139190
v 0.738051 1.012464 -0.153118
v 0.702051 1.012331 -0.153190
v 0.701977 1.032330 -0.153190
v 0.737977 1.032464 -0.153118
v 0.738023 1.012464 -0.139118
v 0.738051 1.012464 -0.153118
v 0.737977 1.032464 -0.153118
v 0.737949 1.032464 -0.139118
v 0.702051 1.012331 -0.153190
v 0.702023 1.012330 -0.139190
v 0.701949 1.032330 -0.139190
v 0.701977 1.032330 -0.153190
v 0.701949 1.032330 -0.139190
v 0.737949 1.032464 -0.139118
v 0.737977 1.032464 -0.153118
v 0.701977 1.032330 -0.153190
v 0.702051 1.012331 -0.153190
v 0.738051 1.012464 -0.153118
v 0.738023 1.012464 -0.139118
v 0.702023 1.012330 -0.139190
v -0.873204 0.899638 0.053244
v 0.905966 0.900320 0.066599
v 0.905920 1.021320 0.066599
v -0.873250 1.020638 0.053244
v 0.906866 0.900321 -0.053244
v -0.872304 0.899638 -0.066599
v -0.872351 1.020638 -0.066599
v 0.906819 1.021321 -0.053244
v 0.905966 0.900320 0.066599
v 0.906866 0.900321 -0.053244
v 0.906819 1.021321 -0.053244
v 0.905920 1.021320 0.066599
v -0.872304 0.899638 -0.066599
v -0.873204 0.899638 0.053244
v -0.873250 1.020638 0.053244
v -0.872351 1.020638 -0.066599
v -0.873250 1.020638 0.053244
v 0.905920 1.021320 0.066599
v 0.906819 1.021321 -0.053244
v -0.872351 1.020638 -0.066599
v -0.872304 0.899638 -0.066599
v 0.906866 0.900321 -0.053244
v 0.905966 0.900320 0.066599
v -0.873204 0.899638 0.053244
v -0.738048 1.022973 0.006865
v -0.702049 1.022986 0.007135
v -0.702057 1.042986 0.007135
v -0.738056 1.042973 0.006865
v -0.701944 1.022986 -0.006865
v -0.737943 1.022973 -0.007135
v -0.737951 1.042973 -0.007135
v -0.701952 1.042986 -0.006865
v -0.702049 1.022986 0.007135
v -0.701944 1.022986 -0.006865
v -0.701952 1.042986 -0.006865
v -0.702057 1.042986 0.007135
v -0.737943 1.022973 -0.007135
v -0.738048 1.022973 0.006865
v -0.738056 1.042973 0.006865
v -0.737951 1.042973 -0.007135
v -0.738056 1.042973 0.006865
v -0.702057 1.042986 0.007135
v -0.701952 1.042986 -0.006865
v -0.737951 1.042973 -0.007135
v -0.737943 1.022973 -0.007135
v -0.701944 1.022986 -0.006865
v -0.702049 1.022986 0.007135
v -0.738048 1.022973 0.006865
v 0.701952 1.022973 0.006865
v 0.737951 1.022986 0.007135
v 0.737943 1.042986 0.007135
v 0.701944 1.042973 0.006865
v 0.738056 1.022986 -0.006865
v 0.702057 1.022973 -0.007135
v 0.702049 1.042973 -0.007135
v 0.738048 1.042986 -0.006865
v 0.737951 1.022986 0.007135
v 0.738056 1.022986 -0.006865
v 0.738048 1.042986 -0.006865
v 0.737943 1.042986 0.007135
v 0.702057 1.022973 -0.007135
v 0.701952 1.022973 0.006865
v 0.701944 1.042973 0.006865
v 0.702049 1.042973 -0.007135
v 0.701944 1.042973 0.006865
v 0.737943 1.042986 0.007135
v 0.738048 1.042986 -0.006865
v 0.702049 1.042973 -0.007135
v 0.702057 1.022973 -0.007135
v 0.738056 1.022986 -0.006865
v 0.737951 1.022986 0.007135
v 0.701952 1.022973 0.006865
v -0.897327 0.884781 0.212764
v 0.891718 0.876943 0.199726
v 0.892281 1.005941 0.199387
v -0.896764 1.013779 0.212424
v 0.890843 0.876631 0.079883
v -0.898202 0.884469 0.092921
v -0.897639 1.013468 0.092582
v 0.891406 1.005629 0.079544
v 0.891718 0.876943 0.199726
v 0.890843 0.876631 0.079883
v 0.891406 1.005629 0.079544
v 0.892281 1.005941 0.199387
v -0.898202 0.884469 0.092921
v -0.897327 0.884781 0.212764
v -0.896764 1.013779 0.212424
v -0.897639 1.013468 0.092582
v -0.896764 1.013779 0.212424
v 0.892281 1.005941 0.199387
v 0.891406 1.005629 0.079544
v -0.897639 1.013468 0.092582
v -0.898202 0.884469 0.092921
v 0.890843 0.876631 0.079883
v 0.891718 0.876943 0.199726
v -0.897327 0.884781 0.212764
v -0.737992 1.011784 0.153285
v -0.701993 1.011626 0.153022
v -0.701906 1.031626 0.153022
v -0.737905 1.031784 0.153285
v -0.702095 1.011627 0.139023
v -0.738094 1.011784 0.139285
v -0.738007 1.031784 0.139285
v -0.702008 1.031626 0.139023
v -0.701993 1.011626 0.153022
v -0.702095 1.011627 0.139023
v -0.702008 1.031626 0.139023
v -0.701906 1.031626 0.153022
v -0.738094 1.011784 0.139285
v -0.737992 1.011784 0.153285
v -0.737905 1.031784 0.153285
v -0.738007 1.031784 0.139285
v -0.737905 1.031784 0.153285
v -0.701906 1.031626 0.153022
v -0.702008 1.031626 0.139023
v -0.738007 1.031784 0.139285
v -0.738094 1.011784 0.139285
v -0.702095 1.011627 0.139023
v -0.701993 1.011626 0.153022
v -0.737992 1.011784 0.153285
v 0.702008 1.011784 0.153285
v 0.738007 1.011626 0.153022
v 0.738094 1.031626 0.153022
v 0.702095 1.031784 0.153285
v 0.737905 1.011627 0.139023
v 0.701906 1.011784 0.139285
v 0.701993 1.031784 0.139285
v 0.737992 1.031626 0.139023
v 0.738007 1.011626 0.153022
v 0.737905 1.011627 0.139023
v 0.737992 1.031626 0.139023
v 0.738094 1.031626 0.153022
v 0.701906 1.011784 0.139285
v 0.702008 1.011784 0.153285
v 0.702095 1.031784 0.153285
v 0.701993 1.031784 0.139285
v 0.702095 1.031784 0.153285
v 0.738094 1.031626 0.153022
v 0.737992 1.031626 0.139023
v 0.701993 1.031784 0.139285
v 0.701906 1.011784 0.139285
v 0.737905 1.011627 0.139023
v 0.738007 1.011626 0.153022
v 0.702008 1.011784 0.153285
v -0.952120 0.901628 0.354733
v 0.917178 0.915030 0.350279
v 0.916424 1.020026 0.349726
v -0.952874 1.006623 0.354181
v 0.916897 0.914397 0.230435
v -0.952401 0.900995 0.234889
v -0.953155 1.005991 0.234337
v 0.916143 1.019393 0.229882
v 0.917178 0.915030 0.350279
v 0.916897 0.914397 0.230435
v 0.916143 1.019393 0.229882
v 0.916424 1.020026 0.349726
v -0.952401 0.900995 0.234889
v -0.952120 0.901628 0.354733
v -0.952874 1.006623 0.354181
v -0.953155 1.005991 0.234337
v -0.952874 1.006623 0.354181
v 0.916424 1.020026 0.349726
v 0.916143 1.019393 0.229882
v -0.953155 1.005991 0.234337
v -0.952401 0.900995 0.234889
v 0.916897 0.914397 0.230435
v 0.917178 0.915030 0.350279
v -0.952120 0.901628 0.354733
v -0.737911 1.014882 0.299351
v -0.701912 1.015140 0.299265
v -0.702056 1.035139 0.299265
v -0.738055 1.034881 0.299351
v -0.701945 1.015140 0.285265
v -0.737944 1.014882 0.285351
v -0.738088 1.034881 0.285351
v -0.702089 1.035139 0.285265
v -0.701912 1.015140 0.299265
v -0.701945 1.015140 0.285265
v -0.702089 1.035139 0.285265
v -0.702056 1.035139 0.299265
v -0.737944 1.014882 0.285351
v -0.737911 1.014882 0.299351
v -0.738055 1.034881 0.299351
v -0.738088 1.034881 0.285351
v -0.738055 1.034881 0.299351
v -0.702056 1.035139 0.299265
v -0.702089 1.035139 0.285265
v -0.738088 1.034881 0.285351
v -0.737944 1.014882 0.285351
v -0.701945 1.015140 0.285265
v -0.701912 1.015140 0.299265
v -0.737911 1.014882 0.299351
v 0.702089 1.014882 0.299351
v 0.738088 1.015140 0.299265
v 0.737944 1.035139 0.299265
v 0.701945 1.034881 0.299351
v 0.738055 1.015140 0.285265
v 0.702056 1.014882 0.285351
v 0.701912 1.034881 0.285351
v 0.737911 1.035139 0.285265
v 0.738088 1.015140 0.299265
v 0.738055 1.015140 0.285265
v 0.737911 1.035139 0.285265
v 0.737944 1.035139 0.299265
v 0.702056 1.014882 0.285351
v 0.702089 1.014882 0.299351
v 0.701945 1.034881 0.299351
v 0.701912 1.034881 0.285351
v 0.701945 1.034881 0.299351
v 0.737944 1.035139 0.299265
v 0.737911 1.035139 0.285265
v 0.701912 1.034881 0.285351
v 0.702056 1.014882 0.285351
v 0.738055 1.015140 0.285265
v 0.738088 1.015140 0.299265
v 0.702089 1.014882 0.299351
v -0.923734 0.907530 0.490593
v 0.913328 0.892871 0.507059
v 0.914238 1.005864 0.506167
v -0.922825 1.020523 0.489702
v 0.914395 0.891917 0.387222
v -0.922668 0.906575 0.370756
v -0.921758 1.019568 0.369864
v 0.915304 1.004909 0.386330
v 0.913328 0.892871 0.507059
v 0.914395 0.891917 0.387222
v 0.915304 1.004909 0.386330
v 0.914238 1.005864 0.506167
v -0.922668 0.906575 0.370756
v -0.923734 0.907530 0.490593
v -0.922825 1.020523 0.489702
v -0.921758 1.019568 0.369864
v -0.922825 1.020523 0.489702
v 0.914238 1.005864 0.506167
v 0.915304 1.004909 0.386330
v -0.921758 1.019568 0.369864
v -0.922668 0.906575 0.370756
v 0.914395 0.891917 0.387222
v 0.913328 0.892871 0.507059
v -0.923734 0.907530 0.490593
v -0.738141 1.014864 0.445300
v -0.702144 1.014577 0.445623
v -0.701984 1.034576 0.445623
v -0.737982 1.034863 0.445300
v -0.702018 1.014576 0.431623
v -0.738016 1.014863 0.431300
v -0.737856 1.034862 0.431300
v -0.701859 1.034575 0.431623
v -0.702144 1.014577 0.445623
v -0.702018 1.014576 0.431623
v -0.701859 1.034575 0.431623
v -0.701984 1.034576 0.445623
v -0.738016 1.014863 0.431300
v -0.738141 1.014864 0.445300
v -0.737982 1.034863 0.445300
v -0.737856 1.034862 0.431300
v -0.737982 1.034863 0.445300
v -0.701984 1.034576 0.445623
v -0.701859 1.034575 0.431623
v -0.737856 1.034862 0.431300
v -0.738016 1.014863 0.431300
v -0.702018 1.014576 0.431623
v -0.702144 1.014577 0.445623
v -0.738141 1.014864 0.445300
v 0.701859 1.014864 0.445300
v 0.737856 1.014577 0.445623
v 0.738016 1.034576 0.445623
v 0.702018 1.034863 0.445300
v 0.737982 1.014576 0.431623
v 0.701984 1.014863 0.431300
v 0.702144 1.034862 0.431300
v 0.738141 1.034575 0.431623
v 0.737856 1.014577 0.445623
v 0.737982 1.014576 0.431623
v 0.738141 1.034575 0.431623
v 0.738016 1.034576 0.445623
v 0.701984 1.014863 0.431300
v 0.701859 1.014864 0.445300
v 0.702018 1.034863 0.445300
v 0.702144 1.034862 0.431300
v 0.702018 1.034863 0.445300
v 0.738016 1.034576 0.445623
v 0.738141 1.034575 0.431623
v 0.702144 1.034862 0.431300
v 0.701984 1.014863 0.431300
v 0.737982 1.014576 0.431623
v 0.737856 1.014577 0.445623
v 0.701859 1.014864 0.445300
v -0.865974 0.872275 0.648631
v 0.899851 0.883906 0.641712
v 0.899049 1.004896 0.640438
v -0.866775 0.993265 0.647358
v 0.899390 0.882642 0.521873
v -0.866435 0.871011 0.528792
v -0.867237 0.992001 0.527519
v 0.898588 1.003632 0.520600
v 0.899851 0.883906 0.641712
v 0.899390 0.882642 0.521873
v 0.898588 1.003632 0.520600
v 0.899049 1.004896 0.640438
v -0.866435 0.871011 0.528792
v -0.865974 0.872275 0.648631
v -0.866775 0.993265 0.647358
v -0.867237 0.992001 0.527519
v -0.866775 0.993265 0.647358
v 0.899049 1.004896 0.640438
v 0.898588 1.003632 0.520600
v -0.867237 0.992001 0.527519
v -0.866435 0.871011 0.528792
v 0.899390 0.882642 0.521873
v 0.899851 0.883906 0.641712
v -0.865974 0.872275 0.648631
v -0.737906 1.000335 0.591686
v -0.701907 1.000572 0.591545
v -0.702039 1.020572 0.591545
v -0.738038 1.020335 0.591686
v -0.701962 1.000572 0.577545
v -0.737961 1.000335 0.577686
v -0.738093 1.020335 0.577686
v -0.702094 1.020572 0.577545
v -0.701907 1.000572 0.591545
v -0.701962 1.000572 0.577545
v -0.702094 1.020572 0.577545
v -0.702039 1.020572 0.591545
v -0.737961 1.000335 0.577686
v -0.737906 1.000335 0.591686
v -0.738038 1.020335 0.591686
v -0.738093 1.020335 0.577686
v -0.738038 1.020335 0.591686
v -0.702039 1.020572 0.591545
v -0.702094 1.020572 0.577545
v -0.738093 1.020335 0.577686
v -0.737961 1.000335 0.577686
v -0.701962 1.000572 0.577545
v -0.701907 1.000572 0.591545
v -0.737906 1.000335 0.591686
v 0.702094 1.000335 0.591686
v 0.738093 1.000572 0.591545
v 0.737961 1.020572 0.591545
v 0.701962 1.020335 0.591686
v 0.738038 1.000572 0.577545
v 0.702039 1.000335 0.577686
v 0.701907 1.020335 0.577686
v 0.737906 1.020572 0.577545
v 0.738093 1.000572 0.591545
v 0.738038 1.000572 0.577545
v 0.737906 1.020572 0.577545
v 0.737961 1.020572 0.591545
v 0.702039 1.000335 0.577686
v 0.702094 1.000335 0.591686
v 0.701962 1.020335 0.591686
v 0.701907 1.020335 0.577686
v 0.701962 1.020335 0.591686
v 0.737961 1.020572 0.591545
v 0.737906 1.020572 0.577545
v 0.701907 1.020335 0.577686
v 0.702039 1.000335 0.577686
v 0.738038 1.000572 0.577545
v 0.738093 1.000572 0.591545
v 0.702094 1.000335 0.591686
v -0.898008 0.878129 0.797177
v 0.919772 0.871992 0.785892
v 0.920197 1.000980 0.784195
v -0.897583 1.007117 0.795480
v 0.919023 0.870418 0.666059
v -0.898757 0.876555 0.677343
v -0.898332 1.005543 0.675646
v 0.919448 0.999406 0.664362
v 0.919772 0.871992 0.785892
v 0.919023 0.870418 0.666059
v 0.919448 0.999406 0.664362
v 0.920197 1.000980 0.784195
v -0.898757 0.876555 0.677343
v -0.898008 0.878129 0.797177
v -0.897583 1.007117 0.795480
v -0.898332 1.005543 0.675646
v -0.897583 1.007117 0.795480
v 0.920197 1.000980 0.784195
v 0.919448 0.999406 0.664362
v -0.898332 1.005543 0.675646
v -0.898757 0.876555 0.677343
v 0.919023 0.870418 0.666059
v 0.919772 0.871992 0.785892
v -0.898008 0.878129 0.797177
v -0.737990 1.005328 0.737881
v -0.701991 1.005207 0.737657
v -0.701923 1.025207 0.737657
v -0.737922 1.025328 0.737881
v -0.702078 1.005207 0.723658
v -0.738077 1.005329 0.723881
v -0.738009 1.025328 0.723881
v -0.702010 1.025207 0.723658
v -0.701991 1.005207 0.737657
v -0.702078 1.005207 0.723658
v -0.702010 1.025207 0.723658
v -0.701923 1.025207 0.737657
v -0.738077 1.005329 0.723881
v -0.737990 1.005328 0.737881
v -0.737922 1.025328 0.737881
v -0.738009 1.025328 0.723881
v -0.737922 1.025328 0.737881
v -0.701923 1.025207 0.737657
v -0.702010 1.025207 0.723658
v -0.738009 1.025328 0.723881
v -0.738077 1.005329 0.723881
v -0.702078 1.005207 0.723658
v -0.701991 1.005207 0.737657
v -0.737990 1.005328 0.737881
v 0.702010 1.005328 0.737881
v 0.738009 1.005207 0.737657
v 0.738077 1.025207 0.737657
v 0.702078 1.025328 0.737881
v 0.737922 1.005207 0.723658
v 0.701923 1.005329 0.723881
v 0.701991 1.025328 0.723881
v 0.737990 1.025207 0.723658
v 0.738009 1.005207 0.737657
v 0.737922 1.005207 0.723658
v 0.737990 1.025207 0.723658
v 0.738077 1.025207 0.737657
v 0.701923 1.005329 0.723881
v 0.702010 1.005328 0.737881
v 0.702078 1.025328 0.737881
v 0.701991 1.025328 0.723881
v 0.702078 1.025328 0.737881
v 0.738077 1.025207 0.737657
v 0.737990 1.025207 0.723658
v 0.701991 1.025328 0.723881
v 0.701923 1.005329 0.723881
v 0.737922 1.005207 0.723658
v 0.738009 1.005207 0.737657
v 0.702010 1.005328 0.737881
v -0.949905 0.886824 0.929901
v 0.924758 0.885387 0.945429
v 0.924852 0.990374 0.943772
v -0.949811 0.991810 0.928244
v 0.925749 0.883495 0.825602
v -0.948914 0.884931 0.810074
v -0.948819 0.989918 0.808417
v 0.925843 0.988482 0.823945
v 0.924758 0.885387 0.945429
v 0.925749 0.883495 0.825602
v 0.925843 0.988482 0.823945
v 0.924852 0.990374 0.943772
v -0.948914 0.884931 0.810074
v -0.949905 0.886824 0.929901
v -0.949811 0.991810 0.928244
v -0.948819 0.989918 0.808417
v -0.949811 0.991810 0.928244
v 0.924852 0.990374 0.943772
v 0.925843 0.988482 0.823945
v -0.948819 0.989918 0.808417
v -0.948914 0.884931 0.810074
v 0.925749 0.883495 0.825602
v 0.924758 0.885387 0.945429
v -0.949905 0.886824 0.929901
v -0.738065 0.992166 0.883774
v -0.702066 0.992139 0.884072
v -0.702051 1.012139 0.884072
v -0.738050 1.012166 0.883774
v -0.701950 0.992139 0.870072
v -0.737949 0.992166 0.869774
v -0.737934 1.012166 0.869774
v -0.701935 1.012139 0.870072
v -0.702066 0.992139 0.884072
v -0.701950 0.992139 0.870072
v -0.701935 1.012139 0.870072
v -0.702051 1.012139 0.884072
v -0.737949 0.992166 0.869774
v -0.738065 0.992166 0.883774
v -0.738050 1.012166 0.883774
v -0.737934 1.012166 0.869774
v -0.738050 1.012166 0.883774
v -0.702051 1.012139 0.884072
v -0.701935 1.012139 0.870072
v -0.737934 1.012166 0.869774
v -0.737949 0.992166 0.869774
v -0.701950 0.992139 0.870072
v -0.702066 0.992139 0.884072
v -0.738065 0.992166 0.883774
v 0.701935 0.992166 0.883774
v 0.737934 0.992139 0.884072
v 0.737949 1.012139 0.884072
v 0.701950 1.012166 0.883774
v 0.738050 0.992139 0.870072
v 0.702051 0.992166 0.869774
v 0.702066 1.012166 0.869774
v 0.738065 1.012139 0.870072
v 0.737934 0.992139 0.884072
v 0.738050 0.992139 0.870072
v 0.738065 1.012139 0.870072
v 0.737949 1.012139 0.884072
v 0.702051 0.992166 0.869774
v 0.701935 0.992166 0.883774
v 0.701950 1.012166 0.883774
v 0.702066 1.012166 0.869774
v 0.701950 1.012166 0.883774
v 0.737949 1.012139 0.884072
v 0.738065 1.012139 0.870072
v 0.702066 1.012166 0.869774
v 0.702051 0.992166 0.869774
v 0.738050 0.992139 0.870072
v 0.737934 0.992139 0.884072
v 0.701935 0.992166 0.883774
v -0.805000 0.761000 0.930000
v -0.655000 0.761000 0.930000
v -0.655000 0.931000 0.930000
v -0.805000 0.931000 0.930000
v -0.655000 0.761000 -0.930000
v -0.805000 0.761000 -0.930000
v -0.805000 0.931000 -0.930000
v -0.655000 0.931000 -0.930000
v -0.655000 0.761000 0.930000
v -0.655000 0.761000 -0.930000
v -0.655000 0.931000 -0.930000
v -0.655000 0.931000 0.930000
v -0.805000 0.761000 -0.930000
v -0.805000 0.761000 0.930000
v -0.805000 0.931000 0.930000
v -0.805000 0.931000 -0.930000
v -0.805000 0.931000 0.930000
v -0.655000 0.931000 0.930000
v -0.655000 0.931000 -0.930000
v -0.805000 0.931000 -0.930000
v -0.805000 0.761000 -0.930000
v -0.655000 0.761000 -0.930000
v -0.655000 0.761000 0.930000
v -0.805000 0.761000 0.930000
v 0.655000 0.761000 0.930000
v 0.805000 0.761000 0.930000
v 0.805000 0.931000 0.930000
v 0.655000 0.931000 0.930000
v 0.805000 0.761000 -0.930000
v 0.655000 0.761000 -0.930000
v 0.655000 0.931000 -0.930000
v 0.805000 0.931000 -0.930000
v 0.805000 0.761000 0.930000
v 0.805000 0.761000 -0.930000
v 0.805000 0.931000 -0.930000
v 0.805000 0.931000 0.930000
v 0.655000 0.761000 -0.930000
v 0.655000 0.761000 0.930000
v 0.655000 0.931000 0.930000
v 0.655000 0.931000 -0.930000
v 0.655000 0.931000 0.930000
v 0.805000 0.931000 0.930000
v 0.805000 0.931000 -0.930000
v 0.655000 0.931000 -0.930000
v 0.655000 0.761000 -0.930000
v 0.805000 0.761000 -0.930000
v 0.805000 0.761000 0.930000
v 0.655000 0.761000 0.930000
v -0.860000 0.757500 -0.701000
v 0.860000 0.757500 -0.701000
v 0.860000 0.852500 -0.701000
v -0.860000 0.852500 -0.701000
v 0.860000 0.757500 -0.759000
v -0.860000 0.757500 -0.759000
v -0.860000 0.852500 -0.759000
v 0.860000 0.852500 -0.759000
v 0.860000 0.757500 -0.701000
v 0.860000 0.757500 -0.759000
v 0.860000 0.852500 -0.759000
v 0.860000 0.852500 -0.701000
v -0.860000 0.757500 -0.759000
v -0.860000 0.757500 -0.701000
v -0.860000 0.852500 -0.701000
v -0.860000 0.852500 -0.759000
v -0.860000 0.852500 -0.701000
v 0.860000 0.852500 -0.701000
v 0.860000 0.852500 -0.759000
v -0.860000 0.852500 -0.759000
v -0.860000 0.757500 -0.759000
v 0.860000 0.757500 -0.759000
v 0.860000 0.757500 -0.701000
v -0.860000 0.757500 -0.701000
v -0.860000 0.757500 -0.221000
v 0.860000 0.757500 -0.221000
v 0.860000 0.852500 -0.221000
v -0.860000 0.852500 -0.221000
v 0.860000 0.757500 -0.279000
v -0.860000 0.757500 -0.279000
v -0.860000 0.852500 -0.279000
v 0.860000 0.852500 -0.279000
v 0.860000 0.757500 -0.221000
v 0.860000 0.757500 -0.279000
v 0.860000 0.852500 -0.279000
v 0.860000 0.852500 -0.221000
v -0.860000 0.757500 -0.279000
v -0.860000 0.757500 -0.221000
v -0.860000 0.852500 -0.221000
v -0.860000 0.852500 -0.279000
v -0.860000 0.852500 -0.221000
v 0.860000 0.852500 -0.221000
v 0.860000 0.852500 -0.279000
v -0.860000 0.852500 -0.279000
v -0.860000 0.757500 -0.279000
v 0.860000 0.757500 -0.279000
v 0.860000 0.757500 -0.221000
v -0.860000 0.757500 -0.221000
v -0.860000 0.757500 0.279000
v 0.860000 0.757500 0.279000
v 0.860000 0.852500 0.279000
v -0.860000 0.852500 0.279000
v 0.860000 0.757500 0.221000
v -0.860000 0.757500 0.221000
v -0.860000 0.852500 0.221000
v 0.860000 0.852500 0.221000
v 0.860000 0.757500 0.279000
v 0.860000 0.757500 0.221000
v 0.860000 0.852500 0.221000
v 0.860000 0.852500 0.279000
v -0.860000 0.757500 0.221000
v -0.860000 0.757500 0.279000
v -0.860000 0.852500 0.279000
v -0.860000 0.852500 0.221000
v -0.860000 0.852500 0.279000
v 0.860000 0.852500 0.279000
v 0.860000 0.852500 0.221000
v -0.860000 0.852500 0.221000
v -0.860000 0.757500 0.221000
v 0.860000 0.757500 0.221000
v 0.860000 0.757500 0.279000
v -0.860000 0.757500 0.279000
v -0.860000 0.757500 0.759000
v 0.860000 0.757500 0.759000
v 0.860000 0.852500 0.759000
v -0.860000 0.852500 0.759000
v 0.860000 0.757500 0.701000
v -0.860000 0.757500 0.701000
v -0.860000 0.852500 0.701000
v 0.860000 0.852500 0.701000
v 0.860000 0.757500 0.759000
v 0.860000 0.757500 0.701000
v 0.860000 0.852500 0.701000
v 0.860000 0.852500 0.759000
v -0.860000 0.757500 0.701000
v -0.860000 0.757500 0.759000
v -0.860000 0.852500 0.759000
v -0.860000 0.852500 0.701000
v -0.860000 0.852500 0.759000
v 0.860000 0.852500 0.759000
v 0.860000 0.852500 0.701000
v -0.860000 0.852500 0.701000
v -0.860000 0.757500 0.701000
v 0.860000 0.757500 0.701000
v 0.860000 0.757500 0.759000
v -0.860000 0.757500 0.759000
v -0.911207 0.955234 -0.841000
v -0.831208 0.954773 -0.841000
v -0.828793 1.374620 -0.841000
v -0.908792 1.375080 -0.841000
v -0.831208 0.954773 -0.879000
v -0.911207 0.955234 -0.879000
v -0.908792 1.375080 -0.879000
v -0.828793 1.374620 -0.879000
v -0.831208 0.954773 -0.841000
v -0.831208 0.954773 -0.879000
v -0.828793 1.374620 -0.879000
v -0.828793 1.374620 -0.841000
v -0.911207 0.955234 -0.879000
v -0.911207 0.955234 -0.841000
v -0.908792 1.375080 -0.841000
v -0.908792 1.375080 -0.879000
v -0.908792 1.375080 -0.841000
v -0.828793 1.374620 -0.841000
v -0.828793 1.374620 -0.879000
v -0.908792 1.375080 -0.879000
v -0.911207 0.955234 -0.879000
v -0.831208 0.954773 -0.879000
v -0.831208 0.954773 -0.841000
v -0.911207 0.955234 -0.841000
v -0.806000 1.305000 -0.860000
v -0.812000 1.315392 -0.860000
v -0.824000 1.315392 -0.860000
v -0.830000 1.305000 -0.860000
v -0.824000 1.294608 -0.860000
v -0.812000 1.294608 -0.860000
v -0.806000 1.305000 -0.860000
v -0.814574 1.305000 -0.828000
v -0.819771 1.315392 -0.831000
v -0.830163 1.315392 -0.837000
v -0.835359 1.305000 -0.840000
v -0.830163 1.294608 -0.837000
v -0.819771 1.294608 -0.831000
v -0.814574 1.305000 -0.828000
v -0.838000 1.305000 -0.804574
v -0.841000 1.315392 -0.809771
v -0.847000 1.315392 -0.820163
v -0.850000 1.305000 -0.825359
v -0.847000 1.294608 -0.820163
v -0.841000 1.294608 -0.809771
v -0.838000 1.305000 -0.804574
v -0.870000 1.305000 -0.796000
v -0.870000 1.315392 -0.802000
v -0.870000 1.315392 -0.814000
v -0.870000 1.305000 -0.820000
v -0.870000 1.294608 -0.814000
v -0.870000 1.294608 -0.802000
v -0.870000 1.305000 -0.796000
v -0.902000 1.305000 -0.804574
v -0.899000 1.315392 -0.809771
v -0.893000 1.315392 -0.820163
v -0.890000 1.305000 -0.825359
v -0.893000 1.294608 -0.820163
v -0.899000 1.294608 -0.809771
v -0.902000 1.305000 -0.804574
v -0.925426 1.305000 -0.828000
v -0.920229 1.315392 -0.831000
v -0.909837 1.315392 -0.837000
v -0.904641 1.305000 -0.840000
v -0.909837 1.294608 -0.837000
v -0.920229 1.294608 -0.831000
v -0.925426 1.305000 -0.828000
v -0.934000 1.305000 -0.860000
v -0.928000 1.315392 -0.860000
v -0.916000 1.315392 -0.860000
v -0.910000 1.305000 -0.860000
v -0.916000 1.294608 -0.860000
v -0.928000 1.294608 -0.860000
v -0.934000 1.305000 -0.860000
v -0.925426 1.305000 -0.892000
v -0.920229 1.315392 -0.889000
v -0.909837 1.315392 -0.883000
v -0.904641 1.305000 -0.880000
v -0.909837 1.294608 -0.883000
v -0.920229 1.294608 -0.889000
v -0.925426 1.305000 -0.892000
v -0.902000 1.305000 -0.915426
v -0.899000 1.315392 -0.910229
v -0.893000 1.315392 -0.899837
v -0.890000 1.305000 -0.894641
v -0.893000 1.294608 -0.899837
v -0.899000 1.294608 -0.910229
v -0.902000 1.305000 -0.915426
v -0.870000 1.305000 -0.924000
v -0.870000 1.315392 -0.918000
v -0.870000 1.315392 -0.906000
v -0.870000 1.305000 -0.900000
v -0.870000 1.294608 -0.906000
v -0.870000 1.294608 -0.918000
v -0.870000 1.305000 -0.924000
v -0.838000 1.305000 -0.915426
v -0.841000 1.315392 -0.910229
v -0.847000 1.315392 -0.899837
v -0.850000 1.305000 -0.894641
v -0.847000 1.294608 -0.899837
v -0.841000 1.294608 -0.910229
v -0.838000 1.305000 -0.915426
v -0.814574 1.305000 -0.892000
v -0.819771 1.315392 -0.889000
v -0.830163 1.315392 -0.883000
v -0.835359 1.305000 -0.880000
v -0.830163 1.294608 -0.883000
v -0.819771 1.294608 -0.889000
v -0.814574 1.305000 -0.892000
v -0.806000 1.305000 -0.860000
v -0.812000 1.315392 -0.860000
v -0.824000 1.315392 -0.860000
v -0.830000 1.305000 -0.860000
v -0.824000 1.294608 -0.860000
v -0.812000 1.294608 -0.860000
v -0.806000 1.305000 -0.860000
v -0.807000 1.205000 -0.860000
v -0.812500 1.214526 -0.860000
v -0.823500 1.214526 -0.860000
v -0.829000 1.205000 -0.860000
v -0.823500 1.195474 -0.860000
v -0.812500 1.195474 -0.860000
v -0.807000 1.205000 -0.860000
v -0.815440 1.205000 -0.828500
v -0.820204 1.214526 -0.831250
v -0.829730 1.214526 -0.836750
v -0.834493 1.205000 -0.839500
v -0.829730 1.195474 -0.836750
v -0.820204 1.195474 -0.831250
v -0.815440 1.205000 -0.828500
v -0.838500 1.205000 -0.805440
v -0.841250 1.214526 -0.810204
v -0.846750 1.214526 -0.819730
v -0.849500 1.205000 -0.824493
v -0.846750 1.195474 -0.819730
v -0.841250 1.195474 -0.810204
v -0.838500 1.205000 -0.805440
v -0.870000 1.205000 -0.797000
v -0.870000 1.214526 -0.802500
v -0.870000 1.214526 -0.813500
v -0.870000 1.205000 -0.819000
v -0.870000 1.195474 -0.813500
v -0.870000 1.195474 -0.802500
v -0.870000 1.205000 -0.797000
v -0.901500 1.205000 -0.805440
v -0.898750 1.214526 -0.810204
v -0.893250 1.214526 -0.819730
v -0.890500 1.205000 -0.824493
v -0.893250 1.195474 -0.819730
v -0.898750 1.195474 -0.810204
v -0.901500 1.205000 -0.805440
v -0.924560 1.205000 -0.828500
v -0.919796 1.214526 -0.831250
v -0.910270 1.214526 -0.836750
v -0.905507 1.205000 -0.839500
v -0.910270 1.195474 -0.836750
v -0.919796 1.195474 -0.831250
v -0.924560 1.205000 -0.828500
v -0.933000 1.205000 -0.860000
v -0.927500 1.214526 -0.860000
v -0.916500 1.214526 -0.860000
v -0.911000 1.205000 -0.860000
v -0.916500 1.195474 -0.860000
v -0.927500 1.195474 -0.860000
v -0.933000 1.205000 -0.860000
v -0.924560 1.205000 -0.891500
v -0.919796 1.214526 -0.888750
v -0.910270 1.214526 -0.883250
v -0.905507 1.205000 -0.880500
v -0.910270 1.195474 -0.883250
v -0.919796 1.195474 -0.888750
v -0.924560 1.205000 -0.891500
v -0.901500 1.205000 -0.914560
v -0.898750 1.214526 -0.909796
v -0.893250 1.214526 -0.900270
v -0.890500 1.205000 -0.895507
v -0.893250 1.195474 -0.900270
v -0.898750 1.195474 -0.909796
v -0.901500 1.205000 -0.914560
v -0.870000 1.205000 -0.923000
v -0.870000 1.214526 -0.917500
v -0.870000 1.214526 -0.906500
v -0.870000 1.205000 -0.901000
v -0.870000 1.195474 -0.906500
v -0.870000 1.195474 -0.917500
v -0.870000 1.205000 -0.923000
v -0.838500 1.205000 -0.914560
v -0.841250 1.214526 -0.909796
v -0.846750 1.214526 -0.900270
v -0.849500 1.205000 -0.895507
v -0.846750 1.195474 -0.900270
v -0.841250 1.195474 -0.909796
v -0.838500 1.205000 -0.914560
v -0.815440 1.205000 -0.891500
v -0.820204 1.214526 -0.888750
v -0.829730 1.214526 -0.883250
v -0.834493 1.205000 -0.880500
v -0.829730 1.195474 -0.883250
v -0.820204 1.195474 -0.888750
v -0.815440 1.205000 -0.891500
v -0.807000 1.205000 -0.860000
v -0.812500 1.214526 -0.860000
v -0.823500 1.214526 -0.860000
v -0.829000 1.205000 -0.860000
v -0.823500 1.195474 -0.860000
v -0.812500 1.195474 -0.860000
v -0.807000 1.205000 -0.860000
v -0.912670 0.955495 -0.271000
v -0.832676 0.954537 -0.271000
v -0.827330 1.401101 -0.271000
v -0.907324 1.402059 -0.271000
v -0.832676 0.954537 -0.309000
v -0.912670 0.955495 -0.309000
v -0.907324 1.402059 -0.309000
v -0.827330 1.401101 -0.309000
v -0.832676 0.954537 -0.271000
v -0.832676 0.954537 -0.309000
v -0.827330 1.401101 -0.309000
v -0.827330 1.401101 -0.271000
v -0.912670 0.955495 -0.309000
v -0.912670 0.955495 -0.271000
v -0.907324 1.402059 -0.271000
v -0.907324 1.402059 -0.309000
v -0.907324 1.402059 -0.271000
v -0.827330 1.401101 -0.271000
v -0.827330 1.401101 -0.309000
v -0.907324 1.402059 -0.309000
v -0.912670 0.955495 -0.309000
v -0.832676 0.954537 -0.309000
v -0.832676 0.954537 -0.271000
v -0.912670 0.955495 -0.271000
v -0.806000 1.305000 -0.290000
v -0.812000 1.315392 -0.290000
v -0.824000 1.315392 -0.290000
v -0.830000 1.305000 -0.290000
v -0.824000 1.294608 -0.290000
v -0.812000 1.294608 -0.290000
v -0.806000 1.305000 -0.290000
v -0.814574 1.305000 -0.258000
v -0.819771 1.315392 -0.261000
v -0.830163 1.315392 -0.267000
v -0.835359 1.305000 -0.270000
v -0.830163 1.294608 -0.267000
v -0.819771 1.294608 -0.261000
v -0.814574 1.305000 -0.258000
v -0.838000 1.305000 -0.234574
v -0.841000 1.315392 -0.239771
v -0.847000 1.315392 -0.250163
v -0.850000 1.305000 -0.255359
v -0.847000 1.294608 -0.250163
v -0.841000 1.294608 -0.239771
v -0.838000 1.305000 -0.234574
v -0.870000 1.305000 -0.226000
v -0.870000 1.315392 -0.232000
v -0.870000 1.315392 -0.244000
v -0.870000 1.305000 -0.250000
v -0.870000 1.294608 -0.244000
v -0.870000 1.294608 -0.232000
v -0.870000 1.305000 -0.226000
v -0.902000 1.305000 -0.234574
v -0.899000 1.315392 -0.239771
v -0.893000 1.315392 -0.250163
v -0.890000 1.305000 -0.255359
v -0.893000 1.294608 -0.250163
v -0.899000 1.294608 -0.239771
v -0.902000 1.305000 -0.234574
v -0.925426 1.305000 -0.258000
v -0.920229 1.315392 -0.261000
v -0.909837 1.315392 -0.267000
v -0.904641 1.305000 -0.270000
v -0.909837 1.294608 -0.267000
v -0.920229 1.294608 -0.261000
v -0.925426 1.305000 -0.258000
v -0.934000 1.305000 -0.290000
v -0.928000 1.315392 -0.290000
v -0.916000 1.315392 -0.290000
v -0.910000 1.305000 -0.290000
v -0.916000 1.294608 -0.290000
v -0.928000 1.294608 -0.290000
v -0.934000 1.305000 -0.290000
v -0.925426 1.305000 -0.322000
v -0.920229 1.315392 -0.319000
v -0.909837 1.315392 -0.313000
v -0.904641 1.305000 -0.310000
v -0.909837 1.294608 -0.313000
v -0.920229 1.294608 -0.319000
v -0.925426 1.305000 -0.322000
v -0.902000 1.305000 -0.345426
v -0.899000 1.315392 -0.340229
v -0.893000 1.315392 -0.329837
v -0.890000 1.305000 -0.324641
v -0.893000 1.294608 -0.329837
v -0.899000 1.294608 -0.340229
v -0.902000 1.305000 -0.345426
v -0.870000 1.305000 -0.354000
v -0.870000 1.315392 -0.348000
v -0.870000 1.315392 -0.336000
v -0.870000 1.305000 -0.330000
v -0.870000 1.294608 -0.336000
v -0.870000 1.294608 -0.348000
v -0.870000 1.305000 -0.354000
v -0.838000 1.305000 -0.345426
v -0.841000 1.315392 -0.340229
v -0.847000 1.315392 -0.329837
v -0.850000 1.305000 -0.324641
v -0.847000 1.294608 -0.329837
v -0.841000 1.294608 -0.340229
v -0.838000 1.305000 -0.345426
v -0.814574 1.305000 -0.322000
v -0.819771 1.315392 -0.319000
v -0.830163 1.315392 -0.313000
v -0.835359 1.305000 -0.310000
v -0.830163 1.294608 -0.313000
v -0.819771 1.294608 -0.319000
v -0.814574 1.305000 -0.322000
v -0.806000 1.305000 -0.290000
v -0.812000 1.315392 -0.290000
v -0.824000 1.315392 -0.290000
v -0.830000 1.305000 -0.290000
v -0.824000 1.294608 -0.290000
v -0.812000 1.294608 -0.290000
v -0.806000 1.305000 -0.290000
v -0.807000 1.205000 -0.290000
v -0.812500 1.214526 -0.290000
v -0.823500 1.214526 -0.290000
v -0.829000 1.205000 -0.290000
v -0.823500 1.195474 -0.290000
v -0.812500 1.195474 -0.290000
v -0.807000 1.205000 -0.290000
v -0.815440 1.205000 -0.258500
v -0.820204 1.214526 -0.261250
v -0.829730 1.214526 -0.266750
v -0.834493 1.205000 -0.269500
v -0.829730 1.195474 -0.266750
v -0.820204 1.195474 -0.261250
v -0.815440 1.205000 -0.258500
v -0.838500 1.205000 -0.235440
v -0.841250 1.214526 -0.240204
v -0.846750 1.214526 -0.249730
v -0.849500 1.205000 -0.254493
v -0.846750 1.195474 -0.249730
v -0.841250 1.195474 -0.240204
v -0.838500 1.205000 -0.235440
v -0.870000 1.205000 -0.227000
v -0.870000 1.214526 -0.232500
v -0.870000 1.214526 -0.243500
v -0.870000 1.205000 -0.249000
v -0.870000 1.195474 -0.243500
v -0.870000 1.195474 -0.232500
v -0.870000 1.205000 -0.227000
v -0.901500 1.205000 -0.235440
v -0.898750 1.214526 -0.240204
v -0.893250 1.214526 -0.249730
v -0.890500 1.205000 -0.254493
v -0.893250 1.195474 -0.249730
v -0.898750 1.195474 -0.240204
v -0.901500 1.205000 -0.235440
v -0.924560 1.205000 -0.258500
v -0.919796 1.214526 -0.261250
v -0.910270 1.214526 -0.266750
v -0.905507 1.205000 -0.269500
v -0.910270 1.195474 -0.266750
v -0.919796 1.195474 -0.261250
v -0.924560 1.205000 -0.258500
v -0.933000 1.205000 -0.290000
v -0.927500 1.214526 -0.290000
v -0.916500 1.214526 -0.290000
v -0.911000 1.205000 -0.290000
v -0.916500 1.195474 -0.290000
v -0.927500 1.195474 -0.290000
v -0.933000 1.205000 -0.290000
v -0.924560 1.205000 -0.321500
v -0.919796 1.214526 -0.318750
v -0.910270 1.214526 -0.313250
v -0.905507 1.205000 -0.310500
v -0.910270 1.195474 -0.313250
v -0.919796 1.195474 -0.318750
v -0.924560 1.205000 -0.321500
v -0.901500 1.205000 -0.344560
v -0.898750 1.214526 -0.339796
v -0.893250 1.214526 -0.330270
v -0.890500 1.205000 -0.325507
v -0.893250 1.195474 -0.330270
v -0.898750 1.195474 -0.339796
v -0.901500 1.205000 -0.344560
v -0.870000 1.205000 -0.353000
v -0.870000 1.214526 -0.347500
v -0.870000 1.214526 -0.336500
v -0.870000 1.205000 -0.331000
v -0.870000 1.195474 -0.336500
v -0.870000 1.195474 -0.347500
v -0.870000 1.205000 -0.353000
v -0.838500 1.205000 -0.344560
v -0.841250 1.214526 -0.339796
v -0.846750 1.214526 -0.330270
v -0.849500 1.205000 -0.325507
v -0.846750 1.195474 -0.330270
v -0.841250 1.195474 -0.339796
v -0.838500 1.205000 -0.344560
v -0.815440 1.205000 -0.321500
v -0.820204 1.214526 -0.318750
v -0.829730 1.214526 -0.313250
v -0.834493 1.205000 -0.310500
v -0.829730 1.195474 -0.313250
v -0.820204 1.195474 -0.318750
v -0.815440 1.205000 -0.321500
v -0.807000 1.205000 -0.290000
v -0.812500 1.214526 -0.290000
v -0.823500 1.214526 -0.290000
v -0.829000 1.205000 -0.290000
v -0.823500 1.195474 -0.290000
v -0.812500 1.195474 -0.290000
v -0.807000 1.205000 -0.290000
v -0.911605 0.955293 0.309000
v -0.831607 0.954719 0.309000
v -0.828395 1.401865 0.309000
v -0.908393 1.402440 0.309000
v -0.831607 0.954719 0.271000
v -0.911605 0.955293 0.271000
v -0.908393 1.402440 0.271000
v -0.828395 1.401865 0.271000
v -0.831607 0.954719 0.309000
v -0.831607 0.954719 0.271000
v -0.828395 1.401865 0.271000
v -0.828395 1.401865 0.309000
v -0.911605 0.955293 0.271000
v -0.911605 0.955293 0.309000
v -0.908393 1.402440 0.309000
v -0.908393 1.402440 0.271000
v -0.908393 1.402440 0.309000
v -0.828395 1.401865 0.309000
v -0.828395 1.401865 0.271000
v -0.908393 1.402440 0.271000
v -0.911605 0.955293 0.271000
v -0.831607 0.954719 0.271000
v -0.831607 0.954719 0.309000
v -0.911605 0.955293 0.309000
v -0.806000 1.305000 0.290000
v -0.812000 1.315392 0.290000
v -0.824000 1.315392 0.290000
v -0.830000 1.305000 0.290000
v -0.824000 1.294608 0.290000
v -0.812000 1.294608 0.290000
v -0.806000 1.305000 0.290000
v -0.814574 1.305000 0.322000
v -0.819771 1.315392 0.319000
v -0.830163 1.315392 0.313000
v -0.835359 1.305000 0.310000
v -0.830163 1.294608 0.313000
v -0.819771 1.294608 0.319000
v -0.814574 1.305000 0.322000
v -0.838000 1.305000 0.345426
v -0.841000 1.315392 0.340229
v -0.847000 1.315392 0.329837
v -0.850000 1.305000 0.324641
v -0.847000 1.294608 0.329837
v -0.841000 1.294608 0.340229
v -0.838000 1.305000 0.345426
v -0.870000 1.305000 0.354000
v -0.870000 1.315392 0.348000
v -0.870000 1.315392 0.336000
v -0.870000 1.305000 0.330000
v -0.870000 1.294608 0.336000
v -0.870000 1.294608 0.348000
v -0.870000 1.305000 0.354000
v -0.902000 1.305000 0.345426
v -0.899000 1.315392 0.340229
v -0.893000 1.315392 0.329837
v -0.890000 1.305000 0.324641
v -0.893000 1.294608 0.329837
v -0.899000 1.294608 0.340229
v -0.902000 1.305000 0.345426
v -0.925426 1.305000 0.322000
v -0.920229 1.315392 0.319000
v -0.909837 1.315392 0.313000
v -0.904641 1.305000 0.310000
v -0.909837 1.294608 0.313000
v -0.920229 1.294608 0.319000
v -0.925426 1.305000 0.322000
v -0.934000 1.305000 0.290000
v -0.928000 1.315392 0.290000
v -0.916000 1.315392 0.290000
v -0.910000 1.305000 0.290000
v -0.916000 1.294608 0.290000
v -0.928000 1.294608 0.290000
v -0.934000 1.305000 0.290000
v -0.925426 1.305000 0.258000
v -0.920229 1.315392 0.261000
v -0.909837 1.315392 0.267000
v -0.904641 1.305000 0.270000
v -0.909837 1.294608 0.267000
v -0.920229 1.294608 0.261000
v -0.925426 1.305000 0.258000
v -0.902000 1.305000 0.234574
v -0.899000 1.315392 0.239771
v -0.893000 1.315392 0.250163
v -0.890000 1.305000 0.255359
v -0.893000 1.294608 0.250163
v -0.899000 1.294608 0.239771
v -0.902000 1.305000 0.234574
v -0.870000 1.305000 0.226000
v -0.870000 1.315392 0.232000
v -0.870000 1.315392 0.244000
v -0.870000 1.305000 0.250000
v -0.870000 1.294608 0.244000
v -0.870000 1.294608 0.232000
v -0.870000 1.305000 0.226000
v -0.838000 1.305000 0.234574
v -0.841000 1.315392 0.239771
v -0.847000 1.315392 0.250163
v -0.850000 1.305000 0.255359
v -0.847000 1.294608 0.250163
v -0.841000 1.294608 0.239771
v -0.838000 1.305000 0.234574
v -0.814574 1.305000 0.258000
v -0.819771 1.315392 0.261000
v -0.830163 1.315392 0.267000
v -0.835359 1.305000 0.270000
v -0.830163 1.294608 0.267000
v -0.819771 1.294608 0.261000
v -0.814574 1.305000 0.258000
v -0.806000 1.305000 0.290000
v -0.812000 1.315392 0.290000
v -0.824000 1.315392 0.290000
v -0.830000 1.305000 0.290000
v -0.824000 1.294608 0.290000
v -0.812000 1.294608 0.290000
v -0.806000 1.305000 0.290000
v -0.807000 1.205000 0.290000
v -0.812500 1.214526 0.290000
v -0.823500 1.214526 0.290000
v -0.829000 1.205000 0.290000
v -0.823500 1.195474 0.290000
v -0.812500 1.195474 0.290000
v -0.807000 1.205000 0.290000
v -0.815440 1.205000 0.321500
v -0.820204 1.214526 0.318750
v -0.829730 1.214526 0.313250
v -0.834493 1.205000 0.310500
v -0.829730 1.195474 0.313250
v -0.820204 1.195474 0.318750
v -0.815440 1.205000 0.321500
v -0.838500 1.205000 0.344560
v -0.841250 1.214526 0.339796
v -0.846750 1.214526 0.330270
v -0.849500 1.205000 0.325507
v -0.846750 1.195474 0.330270
v -0.841250 1.195474 0.339796
v -0.838500 1.205000 0.344560
v -0.870000 1.205000 0.353000
v -0.870000 1.214526 0.347500
v -0.870000 1.214526 0.336500
v -0.870000 1.205000 0.331000
v -0.870000 1.195474 0.336500
v -0.870000 1.195474 0.347500
v -0.870000 1.205000 0.353000
v -0.901500 1.205000 0.344560
v -0.898750 1.214526 0.339796
v -0.893250 1.214526 0.330270
v -0.890500 1.205000 0.325507
v -0.893250 1.195474 0.330270
v -0.898750 1.195474 0.339796
v -0.901500 1.205000 0.344560
v -0.924560 1.205000 0.321500
v -0.919796 1.214526 0.318750
v -0.910270 1.214526 0.313250
v -0.905507 1.205000 0.310500
v -0.910270 1.195474 0.313250
v -0.919796 1.195474 0.318750
v -0.924560 1.205000 0.321500
v -0.933000 1.205000 0.290000
v -0.927500 1.214526 0.290000
v -0.916500 1.214526 0.290000
v -0.911000 1.205000 0.290000
v -0.916500 1.195474 0.290000
v -0.927500 1.195474 0.290000
v -0.933000 1.205000 0.290000
v -0.924560 1.205000 0.258500
v -0.919796 1.214526 0.261250
v -0.910270 1.214526 0.266750
v -0.905507 1.205000 0.269500
v -0.910270 1.195474 0.266750
v -0.919796 1.195474 0.261250
v -0.924560 1.205000 0.258500
v -0.901500 1.205000 0.235440
v -0.898750 1.214526 0.240204
v -0.893250 1.214526 0.249730
v -0.890500 1.205000 0.254493
v -0.893250 1.195474 0.249730
v -0.898750 1.195474 0.240204
v -0.901500 1.205000 0.235440
v -0.870000 1.205000 0.227000
v -0.870000 1.214526 0.232500
v -0.870000 1.214526 0.243500
v -0.870000 1.205000 0.249000
v -0.870000 1.195474 0.243500
v -0.870000 1.195474 0.232500
v -0.870000 1.205000 0.227000
v -0.838500 1.205000 0.235440
v -0.841250 1.214526 0.240204
v -0.846750 1.214526 0.249730
v -0.849500 1.205000 0.254493
v -0.846750 1.195474 0.249730
v -0.841250 1.195474 0.240204
v -0.838500 1.205000 0.235440
v -0.815440 1.205000 0.258500
v -0.820204 1.214526 0.261250
v -0.829730 1.214526 0.266750
v -0.834493 1.205000 0.269500
v -0.829730 1.195474 0.266750
v -0.820204 1.195474 0.261250
v -0.815440 1.205000 0.258500
v -0.807000 1.205000 0.290000
v -0.812500 1.214526 0.290000
v -0.823500 1.214526 0.290000
v -0.829000 1.205000 0.290000
v -0.823500 1.195474 0.290000
v -0.812500 1.195474 0.290000
v -0.807000 1.205000 0.290000
v -0.909115 0.954833 0.879000
v -0.829116 0.955170 0.879000
v -0.830885 1.375438 0.879000
v -0.910884 1.375101 0.879000
v -0.829116 0.955170 0.841000
v -0.909115 0.954833 0.841000
v -0.910884 1.375101 0.841000
v -0.830885 1.375438 0.841000
v -0.829116 0.955170 0.879000
v -0.829116 0.955170 0.841000
v -0.830885 1.375438 0.841000
v -0.830885 1.375438 0.879000
v -0.909115 0.954833 0.841000
v -0.909115 0.954833 0.879000
v -0.910884 1.375101 0.879000
v -0.910884 1.375101 0.841000
v -0.910884 1.375101 0.879000
v -0.830885 1.375438 0.879000
v -0.830885 1.375438 0.841000
v -0.910884 1.375101 0.841000
v -0.909115 0.954833 0.841000
v -0.829116 0.955170 0.841000
v -0.829116 0.955170 0.879000
v -0.909115 0.954833 0.879000
v -0.806000 1.305000 0.860000
v -0.812000 1.315392 0.860000
v -0.824000 1.315392 0.860000
v -0.830000 1.305000 0.860000
v -0.824000 1.294608 0.860000
v -0.812000 1.294608 0.860000
v -0.806000 1.305000 0.860000
v -0.814574 1.305000 0.892000
v -0.819771 1.315392 0.889000
v -0.830163 1.315392 0.883000
v -0.835359 1.305000 0.880000
v -0.830163 1.294608 0.883000
v -0.819771 1.294608 0.889000
v -0.814574 1.305000 0.892000
v -0.838000 1.305000 0.915426
v -0.841000 1.315392 0.910229
v -0.847000 1.315392 0.899837
v -0.850000 1.305000 0.894641
v -0.847000 1.294608 0.899837
v -0.841000 1.294608 0.910229
v -0.838000 1.305000 0.915426
v -0.870000 1.305000 0.924000
v -0.870000 1.315392 0.918000
v -0.870000 1.315392 0.906000
v -0.870000 1.305000 0.900000
v -0.870000 1.294608 0.906000
v -0.870000 1.294608 0.918000
v -0.870000 1.305000 0.924000
v -0.902000 1.305000 0.915426
v -0.899000 1.315392 0.910229
v -0.893000 1.315392 0.899837
v -0.890000 1.305000 0.894641
v -0.893000 1.294608 0.899837
v -0.899000 1.294608 0.910229
v -0.902000 1.305000 0.915426
v -0.925426 1.305000 0.892000
v -0.920229 1.315392 0.889000
v -0.909837 1.315392 0.883000
v -0.904641 1.305000 0.880000
v -0.909837 1.294608 0.883000
v -0.920229 1.294608 0.889000
v -0.925426 1.305000 0.892000
v -0.934000 1.305000 0.860000
v -0.928000 1.315392 0.860000
v -0.916000 1.315392 0.860000
v -0.910000 1.305000 0.860000
v -0.916000 1.294608 0.860000
v -0.928000 1.294608 0.860000
v -0.934000 1.305000 0.860000
v -0.925426 1.305000 0.828000
v -0.920229 1.315392 0.831000
v -0.909837 1.315392 0.837000
v -0.904641 1.305000 0.840000
v -0.909837 1.294608 0.837000
v -0.920229 1.294608 0.831000
v -0.925426 1.305000 0.828000
v -0.902000 1.305000 0.804574
v -0.899000 1.315392 0.809771
v -0.893000 1.315392 0.820163
v -0.890000 1.305000 0.825359
v -0.893000 1.294608 0.820163
v -0.899000 1.294608 0.809771
v -0.902000 1.305000 0.804574
v -0.870000 1.305000 0.796000
v -0.870000 1.315392 0.802000
v -0.870000 1.315392 0.814000
v -0.870000 1.305000 0.820000
v -0.870000 1.294608 0.814000
v -0.870000 1.294608 0.802000
v -0.870000 1.305000 0.796000
v -0.838000 1.305000 0.804574
v -0.841000 1.315392 0.809771
v -0.847000 1.315392 0.820163
v -0.850000 1.305000 0.825359
v -0.847000 1.294608 0.820163
v -0.841000 1.294608 0.809771
v -0.838000 1.305000 0.804574
v -0.814574 1.305000 0.828000
v -0.819771 1.315392 0.831000
v -0.830163 1.315392 0.837000
v -0.835359 1.305000 0.840000
v -0.830163 1.294608 0.837000
v -0.819771 1.294608 0.831000
v -0.814574 1.305000 0.828000
v -0.806000 1.305000 0.860000
v -0.812000 1.315392 0.860000
v -0.824000 1.315392 0.860000
v -0.830000 1.305000 0.860000
v -0.824000 1.294608 0.860000
v -0.812000 1.294608 0.860000
v -0.806000 1.305000 0.860000
v -0.807000 1.205000 0.860000
v -0.812500 1.214526 0.860000
v -0.823500 1.214526 0.860000
v -0.829000 1.205000 0.860000
v -0.823500 1.195474 0.860000
v -0.812500 1.195474 0.860000
v -0.807000 1.205000 0.860000
v -0.815440 1.205000 0.891500
v -0.820204 1.214526 0.888750
v -0.829730 1.214526 0.883250
v -0.834493 1.205000 0.880500
v -0.829730 1.195474 0.883250
v -0.820204 1.195474 0.888750
v -0.815440 1.205000 0.891500
v -0.838500 1.205000 0.914560
v -0.841250 1.214526 0.909796
v -0.846750 1.214526 0.900270
v -0.849500 1.205000 0.895507
v -0.846750 1.195474 0.900270
v -0.841250 1.195474 0.909796
v -0.838500 1.205000 0.914560
v -0.870000 1.205000 0.923000
v -0.870000 1.214526 0.917500
v -0.870000 1.214526 0.906500
v -0.870000 1.205000 0.901000
v -0.870000 1.195474 0.906500
v -0.870000 1.195474 0.917500
v -0.870000 1.205000 0.923000
v -0.901500 1.205000 0.914560
v -0.898750 1.214526 0.909796
v -0.893250 1.214526 0.900270
v -0.890500 1.205000 0.895507
v -0.893250 1.195474 0.900270
v -0.898750 1.195474 0.909796
v -0.901500 1.205000 0.914560
v -0.924560 1.205000 0.891500
v -0.919796 1.214526 0.888750
v -0.910270 1.214526 0.883250
v -0.905507 1.205000 0.880500
v -0.910270 1.195474 0.883250
v -0.919796 1.195474 0.888750
v -0.924560 1.205000 0.891500
v -0.933000 1.205000 0.860000
v -0.927500 1.214526 0.860000
v -0.916500 1.214526 0.860000
v -0.911000 1.205000 0.860000
v -0.916500 1.195474 0.860000
v -0.927500 1.195474 0.860000
v -0.933000 1.205000 0.860000
v -0.924560 1.205000 0.828500
v -0.919796 1.214526 0.831250
v -0.910270 1.214526 0.836750
v -0.905507 1.205000 0.839500
v -0.910270 1.195474 0.836750
v -0.919796 1.195474 0.831250
v -0.924560 1.205000 0.828500
v -0.901500 1.205000 0.805440
v -0.898750 1.214526 0.810204
v -0.893250 1.214526 0.819730
v -0.890500 1.205000 0.824493
v -0.893250 1.195474 0.819730
v -0.898750 1.195474 0.810204
v -0.901500 1.205000 0.805440
v -0.870000 1.205000 0.797000
v -0.870000 1.214526 0.802500
v -0.870000 1.214526 0.813500
v -0.870000 1.205000 0.819000
v -0.870000 1.195474 0.813500
v -0.870000 1.195474 0.802500
v -0.870000 1.205000 0.797000
v -0.838500 1.205000 0.805440
v -0.841250 1.214526 0.810204
v -0.846750 1.214526 0.819730
v -0.849500 1.205000 0.824493
v -0.846750 1.195474 0.819730
v -0.841250 1.195474 0.810204
v -0.838500 1.205000 0.805440
v -0.815440 1.205000 0.828500
v -0.820204 1.214526 0.831250
v -0.829730 1.214526 0.836750
v -0.834493 1.205000 0.839500
v -0.829730 1.195474 0.836750
v -0.820204 1.195474 0.831250
v -0.815440 1.205000 0.828500
v -0.807000 1.205000 0.860000
v -0.812500 1.214526 0.860000
v -0.823500 1.214526 0.860000
v -0.829000 1.205000 0.860000
v -0.823500 1.195474 0.860000
v -0.812500 1.195474 0.860000
v -0.807000 1.205000 0.860000
v -0.891000 1.355000 -0.860000
v -0.891000 1.302222 -0.765000
v -0.884849 1.342019 -0.867211
v -0.884849 1.289242 -0.772211
v -0.870000 1.336643 -0.870199
v -0.870000 1.283865 -0.775199
v -0.855151 1.342019 -0.867211
v -0.855151 1.289242 -0.772211
v -0.849000 1.355000 -0.860000
v -0.849000 1.302222 -0.765000
v -0.855151 1.367981 -0.852789
v -0.855151 1.315203 -0.757789
v -0.870000 1.373357 -0.849801
v -0.870000 1.320580 -0.754801
v -0.884849 1.367981 -0.852789
v -0.884849 1.315203 -0.757789
v -0.891000 1.355000 -0.860000
v -0.891000 1.302222 -0.765000
v -0.891000 1.302222 -0.765000
v -0.891000 1.270556 -0.670000
v -0.884849 1.288135 -0.769696
v -0.884849 1.256468 -0.674696
v -0.870000 1.282300 -0.771641
v -0.870000 1.250633 -0.676641
v -0.855151 1.288135 -0.769696
v -0.855151 1.256468 -0.674696
v -0.849000 1.302222 -0.765000
v -0.849000 1.270556 -0.670000
v -0.855151 1.316309 -0.760304
v -0.855151 1.284643 -0.665304
v -0.870000 1.322145 -0.758359
v -0.870000 1.290478 -0.663359
v -0.884849 1.316309 -0.760304
v -0.884849 1.284643 -0.665304
v -0.891000 1.302222 -0.765000
v -0.891000 1.270556 -0.670000
v -0.891000 1.270556 -0.670000
v -0.891000 1.260000 -0.575000
v -0.884849 1.255797 -0.671640
v -0.884849 1.245242 -0.576640
v -0.870000 1.249684 -0.672319
v -0.870000 1.239128 -0.577319
v -0.855151 1.255797 -0.671640
v -0.855151 1.245242 -0.576640
v -0.849000 1.270556 -0.670000
v -0.849000 1.260000 -0.575000
v -0.855151 1.285314 -0.668360
v -0.855151 1.274758 -0.573360
v -0.870000 1.291427 -0.667681
v -0.870000 1.280872 -0.572681
v -0.884849 1.285314 -0.668360
v -0.884849 1.274758 -0.573360
v -0.891000 1.270556 -0.670000
v -0.891000 1.260000 -0.575000
v -0.891000 1.260000 -0.575000
v -0.891000 1.270556 -0.480000
v -0.884849 1.245242 -0.573360
v -0.884849 1.255797 -0.478360
v -0.870000 1.239128 -0.572681
v -0.870000 1.249684 -0.477681
v -0.855151 1.245242 -0.573360
v -0.855151 1.255797 -0.478360
v -0.849000 1.260000 -0.575000
v -0.849000 1.270556 -0.480000
v -0.855151 1.274758 -0.576640
v -0.855151 1.285314 -0.481640
v -0.870000 1.280872 -0.577319
v -0.870000 1.291427 -0.482319
v -0.884849 1.274758 -0.576640
v -0.884849 1.285314 -0.481640
v -0.891000 1.260000 -0.575000
v -0.891000 1.270556 -0.480000
v -0.891000 1.270556 -0.480000
v -0.891000 1.302222 -0.385000
v -0.884849 1.256468 -0.475304
v -0.884849 1.288135 -0.380304
v -0.870000 1.250633 -0.473359
v -0.870000 1.282300 -0.378359
v -0.855151 1.256468 -0.475304
v -0.855151 1.288135 -0.380304
v -0.849000 1.270556 -0.480000
v -0.849000 1.302222 -0.385000
v -0.855151 1.284643 -0.484696
v -0.855151 1.316309 -0.389696
v -0.870000 1.290478 -0.486641
v -0.870000 1.322145 -0.391641
v -0.884849 1.284643 -0.484696
v -0.884849 1.316309 -0.389696
v -0.891000 1.270556 -0.480000
v -0.891000 1.302222 -0.385000
v -0.891000 1.302222 -0.385000
v -0.891000 1.355000 -0.290000
v -0.884849 1.289242 -0.377789
v -0.884849 1.342019 -0.282789
v -0.870000 1.283865 -0.374801
v -0.870000 1.336643 -0.279801
v -0.855151 1.289242 -0.377789
v -0.855151 1.342019 -0.282789
v -0.849000 1.302222 -0.385000
v -0.849000 1.355000 -0.290000
v -0.855151 1.315203 -0.392211
v -0.855151 1.367981 -0.297211
v -0.870000 1.320580 -0.395199
v -0.870000 1.373357 -0.300199
v -0.884849 1.315203 -0.392211
v -0.884849 1.367981 -0.297211
v -0.891000 1.302222 -0.385000
v -0.891000 1.355000 -0.290000
v -0.886000 1.205000 -0.860000
v -0.886000 1.172778 -0.765000
v -0.881314 1.194286 -0.863634
v -0.881314 1.162064 -0.768634
v -0.870000 1.189848 -0.865139
v -0.870000 1.157626 -0.770139
v -0.858686 1.194286 -0.863634
v -0.858686 1.162064 -0.768634
v -0.854000 1.205000 -0.860000
v -0.854000 1.172778 -0.765000
v -0.858686 1.215714 -0.856366
v -0.858686 1.183492 -0.761366
v -0.870000 1.220152 -0.854861
v -0.870000 1.187930 -0.759861
v -0.881314 1.215714 -0.856366
v -0.881314 1.183492 -0.761366
v -0.886000 1.205000 -0.860000
v -0.886000 1.172778 -0.765000
v -0.886000 1.172778 -0.765000
v -0.886000 1.153444 -0.670000
v -0.881314 1.161691 -0.767256
v -0.881314 1.142358 -0.672256
v -0.870000 1.157099 -0.768191
v -0.870000 1.137766 -0.673191
v -0.858686 1.161691 -0.767256
v -0.858686 1.142358 -0.672256
v -0.854000 1.172778 -0.765000
v -0.854000 1.153444 -0.670000
v -0.858686 1.183864 -0.762744
v -0.858686 1.164531 -0.667744
v -0.870000 1.188456 -0.761809
v -0.870000 1.169123 -0.666809
v -0.881314 1.183864 -0.762744
v -0.881314 1.164531 -0.667744
v -0.886000 1.172778 -0.765000
v -0.886000 1.153444 -0.670000
v -0.886000 1.153444 -0.670000
v -0.886000 1.147000 -0.575000
v -0.881314 1.142157 -0.670766
v -0.881314 1.135712 -0.575766
v -0.870000 1.137481 -0.671083
v -0.870000 1.131037 -0.576083
v -0.858686 1.142157 -0.670766
v -0.858686 1.135712 -0.575766
v -0.854000 1.153444 -0.670000
v -0.854000 1.147000 -0.575000
v -0.858686 1.164732 -0.669234
v -0.858686 1.158288 -0.574234
v -0.870000 1.169408 -0.668917
v -0.870000 1.162963 -0.573917
v -0.881314 1.164732 -0.669234
v -0.881314 1.158288 -0.574234
v -0.886000 1.153444 -0.670000
v -0.886000 1.147000 -0.575000
v -0.886000 1.147000 -0.575000
v -0.886000 1.153444 -0.480000
v -0.881314 1.135712 -0.574234
v -0.881314 1.142157 -0.479234
v -0.870000 1.131037 -0.573917
v -0.870000 1.137481 -0.478917
v -0.858686 1.135712 -0.574234
v -0.858686 1.142157 -0.479234
v -0.854000 1.147000 -0.575000
v -0.854000 1.153444 -0.480000
v -0.858686 1.158288 -0.575766
v -0.858686 1.164732 -0.480766
v -0.870000 1.162963 -0.576083
v -0.870000 1.169408 -0.481083
v -0.881314 1.158288 -0.575766
v -0.881314 1.164732 -0.480766
v -0.886000 1.147000 -0.575000
v -0.886000 1.153444 -0.480000
v -0.886000 1.153444 -0.480000
v -0.886000 1.172778 -0.385000
v -0.881314 1.142358 -0.477744
v -0.881314 1.161691 -0.382744
v -0.870000 1.137766 -0.476809
v -0.870000 1.157099 -0.381809
v -0.858686 1.142358 -0.477744
v -0.858686 1.161691 -0.382744
v -0.854000 1.153444 -0.480000
v -0.854000 1.172778 -0.385000
v -0.858686 1.164531 -0.482256
v -0.858686 1.183864 -0.387256
v -0.870000 1.169123 -0.483191
v -0.870000 1.188456 -0.388191
v -0.881314 1.164531 -0.482256
v -0.881314 1.183864 -0.387256
v -0.886000 1.153444 -0.480000
v -0.886000 1.172778 -0.385000
v -0.886000 1.172778 -0.385000
v -0.886000 1.205000 -0.290000
v -0.881314 1.162064 -0.381366
v -0.881314 1.194286 -0.286366
v -0.870000 1.157626 -0.379861
v -0.870000 1.189848 -0.284861
v -0.858686 1.162064 -0.381366
v -0.858686 1.194286 -0.286366
v -0.854000 1.172778 -0.385000
v -0.854000 1.205000 -0.290000
v -0.858686 1.183492 -0.388634
v -0.858686 1.215714 -0.293634
v -0.870000 1.187930 -0.390139
v -0.870000 1.220152 -0.295139
v -0.881314 1.183492 -0.388634
v -0.881314 1.215714 -0.293634
v -0.886000 1.172778 -0.385000
v -0.886000 1.205000 -0.290000
v -0.891000 1.355000 -0.290000
v -0.891000 1.302222 -0.193333
v -0.884849 1.341967 -0.297116
v -0.884849 1.289189 -0.200449
v -0.870000 1.336568 -0.300063
v -0.870000 1.283790 -0.203397
v -0.855151 1.341967 -0.297116
v -0.855151 1.289189 -0.200449
v -0.849000 1.355000 -0.290000
v -0.849000 1.302222 -0.193333
v -0.855151 1.368033 -0.282884
v -0.855151 1.315255 -0.186217
v -0.870000 1.373432 -0.279937
v -0.870000 1.320654 -0.183270
v -0.884849 1.368033 -0.282884
v -0.884849 1.315255 -0.186217
v -0.891000 1.355000 -0.290000
v -0.891000 1.302222 -0.193333
v -0.891000 1.302222 -0.193333
v -0.891000 1.270556 -0.096667
v -0.884849 1.288111 -0.197956
v -0.884849 1.256444 -0.101289
v -0.870000 1.282266 -0.199871
v -0.870000 1.250599 -0.103204
v -0.855151 1.288111 -0.197956
v -0.855151 1.256444 -0.101289
v -0.849000 1.302222 -0.193333
v -0.849000 1.270556 -0.096667
v -0.855151 1.316334 -0.188711
v -0.855151 1.284667 -0.092044
v -0.870000 1.322179 -0.186796
v -0.870000 1.290512 -0.090129
v -0.884849 1.316334 -0.188711
v -0.884849 1.284667 -0.092044
v -0.891000 1.302222 -0.193333
v -0.891000 1.270556 -0.096667
v -0.891000 1.270556 -0.096667
v -0.891000 1.260000 0.000000
v -0.884849 1.255794 -0.098279
v -0.884849 1.245239 -0.001612
v -0.870000 1.249680 -0.098946
v -0.870000 1.239124 -0.002280
v -0.855151 1.255794 -0.098279
v -0.855151 1.245239 -0.001612
v -0.849000 1.270556 -0.096667
v -0.849000 1.260000 -0.000000
v -0.855151 1.285317 -0.095055
v -0.855151 1.274761 0.001612
v -0.870000 1.291431 -0.094387
v -0.870000 1.280876 0.002280
v -0.884849 1.285317 -0.095055
v -0.884849 1.274761 0.001612
v -0.891000 1.270556 -0.096667
v -0.891000 1.260000 0.000000
v -0.891000 1.260000 0.000000
v -0.891000 1.270556 0.096667
v -0.884849 1.245239 0.001612
v -0.884849 1.255794 0.098279
v -0.870000 1.239124 0.002280
v -0.870000 1.249680 0.098946
v -0.855151 1.245239 0.001612
v -0.855151 1.255794 0.098279
v -0.849000 1.260000 0.000000
v -0.849000 1.270556 0.096667
v -0.855151 1.274761 -0.001612
v -0.855151 1.285317 0.095055
v -0.870000 1.280876 -0.002280
v -0.870000 1.291431 0.094387
v -0.884849 1.274761 -0.001612
v -0.884849 1.285317 0.095055
v -0.891000 1.260000 -0.000000
v -0.891000 1.270556 0.096667
v -0.891000 1.270556 0.096667
v -0.891000 1.302222 0.193333
v -0.884849 1.256444 0.101289
v -0.884849 1.288111 0.197956
v -0.870000 1.250599 0.103204
v -0.870000 1.282266 0.199871
v -0.855151 1.256444 0.101289
v -0.855151 1.288111 0.197956
v -0.849000 1.270556 0.096667
v -0.849000 1.302222 0.193333
v -0.855151 1.284667 0.092044
v -0.855151 1.316334 0.188711
v -0.870000 1.290512 0.090129
v -0.870000 1.322179 0.186796
v -0.884849 1.284667 0.092044
v -0.884849 1.316334 0.188711
v -0.891000 1.270556 0.096667
v -0.891000 1.302222 0.193333
v -0.891000 1.302222 0.193333
v -0.891000 1.355000 0.290000
v -0.884849 1.289189 0.200449
v -0.884849 1.341967 0.297116
v -0.870000 1.283790 0.203397
v -0.870000 1.336568 0.300063
v -0.855151 1.289189 0.200449
v -0.855151 1.341967 0.297116
v -0.849000 1.302222 0.193333
v -0.849000 1.355000 0.290000
v -0.855151 1.315255 0.186217
v -0.855151 1.368033 0.282884
v -0.870000 1.320654 0.183270
v -0.870000 1.373432 0.279937
v -0.884849 1.315255 0.186217
v -0.884849 1.368033 0.282884
v -0.891000 1.302222 0.193333
v -0.891000 1.355000 0.290000
v -0.886000 1.205000 -0.290000
v -0.886000 1.172778 -0.193333
v -0.881314 1.194267 -0.293578
v -0.881314 1.162045 -0.196911
v -0.870000 1.189821 -0.295060
v -0.870000 1.157599 -0.198393
v -0.858686 1.194267 -0.293578
v -0.858686 1.162045 -0.196911
v -0.854000 1.205000 -0.290000
v -0.854000 1.172778 -0.193333
v -0.858686 1.215733 -0.286422
v -0.858686 1.183511 -0.189756
v -0.870000 1.220179 -0.284940
v -0.870000 1.187957 -0.188274
v -0.881314 1.215733 -0.286422
v -0.881314 1.183511 -0.189756
v -0.886000 1.205000 -0.290000
v -0.886000 1.172778 -0.193333
v -0.886000 1.172778 -0.193333
v -0.886000 1.153444 -0.096667
v -0.881314 1.161684 -0.195552
v -0.881314 1.142350 -0.098885
v -0.870000 1.157088 -0.196471
v -0.870000 1.137755 -0.099805
v -0.858686 1.161684 -0.195552
v -0.858686 1.142350 -0.098885
v -0.854000 1.172778 -0.193333
v -0.854000 1.153444 -0.096667
v -0.858686 1.183872 -0.191115
v -0.858686 1.164538 -0.094448
v -0.870000 1.188467 -0.190195
v -0.870000 1.169134 -0.093529
v -0.881314 1.183872 -0.191115
v -0.881314 1.164538 -0.094448
v -0.886000 1.172778 -0.193333
v -0.886000 1.153444 -0.096667
v -0.886000 1.153444 -0.096667
v -0.886000 1.147000 0.000000
v -0.881314 1.142156 -0.097419
v -0.881314 1.135711 -0.000753
v -0.870000 1.137480 -0.097731
v -0.870000 1.131035 -0.001064
v -0.858686 1.142156 -0.097419
v -0.858686 1.135711 -0.000753
v -0.854000 1.153444 -0.096667
v -0.854000 1.147000 -0.000000
v -0.858686 1.164733 -0.095914
v -0.858686 1.158289 0.000753
v -0.870000 1.169409 -0.095602
v -0.870000 1.162965 0.001064
v -0.881314 1.164733 -0.095914
v -0.881314 1.158289 0.000753
v -0.886000 1.153444 -0.096667
v -0.886000 1.147000 0.000000
v -0.886000 1.147000 0.000000
v -0.886000 1.153444 0.096667
v -0.881314 1.135711 0.000753
v -0.881314 1.142156 0.097419
v -0.870000 1.131035 0.001064
v -0.870000 1.137480 0.097731
v -0.858686 1.135711 0.000753
v -0.858686 1.142156 0.097419
v -0.854000 1.147000 0.000000
v -0.854000 1.153444 0.096667
v -0.858686 1.158289 -0.000753
v -0.858686 1.164733 0.095914
v -0.870000 1.162965 -0.001064
v -0.870000 1.169409 0.095602
v -0.881314 1.158289 -0.000753
v -0.881314 1.164733 0.095914
v -0.886000 1.147000 -0.000000
v -0.886000 1.153444 0.096667
v -0.886000 1.153444 0.096667
v -0.886000 1.172778 0.193333
v -0.881314 1.142350 0.098885
v -0.881314 1.161684 0.195552
v -0.870000 1.137755 0.099805
v -0.870000 1.157088 0.196471
v -0.858686 1.142350 0.098885
v -0.858686 1.161684 0.195552
v -0.854000 1.153444 0.096667
v -0.854000 1.172778 0.193333
v -0.858686 1.164538 0.094448
v -0.858686 1.183872 0.191115
v -0.870000 1.169134 0.093529
v -0.870000 1.188467 0.190195
v -0.881314 1.164538 0.094448
v -0.881314 1.183872 0.191115
v -0.886000 1.153444 0.096667
v -0.886000 1.172778 0.193333
v -0.886000 1.172778 0.193333
v -0.886000 1.205000 0.290000
v -0.881314 1.162045 0.196911
v -0.881314 1.194267 0.293578
v -0.870000 1.157599 0.198393
v -0.870000 1.189821 0.295060
v -0.858686 1.162045 0.196911
v -0.858686 1.194267 0.293578
v -0.854000 1.172778 0.193333
v -0.854000 1.205000 0.290000
v -0.858686 1.183511 0.189756
v -0.858686 1.215733 0.286422
v -0.870000 1.187957 0.188274
v -0.870000 1.220179 0.284940
v -0.881314 1.183511 0.189756
v -0.881314 1.215733 0.286422
v -0.886000 1.172778 0.193333
v -0.886000 1.205000 0.290000
v -0.891000 1.355000 0.290000
v -0.891000 1.302222 0.385000
v -0.884849 1.342019 0.282789
v -0.884849 1.289242 0.377789
v -0.870000 1.336643 0.279801
v -0.870000 1.283865 0.374801
v -0.855151 1.342019 0.282789
v -0.855151 1.289242 0.377789
v -0.849000 1.355000 0.290000
v -0.849000 1.302222 0.385000
v -0.855151 1.367981 0.297211
v -0.855151 1.315203 0.392211
v -0.870000 1.373357 0.300199
v -0.870000 1.320580 0.395199
v -0.884849 1.367981 0.297211
v -0.884849 1.315203 0.392211
v -0.891000 1.355000 0.290000
v -0.891000 1.302222 0.385000
v -0.891000 1.302222 0.385000
v -0.891000 1.270556 0.480000
v -0.884849 1.288135 0.380304
v -0.884849 1.256468 0.475304
v -0.870000 1.282300 0.378359
v -0.870000 1.250633 0.473359
v -0.855151 1.288135 0.380304
v -0.855151 1.256468 0.475304
v -0.849000 1.302222 0.385000
v -0.849000 1.270556 0.480000
v -0.855151 1.316309 0.389696
v -0.855151 1.284643 0.484696
v -0.870000 1.322145 0.391641
v -0.870000 1.290478 0.486641
v -0.884849 1.316309 0.389696
v -0.884849 1.284643 0.484696
v -0.891000 1.302222 0.385000
v -0.891000 1.270556 0.480000
v -0.891000 1.270556 0.480000
v -0.891000 1.260000 0.575000
v -0.884849 1.255797 0.478360
v -0.884849 1.245242 0.573360
v -0.870000 1.249684 0.477681
v -0.870000 1.239128 0.572681
v -0.855151 1.255797 0.478360
v -0.855151 1.245242 0.573360
v -0.849000 1.270556 0.480000
v -0.849000 1.260000 0.575000
v -0.855151 1.285314 0.481640
v -0.855151 1.274758 0.576640
v -0.870000 1.291427 0.482319
v -0.870000 1.280872 0.577319
v -0.884849 1.285314 0.481640
v -0.884849 1.274758 0.576640
v -0.891000 1.270556 0.480000
v -0.891000 1.260000 0.575000
v -0.891000 1.260000 0.575000
v -0.891000 1.270556 0.670000
v -0.884849 1.245242 0.576640
v -0.884849 1.255797 0.671640
v -0.870000 1.239128 0.577319
v -0.870000 1.249684 0.672319
v -0.855151 1.245242 0.576640
v -0.855151 1.255797 0.671640
v -0.849000 1.260000 0.575000
v -0.849000 1.270556 0.670000
v -0.855151 1.274758 0.573360
v -0.855151 1.285314 0.668360
v -0.870000 1.280872 0.572681
v -0.870000 1.291427 0.667681
v -0.884849 1.274758 0.573360
v -0.884849 1.285314 0.668360
v -0.891000 1.260000 0.575000
v -0.891000 1.270556 0.670000
v -0.891000 1.270556 0.670000
v -0.891000 1.302222 0.765000
v -0.884849 1.256468 0.674696
v -0.884849 1.288135 0.769696
v -0.870000 1.250633 0.676641
v -0.870000 1.282300 0.771641
v -0.855151 1.256468 0.674696
v -0.855151 1.288135 0.769696
v -0.849000 1.270556 0.670000
v -0.849000 1.302222 0.765000
v -0.855151 1.284643 0.665304
v -0.855151 1.316309 0.760304
v -0.870000 1.290478 0.663359
v -0.870000 1.322145 0.758359
v -0.884849 1.284643 0.665304
v -0.884849 1.316309 0.760304
v -0.891000 1.270556 0.670000
v -0.891000 1.302222 0.765000
v -0.891000 1.302222 0.765000
v -0.891000 1.355000 0.860000
v -0.884849 1.289242 0.772211
v -0.884849 1.342019 0.867211
v -0.870000 1.283865 0.775199
v -0.870000 1.336643 0.870199
v -0.855151 1.289242 0.772211
v -0.855151 1.342019 0.867211
v -0.849000 1.302222 0.765000
v -0.849000 1.355000 0.860000
v -0.855151 1.315203 0.757789
v -0.855151 1.367981 0.852789
v -0.870000 1.320580 0.754801
v -0.870000 1.373357 0.849801
v -0.884849 1.315203 0.757789
v -0.884849 1.367981 0.852789
v -0.891000 1.302222 0.765000
v -0.891000 1.355000 0.860000
v -0.886000 1.205000 0.290000
v -0.886000 1.172778 0.385000
v -0.881314 1.194286 0.286366
v -0.881314 1.162064 0.381366
v -0.870000 1.189848 0.284861
v -0.870000 1.157626 0.379861
v -0.858686 1.194286 0.286366
v -0.858686 1.162064 0.381366
v -0.854000 1.205000 0.290000
v -0.854000 1.172778 0.385000
v -0.858686 1.215714 0.293634
v -0.858686 1.183492 0.388634
v -0.870000 1.220152 0.295139
v -0.870000 1.187930 0.390139
v -0.881314 1.215714 0.293634
v -0.881314 1.183492 0.388634
v -0.886000 1.205000 0.290000
v -0.886000 1.172778 0.385000
v -0.886000 1.172778 0.385000
v -0.886000 1.153444 0.480000
v -0.881314 1.161691 0.382744
v -0.881314 1.142358 0.477744
v -0.870000 1.157099 0.381809
v -0.870000 1.137766 0.476809
v -0.858686 1.161691 0.382744
v -0.858686 1.142358 0.477744
v -0.854000 1.172778 0.385000
v -0.854000 1.153444 0.480000
v -0.858686 1.183864 0.387256
v -0.858686 1.164531 0.482256
v -0.870000 1.188456 0.388191
v -0.870000 1.169123 0.483191
v -0.881314 1.183864 0.387256
v -0.881314 1.164531 0.482256
v -0.886000 1.172778 0.385000
v -0.886000 1.153444 0.480000
v -0.886000 1.153444 0.480000
v -0.886000 1.147000 0.575000
v -0.881314 1.142157 0.479234
v -0.881314 1.135712 0.574234
v -0.870000 1.137481 0.478917
v -0.870000 1.131037 0.573917
v -0.858686 1.142157 0.479234
v -0.858686 1.135712 0.574234
v -0.854000 1.153444 0.480000
v -0.854000 1.147000 0.575000
v -0.858686 1.164732 0.480766
v -0.858686 1.158288 0.575766
v -0.870000 1.169408 0.481083
v -0.870000 1.162963 0.576083
v -0.881314 1.164732 0.480766
v -0.881314 1.158288 0.575766
v -0.886000 1.153444 0.480000
v -0.886000 1.147000 0.575000
v -0.886000 1.147000 0.575000
v -0.886000 1.153444 0.670000
v -0.881314 1.135712 0.575766
v -0.881314 1.142157 0.670766
v -0.870000 1.131037 0.576083
v -0.870000 1.137481 0.671083
v -0.858686 1.135712 0.575766
v -0.858686 1.142157 0.670766
v -0.854000 1.147000 0.575000
v -0.854000 1.153444 0.670000
v -0.858686 1.158288 0.574234
v -0.858686 1.164732 0.669234
v -0.870000 1.162963 0.573917
v -0.870000 1.169408 0.668917
v -0.881314 1.158288 0.574234
v -0.881314 1.164732 0.669234
v -0.886000 1.147000 0.575000
v -0.886000 1.153444 0.670000
v -0.886000 1.153444 0.670000
v -0.886000 1.172778 0.765000
v -0.881314 1.142358 0.672256
v -0.881314 1.161691 0.767256
v -0.870000 1.137766 0.673191
v -0.870000 1.157099 0.768191
v -0.858686 1.142358 0.672256
v -0.858686 1.161691 0.767256
v -0.854000 1.153444 0.670000
v -0.854000 1.172778 0.765000
v -0.858686 1.164531 0.667744
v -0.858686 1.183864 0.762744
v -0.870000 1.169123 0.666809
v -0.870000 1.188456 0.761809
v -0.881314 1.164531 0.667744
v -0.881314 1.183864 0.762744
v -0.886000 1.153444 0.670000
v -0.886000 1.172778 0.765000
v -0.886000 1.172778 0.765000
v -0.886000 1.205000 0.860000
v -0.881314 1.162064 0.768634
v -0.881314 1.194286 0.863634
v -0.870000 1.157626 0.770139
v -0.870000 1.189848 0.865139
v -0.858686 1.162064 0.768634
v -0.858686 1.194286 0.863634
v -0.854000 1.172778 0.765000
v -0.854000 1.205000 0.860000
v -0.858686 1.183492 0.761366
v -0.858686 1.215714 0.856366
v -0.870000 1.187930 0.759861
v -0.870000 1.220152 0.854861
v -0.881314 1.183492 0.761366
v -0.881314 1.215714 0.856366
v -0.886000 1.172778 0.765000
v -0.886000 1.205000 0.860000
v 0.831296 0.954774 -0.841000
v 0.911294 0.955234 -0.841000
v 0.908704 1.405373 -0.841000
v 0.828706 1.404913 -0.841000
v 0.911294 0.955234 -0.879000
v 0.831296 0.954774 -0.879000
v 0.828706 1.404913 -0.879000
v 0.908704 1.405373 -0.879000
v 0.911294 0.955234 -0.841000
v 0.911294 0.955234 -0.879000
v 0.908704 1.405373 -0.879000
v 0.908704 1.405373 -0.841000
v 0.831296 0.954774 -0.879000
v 0.831296 0.954774 -0.841000
v 0.828706 1.404913 -0.841000
v 0.828706 1.404913 -0.879000
v 0.828706 1.404913 -0.841000
v 0.908704 1.405373 -0.841000
v 0.908704 1.405373 -0.879000
v 0.828706 1.404913 -0.879000
v 0.831296 0.954774 -0.879000
v 0.911294 0.955234 -0.879000
v 0.911294 0.955234 -0.841000
v 0.831296 0.954774 -0.841000
v 0.934000 1.305000 -0.860000
v 0.928000 1.315392 -0.860000
v 0.916000 1.315392 -0.860000
v 0.910000 1.305000 -0.860000
v 0.916000 1.294608 -0.860000
v 0.928000 1.294608 -0.860000
v 0.934000 1.305000 -0.860000
v 0.925426 1.305000 -0.828000
v 0.920229 1.315392 -0.831000
v 0.909837 1.315392 -0.837000
v 0.904641 1.305000 -0.840000
v 0.909837 1.294608 -0.837000
v 0.920229 1.294608 -0.831000
v 0.925426 1.305000 -0.828000
v 0.902000 1.305000 -0.804574
v 0.899000 1.315392 -0.809771
v 0.893000 1.315392 -0.820163
v 0.890000 1.305000 -0.825359
v 0.893000 1.294608 -0.820163
v 0.899000 1.294608 -0.809771
v 0.902000 1.305000 -0.804574
v 0.870000 1.305000 -0.796000
v 0.870000 1.315392 -0.802000
v 0.870000 1.315392 -0.814000
v 0.870000 1.305000 -0.820000
v 0.870000 1.294608 -0.814000
v 0.870000 1.294608 -0.802000
v 0.870000 1.305000 -0.796000
v 0.838000 1.305000 -0.804574
v 0.841000 1.315392 -0.809771
v 0.847000 1.315392 -0.820163
v 0.850000 1.305000 -0.825359
v 0.847000 1.294608 -0.820163
v 0.841000 1.294608 -0.809771
v 0.838000 1.305000 -0.804574
v 0.814574 1.305000 -0.828000
v 0.819771 1.315392 -0.831000
v 0.830163 1.315392 -0.837000
v 0.835359 1.305000 -0.840000
v 0.830163 1.294608 -0.837000
v 0.819771 1.294608 -0.831000
v 0.814574 1.305000 -0.828000
v 0.806000 1.305000 -0.860000
v 0.812000 1.315392 -0.860000
v 0.824000 1.315392 -0.860000
v 0.830000 1.305000 -0.860000
v 0.824000 1.294608 -0.860000
v 0.812000 1.294608 -0.860000
v 0.806000 1.305000 -0.860000
v 0.814574 1.305000 -0.892000
v 0.819771 1.315392 -0.889000
v 0.830163 1.315392 -0.883000
v 0.835359 1.305000 -0.880000
v 0.830163 1.294608 -0.883000
v 0.819771 1.294608 -0.889000
v 0.814574 1.305000 -0.892000
v 0.838000 1.305000 -0.915426
v 0.841000 1.315392 -0.910229
v 0.847000 1.315392 -0.899837
v 0.850000 1.305000 -0.894641
v 0.847000 1.294608 -0.899837
v 0.841000 1.294608 -0.910229
v 0.838000 1.305000 -0.915426
v 0.870000 1.305000 -0.924000
v 0.870000 1.315392 -0.918000
v 0.870000 1.315392 -0.906000
v 0.870000 1.305000 -0.900000
v 0.870000 1.294608 -0.906000
v 0.870000 1.294608 -0.918000
v 0.870000 1.305000 -0.924000
v 0.902000 1.305000 -0.915426
v 0.899000 1.315392 -0.910229
v 0.893000 1.315392 -0.899837
v 0.890000 1.305000 -0.894641
v 0.893000 1.294608 -0.899837
v 0.899000 1.294608 -0.910229
v 0.902000 1.305000 -0.915426
v 0.925426 1.305000 -0.892000
v 0.920229 1.315392 -0.889000
v 0.909837 1.315392 -0.883000
v 0.904641 1.305000 -0.880000
v 0.909837 1.294608 -0.883000
v 0.920229 1.294608 -0.889000
v 0.925426 1.305000 -0.892000
v 0.934000 1.305000 -0.860000
v 0.928000 1.315392 -0.860000
v 0.916000 1.315392 -0.860000
v 0.910000 1.305000 -0.860000
v 0.916000 1.294608 -0.860000
v 0.928000 1.294608 -0.860000
v 0.934000 1.305000 -0.860000
v 0.933000 1.205000 -0.860000
v 0.927500 1.214526 -0.860000
v 0.916500 1.214526 -0.860000
v 0.911000 1.205000 -0.860000
v 0.916500 1.195474 -0.860000
v 0.927500 1.195474 -0.860000
v 0.933000 1.205000 -0.860000
v 0.924560 1.205000 -0.828500
v 0.919796 1.214526 -0.831250
v 0.910270 1.214526 -0.836750
v 0.905507 1.205000 -0.839500
v 0.910270 1.195474 -0.836750
v 0.919796 1.195474 -0.831250
v 0.924560 1.205000 -0.828500
v 0.901500 1.205000 -0.805440
v 0.898750 1.214526 -0.810204
v 0.893250 1.214526 -0.819730
v 0.890500 1.205000 -0.824493
v 0.893250 1.195474 -0.819730
v 0.898750 1.195474 -0.810204
v 0.901500 1.205000 -0.805440
v 0.870000 1.205000 -0.797000
v 0.870000 1.214526 -0.802500
v 0.870000 1.214526 -0.813500
v 0.870000 1.205000 -0.819000
v 0.870000 1.195474 -0.813500
v 0.870000 1.195474 -0.802500
v 0.870000 1.205000 -0.797000
v 0.838500 1.205000 -0.805440
v 0.841250 1.214526 -0.810204
v 0.846750 1.214526 -0.819730
v 0.849500 1.205000 -0.824493
v 0.846750 1.195474 -0.819730
v 0.841250 1.195474 -0.810204
v 0.838500 1.205000 -0.805440
v 0.815440 1.205000 -0.828500
v 0.820204 1.214526 -0.831250
v 0.829730 1.214526 -0.836750
v 0.834493 1.205000 -0.839500
v 0.829730 1.195474 -0.836750
v 0.820204 1.195474 -0.831250
v 0.815440 1.205000 -0.828500
v 0.807000 1.205000 -0.860000
v 0.812500 1.214526 -0.860000
v 0.823500 1.214526 -0.860000
v 0.829000 1.205000 -0.860000
v 0.823500 1.195474 -0.860000
v 0.812500 1.195474 -0.860000
v 0.807000 1.205000 -0.860000
v 0.815440 1.205000 -0.891500
v 0.820204 1.214526 -0.888750
v 0.829730 1.214526 -0.883250
v 0.834493 1.205000 -0.880500
v 0.829730 1.195474 -0.883250
v 0.820204 1.195474 -0.888750
v 0.815440 1.205000 -0.891500
v 0.838500 1.205000 -0.914560
v 0.841250 1.214526 -0.909796
v 0.846750 1.214526 -0.900270
v 0.849500 1.205000 -0.895507
v 0.846750 1.195474 -0.900270
v 0.841250 1.195474 -0.909796
v 0.838500 1.205000 -0.914560
v 0.870000 1.205000 -0.923000
v 0.870000 1.214526 -0.917500
v 0.870000 1.214526 -0.906500
v 0.870000 1.205000 -0.901000
v 0.870000 1.195474 -0.906500
v 0.870000 1.195474 -0.917500
v 0.870000 1.205000 -0.923000
v 0.901500 1.205000 -0.914560
v 0.898750 1.214526 -0.909796
v 0.893250 1.214526 -0.900270
v 0.890500 1.205000 -0.895507
v 0.893250 1.195474 -0.900270
v 0.898750 1.195474 -0.909796
v 0.901500 1.205000 -0.914560
v 0.924560 1.205000 -0.891500
v 0.919796 1.214526 -0.888750
v 0.910270 1.214526 -0.883250
v 0.905507 1.205000 -0.880500
v 0.910270 1.195474 -0.883250
v 0.919796 1.195474 -0.888750
v 0.924560 1.205000 -0.891500
v 0.933000 1.205000 -0.860000
v 0.927500 1.214526 -0.860000
v 0.916500 1.214526 -0.860000
v 0.911000 1.205000 -0.860000
v 0.916500 1.195474 -0.860000
v 0.927500 1.195474 -0.860000
v 0.933000 1.205000 -0.860000
v 0.832652 0.954537 -0.271000
v 0.912647 0.955495 -0.271000
v 0.907348 1.398156 -0.271000
v 0.827353 1.397198 -0.271000
v 0.912647 0.955495 -0.309000
v 0.832652 0.954537 -0.309000
v 0.827353 1.397198 -0.309000
v 0.907348 1.398156 -0.309000
v 0.912647 0.955495 -0.271000
v 0.912647 0.955495 -0.309000
v 0.907348 1.398156 -0.309000
v 0.907348 1.398156 -0.271000
v 0.832652 0.954537 -0.309000
v 0.832652 0.954537 -0.271000
v 0.827353 1.397198 -0.271000
v 0.827353 1.397198 -0.309000
v 0.827353 1.397198 -0.271000
v 0.907348 1.398156 -0.271000
v 0.907348 1.398156 -0.309000
v 0.827353 1.397198 -0.309000
v 0.832652 0.954537 -0.309000
v 0.912647 0.955495 -0.309000
v 0.912647 0.955495 -0.271000
v 0.832652 0.954537 -0.271000
v 0.934000 1.305000 -0.290000
v 0.928000 1.315392 -0.290000
v 0.916000 1.315392 -0.290000
v 0.910000 1.305000 -0.290000
v 0.916000 1.294608 -0.290000
v 0.928000 1.294608 -0.290000
v 0.934000 1.305000 -0.290000
v 0.925426 1.305000 -0.258000
v 0.920229 1.315392 -0.261000
v 0.909837 1.315392 -0.267000
v 0.904641 1.305000 -0.270000
v 0.909837 1.294608 -0.267000
v 0.920229 1.294608 -0.261000
v 0.925426 1.305000 -0.258000
v 0.902000 1.305000 -0.234574
v 0.899000 1.315392 -0.239771
v 0.893000 1.315392 -0.250163
v 0.890000 1.305000 -0.255359
v 0.893000 1.294608 -0.250163
v 0.899000 1.294608 -0.239771
v 0.902000 1.305000 -0.234574
v 0.870000 1.305000 -0.226000
v 0.870000 1.315392 -0.232000
v 0.870000 1.315392 -0.244000
v 0.870000 1.305000 -0.250000
v 0.870000 1.294608 -0.244000
v 0.870000 1.294608 -0.232000
v 0.870000 1.305000 -0.226000
v 0.838000 1.305000 -0.234574
v 0.841000 1.315392 -0.239771
v 0.847000 1.315392 -0.250163
v 0.850000 1.305000 -0.255359
v 0.847000 1.294608 -0.250163
v 0.841000 1.294608 -0.239771
v 0.838000 1.305000 -0.234574
v 0.814574 1.305000 -0.258000
v 0.819771 1.315392 -0.261000
v 0.830163 1.315392 -0.267000
v 0.835359 1.305000 -0.270000
v 0.830163 1.294608 -0.267000
v 0.819771 1.294608 -0.261000
v 0.814574 1.305000 -0.258000
v 0.806000 1.305000 -0.290000
v 0.812000 1.315392 -0.290000
v 0.824000 1.315392 -0.290000
v 0.830000 1.305000 -0.290000
v 0.824000 1.294608 -0.290000
v 0.812000 1.294608 -0.290000
v 0.806000 1.305000 -0.290000
v 0.814574 1.305000 -0.322000
v 0.819771 1.315392 -0.319000
v 0.830163 1.315392 -0.313000
v 0.835359 1.305000 -0.310000
v 0.830163 1.294608 -0.313000
v 0.819771 1.294608 -0.319000
v 0.814574 1.305000 -0.322000
v 0.838000 1.305000 -0.345426
v 0.841000 1.315392 -0.340229
v 0.847000 1.315392 -0.329837
v 0.850000 1.305000 -0.324641
v 0.847000 1.294608 -0.329837
v 0.841000 1.294608 -0.340229
v 0.838000 1.305000 -0.345426
v 0.870000 1.305000 -0.354000
v 0.870000 1.315392 -0.348000
v 0.870000 1.315392 -0.336000
v 0.870000 1.305000 -0.330000
v 0.870000 1.294608 -0.336000
v 0.870000 1.294608 -0.348000
v 0.870000 1.305000 -0.354000
v 0.902000 1.305000 -0.345426
v 0.899000 1.315392 -0.340229
v 0.893000 1.315392 -0.329837
v 0.890000 1.305000 -0.324641
v 0.893000 1.294608 -0.329837
v 0.899000 1.294608 -0.340229
v 0.902000 1.305000 -0.345426
v 0.925426 1.305000 -0.322000
v 0.920229 1.315392 -0.319000
v 0.909837 1.315392 -0.313000
v 0.904641 1.305000 -0.310000
v 0.909837 1.294608 -0.313000
v 0.920229 1.294608 -0.319000
v 0.925426 1.305000 -0.322000
v 0.934000 1.305000 -0.290000
v 0.928000 1.315392 -0.290000
v 0.916000 1.315392 -0.290000
v 0.910000 1.305000 -0.290000
v 0.916000 1.294608 -0.290000
v 0.928000 1.294608 -0.290000
v 0.934000 1.305000 -0.290000
v 0.933000 1.205000 -0.290000
v 0.927500 1.214526 -0.290000
v 0.916500 1.214526 -0.290000
v 0.911000 1.205000 -0.290000
v 0.916500 1.195474 -0.290000
v 0.927500 1.195474 -0.290000
v 0.933000 1.205000 -0.290000
v 0.924560 1.205000 -0.258500
v 0.919796 1.214526 -0.261250
v 0.910270 1.214526 -0.266750
v 0.905507 1.205000 -0.269500
v 0.910270 1.195474 -0.266750
v 0.919796 1.195474 -0.261250
v 0.924560 1.205000 -0.258500
v 0.901500 1.205000 -0.235440
v 0.898750 1.214526 -0.240204
v 0.893250 1.214526 -0.249730
v 0.890500 1.205000 -0.254493
v 0.893250 1.195474 -0.249730
v 0.898750 1.195474 -0.240204
v 0.901500 1.205000 -0.235440
v 0.870000 1.205000 -0.227000
v 0.870000 1.214526 -0.232500
v 0.870000 1.214526 -0.243500
v 0.870000 1.205000 -0.249000
v 0.870000 1.195474 -0.243500
v 0.870000 1.195474 -0.232500
v 0.870000 1.205000 -0.227000
v 0.838500 1.205000 -0.235440
v 0.841250 1.214526 -0.240204
v 0.846750 1.214526 -0.249730
v 0.849500 1.205000 -0.254493
v 0.846750 1.195474 -0.249730
v 0.841250 1.195474 -0.240204
v 0.838500 1.205000 -0.235440
v 0.815440 1.205000 -0.258500
v 0.820204 1.214526 -0.261250
v 0.829730 1.214526 -0.266750
v 0.834493 1.205000 -0.269500
v 0.829730 1.195474 -0.266750
v 0.820204 1.195474 -0.261250
v 0.815440 1.205000 -0.258500
v 0.807000 1.205000 -0.290000
v 0.812500 1.214526 -0.290000
v 0.823500 1.214526 -0.290000
v 0.829000 1.205000 -0.290000
v 0.823500 1.195474 -0.290000
v 0.812500 1.195474 -0.290000
v 0.807000 1.205000 -0.290000
v 0.815440 1.205000 -0.321500
v 0.820204 1.214526 -0.318750
v 0.829730 1.214526 -0.313250
v 0.834493 1.205000 -0.310500
v 0.829730 1.195474 -0.313250
v 0.820204 1.195474 -0.318750
v 0.815440 1.205000 -0.321500
v 0.838500 1.205000 -0.344560
v 0.841250 1.214526 -0.339796
v 0.846750 1.214526 -0.330270
v 0.849500 1.205000 -0.325507
v 0.846750 1.195474 -0.330270
v 0.841250 1.195474 -0.339796
v 0.838500 1.205000 -0.344560
v 0.870000 1.205000 -0.353000
v 0.870000 1.214526 -0.347500
v 0.870000 1.214526 -0.336500
v 0.870000 1.205000 -0.331000
v 0.870000 1.195474 -0.336500
v 0.870000 1.195474 -0.347500
v 0.870000 1.205000 -0.353000
v 0.901500 1.205000 -0.344560
v 0.898750 1.214526 -0.339796
v 0.893250 1.214526 -0.330270
v 0.890500 1.205000 -0.325507
v 0.893250 1.195474 -0.330270
v 0.898750 1.195474 -0.339796
v 0.901500 1.205000 -0.344560
v 0.924560 1.205000 -0.321500
v 0.919796 1.214526 -0.318750
v 0.910270 1.214526 -0.313250
v 0.905507 1.205000 -0.310500
v 0.910270 1.195474 -0.313250
v 0.919796 1.195474 -0.318750
v 0.924560 1.205000 -0.321500
v 0.933000 1.205000 -0.290000
v 0.927500 1.214526 -0.290000
v 0.916500 1.214526 -0.290000
v 0.911000 1.205000 -0.290000
v 0.916500 1.195474 -0.290000
v 0.927500 1.195474 -0.290000
v 0.933000 1.205000 -0.290000
v 0.831502 0.954718 0.309000
v 0.911499 0.955293 0.309000
v 0.908498 1.373153 0.309000
v 0.828501 1.372579 0.309000
v 0.911499 0.955293 0.271000
v 0.831502 0.954718 0.271000
v 0.828501 1.372579 0.271000
v 0.908498 1.373153 0.271000
v 0.911499 0.955293 0.309000
v 0.911499 0.955293 0.271000
v 0.908498 1.373153 0.271000
v 0.908498 1.373153 0.309000
v 0.831502 0.954718 0.271000
v 0.831502 0.954718 0.309000
v 0.828501 1.372579 0.309000
v 0.828501 1.372579 0.271000
v 0.828501 1.372579 0.309000
v 0.908498 1.373153 0.309000
v 0.908498 1.373153 0.271000
v 0.828501 1.372579 0.271000
v 0.831502 0.954718 0.271000
v 0.911499 0.955293 0.271000
v 0.911499 0.955293 0.309000
v 0.831502 0.954718 0.309000
v 0.934000 1.305000 0.290000
v 0.928000 1.315392 0.290000
v 0.916000 1.315392 0.290000
v 0.910000 1.305000 0.290000
v 0.916000 1.294608 0.290000
v 0.928000 1.294608 0.290000
v 0.934000 1.305000 0.290000
v 0.925426 1.305000 0.322000
v 0.920229 1.315392 0.319000
v 0.909837 1.315392 0.313000
v 0.904641 1.305000 0.310000
v 0.909837 1.294608 0.313000
v 0.920229 1.294608 0.319000
v 0.925426 1.305000 0.322000
v 0.902000 1.305000 0.345426
v 0.899000 1.315392 0.340229
v 0.893000 1.315392 0.329837
v 0.890000 1.305000 0.324641
v 0.893000 1.294608 0.329837
v 0.899000 1.294608 0.340229
v 0.902000 1.305000 0.345426
v 0.870000 1.305000 0.354000
v 0.870000 1.315392 0.348000
v 0.870000 1.315392 0.336000
v 0.870000 1.305000 0.330000
v 0.870000 1.294608 0.336000
v 0.870000 1.294608 0.348000
v 0.870000 1.305000 0.354000
v 0.838000 1.305000 0.345426
v 0.841000 1.315392 0.340229
v 0.847000 1.315392 0.329837
v 0.850000 1.305000 0.324641
v 0.847000 1.294608 0.329837
v 0.841000 1.294608 0.340229
v 0.838000 1.305000 0.345426
v 0.814574 1.305000 0.322000
v 0.819771 1.315392 0.319000
v 0.830163 1.315392 0.313000
v 0.835359 1.305000 0.310000
v 0.830163 1.294608 0.313000
v 0.819771 1.294608 0.319000
v 0.814574 1.305000 0.322000
v 0.806000 1.305000 0.290000
v 0.812000 1.315392 0.290000
v 0.824000 1.315392 0.290000
v 0.830000 1.305000 0.290000
v 0.824000 1.294608 0.290000
v 0.812000 1.294608 0.290000
v 0.806000 1.305000 0.290000
v 0.814574 1.305000 0.258000
v 0.819771 1.315392 0.261000
v 0.830163 1.315392 0.267000
v 0.835359 1.305000 0.270000
v 0.830163 1.294608 0.267000
v 0.819771 1.294608 0.261000
v 0.814574 1.305000 0.258000
v 0.838000 1.305000 0.234574
v 0.841000 1.315392 0.239771
v 0.847000 1.315392 0.250163
v 0.850000 1.305000 0.255359
v 0.847000 1.294608 0.250163
v 0.841000 1.294608 0.239771
v 0.838000 1.305000 0.234574
v 0.870000 1.305000 0.226000
v 0.870000 1.315392 0.232000
v 0.870000 1.315392 0.244000
v 0.870000 1.305000 0.250000
v 0.870000 1.294608 0.244000
v 0.870000 1.294608 0.232000
v 0.870000 1.305000 0.226000
v 0.902000 1.305000 0.234574
v 0.899000 1.315392 0.239771
v 0.893000 1.315392 0.250163
v 0.890000 1.305000 0.255359
v 0.893000 1.294608 0.250163
v 0.899000 1.294608 0.239771
v 0.902000 1.305000 0.234574
v 0.925426 1.305000 0.258000
v 0.920229 1.315392 0.261000
v 0.909837 1.315392 0.267000
v 0.904641 1.305000 0.270000
v 0.909837 1.294608 0.267000
v 0.920229 1.294608 0.261000
v 0.925426 1.305000 0.258000
v 0.934000 1.305000 0.290000
v 0.928000 1.315392 0.290000
v 0.916000 1.315392 0.290000
v 0.910000 1.305000 0.290000
v 0.916000 1.294608 0.290000
v 0.928000 1.294608 0.290000
v 0.934000 1.305000 0.290000
v 0.933000 1.205000 0.290000
v 0.927500 1.214526 0.290000
v 0.916500 1.214526 0.290000
v 0.911000 1.205000 0.290000
v 0.916500 1.195474 0.290000
v 0.927500 1.195474 0.290000
v 0.933000 1.205000 0.290000
v 0.924560 1.205000 0.321500
v 0.919796 1.214526 0.318750
v 0.910270 1.214526 0.313250
v 0.905507 1.205000 0.310500
v 0.910270 1.195474 0.313250
v 0.919796 1.195474 0.318750
v 0.924560 1.205000 0.321500
v 0.901500 1.205000 0.344560
v 0.898750 1.214526 0.339796
v 0.893250 1.214526 0.330270
v 0.890500 1.205000 0.325507
v 0.893250 1.195474 0.330270
v 0.898750 1.195474 0.339796
v 0.901500 1.205000 0.344560
v 0.870000 1.205000 0.353000
v 0.870000 1.214526 0.347500
v 0.870000 1.214526 0.336500
v 0.870000 1.205000 0.331000
v 0.870000 1.195474 0.336500
v 0.870000 1.195474 0.347500
v 0.870000 1.205000 0.353000
v 0.838500 1.205000 0.344560
v 0.841250 1.214526 0.339796
v 0.846750 1.214526 0.330270
v 0.849500 1.205000 0.325507
v 0.846750 1.195474 0.330270
v 0.841250 1.195474 0.339796
v 0.838500 1.205000 0.344560
v 0.815440 1.205000 0.321500
v 0.820204 1.214526 0.318750
v 0.829730 1.214526 0.313250
v 0.834493 1.205000 0.310500
v 0.829730 1.195474 0.313250
v 0.820204 1.195474 0.318750
v 0.815440 1.205000 0.321500
v 0.807000 1.205000 0.290000
v 0.812500 1.214526 0.290000
v 0.823500 1.214526 0.290000
v 0.829000 1.205000 0.290000
v 0.823500 1.195474 0.290000
v 0.812500 1.195474 0.290000
v 0.807000 1.205000 0.290000
v 0.815440 1.205000 0.258500
v 0.820204 1.214526 0.261250
v 0.829730 1.214526 0.266750
v 0.834493 1.205000 0.269500
v 0.829730 1.195474 0.266750
v 0.820204 1.195474 0.261250
v 0.815440 1.205000 0.258500
v 0.838500 1.205000 0.235440
v 0.841250 1.214526 0.240204
v 0.846750 1.214526 0.249730
v 0.849500 1.205000 0.254493
v 0.846750 1.195474 0.249730
v 0.841250 1.195474 0.240204
v 0.838500 1.205000 0.235440
v 0.870000 1.205000 0.227000
v 0.870000 1.214526 0.232500
v 0.870000 1.214526 0.243500
v 0.870000 1.205000 0.249000
v 0.870000 1.195474 0.243500
v 0.870000 1.195474 0.232500
v 0.870000 1.205000 0.227000
v 0.901500 1.205000 0.235440
v 0.898750 1.214526 0.240204
v 0.893250 1.214526 0.249730
v 0.890500 1.205000 0.254493
v 0.893250 1.195474 0.249730
v 0.898750 1.195474 0.240204
v 0.901500 1.205000 0.235440
v 0.924560 1.205000 0.258500
v 0.919796 1.214526 0.261250
v 0.910270 1.214526 0.266750
v 0.905507 1.205000 0.269500
v 0.910270 1.195474 0.266750
v 0.919796 1.195474 0.261250
v 0.924560 1.205000 0.258500
v 0.933000 1.205000 0.290000
v 0.927500 1.214526 0.290000
v 0.916500 1.214526 0.290000
v 0.911000 1.205000 0.290000
v 0.916500 1.195474 0.290000
v 0.927500 1.195474 0.290000
v 0.933000 1.205000 0.290000
v 0.829092 0.955170 0.879000
v 0.909091 0.954834 0.879000
v 0.910908 1.386551 0.879000
v 0.830909 1.386888 0.879000
v 0.909091 0.954834 0.841000
v 0.829092 0.955170 0.841000
v 0.830909 1.386888 0.841000
v 0.910908 1.386551 0.841000
v 0.909091 0.954834 0.879000
v 0.909091 0.954834 0.841000
v 0.910908 1.386551 0.841000
v 0.910908 1.386551 0.879000
v 0.829092 0.955170 0.841000
v 0.829092 0.955170 0.879000
v 0.830909 1.386888 0.879000
v 0.830909 1.386888 0.841000
v 0.830909 1.386888 0.879000
v 0.910908 1.386551 0.879000
v 0.910908 1.386551 0.841000
v 0.830909 1.386888 0.841000
v 0.829092 0.955170 0.841000
v 0.909091 0.954834 0.841000
v 0.909091 0.954834 0.879000
v 0.829092 0.955170 0.879000
v 0.934000 1.305000 0.860000
v 0.928000 1.315392 0.860000
v 0.916000 1.315392 0.860000
v 0.910000 1.305000 0.860000
v 0.916000 1.294608 0.860000
v 0.928000 1.294608 0.860000
v 0.934000 1.305000 0.860000
v 0.925426 1.305000 0.892000
v 0.920229 1.315392 0.889000
v 0.909837 1.315392 0.883000
v 0.904641 1.305000 0.880000
v 0.909837 1.294608 0.883000
v 0.920229 1.294608 0.889000
v 0.925426 1.305000 0.892000
v 0.902000 1.305000 0.915426
v 0.899000 1.315392 0.910229
v 0.893000 1.315392 0.899837
v 0.890000 1.305000 0.894641
v 0.893000 1.294608 0.899837
v 0.899000 1.294608 0.910229
v 0.902000 1.305000 0.915426
v 0.870000 1.305000 0.924000
v 0.870000 1.315392 0.918000
v 0.870000 1.315392 0.906000
v 0.870000 1.305000 0.900000
v 0.870000 1.294608 0.906000
v 0.870000 1.294608 0.918000
v 0.870000 1.305000 0.924000
v 0.838000 1.305000 0.915426
v 0.841000 1.315392 0.910229
v 0.847000 1.315392 0.899837
v 0.850000 1.305000 0.894641
v 0.847000 1.294608 0.899837
v 0.841000 1.294608 0.910229
v 0.838000 1.305000 0.915426
v 0.814574 1.305000 0.892000
v 0.819771 1.315392 0.889000
v 0.830163 1.315392 0.883000
v 0.835359 1.305000 0.880000
v 0.830163 1.294608 0.883000
v 0.819771 1.294608 0.889000
v 0.814574 1.305000 0.892000
v 0.806000 1.305000 0.860000
v 0.812000 1.315392 0.860000
v 0.824000 1.315392 0.860000
v 0.830000 1.305000 0.860000
v 0.824000 1.294608 0.860000
v 0.812000 1.294608 0.860000
v 0.806000 1.305000 0.860000
v 0.814574 1.305000 0.828000
v 0.819771 1.315392 0.831000
v 0.830163 1.315392 0.837000
v 0.835359 1.305000 0.840000
v 0.830163 1.294608 0.837000
v 0.819771 1.294608 0.831000
v 0.814574 1.305000 0.828000
v 0.838000 1.305000 0.804574
v 0.841000 1.315392 0.809771
v 0.847000 1.315392 0.820163
v 0.850000 1.305000 0.825359
v 0.847000 1.294608 0.820163
v 0.841000 1.294608 0.809771
v 0.838000 1.305000 0.804574
v 0.870000 1.305000 0.796000
v 0.870000 1.315392 0.802000
v 0.870000 1.315392 0.814000
v 0.870000 1.305000 0.820000
v 0.870000 1.294608 0.814000
v 0.870000 1.294608 0.802000
v 0.870000 1.305000 0.796000
v 0.902000 1.305000 0.804574
v 0.899000 1.315392 0.809771
v 0.893000 1.315392 0.820163
v 0.890000 1.305000 0.825359
v 0.893000 1.294608 0.820163
v 0.899000 1.294608 0.809771
v 0.902000 1.305000 0.804574
v 0.925426 1.305000 0.828000
v 0.920229 1.315392 0.831000
v 0.909837 1.315392 0.837000
v 0.904641 1.305000 0.840000
v 0.909837 1.294608 0.837000
v 0.920229 1.294608 0.831000
v 0.925426 1.305000 0.828000
v 0.934000 1.305000 0.860000
v 0.928000 1.315392 0.860000
v 0.916000 1.315392 0.860000
v 0.910000 1.305000 0.860000
v 0.916000 1.294608 0.860000
v 0.928000 1.294608 0.860000
v 0.934000 1.305000 0.860000
v 0.933000 1.205000 0.860000
v 0.927500 1.214526 0.860000
v 0.916500 1.214526 0.860000
v 0.911000 1.205000 0.860000
v 0.916500 1.195474 0.860000
v 0.927500 1.195474 0.860000
v 0.933000 1.205000 0.860000
v 0.924560 1.205000 0.891500
v 0.919796 1.214526 0.888750
v 0.910270 1.214526 0.883250
v 0.905507 1.205000 0.880500
v 0.910270 1.195474 0.883250
v 0.919796 1.195474 0.888750
v 0.924560 1.205000 0.891500
v 0.901500 1.205000 0.914560
v 0.898750 1.214526 0.909796
v 0.893250 1.214526 0.900270
v 0.890500 1.205000 0.895507
v 0.893250 1.195474 0.900270
v 0.898750 1.195474 0.909796
v 0.901500 1.205000 0.914560
v 0.870000 1.205000 0.923000
v 0.870000 1.214526 0.917500
v 0.870000 1.214526 0.906500
v 0.870000 1.205000 0.901000
v 0.870000 1.195474 0.906500
v 0.870000 1.195474 0.917500
v 0.870000 1.205000 0.923000
v 0.838500 1.205000 0.914560
v 0.841250 1.214526 0.909796
v 0.846750 1.214526 0.900270
v 0.849500 1.205000 0.895507
v 0.846750 1.195474 0.900270
v 0.841250 1.195474 0.909796
v 0.838500 1.205000 0.914560
v 0.815440 1.205000 0.891500
v 0.820204 1.214526 0.888750
v 0.829730 1.214526 0.883250
v 0.834493 1.205000 0.880500
v 0.829730 1.195474 0.883250
v 0.820204 1.195474 0.888750
v 0.815440 1.205000 0.891500
v 0.807000 1.205000 0.860000
v 0.812500 1.214526 0.860000
v 0.823500 1.214526 0.860000
v 0.829000 1.205000 0.860000
v 0.823500 1.195474 0.860000
v 0.812500 1.195474 0.860000
v 0.807000 1.205000 0.860000
v 0.815440 1.205000 0.828500
v 0.820204 1.214526 0.831250
v 0.829730 1.214526 0.836750
v 0.834493 1.205000 0.839500
v 0.829730 1.195474 0.836750
v 0.820204 1.195474 0.831250
v 0.815440 1.205000 0.828500
v 0.838500 1.205000 0.805440
v 0.841250 1.214526 0.810204
v 0.846750 1.214526 0.819730
v 0.849500 1.205000 0.824493
v 0.846750 1.195474 0.819730
v 0.841250 1.195474 0.810204
v 0.838500 1.205000 0.805440
v 0.870000 1.205000 0.797000
v 0.870000 1.214526 0.802500
v 0.870000 1.214526 0.813500
v 0.870000 1.205000 0.819000
v 0.870000 1.195474 0.813500
v 0.870000 1.195474 0.802500
v 0.870000 1.205000 0.797000
v 0.901500 1.205000 0.805440
v 0.898750 1.214526 0.810204
v 0.893250 1.214526 0.819730
v 0.890500 1.205000 0.824493
v 0.893250 1.195474 0.819730
v 0.898750 1.195474 0.810204
v 0.901500 1.205000 0.805440
v 0.924560 1.205000 0.828500
v 0.919796 1.214526 0.831250
v 0.910270 1.214526 0.836750
v 0.905507 1.205000 0.839500
v 0.910270 1.195474 0.836750
v 0.919796 1.195474 0.831250
v 0.924560 1.205000 0.828500
v 0.933000 1.205000 0.860000
v 0.927500 1.214526 0.860000
v 0.916500 1.214526 0.860000
v 0.911000 1.205000 0.860000
v 0.916500 1.195474 0.860000
v 0.927500 1.195474 0.860000
v 0.933000 1.205000 0.860000
v 0.849000 1.355000 -0.860000
v 0.849000 1.302222 -0.765000
v 0.855151 1.342019 -0.867211
v 0.855151 1.289242 -0.772211
v 0.870000 1.336643 -0.870199
v 0.870000 1.283865 -0.775199
v 0.884849 1.342019 -0.867211
v 0.884849 1.289242 -0.772211
v 0.891000 1.355000 -0.860000
v 0.891000 1.302222 -0.765000
v 0.884849 1.367981 -0.852789
v 0.884849 1.315203 -0.757789
v 0.870000 1.373357 -0.849801
v 0.870000 1.320580 -0.754801
v 0.855151 1.367981 -0.852789
v 0.855151 1.315203 -0.757789
v 0.849000 1.355000 -0.860000
v 0.849000 1.302222 -0.765000
v 0.849000 1.302222 -0.765000
v 0.849000 1.270556 -0.670000
v 0.855151 1.288135 -0.769696
v 0.855151 1.256468 -0.674696
v 0.870000 1.282300 -0.771641
v 0.870000 1.250633 -0.676641
v 0.884849 1.288135 -0.769696
v 0.884849 1.256468 -0.674696
v 0.891000 1.302222 -0.765000
v 0.891000 1.270556 -0.670000
v 0.884849 1.316309 -0.760304
v 0.884849 1.284643 -0.665304
v 0.870000 1.322145 -0.758359
v 0.870000 1.290478 -0.663359
v 0.855151 1.316309 -0.760304
v 0.855151 1.284643 -0.665304
v 0.849000 1.302222 -0.765000
v 0.849000 1.270556 -0.670000
v 0.849000 1.270556 -0.670000
v 0.849000 1.260000 -0.575000
v 0.855151 1.255797 -0.671640
v 0.855151 1.245242 -0.576640
v 0.870000 1.249684 -0.672319
v 0.870000 1.239128 -0.577319
v 0.884849 1.255797 -0.671640
v 0.884849 1.245242 -0.576640
v 0.891000 1.270556 -0.670000
v 0.891000 1.260000 -0.575000
v 0.884849 1.285314 -0.668360
v 0.884849 1.274758 -0.573360
v 0.870000 1.291427 -0.667681
v 0.870000 1.280872 -0.572681
v 0.855151 1.285314 -0.668360
v 0.855151 1.274758 -0.573360
v 0.849000 1.270556 -0.670000
v 0.849000 1.260000 -0.575000
v 0.849000 1.260000 -0.575000
v 0.849000 1.270556 -0.480000
v 0.855151 1.245242 -0.573360
v 0.855151 1.255797 -0.478360
v 0.870000 1.239128 -0.572681
v 0.870000 1.249684 -0.477681
v 0.884849 1.245242 -0.573360
v 0.884849 1.255797 -0.478360
v 0.891000 1.260000 -0.575000
v 0.891000 1.270556 -0.480000
v 0.884849 1.274758 -0.576640
v 0.884849 1.285314 -0.481640
v 0.870000 1.280872 -0.577319
v 0.870000 1.291427 -0.482319
v 0.855151 1.274758 -0.576640
v 0.855151 1.285314 -0.481640
v 0.849000 1.260000 -0.575000
v 0.849000 1.270556 -0.480000
v 0.849000 1.270556 -0.480000
v 0.849000 1.302222 -0.385000
v 0.855151 1.256468 -0.475304
v 0.855151 1.288135 -0.380304
v 0.870000 1.250633 -0.473359
v 0.870000 1.282300 -0.378359
v 0.884849 1.256468 -0.475304
v 0.884849 1.288135 -0.380304
v 0.891000 1.270556 -0.480000
v 0.891000 1.302222 -0.385000
v 0.884849 1.284643 -0.484696
v 0.884849 1.316309 -0.389696
v 0.870000 1.290478 -0.486641
v 0.870000 1.322145 -0.391641
v 0.855151 1.284643 -0.484696
v 0.855151 1.316309 -0.389696
v 0.849000 1.270556 -0.480000
v 0.849000 1.302222 -0.385000
v 0.849000 1.302222 -0.385000
v 0.849000 1.355000 -0.290000
v 0.855151 1.289242 -0.377789
v 0.855151 1.342019 -0.282789
v 0.870000 1.283865 -0.374801
v 0.870000 1.336643 -0.279801
v 0.884849 1.289242 -0.377789
v 0.884849 1.342019 -0.282789
v 0.891000 1.302222 -0.385000
v 0.891000 1.355000 -0.290000
v 0.884849 1.315203 -0.392211
v 0.884849 1.367981 -0.297211
v 0.870000 1.320580 -0.395199
v 0.870000 1.373357 -0.300199
v 0.855151 1.315203 -0.392211
v 0.855151 1.367981 -0.297211
v 0.849000 1.302222 -0.385000
v 0.849000 1.355000 -0.290000
v 0.854000 1.205000 -0.860000
v 0.854000 1.172778 -0.765000
v 0.858686 1.194286 -0.863634
v 0.858686 1.162064 -0.768634
v 0.870000 1.189848 -0.865139
v 0.870000 1.157626 -0.770139
v 0.881314 1.194286 -0.863634
v 0.881314 1.162064 -0.768634
v 0.886000 1.205000 -0.860000
v 0.886000 1.172778 -0.765000
v 0.881314 1.215714 -0.856366
v 0.881314 1.183492 -0.761366
v 0.870000 1.220152 -0.854861
v 0.870000 1.187930 -0.759861
v 0.858686 1.215714 -0.856366
v 0.858686 1.183492 -0.761366
v 0.854000 1.205000 -0.860000
v 0.854000 1.172778 -0.765000
v 0.854000 1.172778 -0.765000
v 0.854000 1.153444 -0.670000
v 0.858686 1.161691 -0.767256
v 0.858686 1.142358 -0.672256
v 0.870000 1.157099 -0.768191
v 0.870000 1.137766 -0.673191
v 0.881314 1.161691 -0.767256
v 0.881314 1.142358 -0.672256
v 0.886000 1.172778 -0.765000
v 0.886000 1.153444 -0.670000
v 0.881314 1.183864 -0.762744
v 0.881314 1.164531 -0.667744
v 0.870000 1.188456 -0.761809
v 0.870000 1.169123 -0.666809
v 0.858686 1.183864 -0.762744
v 0.858686 1.164531 -0.667744
v 0.854000 1.172778 -0.765000
v 0.854000 1.153444 -0.670000
v 0.854000 1.153444 -0.670000
v 0.854000 1.147000 -0.575000
v 0.858686 1.142157 -0.670766
v 0.858686 1.135712 -0.575766
v 0.870000 1.137481 -0.671083
v 0.870000 1.131037 -0.576083
v 0.881314 1.142157 -0.670766
v 0.881314 1.135712 -0.575766
v 0.886000 1.153444 -0.670000
v 0.886000 1.147000 -0.575000
v 0.881314 1.164732 -0.669234
v 0.881314 1.158288 -0.574234
v 0.870000 1.169408 -0.668917
v 0.870000 1.162963 -0.573917
v 0.858686 1.164732 -0.669234
v 0.858686 1.158288 -0.574234
v 0.854000 1.153444 -0.670000
v 0.854000 1.147000 -0.575000
v 0.854000 1.147000 -0.575000
v 0.854000 1.153444 -0.480000
v 0.858686 1.135712 -0.574234
v 0.858686 1.142157 -0.479234
v 0.870000 1.131037 -0.573917
v 0.870000 1.137481 -0.478917
v 0.881314 1.135712 -0.574234
v 0.881314 1.142157 -0.479234
v 0.886000 1.147000 -0.575000
v 0.886000 1.153444 -0.480000
v 0.881314 1.158288 -0.575766
v 0.881314 1.164732 -0.480766
v 0.870000 1.162963 -0.576083
v 0.870000 1.169408 -0.481083
v 0.858686 1.158288 -0.575766
v 0.858686 1.164732 -0.480766
v 0.854000 1.147000 -0.575000
v 0.854000 1.153444 -0.480000
v 0.854000 1.153444 -0.480000
v 0.854000 1.172778 -0.385000
v 0.858686 1.142358 -0.477744
v 0.858686 1.161691 -0.382744
v 0.870000 1.137766 -0.476809
v 0.870000 1.157099 -0.381809
v 0.881314 1.142358 -0.477744
v 0.881314 1.161691 -0.382744
v 0.886000 1.153444 -0.480000
v 0.886000 1.172778 -0.385000
v 0.881314 1.164531 -0.482256
v 0.881314 1.183864 -0.387256
v 0.870000 1.169123 -0.483191
v 0.870000 1.188456 -0.388191
v 0.858686 1.164531 -0.482256
v 0.858686 1.183864 -0.387256
v 0.854000 1.153444 -0.480000
v 0.854000 1.172778 -0.385000
v 0.854000 1.172778 -0.385000
v 0.854000 1.205000 -0.290000
v 0.858686 1.162064 -0.381366
v 0.858686 1.194286 -0.286366
v 0.870000 1.157626 -0.379861
v 0.870000 1.189848 -0.284861
v 0.881314 1.162064 -0.381366
v 0.881314 1.194286 -0.286366
v 0.886000 1.172778 -0.385000
v 0.886000 1.205000 -0.290000
v 0.881314 1.183492 -0.388634
v 0.881314 1.215714 -0.293634
v 0.870000 1.187930 -0.390139
v 0.870000 1.220152 -0.295139
v 0.858686 1.183492 -0.388634
v 0.858686 1.215714 -0.293634
v 0.854000 1.172778 -0.385000
v 0.854000 1.205000 -0.290000
v 0.849000 1.355000 -0.290000
v 0.849000 1.302222 -0.193333
v 0.855151 1.341967 -0.297116
v 0.855151 1.289189 -0.200449
v 0.870000 1.336568 -0.300063
v 0.870000 1.283790 -0.203397
v 0.884849 1.341967 -0.297116
v 0.884849 1.289189 -0.200449
v 0.891000 1.355000 -0.290000
v 0.891000 1.302222 -0.193333
v 0.884849 1.368033 -0.282884
v 0.884849 1.315255 -0.186217
v 0.870000 1.373432 -0.279937
v 0.870000 1.320654 -0.183270
v 0.855151 1.368033 -0.282884
v 0.855151 1.315255 -0.186217
v 0.849000 1.355000 -0.290000
v 0.849000 1.302222 -0.193333
v 0.849000 1.302222 -0.193333
v 0.849000 1.270556 -0.096667
v 0.855151 1.288111 -0.197956
v 0.855151 1.256444 -0.101289
v 0.870000 1.282266 -0.199871
v 0.870000 1.250599 -0.103204
v 0.884849 1.288111 -0.197956
v 0.884849 1.256444 -0.101289
v 0.891000 1.302222 -0.193333
v 0.891000 1.270556 -0.096667
v 0.884849 1.316334 -0.188711
v 0.884849 1.284667 -0.092044
v 0.870000 1.322179 -0.186796
v 0.870000 1.290512 -0.090129
v 0.855151 1.316334 -0.188711
v 0.855151 1.284667 -0.092044
v 0.849000 1.302222 -0.193333
v 0.849000 1.270556 -0.096667
v 0.849000 1.270556 -0.096667
v 0.849000 1.260000 0.000000
v 0.855151 1.255794 -0.098279
v 0.855151 1.245239 -0.001612
v 0.870000 1.249680 -0.098946
v 0.870000 1.239124 -0.002280
v 0.884849 1.255794 -0.098279
v 0.884849 1.245239 -0.001612
v 0.891000 1.270556 -0.096667
v 0.891000 1.260000 -0.000000
v 0.884849 1.285317 -0.095055
v 0.884849 1.274761 0.001612
v 0.870000 1.291431 -0.094387
v 0.870000 1.280876 0.002280
v 0.855151 1.285317 -0.095055
v 0.855151 1.274761 0.001612
v 0.849000 1.270556 -0.096667
v 0.849000 1.260000 0.000000
v 0.849000 1.260000 0.000000
v 0.849000 1.270556 0.096667
v 0.855151 1.245239 0.001612
v 0.855151 1.255794 0.098279
v 0.870000 1.239124 0.002280
v 0.870000 1.249680 0.098946
v 0.884849 1.245239 0.001612
v 0.884849 1.255794 0.098279
v 0.891000 1.260000 0.000000
v 0.891000 1.270556 0.096667
v 0.884849 1.274761 -0.001612
v 0.884849 1.285317 0.095055
v 0.870000 1.280876 -0.002280
v 0.870000 1.291431 0.094387
v 0.855151 1.274761 -0.001612
v 0.855151 1.285317 0.095055
v 0.849000 1.260000 -0.000000
v 0.849000 1.270556 0.096667
v 0.849000 1.270556 0.096667
v 0.849000 1.302222 0.193333
v 0.855151 1.256444 0.101289
v 0.855151 1.288111 0.197956
v 0.870000 1.250599 0.103204
v 0.870000 1.282266 0.199871
v 0.884849 1.256444 0.101289
v 0.884849 1.288111 0.197956
v 0.891000 1.270556 0.096667
v 0.891000 1.302222 0.193333
v 0.884849 1.284667 0.092044
v 0.884849 1.316334 0.188711
v 0.870000 1.290512 0.090129
v 0.870000 1.322179 0.186796
v 0.855151 1.284667 0.092044
v 0.855151 1.316334 0.188711
v 0.849000 1.270556 0.096667
v 0.849000 1.302222 0.193333
v 0.849000 1.302222 0.193333
v 0.849000 1.355000 0.290000
v 0.855151 1.289189 0.200449
v 0.855151 1.341967 0.297116
v 0.870000 1.283790 0.203397
v 0.870000 1.336568 0.300063
v 0.884849 1.289189 0.200449
v 0.884849 1.341967 0.297116
v 0.891000 1.302222 0.193333
v 0.891000 1.355000 0.290000
v 0.884849 1.315255 0.186217
v 0.884849 1.368033 0.282884
v 0.870000 1.320654 0.183270
v 0.870000 1.373432 0.279937
v 0.855151 1.315255 0.186217
v 0.855151 1.368033 0.282884
v 0.849000 1.302222 0.193333
v 0.849000 1.355000 0.290000
v 0.854000 1.205000 -0.290000
v 0.854000 1.172778 -0.193333
v 0.858686 1.194267 -0.293578
v 0.858686 1.162045 -0.196911
v 0.870000 1.189821 -0.295060
v 0.870000 1.157599 -0.198393
v 0.881314 1.194267 -0.293578
v 0.881314 1.162045 -0.196911
v 0.886000 1.205000 -0.290000
v 0.886000 1.172778 -0.193333
v 0.881314 1.215733 -0.286422
v 0.881314 1.183511 -0.189756
v 0.870000 1.220179 -0.284940
v 0.870000 1.187957 -0.188274
v 0.858686 1.215733 -0.286422
v 0.858686 1.183511 -0.189756
v 0.854000 1.205000 -0.290000
v 0.854000 1.172778 -0.193333
v 0.854000 1.172778 -0.193333
v 0.854000 1.153444 -0.096667
v 0.858686 1.161684 -0.195552
v 0.858686 1.142350 -0.098885
v 0.870000 1.157088 -0.196471
v 0.870000 1.137755 -0.099805
v 0.881314 1.161684 -0.195552
v 0.881314 1.142350 -0.098885
v 0.886000 1.172778 -0.193333
v 0.886000 1.153444 -0.096667
v 0.881314 1.183872 -0.191115
v 0.881314 1.164538 -0.094448
v 0.870000 1.188467 -0.190195
v 0.870000 1.169134 -0.093529
v 0.858686 1.183872 -0.191115
v 0.858686 1.164538 -0.094448
v 0.854000 1.172778 -0.193333
v 0.854000 1.153444 -0.096667
v 0.854000 1.153444 -0.096667
v 0.854000 1.147000 0.000000
v 0.858686 1.142156 -0.097419
v 0.858686 1.135711 -0.000753
v 0.870000 1.137480 -0.097731
v 0.870000 1.131035 -0.001064
v 0.881314 1.142156 -0.097419
v 0.881314 1.135711 -0.000753
v 0.886000 1.153444 -0.096667
v 0.886000 1.147000 -0.000000
v 0.881314 1.164733 -0.095914
v 0.881314 1.158289 0.000753
v 0.870000 1.169409 -0.095602
v 0.870000 1.162965 0.001064
v 0.858686 1.164733 -0.095914
v 0.858686 1.158289 0.000753
v 0.854000 1.153444 -0.096667
v 0.854000 1.147000 0.000000
v 0.854000 1.147000 0.000000
v 0.854000 1.153444 0.096667
v 0.858686 1.135711 0.000753
v 0.858686 1.142156 0.097419
v 0.870000 1.131035 0.001064
v 0.870000 1.137480 0.097731
v 0.881314 1.135711 0.000753
v 0.881314 1.142156 0.097419
v 0.886000 1.147000 0.000000
v 0.886000 1.153444 0.096667
v 0.881314 1.158289 -0.000753
v 0.881314 1.164733 0.095914
v 0.870000 1.162965 -0.001064
v 0.870000 1.169409 0.095602
v 0.858686 1.158289 -0.000753
v 0.858686 1.164733 0.095914
v 0.854000 1.147000 -0.000000
v 0.854000 1.153444 0.096667
v 0.854000 1.153444 0.096667
v 0.854000 1.172778 0.193333
v 0.858686 1.142350 0.098885
v 0.858686 1.161684 0.195552
v 0.870000 1.137755 0.099805
v 0.870000 1.157088 0.196471
v 0.881314 1.142350 0.098885
v 0.881314 1.161684 0.195552
v 0.886000 1.153444 0.096667
v 0.886000 1.172778 0.193333
v 0.881314 1.164538 0.094448
v 0.881314 1.183872 0.191115
v 0.870000 1.169134 0.093529
v 0.870000 1.188467 0.190195
v 0.858686 1.164538 0.094448
v 0.858686 1.183872 0.191115
v 0.854000 1.153444 0.096667
v 0.854000 1.172778 0.193333
v 0.854000 1.172778 0.193333
v 0.854000 1.205000 0.290000
v 0.858686 1.162045 0.196911
v 0.858686 1.194267 0.293578
v 0.870000 1.157599 0.198393
v 0.870000 1.189821 0.295060
v 0.881314 1.162045 0.196911
v 0.881314 1.194267 0.293578
v 0.886000 1.172778 0.193333
v 0.886000 1.205000 0.290000
v 0.881314 1.183511 0.189756
v 0.881314 1.215733 0.286422
v 0.870000 1.187957 0.188274
v 0.870000 1.220179 0.284940
v 0.858686 1.183511 0.189756
v 0.858686 1.215733 0.286422
v 0.854000 1.172778 0.193333
v 0.854000 1.205000 0.290000
v 0.849000 1.355000 0.290000
v 0.849000 1.302222 0.385000
v 0.855151 1.342019 0.282789
v 0.855151 1.289242 0.377789
v 0.870000 1.336643 0.279801
v 0.870000 1.283865 0.374801
v 0.884849 1.342019 0.282789
v 0.884849 1.289242 0.377789
v 0.891000 1.355000 0.290000
v 0.891000 1.302222 0.385000
v 0.884849 1.367981 0.297211
v 0.884849 1.315203 0.392211
v 0.870000 1.373357 0.300199
v 0.870000 1.320580 0.395199
v 0.855151 1.367981 0.297211
v 0.855151 1.315203 0.392211
v 0.849000 1.355000 0.290000
v 0.849000 1.302222 0.385000
v 0.849000 1.302222 0.385000
v 0.849000 1.270556 0.480000
v 0.855151 1.288135 0.380304
v 0.855151 1.256468 0.475304
v 0.870000 1.282300 0.378359
v 0.870000 1.250633 0.473359
v 0.884849 1.288135 0.380304
v 0.884849 1.256468 0.475304
v 0.891000 1.302222 0.385000
v 0.891000 1.270556 0.480000
v 0.884849 1.316309 0.389696
v 0.884849 1.284643 0.484696
v 0.870000 1.322145 0.391641
v 0.870000 1.290478 0.486641
v 0.855151 1.316309 0.389696
v 0.855151 1.284643 0.484696
v 0.849000 1.302222 0.385000
v 0.849000 1.270556 0.480000
v 0.849000 1.270556 0.480000
v 0.849000 1.260000 0.575000
v 0.855151 1.255797 0.478360
v 0.855151 1.245242 0.573360
v 0.870000 1.249684 0.477681
v 0.870000 1.239128 0.572681
v 0.884849 1.255797 0.478360
v 0.884849 1.245242 0.573360
v 0.891000 1.270556 0.480000
v 0.891000 1.260000 0.575000
v 0.884849 1.285314 0.481640
v 0.884849 1.274758 0.576640
v 0.870000 1.291427 0.482319
v 0.870000 1.280872 0.577319
v 0.855151 1.285314 0.481640
v 0.855151 1.274758 0.576640
v 0.849000 1.270556 0.480000
v 0.849000 1.260000 0.575000
v 0.849000 1.260000 0.575000
v 0.849000 1.270556 0.670000
v 0.855151 1.245242 0.576640
v 0.855151 1.255797 0.671640
v 0.870000 1.239128 0.577319
v 0.870000 1.249684 0.672319
v 0.884849 1.245242 0.576640
v 0.884849 1.255797 0.671640
v 0.891000 1.260000 0.575000
v 0.891000 1.270556 0.670000
v 0.884849 1.274758 0.573360
v 0.884849 1.285314 0.668360
v 0.870000 1.280872 0.572681
v 0.870000 1.291427 0.667681
v 0.855151 1.274758 0.573360
v 0.855151 1.285314 0.668360
v 0.849000 1.260000 0.575000
v 0.849000 1.270556 0.670000
v 0.849000 1.270556 0.670000
v 0.849000 1.302222 0.765000
v 0.855151 1.256468 0.674696
v 0.855151 1.288135 0.769696
v 0.870000 1.250633 0.676641
v 0.870000 1.282300 0.771641
v 0.884849 1.256468 0.674696
v 0.884849 1.288135 0.769696
v 0.891000 1.270556 0.670000
v 0.891000 1.302222 0.765000
v 0.884849 1.284643 0.665304
v 0.884849 1.316309 0.760304
v 0.870000 1.290478 0.663359
v 0.870000 1.322145 0.758359
v 0.855151 1.284643 0.665304
v 0.855151 1.316309 0.760304
v 0.849000 1.270556 0.670000
v 0.849000 1.302222 0.765000
v 0.849000 1.302222 0.765000
v 0.849000 1.355000 0.860000
v 0.855151 1.289242 0.772211
v 0.855151 1.342019 0.867211
v 0.870000 1.283865 0.775199
v 0.870000 1.336643 0.870199
v 0.884849 1.289242 0.772211
v 0.884849 1.342019 0.867211
v 0.891000 1.302222 0.765000
v 0.891000 1.355000 0.860000
v 0.884849 1.315203 0.757789
v 0.884849 1.367981 0.852789
v 0.870000 1.320580 0.754801
v 0.870000 1.373357 0.849801
v 0.855151 1.315203 0.757789
v 0.855151 1.367981 0.852789
v 0.849000 1.302222 0.765000
v 0.849000 1.355000 0.860000
v 0.854000 1.205000 0.290000
v 0.854000 1.172778 0.385000
v 0.858686 1.194286 0.286366
v 0.858686 1.162064 0.381366
v 0.870000 1.189848 0.284861
v 0.870000 1.157626 0.379861
v 0.881314 1.194286 0.286366
v 0.881314 1.162064 0.381366
v 0.886000 1.205000 0.290000
v 0.886000 1.172778 0.385000
v 0.881314 1.215714 0.293634
v 0.881314 1.183492 0.388634
v 0.870000 1.220152 0.295139
v 0.870000 1.187930 0.390139
v 0.858686 1.215714 0.293634
v 0.858686 1.183492 0.388634
v 0.854000 1.205000 0.290000
v 0.854000 1.172778 0.385000
v 0.854000 1.172778 0.385000
v 0.854000 1.153444 0.480000
v 0.858686 1.161691 0.382744
v 0.858686 1.142358 0.477744
v 0.870000 1.157099 0.381809
v 0.870000 1.137766 0.476809
v 0.881314 1.161691 0.382744
v 0.881314 1.142358 0.477744
v 0.886000 1.172778 0.385000
v 0.886000 1.153444 0.480000
v 0.881314 1.183864 0.387256
v 0.881314 1.164531 0.482256
v 0.870000 1.188456 0.388191
v 0.870000 1.169123 0.483191
v 0.858686 1.183864 0.387256
v 0.858686 1.164531 0.482256
v 0.854000 1.172778 0.385000
v 0.854000 1.153444 0.480000
v 0.854000 1.153444 0.480000
v 0.854000 1.147000 0.575000
v 0.858686 1.142157 0.479234
v 0.858686 1.135712 0.574234
v 0.870000 1.137481 0.478917
v 0.870000 1.131037 0.573917
v 0.881314 1.142157 0.479234
v 0.881314 1.135712 0.574234
v 0.886000 1.153444 0.480000
v 0.886000 1.147000 0.575000
v 0.881314 1.164732 0.480766
v 0.881314 1.158288 0.575766
v 0.870000 1.169408 0.481083
v 0.870000 1.162963 0.576083
v 0.858686 1.164732 0.480766
v 0.858686 1.158288 0.575766
v 0.854000 1.153444 0.480000
v 0.854000 1.147000 0.575000
v 0.854000 1.147000 0.575000
v 0.854000 1.153444 0.670000
v 0.858686 1.135712 0.575766
v 0.858686 1.142157 0.670766
v 0.870000 1.131037 0.576083
v 0.870000 1.137481 0.671083
v 0.881314 1.135712 0.575766
v 0.881314 1.142157 0.670766
v 0.886000 1.147000 0.575000
v 0.886000 1.153444 0.670000
v 0.881314 1.158288 0.574234
v 0.881314 1.164732 0.669234
v 0.870000 1.162963 0.573917
v 0.870000 1.169408 0.668917
v 0.858686 1.158288 0.574234
v 0.858686 1.164732 0.669234
v 0.854000 1.147000 0.575000
v 0.854000 1.153444 0.670000
v 0.854000 1.153444 0.670000
v 0.854000 1.172778 0.765000
v 0.858686 1.142358 0.672256
v 0.858686 1.161691 0.767256
v 0.870000 1.137766 0.673191
v 0.870000 1.157099 0.768191
v 0.881314 1.142358 0.672256
v 0.881314 1.161691 0.767256
v 0.886000 1.153444 0.670000
v 0.886000 1.172778 0.765000
v 0.881314 1.164531 0.667744
v 0.881314 1.183864 0.762744
v 0.870000 1.169123 0.666809
v 0.870000 1.188456 0.761809
v 0.858686 1.164531 0.667744
v 0.858686 1.183864 0.762744
v 0.854000 1.153444 0.670000
v 0.854000 1.172778 0.765000
v 0.854000 1.172778 0.765000
v 0.854000 1.205000 0.860000
v 0.858686 1.162064 0.768634
v 0.858686 1.194286 0.863634
v 0.870000 1.157626 0.770139
v 0.870000 1.189848 0.865139
v 0.881314 1.162064 0.768634
v 0.881314 1.194286 0.863634
v 0.886000 1.172778 0.765000
v 0.886000 1.205000 0.860000
v 0.881314 1.183492 0.761366
v 0.881314 1.215714 0.856366
v 0.870000 1.187930 0.759861
v 0.870000 1.220152 0.854861
v 0.858686 1.183492 0.761366
v 0.858686 1.215714 0.856366
v 0.854000 1.172778 0.765000
v 0.854000 1.205000 0.860000
vt 0.000000 1.000000
vt 1.000000 1.000000
vt 1.000000 0.000000
vt 0.000000 0.000000
vt 0.000000 1.000000
vt 1.000000 1.000000
vt 1.000000 0.000000
vt 0.000000 0.000000
vt 0.000000 1.000000
vt 1.000000 1.000000
vt 1.000000 0.000000
vt 0.000000 0.000000
vt 0.000000 1.000000
vt 1.000000 1.000000
vt 1.000000 0.000000
vt 0.000000 0.000000
vt 0.000000 1.000000
vt 1.000000 1.000000
vt 1.000000 0.000000
vt 0.000000 0.000000
vt 0.000000 1.000000
vt 1.000000 1.000000
vt 1.000000 0.000000
vt 0.000000 0.000000
vt 0.000000 1.000000
vt 1.000000 1.000000
vt 1.000000 0.000000
vt 0.000000 0.000000
vt 0.000000 1.000000
vt 1.000000 1.000000
vt 1.000000 0.000000
vt 0.000000 0.000000
vt 0.000000 1.000000
vt 1.000000 1.000000
vt 1.000000 0.000000
vt 0.000000 0.000000
vt 0.000000 1.000000
vt 1.000000 1.000000
vt 1.000000 0.000000
vt 0.000000 0.000000
vt 0.000000 1.000000
vt 1.000000 1.000000
vt 1.000000 0.000000
vt 0.000000 0.000000
vt 0.000000 1.000000
vt 1.000000 1.000000
vt 1.000000 0.000000
vt 0.000000 0.000000
vt 0.000000 1.000000
vt 1.000000 1.000000
vt 1.000000 0.000000
vt 0.000000 0.000000
vt 0.000000 1.000000
vt 1.000000 1.000000
vt 1.000000 0.000000
vt 0.000000 0.000000
vt 0.000000 1.000000
vt 1.000000 1.000000
vt 1.000000 0.000000
vt 0.000000 0.000000
vt 0.000000 1.000000
vt 1.000000 1.000000
vt 1.000000 0.000000
vt 0.000000 0.000000
vt 0.000000 1.000000
vt 1.000000 1.000000
vt 1.000000 0.000000
vt 0.000000 0.000000
vt 0.000000 1.000000
vt 1.000000 1.000000
vt 1.000000 0.000000
vt 0.000000 0.000000
vt 0.000000 1.000000
vt 1.000000 1.000000
vt 1.000000 0.000000
vt 0.000000 0.000000
vt 0.000000 1.000000
vt 1.000000 1.000000
vt 1.000000 0.000000
vt 0.000000 0.000000
vt 0.000000 1.000000
vt 1.000000 1.000000
vt 1.000000 0.000000
vt 0.000000 0.000000
vt 0.000000 1.000000
vt 1.000000 1.000000
vt 1.000000 0.000000
vt 0.000000 0.000000
vt 0.000000 1.000000
vt 1.000000 1.000000
vt 1.000000 0.000000
vt 0.000000 0.000000
vt 0.000000 1.000000
vt 1.000000 1.000000
vt 1.000000 0.000000
vt 0.000000 0.000000
vt 0.000000 1.000000
vt 1.000000 1.000000
vt 1.000000 0.000000
vt 0.000000 0.000000
vt 0.000000 1.000000
vt 1.000000 1.000000
vt 1.000000 0.000000
vt 0.000000 0.000000
vt 0.000000 1.000000
vt 1.000000 1.000000
vt 1.000000 0.000000
vt 0.000000 0.000000
vt 0.000000 1.000000
vt 1.000000 1.000000
vt 1.000000 0.000000
vt 0.000000 0.000000
vt 0.000000 1.000000
vt 1.000000 1.000000
vt 1.000000 0.000000
vt 0.000000 0.000000
vt 0.000000 1.000000
vt 1.000000 1.000000
vt 1.000000 0.000000
vt 0.000000 0.000000
vt 0.000000 1.000000
vt 1.000000 1.000000
vt 1.000000 0.000000
vt 0.000000 0.000000
vt 0.000000 1.000000
vt 1.000000 1.000000
vt 1.000000 0.000000
vt 0.000000 0.000000
vt 0.000000 1.000000
vt 1.000000 1.000000
vt 1.000000 0.000000
vt 0.000000 0.000000
vt 0.000000 1.000000
vt 1.000000 1.000000
vt 1.000000 0.000000
vt 0.000000 0.000000
vt 0.000000 1.000000
vt 1.000000 1.000000
vt 1.000000 0.000000
vt 0.000000 0.000000
vt 0.000000 1.000000
vt 1.000000 1.000000
vt 1.000000 0.000000
vt 0.000000 0.000000
vt 0.000000 1.000000
vt 1.000000 1.000000
vt 1.000000 0.000000
vt 0.000000 0.000000
vt 0.000000 1.000000
vt 1.000000 1.000000
vt 1.000000 0.000000
vt 0.000000 0.000000
vt 0.000000 1.000000
vt 1.000000 1.000000
vt 1.000000 0.000000
vt 0.000000 0.000000
vt 0.000000 1.000000
vt 1.000000 1.000000
vt 1.000000 0.000000
vt 0.000000 0.000000
vt 0.000000 1.000000
vt 1.000000 1.000000
vt 1.000000 0.000000
vt 0.000000 0.000000
vt 0.000000 1.000000
vt 1.000000 1.000000
vt 1.000000 0.000000
vt 0.000000 0.000000
vt 0.000000 1.000000
vt 1.000000 1.000000
vt 1.000000 0.000000
vt 0.000000 0.000000
vt 0.000000 1.000000
vt 1.000000 1.000000
vt 1.000000 0.000000
vt 0.000000 0.000000
vt 0.000000 1.000000
vt 1.000000 1.000000
vt 1.000000 0.000000
vt 0.000000 0.000000
vt 0.000000 1.000000
vt 1.000000 1.000000
vt 1.000000 0.000000
vt 0.000000 0.000000
vt 0.000000 1.000000
vt 1.000000 1.000000
vt 1.000000 0.000000
vt 0.000000 0.000000
vt 0.000000 1.000000
vt 1.000000 1.000000
vt 1.000000 0.000000
vt 0.000000 0.000000
vt 0.000000 1.000000
vt 1.000000 1.000000
vt 1.000000 0.000000
vt 0.000000 0.000000
vt 0.000000 1.000000
vt 1.000000 1.000000
vt 1.000000 0.000000
vt 0.000000 0.000000
vt 0.000000 1.000000
vt 1.000000 1.000000
vt 1.000000 0.000000
vt 0.000000 0.000000
vt 0.000000 1.000000
vt 1.000000 1.000000
vt 1.000000 0.000000
vt 0.000000 0.000000
vt 0.000000 1.000000
vt 1.000000 1.000000
vt 1.000000 0.000000
vt 0.000000 0.000000
vt 0.000000 1.000000
vt 1.000000 1.000000
vt 1.000000 0.000000
vt 0.000000 0.000000
vt 0.000000 1.000000
vt 1.000000 1.000000
vt 1.000000 0.000000
vt 0.000000 0.000000
vt 0.000000 1.000000
vt 1.000000 1.000000
vt 1.000000 0.000000
vt 0.000000 0.000000
vt 0.000000 1.000000
vt 1.000000 1.000000
vt 1.000000 0.000000
vt 0.000000 0.000000
vt 0.000000 1.000000
vt 1.000000 1.000000
vt 1.000000 0.000000
vt 0.000000 0.000000
vt 0.000000 1.000000
vt 1.000000 1.000000
vt 1.000000 0.000000
vt 0.000000 0.000000
vt 0.000000 1.000000
vt 1.000000 1.000000
vt 1.000000 0.000000
vt 0.000000 0.000000
vt 0.000000 1.000000
vt 1.000000 1.000000
vt 1.000000 0.000000
vt 0.000000 0.000000
vt 0.000000 1.000000
vt 1.000000 1.000000
vt 1.000000 0.000000
vt 0.000000 0.000000
vt 0.000000 1.000000
vt 1.000000 1.000000
vt 1.000000 0.000000
vt 0.000000 0.000000
vt 0.000000 1.000000
vt 1.000000 1.000000
vt 1.000000 0.000000
vt 0.000000 0.000000
vt 0.000000 1.000000
vt 1.000000 1.000000
vt 1.000000 0.000000
vt 0.000000 0.000000
vt 0.000000 1.000000
vt 1.000000 1.000000
vt 1.000000 0.000000
vt 0.000000 0.000000
vt 0.000000 1.000000
vt 1.000000 1.000000
vt 1.000000 0.000000
vt 0.000000 0.000000
vt 0.000000 1.000000
vt 1.000000 1.000000
vt 1.000000 0.000000
vt 0.000000 0.000000
vt 0.000000 1.000000
vt 1.000000 1.000000
vt 1.000000 0.000000
vt 0.000000 0.000000
vt 0.000000 1.000000
vt 1.000000 1.000000
vt 1.000000 0.000000
vt 0.000000 0.000000
vt 0.000000 1.000000
vt 1.000000 1.000000
vt 1.000000 0.000000
vt 0.000000 0.000000
vt 0.000000 1.000000
vt 1.000000 1.000000
vt 1.000000 0.000000
vt 0.000000 0.000000
vt 0.000000 1.000000
vt 1.000000 1.000000
vt 1.000000 0.000000
vt 0.000000 0.000000
vt 0.000000 1.000000
vt 1.000000 1.000000
vt 1.000000 0.000000
vt 0.000000 0.000000
vt 0.000000 1.000000
vt 1.000000 1.000000
vt 1.000000 0.000000
vt 0.000000 0.000000
vt 0.000000 1.000000
vt 1.000000 1.000000
vt 1.000000 0.000000
vt 0.000000 0.000000
vt 0.000000 1.000000
vt 1.000000 1.000000
vt 1.000000 0.000000
vt 0.000000 0.000000
vt 0.000000 1.000000
vt 1.000000 1.000000
vt 1.000000 0.000000
vt 0.000000 0.000000
vt 0.000000 1.000000
vt 1.000000 1.000000
vt 1.000000 0.000000
vt 0.000000 0.000000
vt 0.000000 1.000000
vt 1.000000 1.000000
vt 1.000000 0.000000
vt 0.000000 0.000000
vt 0.000000 1.000000
vt 1.000000 1.000000
vt 1.000000 0.000000
vt 0.000000 0.000000
vt 0.000000 1.000000
vt 1.000000 1.000000
vt 1.000000 0.000000
vt 0.000000 0.000000
vt 0.000000 1.000000
vt 1.000000 1.000000
vt 1.000000 0.000000
vt 0.000000 0.000000
vt 0.000000 1.000000
vt 1.000000 1.000000
vt 1.000000 0.000000
vt 0.000000 0.000000
vt 0.000000 1.000000
vt 1.000000 1.000000
vt 1.000000 0.000000
vt 0.000000 0.000000
vt 0.000000 1.000000
vt 1.000000 1.000000
vt 1.000000 0.000000
vt 0.000000 0.000000
vt 0.000000 1.000000
vt 1.000000 1.000000
vt 1.000000 0.000000
vt 0.000000 0.000000
vt 0.000000 1.000000
vt 1.000000 1.000000
vt 1.000000 0.000000
vt 0.000000 0.000000
vt 0.000000 1.000000
vt 1.000000 1.000000
vt 1.000000 0.000000
vt 0.000000 0.000000
vt 0.000000 1.000000
vt 1.000000 1.000000
vt 1.000000 0.000000
vt 0.000000 0.000000
vt 0.000000 1.000000
vt 1.000000 1.000000
vt 1.000000 0.000000
vt 0.000000 0.000000
vt 0.000000 1.000000
vt 1.000000 1.000000
vt 1.000000 0.000000
vt 0.000000 0.000000
vt 0.000000 1.000000
vt 1.000000 1.000000
vt 1.000000 0.000000
vt 0.000000 0.000000
vt 0.000000 1.000000
vt 1.000000 1.000000
vt 1.000000 0.000000
vt 0.000000 0.000000
vt 0.000000 1.000000
vt 1.000000 1.000000
vt 1.000000 0.000000
vt 0.000000 0.000000
vt 0.000000 1.000000
vt 1.000000 1.000000
vt 1.000000 0.000000
vt 0.000000 0.000000
vt 0.000000 1.000000
vt 1.000000 1.000000
vt 1.000000 0.000000
vt 0.000000 0.000000
vt 0.000000 1.000000
vt 1.000000 1.000000
vt 1.000000 0.000000
vt 0.000000 0.000000
vt 0.000000 1.000000
vt 1.000000 1.000000
vt 1.000000 0.000000
vt 0.000000 0.000000
vt 0.000000 1.000000
vt 1.000000 1.000000
vt 1.000000 0.000000
vt 0.000000 0.000000
vt 0.000000 1.000000
vt 1.000000 1.000000
vt 1.000000 0.000000
vt 0.000000 0.000000
vt 0.000000 1.000000
vt 1.000000 1.000000
vt 1.000000 0.000000
vt 0.000000 0.000000
vt 0.000000 1.000000
vt 1.000000 1.000000
vt 1.000000 0.000000
vt 0.000000 0.000000
vt 0.000000 1.000000
vt 1.000000 1.000000
vt 1.000000 0.000000
vt 0.000000 0.000000
vt 0.000000 1.000000
vt 1.000000 1.000000
vt 1.000000 0.000000
vt 0.000000 0.000000
vt 0.000000 1.000000
vt 1.000000 1.000000
vt 1.000000 0.000000
vt 0.000000 0.000000
vt 0.000000 1.000000
vt 1.000000 1.000000
vt 1.000000 0.000000
vt 0.000000 0.000000
vt 0.000000 1.000000
vt 1.000000 1.000000
vt 1.000000 0.000000
vt 0.000000 0.000000
vt 0.000000 1.000000
vt 1.000000 1.000000
vt 1.000000 0.000000
vt 0.000000 0.000000
vt 0.000000 1.000000
vt 1.000000 1.000000
vt 1.000000 0.000000
vt 0.000000 0.000000
vt 0.000000 1.000000
vt 1.000000 1.000000
vt 1.000000 0.000000
vt 0.000000 0.000000
vt 0.000000 1.000000
vt 1.000000 1.000000
vt 1.000000 0.000000
vt 0.000000 0.000000
vt 0.000000 1.000000
vt 1.000000 1.000000
vt 1.000000 0.000000
vt 0.000000 0.000000
vt 0.000000 1.000000
vt 1.000000 1.000000
vt 1.000000 0.000000
vt 0.000000 0.000000
vt 0.000000 1.000000
vt 1.000000 1.000000
vt 1.000000 0.000000
vt 0.000000 0.000000
vt 0.000000 1.000000
vt 1.000000 1.000000
vt 1.000000 0.000000
vt 0.000000 0.000000
vt 0.000000 1.000000
vt 1.000000 1.000000
vt 1.000000 0.000000
vt 0.000000 0.000000
vt 0.000000 1.000000
vt 1.000000 1.000000
vt 1.000000 0.000000
vt 0.000000 0.000000
vt 0.000000 1.000000
vt 1.000000 1.000000
vt 1.000000 0.000000
vt 0.000000 0.000000
vt 0.000000 1.000000
vt 1.000000 1.000000
vt 1.000000 0.000000
vt 0.000000 0.000000
vt 0.000000 1.000000
vt 1.000000 1.000000
vt 1.000000 0.000000
vt 0.000000 0.000000
vt 0.000000 1.000000
vt 1.000000 1.000000
vt 1.000000 0.000000
vt 0.000000 0.000000
vt 0.000000 1.000000
vt 1.000000 1.000000
vt 1.000000 0.000000
vt 0.000000 0.000000
vt 0.000000 1.000000
vt 1.000000 1.000000
vt 1.000000 0.000000
vt 0.000000 0.000000
vt 0.000000 1.000000
vt 1.000000 1.000000
vt 1.000000 0.000000
vt 0.000000 0.000000
vt 0.000000 1.000000
vt 1.000000 1.000000
vt 1.000000 0.000000
vt 0.000000 0.000000
vt 0.000000 1.000000
vt 1.000000 1.000000
vt 1.000000 0.000000
vt 0.000000 0.000000
vt 0.000000 1.000000
vt 1.000000 1.000000
vt 1.000000 0.000000
vt 0.000000 0.000000
vt 0.000000 1.000000
vt 1.000000 1.000000
vt 1.000000 0.000000
vt 0.000000 0.000000
vt 0.000000 1.000000
vt 1.000000 1.000000
vt 1.000000 0.000000
vt 0.000000 0.000000
vt 0.000000 1.000000
vt 1.000000 1.000000
vt 1.000000 0.000000
vt 0.000000 0.000000
vt 0.000000 1.000000
vt 1.000000 1.000000
vt 1.000000 0.000000
vt 0.000000 0.000000
vt 0.000000 1.000000
vt 1.000000 1.000000
vt 1.000000 0.000000
vt 0.000000 0.000000
vt 0.000000 1.000000
vt 1.000000 1.000000
vt 1.000000 0.000000
vt 0.000000 0.000000
vt 0.000000 1.000000
vt 1.000000 1.000000
vt 1.000000 0.000000
vt 0.000000 0.000000
vt 0.000000 1.000000
vt 1.000000 1.000000
vt 1.000000 0.000000
vt 0.000000 0.000000
vt 0.000000 1.000000
vt 1.000000 1.000000
vt 1.000000 0.000000
vt 0.000000 0.000000
vt 0.000000 1.000000
vt 1.000000 1.000000
vt 1.000000 0.000000
vt 0.000000 0.000000
vt 0.000000 1.000000
vt 1.000000 1.000000
vt 1.000000 0.000000
vt 0.000000 0.000000
vt 0.000000 1.000000
vt 1.000000 1.000000
vt 1.000000 0.000000
vt 0.000000 0.000000
vt 0.000000 1.000000
vt 1.000000 1.000000
vt 1.000000 0.000000
vt 0.000000 0.000000
vt 0.000000 1.000000
vt 1.000000 1.000000
vt 1.000000 0.000000
vt 0.000000 0.000000
vt 0.000000 1.000000
vt 1.000000 1.000000
vt 1.000000 0.000000
vt 0.000000 0.000000
vt 0.000000 1.000000
vt 1.000000 1.000000
vt 1.000000 0.000000
vt 0.000000 0.000000
vt 0.000000 1.000000
vt 1.000000 1.000000
vt 1.000000 0.000000
vt 0.000000 0.000000
vt 0.000000 1.000000
vt 1.000000 1.000000
vt 1.000000 0.000000
vt 0.000000 0.000000
vt 0.000000 1.000000
vt 1.000000 1.000000
vt 1.000000 0.000000
vt 0.000000 0.000000
vt 0.000000 1.000000
vt 1.000000 1.000000
vt 1.000000 0.000000
vt 0.000000 0.000000
vt 0.000000 1.000000
vt 1.000000 1.000000
vt 1.000000 0.000000
vt 0.000000 0.000000
vt 0.000000 1.000000
vt 1.000000 1.000000
vt 1.000000 0.000000
vt 0.000000 0.000000
vt 0.000000 1.000000
vt 1.000000 1.000000
vt 1.000000 0.000000
vt 0.000000 0.000000
vt 0.000000 1.000000
vt 1.000000 1.000000
vt 1.000000 0.000000
vt 0.000000 0.000000
vt 0.000000 1.000000
vt 1.000000 1.000000
vt 1.000000 0.000000
vt 0.000000 0.000000
vt 0.000000 1.000000
vt 1.000000 1.000000
vt 1.000000 0.000000
vt 0.000000 0.000000
vt 0.000000 1.000000
vt 1.000000 1.000000
vt 1.000000 0.000000
vt 0.000000 0.000000
vt 0.000000 1.000000
vt 1.000000 1.000000
vt 1.000000 0.000000
vt 0.000000 0.000000
vt 0.000000 1.000000
vt 1.000000 1.000000
vt 1.000000 0.000000
vt 0.000000 0.000000
vt 0.000000 1.000000
vt 1.000000 1.000000
vt 1.000000 0.000000
vt 0.000000 0.000000
vt 0.000000 1.000000
vt 1.000000 1.000000
vt 1.000000 0.000000
vt 0.000000 0.000000
vt 0.000000 1.000000
vt 1.000000 1.000000
vt 1.000000 0.000000
vt 0.000000 0.000000
vt 0.000000 1.000000
vt 1.000000 1.000000
vt 1.000000 0.000000
vt 0.000000 0.000000
vt 0.000000 1.000000
vt 1.000000 1.000000
vt 1.000000 0.000000
vt 0.000000 0.000000
vt 0.000000 1.000000
vt 1.000000 1.000000
vt 1.000000 0.000000
vt 0.000000 0.000000
vt 0.000000 1.000000
vt 1.000000 1.000000
vt 1.000000 0.000000
vt 0.000000 0.000000
vt 0.000000 1.000000
vt 1.000000 1.000000
vt 1.000000 0.000000
vt 0.000000 0.000000
vt 0.000000 1.000000
vt 1.000000 1.000000
vt 1.000000 0.000000
vt 0.000000 0.000000
vt 0.000000 1.000000
vt 1.000000 1.000000
vt 1.000000 0.000000
vt 0.000000 0.000000
vt 0.000000 1.000000
vt 1.000000 1.000000
vt 1.000000 0.000000
vt 0.000000 0.000000
vt 0.000000 1.000000
vt 1.000000 1.000000
vt 1.000000 0.000000
vt 0.000000 0.000000
vt 0.000000 1.000000
vt 1.000000 1.000000
vt 1.000000 0.000000
vt 0.000000 0.000000
vt 0.000000 1.000000
vt 1.000000 1.000000
vt 1.000000 0.000000
vt 0.000000 0.000000
vt 0.000000 1.000000
vt 1.000000 1.000000
vt 1.000000 0.000000
vt 0.000000 0.000000
vt 0.000000 1.000000
vt 1.000000 1.000000
vt 1.000000 0.000000
vt 0.000000 0.000000
vt 0.000000 1.000000
vt 1.000000 1.000000
vt 1.000000 0.000000
vt 0.000000 0.000000
vt 0.000000 1.000000
vt 1.000000 1.000000
vt 1.000000 0.000000
vt 0.000000 0.000000
vt 0.000000 1.000000
vt 1.000000 1.000000
vt 1.000000 0.000000
vt 0.000000 0.000000
vt 0.000000 1.000000
vt 1.000000 1.000000
vt 1.000000 0.000000
vt 0.000000 0.000000
vt 0.000000 1.000000
vt 1.000000 1.000000
vt 1.000000 0.000000
vt 0.000000 0.000000
vt 0.000000 1.000000
vt 1.000000 1.000000
vt 1.000000 0.000000
vt 0.000000 0.000000
vt 0.000000 1.000000
vt 1.000000 1.000000
vt 1.000000 0.000000
vt 0.000000 0.000000
vt 0.000000 1.000000
vt 1.000000 1.000000
vt 1.000000 0.000000
vt 0.000000 0.000000
vt 0.000000 1.000000
vt 1.000000 1.000000
vt 1.000000 0.000000
vt 0.000000 0.000000
vt 0.000000 1.000000
vt 1.000000 1.000000
vt 1.000000 0.000000
vt 0.000000 0.000000
vt 0.000000 1.000000
vt 1.000000 1.000000
vt 1.000000 0.000000
vt 0.000000 0.000000
vt 0.000000 1.000000
vt 1.000000 1.000000
vt 1.000000 0.000000
vt 0.000000 0.000000
vt 0.000000 1.000000
vt 1.000000 1.000000
vt 1.000000 0.000000
vt 0.000000 0.000000
vt 0.000000 1.000000
vt 1.000000 1.000000
vt 1.000000 0.000000
vt 0.000000 0.000000
vt 0.000000 1.000000
vt 1.000000 1.000000
vt 1.000000 0.000000
vt 0.000000 0.000000
vt 0.000000 1.000000
vt 1.000000 1.000000
vt 1.000000 0.000000
vt 0.000000 0.000000
vt 0.000000 1.000000
vt 1.000000 1.000000
vt 1.000000 0.000000
vt 0.000000 0.000000
vt 0.000000 1.000000
vt 1.000000 1.000000
vt 1.000000 0.000000
vt 0.000000 0.000000
vt 0.000000 1.000000
vt 1.000000 1.000000
vt 1.000000 0.000000
vt 0.000000 0.000000
vt 0.000000 1.000000
vt 1.000000 1.000000
vt 1.000000 0.000000
vt 0.000000 0.000000
vt 0.000000 1.000000
vt 1.000000 1.000000
vt 1.000000 0.000000
vt 0.000000 0.000000
vt 0.000000 1.000000
vt 1.000000 1.000000
vt 1.000000 0.000000
vt 0.000000 0.000000
vt 0.000000 1.000000
vt 1.000000 1.000000
vt 1.000000 0.000000
vt 0.000000 0.000000
vt 0.000000 1.000000
vt 1.000000 1.000000
vt 1.000000 0.000000
vt 0.000000 0.000000
vt 0.000000 1.000000
vt 1.000000 1.000000
vt 1.000000 0.000000
vt 0.000000 0.000000
vt 0.000000 1.000000
vt 1.000000 1.000000
vt 1.000000 0.000000
vt 0.000000 0.000000
vt 0.000000 1.000000
vt 1.000000 1.000000
vt 1.000000 0.000000
vt 0.000000 0.000000
vt 0.000000 1.000000
vt 1.000000 1.000000
vt 1.000000 0.000000
vt 0.000000 0.000000
vt 0.000000 1.000000
vt 1.000000 1.000000
vt 1.000000 0.000000
vt 0.000000 0.000000
vt 0.000000 1.000000
vt 1.000000 1.000000
vt 1.000000 0.000000
vt 0.000000 0.000000
vt 0.000000 1.000000
vt 1.000000 1.000000
vt 1.000000 0.000000
vt 0.000000 0.000000
vt 0.000000 1.000000
vt 1.000000 1.000000
vt 1.000000 0.000000
vt 0.000000 0.000000
vt 0.000000 1.000000
vt 1.000000 1.000000
vt 1.000000 0.000000
vt 0.000000 0.000000
vt 0.000000 1.000000
vt 1.000000 1.000000
vt 1.000000 0.000000
vt 0.000000 0.000000
vt 0.000000 1.000000
vt 1.000000 1.000000
vt 1.000000 0.000000
vt 0.000000 0.000000
vt 0.000000 1.000000
vt 1.000000 1.000000
vt 1.000000 0.000000
vt 0.000000 0.000000
vt 0.000000 1.000000
vt 1.000000 1.000000
vt 1.000000 0.000000
vt 0.000000 0.000000
vt 0.000000 1.000000
vt 1.000000 1.000000
vt 1.000000 0.000000
vt 0.000000 0.000000
vt 0.000000 1.000000
vt 1.000000 1.000000
vt 1.000000 0.000000
vt 0.000000 0.000000
vt 0.000000 1.000000
vt 1.000000 1.000000
vt 1.000000 0.000000
vt 0.000000 0.000000
vt 0.000000 1.000000
vt 1.000000 1.000000
vt 1.000000 0.000000
vt 0.000000 0.000000
vt 0.000000 1.000000
vt 1.000000 1.000000
vt 1.000000 0.000000
vt 0.000000 0.000000
vt 0.000000 1.000000
vt 1.000000 1.000000
vt 1.000000 0.000000
vt 0.000000 0.000000
vt 0.000000 1.000000
vt 1.000000 1.000000
vt 1.000000 0.000000
vt 0.000000 0.000000
vt 0.000000 1.000000
vt 1.000000 1.000000
vt 1.000000 0.000000
vt 0.000000 0.000000
vt 0.000000 1.000000
vt 1.000000 1.000000
vt 1.000000 0.000000
vt 0.000000 0.000000
vt 0.000000 1.000000
vt 1.000000 1.000000
vt 1.000000 0.000000
vt 0.000000 0.000000
vt 0.000000 1.000000
vt 1.000000 1.000000
vt 1.000000 0.000000
vt 0.000000 0.000000
vt 0.000000 1.000000
vt 1.000000 1.000000
vt 1.000000 0.000000
vt 0.000000 0.000000
vt 0.000000 1.000000
vt 1.000000 1.000000
vt 1.000000 0.000000
vt 0.000000 0.000000
vt 0.000000 1.000000
vt 1.000000 1.000000
vt 1.000000 0.000000
vt 0.000000 0.000000
vt 0.000000 1.000000
vt 1.000000 1.000000
vt 1.000000 0.000000
vt 0.000000 0.000000
vt 0.000000 1.000000
vt 1.000000 1.000000
vt 1.000000 0.000000
vt 0.000000 0.000000
vt 0.000000 1.000000
vt 1.000000 1.000000
vt 1.000000 0.000000
vt 0.000000 0.000000
vt 0.000000 1.000000
vt 1.000000 1.000000
vt 1.000000 0.000000
vt 0.000000 0.000000
vt 0.000000 1.000000
vt 1.000000 1.000000
vt 1.000000 0.000000
vt 0.000000 0.000000
vt 0.000000 1.000000
vt 1.000000 1.000000
vt 1.000000 0.000000
vt 0.000000 0.000000
vt 0.000000 1.000000
vt 1.000000 1.000000
vt 1.000000 0.000000
vt 0.000000 0.000000
vt 0.000000 1.000000
vt 1.000000 1.000000
vt 1.000000 0.000000
vt 0.000000 0.000000
vt 0.000000 1.000000
vt 1.000000 1.000000
vt 1.000000 0.000000
vt 0.000000 0.000000
vt 0.000000 1.000000
vt 1.000000 1.000000
vt 1.000000 0.000000
vt 0.000000 0.000000
vt 0.000000 1.000000
vt 1.000000 1.000000
vt 1.000000 0.000000
vt 0.000000 0.000000
vt 0.000000 1.000000
vt 1.000000 1.000000
vt 1.000000 0.000000
vt 0.000000 0.000000
vt 0.000000 1.000000
vt 1.000000 1.000000
vt 1.000000 0.000000
vt 0.000000 0.000000
vt 0.000000 1.000000
vt 1.000000 1.000000
vt 1.000000 0.000000
vt 0.000000 0.000000
vt 0.000000 1.000000
vt 1.000000 1.000000
vt 1.000000 0.000000
vt 0.000000 0.000000
vt 0.000000 1.000000
vt 1.000000 1.000000
vt 1.000000 0.000000
vt 0.000000 0.000000
vt 0.000000 1.000000
vt 1.000000 1.000000
vt 1.000000 0.000000
vt 0.000000 0.000000
vt 0.000000 1.000000
vt 1.000000 1.000000
vt 1.000000 0.000000
vt 0.000000 0.000000
vt 0.000000 1.000000
vt 1.000000 1.000000
vt 1.000000 0.000000
vt 0.000000 0.000000
vt 0.000000 1.000000
vt 1.000000 1.000000
vt 1.000000 0.000000
vt 0.000000 0.000000
vt 0.000000 1.000000
vt 1.000000 1.000000
vt 1.000000 0.000000
vt 0.000000 0.000000
vt 0.000000 1.000000
vt 1.000000 1.000000
vt 1.000000 0.000000
vt 0.000000 0.000000
vt 0.000000 1.000000
vt 1.000000 1.000000
vt 1.000000 0.000000
vt 0.000000 0.000000
vt 0.000000 1.000000
vt 1.000000 1.000000
vt 1.000000 0.000000
vt 0.000000 0.000000
vt 0.000000 1.000000
vt 1.000000 1.000000
vt 1.000000 0.000000
vt 0.000000 0.000000
vt 0.000000 1.000000
vt 1.000000 1.000000
vt 1.000000 0.000000
vt 0.000000 0.000000
vt 0.000000 1.000000
vt 1.000000 1.000000
vt 1.000000 0.000000
vt 0.000000 0.000000
vt 0.000000 1.000000
vt 1.000000 1.000000
vt 1.000000 0.000000
vt 0.000000 0.000000
vt 0.000000 1.000000
vt 1.000000 1.000000
vt 1.000000 0.000000
vt 0.000000 0.000000
vt 0.000000 1.000000
vt 1.000000 1.000000
vt 1.000000 0.000000
vt 0.000000 0.000000
vt 0.000000 1.000000
vt 1.000000 1.000000
vt 1.000000 0.000000
vt 0.000000 0.000000
vt 0.000000 1.000000
vt 1.000000 1.000000
vt 1.000000 0.000000
vt 0.000000 0.000000
vt 0.000000 1.000000
vt 1.000000 1.000000
vt 1.000000 0.000000
vt 0.000000 0.000000
vt 0.000000 1.000000
vt 1.000000 1.000000
vt 1.000000 0.000000
vt 0.000000 0.000000
vt 0.000000 1.000000
vt 1.000000 1.000000
vt 1.000000 0.000000
vt 0.000000 0.000000
vt 0.000000 1.000000
vt 1.000000 1.000000
vt 1.000000 0.000000
vt 0.000000 0.000000
vt 0.000000 1.000000
vt 1.000000 1.000000
vt 1.000000 0.000000
vt 0.000000 0.000000
vt 0.000000 1.000000
vt 1.000000 1.000000
vt 1.000000 0.000000
vt 0.000000 0.000000
vt 0.000000 1.000000
vt 1.000000 1.000000
vt 1.000000 0.000000
vt 0.000000 0.000000
vt 0.000000 1.000000
vt 1.000000 1.000000
vt 1.000000 0.000000
vt 0.000000 0.000000
vt 0.000000 1.000000
vt 1.000000 1.000000
vt 1.000000 0.000000
vt 0.000000 0.000000
vt 0.000000 1.000000
vt 1.000000 1.000000
vt 1.000000 0.000000
vt 0.000000 0.000000
vt 0.000000 1.000000
vt 1.000000 1.000000
vt 1.000000 0.000000
vt 0.000000 0.000000
vt 0.000000 1.000000
vt 1.000000 1.000000
vt 1.000000 0.000000
vt 0.000000 0.000000
vt 0.000000 1.000000
vt 1.000000 1.000000
vt 1.000000 0.000000
vt 0.000000 0.000000
vt 0.000000 1.000000
vt 1.000000 1.000000
vt 1.000000 0.000000
vt 0.000000 0.000000
vt 0.000000 1.000000
vt 1.000000 1.000000
vt 1.000000 0.000000
vt 0.000000 0.000000
vt 0.000000 1.000000
vt 1.000000 1.000000
vt 1.000000 0.000000
vt 0.000000 0.000000
vt 0.000000 1.000000
vt 1.000000 1.000000
vt 1.000000 0.000000
vt 0.000000 0.000000
vt 0.000000 1.000000
vt 1.000000 1.000000
vt 1.000000 0.000000
vt 0.000000 0.000000
vt 0.000000 1.000000
vt 1.000000 1.000000
vt 1.000000 0.000000
vt 0.000000 0.000000
vt 0.000000 1.000000
vt 1.000000 1.000000
vt 1.000000 0.000000
vt 0.000000 0.000000
vt 0.000000 0.000000
vt 0.000000 0.166667
vt 0.000000 0.333333
vt 0.000000 0.500000
vt 0.000000 0.666667
vt 0.000000 0.833333
vt 0.000000 1.000000
vt 0.083333 0.000000
vt 0.083333 0.166667
vt 0.083333 0.333333
vt 0.083333 0.500000
vt 0.083333 0.666667
vt 0.083333 0.833333
vt 0.083333 1.000000
vt 0.166667 0.000000
vt 0.166667 0.166667
vt 0.166667 0.333333
vt 0.166667 0.500000
vt 0.166667 0.666667
vt 0.166667 0.833333
vt 0.166667 1.000000
vt 0.250000 0.000000
vt 0.250000 0.166667
vt 0.250000 0.333333
vt 0.250000 0.500000
vt 0.250000 0.666667
vt 0.250000 0.833333
vt 0.250000 1.000000
vt 0.333333 0.000000
vt 0.333333 0.166667
vt 0.333333 0.333333
vt 0.333333 0.500000
vt 0.333333 0.666667
vt 0.333333 0.833333
vt 0.333333 1.000000
vt 0.416667 0.000000
vt 0.416667 0.166667
vt 0.416667 0.333333
vt 0.416667 0.500000
vt 0.416667 0.666667
vt 0.416667 0.833333
vt 0.416667 1.000000
vt 0.500000 0.000000
vt 0.500000 0.166667
vt 0.500000 0.333333
vt 0.500000 0.500000
vt 0.500000 0.666667
vt 0.500000 0.833333
vt 0.500000 1.000000
vt 0.583333 0.000000
vt 0.583333 0.166667
vt 0.583333 0.333333
vt 0.583333 0.500000
vt 0.583333 0.666667
vt 0.583333 0.833333
vt 0.583333 1.000000
vt 0.666667 0.000000
vt 0.666667 0.166667
vt 0.666667 0.333333
vt 0.666667 0.500000
vt 0.666667 0.666667
vt 0.666667 0.833333
vt 0.666667 1.000000
vt 0.750000 0.000000
vt 0.750000 0.166667
vt 0.750000 0.333333
vt 0.750000 0.500000
vt 0.750000 0.666667
vt 0.750000 0.833333
vt 0.750000 1.000000
vt 0.833333 0.000000
vt 0.833333 0.166667
vt 0.833333 0.333333
vt 0.833333 0.500000
vt 0.833333 0.666667
vt 0.833333 0.833333
vt 0.833333 1.000000
vt 0.916667 0.000000
vt 0.916667 0.166667
vt 0.916667 0.333333
vt 0.916667 0.500000
vt 0.916667 0.666667
vt 0.916667 0.833333
vt 0.916667 1.000000
vt 1.000000 0.000000
vt 1.000000 0.166667
vt 1.000000 0.333333
vt 1.000000 0.500000
vt 1.000000 0.666667
vt 1.000000 0.833333
vt 1.000000 1.000000
vt 0.000000 0.000000
vt 0.000000 0.166667
vt 0.000000 0.333333
vt 0.000000 0.500000
vt 0.000000 0.666667
vt 0.000000 0.833333
vt 0.000000 1.000000
vt 0.083333 0.000000
vt 0.083333 0.166667
vt 0.083333 0.333333
vt 0.083333 0.500000
vt 0.083333 0.666667
vt 0.083333 0.833333
vt 0.083333 1.000000
vt 0.166667 0.000000
vt 0.166667 0.166667
vt 0.166667 0.333333
vt 0.166667 0.500000
vt 0.166667 0.666667
vt 0.166667 0.833333
vt 0.166667 1.000000
vt 0.250000 0.000000
vt 0.250000 0.166667
vt 0.250000 0.333333
vt 0.250000 0.500000
vt 0.250000 0.666667
vt 0.250000 0.833333
vt 0.250000 1.000000
vt 0.333333 0.000000
vt 0.333333 0.166667
vt 0.333333 0.333333
vt 0.333333 0.500000
vt 0.333333 0.666667
vt 0.333333 0.833333
vt 0.333333 1.000000
vt 0.416667 0.000000
vt 0.416667 0.166667
vt 0.416667 0.333333
vt 0.416667 0.500000
vt 0.416667 0.666667
vt 0.416667 0.833333
vt 0.416667 1.000000
vt 0.500000 0.000000
vt 0.500000 0.166667
vt 0.500000 0.333333
vt 0.500000 0.500000
vt 0.500000 0.666667
vt 0.500000 0.833333
vt 0.500000 1.000000
vt 0.583333 0.000000
vt 0.583333 0.166667
vt 0.583333 0.333333
vt 0.583333 0.500000
vt 0.583333 0.666667
vt 0.583333 0.833333
vt 0.583333 1.000000
vt 0.666667 0.000000
vt 0.666667 0.166667
vt 0.666667 0.333333
vt 0.666667 0.500000
vt 0.666667 0.666667
vt 0.666667 0.833333
vt 0.666667 1.000000
vt 0.750000 0.000000
vt 0.750000 0.166667
vt 0.750000 0.333333
vt 0.750000 0.500000
vt 0.750000 0.666667
vt 0.750000 0.833333
vt 0.750000 1.000000
vt 0.833333 0.000000
vt 0.833333 0.166667
vt 0.833333 0.333333
vt 0.833333 0.500000
vt 0.833333 0.666667
vt 0.833333 0.833333
vt 0.833333 1.000000
vt 0.916667 0.000000
vt 0.916667 0.166667
vt 0.916667 0.333333
vt 0.916667 0.500000
vt 0.916667 0.666667
vt 0.916667 0.833333
vt 0.916667 1.000000
vt 1.000000 0.000000
vt 1.000000 0.166667
vt 1.000000 0.333333
vt 1.000000 0.500000
vt 1.000000 0.666667
vt 1.000000 0.833333
vt 1.000000 1.000000
vt 0.000000 1.000000
vt 1.000000 1.000000
vt 1.000000 0.000000
vt 0.000000 0.000000
vt 0.000000 1.000000
vt 1.000000 1.000000
vt 1.000000 0.000000
vt 0.000000 0.000000
vt 0.000000 1.000000
vt 1.000000 1.000000
vt 1.000000 0.000000
vt 0.000000 0.000000
vt 0.000000 1.000000
vt 1.000000 1.000000
vt 1.000000 0.000000
vt 0.000000 0.000000
vt 0.000000 1.000000
vt 1.000000 1.000000
vt 1.000000 0.000000
vt 0.000000 0.000000
vt 0.000000 1.000000
vt 1.000000 1.000000
vt 1.000000 0.000000
vt 0.000000 0.000000
vt 0.000000 0.000000
vt 0.000000 0.166667
vt 0.000000 0.333333
vt 0.000000 0.500000
vt 0.000000 0.666667
vt 0.000000 0.833333
vt 0.000000 1.000000
vt 0.083333 0.000000
vt 0.083333 0.166667
vt 0.083333 0.333333
vt 0.083333 0.500000
vt 0.083333 0.666667
vt 0.083333 0.833333
vt 0.083333 1.000000
vt 0.166667 0.000000
vt 0.166667 0.166667
vt 0.166667 0.333333
vt 0.166667 0.500000
vt 0.166667 0.666667
vt 0.166667 0.833333
vt 0.166667 1.000000
vt 0.250000 0.000000
vt 0.250000 0.166667
vt 0.250000 0.333333
vt 0.250000 0.500000
vt 0.250000 0.666667
vt 0.250000 0.833333
vt 0.250000 1.000000
vt 0.333333 0.000000
vt 0.333333 0.166667
vt 0.333333 0.333333
vt 0.333333 0.500000
vt 0.333333 0.666667
vt 0.333333 0.833333
vt 0.333333 1.000000
vt 0.416667 0.000000
vt 0.416667 0.166667
vt 0.416667 0.333333
vt 0.416667 0.500000
vt 0.416667 0.666667
vt 0.416667 0.833333
vt 0.416667 1.000000
vt 0.500000 0.000000
vt 0.500000 0.166667
vt 0.500000 0.333333
vt 0.500000 0.500000
vt 0.500000 0.666667
vt 0.500000 0.833333
vt 0.500000 1.000000
vt 0.583333 0.000000
vt 0.583333 0.166667
vt 0.583333 0.333333
vt 0.583333 0.500000
vt 0.583333 0.666667
vt 0.583333 0.833333
vt 0.583333 1.000000
vt 0.666667 0.000000
vt 0.666667 0.166667
vt 0.666667 0.333333
vt 0.666667 0.500000
vt 0.666667 0.666667
vt 0.666667 0.833333
vt 0.666667 1.000000
vt 0.750000 0.000000
vt 0.750000 0.166667
vt 0.750000 0.333333
vt 0.750000 0.500000
vt 0.750000 0.666667
vt 0.750000 0.833333
vt 0.750000 1.000000
vt 0.833333 0.000000
vt 0.833333 0.166667
vt 0.833333 0.333333
vt 0.833333 0.500000
vt 0.833333 0.666667
vt 0.833333 0.833333
vt 0.833333 1.000000
vt 0.916667 0.000000
vt 0.916667 0.166667
vt 0.916667 0.333333
vt 0.916667 0.500000
vt 0.916667 0.666667
vt 0.916667 0.833333
vt 0.916667 1.000000
vt 1.000000 0.000000
vt 1.000000 0.166667
vt 1.000000 0.333333
vt 1.000000 0.500000
vt 1.000000 0.666667
vt 1.000000 0.833333
vt 1.000000 1.000000
vt 0.000000 0.000000
vt 0.000000 0.166667
vt 0.000000 0.333333
vt 0.000000 0.500000
vt 0.000000 0.666667
vt 0.000000 0.833333
vt 0.000000 1.000000
vt 0.083333 0.000000
vt 0.083333 0.166667
vt 0.083333 0.333333
vt 0.083333 0.500000
vt 0.083333 0.666667
vt 0.083333 0.833333
vt 0.083333 1.000000
vt 0.166667 0.000000
vt 0.166667 0.166667
vt 0.166667 0.333333
vt 0.166667 0.500000
vt 0.166667 0.666667
vt 0.166667 0.833333
vt 0.166667 1.000000
vt 0.250000 0.000000
vt 0.250000 0.166667
vt 0.250000 0.333333
vt 0.250000 0.500000
vt 0.250000 0.666667
vt 0.250000 0.833333
vt 0.250000 1.000000
vt 0.333333 0.000000
vt 0.333333 0.166667
vt 0.333333 0.333333
vt 0.333333 0.500000
vt 0.333333 0.666667
vt 0.333333 0.833333
vt 0.333333 1.000000
vt 0.416667 0.000000
vt 0.416667 0.166667
vt 0.416667 0.333333
vt 0.416667 0.500000
vt 0.416667 0.666667
vt 0.416667 0.833333
vt 0.416667 1.000000
vt 0.500000 0.000000
vt 0.500000 0.166667
vt 0.500000 0.333333
vt 0.500000 0.500000
vt 0.500000 0.666667
vt 0.500000 0.833333
vt 0.500000 1.000000
vt 0.583333 0.000000
vt 0.583333 0.166667
vt 0.583333 0.333333
vt 0.583333 0.500000
vt 0.583333 0.666667
vt 0.583333 0.833333
vt 0.583333 1.000000
vt 0.666667 0.000000
vt 0.666667 0.166667
vt 0.666667 0.333333
vt 0.666667 0.500000
vt 0.666667 0.666667
vt 0.666667 0.833333
vt 0.666667 1.000000
vt 0.750000 0.000000
vt 0.750000 0.166667
vt 0.750000 0.333333
vt 0.750000 0.500000
vt 0.750000 0.666667
vt 0.750000 0.833333
vt 0.750000 1.000000
vt 0.833333 0.000000
vt 0.833333 0.166667
vt 0.833333 0.333333
vt 0.833333 0.500000
vt 0.833333 0.666667
vt 0.833333 0.833333
vt 0.833333 1.000000
vt 0.916667 0.000000
vt 0.916667 0.166667
vt 0.916667 0.333333
vt 0.916667 0.500000
vt 0.916667 0.666667
vt 0.916667 0.833333
vt 0.916667 1.000000
vt 1.000000 0.000000
vt 1.000000 0.166667
vt 1.000000 0.333333
vt 1.000000 0.500000
vt 1.000000 0.666667
vt 1.000000 0.833333
vt 1.000000 1.000000
vt 0.000000 1.000000
vt 1.000000 1.000000
vt 1.000000 0.000000
vt 0.000000 0.000000
vt 0.000000 1.000000
vt 1.000000 1.000000
vt 1.000000 0.000000
vt 0.000000 0.000000
vt 0.000000 1.000000
vt 1.000000 1.000000
vt 1.000000 0.000000
vt 0.000000 0.000000
vt 0.000000 1.000000
vt 1.000000 1.000000
vt 1.000000 0.000000
vt 0.000000 0.000000
vt 0.000000 1.000000
vt 1.000000 1.000000
vt 1.000000 0.000000
vt 0.000000 0.000000
vt 0.000000 1.000000
vt 1.000000 1.000000
vt 1.000000 0.000000
vt 0.000000 0.000000
vt 0.000000 0.000000
vt 0.000000 0.166667
vt 0.000000 0.333333
vt 0.000000 0.500000
vt 0.000000 0.666667
vt 0.000000 0.833333
vt 0.000000 1.000000
vt 0.083333 0.000000
vt 0.083333 0.166667
vt 0.083333 0.333333
vt 0.083333 0.500000
vt 0.083333 0.666667
vt 0.083333 0.833333
vt 0.083333 1.000000
vt 0.166667 0.000000
vt 0.166667 0.166667
vt 0.166667 0.333333
vt 0.166667 0.500000
vt 0.166667 0.666667
vt 0.166667 0.833333
vt 0.166667 1.000000
vt 0.250000 0.000000
vt 0.250000 0.166667
vt 0.250000 0.333333
vt 0.250000 0.500000
vt 0.250000 0.666667
vt 0.250000 0.833333
vt 0.250000 1.000000
vt 0.333333 0.000000
vt 0.333333 0.166667
vt 0.333333 0.333333
vt 0.333333 0.500000
vt 0.333333 0.666667
vt 0.333333 0.833333
vt 0.333333 1.000000
vt 0.416667 0.000000
vt 0.416667 0.166667
vt 0.416667 0.333333
vt 0.416667 0.500000
vt 0.416667 0.666667
vt 0.416667 0.833333
vt 0.416667 1.000000
vt 0.500000 0.000000
vt 0.500000 0.166667
vt 0.500000 0.333333
vt 0.500000 0.500000
vt 0.500000 0.666667
vt 0.500000 0.833333
vt 0.500000 1.000000
vt 0.583333 0.000000
vt 0.583333 0.166667
vt 0.583333 0.333333
vt 0.583333 0.500000
vt 0.583333 0.666667
vt 0.583333 0.833333
vt 0.583333 1.000000
vt 0.666667 0.000000
vt 0.666667 0.166667
vt 0.666667 0.333333
vt 0.666667 0.500000
vt 0.666667 0.666667
vt 0.666667 0.833333
vt 0.666667 1.000000
vt 0.750000 0.000000
vt 0.750000 0.166667
vt 0.750000 0.333333
vt 0.750000 0.500000
vt 0.750000 0.666667
vt 0.750000 0.833333
vt 0.750000 1.000000
vt 0.833333 0.000000
vt 0.833333 0.166667
vt 0.833333 0.333333
vt 0.833333 0.500000
vt 0.833333 0.666667
vt 0.833333 0.833333
vt 0.833333 1.000000
vt 0.916667 0.000000
vt 0.916667 0.166667
vt 0.916667 0.333333
vt 0.916667 0.500000
vt 0.916667 0.666667
vt 0.916667 0.833333
vt 0.916667 1.000000
vt 1.000000 0.000000
vt 1.000000 0.166667
vt 1.000000 0.333333
vt 1.000000 0.500000
vt 1.000000 0.666667
vt 1.000000 0.833333
vt 1.000000 1.000000
vt 0.000000 0.000000
vt 0.000000 0.166667
vt 0.000000 0.333333
vt 0.000000 0.500000
vt 0.000000 0.666667
vt 0.000000 0.833333
vt 0.000000 1.000000
vt 0.083333 0.000000
vt 0.083333 0.166667
vt 0.083333 0.333333
vt 0.083333 0.500000
vt 0.083333 0.666667
vt 0.083333 0.833333
vt 0.083333 1.000000
vt 0.166667 0.000000
vt 0.166667 0.166667
vt 0.166667 0.333333
vt 0.166667 0.500000
vt 0.166667 0.666667
vt 0.166667 0.833333
vt 0.166667 1.000000
vt 0.250000 0.000000
vt 0.250000 0.166667
vt 0.250000 0.333333
vt 0.250000 0.500000
vt 0.250000 0.666667
vt 0.250000 0.833333
vt 0.250000 1.000000
vt 0.333333 0.000000
vt 0.333333 0.166667
vt 0.333333 0.333333
vt 0.333333 0.500000
vt 0.333333 0.666667
vt 0.333333 0.833333
vt 0.333333 1.000000
vt 0.416667 0.000000
vt 0.416667 0.166667
vt 0.416667 0.333333
vt 0.416667 0.500000
vt 0.416667 0.666667
vt 0.416667 0.833333
vt 0.416667 1.000000
vt 0.500000 0.000000
vt 0.500000 0.166667
vt 0.500000 0.333333
vt 0.500000 0.500000
vt 0.500000 0.666667
vt 0.500000 0.833333
vt 0.500000 1.000000
vt 0.583333 0.000000
vt 0.583333 0.166667
vt 0.583333 0.333333
vt 0.583333 0.500000
vt 0.583333 0.666667
vt 0.583333 0.833333
vt 0.583333 1.000000
vt 0.666667 0.000000
vt 0.666667 0.166667
vt 0.666667 0.333333
vt 0.666667 0.500000
vt 0.666667 0.666667
vt 0.666667 0.833333
vt 0.666667 1.000000
vt 0.750000 0.000000
vt 0.750000 0.166667
vt 0.750000 0.333333
vt 0.750000 0.500000
vt 0.750000 0.666667
vt 0.750000 0.833333
vt 0.750000 1.000000
vt 0.833333 0.000000
vt 0.833333 0.166667
vt 0.833333 0.333333
vt 0.833333 0.500000
vt 0.833333 0.666667
vt 0.833333 0.833333
vt 0.833333 1.000000
vt 0.916667 0.000000
vt 0.916667 0.166667
vt 0.916667 0.333333
vt 0.916667 0.500000
vt 0.916667 0.666667
vt 0.916667 0.833333
vt 0.916667 1.000000
vt 1.000000 0.000000
vt 1.000000 0.166667
vt 1.000000 0.333333
vt 1.000000 0.500000
vt 1.000000 0.666667
vt 1.000000 0.833333
vt 1.000000 1.000000
vt 0.000000 1.000000
vt 1.000000 1.000000
vt 1.000000 0.000000
vt 0.000000 0.000000
vt 0.000000 1.000000
vt 1.000000 1.000000
vt 1.000000 0.000000
vt 0.000000 0.000000
vt 0.000000 1.000000
vt 1.000000 1.000000
vt 1.000000 0.000000
vt 0.000000 0.000000
vt 0.000000 1.000000
vt 1.000000 1.000000
vt 1.000000 0.000000
vt 0.000000 0.000000
vt 0.000000 1.000000
vt 1.000000 1.000000
vt 1.000000 0.000000
vt 0.000000 0.000000
vt 0.000000 1.000000
vt 1.000000 1.000000
vt 1.000000 0.000000
vt 0.000000 0.000000
vt 0.000000 0.000000
vt 0.000000 0.166667
vt 0.000000 0.333333
vt 0.000000 0.500000
vt 0.000000 0.666667
vt 0.000000 0.833333
vt 0.000000 1.000000
vt 0.083333 0.000000
vt 0.083333 0.166667
vt 0.083333 0.333333
vt 0.083333 0.500000
vt 0.083333 0.666667
vt 0.083333 0.833333
vt 0.083333 1.000000
vt 0.166667 0.000000
vt 0.166667 0.166667
vt 0.166667 0.333333
vt 0.166667 0.500000
vt 0.166667 0.666667
vt 0.166667 0.833333
vt 0.166667 1.000000
vt 0.250000 0.000000
vt 0.250000 0.166667
vt 0.250000 0.333333
vt 0.250000 0.500000
vt 0.250000 0.666667
vt 0.250000 0.833333
vt 0.250000 1.000000
vt 0.333333 0.000000
vt 0.333333 0.166667
vt 0.333333 0.333333
vt 0.333333 0.500000
vt 0.333333 0.666667
vt 0.333333 0.833333
vt 0.333333 1.000000
vt 0.416667 0.000000
vt 0.416667 0.166667
vt 0.416667 0.333333
vt 0.416667 0.500000
vt 0.416667 0.666667
vt 0.416667 0.833333
vt 0.416667 1.000000
vt 0.500000 0.000000
vt 0.500000 0.166667
vt 0.500000 0.333333
vt 0.500000 0.500000
vt 0.500000 0.666667
vt 0.500000 0.833333
vt 0.500000 1.000000
vt 0.583333 0.000000
vt 0.583333 0.166667
vt 0.583333 0.333333
vt 0.583333 0.500000
vt 0.583333 0.666667
vt 0.583333 0.833333
vt 0.583333 1.000000
vt 0.666667 0.000000
vt 0.666667 0.166667
vt 0.666667 0.333333
vt 0.666667 0.500000
vt 0.666667 0.666667
vt 0.666667 0.833333
vt 0.666667 1.000000
vt 0.750000 0.000000
vt 0.750000 0.166667
vt 0.750000 0.333333
vt 0.750000 0.500000
vt 0.750000 0.666667
vt 0.750000 0.833333
vt 0.750000 1.000000
vt 0.833333 0.000000
vt 0.833333 0.166667
vt 0.833333 0.333333
vt 0.833333 0.500000
vt 0.833333 0.666667
vt 0.833333 0.833333
vt 0.833333 1.000000
vt 0.916667 0.000000
vt 0.916667 0.166667
vt 0.916667 0.333333
vt 0.916667 0.500000
vt 0.916667 0.666667
vt 0.916667 0.833333
vt 0.916667 1.000000
vt 1.000000 0.000000
vt 1.000000 0.166667
vt 1.000000 0.333333
vt 1.000000 0.500000
vt 1.000000 0.666667
vt 1.000000 0.833333
vt 1.000000 1.000000
vt 0.000000 0.000000
vt 0.000000 0.166667
vt 0.000000 0.333333
vt 0.000000 0.500000
vt 0.000000 0.666667
vt 0.000000 0.833333
vt 0.000000 1.000000
vt 0.083333 0.000000
vt 0.083333 0.166667
vt 0.083333 0.333333
vt 0.083333 0.500000
vt 0.083333 0.666667
vt 0.083333 0.833333
vt 0.083333 1.000000
vt 0.166667 0.000000
vt 0.166667 0.166667
vt 0.166667 0.333333
vt 0.166667 0.500000
vt 0.166667 0.666667
vt 0.166667 0.833333
vt 0.166667 1.000000
vt 0.250000 0.000000
vt 0.250000 0.166667
vt 0.250000 0.333333
vt 0.250000 0.500000
vt 0.250000 0.666667
vt 0.250000 0.833333
vt 0.250000 1.000000
vt 0.333333 0.000000
vt 0.333333 0.166667
vt 0.333333 0.333333
vt 0.333333 0.500000
vt 0.333333 0.666667
vt 0.333333 0.833333
vt 0.333333 1.000000
vt 0.416667 0.000000
vt 0.416667 0.166667
vt 0.416667 0.333333
vt 0.416667 0.500000
vt 0.416667 0.666667
vt 0.416667 0.833333
vt 0.416667 1.000000
vt 0.500000 0.000000
vt 0.500000 0.166667
vt 0.500000 0.333333
vt 0.500000 0.500000
vt 0.500000 0.666667
vt 0.500000 0.833333
vt 0.500000 1.000000
vt 0.583333 0.000000
vt 0.583333 0.166667
vt 0.583333 0.333333
vt 0.583333 0.500000
vt 0.583333 0.666667
vt 0.583333 0.833333
vt 0.583333 1.000000
vt 0.666667 0.000000
vt 0.666667 0.166667
vt 0.666667 0.333333
vt 0.666667 0.500000
vt 0.666667 0.666667
vt 0.666667 0.833333
vt 0.666667 1.000000
vt 0.750000 0.000000
vt 0.750000 0.166667
vt 0.750000 0.333333
vt 0.750000 0.500000
vt 0.750000 0.666667
vt 0.750000 0.833333
vt 0.750000 1.000000
vt 0.833333 0.000000
vt 0.833333 0.166667
vt 0.833333 0.333333
vt 0.833333 0.500000
vt 0.833333 0.666667
vt 0.833333 0.833333
vt 0.833333 1.000000
vt 0.916667 0.000000
vt 0.916667 0.166667
vt 0.916667 0.333333
vt 0.916667 0.500000
vt 0.916667 0.666667
vt 0.916667 0.833333
vt 0.916667 1.000000
vt 1.000000 0.000000
vt 1.000000 0.166667
vt 1.000000 0.333333
vt 1.000000 0.500000
vt 1.000000 0.666667
vt 1.000000 0.833333
vt 1.000000 1.000000
vt 0.000000 1.000000
vt 0.000000 0.000000
vt 0.125000 1.000000
vt 0.125000 0.000000
vt 0.250000 1.000000
vt 0.250000 0.000000
vt 0.375000 1.000000
vt 0.375000 0.000000
vt 0.500000 1.000000
vt 0.500000 0.000000
vt 0.625000 1.000000
vt 0.625000 0.000000
vt 0.750000 1.000000
vt 0.750000 0.000000
vt 0.875000 1.000000
vt 0.875000 0.000000
vt 1.000000 1.000000
vt 1.000000 0.000000
vt 0.000000 1.000000
vt 0.000000 0.000000
vt 0.125000 1.000000
vt 0.125000 0.000000
vt 0.250000 1.000000
vt 0.250000 0.000000
vt 0.375000 1.000000
vt 0.375000 0.000000
vt 0.500000 1.000000
vt 0.500000 0.000000
vt 0.625000 1.000000
vt 0.625000 0.000000
vt 0.750000 1.000000
vt 0.750000 0.000000
vt 0.875000 1.000000
vt 0.875000 0.000000
vt 1.000000 1.000000
vt 1.000000 0.000000
vt 0.000000 1.000000
vt 0.000000 0.000000
vt 0.125000 1.000000
vt 0.125000 0.000000
vt 0.250000 1.000000
vt 0.250000 0.000000
vt 0.375000 1.000000
vt 0.375000 0.000000
vt 0.500000 1.000000
vt 0.500000 0.000000
vt 0.625000 1.000000
vt 0.625000 0.000000
vt 0.750000 1.000000
vt 0.750000 0.000000
vt 0.875000 1.000000
vt 0.875000 0.000000
vt 1.000000 1.000000
vt 1.000000 0.000000
vt 0.000000 1.000000
vt 0.000000 0.000000
vt 0.125000 1.000000
vt 0.125000 0.000000
vt 0.250000 1.000000
vt 0.250000 0.000000
vt 0.375000 1.000000
vt 0.375000 0.000000
vt 0.500000 1.000000
vt 0.500000 0.000000
vt 0.625000 1.000000
vt 0.625000 0.000000
vt 0.750000 1.000000
vt 0.750000 0.000000
vt 0.875000 1.000000
vt 0.875000 0.000000
vt 1.000000 1.000000
vt 1.000000 0.000000
vt 0.000000 1.000000
vt 0.000000 0.000000
vt 0.125000 1.000000
vt 0.125000 0.000000
vt 0.250000 1.000000
vt 0.250000 0.000000
vt 0.375000 1.000000
vt 0.375000 0.000000
vt 0.500000 1.000000
vt 0.500000 0.000000
vt 0.625000 1.000000
vt 0.625000 0.000000
vt 0.750000 1.000000
vt 0.750000 0.000000
vt 0.875000 1.000000
vt 0.875000 0.000000
vt 1.000000 1.000000
vt 1.000000 0.000000
vt 0.000000 1.000000
vt 0.000000 0.000000
vt 0.125000 1.000000
vt 0.125000 0.000000
vt 0.250000 1.000000
vt 0.250000 0.000000
vt 0.375000 1.000000
vt 0.375000 0.000000
vt 0.500000 1.000000
vt 0.500000 0.000000
vt 0.625000 1.000000
vt 0.625000 0.000000
vt 0.750000 1.000000
vt 0.750000 0.000000
vt 0.875000 1.000000
vt 0.875000 0.000000
vt 1.000000 1.000000
vt 1.000000 0.000000
vt 0.000000 1.000000
vt 0.000000 0.000000
vt 0.125000 1.000000
vt 0.125000 0.000000
vt 0.250000 1.000000
vt 0.250000 0.000000
vt 0.375000 1.000000
vt 0.375000 0.000000
vt 0.500000 1.000000
vt 0.500000 0.000000
vt 0.625000 1.000000
vt 0.625000 0.000000
vt 0.750000 1.000000
vt 0.750000 0.000000
vt 0.875000 1.000000
vt 0.875000 0.000000
vt 1.000000 1.000000
vt 1.000000 0.000000
vt 0.000000 1.000000
vt 0.000000 0.000000
vt 0.125000 1.000000
vt 0.125000 0.000000
vt 0.250000 1.000000
vt 0.250000 0.000000
vt 0.375000 1.000000
vt 0.375000 0.000000
vt 0.500000 1.000000
vt 0.500000 0.000000
vt 0.625000 1.000000
vt 0.625000 0.000000
vt 0.750000 1.000000
vt 0.750000 0.000000
vt 0.875000 1.000000
vt 0.875000 0.000000
vt 1.000000 1.000000
vt 1.000000 0.000000
vt 0.000000 1.000000
vt 0.000000 0.000000
vt 0.125000 1.000000
vt 0.125000 0.000000
vt 0.250000 1.000000
vt 0.250000 0.000000
vt 0.375000 1.000000
vt 0.375000 0.000000
vt 0.500000 1.000000
vt 0.500000 0.000000
vt 0.625000 1.000000
vt 0.625000 0.000000
vt 0.750000 1.000000
vt 0.750000 0.000000
vt 0.875000 1.000000
vt 0.875000 0.000000
vt 1.000000 1.000000
vt 1.000000 0.000000
vt 0.000000 1.000000
vt 0.000000 0.000000
vt 0.125000 1.000000
vt 0.125000 0.000000
vt 0.250000 1.000000
vt 0.250000 0.000000
vt 0.375000 1.000000
vt 0.375000 0.000000
vt 0.500000 1.000000
vt 0.500000 0.000000
vt 0.625000 1.000000
vt 0.625000 0.000000
vt 0.750000 1.000000
vt 0.750000 0.000000
vt 0.875000 1.000000
vt 0.875000 0.000000
vt 1.000000 1.000000
vt 1.000000 0.000000
vt 0.000000 1.000000
vt 0.000000 0.000000
vt 0.125000 1.000000
vt 0.125000 0.000000
vt 0.250000 1.000000
vt 0.250000 0.000000
vt 0.375000 1.000000
vt 0.375000 0.000000
vt 0.500000 1.000000
vt 0.500000 0.000000
vt 0.625000 1.000000
vt 0.625000 0.000000
vt 0.750000 1.000000
vt 0.750000 0.000000
vt 0.875000 1.000000
vt 0.875000 0.000000
vt 1.000000 1.000000
vt 1.000000 0.000000
vt 0.000000 1.000000
vt 0.000000 0.000000
vt 0.125000 1.000000
vt 0.125000 0.000000
vt 0.250000 1.000000
vt 0.250000 0.000000
vt 0.375000 1.000000
vt 0.375000 0.000000
vt 0.500000 1.000000
vt 0.500000 0.000000
vt 0.625000 1.000000
vt 0.625000 0.000000
vt 0.750000 1.000000
vt 0.750000 0.000000
vt 0.875000 1.000000
vt 0.875000 0.000000
vt 1.000000 1.000000
vt 1.000000 0.000000
vt 0.000000 1.000000
vt 0.000000 0.000000
vt 0.125000 1.000000
vt 0.125000 0.000000
vt 0.250000 1.000000
vt 0.250000 0.000000
vt 0.375000 1.000000
vt 0.375000 0.000000
vt 0.500000 1.000000
vt 0.500000 0.000000
vt 0.625000 1.000000
vt 0.625000 0.000000
vt 0.750000 1.000000
vt 0.750000 0.000000
vt 0.875000 1.000000
vt 0.875000 0.000000
vt 1.000000 1.000000
vt 1.000000 0.000000
vt 0.000000 1.000000
vt 0.000000 0.000000
vt 0.125000 1.000000
vt 0.125000 0.000000
vt 0.250000 1.000000
vt 0.250000 0.000000
vt 0.375000 1.000000
vt 0.375000 0.000000
vt 0.500000 1.000000
vt 0.500000 0.000000
vt 0.625000 1.000000
vt 0.625000 0.000000
vt 0.750000 1.000000
vt 0.750000 0.000000
vt 0.875000 1.000000
vt 0.875000 0.000000
vt 1.000000 1.000000
vt 1.000000 0.000000
vt 0.000000 1.000000
vt 0.000000 0.000000
vt 0.125000 1.000000
vt 0.125000 0.000000
vt 0.250000 1.000000
vt 0.250000 0.000000
vt 0.375000 1.000000
vt 0.375000 0.000000
vt 0.500000 1.000000
vt 0.500000 0.000000
vt 0.625000 1.000000
vt 0.625000 0.000000
vt 0.750000 1.000000
vt 0.750000 0.000000
vt 0.875000 1.000000
vt 0.875000 0.000000
vt 1.000000 1.000000
vt 1.000000 0.000000
vt 0.000000 1.000000
vt 0.000000 0.000000
vt 0.125000 1.000000
vt 0.125000 0.000000
vt 0.250000 1.000000
vt 0.250000 0.000000
vt 0.375000 1.000000
vt 0.375000 0.000000
vt 0.500000 1.000000
vt 0.500000 0.000000
vt 0.625000 1.000000
vt 0.625000 0.000000
vt 0.750000 1.000000
vt 0.750000 0.000000
vt 0.875000 1.000000
vt 0.875000 0.000000
vt 1.000000 1.000000
vt 1.000000 0.000000
vt 0.000000 1.000000
vt 0.000000 0.000000
vt 0.125000 1.000000
vt 0.125000 0.000000
vt 0.250000 1.000000
vt 0.250000 0.000000
vt 0.375000 1.000000
vt 0.375000 0.000000
vt 0.500000 1.000000
vt 0.500000 0.000000
vt 0.625000 1.000000
vt 0.625000 0.000000
vt 0.750000 1.000000
vt 0.750000 0.000000
vt 0.875000 1.000000
vt 0.875000 0.000000
vt 1.000000 1.000000
vt 1.000000 0.000000
vt 0.000000 1.000000
vt 0.000000 0.000000
vt 0.125000 1.000000
vt 0.125000 0.000000
vt 0.250000 1.000000
vt 0.250000 0.000000
vt 0.375000 1.000000
vt 0.375000 0.000000
vt 0.500000 1.000000
vt 0.500000 0.000000
vt 0.625000 1.000000
vt 0.625000 0.000000
vt 0.750000 1.000000
vt 0.750000 0.000000
vt 0.875000 1.000000
vt 0.875000 0.000000
vt 1.000000 1.000000
vt 1.000000 0.000000
vt 0.000000 1.000000
vt 0.000000 0.000000
vt 0.125000 1.000000
vt 0.125000 0.000000
vt 0.250000 1.000000
vt 0.250000 0.000000
vt 0.375000 1.000000
vt 0.375000 0.000000
vt 0.500000 1.000000
vt 0.500000 0.000000
vt 0.625000 1.000000
vt 0.625000 0.000000
vt 0.750000 1.000000
vt 0.750000 0.000000
vt 0.875000 1.000000
vt 0.875000 0.000000
vt 1.000000 1.000000
vt 1.000000 0.000000
vt 0.000000 1.000000
vt 0.000000 0.000000
vt 0.125000 1.000000
vt 0.125000 0.000000
vt 0.250000 1.000000
vt 0.250000 0.000000
vt 0.375000 1.000000
vt 0.375000 0.000000
vt 0.500000 1.000000
vt 0.500000 0.000000
vt 0.625000 1.000000
vt 0.625000 0.000000
vt 0.750000 1.000000
vt 0.750000 0.000000
vt 0.875000 1.000000
vt 0.875000 0.000000
vt 1.000000 1.000000
vt 1.000000 0.000000
vt 0.000000 1.000000
vt 0.000000 0.000000
vt 0.125000 1.000000
vt 0.125000 0.000000
vt 0.250000 1.000000
vt 0.250000 0.000000
vt 0.375000 1.000000
vt 0.375000 0.000000
vt 0.500000 1.000000
vt 0.500000 0.000000
vt 0.625000 1.000000
vt 0.625000 0.000000
vt 0.750000 1.000000
vt 0.750000 0.000000
vt 0.875000 1.000000
vt 0.875000 0.000000
vt 1.000000 1.000000
vt 1.000000 0.000000
vt 0.000000 1.000000
vt 0.000000 0.000000
vt 0.125000 1.000000
vt 0.125000 0.000000
vt 0.250000 1.000000
vt 0.250000 0.000000
vt 0.375000 1.000000
vt 0.375000 0.000000
vt 0.500000 1.000000
vt 0.500000 0.000000
vt 0.625000 1.000000
vt 0.625000 0.000000
vt 0.750000 1.000000
vt 0.750000 0.000000
vt 0.875000 1.000000
vt 0.875000 0.000000
vt 1.000000 1.000000
vt 1.000000 0.000000
vt 0.000000 1.000000
vt 0.000000 0.000000
vt 0.125000 1.000000
vt 0.125000 0.000000
vt 0.250000 1.000000
vt 0.250000 0.000000
vt 0.375000 1.000000
vt 0.375000 0.000000
vt 0.500000 1.000000
vt 0.500000 0.000000
vt 0.625000 1.000000
vt 0.625000 0.000000
vt 0.750000 1.000000
vt 0.750000 0.000000
vt 0.875000 1.000000
vt 0.875000 0.000000
vt 1.000000 1.000000
vt 1.000000 0.000000
vt 0.000000 1.000000
vt 0.000000 0.000000
vt 0.125000 1.000000
vt 0.125000 0.000000
vt 0.250000 1.000000
vt 0.250000 0.000000
vt 0.375000 1.000000
vt 0.375000 0.000000
vt 0.500000 1.000000
vt 0.500000 0.000000
vt 0.625000 1.000000
vt 0.625000 0.000000
vt 0.750000 1.000000
vt 0.750000 0.000000
vt 0.875000 1.000000
vt 0.875000 0.000000
vt 1.000000 1.000000
vt 1.000000 0.000000
vt 0.000000 1.000000
vt 0.000000 0.000000
vt 0.125000 1.000000
vt 0.125000 0.000000
vt 0.250000 1.000000
vt 0.250000 0.000000
vt 0.375000 1.000000
vt 0.375000 0.000000
vt 0.500000 1.000000
vt 0.500000 0.000000
vt 0.625000 1.000000
vt 0.625000 0.000000
vt 0.750000 1.000000
vt 0.750000 0.000000
vt 0.875000 1.000000
vt 0.875000 0.000000
vt 1.000000 1.000000
vt 1.000000 0.000000
vt 0.000000 1.000000
vt 0.000000 0.000000
vt 0.125000 1.000000
vt 0.125000 0.000000
vt 0.250000 1.000000
vt 0.250000 0.000000
vt 0.375000 1.000000
vt 0.375000 0.000000
vt 0.500000 1.000000
vt 0.500000 0.000000
vt 0.625000 1.000000
vt 0.625000 0.000000
vt 0.750000 1.000000
vt 0.750000 0.000000
vt 0.875000 1.000000
vt 0.875000 0.000000
vt 1.000000 1.000000
vt 1.000000 0.000000
vt 0.000000 1.000000
vt 0.000000 0.000000
vt 0.125000 1.000000
vt 0.125000 0.000000
vt 0.250000 1.000000
vt 0.250000 0.000000
vt 0.375000 1.000000
vt 0.375000 0.000000
vt 0.500000 1.000000
vt 0.500000 0.000000
vt 0.625000 1.000000
vt 0.625000 0.000000
vt 0.750000 1.000000
vt 0.750000 0.000000
vt 0.875000 1.000000
vt 0.875000 0.000000
vt 1.000000 1.000000
vt 1.000000 0.000000
vt 0.000000 1.000000
vt 0.000000 0.000000
vt 0.125000 1.000000
vt 0.125000 0.000000
vt 0.250000 1.000000
vt 0.250000 0.000000
vt 0.375000 1.000000
vt 0.375000 0.000000
vt 0.500000 1.000000
vt 0.500000 0.000000
vt 0.625000 1.000000
vt 0.625000 0.000000
vt 0.750000 1.000000
vt 0.750000 0.000000
vt 0.875000 1.000000
vt 0.875000 0.000000
vt 1.000000 1.000000
vt 1.000000 0.000000
vt 0.000000 1.000000
vt 0.000000 0.000000
vt 0.125000 1.000000
vt 0.125000 0.000000
vt 0.250000 1.000000
vt 0.250000 0.000000
vt 0.375000 1.000000
vt 0.375000 0.000000
vt 0.500000 1.000000
vt 0.500000 0.000000
vt 0.625000 1.000000
vt 0.625000 0.000000
vt 0.750000 1.000000
vt 0.750000 0.000000
vt 0.875000 1.000000
vt 0.875000 0.000000
vt 1.000000 1.000000
vt 1.000000 0.000000
vt 0.000000 1.000000
vt 0.000000 0.000000
vt 0.125000 1.000000
vt 0.125000 0.000000
vt 0.250000 1.000000
vt 0.250000 0.000000
vt 0.375000 1.000000
vt 0.375000 0.000000
vt 0.500000 1.000000
vt 0.500000 0.000000
vt 0.625000 1.000000
vt 0.625000 0.000000
vt 0.750000 1.000000
vt 0.750000 0.000000
vt 0.875000 1.000000
vt 0.875000 0.000000
vt 1.000000 1.000000
vt 1.000000 0.000000
vt 0.000000 1.000000
vt 0.000000 0.000000
vt 0.125000 1.000000
vt 0.125000 0.000000
vt 0.250000 1.000000
vt 0.250000 0.000000
vt 0.375000 1.000000
vt 0.375000 0.000000
vt 0.500000 1.000000
vt 0.500000 0.000000
vt 0.625000 1.000000
vt 0.625000 0.000000
vt 0.750000 1.000000
vt 0.750000 0.000000
vt 0.875000 1.000000
vt 0.875000 0.000000
vt 1.000000 1.000000
vt 1.000000 0.000000
vt 0.000000 1.000000
vt 0.000000 0.000000
vt 0.125000 1.000000
vt 0.125000 0.000000
vt 0.250000 1.000000
vt 0.250000 0.000000
vt 0.375000 1.000000
vt 0.375000 0.000000
vt 0.500000 1.000000
vt 0.500000 0.000000
vt 0.625000 1.000000
vt 0.625000 0.000000
vt 0.750000 1.000000
vt 0.750000 0.000000
vt 0.875000 1.000000
vt 0.875000 0.000000
vt 1.000000 1.000000
vt 1.000000 0.000000
vt 0.000000 1.000000
vt 0.000000 0.000000
vt 0.125000 1.000000
vt 0.125000 0.000000
vt 0.250000 1.000000
vt 0.250000 0.000000
vt 0.375000 1.000000
vt 0.375000 0.000000
vt 0.500000 1.000000
vt 0.500000 0.000000
vt 0.625000 1.000000
vt 0.625000 0.000000
vt 0.750000 1.000000
vt 0.750000 0.000000
vt 0.875000 1.000000
vt 0.875000 0.000000
vt 1.000000 1.000000
vt 1.000000 0.000000
vt 0.000000 1.000000
vt 0.000000 0.000000
vt 0.125000 1.000000
vt 0.125000 0.000000
vt 0.250000 1.000000
vt 0.250000 0.000000
vt 0.375000 1.000000
vt 0.375000 0.000000
vt 0.500000 1.000000
vt 0.500000 0.000000
vt 0.625000 1.000000
vt 0.625000 0.000000
vt 0.750000 1.000000
vt 0.750000 0.000000
vt 0.875000 1.000000
vt 0.875000 0.000000
vt 1.000000 1.000000
vt 1.000000 0.000000
vt 0.000000 1.000000
vt 0.000000 0.000000
vt 0.125000 1.000000
vt 0.125000 0.000000
vt 0.250000 1.000000
vt 0.250000 0.000000
vt 0.375000 1.000000
vt 0.375000 0.000000
vt 0.500000 1.000000
vt 0.500000 0.000000
vt 0.625000 1.000000
vt 0.625000 0.000000
vt 0.750000 1.000000
vt 0.750000 0.000000
vt 0.875000 1.000000
vt 0.875000 0.000000
vt 1.000000 1.000000
vt 1.000000 0.000000
vt 0.000000 1.000000
vt 0.000000 0.000000
vt 0.125000 1.000000
vt 0.125000 0.000000
vt 0.250000 1.000000
vt 0.250000 0.000000
vt 0.375000 1.000000
vt 0.375000 0.000000
vt 0.500000 1.000000
vt 0.500000 0.000000
vt 0.625000 1.000000
vt 0.625000 0.000000
vt 0.750000 1.000000
vt 0.750000 0.000000
vt 0.875000 1.000000
vt 0.875000 0.000000
vt 1.000000 1.000000
vt 1.000000 0.000000
vt 0.000000 1.000000
vt 1.000000 1.000000
vt 1.000000 0.000000
vt 0.000000 0.000000
vt 0.000000 1.000000
vt 1.000000 1.000000
vt 1.000000 0.000000
vt 0.000000 0.000000
vt 0.000000 1.000000
vt 1.000000 1.000000
vt 1.000000 0.000000
vt 0.000000 0.000000
vt 0.000000 1.000000
vt 1.000000 1.000000
vt 1.000000 0.000000
vt 0.000000 0.000000
vt 0.000000 1.000000
vt 1.000000 1.000000
vt 1.000000 0.000000
vt 0.000000 0.000000
vt 0.000000 1.000000
vt 1.000000 1.000000
vt 1.000000 0.000000
vt 0.000000 0.000000
vt 0.000000 0.000000
vt 0.000000 0.166667
vt 0.000000 0.333333
vt 0.000000 0.500000
vt 0.000000 0.666667
vt 0.000000 0.833333
vt 0.000000 1.000000
vt 0.083333 0.000000
vt 0.083333 0.166667
vt 0.083333 0.333333
vt 0.083333 0.500000
vt 0.083333 0.666667
vt 0.083333 0.833333
vt 0.083333 1.000000
vt 0.166667 0.000000
vt 0.166667 0.166667
vt 0.166667 0.333333
vt 0.166667 0.500000
vt 0.166667 0.666667
vt 0.166667 0.833333
vt 0.166667 1.000000
vt 0.250000 0.000000
vt 0.250000 0.166667
vt 0.250000 0.333333
vt 0.250000 0.500000
vt 0.250000 0.666667
vt 0.250000 0.833333
vt 0.250000 1.000000
vt 0.333333 0.000000
vt 0.333333 0.166667
vt 0.333333 0.333333
vt 0.333333 0.500000
vt 0.333333 0.666667
vt 0.333333 0.833333
vt 0.333333 1.000000
vt 0.416667 0.000000
vt 0.416667 0.166667
vt 0.416667 0.333333
vt 0.416667 0.500000
vt 0.416667 0.666667
vt 0.416667 0.833333
vt 0.416667 1.000000
vt 0.500000 0.000000
vt 0.500000 0.166667
vt 0.500000 0.333333
vt 0.500000 0.500000
vt 0.500000 0.666667
vt 0.500000 0.833333
vt 0.500000 1.000000
vt 0.583333 0.000000
vt 0.583333 0.166667
vt 0.583333 0.333333
vt 0.583333 0.500000
vt 0.583333 0.666667
vt 0.583333 0.833333
vt 0.583333 1.000000
vt 0.666667 0.000000
vt 0.666667 0.166667
vt 0.666667 0.333333
vt 0.666667 0.500000
vt 0.666667 0.666667
vt 0.666667 0.833333
vt 0.666667 1.000000
vt 0.750000 0.000000
vt 0.750000 0.166667
vt 0.750000 0.333333
vt 0.750000 0.500000
vt 0.750000 0.666667
vt 0.750000 0.833333
vt 0.750000 1.000000
vt 0.833333 0.000000
vt 0.833333 0.166667
vt 0.833333 0.333333
vt 0.833333 0.500000
vt 0.833333 0.666667
vt 0.833333 0.833333
vt 0.833333 1.000000
vt 0.916667 0.000000
vt 0.916667 0.166667
vt 0.916667 0.333333
vt 0.916667 0.500000
vt 0.916667 0.666667
vt 0.916667 0.833333
vt 0.916667 1.000000
vt 1.000000 0.000000
vt 1.000000 0.166667
vt 1.000000 0.333333
vt 1.000000 0.500000
vt 1.000000 0.666667
vt 1.000000 0.833333
vt 1.000000 1.000000
vt 0.000000 0.000000
vt 0.000000 0.166667
vt 0.000000 0.333333
vt 0.000000 0.500000
vt 0.000000 0.666667
vt 0.000000 0.833333
vt 0.000000 1.000000
vt 0.083333 0.000000
vt 0.083333 0.166667
vt 0.083333 0.333333
vt 0.083333 0.500000
vt 0.083333 0.666667
vt 0.083333 0.833333
vt 0.083333 1.000000
vt 0.166667 0.000000
vt 0.166667 0.166667
vt 0.166667 0.333333
vt 0.166667 0.500000
vt 0.166667 0.666667
vt 0.166667 0.833333
vt 0.166667 1.000000
vt 0.250000 0.000000
vt 0.250000 0.166667
vt 0.250000 0.333333
vt 0.250000 0.500000
vt 0.250000 0.666667
vt 0.250000 0.833333
vt 0.250000 1.000000
vt 0.333333 0.000000
vt 0.333333 0.166667
vt 0.333333 0.333333
vt 0.333333 0.500000
vt 0.333333 0.666667
vt 0.333333 0.833333
vt 0.333333 1.000000
vt 0.416667 0.000000
vt 0.416667 0.166667
vt 0.416667 0.333333
vt 0.416667 0.500000
vt 0.416667 0.666667
vt 0.416667 0.833333
vt 0.416667 1.000000
vt 0.500000 0.000000
vt 0.500000 0.166667
vt 0.500000 0.333333
vt 0.500000 0.500000
vt 0.500000 0.666667
vt 0.500000 0.833333
vt 0.500000 1.000000
vt 0.583333 0.000000
vt 0.583333 0.166667
vt 0.583333 0.333333
vt 0.583333 0.500000
vt 0.583333 0.666667
vt 0.583333 0.833333
vt 0.583333 1.000000
vt 0.666667 0.000000
vt 0.666667 0.166667
vt 0.666667 0.333333
vt 0.666667 0.500000
vt 0.666667 0.666667
vt 0.666667 0.833333
vt 0.666667 1.000000
vt 0.750000 0.000000
vt 0.750000 0.166667
vt 0.750000 0.333333
vt 0.750000 0.500000
vt 0.750000 0.666667
vt 0.750000 0.833333
vt 0.750000 1.000000
vt 0.833333 0.000000
vt 0.833333 0.166667
vt 0.833333 0.333333
vt 0.833333 0.500000
vt 0.833333 0.666667
vt 0.833333 0.833333
vt 0.833333 1.000000
vt 0.916667 0.000000
vt 0.916667 0.166667
vt 0.916667 0.333333
vt 0.916667 0.500000
vt 0.916667 0.666667
vt 0.916667 0.833333
vt 0.916667 1.000000
vt 1.000000 0.000000
vt 1.000000 0.166667
vt 1.000000 0.333333
vt 1.000000 0.500000
vt 1.000000 0.666667
vt 1.000000 0.833333
vt 1.000000 1.000000
vt 0.000000 1.000000
vt 1.000000 1.000000
vt 1.000000 0.000000
vt 0.000000 0.000000
vt 0.000000 1.000000
vt 1.000000 1.000000
vt 1.000000 0.000000
vt 0.000000 0.000000
vt 0.000000 1.000000
vt 1.000000 1.000000
vt 1.000000 0.000000
vt 0.000000 0.000000
vt 0.000000 1.000000
vt 1.000000 1.000000
vt 1.000000 0.000000
vt 0.000000 0.000000
vt 0.000000 1.000000
vt 1.000000 1.000000
vt 1.000000 0.000000
vt 0.000000 0.000000
vt 0.000000 1.000000
vt 1.000000 1.000000
vt 1.000000 0.000000
vt 0.000000 0.000000
vt 0.000000 0.000000
vt 0.000000 0.166667
vt 0.000000 0.333333
vt 0.000000 0.500000
vt 0.000000 0.666667
vt 0.000000 0.833333
vt 0.000000 1.000000
vt 0.083333 0.000000
vt 0.083333 0.166667
vt 0.083333 0.333333
vt 0.083333 0.500000
vt 0.083333 0.666667
vt 0.083333 0.833333
vt 0.083333 1.000000
vt 0.166667 0.000000
vt 0.166667 0.166667
vt 0.166667 0.333333
vt 0.166667 0.500000
vt 0.166667 0.666667
vt 0.166667 0.833333
vt 0.166667 1.000000
vt 0.250000 0.000000
vt 0.250000 0.166667
vt 0.250000 0.333333
vt 0.250000 0.500000
vt 0.250000 0.666667
vt 0.250000 0.833333
vt 0.250000 1.000000
vt 0.333333 0.000000
vt 0.333333 0.166667
vt 0.333333 0.333333
vt 0.333333 0.500000
vt 0.333333 0.666667
vt 0.333333 0.833333
vt 0.333333 1.000000
vt 0.416667 0.000000
vt 0.416667 0.166667
vt 0.416667 0.333333
vt 0.416667 0.500000
vt 0.416667 0.666667
vt 0.416667 0.833333
vt 0.416667 1.000000
vt 0.500000 0.000000
vt 0.500000 0.166667
vt 0.500000 0.333333
vt 0.500000 0.500000
vt 0.500000 0.666667
vt 0.500000 0.833333
vt 0.500000 1.000000
vt 0.583333 0.000000
vt 0.583333 0.166667
vt 0.583333 0.333333
vt 0.583333 0.500000
vt 0.583333 0.666667
vt 0.583333 0.833333
vt 0.583333 1.000000
vt 0.666667 0.000000
vt 0.666667 0.166667
vt 0.666667 0.333333
vt 0.666667 0.500000
vt 0.666667 0.666667
vt 0.666667 0.833333
vt 0.666667 1.000000
vt 0.750000 0.000000
vt 0.750000 0.166667
vt 0.750000 0.333333
vt 0.750000 0.500000
vt 0.750000 0.666667
vt 0.750000 0.833333
vt 0.750000 1.000000
vt 0.833333 0.000000
vt 0.833333 0.166667
vt 0.833333 0.333333
vt 0.833333 0.500000
vt 0.833333 0.666667
vt 0.833333 0.833333
vt 0.833333 1.000000
vt 0.916667 0.000000
vt 0.916667 0.166667
vt 0.916667 0.333333
vt 0.916667 0.500000
vt 0.916667 0.666667
vt 0.916667 0.833333
vt 0.916667 1.000000
vt 1.000000 0.000000
vt 1.000000 0.166667
vt 1.000000 0.333333
vt 1.000000 0.500000
vt 1.000000 0.666667
vt 1.000000 0.833333
vt 1.000000 1.000000
vt 0.000000 0.000000
vt 0.000000 0.166667
vt 0.000000 0.333333
vt 0.000000 0.500000
vt 0.000000 0.666667
vt 0.000000 0.833333
vt 0.000000 1.000000
vt 0.083333 0.000000
vt 0.083333 0.166667
vt 0.083333 0.333333
vt 0.083333 0.500000
vt 0.083333 0.666667
vt 0.083333 0.833333
vt 0.083333 1.000000
vt 0.166667 0.000000
vt 0.166667 0.166667
vt 0.166667 0.333333
vt 0.166667 0.500000
vt 0.166667 0.666667
vt 0.166667 0.833333
vt 0.166667 1.000000
vt 0.250000 0.000000
vt 0.250000 0.166667
vt 0.250000 0.333333
vt 0.250000 0.500000
vt 0.250000 0.666667
vt 0.250000 0.833333
vt 0.250000 1.000000
vt 0.333333 0.000000
vt 0.333333 0.166667
vt 0.333333 0.333333
vt 0.333333 0.500000
vt 0.333333 0.666667
vt 0.333333 0.833333
vt 0.333333 1.000000
vt 0.416667 0.000000
vt 0.416667 0.166667
vt 0.416667 0.333333
vt 0.416667 0.500000
vt 0.416667 0.666667
vt 0.416667 0.833333
vt 0.416667 1.000000
vt 0.500000 0.000000
vt 0.500000 0.166667
vt 0.500000 0.333333
vt 0.500000 0.500000
vt 0.500000 0.666667
vt 0.500000 0.833333
vt 0.500000 1.000000
vt 0.583333 0.000000
vt 0.583333 0.166667
vt 0.583333 0.333333
vt 0.583333 0.500000
vt 0.583333 0.666667
vt 0.583333 0.833333
vt 0.583333 1.000000
vt 0.666667 0.000000
vt 0.666667 0.166667
vt 0.666667 0.333333
vt 0.666667 0.500000
vt 0.666667 0.666667
vt 0.666667 0.833333
vt 0.666667 1.000000
vt 0.750000 0.000000
vt 0.750000 0.166667
vt 0.750000 0.333333
vt 0.750000 0.500000
vt 0.750000 0.666667
vt 0.750000 0.833333
vt 0.750000 1.000000
vt 0.833333 0.000000
vt 0.833333 0.166667
vt 0.833333 0.333333
vt 0.833333 0.500000
vt 0.833333 0.666667
vt 0.833333 0.833333
vt 0.833333 1.000000
vt 0.916667 0.000000
vt 0.916667 0.166667
vt 0.916667 0.333333
vt 0.916667 0.500000
vt 0.916667 0.666667
vt 0.916667 0.833333
vt 0.916667 1.000000
vt 1.000000 0.000000
vt 1.000000 0.166667
vt 1.000000 0.333333
vt 1.000000 0.500000
vt 1.000000 0.666667
vt 1.000000 0.833333
vt 1.000000 1.000000
vt 0.000000 1.000000
vt 1.000000 1.000000
vt 1.000000 0.000000
vt 0.000000 0.000000
vt 0.000000 1.000000
vt 1.000000 1.000000
vt 1.000000 0.000000
vt 0.000000 0.000000
vt 0.000000 1.000000
vt 1.000000 1.000000
vt 1.000000 0.000000
vt 0.000000 0.000000
vt 0.000000 1.000000
vt 1.000000 1.000000
vt 1.000000 0.000000
vt 0.000000 0.000000
vt 0.000000 1.000000
vt 1.000000 1.000000
vt 1.000000 0.000000
vt 0.000000 0.000000
vt 0.000000 1.000000
vt 1.000000 1.000000
vt 1.000000 0.000000
vt 0.000000 0.000000
vt 0.000000 0.000000
vt 0.000000 0.166667
vt 0.000000 0.333333
vt 0.000000 0.500000
vt 0.000000 0.666667
vt 0.000000 0.833333
vt 0.000000 1.000000
vt 0.083333 0.000000
vt 0.083333 0.166667
vt 0.083333 0.333333
vt 0.083333 0.500000
vt 0.083333 0.666667
vt 0.083333 0.833333
vt 0.083333 1.000000
vt 0.166667 0.000000
vt 0.166667 0.166667
vt 0.166667 0.333333
vt 0.166667 0.500000
vt 0.166667 0.666667
vt 0.166667 0.833333
vt 0.166667 1.000000
vt 0.250000 0.000000
vt 0.250000 0.166667
vt 0.250000 0.333333
vt 0.250000 0.500000
vt 0.250000 0.666667
vt 0.250000 0.833333
vt 0.250000 1.000000
vt 0.333333 0.000000
vt 0.333333 0.166667
vt 0.333333 0.333333
vt 0.333333 0.500000
vt 0.333333 0.666667
vt 0.333333 0.833333
vt 0.333333 1.000000
vt 0.416667 0.000000
vt 0.416667 0.166667
vt 0.416667 0.333333
vt 0.416667 0.500000
vt 0.416667 0.666667
vt 0.416667 0.833333
vt 0.416667 1.000000
vt 0.500000 0.000000
vt 0.500000 0.166667
vt 0.500000 0.333333
vt 0.500000 0.500000
vt 0.500000 0.666667
vt 0.500000 0.833333
vt 0.500000 1.000000
vt 0.583333 0.000000
vt 0.583333 0.166667
vt 0.583333 0.333333
vt 0.583333 0.500000
vt 0.583333 0.666667
vt 0.583333 0.833333
vt 0.583333 1.000000
vt 0.666667 0.000000
vt 0.666667 0.166667
vt 0.666667 0.333333
vt 0.666667 0.500000
vt 0.666667 0.666667
vt 0.666667 0.833333
vt 0.666667 1.000000
vt 0.750000 0.000000
vt 0.750000 0.166667
vt 0.750000 0.333333
vt 0.750000 0.500000
vt 0.750000 0.666667
vt 0.750000 0.833333
vt 0.750000 1.000000
vt 0.833333 0.000000
vt 0.833333 0.166667
vt 0.833333 0.333333
vt 0.833333 0.500000
vt 0.833333 0.666667
vt 0.833333 0.833333
vt 0.833333 1.000000
vt 0.916667 0.000000
vt 0.916667 0.166667
vt 0.916667 0.333333
vt 0.916667 0.500000
vt 0.916667 0.666667
vt 0.916667 0.833333
vt 0.916667 1.000000
vt 1.000000 0.000000
vt 1.000000 0.166667
vt 1.000000 0.333333
vt 1.000000 0.500000
vt 1.000000 0.666667
vt 1.000000 0.833333
vt 1.000000 1.000000
vt 0.000000 0.000000
vt 0.000000 0.166667
vt 0.000000 0.333333
vt 0.000000 0.500000
vt 0.000000 0.666667
vt 0.000000 0.833333
vt 0.000000 1.000000
vt 0.083333 0.000000
vt 0.083333 0.166667
vt 0.083333 0.333333
vt 0.083333 0.500000
vt 0.083333 0.666667
vt 0.083333 0.833333
vt 0.083333 1.000000
vt 0.166667 0.000000
vt 0.166667 0.166667
vt 0.166667 0.333333
vt 0.166667 0.500000
vt 0.166667 0.666667
vt 0.166667 0.833333
vt 0.166667 1.000000
vt 0.250000 0.000000
vt 0.250000 0.166667
vt 0.250000 0.333333
vt 0.250000 0.500000
vt 0.250000 0.666667
vt 0.250000 0.833333
vt 0.250000 1.000000
vt 0.333333 0.000000
vt 0.333333 0.166667
vt 0.333333 0.333333
vt 0.333333 0.500000
vt 0.333333 0.666667
vt 0.333333 0.833333
vt 0.333333 1.000000
vt 0.416667 0.000000
vt 0.416667 0.166667
vt 0.416667 0.333333
vt 0.416667 0.500000
vt 0.416667 0.666667
vt 0.416667 0.833333
vt 0.416667 1.000000
vt 0.500000 0.000000
vt 0.500000 0.166667
vt 0.500000 0.333333
vt 0.500000 0.500000
vt 0.500000 0.666667
vt 0.500000 0.833333
vt 0.500000 1.000000
vt 0.583333 0.000000
vt 0.583333 0.166667
vt 0.583333 0.333333
vt 0.583333 0.500000
vt 0.583333 0.666667
vt 0.583333 0.833333
vt 0.583333 1.000000
vt 0.666667 0.000000
vt 0.666667 0.166667
vt 0.666667 0.333333
vt 0.666667 0.500000
vt 0.666667 0.666667
vt 0.666667 0.833333
vt 0.666667 1.000000
vt 0.750000 0.000000
vt 0.750000 0.166667
vt 0.750000 0.333333
vt 0.750000 0.500000
vt 0.750000 0.666667
vt 0.750000 0.833333
vt 0.750000 1.000000
vt 0.833333 0.000000
vt 0.833333 0.166667
vt 0.833333 0.333333
vt 0.833333 0.500000
vt 0.833333 0.666667
vt 0.833333 0.833333
vt 0.833333 1.000000
vt 0.916667 0.000000
vt 0.916667 0.166667
vt 0.916667 0.333333
vt 0.916667 0.500000
vt 0.916667 0.666667
vt 0.916667 0.833333
vt 0.916667 1.000000
vt 1.000000 0.000000
vt 1.000000 0.166667
vt 1.000000 0.333333
vt 1.000000 0.500000
vt 1.000000 0.666667
vt 1.000000 0.833333
vt 1.000000 1.000000
vt 0.000000 1.000000
vt 1.000000 1.000000
vt 1.000000 0.000000
vt 0.000000 0.000000
vt 0.000000 1.000000
vt 1.000000 1.000000
vt 1.000000 0.000000
vt 0.000000 0.000000
vt 0.000000 1.000000
vt 1.000000 1.000000
vt 1.000000 0.000000
vt 0.000000 0.000000
vt 0.000000 1.000000
vt 1.000000 1.000000
vt 1.000000 0.000000
vt 0.000000 0.000000
vt 0.000000 1.000000
vt 1.000000 1.000000
vt 1.000000 0.000000
vt 0.000000 0.000000
vt 0.000000 1.000000
vt 1.000000 1.000000
vt 1.000000 0.000000
vt 0.000000 0.000000
vt 0.000000 0.000000
vt 0.000000 0.166667
vt 0.000000 0.333333
vt 0.000000 0.500000
vt 0.000000 0.666667
vt 0.000000 0.833333
vt 0.000000 1.000000
vt 0.083333 0.000000
vt 0.083333 0.166667
vt 0.083333 0.333333
vt 0.083333 0.500000
vt 0.083333 0.666667
vt 0.083333 0.833333
vt 0.083333 1.000000
vt 0.166667 0.000000
vt 0.166667 0.166667
vt 0.166667 0.333333
vt 0.166667 0.500000
vt 0.166667 0.666667
vt 0.166667 0.833333
vt 0.166667 1.000000
vt 0.250000 0.000000
vt 0.250000 0.166667
vt 0.250000 0.333333
vt 0.250000 0.500000
vt 0.250000 0.666667
vt 0.250000 0.833333
vt 0.250000 1.000000
vt 0.333333 0.000000
vt 0.333333 0.166667
vt 0.333333 0.333333
vt 0.333333 0.500000
vt 0.333333 0.666667
vt 0.333333 0.833333
vt 0.333333 1.000000
vt 0.416667 0.000000
vt 0.416667 0.166667
vt 0.416667 0.333333
vt 0.416667 0.500000
vt 0.416667 0.666667
vt 0.416667 0.833333
vt 0.416667 1.000000
vt 0.500000 0.000000
vt 0.500000 0.166667
vt 0.500000 0.333333
vt 0.500000 0.500000
vt 0.500000 0.666667
vt 0.500000 0.833333
vt 0.500000 1.000000
vt 0.583333 0.000000
vt 0.583333 0.166667
vt 0.583333 0.333333
vt 0.583333 0.500000
vt 0.583333 0.666667
vt 0.583333 0.833333
vt 0.583333 1.000000
vt 0.666667 0.000000
vt 0.666667 0.166667
vt 0.666667 0.333333
vt 0.666667 0.500000
vt 0.666667 0.666667
vt 0.666667 0.833333
vt 0.666667 1.000000
vt 0.750000 0.000000
vt 0.750000 0.166667
vt 0.750000 0.333333
vt 0.750000 0.500000
vt 0.750000 0.666667
vt 0.750000 0.833333
vt 0.750000 1.000000
vt 0.833333 0.000000
vt 0.833333 0.166667
vt 0.833333 0.333333
vt 0.833333 0.500000
vt 0.833333 0.666667
vt 0.833333 0.833333
vt 0.833333 1.000000
vt 0.916667 0.000000
vt 0.916667 0.166667
vt 0.916667 0.333333
vt 0.916667 0.500000
vt 0.916667 0.666667
vt 0.916667 0.833333
vt 0.916667 1.000000
vt 1.000000 0.000000
vt 1.000000 0.166667
vt 1.000000 0.333333
vt 1.000000 0.500000
vt 1.000000 0.666667
vt 1.000000 0.833333
vt 1.000000 1.000000
vt 0.000000 0.000000
vt 0.000000 0.166667
vt 0.000000 0.333333
vt 0.000000 0.500000
vt 0.000000 0.666667
vt 0.000000 0.833333
vt 0.000000 1.000000
vt 0.083333 0.000000
vt 0.083333 0.166667
vt 0.083333 0.333333
vt 0.083333 0.500000
vt 0.083333 0.666667
vt 0.083333 0.833333
vt 0.083333 1.000000
vt 0.166667 0.000000
vt 0.166667 0.166667
vt 0.166667 0.333333
vt 0.166667 0.500000
vt 0.166667 0.666667
vt 0.166667 0.833333
vt 0.166667 1.000000
vt 0.250000 0.000000
vt 0.250000 0.166667
vt 0.250000 0.333333
vt 0.250000 0.500000
vt 0.250000 0.666667
vt 0.250000 0.833333
vt 0.250000 1.000000
vt 0.333333 0.000000
vt 0.333333 0.166667
vt 0.333333 0.333333
vt 0.333333 0.500000
vt 0.333333 0.666667
vt 0.333333 0.833333
vt 0.333333 1.000000
vt 0.416667 0.000000
vt 0.416667 0.166667
vt 0.416667 0.333333
vt 0.416667 0.500000
vt 0.416667 0.666667
vt 0.416667 0.833333
vt 0.416667 1.000000
vt 0.500000 0.000000
vt 0.500000 0.166667
vt 0.500000 0.333333
vt 0.500000 0.500000
vt 0.500000 0.666667
vt 0.500000 0.833333
vt 0.500000 1.000000
vt 0.583333 0.000000
vt 0.583333 0.166667
vt 0.583333 0.333333
vt 0.583333 0.500000
vt 0.583333 0.666667
vt 0.583333 0.833333
vt 0.583333 1.000000
vt 0.666667 0.000000
vt 0.666667 0.166667
vt 0.666667 0.333333
vt 0.666667 0.500000
vt 0.666667 0.666667
vt 0.666667 0.833333
vt 0.666667 1.000000
vt 0.750000 0.000000
vt 0.750000 0.166667
vt 0.750000 0.333333
vt 0.750000 0.500000
vt 0.750000 0.666667
vt 0.750000 0.833333
vt 0.750000 1.000000
vt 0.833333 0.000000
vt 0.833333 0.166667
vt 0.833333 0.333333
vt 0.833333 0.500000
vt 0.833333 0.666667
vt 0.833333 0.833333
vt 0.833333 1.000000
vt 0.916667 0.000000
vt 0.916667 0.166667
vt 0.916667 0.333333
vt 0.916667 0.500000
vt 0.916667 0.666667
vt 0.916667 0.833333
vt 0.916667 1.000000
vt 1.000000 0.000000
vt 1.000000 0.166667
vt 1.000000 0.333333
vt 1.000000 0.500000
vt 1.000000 0.666667
vt 1.000000 0.833333
vt 1.000000 1.000000
vt 0.000000 1.000000
vt 0.000000 0.000000
vt 0.125000 1.000000
vt 0.125000 0.000000
vt 0.250000 1.000000
vt 0.250000 0.000000
vt 0.375000 1.000000
vt 0.375000 0.000000
vt 0.500000 1.000000
vt 0.500000 0.000000
vt 0.625000 1.000000
vt 0.625000 0.000000
vt 0.750000 1.000000
vt 0.750000 0.000000
vt 0.875000 1.000000
vt 0.875000 0.000000
vt 1.000000 1.000000
vt 1.000000 0.000000
vt 0.000000 1.000000
vt 0.000000 0.000000
vt 0.125000 1.000000
vt 0.125000 0.000000
vt 0.250000 1.000000
vt 0.250000 0.000000
vt 0.375000 1.000000
vt 0.375000 0.000000
vt 0.500000 1.000000
vt 0.500000 0.000000
vt 0.625000 1.000000
vt 0.625000 0.000000
vt 0.750000 1.000000
vt 0.750000 0.000000
vt 0.875000 1.000000
vt 0.875000 0.000000
vt 1.000000 1.000000
vt 1.000000 0.000000
vt 0.000000 1.000000
vt 0.000000 0.000000
vt 0.125000 1.000000
vt 0.125000 0.000000
vt 0.250000 1.000000
vt 0.250000 0.000000
vt 0.375000 1.000000
vt 0.375000 0.000000
vt 0.500000 1.000000
vt 0.500000 0.000000
vt 0.625000 1.000000
vt 0.625000 0.000000
vt 0.750000 1.000000
vt 0.750000 0.000000
vt 0.875000 1.000000
vt 0.875000 0.000000
vt 1.000000 1.000000
vt 1.000000 0.000000
vt 0.000000 1.000000
vt 0.000000 0.000000
vt 0.125000 1.000000
vt 0.125000 0.000000
vt 0.250000 1.000000
vt 0.250000 0.000000
vt 0.375000 1.000000
vt 0.375000 0.000000
vt 0.500000 1.000000
vt 0.500000 0.000000
vt 0.625000 1.000000
vt 0.625000 0.000000
vt 0.750000 1.000000
vt 0.750000 0.000000
vt 0.875000 1.000000
vt 0.875000 0.000000
vt 1.000000 1.000000
vt 1.000000 0.000000
vt 0.000000 1.000000
vt 0.000000 0.000000
vt 0.125000 1.000000
vt 0.125000 0.000000
vt 0.250000 1.000000
vt 0.250000 0.000000
vt 0.375000 1.000000
vt 0.375000 0.000000
vt 0.500000 1.000000
vt 0.500000 0.000000
vt 0.625000 1.000000
vt 0.625000 0.000000
vt 0.750000 1.000000
vt 0.750000 0.000000
vt 0.875000 1.000000
vt 0.875000 0.000000
vt 1.000000 1.000000
vt 1.000000 0.000000
vt 0.000000 1.000000
vt 0.000000 0.000000
vt 0.125000 1.000000
vt 0.125000 0.000000
vt 0.250000 1.000000
vt 0.250000 0.000000
vt 0.375000 1.000000
vt 0.375000 0.000000
vt 0.500000 1.000000
vt 0.500000 0.000000
vt 0.625000 1.000000
vt 0.625000 0.000000
vt 0.750000 1.000000
vt 0.750000 0.000000
vt 0.875000 1.000000
vt 0.875000 0.000000
vt 1.000000 1.000000
vt 1.000000 0.000000
vt 0.000000 1.000000
vt 0.000000 0.000000
vt 0.125000 1.000000
vt 0.125000 0.000000
vt 0.250000 1.000000
vt 0.250000 0.000000
vt 0.375000 1.000000
vt 0.375000 0.000000
vt 0.500000 1.000000
vt 0.500000 0.000000
vt 0.625000 1.000000
vt 0.625000 0.000000
vt 0.750000 1.000000
vt 0.750000 0.000000
vt 0.875000 1.000000
vt 0.875000 0.000000
vt 1.000000 1.000000
vt 1.000000 0.000000
vt 0.000000 1.000000
vt 0.000000 0.000000
vt 0.125000 1.000000
vt 0.125000 0.000000
vt 0.250000 1.000000
vt 0.250000 0.000000
vt 0.375000 1.000000
vt 0.375000 0.000000
vt 0.500000 1.000000
vt 0.500000 0.000000
vt 0.625000 1.000000
vt 0.625000 0.000000
vt 0.750000 1.000000
vt 0.750000 0.000000
vt 0.875000 1.000000
vt 0.875000 0.000000
vt 1.000000 1.000000
vt 1.000000 0.000000
vt 0.000000 1.000000
vt 0.000000 0.000000
vt 0.125000 1.000000
vt 0.125000 0.000000
vt 0.250000 1.000000
vt 0.250000 0.000000
vt 0.375000 1.000000
vt 0.375000 0.000000
vt 0.500000 1.000000
vt 0.500000 0.000000
vt 0.625000 1.000000
vt 0.625000 0.000000
vt 0.750000 1.000000
vt 0.750000 0.000000
vt 0.875000 1.000000
vt 0.875000 0.000000
vt 1.000000 1.000000
vt 1.000000 0.000000
vt 0.000000 1.000000
vt 0.000000 0.000000
vt 0.125000 1.000000
vt 0.125000 0.000000
vt 0.250000 1.000000
vt 0.250000 0.000000
vt 0.375000 1.000000
vt 0.375000 0.000000
vt 0.500000 1.000000
vt 0.500000 0.000000
vt 0.625000 1.000000
vt 0.625000 0.000000
vt 0.750000 1.000000
vt 0.750000 0.000000
vt 0.875000 1.000000
vt 0.875000 0.000000
vt 1.000000 1.000000
vt 1.000000 0.000000
vt 0.000000 1.000000
vt 0.000000 0.000000
vt 0.125000 1.000000
vt 0.125000 0.000000
vt 0.250000 1.000000
vt 0.250000 0.000000
vt 0.375000 1.000000
vt 0.375000 0.000000
vt 0.500000 1.000000
vt 0.500000 0.000000
vt 0.625000 1.000000
vt 0.625000 0.000000
vt 0.750000 1.000000
vt 0.750000 0.000000
vt 0.875000 1.000000
vt 0.875000 0.000000
vt 1.000000 1.000000
vt 1.000000 0.000000
vt 0.000000 1.000000
vt 0.000000 0.000000
vt 0.125000 1.000000
vt 0.125000 0.000000
vt 0.250000 1.000000
vt 0.250000 0.000000
vt 0.375000 1.000000
vt 0.375000 0.000000
vt 0.500000 1.000000
vt 0.500000 0.000000
vt 0.625000 1.000000
vt 0.625000 0.000000
vt 0.750000 1.000000
vt 0.750000 0.000000
vt 0.875000 1.000000
vt 0.875000 0.000000
vt 1.000000 1.000000
vt 1.000000 0.000000
vt 0.000000 1.000000
vt 0.000000 0.000000
vt 0.125000 1.000000
vt 0.125000 0.000000
vt 0.250000 1.000000
vt 0.250000 0.000000
vt 0.375000 1.000000
vt 0.375000 0.000000
vt 0.500000 1.000000
vt 0.500000 0.000000
vt 0.625000 1.000000
vt 0.625000 0.000000
vt 0.750000 1.000000
vt 0.750000 0.000000
vt 0.875000 1.000000
vt 0.875000 0.000000
vt 1.000000 1.000000
vt 1.000000 0.000000
vt 0.000000 1.000000
vt 0.000000 0.000000
vt 0.125000 1.000000
vt 0.125000 0.000000
vt 0.250000 1.000000
vt 0.250000 0.000000
vt 0.375000 1.000000
vt 0.375000 0.000000
vt 0.500000 1.000000
vt 0.500000 0.000000
vt 0.625000 1.000000
vt 0.625000 0.000000
vt 0.750000 1.000000
vt 0.750000 0.000000
vt 0.875000 1.000000
vt 0.875000 0.000000
vt 1.000000 1.000000
vt 1.000000 0.000000
vt 0.000000 1.000000
vt 0.000000 0.000000
vt 0.125000 1.000000
vt 0.125000 0.000000
vt 0.250000 1.000000
vt 0.250000 0.000000
vt 0.375000 1.000000
vt 0.375000 0.000000
vt 0.500000 1.000000
vt 0.500000 0.000000
vt 0.625000 1.000000
vt 0.625000 0.000000
vt 0.750000 1.000000
vt 0.750000 0.000000
vt 0.875000 1.000000
vt 0.875000 0.000000
vt 1.000000 1.000000
vt 1.000000 0.000000
vt 0.000000 1.000000
vt 0.000000 0.000000
vt 0.125000 1.000000
vt 0.125000 0.000000
vt 0.250000 1.000000
vt 0.250000 0.000000
vt 0.375000 1.000000
vt 0.375000 0.000000
vt 0.500000 1.000000
vt 0.500000 0.000000
vt 0.625000 1.000000
vt 0.625000 0.000000
vt 0.750000 1.000000
vt 0.750000 0.000000
vt 0.875000 1.000000
vt 0.875000 0.000000
vt 1.000000 1.000000
vt 1.000000 0.000000
vt 0.000000 1.000000
vt 0.000000 0.000000
vt 0.125000 1.000000
vt 0.125000 0.000000
vt 0.250000 1.000000
vt 0.250000 0.000000
vt 0.375000 1.000000
vt 0.375000 0.000000
vt 0.500000 1.000000
vt 0.500000 0.000000
vt 0.625000 1.000000
vt 0.625000 0.000000
vt 0.750000 1.000000
vt 0.750000 0.000000
vt 0.875000 1.000000
vt 0.875000 0.000000
vt 1.000000 1.000000
vt 1.000000 0.000000
vt 0.000000 1.000000
vt 0.000000 0.000000
vt 0.125000 1.000000
vt 0.125000 0.000000
vt 0.250000 1.000000
vt 0.250000 0.000000
vt 0.375000 1.000000
vt 0.375000 0.000000
vt 0.500000 1.000000
vt 0.500000 0.000000
vt 0.625000 1.000000
vt 0.625000 0.000000
vt 0.750000 1.000000
vt 0.750000 0.000000
vt 0.875000 1.000000
vt 0.875000 0.000000
vt 1.000000 1.000000
vt 1.000000 0.000000
vt 0.000000 1.000000
vt 0.000000 0.000000
vt 0.125000 1.000000
vt 0.125000 0.000000
vt 0.250000 1.000000
vt 0.250000 0.000000
vt 0.375000 1.000000
vt 0.375000 0.000000
vt 0.500000 1.000000
vt 0.500000 0.000000
vt 0.625000 1.000000
vt 0.625000 0.000000
vt 0.750000 1.000000
vt 0.750000 0.000000
vt 0.875000 1.000000
vt 0.875000 0.000000
vt 1.000000 1.000000
vt 1.000000 0.000000
vt 0.000000 1.000000
vt 0.000000 0.000000
vt 0.125000 1.000000
vt 0.125000 0.000000
vt 0.250000 1.000000
vt 0.250000 0.000000
vt 0.375000 1.000000
vt 0.375000 0.000000
vt 0.500000 1.000000
vt 0.500000 0.000000
vt 0.625000 1.000000
vt 0.625000 0.000000
vt 0.750000 1.000000
vt 0.750000 0.000000
vt 0.875000 1.000000
vt 0.875000 0.000000
vt 1.000000 1.000000
vt 1.000000 0.000000
vt 0.000000 1.000000
vt 0.000000 0.000000
vt 0.125000 1.000000
vt 0.125000 0.000000
vt 0.250000 1.000000
vt 0.250000 0.000000
vt 0.375000 1.000000
vt 0.375000 0.000000
vt 0.500000 1.000000
vt 0.500000 0.000000
vt 0.625000 1.000000
vt 0.625000 0.000000
vt 0.750000 1.000000
vt 0.750000 0.000000
vt 0.875000 1.000000
vt 0.875000 0.000000
vt 1.000000 1.000000
vt 1.000000 0.000000
vt 0.000000 1.000000
vt 0.000000 0.000000
vt 0.125000 1.000000
vt 0.125000 0.000000
vt 0.250000 1.000000
vt 0.250000 0.000000
vt 0.375000 1.000000
vt 0.375000 0.000000
vt 0.500000 1.000000
vt 0.500000 0.000000
vt 0.625000 1.000000
vt 0.625000 0.000000
vt 0.750000 1.000000
vt 0.750000 0.000000
vt 0.875000 1.000000
vt 0.875000 0.000000
vt 1.000000 1.000000
vt 1.000000 0.000000
vt 0.000000 1.000000
vt 0.000000 0.000000
vt 0.125000 1.000000
vt 0.125000 0.000000
vt 0.250000 1.000000
vt 0.250000 0.000000
vt 0.375000 1.000000
vt 0.375000 0.000000
vt 0.500000 1.000000
vt 0.500000 0.000000
vt 0.625000 1.000000
vt 0.625000 0.000000
vt 0.750000 1.000000
vt 0.750000 0.000000
vt 0.875000 1.000000
vt 0.875000 0.000000
vt 1.000000 1.000000
vt 1.000000 0.000000
vt 0.000000 1.000000
vt 0.000000 0.000000
vt 0.125000 1.000000
vt 0.125000 0.000000
vt 0.250000 1.000000
vt 0.250000 0.000000
vt 0.375000 1.000000
vt 0.375000 0.000000
vt 0.500000 1.000000
vt 0.500000 0.000000
vt 0.625000 1.000000
vt 0.625000 0.000000
vt 0.750000 1.000000
vt 0.750000 0.000000
vt 0.875000 1.000000
vt 0.875000 0.000000
vt 1.000000 1.000000
vt 1.000000 0.000000
vt 0.000000 1.000000
vt 0.000000 0.000000
vt 0.125000 1.000000
vt 0.125000 0.000000
vt 0.250000 1.000000
vt 0.250000 0.000000
vt 0.375000 1.000000
vt 0.375000 0.000000
vt 0.500000 1.000000
vt 0.500000 0.000000
vt 0.625000 1.000000
vt 0.625000 0.000000
vt 0.750000 1.000000
vt 0.750000 0.000000
vt 0.875000 1.000000
vt 0.875000 0.000000
vt 1.000000 1.000000
vt 1.000000 0.000000
vt 0.000000 1.000000
vt 0.000000 0.000000
vt 0.125000 1.000000
vt 0.125000 0.000000
vt 0.250000 1.000000
vt 0.250000 0.000000
vt 0.375000 1.000000
vt 0.375000 0.000000
vt 0.500000 1.000000
vt 0.500000 0.000000
vt 0.625000 1.000000
vt 0.625000 0.000000
vt 0.750000 1.000000
vt 0.750000 0.000000
vt 0.875000 1.000000
vt 0.875000 0.000000
vt 1.000000 1.000000
vt 1.000000 0.000000
vt 0.000000 1.000000
vt 0.000000 0.000000
vt 0.125000 1.000000
vt 0.125000 0.000000
vt 0.250000 1.000000
vt 0.250000 0.000000
vt 0.375000 1.000000
vt 0.375000 0.000000
vt 0.500000 1.000000
vt 0.500000 0.000000
vt 0.625000 1.000000
vt 0.625000 0.000000
vt 0.750000 1.000000
vt 0.750000 0.000000
vt 0.875000 1.000000
vt 0.875000 0.000000
vt 1.000000 1.000000
vt 1.000000 0.000000
vt 0.000000 1.000000
vt 0.000000 0.000000
vt 0.125000 1.000000
vt 0.125000 0.000000
vt 0.250000 1.000000
vt 0.250000 0.000000
vt 0.375000 1.000000
vt 0.375000 0.000000
vt 0.500000 1.000000
vt 0.500000 0.000000
vt 0.625000 1.000000
vt 0.625000 0.000000
vt 0.750000 1.000000
vt 0.750000 0.000000
vt 0.875000 1.000000
vt 0.875000 0.000000
vt 1.000000 1.000000
vt 1.000000 0.000000
vt 0.000000 1.000000
vt 0.000000 0.000000
vt 0.125000 1.000000
vt 0.125000 0.000000
vt 0.250000 1.000000
vt 0.250000 0.000000
vt 0.375000 1.000000
vt 0.375000 0.000000
vt 0.500000 1.000000
vt 0.500000 0.000000
vt 0.625000 1.000000
vt 0.625000 0.000000
vt 0.750000 1.000000
vt 0.750000 0.000000
vt 0.875000 1.000000
vt 0.875000 0.000000
vt 1.000000 1.000000
vt 1.000000 0.000000
vt 0.000000 1.000000
vt 0.000000 0.000000
vt 0.125000 1.000000
vt 0.125000 0.000000
vt 0.250000 1.000000
vt 0.250000 0.000000
vt 0.375000 1.000000
vt 0.375000 0.000000
vt 0.500000 1.000000
vt 0.500000 0.000000
vt 0.625000 1.000000
vt 0.625000 0.000000
vt 0.750000 1.000000
vt 0.750000 0.000000
vt 0.875000 1.000000
vt 0.875000 0.000000
vt 1.000000 1.000000
vt 1.000000 0.000000
vt 0.000000 1.000000
vt 0.000000 0.000000
vt 0.125000 1.000000
vt 0.125000 0.000000
vt 0.250000 1.000000
vt 0.250000 0.000000
vt 0.375000 1.000000
vt 0.375000 0.000000
vt 0.500000 1.000000
vt 0.500000 0.000000
vt 0.625000 1.000000
vt 0.625000 0.000000
vt 0.750000 1.000000
vt 0.750000 0.000000
vt 0.875000 1.000000
vt 0.875000 0.000000
vt 1.000000 1.000000
vt 1.000000 0.000000
vt 0.000000 1.000000
vt 0.000000 0.000000
vt 0.125000 1.000000
vt 0.125000 0.000000
vt 0.250000 1.000000
vt 0.250000 0.000000
vt 0.375000 1.000000
vt 0.375000 0.000000
vt 0.500000 1.000000
vt 0.500000 0.000000
vt 0.625000 1.000000
vt 0.625000 0.000000
vt 0.750000 1.000000
vt 0.750000 0.000000
vt 0.875000 1.000000
vt 0.875000 0.000000
vt 1.000000 1.000000
vt 1.000000 0.000000
vt 0.000000 1.000000
vt 0.000000 0.000000
vt 0.125000 1.000000
vt 0.125000 0.000000
vt 0.250000 1.000000
vt 0.250000 0.000000
vt 0.375000 1.000000
vt 0.375000 0.000000
vt 0.500000 1.000000
vt 0.500000 0.000000
vt 0.625000 1.000000
vt 0.625000 0.000000
vt 0.750000 1.000000
vt 0.750000 0.000000
vt 0.875000 1.000000
vt 0.875000 0.000000
vt 1.000000 1.000000
vt 1.000000 0.000000
vt 0.000000 1.000000
vt 0.000000 0.000000
vt 0.125000 1.000000
vt 0.125000 0.000000
vt 0.250000 1.000000
vt 0.250000 0.000000
vt 0.375000 1.000000
vt 0.375000 0.000000
vt 0.500000 1.000000
vt 0.500000 0.000000
vt 0.625000 1.000000
vt 0.625000 0.000000
vt 0.750000 1.000000
vt 0.750000 0.000000
vt 0.875000 1.000000
vt 0.875000 0.000000
vt 1.000000 1.000000
vt 1.000000 0.000000
vt 0.000000 1.000000
vt 0.000000 0.000000
vt 0.125000 1.000000
vt 0.125000 0.000000
vt 0.250000 1.000000
vt 0.250000 0.000000
vt 0.375000 1.000000
vt 0.375000 0.000000
vt 0.500000 1.000000
vt 0.500000 0.000000
vt 0.625000 1.000000
vt 0.625000 0.000000
vt 0.750000 1.000000
vt 0.750000 0.000000
vt 0.875000 1.000000
vt 0.875000 0.000000
vt 1.000000 1.000000
vt 1.000000 0.000000
vt 0.000000 1.000000
vt 0.000000 0.000000
vt 0.125000 1.000000
vt 0.125000 0.000000
vt 0.250000 1.000000
vt 0.250000 0.000000
vt 0.375000 1.000000
vt 0.375000 0.000000
vt 0.500000 1.000000
vt 0.500000 0.000000
vt 0.625000 1.000000
vt 0.625000 0.000000
vt 0.750000 1.000000
vt 0.750000 0.000000
vt 0.875000 1.000000
vt 0.875000 0.000000
vt 1.000000 1.000000
vt 1.000000 0.000000
vn 0.000000 -0.015784 0.999875
vn 0.000000 -0.015784 0.999875
vn 0.000000 -0.015784 0.999875
vn 0.000000 -0.015784 0.999875
vn 0.000000 0.015784 -0.999875
vn 0.000000 0.015784 -0.999875
vn 0.000000 0.015784 -0.999875
vn 0.000000 0.015784 -0.999875
vn 1.000000 0.000000 0.000000
vn 1.000000 0.000000 0.000000
vn 1.000000 0.000000 0.000000
vn 1.000000 0.000000 0.000000
vn -1.000000 0.000000 0.000000
vn -1.000000 0.000000 0.000000
vn -1.000000 0.000000 0.000000
vn -1.000000 0.000000 0.000000
vn -0.000000 0.999875 0.015784
vn -0.000000 0.999875 0.015784
vn -0.000000 0.999875 0.015784
vn -0.000000 0.999875 0.015784
vn 0.000000 -0.999875 -0.015784
vn 0.000000 -0.999875 -0.015784
vn 0.000000 -0.999875 -0.015784
vn 0.000000 -0.999875 -0.015784
vn 0.000000 0.000000 1.000000
vn 0.000000 0.000000 1.000000
vn 0.000000 0.000000 1.000000
vn 0.000000 0.000000 1.000000
vn 0.000000 0.000000 -1.000000
vn 0.000000 0.000000 -1.000000
vn 0.000000 0.000000 -1.000000
vn 0.000000 0.000000 -1.000000
vn 1.000000 0.000000 0.000000
vn 1.000000 0.000000 0.000000
vn 1.000000 0.000000 0.000000
vn 1.000000 0.000000 0.000000
vn -1.000000 0.000000 0.000000
vn -1.000000 0.000000 0.000000
vn -1.000000 0.000000 0.000000
vn -1.000000 0.000000 0.000000
vn -0.000000 1.000000 0.000000
vn -0.000000 1.000000 0.000000
vn -0.000000 1.000000 0.000000
vn -0.000000 1.000000 0.000000
vn 0.000000 -1.000000 0.000000
vn 0.000000 -1.000000 0.000000
vn 0.000000 -1.000000 0.000000
vn 0.000000 -1.000000 0.000000
vn 0.000000 0.000000 1.000000
vn 0.000000 0.000000 1.000000
vn 0.000000 0.000000 1.000000
vn 0.000000 0.000000 1.000000
vn 0.000000 0.000000 -1.000000
vn 0.000000 0.000000 -1.000000
vn 0.000000 0.000000 -1.000000
vn 0.000000 0.000000 -1.000000
vn 1.000000 0.000000 0.000000
vn 1.000000 0.000000 0.000000
vn 1.000000 0.000000 0.000000
vn 1.000000 0.000000 0.000000
vn -1.000000 0.000000 0.000000
vn -1.000000 0.000000 0.000000
vn -1.000000 0.000000 0.000000
vn -1.000000 0.000000 0.000000
vn -0.000000 1.000000 0.000000
vn -0.000000 1.000000 0.000000
vn -0.000000 1.000000 0.000000
vn -0.000000 1.000000 0.000000
vn 0.000000 -1.000000 0.000000
vn 0.000000 -1.000000 0.000000
vn 0.000000 -1.000000 0.000000
vn 0.000000 -1.000000 0.000000
vn 0.008478 -0.013119 0.999878
vn 0.008478 -0.013119 0.999878
vn 0.008478 -0.013119 0.999878
vn 0.008478 -0.013119 0.999878
vn -0.008478 0.013119 -0.999878
vn -0.008478 0.013119 -0.999878
vn -0.008478 0.013119 -0.999878
vn -0.008478 0.013119 -0.999878
vn 0.999956 0.004055 -0.008425
vn 0.999956 0.004055 -0.008425
vn 0.999956 0.004055 -0.008425
vn 0.999956 0.004055 -0.008425
vn -0.999956 -0.004055 0.008425
vn -0.999956 -0.004055 0.008425
vn -0.999956 -0.004055 0.008425
vn -0.999956 -0.004055 0.008425
vn -0.003944 0.999906 0.013153
vn -0.003944 0.999906 0.013153
vn -0.003944 0.999906 0.013153
vn -0.003944 0.999906 0.013153
vn 0.003944 -0.999906 -0.013153
vn 0.003944 -0.999906 -0.013153
vn 0.003944 -0.999906 -0.013153
vn 0.003944 -0.999906 -0.013153
vn 0.008425 0.000034 0.999965
vn 0.008425 0.000034 0.999965
vn 0.008425 0.000034 0.999965
vn 0.008425 0.000034 0.999965
vn -0.008425 -0.000034 -0.999965
vn -0.008425 -0.000034 -0.999965
vn -0.008425 -0.000034 -0.999965
vn -0.008425 -0.000034 -0.999965
vn 0.999956 0.004055 -0.008425
vn 0.999956 0.004055 -0.008425
vn 0.999956 0.004055 -0.008425
vn 0.999956 0.004055 -0.008425
vn -0.999956 -0.004055 0.008425
vn -0.999956 -0.004055 0.008425
vn -0.999956 -0.004055 0.008425
vn -0.999956 -0.004055 0.008425
vn -0.004055 0.999992 0.000000
vn -0.004055 0.999992 0.000000
vn -0.004055 0.999992 0.000000
vn -0.004055 0.999992 0.000000
vn 0.004055 -0.999992 -0.000000
vn 0.004055 -0.999992 -0.000000
vn 0.004055 -0.999992 -0.000000
vn 0.004055 -0.999992 -0.000000
vn 0.008425 0.000034 0.999965
vn 0.008425 0.000034 0.999965
vn 0.008425 0.000034 0.999965
vn 0.008425 0.000034 0.999965
vn -0.008425 -0.000034 -0.999965
vn -0.008425 -0.000034 -0.999965
vn -0.008425 -0.000034 -0.999965
vn -0.008425 -0.000034 -0.999965
vn 0.999956 0.004055 -0.008425
vn 0.999956 0.004055 -0.008425
vn 0.999956 0.004055 -0.008425
vn 0.999956 0.004055 -0.008425
vn -0.999956 -0.004055 0.008425
vn -0.999956 -0.004055 0.008425
vn -0.999956 -0.004055 0.008425
vn -0.999956 -0.004055 0.008425
vn -0.004055 0.999992 0.000000
vn -0.004055 0.999992 0.000000
vn -0.004055 0.999992 0.000000
vn -0.004055 0.999992 0.000000
vn 0.004055 -0.999992 -0.000000
vn 0.004055 -0.999992 -0.000000
vn 0.004055 -0.999992 -0.000000
vn 0.004055 -0.999992 -0.000000
vn -0.005997 -0.010481 0.999927
vn -0.005997 -0.010481 0.999927
vn -0.005997 -0.010481 0.999927
vn -0.005997 -0.010481 0.999927
vn 0.005997 0.010481 -0.999927
vn 0.005997 0.010481 -0.999927
vn 0.005997 0.010481 -0.999927
vn 0.005997 0.010481 -0.999927
vn 0.999958 -0.006991 0.005924
vn 0.999958 -0.006991 0.005924
vn 0.999958 -0.006991 0.005924
vn 0.999958 -0.006991 0.005924
vn -0.999958 0.006991 -0.005924
vn -0.999958 0.006991 -0.005924
vn -0.999958 0.006991 -0.005924
vn -0.999958 0.006991 -0.005924
vn 0.006928 0.999921 0.010523
vn 0.006928 0.999921 0.010523
vn 0.006928 0.999921 0.010523
vn 0.006928 0.999921 0.010523
vn -0.006928 -0.999921 -0.010523
vn -0.006928 -0.999921 -0.010523
vn -0.006928 -0.999921 -0.010523
vn -0.006928 -0.999921 -0.010523
vn -0.005923 0.000041 0.999982
vn -0.005923 0.000041 0.999982
vn -0.005923 0.000041 0.999982
vn -0.005923 0.000041 0.999982
vn 0.005923 -0.000041 -0.999982
vn 0.005923 -0.000041 -0.999982
vn 0.005923 -0.000041 -0.999982
vn 0.005923 -0.000041 -0.999982
vn 0.999958 -0.006991 0.005924
vn 0.999958 -0.006991 0.005924
vn 0.999958 -0.006991 0.005924
vn 0.999958 -0.006991 0.005924
vn -0.999958 0.006991 -0.005924
vn -0.999958 0.006991 -0.005924
vn -0.999958 0.006991 -0.005924
vn -0.999958 0.006991 -0.005924
vn 0.006991 0.999976 -0.000000
vn 0.006991 0.999976 -0.000000
vn 0.006991 0.999976 -0.000000
vn 0.006991 0.999976 -0.000000
vn -0.006991 -0.999976 0.000000
vn -0.006991 -0.999976 0.000000
vn -0.006991 -0.999976 0.000000
vn -0.006991 -0.999976 0.000000
vn -0.005923 0.000041 0.999982
vn -0.005923 0.000041 0.999982
vn -0.005923 0.000041 0.999982
vn -0.005923 0.000041 0.999982
vn 0.005923 -0.000041 -0.999982
vn 0.005923 -0.000041 -0.999982
vn 0.005923 -0.000041 -0.999982
vn 0.005923 -0.000041 -0.999982
vn 0.999958 -0.006991 0.005924
vn 0.999958 -0.006991 0.005924
vn 0.999958 -0.006991 0.005924
vn 0.999958 -0.006991 0.005924
vn -0.999958 0.006991 -0.005924
vn -0.999958 0.006991 -0.005924
vn -0.999958 0.006991 -0.005924
vn -0.999958 0.006991 -0.005924
vn 0.006991 0.999976 -0.000000
vn 0.006991 0.999976 -0.000000
vn 0.006991 0.999976 -0.000000
vn 0.006991 0.999976 -0.000000
vn -0.006991 -0.999976 0.000000
vn -0.006991 -0.999976 0.000000
vn -0.006991 -0.999976 0.000000
vn -0.006991 -0.999976 0.000000
vn -0.004198 -0.007926 0.999960
vn -0.004198 -0.007926 0.999960
vn -0.004198 -0.007926 0.999960
vn -0.004198 -0.007926 0.999960
vn 0.004198 0.007926 -0.999960
vn 0.004198 0.007926 -0.999960
vn 0.004198 0.007926 -0.999960
vn 0.004198 0.007926 -0.999960
vn 0.999959 0.007998 0.004261
vn 0.999959 0.007998 0.004261
vn 0.999959 0.007998 0.004261
vn 0.999959 0.007998 0.004261
vn -0.999959 -0.007998 -0.004261
vn -0.999959 -0.007998 -0.004261
vn -0.999959 -0.007998 -0.004261
vn -0.999959 -0.007998 -0.004261
vn -0.008031 0.999937 0.007892
vn -0.008031 0.999937 0.007892
vn -0.008031 0.999937 0.007892
vn -0.008031 0.999937 0.007892
vn 0.008031 -0.999937 -0.007892
vn 0.008031 -0.999937 -0.007892
vn 0.008031 -0.999937 -0.007892
vn 0.008031 -0.999937 -0.007892
vn -0.004261 -0.000034 0.999991
vn -0.004261 -0.000034 0.999991
vn -0.004261 -0.000034 0.999991
vn -0.004261 -0.000034 0.999991
vn 0.004261 0.000034 -0.999991
vn 0.004261 0.000034 -0.999991
vn 0.004261 0.000034 -0.999991
vn 0.004261 0.000034 -0.999991
vn 0.999959 0.007998 0.004261
vn 0.999959 0.007998 0.004261
vn 0.999959 0.007998 0.004261
vn 0.999959 0.007998 0.004261
vn -0.999959 -0.007998 -0.004261
vn -0.999959 -0.007998 -0.004261
vn -0.999959 -0.007998 -0.004261
vn -0.999959 -0.007998 -0.004261
vn -0.007998 0.999968 -0.000000
vn -0.007998 0.999968 -0.000000
vn -0.007998 0.999968 -0.000000
vn -0.007998 0.999968 -0.000000
vn 0.007998 -0.999968 -0.000000
vn 0.007998 -0.999968 -0.000000
vn 0.007998 -0.999968 -0.000000
vn 0.007998 -0.999968 -0.000000
vn -0.004261 -0.000034 0.999991
vn -0.004261 -0.000034 0.999991
vn -0.004261 -0.000034 0.999991
vn -0.004261 -0.000034 0.999991
vn 0.004261 0.000034 -0.999991
vn 0.004261 0.000034 -0.999991
vn 0.004261 0.000034 -0.999991
vn 0.004261 0.000034 -0.999991
vn 0.999959 0.007998 0.004261
vn 0.999959 0.007998 0.004261
vn 0.999959 0.007998 0.004261
vn 0.999959 0.007998 0.004261
vn -0.999959 -0.007998 -0.004261
vn -0.999959 -0.007998 -0.004261
vn -0.999959 -0.007998 -0.004261
vn -0.999959 -0.007998 -0.004261
vn -0.007998 0.999968 -0.000000
vn -0.007998 0.999968 -0.000000
vn -0.007998 0.999968 -0.000000
vn -0.007998 0.999968 -0.000000
vn 0.007998 -0.999968 -0.000000
vn 0.007998 -0.999968 -0.000000
vn 0.007998 -0.999968 -0.000000
vn 0.007998 -0.999968 -0.000000
vn 0.008883 -0.005322 0.999946
vn 0.008883 -0.005322 0.999946
vn 0.008883 -0.005322 0.999946
vn 0.008883 -0.005322 0.999946
vn -0.008883 0.005322 -0.999946
vn -0.008883 0.005322 -0.999946
vn -0.008883 0.005322 -0.999946
vn -0.008883 0.005322 -0.999946
vn 0.999937 -0.006796 -0.008919
vn 0.999937 -0.006796 -0.008919
vn 0.999937 -0.006796 -0.008919
vn 0.999937 -0.006796 -0.008919
vn -0.999937 0.006796 0.008919
vn -0.999937 0.006796 0.008919
vn -0.999937 0.006796 0.008919
vn -0.999937 0.006796 0.008919
vn 0.006844 0.999963 0.005261
vn 0.006844 0.999963 0.005261
vn 0.006844 0.999963 0.005261
vn 0.006844 0.999963 0.005261
vn -0.006844 -0.999963 -0.005261
vn -0.006844 -0.999963 -0.005261
vn -0.006844 -0.999963 -0.005261
vn -0.006844 -0.999963 -0.005261
vn 0.008919 -0.000061 0.999960
vn 0.008919 -0.000061 0.999960
vn 0.008919 -0.000061 0.999960
vn 0.008919 -0.000061 0.999960
vn -0.008919 0.000061 -0.999960
vn -0.008919 0.000061 -0.999960
vn -0.008919 0.000061 -0.999960
vn -0.008919 0.000061 -0.999960
vn 0.999937 -0.006796 -0.008919
vn 0.999937 -0.006796 -0.008919
vn 0.999937 -0.006796 -0.008919
vn 0.999937 -0.006796 -0.008919
vn -0.999937 0.006796 0.008919
vn -0.999937 0.006796 0.008919
vn -0.999937 0.006796 0.008919
vn -0.999937 0.006796 0.008919
vn 0.006797 0.999977 0.000000
vn 0.006797 0.999977 0.000000
vn 0.006797 0.999977 0.000000
vn 0.006797 0.999977 0.000000
vn -0.006797 -0.999977 -0.000000
vn -0.006797 -0.999977 -0.000000
vn -0.006797 -0.999977 -0.000000
vn -0.006797 -0.999977 -0.000000
vn 0.008919 -0.000061 0.999960
vn 0.008919 -0.000061 0.999960
vn 0.008919 -0.000061 0.999960
vn 0.008919 -0.000061 0.999960
vn -0.008919 0.000061 -0.999960
vn -0.008919 0.000061 -0.999960
vn -0.008919 0.000061 -0.999960
vn -0.008919 0.000061 -0.999960
vn 0.999937 -0.006796 -0.008919
vn 0.999937 -0.006796 -0.008919
vn 0.999937 -0.006796 -0.008919
vn 0.999937 -0.006796 -0.008919
vn -0.999937 0.006796 0.008919
vn -0.999937 0.006796 0.008919
vn -0.999937 0.006796 0.008919
vn -0.999937 0.006796 0.008919
vn 0.006797 0.999977 0.000000
vn 0.006797 0.999977 0.000000
vn 0.006797 0.999977 0.000000
vn 0.006797 0.999977 0.000000
vn -0.006797 -0.999977 -0.000000
vn -0.006797 -0.999977 -0.000000
vn -0.006797 -0.999977 -0.000000
vn -0.006797 -0.999977 -0.000000
vn -0.002000 -0.002638 0.999995
vn -0.002000 -0.002638 0.999995
vn -0.002000 -0.002638 0.999995
vn -0.002000 -0.002638 0.999995
vn 0.002000 0.002638 -0.999995
vn 0.002000 0.002638 -0.999995
vn 0.002000 0.002638 -0.999995
vn 0.002000 0.002638 -0.999995
vn 0.999991 0.003720 0.002010
vn 0.999991 0.003720 0.002010
vn 0.999991 0.003720 0.002010
vn 0.999991 0.003720 0.002010
vn -0.999991 -0.003720 -0.002010
vn -0.999991 -0.003720 -0.002010
vn -0.999991 -0.003720 -0.002010
vn -0.999991 -0.003720 -0.002010
vn -0.003725 0.999990 0.002631
vn -0.003725 0.999990 0.002631
vn -0.003725 0.999990 0.002631
vn -0.003725 0.999990 0.002631
vn 0.003725 -0.999990 -0.002631
vn 0.003725 -0.999990 -0.002631
vn 0.003725 -0.999990 -0.002631
vn 0.003725 -0.999990 -0.002631
vn -0.002010 -0.000007 0.999998
vn -0.002010 -0.000007 0.999998
vn -0.002010 -0.000007 0.999998
vn -0.002010 -0.000007 0.999998
vn 0.002010 0.000007 -0.999998
vn 0.002010 0.000007 -0.999998
vn 0.002010 0.000007 -0.999998
vn 0.002010 0.000007 -0.999998
vn 0.999991 0.003720 0.002010
vn 0.999991 0.003720 0.002010
vn 0.999991 0.003720 0.002010
vn 0.999991 0.003720 0.002010
vn -0.999991 -0.003720 -0.002010
vn -0.999991 -0.003720 -0.002010
vn -0.999991 -0.003720 -0.002010
vn -0.999991 -0.003720 -0.002010
vn -0.003720 0.999993 0.000000
vn -0.003720 0.999993 0.000000
vn -0.003720 0.999993 0.000000
vn -0.003720 0.999993 0.000000
vn 0.003720 -0.999993 0.000000
vn 0.003720 -0.999993 0.000000
vn 0.003720 -0.999993 0.000000
vn 0.003720 -0.999993 0.000000
vn -0.002010 -0.000007 0.999998
vn -0.002010 -0.000007 0.999998
vn -0.002010 -0.000007 0.999998
vn -0.002010 -0.000007 0.999998
vn 0.002010 0.000007 -0.999998
vn 0.002010 0.000007 -0.999998
vn 0.002010 0.000007 -0.999998
vn 0.002010 0.000007 -0.999998
vn 0.999991 0.003720 0.002010
vn 0.999991 0.003720 0.002010
vn 0.999991 0.003720 0.002010
vn 0.999991 0.003720 0.002010
vn -0.999991 -0.003720 -0.002010
vn -0.999991 -0.003720 -0.002010
vn -0.999991 -0.003720 -0.002010
vn -0.999991 -0.003720 -0.002010
vn -0.003720 0.999993 0.000000
vn -0.003720 0.999993 0.000000
vn -0.003720 0.999993 0.000000
vn -0.003720 0.999993 0.000000
vn 0.003720 -0.999993 0.000000
vn 0.003720 -0.999993 0.000000
vn 0.003720 -0.999993 0.000000
vn 0.003720 -0.999993 0.000000
vn -0.007506 -0.000003 0.999972
vn -0.007506 -0.000003 0.999972
vn -0.007506 -0.000003 0.999972
vn -0.007506 -0.000003 0.999972
vn 0.007506 0.000003 -0.999972
vn 0.007506 0.000003 -0.999972
vn 0.007506 0.000003 -0.999972
vn 0.007506 0.000003 -0.999972
vn 0.999972 0.000384 0.007506
vn 0.999972 0.000384 0.007506
vn 0.999972 0.000384 0.007506
vn 0.999972 0.000384 0.007506
vn -0.999972 -0.000384 -0.007506
vn -0.999972 -0.000384 -0.007506
vn -0.999972 -0.000384 -0.007506
vn -0.999972 -0.000384 -0.007506
vn -0.000384 1.000000 0.000000
vn -0.000384 1.000000 0.000000
vn -0.000384 1.000000 0.000000
vn -0.000384 1.000000 0.000000
vn 0.000384 -1.000000 -0.000000
vn 0.000384 -1.000000 -0.000000
vn 0.000384 -1.000000 -0.000000
vn 0.000384 -1.000000 -0.000000
vn -0.007506 -0.000003 0.999972
vn -0.007506 -0.000003 0.999972
vn -0.007506 -0.000003 0.999972
vn -0.007506 -0.000003 0.999972
vn 0.007506 0.000003 -0.999972
vn 0.007506 0.000003 -0.999972
vn 0.007506 0.000003 -0.999972
vn 0.007506 0.000003 -0.999972
vn 0.999972 0.000384 0.007506
vn 0.999972 0.000384 0.007506
vn 0.999972 0.000384 0.007506
vn 0.999972 0.000384 0.007506
vn -0.999972 -0.000384 -0.007506
vn -0.999972 -0.000384 -0.007506
vn -0.999972 -0.000384 -0.007506
vn -0.999972 -0.000384 -0.007506
vn -0.000384 1.000000 -0.000000
vn -0.000384 1.000000 -0.000000
vn -0.000384 1.000000 -0.000000
vn -0.000384 1.000000 -0.000000
vn 0.000384 -1.000000 0.000000
vn 0.000384 -1.000000 0.000000
vn 0.000384 -1.000000 0.000000
vn 0.000384 -1.000000 0.000000
vn -0.007506 -0.000003 0.999972
vn -0.007506 -0.000003 0.999972
vn -0.007506 -0.000003 0.999972
vn -0.007506 -0.000003 0.999972
vn 0.007506 0.000003 -0.999972
vn 0.007506 0.000003 -0.999972
vn 0.007506 0.000003 -0.999972
vn 0.007506 0.000003 -0.999972
vn 0.999972 0.000384 0.007506
vn 0.999972 0.000384 0.007506
vn 0.999972 0.000384 0.007506
vn 0.999972 0.000384 0.007506
vn -0.999972 -0.000384 -0.007506
vn -0.999972 -0.000384 -0.007506
vn -0.999972 -0.000384 -0.007506
vn -0.999972 -0.000384 -0.007506
vn -0.000384 1.000000 -0.000000
vn -0.000384 1.000000 -0.000000
vn -0.000384 1.000000 -0.000000
vn -0.000384 1.000000 -0.000000
vn 0.000384 -1.000000 0.000000
vn 0.000384 -1.000000 0.000000
vn 0.000384 -1.000000 0.000000
vn 0.000384 -1.000000 0.000000
vn 0.007299 0.002599 0.999970
vn 0.007299 0.002599 0.999970
vn 0.007299 0.002599 0.999970
vn 0.007299 0.002599 0.999970
vn -0.007299 -0.002599 -0.999970
vn -0.007299 -0.002599 -0.999970
vn -0.007299 -0.002599 -0.999970
vn -0.007299 -0.002599 -0.999970
vn 0.999964 -0.004381 -0.007287
vn 0.999964 -0.004381 -0.007287
vn 0.999964 -0.004381 -0.007287
vn 0.999964 -0.004381 -0.007287
vn -0.999964 0.004381 0.007287
vn -0.999964 0.004381 0.007287
vn -0.999964 0.004381 0.007287
vn -0.999964 0.004381 0.007287
vn 0.004362 0.999987 -0.002631
vn 0.004362 0.999987 -0.002631
vn 0.004362 0.999987 -0.002631
vn 0.004362 0.999987 -0.002631
vn -0.004362 -0.999987 0.002631
vn -0.004362 -0.999987 0.002631
vn -0.004362 -0.999987 0.002631
vn -0.004362 -0.999987 0.002631
vn 0.007287 -0.000032 0.999973
vn 0.007287 -0.000032 0.999973
vn 0.007287 -0.000032 0.999973
vn 0.007287 -0.000032 0.999973
vn -0.007287 0.000032 -0.999973
vn -0.007287 0.000032 -0.999973
vn -0.007287 0.000032 -0.999973
vn -0.007287 0.000032 -0.999973
vn 0.999964 -0.004381 -0.007287
vn 0.999964 -0.004381 -0.007287
vn 0.999964 -0.004381 -0.007287
vn 0.999964 -0.004381 -0.007287
vn -0.999964 0.004381 0.007287
vn -0.999964 0.004381 0.007287
vn -0.999964 0.004381 0.007287
vn -0.999964 0.004381 0.007287
vn 0.004381 0.999990 0.000000
vn 0.004381 0.999990 0.000000
vn 0.004381 0.999990 0.000000
vn 0.004381 0.999990 0.000000
vn -0.004381 -0.999990 0.000000
vn -0.004381 -0.999990 0.000000
vn -0.004381 -0.999990 0.000000
vn -0.004381 -0.999990 0.000000
vn 0.007287 -0.000032 0.999973
vn 0.007287 -0.000032 0.999973
vn 0.007287 -0.000032 0.999973
vn 0.007287 -0.000032 0.999973
vn -0.007287 0.000032 -0.999973
vn -0.007287 0.000032 -0.999973
vn -0.007287 0.000032 -0.999973
vn -0.007287 0.000032 -0.999973
vn 0.999964 -0.004381 -0.007287
vn 0.999964 -0.004381 -0.007287
vn 0.999964 -0.004381 -0.007287
vn 0.999964 -0.004381 -0.007287
vn -0.999964 0.004381 0.007287
vn -0.999964 0.004381 0.007287
vn -0.999964 0.004381 0.007287
vn -0.999964 0.004381 0.007287
vn 0.004381 0.999990 0.000000
vn 0.004381 0.999990 0.000000
vn 0.004381 0.999990 0.000000
vn 0.004381 0.999990 0.000000
vn -0.004381 -0.999990 0.000000
vn -0.004381 -0.999990 0.000000
vn -0.004381 -0.999990 0.000000
vn -0.004381 -0.999990 0.000000
vn 0.002345 0.005278 0.999983
vn 0.002345 0.005278 0.999983
vn 0.002345 0.005278 0.999983
vn 0.002345 0.005278 0.999983
vn -0.002345 -0.005278 -0.999983
vn -0.002345 -0.005278 -0.999983
vn -0.002345 -0.005278 -0.999983
vn -0.002345 -0.005278 -0.999983
vn 0.999971 0.007170 -0.002383
vn 0.999971 0.007170 -0.002383
vn 0.999971 0.007170 -0.002383
vn 0.999971 0.007170 -0.002383
vn -0.999971 -0.007170 0.002383
vn -0.999971 -0.007170 0.002383
vn -0.999971 -0.007170 0.002383
vn -0.999971 -0.007170 0.002383
vn -0.007182 0.999960 -0.005261
vn -0.007182 0.999960 -0.005261
vn -0.007182 0.999960 -0.005261
vn -0.007182 0.999960 -0.005261
vn 0.007182 -0.999960 0.005261
vn 0.007182 -0.999960 0.005261
vn 0.007182 -0.999960 0.005261
vn 0.007182 -0.999960 0.005261
vn 0.002383 0.000017 0.999997
vn 0.002383 0.000017 0.999997
vn 0.002383 0.000017 0.999997
vn 0.002383 0.000017 0.999997
vn -0.002383 -0.000017 -0.999997
vn -0.002383 -0.000017 -0.999997
vn -0.002383 -0.000017 -0.999997
vn -0.002383 -0.000017 -0.999997
vn 0.999971 0.007170 -0.002383
vn 0.999971 0.007170 -0.002383
vn 0.999971 0.007170 -0.002383
vn 0.999971 0.007170 -0.002383
vn -0.999971 -0.007170 0.002383
vn -0.999971 -0.007170 0.002383
vn -0.999971 -0.007170 0.002383
vn -0.999971 -0.007170 0.002383
vn -0.007170 0.999974 -0.000000
vn -0.007170 0.999974 -0.000000
vn -0.007170 0.999974 -0.000000
vn -0.007170 0.999974 -0.000000
vn 0.007170 -0.999974 -0.000000
vn 0.007170 -0.999974 -0.000000
vn 0.007170 -0.999974 -0.000000
vn 0.007170 -0.999974 -0.000000
vn 0.002383 0.000017 0.999997
vn 0.002383 0.000017 0.999997
vn 0.002383 0.000017 0.999997
vn 0.002383 0.000017 0.999997
vn -0.002383 -0.000017 -0.999997
vn -0.002383 -0.000017 -0.999997
vn -0.002383 -0.000017 -0.999997
vn -0.002383 -0.000017 -0.999997
vn 0.999971 0.007170 -0.002383
vn 0.999971 0.007170 -0.002383
vn 0.999971 0.007170 -0.002383
vn 0.999971 0.007170 -0.002383
vn -0.999971 -0.007170 0.002383
vn -0.999971 -0.007170 0.002383
vn -0.999971 -0.007170 0.002383
vn -0.999971 -0.007170 0.002383
vn -0.007170 0.999974 -0.000000
vn -0.007170 0.999974 -0.000000
vn -0.007170 0.999974 -0.000000
vn -0.007170 0.999974 -0.000000
vn 0.007170 -0.999974 -0.000000
vn 0.007170 -0.999974 -0.000000
vn 0.007170 -0.999974 -0.000000
vn 0.007170 -0.999974 -0.000000
vn -0.008899 0.007963 0.999929
vn -0.008899 0.007963 0.999929
vn -0.008899 0.007963 0.999929
vn -0.008899 0.007963 0.999929
vn 0.008899 -0.007963 -0.999929
vn 0.008899 -0.007963 -0.999929
vn 0.008899 -0.007963 -0.999929
vn 0.008899 -0.007963 -0.999929
vn 0.999928 -0.007979 0.008962
vn 0.999928 -0.007979 0.008962
vn 0.999928 -0.007979 0.008962
vn 0.999928 -0.007979 0.008962
vn -0.999928 0.007979 -0.008962
vn -0.999928 0.007979 -0.008962
vn -0.999928 0.007979 -0.008962
vn -0.999928 0.007979 -0.008962
vn 0.008050 0.999936 -0.007892
vn 0.008050 0.999936 -0.007892
vn 0.008050 0.999936 -0.007892
vn 0.008050 0.999936 -0.007892
vn -0.008050 -0.999936 0.007892
vn -0.008050 -0.999936 0.007892
vn -0.008050 -0.999936 0.007892
vn -0.008050 -0.999936 0.007892
vn -0.008962 0.000072 0.999960
vn -0.008962 0.000072 0.999960
vn -0.008962 0.000072 0.999960
vn -0.008962 0.000072 0.999960
vn 0.008962 -0.000072 -0.999960
vn 0.008962 -0.000072 -0.999960
vn 0.008962 -0.000072 -0.999960
vn 0.008962 -0.000072 -0.999960
vn 0.999928 -0.007979 0.008962
vn 0.999928 -0.007979 0.008962
vn 0.999928 -0.007979 0.008962
vn 0.999928 -0.007979 0.008962
vn -0.999928 0.007979 -0.008962
vn -0.999928 0.007979 -0.008962
vn -0.999928 0.007979 -0.008962
vn -0.999928 0.007979 -0.008962
vn 0.007979 0.999968 -0.000000
vn 0.007979 0.999968 -0.000000
vn 0.007979 0.999968 -0.000000
vn 0.007979 0.999968 -0.000000
vn -0.007979 -0.999968 0.000000
vn -0.007979 -0.999968 0.000000
vn -0.007979 -0.999968 0.000000
vn -0.007979 -0.999968 0.000000
vn -0.008962 0.000072 0.999960
vn -0.008962 0.000072 0.999960
vn -0.008962 0.000072 0.999960
vn -0.008962 0.000072 0.999960
vn 0.008962 -0.000072 -0.999960
vn 0.008962 -0.000072 -0.999960
vn 0.008962 -0.000072 -0.999960
vn 0.008962 -0.000072 -0.999960
vn 0.999928 -0.007979 0.008962
vn 0.999928 -0.007979 0.008962
vn 0.999928 -0.007979 0.008962
vn 0.999928 -0.007979 0.008962
vn -0.999928 0.007979 -0.008962
vn -0.999928 0.007979 -0.008962
vn -0.999928 0.007979 -0.008962
vn -0.999928 0.007979 -0.008962
vn 0.007979 0.999968 -0.000000
vn 0.007979 0.999968 -0.000000
vn 0.007979 0.999968 -0.000000
vn 0.007979 0.999968 -0.000000
vn -0.007979 -0.999968 0.000000
vn -0.007979 -0.999968 0.000000
vn -0.007979 -0.999968 0.000000
vn -0.007979 -0.999968 0.000000
vn 0.003849 0.010548 0.999937
vn 0.003849 0.010548 0.999937
vn 0.003849 0.010548 0.999937
vn 0.003849 0.010548 0.999937
vn -0.003849 -0.010548 -0.999937
vn -0.003849 -0.010548 -0.999937
vn -0.003849 -0.010548 -0.999937
vn -0.003849 -0.010548 -0.999937
vn 0.999971 0.006587 -0.003918
vn 0.999971 0.006587 -0.003918
vn 0.999971 0.006587 -0.003918
vn 0.999971 0.006587 -0.003918
vn -0.999971 -0.006587 0.003918
vn -0.999971 -0.006587 0.003918
vn -0.999971 -0.006587 0.003918
vn -0.999971 -0.006587 0.003918
vn -0.006627 0.999923 -0.010523
vn -0.006627 0.999923 -0.010523
vn -0.006627 0.999923 -0.010523
vn -0.006627 0.999923 -0.010523
vn 0.006627 -0.999923 0.010523
vn 0.006627 -0.999923 0.010523
vn 0.006627 -0.999923 0.010523
vn 0.006627 -0.999923 0.010523
vn 0.003918 0.000026 0.999992
vn 0.003918 0.000026 0.999992
vn 0.003918 0.000026 0.999992
vn 0.003918 0.000026 0.999992
vn -0.003918 -0.000026 -0.999992
vn -0.003918 -0.000026 -0.999992
vn -0.003918 -0.000026 -0.999992
vn -0.003918 -0.000026 -0.999992
vn 0.999971 0.006587 -0.003918
vn 0.999971 0.006587 -0.003918
vn 0.999971 0.006587 -0.003918
vn 0.999971 0.006587 -0.003918
vn -0.999971 -0.006587 0.003918
vn -0.999971 -0.006587 0.003918
vn -0.999971 -0.006587 0.003918
vn -0.999971 -0.006587 0.003918
vn -0.006587 0.999978 0.000000
vn -0.006587 0.999978 0.000000
vn -0.006587 0.999978 0.000000
vn -0.006587 0.999978 0.000000
vn 0.006587 -0.999978 -0.000000
vn 0.006587 -0.999978 -0.000000
vn 0.006587 -0.999978 -0.000000
vn 0.006587 -0.999978 -0.000000
vn 0.003918 0.000026 0.999992
vn 0.003918 0.000026 0.999992
vn 0.003918 0.000026 0.999992
vn 0.003918 0.000026 0.999992
vn -0.003918 -0.000026 -0.999992
vn -0.003918 -0.000026 -0.999992
vn -0.003918 -0.000026 -0.999992
vn -0.003918 -0.000026 -0.999992
vn 0.999971 0.006587 -0.003918
vn 0.999971 0.006587 -0.003918
vn 0.999971 0.006587 -0.003918
vn 0.999971 0.006587 -0.003918
vn -0.999971 -0.006587 0.003918
vn -0.999971 -0.006587 0.003918
vn -0.999971 -0.006587 0.003918
vn -0.999971 -0.006587 0.003918
vn -0.006587 0.999978 0.000000
vn -0.006587 0.999978 0.000000
vn -0.006587 0.999978 0.000000
vn -0.006587 0.999978 0.000000
vn 0.006587 -0.999978 -0.000000
vn 0.006587 -0.999978 -0.000000
vn 0.006587 -0.999978 -0.000000
vn 0.006587 -0.999978 -0.000000
vn 0.006252 0.013132 0.999894
vn 0.006252 0.013132 0.999894
vn 0.006252 0.013132 0.999894
vn 0.006252 0.013132 0.999894
vn -0.006252 -0.013132 -0.999894
vn -0.006252 -0.013132 -0.999894
vn -0.006252 -0.013132 -0.999894
vn -0.006252 -0.013132 -0.999894
vn 0.999975 -0.003376 -0.006208
vn 0.999975 -0.003376 -0.006208
vn 0.999975 -0.003376 -0.006208
vn 0.999975 -0.003376 -0.006208
vn -0.999975 0.003376 0.006208
vn -0.999975 0.003376 0.006208
vn -0.999975 0.003376 0.006208
vn -0.999975 0.003376 0.006208
vn 0.003294 0.999908 -0.013153
vn 0.003294 0.999908 -0.013153
vn 0.003294 0.999908 -0.013153
vn 0.003294 0.999908 -0.013153
vn -0.003294 -0.999908 0.013153
vn -0.003294 -0.999908 0.013153
vn -0.003294 -0.999908 0.013153
vn -0.003294 -0.999908 0.013153
vn 0.006208 -0.000021 0.999981
vn 0.006208 -0.000021 0.999981
vn 0.006208 -0.000021 0.999981
vn 0.006208 -0.000021 0.999981
vn -0.006208 0.000021 -0.999981
vn -0.006208 0.000021 -0.999981
vn -0.006208 0.000021 -0.999981
vn -0.006208 0.000021 -0.999981
vn 0.999975 -0.003376 -0.006208
vn 0.999975 -0.003376 -0.006208
vn 0.999975 -0.003376 -0.006208
vn 0.999975 -0.003376 -0.006208
vn -0.999975 0.003376 0.006208
vn -0.999975 0.003376 0.006208
vn -0.999975 0.003376 0.006208
vn -0.999975 0.003376 0.006208
vn 0.003376 0.999994 -0.000000
vn 0.003376 0.999994 -0.000000
vn 0.003376 0.999994 -0.000000
vn 0.003376 0.999994 -0.000000
vn -0.003376 -0.999994 0.000000
vn -0.003376 -0.999994 0.000000
vn -0.003376 -0.999994 0.000000
vn -0.003376 -0.999994 0.000000
vn 0.006208 -0.000021 0.999981
vn 0.006208 -0.000021 0.999981
vn 0.006208 -0.000021 0.999981
vn 0.006208 -0.000021 0.999981
vn -0.006208 0.000021 -0.999981
vn -0.006208 0.000021 -0.999981
vn -0.006208 0.000021 -0.999981
vn -0.006208 0.000021 -0.999981
vn 0.999975 -0.003376 -0.006208
vn 0.999975 -0.003376 -0.006208
vn 0.999975 -0.003376 -0.006208
vn 0.999975 -0.003376 -0.006208
vn -0.999975 0.003376 0.006208
vn -0.999975 0.003376 0.006208
vn -0.999975 0.003376 0.006208
vn -0.999975 0.003376 0.006208
vn 0.003376 0.999994 -0.000000
vn 0.003376 0.999994 -0.000000
vn 0.003376 0.999994 -0.000000
vn 0.003376 0.999994 -0.000000
vn -0.003376 -0.999994 0.000000
vn -0.003376 -0.999994 0.000000
vn -0.003376 -0.999994 0.000000
vn -0.003376 -0.999994 0.000000
vn -0.008269 0.015790 0.999841
vn -0.008269 0.015790 0.999841
vn -0.008269 0.015790 0.999841
vn -0.008269 0.015790 0.999841
vn 0.008269 -0.015790 -0.999841
vn 0.008269 -0.015790 -0.999841
vn 0.008269 -0.015790 -0.999841
vn 0.008269 -0.015790 -0.999841
vn 0.999965 -0.000766 0.008283
vn 0.999965 -0.000766 0.008283
vn 0.999965 -0.000766 0.008283
vn 0.999965 -0.000766 0.008283
vn -0.999965 0.000766 -0.008283
vn -0.999965 0.000766 -0.008283
vn -0.999965 0.000766 -0.008283
vn -0.999965 0.000766 -0.008283
vn 0.000897 0.999875 -0.015783
vn 0.000897 0.999875 -0.015783
vn 0.000897 0.999875 -0.015783
vn 0.000897 0.999875 -0.015783
vn -0.000897 -0.999875 0.015783
vn -0.000897 -0.999875 0.015783
vn -0.000897 -0.999875 0.015783
vn -0.000897 -0.999875 0.015783
vn -0.008283 0.000006 0.999966
vn -0.008283 0.000006 0.999966
vn -0.008283 0.000006 0.999966
vn -0.008283 0.000006 0.999966
vn 0.008283 -0.000006 -0.999966
vn 0.008283 -0.000006 -0.999966
vn 0.008283 -0.000006 -0.999966
vn 0.008283 -0.000006 -0.999966
vn 0.999965 -0.000766 0.008283
vn 0.999965 -0.000766 0.008283
vn 0.999965 -0.000766 0.008283
vn 0.999965 -0.000766 0.008283
vn -0.999965 0.000766 -0.008283
vn -0.999965 0.000766 -0.008283
vn -0.999965 0.000766 -0.008283
vn -0.999965 0.000766 -0.008283
vn 0.000766 1.000000 -0.000000
vn 0.000766 1.000000 -0.000000
vn 0.000766 1.000000 -0.000000
vn 0.000766 1.000000 -0.000000
vn -0.000766 -1.000000 0.000000
vn -0.000766 -1.000000 0.000000
vn -0.000766 -1.000000 0.000000
vn -0.000766 -1.000000 0.000000
vn -0.008283 0.000006 0.999966
vn -0.008283 0.000006 0.999966
vn -0.008283 0.000006 0.999966
vn -0.008283 0.000006 0.999966
vn 0.008283 -0.000006 -0.999966
vn 0.008283 -0.000006 -0.999966
vn 0.008283 -0.000006 -0.999966
vn 0.008283 -0.000006 -0.999966
vn 0.999965 -0.000766 0.008283
vn 0.999965 -0.000766 0.008283
vn 0.999965 -0.000766 0.008283
vn 0.999965 -0.000766 0.008283
vn -0.999965 0.000766 -0.008283
vn -0.999965 0.000766 -0.008283
vn -0.999965 0.000766 -0.008283
vn -0.999965 0.000766 -0.008283
vn 0.000766 1.000000 -0.000000
vn 0.000766 1.000000 -0.000000
vn 0.000766 1.000000 -0.000000
vn 0.000766 1.000000 -0.000000
vn -0.000766 -1.000000 0.000000
vn -0.000766 -1.000000 0.000000
vn -0.000766 -1.000000 0.000000
vn -0.000766 -1.000000 0.000000
vn 0.000000 0.000000 1.000000
vn 0.000000 0.000000 1.000000
vn 0.000000 0.000000 1.000000
vn 0.000000 0.000000 1.000000
vn 0.000000 0.000000 -1.000000
vn 0.000000 0.000000 -1.000000
vn 0.000000 0.000000 -1.000000
vn 0.000000 0.000000 -1.000000
vn 1.000000 0.000000 0.000000
vn 1.000000 0.000000 0.000000
vn 1.000000 0.000000 0.000000
vn 1.000000 0.000000 0.000000
vn -1.000000 0.000000 0.000000
vn -1.000000 0.000000 0.000000
vn -1.000000 0.000000 0.000000
vn -1.000000 0.000000 0.000000
vn -0.000000 1.000000 0.000000
vn -0.000000 1.000000 0.000000
vn -0.000000 1.000000 0.000000
vn -0.000000 1.000000 0.000000
vn 0.000000 -1.000000 0.000000
vn 0.000000 -1.000000 0.000000
vn 0.000000 -1.000000 0.000000
vn 0.000000 -1.000000 0.000000
vn 0.000000 0.000000 1.000000
vn 0.000000 0.000000 1.000000
vn 0.000000 0.000000 1.000000
vn 0.000000 0.000000 1.000000
vn 0.000000 0.000000 -1.000000
vn 0.000000 0.000000 -1.000000
vn 0.000000 0.000000 -1.000000
vn 0.000000 0.000000 -1.000000
vn 1.000000 0.000000 0.000000
vn 1.000000 0.000000 0.000000
vn 1.000000 0.000000 0.000000
vn 1.000000 0.000000 0.000000
vn -1.000000 0.000000 0.000000
vn -1.000000 0.000000 0.000000
vn -1.000000 0.000000 0.000000
vn -1.000000 0.000000 0.000000
vn -0.000000 1.000000 0.000000
vn -0.000000 1.000000 0.000000
vn -0.000000 1.000000 0.000000
vn -0.000000 1.000000 0.000000
vn 0.000000 -1.000000 0.000000
vn 0.000000 -1.000000 0.000000
vn 0.000000 -1.000000 0.000000
vn 0.000000 -1.000000 0.000000
vn 0.000000 0.000000 1.000000
vn 0.000000 0.000000 1.000000
vn 0.000000 0.000000 1.000000
vn 0.000000 0.000000 1.000000
vn 0.000000 0.000000 -1.000000
vn 0.000000 0.000000 -1.000000
vn 0.000000 0.000000 -1.000000
vn 0.000000 0.000000 -1.000000
vn 1.000000 0.000000 0.000000
vn 1.000000 0.000000 0.000000
vn 1.000000 0.000000 0.000000
vn 1.000000 0.000000 0.000000
vn -1.000000 0.000000 0.000000
vn -1.000000 0.000000 0.000000
vn -1.000000 0.000000 0.000000
vn -1.000000 0.000000 0.000000
vn -0.000000 1.000000 0.000000
vn -0.000000 1.000000 0.000000
vn -0.000000 1.000000 0.000000
vn -0.000000 1.000000 0.000000
vn 0.000000 -1.000000 0.000000
vn 0.000000 -1.000000 0.000000
vn 0.000000 -1.000000 0.000000
vn 0.000000 -1.000000 0.000000
vn 0.000000 0.000000 1.000000
vn 0.000000 0.000000 1.000000
vn 0.000000 0.000000 1.000000
vn 0.000000 0.000000 1.000000
vn 0.000000 0.000000 -1.000000
vn 0.000000 0.000000 -1.000000
vn 0.000000 0.000000 -1.000000
vn 0.000000 0.000000 -1.000000
vn 1.000000 0.000000 0.000000
vn 1.000000 0.000000 0.000000
vn 1.000000 0.000000 0.000000
vn 1.000000 0.000000 0.000000
vn -1.000000 0.000000 0.000000
vn -1.000000 0.000000 0.000000
vn -1.000000 0.000000 0.000000
vn -1.000000 0.000000 0.000000
vn -0.000000 1.000000 0.000000
vn -0.000000 1.000000 0.000000
vn -0.000000 1.000000 0.000000
vn -0.000000 1.000000 0.000000
vn 0.000000 -1.000000 0.000000
vn 0.000000 -1.000000 0.000000
vn 0.000000 -1.000000 0.000000
vn 0.000000 -1.000000 0.000000
vn 0.000000 0.000000 1.000000
vn 0.000000 0.000000 1.000000
vn 0.000000 0.000000 1.000000
vn 0.000000 0.000000 1.000000
vn 0.000000 0.000000 -1.000000
vn 0.000000 0.000000 -1.000000
vn 0.000000 0.000000 -1.000000
vn 0.000000 0.000000 -1.000000
vn 1.000000 0.000000 0.000000
vn 1.000000 0.000000 0.000000
vn 1.000000 0.000000 0.000000
vn 1.000000 0.000000 0.000000
vn -1.000000 0.000000 0.000000
vn -1.000000 0.000000 0.000000
vn -1.000000 0.000000 0.000000
vn -1.000000 0.000000 0.000000
vn -0.000000 1.000000 0.000000
vn -0.000000 1.000000 0.000000
vn -0.000000 1.000000 0.000000
vn -0.000000 1.000000 0.000000
vn 0.000000 -1.000000 0.000000
vn 0.000000 -1.000000 0.000000
vn 0.000000 -1.000000 0.000000
vn 0.000000 -1.000000 0.000000
vn 0.000000 0.000000 1.000000
vn 0.000000 0.000000 1.000000
vn 0.000000 0.000000 1.000000
vn 0.000000 0.000000 1.000000
vn 0.000000 0.000000 -1.000000
vn 0.000000 0.000000 -1.000000
vn 0.000000 0.000000 -1.000000
vn 0.000000 0.000000 -1.000000
vn 1.000000 0.000000 0.000000
vn 1.000000 0.000000 0.000000
vn 1.000000 0.000000 0.000000
vn 1.000000 0.000000 0.000000
vn -1.000000 0.000000 0.000000
vn -1.000000 0.000000 0.000000
vn -1.000000 0.000000 0.000000
vn -1.000000 0.000000 0.000000
vn -0.000000 1.000000 0.000000
vn -0.000000 1.000000 0.000000
vn -0.000000 1.000000 0.000000
vn -0.000000 1.000000 0.000000
vn 0.000000 -1.000000 0.000000
vn 0.000000 -1.000000 0.000000
vn 0.000000 -1.000000 0.000000
vn 0.000000 -1.000000 0.000000
vn -0.000000 0.000000 1.000000
vn -0.000000 0.000000 1.000000
vn -0.000000 0.000000 1.000000
vn -0.000000 0.000000 1.000000
vn 0.000000 0.000000 -1.000000
vn 0.000000 0.000000 -1.000000
vn 0.000000 0.000000 -1.000000
vn 0.000000 0.000000 -1.000000
vn 0.999983 -0.005753 0.000000
vn 0.999983 -0.005753 0.000000
vn 0.999983 -0.005753 0.000000
vn 0.999983 -0.005753 0.000000
vn -0.999983 0.005753 0.000000
vn -0.999983 0.005753 0.000000
vn -0.999983 0.005753 0.000000
vn -0.999983 0.005753 0.000000
vn 0.005753 0.999983 0.000000
vn 0.005753 0.999983 0.000000
vn 0.005753 0.999983 0.000000
vn 0.005753 0.999983 0.000000
vn -0.005753 -0.999983 0.000000
vn -0.005753 -0.999983 0.000000
vn -0.005753 -0.999983 0.000000
vn -0.005753 -0.999983 0.000000
vn 1.000000 0.000000 0.000000
vn 0.500000 0.866025 0.000000
vn -0.500000 0.866025 -0.000000
vn -1.000000 0.000000 -0.000000
vn -0.500000 -0.866025 -0.000000
vn 0.500000 -0.866025 0.000000
vn 1.000000 -0.000000 0.000000
vn 0.866025 0.000000 0.500000
vn 0.433013 0.866025 0.250000
vn -0.433013 0.866025 -0.250000
vn -0.866025 0.000000 -0.500000
vn -0.433013 -0.866025 -0.250000
vn 0.433013 -0.866025 0.250000
vn 0.866025 -0.000000 0.500000
vn 0.500000 0.000000 0.866025
vn 0.250000 0.866025 0.433013
vn -0.250000 0.866025 -0.433013
vn -0.500000 0.000000 -0.866025
vn -0.250000 -0.866025 -0.433013
vn 0.250000 -0.866025 0.433013
vn 0.500000 -0.000000 0.866025
vn 0.000000 0.000000 1.000000
vn 0.000000 0.866025 0.500000
vn -0.000000 0.866025 -0.500000
vn -0.000000 0.000000 -1.000000
vn -0.000000 -0.866025 -0.500000
vn 0.000000 -0.866025 0.500000
vn 0.000000 -0.000000 1.000000
vn -0.500000 0.000000 0.866025
vn -0.250000 0.866025 0.433013
vn 0.250000 0.866025 -0.433013
vn 0.500000 0.000000 -0.866025
vn 0.250000 -0.866025 -0.433013
vn -0.250000 -0.866025 0.433013
vn -0.500000 -0.000000 0.866025
vn -0.866025 0.000000 0.500000
vn -0.433013 0.866025 0.250000
vn 0.433013 0.866025 -0.250000
vn 0.866025 0.000000 -0.500000
vn 0.433013 -0.866025 -0.250000
vn -0.433013 -0.866025 0.250000
vn -0.866025 -0.000000 0.500000
vn -1.000000 0.000000 0.000000
vn -0.500000 0.866025 0.000000
vn 0.500000 0.866025 -0.000000
vn 1.000000 0.000000 -0.000000
vn 0.500000 -0.866025 -0.000000
vn -0.500000 -0.866025 0.000000
vn -1.000000 -0.000000 0.000000
vn -0.866025 0.000000 -0.500000
vn -0.433013 0.866025 -0.250000
vn 0.433013 0.866025 0.250000
vn 0.866025 0.000000 0.500000
vn 0.433013 -0.866025 0.250000
vn -0.433013 -0.866025 -0.250000
vn -0.866025 -0.000000 -0.500000
vn -0.500000 0.000000 -0.866025
vn -0.250000 0.866025 -0.433013
vn 0.250000 0.866025 0.433013
vn 0.500000 0.000000 0.866025
vn 0.250000 -0.866025 0.433013
vn -0.250000 -0.866025 -0.433013
vn -0.500000 -0.000000 -0.866025
vn -0.000000 0.000000 -1.000000
vn -0.000000 0.866025 -0.500000
vn 0.000000 0.866025 0.500000
vn 0.000000 0.000000 1.000000
vn 0.000000 -0.866025 0.500000
vn -0.000000 -0.866025 -0.500000
vn -0.000000 -0.000000 -1.000000
vn 0.500000 0.000000 -0.866025
vn 0.250000 0.866025 -0.433013
vn -0.250000 0.866025 0.433013
vn -0.500000 0.000000 0.866025
vn -0.250000 -0.866025 0.433013
vn 0.250000 -0.866025 -0.433013
vn 0.500000 -0.000000 -0.866025
vn 0.866025 0.000000 -0.500000
vn 0.433013 0.866025 -0.250000
vn -0.433013 0.866025 0.250000
vn -0.866025 0.000000 0.500000
vn -0.433013 -0.866025 0.250000
vn 0.433013 -0.866025 -0.250000
vn 0.866025 -0.000000 -0.500000
vn 1.000000 0.000000 -0.000000
vn 0.500000 0.866025 -0.000000
vn -0.500000 0.866025 0.000000
vn -1.000000 0.000000 0.000000
vn -0.500000 -0.866025 0.000000
vn 0.500000 -0.866025 -0.000000
vn 1.000000 -0.000000 -0.000000
vn 1.000000 0.000000 0.000000
vn 0.500000 0.866025 0.000000
vn -0.500000 0.866025 -0.000000
vn -1.000000 0.000000 -0.000000
vn -0.500000 -0.866025 -0.000000
vn 0.500000 -0.866025 0.000000
vn 1.000000 -0.000000 0.000000
vn 0.866025 0.000000 0.500000
vn 0.433013 0.866025 0.250000
vn -0.433013 0.866025 -0.250000
vn -0.866025 0.000000 -0.500000
vn -0.433013 -0.866025 -0.250000
vn 0.433013 -0.866025 0.250000
vn 0.866025 -0.000000 0.500000
vn 0.500000 0.000000 0.866025
vn 0.250000 0.866025 0.433013
vn -0.250000 0.866025 -0.433013
vn -0.500000 0.000000 -0.866025
vn -0.250000 -0.866025 -0.433013
vn 0.250000 -0.866025 0.433013
vn 0.500000 -0.000000 0.866025
vn 0.000000 0.000000 1.000000
vn 0.000000 0.866025 0.500000
vn -0.000000 0.866025 -0.500000
vn -0.000000 0.000000 -1.000000
vn -0.000000 -0.866025 -0.500000
vn 0.000000 -0.866025 0.500000
vn 0.000000 -0.000000 1.000000
vn -0.500000 0.000000 0.866025
vn -0.250000 0.866025 0.433013
vn 0.250000 0.866025 -0.433013
vn 0.500000 0.000000 -0.866025
vn 0.250000 -0.866025 -0.433013
vn -0.250000 -0.866025 0.433013
vn -0.500000 -0.000000 0.866025
vn -0.866025 0.000000 0.500000
vn -0.433013 0.866025 0.250000
vn 0.433013 0.866025 -0.250000
vn 0.866025 0.000000 -0.500000
vn 0.433013 -0.866025 -0.250000
vn -0.433013 -0.866025 0.250000
vn -0.866025 -0.000000 0.500000
vn -1.000000 0.000000 0.000000
vn -0.500000 0.866025 0.000000
vn 0.500000 0.866025 -0.000000
vn 1.000000 0.000000 -0.000000
vn 0.500000 -0.866025 -0.000000
vn -0.500000 -0.866025 0.000000
vn -1.000000 -0.000000 0.000000
vn -0.866025 0.000000 -0.500000
vn -0.433013 0.866025 -0.250000
vn 0.433013 0.866025 0.250000
vn 0.866025 0.000000 0.500000
vn 0.433013 -0.866025 0.250000
vn -0.433013 -0.866025 -0.250000
vn -0.866025 -0.000000 -0.500000
vn -0.500000 0.000000 -0.866025
vn -0.250000 0.866025 -0.433013
vn 0.250000 0.866025 0.433013
vn 0.500000 0.000000 0.866025
vn 0.250000 -0.866025 0.433013
vn -0.250000 -0.866025 -0.433013
vn -0.500000 -0.000000 -0.866025
vn -0.000000 0.000000 -1.000000
vn -0.000000 0.866025 -0.500000
vn 0.000000 0.866025 0.500000
vn 0.000000 0.000000 1.000000
vn 0.000000 -0.866025 0.500000
vn -0.000000 -0.866025 -0.500000
vn -0.000000 -0.000000 -1.000000
vn 0.500000 0.000000 -0.866025
vn 0.250000 0.866025 -0.433013
vn -0.250000 0.866025 0.433013
vn -0.500000 0.000000 0.866025
vn -0.250000 -0.866025 0.433013
vn 0.250000 -0.866025 -0.433013
vn 0.500000 -0.000000 -0.866025
vn 0.866025 0.000000 -0.500000
vn 0.433013 0.866025 -0.250000
vn -0.433013 0.866025 0.250000
vn -0.866025 0.000000 0.500000
vn -0.433013 -0.866025 0.250000
vn 0.433013 -0.866025 -0.250000
vn 0.866025 -0.000000 -0.500000
vn 1.000000 0.000000 -0.000000
vn 0.500000 0.866025 -0.000000
vn -0.500000 0.866025 0.000000
vn -1.000000 0.000000 0.000000
vn -0.500000 -0.866025 0.000000
vn 0.500000 -0.866025 -0.000000
vn 1.000000 -0.000000 -0.000000
vn -0.000000 0.000000 1.000000
vn -0.000000 0.000000 1.000000
vn -0.000000 0.000000 1.000000
vn -0.000000 0.000000 1.000000
vn 0.000000 0.000000 -1.000000
vn 0.000000 0.000000 -1.000000
vn 0.000000 0.000000 -1.000000
vn 0.000000 0.000000 -1.000000
vn 0.999928 -0.011970 0.000000
vn 0.999928 -0.011970 0.000000
vn 0.999928 -0.011970 0.000000
vn 0.999928 -0.011970 0.000000
vn -0.999928 0.011970 0.000000
vn -0.999928 0.011970 0.000000
vn -0.999928 0.011970 0.000000
vn -0.999928 0.011970 0.000000
vn 0.011970 0.999928 0.000000
vn 0.011970 0.999928 0.000000
vn 0.011970 0.999928 0.000000
vn 0.011970 0.999928 0.000000
vn -0.011970 -0.999928 0.000000
vn -0.011970 -0.999928 0.000000
vn -0.011970 -0.999928 0.000000
vn -0.011970 -0.999928 0.000000
vn 1.000000 0.000000 0.000000
vn 0.500000 0.866025 0.000000
vn -0.500000 0.866025 -0.000000
vn -1.000000 0.000000 -0.000000
vn -0.500000 -0.866025 -0.000000
vn 0.500000 -0.866025 0.000000
vn 1.000000 -0.000000 0.000000
vn 0.866025 0.000000 0.500000
vn 0.433013 0.866025 0.250000
vn -0.433013 0.866025 -0.250000
vn -0.866025 0.000000 -0.500000
vn -0.433013 -0.866025 -0.250000
vn 0.433013 -0.866025 0.250000
vn 0.866025 -0.000000 0.500000
vn 0.500000 0.000000 0.866025
vn 0.250000 0.866025 0.433013
vn -0.250000 0.866025 -0.433013
vn -0.500000 0.000000 -0.866025
vn -0.250000 -0.866025 -0.433013
vn 0.250000 -0.866025 0.433013
vn 0.500000 -0.000000 0.866025
vn 0.000000 0.000000 1.000000
vn 0.000000 0.866025 0.500000
vn -0.000000 0.866025 -0.500000
vn -0.000000 0.000000 -1.000000
vn -0.000000 -0.866025 -0.500000
vn 0.000000 -0.866025 0.500000
vn 0.000000 -0.000000 1.000000
vn -0.500000 0.000000 0.866025
vn -0.250000 0.866025 0.433013
vn 0.250000 0.866025 -0.433013
vn 0.500000 0.000000 -0.866025
vn 0.250000 -0.866025 -0.433013
vn -0.250000 -0.866025 0.433013
vn -0.500000 -0.000000 0.866025
vn -0.866025 0.000000 0.500000
vn -0.433013 0.866025 0.250000
vn 0.433013 0.866025 -0.250000
vn 0.866025 0.000000 -0.500000
vn 0.433013 -0.866025 -0.250000
vn -0.433013 -0.866025 0.250000
vn -0.866025 -0.000000 0.500000
vn -1.000000 0.000000 0.000000
vn -0.500000 0.866025 0.000000
vn 0.500000 0.866025 -0.000000
vn 1.000000 0.000000 -0.000000
vn 0.500000 -0.866025 -0.000000
vn -0.500000 -0.866025 0.000000
vn -1.000000 -0.000000 0.000000
vn -0.866025 0.000000 -0.500000
vn -0.433013 0.866025 -0.250000
vn 0.433013 0.866025 0.250000
vn 0.866025 0.000000 0.500000
vn 0.433013 -0.866025 0.250000
vn -0.433013 -0.866025 -0.250000
vn -0.866025 -0.000000 -0.500000
vn -0.500000 0.000000 -0.866025
vn -0.250000 0.866025 -0.433013
vn 0.250000 0.866025 0.433013
vn 0.500000 0.000000 0.866025
vn 0.250000 -0.866025 0.433013
vn -0.250000 -0.866025 -0.433013
vn -0.500000 -0.000000 -0.866025
vn -0.000000 0.000000 -1.000000
vn -0.000000 0.866025 -0.500000
vn 0.000000 0.866025 0.500000
vn 0.000000 0.000000 1.000000
vn 0.000000 -0.866025 0.500000
vn -0.000000 -0.866025 -0.500000
vn -0.000000 -0.000000 -1.000000
vn 0.500000 0.000000 -0.866025
vn 0.250000 0.866025 -0.433013
vn -0.250000 0.866025 0.433013
vn -0.500000 0.000000 0.866025
vn -0.250000 -0.866025 0.433013
vn 0.250000 -0.866025 -0.433013
vn 0.500000 -0.000000 -0.866025
vn 0.866025 0.000000 -0.500000
vn 0.433013 0.866025 -0.250000
vn -0.433013 0.866025 0.250000
vn -0.866025 0.000000 0.500000
vn -0.433013 -0.866025 0.250000
vn 0.433013 -0.866025 -0.250000
vn 0.866025 -0.000000 -0.500000
vn 1.000000 0.000000 -0.000000
vn 0.500000 0.866025 -0.000000
vn -0.500000 0.866025 0.000000
vn -1.000000 0.000000 0.000000
vn -0.500000 -0.866025 0.000000
vn 0.500000 -0.866025 -0.000000
vn 1.000000 -0.000000 -0.000000
vn 1.000000 0.000000 0.000000
vn 0.500000 0.866025 0.000000
vn -0.500000 0.866025 -0.000000
vn -1.000000 0.000000 -0.000000
vn -0.500000 -0.866025 -0.000000
vn 0.500000 -0.866025 0.000000
vn 1.000000 -0.000000 0.000000
vn 0.866025 0.000000 0.500000
vn 0.433013 0.866025 0.250000
vn -0.433013 0.866025 -0.250000
vn -0.866025 0.000000 -0.500000
vn -0.433013 -0.866025 -0.250000
vn 0.433013 -0.866025 0.250000
vn 0.866025 -0.000000 0.500000
vn 0.500000 0.000000 0.866025
vn 0.250000 0.866025 0.433013
vn -0.250000 0.866025 -0.433013
vn -0.500000 0.000000 -0.866025
vn -0.250000 -0.866025 -0.433013
vn 0.250000 -0.866025 0.433013
vn 0.500000 -0.000000 0.866025
vn 0.000000 0.000000 1.000000
vn 0.000000 0.866025 0.500000
vn -0.000000 0.866025 -0.500000
vn -0.000000 0.000000 -1.000000
vn -0.000000 -0.866025 -0.500000
vn 0.000000 -0.866025 0.500000
vn 0.000000 -0.000000 1.000000
vn -0.500000 0.000000 0.866025
vn -0.250000 0.866025 0.433013
vn 0.250000 0.866025 -0.433013
vn 0.500000 0.000000 -0.866025
vn 0.250000 -0.866025 -0.433013
vn -0.250000 -0.866025 0.433013
vn -0.500000 -0.000000 0.866025
vn -0.866025 0.000000 0.500000
vn -0.433013 0.866025 0.250000
vn 0.433013 0.866025 -0.250000
vn 0.866025 0.000000 -0.500000
vn 0.433013 -0.866025 -0.250000
vn -0.433013 -0.866025 0.250000
vn -0.866025 -0.000000 0.500000
vn -1.000000 0.000000 0.000000
vn -0.500000 0.866025 0.000000
vn 0.500000 0.866025 -0.000000
vn 1.000000 0.000000 -0.000000
vn 0.500000 -0.866025 -0.000000
vn -0.500000 -0.866025 0.000000
vn -1.000000 -0.000000 0.000000
vn -0.866025 0.000000 -0.500000
vn -0.433013 0.866025 -0.250000
vn 0.433013 0.866025 0.250000
vn 0.866025 0.000000 0.500000
vn 0.433013 -0.866025 0.250000
vn -0.433013 -0.866025 -0.250000
vn -0.866025 -0.000000 -0.500000
vn -0.500000 0.000000 -0.866025
vn -0.250000 0.866025 -0.433013
vn 0.250000 0.866025 0.433013
vn 0.500000 0.000000 0.866025
vn 0.250000 -0.866025 0.433013
vn -0.250000 -0.866025 -0.433013
vn -0.500000 -0.000000 -0.866025
vn -0.000000 0.000000 -1.000000
vn -0.000000 0.866025 -0.500000
vn 0.000000 0.866025 0.500000
vn 0.000000 0.000000 1.000000
vn 0.000000 -0.866025 0.500000
vn -0.000000 -0.866025 -0.500000
vn -0.000000 -0.000000 -1.000000
vn 0.500000 0.000000 -0.866025
vn 0.250000 0.866025 -0.433013
vn -0.250000 0.866025 0.433013
vn -0.500000 0.000000 0.866025
vn -0.250000 -0.866025 0.433013
vn 0.250000 -0.866025 -0.433013
vn 0.500000 -0.000000 -0.866025
vn 0.866025 0.000000 -0.500000
vn 0.433013 0.866025 -0.250000
vn -0.433013 0.866025 0.250000
vn -0.866025 0.000000 0.500000
vn -0.433013 -0.866025 0.250000
vn 0.433013 -0.866025 -0.250000
vn 0.866025 -0.000000 -0.500000
vn 1.000000 0.000000 -0.000000
vn 0.500000 0.866025 -0.000000
vn -0.500000 0.866025 0.000000
vn -1.000000 0.000000 0.000000
vn -0.500000 -0.866025 0.000000
vn 0.500000 -0.866025 -0.000000
vn 1.000000 -0.000000 -0.000000
vn -0.000000 0.000000 1.000000
vn -0.000000 0.000000 1.000000
vn -0.000000 0.000000 1.000000
vn -0.000000 0.000000 1.000000
vn 0.000000 0.000000 -1.000000
vn 0.000000 0.000000 -1.000000
vn 0.000000 0.000000 -1.000000
vn 0.000000 0.000000 -1.000000
vn 0.999974 -0.007182 0.000000
vn 0.999974 -0.007182 0.000000
vn 0.999974 -0.007182 0.000000
vn 0.999974 -0.007182 0.000000
vn -0.999974 0.007182 0.000000
vn -0.999974 0.007182 0.000000
vn -0.999974 0.007182 0.000000
vn -0.999974 0.007182 0.000000
vn 0.007182 0.999974 0.000000
vn 0.007182 0.999974 0.000000
vn 0.007182 0.999974 0.000000
vn 0.007182 0.999974 0.000000
vn -0.007182 -0.999974 0.000000
vn -0.007182 -0.999974 0.000000
vn -0.007182 -0.999974 0.000000
vn -0.007182 -0.999974 0.000000
vn 1.000000 0.000000 0.000000
vn 0.500000 0.866025 0.000000
vn -0.500000 0.866025 -0.000000
vn -1.000000 0.000000 -0.000000
vn -0.500000 -0.866025 -0.000000
vn 0.500000 -0.866025 0.000000
vn 1.000000 -0.000000 0.000000
vn 0.866025 0.000000 0.500000
vn 0.433013 0.866025 0.250000
vn -0.433013 0.866025 -0.250000
vn -0.866025 0.000000 -0.500000
vn -0.433013 -0.866025 -0.250000
vn 0.433013 -0.866025 0.250000
vn 0.866025 -0.000000 0.500000
vn 0.500000 0.000000 0.866025
vn 0.250000 0.866025 0.433013
vn -0.250000 0.866025 -0.433013
vn -0.500000 0.000000 -0.866025
vn -0.250000 -0.866025 -0.433013
vn 0.250000 -0.866025 0.433013
vn 0.500000 -0.000000 0.866025
vn 0.000000 0.000000 1.000000
vn 0.000000 0.866025 0.500000
vn -0.000000 0.866025 -0.500000
vn -0.000000 0.000000 -1.000000
vn -0.000000 -0.866025 -0.500000
vn 0.000000 -0.866025 0.500000
vn 0.000000 -0.000000 1.000000
vn -0.500000 0.000000 0.866025
vn -0.250000 0.866025 0.433013
vn 0.250000 0.866025 -0.433013
vn 0.500000 0.000000 -0.866025
vn 0.250000 -0.866025 -0.433013
vn -0.250000 -0.866025 0.433013
vn -0.500000 -0.000000 0.866025
vn -0.866025 0.000000 0.500000
vn -0.433013 0.866025 0.250000
vn 0.433013 0.866025 -0.250000
vn 0.866025 0.000000 -0.500000
vn 0.433013 -0.866025 -0.250000
vn -0.433013 -0.866025 0.250000
vn -0.866025 -0.000000 0.500000
vn -1.000000 0.000000 0.000000
vn -0.500000 0.866025 0.000000
vn 0.500000 0.866025 -0.000000
vn 1.000000 0.000000 -0.000000
vn 0.500000 -0.866025 -0.000000
vn -0.500000 -0.866025 0.000000
vn -1.000000 -0.000000 0.000000
vn -0.866025 0.000000 -0.500000
vn -0.433013 0.866025 -0.250000
vn 0.433013 0.866025 0.250000
vn 0.866025 0.000000 0.500000
vn 0.433013 -0.866025 0.250000
vn -0.433013 -0.866025 -0.250000
vn -0.866025 -0.000000 -0.500000
vn -0.500000 0.000000 -0.866025
vn -0.250000 0.866025 -0.433013
vn 0.250000 0.866025 0.433013
vn 0.500000 0.000000 0.866025
vn 0.250000 -0.866025 0.433013
vn -0.250000 -0.866025 -0.433013
vn -0.500000 -0.000000 -0.866025
vn -0.000000 0.000000 -1.000000
vn -0.000000 0.866025 -0.500000
vn 0.000000 0.866025 0.500000
vn 0.000000 0.000000 1.000000
vn 0.000000 -0.866025 0.500000
vn -0.000000 -0.866025 -0.500000
vn -0.000000 -0.000000 -1.000000
vn 0.500000 0.000000 -0.866025
vn 0.250000 0.866025 -0.433013
vn -0.250000 0.866025 0.433013
vn -0.500000 0.000000 0.866025
vn -0.250000 -0.866025 0.433013
vn 0.250000 -0.866025 -0.433013
vn 0.500000 -0.000000 -0.866025
vn 0.866025 0.000000 -0.500000
vn 0.433013 0.866025 -0.250000
vn -0.433013 0.866025 0.250000
vn -0.866025 0.000000 0.500000
vn -0.433013 -0.866025 0.250000
vn 0.433013 -0.866025 -0.250000
vn 0.866025 -0.000000 -0.500000
vn 1.000000 0.000000 -0.000000
vn 0.500000 0.866025 -0.000000
vn -0.500000 0.866025 0.000000
vn -1.000000 0.000000 0.000000
vn -0.500000 -0.866025 0.000000
vn 0.500000 -0.866025 -0.000000
vn 1.000000 -0.000000 -0.000000
vn 1.000000 0.000000 0.000000
vn 0.500000 0.866025 0.000000
vn -0.500000 0.866025 -0.000000
vn -1.000000 0.000000 -0.000000
vn -0.500000 -0.866025 -0.000000
vn 0.500000 -0.866025 0.000000
vn 1.000000 -0.000000 0.000000
vn 0.866025 0.000000 0.500000
vn 0.433013 0.866025 0.250000
vn -0.433013 0.866025 -0.250000
vn -0.866025 0.000000 -0.500000
vn -0.433013 -0.866025 -0.250000
vn 0.433013 -0.866025 0.250000
vn 0.866025 -0.000000 0.500000
vn 0.500000 0.000000 0.866025
vn 0.250000 0.866025 0.433013
vn -0.250000 0.866025 -0.433013
vn -0.500000 0.000000 -0.866025
vn -0.250000 -0.866025 -0.433013
vn 0.250000 -0.866025 0.433013
vn 0.500000 -0.000000 0.866025
vn 0.000000 0.000000 1.000000
vn 0.000000 0.866025 0.500000
vn -0.000000 0.866025 -0.500000
vn -0.000000 0.000000 -1.000000
vn -0.000000 -0.866025 -0.500000
vn 0.000000 -0.866025 0.500000
vn 0.000000 -0.000000 1.000000
vn -0.500000 0.000000 0.866025
vn -0.250000 0.866025 0.433013
vn 0.250000 0.866025 -0.433013
vn 0.500000 0.000000 -0.866025
vn 0.250000 -0.866025 -0.433013
vn -0.250000 -0.866025 0.433013
vn -0.500000 -0.000000 0.866025
vn -0.866025 0.000000 0.500000
vn -0.433013 0.866025 0.250000
vn 0.433013 0.866025 -0.250000
vn 0.866025 0.000000 -0.500000
vn 0.433013 -0.866025 -0.250000
vn -0.433013 -0.866025 0.250000
vn -0.866025 -0.000000 0.500000
vn -1.000000 0.000000 0.000000
vn -0.500000 0.866025 0.000000
vn 0.500000 0.866025 -0.000000
vn 1.000000 0.000000 -0.000000
vn 0.500000 -0.866025 -0.000000
vn -0.500000 -0.866025 0.000000
vn -1.000000 -0.000000 0.000000
vn -0.866025 0.000000 -0.500000
vn -0.433013 0.866025 -0.250000
vn 0.433013 0.866025 0.250000
vn 0.866025 0.000000 0.500000
vn 0.433013 -0.866025 0.250000
vn -0.433013 -0.866025 -0.250000
vn -0.866025 -0.000000 -0.500000
vn -0.500000 0.000000 -0.866025
vn -0.250000 0.866025 -0.433013
vn 0.250000 0.866025 0.433013
vn 0.500000 0.000000 0.866025
vn 0.250000 -0.866025 0.433013
vn -0.250000 -0.866025 -0.433013
vn -0.500000 -0.000000 -0.866025
vn -0.000000 0.000000 -1.000000
vn -0.000000 0.866025 -0.500000
vn 0.000000 0.866025 0.500000
vn 0.000000 0.000000 1.000000
vn 0.000000 -0.866025 0.500000
vn -0.000000 -0.866025 -0.500000
vn -0.000000 -0.000000 -1.000000
vn 0.500000 0.000000 -0.866025
vn 0.250000 0.866025 -0.433013
vn -0.250000 0.866025 0.433013
vn -0.500000 0.000000 0.866025
vn -0.250000 -0.866025 0.433013
vn 0.250000 -0.866025 -0.433013
vn 0.500000 -0.000000 -0.866025
vn 0.866025 0.000000 -0.500000
vn 0.433013 0.866025 -0.250000
vn -0.433013 0.866025 0.250000
vn -0.866025 0.000000 0.500000
vn -0.433013 -0.866025 0.250000
vn 0.433013 -0.866025 -0.250000
vn 0.866025 -0.000000 -0.500000
vn 1.000000 0.000000 -0.000000
vn 0.500000 0.866025 -0.000000
vn -0.500000 0.866025 0.000000
vn -1.000000 0.000000 0.000000
vn -0.500000 -0.866025 0.000000
vn 0.500000 -0.866025 -0.000000
vn 1.000000 -0.000000 -0.000000
vn 0.000000 0.000000 1.000000
vn 0.000000 0.000000 1.000000
vn 0.000000 0.000000 1.000000
vn 0.000000 0.000000 1.000000
vn -0.000000 0.000000 -1.000000
vn -0.000000 0.000000 -1.000000
vn -0.000000 0.000000 -1.000000
vn -0.000000 0.000000 -1.000000
vn 0.999991 0.004209 0.000000
vn 0.999991 0.004209 0.000000
vn 0.999991 0.004209 0.000000
vn 0.999991 0.004209 0.000000
vn -0.999991 -0.004209 0.000000
vn -0.999991 -0.004209 0.000000
vn -0.999991 -0.004209 0.000000
vn -0.999991 -0.004209 0.000000
vn -0.004209 0.999991 0.000000
vn -0.004209 0.999991 0.000000
vn -0.004209 0.999991 0.000000
vn -0.004209 0.999991 0.000000
vn 0.004209 -0.999991 0.000000
vn 0.004209 -0.999991 0.000000
vn 0.004209 -0.999991 0.000000
vn 0.004209 -0.999991 0.000000
vn 1.000000 0.000000 0.000000
vn 0.500000 0.866025 0.000000
vn -0.500000 0.866025 -0.000000
vn -1.000000 0.000000 -0.000000
vn -0.500000 -0.866025 -0.000000
vn 0.500000 -0.866025 0.000000
vn 1.000000 -0.000000 0.000000
vn 0.866025 0.000000 0.500000
vn 0.433013 0.866025 0.250000
vn -0.433013 0.866025 -0.250000
vn -0.866025 0.000000 -0.500000
vn -0.433013 -0.866025 -0.250000
vn 0.433013 -0.866025 0.250000
vn 0.866025 -0.000000 0.500000
vn 0.500000 0.000000 0.866025
vn 0.250000 0.866025 0.433013
vn -0.250000 0.866025 -0.433013
vn -0.500000 0.000000 -0.866025
vn -0.250000 -0.866025 -0.433013
vn 0.250000 -0.866025 0.433013
vn 0.500000 -0.000000 0.866025
vn 0.000000 0.000000 1.000000
vn 0.000000 0.866025 0.500000
vn -0.000000 0.866025 -0.500000
vn -0.000000 0.000000 -1.000000
vn -0.000000 -0.866025 -0.500000
vn 0.000000 -0.866025 0.500000
vn 0.000000 -0.000000 1.000000
vn -0.500000 0.000000 0.866025
vn -0.250000 0.866025 0.433013
vn 0.250000 0.866025 -0.433013
vn 0.500000 0.000000 -0.866025
vn 0.250000 -0.866025 -0.433013
vn -0.250000 -0.866025 0.433013
vn -0.500000 -0.000000 0.866025
vn -0.866025 0.000000 0.500000
vn -0.433013 0.866025 0.250000
vn 0.433013 0.866025 -0.250000
vn 0.866025 0.000000 -0.500000
vn 0.433013 -0.866025 -0.250000
vn -0.433013 -0.866025 0.250000
vn -0.866025 -0.000000 0.500000
vn -1.000000 0.000000 0.000000
vn -0.500000 0.866025 0.000000
vn 0.500000 0.866025 -0.000000
vn 1.000000 0.000000 -0.000000
vn 0.500000 -0.866025 -0.000000
vn -0.500000 -0.866025 0.000000
vn -1.000000 -0.000000 0.000000
vn -0.866025 0.000000 -0.500000
vn -0.433013 0.866025 -0.250000
vn 0.433013 0.866025 0.250000
vn 0.866025 0.000000 0.500000
vn 0.433013 -0.866025 0.250000
vn -0.433013 -0.866025 -0.250000
vn -0.866025 -0.000000 -0.500000
vn -0.500000 0.000000 -0.866025
vn -0.250000 0.866025 -0.433013
vn 0.250000 0.866025 0.433013
vn 0.500000 0.000000 0.866025
vn 0.250000 -0.866025 0.433013
vn -0.250000 -0.866025 -0.433013
vn -0.500000 -0.000000 -0.866025
vn -0.000000 0.000000 -1.000000
vn -0.000000 0.866025 -0.500000
vn 0.000000 0.866025 0.500000
vn 0.000000 0.000000 1.000000
vn 0.000000 -0.866025 0.500000
vn -0.000000 -0.866025 -0.500000
vn -0.000000 -0.000000 -1.000000
vn 0.500000 0.000000 -0.866025
vn 0.250000 0.866025 -0.433013
vn -0.250000 0.866025 0.433013
vn -0.500000 0.000000 0.866025
vn -0.250000 -0.866025 0.433013
vn 0.250000 -0.866025 -0.433013
vn 0.500000 -0.000000 -0.866025
vn 0.866025 0.000000 -0.500000
vn 0.433013 0.866025 -0.250000
vn -0.433013 0.866025 0.250000
vn -0.866025 0.000000 0.500000
vn -0.433013 -0.866025 0.250000
vn 0.433013 -0.866025 -0.250000
vn 0.866025 -0.000000 -0.500000
vn 1.000000 0.000000 -0.000000
vn 0.500000 0.866025 -0.000000
vn -0.500000 0.866025 0.000000
vn -1.000000 0.000000 0.000000
vn -0.500000 -0.866025 0.000000
vn 0.500000 -0.866025 -0.000000
vn 1.000000 -0.000000 -0.000000
vn 1.000000 0.000000 0.000000
vn 0.500000 0.866025 0.000000
vn -0.500000 0.866025 -0.000000
vn -1.000000 0.000000 -0.000000
vn -0.500000 -0.866025 -0.000000
vn 0.500000 -0.866025 0.000000
vn 1.000000 -0.000000 0.000000
vn 0.866025 0.000000 0.500000
vn 0.433013 0.866025 0.250000
vn -0.433013 0.866025 -0.250000
vn -0.866025 0.000000 -0.500000
vn -0.433013 -0.866025 -0.250000
vn 0.433013 -0.866025 0.250000
vn 0.866025 -0.000000 0.500000
vn 0.500000 0.000000 0.866025
vn 0.250000 0.866025 0.433013
vn -0.250000 0.866025 -0.433013
vn -0.500000 0.000000 -0.866025
vn -0.250000 -0.866025 -0.433013
vn 0.250000 -0.866025 0.433013
vn 0.500000 -0.000000 0.866025
vn 0.000000 0.000000 1.000000
vn 0.000000 0.866025 0.500000
vn -0.000000 0.866025 -0.500000
vn -0.000000 0.000000 -1.000000
vn -0.000000 -0.866025 -0.500000
vn 0.000000 -0.866025 0.500000
vn 0.000000 -0.000000 1.000000
vn -0.500000 0.000000 0.866025
vn -0.250000 0.866025 0.433013
vn 0.250000 0.866025 -0.433013
vn 0.500000 0.000000 -0.866025
vn 0.250000 -0.866025 -0.433013
vn -0.250000 -0.866025 0.433013
vn -0.500000 -0.000000 0.866025
vn -0.866025 0.000000 0.500000
vn -0.433013 0.866025 0.250000
vn 0.433013 0.866025 -0.250000
vn 0.866025 0.000000 -0.500000
vn 0.433013 -0.866025 -0.250000
vn -0.433013 -0.866025 0.250000
vn -0.866025 -0.000000 0.500000
vn -1.000000 0.000000 0.000000
vn -0.500000 0.866025 0.000000
vn 0.500000 0.866025 -0.000000
vn 1.000000 0.000000 -0.000000
vn 0.500000 -0.866025 -0.000000
vn -0.500000 -0.866025 0.000000
vn -1.000000 -0.000000 0.000000
vn -0.866025 0.000000 -0.500000
vn -0.433013 0.866025 -0.250000
vn 0.433013 0.866025 0.250000
vn 0.866025 0.000000 0.500000
vn 0.433013 -0.866025 0.250000
vn -0.433013 -0.866025 -0.250000
vn -0.866025 -0.000000 -0.500000
vn -0.500000 0.000000 -0.866025
vn -0.250000 0.866025 -0.433013
vn 0.250000 0.866025 0.433013
vn 0.500000 0.000000 0.866025
vn 0.250000 -0.866025 0.433013
vn -0.250000 -0.866025 -0.433013
vn -0.500000 -0.000000 -0.866025
vn -0.000000 0.000000 -1.000000
vn -0.000000 0.866025 -0.500000
vn 0.000000 0.866025 0.500000
vn 0.000000 0.000000 1.000000
vn 0.000000 -0.866025 0.500000
vn -0.000000 -0.866025 -0.500000
vn -0.000000 -0.000000 -1.000000
vn 0.500000 0.000000 -0.866025
vn 0.250000 0.866025 -0.433013
vn -0.250000 0.866025 0.433013
vn -0.500000 0.000000 0.866025
vn -0.250000 -0.866025 0.433013
vn 0.250000 -0.866025 -0.433013
vn 0.500000 -0.000000 -0.866025
vn 0.866025 0.000000 -0.500000
vn 0.433013 0.866025 -0.250000
vn -0.433013 0.866025 0.250000
vn -0.866025 0.000000 0.500000
vn -0.433013 -0.866025 0.250000
vn 0.433013 -0.866025 -0.250000
vn 0.866025 -0.000000 -0.500000
vn 1.000000 0.000000 -0.000000
vn 0.500000 0.866025 -0.000000
vn -0.500000 0.866025 0.000000
vn -1.000000 0.000000 0.000000
vn -0.500000 -0.866025 0.000000
vn 0.500000 -0.866025 -0.000000
vn 1.000000 -0.000000 -0.000000
vn -1.000000 0.000000 0.000000
vn -1.000000 0.000000 0.000000
vn -0.707107 -0.618123 -0.343401
vn -0.707107 -0.618123 -0.343401
vn -0.000000 -0.874157 -0.485643
vn -0.000000 -0.874157 -0.485643
vn 0.707107 -0.618123 -0.343401
vn 0.707107 -0.618123 -0.343401
vn 1.000000 -0.000000 -0.000000
vn 1.000000 -0.000000 -0.000000
vn 0.707107 0.618123 0.343401
vn 0.707107 0.618123 0.343401
vn 0.000000 0.874157 0.485643
vn 0.000000 0.874157 0.485643
vn -0.707107 0.618123 0.343401
vn -0.707107 0.618123 0.343401
vn -1.000000 0.000000 0.000000
vn -1.000000 0.000000 0.000000
vn -1.000000 0.000000 0.000000
vn -1.000000 0.000000 0.000000
vn -0.707107 -0.670820 -0.223607
vn -0.707107 -0.670820 -0.223607
vn -0.000000 -0.948683 -0.316228
vn -0.000000 -0.948683 -0.316228
vn 0.707107 -0.670820 -0.223607
vn 0.707107 -0.670820 -0.223607
vn 1.000000 -0.000000 -0.000000
vn 1.000000 -0.000000 -0.000000
vn 0.707107 0.670820 0.223607
vn 0.707107 0.670820 0.223607
vn 0.000000 0.948683 0.316228
vn 0.000000 0.948683 0.316228
vn -0.707107 0.670820 0.223607
vn -0.707107 0.670820 0.223607
vn -1.000000 0.000000 0.000000
vn -1.000000 0.000000 0.000000
vn -1.000000 0.000000 0.000000
vn -1.000000 0.000000 0.000000
vn -0.707107 -0.702782 -0.078087
vn -0.707107 -0.702782 -0.078087
vn -0.000000 -0.993884 -0.110432
vn -0.000000 -0.993884 -0.110432
vn 0.707107 -0.702782 -0.078087
vn 0.707107 -0.702782 -0.078087
vn 1.000000 -0.000000 -0.000000
vn 1.000000 -0.000000 -0.000000
vn 0.707107 0.702782 0.078087
vn 0.707107 0.702782 0.078087
vn 0.000000 0.993884 0.110432
vn 0.000000 0.993884 0.110432
vn -0.707107 0.702782 0.078087
vn -0.707107 0.702782 0.078087
vn -1.000000 0.000000 0.000000
vn -1.000000 0.000000 0.000000
vn -1.000000 0.000000 0.000000
vn -1.000000 0.000000 0.000000
vn -0.707107 -0.702782 0.078087
vn -0.707107 -0.702782 0.078087
vn -0.000000 -0.993884 0.110432
vn -0.000000 -0.993884 0.110432
vn 0.707107 -0.702782 0.078087
vn 0.707107 -0.702782 0.078087
vn 1.000000 -0.000000 0.000000
vn 1.000000 -0.000000 0.000000
vn 0.707107 0.702782 -0.078087
vn 0.707107 0.702782 -0.078087
vn 0.000000 0.993884 -0.110432
vn 0.000000 0.993884 -0.110432
vn -0.707107 0.702782 -0.078087
vn -0.707107 0.702782 -0.078087
vn -1.000000 0.000000 -0.000000
vn -1.000000 0.000000 -0.000000
vn -1.000000 0.000000 0.000000
vn -1.000000 0.000000 0.000000
vn -0.707107 -0.670820 0.223607
vn -0.707107 -0.670820 0.223607
vn -0.000000 -0.948683 0.316228
vn -0.000000 -0.948683 0.316228
vn 0.707107 -0.670820 0.223607
vn 0.707107 -0.670820 0.223607
vn 1.000000 -0.000000 0.000000
vn 1.000000 -0.000000 0.000000
vn 0.707107 0.670820 -0.223607
vn 0.707107 0.670820 -0.223607
vn 0.000000 0.948683 -0.316228
vn 0.000000 0.948683 -0.316228
vn -0.707107 0.670820 -0.223607
vn -0.707107 0.670820 -0.223607
vn -1.000000 0.000000 -0.000000
vn -1.000000 0.000000 -0.000000
vn -1.000000 0.000000 0.000000
vn -1.000000 0.000000 0.000000
vn -0.707107 -0.618123 0.343401
vn -0.707107 -0.618123 0.343401
vn -0.000000 -0.874157 0.485643
vn -0.000000 -0.874157 0.485643
vn 0.707107 -0.618123 0.343401
vn 0.707107 -0.618123 0.343401
vn 1.000000 -0.000000 0.000000
vn 1.000000 -0.000000 0.000000
vn 0.707107 0.618123 -0.343401
vn 0.707107 0.618123 -0.343401
vn 0.000000 0.874157 -0.485643
vn 0.000000 0.874157 -0.485643
vn -0.707107 0.618123 -0.343401
vn -0.707107 0.618123 -0.343401
vn -1.000000 0.000000 -0.000000
vn -1.000000 0.000000 -0.000000
vn -1.000000 0.000000 0.000000
vn -1.000000 0.000000 0.000000
vn -0.707107 -0.669636 -0.227128
vn -0.707107 -0.669636 -0.227128
vn -0.000000 -0.947009 -0.321208
vn -0.000000 -0.947009 -0.321208
vn 0.707107 -0.669636 -0.227128
vn 0.707107 -0.669636 -0.227128
vn 1.000000 -0.000000 -0.000000
vn 1.000000 -0.000000 -0.000000
vn 0.707107 0.669636 0.227128
vn 0.707107 0.669636 0.227128
vn 0.000000 0.947009 0.321208
vn 0.000000 0.947009 0.321208
vn -0.707107 0.669636 0.227128
vn -0.707107 0.669636 0.227128
vn -1.000000 0.000000 0.000000
vn -1.000000 0.000000 0.000000
vn -1.000000 0.000000 0.000000
vn -1.000000 0.000000 0.000000
vn -0.707107 -0.692904 -0.141012
vn -0.707107 -0.692904 -0.141012
vn -0.000000 -0.979914 -0.199421
vn -0.000000 -0.979914 -0.199421
vn 0.707107 -0.692904 -0.141012
vn 0.707107 -0.692904 -0.141012
vn 1.000000 -0.000000 -0.000000
vn 1.000000 -0.000000 -0.000000
vn 0.707107 0.692904 0.141012
vn 0.707107 0.692904 0.141012
vn 0.000000 0.979914 0.199421
vn 0.000000 0.979914 0.199421
vn -0.707107 0.692904 0.141012
vn -0.707107 0.692904 0.141012
vn -1.000000 0.000000 0.000000
vn -1.000000 0.000000 0.000000
vn -1.000000 0.000000 0.000000
vn -1.000000 0.000000 0.000000
vn -0.707107 -0.705485 -0.047857
vn -0.707107 -0.705485 -0.047857
vn -0.000000 -0.997707 -0.067681
vn -0.000000 -0.997707 -0.067681
vn 0.707107 -0.705485 -0.047857
vn 0.707107 -0.705485 -0.047857
vn 1.000000 -0.000000 -0.000000
vn 1.000000 -0.000000 -0.000000
vn 0.707107 0.705485 0.047857
vn 0.707107 0.705485 0.047857
vn 0.000000 0.997707 0.067681
vn 0.000000 0.997707 0.067681
vn -0.707107 0.705485 0.047857
vn -0.707107 0.705485 0.047857
vn -1.000000 0.000000 0.000000
vn -1.000000 0.000000 0.000000
vn -1.000000 0.000000 0.000000
vn -1.000000 0.000000 0.000000
vn -0.707107 -0.705485 0.047857
vn -0.707107 -0.705485 0.047857
vn -0.000000 -0.997707 0.067681
vn -0.000000 -0.997707 0.067681
vn 0.707107 -0.705485 0.047857
vn 0.707107 -0.705485 0.047857
vn 1.000000 -0.000000 0.000000
vn 1.000000 -0.000000 0.000000
vn 0.707107 0.705485 -0.047857
vn 0.707107 0.705485 -0.047857
vn 0.000000 0.997707 -0.067681
vn 0.000000 0.997707 -0.067681
vn -0.707107 0.705485 -0.047857
vn -0.707107 0.705485 -0.047857
vn -1.000000 0.000000 -0.000000
vn -1.000000 0.000000 -0.000000
vn -1.000000 0.000000 0.000000
vn -1.000000 0.000000 0.000000
vn -0.707107 -0.692904 0.141012
vn -0.707107 -0.692904 0.141012
vn -0.000000 -0.979914 0.199421
vn -0.000000 -0.979914 0.199421
vn 0.707107 -0.692904 0.141012
vn 0.707107 -0.692904 0.141012
vn 1.000000 -0.000000 0.000000
vn 1.000000 -0.000000 0.000000
vn 0.707107 0.692904 -0.141012
vn 0.707107 0.692904 -0.141012
vn 0.000000 0.979914 -0.199421
vn 0.000000 0.979914 -0.199421
vn -0.707107 0.692904 -0.141012
vn -0.707107 0.692904 -0.141012
vn -1.000000 0.000000 -0.000000
vn -1.000000 0.000000 -0.000000
vn -1.000000 0.000000 0.000000
vn -1.000000 0.000000 0.000000
vn -0.707107 -0.669636 0.227128
vn -0.707107 -0.669636 0.227128
vn -0.000000 -0.947009 0.321208
vn -0.000000 -0.947009 0.321208
vn 0.707107 -0.669636 0.227128
vn 0.707107 -0.669636 0.227128
vn 1.000000 -0.000000 0.000000
vn 1.000000 -0.000000 0.000000
vn 0.707107 0.669636 -0.227128
vn 0.707107 0.669636 -0.227128
vn 0.000000 0.947009 -0.321208
vn 0.000000 0.947009 -0.321208
vn -0.707107 0.669636 -0.227128
vn -0.707107 0.669636 -0.227128
vn -1.000000 0.000000 -0.000000
vn -1.000000 0.000000 -0.000000
vn -1.000000 0.000000 0.000000
vn -1.000000 0.000000 0.000000
vn -0.707107 -0.620630 -0.338849
vn -0.707107 -0.620630 -0.338849
vn -0.000000 -0.877703 -0.479206
vn -0.000000 -0.877703 -0.479206
vn 0.707107 -0.620630 -0.338849
vn 0.707107 -0.620630 -0.338849
vn 1.000000 -0.000000 -0.000000
vn 1.000000 -0.000000 -0.000000
vn 0.707107 0.620630 0.338849
vn 0.707107 0.620630 0.338849
vn 0.000000 0.877703 0.479206
vn 0.000000 0.877703 0.479206
vn -0.707107 0.620630 0.338849
vn -0.707107 0.620630 0.338849
vn -1.000000 0.000000 0.000000
vn -1.000000 0.000000 0.000000
vn -1.000000 0.000000 0.000000
vn -1.000000 0.000000 0.000000
vn -0.707107 -0.671970 -0.220128
vn -0.707107 -0.671970 -0.220128
vn -0.000000 -0.950309 -0.311308
vn -0.000000 -0.950309 -0.311308
vn 0.707107 -0.671970 -0.220128
vn 0.707107 -0.671970 -0.220128
vn 1.000000 -0.000000 -0.000000
vn 1.000000 -0.000000 -0.000000
vn 0.707107 0.671970 0.220128
vn 0.707107 0.671970 0.220128
vn 0.000000 0.950309 0.311308
vn 0.000000 0.950309 0.311308
vn -0.707107 0.671970 0.220128
vn -0.707107 0.671970 0.220128
vn -1.000000 0.000000 0.000000
vn -1.000000 0.000000 0.000000
vn -1.000000 0.000000 0.000000
vn -1.000000 0.000000 0.000000
vn -0.707107 -0.702928 -0.076757
vn -0.707107 -0.702928 -0.076757
vn -0.000000 -0.994091 -0.108550
vn -0.000000 -0.994091 -0.108550
vn 0.707107 -0.702928 -0.076757
vn 0.707107 -0.702928 -0.076757
vn 1.000000 -0.000000 -0.000000
vn 1.000000 -0.000000 -0.000000
vn 0.707107 0.702928 0.076757
vn 0.707107 0.702928 0.076757
vn 0.000000 0.994091 0.108550
vn 0.000000 0.994091 0.108550
vn -0.707107 0.702928 0.076757
vn -0.707107 0.702928 0.076757
vn -1.000000 0.000000 0.000000
vn -1.000000 0.000000 0.000000
vn -1.000000 0.000000 0.000000
vn -1.000000 0.000000 0.000000
vn -0.707107 -0.702928 0.076757
vn -0.707107 -0.702928 0.076757
vn -0.000000 -0.994091 0.108550
vn -0.000000 -0.994091 0.108550
vn 0.707107 -0.702928 0.076757
vn 0.707107 -0.702928 0.076757
vn 1.000000 -0.000000 0.000000
vn 1.000000 -0.000000 0.000000
vn 0.707107 0.702928 -0.076757
vn 0.707107 0.702928 -0.076757
vn 0.000000 0.994091 -0.108550
vn 0.000000 0.994091 -0.108550
vn -0.707107 0.702928 -0.076757
vn -0.707107 0.702928 -0.076757
vn -1.000000 0.000000 -0.000000
vn -1.000000 0.000000 -0.000000
vn -1.000000 0.000000 0.000000
vn -1.000000 0.000000 0.000000
vn -0.707107 -0.671970 0.220128
vn -0.707107 -0.671970 0.220128
vn -0.000000 -0.950309 0.311308
vn -0.000000 -0.950309 0.311308
vn 0.707107 -0.671970 0.220128
vn 0.707107 -0.671970 0.220128
vn 1.000000 -0.000000 0.000000
vn 1.000000 -0.000000 0.000000
vn 0.707107 0.671970 -0.220128
vn 0.707107 0.671970 -0.220128
vn 0.000000 0.950309 -0.311308
vn 0.000000 0.950309 -0.311308
vn -0.707107 0.671970 -0.220128
vn -0.707107 0.671970 -0.220128
vn -1.000000 0.000000 -0.000000
vn -1.000000 0.000000 -0.000000
vn -1.000000 0.000000 0.000000
vn -1.000000 0.000000 0.000000
vn -0.707107 -0.620630 0.338849
vn -0.707107 -0.620630 0.338849
vn -0.000000 -0.877703 0.479206
vn -0.000000 -0.877703 0.479206
vn 0.707107 -0.620630 0.338849
vn 0.707107 -0.620630 0.338849
vn 1.000000 -0.000000 0.000000
vn 1.000000 -0.000000 0.000000
vn 0.707107 0.620630 -0.338849
vn 0.707107 0.620630 -0.338849
vn 0.000000 0.877703 -0.479206
vn 0.000000 0.877703 -0.479206
vn -0.707107 0.620630 -0.338849
vn -0.707107 0.620630 -0.338849
vn -1.000000 0.000000 -0.000000
vn -1.000000 0.000000 -0.000000
vn -1.000000 0.000000 0.000000
vn -1.000000 0.000000 0.000000
vn -0.707107 -0.670820 -0.223607
vn -0.707107 -0.670820 -0.223607
vn -0.000000 -0.948683 -0.316228
vn -0.000000 -0.948683 -0.316228
vn 0.707107 -0.670820 -0.223607
vn 0.707107 -0.670820 -0.223607
vn 1.000000 -0.000000 -0.000000
vn 1.000000 -0.000000 -0.000000
vn 0.707107 0.670820 0.223607
vn 0.707107 0.670820 0.223607
vn 0.000000 0.948683 0.316228
vn 0.000000 0.948683 0.316228
vn -0.707107 0.670820 0.223607
vn -0.707107 0.670820 0.223607
vn -1.000000 0.000000 0.000000
vn -1.000000 0.000000 0.000000
vn -1.000000 0.000000 0.000000
vn -1.000000 0.000000 0.000000
vn -0.707107 -0.693375 -0.138675
vn -0.707107 -0.693375 -0.138675
vn -0.000000 -0.980581 -0.196116
vn -0.000000 -0.980581 -0.196116
vn 0.707107 -0.693375 -0.138675
vn 0.707107 -0.693375 -0.138675
vn 1.000000 -0.000000 -0.000000
vn 1.000000 -0.000000 -0.000000
vn 0.707107 0.693375 0.138675
vn 0.707107 0.693375 0.138675
vn 0.000000 0.980581 0.196116
vn 0.000000 0.980581 0.196116
vn -0.707107 0.693375 0.138675
vn -0.707107 0.693375 0.138675
vn -1.000000 0.000000 0.000000
vn -1.000000 0.000000 0.000000
vn -1.000000 0.000000 0.000000
vn -1.000000 0.000000 0.000000
vn -0.707107 -0.705541 -0.047036
vn -0.707107 -0.705541 -0.047036
vn -0.000000 -0.997785 -0.066519
vn -0.000000 -0.997785 -0.066519
vn 0.707107 -0.705541 -0.047036
vn 0.707107 -0.705541 -0.047036
vn 1.000000 -0.000000 -0.000000
vn 1.000000 -0.000000 -0.000000
vn 0.707107 0.705541 0.047036
vn 0.707107 0.705541 0.047036
vn 0.000000 0.997785 0.066519
vn 0.000000 0.997785 0.066519
vn -0.707107 0.705541 0.047036
vn -0.707107 0.705541 0.047036
vn -1.000000 0.000000 0.000000
vn -1.000000 0.000000 0.000000
vn -1.000000 0.000000 0.000000
vn -1.000000 0.000000 0.000000
vn -0.707107 -0.705541 0.047036
vn -0.707107 -0.705541 0.047036
vn -0.000000 -0.997785 0.066519
vn -0.000000 -0.997785 0.066519
vn 0.707107 -0.705541 0.047036
vn 0.707107 -0.705541 0.047036
vn 1.000000 -0.000000 0.000000
vn 1.000000 -0.000000 0.000000
vn 0.707107 0.705541 -0.047036
vn 0.707107 0.705541 -0.047036
vn 0.000000 0.997785 -0.066519
vn 0.000000 0.997785 -0.066519
vn -0.707107 0.705541 -0.047036
vn -0.707107 0.705541 -0.047036
vn -1.000000 0.000000 -0.000000
vn -1.000000 0.000000 -0.000000
vn -1.000000 0.000000 0.000000
vn -1.000000 0.000000 0.000000
vn -0.707107 -0.693375 0.138675
vn -0.707107 -0.693375 0.138675
vn -0.000000 -0.980581 0.196116
vn -0.000000 -0.980581 0.196116
vn 0.707107 -0.693375 0.138675
vn 0.707107 -0.693375 0.138675
vn 1.000000 -0.000000 0.000000
vn 1.000000 -0.000000 0.000000
vn 0.707107 0.693375 -0.138675
vn 0.707107 0.693375 -0.138675
vn 0.000000 0.980581 -0.196116
vn 0.000000 0.980581 -0.196116
vn -0.707107 0.693375 -0.138675
vn -0.707107 0.693375 -0.138675
vn -1.000000 0.000000 -0.000000
vn -1.000000 0.000000 -0.000000
vn -1.000000 0.000000 0.000000
vn -1.000000 0.000000 0.000000
vn -0.707107 -0.670820 0.223607
vn -0.707107 -0.670820 0.223607
vn -0.000000 -0.948683 0.316228
vn -0.000000 -0.948683 0.316228
vn 0.707107 -0.670820 0.223607
vn 0.707107 -0.670820 0.223607
vn 1.000000 -0.000000 0.000000
vn 1.000000 -0.000000 0.000000
vn 0.707107 0.670820 -0.223607
vn 0.707107 0.670820 -0.223607
vn 0.000000 0.948683 -0.316228
vn 0.000000 0.948683 -0.316228
vn -0.707107 0.670820 -0.223607
vn -0.707107 0.670820 -0.223607
vn -1.000000 0.000000 -0.000000
vn -1.000000 0.000000 -0.000000
vn -1.000000 0.000000 0.000000
vn -1.000000 0.000000 0.000000
vn -0.707107 -0.618123 -0.343401
vn -0.707107 -0.618123 -0.343401
vn -0.000000 -0.874157 -0.485643
vn -0.000000 -0.874157 -0.485643
vn 0.707107 -0.618123 -0.343401
vn 0.707107 -0.618123 -0.343401
vn 1.000000 -0.000000 -0.000000
vn 1.000000 -0.000000 -0.000000
vn 0.707107 0.618123 0.343401
vn 0.707107 0.618123 0.343401
vn 0.000000 0.874157 0.485643
vn 0.000000 0.874157 0.485643
vn -0.707107 0.618123 0.343401
vn -0.707107 0.618123 0.343401
vn -1.000000 0.000000 0.000000
vn -1.000000 0.000000 0.000000
vn -1.000000 0.000000 0.000000
vn -1.000000 0.000000 0.000000
vn -0.707107 -0.670820 -0.223607
vn -0.707107 -0.670820 -0.223607
vn -0.000000 -0.948683 -0.316228
vn -0.000000 -0.948683 -0.316228
vn 0.707107 -0.670820 -0.223607
vn 0.707107 -0.670820 -0.223607
vn 1.000000 -0.000000 -0.000000
vn 1.000000 -0.000000 -0.000000
vn 0.707107 0.670820 0.223607
vn 0.707107 0.670820 0.223607
vn 0.000000 0.948683 0.316228
vn 0.000000 0.948683 0.316228
vn -0.707107 0.670820 0.223607
vn -0.707107 0.670820 0.223607
vn -1.000000 0.000000 0.000000
vn -1.000000 0.000000 0.000000
vn -1.000000 0.000000 0.000000
vn -1.000000 0.000000 0.000000
vn -0.707107 -0.702782 -0.078087
vn -0.707107 -0.702782 -0.078087
vn -0.000000 -0.993884 -0.110432
vn -0.000000 -0.993884 -0.110432
vn 0.707107 -0.702782 -0.078087
vn 0.707107 -0.702782 -0.078087
vn 1.000000 -0.000000 -0.000000
vn 1.000000 -0.000000 -0.000000
vn 0.707107 0.702782 0.078087
vn 0.707107 0.702782 0.078087
vn 0.000000 0.993884 0.110432
vn 0.000000 0.993884 0.110432
vn -0.707107 0.702782 0.078087
vn -0.707107 0.702782 0.078087
vn -1.000000 0.000000 0.000000
vn -1.000000 0.000000 0.000000
vn -1.000000 0.000000 0.000000
vn -1.000000 0.000000 0.000000
vn -0.707107 -0.702782 0.078087
vn -0.707107 -0.702782 0.078087
vn -0.000000 -0.993884 0.110432
vn -0.000000 -0.993884 0.110432
vn 0.707107 -0.702782 0.078087
vn 0.707107 -0.702782 0.078087
vn 1.000000 -0.000000 0.000000
vn 1.000000 -0.000000 0.000000
vn 0.707107 0.702782 -0.078087
vn 0.707107 0.702782 -0.078087
vn 0.000000 0.993884 -0.110432
vn 0.000000 0.993884 -0.110432
vn -0.707107 0.702782 -0.078087
vn -0.707107 0.702782 -0.078087
vn -1.000000 0.000000 -0.000000
vn -1.000000 0.000000 -0.000000
vn -1.000000 0.000000 0.000000
vn -1.000000 0.000000 0.000000
vn -0.707107 -0.670820 0.223607
vn -0.707107 -0.670820 0.223607
vn -0.000000 -0.948683 0.316228
vn -0.000000 -0.948683 0.316228
vn 0.707107 -0.670820 0.223607
vn 0.707107 -0.670820 0.223607
vn 1.000000 -0.000000 0.000000
vn 1.000000 -0.000000 0.000000
vn 0.707107 0.670820 -0.223607
vn 0.707107 0.670820 -0.223607
vn 0.000000 0.948683 -0.316228
vn 0.000000 0.948683 -0.316228
vn -0.707107 0.670820 -0.223607
vn -0.707107 0.670820 -0.223607
vn -1.000000 0.000000 -0.000000
vn -1.000000 0.000000 -0.000000
vn -1.000000 0.000000 0.000000
vn -1.000000 0.000000 0.000000
vn -0.707107 -0.618123 0.343401
vn -0.707107 -0.618123 0.343401
vn -0.000000 -0.874157 0.485643
vn -0.000000 -0.874157 0.485643
vn 0.707107 -0.618123 0.343401
vn 0.707107 -0.618123 0.343401
vn 1.000000 -0.000000 0.000000
vn 1.000000 -0.000000 0.000000
vn 0.707107 0.618123 -0.343401
vn 0.707107 0.618123 -0.343401
vn 0.000000 0.874157 -0.485643
vn 0.000000 0.874157 -0.485643
vn -0.707107 0.618123 -0.343401
vn -0.707107 0.618123 -0.343401
vn -1.000000 0.000000 -0.000000
vn -1.000000 0.000000 -0.000000
vn -1.000000 0.000000 0.000000
vn -1.000000 0.000000 0.000000
vn -0.707107 -0.669636 -0.227128
vn -0.707107 -0.669636 -0.227128
vn -0.000000 -0.947009 -0.321208
vn -0.000000 -0.947009 -0.321208
vn 0.707107 -0.669636 -0.227128
vn 0.707107 -0.669636 -0.227128
vn 1.000000 -0.000000 -0.000000
vn 1.000000 -0.000000 -0.000000
vn 0.707107 0.669636 0.227128
vn 0.707107 0.669636 0.227128
vn 0.000000 0.947009 0.321208
vn 0.000000 0.947009 0.321208
vn -0.707107 0.669636 0.227128
vn -0.707107 0.669636 0.227128
vn -1.000000 0.000000 0.000000
vn -1.000000 0.000000 0.000000
vn -1.000000 0.000000 0.000000
vn -1.000000 0.000000 0.000000
vn -0.707107 -0.692904 -0.141012
vn -0.707107 -0.692904 -0.141012
vn -0.000000 -0.979914 -0.199421
vn -0.000000 -0.979914 -0.199421
vn 0.707107 -0.692904 -0.141012
vn 0.707107 -0.692904 -0.141012
vn 1.000000 -0.000000 -0.000000
vn 1.000000 -0.000000 -0.000000
vn 0.707107 0.692904 0.141012
vn 0.707107 0.692904 0.141012
vn 0.000000 0.979914 0.199421
vn 0.000000 0.979914 0.199421
vn -0.707107 0.692904 0.141012
vn -0.707107 0.692904 0.141012
vn -1.000000 0.000000 0.000000
vn -1.000000 0.000000 0.000000
vn -1.000000 0.000000 0.000000
vn -1.000000 0.000000 0.000000
vn -0.707107 -0.705485 -0.047857
vn -0.707107 -0.705485 -0.047857
vn -0.000000 -0.997707 -0.067681
vn -0.000000 -0.997707 -0.067681
vn 0.707107 -0.705485 -0.047857
vn 0.707107 -0.705485 -0.047857
vn 1.000000 -0.000000 -0.000000
vn 1.000000 -0.000000 -0.000000
vn 0.707107 0.705485 0.047857
vn 0.707107 0.705485 0.047857
vn 0.000000 0.997707 0.067681
vn 0.000000 0.997707 0.067681
vn -0.707107 0.705485 0.047857
vn -0.707107 0.705485 0.047857
vn -1.000000 0.000000 0.000000
vn -1.000000 0.000000 0.000000
vn -1.000000 0.000000 0.000000
vn -1.000000 0.000000 0.000000
vn -0.707107 -0.705485 0.047857
vn -0.707107 -0.705485 0.047857
vn -0.000000 -0.997707 0.067681
vn -0.000000 -0.997707 0.067681
vn 0.707107 -0.705485 0.047857
vn 0.707107 -0.705485 0.047857
vn 1.000000 -0.000000 0.000000
vn 1.000000 -0.000000 0.000000
vn 0.707107 0.705485 -0.047857
vn 0.707107 0.705485 -0.047857
vn 0.000000 0.997707 -0.067681
vn 0.000000 0.997707 -0.067681
vn -0.707107 0.705485 -0.047857
vn -0.707107 0.705485 -0.047857
vn -1.000000 0.000000 -0.000000
vn -1.000000 0.000000 -0.000000
vn -1.000000 0.000000 0.000000
vn -1.000000 0.000000 0.000000
vn -0.707107 -0.692904 0.141012
vn -0.707107 -0.692904 0.141012
vn -0.000000 -0.979914 0.199421
vn -0.000000 -0.979914 0.199421
vn 0.707107 -0.692904 0.141012
vn 0.707107 -0.692904 0.141012
vn 1.000000 -0.000000 0.000000
vn 1.000000 -0.000000 0.000000
vn 0.707107 0.692904 -0.141012
vn 0.707107 0.692904 -0.141012
vn 0.000000 0.979914 -0.199421
vn 0.000000 0.979914 -0.199421
vn -0.707107 0.692904 -0.141012
vn -0.707107 0.692904 -0.141012
vn -1.000000 0.000000 -0.000000
vn -1.000000 0.000000 -0.000000
vn -1.000000 0.000000 0.000000
vn -1.000000 0.000000 0.000000
vn -0.707107 -0.669636 0.227128
vn -0.707107 -0.669636 0.227128
vn -0.000000 -0.947009 0.321208
vn -0.000000 -0.947009 0.321208
vn 0.707107 -0.669636 0.227128
vn 0.707107 -0.669636 0.227128
vn 1.000000 -0.000000 0.000000
vn 1.000000 -0.000000 0.000000
vn 0.707107 0.669636 -0.227128
vn 0.707107 0.669636 -0.227128
vn 0.000000 0.947009 -0.321208
vn 0.000000 0.947009 -0.321208
vn -0.707107 0.669636 -0.227128
vn -0.707107 0.669636 -0.227128
vn -1.000000 0.000000 -0.000000
vn -1.000000 0.000000 -0.000000
vn 0.000000 0.000000 1.000000
vn 0.000000 0.000000 1.000000
vn 0.000000 0.000000 1.000000
vn 0.000000 0.000000 1.000000
vn -0.000000 0.000000 -1.000000
vn -0.000000 0.000000 -1.000000
vn -0.000000 0.000000 -1.000000
vn -0.000000 0.000000 -1.000000
vn 0.999983 0.005753 0.000000
vn 0.999983 0.005753 0.000000
vn 0.999983 0.005753 0.000000
vn 0.999983 0.005753 0.000000
vn -0.999983 -0.005753 0.000000
vn -0.999983 -0.005753 0.000000
vn -0.999983 -0.005753 0.000000
vn -0.999983 -0.005753 0.000000
vn -0.005753 0.999983 0.000000
vn -0.005753 0.999983 0.000000
vn -0.005753 0.999983 0.000000
vn -0.005753 0.999983 0.000000
vn 0.005753 -0.999983 0.000000
vn 0.005753 -0.999983 0.000000
vn 0.005753 -0.999983 0.000000
vn 0.005753 -0.999983 0.000000
vn 1.000000 0.000000 0.000000
vn 0.500000 0.866025 0.000000
vn -0.500000 0.866025 -0.000000
vn -1.000000 0.000000 -0.000000
vn -0.500000 -0.866025 -0.000000
vn 0.500000 -0.866025 0.000000
vn 1.000000 -0.000000 0.000000
vn 0.866025 0.000000 0.500000
vn 0.433013 0.866025 0.250000
vn -0.433013 0.866025 -0.250000
vn -0.866025 0.000000 -0.500000
vn -0.433013 -0.866025 -0.250000
vn 0.433013 -0.866025 0.250000
vn 0.866025 -0.000000 0.500000
vn 0.500000 0.000000 0.866025
vn 0.250000 0.866025 0.433013
vn -0.250000 0.866025 -0.433013
vn -0.500000 0.000000 -0.866025
vn -0.250000 -0.866025 -0.433013
vn 0.250000 -0.866025 0.433013
vn 0.500000 -0.000000 0.866025
vn 0.000000 0.000000 1.000000
vn 0.000000 0.866025 0.500000
vn -0.000000 0.866025 -0.500000
vn -0.000000 0.000000 -1.000000
vn -0.000000 -0.866025 -0.500000
vn 0.000000 -0.866025 0.500000
vn 0.000000 -0.000000 1.000000
vn -0.500000 0.000000 0.866025
vn -0.250000 0.866025 0.433013
vn 0.250000 0.866025 -0.433013
vn 0.500000 0.000000 -0.866025
vn 0.250000 -0.866025 -0.433013
vn -0.250000 -0.866025 0.433013
vn -0.500000 -0.000000 0.866025
vn -0.866025 0.000000 0.500000
vn -0.433013 0.866025 0.250000
vn 0.433013 0.866025 -0.250000
vn 0.866025 0.000000 -0.500000
vn 0.433013 -0.866025 -0.250000
vn -0.433013 -0.866025 0.250000
vn -0.866025 -0.000000 0.500000
vn -1.000000 0.000000 0.000000
vn -0.500000 0.866025 0.000000
vn 0.500000 0.866025 -0.000000
vn 1.000000 0.000000 -0.000000
vn 0.500000 -0.866025 -0.000000
vn -0.500000 -0.866025 0.000000
vn -1.000000 -0.000000 0.000000
vn -0.866025 0.000000 -0.500000
vn -0.433013 0.866025 -0.250000
vn 0.433013 0.866025 0.250000
vn 0.866025 0.000000 0.500000
vn 0.433013 -0.866025 0.250000
vn -0.433013 -0.866025 -0.250000
vn -0.866025 -0.000000 -0.500000
vn -0.500000 0.000000 -0.866025
vn -0.250000 0.866025 -0.433013
vn 0.250000 0.866025 0.433013
vn 0.500000 0.000000 0.866025
vn 0.250000 -0.866025 0.433013
vn -0.250000 -0.866025 -0.433013
vn -0.500000 -0.000000 -0.866025
vn -0.000000 0.000000 -1.000000
vn -0.000000 0.866025 -0.500000
vn 0.000000 0.866025 0.500000
vn 0.000000 0.000000 1.000000
vn 0.000000 -0.866025 0.500000
vn -0.000000 -0.866025 -0.500000
vn -0.000000 -0.000000 -1.000000
vn 0.500000 0.000000 -0.866025
vn 0.250000 0.866025 -0.433013
vn -0.250000 0.866025 0.433013
vn -0.500000 0.000000 0.866025
vn -0.250000 -0.866025 0.433013
vn 0.250000 -0.866025 -0.433013
vn 0.500000 -0.000000 -0.866025
vn 0.866025 0.000000 -0.500000
vn 0.433013 0.866025 -0.250000
vn -0.433013 0.866025 0.250000
vn -0.866025 0.000000 0.500000
vn -0.433013 -0.866025 0.250000
vn 0.433013 -0.866025 -0.250000
vn 0.866025 -0.000000 -0.500000
vn 1.000000 0.000000 -0.000000
vn 0.500000 0.866025 -0.000000
vn -0.500000 0.866025 0.000000
vn -1.000000 0.000000 0.000000
vn -0.500000 -0.866025 0.000000
vn 0.500000 -0.866025 -0.000000
vn 1.000000 -0.000000 -0.000000
vn 1.000000 0.000000 0.000000
vn 0.500000 0.866025 0.000000
vn -0.500000 0.866025 -0.000000
vn -1.000000 0.000000 -0.000000
vn -0.500000 -0.866025 -0.000000
vn 0.500000 -0.866025 0.000000
vn 1.000000 -0.000000 0.000000
vn 0.866025 0.000000 0.500000
vn 0.433013 0.866025 0.250000
vn -0.433013 0.866025 -0.250000
vn -0.866025 0.000000 -0.500000
vn -0.433013 -0.866025 -0.250000
vn 0.433013 -0.866025 0.250000
vn 0.866025 -0.000000 0.500000
vn 0.500000 0.000000 0.866025
vn 0.250000 0.866025 0.433013
vn -0.250000 0.866025 -0.433013
vn -0.500000 0.000000 -0.866025
vn -0.250000 -0.866025 -0.433013
vn 0.250000 -0.866025 0.433013
vn 0.500000 -0.000000 0.866025
vn 0.000000 0.000000 1.000000
vn 0.000000 0.866025 0.500000
vn -0.000000 0.866025 -0.500000
vn -0.000000 0.000000 -1.000000
vn -0.000000 -0.866025 -0.500000
vn 0.000000 -0.866025 0.500000
vn 0.000000 -0.000000 1.000000
vn -0.500000 0.000000 0.866025
vn -0.250000 0.866025 0.433013
vn 0.250000 0.866025 -0.433013
vn 0.500000 0.000000 -0.866025
vn 0.250000 -0.866025 -0.433013
vn -0.250000 -0.866025 0.433013
vn -0.500000 -0.000000 0.866025
vn -0.866025 0.000000 0.500000
vn -0.433013 0.866025 0.250000
vn 0.433013 0.866025 -0.250000
vn 0.866025 0.000000 -0.500000
vn 0.433013 -0.866025 -0.250000
vn -0.433013 -0.866025 0.250000
vn -0.866025 -0.000000 0.500000
vn -1.000000 0.000000 0.000000
vn -0.500000 0.866025 0.000000
vn 0.500000 0.866025 -0.000000
vn 1.000000 0.000000 -0.000000
vn 0.500000 -0.866025 -0.000000
vn -0.500000 -0.866025 0.000000
vn -1.000000 -0.000000 0.000000
vn -0.866025 0.000000 -0.500000
vn -0.433013 0.866025 -0.250000
vn 0.433013 0.866025 0.250000
vn 0.866025 0.000000 0.500000
vn 0.433013 -0.866025 0.250000
vn -0.433013 -0.866025 -0.250000
vn -0.866025 -0.000000 -0.500000
vn -0.500000 0.000000 -0.866025
vn -0.250000 0.866025 -0.433013
vn 0.250000 0.866025 0.433013
vn 0.500000 0.000000 0.866025
vn 0.250000 -0.866025 0.433013
vn -0.250000 -0.866025 -0.433013
vn -0.500000 -0.000000 -0.866025
vn -0.000000 0.000000 -1.000000
vn -0.000000 0.866025 -0.500000
vn 0.000000 0.866025 0.500000
vn 0.000000 0.000000 1.000000
vn 0.000000 -0.866025 0.500000
vn -0.000000 -0.866025 -0.500000
vn -0.000000 -0.000000 -1.000000
vn 0.500000 0.000000 -0.866025
vn 0.250000 0.866025 -0.433013
vn -0.250000 0.866025 0.433013
vn -0.500000 0.000000 0.866025
vn -0.250000 -0.866025 0.433013
vn 0.250000 -0.866025 -0.433013
vn 0.500000 -0.000000 -0.866025
vn 0.866025 0.000000 -0.500000
vn 0.433013 0.866025 -0.250000
vn -0.433013 0.866025 0.250000
vn -0.866025 0.000000 0.500000
vn -0.433013 -0.866025 0.250000
vn 0.433013 -0.866025 -0.250000
vn 0.866025 -0.000000 -0.500000
vn 1.000000 0.000000 -0.000000
vn 0.500000 0.866025 -0.000000
vn -0.500000 0.866025 0.000000
vn -1.000000 0.000000 0.000000
vn -0.500000 -0.866025 0.000000
vn 0.500000 -0.866025 -0.000000
vn 1.000000 -0.000000 -0.000000
vn 0.000000 0.000000 1.000000
vn 0.000000 0.000000 1.000000
vn 0.000000 0.000000 1.000000
vn 0.000000 0.000000 1.000000
vn -0.000000 0.000000 -1.000000
vn -0.000000 0.000000 -1.000000
vn -0.000000 0.000000 -1.000000
vn -0.000000 0.000000 -1.000000
vn 0.999928 0.011970 0.000000
vn 0.999928 0.011970 0.000000
vn 0.999928 0.011970 0.000000
vn 0.999928 0.011970 0.000000
vn -0.999928 -0.011970 0.000000
vn -0.999928 -0.011970 0.000000
vn -0.999928 -0.011970 0.000000
vn -0.999928 -0.011970 0.000000
vn -0.011970 0.999928 0.000000
vn -0.011970 0.999928 0.000000
vn -0.011970 0.999928 0.000000
vn -0.011970 0.999928 0.000000
vn 0.011970 -0.999928 0.000000
vn 0.011970 -0.999928 0.000000
vn 0.011970 -0.999928 0.000000
vn 0.011970 -0.999928 0.000000
vn 1.000000 0.000000 0.000000
vn 0.500000 0.866025 0.000000
vn -0.500000 0.866025 -0.000000
vn -1.000000 0.000000 -0.000000
vn -0.500000 -0.866025 -0.000000
vn 0.500000 -0.866025 0.000000
vn 1.000000 -0.000000 0.000000
vn 0.866025 0.000000 0.500000
vn 0.433013 0.866025 0.250000
vn -0.433013 0.866025 -0.250000
vn -0.866025 0.000000 -0.500000
vn -0.433013 -0.866025 -0.250000
vn 0.433013 -0.866025 0.250000
vn 0.866025 -0.000000 0.500000
vn 0.500000 0.000000 0.866025
vn 0.250000 0.866025 0.433013
vn -0.250000 0.866025 -0.433013
vn -0.500000 0.000000 -0.866025
vn -0.250000 -0.866025 -0.433013
vn 0.250000 -0.866025 0.433013
vn 0.500000 -0.000000 0.866025
vn 0.000000 0.000000 1.000000
vn 0.000000 0.866025 0.500000
vn -0.000000 0.866025 -0.500000
vn -0.000000 0.000000 -1.000000
vn -0.000000 -0.866025 -0.500000
vn 0.000000 -0.866025 0.500000
vn 0.000000 -0.000000 1.000000
vn -0.500000 0.000000 0.866025
vn -0.250000 0.866025 0.433013
vn 0.250000 0.866025 -0.433013
vn 0.500000 0.000000 -0.866025
vn 0.250000 -0.866025 -0.433013
vn -0.250000 -0.866025 0.433013
vn -0.500000 -0.000000 0.866025
vn -0.866025 0.000000 0.500000
vn -0.433013 0.866025 0.250000
vn 0.433013 0.866025 -0.250000
vn 0.866025 0.000000 -0.500000
vn 0.433013 -0.866025 -0.250000
vn -0.433013 -0.866025 0.250000
vn -0.866025 -0.000000 0.500000
vn -1.000000 0.000000 0.000000
vn -0.500000 0.866025 0.000000
vn 0.500000 0.866025 -0.000000
vn 1.000000 0.000000 -0.000000
vn 0.500000 -0.866025 -0.000000
vn -0.500000 -0.866025 0.000000
vn -1.000000 -0.000000 0.000000
vn -0.866025 0.000000 -0.500000
vn -0.433013 0.866025 -0.250000
vn 0.433013 0.866025 0.250000
vn 0.866025 0.000000 0.500000
vn 0.433013 -0.866025 0.250000
vn -0.433013 -0.866025 -0.250000
vn -0.866025 -0.000000 -0.500000
vn -0.500000 0.000000 -0.866025
vn -0.250000 0.866025 -0.433013
vn 0.250000 0.866025 0.433013
vn 0.500000 0.000000 0.866025
vn 0.250000 -0.866025 0.433013
vn -0.250000 -0.866025 -0.433013
vn -0.500000 -0.000000 -0.866025
vn -0.000000 0.000000 -1.000000
vn -0.000000 0.866025 -0.500000
vn 0.000000 0.866025 0.500000
vn 0.000000 0.000000 1.000000
vn 0.000000 -0.866025 0.500000
vn -0.000000 -0.866025 -0.500000
vn -0.000000 -0.000000 -1.000000
vn 0.500000 0.000000 -0.866025
vn 0.250000 0.866025 -0.433013
vn -0.250000 0.866025 0.433013
vn -0.500000 0.000000 0.866025
vn -0.250000 -0.866025 0.433013
vn 0.250000 -0.866025 -0.433013
vn 0.500000 -0.000000 -0.866025
vn 0.866025 0.000000 -0.500000
vn 0.433013 0.866025 -0.250000
vn -0.433013 0.866025 0.250000
vn -0.866025 0.000000 0.500000
vn -0.433013 -0.866025 0.250000
vn 0.433013 -0.866025 -0.250000
vn 0.866025 -0.000000 -0.500000
vn 1.000000 0.000000 -0.000000
vn 0.500000 0.866025 -0.000000
vn -0.500000 0.866025 0.000000
vn -1.000000 0.000000 0.000000
vn -0.500000 -0.866025 0.000000
vn 0.500000 -0.866025 -0.000000
vn 1.000000 -0.000000 -0.000000
vn 1.000000 0.000000 0.000000
vn 0.500000 0.866025 0.000000
vn -0.500000 0.866025 -0.000000
vn -1.000000 0.000000 -0.000000
vn -0.500000 -0.866025 -0.000000
vn 0.500000 -0.866025 0.000000
vn 1.000000 -0.000000 0.000000
vn 0.866025 0.000000 0.500000
vn 0.433013 0.866025 0.250000
vn -0.433013 0.866025 -0.250000
vn -0.866025 0.000000 -0.500000
vn -0.433013 -0.866025 -0.250000
vn 0.433013 -0.866025 0.250000
vn 0.866025 -0.000000 0.500000
vn 0.500000 0.000000 0.866025
vn 0.250000 0.866025 0.433013
vn -0.250000 0.866025 -0.433013
vn -0.500000 0.000000 -0.866025
vn -0.250000 -0.866025 -0.433013
vn 0.250000 -0.866025 0.433013
vn 0.500000 -0.000000 0.866025
vn 0.000000 0.000000 1.000000
vn 0.000000 0.866025 0.500000
vn -0.000000 0.866025 -0.500000
vn -0.000000 0.000000 -1.000000
vn -0.000000 -0.866025 -0.500000
vn 0.000000 -0.866025 0.500000
vn 0.000000 -0.000000 1.000000
vn -0.500000 0.000000 0.866025
vn -0.250000 0.866025 0.433013
vn 0.250000 0.866025 -0.433013
vn 0.500000 0.000000 -0.866025
vn 0.250000 -0.866025 -0.433013
vn -0.250000 -0.866025 0.433013
vn -0.500000 -0.000000 0.866025
vn -0.866025 0.000000 0.500000
vn -0.433013 0.866025 0.250000
vn 0.433013 0.866025 -0.250000
vn 0.866025 0.000000 -0.500000
vn 0.433013 -0.866025 -0.250000
vn -0.433013 -0.866025 0.250000
vn -0.866025 -0.000000 0.500000
vn -1.000000 0.000000 0.000000
vn -0.500000 0.866025 0.000000
vn 0.500000 0.866025 -0.000000
vn 1.000000 0.000000 -0.000000
vn 0.500000 -0.866025 -0.000000
vn -0.500000 -0.866025 0.000000
vn -1.000000 -0.000000 0.000000
vn -0.866025 0.000000 -0.500000
vn -0.433013 0.866025 -0.250000
vn 0.433013 0.866025 0.250000
vn 0.866025 0.000000 0.500000
vn 0.433013 -0.866025 0.250000
vn -0.433013 -0.866025 -0.250000
vn -0.866025 -0.000000 -0.500000
vn -0.500000 0.000000 -0.866025
vn -0.250000 0.866025 -0.433013
vn 0.250000 0.866025 0.433013
vn 0.500000 0.000000 0.866025
vn 0.250000 -0.866025 0.433013
vn -0.250000 -0.866025 -0.433013
vn -0.500000 -0.000000 -0.866025
vn -0.000000 0.000000 -1.000000
vn -0.000000 0.866025 -0.500000
vn 0.000000 0.866025 0.500000
vn 0.000000 0.000000 1.000000
vn 0.000000 -0.866025 0.500000
vn -0.000000 -0.866025 -0.500000
vn -0.000000 -0.000000 -1.000000
vn 0.500000 0.000000 -0.866025
vn 0.250000 0.866025 -0.433013
vn -0.250000 0.866025 0.433013
vn -0.500000 0.000000 0.866025
vn -0.250000 -0.866025 0.433013
vn 0.250000 -0.866025 -0.433013
vn 0.500000 -0.000000 -0.866025
vn 0.866025 0.000000 -0.500000
vn 0.433013 0.866025 -0.250000
vn -0.433013 0.866025 0.250000
vn -0.866025 0.000000 0.500000
vn -0.433013 -0.866025 0.250000
vn 0.433013 -0.866025 -0.250000
vn 0.866025 -0.000000 -0.500000
vn 1.000000 0.000000 -0.000000
vn 0.500000 0.866025 -0.000000
vn -0.500000 0.866025 0.000000
vn -1.000000 0.000000 0.000000
vn -0.500000 -0.866025 0.000000
vn 0.500000 -0.866025 -0.000000
vn 1.000000 -0.000000 -0.000000
vn 0.000000 0.000000 1.000000
vn 0.000000 0.000000 1.000000
vn 0.000000 0.000000 1.000000
vn 0.000000 0.000000 1.000000
vn -0.000000 0.000000 -1.000000
vn -0.000000 0.000000 -1.000000
vn -0.000000 0.000000 -1.000000
vn -0.000000 0.000000 -1.000000
vn 0.999974 0.007182 0.000000
vn 0.999974 0.007182 0.000000
vn 0.999974 0.007182 0.000000
vn 0.999974 0.007182 0.000000
vn -0.999974 -0.007182 0.000000
vn -0.999974 -0.007182 0.000000
vn -0.999974 -0.007182 0.000000
vn -0.999974 -0.007182 0.000000
vn -0.007182 0.999974 0.000000
vn -0.007182 0.999974 0.000000
vn -0.007182 0.999974 0.000000
vn -0.007182 0.999974 0.000000
vn 0.007182 -0.999974 0.000000
vn 0.007182 -0.999974 0.000000
vn 0.007182 -0.999974 0.000000
vn 0.007182 -0.999974 0.000000
vn 1.000000 0.000000 0.000000
vn 0.500000 0.866025 0.000000
vn -0.500000 0.866025 -0.000000
vn -1.000000 0.000000 -0.000000
vn -0.500000 -0.866025 -0.000000
vn 0.500000 -0.866025 0.000000
vn 1.000000 -0.000000 0.000000
vn 0.866025 0.000000 0.500000
vn 0.433013 0.866025 0.250000
vn -0.433013 0.866025 -0.250000
vn -0.866025 0.000000 -0.500000
vn -0.433013 -0.866025 -0.250000
vn 0.433013 -0.866025 0.250000
vn 0.866025 -0.000000 0.500000
vn 0.500000 0.000000 0.866025
vn 0.250000 0.866025 0.433013
vn -0.250000 0.866025 -0.433013
vn -0.500000 0.000000 -0.866025
vn -0.250000 -0.866025 -0.433013
vn 0.250000 -0.866025 0.433013
vn 0.500000 -0.000000 0.866025
vn 0.000000 0.000000 1.000000
vn 0.000000 0.866025 0.500000
vn -0.000000 0.866025 -0.500000
vn -0.000000 0.000000 -1.000000
vn -0.000000 -0.866025 -0.500000
vn 0.000000 -0.866025 0.500000
vn 0.000000 -0.000000 1.000000
vn -0.500000 0.000000 0.866025
vn -0.250000 0.866025 0.433013
vn 0.250000 0.866025 -0.433013
vn 0.500000 0.000000 -0.866025
vn 0.250000 -0.866025 -0.433013
vn -0.250000 -0.866025 0.433013
vn -0.500000 -0.000000 0.866025
vn -0.866025 0.000000 0.500000
vn -0.433013 0.866025 0.250000
vn 0.433013 0.866025 -0.250000
vn 0.866025 0.000000 -0.500000
vn 0.433013 -0.866025 -0.250000
vn -0.433013 -0.866025 0.250000
vn -0.866025 -0.000000 0.500000
vn -1.000000 0.000000 0.000000
vn -0.500000 0.866025 0.000000
vn 0.500000 0.866025 -0.000000
vn 1.000000 0.000000 -0.000000
vn 0.500000 -0.866025 -0.000000
vn -0.500000 -0.866025 0.000000
vn -1.000000 -0.000000 0.000000
vn -0.866025 0.000000 -0.500000
vn -0.433013 0.866025 -0.250000
vn 0.433013 0.866025 0.250000
vn 0.866025 0.000000 0.500000
vn 0.433013 -0.866025 0.250000
vn -0.433013 -0.866025 -0.250000
vn -0.866025 -0.000000 -0.500000
vn -0.500000 0.000000 -0.866025
vn -0.250000 0.866025 -0.433013
vn 0.250000 0.866025 0.433013
vn 0.500000 0.000000 0.866025
vn 0.250000 -0.866025 0.433013
vn -0.250000 -0.866025 -0.433013
vn -0.500000 -0.000000 -0.866025
vn -0.000000 0.000000 -1.000000
vn -0.000000 0.866025 -0.500000
vn 0.000000 0.866025 0.500000
vn 0.000000 0.000000 1.000000
vn 0.000000 -0.866025 0.500000
vn -0.000000 -0.866025 -0.500000
vn -0.000000 -0.000000 -1.000000
vn 0.500000 0.000000 -0.866025
vn 0.250000 0.866025 -0.433013
vn -0.250000 0.866025 0.433013
vn -0.500000 0.000000 0.866025
vn -0.250000 -0.866025 0.433013
vn 0.250000 -0.866025 -0.433013
vn 0.500000 -0.000000 -0.866025
vn 0.866025 0.000000 -0.500000
vn 0.433013 0.866025 -0.250000
vn -0.433013 0.866025 0.250000
vn -0.866025 0.000000 0.500000
vn -0.433013 -0.866025 0.250000
vn 0.433013 -0.866025 -0.250000
vn 0.866025 -0.000000 -0.500000
vn 1.000000 0.000000 -0.000000
vn 0.500000 0.866025 -0.000000
vn -0.500000 0.866025 0.000000
vn -1.000000 0.000000 0.000000
vn -0.500000 -0.866025 0.000000
vn 0.500000 -0.866025 -0.000000
vn 1.000000 -0.000000 -0.000000
vn 1.000000 0.000000 0.000000
vn 0.500000 0.866025 0.000000
vn -0.500000 0.866025 -0.000000
vn -1.000000 0.000000 -0.000000
vn -0.500000 -0.866025 -0.000000
vn 0.500000 -0.866025 0.000000
vn 1.000000 -0.000000 0.000000
vn 0.866025 0.000000 0.500000
vn 0.433013 0.866025 0.250000
vn -0.433013 0.866025 -0.250000
vn -0.866025 0.000000 -0.500000
vn -0.433013 -0.866025 -0.250000
vn 0.433013 -0.866025 0.250000
vn 0.866025 -0.000000 0.500000
vn 0.500000 0.000000 0.866025
vn 0.250000 0.866025 0.433013
vn -0.250000 0.866025 -0.433013
vn -0.500000 0.000000 -0.866025
vn -0.250000 -0.866025 -0.433013
vn 0.250000 -0.866025 0.433013
vn 0.500000 -0.000000 0.866025
vn 0.000000 0.000000 1.000000
vn 0.000000 0.866025 0.500000
vn -0.000000 0.866025 -0.500000
vn -0.000000 0.000000 -1.000000
vn -0.000000 -0.866025 -0.500000
vn 0.000000 -0.866025 0.500000
vn 0.000000 -0.000000 1.000000
vn -0.500000 0.000000 0.866025
vn -0.250000 0.866025 0.433013
vn 0.250000 0.866025 -0.433013
vn 0.500000 0.000000 -0.866025
vn 0.250000 -0.866025 -0.433013
vn -0.250000 -0.866025 0.433013
vn -0.500000 -0.000000 0.866025
vn -0.866025 0.000000 0.500000
vn -0.433013 0.866025 0.250000
vn 0.433013 0.866025 -0.250000
vn 0.866025 0.000000 -0.500000
vn 0.433013 -0.866025 -0.250000
vn -0.433013 -0.866025 0.250000
vn -0.866025 -0.000000 0.500000
vn -1.000000 0.000000 0.000000
vn -0.500000 0.866025 0.000000
vn 0.500000 0.866025 -0.000000
vn 1.000000 0.000000 -0.000000
vn 0.500000 -0.866025 -0.000000
vn -0.500000 -0.866025 0.000000
vn -1.000000 -0.000000 0.000000
vn -0.866025 0.000000 -0.500000
vn -0.433013 0.866025 -0.250000
vn 0.433013 0.866025 0.250000
vn 0.866025 0.000000 0.500000
vn 0.433013 -0.866025 0.250000
vn -0.433013 -0.866025 -0.250000
vn -0.866025 -0.000000 -0.500000
vn -0.500000 0.000000 -0.866025
vn -0.250000 0.866025 -0.433013
vn 0.250000 0.866025 0.433013
vn 0.500000 0.000000 0.866025
vn 0.250000 -0.866025 0.433013
vn -0.250000 -0.866025 -0.433013
vn -0.500000 -0.000000 -0.866025
vn -0.000000 0.000000 -1.000000
vn -0.000000 0.866025 -0.500000
vn 0.000000 0.866025 0.500000
vn 0.000000 0.000000 1.000000
vn 0.000000 -0.866025 0.500000
vn -0.000000 -0.866025 -0.500000
vn -0.000000 -0.000000 -1.000000
vn 0.500000 0.000000 -0.866025
vn 0.250000 0.866025 -0.433013
vn -0.250000 0.866025 0.433013
vn -0.500000 0.000000 0.866025
vn -0.250000 -0.866025 0.433013
vn 0.250000 -0.866025 -0.433013
vn 0.500000 -0.000000 -0.866025
vn 0.866025 0.000000 -0.500000
vn 0.433013 0.866025 -0.250000
vn -0.433013 0.866025 0.250000
vn -0.866025 0.000000 0.500000
vn -0.433013 -0.866025 0.250000
vn 0.433013 -0.866025 -0.250000
vn 0.866025 -0.000000 -0.500000
vn 1.000000 0.000000 -0.000000
vn 0.500000 0.866025 -0.000000
vn -0.500000 0.866025 0.000000
vn -1.000000 0.000000 0.000000
vn -0.500000 -0.866025 0.000000
vn 0.500000 -0.866025 -0.000000
vn 1.000000 -0.000000 -0.000000
vn -0.000000 0.000000 1.000000
vn -0.000000 0.000000 1.000000
vn -0.000000 0.000000 1.000000
vn -0.000000 0.000000 1.000000
vn 0.000000 0.000000 -1.000000
vn 0.000000 0.000000 -1.000000
vn 0.000000 0.000000 -1.000000
vn 0.000000 0.000000 -1.000000
vn 0.999991 -0.004209 0.000000
vn 0.999991 -0.004209 0.000000
vn 0.999991 -0.004209 0.000000
vn 0.999991 -0.004209 0.000000
vn -0.999991 0.004209 0.000000
vn -0.999991 0.004209 0.000000
vn -0.999991 0.004209 0.000000
vn -0.999991 0.004209 0.000000
vn 0.004209 0.999991 0.000000
vn 0.004209 0.999991 0.000000
vn 0.004209 0.999991 0.000000
vn 0.004209 0.999991 0.000000
vn -0.004209 -0.999991 0.000000
vn -0.004209 -0.999991 0.000000
vn -0.004209 -0.999991 0.000000
vn -0.004209 -0.999991 0.000000
vn 1.000000 0.000000 0.000000
vn 0.500000 0.866025 0.000000
vn -0.500000 0.866025 -0.000000
vn -1.000000 0.000000 -0.000000
vn -0.500000 -0.866025 -0.000000
vn 0.500000 -0.866025 0.000000
vn 1.000000 -0.000000 0.000000
vn 0.866025 0.000000 0.500000
vn 0.433013 0.866025 0.250000
vn -0.433013 0.866025 -0.250000
vn -0.866025 0.000000 -0.500000
vn -0.433013 -0.866025 -0.250000
vn 0.433013 -0.866025 0.250000
vn 0.866025 -0.000000 0.500000
vn 0.500000 0.000000 0.866025
vn 0.250000 0.866025 0.433013
vn -0.250000 0.866025 -0.433013
vn -0.500000 0.000000 -0.866025
vn -0.250000 -0.866025 -0.433013
vn 0.250000 -0.866025 0.433013
vn 0.500000 -0.000000 0.866025
vn 0.000000 0.000000 1.000000
vn 0.000000 0.866025 0.500000
vn -0.000000 0.866025 -0.500000
vn -0.000000 0.000000 -1.000000
vn -0.000000 -0.866025 -0.500000
vn 0.000000 -0.866025 0.500000
vn 0.000000 -0.000000 1.000000
vn -0.500000 0.000000 0.866025
vn -0.250000 0.866025 0.433013
vn 0.250000 0.866025 -0.433013
vn 0.500000 0.000000 -0.866025
vn 0.250000 -0.866025 -0.433013
vn -0.250000 -0.866025 0.433013
vn -0.500000 -0.000000 0.866025
vn -0.866025 0.000000 0.500000
vn -0.433013 0.866025 0.250000
vn 0.433013 0.866025 -0.250000
vn 0.866025 0.000000 -0.500000
vn 0.433013 -0.866025 -0.250000
vn -0.433013 -0.866025 0.250000
vn -0.866025 -0.000000 0.500000
vn -1.000000 0.000000 0.000000
vn -0.500000 0.866025 0.000000
vn 0.500000 0.866025 -0.000000
vn 1.000000 0.000000 -0.000000
vn 0.500000 -0.866025 -0.000000
vn -0.500000 -0.866025 0.000000
vn -1.000000 -0.000000 0.000000
vn -0.866025 0.000000 -0.500000
vn -0.433013 0.866025 -0.250000
vn 0.433013 0.866025 0.250000
vn 0.866025 0.000000 0.500000
vn 0.433013 -0.866025 0.250000
vn -0.433013 -0.866025 -0.250000
vn -0.866025 -0.000000 -0.500000
vn -0.500000 0.000000 -0.866025
vn -0.250000 0.866025 -0.433013
vn 0.250000 0.866025 0.433013
vn 0.500000 0.000000 0.866025
vn 0.250000 -0.866025 0.433013
vn -0.250000 -0.866025 -0.433013
vn -0.500000 -0.000000 -0.866025
vn -0.000000 0.000000 -1.000000
vn -0.000000 0.866025 -0.500000
vn 0.000000 0.866025 0.500000
vn 0.000000 0.000000 1.000000
vn 0.000000 -0.866025 0.500000
vn -0.000000 -0.866025 -0.500000
vn -0.000000 -0.000000 -1.000000
vn 0.500000 0.000000 -0.866025
vn 0.250000 0.866025 -0.433013
vn -0.250000 0.866025 0.433013
vn -0.500000 0.000000 0.866025
vn -0.250000 -0.866025 0.433013
vn 0.250000 -0.866025 -0.433013
vn 0.500000 -0.000000 -0.866025
vn 0.866025 0.000000 -0.500000
vn 0.433013 0.866025 -0.250000
vn -0.433013 0.866025 0.250000
vn -0.866025 0.000000 0.500000
vn -0.433013 -0.866025 0.250000
vn 0.433013 -0.866025 -0.250000
vn 0.866025 -0.000000 -0.500000
vn 1.000000 0.000000 -0.000000
vn 0.500000 0.866025 -0.000000
vn -0.500000 0.866025 0.000000
vn -1.000000 0.000000 0.000000
vn -0.500000 -0.866025 0.000000
vn 0.500000 -0.866025 -0.000000
vn 1.000000 -0.000000 -0.000000
vn 1.000000 0.000000 0.000000
vn 0.500000 0.866025 0.000000
vn -0.500000 0.866025 -0.000000
vn -1.000000 0.000000 -0.000000
vn -0.500000 -0.866025 -0.000000
vn 0.500000 -0.866025 0.000000
vn 1.000000 -0.000000 0.000000
vn 0.866025 0.000000 0.500000
vn 0.433013 0.866025 0.250000
vn -0.433013 0.866025 -0.250000
vn -0.866025 0.000000 -0.500000
vn -0.433013 -0.866025 -0.250000
vn 0.433013 -0.866025 0.250000
vn 0.866025 -0.000000 0.500000
vn 0.500000 0.000000 0.866025
vn 0.250000 0.866025 0.433013
vn -0.250000 0.866025 -0.433013
vn -0.500000 0.000000 -0.866025
vn -0.250000 -0.866025 -0.433013
vn 0.250000 -0.866025 0.433013
vn 0.500000 -0.000000 0.866025
vn 0.000000 0.000000 1.000000
vn 0.000000 0.866025 0.500000
vn -0.000000 0.866025 -0.500000
vn -0.000000 0.000000 -1.000000
vn -0.000000 -0.866025 -0.500000
vn 0.000000 -0.866025 0.500000
vn 0.000000 -0.000000 1.000000
vn -0.500000 0.000000 0.866025
vn -0.250000 0.866025 0.433013
vn 0.250000 0.866025 -0.433013
vn 0.500000 0.000000 -0.866025
vn 0.250000 -0.866025 -0.433013
vn -0.250000 -0.866025 0.433013
vn -0.500000 -0.000000 0.866025
vn -0.866025 0.000000 0.500000
vn -0.433013 0.866025 0.250000
vn 0.433013 0.866025 -0.250000
vn 0.866025 0.000000 -0.500000
vn 0.433013 -0.866025 -0.250000
vn -0.433013 -0.866025 0.250000
vn -0.866025 -0.000000 0.500000
vn -1.000000 0.000000 0.000000
vn -0.500000 0.866025 0.000000
vn 0.500000 0.866025 -0.000000
vn 1.000000 0.000000 -0.000000
vn 0.500000 -0.866025 -0.000000
vn -0.500000 -0.866025 0.000000
vn -1.000000 -0.000000 0.000000
vn -0.866025 0.000000 -0.500000
vn -0.433013 0.866025 -0.250000
vn 0.433013 0.866025 0.250000
vn 0.866025 0.000000 0.500000
vn 0.433013 -0.866025 0.250000
vn -0.433013 -0.866025 -0.250000
vn -0.866025 -0.000000 -0.500000
vn -0.500000 0.000000 -0.866025
vn -0.250000 0.866025 -0.433013
vn 0.250000 0.866025 0.433013
vn 0.500000 0.000000 0.866025
vn 0.250000 -0.866025 0.433013
vn -0.250000 -0.866025 -0.433013
vn -0.500000 -0.000000 -0.866025
vn -0.000000 0.000000 -1.000000
vn -0.000000 0.866025 -0.500000
vn 0.000000 0.866025 0.500000
vn 0.000000 0.000000 1.000000
vn 0.000000 -0.866025 0.500000
vn -0.000000 -0.866025 -0.500000
vn -0.000000 -0.000000 -1.000000
vn 0.500000 0.000000 -0.866025
vn 0.250000 0.866025 -0.433013
vn -0.250000 0.866025 0.433013
vn -0.500000 0.000000 0.866025
vn -0.250000 -0.866025 0.433013
vn 0.250000 -0.866025 -0.433013
vn 0.500000 -0.000000 -0.866025
vn 0.866025 0.000000 -0.500000
vn 0.433013 0.866025 -0.250000
vn -0.433013 0.866025 0.250000
vn -0.866025 0.000000 0.500000
vn -0.433013 -0.866025 0.250000
vn 0.433013 -0.866025 -0.250000
vn 0.866025 -0.000000 -0.500000
vn 1.000000 0.000000 -0.000000
vn 0.500000 0.866025 -0.000000
vn -0.500000 0.866025 0.000000
vn -1.000000 0.000000 0.000000
vn -0.500000 -0.866025 0.000000
vn 0.500000 -0.866025 -0.000000
vn 1.000000 -0.000000 -0.000000
vn -1.000000 0.000000 0.000000
vn -1.000000 0.000000 0.000000
vn -0.707107 -0.618123 -0.343401
vn -0.707107 -0.618123 -0.343401
vn -0.000000 -0.874157 -0.485643
vn -0.000000 -0.874157 -0.485643
vn 0.707107 -0.618123 -0.343401
vn 0.707107 -0.618123 -0.343401
vn 1.000000 -0.000000 -0.000000
vn 1.000000 -0.000000 -0.000000
vn 0.707107 0.618123 0.343401
vn 0.707107 0.618123 0.343401
vn 0.000000 0.874157 0.485643
vn 0.000000 0.874157 0.485643
vn -0.707107 0.618123 0.343401
vn -0.707107 0.618123 0.343401
vn -1.000000 0.000000 0.000000
vn -1.000000 0.000000 0.000000
vn -1.000000 0.000000 0.000000
vn -1.000000 0.000000 0.000000
vn -0.707107 -0.670820 -0.223607
vn -0.707107 -0.670820 -0.223607
vn -0.000000 -0.948683 -0.316228
vn -0.000000 -0.948683 -0.316228
vn 0.707107 -0.670820 -0.223607
vn 0.707107 -0.670820 -0.223607
vn 1.000000 -0.000000 -0.000000
vn 1.000000 -0.000000 -0.000000
vn 0.707107 0.670820 0.223607
vn 0.707107 0.670820 0.223607
vn 0.000000 0.948683 0.316228
vn 0.000000 0.948683 0.316228
vn -0.707107 0.670820 0.223607
vn -0.707107 0.670820 0.223607
vn -1.000000 0.000000 0.000000
vn -1.000000 0.000000 0.000000
vn -1.000000 0.000000 0.000000
vn -1.000000 0.000000 0.000000
vn -0.707107 -0.702782 -0.078087
vn -0.707107 -0.702782 -0.078087
vn -0.000000 -0.993884 -0.110432
vn -0.000000 -0.993884 -0.110432
vn 0.707107 -0.702782 -0.078087
vn 0.707107 -0.702782 -0.078087
vn 1.000000 -0.000000 -0.000000
vn 1.000000 -0.000000 -0.000000
vn 0.707107 0.702782 0.078087
vn 0.707107 0.702782 0.078087
vn 0.000000 0.993884 0.110432
vn 0.000000 0.993884 0.110432
vn -0.707107 0.702782 0.078087
vn -0.707107 0.702782 0.078087
vn -1.000000 0.000000 0.000000
vn -1.000000 0.000000 0.000000
vn -1.000000 0.000000 0.000000
vn -1.000000 0.000000 0.000000
vn -0.707107 -0.702782 0.078087
vn -0.707107 -0.702782 0.078087
vn -0.000000 -0.993884 0.110432
vn -0.000000 -0.993884 0.110432
vn 0.707107 -0.702782 0.078087
vn 0.707107 -0.702782 0.078087
vn 1.000000 -0.000000 0.000000
vn 1.000000 -0.000000 0.000000
vn 0.707107 0.702782 -0.078087
vn 0.707107 0.702782 -0.078087
vn 0.000000 0.993884 -0.110432
vn 0.000000 0.993884 -0.110432
vn -0.707107 0.702782 -0.078087
vn -0.707107 0.702782 -0.078087
vn -1.000000 0.000000 -0.000000
vn -1.000000 0.000000 -0.000000
vn -1.000000 0.000000 0.000000
vn -1.000000 0.000000 0.000000
vn -0.707107 -0.670820 0.223607
vn -0.707107 -0.670820 0.223607
vn -0.000000 -0.948683 0.316228
vn -0.000000 -0.948683 0.316228
vn 0.707107 -0.670820 0.223607
vn 0.707107 -0.670820 0.223607
vn 1.000000 -0.000000 0.000000
vn 1.000000 -0.000000 0.000000
vn 0.707107 0.670820 -0.223607
vn 0.707107 0.670820 -0.223607
vn 0.000000 0.948683 -0.316228
vn 0.000000 0.948683 -0.316228
vn -0.707107 0.670820 -0.223607
vn -0.707107 0.670820 -0.223607
vn -1.000000 0.000000 -0.000000
vn -1.000000 0.000000 -0.000000
vn -1.000000 0.000000 0.000000
vn -1.000000 0.000000 0.000000
vn -0.707107 -0.618123 0.343401
vn -0.707107 -0.618123 0.343401
vn -0.000000 -0.874157 0.485643
vn -0.000000 -0.874157 0.485643
vn 0.707107 -0.618123 0.343401
vn 0.707107 -0.618123 0.343401
vn 1.000000 -0.000000 0.000000
vn 1.000000 -0.000000 0.000000
vn 0.707107 0.618123 -0.343401
vn 0.707107 0.618123 -0.343401
vn 0.000000 0.874157 -0.485643
vn 0.000000 0.874157 -0.485643
vn -0.707107 0.618123 -0.343401
vn -0.707107 0.618123 -0.343401
vn -1.000000 0.000000 -0.000000
vn -1.000000 0.000000 -0.000000
vn -1.000000 0.000000 0.000000
vn -1.000000 0.000000 0.000000
vn -0.707107 -0.669636 -0.227128
vn -0.707107 -0.669636 -0.227128
vn -0.000000 -0.947009 -0.321208
vn -0.000000 -0.947009 -0.321208
vn 0.707107 -0.669636 -0.227128
vn 0.707107 -0.669636 -0.227128
vn 1.000000 -0.000000 -0.000000
vn 1.000000 -0.000000 -0.000000
vn 0.707107 0.669636 0.227128
vn 0.707107 0.669636 0.227128
vn 0.000000 0.947009 0.321208
vn 0.000000 0.947009 0.321208
vn -0.707107 0.669636 0.227128
vn -0.707107 0.669636 0.227128
vn -1.000000 0.000000 0.000000
vn -1.000000 0.000000 0.000000
vn -1.000000 0.000000 0.000000
vn -1.000000 0.000000 0.000000
vn -0.707107 -0.692904 -0.141012
vn -0.707107 -0.692904 -0.141012
vn -0.000000 -0.979914 -0.199421
vn -0.000000 -0.979914 -0.199421
vn 0.707107 -0.692904 -0.141012
vn 0.707107 -0.692904 -0.141012
vn 1.000000 -0.000000 -0.000000
vn 1.000000 -0.000000 -0.000000
vn 0.707107 0.692904 0.141012
vn 0.707107 0.692904 0.141012
vn 0.000000 0.979914 0.199421
vn 0.000000 0.979914 0.199421
vn -0.707107 0.692904 0.141012
vn -0.707107 0.692904 0.141012
vn -1.000000 0.000000 0.000000
vn -1.000000 0.000000 0.000000
vn -1.000000 0.000000 0.000000
vn -1.000000 0.000000 0.000000
vn -0.707107 -0.705485 -0.047857
vn -0.707107 -0.705485 -0.047857
vn -0.000000 -0.997707 -0.067681
vn -0.000000 -0.997707 -0.067681
vn 0.707107 -0.705485 -0.047857
vn 0.707107 -0.705485 -0.047857
vn 1.000000 -0.000000 -0.000000
vn 1.000000 -0.000000 -0.000000
vn 0.707107 0.705485 0.047857
vn 0.707107 0.705485 0.047857
vn 0.000000 0.997707 0.067681
vn 0.000000 0.997707 0.067681
vn -0.707107 0.705485 0.047857
vn -0.707107 0.705485 0.047857
vn -1.000000 0.000000 0.000000
vn -1.000000 0.000000 0.000000
vn -1.000000 0.000000 0.000000
vn -1.000000 0.000000 0.000000
vn -0.707107 -0.705485 0.047857
vn -0.707107 -0.705485 0.047857
vn -0.000000 -0.997707 0.067681
vn -0.000000 -0.997707 0.067681
vn 0.707107 -0.705485 0.047857
vn 0.707107 -0.705485 0.047857
vn 1.000000 -0.000000 0.000000
vn 1.000000 -0.000000 0.000000
vn 0.707107 0.705485 -0.047857
vn 0.707107 0.705485 -0.047857
vn 0.000000 0.997707 -0.067681
vn 0.000000 0.997707 -0.067681
vn -0.707107 0.705485 -0.047857
vn -0.707107 0.705485 -0.047857
vn -1.000000 0.000000 -0.000000
vn -1.000000 0.000000 -0.000000
vn -1.000000 0.000000 0.000000
vn -1.000000 0.000000 0.000000
vn -0.707107 -0.692904 0.141012
vn -0.707107 -0.692904 0.141012
vn -0.000000 -0.979914 0.199421
vn -0.000000 -0.979914 0.199421
vn 0.707107 -0.692904 0.141012
vn 0.707107 -0.692904 0.141012
vn 1.000000 -0.000000 0.000000
vn 1.000000 -0.000000 0.000000
vn 0.707107 0.692904 -0.141012
vn 0.707107 0.692904 -0.141012
vn 0.000000 0.979914 -0.199421
vn 0.000000 0.979914 -0.199421
vn -0.707107 0.692904 -0.141012
vn -0.707107 0.692904 -0.141012
vn -1.000000 0.000000 -0.000000
vn -1.000000 0.000000 -0.000000
vn -1.000000 0.000000 0.000000
vn -1.000000 0.000000 0.000000
vn -0.707107 -0.669636 0.227128
vn -0.707107 -0.669636 0.227128
vn -0.000000 -0.947009 0.321208
vn -0.000000 -0.947009 0.321208
vn 0.707107 -0.669636 0.227128
vn 0.707107 -0.669636 0.227128
vn 1.000000 -0.000000 0.000000
vn 1.000000 -0.000000 0.000000
vn 0.707107 0.669636 -0.227128
vn 0.707107 0.669636 -0.227128
vn 0.000000 0.947009 -0.321208
vn 0.000000 0.947009 -0.321208
vn -0.707107 0.669636 -0.227128
vn -0.707107 0.669636 -0.227128
vn -1.000000 0.000000 -0.000000
vn -1.000000 0.000000 -0.000000
vn -1.000000 0.000000 0.000000
vn -1.000000 0.000000 0.000000
vn -0.707107 -0.620630 -0.338849
vn -0.707107 -0.620630 -0.338849
vn -0.000000 -0.877703 -0.479206
vn -0.000000 -0.877703 -0.479206
vn 0.707107 -0.620630 -0.338849
vn 0.707107 -0.620630 -0.338849
vn 1.000000 -0.000000 -0.000000
vn 1.000000 -0.000000 -0.000000
vn 0.707107 0.620630 0.338849
vn 0.707107 0.620630 0.338849
vn 0.000000 0.877703 0.479206
vn 0.000000 0.877703 0.479206
vn -0.707107 0.620630 0.338849
vn -0.707107 0.620630 0.338849
vn -1.000000 0.000000 0.000000
vn -1.000000 0.000000 0.000000
vn -1.000000 0.000000 0.000000
vn -1.000000 0.000000 0.000000
vn -0.707107 -0.671970 -0.220128
vn -0.707107 -0.671970 -0.220128
vn -0.000000 -0.950309 -0.311308
vn -0.000000 -0.950309 -0.311308
vn 0.707107 -0.671970 -0.220128
vn 0.707107 -0.671970 -0.220128
vn 1.000000 -0.000000 -0.000000
vn 1.000000 -0.000000 -0.000000
vn 0.707107 0.671970 0.220128
vn 0.707107 0.671970 0.220128
vn 0.000000 0.950309 0.311308
vn 0.000000 0.950309 0.311308
vn -0.707107 0.671970 0.220128
vn -0.707107 0.671970 0.220128
vn -1.000000 0.000000 0.000000
vn -1.000000 0.000000 0.000000
vn -1.000000 0.000000 0.000000
vn -1.000000 0.000000 0.000000
vn -0.707107 -0.702928 -0.076757
vn -0.707107 -0.702928 -0.076757
vn -0.000000 -0.994091 -0.108550
vn -0.000000 -0.994091 -0.108550
vn 0.707107 -0.702928 -0.076757
vn 0.707107 -0.702928 -0.076757
vn 1.000000 -0.000000 -0.000000
vn 1.000000 -0.000000 -0.000000
vn 0.707107 0.702928 0.076757
vn 0.707107 0.702928 0.076757
vn 0.000000 0.994091 0.108550
vn 0.000000 0.994091 0.108550
vn -0.707107 0.702928 0.076757
vn -0.707107 0.702928 0.076757
vn -1.000000 0.000000 0.000000
vn -1.000000 0.000000 0.000000
vn -1.000000 0.000000 0.000000
vn -1.000000 0.000000 0.000000
vn -0.707107 -0.702928 0.076757
vn -0.707107 -0.702928 0.076757
vn -0.000000 -0.994091 0.108550
vn -0.000000 -0.994091 0.108550
vn 0.707107 -0.702928 0.076757
vn 0.707107 -0.702928 0.076757
vn 1.000000 -0.000000 0.000000
vn 1.000000 -0.000000 0.000000
vn 0.707107 0.702928 -0.076757
vn 0.707107 0.702928 -0.076757
vn 0.000000 0.994091 -0.108550
vn 0.000000 0.994091 -0.108550
vn -0.707107 0.702928 -0.076757
vn -0.707107 0.702928 -0.076757
vn -1.000000 0.000000 -0.000000
vn -1.000000 0.000000 -0.000000
vn -1.000000 0.000000 0.000000
vn -1.000000 0.000000 0.000000
vn -0.707107 -0.671970 0.220128
vn -0.707107 -0.671970 0.220128
vn -0.000000 -0.950309 0.311308
vn -0.000000 -0.950309 0.311308
vn 0.707107 -0.671970 0.220128
vn 0.707107 -0.671970 0.220128
vn 1.000000 -0.000000 0.000000
vn 1.000000 -0.000000 0.000000
vn 0.707107 0.671970 -0.220128
vn 0.707107 0.671970 -0.220128
vn 0.000000 0.950309 -0.311308
vn 0.000000 0.950309 -0.311308
vn -0.707107 0.671970 -0.220128
vn -0.707107 0.671970 -0.220128
vn -1.000000 0.000000 -0.000000
vn -1.000000 0.000000 -0.000000
vn -1.000000 0.000000 0.000000
vn -1.000000 0.000000 0.000000
vn -0.707107 -0.620630 0.338849
vn -0.707107 -0.620630 0.338849
vn -0.000000 -0.877703 0.479206
vn -0.000000 -0.877703 0.479206
vn 0.707107 -0.620630 0.338849
vn 0.707107 -0.620630 0.338849
vn 1.000000 -0.000000 0.000000
vn 1.000000 -0.000000 0.000000
vn 0.707107 0.620630 -0.338849
vn 0.707107 0.620630 -0.338849
vn 0.000000 0.877703 -0.479206
vn 0.000000 0.877703 -0.479206
vn -0.707107 0.620630 -0.338849
vn -0.707107 0.620630 -0.338849
vn -1.000000 0.000000 -0.000000
vn -1.000000 0.000000 -0.000000
vn -1.000000 0.000000 0.000000
vn -1.000000 0.000000 0.000000
vn -0.707107 -0.670820 -0.223607
vn -0.707107 -0.670820 -0.223607
vn -0.000000 -0.948683 -0.316228
vn -0.000000 -0.948683 -0.316228
vn 0.707107 -0.670820 -0.223607
vn 0.707107 -0.670820 -0.223607
vn 1.000000 -0.000000 -0.000000
vn 1.000000 -0.000000 -0.000000
vn 0.707107 0.670820 0.223607
vn 0.707107 0.670820 0.223607
vn 0.000000 0.948683 0.316228
vn 0.000000 0.948683 0.316228
vn -0.707107 0.670820 0.223607
vn -0.707107 0.670820 0.223607
vn -1.000000 0.000000 0.000000
vn -1.000000 0.000000 0.000000
vn -1.000000 0.000000 0.000000
vn -1.000000 0.000000 0.000000
vn -0.707107 -0.693375 -0.138675
vn -0.707107 -0.693375 -0.138675
vn -0.000000 -0.980581 -0.196116
vn -0.000000 -0.980581 -0.196116
vn 0.707107 -0.693375 -0.138675
vn 0.707107 -0.693375 -0.138675
vn 1.000000 -0.000000 -0.000000
vn 1.000000 -0.000000 -0.000000
vn 0.707107 0.693375 0.138675
vn 0.707107 0.693375 0.138675
vn 0.000000 0.980581 0.196116
vn 0.000000 0.980581 0.196116
vn -0.707107 0.693375 0.138675
vn -0.707107 0.693375 0.138675
vn -1.000000 0.000000 0.000000
vn -1.000000 0.000000 0.000000
vn -1.000000 0.000000 0.000000
vn -1.000000 0.000000 0.000000
vn -0.707107 -0.705541 -0.047036
vn -0.707107 -0.705541 -0.047036
vn -0.000000 -0.997785 -0.066519
vn -0.000000 -0.997785 -0.066519
vn 0.707107 -0.705541 -0.047036
vn 0.707107 -0.705541 -0.047036
vn 1.000000 -0.000000 -0.000000
vn 1.000000 -0.000000 -0.000000
vn 0.707107 0.705541 0.047036
vn 0.707107 0.705541 0.047036
vn 0.000000 0.997785 0.066519
vn 0.000000 0.997785 0.066519
vn -0.707107 0.705541 0.047036
vn -0.707107 0.705541 0.047036
vn -1.000000 0.000000 0.000000
vn -1.000000 0.000000 0.000000
vn -1.000000 0.000000 0.000000
vn -1.000000 0.000000 0.000000
vn -0.707107 -0.705541 0.047036
vn -0.707107 -0.705541 0.047036
vn -0.000000 -0.997785 0.066519
vn -0.000000 -0.997785 0.066519
vn 0.707107 -0.705541 0.047036
vn 0.707107 -0.705541 0.047036
vn 1.000000 -0.000000 0.000000
vn 1.000000 -0.000000 0.000000
vn 0.707107 0.705541 -0.047036
vn 0.707107 0.705541 -0.047036
vn 0.000000 0.997785 -0.066519
vn 0.000000 0.997785 -0.066519
vn -0.707107 0.705541 -0.047036
vn -0.707107 0.705541 -0.047036
vn -1.000000 0.000000 -0.000000
vn -1.000000 0.000000 -0.000000
vn -1.000000 0.000000 0.000000
vn -1.000000 0.000000 0.000000
vn -0.707107 -0.693375 0.138675
vn -0.707107 -0.693375 0.138675
vn -0.000000 -0.980581 0.196116
vn -0.000000 -0.980581 0.196116
vn 0.707107 -0.693375 0.138675
vn 0.707107 -0.693375 0.138675
vn 1.000000 -0.000000 0.000000
vn 1.000000 -0.000000 0.000000
vn 0.707107 0.693375 -0.138675
vn 0.707107 0.693375 -0.138675
vn 0.000000 0.980581 -0.196116
vn 0.000000 0.980581 -0.196116
vn -0.707107 0.693375 -0.138675
vn -0.707107 0.693375 -0.138675
vn -1.000000 0.000000 -0.000000
vn -1.000000 0.000000 -0.000000
vn -1.000000 0.000000 0.000000
vn -1.000000 0.000000 0.000000
vn -0.707107 -0.670820 0.223607
vn -0.707107 -0.670820 0.223607
vn -0.000000 -0.948683 0.316228
vn -0.000000 -0.948683 0.316228
vn 0.707107 -0.670820 0.223607
vn 0.707107 -0.670820 0.223607
vn 1.000000 -0.000000 0.000000
vn 1.000000 -0.000000 0.000000
vn 0.707107 0.670820 -0.223607
vn 0.707107 0.670820 -0.223607
vn 0.000000 0.948683 -0.316228
vn 0.000000 0.948683 -0.316228
vn -0.707107 0.670820 -0.223607
vn -0.707107 0.670820 -0.223607
vn -1.000000 0.000000 -0.000000
vn -1.000000 0.000000 -0.000000
vn -1.000000 0.000000 0.000000
vn -1.000000 0.000000 0.000000
vn -0.707107 -0.618123 -0.343401
vn -0.707107 -0.618123 -0.343401
vn -0.000000 -0.874157 -0.485643
vn -0.000000 -0.874157 -0.485643
vn 0.707107 -0.618123 -0.343401
vn 0.707107 -0.618123 -0.343401
vn 1.000000 -0.000000 -0.000000
vn 1.000000 -0.000000 -0.000000
vn 0.707107 0.618123 0.343401
vn 0.707107 0.618123 0.343401
vn 0.000000 0.874157 0.485643
vn 0.000000 0.874157 0.485643
vn -0.707107 0.618123 0.343401
vn -0.707107 0.618123 0.343401
vn -1.000000 0.000000 0.000000
vn -1.000000 0.000000 0.000000
vn -1.000000 0.000000 0.000000
vn -1.000000 0.000000 0.000000
vn -0.707107 -0.670820 -0.223607
vn -0.707107 -0.670820 -0.223607
vn -0.000000 -0.948683 -0.316228
vn -0.000000 -0.948683 -0.316228
vn 0.707107 -0.670820 -0.223607
vn 0.707107 -0.670820 -0.223607
vn 1.000000 -0.000000 -0.000000
vn 1.000000 -0.000000 -0.000000
vn 0.707107 0.670820 0.223607
vn 0.707107 0.670820 0.223607
vn 0.000000 0.948683 0.316228
vn 0.000000 0.948683 0.316228
vn -0.707107 0.670820 0.223607
vn -0.707107 0.670820 0.223607
vn -1.000000 0.000000 0.000000
vn -1.000000 0.000000 0.000000
vn -1.000000 0.000000 0.000000
vn -1.000000 0.000000 0.000000
vn -0.707107 -0.702782 -0.078087
vn -0.707107 -0.702782 -0.078087
vn -0.000000 -0.993884 -0.110432
vn -0.000000 -0.993884 -0.110432
vn 0.707107 -0.702782 -0.078087
vn 0.707107 -0.702782 -0.078087
vn 1.000000 -0.000000 -0.000000
vn 1.000000 -0.000000 -0.000000
vn 0.707107 0.702782 0.078087
vn 0.707107 0.702782 0.078087
vn 0.000000 0.993884 0.110432
vn 0.000000 0.993884 0.110432
vn -0.707107 0.702782 0.078087
vn -0.707107 0.702782 0.078087
vn -1.000000 0.000000 0.000000
vn -1.000000 0.000000 0.000000
vn -1.000000 0.000000 0.000000
vn -1.000000 0.000000 0.000000
vn -0.707107 -0.702782 0.078087
vn -0.707107 -0.702782 0.078087
vn -0.000000 -0.993884 0.110432
vn -0.000000 -0.993884 0.110432
vn 0.707107 -0.702782 0.078087
vn 0.707107 -0.702782 0.078087
vn 1.000000 -0.000000 0.000000
vn 1.000000 -0.000000 0.000000
vn 0.707107 0.702782 -0.078087
vn 0.707107 0.702782 -0.078087
vn 0.000000 0.993884 -0.110432
vn 0.000000 0.993884 -0.110432
vn -0.707107 0.702782 -0.078087
vn -0.707107 0.702782 -0.078087
vn -1.000000 0.000000 -0.000000
vn -1.000000 0.000000 -0.000000
vn -1.000000 0.000000 0.000000
vn -1.000000 0.000000 0.000000
vn -0.707107 -0.670820 0.223607
vn -0.707107 -0.670820 0.223607
vn -0.000000 -0.948683 0.316228
vn -0.000000 -0.948683 0.316228
vn 0.707107 -0.670820 0.223607
vn 0.707107 -0.670820 0.223607
vn 1.000000 -0.000000 0.000000
vn 1.000000 -0.000000 0.000000
vn 0.707107 0.670820 -0.223607
vn 0.707107 0.670820 -0.223607
vn 0.000000 0.948683 -0.316228
vn 0.000000 0.948683 -0.316228
vn -0.707107 0.670820 -0.223607
vn -0.707107 0.670820 -0.223607
vn -1.000000 0.000000 -0.000000
vn -1.000000 0.000000 -0.000000
vn -1.000000 0.000000 0.000000
vn -1.000000 0.000000 0.000000
vn -0.707107 -0.618123 0.343401
vn -0.707107 -0.618123 0.343401
vn -0.000000 -0.874157 0.485643
vn -0.000000 -0.874157 0.485643
vn 0.707107 -0.618123 0.343401
vn 0.707107 -0.618123 0.343401
vn 1.000000 -0.000000 0.000000
vn 1.000000 -0.000000 0.000000
vn 0.707107 0.618123 -0.343401
vn 0.707107 0.618123 -0.343401
vn 0.000000 0.874157 -0.485643
vn 0.000000 0.874157 -0.485643
vn -0.707107 0.618123 -0.343401
vn -0.707107 0.618123 -0.343401
vn -1.000000 0.000000 -0.000000
vn -1.000000 0.000000 -0.000000
vn -1.000000 0.000000 0.000000
vn -1.000000 0.000000 0.000000
vn -0.707107 -0.669636 -0.227128
vn -0.707107 -0.669636 -0.227128
vn -0.000000 -0.947009 -0.321208
vn -0.000000 -0.947009 -0.321208
vn 0.707107 -0.669636 -0.227128
vn 0.707107 -0.669636 -0.227128
vn 1.000000 -0.000000 -0.000000
vn 1.000000 -0.000000 -0.000000
vn 0.707107 0.669636 0.227128
vn 0.707107 0.669636 0.227128
vn 0.000000 0.947009 0.321208
vn 0.000000 0.947009 0.321208
vn -0.707107 0.669636 0.227128
vn -0.707107 0.669636 0.227128
vn -1.000000 0.000000 0.000000
vn -1.000000 0.000000 0.000000
vn -1.000000 0.000000 0.000000
vn -1.000000 0.000000 0.000000
vn -0.707107 -0.692904 -0.141012
vn -0.707107 -0.692904 -0.141012
vn -0.000000 -0.979914 -0.199421
vn -0.000000 -0.979914 -0.199421
vn 0.707107 -0.692904 -0.141012
vn 0.707107 -0.692904 -0.141012
vn 1.000000 -0.000000 -0.000000
vn 1.000000 -0.000000 -0.000000
vn 0.707107 0.692904 0.141012
vn 0.707107 0.692904 0.141012
vn 0.000000 0.979914 0.199421
vn 0.000000 0.979914 0.199421
vn -0.707107 0.692904 0.141012
vn -0.707107 0.692904 0.141012
vn -1.000000 0.000000 0.000000
vn -1.000000 0.000000 0.000000
vn -1.000000 0.000000 0.000000
vn -1.000000 0.000000 0.000000
vn -0.707107 -0.705485 -0.047857
vn -0.707107 -0.705485 -0.047857
vn -0.000000 -0.997707 -0.067681
vn -0.000000 -0.997707 -0.067681
vn 0.707107 -0.705485 -0.047857
vn 0.707107 -0.705485 -0.047857
vn 1.000000 -0.000000 -0.000000
vn 1.000000 -0.000000 -0.000000
vn 0.707107 0.705485 0.047857
vn 0.707107 0.705485 0.047857
vn 0.000000 0.997707 0.067681
vn 0.000000 0.997707 0.067681
vn -0.707107 0.705485 0.047857
vn -0.707107 0.705485 0.047857
vn -1.000000 0.000000 0.000000
vn -1.000000 0.000000 0.000000
vn -1.000000 0.000000 0.000000
vn -1.000000 0.000000 0.000000
vn -0.707107 -0.705485 0.047857
vn -0.707107 -0.705485 0.047857
vn -0.000000 -0.997707 0.067681
vn -0.000000 -0.997707 0.067681
vn 0.707107 -0.705485 0.047857
vn 0.707107 -0.705485 0.047857
vn 1.000000 -0.000000 0.000000
vn 1.000000 -0.000000 0.000000
vn 0.707107 0.705485 -0.047857
vn 0.707107 0.705485 -0.047857
vn 0.000000 0.997707 -0.067681
vn 0.000000 0.997707 -0.067681
vn -0.707107 0.705485 -0.047857
vn -0.707107 0.705485 -0.047857
vn -1.000000 0.000000 -0.000000
vn -1.000000 0.000000 -0.000000
vn -1.000000 0.000000 0.000000
vn -1.000000 0.000000 0.000000
vn -0.707107 -0.692904 0.141012
vn -0.707107 -0.692904 0.141012
vn -0.000000 -0.979914 0.199421
vn -0.000000 -0.979914 0.199421
vn 0.707107 -0.692904 0.141012
vn 0.707107 -0.692904 0.141012
vn 1.000000 -0.000000 0.000000
vn 1.000000 -0.000000 0.000000
vn 0.707107 0.692904 -0.141012
vn 0.707107 0.692904 -0.141012
vn 0.000000 0.979914 -0.199421
vn 0.000000 0.979914 -0.199421
vn -0.707107 0.692904 -0.141012
vn -0.707107 0.692904 -0.141012
vn -1.000000 0.000000 -0.000000
vn -1.000000 0.000000 -0.000000
vn -1.000000 0.000000 0.000000
vn -1.000000 0.000000 0.000000
vn -0.707107 -0.669636 0.227128
vn -0.707107 -0.669636 0.227128
vn -0.000000 -0.947009 0.321208
vn -0.000000 -0.947009 0.321208
vn 0.707107 -0.669636 0.227128
vn 0.707107 -0.669636 0.227128
vn 1.000000 -0.000000 0.000000
vn 1.000000 -0.000000 0.000000
vn 0.707107 0.669636 -0.227128
vn 0.707107 0.669636 -0.227128
vn 0.000000 0.947009 -0.321208
vn 0.000000 0.947009 -0.321208
vn -0.707107 0.669636 -0.227128
vn -0.707107 0.669636 -0.227128
vn -1.000000 0.000000 -0.000000
vn -1.000000 0.000000 -0.000000
s 1
usemtl WoodLight
f 1/1/1 2/2/2 3/3/3
f 1/1/1 3/3/3 4/4/4
f 5/5/5 6/6/6 7/7/7
f 5/5/5 7/7/7 8/8/8
f 9/9/9 10/10/10 11/11/11
f 9/9/9 11/11/11 12/12/12
f 13/13/13 14/14/14 15/15/15
f 13/13/13 15/15/15 16/16/16
f 17/17/17 18/18/18 19/19/19
f 17/17/17 19/19/19 20/20/20
f 21/21/21 22/22/22 23/23/23
f 21/21/21 23/23/23 24/24/24
f 217/217/217 218/218/218 219/219/219
f 217/217/217 219/219/219 220/220/220
f 221/221/221 222/222/222 223/223/223
f 221/221/221 223/223/223 224/224/224
f 225/225/225 226/226/226 227/227/227
f 225/225/225 227/227/227 228/228/228
f 229/229/229 230/230/230 231/231/231
f 229/229/229 231/231/231 232/232/232
f 233/233/233 234/234/234 235/235/235
f 233/233/233 235/235/235 236/236/236
f 237/237/237 238/238/238 239/239/239
f 237/237/237 239/239/239 240/240/240
f 433/433/433 434/434/434 435/435/435
f 433/433/433 435/435/435 436/436/436
f 437/437/437 438/438/438 439/439/439
f 437/437/437 439/439/439 440/440/440
f 441/441/441 442/442/442 443/443/443
f 441/441/441 443/443/443 444/444/444
f 445/445/445 446/446/446 447/447/447
f 445/445/445 447/447/447 448/448/448
f 449/449/449 450/450/450 451/451/451
f 449/449/449 451/451/451 452/452/452
f 453/453/453 454/454/454 455/455/455
f 453/453/453 455/455/455 456/456/456
f 649/649/649 650/650/650 651/651/651
f 649/649/649 651/651/651 652/652/652
f 653/653/653 654/654/654 655/655/655
f 653/653/653 655/655/655 656/656/656
f 657/657/657 658/658/658 659/659/659
f 657/657/657 659/659/659 660/660/660
f 661/661/661 662/662/662 663/663/663
f 661/661/661 663/663/663 664/664/664
f 665/665/665 666/666/666 667/667/667
f 665/665/665 667/667/667 668/668/668
f 669/669/669 670/670/670 671/671/671
f 669/669/669 671/671/671 672/672/672
f 865/865/865 866/866/866 867/867/867
f 865/865/865 867/867/867 868/868/868
f 869/869/869 870/870/870 871/871/871
f 869/869/869 871/871/871 872/872/872
f 873/873/873 874/874/874 875/875/875
f 873/873/873 875/875/875 876/876/876
f 877/877/877 878/878/878 879/879/879
f 877/877/877 879/879/879 880/880/880
f 881/881/881 882/882/882 883/883/883
f 881/881/881 883/883/883 884/884/884
f 885/885/885 886/886/886 887/887/887
f 885/885/885 887/887/887 888/888/888
usemtl Peg
f 25/25/25 26/26/26 27/27/27
f 25/25/25 27/27/27 28/28/28
f 29/29/29 30/30/30 31/31/31
f 29/29/29 31/31/31 32/32/32
f 33/33/33 34/34/34 35/35/35
f 33/33/33 35/35/35 36/36/36
f 37/37/37 38/38/38 39/39/39
f 37/37/37 39/39/39 40/40/40
f 41/41/41 42/42/42 43/43/43
f 41/41/41 43/43/43 44/44/44
f 45/45/45 46/46/46 47/47/47
f 45/45/45 47/47/47 48/48/48
f 49/49/49 50/50/50 51/51/51
f 49/49/49 51/51/51 52/52/52
f 53/53/53 54/54/54 55/55/55
f 53/53/53 55/55/55 56/56/56
f 57/57/57 58/58/58 59/59/59
f 57/57/57 59/59/59 60/60/60
f 61/61/61 62/62/62 63/63/63
f 61/61/61 63/63/63 64/64/64
f 65/65/65 66/66/66 67/67/67
f 65/65/65 67/67/67 68/68/68
f 69/69/69 70/70/70 71/71/71
f 69/69/69 71/71/71 72/72/72
f 97/97/97 98/98/98 99/99/99
f 97/97/97 99/99/99 100/100/100
f 101/101/101 102/102/102 103/103/103
f 101/101/101 103/103/103 104/104/104
f 105/105/105 106/106/106 107/107/107
f 105/105/105 107/107/107 108/108/108
f 109/109/109 110/110/110 111/111/111
f 109/109/109 111/111/111 112/112/112
f 113/113/113 114/114/114 115/115/115
f 113/113/113 115/115/115 116/116/116
f 117/117/117 118/118/118 119/119/119
f 117/117/117 119/119/119 120/120/120
f 121/121/121 122/122/122 123/123/123
f 121/121/121 123/123/123 124/124/124
f 125/125/125 126/126/126 127/127/127
f 125/125/125 127/127/127 128/128/128
f 129/129/129 130/130/130 131/131/131
f 129/129/129 131/131/131 132/132/132
f 133/133/133 134/134/134 135/135/135
f 133/133/133 135/135/135 136/136/136
f 137/137/137 138/138/138 139/139/139
f 137/137/137 139/139/139 140/140/140
f 141/141/141 142/142/142 143/143/143
f 141/141/141 143/143/143 144/144/144
f 169/169/169 170/170/170 171/171/171
f 169/169/169 171/171/171 172/172/172
f 173/173/173 174/174/174 175/175/175
f 173/173/173 175/175/175 176/176/176
f 177/177/177 178/178/178 179/179/179
f 177/177/177 179/179/179 180/180/180
f 181/181/181 182/182/182 183/183/183
f 181/181/181 183/183/183 184/184/184
f 185/185/185 186/186/186 187/187/187
f 185/185/185 187/187/187 188/188/188
f 189/189/189 190/190/190 191/191/191
f 189/189/189 191/191/191 192/192/192
f 193/193/193 194/194/194 195/195/195
f 193/193/193 195/195/195 196/196/196
f 197/197/197 198/198/198 199/199/199
f 197/197/197 199/199/199 200/200/200
f 201/201/201 202/202/202 203/203/203
f 201/201/201 203/203/203 204/204/204
f 205/205/205 206/206/206 207/207/207
f 205/205/205 207/207/207 208/208/208
f 209/209/209 210/210/210 211/211/211
f 209/209/209 211/211/211 212/212/212
f 213/213/213 214/214/214 215/215/215
f 213/213/213 215/215/215 216/216/216
f 241/241/241 242/242/242 243/243/243
f 241/241/241 243/243/243 244/244/244
f 245/245/245 246/246/246 247/247/247
f 245/245/245 247/247/247 248/248/248
f 249/249/249 250/250/250 251/251/251
f 249/249/249 251/251/251 252/252/252
f 253/253/253 254/254/254 255/255/255
f 253/253/253 255/255/255 256/256/256
f 257/257/257 258/258/258 259/259/259
f 257/257/257 259/259/259 260/260/260
f 261/261/261 262/262/262 263/263/263
f 261/261/261 263/263/263 264/264/264
f 265/265/265 266/266/266 267/267/267
f 265/265/265 267/267/267 268/268/268
f 269/269/269 270/270/270 271/271/271
f 269/269/269 271/271/271 272/272/272
f 273/273/273 274/274/274 275/275/275
f 273/273/273 275/275/275 276/276/276
f 277/277/277 278/278/278 279/279/279
f 277/277/277 279/279/279 280/280/280
f 281/281/281 282/282/282 283/283/283
f 281/281/281 283/283/283 284/284/284
f 285/285/285 286/286/286 287/287/287
f 285/285/285 287/287/287 288/288/288
f 313/313/313 314/314/314 315/315/315
f 313/313/313 315/315/315 316/316/316
f 317/317/317 318/318/318 319/319/319
f 317/317/317 319/319/319 320/320/320
f 321/321/321 322/322/322 323/323/323
f 321/321/321 323/323/323 324/324/324
f 325/325/325 326/326/326 327/327/327
f 325/325/325 327/327/327 328/328/328
f 329/329/329 330/330/330 331/331/331
f 329/329/329 331/331/331 332/332/332
f 333/333/333 334/334/334 335/335/335
f 333/333/333 335/335/335 336/336/336
f 337/337/337 338/338/338 339/339/339
f 337/337/337 339/339/339 340/340/340
f 341/341/341 342/342/342 343/343/343
f 341/341/341 343/343/343 344/344/344
f 345/345/345 346/346/346 347/347/347
f 345/345/345 347/347/347 348/348/348
f 349/349/349 350/350/350 351/351/351
f 349/349/349 351/351/351 352/352/352
f 353/353/353 354/354/354 355/355/355
f 353/353/353 355/355/355 356/356/356
f 357/357/357 358/358/358 359/359/359
f 357/357/357 359/359/359 360/360/360
f 385/385/385 386/386/386 387/387/387
f 385/385/385 387/387/387 388/388/388
f 389/389/389 390/390/390 391/391/391
f 389/389/389 391/391/391 392/392/392
f 393/393/393 394/394/394 395/395/395
f 393/393/393 395/395/395 396/396/396
f 397/397/397 398/398/398 399/399/399
f 397/397/397 399/399/399 400/400/400
f 401/401/401 402/402/402 403/403/403
f 401/401/401 403/403/403 404/404/404
f 405/405/405 406/406/406 407/407/407
f 405/405/405 407/407/407 408/408/408
f 409/409/409 410/410/410 411/411/411
f 409/409/409 411/411/411 412/412/412
f 413/413/413 414/414/414 415/415/415
f 413/413/413 415/415/415 416/416/416
f 417/417/417 418/418/418 419/419/419
f 417/417/417 419/419/419 420/420/420
f 421/421/421 422/422/422 423/423/423
f 421/421/421 423/423/423 424/424/424
f 425/425/425 426/426/426 427/427/427
f 425/425/425 427/427/427 428/428/428
f 429/429/429 430/430/430 431/431/431
f 429/429/429 431/431/431 432/432/432
f 457/457/457 458/458/458 459/459/459
f 457/457/457 459/459/459 460/460/460
f 461/461/461 462/462/462 463/463/463
f 461/461/461 463/463/463 464/464/464
f 465/465/465 466/466/466 467/467/467
f 465/465/465 467/467/467 468/468/468
f 469/469/469 470/470/470 471/471/471
f 469/469/469 471/471/471 472/472/472
f 473/473/473 474/474/474 475/475/475
f 473/473/473 475/475/475 476/476/476
f 477/477/477 478/478/478 479/479/479
f 477/477/477 479/479/479 480/480/480
f 481/481/481 482/482/482 483/483/483
f 481/481/481 483/483/483 484/484/484
f 485/485/485 486/486/486 487/487/487
f 485/485/485 487/487/487 488/488/488
f 489/489/489 490/490/490 491/491/491
f 489/489/489 491/491/491 492/492/492
f 493/493/493 494/494/494 495/495/495
f 493/493/493 495/495/495 496/496/496
f 497/497/497 498/498/498 499/499/499
f 497/497/497 499/499/499 500/500/500
f 501/501/501 502/502/502 503/503/503
f 501/501/501 503/503/503 504/504/504
f 529/529/529 530/530/530 531/531/531
f 529/529/529 531/531/531 532/532/532
f 533/533/533 534/534/534 535/535/535
f 533/533/533 535/535/535 536/536/536
f 537/537/537 538/538/538 539/539/539
f 537/537/537 539/539/539 540/540/540
f 541/541/541 542/542/542 543/543/543
f 541/541/541 543/543/543 544/544/544
f 545/545/545 546/546/546 547/547/547
f 545/545/545 547/547/547 548/548/548
f 549/549/549 550/550/550 551/551/551
f 549/549/549 551/551/551 552/552/552
f 553/553/553 554/554/554 555/555/555
f 553/553/553 555/555/555 556/556/556
f 557/557/557 558/558/558 559/559/559
f 557/557/557 559/559/559 560/560/560
f 561/561/561 562/562/562 563/563/563
f 561/561/561 563/563/563 564/564/564
f 565/565/565 566/566/566 567/567/567
f 565/565/565 567/567/567 568/568/568
f 569/569/569 570/570/570 571/571/571
f 569/569/569 571/571/571 572/572/572
f 573/573/573 574/574/574 575/575/575
f 573/573/573 575/575/575 576/576/576
f 601/601/601 602/602/602 603/603/603
f 601/601/601 603/603/603 604/604/604
f 605/605/605 606/606/606 607/607/607
f 605/605/605 607/607/607 608/608/608
f 609/609/609 610/610/610 611/611/611
f 609/609/609 611/611/611 612/612/612
f 613/613/613 614/614/614 615/615/615
f 613/613/613 615/615/615 616/616/616
f 617/617/617 618/618/618 619/619/619
f 617/617/617 619/619/619 620/620/620
f 621/621/621 622/622/622 623/623/623
f 621/621/621 623/623/623 624/624/624
f 625/625/625 626/626/626 627/627/627
f 625/625/625 627/627/627 628/628/628
f 629/629/629 630/630/630 631/631/631
f 629/629/629 631/631/631 632/632/632
f 633/633/633 634/634/634 635/635/635
f 633/633/633 635/635/635 636/636/636
f 637/637/637 638/638/638 639/639/639
f 637/637/637 639/639/639 640/640/640
f 641/641/641 642/642/642 643/643/643
f 641/641/641 643/643/643 644/644/644
f 645/645/645 646/646/646 647/647/647
f 645/645/645 647/647/647 648/648/648
f 673/673/673 674/674/674 675/675/675
f 673/673/673 675/675/675 676/676/676
f 677/677/677 678/678/678 679/679/679
f 677/677/677 679/679/679 680/680/680
f 681/681/681 682/682/682 683/683/683
f 681/681/681 683/683/683 684/684/684
f 685/685/685 686/686/686 687/687/687
f 685/685/685 687/687/687 688/688/688
f 689/689/689 690/690/690 691/691/691
f 689/689/689 691/691/691 692/692/692
f 693/693/693 694/694/694 695/695/695
f 693/693/693 695/695/695 696/696/696
f 697/697/697 698/698/698 699/699/699
f 697/697/697 699/699/699 700/700/700
f 701/701/701 702/702/702 703/703/703
f 701/701/701 703/703/703 704/704/704
f 705/705/705 706/706/706 707/707/707
f 705/705/705 707/707/707 708/708/708
f 709/709/709 710/710/710 711/711/711
f 709/709/709 711/711/711 712/712/712
f 713/713/713 714/714/714 715/715/715
f 713/713/713 715/715/715 716/716/716
f 717/717/717 718/718/718 719/719/719
f 717/717/717 719/719/719 720/720/720
f 745/745/745 746/746/746 747/747/747
f 745/745/745 747/747/747 748/748/748
f 749/749/749 750/750/750 751/751/751
f 749/749/749 751/751/751 752/752/752
f 753/753/753 754/754/754 755/755/755
f 753/753/753 755/755/755 756/756/756
f 757/757/757 758/758/758 759/759/759
f 757/757/757 759/759/759 760/760/760
f 761/761/761 762/762/762 763/763/763
f 761/761/761 763/763/763 764/764/764
f 765/765/765 766/766/766 767/767/767
f 765/765/765 767/767/767 768/768/768
f 769/769/769 770/770/770 771/771/771
f 769/769/769 771/771/771 772/772/772
f 773/773/773 774/774/774 775/775/775
f 773/773/773 775/775/775 776/776/776
f 777/777/777 778/778/778 779/779/779
f 777/777/777 779/779/779 780/780/780
f 781/781/781 782/782/782 783/783/783
f 781/781/781 783/783/783 784/784/784
f 785/785/785 786/786/786 787/787/787
f 785/785/785 787/787/787 788/788/788
f 789/789/789 790/790/790 791/791/791
f 789/789/789 791/791/791 792/792/792
f 817/817/817 818/818/818 819/819/819
f 817/817/817 819/819/819 820/820/820
f 821/821/821 822/822/822 823/823/823
f 821/821/821 823/823/823 824/824/824
f 825/825/825 826/826/826 827/827/827
f 825/825/825 827/827/827 828/828/828
f 829/829/829 830/830/830 831/831/831
f 829/829/829 831/831/831 832/832/832
f 833/833/833 834/834/834 835/835/835
f 833/833/833 835/835/835 836/836/836
f 837/837/837 838/838/838 839/839/839
f 837/837/837 839/839/839 840/840/840
f 841/841/841 842/842/842 843/843/843
f 841/841/841 843/843/843 844/844/844
f 845/845/845 846/846/846 847/847/847
f 845/845/845 847/847/847 848/848/848
f 849/849/849 850/850/850 851/851/851
f 849/849/849 851/851/851 852/852/852
f 853/853/853 854/854/854 855/855/855
f 853/853/853 855/855/855 856/856/856
f 857/857/857 858/858/858 859/859/859
f 857/857/857 859/859/859 860/860/860
f 861/861/861 862/862/862 863/863/863
f 861/861/861 863/863/863 864/864/864
f 889/889/889 890/890/890 891/891/891
f 889/889/889 891/891/891 892/892/892
f 893/893/893 894/894/894 895/895/895
f 893/893/893 895/895/895 896/896/896
f 897/897/897 898/898/898 899/899/899
f 897/897/897 899/899/899 900/900/900
f 901/901/901 902/902/902 903/903/903
f 901/901/901 903/903/903 904/904/904
f 905/905/905 906/906/906 907/907/907
f 905/905/905 907/907/907 908/908/908
f 909/909/909 910/910/910 911/911/911
f 909/909/909 911/911/911 912/912/912
f 913/913/913 914/914/914 915/915/915
f 913/913/913 915/915/915 916/916/916
f 917/917/917 918/918/918 919/919/919
f 917/917/917 919/919/919 920/920/920
f 921/921/921 922/922/922 923/923/923
f 921/921/921 923/923/923 924/924/924
f 925/925/925 926/926/926 927/927/927
f 925/925/925 927/927/927 928/928/928
f 929/929/929 930/930/930 931/931/931
f 929/929/929 931/931/931 932/932/932
f 933/933/933 934/934/934 935/935/935
f 933/933/933 935/935/935 936/936/936
usemtl WoodWarm
f 73/73/73 74/74/74 75/75/75
f 73/73/73 75/75/75 76/76/76
f 77/77/77 78/78/78 79/79/79
f 77/77/77 79/79/79 80/80/80
f 81/81/81 82/82/82 83/83/83
f 81/81/81 83/83/83 84/84/84
f 85/85/85 86/86/86 87/87/87
f 85/85/85 87/87/87 88/88/88
f 89/89/89 90/90/90 91/91/91
f 89/89/89 91/91/91 92/92/92
f 93/93/93 94/94/94 95/95/95
f 93/93/93 95/95/95 96/96/96
f 289/289/289 290/290/290 291/291/291
f 289/289/289 291/291/291 292/292/292
f 293/293/293 294/294/294 295/295/295
f 293/293/293 295/295/295 296/296/296
f 297/297/297 298/298/298 299/299/299
f 297/297/297 299/299/299 300/300/300
f 301/301/301 302/302/302 303/303/303
f 301/301/301 303/303/303 304/304/304
f 305/305/305 306/306/306 307/307/307
f 305/305/305 307/307/307 308/308/308
f 309/309/309 310/310/310 311/311/311
f 309/309/309 311/311/311 312/312/312
f 505/505/505 506/506/506 507/507/507
f 505/505/505 507/507/507 508/508/508
f 509/509/509 510/510/510 511/511/511
f 509/509/509 511/511/511 512/512/512
f 513/513/513 514/514/514 515/515/515
f 513/513/513 515/515/515 516/516/516
f 517/517/517 518/518/518 519/519/519
f 517/517/517 519/519/519 520/520/520
f 521/521/521 522/522/522 523/523/523
f 521/521/521 523/523/523 524/524/524
f 525/525/525 526/526/526 527/527/527
f 525/525/525 527/527/527 528/528/528
f 721/721/721 722/722/722 723/723/723
f 721/721/721 723/723/723 724/724/724
f 725/725/725 726/726/726 727/727/727
f 725/725/725 727/727/727 728/728/728
f 729/729/729 730/730/730 731/731/731
f 729/729/729 731/731/731 732/732/732
f 733/733/733 734/734/734 735/735/735
f 733/733/733 735/735/735 736/736/736
f 737/737/737 738/738/738 739/739/739
f 737/737/737 739/739/739 740/740/740
f 741/741/741 742/742/742 743/743/743
f 741/741/741 743/743/743 744/744/744
usemtl WoodDeep
f 145/145/145 146/146/146 147/147/147
f 145/145/145 147/147/147 148/148/148
f 149/149/149 150/150/150 151/151/151
f 149/149/149 151/151/151 152/152/152
f 153/153/153 154/154/154 155/155/155
f 153/153/153 155/155/155 156/156/156
f 157/157/157 158/158/158 159/159/159
f 157/157/157 159/159/159 160/160/160
f 161/161/161 162/162/162 163/163/163
f 161/161/161 163/163/163 164/164/164
f 165/165/165 166/166/166 167/167/167
f 165/165/165 167/167/167 168/168/168
f 361/361/361 362/362/362 363/363/363
f 361/361/361 363/363/363 364/364/364
f 365/365/365 366/366/366 367/367/367
f 365/365/365 367/367/367 368/368/368
f 369/369/369 370/370/370 371/371/371
f 369/369/369 371/371/371 372/372/372
f 373/373/373 374/374/374 375/375/375
f 373/373/373 375/375/375 376/376/376
f 377/377/377 378/378/378 379/379/379
f 377/377/377 379/379/379 380/380/380
f 381/381/381 382/382/382 383/383/383
f 381/381/381 383/383/383 384/384/384
f 577/577/577 578/578/578 579/579/579
f 577/577/577 579/579/579 580/580/580
f 581/581/581 582/582/582 583/583/583
f 581/581/581 583/583/583 584/584/584
f 585/585/585 586/586/586 587/587/587
f 585/585/585 587/587/587 588/588/588
f 589/589/589 590/590/590 591/591/591
f 589/589/589 591/591/591 592/592/592
f 593/593/593 594/594/594 595/595/595
f 593/593/593 595/595/595 596/596/596
f 597/597/597 598/598/598 599/599/599
f 597/597/597 599/599/599 600/600/600
f 793/793/793 794/794/794 795/795/795
f 793/793/793 795/795/795 796/796/796
f 797/797/797 798/798/798 799/799/799
f 797/797/797 799/799/799 800/800/800
f 801/801/801 802/802/802 803/803/803
f 801/801/801 803/803/803 804/804/804
f 805/805/805 806/806/806 807/807/807
f 805/805/805 807/807/807 808/808/808
f 809/809/809 810/810/810 811/811/811
f 809/809/809 811/811/811 812/812/812
f 813/813/813 814/814/814 815/815/815
f 813/813/813 815/815/815 816/816/816
f 937/937/937 938/938/938 939/939/939
f 937/937/937 939/939/939 940/940/940
f 941/941/941 942/942/942 943/943/943
f 941/941/941 943/943/943 944/944/944
f 945/945/945 946/946/946 947/947/947
f 945/945/945 947/947/947 948/948/948
f 949/949/949 950/950/950 951/951/951
f 949/949/949 951/951/951 952/952/952
f 953/953/953 954/954/954 955/955/955
f 953/953/953 955/955/955 956/956/956
f 957/957/957 958/958/958 959/959/959
f 957/957/957 959/959/959 960/960/960
f 961/961/961 962/962/962 963/963/963
f 961/961/961 963/963/963 964/964/964
f 965/965/965 966/966/966 967/967/967
f 965/965/965 967/967/967 968/968/968
f 969/969/969 970/970/970 971/971/971
f 969/969/969 971/971/971 972/972/972
f 973/973/973 974/974/974 975/975/975
f 973/973/973 975/975/975 976/976/976
f 977/977/977 978/978/978 979/979/979
f 977/977/977 979/979/979 980/980/980
f 981/981/981 982/982/982 983/983/983
f 981/981/981 983/983/983 984/984/984
f 985/985/985 986/986/986 987/987/987
f 985/985/985 987/987/987 988/988/988
f 989/989/989 990/990/990 991/991/991
f 989/989/989 991/991/991 992/992/992
f 993/993/993 994/994/994 995/995/995
f 993/993/993 995/995/995 996/996/996
f 997/997/997 998/998/998 999/999/999
f 997/997/997 999/999/999 1000/1000/1000
f 1001/1001/1001 1002/1002/1002 1003/1003/1003
f 1001/1001/1001 1003/1003/1003 1004/1004/1004
f 1005/1005/1005 1006/1006/1006 1007/1007/1007
f 1005/1005/1005 1007/1007/1007 1008/1008/1008
f 1009/1009/1009 1010/1010/1010 1011/1011/1011
f 1009/1009/1009 1011/1011/1011 1012/1012/1012
f 1013/1013/1013 1014/1014/1014 1015/1015/1015
f 1013/1013/1013 1015/1015/1015 1016/1016/1016
f 1017/1017/1017 1018/1018/1018 1019/1019/1019
f 1017/1017/1017 1019/1019/1019 1020/1020/1020
f 1021/1021/1021 1022/1022/1022 1023/1023/1023
f 1021/1021/1021 1023/1023/1023 1024/1024/1024
f 1025/1025/1025 1026/1026/1026 1027/1027/1027
f 1025/1025/1025 1027/1027/1027 1028/1028/1028
f 1029/1029/1029 1030/1030/1030 1031/1031/1031
f 1029/1029/1029 1031/1031/1031 1032/1032/1032
f 1033/1033/1033 1034/1034/1034 1035/1035/1035
f 1033/1033/1033 1035/1035/1035 1036/1036/1036
f 1037/1037/1037 1038/1038/1038 1039/1039/1039
f 1037/1037/1037 1039/1039/1039 1040/1040/1040
f 1041/1041/1041 1042/1042/1042 1043/1043/1043
f 1041/1041/1041 1043/1043/1043 1044/1044/1044
f 1045/1045/1045 1046/1046/1046 1047/1047/1047
f 1045/1045/1045 1047/1047/1047 1048/1048/1048
f 1049/1049/1049 1050/1050/1050 1051/1051/1051
f 1049/1049/1049 1051/1051/1051 1052/1052/1052
f 1053/1053/1053 1054/1054/1054 1055/1055/1055
f 1053/1053/1053 1055/1055/1055 1056/1056/1056
f 1057/1057/1057 1058/1058/1058 1059/1059/1059
f 1057/1057/1057 1059/1059/1059 1060/1060/1060
f 1061/1061/1061 1062/1062/1062 1063/1063/1063
f 1061/1061/1061 1063/1063/1063 1064/1064/1064
f 1065/1065/1065 1066/1066/1066 1067/1067/1067
f 1065/1065/1065 1067/1067/1067 1068/1068/1068
f 1069/1069/1069 1070/1070/1070 1071/1071/1071
f 1069/1069/1069 1071/1071/1071 1072/1072/1072
f 1073/1073/1073 1074/1074/1074 1075/1075/1075
f 1073/1073/1073 1075/1075/1075 1076/1076/1076
f 1077/1077/1077 1078/1078/1078 1079/1079/1079
f 1077/1077/1077 1079/1079/1079 1080/1080/1080
f 1081/1081/1081 1082/1082/1082 1083/1083/1083
f 1081/1081/1081 1083/1083/1083 1084/1084/1084
f 1085/1085/1085 1086/1086/1086 1087/1087/1087
f 1085/1085/1085 1087/1087/1087 1088/1088/1088
f 1089/1089/1089 1090/1090/1090 1091/1091/1091
f 1089/1089/1089 1091/1091/1091 1092/1092/1092
f 1093/1093/1093 1094/1094/1094 1095/1095/1095
f 1093/1093/1093 1095/1095/1095 1096/1096/1096
f 1097/1097/1097 1098/1098/1098 1099/1099/1099
f 1097/1097/1097 1099/1099/1099 1100/1100/1100
f 1101/1101/1101 1102/1102/1102 1103/1103/1103
f 1101/1101/1101 1103/1103/1103 1104/1104/1104
f 1287/1287/1287 1288/1288/1288 1289/1289/1289
f 1287/1287/1287 1289/1289/1289 1290/1290/1290
f 1291/1291/1291 1292/1292/1292 1293/1293/1293
f 1291/1291/1291 1293/1293/1293 1294/1294/1294
f 1295/1295/1295 1296/1296/1296 1297/1297/1297
f 1295/1295/1295 1297/1297/1297 1298/1298/1298
f 1299/1299/1299 1300/1300/1300 1301/1301/1301
f 1299/1299/1299 1301/1301/1301 1302/1302/1302
f 1303/1303/1303 1304/1304/1304 1305/1305/1305
f 1303/1303/1303 1305/1305/1305 1306/1306/1306
f 1307/1307/1307 1308/1308/1308 1309/1309/1309
f 1307/1307/1307 1309/1309/1309 1310/1310/1310
f 1493/1493/1493 1494/1494/1494 1495/1495/1495
f 1493/1493/1493 1495/1495/1495 1496/1496/1496
f 1497/1497/1497 1498/1498/1498 1499/1499/1499
f 1497/1497/1497 1499/1499/1499 1500/1500/1500
f 1501/1501/1501 1502/1502/1502 1503/1503/1503
f 1501/1501/1501 1503/1503/1503 1504/1504/1504
f 1505/1505/1505 1506/1506/1506 1507/1507/1507
f 1505/1505/1505 1507/1507/1507 1508/1508/1508
f 1509/1509/1509 1510/1510/1510 1511/1511/1511
f 1509/1509/1509 1511/1511/1511 1512/1512/1512
f 1513/1513/1513 1514/1514/1514 1515/1515/1515
f 1513/1513/1513 1515/1515/1515 1516/1516/1516
f 1699/1699/1699 1700/1700/1700 1701/1701/1701
f 1699/1699/1699 1701/1701/1701 1702/1702/1702
f 1703/1703/1703 1704/1704/1704 1705/1705/1705
f 1703/1703/1703 1705/1705/1705 1706/1706/1706
f 1707/1707/1707 1708/1708/1708 1709/1709/1709
f 1707/1707/1707 1709/1709/1709 1710/1710/1710
f 1711/1711/1711 1712/1712/1712 1713/1713/1713
f 1711/1711/1711 1713/1713/1713 1714/1714/1714
f 1715/1715/1715 1716/1716/1716 1717/1717/1717
f 1715/1715/1715 1717/1717/1717 1718/1718/1718
f 1719/1719/1719 1720/1720/1720 1721/1721/1721
f 1719/1719/1719 1721/1721/1721 1722/1722/1722
f 2553/2553/2553 2554/2554/2554 2555/2555/2555
f 2553/2553/2553 2555/2555/2555 2556/2556/2556
f 2557/2557/2557 2558/2558/2558 2559/2559/2559
f 2557/2557/2557 2559/2559/2559 2560/2560/2560
f 2561/2561/2561 2562/2562/2562 2563/2563/2563
f 2561/2561/2561 2563/2563/2563 2564/2564/2564
f 2565/2565/2565 2566/2566/2566 2567/2567/2567
f 2565/2565/2565 2567/2567/2567 2568/2568/2568
f 2569/2569/2569 2570/2570/2570 2571/2571/2571
f 2569/2569/2569 2571/2571/2571 2572/2572/2572
f 2573/2573/2573 2574/2574/2574 2575/2575/2575
f 2573/2573/2573 2575/2575/2575 2576/2576/2576
f 2759/2759/2759 2760/2760/2760 2761/2761/2761
f 2759/2759/2759 2761/2761/2761 2762/2762/2762
f 2763/2763/2763 2764/2764/2764 2765/2765/2765
f 2763/2763/2763 2765/2765/2765 2766/2766/2766
f 2767/2767/2767 2768/2768/2768 2769/2769/2769
f 2767/2767/2767 2769/2769/2769 2770/2770/2770
f 2771/2771/2771 2772/2772/2772 2773/2773/2773
f 2771/2771/2771 2773/2773/2773 2774/2774/2774
f 2775/2775/2775 2776/2776/2776 2777/2777/2777
f 2775/2775/2775 2777/2777/2777 2778/2778/2778
f 2779/2779/2779 2780/2780/2780 2781/2781/2781
f 2779/2779/2779 2781/2781/2781 2782/2782/2782
f 2965/2965/2965 2966/2966/2966 2967/2967/2967
f 2965/2965/2965 2967/2967/2967 2968/2968/2968
f 2969/2969/2969 2970/2970/2970 2971/2971/2971
f 2969/2969/2969 2971/2971/2971 2972/2972/2972
f 2973/2973/2973 2974/2974/2974 2975/2975/2975
f 2973/2973/2973 2975/2975/2975 2976/2976/2976
f 2977/2977/2977 2978/2978/2978 2979/2979/2979
f 2977/2977/2977 2979/2979/2979 2980/2980/2980
f 2981/2981/2981 2982/2982/2982 2983/2983/2983
f 2981/2981/2981 2983/2983/2983 2984/2984/2984
f 2985/2985/2985 2986/2986/2986 2987/2987/2987
f 2985/2985/2985 2987/2987/2987 2988/2988/2988
f 3171/3171/3171 3172/3172/3172 3173/3173/3173
f 3171/3171/3171 3173/3173/3173 3174/3174/3174
f 3175/3175/3175 3176/3176/3176 3177/3177/3177
f 3175/3175/3175 3177/3177/3177 3178/3178/3178
f 3179/3179/3179 3180/3180/3180 3181/3181/3181
f 3179/3179/3179 3181/3181/3181 3182/3182/3182
f 3183/3183/3183 3184/3184/3184 3185/3185/3185
f 3183/3183/3183 3185/3185/3185 3186/3186/3186
f 3187/3187/3187 3188/3188/3188 3189/3189/3189
f 3187/3187/3187 3189/3189/3189 3190/3190/3190
f 3191/3191/3191 3192/3192/3192 3193/3193/3193
f 3191/3191/3191 3193/3193/3193 3194/3194/3194
usemtl Rope
f 1105/1105/1105 1112/1112/1112 1113/1113/1113
f 1105/1105/1105 1113/1113/1113 1106/1106/1106
f 1106/1106/1106 1113/1113/1113 1114/1114/1114
f 1106/1106/1106 1114/1114/1114 1107/1107/1107
f 1107/1107/1107 1114/1114/1114 1115/1115/1115
f 1107/1107/1107 1115/1115/1115 1108/1108/1108
f 1108/1108/1108 1115/1115/1115 1116/1116/1116
f 1108/1108/1108 1116/1116/1116 1109/1109/1109
f 1109/1109/1109 1116/1116/1116 1117/1117/1117
f 1109/1109/1109 1117/1117/1117 1110/1110/1110
f 1110/1110/1110 1117/1117/1117 1118/1118/1118
f 1110/1110/1110 1118/1118/1118 1111/1111/1111
f 1112/1112/1112 1119/1119/1119 1120/1120/1120
f 1112/1112/1112 1120/1120/1120 1113/1113/1113
f 1113/1113/1113 1120/1120/1120 1121/1121/1121
f 1113/1113/1113 1121/1121/1121 1114/1114/1114
f 1114/1114/1114 1121/1121/1121 1122/1122/1122
f 1114/1114/1114 1122/1122/1122 1115/1115/1115
f 1115/1115/1115 1122/1122/1122 1123/1123/1123
f 1115/1115/1115 1123/1123/1123 1116/1116/1116
f 1116/1116/1116 1123/1123/1123 1124/1124/1124
f 1116/1116/1116 1124/1124/1124 1117/1117/1117
f 1117/1117/1117 1124/1124/1124 1125/1125/1125
f 1117/1117/1117 1125/1125/1125 1118/1118/1118
f 1119/1119/1119 1126/1126/1126 1127/1127/1127
f 1119/1119/1119 1127/1127/1127 1120/1120/1120
f 1120/1120/1120 1127/1127/1127 1128/1128/1128
f 1120/1120/1120 1128/1128/1128 1121/1121/1121
f 1121/1121/1121 1128/1128/1128 1129/1129/1129
f 1121/1121/1121 1129/1129/1129 1122/1122/1122
f 1122/1122/1122 1129/1129/1129 1130/1130/1130
f 1122/1122/1122 1130/1130/1130 1123/1123/1123
f 1123/1123/1123 1130/1130/1130 1131/1131/1131
f 1123/1123/1123 1131/1131/1131 1124/1124/1124
f 1124/1124/1124 1131/1131/1131 1132/1132/1132
f 1124/1124/1124 1132/1132/1132 1125/1125/1125
f 1126/1126/1126 1133/1133/1133 1134/1134/1134
f 1126/1126/1126 1134/1134/1134 1127/1127/1127
f 1127/1127/1127 1134/1134/1134 1135/1135/1135
f 1127/1127/1127 1135/1135/1135 1128/1128/1128
f 1128/1128/1128 1135/1135/1135 1136/1136/1136
f 1128/1128/1128 1136/1136/1136 1129/1129/1129
f 1129/1129/1129 1136/1136/1136 1137/1137/1137
f 1129/1129/1129 1137/1137/1137 1130/1130/1130
f 1130/1130/1130 1137/1137/1137 1138/1138/1138
f 1130/1130/1130 1138/1138/1138 1131/1131/1131
f 1131/1131/1131 1138/1138/1138 1139/1139/1139
f 1131/1131/1131 1139/1139/1139 1132/1132/1132
f 1133/1133/1133 1140/1140/1140 1141/1141/1141
f 1133/1133/1133 1141/1141/1141 1134/1134/1134
f 1134/1134/1134 1141/1141/1141 1142/1142/1142
f 1134/1134/1134 1142/1142/1142 1135/1135/1135
f 1135/1135/1135 1142/1142/1142 1143/1143/1143
f 1135/1135/1135 1143/1143/1143 1136/1136/1136
f 1136/1136/1136 1143/1143/1143 1144/1144/1144
f 1136/1136/1136 1144/1144/1144 1137/1137/1137
f 1137/1137/1137 1144/1144/1144 1145/1145/1145
f 1137/1137/1137 1145/1145/1145 1138/1138/1138
f 1138/1138/1138 1145/1145/1145 1146/1146/1146
f 1138/1138/1138 1146/1146/1146 1139/1139/1139
f 1140/1140/1140 1147/1147/1147 1148/1148/1148
f 1140/1140/1140 1148/1148/1148 1141/1141/1141
f 1141/1141/1141 1148/1148/1148 1149/1149/1149
f 1141/1141/1141 1149/1149/1149 1142/1142/1142
f 1142/1142/1142 1149/1149/1149 1150/1150/1150
f 1142/1142/1142 1150/1150/1150 1143/1143/1143
f 1143/1143/1143 1150/1150/1150 1151/1151/1151
f 1143/1143/1143 1151/1151/1151 1144/1144/1144
f 1144/1144/1144 1151/1151/1151 1152/1152/1152
f 1144/1144/1144 1152/1152/1152 1145/1145/1145
f 1145/1145/1145 1152/1152/1152 1153/1153/1153
f 1145/1145/1145 1153/1153/1153 1146/1146/1146
f 1147/1147/1147 1154/1154/1154 1155/1155/1155
f 1147/1147/1147 1155/1155/1155 1148/1148/1148
f 1148/1148/1148 1155/1155/1155 1156/1156/1156
f 1148/1148/1148 1156/1156/1156 1149/1149/1149
f 1149/1149/1149 1156/1156/1156 1157/1157/1157
f 1149/1149/1149 1157/1157/1157 1150/1150/1150
f 1150/1150/1150 1157/1157/1157 1158/1158/1158
f 1150/1150/1150 1158/1158/1158 1151/1151/1151
f 1151/1151/1151 1158/1158/1158 1159/1159/1159
f 1151/1151/1151 1159/1159/1159 1152/1152/1152
f 1152/1152/1152 1159/1159/1159 1160/1160/1160
f 1152/1152/1152 1160/1160/1160 1153/1153/1153
f 1154/1154/1154 1161/1161/1161 1162/1162/1162
f 1154/1154/1154 1162/1162/1162 1155/1155/1155
f 1155/1155/1155 1162/1162/1162 1163/1163/1163
f 1155/1155/1155 1163/1163/1163 1156/1156/1156
f 1156/1156/1156 1163/1163/1163 1164/1164/1164
f 1156/1156/1156 1164/1164/1164 1157/1157/1157
f 1157/1157/1157 1164/1164/1164 1165/1165/1165
f 1157/1157/1157 1165/1165/1165 1158/1158/1158
f 1158/1158/1158 1165/1165/1165 1166/1166/1166
f 1158/1158/1158 1166/1166/1166 1159/1159/1159
f 1159/1159/1159 1166/1166/1166 1167/1167/1167
f 1159/1159/1159 1167/1167/1167 1160/1160/1160
f 1161/1161/1161 1168/1168/1168 1169/1169/1169
f 1161/1161/1161 1169/1169/1169 1162/1162/1162
f 1162/1162/1162 1169/1169/1169 1170/1170/1170
f 1162/1162/1162 1170/1170/1170 1163/1163/1163
f 1163/1163/1163 1170/1170/1170 1171/1171/1171
f 1163/1163/1163 1171/1171/1171 1164/1164/1164
f 1164/1164/1164 1171/1171/1171 1172/1172/1172
f 1164/1164/1164 1172/1172/1172 1165/1165/1165
f 1165/1165/1165 1172/1172/1172 1173/1173/1173
f 1165/1165/1165 1173/1173/1173 1166/1166/1166
f 1166/1166/1166 1173/1173/1173 1174/1174/1174
f 1166/1166/1166 1174/1174/1174 1167/1167/1167
f 1168/1168/1168 1175/1175/1175 1176/1176/1176
f 1168/1168/1168 1176/1176/1176 1169/1169/1169
f 1169/1169/1169 1176/1176/1176 1177/1177/1177
f 1169/1169/1169 1177/1177/1177 1170/1170/1170
f 1170/1170/1170 1177/1177/1177 1178/1178/1178
f 1170/1170/1170 1178/1178/1178 1171/1171/1171
f 1171/1171/1171 1178/1178/1178 1179/1179/1179
f 1171/1171/1171 1179/1179/1179 1172/1172/1172
f 1172/1172/1172 1179/1179/1179 1180/1180/1180
f 1172/1172/1172 1180/1180/1180 1173/1173/1173
f 1173/1173/1173 1180/1180/1180 1181/1181/1181
f 1173/1173/1173 1181/1181/1181 1174/1174/1174
f 1175/1175/1175 1182/1182/1182 1183/1183/1183
f 1175/1175/1175 1183/1183/1183 1176/1176/1176
f 1176/1176/1176 1183/1183/1183 1184/1184/1184
f 1176/1176/1176 1184/1184/1184 1177/1177/1177
f 1177/1177/1177 1184/1184/1184 1185/1185/1185
f 1177/1177/1177 1185/1185/1185 1178/1178/1178
f 1178/1178/1178 1185/1185/1185 1186/1186/1186
f 1178/1178/1178 1186/1186/1186 1179/1179/1179
f 1179/1179/1179 1186/1186/1186 1187/1187/1187
f 1179/1179/1179 1187/1187/1187 1180/1180/1180
f 1180/1180/1180 1187/1187/1187 1188/1188/1188
f 1180/1180/1180 1188/1188/1188 1181/1181/1181
f 1182/1182/1182 1189/1189/1189 1190/1190/1190
f 1182/1182/1182 1190/1190/1190 1183/1183/1183
f 1183/1183/1183 1190/1190/1190 1191/1191/1191
f 1183/1183/1183 1191/1191/1191 1184/1184/1184
f 1184/1184/1184 1191/1191/1191 1192/1192/1192
f 1184/1184/1184 1192/1192/1192 1185/1185/1185
f 1185/1185/1185 1192/1192/1192 1193/1193/1193
f 1185/1185/1185 1193/1193/1193 1186/1186/1186
f 1186/1186/1186 1193/1193/1193 1194/1194/1194
f 1186/1186/1186 1194/1194/1194 1187/1187/1187
f 1187/1187/1187 1194/1194/1194 1195/1195/1195
f 1187/1187/1187 1195/1195/1195 1188/1188/1188
f 1196/1196/1196 1203/1203/1203 1204/1204/1204
f 1196/1196/1196 1204/1204/1204 1197/1197/1197
f 1197/1197/1197 1204/1204/1204 1205/1205/1205
f 1197/1197/1197 1205/1205/1205 1198/1198/1198
f 1198/1198/1198 1205/1205/1205 1206/1206/1206
f 1198/1198/1198 1206/1206/1206 1199/1199/1199
f 1199/1199/1199 1206/1206/1206 1207/1207/1207
f 1199/1199/1199 1207/1207/1207 1200/1200/1200
f 1200/1200/1200 1207/1207/1207 1208/1208/1208
f 1200/1200/1200 1208/1208/1208 1201/1201/1201
f 1201/1201/1201 1208/1208/1208 1209/1209/1209
f 1201/1201/1201 1209/1209/1209 1202/1202/1202
f 1203/1203/1203 1210/1210/1210 1211/1211/1211
f 1203/1203/1203 1211/1211/1211 1204/1204/1204
f 1204/1204/1204 1211/1211/1211 1212/1212/1212
f 1204/1204/1204 1212/1212/1212 1205/1205/1205
f 1205/1205/1205 1212/1212/1212 1213/1213/1213
f 1205/1205/1205 1213/1213/1213 1206/1206/1206
f 1206/1206/1206 1213/1213/1213 1214/1214/1214
f 1206/1206/1206 1214/1214/1214 1207/1207/1207
f 1207/1207/1207 1214/1214/1214 1215/1215/1215
f 1207/1207/1207 1215/1215/1215 1208/1208/1208
f 1208/1208/1208 1215/1215/1215 1216/1216/1216
f 1208/1208/1208 1216/1216/1216 1209/1209/1209
f 1210/1210/1210 1217/1217/1217 1218/1218/1218
f 1210/1210/1210 1218/1218/1218 1211/1211/1211
f 1211/1211/1211 1218/1218/1218 1219/1219/1219
f 1211/1211/1211 1219/1219/1219 1212/1212/1212
f 1212/1212/1212 1219/1219/1219 1220/1220/1220
f 1212/1212/1212 1220/1220/1220 1213/1213/1213
f 1213/1213/1213 1220/1220/1220 1221/1221/1221
f 1213/1213/1213 1221/1221/1221 1214/1214/1214
f 1214/1214/1214 1221/1221/1221 1222/1222/1222
f 1214/1214/1214 1222/1222/1222 1215/1215/1215
f 1215/1215/1215 1222/1222/1222 1223/1223/1223
f 1215/1215/1215 1223/1223/1223 1216/1216/1216
f 1217/1217/1217 1224/1224/1224 1225/1225/1225
f 1217/1217/1217 1225/1225/1225 1218/1218/1218
f 1218/1218/1218 1225/1225/1225 1226/1226/1226
f 1218/1218/1218 1226/1226/1226 1219/1219/1219
f 1219/1219/1219 1226/1226/1226 1227/1227/1227
f 1219/1219/1219 1227/1227/1227 1220/1220/1220
f 1220/1220/1220 1227/1227/1227 1228/1228/1228
f 1220/1220/1220 1228/1228/1228 1221/1221/1221
f 1221/1221/1221 1228/1228/1228 1229/1229/1229
f 1221/1221/1221 1229/1229/1229 1222/1222/1222
f 1222/1222/1222 1229/1229/1229 1230/1230/1230
f 1222/1222/1222 1230/1230/1230 1223/1223/1223
f 1224/1224/1224 1231/1231/1231 1232/1232/1232
f 1224/1224/1224 1232/1232/1232 1225/1225/1225
f 1225/1225/1225 1232/1232/1232 1233/1233/1233
f 1225/1225/1225 1233/1233/1233 1226/1226/1226
f 1226/1226/1226 1233/1233/1233 1234/1234/1234
f 1226/1226/1226 1234/1234/1234 1227/1227/1227
f 1227/1227/1227 1234/1234/1234 1235/1235/1235
f 1227/1227/1227 1235/1235/1235 1228/1228/1228
f 1228/1228/1228 1235/1235/1235 1236/1236/1236
f 1228/1228/1228 1236/1236/1236 1229/1229/1229
f 1229/1229/1229 1236/1236/1236 1237/1237/1237
f 1229/1229/1229 1237/1237/1237 1230/1230/1230
f 1231/1231/1231 1238/1238/1238 1239/1239/1239
f 1231/1231/1231 1239/1239/1239 1232/1232/1232
f 1232/1232/1232 1239/1239/1239 1240/1240/1240
f 1232/1232/1232 1240/1240/1240 1233/1233/1233
f 1233/1233/1233 1240/1240/1240 1241/1241/1241
f 1233/1233/1233 1241/1241/1241 1234/1234/1234
f 1234/1234/1234 1241/1241/1241 1242/1242/1242
f 1234/1234/1234 1242/1242/1242 1235/1235/1235
f 1235/1235/1235 1242/1242/1242 1243/1243/1243
f 1235/1235/1235 1243/1243/1243 1236/1236/1236
f 1236/1236/1236 1243/1243/1243 1244/1244/1244
f 1236/1236/1236 1244/1244/1244 1237/1237/1237
f 1238/1238/1238 1245/1245/1245 1246/1246/1246
f 1238/1238/1238 1246/1246/1246 1239/1239/1239
f 1239/1239/1239 1246/1246/1246 1247/1247/1247
f 1239/1239/1239 1247/1247/1247 1240/1240/1240
f 1240/1240/1240 1247/1247/1247 1248/1248/1248
f 1240/1240/1240 1248/1248/1248 1241/1241/1241
f 1241/1241/1241 1248/1248/1248 1249/1249/1249
f 1241/1241/1241 1249/1249/1249 1242/1242/1242
f 1242/1242/1242 1249/1249/1249 1250/1250/1250
f 1242/1242/1242 1250/1250/1250 1243/1243/1243
f 1243/1243/1243 1250/1250/1250 1251/1251/1251
f 1243/1243/1243 1251/1251/1251 1244/1244/1244
f 1245/1245/1245 1252/1252/1252 1253/1253/1253
f 1245/1245/1245 1253/1253/1253 1246/1246/1246
f 1246/1246/1246 1253/1253/1253 1254/1254/1254
f 1246/1246/1246 1254/1254/1254 1247/1247/1247
f 1247/1247/1247 1254/1254/1254 1255/1255/1255
f 1247/1247/1247 1255/1255/1255 1248/1248/1248
f 1248/1248/1248 1255/1255/1255 1256/1256/1256
f 1248/1248/1248 1256/1256/1256 1249/1249/1249
f 1249/1249/1249 1256/1256/1256 1257/1257/1257
f 1249/1249/1249 1257/1257/1257 1250/1250/1250
f 1250/1250/1250 1257/1257/1257 1258/1258/1258
f 1250/1250/1250 1258/1258/1258 1251/1251/1251
f 1252/1252/1252 1259/1259/1259 1260/1260/1260
f 1252/1252/1252 1260/1260/1260 1253/1253/1253
f 1253/1253/1253 1260/1260/1260 1261/1261/1261
f 1253/1253/1253 1261/1261/1261 1254/1254/1254
f 1254/1254/1254 1261/1261/1261 1262/1262/1262
f 1254/1254/1254 1262/1262/1262 1255/1255/1255
f 1255/1255/1255 1262/1262/1262 1263/1263/1263
f 1255/1255/1255 1263/1263/1263 1256/1256/1256
f 1256/1256/1256 1263/1263/1263 1264/1264/1264
f 1256/1256/1256 1264/1264/1264 1257/1257/1257
f 1257/1257/1257 1264/1264/1264 1265/1265/1265
f 1257/1257/1257 1265/1265/1265 1258/1258/1258
f 1259/1259/1259 1266/1266/1266 1267/1267/1267
f 1259/1259/1259 1267/1267/1267 1260/1260/1260
f 1260/1260/1260 1267/1267/1267 1268/1268/1268
f 1260/1260/1260 1268/1268/1268 1261/1261/1261
f 1261/1261/1261 1268/1268/1268 1269/1269/1269
f 1261/1261/1261 1269/1269/1269 1262/1262/1262
f 1262/1262/1262 1269/1269/1269 1270/1270/1270
f 1262/1262/1262 1270/1270/1270 1263/1263/1263
f 1263/1263/1263 1270/1270/1270 1271/1271/1271
f 1263/1263/1263 1271/1271/1271 1264/1264/1264
f 1264/1264/1264 1271/1271/1271 1272/1272/1272
f 1264/1264/1264 1272/1272/1272 1265/1265/1265
f 1266/1266/1266 1273/1273/1273 1274/1274/1274
f 1266/1266/1266 1274/1274/1274 1267/1267/1267
f 1267/1267/1267 1274/1274/1274 1275/1275/1275
f 1267/1267/1267 1275/1275/1275 1268/1268/1268
f 1268/1268/1268 1275/1275/1275 1276/1276/1276
f 1268/1268/1268 1276/1276/1276 1269/1269/1269
f 1269/1269/1269 1276/1276/1276 1277/1277/1277
f 1269/1269/1269 1277/1277/1277 1270/1270/1270
f 1270/1270/1270 1277/1277/1277 1278/1278/1278
f 1270/1270/1270 1278/1278/1278 1271/1271/1271
f 1271/1271/1271 1278/1278/1278 1279/1279/1279
f 1271/1271/1271 1279/1279/1279 1272/1272/1272
f 1273/1273/1273 1280/1280/1280 1281/1281/1281
f 1273/1273/1273 1281/1281/1281 1274/1274/1274
f 1274/1274/1274 1281/1281/1281 1282/1282/1282
f 1274/1274/1274 1282/1282/1282 1275/1275/1275
f 1275/1275/1275 1282/1282/1282 1283/1283/1283
f 1275/1275/1275 1283/1283/1283 1276/1276/1276
f 1276/1276/1276 1283/1283/1283 1284/1284/1284
f 1276/1276/1276 1284/1284/1284 1277/1277/1277
f 1277/1277/1277 1284/1284/1284 1285/1285/1285
f 1277/1277/1277 1285/1285/1285 1278/1278/1278
f 1278/1278/1278 1285/1285/1285 1286/1286/1286
f 1278/1278/1278 1286/1286/1286 1279/1279/1279
f 1311/1311/1311 1318/1318/1318 1319/1319/1319
f 1311/1311/1311 1319/1319/1319 1312/1312/1312
f 1312/1312/1312 1319/1319/1319 1320/1320/1320
f 1312/1312/1312 1320/1320/1320 1313/1313/1313
f 1313/1313/1313 1320/1320/1320 1321/1321/1321
f 1313/1313/1313 1321/1321/1321 1314/1314/1314
f 1314/1314/1314 1321/1321/1321 1322/1322/1322
f 1314/1314/1314 1322/1322/1322 1315/1315/1315
f 1315/1315/1315 1322/1322/1322 1323/1323/1323
f 1315/1315/1315 1323/1323/1323 1316/1316/1316
f 1316/1316/1316 1323/1323/1323 1324/1324/1324
f 1316/1316/1316 1324/1324/1324 1317/1317/1317
f 1318/1318/1318 1325/1325/1325 1326/1326/1326
f 1318/1318/1318 1326/1326/1326 1319/1319/1319
f 1319/1319/1319 1326/1326/1326 1327/1327/1327
f 1319/1319/1319 1327/1327/1327 1320/1320/1320
f 1320/1320/1320 1327/1327/1327 1328/1328/1328
f 1320/1320/1320 1328/1328/1328 1321/1321/1321
f 1321/1321/1321 1328/1328/1328 1329/1329/1329
f 1321/1321/1321 1329/1329/1329 1322/1322/1322
f 1322/1322/1322 1329/1329/1329 1330/1330/1330
f 1322/1322/1322 1330/1330/1330 1323/1323/1323
f 1323/1323/1323 1330/1330/1330 1331/1331/1331
f 1323/1323/1323 1331/1331/1331 1324/1324/1324
f 1325/1325/1325 1332/1332/1332 1333/1333/1333
f 1325/1325/1325 1333/1333/1333 1326/1326/1326
f 1326/1326/1326 1333/1333/1333 1334/1334/1334
f 1326/1326/1326 1334/1334/1334 1327/1327/1327
f 1327/1327/1327 1334/1334/1334 1335/1335/1335
f 1327/1327/1327 1335/1335/1335 1328/1328/1328
f 1328/1328/1328 1335/1335/1335 1336/1336/1336
f 1328/1328/1328 1336/1336/1336 1329/1329/1329
f 1329/1329/1329 1336/1336/1336 1337/1337/1337
f 1329/1329/1329 1337/1337/1337 1330/1330/1330
f 1330/1330/1330 1337/1337/1337 1338/1338/1338
f 1330/1330/1330 1338/1338/1338 1331/1331/1331
f 1332/1332/1332 1339/1339/1339 1340/1340/1340
f 1332/1332/1332 1340/1340/1340 1333/1333/1333
f 1333/1333/1333 1340/1340/1340 1341/1341/1341
f 1333/1333/1333 1341/1341/1341 1334/1334/1334
f 1334/1334/1334 1341/1341/1341 1342/1342/1342
f 1334/1334/1334 1342/1342/1342 1335/1335/1335
f 1335/1335/1335 1342/1342/1342 1343/1343/1343
f 1335/1335/1335 1343/1343/1343 1336/1336/1336
f 1336/1336/1336 1343/1343/1343 1344/1344/1344
f 1336/1336/1336 1344/1344/1344 1337/1337/1337
f 1337/1337/1337 1344/1344/1344 1345/1345/1345
f 1337/1337/1337 1345/1345/1345 1338/1338/1338
f 1339/1339/1339 1346/1346/1346 1347/1347/1347
f 1339/1339/1339 1347/1347/1347 1340/1340/1340
f 1340/1340/1340 1347/1347/1347 1348/1348/1348
f 1340/1340/1340 1348/1348/1348 1341/1341/1341
f 1341/1341/1341 1348/1348/1348 1349/1349/1349
f 1341/1341/1341 1349/1349/1349 1342/1342/1342
f 1342/1342/1342 1349/1349/1349 1350/1350/1350
f 1342/1342/1342 1350/1350/1350 1343/1343/1343
f 1343/1343/1343 1350/1350/1350 1351/1351/1351
f 1343/1343/1343 1351/1351/1351 1344/1344/1344
f 1344/1344/1344 1351/1351/1351 1352/1352/1352
f 1344/1344/1344 1352/1352/1352 1345/1345/1345
f 1346/1346/1346 1353/1353/1353 1354/1354/1354
f 1346/1346/1346 1354/1354/1354 1347/1347/1347
f 1347/1347/1347 1354/1354/1354 1355/1355/1355
f 1347/1347/1347 1355/1355/1355 1348/1348/1348
f 1348/1348/1348 1355/1355/1355 1356/1356/1356
f 1348/1348/1348 1356/1356/1356 1349/1349/1349
f 1349/1349/1349 1356/1356/1356 1357/1357/1357
f 1349/1349/1349 1357/1357/1357 1350/1350/1350
f 1350/1350/1350 1357/1357/1357 1358/1358/1358
f 1350/1350/1350 1358/1358/1358 1351/1351/1351
f 1351/1351/1351 1358/1358/1358 1359/1359/1359
f 1351/1351/1351 1359/1359/1359 1352/1352/1352
f 1353/1353/1353 1360/1360/1360 1361/1361/1361
f 1353/1353/1353 1361/1361/1361 1354/1354/1354
f 1354/1354/1354 1361/1361/1361 1362/1362/1362
f 1354/1354/1354 1362/1362/1362 1355/1355/1355
f 1355/1355/1355 1362/1362/1362 1363/1363/1363
f 1355/1355/1355 1363/1363/1363 1356/1356/1356
f 1356/1356/1356 1363/1363/1363 1364/1364/1364
f 1356/1356/1356 1364/1364/1364 1357/1357/1357
f 1357/1357/1357 1364/1364/1364 1365/1365/1365
f 1357/1357/1357 1365/1365/1365 1358/1358/1358
f 1358/1358/1358 1365/1365/1365 1366/1366/1366
f 1358/1358/1358 1366/1366/1366 1359/1359/1359
f 1360/1360/1360 1367/1367/1367 1368/1368/1368
f 1360/1360/1360 1368/1368/1368 1361/1361/1361
f 1361/1361/1361 1368/1368/1368 1369/1369/1369
f 1361/1361/1361 1369/1369/1369 1362/1362/1362
f 1362/1362/1362 1369/1369/1369 1370/1370/1370
f 1362/1362/1362 1370/1370/1370 1363/1363/1363
f 1363/1363/1363 1370/1370/1370 1371/1371/1371
f 1363/1363/1363 1371/1371/1371 1364/1364/1364
f 1364/1364/1364 1371/1371/1371 1372/1372/1372
f 1364/1364/1364 1372/1372/1372 1365/1365/1365
f 1365/1365/1365 1372/1372/1372 1373/1373/1373
f 1365/1365/1365 1373/1373/1373 1366/1366/1366
f 1367/1367/1367 1374/1374/1374 1375/1375/1375
f 1367/1367/1367 1375/1375/1375 1368/1368/1368
f 1368/1368/1368 1375/1375/1375 1376/1376/1376
f 1368/1368/1368 1376/1376/1376 1369/1369/1369
f 1369/1369/1369 1376/1376/1376 1377/1377/1377
f 1369/1369/1369 1377/1377/1377 1370/1370/1370
f 1370/1370/1370 1377/1377/1377 1378/1378/1378
f 1370/1370/1370 1378/1378/1378 1371/1371/1371
f 1371/1371/1371 1378/1378/1378 1379/1379/1379
f 1371/1371/1371 1379/1379/1379 1372/1372/1372
f 1372/1372/1372 1379/1379/1379 1380/1380/1380
f 1372/1372/1372 1380/1380/1380 1373/1373/1373
f 1374/1374/1374 1381/1381/1381 1382/1382/1382
f 1374/1374/1374 1382/1382/1382 1375/1375/1375
f 1375/1375/1375 1382/1382/1382 1383/1383/1383
f 1375/1375/1375 1383/1383/1383 1376/1376/1376
f 1376/1376/1376 1383/1383/1383 1384/1384/1384
f 1376/1376/1376 1384/1384/1384 1377/1377/1377
f 1377/1377/1377 1384/1384/1384 1385/1385/1385
f 1377/1377/1377 1385/1385/1385 1378/1378/1378
f 1378/1378/1378 1385/1385/1385 1386/1386/1386
f 1378/1378/1378 1386/1386/1386 1379/1379/1379
f 1379/1379/1379 1386/1386/1386 1387/1387/1387
f 1379/1379/1379 1387/1387/1387 1380/1380/1380
f 1381/1381/1381 1388/1388/1388 1389/1389/1389
f 1381/1381/1381 1389/1389/1389 1382/1382/1382
f 1382/1382/1382 1389/1389/1389 1390/1390/1390
f 1382/1382/1382 1390/1390/1390 1383/1383/1383
f 1383/1383/1383 1390/1390/1390 1391/1391/1391
f 1383/1383/1383 1391/1391/1391 1384/1384/1384
f 1384/1384/1384 1391/1391/1391 1392/1392/1392
f 1384/1384/1384 1392/1392/1392 1385/1385/1385
f 1385/1385/1385 1392/1392/1392 1393/1393/1393
f 1385/1385/1385 1393/1393/1393 1386/1386/1386
f 1386/1386/1386 1393/1393/1393 1394/1394/1394
f 1386/1386/1386 1394/1394/1394 1387/1387/1387
f 1388/1388/1388 1395/1395/1395 1396/1396/1396
f 1388/1388/1388 1396/1396/1396 1389/1389/1389
f 1389/1389/1389 1396/1396/1396 1397/1397/1397
f 1389/1389/1389 1397/1397/1397 1390/1390/1390
f 1390/1390/1390 1397/1397/1397 1398/1398/1398
f 1390/1390/1390 1398/1398/1398 1391/1391/1391
f 1391/1391/1391 1398/1398/1398 1399/1399/1399
f 1391/1391/1391 1399/1399/1399 1392/1392/1392
f 1392/1392/1392 1399/1399/1399 1400/1400/1400
f 1392/1392/1392 1400/1400/1400 1393/1393/1393
f 1393/1393/1393 1400/1400/1400 1401/1401/1401
f 1393/1393/1393 1401/1401/1401 1394/1394/1394
f 1402/1402/1402 1409/1409/1409 1410/1410/1410
f 1402/1402/1402 1410/1410/1410 1403/1403/1403
f 1403/1403/1403 1410/1410/1410 1411/1411/1411
f 1403/1403/1403 1411/1411/1411 1404/1404/1404
f 1404/1404/1404 1411/1411/1411 1412/1412/1412
f 1404/1404/1404 1412/1412/1412 1405/1405/1405
f 1405/1405/1405 1412/1412/1412 1413/1413/1413
f 1405/1405/1405 1413/1413/1413 1406/1406/1406
f 1406/1406/1406 1413/1413/1413 1414/1414/1414
f 1406/1406/1406 1414/1414/1414 1407/1407/1407
f 1407/1407/1407 1414/1414/1414 1415/1415/1415
f 1407/1407/1407 1415/1415/1415 1408/1408/1408
f 1409/1409/1409 1416/1416/1416 1417/1417/1417
f 1409/1409/1409 1417/1417/1417 1410/1410/1410
f 1410/1410/1410 1417/1417/1417 1418/1418/1418
f 1410/1410/1410 1418/1418/1418 1411/1411/1411
f 1411/1411/1411 1418/1418/1418 1419/1419/1419
f 1411/1411/1411 1419/1419/1419 1412/1412/1412
f 1412/1412/1412 1419/1419/1419 1420/1420/1420
f 1412/1412/1412 1420/1420/1420 1413/1413/1413
f 1413/1413/1413 1420/1420/1420 1421/1421/1421
f 1413/1413/1413 1421/1421/1421 1414/1414/1414
f 1414/1414/1414 1421/1421/1421 1422/1422/1422
f 1414/1414/1414 1422/1422/1422 1415/1415/1415
f 1416/1416/1416 1423/1423/1423 1424/1424/1424
f 1416/1416/1416 1424/1424/1424 1417/1417/1417
f 1417/1417/1417 1424/1424/1424 1425/1425/1425
f 1417/1417/1417 1425/1425/1425 1418/1418/1418
f 1418/1418/1418 1425/1425/1425 1426/1426/1426
f 1418/1418/1418 1426/1426/1426 1419/1419/1419
f 1419/1419/1419 1426/1426/1426 1427/1427/1427
f 1419/1419/1419 1427/1427/1427 1420/1420/1420
f 1420/1420/1420 1427/1427/1427 1428/1428/1428
f 1420/1420/1420 1428/1428/1428 1421/1421/1421
f 1421/1421/1421 1428/1428/1428 1429/1429/1429
f 1421/1421/1421 1429/1429/1429 1422/1422/1422
f 1423/1423/1423 1430/1430/1430 1431/1431/1431
f 1423/1423/1423 1431/1431/1431 1424/1424/1424
f 1424/1424/1424 1431/1431/1431 1432/1432/1432
f 1424/1424/1424 1432/1432/1432 1425/1425/1425
f 1425/1425/1425 1432/1432/1432 1433/1433/1433
f 1425/1425/1425 1433/1433/1433 1426/1426/1426
f 1426/1426/1426 1433/1433/1433 1434/1434/1434
f 1426/1426/1426 1434/1434/1434 1427/1427/1427
f 1427/1427/1427 1434/1434/1434 1435/1435/1435
f 1427/1427/1427 1435/1435/1435 1428/1428/1428
f 1428/1428/1428 1435/1435/1435 1436/1436/1436
f 1428/1428/1428 1436/1436/1436 1429/1429/1429
f 1430/1430/1430 1437/1437/1437 1438/1438/1438
f 1430/1430/1430 1438/1438/1438 1431/1431/1431
f 1431/1431/1431 1438/1438/1438 1439/1439/1439
f 1431/1431/1431 1439/1439/1439 1432/1432/1432
f 1432/1432/1432 1439/1439/1439 1440/1440/1440
f 1432/1432/1432 1440/1440/1440 1433/1433/1433
f 1433/1433/1433 1440/1440/1440 1441/1441/1441
f 1433/1433/1433 1441/1441/1441 1434/1434/1434
f 1434/1434/1434 1441/1441/1441 1442/1442/1442
f 1434/1434/1434 1442/1442/1442 1435/1435/1435
f 1435/1435/1435 1442/1442/1442 1443/1443/1443
f 1435/1435/1435 1443/1443/1443 1436/1436/1436
f 1437/1437/1437 1444/1444/1444 1445/1445/1445
f 1437/1437/1437 1445/1445/1445 1438/1438/1438
f 1438/1438/1438 1445/1445/1445 1446/1446/1446
f 1438/1438/1438 1446/1446/1446 1439/1439/1439
f 1439/1439/1439 1446/1446/1446 1447/1447/1447
f 1439/1439/1439 1447/1447/1447 1440/1440/1440
f 1440/1440/1440 1447/1447/1447 1448/1448/1448
f 1440/1440/1440 1448/1448/1448 1441/1441/1441
f 1441/1441/1441 1448/1448/1448 1449/1449/1449
f 1441/1441/1441 1449/1449/1449 1442/1442/1442
f 1442/1442/1442 1449/1449/1449 1450/1450/1450
f 1442/1442/1442 1450/1450/1450 1443/1443/1443
f 1444/1444/1444 1451/1451/1451 1452/1452/1452
f 1444/1444/1444 1452/1452/1452 1445/1445/1445
f 1445/1445/1445 1452/1452/1452 1453/1453/1453
f 1445/1445/1445 1453/1453/1453 1446/1446/1446
f 1446/1446/1446 1453/1453/1453 1454/1454/1454
f 1446/1446/1446 1454/1454/1454 1447/1447/1447
f 1447/1447/1447 1454/1454/1454 1455/1455/1455
f 1447/1447/1447 1455/1455/1455 1448/1448/1448
f 1448/1448/1448 1455/1455/1455 1456/1456/1456
f 1448/1448/1448 1456/1456/1456 1449/1449/1449
f 1449/1449/1449 1456/1456/1456 1457/1457/1457
f 1449/1449/1449 1457/1457/1457 1450/1450/1450
f 1451/1451/1451 1458/1458/1458 1459/1459/1459
f 1451/1451/1451 1459/1459/1459 1452/1452/1452
f 1452/1452/1452 1459/1459/1459 1460/1460/1460
f 1452/1452/1452 1460/1460/1460 1453/1453/1453
f 1453/1453/1453 1460/1460/1460 1461/1461/1461
f 1453/1453/1453 1461/1461/1461 1454/1454/1454
f 1454/1454/1454 1461/1461/1461 1462/1462/1462
f 1454/1454/1454 1462/1462/1462 1455/1455/1455
f 1455/1455/1455 1462/1462/1462 1463/1463/1463
f 1455/1455/1455 1463/1463/1463 1456/1456/1456
f 1456/1456/1456 1463/1463/1463 1464/1464/1464
f 1456/1456/1456 1464/1464/1464 1457/1457/1457
f 1458/1458/1458 1465/1465/1465 1466/1466/1466
f 1458/1458/1458 1466/1466/1466 1459/1459/1459
f 1459/1459/1459 1466/1466/1466 1467/1467/1467
f 1459/1459/1459 1467/1467/1467 1460/1460/1460
f 1460/1460/1460 1467/1467/1467 1468/1468/1468
f 1460/1460/1460 1468/1468/1468 1461/1461/1461
f 1461/1461/1461 1468/1468/1468 1469/1469/1469
f 1461/1461/1461 1469/1469/1469 1462/1462/1462
f 1462/1462/1462 1469/1469/1469 1470/1470/1470
f 1462/1462/1462 1470/1470/1470 1463/1463/1463
f 1463/1463/1463 1470/1470/1470 1471/1471/1471
f 1463/1463/1463 1471/1471/1471 1464/1464/1464
f 1465/1465/1465 1472/1472/1472 1473/1473/1473
f 1465/1465/1465 1473/1473/1473 1466/1466/1466
f 1466/1466/1466 1473/1473/1473 1474/1474/1474
f 1466/1466/1466 1474/1474/1474 1467/1467/1467
f 1467/1467/1467 1474/1474/1474 1475/1475/1475
f 1467/1467/1467 1475/1475/1475 1468/1468/1468
f 1468/1468/1468 1475/1475/1475 1476/1476/1476
f 1468/1468/1468 1476/1476/1476 1469/1469/1469
f 1469/1469/1469 1476/1476/1476 1477/1477/1477
f 1469/1469/1469 1477/1477/1477 1470/1470/1470
f 1470/1470/1470 1477/1477/1477 1478/1478/1478
f 1470/1470/1470 1478/1478/1478 1471/1471/1471
f 1472/1472/1472 1479/1479/1479 1480/1480/1480
f 1472/1472/1472 1480/1480/1480 1473/1473/1473
f 1473/1473/1473 1480/1480/1480 1481/1481/1481
f 1473/1473/1473 1481/1481/1481 1474/1474/1474
f 1474/1474/1474 1481/1481/1481 1482/1482/1482
f 1474/1474/1474 1482/1482/1482 1475/1475/1475
f 1475/1475/1475 1482/1482/1482 1483/1483/1483
f 1475/1475/1475 1483/1483/1483 1476/1476/1476
f 1476/1476/1476 1483/1483/1483 1484/1484/1484
f 1476/1476/1476 1484/1484/1484 1477/1477/1477
f 1477/1477/1477 1484/1484/1484 1485/1485/1485
f 1477/1477/1477 1485/1485/1485 1478/1478/1478
f 1479/1479/1479 1486/1486/1486 1487/1487/1487
f 1479/1479/1479 1487/1487/1487 1480/1480/1480
f 1480/1480/1480 1487/1487/1487 1488/1488/1488
f 1480/1480/1480 1488/1488/1488 1481/1481/1481
f 1481/1481/1481 1488/1488/1488 1489/1489/1489
f 1481/1481/1481 1489/1489/1489 1482/1482/1482
f 1482/1482/1482 1489/1489/1489 1490/1490/1490
f 1482/1482/1482 1490/1490/1490 1483/1483/1483
f 1483/1483/1483 1490/1490/1490 1491/1491/1491
f 1483/1483/1483 1491/1491/1491 1484/1484/1484
f 1484/1484/1484 1491/1491/1491 1492/1492/1492
f 1484/1484/1484 1492/1492/1492 1485/1485/1485
f 1517/1517/1517 1524/1524/1524 1525/1525/1525
f 1517/1517/1517 1525/1525/1525 1518/1518/1518
f 1518/1518/1518 1525/1525/1525 1526/1526/1526
f 1518/1518/1518 1526/1526/1526 1519/1519/1519
f 1519/1519/1519 1526/1526/1526 1527/1527/1527
f 1519/1519/1519 1527/1527/1527 1520/1520/1520
f 1520/1520/1520 1527/1527/1527 1528/1528/1528
f 1520/1520/1520 1528/1528/1528 1521/1521/1521
f 1521/1521/1521 1528/1528/1528 1529/1529/1529
f 1521/1521/1521 1529/1529/1529 1522/1522/1522
f 1522/1522/1522 1529/1529/1529 1530/1530/1530
f 1522/1522/1522 1530/1530/1530 1523/1523/1523
f 1524/1524/1524 1531/1531/1531 1532/1532/1532
f 1524/1524/1524 1532/1532/1532 1525/1525/1525
f 1525/1525/1525 1532/1532/1532 1533/1533/1533
f 1525/1525/1525 1533/1533/1533 1526/1526/1526
f 1526/1526/1526 1533/1533/1533 1534/1534/1534
f 1526/1526/1526 1534/1534/1534 1527/1527/1527
f 1527/1527/1527 1534/1534/1534 1535/1535/1535
f 1527/1527/1527 1535/1535/1535 1528/1528/1528
f 1528/1528/1528 1535/1535/1535 1536/1536/1536
f 1528/1528/1528 1536/1536/1536 1529/1529/1529
f 1529/1529/1529 1536/1536/1536 1537/1537/1537
f 1529/1529/1529 1537/1537/1537 1530/1530/1530
f 1531/1531/1531 1538/1538/1538 1539/1539/1539
f 1531/1531/1531 1539/1539/1539 1532/1532/1532
f 1532/1532/1532 1539/1539/1539 1540/1540/1540
f 1532/1532/1532 1540/1540/1540 1533/1533/1533
f 1533/1533/1533 1540/1540/1540 1541/1541/1541
f 1533/1533/1533 1541/1541/1541 1534/1534/1534
f 1534/1534/1534 1541/1541/1541 1542/1542/1542
f 1534/1534/1534 1542/1542/1542 1535/1535/1535
f 1535/1535/1535 1542/1542/1542 1543/1543/1543
f 1535/1535/1535 1543/1543/1543 1536/1536/1536
f 1536/1536/1536 1543/1543/1543 1544/1544/1544
f 1536/1536/1536 1544/1544/1544 1537/1537/1537
f 1538/1538/1538 1545/1545/1545 1546/1546/1546
f 1538/1538/1538 1546/1546/1546 1539/1539/1539
f 1539/1539/1539 1546/1546/1546 1547/1547/1547
f 1539/1539/1539 1547/1547/1547 1540/1540/1540
f 1540/1540/1540 1547/1547/1547 1548/1548/1548
f 1540/1540/1540 1548/1548/1548 1541/1541/1541
f 1541/1541/1541 1548/1548/1548 1549/1549/1549
f 1541/1541/1541 1549/1549/1549 1542/1542/1542
f 1542/1542/1542 1549/1549/1549 1550/1550/1550
f 1542/1542/1542 1550/1550/1550 1543/1543/1543
f 1543/1543/1543 1550/1550/1550 1551/1551/1551
f 1543/1543/1543 1551/1551/1551 1544/1544/1544
f 1545/1545/1545 1552/1552/1552 1553/1553/1553
f 1545/1545/1545 1553/1553/1553 1546/1546/1546
f 1546/1546/1546 1553/1553/1553 1554/1554/1554
f 1546/1546/1546 1554/1554/1554 1547/1547/1547
f 1547/1547/1547 1554/1554/1554 1555/1555/1555
f 1547/1547/1547 1555/1555/1555 1548/1548/1548
f 1548/1548/1548 1555/1555/1555 1556/1556/1556
f 1548/1548/1548 1556/1556/1556 1549/1549/1549
f 1549/1549/1549 1556/1556/1556 1557/1557/1557
f 1549/1549/1549 1557/1557/1557 1550/1550/1550
f 1550/1550/1550 1557/1557/1557 1558/1558/1558
f 1550/1550/1550 1558/1558/1558 1551/1551/1551
f 1552/1552/1552 1559/1559/1559 1560/1560/1560
f 1552/1552/1552 1560/1560/1560 1553/1553/1553
f 1553/1553/1553 1560/1560/1560 1561/1561/1561
f 1553/1553/1553 1561/1561/1561 1554/1554/1554
f 1554/1554/1554 1561/1561/1561 1562/1562/1562
f 1554/1554/1554 1562/1562/1562 1555/1555/1555
f 1555/1555/1555 1562/1562/1562 1563/1563/1563
f 1555/1555/1555 1563/1563/1563 1556/1556/1556
f 1556/1556/1556 1563/1563/1563 1564/1564/1564
f 1556/1556/1556 1564/1564/1564 1557/1557/1557
f 1557/1557/1557 1564/1564/1564 1565/1565/1565
f 1557/1557/1557 1565/1565/1565 1558/1558/1558
f 1559/1559/1559 1566/1566/1566 1567/1567/1567
f 1559/1559/1559 1567/1567/1567 1560/1560/1560
f 1560/1560/1560 1567/1567/1567 1568/1568/1568
f 1560/1560/1560 1568/1568/1568 1561/1561/1561
f 1561/1561/1561 1568/1568/1568 1569/1569/1569
f 1561/1561/1561 1569/1569/1569 1562/1562/1562
f 1562/1562/1562 1569/1569/1569 1570/1570/1570
f 1562/1562/1562 1570/1570/1570 1563/1563/1563
f 1563/1563/1563 1570/1570/1570 1571/1571/1571
f 1563/1563/1563 1571/1571/1571 1564/1564/1564
f 1564/1564/1564 1571/1571/1571 1572/1572/1572
f 1564/1564/1564 1572/1572/1572 1565/1565/1565
f 1566/1566/1566 1573/1573/1573 1574/1574/1574
f 1566/1566/1566 1574/1574/1574 1567/1567/1567
f 1567/1567/1567 1574/1574/1574 1575/1575/1575
f 1567/1567/1567 1575/1575/1575 1568/1568/1568
f 1568/1568/1568 1575/1575/1575 1576/1576/1576
f 1568/1568/1568 1576/1576/1576 1569/1569/1569
f 1569/1569/1569 1576/1576/1576 1577/1577/1577
f 1569/1569/1569 1577/1577/1577 1570/1570/1570
f 1570/1570/1570 1577/1577/1577 1578/1578/1578
f 1570/1570/1570 1578/1578/1578 1571/1571/1571
f 1571/1571/1571 1578/1578/1578 1579/1579/1579
f 1571/1571/1571 1579/1579/1579 1572/1572/1572
f 1573/1573/1573 1580/1580/1580 1581/1581/1581
f 1573/1573/1573 1581/1581/1581 1574/1574/1574
f 1574/1574/1574 1581/1581/1581 1582/1582/1582
f 1574/1574/1574 1582/1582/1582 1575/1575/1575
f 1575/1575/1575 1582/1582/1582 1583/1583/1583
f 1575/1575/1575 1583/1583/1583 1576/1576/1576
f 1576/1576/1576 1583/1583/1583 1584/1584/1584
f 1576/1576/1576 1584/1584/1584 1577/1577/1577
f 1577/1577/1577 1584/1584/1584 1585/1585/1585
f 1577/1577/1577 1585/1585/1585 1578/1578/1578
f 1578/1578/1578 1585/1585/1585 1586/1586/1586
f 1578/1578/1578 1586/1586/1586 1579/1579/1579
f 1580/1580/1580 1587/1587/1587 1588/1588/1588
f 1580/1580/1580 1588/1588/1588 1581/1581/1581
f 1581/1581/1581 1588/1588/1588 1589/1589/1589
f 1581/1581/1581 1589/1589/1589 1582/1582/1582
f 1582/1582/1582 1589/1589/1589 1590/1590/1590
f 1582/1582/1582 1590/1590/1590 1583/1583/1583
f 1583/1583/1583 1590/1590/1590 1591/1591/1591
f 1583/1583/1583 1591/1591/1591 1584/1584/1584
f 1584/1584/1584 1591/1591/1591 1592/1592/1592
f 1584/1584/1584 1592/1592/1592 1585/1585/1585
f 1585/1585/1585 1592/1592/1592 1593/1593/1593
f 1585/1585/1585 1593/1593/1593 1586/1586/1586
f 1587/1587/1587 1594/1594/1594 1595/1595/1595
f 1587/1587/1587 1595/1595/1595 1588/1588/1588
f 1588/1588/1588 1595/1595/1595 1596/1596/1596
f 1588/1588/1588 1596/1596/1596 1589/1589/1589
f 1589/1589/1589 1596/1596/1596 1597/1597/1597
f 1589/1589/1589 1597/1597/1597 1590/1590/1590
f 1590/1590/1590 1597/1597/1597 1598/1598/1598
f 1590/1590/1590 1598/1598/1598 1591/1591/1591
f 1591/1591/1591 1598/1598/1598 1599/1599/1599
f 1591/1591/1591 1599/1599/1599 1592/1592/1592
f 1592/1592/1592 1599/1599/1599 1600/1600/1600
f 1592/1592/1592 1600/1600/1600 1593/1593/1593
f 1594/1594/1594 1601/1601/1601 1602/1602/1602
f 1594/1594/1594 1602/1602/1602 1595/1595/1595
f 1595/1595/1595 1602/1602/1602 1603/1603/1603
f 1595/1595/1595 1603/1603/1603 1596/1596/1596
f 1596/1596/1596 1603/1603/1603 1604/1604/1604
f 1596/1596/1596 1604/1604/1604 1597/1597/1597
f 1597/1597/1597 1604/1604/1604 1605/1605/1605
f 1597/1597/1597 1605/1605/1605 1598/1598/1598
f 1598/1598/1598 1605/1605/1605 1606/1606/1606
f 1598/1598/1598 1606/1606/1606 1599/1599/1599
f 1599/1599/1599 1606/1606/1606 1607/1607/1607
f 1599/1599/1599 1607/1607/1607 1600/1600/1600
f 1608/1608/1608 1615/1615/1615 1616/1616/1616
f 1608/1608/1608 1616/1616/1616 1609/1609/1609
f 1609/1609/1609 1616/1616/1616 1617/1617/1617
f 1609/1609/1609 1617/1617/1617 1610/1610/1610
f 1610/1610/1610 1617/1617/1617 1618/1618/1618
f 1610/1610/1610 1618/1618/1618 1611/1611/1611
f 1611/1611/1611 1618/1618/1618 1619/1619/1619
f 1611/1611/1611 1619/1619/1619 1612/1612/1612
f 1612/1612/1612 1619/1619/1619 1620/1620/1620
f 1612/1612/1612 1620/1620/1620 1613/1613/1613
f 1613/1613/1613 1620/1620/1620 1621/1621/1621
f 1613/1613/1613 1621/1621/1621 1614/1614/1614
f 1615/1615/1615 1622/1622/1622 1623/1623/1623
f 1615/1615/1615 1623/1623/1623 1616/1616/1616
f 1616/1616/1616 1623/1623/1623 1624/1624/1624
f 1616/1616/1616 1624/1624/1624 1617/1617/1617
f 1617/1617/1617 1624/1624/1624 1625/1625/1625
f 1617/1617/1617 1625/1625/1625 1618/1618/1618
f 1618/1618/1618 1625/1625/1625 1626/1626/1626
f 1618/1618/1618 1626/1626/1626 1619/1619/1619
f 1619/1619/1619 1626/1626/1626 1627/1627/1627
f 1619/1619/1619 1627/1627/1627 1620/1620/1620
f 1620/1620/1620 1627/1627/1627 1628/1628/1628
f 1620/1620/1620 1628/1628/1628 1621/1621/1621
f 1622/1622/1622 1629/1629/1629 1630/1630/1630
f 1622/1622/1622 1630/1630/1630 1623/1623/1623
f 1623/1623/1623 1630/1630/1630 1631/1631/1631
f 1623/1623/1623 1631/1631/1631 1624/1624/1624
f 1624/1624/1624 1631/1631/1631 1632/1632/1632
f 1624/1624/1624 1632/1632/1632 1625/1625/1625
f 1625/1625/1625 1632/1632/1632 1633/1633/1633
f 1625/1625/1625 1633/1633/1633 1626/1626/1626
f 1626/1626/1626 1633/1633/1633 1634/1634/1634
f 1626/1626/1626 1634/1634/1634 1627/1627/1627
f 1627/1627/1627 1634/1634/1634 1635/1635/1635
f 1627/1627/1627 1635/1635/1635 1628/1628/1628
f 1629/1629/1629 1636/1636/1636 1637/1637/1637
f 1629/1629/1629 1637/1637/1637 1630/1630/1630
f 1630/1630/1630 1637/1637/1637 1638/1638/1638
f 1630/1630/1630 1638/1638/1638 1631/1631/1631
f 1631/1631/1631 1638/1638/1638 1639/1639/1639
f 1631/1631/1631 1639/1639/1639 1632/1632/1632
f 1632/1632/1632 1639/1639/1639 1640/1640/1640
f 1632/1632/1632 1640/1640/1640 1633/1633/1633
f 1633/1633/1633 1640/1640/1640 1641/1641/1641
f 1633/1633/1633 1641/1641/1641 1634/1634/1634
f 1634/1634/1634 1641/1641/1641 1642/1642/1642
f 1634/1634/1634 1642/1642/1642 1635/1635/1635
f 1636/1636/1636 1643/1643/1643 1644/1644/1644
f 1636/1636/1636 1644/1644/1644 1637/1637/1637
f 1637/1637/1637 1644/1644/1644 1645/1645/1645
f 1637/1637/1637 1645/1645/1645 1638/1638/1638
f 1638/1638/1638 1645/1645/1645 1646/1646/1646
f 1638/1638/1638 1646/1646/1646 1639/1639/1639
f 1639/1639/1639 1646/1646/1646 1647/1647/1647
f 1639/1639/1639 1647/1647/1647 1640/1640/1640
f 1640/1640/1640 1647/1647/1647 1648/1648/1648
f 1640/1640/1640 1648/1648/1648 1641/1641/1641
f 1641/1641/1641 1648/1648/1648 1649/1649/1649
f 1641/1641/1641 1649/1649/1649 1642/1642/1642
f 1643/1643/1643 1650/1650/1650 1651/1651/1651
f 1643/1643/1643 1651/1651/1651 1644/1644/1644
f 1644/1644/1644 1651/1651/1651 1652/1652/1652
f 1644/1644/1644 1652/1652/1652 1645/1645/1645
f 1645/1645/1645 1652/1652/1652 1653/1653/1653
f 1645/1645/1645 1653/1653/1653 1646/1646/1646
f 1646/1646/1646 1653/1653/1653 1654/1654/1654
f 1646/1646/1646 1654/1654/1654 1647/1647/1647
f 1647/1647/1647 1654/1654/1654 1655/1655/1655
f 1647/1647/1647 1655/1655/1655 1648/1648/1648
f 1648/1648/1648 1655/1655/1655 1656/1656/1656
f 1648/1648/1648 1656/1656/1656 1649/1649/1649
f 1650/1650/1650 1657/1657/1657 1658/1658/1658
f 1650/1650/1650 1658/1658/1658 1651/1651/1651
f 1651/1651/1651 1658/1658/1658 1659/1659/1659
f 1651/1651/1651 1659/1659/1659 1652/1652/1652
f 1652/1652/1652 1659/1659/1659 1660/1660/1660
f 1652/1652/1652 1660/1660/1660 1653/1653/1653
f 1653/1653/1653 1660/1660/1660 1661/1661/1661
f 1653/1653/1653 1661/1661/1661 1654/1654/1654
f 1654/1654/1654 1661/1661/1661 1662/1662/1662
f 1654/1654/1654 1662/1662/1662 1655/1655/1655
f 1655/1655/1655 1662/1662/1662 1663/1663/1663
f 1655/1655/1655 1663/1663/1663 1656/1656/1656
f 1657/1657/1657 1664/1664/1664 1665/1665/1665
f 1657/1657/1657 1665/1665/1665 1658/1658/1658
f 1658/1658/1658 1665/1665/1665 1666/1666/1666
f 1658/1658/1658 1666/1666/1666 1659/1659/1659
f 1659/1659/1659 1666/1666/1666 1667/1667/1667
f 1659/1659/1659 1667/1667/1667 1660/1660/1660
f 1660/1660/1660 1667/1667/1667 1668/1668/1668
f 1660/1660/1660 1668/1668/1668 1661/1661/1661
f 1661/1661/1661 1668/1668/1668 1669/1669/1669
f 1661/1661/1661 1669/1669/1669 1662/1662/1662
f 1662/1662/1662 1669/1669/1669 1670/1670/1670
f 1662/1662/1662 1670/1670/1670 1663/1663/1663
f 1664/1664/1664 1671/1671/1671 1672/1672/1672
f 1664/1664/1664 1672/1672/1672 1665/1665/1665
f 1665/1665/1665 1672/1672/1672 1673/1673/1673
f 1665/1665/1665 1673/1673/1673 1666/1666/1666
f 1666/1666/1666 1673/1673/1673 1674/1674/1674
f 1666/1666/1666 1674/1674/1674 1667/1667/1667
f 1667/1667/1667 1674/1674/1674 1675/1675/1675
f 1667/1667/1667 1675/1675/1675 1668/1668/1668
f 1668/1668/1668 1675/1675/1675 1676/1676/1676
f 1668/1668/1668 1676/1676/1676 1669/1669/1669
f 1669/1669/1669 1676/1676/1676 1677/1677/1677
f 1669/1669/1669 1677/1677/1677 1670/1670/1670
f 1671/1671/1671 1678/1678/1678 1679/1679/1679
f 1671/1671/1671 1679/1679/1679 1672/1672/1672
f 1672/1672/1672 1679/1679/1679 1680/1680/1680
f 1672/1672/1672 1680/1680/1680 1673/1673/1673
f 1673/1673/1673 1680/1680/1680 1681/1681/1681
f 1673/1673/1673 1681/1681/1681 1674/1674/1674
f 1674/1674/1674 1681/1681/1681 1682/1682/1682
f 1674/1674/1674 1682/1682/1682 1675/1675/1675
f 1675/1675/1675 1682/1682/1682 1683/1683/1683
f 1675/1675/1675 1683/1683/1683 1676/1676/1676
f 1676/1676/1676 1683/1683/1683 1684/1684/1684
f 1676/1676/1676 1684/1684/1684 1677/1677/1677
f 1678/1678/1678 1685/1685/1685 1686/1686/1686
f 1678/1678/1678 1686/1686/1686 1679/1679/1679
f 1679/1679/1679 1686/1686/1686 1687/1687/1687
f 1679/1679/1679 1687/1687/1687 1680/1680/1680
f 1680/1680/1680 1687/1687/1687 1688/1688/1688
f 1680/1680/1680 1688/1688/1688 1681/1681/1681
f 1681/1681/1681 1688/1688/1688 1689/1689/1689
f 1681/1681/1681 1689/1689/1689 1682/1682/1682
f 1682/1682/1682 1689/1689/1689 1690/1690/1690
f 1682/1682/1682 1690/1690/1690 1683/1683/1683
f 1683/1683/1683 1690/1690/1690 1691/1691/1691
f 1683/1683/1683 1691/1691/1691 1684/1684/1684
f 1685/1685/1685 1692/1692/1692 1693/1693/1693
f 1685/1685/1685 1693/1693/1693 1686/1686/1686
f 1686/1686/1686 1693/1693/1693 1694/1694/1694
f 1686/1686/1686 1694/1694/1694 1687/1687/1687
f 1687/1687/1687 1694/1694/1694 1695/1695/1695
f 1687/1687/1687 1695/1695/1695 1688/1688/1688
f 1688/1688/1688 1695/1695/1695 1696/1696/1696
f 1688/1688/1688 1696/1696/1696 1689/1689/1689
f 1689/1689/1689 1696/1696/1696 1697/1697/1697
f 1689/1689/1689 1697/1697/1697 1690/1690/1690
f 1690/1690/1690 1697/1697/1697 1698/1698/1698
f 1690/1690/1690 1698/1698/1698 1691/1691/1691
f 1723/1723/1723 1730/1730/1730 1731/1731/1731
f 1723/1723/1723 1731/1731/1731 1724/1724/1724
f 1724/1724/1724 1731/1731/1731 1732/1732/1732
f 1724/1724/1724 1732/1732/1732 1725/1725/1725
f 1725/1725/1725 1732/1732/1732 1733/1733/1733
f 1725/1725/1725 1733/1733/1733 1726/1726/1726
f 1726/1726/1726 1733/1733/1733 1734/1734/1734
f 1726/1726/1726 1734/1734/1734 1727/1727/1727
f 1727/1727/1727 1734/1734/1734 1735/1735/1735
f 1727/1727/1727 1735/1735/1735 1728/1728/1728
f 1728/1728/1728 1735/1735/1735 1736/1736/1736
f 1728/1728/1728 1736/1736/1736 1729/1729/1729
f 1730/1730/1730 1737/1737/1737 1738/1738/1738
f 1730/1730/1730 1738/1738/1738 1731/1731/1731
f 1731/1731/1731 1738/1738/1738 1739/1739/1739
f 1731/1731/1731 1739/1739/1739 1732/1732/1732
f 1732/1732/1732 1739/1739/1739 1740/1740/1740
f 1732/1732/1732 1740/1740/1740 1733/1733/1733
f 1733/1733/1733 1740/1740/1740 1741/1741/1741
f 1733/1733/1733 1741/1741/1741 1734/1734/1734
f 1734/1734/1734 1741/1741/1741 1742/1742/1742
f 1734/1734/1734 1742/1742/1742 1735/1735/1735
f 1735/1735/1735 1742/1742/1742 1743/1743/1743
f 1735/1735/1735 1743/1743/1743 1736/1736/1736
f 1737/1737/1737 1744/1744/1744 1745/1745/1745
f 1737/1737/1737 1745/1745/1745 1738/1738/1738
f 1738/1738/1738 1745/1745/1745 1746/1746/1746
f 1738/1738/1738 1746/1746/1746 1739/1739/1739
f 1739/1739/1739 1746/1746/1746 1747/1747/1747
f 1739/1739/1739 1747/1747/1747 1740/1740/1740
f 1740/1740/1740 1747/1747/1747 1748/1748/1748
f 1740/1740/1740 1748/1748/1748 1741/1741/1741
f 1741/1741/1741 1748/1748/1748 1749/1749/1749
f 1741/1741/1741 1749/1749/1749 1742/1742/1742
f 1742/1742/1742 1749/1749/1749 1750/1750/1750
f 1742/1742/1742 1750/1750/1750 1743/1743/1743
f 1744/1744/1744 1751/1751/1751 1752/1752/1752
f 1744/1744/1744 1752/1752/1752 1745/1745/1745
f 1745/1745/1745 1752/1752/1752 1753/1753/1753
f 1745/1745/1745 1753/1753/1753 1746/1746/1746
f 1746/1746/1746 1753/1753/1753 1754/1754/1754
f 1746/1746/1746 1754/1754/1754 1747/1747/1747
f 1747/1747/1747 1754/1754/1754 1755/1755/1755
f 1747/1747/1747 1755/1755/1755 1748/1748/1748
f 1748/1748/1748 1755/1755/1755 1756/1756/1756
f 1748/1748/1748 1756/1756/1756 1749/1749/1749
f 1749/1749/1749 1756/1756/1756 1757/1757/1757
f 1749/1749/1749 1757/1757/1757 1750/1750/1750
f 1751/1751/1751 1758/1758/1758 1759/1759/1759
f 1751/1751/1751 1759/1759/1759 1752/1752/1752
f 1752/1752/1752 1759/1759/1759 1760/1760/1760
f 1752/1752/1752 1760/1760/1760 1753/1753/1753
f 1753/1753/1753 1760/1760/1760 1761/1761/1761
f 1753/1753/1753 1761/1761/1761 1754/1754/1754
f 1754/1754/1754 1761/1761/1761 1762/1762/1762
f 1754/1754/1754 1762/1762/1762 1755/1755/1755
f 1755/1755/1755 1762/1762/1762 1763/1763/1763
f 1755/1755/1755 1763/1763/1763 1756/1756/1756
f 1756/1756/1756 1763/1763/1763 1764/1764/1764
f 1756/1756/1756 1764/1764/1764 1757/1757/1757
f 1758/1758/1758 1765/1765/1765 1766/1766/1766
f 1758/1758/1758 1766/1766/1766 1759/1759/1759
f 1759/1759/1759 1766/1766/1766 1767/1767/1767
f 1759/1759/1759 1767/1767/1767 1760/1760/1760
f 1760/1760/1760 1767/1767/1767 1768/1768/1768
f 1760/1760/1760 1768/1768/1768 1761/1761/1761
f 1761/1761/1761 1768/1768/1768 1769/1769/1769
f 1761/1761/1761 1769/1769/1769 1762/1762/1762
f 1762/1762/1762 1769/1769/1769 1770/1770/1770
f 1762/1762/1762 1770/1770/1770 1763/1763/1763
f 1763/1763/1763 1770/1770/1770 1771/1771/1771
f 1763/1763/1763 1771/1771/1771 1764/1764/1764
f 1765/1765/1765 1772/1772/1772 1773/1773/1773
f 1765/1765/1765 1773/1773/1773 1766/1766/1766
f 1766/1766/1766 1773/1773/1773 1774/1774/1774
f 1766/1766/1766 1774/1774/1774 1767/1767/1767
f 1767/1767/1767 1774/1774/1774 1775/1775/1775
f 1767/1767/1767 1775/1775/1775 1768/1768/1768
f 1768/1768/1768 1775/1775/1775 1776/1776/1776
f 1768/1768/1768 1776/1776/1776 1769/1769/1769
f 1769/1769/1769 1776/1776/1776 1777/1777/1777
f 1769/1769/1769 1777/1777/1777 1770/1770/1770
f 1770/1770/1770 1777/1777/1777 1778/1778/1778
f 1770/1770/1770 1778/1778/1778 1771/1771/1771
f 1772/1772/1772 1779/1779/1779 1780/1780/1780
f 1772/1772/1772 1780/1780/1780 1773/1773/1773
f 1773/1773/1773 1780/1780/1780 1781/1781/1781
f 1773/1773/1773 1781/1781/1781 1774/1774/1774
f 1774/1774/1774 1781/1781/1781 1782/1782/1782
f 1774/1774/1774 1782/1782/1782 1775/1775/1775
f 1775/1775/1775 1782/1782/1782 1783/1783/1783
f 1775/1775/1775 1783/1783/1783 1776/1776/1776
f 1776/1776/1776 1783/1783/1783 1784/1784/1784
f 1776/1776/1776 1784/1784/1784 1777/1777/1777
f 1777/1777/1777 1784/1784/1784 1785/1785/1785
f 1777/1777/1777 1785/1785/1785 1778/1778/1778
f 1779/1779/1779 1786/1786/1786 1787/1787/1787
f 1779/1779/1779 1787/1787/1787 1780/1780/1780
f 1780/1780/1780 1787/1787/1787 1788/1788/1788
f 1780/1780/1780 1788/1788/1788 1781/1781/1781
f 1781/1781/1781 1788/1788/1788 1789/1789/1789
f 1781/1781/1781 1789/1789/1789 1782/1782/1782
f 1782/1782/1782 1789/1789/1789 1790/1790/1790
f 1782/1782/1782 1790/1790/1790 1783/1783/1783
f 1783/1783/1783 1790/1790/1790 1791/1791/1791
f 1783/1783/1783 1791/1791/1791 1784/1784/1784
f 1784/1784/1784 1791/1791/1791 1792/1792/1792
f 1784/1784/1784 1792/1792/1792 1785/1785/1785
f 1786/1786/1786 1793/1793/1793 1794/1794/1794
f 1786/1786/1786 1794/1794/1794 1787/1787/1787
f 1787/1787/1787 1794/1794/1794 1795/1795/1795
f 1787/1787/1787 1795/1795/1795 1788/1788/1788
f 1788/1788/1788 1795/1795/1795 1796/1796/1796
f 1788/1788/1788 1796/1796/1796 1789/1789/1789
f 1789/1789/1789 1796/1796/1796 1797/1797/1797
f 1789/1789/1789 1797/1797/1797 1790/1790/1790
f 1790/1790/1790 1797/1797/1797 1798/1798/1798
f 1790/1790/1790 1798/1798/1798 1791/1791/1791
f 1791/1791/1791 1798/1798/1798 1799/1799/1799
f 1791/1791/1791 1799/1799/1799 1792/1792/1792
f 1793/1793/1793 1800/1800/1800 1801/1801/1801
f 1793/1793/1793 1801/1801/1801 1794/1794/1794
f 1794/1794/1794 1801/1801/1801 1802/1802/1802
f 1794/1794/1794 1802/1802/1802 1795/1795/1795
f 1795/1795/1795 1802/1802/1802 1803/1803/1803
f 1795/1795/1795 1803/1803/1803 1796/1796/1796
f 1796/1796/1796 1803/1803/1803 1804/1804/1804
f 1796/1796/1796 1804/1804/1804 1797/1797/1797
f 1797/1797/1797 1804/1804/1804 1805/1805/1805
f 1797/1797/1797 1805/1805/1805 1798/1798/1798
f 1798/1798/1798 1805/1805/1805 1806/1806/1806
f 1798/1798/1798 1806/1806/1806 1799/1799/1799
f 1800/1800/1800 1807/1807/1807 1808/1808/1808
f 1800/1800/1800 1808/1808/1808 1801/1801/1801
f 1801/1801/1801 1808/1808/1808 1809/1809/1809
f 1801/1801/1801 1809/1809/1809 1802/1802/1802
f 1802/1802/1802 1809/1809/1809 1810/1810/1810
f 1802/1802/1802 1810/1810/1810 1803/1803/1803
f 1803/1803/1803 1810/1810/1810 1811/1811/1811
f 1803/1803/1803 1811/1811/1811 1804/1804/1804
f 1804/1804/1804 1811/1811/1811 1812/1812/1812
f 1804/1804/1804 1812/1812/1812 1805/1805/1805
f 1805/1805/1805 1812/1812/1812 1813/1813/1813
f 1805/1805/1805 1813/1813/1813 1806/1806/1806
f 1814/1814/1814 1821/1821/1821 1822/1822/1822
f 1814/1814/1814 1822/1822/1822 1815/1815/1815
f 1815/1815/1815 1822/1822/1822 1823/1823/1823
f 1815/1815/1815 1823/1823/1823 1816/1816/1816
f 1816/1816/1816 1823/1823/1823 1824/1824/1824
f 1816/1816/1816 1824/1824/1824 1817/1817/1817
f 1817/1817/1817 1824/1824/1824 1825/1825/1825
f 1817/1817/1817 1825/1825/1825 1818/1818/1818
f 1818/1818/1818 1825/1825/1825 1826/1826/1826
f 1818/1818/1818 1826/1826/1826 1819/1819/1819
f 1819/1819/1819 1826/1826/1826 1827/1827/1827
f 1819/1819/1819 1827/1827/1827 1820/1820/1820
f 1821/1821/1821 1828/1828/1828 1829/1829/1829
f 1821/1821/1821 1829/1829/1829 1822/1822/1822
f 1822/1822/1822 1829/1829/1829 1830/1830/1830
f 1822/1822/1822 1830/1830/1830 1823/1823/1823
f 1823/1823/1823 1830/1830/1830 1831/1831/1831
f 1823/1823/1823 1831/1831/1831 1824/1824/1824
f 1824/1824/1824 1831/1831/1831 1832/1832/1832
f 1824/1824/1824 1832/1832/1832 1825/1825/1825
f 1825/1825/1825 1832/1832/1832 1833/1833/1833
f 1825/1825/1825 1833/1833/1833 1826/1826/1826
f 1826/1826/1826 1833/1833/1833 1834/1834/1834
f 1826/1826/1826 1834/1834/1834 1827/1827/1827
f 1828/1828/1828 1835/1835/1835 1836/1836/1836
f 1828/1828/1828 1836/1836/1836 1829/1829/1829
f 1829/1829/1829 1836/1836/1836 1837/1837/1837
f 1829/1829/1829 1837/1837/1837 1830/1830/1830
f 1830/1830/1830 1837/1837/1837 1838/1838/1838
f 1830/1830/1830 1838/1838/1838 1831/1831/1831
f 1831/1831/1831 1838/1838/1838 1839/1839/1839
f 1831/1831/1831 1839/1839/1839 1832/1832/1832
f 1832/1832/1832 1839/1839/1839 1840/1840/1840
f 1832/1832/1832 1840/1840/1840 1833/1833/1833
f 1833/1833/1833 1840/1840/1840 1841/1841/1841
f 1833/1833/1833 1841/1841/1841 1834/1834/1834
f 1835/1835/1835 1842/1842/1842 1843/1843/1843
f 1835/1835/1835 1843/1843/1843 1836/1836/1836
f 1836/1836/1836 1843/1843/1843 1844/1844/1844
f 1836/1836/1836 1844/1844/1844 1837/1837/1837
f 1837/1837/1837 1844/1844/1844 1845/1845/1845
f 1837/1837/1837 1845/1845/1845 1838/1838/1838
f 1838/1838/1838 1845/1845/1845 1846/1846/1846
f 1838/1838/1838 1846/1846/1846 1839/1839/1839
f 1839/1839/1839 1846/1846/1846 1847/1847/1847
f 1839/1839/1839 1847/1847/1847 1840/1840/1840
f 1840/1840/1840 1847/1847/1847 1848/1848/1848
f 1840/1840/1840 1848/1848/1848 1841/1841/1841
f 1842/1842/1842 1849/1849/1849 1850/1850/1850
f 1842/1842/1842 1850/1850/1850 1843/1843/1843
f 1843/1843/1843 1850/1850/1850 1851/1851/1851
f 1843/1843/1843 1851/1851/1851 1844/1844/1844
f 1844/1844/1844 1851/1851/1851 1852/1852/1852
f 1844/1844/1844 1852/1852/1852 1845/1845/1845
f 1845/1845/1845 1852/1852/1852 1853/1853/1853
f 1845/1845/1845 1853/1853/1853 1846/1846/1846
f 1846/1846/1846 1853/1853/1853 1854/1854/1854
f 1846/1846/1846 1854/1854/1854 1847/1847/1847
f 1847/1847/1847 1854/1854/1854 1855/1855/1855
f 1847/1847/1847 1855/1855/1855 1848/1848/1848
f 1849/1849/1849 1856/1856/1856 1857/1857/1857
f 1849/1849/1849 1857/1857/1857 1850/1850/1850
f 1850/1850/1850 1857/1857/1857 1858/1858/1858
f 1850/1850/1850 1858/1858/1858 1851/1851/1851
f 1851/1851/1851 1858/1858/1858 1859/1859/1859
f 1851/1851/1851 1859/1859/1859 1852/1852/1852
f 1852/1852/1852 1859/1859/1859 1860/1860/1860
f 1852/1852/1852 1860/1860/1860 1853/1853/1853
f 1853/1853/1853 1860/1860/1860 1861/1861/1861
f 1853/1853/1853 1861/1861/1861 1854/1854/1854
f 1854/1854/1854 1861/1861/1861 1862/1862/1862
f 1854/1854/1854 1862/1862/1862 1855/1855/1855
f 1856/1856/1856 1863/1863/1863 1864/1864/1864
f 1856/1856/1856 1864/1864/1864 1857/1857/1857
f 1857/1857/1857 1864/1864/1864 1865/1865/1865
f 1857/1857/1857 1865/1865/1865 1858/1858/1858
f 1858/1858/1858 1865/1865/1865 1866/1866/1866
f 1858/1858/1858 1866/1866/1866 1859/1859/1859
f 1859/1859/1859 1866/1866/1866 1867/1867/1867
f 1859/1859/1859 1867/1867/1867 1860/1860/1860
f 1860/1860/1860 1867/1867/1867 1868/1868/1868
f 1860/1860/1860 1868/1868/1868 1861/1861/1861
f 1861/1861/1861 1868/1868/1868 1869/1869/1869
f 1861/1861/1861 1869/1869/1869 1862/1862/1862
f 1863/1863/1863 1870/1870/1870 1871/1871/1871
f 1863/1863/1863 1871/1871/1871 1864/1864/1864
f 1864/1864/1864 1871/1871/1871 1872/1872/1872
f 1864/1864/1864 1872/1872/1872 1865/1865/1865
f 1865/1865/1865 1872/1872/1872 1873/1873/1873
f 1865/1865/1865 1873/1873/1873 1866/1866/1866
f 1866/1866/1866 1873/1873/1873 1874/1874/1874
f 1866/1866/1866 1874/1874/1874 1867/1867/1867
f 1867/1867/1867 1874/1874/1874 1875/1875/1875
f 1867/1867/1867 1875/1875/1875 1868/1868/1868
f 1868/1868/1868 1875/1875/1875 1876/1876/1876
f 1868/1868/1868 1876/1876/1876 1869/1869/1869
f 1870/1870/1870 1877/1877/1877 1878/1878/1878
f 1870/1870/1870 1878/1878/1878 1871/1871/1871
f 1871/1871/1871 1878/1878/1878 1879/1879/1879
f 1871/1871/1871 1879/1879/1879 1872/1872/1872
f 1872/1872/1872 1879/1879/1879 1880/1880/1880
f 1872/1872/1872 1880/1880/1880 1873/1873/1873
f 1873/1873/1873 1880/1880/1880 1881/1881/1881
f 1873/1873/1873 1881/1881/1881 1874/1874/1874
f 1874/1874/1874 1881/1881/1881 1882/1882/1882
f 1874/1874/1874 1882/1882/1882 1875/1875/1875
f 1875/1875/1875 1882/1882/1882 1883/1883/1883
f 1875/1875/1875 1883/1883/1883 1876/1876/1876
f 1877/1877/1877 1884/1884/1884 1885/1885/1885
f 1877/1877/1877 1885/1885/1885 1878/1878/1878
f 1878/1878/1878 1885/1885/1885 1886/1886/1886
f 1878/1878/1878 1886/1886/1886 1879/1879/1879
f 1879/1879/1879 1886/1886/1886 1887/1887/1887
f 1879/1879/1879 1887/1887/1887 1880/1880/1880
f 1880/1880/1880 1887/1887/1887 1888/1888/1888
f 1880/1880/1880 1888/1888/1888 1881/1881/1881
f 1881/1881/1881 1888/1888/1888 1889/1889/1889
f 1881/1881/1881 1889/1889/1889 1882/1882/1882
f 1882/1882/1882 1889/1889/1889 1890/1890/1890
f 1882/1882/1882 1890/1890/1890 1883/1883/1883
f 1884/1884/1884 1891/1891/1891 1892/1892/1892
f 1884/1884/1884 1892/1892/1892 1885/1885/1885
f 1885/1885/1885 1892/1892/1892 1893/1893/1893
f 1885/1885/1885 1893/1893/1893 1886/1886/1886
f 1886/1886/1886 1893/1893/1893 1894/1894/1894
f 1886/1886/1886 1894/1894/1894 1887/1887/1887
f 1887/1887/1887 1894/1894/1894 1895/1895/1895
f 1887/1887/1887 1895/1895/1895 1888/1888/1888
f 1888/1888/1888 1895/1895/1895 1896/1896/1896
f 1888/1888/1888 1896/1896/1896 1889/1889/1889
f 1889/1889/1889 1896/1896/1896 1897/1897/1897
f 1889/1889/1889 1897/1897/1897 1890/1890/1890
f 1891/1891/1891 1898/1898/1898 1899/1899/1899
f 1891/1891/1891 1899/1899/1899 1892/1892/1892
f 1892/1892/1892 1899/1899/1899 1900/1900/1900
f 1892/1892/1892 1900/1900/1900 1893/1893/1893
f 1893/1893/1893 1900/1900/1900 1901/1901/1901
f 1893/1893/1893 1901/1901/1901 1894/1894/1894
f 1894/1894/1894 1901/1901/1901 1902/1902/1902
f 1894/1894/1894 1902/1902/1902 1895/1895/1895
f 1895/1895/1895 1902/1902/1902 1903/1903/1903
f 1895/1895/1895 1903/1903/1903 1896/1896/1896
f 1896/1896/1896 1903/1903/1903 1904/1904/1904
f 1896/1896/1896 1904/1904/1904 1897/1897/1897
f 1905/1905/1905 1907/1907/1907 1908/1908/1908
f 1905/1905/1905 1908/1908/1908 1906/1906/1906
f 1907/1907/1907 1909/1909/1909 1910/1910/1910
f 1907/1907/1907 1910/1910/1910 1908/1908/1908
f 1909/1909/1909 1911/1911/1911 1912/1912/1912
f 1909/1909/1909 1912/1912/1912 1910/1910/1910
f 1911/1911/1911 1913/1913/1913 1914/1914/1914
f 1911/1911/1911 1914/1914/1914 1912/1912/1912
f 1913/1913/1913 1915/1915/1915 1916/1916/1916
f 1913/1913/1913 1916/1916/1916 1914/1914/1914
f 1915/1915/1915 1917/1917/1917 1918/1918/1918
f 1915/1915/1915 1918/1918/1918 1916/1916/1916
f 1917/1917/1917 1919/1919/1919 1920/1920/1920
f 1917/1917/1917 1920/1920/1920 1918/1918/1918
f 1919/1919/1919 1921/1921/1921 1922/1922/1922
f 1919/1919/1919 1922/1922/1922 1920/1920/1920
f 1923/1923/1923 1925/1925/1925 1926/1926/1926
f 1923/1923/1923 1926/1926/1926 1924/1924/1924
f 1925/1925/1925 1927/1927/1927 1928/1928/1928
f 1925/1925/1925 1928/1928/1928 1926/1926/1926
f 1927/1927/1927 1929/1929/1929 1930/1930/1930
f 1927/1927/1927 1930/1930/1930 1928/1928/1928
f 1929/1929/1929 1931/1931/1931 1932/1932/1932
f 1929/1929/1929 1932/1932/1932 1930/1930/1930
f 1931/1931/1931 1933/1933/1933 1934/1934/1934
f 1931/1931/1931 1934/1934/1934 1932/1932/1932
f 1933/1933/1933 1935/1935/1935 1936/1936/1936
f 1933/1933/1933 1936/1936/1936 1934/1934/1934
f 1935/1935/1935 1937/1937/1937 1938/1938/1938
f 1935/1935/1935 1938/1938/1938 1936/1936/1936
f 1937/1937/1937 1939/1939/1939 1940/1940/1940
f 1937/1937/1937 1940/1940/1940 1938/1938/1938
f 1941/1941/1941 1943/1943/1943 1944/1944/1944
f 1941/1941/1941 1944/1944/1944 1942/1942/1942
f 1943/1943/1943 1945/1945/1945 1946/1946/1946
f 1943/1943/1943 1946/1946/1946 1944/1944/1944
f 1945/1945/1945 1947/1947/1947 1948/1948/1948
f 1945/1945/1945 1948/1948/1948 1946/1946/1946
f 1947/1947/1947 1949/1949/1949 1950/1950/1950
f 1947/1947/1947 1950/1950/1950 1948/1948/1948
f 1949/1949/1949 1951/1951/1951 1952/1952/1952
f 1949/1949/1949 1952/1952/1952 1950/1950/1950
f 1951/1951/1951 1953/1953/1953 1954/1954/1954
f 1951/1951/1951 1954/1954/1954 1952/1952/1952
f 1953/1953/1953 1955/1955/1955 1956/1956/1956
f 1953/1953/1953 1956/1956/1956 1954/1954/1954
f 1955/1955/1955 1957/1957/1957 1958/1958/1958
f 1955/1955/1955 1958/1958/1958 1956/1956/1956
f 1959/1959/1959 1961/1961/1961 1962/1962/1962
f 1959/1959/1959 1962/1962/1962 1960/1960/1960
f 1961/1961/1961 1963/1963/1963 1964/1964/1964
f 1961/1961/1961 1964/1964/1964 1962/1962/1962
f 1963/1963/1963 1965/1965/1965 1966/1966/1966
f 1963/1963/1963 1966/1966/1966 1964/1964/1964
f 1965/1965/1965 1967/1967/1967 1968/1968/1968
f 1965/1965/1965 1968/1968/1968 1966/1966/1966
f 1967/1967/1967 1969/1969/1969 1970/1970/1970
f 1967/1967/1967 1970/1970/1970 1968/1968/1968
f 1969/1969/1969 1971/1971/1971 1972/1972/1972
f 1969/1969/1969 1972/1972/1972 1970/1970/1970
f 1971/1971/1971 1973/1973/1973 1974/1974/1974
f 1971/1971/1971 1974/1974/1974 1972/1972/1972
f 1973/1973/1973 1975/1975/1975 1976/1976/1976
f 1973/1973/1973 1976/1976/1976 1974/1974/1974
f 1977/1977/1977 1979/1979/1979 1980/1980/1980
f 1977/1977/1977 1980/1980/1980 1978/1978/1978
f 1979/1979/1979 1981/1981/1981 1982/1982/1982
f 1979/1979/1979 1982/1982/1982 1980/1980/1980
f 1981/1981/1981 1983/1983/1983 1984/1984/1984
f 1981/1981/1981 1984/1984/1984 1982/1982/1982
f 1983/1983/1983 1985/1985/1985 1986/1986/1986
f 1983/1983/1983 1986/1986/1986 1984/1984/1984
f 1985/1985/1985 1987/1987/1987 1988/1988/1988
f 1985/1985/1985 1988/1988/1988 1986/1986/1986
f 1987/1987/1987 1989/1989/1989 1990/1990/1990
f 1987/1987/1987 1990/1990/1990 1988/1988/1988
f 1989/1989/1989 1991/1991/1991 1992/1992/1992
f 1989/1989/1989 1992/1992/1992 1990/1990/1990
f 1991/1991/1991 1993/1993/1993 1994/1994/1994
f 1991/1991/1991 1994/1994/1994 1992/1992/1992
f 1995/1995/1995 1997/1997/1997 1998/1998/1998
f 1995/1995/1995 1998/1998/1998 1996/1996/1996
f 1997/1997/1997 1999/1999/1999 2000/2000/2000
f 1997/1997/1997 2000/2000/2000 1998/1998/1998
f 1999/1999/1999 2001/2001/2001 2002/2002/2002
f 1999/1999/1999 2002/2002/2002 2000/2000/2000
f 2001/2001/2001 2003/2003/2003 2004/2004/2004
f 2001/2001/2001 2004/2004/2004 2002/2002/2002
f 2003/2003/2003 2005/2005/2005 2006/2006/2006
f 2003/2003/2003 2006/2006/2006 2004/2004/2004
f 2005/2005/2005 2007/2007/2007 2008/2008/2008
f 2005/2005/2005 2008/2008/2008 2006/2006/2006
f 2007/2007/2007 2009/2009/2009 2010/2010/2010
f 2007/2007/2007 2010/2010/2010 2008/2008/2008
f 2009/2009/2009 2011/2011/2011 2012/2012/2012
f 2009/2009/2009 2012/2012/2012 2010/2010/2010
f 2013/2013/2013 2015/2015/2015 2016/2016/2016
f 2013/2013/2013 2016/2016/2016 2014/2014/2014
f 2015/2015/2015 2017/2017/2017 2018/2018/2018
f 2015/2015/2015 2018/2018/2018 2016/2016/2016
f 2017/2017/2017 2019/2019/2019 2020/2020/2020
f 2017/2017/2017 2020/2020/2020 2018/2018/2018
f 2019/2019/2019 2021/2021/2021 2022/2022/2022
f 2019/2019/2019 2022/2022/2022 2020/2020/2020
f 2021/2021/2021 2023/2023/2023 2024/2024/2024
f 2021/2021/2021 2024/2024/2024 2022/2022/2022
f 2023/2023/2023 2025/2025/2025 2026/2026/2026
f 2023/2023/2023 2026/2026/2026 2024/2024/2024
f 2025/2025/2025 2027/2027/2027 2028/2028/2028
f 2025/2025/2025 2028/2028/2028 2026/2026/2026
f 2027/2027/2027 2029/2029/2029 2030/2030/2030
f 2027/2027/2027 2030/2030/2030 2028/2028/2028
f 2031/2031/2031 2033/2033/2033 2034/2034/2034
f 2031/2031/2031 2034/2034/2034 2032/2032/2032
f 2033/2033/2033 2035/2035/2035 2036/2036/2036
f 2033/2033/2033 2036/2036/2036 2034/2034/2034
f 2035/2035/2035 2037/2037/2037 2038/2038/2038
f 2035/2035/2035 2038/2038/2038 2036/2036/2036
f 2037/2037/2037 2039/2039/2039 2040/2040/2040
f 2037/2037/2037 2040/2040/2040 2038/2038/2038
f 2039/2039/2039 2041/2041/2041 2042/2042/2042
f 2039/2039/2039 2042/2042/2042 2040/2040/2040
f 2041/2041/2041 2043/2043/2043 2044/2044/2044
f 2041/2041/2041 2044/2044/2044 2042/2042/2042
f 2043/2043/2043 2045/2045/2045 2046/2046/2046
f 2043/2043/2043 2046/2046/2046 2044/2044/2044
f 2045/2045/2045 2047/2047/2047 2048/2048/2048
f 2045/2045/2045 2048/2048/2048 2046/2046/2046
f 2049/2049/2049 2051/2051/2051 2052/2052/2052
f 2049/2049/2049 2052/2052/2052 2050/2050/2050
f 2051/2051/2051 2053/2053/2053 2054/2054/2054
f 2051/2051/2051 2054/2054/2054 2052/2052/2052
f 2053/2053/2053 2055/2055/2055 2056/2056/2056
f 2053/2053/2053 2056/2056/2056 2054/2054/2054
f 2055/2055/2055 2057/2057/2057 2058/2058/2058
f 2055/2055/2055 2058/2058/2058 2056/2056/2056
f 2057/2057/2057 2059/2059/2059 2060/2060/2060
f 2057/2057/2057 2060/2060/2060 2058/2058/2058
f 2059/2059/2059 2061/2061/2061 2062/2062/2062
f 2059/2059/2059 2062/2062/2062 2060/2060/2060
f 2061/2061/2061 2063/2063/2063 2064/2064/2064
f 2061/2061/2061 2064/2064/2064 2062/2062/2062
f 2063/2063/2063 2065/2065/2065 2066/2066/2066
f 2063/2063/2063 2066/2066/2066 2064/2064/2064
f 2067/2067/2067 2069/2069/2069 2070/2070/2070
f 2067/2067/2067 2070/2070/2070 2068/2068/2068
f 2069/2069/2069 2071/2071/2071 2072/2072/2072
f 2069/2069/2069 2072/2072/2072 2070/2070/2070
f 2071/2071/2071 2073/2073/2073 2074/2074/2074
f 2071/2071/2071 2074/2074/2074 2072/2072/2072
f 2073/2073/2073 2075/2075/2075 2076/2076/2076
f 2073/2073/2073 2076/2076/2076 2074/2074/2074
f 2075/2075/2075 2077/2077/2077 2078/2078/2078
f 2075/2075/2075 2078/2078/2078 2076/2076/2076
f 2077/2077/2077 2079/2079/2079 2080/2080/2080
f 2077/2077/2077 2080/2080/2080 2078/2078/2078
f 2079/2079/2079 2081/2081/2081 2082/2082/2082
f 2079/2079/2079 2082/2082/2082 2080/2080/2080
f 2081/2081/2081 2083/2083/2083 2084/2084/2084
f 2081/2081/2081 2084/2084/2084 2082/2082/2082
f 2085/2085/2085 2087/2087/2087 2088/2088/2088
f 2085/2085/2085 2088/2088/2088 2086/2086/2086
f 2087/2087/2087 2089/2089/2089 2090/2090/2090
f 2087/2087/2087 2090/2090/2090 2088/2088/2088
f 2089/2089/2089 2091/2091/2091 2092/2092/2092
f 2089/2089/2089 2092/2092/2092 2090/2090/2090
f 2091/2091/2091 2093/2093/2093 2094/2094/2094
f 2091/2091/2091 2094/2094/2094 2092/2092/2092
f 2093/2093/2093 2095/2095/2095 2096/2096/2096
f 2093/2093/2093 2096/2096/2096 2094/2094/2094
f 2095/2095/2095 2097/2097/2097 2098/2098/2098
f 2095/2095/2095 2098/2098/2098 2096/2096/2096
f 2097/2097/2097 2099/2099/2099 2100/2100/2100
f 2097/2097/2097 2100/2100/2100 2098/2098/2098
f 2099/2099/2099 2101/2101/2101 2102/2102/2102
f 2099/2099/2099 2102/2102/2102 2100/2100/2100
f 2103/2103/2103 2105/2105/2105 2106/2106/2106
f 2103/2103/2103 2106/2106/2106 2104/2104/2104
f 2105/2105/2105 2107/2107/2107 2108/2108/2108
f 2105/2105/2105 2108/2108/2108 2106/2106/2106
f 2107/2107/2107 2109/2109/2109 2110/2110/2110
f 2107/2107/2107 2110/2110/2110 2108/2108/2108
f 2109/2109/2109 2111/2111/2111 2112/2112/2112
f 2109/2109/2109 2112/2112/2112 2110/2110/2110
f 2111/2111/2111 2113/2113/2113 2114/2114/2114
f 2111/2111/2111 2114/2114/2114 2112/2112/2112
f 2113/2113/2113 2115/2115/2115 2116/2116/2116
f 2113/2113/2113 2116/2116/2116 2114/2114/2114
f 2115/2115/2115 2117/2117/2117 2118/2118/2118
f 2115/2115/2115 2118/2118/2118 2116/2116/2116
f 2117/2117/2117 2119/2119/2119 2120/2120/2120
f 2117/2117/2117 2120/2120/2120 2118/2118/2118
f 2121/2121/2121 2123/2123/2123 2124/2124/2124
f 2121/2121/2121 2124/2124/2124 2122/2122/2122
f 2123/2123/2123 2125/2125/2125 2126/2126/2126
f 2123/2123/2123 2126/2126/2126 2124/2124/2124
f 2125/2125/2125 2127/2127/2127 2128/2128/2128
f 2125/2125/2125 2128/2128/2128 2126/2126/2126
f 2127/2127/2127 2129/2129/2129 2130/2130/2130
f 2127/2127/2127 2130/2130/2130 2128/2128/2128
f 2129/2129/2129 2131/2131/2131 2132/2132/2132
f 2129/2129/2129 2132/2132/2132 2130/2130/2130
f 2131/2131/2131 2133/2133/2133 2134/2134/2134
f 2131/2131/2131 2134/2134/2134 2132/2132/2132
f 2133/2133/2133 2135/2135/2135 2136/2136/2136
f 2133/2133/2133 2136/2136/2136 2134/2134/2134
f 2135/2135/2135 2137/2137/2137 2138/2138/2138
f 2135/2135/2135 2138/2138/2138 2136/2136/2136
f 2139/2139/2139 2141/2141/2141 2142/2142/2142
f 2139/2139/2139 2142/2142/2142 2140/2140/2140
f 2141/2141/2141 2143/2143/2143 2144/2144/2144
f 2141/2141/2141 2144/2144/2144 2142/2142/2142
f 2143/2143/2143 2145/2145/2145 2146/2146/2146
f 2143/2143/2143 2146/2146/2146 2144/2144/2144
f 2145/2145/2145 2147/2147/2147 2148/2148/2148
f 2145/2145/2145 2148/2148/2148 2146/2146/2146
f 2147/2147/2147 2149/2149/2149 2150/2150/2150
f 2147/2147/2147 2150/2150/2150 2148/2148/2148
f 2149/2149/2149 2151/2151/2151 2152/2152/2152
f 2149/2149/2149 2152/2152/2152 2150/2150/2150
f 2151/2151/2151 2153/2153/2153 2154/2154/2154
f 2151/2151/2151 2154/2154/2154 2152/2152/2152
f 2153/2153/2153 2155/2155/2155 2156/2156/2156
f 2153/2153/2153 2156/2156/2156 2154/2154/2154
f 2157/2157/2157 2159/2159/2159 2160/2160/2160
f 2157/2157/2157 2160/2160/2160 2158/2158/2158
f 2159/2159/2159 2161/2161/2161 2162/2162/2162
f 2159/2159/2159 2162/2162/2162 2160/2160/2160
f 2161/2161/2161 2163/2163/2163 2164/2164/2164
f 2161/2161/2161 2164/2164/2164 2162/2162/2162
f 2163/2163/2163 2165/2165/2165 2166/2166/2166
f 2163/2163/2163 2166/2166/2166 2164/2164/2164
f 2165/2165/2165 2167/2167/2167 2168/2168/2168
f 2165/2165/2165 2168/2168/2168 2166/2166/2166
f 2167/2167/2167 2169/2169/2169 2170/2170/2170
f 2167/2167/2167 2170/2170/2170 2168/2168/2168
f 2169/2169/2169 2171/2171/2171 2172/2172/2172
f 2169/2169/2169 2172/2172/2172 2170/2170/2170
f 2171/2171/2171 2173/2173/2173 2174/2174/2174
f 2171/2171/2171 2174/2174/2174 2172/2172/2172
f 2175/2175/2175 2177/2177/2177 2178/2178/2178
f 2175/2175/2175 2178/2178/2178 2176/2176/2176
f 2177/2177/2177 2179/2179/2179 2180/2180/2180
f 2177/2177/2177 2180/2180/2180 2178/2178/2178
f 2179/2179/2179 2181/2181/2181 2182/2182/2182
f 2179/2179/2179 2182/2182/2182 2180/2180/2180
f 2181/2181/2181 2183/2183/2183 2184/2184/2184
f 2181/2181/2181 2184/2184/2184 2182/2182/2182
f 2183/2183/2183 2185/2185/2185 2186/2186/2186
f 2183/2183/2183 2186/2186/2186 2184/2184/2184
f 2185/2185/2185 2187/2187/2187 2188/2188/2188
f 2185/2185/2185 2188/2188/2188 2186/2186/2186
f 2187/2187/2187 2189/2189/2189 2190/2190/2190
f 2187/2187/2187 2190/2190/2190 2188/2188/2188
f 2189/2189/2189 2191/2191/2191 2192/2192/2192
f 2189/2189/2189 2192/2192/2192 2190/2190/2190
f 2193/2193/2193 2195/2195/2195 2196/2196/2196
f 2193/2193/2193 2196/2196/2196 2194/2194/2194
f 2195/2195/2195 2197/2197/2197 2198/2198/2198
f 2195/2195/2195 2198/2198/2198 2196/2196/2196
f 2197/2197/2197 2199/2199/2199 2200/2200/2200
f 2197/2197/2197 2200/2200/2200 2198/2198/2198
f 2199/2199/2199 2201/2201/2201 2202/2202/2202
f 2199/2199/2199 2202/2202/2202 2200/2200/2200
f 2201/2201/2201 2203/2203/2203 2204/2204/2204
f 2201/2201/2201 2204/2204/2204 2202/2202/2202
f 2203/2203/2203 2205/2205/2205 2206/2206/2206
f 2203/2203/2203 2206/2206/2206 2204/2204/2204
f 2205/2205/2205 2207/2207/2207 2208/2208/2208
f 2205/2205/2205 2208/2208/2208 2206/2206/2206
f 2207/2207/2207 2209/2209/2209 2210/2210/2210
f 2207/2207/2207 2210/2210/2210 2208/2208/2208
f 2211/2211/2211 2213/2213/2213 2214/2214/2214
f 2211/2211/2211 2214/2214/2214 2212/2212/2212
f 2213/2213/2213 2215/2215/2215 2216/2216/2216
f 2213/2213/2213 2216/2216/2216 2214/2214/2214
f 2215/2215/2215 2217/2217/2217 2218/2218/2218
f 2215/2215/2215 2218/2218/2218 2216/2216/2216
f 2217/2217/2217 2219/2219/2219 2220/2220/2220
f 2217/2217/2217 2220/2220/2220 2218/2218/2218
f 2219/2219/2219 2221/2221/2221 2222/2222/2222
f 2219/2219/2219 2222/2222/2222 2220/2220/2220
f 2221/2221/2221 2223/2223/2223 2224/2224/2224
f 2221/2221/2221 2224/2224/2224 2222/2222/2222
f 2223/2223/2223 2225/2225/2225 2226/2226/2226
f 2223/2223/2223 2226/2226/2226 2224/2224/2224
f 2225/2225/2225 2227/2227/2227 2228/2228/2228
f 2225/2225/2225 2228/2228/2228 2226/2226/2226
f 2229/2229/2229 2231/2231/2231 2232/2232/2232
f 2229/2229/2229 2232/2232/2232 2230/2230/2230
f 2231/2231/2231 2233/2233/2233 2234/2234/2234
f 2231/2231/2231 2234/2234/2234 2232/2232/2232
f 2233/2233/2233 2235/2235/2235 2236/2236/2236
f 2233/2233/2233 2236/2236/2236 2234/2234/2234
f 2235/2235/2235 2237/2237/2237 2238/2238/2238
f 2235/2235/2235 2238/2238/2238 2236/2236/2236
f 2237/2237/2237 2239/2239/2239 2240/2240/2240
f 2237/2237/2237 2240/2240/2240 2238/2238/2238
f 2239/2239/2239 2241/2241/2241 2242/2242/2242
f 2239/2239/2239 2242/2242/2242 2240/2240/2240
f 2241/2241/2241 2243/2243/2243 2244/2244/2244
f 2241/2241/2241 2244/2244/2244 2242/2242/2242
f 2243/2243/2243 2245/2245/2245 2246/2246/2246
f 2243/2243/2243 2246/2246/2246 2244/2244/2244
f 2247/2247/2247 2249/2249/2249 2250/2250/2250
f 2247/2247/2247 2250/2250/2250 2248/2248/2248
f 2249/2249/2249 2251/2251/2251 2252/2252/2252
f 2249/2249/2249 2252/2252/2252 2250/2250/2250
f 2251/2251/2251 2253/2253/2253 2254/2254/2254
f 2251/2251/2251 2254/2254/2254 2252/2252/2252
f 2253/2253/2253 2255/2255/2255 2256/2256/2256
f 2253/2253/2253 2256/2256/2256 2254/2254/2254
f 2255/2255/2255 2257/2257/2257 2258/2258/2258
f 2255/2255/2255 2258/2258/2258 2256/2256/2256
f 2257/2257/2257 2259/2259/2259 2260/2260/2260
f 2257/2257/2257 2260/2260/2260 2258/2258/2258
f 2259/2259/2259 2261/2261/2261 2262/2262/2262
f 2259/2259/2259 2262/2262/2262 2260/2260/2260
f 2261/2261/2261 2263/2263/2263 2264/2264/2264
f 2261/2261/2261 2264/2264/2264 2262/2262/2262
f 2265/2265/2265 2267/2267/2267 2268/2268/2268
f 2265/2265/2265 2268/2268/2268 2266/2266/2266
f 2267/2267/2267 2269/2269/2269 2270/2270/2270
f 2267/2267/2267 2270/2270/2270 2268/2268/2268
f 2269/2269/2269 2271/2271/2271 2272/2272/2272
f 2269/2269/2269 2272/2272/2272 2270/2270/2270
f 2271/2271/2271 2273/2273/2273 2274/2274/2274
f 2271/2271/2271 2274/2274/2274 2272/2272/2272
f 2273/2273/2273 2275/2275/2275 2276/2276/2276
f 2273/2273/2273 2276/2276/2276 2274/2274/2274
f 2275/2275/2275 2277/2277/2277 2278/2278/2278
f 2275/2275/2275 2278/2278/2278 2276/2276/2276
f 2277/2277/2277 2279/2279/2279 2280/2280/2280
f 2277/2277/2277 2280/2280/2280 2278/2278/2278
f 2279/2279/2279 2281/2281/2281 2282/2282/2282
f 2279/2279/2279 2282/2282/2282 2280/2280/2280
f 2283/2283/2283 2285/2285/2285 2286/2286/2286
f 2283/2283/2283 2286/2286/2286 2284/2284/2284
f 2285/2285/2285 2287/2287/2287 2288/2288/2288
f 2285/2285/2285 2288/2288/2288 2286/2286/2286
f 2287/2287/2287 2289/2289/2289 2290/2290/2290
f 2287/2287/2287 2290/2290/2290 2288/2288/2288
f 2289/2289/2289 2291/2291/2291 2292/2292/2292
f 2289/2289/2289 2292/2292/2292 2290/2290/2290
f 2291/2291/2291 2293/2293/2293 2294/2294/2294
f 2291/2291/2291 2294/2294/2294 2292/2292/2292
f 2293/2293/2293 2295/2295/2295 2296/2296/2296
f 2293/2293/2293 2296/2296/2296 2294/2294/2294
f 2295/2295/2295 2297/2297/2297 2298/2298/2298
f 2295/2295/2295 2298/2298/2298 2296/2296/2296
f 2297/2297/2297 2299/2299/2299 2300/2300/2300
f 2297/2297/2297 2300/2300/2300 2298/2298/2298
f 2301/2301/2301 2303/2303/2303 2304/2304/2304
f 2301/2301/2301 2304/2304/2304 2302/2302/2302
f 2303/2303/2303 2305/2305/2305 2306/2306/2306
f 2303/2303/2303 2306/2306/2306 2304/2304/2304
f 2305/2305/2305 2307/2307/2307 2308/2308/2308
f 2305/2305/2305 2308/2308/2308 2306/2306/2306
f 2307/2307/2307 2309/2309/2309 2310/2310/2310
f 2307/2307/2307 2310/2310/2310 2308/2308/2308
f 2309/2309/2309 2311/2311/2311 2312/2312/2312
f 2309/2309/2309 2312/2312/2312 2310/2310/2310
f 2311/2311/2311 2313/2313/2313 2314/2314/2314
f 2311/2311/2311 2314/2314/2314 2312/2312/2312
f 2313/2313/2313 2315/2315/2315 2316/2316/2316
f 2313/2313/2313 2316/2316/2316 2314/2314/2314
f 2315/2315/2315 2317/2317/2317 2318/2318/2318
f 2315/2315/2315 2318/2318/2318 2316/2316/2316
f 2319/2319/2319 2321/2321/2321 2322/2322/2322
f 2319/2319/2319 2322/2322/2322 2320/2320/2320
f 2321/2321/2321 2323/2323/2323 2324/2324/2324
f 2321/2321/2321 2324/2324/2324 2322/2322/2322
f 2323/2323/2323 2325/2325/2325 2326/2326/2326
f 2323/2323/2323 2326/2326/2326 2324/2324/2324
f 2325/2325/2325 2327/2327/2327 2328/2328/2328
f 2325/2325/2325 2328/2328/2328 2326/2326/2326
f 2327/2327/2327 2329/2329/2329 2330/2330/2330
f 2327/2327/2327 2330/2330/2330 2328/2328/2328
f 2329/2329/2329 2331/2331/2331 2332/2332/2332
f 2329/2329/2329 2332/2332/2332 2330/2330/2330
f 2331/2331/2331 2333/2333/2333 2334/2334/2334
f 2331/2331/2331 2334/2334/2334 2332/2332/2332
f 2333/2333/2333 2335/2335/2335 2336/2336/2336
f 2333/2333/2333 2336/2336/2336 2334/2334/2334
f 2337/2337/2337 2339/2339/2339 2340/2340/2340
f 2337/2337/2337 2340/2340/2340 2338/2338/2338
f 2339/2339/2339 2341/2341/2341 2342/2342/2342
f 2339/2339/2339 2342/2342/2342 2340/2340/2340
f 2341/2341/2341 2343/2343/2343 2344/2344/2344
f 2341/2341/2341 2344/2344/2344 2342/2342/2342
f 2343/2343/2343 2345/2345/2345 2346/2346/2346
f 2343/2343/2343 2346/2346/2346 2344/2344/2344
f 2345/2345/2345 2347/2347/2347 2348/2348/2348
f 2345/2345/2345 2348/2348/2348 2346/2346/2346
f 2347/2347/2347 2349/2349/2349 2350/2350/2350
f 2347/2347/2347 2350/2350/2350 2348/2348/2348
f 2349/2349/2349 2351/2351/2351 2352/2352/2352
f 2349/2349/2349 2352/2352/2352 2350/2350/2350
f 2351/2351/2351 2353/2353/2353 2354/2354/2354
f 2351/2351/2351 2354/2354/2354 2352/2352/2352
f 2355/2355/2355 2357/2357/2357 2358/2358/2358
f 2355/2355/2355 2358/2358/2358 2356/2356/2356
f 2357/2357/2357 2359/2359/2359 2360/2360/2360
f 2357/2357/2357 2360/2360/2360 2358/2358/2358
f 2359/2359/2359 2361/2361/2361 2362/2362/2362
f 2359/2359/2359 2362/2362/2362 2360/2360/2360
f 2361/2361/2361 2363/2363/2363 2364/2364/2364
f 2361/2361/2361 2364/2364/2364 2362/2362/2362
f 2363/2363/2363 2365/2365/2365 2366/2366/2366
f 2363/2363/2363 2366/2366/2366 2364/2364/2364
f 2365/2365/2365 2367/2367/2367 2368/2368/2368
f 2365/2365/2365 2368/2368/2368 2366/2366/2366
f 2367/2367/2367 2369/2369/2369 2370/2370/2370
f 2367/2367/2367 2370/2370/2370 2368/2368/2368
f 2369/2369/2369 2371/2371/2371 2372/2372/2372
f 2369/2369/2369 2372/2372/2372 2370/2370/2370
f 2373/2373/2373 2375/2375/2375 2376/2376/2376
f 2373/2373/2373 2376/2376/2376 2374/2374/2374
f 2375/2375/2375 2377/2377/2377 2378/2378/2378
f 2375/2375/2375 2378/2378/2378 2376/2376/2376
f 2377/2377/2377 2379/2379/2379 2380/2380/2380
f 2377/2377/2377 2380/2380/2380 2378/2378/2378
f 2379/2379/2379 2381/2381/2381 2382/2382/2382
f 2379/2379/2379 2382/2382/2382 2380/2380/2380
f 2381/2381/2381 2383/2383/2383 2384/2384/2384
f 2381/2381/2381 2384/2384/2384 2382/2382/2382
f 2383/2383/2383 2385/2385/2385 2386/2386/2386
f 2383/2383/2383 2386/2386/2386 2384/2384/2384
f 2385/2385/2385 2387/2387/2387 2388/2388/2388
f 2385/2385/2385 2388/2388/2388 2386/2386/2386
f 2387/2387/2387 2389/2389/2389 2390/2390/2390
f 2387/2387/2387 2390/2390/2390 2388/2388/2388
f 2391/2391/2391 2393/2393/2393 2394/2394/2394
f 2391/2391/2391 2394/2394/2394 2392/2392/2392
f 2393/2393/2393 2395/2395/2395 2396/2396/2396
f 2393/2393/2393 2396/2396/2396 2394/2394/2394
f 2395/2395/2395 2397/2397/2397 2398/2398/2398
f 2395/2395/2395 2398/2398/2398 2396/2396/2396
f 2397/2397/2397 2399/2399/2399 2400/2400/2400
f 2397/2397/2397 2400/2400/2400 2398/2398/2398
f 2399/2399/2399 2401/2401/2401 2402/2402/2402
f 2399/2399/2399 2402/2402/2402 2400/2400/2400
f 2401/2401/2401 2403/2403/2403 2404/2404/2404
f 2401/2401/2401 2404/2404/2404 2402/2402/2402
f 2403/2403/2403 2405/2405/2405 2406/2406/2406
f 2403/2403/2403 2406/2406/2406 2404/2404/2404
f 2405/2405/2405 2407/2407/2407 2408/2408/2408
f 2405/2405/2405 2408/2408/2408 2406/2406/2406
f 2409/2409/2409 2411/2411/2411 2412/2412/2412
f 2409/2409/2409 2412/2412/2412 2410/2410/2410
f 2411/2411/2411 2413/2413/2413 2414/2414/2414
f 2411/2411/2411 2414/2414/2414 2412/2412/2412
f 2413/2413/2413 2415/2415/2415 2416/2416/2416
f 2413/2413/2413 2416/2416/2416 2414/2414/2414
f 2415/2415/2415 2417/2417/2417 2418/2418/2418
f 2415/2415/2415 2418/2418/2418 2416/2416/2416
f 2417/2417/2417 2419/2419/2419 2420/2420/2420
f 2417/2417/2417 2420/2420/2420 2418/2418/2418
f 2419/2419/2419 2421/2421/2421 2422/2422/2422
f 2419/2419/2419 2422/2422/2422 2420/2420/2420
f 2421/2421/2421 2423/2423/2423 2424/2424/2424
f 2421/2421/2421 2424/2424/2424 2422/2422/2422
f 2423/2423/2423 2425/2425/2425 2426/2426/2426
f 2423/2423/2423 2426/2426/2426 2424/2424/2424
f 2427/2427/2427 2429/2429/2429 2430/2430/2430
f 2427/2427/2427 2430/2430/2430 2428/2428/2428
f 2429/2429/2429 2431/2431/2431 2432/2432/2432
f 2429/2429/2429 2432/2432/2432 2430/2430/2430
f 2431/2431/2431 2433/2433/2433 2434/2434/2434
f 2431/2431/2431 2434/2434/2434 2432/2432/2432
f 2433/2433/2433 2435/2435/2435 2436/2436/2436
f 2433/2433/2433 2436/2436/2436 2434/2434/2434
f 2435/2435/2435 2437/2437/2437 2438/2438/2438
f 2435/2435/2435 2438/2438/2438 2436/2436/2436
f 2437/2437/2437 2439/2439/2439 2440/2440/2440
f 2437/2437/2437 2440/2440/2440 2438/2438/2438
f 2439/2439/2439 2441/2441/2441 2442/2442/2442
f 2439/2439/2439 2442/2442/2442 2440/2440/2440
f 2441/2441/2441 2443/2443/2443 2444/2444/2444
f 2441/2441/2441 2444/2444/2444 2442/2442/2442
f 2445/2445/2445 2447/2447/2447 2448/2448/2448
f 2445/2445/2445 2448/2448/2448 2446/2446/2446
f 2447/2447/2447 2449/2449/2449 2450/2450/2450
f 2447/2447/2447 2450/2450/2450 2448/2448/2448
f 2449/2449/2449 2451/2451/2451 2452/2452/2452
f 2449/2449/2449 2452/2452/2452 2450/2450/2450
f 2451/2451/2451 2453/2453/2453 2454/2454/2454
f 2451/2451/2451 2454/2454/2454 2452/2452/2452
f 2453/2453/2453 2455/2455/2455 2456/2456/2456
f 2453/2453/2453 2456/2456/2456 2454/2454/2454
f 2455/2455/2455 2457/2457/2457 2458/2458/2458
f 2455/2455/2455 2458/2458/2458 2456/2456/2456
f 2457/2457/2457 2459/2459/2459 2460/2460/2460
f 2457/2457/2457 2460/2460/2460 2458/2458/2458
f 2459/2459/2459 2461/2461/2461 2462/2462/2462
f 2459/2459/2459 2462/2462/2462 2460/2460/2460
f 2463/2463/2463 2465/2465/2465 2466/2466/2466
f 2463/2463/2463 2466/2466/2466 2464/2464/2464
f 2465/2465/2465 2467/2467/2467 2468/2468/2468
f 2465/2465/2465 2468/2468/2468 2466/2466/2466
f 2467/2467/2467 2469/2469/2469 2470/2470/2470
f 2467/2467/2467 2470/2470/2470 2468/2468/2468
f 2469/2469/2469 2471/2471/2471 2472/2472/2472
f 2469/2469/2469 2472/2472/2472 2470/2470/2470
f 2471/2471/2471 2473/2473/2473 2474/2474/2474
f 2471/2471/2471 2474/2474/2474 2472/2472/2472
f 2473/2473/2473 2475/2475/2475 2476/2476/2476
f 2473/2473/2473 2476/2476/2476 2474/2474/2474
f 2475/2475/2475 2477/2477/2477 2478/2478/2478
f 2475/2475/2475 2478/2478/2478 2476/2476/2476
f 2477/2477/2477 2479/2479/2479 2480/2480/2480
f 2477/2477/2477 2480/2480/2480 2478/2478/2478
f 2481/2481/2481 2483/2483/2483 2484/2484/2484
f 2481/2481/2481 2484/2484/2484 2482/2482/2482
f 2483/2483/2483 2485/2485/2485 2486/2486/2486
f 2483/2483/2483 2486/2486/2486 2484/2484/2484
f 2485/2485/2485 2487/2487/2487 2488/2488/2488
f 2485/2485/2485 2488/2488/2488 2486/2486/2486
f 2487/2487/2487 2489/2489/2489 2490/2490/2490
f 2487/2487/2487 2490/2490/2490 2488/2488/2488
f 2489/2489/2489 2491/2491/2491 2492/2492/2492
f 2489/2489/2489 2492/2492/2492 2490/2490/2490
f 2491/2491/2491 2493/2493/2493 2494/2494/2494
f 2491/2491/2491 2494/2494/2494 2492/2492/2492
f 2493/2493/2493 2495/2495/2495 2496/2496/2496
f 2493/2493/2493 2496/2496/2496 2494/2494/2494
f 2495/2495/2495 2497/2497/2497 2498/2498/2498
f 2495/2495/2495 2498/2498/2498 2496/2496/2496
f 2499/2499/2499 2501/2501/2501 2502/2502/2502
f 2499/2499/2499 2502/2502/2502 2500/2500/2500
f 2501/2501/2501 2503/2503/2503 2504/2504/2504
f 2501/2501/2501 2504/2504/2504 2502/2502/2502
f 2503/2503/2503 2505/2505/2505 2506/2506/2506
f 2503/2503/2503 2506/2506/2506 2504/2504/2504
f 2505/2505/2505 2507/2507/2507 2508/2508/2508
f 2505/2505/2505 2508/2508/2508 2506/2506/2506
f 2507/2507/2507 2509/2509/2509 2510/2510/2510
f 2507/2507/2507 2510/2510/2510 2508/2508/2508
f 2509/2509/2509 2511/2511/2511 2512/2512/2512
f 2509/2509/2509 2512/2512/2512 2510/2510/2510
f 2511/2511/2511 2513/2513/2513 2514/2514/2514
f 2511/2511/2511 2514/2514/2514 2512/2512/2512
f 2513/2513/2513 2515/2515/2515 2516/2516/2516
f 2513/2513/2513 2516/2516/2516 2514/2514/2514
f 2517/2517/2517 2519/2519/2519 2520/2520/2520
f 2517/2517/2517 2520/2520/2520 2518/2518/2518
f 2519/2519/2519 2521/2521/2521 2522/2522/2522
f 2519/2519/2519 2522/2522/2522 2520/2520/2520
f 2521/2521/2521 2523/2523/2523 2524/2524/2524
f 2521/2521/2521 2524/2524/2524 2522/2522/2522
f 2523/2523/2523 2525/2525/2525 2526/2526/2526
f 2523/2523/2523 2526/2526/2526 2524/2524/2524
f 2525/2525/2525 2527/2527/2527 2528/2528/2528
f 2525/2525/2525 2528/2528/2528 2526/2526/2526
f 2527/2527/2527 2529/2529/2529 2530/2530/2530
f 2527/2527/2527 2530/2530/2530 2528/2528/2528
f 2529/2529/2529 2531/2531/2531 2532/2532/2532
f 2529/2529/2529 2532/2532/2532 2530/2530/2530
f 2531/2531/2531 2533/2533/2533 2534/2534/2534
f 2531/2531/2531 2534/2534/2534 2532/2532/2532
f 2535/2535/2535 2537/2537/2537 2538/2538/2538
f 2535/2535/2535 2538/2538/2538 2536/2536/2536
f 2537/2537/2537 2539/2539/2539 2540/2540/2540
f 2537/2537/2537 2540/2540/2540 2538/2538/2538
f 2539/2539/2539 2541/2541/2541 2542/2542/2542
f 2539/2539/2539 2542/2542/2542 2540/2540/2540
f 2541/2541/2541 2543/2543/2543 2544/2544/2544
f 2541/2541/2541 2544/2544/2544 2542/2542/2542
f 2543/2543/2543 2545/2545/2545 2546/2546/2546
f 2543/2543/2543 2546/2546/2546 2544/2544/2544
f 2545/2545/2545 2547/2547/2547 2548/2548/2548
f 2545/2545/2545 2548/2548/2548 2546/2546/2546
f 2547/2547/2547 2549/2549/2549 2550/2550/2550
f 2547/2547/2547 2550/2550/2550 2548/2548/2548
f 2549/2549/2549 2551/2551/2551 2552/2552/2552
f 2549/2549/2549 2552/2552/2552 2550/2550/2550
f 2577/2577/2577 2584/2584/2584 2585/2585/2585
f 2577/2577/2577 2585/2585/2585 2578/2578/2578
f 2578/2578/2578 2585/2585/2585 2586/2586/2586
f 2578/2578/2578 2586/2586/2586 2579/2579/2579
f 2579/2579/2579 2586/2586/2586 2587/2587/2587
f 2579/2579/2579 2587/2587/2587 2580/2580/2580
f 2580/2580/2580 2587/2587/2587 2588/2588/2588
f 2580/2580/2580 2588/2588/2588 2581/2581/2581
f 2581/2581/2581 2588/2588/2588 2589/2589/2589
f 2581/2581/2581 2589/2589/2589 2582/2582/2582
f 2582/2582/2582 2589/2589/2589 2590/2590/2590
f 2582/2582/2582 2590/2590/2590 2583/2583/2583
f 2584/2584/2584 2591/2591/2591 2592/2592/2592
f 2584/2584/2584 2592/2592/2592 2585/2585/2585
f 2585/2585/2585 2592/2592/2592 2593/2593/2593
f 2585/2585/2585 2593/2593/2593 2586/2586/2586
f 2586/2586/2586 2593/2593/2593 2594/2594/2594
f 2586/2586/2586 2594/2594/2594 2587/2587/2587
f 2587/2587/2587 2594/2594/2594 2595/2595/2595
f 2587/2587/2587 2595/2595/2595 2588/2588/2588
f 2588/2588/2588 2595/2595/2595 2596/2596/2596
f 2588/2588/2588 2596/2596/2596 2589/2589/2589
f 2589/2589/2589 2596/2596/2596 2597/2597/2597
f 2589/2589/2589 2597/2597/2597 2590/2590/2590
f 2591/2591/2591 2598/2598/2598 2599/2599/2599
f 2591/2591/2591 2599/2599/2599 2592/2592/2592
f 2592/2592/2592 2599/2599/2599 2600/2600/2600
f 2592/2592/2592 2600/2600/2600 2593/2593/2593
f 2593/2593/2593 2600/2600/2600 2601/2601/2601
f 2593/2593/2593 2601/2601/2601 2594/2594/2594
f 2594/2594/2594 2601/2601/2601 2602/2602/2602
f 2594/2594/2594 2602/2602/2602 2595/2595/2595
f 2595/2595/2595 2602/2602/2602 2603/2603/2603
f 2595/2595/2595 2603/2603/2603 2596/2596/2596
f 2596/2596/2596 2603/2603/2603 2604/2604/2604
f 2596/2596/2596 2604/2604/2604 2597/2597/2597
f 2598/2598/2598 2605/2605/2605 2606/2606/2606
f 2598/2598/2598 2606/2606/2606 2599/2599/2599
f 2599/2599/2599 2606/2606/2606 2607/2607/2607
f 2599/2599/2599 2607/2607/2607 2600/2600/2600
f 2600/2600/2600 2607/2607/2607 2608/2608/2608
f 2600/2600/2600 2608/2608/2608 2601/2601/2601
f 2601/2601/2601 2608/2608/2608 2609/2609/2609
f 2601/2601/2601 2609/2609/2609 2602/2602/2602
f 2602/2602/2602 2609/2609/2609 2610/2610/2610
f 2602/2602/2602 2610/2610/2610 2603/2603/2603
f 2603/2603/2603 2610/2610/2610 2611/2611/2611
f 2603/2603/2603 2611/2611/2611 2604/2604/2604
f 2605/2605/2605 2612/2612/2612 2613/2613/2613
f 2605/2605/2605 2613/2613/2613 2606/2606/2606
f 2606/2606/2606 2613/2613/2613 2614/2614/2614
f 2606/2606/2606 2614/2614/2614 2607/2607/2607
f 2607/2607/2607 2614/2614/2614 2615/2615/2615
f 2607/2607/2607 2615/2615/2615 2608/2608/2608
f 2608/2608/2608 2615/2615/2615 2616/2616/2616
f 2608/2608/2608 2616/2616/2616 2609/2609/2609
f 2609/2609/2609 2616/2616/2616 2617/2617/2617
f 2609/2609/2609 2617/2617/2617 2610/2610/2610
f 2610/2610/2610 2617/2617/2617 2618/2618/2618
f 2610/2610/2610 2618/2618/2618 2611/2611/2611
f 2612/2612/2612 2619/2619/2619 2620/2620/2620
f 2612/2612/2612 2620/2620/2620 2613/2613/2613
f 2613/2613/2613 2620/2620/2620 2621/2621/2621
f 2613/2613/2613 2621/2621/2621 2614/2614/2614
f 2614/2614/2614 2621/2621/2621 2622/2622/2622
f 2614/2614/2614 2622/2622/2622 2615/2615/2615
f 2615/2615/2615 2622/2622/2622 2623/2623/2623
f 2615/2615/2615 2623/2623/2623 2616/2616/2616
f 2616/2616/2616 2623/2623/2623 2624/2624/2624
f 2616/2616/2616 2624/2624/2624 2617/2617/2617
f 2617/2617/2617 2624/2624/2624 2625/2625/2625
f 2617/2617/2617 2625/2625/2625 2618/2618/2618
f 2619/2619/2619 2626/2626/2626 2627/2627/2627
f 2619/2619/2619 2627/2627/2627 2620/2620/2620
f 2620/2620/2620 2627/2627/2627 2628/2628/2628
f 2620/2620/2620 2628/2628/2628 2621/2621/2621
f 2621/2621/2621 2628/2628/2628 2629/2629/2629
f 2621/2621/2621 2629/2629/2629 2622/2622/2622
f 2622/2622/2622 2629/2629/2629 2630/2630/2630
f 2622/2622/2622 2630/2630/2630 2623/2623/2623
f 2623/2623/2623 2630/2630/2630 2631/2631/2631
f 2623/2623/2623 2631/2631/2631 2624/2624/2624
f 2624/2624/2624 2631/2631/2631 2632/2632/2632
f 2624/2624/2624 2632/2632/2632 2625/2625/2625
f 2626/2626/2626 2633/2633/2633 2634/2634/2634
f 2626/2626/2626 2634/2634/2634 2627/2627/2627
f 2627/2627/2627 2634/2634/2634 2635/2635/2635
f 2627/2627/2627 2635/2635/2635 2628/2628/2628
f 2628/2628/2628 2635/2635/2635 2636/2636/2636
f 2628/2628/2628 2636/2636/2636 2629/2629/2629
f 2629/2629/2629 2636/2636/2636 2637/2637/2637
f 2629/2629/2629 2637/2637/2637 2630/2630/2630
f 2630/2630/2630 2637/2637/2637 2638/2638/2638
f 2630/2630/2630 2638/2638/2638 2631/2631/2631
f 2631/2631/2631 2638/2638/2638 2639/2639/2639
f 2631/2631/2631 2639/2639/2639 2632/2632/2632
f 2633/2633/2633 2640/2640/2640 2641/2641/2641
f 2633/2633/2633 2641/2641/2641 2634/2634/2634
f 2634/2634/2634 2641/2641/2641 2642/2642/2642
f 2634/2634/2634 2642/2642/2642 2635/2635/2635
f 2635/2635/2635 2642/2642/2642 2643/2643/2643
f 2635/2635/2635 2643/2643/2643 2636/2636/2636
f 2636/2636/2636 2643/2643/2643 2644/2644/2644
f 2636/2636/2636 2644/2644/2644 2637/2637/2637
f 2637/2637/2637 2644/2644/2644 2645/2645/2645
f 2637/2637/2637 2645/2645/2645 2638/2638/2638
f 2638/2638/2638 2645/2645/2645 2646/2646/2646
f 2638/2638/2638 2646/2646/2646 2639/2639/2639
f 2640/2640/2640 2647/2647/2647 2648/2648/2648
f 2640/2640/2640 2648/2648/2648 2641/2641/2641
f 2641/2641/2641 2648/2648/2648 2649/2649/2649
f 2641/2641/2641 2649/2649/2649 2642/2642/2642
f 2642/2642/2642 2649/2649/2649 2650/2650/2650
f 2642/2642/2642 2650/2650/2650 2643/2643/2643
f 2643/2643/2643 2650/2650/2650 2651/2651/2651
f 2643/2643/2643 2651/2651/2651 2644/2644/2644
f 2644/2644/2644 2651/2651/2651 2652/2652/2652
f 2644/2644/2644 2652/2652/2652 2645/2645/2645
f 2645/2645/2645 2652/2652/2652 2653/2653/2653
f 2645/2645/2645 2653/2653/2653 2646/2646/2646
f 2647/2647/2647 2654/2654/2654 2655/2655/2655
f 2647/2647/2647 2655/2655/2655 2648/2648/2648
f 2648/2648/2648 2655/2655/2655 2656/2656/2656
f 2648/2648/2648 2656/2656/2656 2649/2649/2649
f 2649/2649/2649 2656/2656/2656 2657/2657/2657
f 2649/2649/2649 2657/2657/2657 2650/2650/2650
f 2650/2650/2650 2657/2657/2657 2658/2658/2658
f 2650/2650/2650 2658/2658/2658 2651/2651/2651
f 2651/2651/2651 2658/2658/2658 2659/2659/2659
f 2651/2651/2651 2659/2659/2659 2652/2652/2652
f 2652/2652/2652 2659/2659/2659 2660/2660/2660
f 2652/2652/2652 2660/2660/2660 2653/2653/2653
f 2654/2654/2654 2661/2661/2661 2662/2662/2662
f 2654/2654/2654 2662/2662/2662 2655/2655/2655
f 2655/2655/2655 2662/2662/2662 2663/2663/2663
f 2655/2655/2655 2663/2663/2663 2656/2656/2656
f 2656/2656/2656 2663/2663/2663 2664/2664/2664
f 2656/2656/2656 2664/2664/2664 2657/2657/2657
f 2657/2657/2657 2664/2664/2664 2665/2665/2665
f 2657/2657/2657 2665/2665/2665 2658/2658/2658
f 2658/2658/2658 2665/2665/2665 2666/2666/2666
f 2658/2658/2658 2666/2666/2666 2659/2659/2659
f 2659/2659/2659 2666/2666/2666 2667/2667/2667
f 2659/2659/2659 2667/2667/2667 2660/2660/2660
f 2668/2668/2668 2675/2675/2675 2676/2676/2676
f 2668/2668/2668 2676/2676/2676 2669/2669/2669
f 2669/2669/2669 2676/2676/2676 2677/2677/2677
f 2669/2669/2669 2677/2677/2677 2670/2670/2670
f 2670/2670/2670 2677/2677/2677 2678/2678/2678
f 2670/2670/2670 2678/2678/2678 2671/2671/2671
f 2671/2671/2671 2678/2678/2678 2679/2679/2679
f 2671/2671/2671 2679/2679/2679 2672/2672/2672
f 2672/2672/2672 2679/2679/2679 2680/2680/2680
f 2672/2672/2672 2680/2680/2680 2673/2673/2673
f 2673/2673/2673 2680/2680/2680 2681/2681/2681
f 2673/2673/2673 2681/2681/2681 2674/2674/2674
f 2675/2675/2675 2682/2682/2682 2683/2683/2683
f 2675/2675/2675 2683/2683/2683 2676/2676/2676
f 2676/2676/2676 2683/2683/2683 2684/2684/2684
f 2676/2676/2676 2684/2684/2684 2677/2677/2677
f 2677/2677/2677 2684/2684/2684 2685/2685/2685
f 2677/2677/2677 2685/2685/2685 2678/2678/2678
f 2678/2678/2678 2685/2685/2685 2686/2686/2686
f 2678/2678/2678 2686/2686/2686 2679/2679/2679
f 2679/2679/2679 2686/2686/2686 2687/2687/2687
f 2679/2679/2679 2687/2687/2687 2680/2680/2680
f 2680/2680/2680 2687/2687/2687 2688/2688/2688
f 2680/2680/2680 2688/2688/2688 2681/2681/2681
f 2682/2682/2682 2689/2689/2689 2690/2690/2690
f 2682/2682/2682 2690/2690/2690 2683/2683/2683
f 2683/2683/2683 2690/2690/2690 2691/2691/2691
f 2683/2683/2683 2691/2691/2691 2684/2684/2684
f 2684/2684/2684 2691/2691/2691 2692/2692/2692
f 2684/2684/2684 2692/2692/2692 2685/2685/2685
f 2685/2685/2685 2692/2692/2692 2693/2693/2693
f 2685/2685/2685 2693/2693/2693 2686/2686/2686
f 2686/2686/2686 2693/2693/2693 2694/2694/2694
f 2686/2686/2686 2694/2694/2694 2687/2687/2687
f 2687/2687/2687 2694/2694/2694 2695/2695/2695
f 2687/2687/2687 2695/2695/2695 2688/2688/2688
f 2689/2689/2689 2696/2696/2696 2697/2697/2697
f 2689/2689/2689 2697/2697/2697 2690/2690/2690
f 2690/2690/2690 2697/2697/2697 2698/2698/2698
f 2690/2690/2690 2698/2698/2698 2691/2691/2691
f 2691/2691/2691 2698/2698/2698 2699/2699/2699
f 2691/2691/2691 2699/2699/2699 2692/2692/2692
f 2692/2692/2692 2699/2699/2699 2700/2700/2700
f 2692/2692/2692 2700/2700/2700 2693/2693/2693
f 2693/2693/2693 2700/2700/2700 2701/2701/2701
f 2693/2693/2693 2701/2701/2701 2694/2694/2694
f 2694/2694/2694 2701/2701/2701 2702/2702/2702
f 2694/2694/2694 2702/2702/2702 2695/2695/2695
f 2696/2696/2696 2703/2703/2703 2704/2704/2704
f 2696/2696/2696 2704/2704/2704 2697/2697/2697
f 2697/2697/2697 2704/2704/2704 2705/2705/2705
f 2697/2697/2697 2705/2705/2705 2698/2698/2698
f 2698/2698/2698 2705/2705/2705 2706/2706/2706
f 2698/2698/2698 2706/2706/2706 2699/2699/2699
f 2699/2699/2699 2706/2706/2706 2707/2707/2707
f 2699/2699/2699 2707/2707/2707 2700/2700/2700
f 2700/2700/2700 2707/2707/2707 2708/2708/2708
f 2700/2700/2700 2708/2708/2708 2701/2701/2701
f 2701/2701/2701 2708/2708/2708 2709/2709/2709
f 2701/2701/2701 2709/2709/2709 2702/2702/2702
f 2703/2703/2703 2710/2710/2710 2711/2711/2711
f 2703/2703/2703 2711/2711/2711 2704/2704/2704
f 2704/2704/2704 2711/2711/2711 2712/2712/2712
f 2704/2704/2704 2712/2712/2712 2705/2705/2705
f 2705/2705/2705 2712/2712/2712 2713/2713/2713
f 2705/2705/2705 2713/2713/2713 2706/2706/2706
f 2706/2706/2706 2713/2713/2713 2714/2714/2714
f 2706/2706/2706 2714/2714/2714 2707/2707/2707
f 2707/2707/2707 2714/2714/2714 2715/2715/2715
f 2707/2707/2707 2715/2715/2715 2708/2708/2708
f 2708/2708/2708 2715/2715/2715 2716/2716/2716
f 2708/2708/2708 2716/2716/2716 2709/2709/2709
f 2710/2710/2710 2717/2717/2717 2718/2718/2718
f 2710/2710/2710 2718/2718/2718 2711/2711/2711
f 2711/2711/2711 2718/2718/2718 2719/2719/2719
f 2711/2711/2711 2719/2719/2719 2712/2712/2712
f 2712/2712/2712 2719/2719/2719 2720/2720/2720
f 2712/2712/2712 2720/2720/2720 2713/2713/2713
f 2713/2713/2713 2720/2720/2720 2721/2721/2721
f 2713/2713/2713 2721/2721/2721 2714/2714/2714
f 2714/2714/2714 2721/2721/2721 2722/2722/2722
f 2714/2714/2714 2722/2722/2722 2715/2715/2715
f 2715/2715/2715 2722/2722/2722 2723/2723/2723
f 2715/2715/2715 2723/2723/2723 2716/2716/2716
f 2717/2717/2717 2724/2724/2724 2725/2725/2725
f 2717/2717/2717 2725/2725/2725 2718/2718/2718
f 2718/2718/2718 2725/2725/2725 2726/2726/2726
f 2718/2718/2718 2726/2726/2726 2719/2719/2719
f 2719/2719/2719 2726/2726/2726 2727/2727/2727
f 2719/2719/2719 2727/2727/2727 2720/2720/2720
f 2720/2720/2720 2727/2727/2727 2728/2728/2728
f 2720/2720/2720 2728/2728/2728 2721/2721/2721
f 2721/2721/2721 2728/2728/2728 2729/2729/2729
f 2721/2721/2721 2729/2729/2729 2722/2722/2722
f 2722/2722/2722 2729/2729/2729 2730/2730/2730
f 2722/2722/2722 2730/2730/2730 2723/2723/2723
f 2724/2724/2724 2731/2731/2731 2732/2732/2732
f 2724/2724/2724 2732/2732/2732 2725/2725/2725
f 2725/2725/2725 2732/2732/2732 2733/2733/2733
f 2725/2725/2725 2733/2733/2733 2726/2726/2726
f 2726/2726/2726 2733/2733/2733 2734/2734/2734
f 2726/2726/2726 2734/2734/2734 2727/2727/2727
f 2727/2727/2727 2734/2734/2734 2735/2735/2735
f 2727/2727/2727 2735/2735/2735 2728/2728/2728
f 2728/2728/2728 2735/2735/2735 2736/2736/2736
f 2728/2728/2728 2736/2736/2736 2729/2729/2729
f 2729/2729/2729 2736/2736/2736 2737/2737/2737
f 2729/2729/2729 2737/2737/2737 2730/2730/2730
f 2731/2731/2731 2738/2738/2738 2739/2739/2739
f 2731/2731/2731 2739/2739/2739 2732/2732/2732
f 2732/2732/2732 2739/2739/2739 2740/2740/2740
f 2732/2732/2732 2740/2740/2740 2733/2733/2733
f 2733/2733/2733 2740/2740/2740 2741/2741/2741
f 2733/2733/2733 2741/2741/2741 2734/2734/2734
f 2734/2734/2734 2741/2741/2741 2742/2742/2742
f 2734/2734/2734 2742/2742/2742 2735/2735/2735
f 2735/2735/2735 2742/2742/2742 2743/2743/2743
f 2735/2735/2735 2743/2743/2743 2736/2736/2736
f 2736/2736/2736 2743/2743/2743 2744/2744/2744
f 2736/2736/2736 2744/2744/2744 2737/2737/2737
f 2738/2738/2738 2745/2745/2745 2746/2746/2746
f 2738/2738/2738 2746/2746/2746 2739/2739/2739
f 2739/2739/2739 2746/2746/2746 2747/2747/2747
f 2739/2739/2739 2747/2747/2747 2740/2740/2740
f 2740/2740/2740 2747/2747/2747 2748/2748/2748
f 2740/2740/2740 2748/2748/2748 2741/2741/2741
f 2741/2741/2741 2748/2748/2748 2749/2749/2749
f 2741/2741/2741 2749/2749/2749 2742/2742/2742
f 2742/2742/2742 2749/2749/2749 2750/2750/2750
f 2742/2742/2742 2750/2750/2750 2743/2743/2743
f 2743/2743/2743 2750/2750/2750 2751/2751/2751
f 2743/2743/2743 2751/2751/2751 2744/2744/2744
f 2745/2745/2745 2752/2752/2752 2753/2753/2753
f 2745/2745/2745 2753/2753/2753 2746/2746/2746
f 2746/2746/2746 2753/2753/2753 2754/2754/2754
f 2746/2746/2746 2754/2754/2754 2747/2747/2747
f 2747/2747/2747 2754/2754/2754 2755/2755/2755
f 2747/2747/2747 2755/2755/2755 2748/2748/2748
f 2748/2748/2748 2755/2755/2755 2756/2756/2756
f 2748/2748/2748 2756/2756/2756 2749/2749/2749
f 2749/2749/2749 2756/2756/2756 2757/2757/2757
f 2749/2749/2749 2757/2757/2757 2750/2750/2750
f 2750/2750/2750 2757/2757/2757 2758/2758/2758
f 2750/2750/2750 2758/2758/2758 2751/2751/2751
f 2783/2783/2783 2790/2790/2790 2791/2791/2791
f 2783/2783/2783 2791/2791/2791 2784/2784/2784
f 2784/2784/2784 2791/2791/2791 2792/2792/2792
f 2784/2784/2784 2792/2792/2792 2785/2785/2785
f 2785/2785/2785 2792/2792/2792 2793/2793/2793
f 2785/2785/2785 2793/2793/2793 2786/2786/2786
f 2786/2786/2786 2793/2793/2793 2794/2794/2794
f 2786/2786/2786 2794/2794/2794 2787/2787/2787
f 2787/2787/2787 2794/2794/2794 2795/2795/2795
f 2787/2787/2787 2795/2795/2795 2788/2788/2788
f 2788/2788/2788 2795/2795/2795 2796/2796/2796
f 2788/2788/2788 2796/2796/2796 2789/2789/2789
f 2790/2790/2790 2797/2797/2797 2798/2798/2798
f 2790/2790/2790 2798/2798/2798 2791/2791/2791
f 2791/2791/2791 2798/2798/2798 2799/2799/2799
f 2791/2791/2791 2799/2799/2799 2792/2792/2792
f 2792/2792/2792 2799/2799/2799 2800/2800/2800
f 2792/2792/2792 2800/2800/2800 2793/2793/2793
f 2793/2793/2793 2800/2800/2800 2801/2801/2801
f 2793/2793/2793 2801/2801/2801 2794/2794/2794
f 2794/2794/2794 2801/2801/2801 2802/2802/2802
f 2794/2794/2794 2802/2802/2802 2795/2795/2795
f 2795/2795/2795 2802/2802/2802 2803/2803/2803
f 2795/2795/2795 2803/2803/2803 2796/2796/2796
f 2797/2797/2797 2804/2804/2804 2805/2805/2805
f 2797/2797/2797 2805/2805/2805 2798/2798/2798
f 2798/2798/2798 2805/2805/2805 2806/2806/2806
f 2798/2798/2798 2806/2806/2806 2799/2799/2799
f 2799/2799/2799 2806/2806/2806 2807/2807/2807
f 2799/2799/2799 2807/2807/2807 2800/2800/2800
f 2800/2800/2800 2807/2807/2807 2808/2808/2808
f 2800/2800/2800 2808/2808/2808 2801/2801/2801
f 2801/2801/2801 2808/2808/2808 2809/2809/2809
f 2801/2801/2801 2809/2809/2809 2802/2802/2802
f 2802/2802/2802 2809/2809/2809 2810/2810/2810
f 2802/2802/2802 2810/2810/2810 2803/2803/2803
f 2804/2804/2804 2811/2811/2811 2812/2812/2812
f 2804/2804/2804 2812/2812/2812 2805/2805/2805
f 2805/2805/2805 2812/2812/2812 2813/2813/2813
f 2805/2805/2805 2813/2813/2813 2806/2806/2806
f 2806/2806/2806 2813/2813/2813 2814/2814/2814
f 2806/2806/2806 2814/2814/2814 2807/2807/2807
f 2807/2807/2807 2814/2814/2814 2815/2815/2815
f 2807/2807/2807 2815/2815/2815 2808/2808/2808
f 2808/2808/2808 2815/2815/2815 2816/2816/2816
f 2808/2808/2808 2816/2816/2816 2809/2809/2809
f 2809/2809/2809 2816/2816/2816 2817/2817/2817
f 2809/2809/2809 2817/2817/2817 2810/2810/2810
f 2811/2811/2811 2818/2818/2818 2819/2819/2819
f 2811/2811/2811 2819/2819/2819 2812/2812/2812
f 2812/2812/2812 2819/2819/2819 2820/2820/2820
f 2812/2812/2812 2820/2820/2820 2813/2813/2813
f 2813/2813/2813 2820/2820/2820 2821/2821/2821
f 2813/2813/2813 2821/2821/2821 2814/2814/2814
f 2814/2814/2814 2821/2821/2821 2822/2822/2822
f 2814/2814/2814 2822/2822/2822 2815/2815/2815
f 2815/2815/2815 2822/2822/2822 2823/2823/2823
f 2815/2815/2815 2823/2823/2823 2816/2816/2816
f 2816/2816/2816 2823/2823/2823 2824/2824/2824
f 2816/2816/2816 2824/2824/2824 2817/2817/2817
f 2818/2818/2818 2825/2825/2825 2826/2826/2826
f 2818/2818/2818 2826/2826/2826 2819/2819/2819
f 2819/2819/2819 2826/2826/2826 2827/2827/2827
f 2819/2819/2819 2827/2827/2827 2820/2820/2820
f 2820/2820/2820 2827/2827/2827 2828/2828/2828
f 2820/2820/2820 2828/2828/2828 2821/2821/2821
f 2821/2821/2821 2828/2828/2828 2829/2829/2829
f 2821/2821/2821 2829/2829/2829 2822/2822/2822
f 2822/2822/2822 2829/2829/2829 2830/2830/2830
f 2822/2822/2822 2830/2830/2830 2823/2823/2823
f 2823/2823/2823 2830/2830/2830 2831/2831/2831
f 2823/2823/2823 2831/2831/2831 2824/2824/2824
f 2825/2825/2825 2832/2832/2832 2833/2833/2833
f 2825/2825/2825 2833/2833/2833 2826/2826/2826
f 2826/2826/2826 2833/2833/2833 2834/2834/2834
f 2826/2826/2826 2834/2834/2834 2827/2827/2827
f 2827/2827/2827 2834/2834/2834 2835/2835/2835
f 2827/2827/2827 2835/2835/2835 2828/2828/2828
f 2828/2828/2828 2835/2835/2835 2836/2836/2836
f 2828/2828/2828 2836/2836/2836 2829/2829/2829
f 2829/2829/2829 2836/2836/2836 2837/2837/2837
f 2829/2829/2829 2837/2837/2837 2830/2830/2830
f 2830/2830/2830 2837/2837/2837 2838/2838/2838
f 2830/2830/2830 2838/2838/2838 2831/2831/2831
f 2832/2832/2832 2839/2839/2839 2840/2840/2840
f 2832/2832/2832 2840/2840/2840 2833/2833/2833
f 2833/2833/2833 2840/2840/2840 2841/2841/2841
f 2833/2833/2833 2841/2841/2841 2834/2834/2834
f 2834/2834/2834 2841/2841/2841 2842/2842/2842
f 2834/2834/2834 2842/2842/2842 2835/2835/2835
f 2835/2835/2835 2842/2842/2842 2843/2843/2843
f 2835/2835/2835 2843/2843/2843 2836/2836/2836
f 2836/2836/2836 2843/2843/2843 2844/2844/2844
f 2836/2836/2836 2844/2844/2844 2837/2837/2837
f 2837/2837/2837 2844/2844/2844 2845/2845/2845
f 2837/2837/2837 2845/2845/2845 2838/2838/2838
f 2839/2839/2839 2846/2846/2846 2847/2847/2847
f 2839/2839/2839 2847/2847/2847 2840/2840/2840
f 2840/2840/2840 2847/2847/2847 2848/2848/2848
f 2840/2840/2840 2848/2848/2848 2841/2841/2841
f 2841/2841/2841 2848/2848/2848 2849/2849/2849
f 2841/2841/2841 2849/2849/2849 2842/2842/2842
f 2842/2842/2842 2849/2849/2849 2850/2850/2850
f 2842/2842/2842 2850/2850/2850 2843/2843/2843
f 2843/2843/2843 2850/2850/2850 2851/2851/2851
f 2843/2843/2843 2851/2851/2851 2844/2844/2844
f 2844/2844/2844 2851/2851/2851 2852/2852/2852
f 2844/2844/2844 2852/2852/2852 2845/2845/2845
f 2846/2846/2846 2853/2853/2853 2854/2854/2854
f 2846/2846/2846 2854/2854/2854 2847/2847/2847
f 2847/2847/2847 2854/2854/2854 2855/2855/2855
f 2847/2847/2847 2855/2855/2855 2848/2848/2848
f 2848/2848/2848 2855/2855/2855 2856/2856/2856
f 2848/2848/2848 2856/2856/2856 2849/2849/2849
f 2849/2849/2849 2856/2856/2856 2857/2857/2857
f 2849/2849/2849 2857/2857/2857 2850/2850/2850
f 2850/2850/2850 2857/2857/2857 2858/2858/2858
f 2850/2850/2850 2858/2858/2858 2851/2851/2851
f 2851/2851/2851 2858/2858/2858 2859/2859/2859
f 2851/2851/2851 2859/2859/2859 2852/2852/2852
f 2853/2853/2853 2860/2860/2860 2861/2861/2861
f 2853/2853/2853 2861/2861/2861 2854/2854/2854
f 2854/2854/2854 2861/2861/2861 2862/2862/2862
f 2854/2854/2854 2862/2862/2862 2855/2855/2855
f 2855/2855/2855 2862/2862/2862 2863/2863/2863
f 2855/2855/2855 2863/2863/2863 2856/2856/2856
f 2856/2856/2856 2863/2863/2863 2864/2864/2864
f 2856/2856/2856 2864/2864/2864 2857/2857/2857
f 2857/2857/2857 2864/2864/2864 2865/2865/2865
f 2857/2857/2857 2865/2865/2865 2858/2858/2858
f 2858/2858/2858 2865/2865/2865 2866/2866/2866
f 2858/2858/2858 2866/2866/2866 2859/2859/2859
f 2860/2860/2860 2867/2867/2867 2868/2868/2868
f 2860/2860/2860 2868/2868/2868 2861/2861/2861
f 2861/2861/2861 2868/2868/2868 2869/2869/2869
f 2861/2861/2861 2869/2869/2869 2862/2862/2862
f 2862/2862/2862 2869/2869/2869 2870/2870/2870
f 2862/2862/2862 2870/2870/2870 2863/2863/2863
f 2863/2863/2863 2870/2870/2870 2871/2871/2871
f 2863/2863/2863 2871/2871/2871 2864/2864/2864
f 2864/2864/2864 2871/2871/2871 2872/2872/2872
f 2864/2864/2864 2872/2872/2872 2865/2865/2865
f 2865/2865/2865 2872/2872/2872 2873/2873/2873
f 2865/2865/2865 2873/2873/2873 2866/2866/2866
f 2874/2874/2874 2881/2881/2881 2882/2882/2882
f 2874/2874/2874 2882/2882/2882 2875/2875/2875
f 2875/2875/2875 2882/2882/2882 2883/2883/2883
f 2875/2875/2875 2883/2883/2883 2876/2876/2876
f 2876/2876/2876 2883/2883/2883 2884/2884/2884
f 2876/2876/2876 2884/2884/2884 2877/2877/2877
f 2877/2877/2877 2884/2884/2884 2885/2885/2885
f 2877/2877/2877 2885/2885/2885 2878/2878/2878
f 2878/2878/2878 2885/2885/2885 2886/2886/2886
f 2878/2878/2878 2886/2886/2886 2879/2879/2879
f 2879/2879/2879 2886/2886/2886 2887/2887/2887
f 2879/2879/2879 2887/2887/2887 2880/2880/2880
f 2881/2881/2881 2888/2888/2888 2889/2889/2889
f 2881/2881/2881 2889/2889/2889 2882/2882/2882
f 2882/2882/2882 2889/2889/2889 2890/2890/2890
f 2882/2882/2882 2890/2890/2890 2883/2883/2883
f 2883/2883/2883 2890/2890/2890 2891/2891/2891
f 2883/2883/2883 2891/2891/2891 2884/2884/2884
f 2884/2884/2884 2891/2891/2891 2892/2892/2892
f 2884/2884/2884 2892/2892/2892 2885/2885/2885
f 2885/2885/2885 2892/2892/2892 2893/2893/2893
f 2885/2885/2885 2893/2893/2893 2886/2886/2886
f 2886/2886/2886 2893/2893/2893 2894/2894/2894
f 2886/2886/2886 2894/2894/2894 2887/2887/2887
f 2888/2888/2888 2895/2895/2895 2896/2896/2896
f 2888/2888/2888 2896/2896/2896 2889/2889/2889
f 2889/2889/2889 2896/2896/2896 2897/2897/2897
f 2889/2889/2889 2897/2897/2897 2890/2890/2890
f 2890/2890/2890 2897/2897/2897 2898/2898/2898
f 2890/2890/2890 2898/2898/2898 2891/2891/2891
f 2891/2891/2891 2898/2898/2898 2899/2899/2899
f 2891/2891/2891 2899/2899/2899 2892/2892/2892
f 2892/2892/2892 2899/2899/2899 2900/2900/2900
f 2892/2892/2892 2900/2900/2900 2893/2893/2893
f 2893/2893/2893 2900/2900/2900 2901/2901/2901
f 2893/2893/2893 2901/2901/2901 2894/2894/2894
f 2895/2895/2895 2902/2902/2902 2903/2903/2903
f 2895/2895/2895 2903/2903/2903 2896/2896/2896
f 2896/2896/2896 2903/2903/2903 2904/2904/2904
f 2896/2896/2896 2904/2904/2904 2897/2897/2897
f 2897/2897/2897 2904/2904/2904 2905/2905/2905
f 2897/2897/2897 2905/2905/2905 2898/2898/2898
f 2898/2898/2898 2905/2905/2905 2906/2906/2906
f 2898/2898/2898 2906/2906/2906 2899/2899/2899
f 2899/2899/2899 2906/2906/2906 2907/2907/2907
f 2899/2899/2899 2907/2907/2907 2900/2900/2900
f 2900/2900/2900 2907/2907/2907 2908/2908/2908
f 2900/2900/2900 2908/2908/2908 2901/2901/2901
f 2902/2902/2902 2909/2909/2909 2910/2910/2910
f 2902/2902/2902 2910/2910/2910 2903/2903/2903
f 2903/2903/2903 2910/2910/2910 2911/2911/2911
f 2903/2903/2903 2911/2911/2911 2904/2904/2904
f 2904/2904/2904 2911/2911/2911 2912/2912/2912
f 2904/2904/2904 2912/2912/2912 2905/2905/2905
f 2905/2905/2905 2912/2912/2912 2913/2913/2913
f 2905/2905/2905 2913/2913/2913 2906/2906/2906
f 2906/2906/2906 2913/2913/2913 2914/2914/2914
f 2906/2906/2906 2914/2914/2914 2907/2907/2907
f 2907/2907/2907 2914/2914/2914 2915/2915/2915
f 2907/2907/2907 2915/2915/2915 2908/2908/2908
f 2909/2909/2909 2916/2916/2916 2917/2917/2917
f 2909/2909/2909 2917/2917/2917 2910/2910/2910
f 2910/2910/2910 2917/2917/2917 2918/2918/2918
f 2910/2910/2910 2918/2918/2918 2911/2911/2911
f 2911/2911/2911 2918/2918/2918 2919/2919/2919
f 2911/2911/2911 2919/2919/2919 2912/2912/2912
f 2912/2912/2912 2919/2919/2919 2920/2920/2920
f 2912/2912/2912 2920/2920/2920 2913/2913/2913
f 2913/2913/2913 2920/2920/2920 2921/2921/2921
f 2913/2913/2913 2921/2921/2921 2914/2914/2914
f 2914/2914/2914 2921/2921/2921 2922/2922/2922
f 2914/2914/2914 2922/2922/2922 2915/2915/2915
f 2916/2916/2916 2923/2923/2923 2924/2924/2924
f 2916/2916/2916 2924/2924/2924 2917/2917/2917
f 2917/2917/2917 2924/2924/2924 2925/2925/2925
f 2917/2917/2917 2925/2925/2925 2918/2918/2918
f 2918/2918/2918 2925/2925/2925 2926/2926/2926
f 2918/2918/2918 2926/2926/2926 2919/2919/2919
f 2919/2919/2919 2926/2926/2926 2927/2927/2927
f 2919/2919/2919 2927/2927/2927 2920/2920/2920
f 2920/2920/2920 2927/2927/2927 2928/2928/2928
f 2920/2920/2920 2928/2928/2928 2921/2921/2921
f 2921/2921/2921 2928/2928/2928 2929/2929/2929
f 2921/2921/2921 2929/2929/2929 2922/2922/2922
f 2923/2923/2923 2930/2930/2930 2931/2931/2931
f 2923/2923/2923 2931/2931/2931 2924/2924/2924
f 2924/2924/2924 2931/2931/2931 2932/2932/2932
f 2924/2924/2924 2932/2932/2932 2925/2925/2925
f 2925/2925/2925 2932/2932/2932 2933/2933/2933
f 2925/2925/2925 2933/2933/2933 2926/2926/2926
f 2926/2926/2926 2933/2933/2933 2934/2934/2934
f 2926/2926/2926 2934/2934/2934 2927/2927/2927
f 2927/2927/2927 2934/2934/2934 2935/2935/2935
f 2927/2927/2927 2935/2935/2935 2928/2928/2928
f 2928/2928/2928 2935/2935/2935 2936/2936/2936
f 2928/2928/2928 2936/2936/2936 2929/2929/2929
f 2930/2930/2930 2937/2937/2937 2938/2938/2938
f 2930/2930/2930 2938/2938/2938 2931/2931/2931
f 2931/2931/2931 2938/2938/2938 2939/2939/2939
f 2931/2931/2931 2939/2939/2939 2932/2932/2932
f 2932/2932/2932 2939/2939/2939 2940/2940/2940
f 2932/2932/2932 2940/2940/2940 2933/2933/2933
f 2933/2933/2933 2940/2940/2940 2941/2941/2941
f 2933/2933/2933 2941/2941/2941 2934/2934/2934
f 2934/2934/2934 2941/2941/2941 2942/2942/2942
f 2934/2934/2934 2942/2942/2942 2935/2935/2935
f 2935/2935/2935 2942/2942/2942 2943/2943/2943
f 2935/2935/2935 2943/2943/2943 2936/2936/2936
f 2937/2937/2937 2944/2944/2944 2945/2945/2945
f 2937/2937/2937 2945/2945/2945 2938/2938/2938
f 2938/2938/2938 2945/2945/2945 2946/2946/2946
f 2938/2938/2938 2946/2946/2946 2939/2939/2939
f 2939/2939/2939 2946/2946/2946 2947/2947/2947
f 2939/2939/2939 2947/2947/2947 2940/2940/2940
f 2940/2940/2940 2947/2947/2947 2948/2948/2948
f 2940/2940/2940 2948/2948/2948 2941/2941/2941
f 2941/2941/2941 2948/2948/2948 2949/2949/2949
f 2941/2941/2941 2949/2949/2949 2942/2942/2942
f 2942/2942/2942 2949/2949/2949 2950/2950/2950
f 2942/2942/2942 2950/2950/2950 2943/2943/2943
f 2944/2944/2944 2951/2951/2951 2952/2952/2952
f 2944/2944/2944 2952/2952/2952 2945/2945/2945
f 2945/2945/2945 2952/2952/2952 2953/2953/2953
f 2945/2945/2945 2953/2953/2953 2946/2946/2946
f 2946/2946/2946 2953/2953/2953 2954/2954/2954
f 2946/2946/2946 2954/2954/2954 2947/2947/2947
f 2947/2947/2947 2954/2954/2954 2955/2955/2955
f 2947/2947/2947 2955/2955/2955 2948/2948/2948
f 2948/2948/2948 2955/2955/2955 2956/2956/2956
f 2948/2948/2948 2956/2956/2956 2949/2949/2949
f 2949/2949/2949 2956/2956/2956 2957/2957/2957
f 2949/2949/2949 2957/2957/2957 2950/2950/2950
f 2951/2951/2951 2958/2958/2958 2959/2959/2959
f 2951/2951/2951 2959/2959/2959 2952/2952/2952
f 2952/2952/2952 2959/2959/2959 2960/2960/2960
f 2952/2952/2952 2960/2960/2960 2953/2953/2953
f 2953/2953/2953 2960/2960/2960 2961/2961/2961
f 2953/2953/2953 2961/2961/2961 2954/2954/2954
f 2954/2954/2954 2961/2961/2961 2962/2962/2962
f 2954/2954/2954 2962/2962/2962 2955/2955/2955
f 2955/2955/2955 2962/2962/2962 2963/2963/2963
f 2955/2955/2955 2963/2963/2963 2956/2956/2956
f 2956/2956/2956 2963/2963/2963 2964/2964/2964
f 2956/2956/2956 2964/2964/2964 2957/2957/2957
f 2989/2989/2989 2996/2996/2996 2997/2997/2997
f 2989/2989/2989 2997/2997/2997 2990/2990/2990
f 2990/2990/2990 2997/2997/2997 2998/2998/2998
f 2990/2990/2990 2998/2998/2998 2991/2991/2991
f 2991/2991/2991 2998/2998/2998 2999/2999/2999
f 2991/2991/2991 2999/2999/2999 2992/2992/2992
f 2992/2992/2992 2999/2999/2999 3000/3000/3000
f 2992/2992/2992 3000/3000/3000 2993/2993/2993
f 2993/2993/2993 3000/3000/3000 3001/3001/3001
f 2993/2993/2993 3001/3001/3001 2994/2994/2994
f 2994/2994/2994 3001/3001/3001 3002/3002/3002
f 2994/2994/2994 3002/3002/3002 2995/2995/2995
f 2996/2996/2996 3003/3003/3003 3004/3004/3004
f 2996/2996/2996 3004/3004/3004 2997/2997/2997
f 2997/2997/2997 3004/3004/3004 3005/3005/3005
f 2997/2997/2997 3005/3005/3005 2998/2998/2998
f 2998/2998/2998 3005/3005/3005 3006/3006/3006
f 2998/2998/2998 3006/3006/3006 2999/2999/2999
f 2999/2999/2999 3006/3006/3006 3007/3007/3007
f 2999/2999/2999 3007/3007/3007 3000/3000/3000
f 3000/3000/3000 3007/3007/3007 3008/3008/3008
f 3000/3000/3000 3008/3008/3008 3001/3001/3001
f 3001/3001/3001 3008/3008/3008 3009/3009/3009
f 3001/3001/3001 3009/3009/3009 3002/3002/3002
f 3003/3003/3003 3010/3010/3010 3011/3011/3011
f 3003/3003/3003 3011/3011/3011 3004/3004/3004
f 3004/3004/3004 3011/3011/3011 3012/3012/3012
f 3004/3004/3004 3012/3012/3012 3005/3005/3005
f 3005/3005/3005 3012/3012/3012 3013/3013/3013
f 3005/3005/3005 3013/3013/3013 3006/3006/3006
f 3006/3006/3006 3013/3013/3013 3014/3014/3014
f 3006/3006/3006 3014/3014/3014 3007/3007/3007
f 3007/3007/3007 3014/3014/3014 3015/3015/3015
f 3007/3007/3007 3015/3015/3015 3008/3008/3008
f 3008/3008/3008 3015/3015/3015 3016/3016/3016
f 3008/3008/3008 3016/3016/3016 3009/3009/3009
f 3010/3010/3010 3017/3017/3017 3018/3018/3018
f 3010/3010/3010 3018/3018/3018 3011/3011/3011
f 3011/3011/3011 3018/3018/3018 3019/3019/3019
f 3011/3011/3011 3019/3019/3019 3012/3012/3012
f 3012/3012/3012 3019/3019/3019 3020/3020/3020
f 3012/3012/3012 3020/3020/3020 3013/3013/3013
f 3013/3013/3013 3020/3020/3020 3021/3021/3021
f 3013/3013/3013 3021/3021/3021 3014/3014/3014
f 3014/3014/3014 3021/3021/3021 3022/3022/3022
f 3014/3014/3014 3022/3022/3022 3015/3015/3015
f 3015/3015/3015 3022/3022/3022 3023/3023/3023
f 3015/3015/3015 3023/3023/3023 3016/3016/3016
f 3017/3017/3017 3024/3024/3024 3025/3025/3025
f 3017/3017/3017 3025/3025/3025 3018/3018/3018
f 3018/3018/3018 3025/3025/3025 3026/3026/3026
f 3018/3018/3018 3026/3026/3026 3019/3019/3019
f 3019/3019/3019 3026/3026/3026 3027/3027/3027
f 3019/3019/3019 3027/3027/3027 3020/3020/3020
f 3020/3020/3020 3027/3027/3027 3028/3028/3028
f 3020/3020/3020 3028/3028/3028 3021/3021/3021
f 3021/3021/3021 3028/3028/3028 3029/3029/3029
f 3021/3021/3021 3029/3029/3029 3022/3022/3022
f 3022/3022/3022 3029/3029/3029 3030/3030/3030
f 3022/3022/3022 3030/3030/3030 3023/3023/3023
f 3024/3024/3024 3031/3031/3031 3032/3032/3032
f 3024/3024/3024 3032/3032/3032 3025/3025/3025
f 3025/3025/3025 3032/3032/3032 3033/3033/3033
f 3025/3025/3025 3033/3033/3033 3026/3026/3026
f 3026/3026/3026 3033/3033/3033 3034/3034/3034
f 3026/3026/3026 3034/3034/3034 3027/3027/3027
f 3027/3027/3027 3034/3034/3034 3035/3035/3035
f 3027/3027/3027 3035/3035/3035 3028/3028/3028
f 3028/3028/3028 3035/3035/3035 3036/3036/3036
f 3028/3028/3028 3036/3036/3036 3029/3029/3029
f 3029/3029/3029 3036/3036/3036 3037/3037/3037
f 3029/3029/3029 3037/3037/3037 3030/3030/3030
f 3031/3031/3031 3038/3038/3038 3039/3039/3039
f 3031/3031/3031 3039/3039/3039 3032/3032/3032
f 3032/3032/3032 3039/3039/3039 3040/3040/3040
f 3032/3032/3032 3040/3040/3040 3033/3033/3033
f 3033/3033/3033 3040/3040/3040 3041/3041/3041
f 3033/3033/3033 3041/3041/3041 3034/3034/3034
f 3034/3034/3034 3041/3041/3041 3042/3042/3042
f 3034/3034/3034 3042/3042/3042 3035/3035/3035
f 3035/3035/3035 3042/3042/3042 3043/3043/3043
f 3035/3035/3035 3043/3043/3043 3036/3036/3036
f 3036/3036/3036 3043/3043/3043 3044/3044/3044
f 3036/3036/3036 3044/3044/3044 3037/3037/3037
f 3038/3038/3038 3045/3045/3045 3046/3046/3046
f 3038/3038/3038 3046/3046/3046 3039/3039/3039
f 3039/3039/3039 3046/3046/3046 3047/3047/3047
f 3039/3039/3039 3047/3047/3047 3040/3040/3040
f 3040/3040/3040 3047/3047/3047 3048/3048/3048
f 3040/3040/3040 3048/3048/3048 3041/3041/3041
f 3041/3041/3041 3048/3048/3048 3049/3049/3049
f 3041/3041/3041 3049/3049/3049 3042/3042/3042
f 3042/3042/3042 3049/3049/3049 3050/3050/3050
f 3042/3042/3042 3050/3050/3050 3043/3043/3043
f 3043/3043/3043 3050/3050/3050 3051/3051/3051
f 3043/3043/3043 3051/3051/3051 3044/3044/3044
f 3045/3045/3045 3052/3052/3052 3053/3053/3053
f 3045/3045/3045 3053/3053/3053 3046/3046/3046
f 3046/3046/3046 3053/3053/3053 3054/3054/3054
f 3046/3046/3046 3054/3054/3054 3047/3047/3047
f 3047/3047/3047 3054/3054/3054 3055/3055/3055
f 3047/3047/3047 3055/3055/3055 3048/3048/3048
f 3048/3048/3048 3055/3055/3055 3056/3056/3056
f 3048/3048/3048 3056/3056/3056 3049/3049/3049
f 3049/3049/3049 3056/3056/3056 3057/3057/3057
f 3049/3049/3049 3057/3057/3057 3050/3050/3050
f 3050/3050/3050 3057/3057/3057 3058/3058/3058
f 3050/3050/3050 3058/3058/3058 3051/3051/3051
f 3052/3052/3052 3059/3059/3059 3060/3060/3060
f 3052/3052/3052 3060/3060/3060 3053/3053/3053
f 3053/3053/3053 3060/3060/3060 3061/3061/3061
f 3053/3053/3053 3061/3061/3061 3054/3054/3054
f 3054/3054/3054 3061/3061/3061 3062/3062/3062
f 3054/3054/3054 3062/3062/3062 3055/3055/3055
f 3055/3055/3055 3062/3062/3062 3063/3063/3063
f 3055/3055/3055 3063/3063/3063 3056/3056/3056
f 3056/3056/3056 3063/3063/3063 3064/3064/3064
f 3056/3056/3056 3064/3064/3064 3057/3057/3057
f 3057/3057/3057 3064/3064/3064 3065/3065/3065
f 3057/3057/3057 3065/3065/3065 3058/3058/3058
f 3059/3059/3059 3066/3066/3066 3067/3067/3067
f 3059/3059/3059 3067/3067/3067 3060/3060/3060
f 3060/3060/3060 3067/3067/3067 3068/3068/3068
f 3060/3060/3060 3068/3068/3068 3061/3061/3061
f 3061/3061/3061 3068/3068/3068 3069/3069/3069
f 3061/3061/3061 3069/3069/3069 3062/3062/3062
f 3062/3062/3062 3069/3069/3069 3070/3070/3070
f 3062/3062/3062 3070/3070/3070 3063/3063/3063
f 3063/3063/3063 3070/3070/3070 3071/3071/3071
f 3063/3063/3063 3071/3071/3071 3064/3064/3064
f 3064/3064/3064 3071/3071/3071 3072/3072/3072
f 3064/3064/3064 3072/3072/3072 3065/3065/3065
f 3066/3066/3066 3073/3073/3073 3074/3074/3074
f 3066/3066/3066 3074/3074/3074 3067/3067/3067
f 3067/3067/3067 3074/3074/3074 3075/3075/3075
f 3067/3067/3067 3075/3075/3075 3068/3068/3068
f 3068/3068/3068 3075/3075/3075 3076/3076/3076
f 3068/3068/3068 3076/3076/3076 3069/3069/3069
f 3069/3069/3069 3076/3076/3076 3077/3077/3077
f 3069/3069/3069 3077/3077/3077 3070/3070/3070
f 3070/3070/3070 3077/3077/3077 3078/3078/3078
f 3070/3070/3070 3078/3078/3078 3071/3071/3071
f 3071/3071/3071 3078/3078/3078 3079/3079/3079
f 3071/3071/3071 3079/3079/3079 3072/3072/3072
f 3080/3080/3080 3087/3087/3087 3088/3088/3088
f 3080/3080/3080 3088/3088/3088 3081/3081/3081
f 3081/3081/3081 3088/3088/3088 3089/3089/3089
f 3081/3081/3081 3089/3089/3089 3082/3082/3082
f 3082/3082/3082 3089/3089/3089 3090/3090/3090
f 3082/3082/3082 3090/3090/3090 3083/3083/3083
f 3083/3083/3083 3090/3090/3090 3091/3091/3091
f 3083/3083/3083 3091/3091/3091 3084/3084/3084
f 3084/3084/3084 3091/3091/3091 3092/3092/3092
f 3084/3084/3084 3092/3092/3092 3085/3085/3085
f 3085/3085/3085 3092/3092/3092 3093/3093/3093
f 3085/3085/3085 3093/3093/3093 3086/3086/3086
f 3087/3087/3087 3094/3094/3094 3095/3095/3095
f 3087/3087/3087 3095/3095/3095 3088/3088/3088
f 3088/3088/3088 3095/3095/3095 3096/3096/3096
f 3088/3088/3088 3096/3096/3096 3089/3089/3089
f 3089/3089/3089 3096/3096/3096 3097/3097/3097
f 3089/3089/3089 3097/3097/3097 3090/3090/3090
f 3090/3090/3090 3097/3097/3097 3098/3098/3098
f 3090/3090/3090 3098/3098/3098 3091/3091/3091
f 3091/3091/3091 3098/3098/3098 3099/3099/3099
f 3091/3091/3091 3099/3099/3099 3092/3092/3092
f 3092/3092/3092 3099/3099/3099 3100/3100/3100
f 3092/3092/3092 3100/3100/3100 3093/3093/3093
f 3094/3094/3094 3101/3101/3101 3102/3102/3102
f 3094/3094/3094 3102/3102/3102 3095/3095/3095
f 3095/3095/3095 3102/3102/3102 3103/3103/3103
f 3095/3095/3095 3103/3103/3103 3096/3096/3096
f 3096/3096/3096 3103/3103/3103 3104/3104/3104
f 3096/3096/3096 3104/3104/3104 3097/3097/3097
f 3097/3097/3097 3104/3104/3104 3105/3105/3105
f 3097/3097/3097 3105/3105/3105 3098/3098/3098
f 3098/3098/3098 3105/3105/3105 3106/3106/3106
f 3098/3098/3098 3106/3106/3106 3099/3099/3099
f 3099/3099/3099 3106/3106/3106 3107/3107/3107
f 3099/3099/3099 3107/3107/3107 3100/3100/3100
f 3101/3101/3101 3108/3108/3108 3109/3109/3109
f 3101/3101/3101 3109/3109/3109 3102/3102/3102
f 3102/3102/3102 3109/3109/3109 3110/3110/3110
f 3102/3102/3102 3110/3110/3110 3103/3103/3103
f 3103/3103/3103 3110/3110/3110 3111/3111/3111
f 3103/3103/3103 3111/3111/3111 3104/3104/3104
f 3104/3104/3104 3111/3111/3111 3112/3112/3112
f 3104/3104/3104 3112/3112/3112 3105/3105/3105
f 3105/3105/3105 3112/3112/3112 3113/3113/3113
f 3105/3105/3105 3113/3113/3113 3106/3106/3106
f 3106/3106/3106 3113/3113/3113 3114/3114/3114
f 3106/3106/3106 3114/3114/3114 3107/3107/3107
f 3108/3108/3108 3115/3115/3115 3116/3116/3116
f 3108/3108/3108 3116/3116/3116 3109/3109/3109
f 3109/3109/3109 3116/3116/3116 3117/3117/3117
f 3109/3109/3109 3117/3117/3117 3110/3110/3110
f 3110/3110/3110 3117/3117/3117 3118/3118/3118
f 3110/3110/3110 3118/3118/3118 3111/3111/3111
f 3111/3111/3111 3118/3118/3118 3119/3119/3119
f 3111/3111/3111 3119/3119/3119 3112/3112/3112
f 3112/3112/3112 3119/3119/3119 3120/3120/3120
f 3112/3112/3112 3120/3120/3120 3113/3113/3113
f 3113/3113/3113 3120/3120/3120 3121/3121/3121
f 3113/3113/3113 3121/3121/3121 3114/3114/3114
f 3115/3115/3115 3122/3122/3122 3123/3123/3123
f 3115/3115/3115 3123/3123/3123 3116/3116/3116
f 3116/3116/3116 3123/3123/3123 3124/3124/3124
f 3116/3116/3116 3124/3124/3124 3117/3117/3117
f 3117/3117/3117 3124/3124/3124 3125/3125/3125
f 3117/3117/3117 3125/3125/3125 3118/3118/3118
f 3118/3118/3118 3125/3125/3125 3126/3126/3126
f 3118/3118/3118 3126/3126/3126 3119/3119/3119
f 3119/3119/3119 3126/3126/3126 3127/3127/3127
f 3119/3119/3119 3127/3127/3127 3120/3120/3120
f 3120/3120/3120 3127/3127/3127 3128/3128/3128
f 3120/3120/3120 3128/3128/3128 3121/3121/3121
f 3122/3122/3122 3129/3129/3129 3130/3130/3130
f 3122/3122/3122 3130/3130/3130 3123/3123/3123
f 3123/3123/3123 3130/3130/3130 3131/3131/3131
f 3123/3123/3123 3131/3131/3131 3124/3124/3124
f 3124/3124/3124 3131/3131/3131 3132/3132/3132
f 3124/3124/3124 3132/3132/3132 3125/3125/3125
f 3125/3125/3125 3132/3132/3132 3133/3133/3133
f 3125/3125/3125 3133/3133/3133 3126/3126/3126
f 3126/3126/3126 3133/3133/3133 3134/3134/3134
f 3126/3126/3126 3134/3134/3134 3127/3127/3127
f 3127/3127/3127 3134/3134/3134 3135/3135/3135
f 3127/3127/3127 3135/3135/3135 3128/3128/3128
f 3129/3129/3129 3136/3136/3136 3137/3137/3137
f 3129/3129/3129 3137/3137/3137 3130/3130/3130
f 3130/3130/3130 3137/3137/3137 3138/3138/3138
f 3130/3130/3130 3138/3138/3138 3131/3131/3131
f 3131/3131/3131 3138/3138/3138 3139/3139/3139
f 3131/3131/3131 3139/3139/3139 3132/3132/3132
f 3132/3132/3132 3139/3139/3139 3140/3140/3140
f 3132/3132/3132 3140/3140/3140 3133/3133/3133
f 3133/3133/3133 3140/3140/3140 3141/3141/3141
f 3133/3133/3133 3141/3141/3141 3134/3134/3134
f 3134/3134/3134 3141/3141/3141 3142/3142/3142
f 3134/3134/3134 3142/3142/3142 3135/3135/3135
f 3136/3136/3136 3143/3143/3143 3144/3144/3144
f 3136/3136/3136 3144/3144/3144 3137/3137/3137
f 3137/3137/3137 3144/3144/3144 3145/3145/3145
f 3137/3137/3137 3145/3145/3145 3138/3138/3138
f 3138/3138/3138 3145/3145/3145 3146/3146/3146
f 3138/3138/3138 3146/3146/3146 3139/3139/3139
f 3139/3139/3139 3146/3146/3146 3147/3147/3147
f 3139/3139/3139 3147/3147/3147 3140/3140/3140
f 3140/3140/3140 3147/3147/3147 3148/3148/3148
f 3140/3140/3140 3148/3148/3148 3141/3141/3141
f 3141/3141/3141 3148/3148/3148 3149/3149/3149
f 3141/3141/3141 3149/3149/3149 3142/3142/3142
f 3143/3143/3143 3150/3150/3150 3151/3151/3151
f 3143/3143/3143 3151/3151/3151 3144/3144/3144
f 3144/3144/3144 3151/3151/3151 3152/3152/3152
f 3144/3144/3144 3152/3152/3152 3145/3145/3145
f 3145/3145/3145 3152/3152/3152 3153/3153/3153
f 3145/3145/3145 3153/3153/3153 3146/3146/3146
f 3146/3146/3146 3153/3153/3153 3154/3154/3154
f 3146/3146/3146 3154/3154/3154 3147/3147/3147
f 3147/3147/3147 3154/3154/3154 3155/3155/3155
f 3147/3147/3147 3155/3155/3155 3148/3148/3148
f 3148/3148/3148 3155/3155/3155 3156/3156/3156
f 3148/3148/3148 3156/3156/3156 3149/3149/3149
f 3150/3150/3150 3157/3157/3157 3158/3158/3158
f 3150/3150/3150 3158/3158/3158 3151/3151/3151
f 3151/3151/3151 3158/3158/3158 3159/3159/3159
f 3151/3151/3151 3159/3159/3159 3152/3152/3152
f 3152/3152/3152 3159/3159/3159 3160/3160/3160
f 3152/3152/3152 3160/3160/3160 3153/3153/3153
f 3153/3153/3153 3160/3160/3160 3161/3161/3161
f 3153/3153/3153 3161/3161/3161 3154/3154/3154
f 3154/3154/3154 3161/3161/3161 3162/3162/3162
f 3154/3154/3154 3162/3162/3162 3155/3155/3155
f 3155/3155/3155 3162/3162/3162 3163/3163/3163
f 3155/3155/3155 3163/3163/3163 3156/3156/3156
f 3157/3157/3157 3164/3164/3164 3165/3165/3165
f 3157/3157/3157 3165/3165/3165 3158/3158/3158
f 3158/3158/3158 3165/3165/3165 3166/3166/3166
f 3158/3158/3158 3166/3166/3166 3159/3159/3159
f 3159/3159/3159 3166/3166/3166 3167/3167/3167
f 3159/3159/3159 3167/3167/3167 3160/3160/3160
f 3160/3160/3160 3167/3167/3167 3168/3168/3168
f 3160/3160/3160 3168/3168/3168 3161/3161/3161
f 3161/3161/3161 3168/3168/3168 3169/3169/3169
f 3161/3161/3161 3169/3169/3169 3162/3162/3162
f 3162/3162/3162 3169/3169/3169 3170/3170/3170
f 3162/3162/3162 3170/3170/3170 3163/3163/3163
f 3195/3195/3195 3202/3202/3202 3203/3203/3203
f 3195/3195/3195 3203/3203/3203 3196/3196/3196
f 3196/3196/3196 3203/3203/3203 3204/3204/3204
f 3196/3196/3196 3204/3204/3204 3197/3197/3197
f 3197/3197/3197 3204/3204/3204 3205/3205/3205
f 3197/3197/3197 3205/3205/3205 3198/3198/3198
f 3198/3198/3198 3205/3205/3205 3206/3206/3206
f 3198/3198/3198 3206/3206/3206 3199/3199/3199
f 3199/3199/3199 3206/3206/3206 3207/3207/3207
f 3199/3199/3199 3207/3207/3207 3200/3200/3200
f 3200/3200/3200 3207/3207/3207 3208/3208/3208
f 3200/3200/3200 3208/3208/3208 3201/3201/3201
f 3202/3202/3202 3209/3209/3209 3210/3210/3210
f 3202/3202/3202 3210/3210/3210 3203/3203/3203
f 3203/3203/3203 3210/3210/3210 3211/3211/3211
f 3203/3203/3203 3211/3211/3211 3204/3204/3204
f 3204/3204/3204 3211/3211/3211 3212/3212/3212
f 3204/3204/3204 3212/3212/3212 3205/3205/3205
f 3205/3205/3205 3212/3212/3212 3213/3213/3213
f 3205/3205/3205 3213/3213/3213 3206/3206/3206
f 3206/3206/3206 3213/3213/3213 3214/3214/3214
f 3206/3206/3206 3214/3214/3214 3207/3207/3207
f 3207/3207/3207 3214/3214/3214 3215/3215/3215
f 3207/3207/3207 3215/3215/3215 3208/3208/3208
f 3209/3209/3209 3216/3216/3216 3217/3217/3217
f 3209/3209/3209 3217/3217/3217 3210/3210/3210
f 3210/3210/3210 3217/3217/3217 3218/3218/3218
f 3210/3210/3210 3218/3218/3218 3211/3211/3211
f 3211/3211/3211 3218/3218/3218 3219/3219/3219
f 3211/3211/3211 3219/3219/3219 3212/3212/3212
f 3212/3212/3212 3219/3219/3219 3220/3220/3220
f 3212/3212/3212 3220/3220/3220 3213/3213/3213
f 3213/3213/3213 3220/3220/3220 3221/3221/3221
f 3213/3213/3213 3221/3221/3221 3214/3214/3214
f 3214/3214/3214 3221/3221/3221 3222/3222/3222
f 3214/3214/3214 3222/3222/3222 3215/3215/3215
f 3216/3216/3216 3223/3223/3223 3224/3224/3224
f 3216/3216/3216 3224/3224/3224 3217/3217/3217
f 3217/3217/3217 3224/3224/3224 3225/3225/3225
f 3217/3217/3217 3225/3225/3225 3218/3218/3218
f 3218/3218/3218 3225/3225/3225 3226/3226/3226
f 3218/3218/3218 3226/3226/3226 3219/3219/3219
f 3219/3219/3219 3226/3226/3226 3227/3227/3227
f 3219/3219/3219 3227/3227/3227 3220/3220/3220
f 3220/3220/3220 3227/3227/3227 3228/3228/3228
f 3220/3220/3220 3228/3228/3228 3221/3221/3221
f 3221/3221/3221 3228/3228/3228 3229/3229/3229
f 3221/3221/3221 3229/3229/3229 3222/3222/3222
f 3223/3223/3223 3230/3230/3230 3231/3231/3231
f 3223/3223/3223 3231/3231/3231 3224/3224/3224
f 3224/3224/3224 3231/3231/3231 3232/3232/3232
f 3224/3224/3224 3232/3232/3232 3225/3225/3225
f 3225/3225/3225 3232/3232/3232 3233/3233/3233
f 3225/3225/3225 3233/3233/3233 3226/3226/3226
f 3226/3226/3226 3233/3233/3233 3234/3234/3234
f 3226/3226/3226 3234/3234/3234 3227/3227/3227
f 3227/3227/3227 3234/3234/3234 3235/3235/3235
f 3227/3227/3227 3235/3235/3235 3228/3228/3228
f 3228/3228/3228 3235/3235/3235 3236/3236/3236
f 3228/3228/3228 3236/3236/3236 3229/3229/3229
f 3230/3230/3230 3237/3237/3237 3238/3238/3238
f 3230/3230/3230 3238/3238/3238 3231/3231/3231
f 3231/3231/3231 3238/3238/3238 3239/3239/3239
f 3231/3231/3231 3239/3239/3239 3232/3232/3232
f 3232/3232/3232 3239/3239/3239 3240/3240/3240
f 3232/3232/3232 3240/3240/3240 3233/3233/3233
f 3233/3233/3233 3240/3240/3240 3241/3241/3241
f 3233/3233/3233 3241/3241/3241 3234/3234/3234
f 3234/3234/3234 3241/3241/3241 3242/3242/3242
f 3234/3234/3234 3242/3242/3242 3235/3235/3235
f 3235/3235/3235 3242/3242/3242 3243/3243/3243
f 3235/3235/3235 3243/3243/3243 3236/3236/3236
f 3237/3237/3237 3244/3244/3244 3245/3245/3245
f 3237/3237/3237 3245/3245/3245 3238/3238/3238
f 3238/3238/3238 3245/3245/3245 3246/3246/3246
f 3238/3238/3238 3246/3246/3246 3239/3239/3239
f 3239/3239/3239 3246/3246/3246 3247/3247/3247
f 3239/3239/3239 3247/3247/3247 3240/3240/3240
f 3240/3240/3240 3247/3247/3247 3248/3248/3248
f 3240/3240/3240 3248/3248/3248 3241/3241/3241
f 3241/3241/3241 3248/3248/3248 3249/3249/3249
f 3241/3241/3241 3249/3249/3249 3242/3242/3242
f 3242/3242/3242 3249/3249/3249 3250/3250/3250
f 3242/3242/3242 3250/3250/3250 3243/3243/3243
f 3244/3244/3244 3251/3251/3251 3252/3252/3252
f 3244/3244/3244 3252/3252/3252 3245/3245/3245
f 3245/3245/3245 3252/3252/3252 3253/3253/3253
f 3245/3245/3245 3253/3253/3253 3246/3246/3246
f 3246/3246/3246 3253/3253/3253 3254/3254/3254
f 3246/3246/3246 3254/3254/3254 3247/3247/3247
f 3247/3247/3247 3254/3254/3254 3255/3255/3255
f 3247/3247/3247 3255/3255/3255 3248/3248/3248
f 3248/3248/3248 3255/3255/3255 3256/3256/3256
f 3248/3248/3248 3256/3256/3256 3249/3249/3249
f 3249/3249/3249 3256/3256/3256 3257/3257/3257
f 3249/3249/3249 3257/3257/3257 3250/3250/3250
f 3251/3251/3251 3258/3258/3258 3259/3259/3259
f 3251/3251/3251 3259/3259/3259 3252/3252/3252
f 3252/3252/3252 3259/3259/3259 3260/3260/3260
f 3252/3252/3252 3260/3260/3260 3253/3253/3253
f 3253/3253/3253 3260/3260/3260 3261/3261/3261
f 3253/3253/3253 3261/3261/3261 3254/3254/3254
f 3254/3254/3254 3261/3261/3261 3262/3262/3262
f 3254/3254/3254 3262/3262/3262 3255/3255/3255
f 3255/3255/3255 3262/3262/3262 3263/3263/3263
f 3255/3255/3255 3263/3263/3263 3256/3256/3256
f 3256/3256/3256 3263/3263/3263 3264/3264/3264
f 3256/3256/3256 3264/3264/3264 3257/3257/3257
f 3258/3258/3258 3265/3265/3265 3266/3266/3266
f 3258/3258/3258 3266/3266/3266 3259/3259/3259
f 3259/3259/3259 3266/3266/3266 3267/3267/3267
f 3259/3259/3259 3267/3267/3267 3260/3260/3260
f 3260/3260/3260 3267/3267/3267 3268/3268/3268
f 3260/3260/3260 3268/3268/3268 3261/3261/3261
f 3261/3261/3261 3268/3268/3268 3269/3269/3269
f 3261/3261/3261 3269/3269/3269 3262/3262/3262
f 3262/3262/3262 3269/3269/3269 3270/3270/3270
f 3262/3262/3262 3270/3270/3270 3263/3263/3263
f 3263/3263/3263 3270/3270/3270 3271/3271/3271
f 3263/3263/3263 3271/3271/3271 3264/3264/3264
f 3265/3265/3265 3272/3272/3272 3273/3273/3273
f 3265/3265/3265 3273/3273/3273 3266/3266/3266
f 3266/3266/3266 3273/3273/3273 3274/3274/3274
f 3266/3266/3266 3274/3274/3274 3267/3267/3267
f 3267/3267/3267 3274/3274/3274 3275/3275/3275
f 3267/3267/3267 3275/3275/3275 3268/3268/3268
f 3268/3268/3268 3275/3275/3275 3276/3276/3276
f 3268/3268/3268 3276/3276/3276 3269/3269/3269
f 3269/3269/3269 3276/3276/3276 3277/3277/3277
f 3269/3269/3269 3277/3277/3277 3270/3270/3270
f 3270/3270/3270 3277/3277/3277 3278/3278/3278
f 3270/3270/3270 3278/3278/3278 3271/3271/3271
f 3272/3272/3272 3279/3279/3279 3280/3280/3280
f 3272/3272/3272 3280/3280/3280 3273/3273/3273
f 3273/3273/3273 3280/3280/3280 3281/3281/3281
f 3273/3273/3273 3281/3281/3281 3274/3274/3274
f 3274/3274/3274 3281/3281/3281 3282/3282/3282
f 3274/3274/3274 3282/3282/3282 3275/3275/3275
f 3275/3275/3275 3282/3282/3282 3283/3283/3283
f 3275/3275/3275 3283/3283/3283 3276/3276/3276
f 3276/3276/3276 3283/3283/3283 3284/3284/3284
f 3276/3276/3276 3284/3284/3284 3277/3277/3277
f 3277/3277/3277 3284/3284/3284 3285/3285/3285
f 3277/3277/3277 3285/3285/3285 3278/3278/3278
f 3286/3286/3286 3293/3293/3293 3294/3294/3294
f 3286/3286/3286 3294/3294/3294 3287/3287/3287
f 3287/3287/3287 3294/3294/3294 3295/3295/3295
f 3287/3287/3287 3295/3295/3295 3288/3288/3288
f 3288/3288/3288 3295/3295/3295 3296/3296/3296
f 3288/3288/3288 3296/3296/3296 3289/3289/3289
f 3289/3289/3289 3296/3296/3296 3297/3297/3297
f 3289/3289/3289 3297/3297/3297 3290/3290/3290
f 3290/3290/3290 3297/3297/3297 3298/3298/3298
f 3290/3290/3290 3298/3298/3298 3291/3291/3291
f 3291/3291/3291 3298/3298/3298 3299/3299/3299
f 3291/3291/3291 3299/3299/3299 3292/3292/3292
f 3293/3293/3293 3300/3300/3300 3301/3301/3301
f 3293/3293/3293 3301/3301/3301 3294/3294/3294
f 3294/3294/3294 3301/3301/3301 3302/3302/3302
f 3294/3294/3294 3302/3302/3302 3295/3295/3295
f 3295/3295/3295 3302/3302/3302 3303/3303/3303
f 3295/3295/3295 3303/3303/3303 3296/3296/3296
f 3296/3296/3296 3303/3303/3303 3304/3304/3304
f 3296/3296/3296 3304/3304/3304 3297/3297/3297
f 3297/3297/3297 3304/3304/3304 3305/3305/3305
f 3297/3297/3297 3305/3305/3305 3298/3298/3298
f 3298/3298/3298 3305/3305/3305 3306/3306/3306
f 3298/3298/3298 3306/3306/3306 3299/3299/3299
f 3300/3300/3300 3307/3307/3307 3308/3308/3308
f 3300/3300/3300 3308/3308/3308 3301/3301/3301
f 3301/3301/3301 3308/3308/3308 3309/3309/3309
f 3301/3301/3301 3309/3309/3309 3302/3302/3302
f 3302/3302/3302 3309/3309/3309 3310/3310/3310
f 3302/3302/3302 3310/3310/3310 3303/3303/3303
f 3303/3303/3303 3310/3310/3310 3311/3311/3311
f 3303/3303/3303 3311/3311/3311 3304/3304/3304
f 3304/3304/3304 3311/3311/3311 3312/3312/3312
f 3304/3304/3304 3312/3312/3312 3305/3305/3305
f 3305/3305/3305 3312/3312/3312 3313/3313/3313
f 3305/3305/3305 3313/3313/3313 3306/3306/3306
f 3307/3307/3307 3314/3314/3314 3315/3315/3315
f 3307/3307/3307 3315/3315/3315 3308/3308/3308
f 3308/3308/3308 3315/3315/3315 3316/3316/3316
f 3308/3308/3308 3316/3316/3316 3309/3309/3309
f 3309/3309/3309 3316/3316/3316 3317/3317/3317
f 3309/3309/3309 3317/3317/3317 3310/3310/3310
f 3310/3310/3310 3317/3317/3317 3318/3318/3318
f 3310/3310/3310 3318/3318/3318 3311/3311/3311
f 3311/3311/3311 3318/3318/3318 3319/3319/3319
f 3311/3311/3311 3319/3319/3319 3312/3312/3312
f 3312/3312/3312 3319/3319/3319 3320/3320/3320
f 3312/3312/3312 3320/3320/3320 3313/3313/3313
f 3314/3314/3314 3321/3321/3321 3322/3322/3322
f 3314/3314/3314 3322/3322/3322 3315/3315/3315
f 3315/3315/3315 3322/3322/3322 3323/3323/3323
f 3315/3315/3315 3323/3323/3323 3316/3316/3316
f 3316/3316/3316 3323/3323/3323 3324/3324/3324
f 3316/3316/3316 3324/3324/3324 3317/3317/3317
f 3317/3317/3317 3324/3324/3324 3325/3325/3325
f 3317/3317/3317 3325/3325/3325 3318/3318/3318
f 3318/3318/3318 3325/3325/3325 3326/3326/3326
f 3318/3318/3318 3326/3326/3326 3319/3319/3319
f 3319/3319/3319 3326/3326/3326 3327/3327/3327
f 3319/3319/3319 3327/3327/3327 3320/3320/3320
f 3321/3321/3321 3328/3328/3328 3329/3329/3329
f 3321/3321/3321 3329/3329/3329 3322/3322/3322
f 3322/3322/3322 3329/3329/3329 3330/3330/3330
f 3322/3322/3322 3330/3330/3330 3323/3323/3323
f 3323/3323/3323 3330/3330/3330 3331/3331/3331
f 3323/3323/3323 3331/3331/3331 3324/3324/3324
f 3324/3324/3324 3331/3331/3331 3332/3332/3332
f 3324/3324/3324 3332/3332/3332 3325/3325/3325
f 3325/3325/3325 3332/3332/3332 3333/3333/3333
f 3325/3325/3325 3333/3333/3333 3326/3326/3326
f 3326/3326/3326 3333/3333/3333 3334/3334/3334
f 3326/3326/3326 3334/3334/3334 3327/3327/3327
f 3328/3328/3328 3335/3335/3335 3336/3336/3336
f 3328/3328/3328 3336/3336/3336 3329/3329/3329
f 3329/3329/3329 3336/3336/3336 3337/3337/3337
f 3329/3329/3329 3337/3337/3337 3330/3330/3330
f 3330/3330/3330 3337/3337/3337 3338/3338/3338
f 3330/3330/3330 3338/3338/3338 3331/3331/3331
f 3331/3331/3331 3338/3338/3338 3339/3339/3339
f 3331/3331/3331 3339/3339/3339 3332/3332/3332
f 3332/3332/3332 3339/3339/3339 3340/3340/3340
f 3332/3332/3332 3340/3340/3340 3333/3333/3333
f 3333/3333/3333 3340/3340/3340 3341/3341/3341
f 3333/3333/3333 3341/3341/3341 3334/3334/3334
f 3335/3335/3335 3342/3342/3342 3343/3343/3343
f 3335/3335/3335 3343/3343/3343 3336/3336/3336
f 3336/3336/3336 3343/3343/3343 3344/3344/3344
f 3336/3336/3336 3344/3344/3344 3337/3337/3337
f 3337/3337/3337 3344/3344/3344 3345/3345/3345
f 3337/3337/3337 3345/3345/3345 3338/3338/3338
f 3338/3338/3338 3345/3345/3345 3346/3346/3346
f 3338/3338/3338 3346/3346/3346 3339/3339/3339
f 3339/3339/3339 3346/3346/3346 3347/3347/3347
f 3339/3339/3339 3347/3347/3347 3340/3340/3340
f 3340/3340/3340 3347/3347/3347 3348/3348/3348
f 3340/3340/3340 3348/3348/3348 3341/3341/3341
f 3342/3342/3342 3349/3349/3349 3350/3350/3350
f 3342/3342/3342 3350/3350/3350 3343/3343/3343
f 3343/3343/3343 3350/3350/3350 3351/3351/3351
f 3343/3343/3343 3351/3351/3351 3344/3344/3344
f 3344/3344/3344 3351/3351/3351 3352/3352/3352
f 3344/3344/3344 3352/3352/3352 3345/3345/3345
f 3345/3345/3345 3352/3352/3352 3353/3353/3353
f 3345/3345/3345 3353/3353/3353 3346/3346/3346
f 3346/3346/3346 3353/3353/3353 3354/3354/3354
f 3346/3346/3346 3354/3354/3354 3347/3347/3347
f 3347/3347/3347 3354/3354/3354 3355/3355/3355
f 3347/3347/3347 3355/3355/3355 3348/3348/3348
f 3349/3349/3349 3356/3356/3356 3357/3357/3357
f 3349/3349/3349 3357/3357/3357 3350/3350/3350
f 3350/3350/3350 3357/3357/3357 3358/3358/3358
f 3350/3350/3350 3358/3358/3358 3351/3351/3351
f 3351/3351/3351 3358/3358/3358 3359/3359/3359
f 3351/3351/3351 3359/3359/3359 3352/3352/3352
f 3352/3352/3352 3359/3359/3359 3360/3360/3360
f 3352/3352/3352 3360/3360/3360 3353/3353/3353
f 3353/3353/3353 3360/3360/3360 3361/3361/3361
f 3353/3353/3353 3361/3361/3361 3354/3354/3354
f 3354/3354/3354 3361/3361/3361 3362/3362/3362
f 3354/3354/3354 3362/3362/3362 3355/3355/3355
f 3356/3356/3356 3363/3363/3363 3364/3364/3364
f 3356/3356/3356 3364/3364/3364 3357/3357/3357
f 3357/3357/3357 3364/3364/3364 3365/3365/3365
f 3357/3357/3357 3365/3365/3365 3358/3358/3358
f 3358/3358/3358 3365/3365/3365 3366/3366/3366
f 3358/3358/3358 3366/3366/3366 3359/3359/3359
f 3359/3359/3359 3366/3366/3366 3367/3367/3367
f 3359/3359/3359 3367/3367/3367 3360/3360/3360
f 3360/3360/3360 3367/3367/3367 3368/3368/3368
f 3360/3360/3360 3368/3368/3368 3361/3361/3361
f 3361/3361/3361 3368/3368/3368 3369/3369/3369
f 3361/3361/3361 3369/3369/3369 3362/3362/3362
f 3363/3363/3363 3370/3370/3370 3371/3371/3371
f 3363/3363/3363 3371/3371/3371 3364/3364/3364
f 3364/3364/3364 3371/3371/3371 3372/3372/3372
f 3364/3364/3364 3372/3372/3372 3365/3365/3365
f 3365/3365/3365 3372/3372/3372 3373/3373/3373
f 3365/3365/3365 3373/3373/3373 3366/3366/3366
f 3366/3366/3366 3373/3373/3373 3374/3374/3374
f 3366/3366/3366 3374/3374/3374 3367/3367/3367
f 3367/3367/3367 3374/3374/3374 3375/3375/3375
f 3367/3367/3367 3375/3375/3375 3368/3368/3368
f 3368/3368/3368 3375/3375/3375 3376/3376/3376
f 3368/3368/3368 3376/3376/3376 3369/3369/3369
f 3377/3377/3377 3379/3379/3379 3380/3380/3380
f 3377/3377/3377 3380/3380/3380 3378/3378/3378
f 3379/3379/3379 3381/3381/3381 3382/3382/3382
f 3379/3379/3379 3382/3382/3382 3380/3380/3380
f 3381/3381/3381 3383/3383/3383 3384/3384/3384
f 3381/3381/3381 3384/3384/3384 3382/3382/3382
f 3383/3383/3383 3385/3385/3385 3386/3386/3386
f 3383/3383/3383 3386/3386/3386 3384/3384/3384
f 3385/3385/3385 3387/3387/3387 3388/3388/3388
f 3385/3385/3385 3388/3388/3388 3386/3386/3386
f 3387/3387/3387 3389/3389/3389 3390/3390/3390
f 3387/3387/3387 3390/3390/3390 3388/3388/3388
f 3389/3389/3389 3391/3391/3391 3392/3392/3392
f 3389/3389/3389 3392/3392/3392 3390/3390/3390
f 3391/3391/3391 3393/3393/3393 3394/3394/3394
f 3391/3391/3391 3394/3394/3394 3392/3392/3392
f 3395/3395/3395 3397/3397/3397 3398/3398/3398
f 3395/3395/3395 3398/3398/3398 3396/3396/3396
f 3397/3397/3397 3399/3399/3399 3400/3400/3400
f 3397/3397/3397 3400/3400/3400 3398/3398/3398
f 3399/3399/3399 3401/3401/3401 3402/3402/3402
f 3399/3399/3399 3402/3402/3402 3400/3400/3400
f 3401/3401/3401 3403/3403/3403 3404/3404/3404
f 3401/3401/3401 3404/3404/3404 3402/3402/3402
f 3403/3403/3403 3405/3405/3405 3406/3406/3406
f 3403/3403/3403 3406/3406/3406 3404/3404/3404
f 3405/3405/3405 3407/3407/3407 3408/3408/3408
f 3405/3405/3405 3408/3408/3408 3406/3406/3406
f 3407/3407/3407 3409/3409/3409 3410/3410/3410
f 3407/3407/3407 3410/3410/3410 3408/3408/3408
f 3409/3409/3409 3411/3411/3411 3412/3412/3412
f 3409/3409/3409 3412/3412/3412 3410/3410/3410
f 3413/3413/3413 3415/3415/3415 3416/3416/3416
f 3413/3413/3413 3416/3416/3416 3414/3414/3414
f 3415/3415/3415 3417/3417/3417 3418/3418/3418
f 3415/3415/3415 3418/3418/3418 3416/3416/3416
f 3417/3417/3417 3419/3419/3419 3420/3420/3420
f 3417/3417/3417 3420/3420/3420 3418/3418/3418
f 3419/3419/3419 3421/3421/3421 3422/3422/3422
f 3419/3419/3419 3422/3422/3422 3420/3420/3420
f 3421/3421/3421 3423/3423/3423 3424/3424/3424
f 3421/3421/3421 3424/3424/3424 3422/3422/3422
f 3423/3423/3423 3425/3425/3425 3426/3426/3426
f 3423/3423/3423 3426/3426/3426 3424/3424/3424
f 3425/3425/3425 3427/3427/3427 3428/3428/3428
f 3425/3425/3425 3428/3428/3428 3426/3426/3426
f 3427/3427/3427 3429/3429/3429 3430/3430/3430
f 3427/3427/3427 3430/3430/3430 3428/3428/3428
f 3431/3431/3431 3433/3433/3433 3434/3434/3434
f 3431/3431/3431 3434/3434/3434 3432/3432/3432
f 3433/3433/3433 3435/3435/3435 3436/3436/3436
f 3433/3433/3433 3436/3436/3436 3434/3434/3434
f 3435/3435/3435 3437/3437/3437 3438/3438/3438
f 3435/3435/3435 3438/3438/3438 3436/3436/3436
f 3437/3437/3437 3439/3439/3439 3440/3440/3440
f 3437/3437/3437 3440/3440/3440 3438/3438/3438
f 3439/3439/3439 3441/3441/3441 3442/3442/3442
f 3439/3439/3439 3442/3442/3442 3440/3440/3440
f 3441/3441/3441 3443/3443/3443 3444/3444/3444
f 3441/3441/3441 3444/3444/3444 3442/3442/3442
f 3443/3443/3443 3445/3445/3445 3446/3446/3446
f 3443/3443/3443 3446/3446/3446 3444/3444/3444
f 3445/3445/3445 3447/3447/3447 3448/3448/3448
f 3445/3445/3445 3448/3448/3448 3446/3446/3446
f 3449/3449/3449 3451/3451/3451 3452/3452/3452
f 3449/3449/3449 3452/3452/3452 3450/3450/3450
f 3451/3451/3451 3453/3453/3453 3454/3454/3454
f 3451/3451/3451 3454/3454/3454 3452/3452/3452
f 3453/3453/3453 3455/3455/3455 3456/3456/3456
f 3453/3453/3453 3456/3456/3456 3454/3454/3454
f 3455/3455/3455 3457/3457/3457 3458/3458/3458
f 3455/3455/3455 3458/3458/3458 3456/3456/3456
f 3457/3457/3457 3459/3459/3459 3460/3460/3460
f 3457/3457/3457 3460/3460/3460 3458/3458/3458
f 3459/3459/3459 3461/3461/3461 3462/3462/3462
f 3459/3459/3459 3462/3462/3462 3460/3460/3460
f 3461/3461/3461 3463/3463/3463 3464/3464/3464
f 3461/3461/3461 3464/3464/3464 3462/3462/3462
f 3463/3463/3463 3465/3465/3465 3466/3466/3466
f 3463/3463/3463 3466/3466/3466 3464/3464/3464
f 3467/3467/3467 3469/3469/3469 3470/3470/3470
f 3467/3467/3467 3470/3470/3470 3468/3468/3468
f 3469/3469/3469 3471/3471/3471 3472/3472/3472
f 3469/3469/3469 3472/3472/3472 3470/3470/3470
f 3471/3471/3471 3473/3473/3473 3474/3474/3474
f 3471/3471/3471 3474/3474/3474 3472/3472/3472
f 3473/3473/3473 3475/3475/3475 3476/3476/3476
f 3473/3473/3473 3476/3476/3476 3474/3474/3474
f 3475/3475/3475 3477/3477/3477 3478/3478/3478
f 3475/3475/3475 3478/3478/3478 3476/3476/3476
f 3477/3477/3477 3479/3479/3479 3480/3480/3480
f 3477/3477/3477 3480/3480/3480 3478/3478/3478
f 3479/3479/3479 3481/3481/3481 3482/3482/3482
f 3479/3479/3479 3482/3482/3482 3480/3480/3480
f 3481/3481/3481 3483/3483/3483 3484/3484/3484
f 3481/3481/3481 3484/3484/3484 3482/3482/3482
f 3485/3485/3485 3487/3487/3487 3488/3488/3488
f 3485/3485/3485 3488/3488/3488 3486/3486/3486
f 3487/3487/3487 3489/3489/3489 3490/3490/3490
f 3487/3487/3487 3490/3490/3490 3488/3488/3488
f 3489/3489/3489 3491/3491/3491 3492/3492/3492
f 3489/3489/3489 3492/3492/3492 3490/3490/3490
f 3491/3491/3491 3493/3493/3493 3494/3494/3494
f 3491/3491/3491 3494/3494/3494 3492/3492/3492
f 3493/3493/3493 3495/3495/3495 3496/3496/3496
f 3493/3493/3493 3496/3496/3496 3494/3494/3494
f 3495/3495/3495 3497/3497/3497 3498/3498/3498
f 3495/3495/3495 3498/3498/3498 3496/3496/3496
f 3497/3497/3497 3499/3499/3499 3500/3500/3500
f 3497/3497/3497 3500/3500/3500 3498/3498/3498
f 3499/3499/3499 3501/3501/3501 3502/3502/3502
f 3499/3499/3499 3502/3502/3502 3500/3500/3500
f 3503/3503/3503 3505/3505/3505 3506/3506/3506
f 3503/3503/3503 3506/3506/3506 3504/3504/3504
f 3505/3505/3505 3507/3507/3507 3508/3508/3508
f 3505/3505/3505 3508/3508/3508 3506/3506/3506
f 3507/3507/3507 3509/3509/3509 3510/3510/3510
f 3507/3507/3507 3510/3510/3510 3508/3508/3508
f 3509/3509/3509 3511/3511/3511 3512/3512/3512
f 3509/3509/3509 3512/3512/3512 3510/3510/3510
f 3511/3511/3511 3513/3513/3513 3514/3514/3514
f 3511/3511/3511 3514/3514/3514 3512/3512/3512
f 3513/3513/3513 3515/3515/3515 3516/3516/3516
f 3513/3513/3513 3516/3516/3516 3514/3514/3514
f 3515/3515/3515 3517/3517/3517 3518/3518/3518
f 3515/3515/3515 3518/3518/3518 3516/3516/3516
f 3517/3517/3517 3519/3519/3519 3520/3520/3520
f 3517/3517/3517 3520/3520/3520 3518/3518/3518
f 3521/3521/3521 3523/3523/3523 3524/3524/3524
f 3521/3521/3521 3524/3524/3524 3522/3522/3522
f 3523/3523/3523 3525/3525/3525 3526/3526/3526
f 3523/3523/3523 3526/3526/3526 3524/3524/3524
f 3525/3525/3525 3527/3527/3527 3528/3528/3528
f 3525/3525/3525 3528/3528/3528 3526/3526/3526
f 3527/3527/3527 3529/3529/3529 3530/3530/3530
f 3527/3527/3527 3530/3530/3530 3528/3528/3528
f 3529/3529/3529 3531/3531/3531 3532/3532/3532
f 3529/3529/3529 3532/3532/3532 3530/3530/3530
f 3531/3531/3531 3533/3533/3533 3534/3534/3534
f 3531/3531/3531 3534/3534/3534 3532/3532/3532
f 3533/3533/3533 3535/3535/3535 3536/3536/3536
f 3533/3533/3533 3536/3536/3536 3534/3534/3534
f 3535/3535/3535 3537/3537/3537 3538/3538/3538
f 3535/3535/3535 3538/3538/3538 3536/3536/3536
f 3539/3539/3539 3541/3541/3541 3542/3542/3542
f 3539/3539/3539 3542/3542/3542 3540/3540/3540
f 3541/3541/3541 3543/3543/3543 3544/3544/3544
f 3541/3541/3541 3544/3544/3544 3542/3542/3542
f 3543/3543/3543 3545/3545/3545 3546/3546/3546
f 3543/3543/3543 3546/3546/3546 3544/3544/3544
f 3545/3545/3545 3547/3547/3547 3548/3548/3548
f 3545/3545/3545 3548/3548/3548 3546/3546/3546
f 3547/3547/3547 3549/3549/3549 3550/3550/3550
f 3547/3547/3547 3550/3550/3550 3548/3548/3548
f 3549/3549/3549 3551/3551/3551 3552/3552/3552
f 3549/3549/3549 3552/3552/3552 3550/3550/3550
f 3551/3551/3551 3553/3553/3553 3554/3554/3554
f 3551/3551/3551 3554/3554/3554 3552/3552/3552
f 3553/3553/3553 3555/3555/3555 3556/3556/3556
f 3553/3553/3553 3556/3556/3556 3554/3554/3554
f 3557/3557/3557 3559/3559/3559 3560/3560/3560
f 3557/3557/3557 3560/3560/3560 3558/3558/3558
f 3559/3559/3559 3561/3561/3561 3562/3562/3562
f 3559/3559/3559 3562/3562/3562 3560/3560/3560
f 3561/3561/3561 3563/3563/3563 3564/3564/3564
f 3561/3561/3561 3564/3564/3564 3562/3562/3562
f 3563/3563/3563 3565/3565/3565 3566/3566/3566
f 3563/3563/3563 3566/3566/3566 3564/3564/3564
f 3565/3565/3565 3567/3567/3567 3568/3568/3568
f 3565/3565/3565 3568/3568/3568 3566/3566/3566
f 3567/3567/3567 3569/3569/3569 3570/3570/3570
f 3567/3567/3567 3570/3570/3570 3568/3568/3568
f 3569/3569/3569 3571/3571/3571 3572/3572/3572
f 3569/3569/3569 3572/3572/3572 3570/3570/3570
f 3571/3571/3571 3573/3573/3573 3574/3574/3574
f 3571/3571/3571 3574/3574/3574 3572/3572/3572
f 3575/3575/3575 3577/3577/3577 3578/3578/3578
f 3575/3575/3575 3578/3578/3578 3576/3576/3576
f 3577/3577/3577 3579/3579/3579 3580/3580/3580
f 3577/3577/3577 3580/3580/3580 3578/3578/3578
f 3579/3579/3579 3581/3581/3581 3582/3582/3582
f 3579/3579/3579 3582/3582/3582 3580/3580/3580
f 3581/3581/3581 3583/3583/3583 3584/3584/3584
f 3581/3581/3581 3584/3584/3584 3582/3582/3582
f 3583/3583/3583 3585/3585/3585 3586/3586/3586
f 3583/3583/3583 3586/3586/3586 3584/3584/3584
f 3585/3585/3585 3587/3587/3587 3588/3588/3588
f 3585/3585/3585 3588/3588/3588 3586/3586/3586
f 3587/3587/3587 3589/3589/3589 3590/3590/3590
f 3587/3587/3587 3590/3590/3590 3588/3588/3588
f 3589/3589/3589 3591/3591/3591 3592/3592/3592
f 3589/3589/3589 3592/3592/3592 3590/3590/3590
f 3593/3593/3593 3595/3595/3595 3596/3596/3596
f 3593/3593/3593 3596/3596/3596 3594/3594/3594
f 3595/3595/3595 3597/3597/3597 3598/3598/3598
f 3595/3595/3595 3598/3598/3598 3596/3596/3596
f 3597/3597/3597 3599/3599/3599 3600/3600/3600
f 3597/3597/3597 3600/3600/3600 3598/3598/3598
f 3599/3599/3599 3601/3601/3601 3602/3602/3602
f 3599/3599/3599 3602/3602/3602 3600/3600/3600
f 3601/3601/3601 3603/3603/3603 3604/3604/3604
f 3601/3601/3601 3604/3604/3604 3602/3602/3602
f 3603/3603/3603 3605/3605/3605 3606/3606/3606
f 3603/3603/3603 3606/3606/3606 3604/3604/3604
f 3605/3605/3605 3607/3607/3607 3608/3608/3608
f 3605/3605/3605 3608/3608/3608 3606/3606/3606
f 3607/3607/3607 3609/3609/3609 3610/3610/3610
f 3607/3607/3607 3610/3610/3610 3608/3608/3608
f 3611/3611/3611 3613/3613/3613 3614/3614/3614
f 3611/3611/3611 3614/3614/3614 3612/3612/3612
f 3613/3613/3613 3615/3615/3615 3616/3616/3616
f 3613/3613/3613 3616/3616/3616 3614/3614/3614
f 3615/3615/3615 3617/3617/3617 3618/3618/3618
f 3615/3615/3615 3618/3618/3618 3616/3616/3616
f 3617/3617/3617 3619/3619/3619 3620/3620/3620
f 3617/3617/3617 3620/3620/3620 3618/3618/3618
f 3619/3619/3619 3621/3621/3621 3622/3622/3622
f 3619/3619/3619 3622/3622/3622 3620/3620/3620
f 3621/3621/3621 3623/3623/3623 3624/3624/3624
f 3621/3621/3621 3624/3624/3624 3622/3622/3622
f 3623/3623/3623 3625/3625/3625 3626/3626/3626
f 3623/3623/3623 3626/3626/3626 3624/3624/3624
f 3625/3625/3625 3627/3627/3627 3628/3628/3628
f 3625/3625/3625 3628/3628/3628 3626/3626/3626
f 3629/3629/3629 3631/3631/3631 3632/3632/3632
f 3629/3629/3629 3632/3632/3632 3630/3630/3630
f 3631/3631/3631 3633/3633/3633 3634/3634/3634
f 3631/3631/3631 3634/3634/3634 3632/3632/3632
f 3633/3633/3633 3635/3635/3635 3636/3636/3636
f 3633/3633/3633 3636/3636/3636 3634/3634/3634
f 3635/3635/3635 3637/3637/3637 3638/3638/3638
f 3635/3635/3635 3638/3638/3638 3636/3636/3636
f 3637/3637/3637 3639/3639/3639 3640/3640/3640
f 3637/3637/3637 3640/3640/3640 3638/3638/3638
f 3639/3639/3639 3641/3641/3641 3642/3642/3642
f 3639/3639/3639 3642/3642/3642 3640/3640/3640
f 3641/3641/3641 3643/3643/3643 3644/3644/3644
f 3641/3641/3641 3644/3644/3644 3642/3642/3642
f 3643/3643/3643 3645/3645/3645 3646/3646/3646
f 3643/3643/3643 3646/3646/3646 3644/3644/3644
f 3647/3647/3647 3649/3649/3649 3650/3650/3650
f 3647/3647/3647 3650/3650/3650 3648/3648/3648
f 3649/3649/3649 3651/3651/3651 3652/3652/3652
f 3649/3649/3649 3652/3652/3652 3650/3650/3650
f 3651/3651/3651 3653/3653/3653 3654/3654/3654
f 3651/3651/3651 3654/3654/3654 3652/3652/3652
f 3653/3653/3653 3655/3655/3655 3656/3656/3656
f 3653/3653/3653 3656/3656/3656 3654/3654/3654
f 3655/3655/3655 3657/3657/3657 3658/3658/3658
f 3655/3655/3655 3658/3658/3658 3656/3656/3656
f 3657/3657/3657 3659/3659/3659 3660/3660/3660
f 3657/3657/3657 3660/3660/3660 3658/3658/3658
f 3659/3659/3659 3661/3661/3661 3662/3662/3662
f 3659/3659/3659 3662/3662/3662 3660/3660/3660
f 3661/3661/3661 3663/3663/3663 3664/3664/3664
f 3661/3661/3661 3664/3664/3664 3662/3662/3662
f 3665/3665/3665 3667/3667/3667 3668/3668/3668
f 3665/3665/3665 3668/3668/3668 3666/3666/3666
f 3667/3667/3667 3669/3669/3669 3670/3670/3670
f 3667/3667/3667 3670/3670/3670 3668/3668/3668
f 3669/3669/3669 3671/3671/3671 3672/3672/3672
f 3669/3669/3669 3672/3672/3672 3670/3670/3670
f 3671/3671/3671 3673/3673/3673 3674/3674/3674
f 3671/3671/3671 3674/3674/3674 3672/3672/3672
f 3673/3673/3673 3675/3675/3675 3676/3676/3676
f 3673/3673/3673 3676/3676/3676 3674/3674/3674
f 3675/3675/3675 3677/3677/3677 3678/3678/3678
f 3675/3675/3675 3678/3678/3678 3676/3676/3676
f 3677/3677/3677 3679/3679/3679 3680/3680/3680
f 3677/3677/3677 3680/3680/3680 3678/3678/3678
f 3679/3679/3679 3681/3681/3681 3682/3682/3682
f 3679/3679/3679 3682/3682/3682 3680/3680/3680
f 3683/3683/3683 3685/3685/3685 3686/3686/3686
f 3683/3683/3683 3686/3686/3686 3684/3684/3684
f 3685/3685/3685 3687/3687/3687 3688/3688/3688
f 3685/3685/3685 3688/3688/3688 3686/3686/3686
f 3687/3687/3687 3689/3689/3689 3690/3690/3690
f 3687/3687/3687 3690/3690/3690 3688/3688/3688
f 3689/3689/3689 3691/3691/3691 3692/3692/3692
f 3689/3689/3689 3692/3692/3692 3690/3690/3690
f 3691/3691/3691 3693/3693/3693 3694/3694/3694
f 3691/3691/3691 3694/3694/3694 3692/3692/3692
f 3693/3693/3693 3695/3695/3695 3696/3696/3696
f 3693/3693/3693 3696/3696/3696 3694/3694/3694
f 3695/3695/3695 3697/3697/3697 3698/3698/3698
f 3695/3695/3695 3698/3698/3698 3696/3696/3696
f 3697/3697/3697 3699/3699/3699 3700/3700/3700
f 3697/3697/3697 3700/3700/3700 3698/3698/3698
f 3701/3701/3701 3703/3703/3703 3704/3704/3704
f 3701/3701/3701 3704/3704/3704 3702/3702/3702
f 3703/3703/3703 3705/3705/3705 3706/3706/3706
f 3703/3703/3703 3706/3706/3706 3704/3704/3704
f 3705/3705/3705 3707/3707/3707 3708/3708/3708
f 3705/3705/3705 3708/3708/3708 3706/3706/3706
f 3707/3707/3707 3709/3709/3709 3710/3710/3710
f 3707/3707/3707 3710/3710/3710 3708/3708/3708
f 3709/3709/3709 3711/3711/3711 3712/3712/3712
f 3709/3709/3709 3712/3712/3712 3710/3710/3710
f 3711/3711/3711 3713/3713/3713 3714/3714/3714
f 3711/3711/3711 3714/3714/3714 3712/3712/3712
f 3713/3713/3713 3715/3715/3715 3716/3716/3716
f 3713/3713/3713 3716/3716/3716 3714/3714/3714
f 3715/3715/3715 3717/3717/3717 3718/3718/3718
f 3715/3715/3715 3718/3718/3718 3716/3716/3716
f 3719/3719/3719 3721/3721/3721 3722/3722/3722
f 3719/3719/3719 3722/3722/3722 3720/3720/3720
f 3721/3721/3721 3723/3723/3723 3724/3724/3724
f 3721/3721/3721 3724/3724/3724 3722/3722/3722
f 3723/3723/3723 3725/3725/3725 3726/3726/3726
f 3723/3723/3723 3726/3726/3726 3724/3724/3724
f 3725/3725/3725 3727/3727/3727 3728/3728/3728
f 3725/3725/3725 3728/3728/3728 3726/3726/3726
f 3727/3727/3727 3729/3729/3729 3730/3730/3730
f 3727/3727/3727 3730/3730/3730 3728/3728/3728
f 3729/3729/3729 3731/3731/3731 3732/3732/3732
f 3729/3729/3729 3732/3732/3732 3730/3730/3730
f 3731/3731/3731 3733/3733/3733 3734/3734/3734
f 3731/3731/3731 3734/3734/3734 3732/3732/3732
f 3733/3733/3733 3735/3735/3735 3736/3736/3736
f 3733/3733/3733 3736/3736/3736 3734/3734/3734
f 3737/3737/3737 3739/3739/3739 3740/3740/3740
f 3737/3737/3737 3740/3740/3740 3738/3738/3738
f 3739/3739/3739 3741/3741/3741 3742/3742/3742
f 3739/3739/3739 3742/3742/3742 3740/3740/3740
f 3741/3741/3741 3743/3743/3743 3744/3744/3744
f 3741/3741/3741 3744/3744/3744 3742/3742/3742
f 3743/3743/3743 3745/3745/3745 3746/3746/3746
f 3743/3743/3743 3746/3746/3746 3744/3744/3744
f 3745/3745/3745 3747/3747/3747 3748/3748/3748
f 3745/3745/3745 3748/3748/3748 3746/3746/3746
f 3747/3747/3747 3749/3749/3749 3750/3750/3750
f 3747/3747/3747 3750/3750/3750 3748/3748/3748
f 3749/3749/3749 3751/3751/3751 3752/3752/3752
f 3749/3749/3749 3752/3752/3752 3750/3750/3750
f 3751/3751/3751 3753/3753/3753 3754/3754/3754
f 3751/3751/3751 3754/3754/3754 3752/3752/3752
f 3755/3755/3755 3757/3757/3757 3758/3758/3758
f 3755/3755/3755 3758/3758/3758 3756/3756/3756
f 3757/3757/3757 3759/3759/3759 3760/3760/3760
f 3757/3757/3757 3760/3760/3760 3758/3758/3758
f 3759/3759/3759 3761/3761/3761 3762/3762/3762
f 3759/3759/3759 3762/3762/3762 3760/3760/3760
f 3761/3761/3761 3763/3763/3763 3764/3764/3764
f 3761/3761/3761 3764/3764/3764 3762/3762/3762
f 3763/3763/3763 3765/3765/3765 3766/3766/3766
f 3763/3763/3763 3766/3766/3766 3764/3764/3764
f 3765/3765/3765 3767/3767/3767 3768/3768/3768
f 3765/3765/3765 3768/3768/3768 3766/3766/3766
f 3767/3767/3767 3769/3769/3769 3770/3770/3770
f 3767/3767/3767 3770/3770/3770 3768/3768/3768
f 3769/3769/3769 3771/3771/3771 3772/3772/3772
f 3769/3769/3769 3772/3772/3772 3770/3770/3770
f 3773/3773/3773 3775/3775/3775 3776/3776/3776
f 3773/3773/3773 3776/3776/3776 3774/3774/3774
f 3775/3775/3775 3777/3777/3777 3778/3778/3778
f 3775/3775/3775 3778/3778/3778 3776/3776/3776
f 3777/3777/3777 3779/3779/3779 3780/3780/3780
f 3777/3777/3777 3780/3780/3780 3778/3778/3778
f 3779/3779/3779 3781/3781/3781 3782/3782/3782
f 3779/3779/3779 3782/3782/3782 3780/3780/3780
f 3781/3781/3781 3783/3783/3783 3784/3784/3784
f 3781/3781/3781 3784/3784/3784 3782/3782/3782
f 3783/3783/3783 3785/3785/3785 3786/3786/3786
f 3783/3783/3783 3786/3786/3786 3784/3784/3784
f 3785/3785/3785 3787/3787/3787 3788/3788/3788
f 3785/3785/3785 3788/3788/3788 3786/3786/3786
f 3787/3787/3787 3789/3789/3789 3790/3790/3790
f 3787/3787/3787 3790/3790/3790 3788/3788/3788
f 3791/3791/3791 3793/3793/3793 3794/3794/3794
f 3791/3791/3791 3794/3794/3794 3792/3792/3792
f 3793/3793/3793 3795/3795/3795 3796/3796/3796
f 3793/3793/3793 3796/3796/3796 3794/3794/3794
f 3795/3795/3795 3797/3797/3797 3798/3798/3798
f 3795/3795/3795 3798/3798/3798 3796/3796/3796
f 3797/3797/3797 3799/3799/3799 3800/3800/3800
f 3797/3797/3797 3800/3800/3800 3798/3798/3798
f 3799/3799/3799 3801/3801/3801 3802/3802/3802
f 3799/3799/3799 3802/3802/3802 3800/3800/3800
f 3801/3801/3801 3803/3803/3803 3804/3804/3804
f 3801/3801/3801 3804/3804/3804 3802/3802/3802
f 3803/3803/3803 3805/3805/3805 3806/3806/3806
f 3803/3803/3803 3806/3806/3806 3804/3804/3804
f 3805/3805/3805 3807/3807/3807 3808/3808/3808
f 3805/3805/3805 3808/3808/3808 3806/3806/3806
f 3809/3809/3809 3811/3811/3811 3812/3812/3812
f 3809/3809/3809 3812/3812/3812 3810/3810/3810
f 3811/3811/3811 3813/3813/3813 3814/3814/3814
f 3811/3811/3811 3814/3814/3814 3812/3812/3812
f 3813/3813/3813 3815/3815/3815 3816/3816/3816
f 3813/3813/3813 3816/3816/3816 3814/3814/3814
f 3815/3815/3815 3817/3817/3817 3818/3818/3818
f 3815/3815/3815 3818/3818/3818 3816/3816/3816
f 3817/3817/3817 3819/3819/3819 3820/3820/3820
f 3817/3817/3817 3820/3820/3820 3818/3818/3818
f 3819/3819/3819 3821/3821/3821 3822/3822/3822
f 3819/3819/3819 3822/3822/3822 3820/3820/3820
f 3821/3821/3821 3823/3823/3823 3824/3824/3824
f 3821/3821/3821 3824/3824/3824 3822/3822/3822
f 3823/3823/3823 3825/3825/3825 3826/3826/3826
f 3823/3823/3823 3826/3826/3826 3824/3824/3824
f 3827/3827/3827 3829/3829/3829 3830/3830/3830
f 3827/3827/3827 3830/3830/3830 3828/3828/3828
f 3829/3829/3829 3831/3831/3831 3832/3832/3832
f 3829/3829/3829 3832/3832/3832 3830/3830/3830
f 3831/3831/3831 3833/3833/3833 3834/3834/3834
f 3831/3831/3831 3834/3834/3834 3832/3832/3832
f 3833/3833/3833 3835/3835/3835 3836/3836/3836
f 3833/3833/3833 3836/3836/3836 3834/3834/3834
f 3835/3835/3835 3837/3837/3837 3838/3838/3838
f 3835/3835/3835 3838/3838/3838 3836/3836/3836
f 3837/3837/3837 3839/3839/3839 3840/3840/3840
f 3837/3837/3837 3840/3840/3840 3838/3838/3838
f 3839/3839/3839 3841/3841/3841 3842/3842/3842
f 3839/3839/3839 3842/3842/3842 3840/3840/3840
f 3841/3841/3841 3843/3843/3843 3844/3844/3844
f 3841/3841/3841 3844/3844/3844 3842/3842/3842
f 3845/3845/3845 3847/3847/3847 3848/3848/3848
f 3845/3845/3845 3848/3848/3848 3846/3846/3846
f 3847/3847/3847 3849/3849/3849 3850/3850/3850
f 3847/3847/3847 3850/3850/3850 3848/3848/3848
f 3849/3849/3849 3851/3851/3851 3852/3852/3852
f 3849/3849/3849 3852/3852/3852 3850/3850/3850
f 3851/3851/3851 3853/3853/3853 3854/3854/3854
f 3851/3851/3851 3854/3854/3854 3852/3852/3852
f 3853/3853/3853 3855/3855/3855 3856/3856/3856
f 3853/3853/3853 3856/3856/3856 3854/3854/3854
f 3855/3855/3855 3857/3857/3857 3858/3858/3858
f 3855/3855/3855 3858/3858/3858 3856/3856/3856
f 3857/3857/3857 3859/3859/3859 3860/3860/3860
f 3857/3857/3857 3860/3860/3860 3858/3858/3858
f 3859/3859/3859 3861/3861/3861 3862/3862/3862
f 3859/3859/3859 3862/3862/3862 3860/3860/3860
f 3863/3863/3863 3865/3865/3865 3866/3866/3866
f 3863/3863/3863 3866/3866/3866 3864/3864/3864
f 3865/3865/3865 3867/3867/3867 3868/3868/3868
f 3865/3865/3865 3868/3868/3868 3866/3866/3866
f 3867/3867/3867 3869/3869/3869 3870/3870/3870
f 3867/3867/3867 3870/3870/3870 3868/3868/3868
f 3869/3869/3869 3871/3871/3871 3872/3872/3872
f 3869/3869/3869 3872/3872/3872 3870/3870/3870
f 3871/3871/3871 3873/3873/3873 3874/3874/3874
f 3871/3871/3871 3874/3874/3874 3872/3872/3872
f 3873/3873/3873 3875/3875/3875 3876/3876/3876
f 3873/3873/3873 3876/3876/3876 3874/3874/3874
f 3875/3875/3875 3877/3877/3877 3878/3878/3878
f 3875/3875/3875 3878/3878/3878 3876/3876/3876
f 3877/3877/3877 3879/3879/3879 3880/3880/3880
f 3877/3877/3877 3880/3880/3880 3878/3878/3878
f 3881/3881/3881 3883/3883/3883 3884/3884/3884
f 3881/3881/3881 3884/3884/3884 3882/3882/3882
f 3883/3883/3883 3885/3885/3885 3886/3886/3886
f 3883/3883/3883 3886/3886/3886 3884/3884/3884
f 3885/3885/3885 3887/3887/3887 3888/3888/3888
f 3885/3885/3885 3888/3888/3888 3886/3886/3886
f 3887/3887/3887 3889/3889/3889 3890/3890/3890
f 3887/3887/3887 3890/3890/3890 3888/3888/3888
f 3889/3889/3889 3891/3891/3891 3892/3892/3892
f 3889/3889/3889 3892/3892/3892 3890/3890/3890
f 3891/3891/3891 3893/3893/3893 3894/3894/3894
f 3891/3891/3891 3894/3894/3894 3892/3892/3892
f 3893/3893/3893 3895/3895/3895 3896/3896/3896
f 3893/3893/3893 3896/3896/3896 3894/3894/3894
f 3895/3895/3895 3897/3897/3897 3898/3898/3898
f 3895/3895/3895 3898/3898/3898 3896/3896/3896
f 3899/3899/3899 3901/3901/3901 3902/3902/3902
f 3899/3899/3899 3902/3902/3902 3900/3900/3900
f 3901/3901/3901 3903/3903/3903 3904/3904/3904
f 3901/3901/3901 3904/3904/3904 3902/3902/3902
f 3903/3903/3903 3905/3905/3905 3906/3906/3906
f 3903/3903/3903 3906/3906/3906 3904/3904/3904
f 3905/3905/3905 3907/3907/3907 3908/3908/3908
f 3905/3905/3905 3908/3908/3908 3906/3906/3906
f 3907/3907/3907 3909/3909/3909 3910/3910/3910
f 3907/3907/3907 3910/3910/3910 3908/3908/3908
f 3909/3909/3909 3911/3911/3911 3912/3912/3912
f 3909/3909/3909 3912/3912/3912 3910/3910/3910
f 3911/3911/3911 3913/3913/3913 3914/3914/3914
f 3911/3911/3911 3914/3914/3914 3912/3912/3912
f 3913/3913/3913 3915/3915/3915 3916/3916/3916
f 3913/3913/3913 3916/3916/3916 3914/3914/3914
f 3917/3917/3917 3919/3919/3919 3920/3920/3920
f 3917/3917/3917 3920/3920/3920 3918/3918/3918
f 3919/3919/3919 3921/3921/3921 3922/3922/3922
f 3919/3919/3919 3922/3922/3922 3920/3920/3920
f 3921/3921/3921 3923/3923/3923 3924/3924/3924
f 3921/3921/3921 3924/3924/3924 3922/3922/3922
f 3923/3923/3923 3925/3925/3925 3926/3926/3926
f 3923/3923/3923 3926/3926/3926 3924/3924/3924
f 3925/3925/3925 3927/3927/3927 3928/3928/3928
f 3925/3925/3925 3928/3928/3928 3926/3926/3926
f 3927/3927/3927 3929/3929/3929 3930/3930/3930
f 3927/3927/3927 3930/3930/3930 3928/3928/3928
f 3929/3929/3929 3931/3931/3931 3932/3932/3932
f 3929/3929/3929 3932/3932/3932 3930/3930/3930
f 3931/3931/3931 3933/3933/3933 3934/3934/3934
f 3931/3931/3931 3934/3934/3934 3932/3932/3932
f 3935/3935/3935 3937/3937/3937 3938/3938/3938
f 3935/3935/3935 3938/3938/3938 3936/3936/3936
f 3937/3937/3937 3939/3939/3939 3940/3940/3940
f 3937/3937/3937 3940/3940/3940 3938/3938/3938
f 3939/3939/3939 3941/3941/3941 3942/3942/3942
f 3939/3939/3939 3942/3942/3942 3940/3940/3940
f 3941/3941/3941 3943/3943/3943 3944/3944/3944
f 3941/3941/3941 3944/3944/3944 3942/3942/3942
f 3943/3943/3943 3945/3945/3945 3946/3946/3946
f 3943/3943/3943 3946/3946/3946 3944/3944/3944
f 3945/3945/3945 3947/3947/3947 3948/3948/3948
f 3945/3945/3945 3948/3948/3948 3946/3946/3946
f 3947/3947/3947 3949/3949/3949 3950/3950/3950
f 3947/3947/3947 3950/3950/3950 3948/3948/3948
f 3949/3949/3949 3951/3951/3951 3952/3952/3952
f 3949/3949/3949 3952/3952/3952 3950/3950/3950
f 3953/3953/3953 3955/3955/3955 3956/3956/3956
f 3953/3953/3953 3956/3956/3956 3954/3954/3954
f 3955/3955/3955 3957/3957/3957 3958/3958/3958
f 3955/3955/3955 3958/3958/3958 3956/3956/3956
f 3957/3957/3957 3959/3959/3959 3960/3960/3960
f 3957/3957/3957 3960/3960/3960 3958/3958/3958
f 3959/3959/3959 3961/3961/3961 3962/3962/3962
f 3959/3959/3959 3962/3962/3962 3960/3960/3960
f 3961/3961/3961 3963/3963/3963 3964/3964/3964
f 3961/3961/3961 3964/3964/3964 3962/3962/3962
f 3963/3963/3963 3965/3965/3965 3966/3966/3966
f 3963/3963/3963 3966/3966/3966 3964/3964/3964
f 3965/3965/3965 3967/3967/3967 3968/3968/3968
f 3965/3965/3965 3968/3968/3968 3966/3966/3966
f 3967/3967/3967 3969/3969/3969 3970/3970/3970
f 3967/3967/3967 3970/3970/3970 3968/3968/3968
f 3971/3971/3971 3973/3973/3973 3974/3974/3974
f 3971/3971/3971 3974/3974/3974 3972/3972/3972
f 3973/3973/3973 3975/3975/3975 3976/3976/3976
f 3973/3973/3973 3976/3976/3976 3974/3974/3974
f 3975/3975/3975 3977/3977/3977 3978/3978/3978
f 3975/3975/3975 3978/3978/3978 3976/3976/3976
f 3977/3977/3977 3979/3979/3979 3980/3980/3980
f 3977/3977/3977 3980/3980/3980 3978/3978/3978
f 3979/3979/3979 3981/3981/3981 3982/3982/3982
f 3979/3979/3979 3982/3982/3982 3980/3980/3980
f 3981/3981/3981 3983/3983/3983 3984/3984/3984
f 3981/3981/3981 3984/3984/3984 3982/3982/3982
f 3983/3983/3983 3985/3985/3985 3986/3986/3986
f 3983/3983/3983 3986/3986/3986 3984/3984/3984
f 3985/3985/3985 3987/3987/3987 3988/3988/3988
f 3985/3985/3985 3988/3988/3988 3986/3986/3986
f 3989/3989/3989 3991/3991/3991 3992/3992/3992
f 3989/3989/3989 3992/3992/3992 3990/3990/3990
f 3991/3991/3991 3993/3993/3993 3994/3994/3994
f 3991/3991/3991 3994/3994/3994 3992/3992/3992
f 3993/3993/3993 3995/3995/3995 3996/3996/3996
f 3993/3993/3993 3996/3996/3996 3994/3994/3994
f 3995/3995/3995 3997/3997/3997 3998/3998/3998
f 3995/3995/3995 3998/3998/3998 3996/3996/3996
f 3997/3997/3997 3999/3999/3999 4000/4000/4000
f 3997/3997/3997 4000/4000/4000 3998/3998/3998
f 3999/3999/3999 4001/4001/4001 4002/4002/4002
f 3999/3999/3999 4002/4002/4002 4000/4000/4000
f 4001/4001/4001 4003/4003/4003 4004/4004/4004
f 4001/4001/4001 4004/4004/4004 4002/4002/4002
f 4003/4003/4003 4005/4005/4005 4006/4006/4006
f 4003/4003/4003 4006/4006/4006 4004/4004/4004
f 4007/4007/4007 4009/4009/4009 4010/4010/4010
f 4007/4007/4007 4010/4010/4010 4008/4008/4008
f 4009/4009/4009 4011/4011/4011 4012/4012/4012
f 4009/4009/4009 4012/4012/4012 4010/4010/4010
f 4011/4011/4011 4013/4013/4013 4014/4014/4014
f 4011/4011/4011 4014/4014/4014 4012/4012/4012
f 4013/4013/4013 4015/4015/4015 4016/4016/4016
f 4013/4013/4013 4016/4016/4016 4014/4014/4014
f 4015/4015/4015 4017/4017/4017 4018/4018/4018
f 4015/4015/4015 4018/4018/4018 4016/4016/4016
f 4017/4017/4017 4019/4019/4019 4020/4020/4020
f 4017/4017/4017 4020/4020/4020 4018/4018/4018
f 4019/4019/4019 4021/4021/4021 4022/4022/4022
f 4019/4019/4019 4022/4022/4022 4020/4020/4020
f 4021/4021/4021 4023/4023/4023 4024/4024/4024
f 4021/4021/4021 4024/4024/4024 4022/4022/4022
