# CG2 False King attack model
mtllib false_king_dominion_sigil.mtl
o false_king_dominion_sigil
v 1.0400000 0.0000000 0.0000000
v 1.0119253 0.0771345 0.0000000
v 0.9408378 0.1181769 0.0000000
v 0.8600000 0.1039230 0.0000000
v 0.8072369 0.0410424 0.0000000
v 0.8072369 -0.0410424 0.0000000
v 0.8600000 -0.1039230 0.0000000
v 0.9408378 -0.1181769 0.0000000
v 1.0119253 -0.0771345 0.0000000
v 1.0400000 -0.0000000 0.0000000
v 1.0311027 0.0000000 0.1357472
v 1.0032682 0.0771345 0.1320828
v 0.9327888 0.1181769 0.1228040
v 0.8526426 0.1039230 0.1122525
v 0.8003309 0.0410424 0.1053656
v 0.8003309 -0.0410424 0.1053656
v 0.8526426 -0.1039230 0.1122525
v 0.9327888 -0.1181769 0.1228040
v 1.0032682 -0.0771345 0.1320828
v 1.0311027 -0.0000000 0.1357472
v 1.0045629 0.0000000 0.2691718
v 0.9774448 0.0771345 0.2619055
v 0.9087795 0.1181769 0.2435067
v 0.8306962 0.1039230 0.2225844
v 0.7797310 0.0410424 0.2089283
v 0.7797310 -0.0410424 0.2089283
v 0.8306962 -0.1039230 0.2225844
v 0.9087795 -0.1181769 0.2435067
v 0.9774448 -0.0771345 0.2619055
v 1.0045629 -0.0000000 0.2691718
v 0.9608347 0.0000000 0.3979908
v 0.9348971 0.0771345 0.3872471
v 0.8692208 0.1181769 0.3600430
v 0.7945364 0.1039230 0.3291078
v 0.7457896 0.0410424 0.3089162
v 0.7457896 -0.0410424 0.3089162
v 0.7945364 -0.1039230 0.3291078
v 0.8692208 -0.1181769 0.3600430
v 0.9348971 -0.0771345 0.3872471
v 0.9608347 -0.0000000 0.3979908
v 0.9006664 0.0000000 0.5200000
v 0.8763530 0.0771345 0.5059627
v 0.8147894 0.1181769 0.4704189
v 0.7447818 0.1039230 0.4300000
v 0.6990876 0.0410424 0.4036184
v 0.6990876 -0.0410424 0.4036184
v 0.7447818 -0.1039230 0.4300000
v 0.8147894 -0.1181769 0.4704189
v 0.8763530 -0.0771345 0.5059627
v 0.9006664 -0.0000000 0.5200000
v 0.8250875 0.0000000 0.6331119
v 0.8028143 0.0771345 0.6160211
v 0.7464168 0.1181769 0.5727458
v 0.6822839 0.1039230 0.5235348
v 0.6404241 0.0410424 0.4914147
v 0.6404241 -0.0410424 0.4914147
v 0.6822839 -0.1039230 0.5235348
v 0.7464168 -0.1181769 0.5727458
v 0.8028143 -0.0771345 0.6160211
v 0.8250875 -0.0000000 0.6331119
v 0.7353911 0.0000000 0.7353911
v 0.7155393 0.0771345 0.7155393
v 0.6652728 0.1181769 0.6652728
v 0.6081118 0.1039230 0.6081118
v 0.5708027 0.0410424 0.5708027
v 0.5708027 -0.0410424 0.5708027
v 0.6081118 -0.1039230 0.6081118
v 0.6652728 -0.1181769 0.6652728
v 0.7155393 -0.0771345 0.7155393
v 0.7353911 -0.0000000 0.7353911
v 0.6331119 0.0000000 0.8250875
v 0.6160211 0.0771345 0.8028143
v 0.5727458 0.1181769 0.7464168
v 0.5235348 0.1039230 0.6822839
v 0.4914147 0.0410424 0.6404241
v 0.4914147 -0.0410424 0.6404241
v 0.5235348 -0.1039230 0.6822839
v 0.5727458 -0.1181769 0.7464168
v 0.6160211 -0.0771345 0.8028143
v 0.6331119 -0.0000000 0.8250875
v 0.5200000 0.0000000 0.9006664
v 0.5059627 0.0771345 0.8763530
v 0.4704189 0.1181769 0.8147894
v 0.4300000 0.1039230 0.7447818
v 0.4036184 0.0410424 0.6990876
v 0.4036184 -0.0410424 0.6990876
v 0.4300000 -0.1039230 0.7447818
v 0.4704189 -0.1181769 0.8147894
v 0.5059627 -0.0771345 0.8763530
v 0.5200000 -0.0000000 0.9006664
v 0.3979908 0.0000000 0.9608347
v 0.3872471 0.0771345 0.9348971
v 0.3600430 0.1181769 0.8692208
v 0.3291078 0.1039230 0.7945364
v 0.3089162 0.0410424 0.7457896
v 0.3089162 -0.0410424 0.7457896
v 0.3291078 -0.1039230 0.7945364
v 0.3600430 -0.1181769 0.8692208
v 0.3872471 -0.0771345 0.9348971
v 0.3979908 -0.0000000 0.9608347
v 0.2691718 0.0000000 1.0045629
v 0.2619055 0.0771345 0.9774448
v 0.2435067 0.1181769 0.9087795
v 0.2225844 0.1039230 0.8306962
v 0.2089283 0.0410424 0.7797310
v 0.2089283 -0.0410424 0.7797310
v 0.2225844 -0.1039230 0.8306962
v 0.2435067 -0.1181769 0.9087795
v 0.2619055 -0.0771345 0.9774448
v 0.2691718 -0.0000000 1.0045629
v 0.1357472 0.0000000 1.0311027
v 0.1320828 0.0771345 1.0032682
v 0.1228040 0.1181769 0.9327888
v 0.1122525 0.1039230 0.8526426
v 0.1053656 0.0410424 0.8003309
v 0.1053656 -0.0410424 0.8003309
v 0.1122525 -0.1039230 0.8526426
v 0.1228040 -0.1181769 0.9327888
v 0.1320828 -0.0771345 1.0032682
v 0.1357472 -0.0000000 1.0311027
v 0.0000000 0.0000000 1.0400000
v 0.0000000 0.0771345 1.0119253
v 0.0000000 0.1181769 0.9408378
v 0.0000000 0.1039230 0.8600000
v 0.0000000 0.0410424 0.8072369
v 0.0000000 -0.0410424 0.8072369
v 0.0000000 -0.1039230 0.8600000
v 0.0000000 -0.1181769 0.9408378
v 0.0000000 -0.0771345 1.0119253
v 0.0000000 -0.0000000 1.0400000
v -0.1357472 0.0000000 1.0311027
v -0.1320828 0.0771345 1.0032682
v -0.1228040 0.1181769 0.9327888
v -0.1122525 0.1039230 0.8526426
v -0.1053656 0.0410424 0.8003309
v -0.1053656 -0.0410424 0.8003309
v -0.1122525 -0.1039230 0.8526426
v -0.1228040 -0.1181769 0.9327888
v -0.1320828 -0.0771345 1.0032682
v -0.1357472 -0.0000000 1.0311027
v -0.2691718 0.0000000 1.0045629
v -0.2619055 0.0771345 0.9774448
v -0.2435067 0.1181769 0.9087795
v -0.2225844 0.1039230 0.8306962
v -0.2089283 0.0410424 0.7797310
v -0.2089283 -0.0410424 0.7797310
v -0.2225844 -0.1039230 0.8306962
v -0.2435067 -0.1181769 0.9087795
v -0.2619055 -0.0771345 0.9774448
v -0.2691718 -0.0000000 1.0045629
v -0.3979908 0.0000000 0.9608347
v -0.3872471 0.0771345 0.9348971
v -0.3600430 0.1181769 0.8692208
v -0.3291078 0.1039230 0.7945364
v -0.3089162 0.0410424 0.7457896
v -0.3089162 -0.0410424 0.7457896
v -0.3291078 -0.1039230 0.7945364
v -0.3600430 -0.1181769 0.8692208
v -0.3872471 -0.0771345 0.9348971
v -0.3979908 -0.0000000 0.9608347
v -0.5200000 0.0000000 0.9006664
v -0.5059627 0.0771345 0.8763530
v -0.4704189 0.1181769 0.8147894
v -0.4300000 0.1039230 0.7447818
v -0.4036184 0.0410424 0.6990876
v -0.4036184 -0.0410424 0.6990876
v -0.4300000 -0.1039230 0.7447818
v -0.4704189 -0.1181769 0.8147894
v -0.5059627 -0.0771345 0.8763530
v -0.5200000 -0.0000000 0.9006664
v -0.6331119 0.0000000 0.8250875
v -0.6160211 0.0771345 0.8028143
v -0.5727458 0.1181769 0.7464168
v -0.5235348 0.1039230 0.6822839
v -0.4914147 0.0410424 0.6404241
v -0.4914147 -0.0410424 0.6404241
v -0.5235348 -0.1039230 0.6822839
v -0.5727458 -0.1181769 0.7464168
v -0.6160211 -0.0771345 0.8028143
v -0.6331119 -0.0000000 0.8250875
v -0.7353911 0.0000000 0.7353911
v -0.7155393 0.0771345 0.7155393
v -0.6652728 0.1181769 0.6652728
v -0.6081118 0.1039230 0.6081118
v -0.5708027 0.0410424 0.5708027
v -0.5708027 -0.0410424 0.5708027
v -0.6081118 -0.1039230 0.6081118
v -0.6652728 -0.1181769 0.6652728
v -0.7155393 -0.0771345 0.7155393
v -0.7353911 -0.0000000 0.7353911
v -0.8250875 0.0000000 0.6331119
v -0.8028143 0.0771345 0.6160211
v -0.7464168 0.1181769 0.5727458
v -0.6822839 0.1039230 0.5235348
v -0.6404241 0.0410424 0.4914147
v -0.6404241 -0.0410424 0.4914147
v -0.6822839 -0.1039230 0.5235348
v -0.7464168 -0.1181769 0.5727458
v -0.8028143 -0.0771345 0.6160211
v -0.8250875 -0.0000000 0.6331119
v -0.9006664 0.0000000 0.5200000
v -0.8763530 0.0771345 0.5059627
v -0.8147894 0.1181769 0.4704189
v -0.7447818 0.1039230 0.4300000
v -0.6990876 0.0410424 0.4036184
v -0.6990876 -0.0410424 0.4036184
v -0.7447818 -0.1039230 0.4300000
v -0.8147894 -0.1181769 0.4704189
v -0.8763530 -0.0771345 0.5059627
v -0.9006664 -0.0000000 0.5200000
v -0.9608347 0.0000000 0.3979908
v -0.9348971 0.0771345 0.3872471
v -0.8692208 0.1181769 0.3600430
v -0.7945364 0.1039230 0.3291078
v -0.7457896 0.0410424 0.3089162
v -0.7457896 -0.0410424 0.3089162
v -0.7945364 -0.1039230 0.3291078
v -0.8692208 -0.1181769 0.3600430
v -0.9348971 -0.0771345 0.3872471
v -0.9608347 -0.0000000 0.3979908
v -1.0045629 0.0000000 0.2691718
v -0.9774448 0.0771345 0.2619055
v -0.9087795 0.1181769 0.2435067
v -0.8306962 0.1039230 0.2225844
v -0.7797310 0.0410424 0.2089283
v -0.7797310 -0.0410424 0.2089283
v -0.8306962 -0.1039230 0.2225844
v -0.9087795 -0.1181769 0.2435067
v -0.9774448 -0.0771345 0.2619055
v -1.0045629 -0.0000000 0.2691718
v -1.0311027 0.0000000 0.1357472
v -1.0032682 0.0771345 0.1320828
v -0.9327888 0.1181769 0.1228040
v -0.8526426 0.1039230 0.1122525
v -0.8003309 0.0410424 0.1053656
v -0.8003309 -0.0410424 0.1053656
v -0.8526426 -0.1039230 0.1122525
v -0.9327888 -0.1181769 0.1228040
v -1.0032682 -0.0771345 0.1320828
v -1.0311027 -0.0000000 0.1357472
v -1.0400000 0.0000000 0.0000000
v -1.0119253 0.0771345 0.0000000
v -0.9408378 0.1181769 0.0000000
v -0.8600000 0.1039230 0.0000000
v -0.8072369 0.0410424 0.0000000
v -0.8072369 -0.0410424 0.0000000
v -0.8600000 -0.1039230 0.0000000
v -0.9408378 -0.1181769 0.0000000
v -1.0119253 -0.0771345 0.0000000
v -1.0400000 -0.0000000 0.0000000
v -1.0311027 0.0000000 -0.1357472
v -1.0032682 0.0771345 -0.1320828
v -0.9327888 0.1181769 -0.1228040
v -0.8526426 0.1039230 -0.1122525
v -0.8003309 0.0410424 -0.1053656
v -0.8003309 -0.0410424 -0.1053656
v -0.8526426 -0.1039230 -0.1122525
v -0.9327888 -0.1181769 -0.1228040
v -1.0032682 -0.0771345 -0.1320828
v -1.0311027 -0.0000000 -0.1357472
v -1.0045629 0.0000000 -0.2691718
v -0.9774448 0.0771345 -0.2619055
v -0.9087795 0.1181769 -0.2435067
v -0.8306962 0.1039230 -0.2225844
v -0.7797310 0.0410424 -0.2089283
v -0.7797310 -0.0410424 -0.2089283
v -0.8306962 -0.1039230 -0.2225844
v -0.9087795 -0.1181769 -0.2435067
v -0.9774448 -0.0771345 -0.2619055
v -1.0045629 -0.0000000 -0.2691718
v -0.9608347 0.0000000 -0.3979908
v -0.9348971 0.0771345 -0.3872471
v -0.8692208 0.1181769 -0.3600430
v -0.7945364 0.1039230 -0.3291078
v -0.7457896 0.0410424 -0.3089162
v -0.7457896 -0.0410424 -0.3089162
v -0.7945364 -0.1039230 -0.3291078
v -0.8692208 -0.1181769 -0.3600430
v -0.9348971 -0.0771345 -0.3872471
v -0.9608347 -0.0000000 -0.3979908
v -0.9006664 0.0000000 -0.5200000
v -0.8763530 0.0771345 -0.5059627
v -0.8147894 0.1181769 -0.4704189
v -0.7447818 0.1039230 -0.4300000
v -0.6990876 0.0410424 -0.4036184
v -0.6990876 -0.0410424 -0.4036184
v -0.7447818 -0.1039230 -0.4300000
v -0.8147894 -0.1181769 -0.4704189
v -0.8763530 -0.0771345 -0.5059627
v -0.9006664 -0.0000000 -0.5200000
v -0.8250875 0.0000000 -0.6331119
v -0.8028143 0.0771345 -0.6160211
v -0.7464168 0.1181769 -0.5727458
v -0.6822839 0.1039230 -0.5235348
v -0.6404241 0.0410424 -0.4914147
v -0.6404241 -0.0410424 -0.4914147
v -0.6822839 -0.1039230 -0.5235348
v -0.7464168 -0.1181769 -0.5727458
v -0.8028143 -0.0771345 -0.6160211
v -0.8250875 -0.0000000 -0.6331119
v -0.7353911 0.0000000 -0.7353911
v -0.7155393 0.0771345 -0.7155393
v -0.6652728 0.1181769 -0.6652728
v -0.6081118 0.1039230 -0.6081118
v -0.5708027 0.0410424 -0.5708027
v -0.5708027 -0.0410424 -0.5708027
v -0.6081118 -0.1039230 -0.6081118
v -0.6652728 -0.1181769 -0.6652728
v -0.7155393 -0.0771345 -0.7155393
v -0.7353911 -0.0000000 -0.7353911
v -0.6331119 0.0000000 -0.8250875
v -0.6160211 0.0771345 -0.8028143
v -0.5727458 0.1181769 -0.7464168
v -0.5235348 0.1039230 -0.6822839
v -0.4914147 0.0410424 -0.6404241
v -0.4914147 -0.0410424 -0.6404241
v -0.5235348 -0.1039230 -0.6822839
v -0.5727458 -0.1181769 -0.7464168
v -0.6160211 -0.0771345 -0.8028143
v -0.6331119 -0.0000000 -0.8250875
v -0.5200000 0.0000000 -0.9006664
v -0.5059627 0.0771345 -0.8763530
v -0.4704189 0.1181769 -0.8147894
v -0.4300000 0.1039230 -0.7447818
v -0.4036184 0.0410424 -0.6990876
v -0.4036184 -0.0410424 -0.6990876
v -0.4300000 -0.1039230 -0.7447818
v -0.4704189 -0.1181769 -0.8147894
v -0.5059627 -0.0771345 -0.8763530
v -0.5200000 -0.0000000 -0.9006664
v -0.3979908 0.0000000 -0.9608347
v -0.3872471 0.0771345 -0.9348971
v -0.3600430 0.1181769 -0.8692208
v -0.3291078 0.1039230 -0.7945364
v -0.3089162 0.0410424 -0.7457896
v -0.3089162 -0.0410424 -0.7457896
v -0.3291078 -0.1039230 -0.7945364
v -0.3600430 -0.1181769 -0.8692208
v -0.3872471 -0.0771345 -0.9348971
v -0.3979908 -0.0000000 -0.9608347
v -0.2691718 0.0000000 -1.0045629
v -0.2619055 0.0771345 -0.9774448
v -0.2435067 0.1181769 -0.9087795
v -0.2225844 0.1039230 -0.8306962
v -0.2089283 0.0410424 -0.7797310
v -0.2089283 -0.0410424 -0.7797310
v -0.2225844 -0.1039230 -0.8306962
v -0.2435067 -0.1181769 -0.9087795
v -0.2619055 -0.0771345 -0.9774448
v -0.2691718 -0.0000000 -1.0045629
v -0.1357472 0.0000000 -1.0311027
v -0.1320828 0.0771345 -1.0032682
v -0.1228040 0.1181769 -0.9327888
v -0.1122525 0.1039230 -0.8526426
v -0.1053656 0.0410424 -0.8003309
v -0.1053656 -0.0410424 -0.8003309
v -0.1122525 -0.1039230 -0.8526426
v -0.1228040 -0.1181769 -0.9327888
v -0.1320828 -0.0771345 -1.0032682
v -0.1357472 -0.0000000 -1.0311027
v -0.0000000 0.0000000 -1.0400000
v -0.0000000 0.0771345 -1.0119253
v -0.0000000 0.1181769 -0.9408378
v -0.0000000 0.1039230 -0.8600000
v -0.0000000 0.0410424 -0.8072369
v -0.0000000 -0.0410424 -0.8072369
v -0.0000000 -0.1039230 -0.8600000
v -0.0000000 -0.1181769 -0.9408378
v -0.0000000 -0.0771345 -1.0119253
v -0.0000000 -0.0000000 -1.0400000
v 0.1357472 0.0000000 -1.0311027
v 0.1320828 0.0771345 -1.0032682
v 0.1228040 0.1181769 -0.9327888
v 0.1122525 0.1039230 -0.8526426
v 0.1053656 0.0410424 -0.8003309
v 0.1053656 -0.0410424 -0.8003309
v 0.1122525 -0.1039230 -0.8526426
v 0.1228040 -0.1181769 -0.9327888
v 0.1320828 -0.0771345 -1.0032682
v 0.1357472 -0.0000000 -1.0311027
v 0.2691718 0.0000000 -1.0045629
v 0.2619055 0.0771345 -0.9774448
v 0.2435067 0.1181769 -0.9087795
v 0.2225844 0.1039230 -0.8306962
v 0.2089283 0.0410424 -0.7797310
v 0.2089283 -0.0410424 -0.7797310
v 0.2225844 -0.1039230 -0.8306962
v 0.2435067 -0.1181769 -0.9087795
v 0.2619055 -0.0771345 -0.9774448
v 0.2691718 -0.0000000 -1.0045629
v 0.3979908 0.0000000 -0.9608347
v 0.3872471 0.0771345 -0.9348971
v 0.3600430 0.1181769 -0.8692208
v 0.3291078 0.1039230 -0.7945364
v 0.3089162 0.0410424 -0.7457896
v 0.3089162 -0.0410424 -0.7457896
v 0.3291078 -0.1039230 -0.7945364
v 0.3600430 -0.1181769 -0.8692208
v 0.3872471 -0.0771345 -0.9348971
v 0.3979908 -0.0000000 -0.9608347
v 0.5200000 0.0000000 -0.9006664
v 0.5059627 0.0771345 -0.8763530
v 0.4704189 0.1181769 -0.8147894
v 0.4300000 0.1039230 -0.7447818
v 0.4036184 0.0410424 -0.6990876
v 0.4036184 -0.0410424 -0.6990876
v 0.4300000 -0.1039230 -0.7447818
v 0.4704189 -0.1181769 -0.8147894
v 0.5059627 -0.0771345 -0.8763530
v 0.5200000 -0.0000000 -0.9006664
v 0.6331119 0.0000000 -0.8250875
v 0.6160211 0.0771345 -0.8028143
v 0.5727458 0.1181769 -0.7464168
v 0.5235348 0.1039230 -0.6822839
v 0.4914147 0.0410424 -0.6404241
v 0.4914147 -0.0410424 -0.6404241
v 0.5235348 -0.1039230 -0.6822839
v 0.5727458 -0.1181769 -0.7464168
v 0.6160211 -0.0771345 -0.8028143
v 0.6331119 -0.0000000 -0.8250875
v 0.7353911 0.0000000 -0.7353911
v 0.7155393 0.0771345 -0.7155393
v 0.6652728 0.1181769 -0.6652728
v 0.6081118 0.1039230 -0.6081118
v 0.5708027 0.0410424 -0.5708027
v 0.5708027 -0.0410424 -0.5708027
v 0.6081118 -0.1039230 -0.6081118
v 0.6652728 -0.1181769 -0.6652728
v 0.7155393 -0.0771345 -0.7155393
v 0.7353911 -0.0000000 -0.7353911
v 0.8250875 0.0000000 -0.6331119
v 0.8028143 0.0771345 -0.6160211
v 0.7464168 0.1181769 -0.5727458
v 0.6822839 0.1039230 -0.5235348
v 0.6404241 0.0410424 -0.4914147
v 0.6404241 -0.0410424 -0.4914147
v 0.6822839 -0.1039230 -0.5235348
v 0.7464168 -0.1181769 -0.5727458
v 0.8028143 -0.0771345 -0.6160211
v 0.8250875 -0.0000000 -0.6331119
v 0.9006664 0.0000000 -0.5200000
v 0.8763530 0.0771345 -0.5059627
v 0.8147894 0.1181769 -0.4704189
v 0.7447818 0.1039230 -0.4300000
v 0.6990876 0.0410424 -0.4036184
v 0.6990876 -0.0410424 -0.4036184
v 0.7447818 -0.1039230 -0.4300000
v 0.8147894 -0.1181769 -0.4704189
v 0.8763530 -0.0771345 -0.5059627
v 0.9006664 -0.0000000 -0.5200000
v 0.9608347 0.0000000 -0.3979908
v 0.9348971 0.0771345 -0.3872471
v 0.8692208 0.1181769 -0.3600430
v 0.7945364 0.1039230 -0.3291078
v 0.7457896 0.0410424 -0.3089162
v 0.7457896 -0.0410424 -0.3089162
v 0.7945364 -0.1039230 -0.3291078
v 0.8692208 -0.1181769 -0.3600430
v 0.9348971 -0.0771345 -0.3872471
v 0.9608347 -0.0000000 -0.3979908
v 1.0045629 0.0000000 -0.2691718
v 0.9774448 0.0771345 -0.2619055
v 0.9087795 0.1181769 -0.2435067
v 0.8306962 0.1039230 -0.2225844
v 0.7797310 0.0410424 -0.2089283
v 0.7797310 -0.0410424 -0.2089283
v 0.8306962 -0.1039230 -0.2225844
v 0.9087795 -0.1181769 -0.2435067
v 0.9774448 -0.0771345 -0.2619055
v 1.0045629 -0.0000000 -0.2691718
v 1.0311027 0.0000000 -0.1357472
v 1.0032682 0.0771345 -0.1320828
v 0.9327888 0.1181769 -0.1228040
v 0.8526426 0.1039230 -0.1122525
v 0.8003309 0.0410424 -0.1053656
v 0.8003309 -0.0410424 -0.1053656
v 0.8526426 -0.1039230 -0.1122525
v 0.9327888 -0.1181769 -0.1228040
v 1.0032682 -0.0771345 -0.1320828
v 1.0311027 -0.0000000 -0.1357472
v 1.0400000 0.0000000 -0.0000000
v 1.0119253 0.0771345 -0.0000000
v 0.9408378 0.1181769 -0.0000000
v 0.8600000 0.1039230 -0.0000000
v 0.8072369 0.0410424 -0.0000000
v 0.8072369 -0.0410424 -0.0000000
v 0.8600000 -0.1039230 -0.0000000
v 0.9408378 -0.1181769 -0.0000000
v 1.0119253 -0.0771345 -0.0000000
v 1.0400000 -0.0000000 -0.0000000
v 1.1350000 0.0400000 0.0000000
v 1.1067617 0.0986374 0.0000000
v 1.0433109 0.1131196 0.0000000
v 0.9924273 0.0725413 0.0000000
v 0.9924273 0.0074587 0.0000000
v 1.0433109 -0.0331196 0.0000000
v 1.1067617 -0.0186374 0.0000000
v 1.1350000 0.0400000 0.0000000
v 1.1252899 0.0400000 0.1481472
v 1.0972932 0.0986374 0.1444614
v 1.0343853 0.1131196 0.1361794
v 0.9839370 0.0725413 0.1295378
v 0.9839370 0.0074587 0.1295378
v 1.0343853 -0.0331196 0.1361794
v 1.0972932 -0.0186374 0.1444614
v 1.1252899 0.0400000 0.1481472
v 1.0963258 0.0400000 0.2937596
v 1.0690497 0.0986374 0.2864510
v 1.0077610 0.1131196 0.2700287
v 0.9586112 0.0725413 0.2568591
v 0.9586112 0.0074587 0.2568591
v 1.0077610 -0.0331196 0.2700287
v 1.0690497 -0.0186374 0.2864510
v 1.0963258 0.0400000 0.2937596
v 1.0486033 0.0400000 0.4343457
v 1.0225145 0.0986374 0.4235394
v 0.9638936 0.1131196 0.3992578
v 0.9168833 0.0725413 0.3797855
v 0.9168833 0.0074587 0.3797855
v 0.9638936 -0.0331196 0.3992578
v 1.0225145 -0.0186374 0.4235394
v 1.0486033 0.0400000 0.4343457
v 0.9829388 0.0400000 0.5675000
v 0.9584838 0.0986374 0.5533809
v 0.9035338 0.1131196 0.5216555
v 0.8594673 0.0725413 0.4962137
v 0.8594673 0.0074587 0.4962137
v 0.9035338 -0.0331196 0.5216555
v 0.9584838 -0.0186374 0.5533809
v 0.9829388 0.0400000 0.5675000
v 0.9004560 0.0400000 0.6909442
v 0.8780531 0.0986374 0.6737539
v 0.8277142 0.1131196 0.6351275
v 0.7873455 0.0725413 0.6041515
v 0.7873455 0.0074587 0.6041515
v 0.8277142 -0.0331196 0.6351275
v 0.8780531 -0.0186374 0.6737539
v 0.9004560 0.0400000 0.6909442
v 0.8025662 0.0400000 0.8025662
v 0.7825987 0.0986374 0.7825987
v 0.7377322 0.1131196 0.7377322
v 0.7017521 0.0725413 0.7017521
v 0.7017521 0.0074587 0.7017521
v 0.7377322 -0.0331196 0.7377322
v 0.7825987 -0.0186374 0.7825987
v 0.8025662 0.0400000 0.8025662
v 0.6909442 0.0400000 0.9004560
v 0.6737539 0.0986374 0.8780531
v 0.6351275 0.1131196 0.8277142
v 0.6041515 0.0725413 0.7873455
v 0.6041515 0.0074587 0.7873455
v 0.6351275 -0.0331196 0.8277142
v 0.6737539 -0.0186374 0.8780531
v 0.6909442 0.0400000 0.9004560
v 0.5675000 0.0400000 0.9829388
v 0.5533809 0.0986374 0.9584838
v 0.5216555 0.1131196 0.9035338
v 0.4962137 0.0725413 0.8594673
v 0.4962137 0.0074587 0.8594673
v 0.5216555 -0.0331196 0.9035338
v 0.5533809 -0.0186374 0.9584838
v 0.5675000 0.0400000 0.9829388
v 0.4343457 0.0400000 1.0486033
v 0.4235394 0.0986374 1.0225145
v 0.3992578 0.1131196 0.9638936
v 0.3797855 0.0725413 0.9168833
v 0.3797855 0.0074587 0.9168833
v 0.3992578 -0.0331196 0.9638936
v 0.4235394 -0.0186374 1.0225145
v 0.4343457 0.0400000 1.0486033
v 0.2937596 0.0400000 1.0963258
v 0.2864510 0.0986374 1.0690497
v 0.2700287 0.1131196 1.0077610
v 0.2568591 0.0725413 0.9586112
v 0.2568591 0.0074587 0.9586112
v 0.2700287 -0.0331196 1.0077610
v 0.2864510 -0.0186374 1.0690497
v 0.2937596 0.0400000 1.0963258
v 0.1481472 0.0400000 1.1252899
v 0.1444614 0.0986374 1.0972932
v 0.1361794 0.1131196 1.0343853
v 0.1295378 0.0725413 0.9839370
v 0.1295378 0.0074587 0.9839370
v 0.1361794 -0.0331196 1.0343853
v 0.1444614 -0.0186374 1.0972932
v 0.1481472 0.0400000 1.1252899
v 0.0000000 0.0400000 1.1350000
v 0.0000000 0.0986374 1.1067617
v 0.0000000 0.1131196 1.0433109
v 0.0000000 0.0725413 0.9924273
v 0.0000000 0.0074587 0.9924273
v 0.0000000 -0.0331196 1.0433109
v 0.0000000 -0.0186374 1.1067617
v 0.0000000 0.0400000 1.1350000
v -0.1481472 0.0400000 1.1252899
v -0.1444614 0.0986374 1.0972932
v -0.1361794 0.1131196 1.0343853
v -0.1295378 0.0725413 0.9839370
v -0.1295378 0.0074587 0.9839370
v -0.1361794 -0.0331196 1.0343853
v -0.1444614 -0.0186374 1.0972932
v -0.1481472 0.0400000 1.1252899
v -0.2937596 0.0400000 1.0963258
v -0.2864510 0.0986374 1.0690497
v -0.2700287 0.1131196 1.0077610
v -0.2568591 0.0725413 0.9586112
v -0.2568591 0.0074587 0.9586112
v -0.2700287 -0.0331196 1.0077610
v -0.2864510 -0.0186374 1.0690497
v -0.2937596 0.0400000 1.0963258
v -0.4343457 0.0400000 1.0486033
v -0.4235394 0.0986374 1.0225145
v -0.3992578 0.1131196 0.9638936
v -0.3797855 0.0725413 0.9168833
v -0.3797855 0.0074587 0.9168833
v -0.3992578 -0.0331196 0.9638936
v -0.4235394 -0.0186374 1.0225145
v -0.4343457 0.0400000 1.0486033
v -0.5675000 0.0400000 0.9829388
v -0.5533809 0.0986374 0.9584838
v -0.5216555 0.1131196 0.9035338
v -0.4962137 0.0725413 0.8594673
v -0.4962137 0.0074587 0.8594673
v -0.5216555 -0.0331196 0.9035338
v -0.5533809 -0.0186374 0.9584838
v -0.5675000 0.0400000 0.9829388
v -0.6909442 0.0400000 0.9004560
v -0.6737539 0.0986374 0.8780531
v -0.6351275 0.1131196 0.8277142
v -0.6041515 0.0725413 0.7873455
v -0.6041515 0.0074587 0.7873455
v -0.6351275 -0.0331196 0.8277142
v -0.6737539 -0.0186374 0.8780531
v -0.6909442 0.0400000 0.9004560
v -0.8025662 0.0400000 0.8025662
v -0.7825987 0.0986374 0.7825987
v -0.7377322 0.1131196 0.7377322
v -0.7017521 0.0725413 0.7017521
v -0.7017521 0.0074587 0.7017521
v -0.7377322 -0.0331196 0.7377322
v -0.7825987 -0.0186374 0.7825987
v -0.8025662 0.0400000 0.8025662
v -0.9004560 0.0400000 0.6909442
v -0.8780531 0.0986374 0.6737539
v -0.8277142 0.1131196 0.6351275
v -0.7873455 0.0725413 0.6041515
v -0.7873455 0.0074587 0.6041515
v -0.8277142 -0.0331196 0.6351275
v -0.8780531 -0.0186374 0.6737539
v -0.9004560 0.0400000 0.6909442
v -0.9829388 0.0400000 0.5675000
v -0.9584838 0.0986374 0.5533809
v -0.9035338 0.1131196 0.5216555
v -0.8594673 0.0725413 0.4962137
v -0.8594673 0.0074587 0.4962137
v -0.9035338 -0.0331196 0.5216555
v -0.9584838 -0.0186374 0.5533809
v -0.9829388 0.0400000 0.5675000
v -1.0486033 0.0400000 0.4343457
v -1.0225145 0.0986374 0.4235394
v -0.9638936 0.1131196 0.3992578
v -0.9168833 0.0725413 0.3797855
v -0.9168833 0.0074587 0.3797855
v -0.9638936 -0.0331196 0.3992578
v -1.0225145 -0.0186374 0.4235394
v -1.0486033 0.0400000 0.4343457
v -1.0963258 0.0400000 0.2937596
v -1.0690497 0.0986374 0.2864510
v -1.0077610 0.1131196 0.2700287
v -0.9586112 0.0725413 0.2568591
v -0.9586112 0.0074587 0.2568591
v -1.0077610 -0.0331196 0.2700287
v -1.0690497 -0.0186374 0.2864510
v -1.0963258 0.0400000 0.2937596
v -1.1252899 0.0400000 0.1481472
v -1.0972932 0.0986374 0.1444614
v -1.0343853 0.1131196 0.1361794
v -0.9839370 0.0725413 0.1295378
v -0.9839370 0.0074587 0.1295378
v -1.0343853 -0.0331196 0.1361794
v -1.0972932 -0.0186374 0.1444614
v -1.1252899 0.0400000 0.1481472
v -1.1350000 0.0400000 0.0000000
v -1.1067617 0.0986374 0.0000000
v -1.0433109 0.1131196 0.0000000
v -0.9924273 0.0725413 0.0000000
v -0.9924273 0.0074587 0.0000000
v -1.0433109 -0.0331196 0.0000000
v -1.1067617 -0.0186374 0.0000000
v -1.1350000 0.0400000 0.0000000
v -1.1252899 0.0400000 -0.1481472
v -1.0972932 0.0986374 -0.1444614
v -1.0343853 0.1131196 -0.1361794
v -0.9839370 0.0725413 -0.1295378
v -0.9839370 0.0074587 -0.1295378
v -1.0343853 -0.0331196 -0.1361794
v -1.0972932 -0.0186374 -0.1444614
v -1.1252899 0.0400000 -0.1481472
v -1.0963258 0.0400000 -0.2937596
v -1.0690497 0.0986374 -0.2864510
v -1.0077610 0.1131196 -0.2700287
v -0.9586112 0.0725413 -0.2568591
v -0.9586112 0.0074587 -0.2568591
v -1.0077610 -0.0331196 -0.2700287
v -1.0690497 -0.0186374 -0.2864510
v -1.0963258 0.0400000 -0.2937596
v -1.0486033 0.0400000 -0.4343457
v -1.0225145 0.0986374 -0.4235394
v -0.9638936 0.1131196 -0.3992578
v -0.9168833 0.0725413 -0.3797855
v -0.9168833 0.0074587 -0.3797855
v -0.9638936 -0.0331196 -0.3992578
v -1.0225145 -0.0186374 -0.4235394
v -1.0486033 0.0400000 -0.4343457
v -0.9829388 0.0400000 -0.5675000
v -0.9584838 0.0986374 -0.5533809
v -0.9035338 0.1131196 -0.5216555
v -0.8594673 0.0725413 -0.4962137
v -0.8594673 0.0074587 -0.4962137
v -0.9035338 -0.0331196 -0.5216555
v -0.9584838 -0.0186374 -0.5533809
v -0.9829388 0.0400000 -0.5675000
v -0.9004560 0.0400000 -0.6909442
v -0.8780531 0.0986374 -0.6737539
v -0.8277142 0.1131196 -0.6351275
v -0.7873455 0.0725413 -0.6041515
v -0.7873455 0.0074587 -0.6041515
v -0.8277142 -0.0331196 -0.6351275
v -0.8780531 -0.0186374 -0.6737539
v -0.9004560 0.0400000 -0.6909442
v -0.8025662 0.0400000 -0.8025662
v -0.7825987 0.0986374 -0.7825987
v -0.7377322 0.1131196 -0.7377322
v -0.7017521 0.0725413 -0.7017521
v -0.7017521 0.0074587 -0.7017521
v -0.7377322 -0.0331196 -0.7377322
v -0.7825987 -0.0186374 -0.7825987
v -0.8025662 0.0400000 -0.8025662
v -0.6909442 0.0400000 -0.9004560
v -0.6737539 0.0986374 -0.8780531
v -0.6351275 0.1131196 -0.8277142
v -0.6041515 0.0725413 -0.7873455
v -0.6041515 0.0074587 -0.7873455
v -0.6351275 -0.0331196 -0.8277142
v -0.6737539 -0.0186374 -0.8780531
v -0.6909442 0.0400000 -0.9004560
v -0.5675000 0.0400000 -0.9829388
v -0.5533809 0.0986374 -0.9584838
v -0.5216555 0.1131196 -0.9035338
v -0.4962137 0.0725413 -0.8594673
v -0.4962137 0.0074587 -0.8594673
v -0.5216555 -0.0331196 -0.9035338
v -0.5533809 -0.0186374 -0.9584838
v -0.5675000 0.0400000 -0.9829388
v -0.4343457 0.0400000 -1.0486033
v -0.4235394 0.0986374 -1.0225145
v -0.3992578 0.1131196 -0.9638936
v -0.3797855 0.0725413 -0.9168833
v -0.3797855 0.0074587 -0.9168833
v -0.3992578 -0.0331196 -0.9638936
v -0.4235394 -0.0186374 -1.0225145
v -0.4343457 0.0400000 -1.0486033
v -0.2937596 0.0400000 -1.0963258
v -0.2864510 0.0986374 -1.0690497
v -0.2700287 0.1131196 -1.0077610
v -0.2568591 0.0725413 -0.9586112
v -0.2568591 0.0074587 -0.9586112
v -0.2700287 -0.0331196 -1.0077610
v -0.2864510 -0.0186374 -1.0690497
v -0.2937596 0.0400000 -1.0963258
v -0.1481472 0.0400000 -1.1252899
v -0.1444614 0.0986374 -1.0972932
v -0.1361794 0.1131196 -1.0343853
v -0.1295378 0.0725413 -0.9839370
v -0.1295378 0.0074587 -0.9839370
v -0.1361794 -0.0331196 -1.0343853
v -0.1444614 -0.0186374 -1.0972932
v -0.1481472 0.0400000 -1.1252899
v -0.0000000 0.0400000 -1.1350000
v -0.0000000 0.0986374 -1.1067617
v -0.0000000 0.1131196 -1.0433109
v -0.0000000 0.0725413 -0.9924273
v -0.0000000 0.0074587 -0.9924273
v -0.0000000 -0.0331196 -1.0433109
v -0.0000000 -0.0186374 -1.1067617
v -0.0000000 0.0400000 -1.1350000
v 0.1481472 0.0400000 -1.1252899
v 0.1444614 0.0986374 -1.0972932
v 0.1361794 0.1131196 -1.0343853
v 0.1295378 0.0725413 -0.9839370
v 0.1295378 0.0074587 -0.9839370
v 0.1361794 -0.0331196 -1.0343853
v 0.1444614 -0.0186374 -1.0972932
v 0.1481472 0.0400000 -1.1252899
v 0.2937596 0.0400000 -1.0963258
v 0.2864510 0.0986374 -1.0690497
v 0.2700287 0.1131196 -1.0077610
v 0.2568591 0.0725413 -0.9586112
v 0.2568591 0.0074587 -0.9586112
v 0.2700287 -0.0331196 -1.0077610
v 0.2864510 -0.0186374 -1.0690497
v 0.2937596 0.0400000 -1.0963258
v 0.4343457 0.0400000 -1.0486033
v 0.4235394 0.0986374 -1.0225145
v 0.3992578 0.1131196 -0.9638936
v 0.3797855 0.0725413 -0.9168833
v 0.3797855 0.0074587 -0.9168833
v 0.3992578 -0.0331196 -0.9638936
v 0.4235394 -0.0186374 -1.0225145
v 0.4343457 0.0400000 -1.0486033
v 0.5675000 0.0400000 -0.9829388
v 0.5533809 0.0986374 -0.9584838
v 0.5216555 0.1131196 -0.9035338
v 0.4962137 0.0725413 -0.8594673
v 0.4962137 0.0074587 -0.8594673
v 0.5216555 -0.0331196 -0.9035338
v 0.5533809 -0.0186374 -0.9584838
v 0.5675000 0.0400000 -0.9829388
v 0.6909442 0.0400000 -0.9004560
v 0.6737539 0.0986374 -0.8780531
v 0.6351275 0.1131196 -0.8277142
v 0.6041515 0.0725413 -0.7873455
v 0.6041515 0.0074587 -0.7873455
v 0.6351275 -0.0331196 -0.8277142
v 0.6737539 -0.0186374 -0.8780531
v 0.6909442 0.0400000 -0.9004560
v 0.8025662 0.0400000 -0.8025662
v 0.7825987 0.0986374 -0.7825987
v 0.7377322 0.1131196 -0.7377322
v 0.7017521 0.0725413 -0.7017521
v 0.7017521 0.0074587 -0.7017521
v 0.7377322 -0.0331196 -0.7377322
v 0.7825987 -0.0186374 -0.7825987
v 0.8025662 0.0400000 -0.8025662
v 0.9004560 0.0400000 -0.6909442
v 0.8780531 0.0986374 -0.6737539
v 0.8277142 0.1131196 -0.6351275
v 0.7873455 0.0725413 -0.6041515
v 0.7873455 0.0074587 -0.6041515
v 0.8277142 -0.0331196 -0.6351275
v 0.8780531 -0.0186374 -0.6737539
v 0.9004560 0.0400000 -0.6909442
v 0.9829388 0.0400000 -0.5675000
v 0.9584838 0.0986374 -0.5533809
v 0.9035338 0.1131196 -0.5216555
v 0.8594673 0.0725413 -0.4962137
v 0.8594673 0.0074587 -0.4962137
v 0.9035338 -0.0331196 -0.5216555
v 0.9584838 -0.0186374 -0.5533809
v 0.9829388 0.0400000 -0.5675000
v 1.0486033 0.0400000 -0.4343457
v 1.0225145 0.0986374 -0.4235394
v 0.9638936 0.1131196 -0.3992578
v 0.9168833 0.0725413 -0.3797855
v 0.9168833 0.0074587 -0.3797855
v 0.9638936 -0.0331196 -0.3992578
v 1.0225145 -0.0186374 -0.4235394
v 1.0486033 0.0400000 -0.4343457
v 1.0963258 0.0400000 -0.2937596
v 1.0690497 0.0986374 -0.2864510
v 1.0077610 0.1131196 -0.2700287
v 0.9586112 0.0725413 -0.2568591
v 0.9586112 0.0074587 -0.2568591
v 1.0077610 -0.0331196 -0.2700287
v 1.0690497 -0.0186374 -0.2864510
v 1.0963258 0.0400000 -0.2937596
v 1.1252899 0.0400000 -0.1481472
v 1.0972932 0.0986374 -0.1444614
v 1.0343853 0.1131196 -0.1361794
v 0.9839370 0.0725413 -0.1295378
v 0.9839370 0.0074587 -0.1295378
v 1.0343853 -0.0331196 -0.1361794
v 1.0972932 -0.0186374 -0.1444614
v 1.1252899 0.0400000 -0.1481472
v 1.1350000 0.0400000 -0.0000000
v 1.1067617 0.0986374 -0.0000000
v 1.0433109 0.1131196 -0.0000000
v 0.9924273 0.0725413 -0.0000000
v 0.9924273 0.0074587 -0.0000000
v 1.0433109 -0.0331196 -0.0000000
v 1.1067617 -0.0186374 -0.0000000
v 1.1350000 0.0400000 -0.0000000
v 0.6400000 0.0900000 0.0000000
v 0.6174094 0.1369099 0.0000000
v 0.5666487 0.1484957 0.0000000
v 0.5259419 0.1160330 0.0000000
v 0.5259419 0.0639670 0.0000000
v 0.5666487 0.0315043 0.0000000
v 0.6174094 0.0430901 0.0000000
v 0.6400000 0.0900000 0.0000000
v 0.6302770 0.0900000 0.1111348
v 0.6080296 0.1369099 0.1072120
v 0.5580401 0.1484957 0.0983975
v 0.5179516 0.1160330 0.0913288
v 0.5179516 0.0639670 0.0913288
v 0.5580401 0.0315043 0.0983975
v 0.6080296 0.0430901 0.1072120
v 0.6302770 0.0900000 0.1111348
v 0.6014033 0.0900000 0.2188929
v 0.5801750 0.1369099 0.2111664
v 0.5324756 0.1484957 0.1938053
v 0.4942237 0.1160330 0.1798827
v 0.4942237 0.0639670 0.1798827
v 0.5324756 0.0315043 0.1938053
v 0.5801750 0.0430901 0.2111664
v 0.6014033 0.0900000 0.2188929
v 0.5542563 0.0900000 0.3200000
v 0.5346922 0.1369099 0.3087047
v 0.4907322 0.1484957 0.2833244
v 0.4554790 0.1160330 0.2629709
v 0.4554790 0.0639670 0.2629709
v 0.4907322 0.0315043 0.2833244
v 0.5346922 0.0430901 0.3087047
v 0.5542563 0.0900000 0.3200000
v 0.4902684 0.0900000 0.4113841
v 0.4729630 0.1369099 0.3968631
v 0.4340781 0.1484957 0.3642348
v 0.4028948 0.1160330 0.3380689
v 0.4028948 0.0639670 0.3380689
v 0.4340781 0.0315043 0.3642348
v 0.4729630 0.0430901 0.3968631
v 0.4902684 0.0900000 0.4113841
v 0.4113841 0.0900000 0.4902684
v 0.3968631 0.1369099 0.4729630
v 0.3642348 0.1484957 0.4340781
v 0.3380689 0.1160330 0.4028948
v 0.3380689 0.0639670 0.4028948
v 0.3642348 0.0315043 0.4340781
v 0.3968631 0.0430901 0.4729630
v 0.4113841 0.0900000 0.4902684
v 0.3200000 0.0900000 0.5542563
v 0.3087047 0.1369099 0.5346922
v 0.2833244 0.1484957 0.4907322
v 0.2629709 0.1160330 0.4554790
v 0.2629709 0.0639670 0.4554790
v 0.2833244 0.0315043 0.4907322
v 0.3087047 0.0430901 0.5346922
v 0.3200000 0.0900000 0.5542563
v 0.2188929 0.0900000 0.6014033
v 0.2111664 0.1369099 0.5801750
v 0.1938053 0.1484957 0.5324756
v 0.1798827 0.1160330 0.4942237
v 0.1798827 0.0639670 0.4942237
v 0.1938053 0.0315043 0.5324756
v 0.2111664 0.0430901 0.5801750
v 0.2188929 0.0900000 0.6014033
v 0.1111348 0.0900000 0.6302770
v 0.1072120 0.1369099 0.6080296
v 0.0983975 0.1484957 0.5580401
v 0.0913288 0.1160330 0.5179516
v 0.0913288 0.0639670 0.5179516
v 0.0983975 0.0315043 0.5580401
v 0.1072120 0.0430901 0.6080296
v 0.1111348 0.0900000 0.6302770
v 0.0000000 0.0900000 0.6400000
v 0.0000000 0.1369099 0.6174094
v 0.0000000 0.1484957 0.5666487
v 0.0000000 0.1160330 0.5259419
v 0.0000000 0.0639670 0.5259419
v 0.0000000 0.0315043 0.5666487
v 0.0000000 0.0430901 0.6174094
v 0.0000000 0.0900000 0.6400000
v -0.1111348 0.0900000 0.6302770
v -0.1072120 0.1369099 0.6080296
v -0.0983975 0.1484957 0.5580401
v -0.0913288 0.1160330 0.5179516
v -0.0913288 0.0639670 0.5179516
v -0.0983975 0.0315043 0.5580401
v -0.1072120 0.0430901 0.6080296
v -0.1111348 0.0900000 0.6302770
v -0.2188929 0.0900000 0.6014033
v -0.2111664 0.1369099 0.5801750
v -0.1938053 0.1484957 0.5324756
v -0.1798827 0.1160330 0.4942237
v -0.1798827 0.0639670 0.4942237
v -0.1938053 0.0315043 0.5324756
v -0.2111664 0.0430901 0.5801750
v -0.2188929 0.0900000 0.6014033
v -0.3200000 0.0900000 0.5542563
v -0.3087047 0.1369099 0.5346922
v -0.2833244 0.1484957 0.4907322
v -0.2629709 0.1160330 0.4554790
v -0.2629709 0.0639670 0.4554790
v -0.2833244 0.0315043 0.4907322
v -0.3087047 0.0430901 0.5346922
v -0.3200000 0.0900000 0.5542563
v -0.4113841 0.0900000 0.4902684
v -0.3968631 0.1369099 0.4729630
v -0.3642348 0.1484957 0.4340781
v -0.3380689 0.1160330 0.4028948
v -0.3380689 0.0639670 0.4028948
v -0.3642348 0.0315043 0.4340781
v -0.3968631 0.0430901 0.4729630
v -0.4113841 0.0900000 0.4902684
v -0.4902684 0.0900000 0.4113841
v -0.4729630 0.1369099 0.3968631
v -0.4340781 0.1484957 0.3642348
v -0.4028948 0.1160330 0.3380689
v -0.4028948 0.0639670 0.3380689
v -0.4340781 0.0315043 0.3642348
v -0.4729630 0.0430901 0.3968631
v -0.4902684 0.0900000 0.4113841
v -0.5542563 0.0900000 0.3200000
v -0.5346922 0.1369099 0.3087047
v -0.4907322 0.1484957 0.2833244
v -0.4554790 0.1160330 0.2629709
v -0.4554790 0.0639670 0.2629709
v -0.4907322 0.0315043 0.2833244
v -0.5346922 0.0430901 0.3087047
v -0.5542563 0.0900000 0.3200000
v -0.6014033 0.0900000 0.2188929
v -0.5801750 0.1369099 0.2111664
v -0.5324756 0.1484957 0.1938053
v -0.4942237 0.1160330 0.1798827
v -0.4942237 0.0639670 0.1798827
v -0.5324756 0.0315043 0.1938053
v -0.5801750 0.0430901 0.2111664
v -0.6014033 0.0900000 0.2188929
v -0.6302770 0.0900000 0.1111348
v -0.6080296 0.1369099 0.1072120
v -0.5580401 0.1484957 0.0983975
v -0.5179516 0.1160330 0.0913288
v -0.5179516 0.0639670 0.0913288
v -0.5580401 0.0315043 0.0983975
v -0.6080296 0.0430901 0.1072120
v -0.6302770 0.0900000 0.1111348
v -0.6400000 0.0900000 0.0000000
v -0.6174094 0.1369099 0.0000000
v -0.5666487 0.1484957 0.0000000
v -0.5259419 0.1160330 0.0000000
v -0.5259419 0.0639670 0.0000000
v -0.5666487 0.0315043 0.0000000
v -0.6174094 0.0430901 0.0000000
v -0.6400000 0.0900000 0.0000000
v -0.6302770 0.0900000 -0.1111348
v -0.6080296 0.1369099 -0.1072120
v -0.5580401 0.1484957 -0.0983975
v -0.5179516 0.1160330 -0.0913288
v -0.5179516 0.0639670 -0.0913288
v -0.5580401 0.0315043 -0.0983975
v -0.6080296 0.0430901 -0.1072120
v -0.6302770 0.0900000 -0.1111348
v -0.6014033 0.0900000 -0.2188929
v -0.5801750 0.1369099 -0.2111664
v -0.5324756 0.1484957 -0.1938053
v -0.4942237 0.1160330 -0.1798827
v -0.4942237 0.0639670 -0.1798827
v -0.5324756 0.0315043 -0.1938053
v -0.5801750 0.0430901 -0.2111664
v -0.6014033 0.0900000 -0.2188929
v -0.5542563 0.0900000 -0.3200000
v -0.5346922 0.1369099 -0.3087047
v -0.4907322 0.1484957 -0.2833244
v -0.4554790 0.1160330 -0.2629709
v -0.4554790 0.0639670 -0.2629709
v -0.4907322 0.0315043 -0.2833244
v -0.5346922 0.0430901 -0.3087047
v -0.5542563 0.0900000 -0.3200000
v -0.4902684 0.0900000 -0.4113841
v -0.4729630 0.1369099 -0.3968631
v -0.4340781 0.1484957 -0.3642348
v -0.4028948 0.1160330 -0.3380689
v -0.4028948 0.0639670 -0.3380689
v -0.4340781 0.0315043 -0.3642348
v -0.4729630 0.0430901 -0.3968631
v -0.4902684 0.0900000 -0.4113841
v -0.4113841 0.0900000 -0.4902684
v -0.3968631 0.1369099 -0.4729630
v -0.3642348 0.1484957 -0.4340781
v -0.3380689 0.1160330 -0.4028948
v -0.3380689 0.0639670 -0.4028948
v -0.3642348 0.0315043 -0.4340781
v -0.3968631 0.0430901 -0.4729630
v -0.4113841 0.0900000 -0.4902684
v -0.3200000 0.0900000 -0.5542563
v -0.3087047 0.1369099 -0.5346922
v -0.2833244 0.1484957 -0.4907322
v -0.2629709 0.1160330 -0.4554790
v -0.2629709 0.0639670 -0.4554790
v -0.2833244 0.0315043 -0.4907322
v -0.3087047 0.0430901 -0.5346922
v -0.3200000 0.0900000 -0.5542563
v -0.2188929 0.0900000 -0.6014033
v -0.2111664 0.1369099 -0.5801750
v -0.1938053 0.1484957 -0.5324756
v -0.1798827 0.1160330 -0.4942237
v -0.1798827 0.0639670 -0.4942237
v -0.1938053 0.0315043 -0.5324756
v -0.2111664 0.0430901 -0.5801750
v -0.2188929 0.0900000 -0.6014033
v -0.1111348 0.0900000 -0.6302770
v -0.1072120 0.1369099 -0.6080296
v -0.0983975 0.1484957 -0.5580401
v -0.0913288 0.1160330 -0.5179516
v -0.0913288 0.0639670 -0.5179516
v -0.0983975 0.0315043 -0.5580401
v -0.1072120 0.0430901 -0.6080296
v -0.1111348 0.0900000 -0.6302770
v -0.0000000 0.0900000 -0.6400000
v -0.0000000 0.1369099 -0.6174094
v -0.0000000 0.1484957 -0.5666487
v -0.0000000 0.1160330 -0.5259419
v -0.0000000 0.0639670 -0.5259419
v -0.0000000 0.0315043 -0.5666487
v -0.0000000 0.0430901 -0.6174094
v -0.0000000 0.0900000 -0.6400000
v 0.1111348 0.0900000 -0.6302770
v 0.1072120 0.1369099 -0.6080296
v 0.0983975 0.1484957 -0.5580401
v 0.0913288 0.1160330 -0.5179516
v 0.0913288 0.0639670 -0.5179516
v 0.0983975 0.0315043 -0.5580401
v 0.1072120 0.0430901 -0.6080296
v 0.1111348 0.0900000 -0.6302770
v 0.2188929 0.0900000 -0.6014033
v 0.2111664 0.1369099 -0.5801750
v 0.1938053 0.1484957 -0.5324756
v 0.1798827 0.1160330 -0.4942237
v 0.1798827 0.0639670 -0.4942237
v 0.1938053 0.0315043 -0.5324756
v 0.2111664 0.0430901 -0.5801750
v 0.2188929 0.0900000 -0.6014033
v 0.3200000 0.0900000 -0.5542563
v 0.3087047 0.1369099 -0.5346922
v 0.2833244 0.1484957 -0.4907322
v 0.2629709 0.1160330 -0.4554790
v 0.2629709 0.0639670 -0.4554790
v 0.2833244 0.0315043 -0.4907322
v 0.3087047 0.0430901 -0.5346922
v 0.3200000 0.0900000 -0.5542563
v 0.4113841 0.0900000 -0.4902684
v 0.3968631 0.1369099 -0.4729630
v 0.3642348 0.1484957 -0.4340781
v 0.3380689 0.1160330 -0.4028948
v 0.3380689 0.0639670 -0.4028948
v 0.3642348 0.0315043 -0.4340781
v 0.3968631 0.0430901 -0.4729630
v 0.4113841 0.0900000 -0.4902684
v 0.4902684 0.0900000 -0.4113841
v 0.4729630 0.1369099 -0.3968631
v 0.4340781 0.1484957 -0.3642348
v 0.4028948 0.1160330 -0.3380689
v 0.4028948 0.0639670 -0.3380689
v 0.4340781 0.0315043 -0.3642348
v 0.4729630 0.0430901 -0.3968631
v 0.4902684 0.0900000 -0.4113841
v 0.5542563 0.0900000 -0.3200000
v 0.5346922 0.1369099 -0.3087047
v 0.4907322 0.1484957 -0.2833244
v 0.4554790 0.1160330 -0.2629709
v 0.4554790 0.0639670 -0.2629709
v 0.4907322 0.0315043 -0.2833244
v 0.5346922 0.0430901 -0.3087047
v 0.5542563 0.0900000 -0.3200000
v 0.6014033 0.0900000 -0.2188929
v 0.5801750 0.1369099 -0.2111664
v 0.5324756 0.1484957 -0.1938053
v 0.4942237 0.1160330 -0.1798827
v 0.4942237 0.0639670 -0.1798827
v 0.5324756 0.0315043 -0.1938053
v 0.5801750 0.0430901 -0.2111664
v 0.6014033 0.0900000 -0.2188929
v 0.6302770 0.0900000 -0.1111348
v 0.6080296 0.1369099 -0.1072120
v 0.5580401 0.1484957 -0.0983975
v 0.5179516 0.1160330 -0.0913288
v 0.5179516 0.0639670 -0.0913288
v 0.5580401 0.0315043 -0.0983975
v 0.6080296 0.0430901 -0.1072120
v 0.6302770 0.0900000 -0.1111348
v 0.6400000 0.0900000 -0.0000000
v 0.6174094 0.1369099 -0.0000000
v 0.5666487 0.1484957 -0.0000000
v 0.5259419 0.1160330 -0.0000000
v 0.5259419 0.0639670 -0.0000000
v 0.5666487 0.0315043 -0.0000000
v 0.6174094 0.0430901 -0.0000000
v 0.6400000 0.0900000 -0.0000000
v -0.0350000 0.0650000 0.0200000
v 0.0350000 0.0650000 0.0200000
v 0.0350000 0.1350000 0.0200000
v -0.0350000 0.1350000 0.0200000
v 0.0350000 0.0650000 0.9000000
v -0.0350000 0.0650000 0.9000000
v -0.0350000 0.1350000 0.9000000
v 0.0350000 0.1350000 0.9000000
v -0.0350000 0.0650000 0.9000000
v -0.0350000 0.0650000 0.0200000
v -0.0350000 0.1350000 0.0200000
v -0.0350000 0.1350000 0.9000000
v 0.0350000 0.0650000 0.0200000
v 0.0350000 0.0650000 0.9000000
v 0.0350000 0.1350000 0.9000000
v 0.0350000 0.1350000 0.0200000
v -0.0350000 0.1350000 0.0200000
v 0.0350000 0.1350000 0.0200000
v 0.0350000 0.1350000 0.9000000
v -0.0350000 0.1350000 0.9000000
v -0.0350000 0.0650000 0.9000000
v 0.0350000 0.0650000 0.9000000
v 0.0350000 0.0650000 0.0200000
v -0.0350000 0.0650000 0.0200000
v 0.0000000 0.6800000 1.1600000
v 0.0000000 -0.2000000 1.1600000
v 0.1300000 0.2400000 1.1600000
v 0.0000000 0.2400000 1.2900000
v -0.1300000 0.2400000 1.1600000
v 0.0000000 0.2400000 1.0300000
v -0.0106066 0.0650000 0.0388909
v 0.0388909 0.0650000 -0.0106066
v 0.0388909 0.1350000 -0.0106066
v -0.0106066 0.1350000 0.0388909
v 0.6611448 0.0650000 0.6116474
v 0.6116474 0.0650000 0.6611448
v 0.6116474 0.1350000 0.6611448
v 0.6611448 0.1350000 0.6116474
v 0.6116474 0.0650000 0.6611448
v -0.0106066 0.0650000 0.0388909
v -0.0106066 0.1350000 0.0388909
v 0.6116474 0.1350000 0.6611448
v 0.0388909 0.0650000 -0.0106066
v 0.6611448 0.0650000 0.6116474
v 0.6611448 0.1350000 0.6116474
v 0.0388909 0.1350000 -0.0106066
v -0.0106066 0.1350000 0.0388909
v 0.0388909 0.1350000 -0.0106066
v 0.6611448 0.1350000 0.6116474
v 0.6116474 0.1350000 0.6611448
v 0.6116474 0.0650000 0.6611448
v 0.6611448 0.0650000 0.6116474
v 0.0388909 0.0650000 -0.0106066
v -0.0106066 0.0650000 0.0388909
v 0.8202439 0.5400000 0.8202439
v 0.8202439 -0.0600000 0.8202439
v 0.9502439 0.2400000 0.8202439
v 0.8202439 0.2400000 0.9502439
v 0.6902439 0.2400000 0.8202439
v 0.8202439 0.2400000 0.6902439
v 0.0200000 0.0650000 0.0350000
v 0.0200000 0.0650000 -0.0350000
v 0.0200000 0.1350000 -0.0350000
v 0.0200000 0.1350000 0.0350000
v 0.9000000 0.0650000 -0.0350000
v 0.9000000 0.0650000 0.0350000
v 0.9000000 0.1350000 0.0350000
v 0.9000000 0.1350000 -0.0350000
v 0.9000000 0.0650000 0.0350000
v 0.0200000 0.0650000 0.0350000
v 0.0200000 0.1350000 0.0350000
v 0.9000000 0.1350000 0.0350000
v 0.0200000 0.0650000 -0.0350000
v 0.9000000 0.0650000 -0.0350000
v 0.9000000 0.1350000 -0.0350000
v 0.0200000 0.1350000 -0.0350000
v 0.0200000 0.1350000 0.0350000
v 0.0200000 0.1350000 -0.0350000
v 0.9000000 0.1350000 -0.0350000
v 0.9000000 0.1350000 0.0350000
v 0.9000000 0.0650000 0.0350000
v 0.9000000 0.0650000 -0.0350000
v 0.0200000 0.0650000 -0.0350000
v 0.0200000 0.0650000 0.0350000
v 1.1600000 0.6800000 0.0000000
v 1.1600000 -0.2000000 0.0000000
v 1.2900000 0.2400000 0.0000000
v 1.1600000 0.2400000 0.1300000
v 1.0300000 0.2400000 0.0000000
v 1.1600000 0.2400000 -0.1300000
v 0.0388909 0.0650000 0.0106066
v -0.0106066 0.0650000 -0.0388909
v -0.0106066 0.1350000 -0.0388909
v 0.0388909 0.1350000 0.0106066
v 0.6116474 0.0650000 -0.6611448
v 0.6611448 0.0650000 -0.6116474
v 0.6611448 0.1350000 -0.6116474
v 0.6116474 0.1350000 -0.6611448
v 0.6611448 0.0650000 -0.6116474
v 0.0388909 0.0650000 0.0106066
v 0.0388909 0.1350000 0.0106066
v 0.6611448 0.1350000 -0.6116474
v -0.0106066 0.0650000 -0.0388909
v 0.6116474 0.0650000 -0.6611448
v 0.6116474 0.1350000 -0.6611448
v -0.0106066 0.1350000 -0.0388909
v 0.0388909 0.1350000 0.0106066
v -0.0106066 0.1350000 -0.0388909
v 0.6116474 0.1350000 -0.6611448
v 0.6611448 0.1350000 -0.6116474
v 0.6611448 0.0650000 -0.6116474
v 0.6116474 0.0650000 -0.6611448
v -0.0106066 0.0650000 -0.0388909
v 0.0388909 0.0650000 0.0106066
v 0.8202439 0.5400000 -0.8202439
v 0.8202439 -0.0600000 -0.8202439
v 0.9502439 0.2400000 -0.8202439
v 0.8202439 0.2400000 -0.6902439
v 0.6902439 0.2400000 -0.8202439
v 0.8202439 0.2400000 -0.9502439
v 0.0350000 0.0650000 -0.0200000
v -0.0350000 0.0650000 -0.0200000
v -0.0350000 0.1350000 -0.0200000
v 0.0350000 0.1350000 -0.0200000
v -0.0350000 0.0650000 -0.9000000
v 0.0350000 0.0650000 -0.9000000
v 0.0350000 0.1350000 -0.9000000
v -0.0350000 0.1350000 -0.9000000
v 0.0350000 0.0650000 -0.9000000
v 0.0350000 0.0650000 -0.0200000
v 0.0350000 0.1350000 -0.0200000
v 0.0350000 0.1350000 -0.9000000
v -0.0350000 0.0650000 -0.0200000
v -0.0350000 0.0650000 -0.9000000
v -0.0350000 0.1350000 -0.9000000
v -0.0350000 0.1350000 -0.0200000
v 0.0350000 0.1350000 -0.0200000
v -0.0350000 0.1350000 -0.0200000
v -0.0350000 0.1350000 -0.9000000
v 0.0350000 0.1350000 -0.9000000
v 0.0350000 0.0650000 -0.9000000
v -0.0350000 0.0650000 -0.9000000
v -0.0350000 0.0650000 -0.0200000
v 0.0350000 0.0650000 -0.0200000
v 0.0000000 0.6800000 -1.1600000
v 0.0000000 -0.2000000 -1.1600000
v 0.1300000 0.2400000 -1.1600000
v 0.0000000 0.2400000 -1.0300000
v -0.1300000 0.2400000 -1.1600000
v 0.0000000 0.2400000 -1.2900000
v 0.0106066 0.0650000 -0.0388909
v -0.0388909 0.0650000 0.0106066
v -0.0388909 0.1350000 0.0106066
v 0.0106066 0.1350000 -0.0388909
v -0.6611448 0.0650000 -0.6116474
v -0.6116474 0.0650000 -0.6611448
v -0.6116474 0.1350000 -0.6611448
v -0.6611448 0.1350000 -0.6116474
v -0.6116474 0.0650000 -0.6611448
v 0.0106066 0.0650000 -0.0388909
v 0.0106066 0.1350000 -0.0388909
v -0.6116474 0.1350000 -0.6611448
v -0.0388909 0.0650000 0.0106066
v -0.6611448 0.0650000 -0.6116474
v -0.6611448 0.1350000 -0.6116474
v -0.0388909 0.1350000 0.0106066
v 0.0106066 0.1350000 -0.0388909
v -0.0388909 0.1350000 0.0106066
v -0.6611448 0.1350000 -0.6116474
v -0.6116474 0.1350000 -0.6611448
v -0.6116474 0.0650000 -0.6611448
v -0.6611448 0.0650000 -0.6116474
v -0.0388909 0.0650000 0.0106066
v 0.0106066 0.0650000 -0.0388909
v -0.8202439 0.5400000 -0.8202439
v -0.8202439 -0.0600000 -0.8202439
v -0.6902439 0.2400000 -0.8202439
v -0.8202439 0.2400000 -0.6902439
v -0.9502439 0.2400000 -0.8202439
v -0.8202439 0.2400000 -0.9502439
v -0.0200000 0.0650000 -0.0350000
v -0.0200000 0.0650000 0.0350000
v -0.0200000 0.1350000 0.0350000
v -0.0200000 0.1350000 -0.0350000
v -0.9000000 0.0650000 0.0350000
v -0.9000000 0.0650000 -0.0350000
v -0.9000000 0.1350000 -0.0350000
v -0.9000000 0.1350000 0.0350000
v -0.9000000 0.0650000 -0.0350000
v -0.0200000 0.0650000 -0.0350000
v -0.0200000 0.1350000 -0.0350000
v -0.9000000 0.1350000 -0.0350000
v -0.0200000 0.0650000 0.0350000
v -0.9000000 0.0650000 0.0350000
v -0.9000000 0.1350000 0.0350000
v -0.0200000 0.1350000 0.0350000
v -0.0200000 0.1350000 -0.0350000
v -0.0200000 0.1350000 0.0350000
v -0.9000000 0.1350000 0.0350000
v -0.9000000 0.1350000 -0.0350000
v -0.9000000 0.0650000 -0.0350000
v -0.9000000 0.0650000 0.0350000
v -0.0200000 0.0650000 0.0350000
v -0.0200000 0.0650000 -0.0350000
v -1.1600000 0.6800000 -0.0000000
v -1.1600000 -0.2000000 -0.0000000
v -1.0300000 0.2400000 -0.0000000
v -1.1600000 0.2400000 0.1300000
v -1.2900000 0.2400000 -0.0000000
v -1.1600000 0.2400000 -0.1300000
v -0.0388909 0.0650000 -0.0106066
v 0.0106066 0.0650000 0.0388909
v 0.0106066 0.1350000 0.0388909
v -0.0388909 0.1350000 -0.0106066
v -0.6116474 0.0650000 0.6611448
v -0.6611448 0.0650000 0.6116474
v -0.6611448 0.1350000 0.6116474
v -0.6116474 0.1350000 0.6611448
v -0.6611448 0.0650000 0.6116474
v -0.0388909 0.0650000 -0.0106066
v -0.0388909 0.1350000 -0.0106066
v -0.6611448 0.1350000 0.6116474
v 0.0106066 0.0650000 0.0388909
v -0.6116474 0.0650000 0.6611448
v -0.6116474 0.1350000 0.6611448
v 0.0106066 0.1350000 0.0388909
v -0.0388909 0.1350000 -0.0106066
v 0.0106066 0.1350000 0.0388909
v -0.6116474 0.1350000 0.6611448
v -0.6611448 0.1350000 0.6116474
v -0.6611448 0.0650000 0.6116474
v -0.6116474 0.0650000 0.6611448
v 0.0106066 0.0650000 0.0388909
v -0.0388909 0.0650000 -0.0106066
v -0.8202439 0.5400000 0.8202439
v -0.8202439 -0.0600000 0.8202439
v -0.6902439 0.2400000 0.8202439
v -0.8202439 0.2400000 0.9502439
v -0.9502439 0.2400000 0.8202439
v -0.8202439 0.2400000 0.6902439
v 0.0000000 0.5000000 0.0000000
v 0.0000000 -0.0600000 0.0000000
v 0.3200000 0.2200000 0.0000000
v 0.0000000 0.2200000 0.3200000
v -0.3200000 0.2200000 0.0000000
v 0.0000000 0.2200000 -0.3200000
vt 0.0000000 0.0000000
vt 0.0000000 0.1111111
vt 0.0000000 0.2222222
vt 0.0000000 0.3333333
vt 0.0000000 0.4444444
vt 0.0000000 0.5555556
vt 0.0000000 0.6666667
vt 0.0000000 0.7777778
vt 0.0000000 0.8888889
vt 0.0000000 1.0000000
vt 0.0208333 0.0000000
vt 0.0208333 0.1111111
vt 0.0208333 0.2222222
vt 0.0208333 0.3333333
vt 0.0208333 0.4444444
vt 0.0208333 0.5555556
vt 0.0208333 0.6666667
vt 0.0208333 0.7777778
vt 0.0208333 0.8888889
vt 0.0208333 1.0000000
vt 0.0416667 0.0000000
vt 0.0416667 0.1111111
vt 0.0416667 0.2222222
vt 0.0416667 0.3333333
vt 0.0416667 0.4444444
vt 0.0416667 0.5555556
vt 0.0416667 0.6666667
vt 0.0416667 0.7777778
vt 0.0416667 0.8888889
vt 0.0416667 1.0000000
vt 0.0625000 0.0000000
vt 0.0625000 0.1111111
vt 0.0625000 0.2222222
vt 0.0625000 0.3333333
vt 0.0625000 0.4444444
vt 0.0625000 0.5555556
vt 0.0625000 0.6666667
vt 0.0625000 0.7777778
vt 0.0625000 0.8888889
vt 0.0625000 1.0000000
vt 0.0833333 0.0000000
vt 0.0833333 0.1111111
vt 0.0833333 0.2222222
vt 0.0833333 0.3333333
vt 0.0833333 0.4444444
vt 0.0833333 0.5555556
vt 0.0833333 0.6666667
vt 0.0833333 0.7777778
vt 0.0833333 0.8888889
vt 0.0833333 1.0000000
vt 0.1041667 0.0000000
vt 0.1041667 0.1111111
vt 0.1041667 0.2222222
vt 0.1041667 0.3333333
vt 0.1041667 0.4444444
vt 0.1041667 0.5555556
vt 0.1041667 0.6666667
vt 0.1041667 0.7777778
vt 0.1041667 0.8888889
vt 0.1041667 1.0000000
vt 0.1250000 0.0000000
vt 0.1250000 0.1111111
vt 0.1250000 0.2222222
vt 0.1250000 0.3333333
vt 0.1250000 0.4444444
vt 0.1250000 0.5555556
vt 0.1250000 0.6666667
vt 0.1250000 0.7777778
vt 0.1250000 0.8888889
vt 0.1250000 1.0000000
vt 0.1458333 0.0000000
vt 0.1458333 0.1111111
vt 0.1458333 0.2222222
vt 0.1458333 0.3333333
vt 0.1458333 0.4444444
vt 0.1458333 0.5555556
vt 0.1458333 0.6666667
vt 0.1458333 0.7777778
vt 0.1458333 0.8888889
vt 0.1458333 1.0000000
vt 0.1666667 0.0000000
vt 0.1666667 0.1111111
vt 0.1666667 0.2222222
vt 0.1666667 0.3333333
vt 0.1666667 0.4444444
vt 0.1666667 0.5555556
vt 0.1666667 0.6666667
vt 0.1666667 0.7777778
vt 0.1666667 0.8888889
vt 0.1666667 1.0000000
vt 0.1875000 0.0000000
vt 0.1875000 0.1111111
vt 0.1875000 0.2222222
vt 0.1875000 0.3333333
vt 0.1875000 0.4444444
vt 0.1875000 0.5555556
vt 0.1875000 0.6666667
vt 0.1875000 0.7777778
vt 0.1875000 0.8888889
vt 0.1875000 1.0000000
vt 0.2083333 0.0000000
vt 0.2083333 0.1111111
vt 0.2083333 0.2222222
vt 0.2083333 0.3333333
vt 0.2083333 0.4444444
vt 0.2083333 0.5555556
vt 0.2083333 0.6666667
vt 0.2083333 0.7777778
vt 0.2083333 0.8888889
vt 0.2083333 1.0000000
vt 0.2291667 0.0000000
vt 0.2291667 0.1111111
vt 0.2291667 0.2222222
vt 0.2291667 0.3333333
vt 0.2291667 0.4444444
vt 0.2291667 0.5555556
vt 0.2291667 0.6666667
vt 0.2291667 0.7777778
vt 0.2291667 0.8888889
vt 0.2291667 1.0000000
vt 0.2500000 0.0000000
vt 0.2500000 0.1111111
vt 0.2500000 0.2222222
vt 0.2500000 0.3333333
vt 0.2500000 0.4444444
vt 0.2500000 0.5555556
vt 0.2500000 0.6666667
vt 0.2500000 0.7777778
vt 0.2500000 0.8888889
vt 0.2500000 1.0000000
vt 0.2708333 0.0000000
vt 0.2708333 0.1111111
vt 0.2708333 0.2222222
vt 0.2708333 0.3333333
vt 0.2708333 0.4444444
vt 0.2708333 0.5555556
vt 0.2708333 0.6666667
vt 0.2708333 0.7777778
vt 0.2708333 0.8888889
vt 0.2708333 1.0000000
vt 0.2916667 0.0000000
vt 0.2916667 0.1111111
vt 0.2916667 0.2222222
vt 0.2916667 0.3333333
vt 0.2916667 0.4444444
vt 0.2916667 0.5555556
vt 0.2916667 0.6666667
vt 0.2916667 0.7777778
vt 0.2916667 0.8888889
vt 0.2916667 1.0000000
vt 0.3125000 0.0000000
vt 0.3125000 0.1111111
vt 0.3125000 0.2222222
vt 0.3125000 0.3333333
vt 0.3125000 0.4444444
vt 0.3125000 0.5555556
vt 0.3125000 0.6666667
vt 0.3125000 0.7777778
vt 0.3125000 0.8888889
vt 0.3125000 1.0000000
vt 0.3333333 0.0000000
vt 0.3333333 0.1111111
vt 0.3333333 0.2222222
vt 0.3333333 0.3333333
vt 0.3333333 0.4444444
vt 0.3333333 0.5555556
vt 0.3333333 0.6666667
vt 0.3333333 0.7777778
vt 0.3333333 0.8888889
vt 0.3333333 1.0000000
vt 0.3541667 0.0000000
vt 0.3541667 0.1111111
vt 0.3541667 0.2222222
vt 0.3541667 0.3333333
vt 0.3541667 0.4444444
vt 0.3541667 0.5555556
vt 0.3541667 0.6666667
vt 0.3541667 0.7777778
vt 0.3541667 0.8888889
vt 0.3541667 1.0000000
vt 0.3750000 0.0000000
vt 0.3750000 0.1111111
vt 0.3750000 0.2222222
vt 0.3750000 0.3333333
vt 0.3750000 0.4444444
vt 0.3750000 0.5555556
vt 0.3750000 0.6666667
vt 0.3750000 0.7777778
vt 0.3750000 0.8888889
vt 0.3750000 1.0000000
vt 0.3958333 0.0000000
vt 0.3958333 0.1111111
vt 0.3958333 0.2222222
vt 0.3958333 0.3333333
vt 0.3958333 0.4444444
vt 0.3958333 0.5555556
vt 0.3958333 0.6666667
vt 0.3958333 0.7777778
vt 0.3958333 0.8888889
vt 0.3958333 1.0000000
vt 0.4166667 0.0000000
vt 0.4166667 0.1111111
vt 0.4166667 0.2222222
vt 0.4166667 0.3333333
vt 0.4166667 0.4444444
vt 0.4166667 0.5555556
vt 0.4166667 0.6666667
vt 0.4166667 0.7777778
vt 0.4166667 0.8888889
vt 0.4166667 1.0000000
vt 0.4375000 0.0000000
vt 0.4375000 0.1111111
vt 0.4375000 0.2222222
vt 0.4375000 0.3333333
vt 0.4375000 0.4444444
vt 0.4375000 0.5555556
vt 0.4375000 0.6666667
vt 0.4375000 0.7777778
vt 0.4375000 0.8888889
vt 0.4375000 1.0000000
vt 0.4583333 0.0000000
vt 0.4583333 0.1111111
vt 0.4583333 0.2222222
vt 0.4583333 0.3333333
vt 0.4583333 0.4444444
vt 0.4583333 0.5555556
vt 0.4583333 0.6666667
vt 0.4583333 0.7777778
vt 0.4583333 0.8888889
vt 0.4583333 1.0000000
vt 0.4791667 0.0000000
vt 0.4791667 0.1111111
vt 0.4791667 0.2222222
vt 0.4791667 0.3333333
vt 0.4791667 0.4444444
vt 0.4791667 0.5555556
vt 0.4791667 0.6666667
vt 0.4791667 0.7777778
vt 0.4791667 0.8888889
vt 0.4791667 1.0000000
vt 0.5000000 0.0000000
vt 0.5000000 0.1111111
vt 0.5000000 0.2222222
vt 0.5000000 0.3333333
vt 0.5000000 0.4444444
vt 0.5000000 0.5555556
vt 0.5000000 0.6666667
vt 0.5000000 0.7777778
vt 0.5000000 0.8888889
vt 0.5000000 1.0000000
vt 0.5208333 0.0000000
vt 0.5208333 0.1111111
vt 0.5208333 0.2222222
vt 0.5208333 0.3333333
vt 0.5208333 0.4444444
vt 0.5208333 0.5555556
vt 0.5208333 0.6666667
vt 0.5208333 0.7777778
vt 0.5208333 0.8888889
vt 0.5208333 1.0000000
vt 0.5416667 0.0000000
vt 0.5416667 0.1111111
vt 0.5416667 0.2222222
vt 0.5416667 0.3333333
vt 0.5416667 0.4444444
vt 0.5416667 0.5555556
vt 0.5416667 0.6666667
vt 0.5416667 0.7777778
vt 0.5416667 0.8888889
vt 0.5416667 1.0000000
vt 0.5625000 0.0000000
vt 0.5625000 0.1111111
vt 0.5625000 0.2222222
vt 0.5625000 0.3333333
vt 0.5625000 0.4444444
vt 0.5625000 0.5555556
vt 0.5625000 0.6666667
vt 0.5625000 0.7777778
vt 0.5625000 0.8888889
vt 0.5625000 1.0000000
vt 0.5833333 0.0000000
vt 0.5833333 0.1111111
vt 0.5833333 0.2222222
vt 0.5833333 0.3333333
vt 0.5833333 0.4444444
vt 0.5833333 0.5555556
vt 0.5833333 0.6666667
vt 0.5833333 0.7777778
vt 0.5833333 0.8888889
vt 0.5833333 1.0000000
vt 0.6041667 0.0000000
vt 0.6041667 0.1111111
vt 0.6041667 0.2222222
vt 0.6041667 0.3333333
vt 0.6041667 0.4444444
vt 0.6041667 0.5555556
vt 0.6041667 0.6666667
vt 0.6041667 0.7777778
vt 0.6041667 0.8888889
vt 0.6041667 1.0000000
vt 0.6250000 0.0000000
vt 0.6250000 0.1111111
vt 0.6250000 0.2222222
vt 0.6250000 0.3333333
vt 0.6250000 0.4444444
vt 0.6250000 0.5555556
vt 0.6250000 0.6666667
vt 0.6250000 0.7777778
vt 0.6250000 0.8888889
vt 0.6250000 1.0000000
vt 0.6458333 0.0000000
vt 0.6458333 0.1111111
vt 0.6458333 0.2222222
vt 0.6458333 0.3333333
vt 0.6458333 0.4444444
vt 0.6458333 0.5555556
vt 0.6458333 0.6666667
vt 0.6458333 0.7777778
vt 0.6458333 0.8888889
vt 0.6458333 1.0000000
vt 0.6666667 0.0000000
vt 0.6666667 0.1111111
vt 0.6666667 0.2222222
vt 0.6666667 0.3333333
vt 0.6666667 0.4444444
vt 0.6666667 0.5555556
vt 0.6666667 0.6666667
vt 0.6666667 0.7777778
vt 0.6666667 0.8888889
vt 0.6666667 1.0000000
vt 0.6875000 0.0000000
vt 0.6875000 0.1111111
vt 0.6875000 0.2222222
vt 0.6875000 0.3333333
vt 0.6875000 0.4444444
vt 0.6875000 0.5555556
vt 0.6875000 0.6666667
vt 0.6875000 0.7777778
vt 0.6875000 0.8888889
vt 0.6875000 1.0000000
vt 0.7083333 0.0000000
vt 0.7083333 0.1111111
vt 0.7083333 0.2222222
vt 0.7083333 0.3333333
vt 0.7083333 0.4444444
vt 0.7083333 0.5555556
vt 0.7083333 0.6666667
vt 0.7083333 0.7777778
vt 0.7083333 0.8888889
vt 0.7083333 1.0000000
vt 0.7291667 0.0000000
vt 0.7291667 0.1111111
vt 0.7291667 0.2222222
vt 0.7291667 0.3333333
vt 0.7291667 0.4444444
vt 0.7291667 0.5555556
vt 0.7291667 0.6666667
vt 0.7291667 0.7777778
vt 0.7291667 0.8888889
vt 0.7291667 1.0000000
vt 0.7500000 0.0000000
vt 0.7500000 0.1111111
vt 0.7500000 0.2222222
vt 0.7500000 0.3333333
vt 0.7500000 0.4444444
vt 0.7500000 0.5555556
vt 0.7500000 0.6666667
vt 0.7500000 0.7777778
vt 0.7500000 0.8888889
vt 0.7500000 1.0000000
vt 0.7708333 0.0000000
vt 0.7708333 0.1111111
vt 0.7708333 0.2222222
vt 0.7708333 0.3333333
vt 0.7708333 0.4444444
vt 0.7708333 0.5555556
vt 0.7708333 0.6666667
vt 0.7708333 0.7777778
vt 0.7708333 0.8888889
vt 0.7708333 1.0000000
vt 0.7916667 0.0000000
vt 0.7916667 0.1111111
vt 0.7916667 0.2222222
vt 0.7916667 0.3333333
vt 0.7916667 0.4444444
vt 0.7916667 0.5555556
vt 0.7916667 0.6666667
vt 0.7916667 0.7777778
vt 0.7916667 0.8888889
vt 0.7916667 1.0000000
vt 0.8125000 0.0000000
vt 0.8125000 0.1111111
vt 0.8125000 0.2222222
vt 0.8125000 0.3333333
vt 0.8125000 0.4444444
vt 0.8125000 0.5555556
vt 0.8125000 0.6666667
vt 0.8125000 0.7777778
vt 0.8125000 0.8888889
vt 0.8125000 1.0000000
vt 0.8333333 0.0000000
vt 0.8333333 0.1111111
vt 0.8333333 0.2222222
vt 0.8333333 0.3333333
vt 0.8333333 0.4444444
vt 0.8333333 0.5555556
vt 0.8333333 0.6666667
vt 0.8333333 0.7777778
vt 0.8333333 0.8888889
vt 0.8333333 1.0000000
vt 0.8541667 0.0000000
vt 0.8541667 0.1111111
vt 0.8541667 0.2222222
vt 0.8541667 0.3333333
vt 0.8541667 0.4444444
vt 0.8541667 0.5555556
vt 0.8541667 0.6666667
vt 0.8541667 0.7777778
vt 0.8541667 0.8888889
vt 0.8541667 1.0000000
vt 0.8750000 0.0000000
vt 0.8750000 0.1111111
vt 0.8750000 0.2222222
vt 0.8750000 0.3333333
vt 0.8750000 0.4444444
vt 0.8750000 0.5555556
vt 0.8750000 0.6666667
vt 0.8750000 0.7777778
vt 0.8750000 0.8888889
vt 0.8750000 1.0000000
vt 0.8958333 0.0000000
vt 0.8958333 0.1111111
vt 0.8958333 0.2222222
vt 0.8958333 0.3333333
vt 0.8958333 0.4444444
vt 0.8958333 0.5555556
vt 0.8958333 0.6666667
vt 0.8958333 0.7777778
vt 0.8958333 0.8888889
vt 0.8958333 1.0000000
vt 0.9166667 0.0000000
vt 0.9166667 0.1111111
vt 0.9166667 0.2222222
vt 0.9166667 0.3333333
vt 0.9166667 0.4444444
vt 0.9166667 0.5555556
vt 0.9166667 0.6666667
vt 0.9166667 0.7777778
vt 0.9166667 0.8888889
vt 0.9166667 1.0000000
vt 0.9375000 0.0000000
vt 0.9375000 0.1111111
vt 0.9375000 0.2222222
vt 0.9375000 0.3333333
vt 0.9375000 0.4444444
vt 0.9375000 0.5555556
vt 0.9375000 0.6666667
vt 0.9375000 0.7777778
vt 0.9375000 0.8888889
vt 0.9375000 1.0000000
vt 0.9583333 0.0000000
vt 0.9583333 0.1111111
vt 0.9583333 0.2222222
vt 0.9583333 0.3333333
vt 0.9583333 0.4444444
vt 0.9583333 0.5555556
vt 0.9583333 0.6666667
vt 0.9583333 0.7777778
vt 0.9583333 0.8888889
vt 0.9583333 1.0000000
vt 0.9791667 0.0000000
vt 0.9791667 0.1111111
vt 0.9791667 0.2222222
vt 0.9791667 0.3333333
vt 0.9791667 0.4444444
vt 0.9791667 0.5555556
vt 0.9791667 0.6666667
vt 0.9791667 0.7777778
vt 0.9791667 0.8888889
vt 0.9791667 1.0000000
vt 1.0000000 0.0000000
vt 1.0000000 0.1111111
vt 1.0000000 0.2222222
vt 1.0000000 0.3333333
vt 1.0000000 0.4444444
vt 1.0000000 0.5555556
vt 1.0000000 0.6666667
vt 1.0000000 0.7777778
vt 1.0000000 0.8888889
vt 1.0000000 1.0000000
vt 0.0000000 0.0000000
vt 0.0000000 0.1428571
vt 0.0000000 0.2857143
vt 0.0000000 0.4285714
vt 0.0000000 0.5714286
vt 0.0000000 0.7142857
vt 0.0000000 0.8571429
vt 0.0000000 1.0000000
vt 0.0208333 0.0000000
vt 0.0208333 0.1428571
vt 0.0208333 0.2857143
vt 0.0208333 0.4285714
vt 0.0208333 0.5714286
vt 0.0208333 0.7142857
vt 0.0208333 0.8571429
vt 0.0208333 1.0000000
vt 0.0416667 0.0000000
vt 0.0416667 0.1428571
vt 0.0416667 0.2857143
vt 0.0416667 0.4285714
vt 0.0416667 0.5714286
vt 0.0416667 0.7142857
vt 0.0416667 0.8571429
vt 0.0416667 1.0000000
vt 0.0625000 0.0000000
vt 0.0625000 0.1428571
vt 0.0625000 0.2857143
vt 0.0625000 0.4285714
vt 0.0625000 0.5714286
vt 0.0625000 0.7142857
vt 0.0625000 0.8571429
vt 0.0625000 1.0000000
vt 0.0833333 0.0000000
vt 0.0833333 0.1428571
vt 0.0833333 0.2857143
vt 0.0833333 0.4285714
vt 0.0833333 0.5714286
vt 0.0833333 0.7142857
vt 0.0833333 0.8571429
vt 0.0833333 1.0000000
vt 0.1041667 0.0000000
vt 0.1041667 0.1428571
vt 0.1041667 0.2857143
vt 0.1041667 0.4285714
vt 0.1041667 0.5714286
vt 0.1041667 0.7142857
vt 0.1041667 0.8571429
vt 0.1041667 1.0000000
vt 0.1250000 0.0000000
vt 0.1250000 0.1428571
vt 0.1250000 0.2857143
vt 0.1250000 0.4285714
vt 0.1250000 0.5714286
vt 0.1250000 0.7142857
vt 0.1250000 0.8571429
vt 0.1250000 1.0000000
vt 0.1458333 0.0000000
vt 0.1458333 0.1428571
vt 0.1458333 0.2857143
vt 0.1458333 0.4285714
vt 0.1458333 0.5714286
vt 0.1458333 0.7142857
vt 0.1458333 0.8571429
vt 0.1458333 1.0000000
vt 0.1666667 0.0000000
vt 0.1666667 0.1428571
vt 0.1666667 0.2857143
vt 0.1666667 0.4285714
vt 0.1666667 0.5714286
vt 0.1666667 0.7142857
vt 0.1666667 0.8571429
vt 0.1666667 1.0000000
vt 0.1875000 0.0000000
vt 0.1875000 0.1428571
vt 0.1875000 0.2857143
vt 0.1875000 0.4285714
vt 0.1875000 0.5714286
vt 0.1875000 0.7142857
vt 0.1875000 0.8571429
vt 0.1875000 1.0000000
vt 0.2083333 0.0000000
vt 0.2083333 0.1428571
vt 0.2083333 0.2857143
vt 0.2083333 0.4285714
vt 0.2083333 0.5714286
vt 0.2083333 0.7142857
vt 0.2083333 0.8571429
vt 0.2083333 1.0000000
vt 0.2291667 0.0000000
vt 0.2291667 0.1428571
vt 0.2291667 0.2857143
vt 0.2291667 0.4285714
vt 0.2291667 0.5714286
vt 0.2291667 0.7142857
vt 0.2291667 0.8571429
vt 0.2291667 1.0000000
vt 0.2500000 0.0000000
vt 0.2500000 0.1428571
vt 0.2500000 0.2857143
vt 0.2500000 0.4285714
vt 0.2500000 0.5714286
vt 0.2500000 0.7142857
vt 0.2500000 0.8571429
vt 0.2500000 1.0000000
vt 0.2708333 0.0000000
vt 0.2708333 0.1428571
vt 0.2708333 0.2857143
vt 0.2708333 0.4285714
vt 0.2708333 0.5714286
vt 0.2708333 0.7142857
vt 0.2708333 0.8571429
vt 0.2708333 1.0000000
vt 0.2916667 0.0000000
vt 0.2916667 0.1428571
vt 0.2916667 0.2857143
vt 0.2916667 0.4285714
vt 0.2916667 0.5714286
vt 0.2916667 0.7142857
vt 0.2916667 0.8571429
vt 0.2916667 1.0000000
vt 0.3125000 0.0000000
vt 0.3125000 0.1428571
vt 0.3125000 0.2857143
vt 0.3125000 0.4285714
vt 0.3125000 0.5714286
vt 0.3125000 0.7142857
vt 0.3125000 0.8571429
vt 0.3125000 1.0000000
vt 0.3333333 0.0000000
vt 0.3333333 0.1428571
vt 0.3333333 0.2857143
vt 0.3333333 0.4285714
vt 0.3333333 0.5714286
vt 0.3333333 0.7142857
vt 0.3333333 0.8571429
vt 0.3333333 1.0000000
vt 0.3541667 0.0000000
vt 0.3541667 0.1428571
vt 0.3541667 0.2857143
vt 0.3541667 0.4285714
vt 0.3541667 0.5714286
vt 0.3541667 0.7142857
vt 0.3541667 0.8571429
vt 0.3541667 1.0000000
vt 0.3750000 0.0000000
vt 0.3750000 0.1428571
vt 0.3750000 0.2857143
vt 0.3750000 0.4285714
vt 0.3750000 0.5714286
vt 0.3750000 0.7142857
vt 0.3750000 0.8571429
vt 0.3750000 1.0000000
vt 0.3958333 0.0000000
vt 0.3958333 0.1428571
vt 0.3958333 0.2857143
vt 0.3958333 0.4285714
vt 0.3958333 0.5714286
vt 0.3958333 0.7142857
vt 0.3958333 0.8571429
vt 0.3958333 1.0000000
vt 0.4166667 0.0000000
vt 0.4166667 0.1428571
vt 0.4166667 0.2857143
vt 0.4166667 0.4285714
vt 0.4166667 0.5714286
vt 0.4166667 0.7142857
vt 0.4166667 0.8571429
vt 0.4166667 1.0000000
vt 0.4375000 0.0000000
vt 0.4375000 0.1428571
vt 0.4375000 0.2857143
vt 0.4375000 0.4285714
vt 0.4375000 0.5714286
vt 0.4375000 0.7142857
vt 0.4375000 0.8571429
vt 0.4375000 1.0000000
vt 0.4583333 0.0000000
vt 0.4583333 0.1428571
vt 0.4583333 0.2857143
vt 0.4583333 0.4285714
vt 0.4583333 0.5714286
vt 0.4583333 0.7142857
vt 0.4583333 0.8571429
vt 0.4583333 1.0000000
vt 0.4791667 0.0000000
vt 0.4791667 0.1428571
vt 0.4791667 0.2857143
vt 0.4791667 0.4285714
vt 0.4791667 0.5714286
vt 0.4791667 0.7142857
vt 0.4791667 0.8571429
vt 0.4791667 1.0000000
vt 0.5000000 0.0000000
vt 0.5000000 0.1428571
vt 0.5000000 0.2857143
vt 0.5000000 0.4285714
vt 0.5000000 0.5714286
vt 0.5000000 0.7142857
vt 0.5000000 0.8571429
vt 0.5000000 1.0000000
vt 0.5208333 0.0000000
vt 0.5208333 0.1428571
vt 0.5208333 0.2857143
vt 0.5208333 0.4285714
vt 0.5208333 0.5714286
vt 0.5208333 0.7142857
vt 0.5208333 0.8571429
vt 0.5208333 1.0000000
vt 0.5416667 0.0000000
vt 0.5416667 0.1428571
vt 0.5416667 0.2857143
vt 0.5416667 0.4285714
vt 0.5416667 0.5714286
vt 0.5416667 0.7142857
vt 0.5416667 0.8571429
vt 0.5416667 1.0000000
vt 0.5625000 0.0000000
vt 0.5625000 0.1428571
vt 0.5625000 0.2857143
vt 0.5625000 0.4285714
vt 0.5625000 0.5714286
vt 0.5625000 0.7142857
vt 0.5625000 0.8571429
vt 0.5625000 1.0000000
vt 0.5833333 0.0000000
vt 0.5833333 0.1428571
vt 0.5833333 0.2857143
vt 0.5833333 0.4285714
vt 0.5833333 0.5714286
vt 0.5833333 0.7142857
vt 0.5833333 0.8571429
vt 0.5833333 1.0000000
vt 0.6041667 0.0000000
vt 0.6041667 0.1428571
vt 0.6041667 0.2857143
vt 0.6041667 0.4285714
vt 0.6041667 0.5714286
vt 0.6041667 0.7142857
vt 0.6041667 0.8571429
vt 0.6041667 1.0000000
vt 0.6250000 0.0000000
vt 0.6250000 0.1428571
vt 0.6250000 0.2857143
vt 0.6250000 0.4285714
vt 0.6250000 0.5714286
vt 0.6250000 0.7142857
vt 0.6250000 0.8571429
vt 0.6250000 1.0000000
vt 0.6458333 0.0000000
vt 0.6458333 0.1428571
vt 0.6458333 0.2857143
vt 0.6458333 0.4285714
vt 0.6458333 0.5714286
vt 0.6458333 0.7142857
vt 0.6458333 0.8571429
vt 0.6458333 1.0000000
vt 0.6666667 0.0000000
vt 0.6666667 0.1428571
vt 0.6666667 0.2857143
vt 0.6666667 0.4285714
vt 0.6666667 0.5714286
vt 0.6666667 0.7142857
vt 0.6666667 0.8571429
vt 0.6666667 1.0000000
vt 0.6875000 0.0000000
vt 0.6875000 0.1428571
vt 0.6875000 0.2857143
vt 0.6875000 0.4285714
vt 0.6875000 0.5714286
vt 0.6875000 0.7142857
vt 0.6875000 0.8571429
vt 0.6875000 1.0000000
vt 0.7083333 0.0000000
vt 0.7083333 0.1428571
vt 0.7083333 0.2857143
vt 0.7083333 0.4285714
vt 0.7083333 0.5714286
vt 0.7083333 0.7142857
vt 0.7083333 0.8571429
vt 0.7083333 1.0000000
vt 0.7291667 0.0000000
vt 0.7291667 0.1428571
vt 0.7291667 0.2857143
vt 0.7291667 0.4285714
vt 0.7291667 0.5714286
vt 0.7291667 0.7142857
vt 0.7291667 0.8571429
vt 0.7291667 1.0000000
vt 0.7500000 0.0000000
vt 0.7500000 0.1428571
vt 0.7500000 0.2857143
vt 0.7500000 0.4285714
vt 0.7500000 0.5714286
vt 0.7500000 0.7142857
vt 0.7500000 0.8571429
vt 0.7500000 1.0000000
vt 0.7708333 0.0000000
vt 0.7708333 0.1428571
vt 0.7708333 0.2857143
vt 0.7708333 0.4285714
vt 0.7708333 0.5714286
vt 0.7708333 0.7142857
vt 0.7708333 0.8571429
vt 0.7708333 1.0000000
vt 0.7916667 0.0000000
vt 0.7916667 0.1428571
vt 0.7916667 0.2857143
vt 0.7916667 0.4285714
vt 0.7916667 0.5714286
vt 0.7916667 0.7142857
vt 0.7916667 0.8571429
vt 0.7916667 1.0000000
vt 0.8125000 0.0000000
vt 0.8125000 0.1428571
vt 0.8125000 0.2857143
vt 0.8125000 0.4285714
vt 0.8125000 0.5714286
vt 0.8125000 0.7142857
vt 0.8125000 0.8571429
vt 0.8125000 1.0000000
vt 0.8333333 0.0000000
vt 0.8333333 0.1428571
vt 0.8333333 0.2857143
vt 0.8333333 0.4285714
vt 0.8333333 0.5714286
vt 0.8333333 0.7142857
vt 0.8333333 0.8571429
vt 0.8333333 1.0000000
vt 0.8541667 0.0000000
vt 0.8541667 0.1428571
vt 0.8541667 0.2857143
vt 0.8541667 0.4285714
vt 0.8541667 0.5714286
vt 0.8541667 0.7142857
vt 0.8541667 0.8571429
vt 0.8541667 1.0000000
vt 0.8750000 0.0000000
vt 0.8750000 0.1428571
vt 0.8750000 0.2857143
vt 0.8750000 0.4285714
vt 0.8750000 0.5714286
vt 0.8750000 0.7142857
vt 0.8750000 0.8571429
vt 0.8750000 1.0000000
vt 0.8958333 0.0000000
vt 0.8958333 0.1428571
vt 0.8958333 0.2857143
vt 0.8958333 0.4285714
vt 0.8958333 0.5714286
vt 0.8958333 0.7142857
vt 0.8958333 0.8571429
vt 0.8958333 1.0000000
vt 0.9166667 0.0000000
vt 0.9166667 0.1428571
vt 0.9166667 0.2857143
vt 0.9166667 0.4285714
vt 0.9166667 0.5714286
vt 0.9166667 0.7142857
vt 0.9166667 0.8571429
vt 0.9166667 1.0000000
vt 0.9375000 0.0000000
vt 0.9375000 0.1428571
vt 0.9375000 0.2857143
vt 0.9375000 0.4285714
vt 0.9375000 0.5714286
vt 0.9375000 0.7142857
vt 0.9375000 0.8571429
vt 0.9375000 1.0000000
vt 0.9583333 0.0000000
vt 0.9583333 0.1428571
vt 0.9583333 0.2857143
vt 0.9583333 0.4285714
vt 0.9583333 0.5714286
vt 0.9583333 0.7142857
vt 0.9583333 0.8571429
vt 0.9583333 1.0000000
vt 0.9791667 0.0000000
vt 0.9791667 0.1428571
vt 0.9791667 0.2857143
vt 0.9791667 0.4285714
vt 0.9791667 0.5714286
vt 0.9791667 0.7142857
vt 0.9791667 0.8571429
vt 0.9791667 1.0000000
vt 1.0000000 0.0000000
vt 1.0000000 0.1428571
vt 1.0000000 0.2857143
vt 1.0000000 0.4285714
vt 1.0000000 0.5714286
vt 1.0000000 0.7142857
vt 1.0000000 0.8571429
vt 1.0000000 1.0000000
vt 0.0000000 0.0000000
vt 0.0000000 0.1428571
vt 0.0000000 0.2857143
vt 0.0000000 0.4285714
vt 0.0000000 0.5714286
vt 0.0000000 0.7142857
vt 0.0000000 0.8571429
vt 0.0000000 1.0000000
vt 0.0277778 0.0000000
vt 0.0277778 0.1428571
vt 0.0277778 0.2857143
vt 0.0277778 0.4285714
vt 0.0277778 0.5714286
vt 0.0277778 0.7142857
vt 0.0277778 0.8571429
vt 0.0277778 1.0000000
vt 0.0555556 0.0000000
vt 0.0555556 0.1428571
vt 0.0555556 0.2857143
vt 0.0555556 0.4285714
vt 0.0555556 0.5714286
vt 0.0555556 0.7142857
vt 0.0555556 0.8571429
vt 0.0555556 1.0000000
vt 0.0833333 0.0000000
vt 0.0833333 0.1428571
vt 0.0833333 0.2857143
vt 0.0833333 0.4285714
vt 0.0833333 0.5714286
vt 0.0833333 0.7142857
vt 0.0833333 0.8571429
vt 0.0833333 1.0000000
vt 0.1111111 0.0000000
vt 0.1111111 0.1428571
vt 0.1111111 0.2857143
vt 0.1111111 0.4285714
vt 0.1111111 0.5714286
vt 0.1111111 0.7142857
vt 0.1111111 0.8571429
vt 0.1111111 1.0000000
vt 0.1388889 0.0000000
vt 0.1388889 0.1428571
vt 0.1388889 0.2857143
vt 0.1388889 0.4285714
vt 0.1388889 0.5714286
vt 0.1388889 0.7142857
vt 0.1388889 0.8571429
vt 0.1388889 1.0000000
vt 0.1666667 0.0000000
vt 0.1666667 0.1428571
vt 0.1666667 0.2857143
vt 0.1666667 0.4285714
vt 0.1666667 0.5714286
vt 0.1666667 0.7142857
vt 0.1666667 0.8571429
vt 0.1666667 1.0000000
vt 0.1944444 0.0000000
vt 0.1944444 0.1428571
vt 0.1944444 0.2857143
vt 0.1944444 0.4285714
vt 0.1944444 0.5714286
vt 0.1944444 0.7142857
vt 0.1944444 0.8571429
vt 0.1944444 1.0000000
vt 0.2222222 0.0000000
vt 0.2222222 0.1428571
vt 0.2222222 0.2857143
vt 0.2222222 0.4285714
vt 0.2222222 0.5714286
vt 0.2222222 0.7142857
vt 0.2222222 0.8571429
vt 0.2222222 1.0000000
vt 0.2500000 0.0000000
vt 0.2500000 0.1428571
vt 0.2500000 0.2857143
vt 0.2500000 0.4285714
vt 0.2500000 0.5714286
vt 0.2500000 0.7142857
vt 0.2500000 0.8571429
vt 0.2500000 1.0000000
vt 0.2777778 0.0000000
vt 0.2777778 0.1428571
vt 0.2777778 0.2857143
vt 0.2777778 0.4285714
vt 0.2777778 0.5714286
vt 0.2777778 0.7142857
vt 0.2777778 0.8571429
vt 0.2777778 1.0000000
vt 0.3055556 0.0000000
vt 0.3055556 0.1428571
vt 0.3055556 0.2857143
vt 0.3055556 0.4285714
vt 0.3055556 0.5714286
vt 0.3055556 0.7142857
vt 0.3055556 0.8571429
vt 0.3055556 1.0000000
vt 0.3333333 0.0000000
vt 0.3333333 0.1428571
vt 0.3333333 0.2857143
vt 0.3333333 0.4285714
vt 0.3333333 0.5714286
vt 0.3333333 0.7142857
vt 0.3333333 0.8571429
vt 0.3333333 1.0000000
vt 0.3611111 0.0000000
vt 0.3611111 0.1428571
vt 0.3611111 0.2857143
vt 0.3611111 0.4285714
vt 0.3611111 0.5714286
vt 0.3611111 0.7142857
vt 0.3611111 0.8571429
vt 0.3611111 1.0000000
vt 0.3888889 0.0000000
vt 0.3888889 0.1428571
vt 0.3888889 0.2857143
vt 0.3888889 0.4285714
vt 0.3888889 0.5714286
vt 0.3888889 0.7142857
vt 0.3888889 0.8571429
vt 0.3888889 1.0000000
vt 0.4166667 0.0000000
vt 0.4166667 0.1428571
vt 0.4166667 0.2857143
vt 0.4166667 0.4285714
vt 0.4166667 0.5714286
vt 0.4166667 0.7142857
vt 0.4166667 0.8571429
vt 0.4166667 1.0000000
vt 0.4444444 0.0000000
vt 0.4444444 0.1428571
vt 0.4444444 0.2857143
vt 0.4444444 0.4285714
vt 0.4444444 0.5714286
vt 0.4444444 0.7142857
vt 0.4444444 0.8571429
vt 0.4444444 1.0000000
vt 0.4722222 0.0000000
vt 0.4722222 0.1428571
vt 0.4722222 0.2857143
vt 0.4722222 0.4285714
vt 0.4722222 0.5714286
vt 0.4722222 0.7142857
vt 0.4722222 0.8571429
vt 0.4722222 1.0000000
vt 0.5000000 0.0000000
vt 0.5000000 0.1428571
vt 0.5000000 0.2857143
vt 0.5000000 0.4285714
vt 0.5000000 0.5714286
vt 0.5000000 0.7142857
vt 0.5000000 0.8571429
vt 0.5000000 1.0000000
vt 0.5277778 0.0000000
vt 0.5277778 0.1428571
vt 0.5277778 0.2857143
vt 0.5277778 0.4285714
vt 0.5277778 0.5714286
vt 0.5277778 0.7142857
vt 0.5277778 0.8571429
vt 0.5277778 1.0000000
vt 0.5555556 0.0000000
vt 0.5555556 0.1428571
vt 0.5555556 0.2857143
vt 0.5555556 0.4285714
vt 0.5555556 0.5714286
vt 0.5555556 0.7142857
vt 0.5555556 0.8571429
vt 0.5555556 1.0000000
vt 0.5833333 0.0000000
vt 0.5833333 0.1428571
vt 0.5833333 0.2857143
vt 0.5833333 0.4285714
vt 0.5833333 0.5714286
vt 0.5833333 0.7142857
vt 0.5833333 0.8571429
vt 0.5833333 1.0000000
vt 0.6111111 0.0000000
vt 0.6111111 0.1428571
vt 0.6111111 0.2857143
vt 0.6111111 0.4285714
vt 0.6111111 0.5714286
vt 0.6111111 0.7142857
vt 0.6111111 0.8571429
vt 0.6111111 1.0000000
vt 0.6388889 0.0000000
vt 0.6388889 0.1428571
vt 0.6388889 0.2857143
vt 0.6388889 0.4285714
vt 0.6388889 0.5714286
vt 0.6388889 0.7142857
vt 0.6388889 0.8571429
vt 0.6388889 1.0000000
vt 0.6666667 0.0000000
vt 0.6666667 0.1428571
vt 0.6666667 0.2857143
vt 0.6666667 0.4285714
vt 0.6666667 0.5714286
vt 0.6666667 0.7142857
vt 0.6666667 0.8571429
vt 0.6666667 1.0000000
vt 0.6944444 0.0000000
vt 0.6944444 0.1428571
vt 0.6944444 0.2857143
vt 0.6944444 0.4285714
vt 0.6944444 0.5714286
vt 0.6944444 0.7142857
vt 0.6944444 0.8571429
vt 0.6944444 1.0000000
vt 0.7222222 0.0000000
vt 0.7222222 0.1428571
vt 0.7222222 0.2857143
vt 0.7222222 0.4285714
vt 0.7222222 0.5714286
vt 0.7222222 0.7142857
vt 0.7222222 0.8571429
vt 0.7222222 1.0000000
vt 0.7500000 0.0000000
vt 0.7500000 0.1428571
vt 0.7500000 0.2857143
vt 0.7500000 0.4285714
vt 0.7500000 0.5714286
vt 0.7500000 0.7142857
vt 0.7500000 0.8571429
vt 0.7500000 1.0000000
vt 0.7777778 0.0000000
vt 0.7777778 0.1428571
vt 0.7777778 0.2857143
vt 0.7777778 0.4285714
vt 0.7777778 0.5714286
vt 0.7777778 0.7142857
vt 0.7777778 0.8571429
vt 0.7777778 1.0000000
vt 0.8055556 0.0000000
vt 0.8055556 0.1428571
vt 0.8055556 0.2857143
vt 0.8055556 0.4285714
vt 0.8055556 0.5714286
vt 0.8055556 0.7142857
vt 0.8055556 0.8571429
vt 0.8055556 1.0000000
vt 0.8333333 0.0000000
vt 0.8333333 0.1428571
vt 0.8333333 0.2857143
vt 0.8333333 0.4285714
vt 0.8333333 0.5714286
vt 0.8333333 0.7142857
vt 0.8333333 0.8571429
vt 0.8333333 1.0000000
vt 0.8611111 0.0000000
vt 0.8611111 0.1428571
vt 0.8611111 0.2857143
vt 0.8611111 0.4285714
vt 0.8611111 0.5714286
vt 0.8611111 0.7142857
vt 0.8611111 0.8571429
vt 0.8611111 1.0000000
vt 0.8888889 0.0000000
vt 0.8888889 0.1428571
vt 0.8888889 0.2857143
vt 0.8888889 0.4285714
vt 0.8888889 0.5714286
vt 0.8888889 0.7142857
vt 0.8888889 0.8571429
vt 0.8888889 1.0000000
vt 0.9166667 0.0000000
vt 0.9166667 0.1428571
vt 0.9166667 0.2857143
vt 0.9166667 0.4285714
vt 0.9166667 0.5714286
vt 0.9166667 0.7142857
vt 0.9166667 0.8571429
vt 0.9166667 1.0000000
vt 0.9444444 0.0000000
vt 0.9444444 0.1428571
vt 0.9444444 0.2857143
vt 0.9444444 0.4285714
vt 0.9444444 0.5714286
vt 0.9444444 0.7142857
vt 0.9444444 0.8571429
vt 0.9444444 1.0000000
vt 0.9722222 0.0000000
vt 0.9722222 0.1428571
vt 0.9722222 0.2857143
vt 0.9722222 0.4285714
vt 0.9722222 0.5714286
vt 0.9722222 0.7142857
vt 0.9722222 0.8571429
vt 0.9722222 1.0000000
vt 1.0000000 0.0000000
vt 1.0000000 0.1428571
vt 1.0000000 0.2857143
vt 1.0000000 0.4285714
vt 1.0000000 0.5714286
vt 1.0000000 0.7142857
vt 1.0000000 0.8571429
vt 1.0000000 1.0000000
vt 0.0000000 1.0000000
vt 1.0000000 1.0000000
vt 1.0000000 0.0000000
vt 0.0000000 0.0000000
vt 0.0000000 1.0000000
vt 1.0000000 1.0000000
vt 1.0000000 0.0000000
vt 0.0000000 0.0000000
vt 0.0000000 1.0000000
vt 1.0000000 1.0000000
vt 1.0000000 0.0000000
vt 0.0000000 0.0000000
vt 0.0000000 1.0000000
vt 1.0000000 1.0000000
vt 1.0000000 0.0000000
vt 0.0000000 0.0000000
vt 0.0000000 1.0000000
vt 1.0000000 1.0000000
vt 1.0000000 0.0000000
vt 0.0000000 0.0000000
vt 0.0000000 1.0000000
vt 1.0000000 1.0000000
vt 1.0000000 0.0000000
vt 0.0000000 0.0000000
vt 0.5000000 0.0000000
vt 0.5000000 1.0000000
vt 1.0000000 0.5000000
vt 0.5000000 0.5000000
vt 0.0000000 0.5000000
vt 0.5000000 0.5000000
vt 0.0000000 1.0000000
vt 1.0000000 1.0000000
vt 1.0000000 0.0000000
vt 0.0000000 0.0000000
vt 0.0000000 1.0000000
vt 1.0000000 1.0000000
vt 1.0000000 0.0000000
vt 0.0000000 0.0000000
vt 0.0000000 1.0000000
vt 1.0000000 1.0000000
vt 1.0000000 0.0000000
vt 0.0000000 0.0000000
vt 0.0000000 1.0000000
vt 1.0000000 1.0000000
vt 1.0000000 0.0000000
vt 0.0000000 0.0000000
vt 0.0000000 1.0000000
vt 1.0000000 1.0000000
vt 1.0000000 0.0000000
vt 0.0000000 0.0000000
vt 0.0000000 1.0000000
vt 1.0000000 1.0000000
vt 1.0000000 0.0000000
vt 0.0000000 0.0000000
vt 0.5000000 0.0000000
vt 0.5000000 1.0000000
vt 1.0000000 0.5000000
vt 0.5000000 0.5000000
vt 0.0000000 0.5000000
vt 0.5000000 0.5000000
vt 0.0000000 1.0000000
vt 1.0000000 1.0000000
vt 1.0000000 0.0000000
vt 0.0000000 0.0000000
vt 0.0000000 1.0000000
vt 1.0000000 1.0000000
vt 1.0000000 0.0000000
vt 0.0000000 0.0000000
vt 0.0000000 1.0000000
vt 1.0000000 1.0000000
vt 1.0000000 0.0000000
vt 0.0000000 0.0000000
vt 0.0000000 1.0000000
vt 1.0000000 1.0000000
vt 1.0000000 0.0000000
vt 0.0000000 0.0000000
vt 0.0000000 1.0000000
vt 1.0000000 1.0000000
vt 1.0000000 0.0000000
vt 0.0000000 0.0000000
vt 0.0000000 1.0000000
vt 1.0000000 1.0000000
vt 1.0000000 0.0000000
vt 0.0000000 0.0000000
vt 0.5000000 0.0000000
vt 0.5000000 1.0000000
vt 1.0000000 0.5000000
vt 0.5000000 0.5000000
vt 0.0000000 0.5000000
vt 0.5000000 0.5000000
vt 0.0000000 1.0000000
vt 1.0000000 1.0000000
vt 1.0000000 0.0000000
vt 0.0000000 0.0000000
vt 0.0000000 1.0000000
vt 1.0000000 1.0000000
vt 1.0000000 0.0000000
vt 0.0000000 0.0000000
vt 0.0000000 1.0000000
vt 1.0000000 1.0000000
vt 1.0000000 0.0000000
vt 0.0000000 0.0000000
vt 0.0000000 1.0000000
vt 1.0000000 1.0000000
vt 1.0000000 0.0000000
vt 0.0000000 0.0000000
vt 0.0000000 1.0000000
vt 1.0000000 1.0000000
vt 1.0000000 0.0000000
vt 0.0000000 0.0000000
vt 0.0000000 1.0000000
vt 1.0000000 1.0000000
vt 1.0000000 0.0000000
vt 0.0000000 0.0000000
vt 0.5000000 0.0000000
vt 0.5000000 1.0000000
vt 1.0000000 0.5000000
vt 0.5000000 0.5000000
vt 0.0000000 0.5000000
vt 0.5000000 0.5000000
vt 0.0000000 1.0000000
vt 1.0000000 1.0000000
vt 1.0000000 0.0000000
vt 0.0000000 0.0000000
vt 0.0000000 1.0000000
vt 1.0000000 1.0000000
vt 1.0000000 0.0000000
vt 0.0000000 0.0000000
vt 0.0000000 1.0000000
vt 1.0000000 1.0000000
vt 1.0000000 0.0000000
vt 0.0000000 0.0000000
vt 0.0000000 1.0000000
vt 1.0000000 1.0000000
vt 1.0000000 0.0000000
vt 0.0000000 0.0000000
vt 0.0000000 1.0000000
vt 1.0000000 1.0000000
vt 1.0000000 0.0000000
vt 0.0000000 0.0000000
vt 0.0000000 1.0000000
vt 1.0000000 1.0000000
vt 1.0000000 0.0000000
vt 0.0000000 0.0000000
vt 0.5000000 0.0000000
vt 0.5000000 1.0000000
vt 1.0000000 0.5000000
vt 0.5000000 0.5000000
vt 0.0000000 0.5000000
vt 0.5000000 0.5000000
vt 0.0000000 1.0000000
vt 1.0000000 1.0000000
vt 1.0000000 0.0000000
vt 0.0000000 0.0000000
vt 0.0000000 1.0000000
vt 1.0000000 1.0000000
vt 1.0000000 0.0000000
vt 0.0000000 0.0000000
vt 0.0000000 1.0000000
vt 1.0000000 1.0000000
vt 1.0000000 0.0000000
vt 0.0000000 0.0000000
vt 0.0000000 1.0000000
vt 1.0000000 1.0000000
vt 1.0000000 0.0000000
vt 0.0000000 0.0000000
vt 0.0000000 1.0000000
vt 1.0000000 1.0000000
vt 1.0000000 0.0000000
vt 0.0000000 0.0000000
vt 0.0000000 1.0000000
vt 1.0000000 1.0000000
vt 1.0000000 0.0000000
vt 0.0000000 0.0000000
vt 0.5000000 0.0000000
vt 0.5000000 1.0000000
vt 1.0000000 0.5000000
vt 0.5000000 0.5000000
vt 0.0000000 0.5000000
vt 0.5000000 0.5000000
vt 0.0000000 1.0000000
vt 1.0000000 1.0000000
vt 1.0000000 0.0000000
vt 0.0000000 0.0000000
vt 0.0000000 1.0000000
vt 1.0000000 1.0000000
vt 1.0000000 0.0000000
vt 0.0000000 0.0000000
vt 0.0000000 1.0000000
vt 1.0000000 1.0000000
vt 1.0000000 0.0000000
vt 0.0000000 0.0000000
vt 0.0000000 1.0000000
vt 1.0000000 1.0000000
vt 1.0000000 0.0000000
vt 0.0000000 0.0000000
vt 0.0000000 1.0000000
vt 1.0000000 1.0000000
vt 1.0000000 0.0000000
vt 0.0000000 0.0000000
vt 0.0000000 1.0000000
vt 1.0000000 1.0000000
vt 1.0000000 0.0000000
vt 0.0000000 0.0000000
vt 0.5000000 0.0000000
vt 0.5000000 1.0000000
vt 1.0000000 0.5000000
vt 0.5000000 0.5000000
vt 0.0000000 0.5000000
vt 0.5000000 0.5000000
vt 0.0000000 1.0000000
vt 1.0000000 1.0000000
vt 1.0000000 0.0000000
vt 0.0000000 0.0000000
vt 0.0000000 1.0000000
vt 1.0000000 1.0000000
vt 1.0000000 0.0000000
vt 0.0000000 0.0000000
vt 0.0000000 1.0000000
vt 1.0000000 1.0000000
vt 1.0000000 0.0000000
vt 0.0000000 0.0000000
vt 0.0000000 1.0000000
vt 1.0000000 1.0000000
vt 1.0000000 0.0000000
vt 0.0000000 0.0000000
vt 0.0000000 1.0000000
vt 1.0000000 1.0000000
vt 1.0000000 0.0000000
vt 0.0000000 0.0000000
vt 0.0000000 1.0000000
vt 1.0000000 1.0000000
vt 1.0000000 0.0000000
vt 0.0000000 0.0000000
vt 0.5000000 0.0000000
vt 0.5000000 1.0000000
vt 1.0000000 0.5000000
vt 0.5000000 0.5000000
vt 0.0000000 0.5000000
vt 0.5000000 0.5000000
vt 0.5000000 0.0000000
vt 0.5000000 1.0000000
vt 1.0000000 0.5000000
vt 0.5000000 0.5000000
vt 0.0000000 0.5000000
vt 0.5000000 0.5000000
vn 1.0000000 0.0000000 0.0000000
vn 0.7660444 0.6427876 0.0000000
vn 0.1736482 0.9848078 0.0000000
vn -0.5000000 0.8660254 -0.0000000
vn -0.9396926 0.3420201 -0.0000000
vn -0.9396926 -0.3420201 -0.0000000
vn -0.5000000 -0.8660254 -0.0000000
vn 0.1736482 -0.9848078 0.0000000
vn 0.7660444 -0.6427876 0.0000000
vn 1.0000000 -0.0000000 0.0000000
vn 0.9914449 0.0000000 0.1305262
vn 0.7594908 0.6427876 0.0999889
vn 0.1721626 0.9848078 0.0226656
vn -0.4957224 0.8660254 -0.0652631
vn -0.9316534 0.3420201 -0.1226545
vn -0.9316534 -0.3420201 -0.1226545
vn -0.4957224 -0.8660254 -0.0652631
vn 0.1721626 -0.9848078 0.0226656
vn 0.7594908 -0.6427876 0.0999889
vn 0.9914449 -0.0000000 0.1305262
vn 0.9659258 0.0000000 0.2588190
vn 0.7399421 0.6427876 0.1982669
vn 0.1677313 0.9848078 0.0449435
vn -0.4829629 0.8660254 -0.1294095
vn -0.9076734 0.3420201 -0.2432103
vn -0.9076734 -0.3420201 -0.2432103
vn -0.4829629 -0.8660254 -0.1294095
vn 0.1677313 -0.9848078 0.0449435
vn 0.7399421 -0.6427876 0.1982669
vn 0.9659258 -0.0000000 0.2588190
vn 0.9238795 0.0000000 0.3826834
vn 0.7077328 0.6427876 0.2931525
vn 0.1604300 0.9848078 0.0664523
vn -0.4619398 0.8660254 -0.1913417
vn -0.8681628 0.3420201 -0.3596048
vn -0.8681628 -0.3420201 -0.3596048
vn -0.4619398 -0.8660254 -0.1913417
vn 0.1604300 -0.9848078 0.0664523
vn 0.7077328 -0.6427876 0.2931525
vn 0.9238795 -0.0000000 0.3826834
vn 0.8660254 0.0000000 0.5000000
vn 0.6634139 0.6427876 0.3830222
vn 0.1503837 0.9848078 0.0868241
vn -0.4330127 0.8660254 -0.2500000
vn -0.8137977 0.3420201 -0.4698463
vn -0.8137977 -0.3420201 -0.4698463
vn -0.4330127 -0.8660254 -0.2500000
vn 0.1503837 -0.9848078 0.0868241
vn 0.6634139 -0.6427876 0.3830222
vn 0.8660254 -0.0000000 0.5000000
vn 0.7933533 0.0000000 0.6087614
vn 0.6077439 0.6427876 0.4663383
vn 0.1377644 0.9848078 0.1057103
vn -0.3966767 0.8660254 -0.3043807
vn -0.7455083 0.3420201 -0.5720486
vn -0.7455083 -0.3420201 -0.5720486
vn -0.3966767 -0.8660254 -0.3043807
vn 0.1377644 -0.9848078 0.1057103
vn 0.6077439 -0.6427876 0.4663383
vn 0.7933533 -0.0000000 0.6087614
vn 0.7071068 0.0000000 0.7071068
vn 0.5416752 0.6427876 0.5416752
vn 0.1227878 0.9848078 0.1227878
vn -0.3535534 0.8660254 -0.3535534
vn -0.6644630 0.3420201 -0.6644630
vn -0.6644630 -0.3420201 -0.6644630
vn -0.3535534 -0.8660254 -0.3535534
vn 0.1227878 -0.9848078 0.1227878
vn 0.5416752 -0.6427876 0.5416752
vn 0.7071068 -0.0000000 0.7071068
vn 0.6087614 0.0000000 0.7933533
vn 0.4663383 0.6427876 0.6077439
vn 0.1057103 0.9848078 0.1377644
vn -0.3043807 0.8660254 -0.3966767
vn -0.5720486 0.3420201 -0.7455083
vn -0.5720486 -0.3420201 -0.7455083
vn -0.3043807 -0.8660254 -0.3966767
vn 0.1057103 -0.9848078 0.1377644
vn 0.4663383 -0.6427876 0.6077439
vn 0.6087614 -0.0000000 0.7933533
vn 0.5000000 0.0000000 0.8660254
vn 0.3830222 0.6427876 0.6634139
vn 0.0868241 0.9848078 0.1503837
vn -0.2500000 0.8660254 -0.4330127
vn -0.4698463 0.3420201 -0.8137977
vn -0.4698463 -0.3420201 -0.8137977
vn -0.2500000 -0.8660254 -0.4330127
vn 0.0868241 -0.9848078 0.1503837
vn 0.3830222 -0.6427876 0.6634139
vn 0.5000000 -0.0000000 0.8660254
vn 0.3826834 0.0000000 0.9238795
vn 0.2931525 0.6427876 0.7077328
vn 0.0664523 0.9848078 0.1604300
vn -0.1913417 0.8660254 -0.4619398
vn -0.3596048 0.3420201 -0.8681628
vn -0.3596048 -0.3420201 -0.8681628
vn -0.1913417 -0.8660254 -0.4619398
vn 0.0664523 -0.9848078 0.1604300
vn 0.2931525 -0.6427876 0.7077328
vn 0.3826834 -0.0000000 0.9238795
vn 0.2588190 0.0000000 0.9659258
vn 0.1982669 0.6427876 0.7399421
vn 0.0449435 0.9848078 0.1677313
vn -0.1294095 0.8660254 -0.4829629
vn -0.2432103 0.3420201 -0.9076734
vn -0.2432103 -0.3420201 -0.9076734
vn -0.1294095 -0.8660254 -0.4829629
vn 0.0449435 -0.9848078 0.1677313
vn 0.1982669 -0.6427876 0.7399421
vn 0.2588190 -0.0000000 0.9659258
vn 0.1305262 0.0000000 0.9914449
vn 0.0999889 0.6427876 0.7594908
vn 0.0226656 0.9848078 0.1721626
vn -0.0652631 0.8660254 -0.4957224
vn -0.1226545 0.3420201 -0.9316534
vn -0.1226545 -0.3420201 -0.9316534
vn -0.0652631 -0.8660254 -0.4957224
vn 0.0226656 -0.9848078 0.1721626
vn 0.0999889 -0.6427876 0.7594908
vn 0.1305262 -0.0000000 0.9914449
vn 0.0000000 0.0000000 1.0000000
vn 0.0000000 0.6427876 0.7660444
vn 0.0000000 0.9848078 0.1736482
vn -0.0000000 0.8660254 -0.5000000
vn -0.0000000 0.3420201 -0.9396926
vn -0.0000000 -0.3420201 -0.9396926
vn -0.0000000 -0.8660254 -0.5000000
vn 0.0000000 -0.9848078 0.1736482
vn 0.0000000 -0.6427876 0.7660444
vn 0.0000000 -0.0000000 1.0000000
vn -0.1305262 0.0000000 0.9914449
vn -0.0999889 0.6427876 0.7594908
vn -0.0226656 0.9848078 0.1721626
vn 0.0652631 0.8660254 -0.4957224
vn 0.1226545 0.3420201 -0.9316534
vn 0.1226545 -0.3420201 -0.9316534
vn 0.0652631 -0.8660254 -0.4957224
vn -0.0226656 -0.9848078 0.1721626
vn -0.0999889 -0.6427876 0.7594908
vn -0.1305262 -0.0000000 0.9914449
vn -0.2588190 0.0000000 0.9659258
vn -0.1982669 0.6427876 0.7399421
vn -0.0449435 0.9848078 0.1677313
vn 0.1294095 0.8660254 -0.4829629
vn 0.2432103 0.3420201 -0.9076734
vn 0.2432103 -0.3420201 -0.9076734
vn 0.1294095 -0.8660254 -0.4829629
vn -0.0449435 -0.9848078 0.1677313
vn -0.1982669 -0.6427876 0.7399421
vn -0.2588190 -0.0000000 0.9659258
vn -0.3826834 0.0000000 0.9238795
vn -0.2931525 0.6427876 0.7077328
vn -0.0664523 0.9848078 0.1604300
vn 0.1913417 0.8660254 -0.4619398
vn 0.3596048 0.3420201 -0.8681628
vn 0.3596048 -0.3420201 -0.8681628
vn 0.1913417 -0.8660254 -0.4619398
vn -0.0664523 -0.9848078 0.1604300
vn -0.2931525 -0.6427876 0.7077328
vn -0.3826834 -0.0000000 0.9238795
vn -0.5000000 0.0000000 0.8660254
vn -0.3830222 0.6427876 0.6634139
vn -0.0868241 0.9848078 0.1503837
vn 0.2500000 0.8660254 -0.4330127
vn 0.4698463 0.3420201 -0.8137977
vn 0.4698463 -0.3420201 -0.8137977
vn 0.2500000 -0.8660254 -0.4330127
vn -0.0868241 -0.9848078 0.1503837
vn -0.3830222 -0.6427876 0.6634139
vn -0.5000000 -0.0000000 0.8660254
vn -0.6087614 0.0000000 0.7933533
vn -0.4663383 0.6427876 0.6077439
vn -0.1057103 0.9848078 0.1377644
vn 0.3043807 0.8660254 -0.3966767
vn 0.5720486 0.3420201 -0.7455083
vn 0.5720486 -0.3420201 -0.7455083
vn 0.3043807 -0.8660254 -0.3966767
vn -0.1057103 -0.9848078 0.1377644
vn -0.4663383 -0.6427876 0.6077439
vn -0.6087614 -0.0000000 0.7933533
vn -0.7071068 0.0000000 0.7071068
vn -0.5416752 0.6427876 0.5416752
vn -0.1227878 0.9848078 0.1227878
vn 0.3535534 0.8660254 -0.3535534
vn 0.6644630 0.3420201 -0.6644630
vn 0.6644630 -0.3420201 -0.6644630
vn 0.3535534 -0.8660254 -0.3535534
vn -0.1227878 -0.9848078 0.1227878
vn -0.5416752 -0.6427876 0.5416752
vn -0.7071068 -0.0000000 0.7071068
vn -0.7933533 0.0000000 0.6087614
vn -0.6077439 0.6427876 0.4663383
vn -0.1377644 0.9848078 0.1057103
vn 0.3966767 0.8660254 -0.3043807
vn 0.7455083 0.3420201 -0.5720486
vn 0.7455083 -0.3420201 -0.5720486
vn 0.3966767 -0.8660254 -0.3043807
vn -0.1377644 -0.9848078 0.1057103
vn -0.6077439 -0.6427876 0.4663383
vn -0.7933533 -0.0000000 0.6087614
vn -0.8660254 0.0000000 0.5000000
vn -0.6634139 0.6427876 0.3830222
vn -0.1503837 0.9848078 0.0868241
vn 0.4330127 0.8660254 -0.2500000
vn 0.8137977 0.3420201 -0.4698463
vn 0.8137977 -0.3420201 -0.4698463
vn 0.4330127 -0.8660254 -0.2500000
vn -0.1503837 -0.9848078 0.0868241
vn -0.6634139 -0.6427876 0.3830222
vn -0.8660254 -0.0000000 0.5000000
vn -0.9238795 0.0000000 0.3826834
vn -0.7077328 0.6427876 0.2931525
vn -0.1604300 0.9848078 0.0664523
vn 0.4619398 0.8660254 -0.1913417
vn 0.8681628 0.3420201 -0.3596048
vn 0.8681628 -0.3420201 -0.3596048
vn 0.4619398 -0.8660254 -0.1913417
vn -0.1604300 -0.9848078 0.0664523
vn -0.7077328 -0.6427876 0.2931525
vn -0.9238795 -0.0000000 0.3826834
vn -0.9659258 0.0000000 0.2588190
vn -0.7399421 0.6427876 0.1982669
vn -0.1677313 0.9848078 0.0449435
vn 0.4829629 0.8660254 -0.1294095
vn 0.9076734 0.3420201 -0.2432103
vn 0.9076734 -0.3420201 -0.2432103
vn 0.4829629 -0.8660254 -0.1294095
vn -0.1677313 -0.9848078 0.0449435
vn -0.7399421 -0.6427876 0.1982669
vn -0.9659258 -0.0000000 0.2588190
vn -0.9914449 0.0000000 0.1305262
vn -0.7594908 0.6427876 0.0999889
vn -0.1721626 0.9848078 0.0226656
vn 0.4957224 0.8660254 -0.0652631
vn 0.9316534 0.3420201 -0.1226545
vn 0.9316534 -0.3420201 -0.1226545
vn 0.4957224 -0.8660254 -0.0652631
vn -0.1721626 -0.9848078 0.0226656
vn -0.7594908 -0.6427876 0.0999889
vn -0.9914449 -0.0000000 0.1305262
vn -1.0000000 0.0000000 0.0000000
vn -0.7660444 0.6427876 0.0000000
vn -0.1736482 0.9848078 0.0000000
vn 0.5000000 0.8660254 -0.0000000
vn 0.9396926 0.3420201 -0.0000000
vn 0.9396926 -0.3420201 -0.0000000
vn 0.5000000 -0.8660254 -0.0000000
vn -0.1736482 -0.9848078 0.0000000
vn -0.7660444 -0.6427876 0.0000000
vn -1.0000000 -0.0000000 0.0000000
vn -0.9914449 0.0000000 -0.1305262
vn -0.7594908 0.6427876 -0.0999889
vn -0.1721626 0.9848078 -0.0226656
vn 0.4957224 0.8660254 0.0652631
vn 0.9316534 0.3420201 0.1226545
vn 0.9316534 -0.3420201 0.1226545
vn 0.4957224 -0.8660254 0.0652631
vn -0.1721626 -0.9848078 -0.0226656
vn -0.7594908 -0.6427876 -0.0999889
vn -0.9914449 -0.0000000 -0.1305262
vn -0.9659258 0.0000000 -0.2588190
vn -0.7399421 0.6427876 -0.1982669
vn -0.1677313 0.9848078 -0.0449435
vn 0.4829629 0.8660254 0.1294095
vn 0.9076734 0.3420201 0.2432103
vn 0.9076734 -0.3420201 0.2432103
vn 0.4829629 -0.8660254 0.1294095
vn -0.1677313 -0.9848078 -0.0449435
vn -0.7399421 -0.6427876 -0.1982669
vn -0.9659258 -0.0000000 -0.2588190
vn -0.9238795 0.0000000 -0.3826834
vn -0.7077328 0.6427876 -0.2931525
vn -0.1604300 0.9848078 -0.0664523
vn 0.4619398 0.8660254 0.1913417
vn 0.8681628 0.3420201 0.3596048
vn 0.8681628 -0.3420201 0.3596048
vn 0.4619398 -0.8660254 0.1913417
vn -0.1604300 -0.9848078 -0.0664523
vn -0.7077328 -0.6427876 -0.2931525
vn -0.9238795 -0.0000000 -0.3826834
vn -0.8660254 0.0000000 -0.5000000
vn -0.6634139 0.6427876 -0.3830222
vn -0.1503837 0.9848078 -0.0868241
vn 0.4330127 0.8660254 0.2500000
vn 0.8137977 0.3420201 0.4698463
vn 0.8137977 -0.3420201 0.4698463
vn 0.4330127 -0.8660254 0.2500000
vn -0.1503837 -0.9848078 -0.0868241
vn -0.6634139 -0.6427876 -0.3830222
vn -0.8660254 -0.0000000 -0.5000000
vn -0.7933533 0.0000000 -0.6087614
vn -0.6077439 0.6427876 -0.4663383
vn -0.1377644 0.9848078 -0.1057103
vn 0.3966767 0.8660254 0.3043807
vn 0.7455083 0.3420201 0.5720486
vn 0.7455083 -0.3420201 0.5720486
vn 0.3966767 -0.8660254 0.3043807
vn -0.1377644 -0.9848078 -0.1057103
vn -0.6077439 -0.6427876 -0.4663383
vn -0.7933533 -0.0000000 -0.6087614
vn -0.7071068 0.0000000 -0.7071068
vn -0.5416752 0.6427876 -0.5416752
vn -0.1227878 0.9848078 -0.1227878
vn 0.3535534 0.8660254 0.3535534
vn 0.6644630 0.3420201 0.6644630
vn 0.6644630 -0.3420201 0.6644630
vn 0.3535534 -0.8660254 0.3535534
vn -0.1227878 -0.9848078 -0.1227878
vn -0.5416752 -0.6427876 -0.5416752
vn -0.7071068 -0.0000000 -0.7071068
vn -0.6087614 0.0000000 -0.7933533
vn -0.4663383 0.6427876 -0.6077439
vn -0.1057103 0.9848078 -0.1377644
vn 0.3043807 0.8660254 0.3966767
vn 0.5720486 0.3420201 0.7455083
vn 0.5720486 -0.3420201 0.7455083
vn 0.3043807 -0.8660254 0.3966767
vn -0.1057103 -0.9848078 -0.1377644
vn -0.4663383 -0.6427876 -0.6077439
vn -0.6087614 -0.0000000 -0.7933533
vn -0.5000000 0.0000000 -0.8660254
vn -0.3830222 0.6427876 -0.6634139
vn -0.0868241 0.9848078 -0.1503837
vn 0.2500000 0.8660254 0.4330127
vn 0.4698463 0.3420201 0.8137977
vn 0.4698463 -0.3420201 0.8137977
vn 0.2500000 -0.8660254 0.4330127
vn -0.0868241 -0.9848078 -0.1503837
vn -0.3830222 -0.6427876 -0.6634139
vn -0.5000000 -0.0000000 -0.8660254
vn -0.3826834 0.0000000 -0.9238795
vn -0.2931525 0.6427876 -0.7077328
vn -0.0664523 0.9848078 -0.1604300
vn 0.1913417 0.8660254 0.4619398
vn 0.3596048 0.3420201 0.8681628
vn 0.3596048 -0.3420201 0.8681628
vn 0.1913417 -0.8660254 0.4619398
vn -0.0664523 -0.9848078 -0.1604300
vn -0.2931525 -0.6427876 -0.7077328
vn -0.3826834 -0.0000000 -0.9238795
vn -0.2588190 0.0000000 -0.9659258
vn -0.1982669 0.6427876 -0.7399421
vn -0.0449435 0.9848078 -0.1677313
vn 0.1294095 0.8660254 0.4829629
vn 0.2432103 0.3420201 0.9076734
vn 0.2432103 -0.3420201 0.9076734
vn 0.1294095 -0.8660254 0.4829629
vn -0.0449435 -0.9848078 -0.1677313
vn -0.1982669 -0.6427876 -0.7399421
vn -0.2588190 -0.0000000 -0.9659258
vn -0.1305262 0.0000000 -0.9914449
vn -0.0999889 0.6427876 -0.7594908
vn -0.0226656 0.9848078 -0.1721626
vn 0.0652631 0.8660254 0.4957224
vn 0.1226545 0.3420201 0.9316534
vn 0.1226545 -0.3420201 0.9316534
vn 0.0652631 -0.8660254 0.4957224
vn -0.0226656 -0.9848078 -0.1721626
vn -0.0999889 -0.6427876 -0.7594908
vn -0.1305262 -0.0000000 -0.9914449
vn -0.0000000 0.0000000 -1.0000000
vn -0.0000000 0.6427876 -0.7660444
vn -0.0000000 0.9848078 -0.1736482
vn 0.0000000 0.8660254 0.5000000
vn 0.0000000 0.3420201 0.9396926
vn 0.0000000 -0.3420201 0.9396926
vn 0.0000000 -0.8660254 0.5000000
vn -0.0000000 -0.9848078 -0.1736482
vn -0.0000000 -0.6427876 -0.7660444
vn -0.0000000 -0.0000000 -1.0000000
vn 0.1305262 0.0000000 -0.9914449
vn 0.0999889 0.6427876 -0.7594908
vn 0.0226656 0.9848078 -0.1721626
vn -0.0652631 0.8660254 0.4957224
vn -0.1226545 0.3420201 0.9316534
vn -0.1226545 -0.3420201 0.9316534
vn -0.0652631 -0.8660254 0.4957224
vn 0.0226656 -0.9848078 -0.1721626
vn 0.0999889 -0.6427876 -0.7594908
vn 0.1305262 -0.0000000 -0.9914449
vn 0.2588190 0.0000000 -0.9659258
vn 0.1982669 0.6427876 -0.7399421
vn 0.0449435 0.9848078 -0.1677313
vn -0.1294095 0.8660254 0.4829629
vn -0.2432103 0.3420201 0.9076734
vn -0.2432103 -0.3420201 0.9076734
vn -0.1294095 -0.8660254 0.4829629
vn 0.0449435 -0.9848078 -0.1677313
vn 0.1982669 -0.6427876 -0.7399421
vn 0.2588190 -0.0000000 -0.9659258
vn 0.3826834 0.0000000 -0.9238795
vn 0.2931525 0.6427876 -0.7077328
vn 0.0664523 0.9848078 -0.1604300
vn -0.1913417 0.8660254 0.4619398
vn -0.3596048 0.3420201 0.8681628
vn -0.3596048 -0.3420201 0.8681628
vn -0.1913417 -0.8660254 0.4619398
vn 0.0664523 -0.9848078 -0.1604300
vn 0.2931525 -0.6427876 -0.7077328
vn 0.3826834 -0.0000000 -0.9238795
vn 0.5000000 0.0000000 -0.8660254
vn 0.3830222 0.6427876 -0.6634139
vn 0.0868241 0.9848078 -0.1503837
vn -0.2500000 0.8660254 0.4330127
vn -0.4698463 0.3420201 0.8137977
vn -0.4698463 -0.3420201 0.8137977
vn -0.2500000 -0.8660254 0.4330127
vn 0.0868241 -0.9848078 -0.1503837
vn 0.3830222 -0.6427876 -0.6634139
vn 0.5000000 -0.0000000 -0.8660254
vn 0.6087614 0.0000000 -0.7933533
vn 0.4663383 0.6427876 -0.6077439
vn 0.1057103 0.9848078 -0.1377644
vn -0.3043807 0.8660254 0.3966767
vn -0.5720486 0.3420201 0.7455083
vn -0.5720486 -0.3420201 0.7455083
vn -0.3043807 -0.8660254 0.3966767
vn 0.1057103 -0.9848078 -0.1377644
vn 0.4663383 -0.6427876 -0.6077439
vn 0.6087614 -0.0000000 -0.7933533
vn 0.7071068 0.0000000 -0.7071068
vn 0.5416752 0.6427876 -0.5416752
vn 0.1227878 0.9848078 -0.1227878
vn -0.3535534 0.8660254 0.3535534
vn -0.6644630 0.3420201 0.6644630
vn -0.6644630 -0.3420201 0.6644630
vn -0.3535534 -0.8660254 0.3535534
vn 0.1227878 -0.9848078 -0.1227878
vn 0.5416752 -0.6427876 -0.5416752
vn 0.7071068 -0.0000000 -0.7071068
vn 0.7933533 0.0000000 -0.6087614
vn 0.6077439 0.6427876 -0.4663383
vn 0.1377644 0.9848078 -0.1057103
vn -0.3966767 0.8660254 0.3043807
vn -0.7455083 0.3420201 0.5720486
vn -0.7455083 -0.3420201 0.5720486
vn -0.3966767 -0.8660254 0.3043807
vn 0.1377644 -0.9848078 -0.1057103
vn 0.6077439 -0.6427876 -0.4663383
vn 0.7933533 -0.0000000 -0.6087614
vn 0.8660254 0.0000000 -0.5000000
vn 0.6634139 0.6427876 -0.3830222
vn 0.1503837 0.9848078 -0.0868241
vn -0.4330127 0.8660254 0.2500000
vn -0.8137977 0.3420201 0.4698463
vn -0.8137977 -0.3420201 0.4698463
vn -0.4330127 -0.8660254 0.2500000
vn 0.1503837 -0.9848078 -0.0868241
vn 0.6634139 -0.6427876 -0.3830222
vn 0.8660254 -0.0000000 -0.5000000
vn 0.9238795 0.0000000 -0.3826834
vn 0.7077328 0.6427876 -0.2931525
vn 0.1604300 0.9848078 -0.0664523
vn -0.4619398 0.8660254 0.1913417
vn -0.8681628 0.3420201 0.3596048
vn -0.8681628 -0.3420201 0.3596048
vn -0.4619398 -0.8660254 0.1913417
vn 0.1604300 -0.9848078 -0.0664523
vn 0.7077328 -0.6427876 -0.2931525
vn 0.9238795 -0.0000000 -0.3826834
vn 0.9659258 0.0000000 -0.2588190
vn 0.7399421 0.6427876 -0.1982669
vn 0.1677313 0.9848078 -0.0449435
vn -0.4829629 0.8660254 0.1294095
vn -0.9076734 0.3420201 0.2432103
vn -0.9076734 -0.3420201 0.2432103
vn -0.4829629 -0.8660254 0.1294095
vn 0.1677313 -0.9848078 -0.0449435
vn 0.7399421 -0.6427876 -0.1982669
vn 0.9659258 -0.0000000 -0.2588190
vn 0.9914449 0.0000000 -0.1305262
vn 0.7594908 0.6427876 -0.0999889
vn 0.1721626 0.9848078 -0.0226656
vn -0.4957224 0.8660254 0.0652631
vn -0.9316534 0.3420201 0.1226545
vn -0.9316534 -0.3420201 0.1226545
vn -0.4957224 -0.8660254 0.0652631
vn 0.1721626 -0.9848078 -0.0226656
vn 0.7594908 -0.6427876 -0.0999889
vn 0.9914449 -0.0000000 -0.1305262
vn 1.0000000 0.0000000 -0.0000000
vn 0.7660444 0.6427876 -0.0000000
vn 0.1736482 0.9848078 -0.0000000
vn -0.5000000 0.8660254 0.0000000
vn -0.9396926 0.3420201 0.0000000
vn -0.9396926 -0.3420201 0.0000000
vn -0.5000000 -0.8660254 0.0000000
vn 0.1736482 -0.9848078 -0.0000000
vn 0.7660444 -0.6427876 -0.0000000
vn 1.0000000 -0.0000000 -0.0000000
vn 1.0000000 0.0000000 0.0000000
vn 0.6234898 0.7818315 0.0000000
vn -0.2225209 0.9749279 -0.0000000
vn -0.9009689 0.4338837 -0.0000000
vn -0.9009689 -0.4338837 -0.0000000
vn -0.2225209 -0.9749279 -0.0000000
vn 0.6234898 -0.7818315 0.0000000
vn 1.0000000 -0.0000000 0.0000000
vn 0.9914449 0.0000000 0.1305262
vn 0.6181558 0.7818315 0.0813817
vn -0.2206172 0.9749279 -0.0290448
vn -0.8932610 0.4338837 -0.1176000
vn -0.8932610 -0.4338837 -0.1176000
vn -0.2206172 -0.9749279 -0.0290448
vn 0.6181558 -0.7818315 0.0813817
vn 0.9914449 -0.0000000 0.1305262
vn 0.9659258 0.0000000 0.2588190
vn 0.6022449 0.7818315 0.1613710
vn -0.2149387 0.9749279 -0.0575927
vn -0.8702691 0.4338837 -0.2331879
vn -0.8702691 -0.4338837 -0.2331879
vn -0.2149387 -0.9749279 -0.0575927
vn 0.6022449 -0.7818315 0.1613710
vn 0.9659258 -0.0000000 0.2588190
vn 0.9238795 0.0000000 0.3826834
vn 0.5760295 0.7818315 0.2385992
vn -0.2055825 0.9749279 -0.0851551
vn -0.8323867 0.4338837 -0.3447859
vn -0.8323867 -0.4338837 -0.3447859
vn -0.2055825 -0.9749279 -0.0851551
vn 0.5760295 -0.7818315 0.2385992
vn 0.9238795 -0.0000000 0.3826834
vn 0.8660254 0.0000000 0.5000000
vn 0.5399580 0.7818315 0.3117449
vn -0.1927088 0.9749279 -0.1112605
vn -0.7802619 0.4338837 -0.4504844
vn -0.7802619 -0.4338837 -0.4504844
vn -0.1927088 -0.9749279 -0.1112605
vn 0.5399580 -0.7818315 0.3117449
vn 0.8660254 -0.0000000 0.5000000
vn 0.7933533 0.0000000 0.6087614
vn 0.4946477 0.7818315 0.3795565
vn -0.1765377 0.9749279 -0.1354622
vn -0.7147867 0.4338837 -0.5484751
vn -0.7147867 -0.4338837 -0.5484751
vn -0.1765377 -0.9749279 -0.1354622
vn 0.4946477 -0.7818315 0.3795565
vn 0.7933533 -0.0000000 0.6087614
vn 0.7071068 0.0000000 0.7071068
vn 0.4408739 0.7818315 0.4408739
vn -0.1573461 0.9749279 -0.1573461
vn -0.6370812 0.4338837 -0.6370812
vn -0.6370812 -0.4338837 -0.6370812
vn -0.1573461 -0.9749279 -0.1573461
vn 0.4408739 -0.7818315 0.4408739
vn 0.7071068 -0.0000000 0.7071068
vn 0.6087614 0.0000000 0.7933533
vn 0.3795565 0.7818315 0.4946477
vn -0.1354622 0.9749279 -0.1765377
vn -0.5484751 0.4338837 -0.7147867
vn -0.5484751 -0.4338837 -0.7147867
vn -0.1354622 -0.9749279 -0.1765377
vn 0.3795565 -0.7818315 0.4946477
vn 0.6087614 -0.0000000 0.7933533
vn 0.5000000 0.0000000 0.8660254
vn 0.3117449 0.7818315 0.5399580
vn -0.1112605 0.9749279 -0.1927088
vn -0.4504844 0.4338837 -0.7802619
vn -0.4504844 -0.4338837 -0.7802619
vn -0.1112605 -0.9749279 -0.1927088
vn 0.3117449 -0.7818315 0.5399580
vn 0.5000000 -0.0000000 0.8660254
vn 0.3826834 0.0000000 0.9238795
vn 0.2385992 0.7818315 0.5760295
vn -0.0851551 0.9749279 -0.2055825
vn -0.3447859 0.4338837 -0.8323867
vn -0.3447859 -0.4338837 -0.8323867
vn -0.0851551 -0.9749279 -0.2055825
vn 0.2385992 -0.7818315 0.5760295
vn 0.3826834 -0.0000000 0.9238795
vn 0.2588190 0.0000000 0.9659258
vn 0.1613710 0.7818315 0.6022449
vn -0.0575927 0.9749279 -0.2149387
vn -0.2331879 0.4338837 -0.8702691
vn -0.2331879 -0.4338837 -0.8702691
vn -0.0575927 -0.9749279 -0.2149387
vn 0.1613710 -0.7818315 0.6022449
vn 0.2588190 -0.0000000 0.9659258
vn 0.1305262 0.0000000 0.9914449
vn 0.0813817 0.7818315 0.6181558
vn -0.0290448 0.9749279 -0.2206172
vn -0.1176000 0.4338837 -0.8932610
vn -0.1176000 -0.4338837 -0.8932610
vn -0.0290448 -0.9749279 -0.2206172
vn 0.0813817 -0.7818315 0.6181558
vn 0.1305262 -0.0000000 0.9914449
vn 0.0000000 0.0000000 1.0000000
vn 0.0000000 0.7818315 0.6234898
vn -0.0000000 0.9749279 -0.2225209
vn -0.0000000 0.4338837 -0.9009689
vn -0.0000000 -0.4338837 -0.9009689
vn -0.0000000 -0.9749279 -0.2225209
vn 0.0000000 -0.7818315 0.6234898
vn 0.0000000 -0.0000000 1.0000000
vn -0.1305262 0.0000000 0.9914449
vn -0.0813817 0.7818315 0.6181558
vn 0.0290448 0.9749279 -0.2206172
vn 0.1176000 0.4338837 -0.8932610
vn 0.1176000 -0.4338837 -0.8932610
vn 0.0290448 -0.9749279 -0.2206172
vn -0.0813817 -0.7818315 0.6181558
vn -0.1305262 -0.0000000 0.9914449
vn -0.2588190 0.0000000 0.9659258
vn -0.1613710 0.7818315 0.6022449
vn 0.0575927 0.9749279 -0.2149387
vn 0.2331879 0.4338837 -0.8702691
vn 0.2331879 -0.4338837 -0.8702691
vn 0.0575927 -0.9749279 -0.2149387
vn -0.1613710 -0.7818315 0.6022449
vn -0.2588190 -0.0000000 0.9659258
vn -0.3826834 0.0000000 0.9238795
vn -0.2385992 0.7818315 0.5760295
vn 0.0851551 0.9749279 -0.2055825
vn 0.3447859 0.4338837 -0.8323867
vn 0.3447859 -0.4338837 -0.8323867
vn 0.0851551 -0.9749279 -0.2055825
vn -0.2385992 -0.7818315 0.5760295
vn -0.3826834 -0.0000000 0.9238795
vn -0.5000000 0.0000000 0.8660254
vn -0.3117449 0.7818315 0.5399580
vn 0.1112605 0.9749279 -0.1927088
vn 0.4504844 0.4338837 -0.7802619
vn 0.4504844 -0.4338837 -0.7802619
vn 0.1112605 -0.9749279 -0.1927088
vn -0.3117449 -0.7818315 0.5399580
vn -0.5000000 -0.0000000 0.8660254
vn -0.6087614 0.0000000 0.7933533
vn -0.3795565 0.7818315 0.4946477
vn 0.1354622 0.9749279 -0.1765377
vn 0.5484751 0.4338837 -0.7147867
vn 0.5484751 -0.4338837 -0.7147867
vn 0.1354622 -0.9749279 -0.1765377
vn -0.3795565 -0.7818315 0.4946477
vn -0.6087614 -0.0000000 0.7933533
vn -0.7071068 0.0000000 0.7071068
vn -0.4408739 0.7818315 0.4408739
vn 0.1573461 0.9749279 -0.1573461
vn 0.6370812 0.4338837 -0.6370812
vn 0.6370812 -0.4338837 -0.6370812
vn 0.1573461 -0.9749279 -0.1573461
vn -0.4408739 -0.7818315 0.4408739
vn -0.7071068 -0.0000000 0.7071068
vn -0.7933533 0.0000000 0.6087614
vn -0.4946477 0.7818315 0.3795565
vn 0.1765377 0.9749279 -0.1354622
vn 0.7147867 0.4338837 -0.5484751
vn 0.7147867 -0.4338837 -0.5484751
vn 0.1765377 -0.9749279 -0.1354622
vn -0.4946477 -0.7818315 0.3795565
vn -0.7933533 -0.0000000 0.6087614
vn -0.8660254 0.0000000 0.5000000
vn -0.5399580 0.7818315 0.3117449
vn 0.1927088 0.9749279 -0.1112605
vn 0.7802619 0.4338837 -0.4504844
vn 0.7802619 -0.4338837 -0.4504844
vn 0.1927088 -0.9749279 -0.1112605
vn -0.5399580 -0.7818315 0.3117449
vn -0.8660254 -0.0000000 0.5000000
vn -0.9238795 0.0000000 0.3826834
vn -0.5760295 0.7818315 0.2385992
vn 0.2055825 0.9749279 -0.0851551
vn 0.8323867 0.4338837 -0.3447859
vn 0.8323867 -0.4338837 -0.3447859
vn 0.2055825 -0.9749279 -0.0851551
vn -0.5760295 -0.7818315 0.2385992
vn -0.9238795 -0.0000000 0.3826834
vn -0.9659258 0.0000000 0.2588190
vn -0.6022449 0.7818315 0.1613710
vn 0.2149387 0.9749279 -0.0575927
vn 0.8702691 0.4338837 -0.2331879
vn 0.8702691 -0.4338837 -0.2331879
vn 0.2149387 -0.9749279 -0.0575927
vn -0.6022449 -0.7818315 0.1613710
vn -0.9659258 -0.0000000 0.2588190
vn -0.9914449 0.0000000 0.1305262
vn -0.6181558 0.7818315 0.0813817
vn 0.2206172 0.9749279 -0.0290448
vn 0.8932610 0.4338837 -0.1176000
vn 0.8932610 -0.4338837 -0.1176000
vn 0.2206172 -0.9749279 -0.0290448
vn -0.6181558 -0.7818315 0.0813817
vn -0.9914449 -0.0000000 0.1305262
vn -1.0000000 0.0000000 0.0000000
vn -0.6234898 0.7818315 0.0000000
vn 0.2225209 0.9749279 -0.0000000
vn 0.9009689 0.4338837 -0.0000000
vn 0.9009689 -0.4338837 -0.0000000
vn 0.2225209 -0.9749279 -0.0000000
vn -0.6234898 -0.7818315 0.0000000
vn -1.0000000 -0.0000000 0.0000000
vn -0.9914449 0.0000000 -0.1305262
vn -0.6181558 0.7818315 -0.0813817
vn 0.2206172 0.9749279 0.0290448
vn 0.8932610 0.4338837 0.1176000
vn 0.8932610 -0.4338837 0.1176000
vn 0.2206172 -0.9749279 0.0290448
vn -0.6181558 -0.7818315 -0.0813817
vn -0.9914449 -0.0000000 -0.1305262
vn -0.9659258 0.0000000 -0.2588190
vn -0.6022449 0.7818315 -0.1613710
vn 0.2149387 0.9749279 0.0575927
vn 0.8702691 0.4338837 0.2331879
vn 0.8702691 -0.4338837 0.2331879
vn 0.2149387 -0.9749279 0.0575927
vn -0.6022449 -0.7818315 -0.1613710
vn -0.9659258 -0.0000000 -0.2588190
vn -0.9238795 0.0000000 -0.3826834
vn -0.5760295 0.7818315 -0.2385992
vn 0.2055825 0.9749279 0.0851551
vn 0.8323867 0.4338837 0.3447859
vn 0.8323867 -0.4338837 0.3447859
vn 0.2055825 -0.9749279 0.0851551
vn -0.5760295 -0.7818315 -0.2385992
vn -0.9238795 -0.0000000 -0.3826834
vn -0.8660254 0.0000000 -0.5000000
vn -0.5399580 0.7818315 -0.3117449
vn 0.1927088 0.9749279 0.1112605
vn 0.7802619 0.4338837 0.4504844
vn 0.7802619 -0.4338837 0.4504844
vn 0.1927088 -0.9749279 0.1112605
vn -0.5399580 -0.7818315 -0.3117449
vn -0.8660254 -0.0000000 -0.5000000
vn -0.7933533 0.0000000 -0.6087614
vn -0.4946477 0.7818315 -0.3795565
vn 0.1765377 0.9749279 0.1354622
vn 0.7147867 0.4338837 0.5484751
vn 0.7147867 -0.4338837 0.5484751
vn 0.1765377 -0.9749279 0.1354622
vn -0.4946477 -0.7818315 -0.3795565
vn -0.7933533 -0.0000000 -0.6087614
vn -0.7071068 0.0000000 -0.7071068
vn -0.4408739 0.7818315 -0.4408739
vn 0.1573461 0.9749279 0.1573461
vn 0.6370812 0.4338837 0.6370812
vn 0.6370812 -0.4338837 0.6370812
vn 0.1573461 -0.9749279 0.1573461
vn -0.4408739 -0.7818315 -0.4408739
vn -0.7071068 -0.0000000 -0.7071068
vn -0.6087614 0.0000000 -0.7933533
vn -0.3795565 0.7818315 -0.4946477
vn 0.1354622 0.9749279 0.1765377
vn 0.5484751 0.4338837 0.7147867
vn 0.5484751 -0.4338837 0.7147867
vn 0.1354622 -0.9749279 0.1765377
vn -0.3795565 -0.7818315 -0.4946477
vn -0.6087614 -0.0000000 -0.7933533
vn -0.5000000 0.0000000 -0.8660254
vn -0.3117449 0.7818315 -0.5399580
vn 0.1112605 0.9749279 0.1927088
vn 0.4504844 0.4338837 0.7802619
vn 0.4504844 -0.4338837 0.7802619
vn 0.1112605 -0.9749279 0.1927088
vn -0.3117449 -0.7818315 -0.5399580
vn -0.5000000 -0.0000000 -0.8660254
vn -0.3826834 0.0000000 -0.9238795
vn -0.2385992 0.7818315 -0.5760295
vn 0.0851551 0.9749279 0.2055825
vn 0.3447859 0.4338837 0.8323867
vn 0.3447859 -0.4338837 0.8323867
vn 0.0851551 -0.9749279 0.2055825
vn -0.2385992 -0.7818315 -0.5760295
vn -0.3826834 -0.0000000 -0.9238795
vn -0.2588190 0.0000000 -0.9659258
vn -0.1613710 0.7818315 -0.6022449
vn 0.0575927 0.9749279 0.2149387
vn 0.2331879 0.4338837 0.8702691
vn 0.2331879 -0.4338837 0.8702691
vn 0.0575927 -0.9749279 0.2149387
vn -0.1613710 -0.7818315 -0.6022449
vn -0.2588190 -0.0000000 -0.9659258
vn -0.1305262 0.0000000 -0.9914449
vn -0.0813817 0.7818315 -0.6181558
vn 0.0290448 0.9749279 0.2206172
vn 0.1176000 0.4338837 0.8932610
vn 0.1176000 -0.4338837 0.8932610
vn 0.0290448 -0.9749279 0.2206172
vn -0.0813817 -0.7818315 -0.6181558
vn -0.1305262 -0.0000000 -0.9914449
vn -0.0000000 0.0000000 -1.0000000
vn -0.0000000 0.7818315 -0.6234898
vn 0.0000000 0.9749279 0.2225209
vn 0.0000000 0.4338837 0.9009689
vn 0.0000000 -0.4338837 0.9009689
vn 0.0000000 -0.9749279 0.2225209
vn -0.0000000 -0.7818315 -0.6234898
vn -0.0000000 -0.0000000 -1.0000000
vn 0.1305262 0.0000000 -0.9914449
vn 0.0813817 0.7818315 -0.6181558
vn -0.0290448 0.9749279 0.2206172
vn -0.1176000 0.4338837 0.8932610
vn -0.1176000 -0.4338837 0.8932610
vn -0.0290448 -0.9749279 0.2206172
vn 0.0813817 -0.7818315 -0.6181558
vn 0.1305262 -0.0000000 -0.9914449
vn 0.2588190 0.0000000 -0.9659258
vn 0.1613710 0.7818315 -0.6022449
vn -0.0575927 0.9749279 0.2149387
vn -0.2331879 0.4338837 0.8702691
vn -0.2331879 -0.4338837 0.8702691
vn -0.0575927 -0.9749279 0.2149387
vn 0.1613710 -0.7818315 -0.6022449
vn 0.2588190 -0.0000000 -0.9659258
vn 0.3826834 0.0000000 -0.9238795
vn 0.2385992 0.7818315 -0.5760295
vn -0.0851551 0.9749279 0.2055825
vn -0.3447859 0.4338837 0.8323867
vn -0.3447859 -0.4338837 0.8323867
vn -0.0851551 -0.9749279 0.2055825
vn 0.2385992 -0.7818315 -0.5760295
vn 0.3826834 -0.0000000 -0.9238795
vn 0.5000000 0.0000000 -0.8660254
vn 0.3117449 0.7818315 -0.5399580
vn -0.1112605 0.9749279 0.1927088
vn -0.4504844 0.4338837 0.7802619
vn -0.4504844 -0.4338837 0.7802619
vn -0.1112605 -0.9749279 0.1927088
vn 0.3117449 -0.7818315 -0.5399580
vn 0.5000000 -0.0000000 -0.8660254
vn 0.6087614 0.0000000 -0.7933533
vn 0.3795565 0.7818315 -0.4946477
vn -0.1354622 0.9749279 0.1765377
vn -0.5484751 0.4338837 0.7147867
vn -0.5484751 -0.4338837 0.7147867
vn -0.1354622 -0.9749279 0.1765377
vn 0.3795565 -0.7818315 -0.4946477
vn 0.6087614 -0.0000000 -0.7933533
vn 0.7071068 0.0000000 -0.7071068
vn 0.4408739 0.7818315 -0.4408739
vn -0.1573461 0.9749279 0.1573461
vn -0.6370812 0.4338837 0.6370812
vn -0.6370812 -0.4338837 0.6370812
vn -0.1573461 -0.9749279 0.1573461
vn 0.4408739 -0.7818315 -0.4408739
vn 0.7071068 -0.0000000 -0.7071068
vn 0.7933533 0.0000000 -0.6087614
vn 0.4946477 0.7818315 -0.3795565
vn -0.1765377 0.9749279 0.1354622
vn -0.7147867 0.4338837 0.5484751
vn -0.7147867 -0.4338837 0.5484751
vn -0.1765377 -0.9749279 0.1354622
vn 0.4946477 -0.7818315 -0.3795565
vn 0.7933533 -0.0000000 -0.6087614
vn 0.8660254 0.0000000 -0.5000000
vn 0.5399580 0.7818315 -0.3117449
vn -0.1927088 0.9749279 0.1112605
vn -0.7802619 0.4338837 0.4504844
vn -0.7802619 -0.4338837 0.4504844
vn -0.1927088 -0.9749279 0.1112605
vn 0.5399580 -0.7818315 -0.3117449
vn 0.8660254 -0.0000000 -0.5000000
vn 0.9238795 0.0000000 -0.3826834
vn 0.5760295 0.7818315 -0.2385992
vn -0.2055825 0.9749279 0.0851551
vn -0.8323867 0.4338837 0.3447859
vn -0.8323867 -0.4338837 0.3447859
vn -0.2055825 -0.9749279 0.0851551
vn 0.5760295 -0.7818315 -0.2385992
vn 0.9238795 -0.0000000 -0.3826834
vn 0.9659258 0.0000000 -0.2588190
vn 0.6022449 0.7818315 -0.1613710
vn -0.2149387 0.9749279 0.0575927
vn -0.8702691 0.4338837 0.2331879
vn -0.8702691 -0.4338837 0.2331879
vn -0.2149387 -0.9749279 0.0575927
vn 0.6022449 -0.7818315 -0.1613710
vn 0.9659258 -0.0000000 -0.2588190
vn 0.9914449 0.0000000 -0.1305262
vn 0.6181558 0.7818315 -0.0813817
vn -0.2206172 0.9749279 0.0290448
vn -0.8932610 0.4338837 0.1176000
vn -0.8932610 -0.4338837 0.1176000
vn -0.2206172 -0.9749279 0.0290448
vn 0.6181558 -0.7818315 -0.0813817
vn 0.9914449 -0.0000000 -0.1305262
vn 1.0000000 0.0000000 -0.0000000
vn 0.6234898 0.7818315 -0.0000000
vn -0.2225209 0.9749279 0.0000000
vn -0.9009689 0.4338837 0.0000000
vn -0.9009689 -0.4338837 0.0000000
vn -0.2225209 -0.9749279 0.0000000
vn 0.6234898 -0.7818315 -0.0000000
vn 1.0000000 -0.0000000 -0.0000000
vn 1.0000000 0.0000000 0.0000000
vn 0.6234898 0.7818315 0.0000000
vn -0.2225209 0.9749279 -0.0000000
vn -0.9009689 0.4338837 -0.0000000
vn -0.9009689 -0.4338837 -0.0000000
vn -0.2225209 -0.9749279 -0.0000000
vn 0.6234898 -0.7818315 0.0000000
vn 1.0000000 -0.0000000 0.0000000
vn 0.9848078 0.0000000 0.1736482
vn 0.6140176 0.7818315 0.1082679
vn -0.2191403 0.9749279 -0.0386404
vn -0.8872811 0.4338837 -0.1564516
vn -0.8872811 -0.4338837 -0.1564516
vn -0.2191403 -0.9749279 -0.0386404
vn 0.6140176 -0.7818315 0.1082679
vn 0.9848078 -0.0000000 0.1736482
vn 0.9396926 0.0000000 0.3420201
vn 0.5858888 0.7818315 0.2132461
vn -0.2091013 0.9749279 -0.0761066
vn -0.8466338 0.4338837 -0.3081495
vn -0.8466338 -0.4338837 -0.3081495
vn -0.2091013 -0.9749279 -0.0761066
vn 0.5858888 -0.7818315 0.2132461
vn 0.9396926 -0.0000000 0.3420201
vn 0.8660254 0.0000000 0.5000000
vn 0.5399580 0.7818315 0.3117449
vn -0.1927088 0.9749279 -0.1112605
vn -0.7802619 0.4338837 -0.4504844
vn -0.7802619 -0.4338837 -0.4504844
vn -0.1927088 -0.9749279 -0.1112605
vn 0.5399580 -0.7818315 0.3117449
vn 0.8660254 -0.0000000 0.5000000
vn 0.7660444 0.0000000 0.6427876
vn 0.4776209 0.7818315 0.4007715
vn -0.1704609 0.9749279 -0.1430337
vn -0.6901822 0.4338837 -0.5791316
vn -0.6901822 -0.4338837 -0.5791316
vn -0.1704609 -0.9749279 -0.1430337
vn 0.4776209 -0.7818315 0.4007715
vn 0.7660444 -0.0000000 0.6427876
vn 0.6427876 0.0000000 0.7660444
vn 0.4007715 0.7818315 0.4776209
vn -0.1430337 0.9749279 -0.1704609
vn -0.5791316 0.4338837 -0.6901822
vn -0.5791316 -0.4338837 -0.6901822
vn -0.1430337 -0.9749279 -0.1704609
vn 0.4007715 -0.7818315 0.4776209
vn 0.6427876 -0.0000000 0.7660444
vn 0.5000000 0.0000000 0.8660254
vn 0.3117449 0.7818315 0.5399580
vn -0.1112605 0.9749279 -0.1927088
vn -0.4504844 0.4338837 -0.7802619
vn -0.4504844 -0.4338837 -0.7802619
vn -0.1112605 -0.9749279 -0.1927088
vn 0.3117449 -0.7818315 0.5399580
vn 0.5000000 -0.0000000 0.8660254
vn 0.3420201 0.0000000 0.9396926
vn 0.2132461 0.7818315 0.5858888
vn -0.0761066 0.9749279 -0.2091013
vn -0.3081495 0.4338837 -0.8466338
vn -0.3081495 -0.4338837 -0.8466338
vn -0.0761066 -0.9749279 -0.2091013
vn 0.2132461 -0.7818315 0.5858888
vn 0.3420201 -0.0000000 0.9396926
vn 0.1736482 0.0000000 0.9848078
vn 0.1082679 0.7818315 0.6140176
vn -0.0386404 0.9749279 -0.2191403
vn -0.1564516 0.4338837 -0.8872811
vn -0.1564516 -0.4338837 -0.8872811
vn -0.0386404 -0.9749279 -0.2191403
vn 0.1082679 -0.7818315 0.6140176
vn 0.1736482 -0.0000000 0.9848078
vn 0.0000000 0.0000000 1.0000000
vn 0.0000000 0.7818315 0.6234898
vn -0.0000000 0.9749279 -0.2225209
vn -0.0000000 0.4338837 -0.9009689
vn -0.0000000 -0.4338837 -0.9009689
vn -0.0000000 -0.9749279 -0.2225209
vn 0.0000000 -0.7818315 0.6234898
vn 0.0000000 -0.0000000 1.0000000
vn -0.1736482 0.0000000 0.9848078
vn -0.1082679 0.7818315 0.6140176
vn 0.0386404 0.9749279 -0.2191403
vn 0.1564516 0.4338837 -0.8872811
vn 0.1564516 -0.4338837 -0.8872811
vn 0.0386404 -0.9749279 -0.2191403
vn -0.1082679 -0.7818315 0.6140176
vn -0.1736482 -0.0000000 0.9848078
vn -0.3420201 0.0000000 0.9396926
vn -0.2132461 0.7818315 0.5858888
vn 0.0761066 0.9749279 -0.2091013
vn 0.3081495 0.4338837 -0.8466338
vn 0.3081495 -0.4338837 -0.8466338
vn 0.0761066 -0.9749279 -0.2091013
vn -0.2132461 -0.7818315 0.5858888
vn -0.3420201 -0.0000000 0.9396926
vn -0.5000000 0.0000000 0.8660254
vn -0.3117449 0.7818315 0.5399580
vn 0.1112605 0.9749279 -0.1927088
vn 0.4504844 0.4338837 -0.7802619
vn 0.4504844 -0.4338837 -0.7802619
vn 0.1112605 -0.9749279 -0.1927088
vn -0.3117449 -0.7818315 0.5399580
vn -0.5000000 -0.0000000 0.8660254
vn -0.6427876 0.0000000 0.7660444
vn -0.4007715 0.7818315 0.4776209
vn 0.1430337 0.9749279 -0.1704609
vn 0.5791316 0.4338837 -0.6901822
vn 0.5791316 -0.4338837 -0.6901822
vn 0.1430337 -0.9749279 -0.1704609
vn -0.4007715 -0.7818315 0.4776209
vn -0.6427876 -0.0000000 0.7660444
vn -0.7660444 0.0000000 0.6427876
vn -0.4776209 0.7818315 0.4007715
vn 0.1704609 0.9749279 -0.1430337
vn 0.6901822 0.4338837 -0.5791316
vn 0.6901822 -0.4338837 -0.5791316
vn 0.1704609 -0.9749279 -0.1430337
vn -0.4776209 -0.7818315 0.4007715
vn -0.7660444 -0.0000000 0.6427876
vn -0.8660254 0.0000000 0.5000000
vn -0.5399580 0.7818315 0.3117449
vn 0.1927088 0.9749279 -0.1112605
vn 0.7802619 0.4338837 -0.4504844
vn 0.7802619 -0.4338837 -0.4504844
vn 0.1927088 -0.9749279 -0.1112605
vn -0.5399580 -0.7818315 0.3117449
vn -0.8660254 -0.0000000 0.5000000
vn -0.9396926 0.0000000 0.3420201
vn -0.5858888 0.7818315 0.2132461
vn 0.2091013 0.9749279 -0.0761066
vn 0.8466338 0.4338837 -0.3081495
vn 0.8466338 -0.4338837 -0.3081495
vn 0.2091013 -0.9749279 -0.0761066
vn -0.5858888 -0.7818315 0.2132461
vn -0.9396926 -0.0000000 0.3420201
vn -0.9848078 0.0000000 0.1736482
vn -0.6140176 0.7818315 0.1082679
vn 0.2191403 0.9749279 -0.0386404
vn 0.8872811 0.4338837 -0.1564516
vn 0.8872811 -0.4338837 -0.1564516
vn 0.2191403 -0.9749279 -0.0386404
vn -0.6140176 -0.7818315 0.1082679
vn -0.9848078 -0.0000000 0.1736482
vn -1.0000000 0.0000000 0.0000000
vn -0.6234898 0.7818315 0.0000000
vn 0.2225209 0.9749279 -0.0000000
vn 0.9009689 0.4338837 -0.0000000
vn 0.9009689 -0.4338837 -0.0000000
vn 0.2225209 -0.9749279 -0.0000000
vn -0.6234898 -0.7818315 0.0000000
vn -1.0000000 -0.0000000 0.0000000
vn -0.9848078 0.0000000 -0.1736482
vn -0.6140176 0.7818315 -0.1082679
vn 0.2191403 0.9749279 0.0386404
vn 0.8872811 0.4338837 0.1564516
vn 0.8872811 -0.4338837 0.1564516
vn 0.2191403 -0.9749279 0.0386404
vn -0.6140176 -0.7818315 -0.1082679
vn -0.9848078 -0.0000000 -0.1736482
vn -0.9396926 0.0000000 -0.3420201
vn -0.5858888 0.7818315 -0.2132461
vn 0.2091013 0.9749279 0.0761066
vn 0.8466338 0.4338837 0.3081495
vn 0.8466338 -0.4338837 0.3081495
vn 0.2091013 -0.9749279 0.0761066
vn -0.5858888 -0.7818315 -0.2132461
vn -0.9396926 -0.0000000 -0.3420201
vn -0.8660254 0.0000000 -0.5000000
vn -0.5399580 0.7818315 -0.3117449
vn 0.1927088 0.9749279 0.1112605
vn 0.7802619 0.4338837 0.4504844
vn 0.7802619 -0.4338837 0.4504844
vn 0.1927088 -0.9749279 0.1112605
vn -0.5399580 -0.7818315 -0.3117449
vn -0.8660254 -0.0000000 -0.5000000
vn -0.7660444 0.0000000 -0.6427876
vn -0.4776209 0.7818315 -0.4007715
vn 0.1704609 0.9749279 0.1430337
vn 0.6901822 0.4338837 0.5791316
vn 0.6901822 -0.4338837 0.5791316
vn 0.1704609 -0.9749279 0.1430337
vn -0.4776209 -0.7818315 -0.4007715
vn -0.7660444 -0.0000000 -0.6427876
vn -0.6427876 0.0000000 -0.7660444
vn -0.4007715 0.7818315 -0.4776209
vn 0.1430337 0.9749279 0.1704609
vn 0.5791316 0.4338837 0.6901822
vn 0.5791316 -0.4338837 0.6901822
vn 0.1430337 -0.9749279 0.1704609
vn -0.4007715 -0.7818315 -0.4776209
vn -0.6427876 -0.0000000 -0.7660444
vn -0.5000000 0.0000000 -0.8660254
vn -0.3117449 0.7818315 -0.5399580
vn 0.1112605 0.9749279 0.1927088
vn 0.4504844 0.4338837 0.7802619
vn 0.4504844 -0.4338837 0.7802619
vn 0.1112605 -0.9749279 0.1927088
vn -0.3117449 -0.7818315 -0.5399580
vn -0.5000000 -0.0000000 -0.8660254
vn -0.3420201 0.0000000 -0.9396926
vn -0.2132461 0.7818315 -0.5858888
vn 0.0761066 0.9749279 0.2091013
vn 0.3081495 0.4338837 0.8466338
vn 0.3081495 -0.4338837 0.8466338
vn 0.0761066 -0.9749279 0.2091013
vn -0.2132461 -0.7818315 -0.5858888
vn -0.3420201 -0.0000000 -0.9396926
vn -0.1736482 0.0000000 -0.9848078
vn -0.1082679 0.7818315 -0.6140176
vn 0.0386404 0.9749279 0.2191403
vn 0.1564516 0.4338837 0.8872811
vn 0.1564516 -0.4338837 0.8872811
vn 0.0386404 -0.9749279 0.2191403
vn -0.1082679 -0.7818315 -0.6140176
vn -0.1736482 -0.0000000 -0.9848078
vn -0.0000000 0.0000000 -1.0000000
vn -0.0000000 0.7818315 -0.6234898
vn 0.0000000 0.9749279 0.2225209
vn 0.0000000 0.4338837 0.9009689
vn 0.0000000 -0.4338837 0.9009689
vn 0.0000000 -0.9749279 0.2225209
vn -0.0000000 -0.7818315 -0.6234898
vn -0.0000000 -0.0000000 -1.0000000
vn 0.1736482 0.0000000 -0.9848078
vn 0.1082679 0.7818315 -0.6140176
vn -0.0386404 0.9749279 0.2191403
vn -0.1564516 0.4338837 0.8872811
vn -0.1564516 -0.4338837 0.8872811
vn -0.0386404 -0.9749279 0.2191403
vn 0.1082679 -0.7818315 -0.6140176
vn 0.1736482 -0.0000000 -0.9848078
vn 0.3420201 0.0000000 -0.9396926
vn 0.2132461 0.7818315 -0.5858888
vn -0.0761066 0.9749279 0.2091013
vn -0.3081495 0.4338837 0.8466338
vn -0.3081495 -0.4338837 0.8466338
vn -0.0761066 -0.9749279 0.2091013
vn 0.2132461 -0.7818315 -0.5858888
vn 0.3420201 -0.0000000 -0.9396926
vn 0.5000000 0.0000000 -0.8660254
vn 0.3117449 0.7818315 -0.5399580
vn -0.1112605 0.9749279 0.1927088
vn -0.4504844 0.4338837 0.7802619
vn -0.4504844 -0.4338837 0.7802619
vn -0.1112605 -0.9749279 0.1927088
vn 0.3117449 -0.7818315 -0.5399580
vn 0.5000000 -0.0000000 -0.8660254
vn 0.6427876 0.0000000 -0.7660444
vn 0.4007715 0.7818315 -0.4776209
vn -0.1430337 0.9749279 0.1704609
vn -0.5791316 0.4338837 0.6901822
vn -0.5791316 -0.4338837 0.6901822
vn -0.1430337 -0.9749279 0.1704609
vn 0.4007715 -0.7818315 -0.4776209
vn 0.6427876 -0.0000000 -0.7660444
vn 0.7660444 0.0000000 -0.6427876
vn 0.4776209 0.7818315 -0.4007715
vn -0.1704609 0.9749279 0.1430337
vn -0.6901822 0.4338837 0.5791316
vn -0.6901822 -0.4338837 0.5791316
vn -0.1704609 -0.9749279 0.1430337
vn 0.4776209 -0.7818315 -0.4007715
vn 0.7660444 -0.0000000 -0.6427876
vn 0.8660254 0.0000000 -0.5000000
vn 0.5399580 0.7818315 -0.3117449
vn -0.1927088 0.9749279 0.1112605
vn -0.7802619 0.4338837 0.4504844
vn -0.7802619 -0.4338837 0.4504844
vn -0.1927088 -0.9749279 0.1112605
vn 0.5399580 -0.7818315 -0.3117449
vn 0.8660254 -0.0000000 -0.5000000
vn 0.9396926 0.0000000 -0.3420201
vn 0.5858888 0.7818315 -0.2132461
vn -0.2091013 0.9749279 0.0761066
vn -0.8466338 0.4338837 0.3081495
vn -0.8466338 -0.4338837 0.3081495
vn -0.2091013 -0.9749279 0.0761066
vn 0.5858888 -0.7818315 -0.2132461
vn 0.9396926 -0.0000000 -0.3420201
vn 0.9848078 0.0000000 -0.1736482
vn 0.6140176 0.7818315 -0.1082679
vn -0.2191403 0.9749279 0.0386404
vn -0.8872811 0.4338837 0.1564516
vn -0.8872811 -0.4338837 0.1564516
vn -0.2191403 -0.9749279 0.0386404
vn 0.6140176 -0.7818315 -0.1082679
vn 0.9848078 -0.0000000 -0.1736482
vn 1.0000000 0.0000000 -0.0000000
vn 0.6234898 0.7818315 -0.0000000
vn -0.2225209 0.9749279 0.0000000
vn -0.9009689 0.4338837 0.0000000
vn -0.9009689 -0.4338837 0.0000000
vn -0.2225209 -0.9749279 0.0000000
vn 0.6234898 -0.7818315 -0.0000000
vn 1.0000000 -0.0000000 -0.0000000
vn 0.0000000 0.0000000 1.0000000
vn 0.0000000 0.0000000 1.0000000
vn 0.0000000 0.0000000 1.0000000
vn 0.0000000 0.0000000 1.0000000
vn 0.0000000 0.0000000 -1.0000000
vn 0.0000000 0.0000000 -1.0000000
vn 0.0000000 0.0000000 -1.0000000
vn 0.0000000 0.0000000 -1.0000000
vn 1.0000000 0.0000000 0.0000000
vn 1.0000000 0.0000000 0.0000000
vn 1.0000000 0.0000000 0.0000000
vn 1.0000000 0.0000000 0.0000000
vn -1.0000000 0.0000000 0.0000000
vn -1.0000000 0.0000000 0.0000000
vn -1.0000000 0.0000000 0.0000000
vn -1.0000000 0.0000000 0.0000000
vn 0.0000000 -1.0000000 0.0000000
vn 0.0000000 -1.0000000 0.0000000
vn 0.0000000 -1.0000000 0.0000000
vn 0.0000000 -1.0000000 0.0000000
vn -0.0000000 1.0000000 0.0000000
vn -0.0000000 1.0000000 0.0000000
vn -0.0000000 1.0000000 0.0000000
vn -0.0000000 1.0000000 0.0000000
vn 0.0000000 1.0000000 0.0000000
vn 0.0000000 -1.0000000 0.0000000
vn 1.0000000 0.0000000 0.0000000
vn 0.0000000 0.0000000 1.0000000
vn -1.0000000 0.0000000 0.0000000
vn 0.0000000 0.0000000 -1.0000000
vn 0.7071068 0.0000000 0.7071068
vn 0.7071068 0.0000000 0.7071068
vn 0.7071068 0.0000000 0.7071068
vn 0.7071068 0.0000000 0.7071068
vn -0.7071068 0.0000000 -0.7071068
vn -0.7071068 0.0000000 -0.7071068
vn -0.7071068 0.0000000 -0.7071068
vn -0.7071068 0.0000000 -0.7071068
vn 0.7071068 0.0000000 -0.7071068
vn 0.7071068 0.0000000 -0.7071068
vn 0.7071068 0.0000000 -0.7071068
vn 0.7071068 0.0000000 -0.7071068
vn -0.7071068 0.0000000 0.7071068
vn -0.7071068 0.0000000 0.7071068
vn -0.7071068 0.0000000 0.7071068
vn -0.7071068 0.0000000 0.7071068
vn 0.0000000 -1.0000000 0.0000000
vn 0.0000000 -1.0000000 0.0000000
vn 0.0000000 -1.0000000 0.0000000
vn 0.0000000 -1.0000000 0.0000000
vn 0.0000000 1.0000000 0.0000000
vn 0.0000000 1.0000000 0.0000000
vn 0.0000000 1.0000000 0.0000000
vn 0.0000000 1.0000000 0.0000000
vn 0.0000000 1.0000000 0.0000000
vn 0.0000000 -1.0000000 0.0000000
vn 1.0000000 0.0000000 0.0000000
vn 0.0000000 0.0000000 1.0000000
vn -1.0000000 0.0000000 0.0000000
vn 0.0000000 0.0000000 -1.0000000
vn 1.0000000 0.0000000 0.0000000
vn 1.0000000 0.0000000 0.0000000
vn 1.0000000 0.0000000 0.0000000
vn 1.0000000 0.0000000 0.0000000
vn -1.0000000 0.0000000 0.0000000
vn -1.0000000 0.0000000 0.0000000
vn -1.0000000 0.0000000 0.0000000
vn -1.0000000 0.0000000 0.0000000
vn 0.0000000 0.0000000 -1.0000000
vn 0.0000000 0.0000000 -1.0000000
vn 0.0000000 0.0000000 -1.0000000
vn 0.0000000 0.0000000 -1.0000000
vn -0.0000000 0.0000000 1.0000000
vn -0.0000000 0.0000000 1.0000000
vn -0.0000000 0.0000000 1.0000000
vn -0.0000000 0.0000000 1.0000000
vn 0.0000000 -1.0000000 0.0000000
vn 0.0000000 -1.0000000 0.0000000
vn 0.0000000 -1.0000000 0.0000000
vn 0.0000000 -1.0000000 0.0000000
vn 0.0000000 1.0000000 0.0000000
vn 0.0000000 1.0000000 0.0000000
vn 0.0000000 1.0000000 0.0000000
vn 0.0000000 1.0000000 0.0000000
vn 0.0000000 1.0000000 0.0000000
vn 0.0000000 -1.0000000 0.0000000
vn 1.0000000 0.0000000 0.0000000
vn 0.0000000 0.0000000 1.0000000
vn -1.0000000 0.0000000 0.0000000
vn 0.0000000 0.0000000 -1.0000000
vn 0.7071068 0.0000000 -0.7071068
vn 0.7071068 0.0000000 -0.7071068
vn 0.7071068 0.0000000 -0.7071068
vn 0.7071068 0.0000000 -0.7071068
vn -0.7071068 0.0000000 0.7071068
vn -0.7071068 0.0000000 0.7071068
vn -0.7071068 0.0000000 0.7071068
vn -0.7071068 0.0000000 0.7071068
vn -0.7071068 0.0000000 -0.7071068
vn -0.7071068 0.0000000 -0.7071068
vn -0.7071068 0.0000000 -0.7071068
vn -0.7071068 0.0000000 -0.7071068
vn 0.7071068 0.0000000 0.7071068
vn 0.7071068 0.0000000 0.7071068
vn 0.7071068 0.0000000 0.7071068
vn 0.7071068 0.0000000 0.7071068
vn 0.0000000 -1.0000000 -0.0000000
vn 0.0000000 -1.0000000 -0.0000000
vn 0.0000000 -1.0000000 -0.0000000
vn 0.0000000 -1.0000000 -0.0000000
vn 0.0000000 1.0000000 0.0000000
vn 0.0000000 1.0000000 0.0000000
vn 0.0000000 1.0000000 0.0000000
vn 0.0000000 1.0000000 0.0000000
vn 0.0000000 1.0000000 0.0000000
vn 0.0000000 -1.0000000 0.0000000
vn 1.0000000 0.0000000 0.0000000
vn 0.0000000 0.0000000 1.0000000
vn -1.0000000 0.0000000 0.0000000
vn 0.0000000 0.0000000 -1.0000000
vn 0.0000000 0.0000000 -1.0000000
vn 0.0000000 0.0000000 -1.0000000
vn 0.0000000 0.0000000 -1.0000000
vn 0.0000000 0.0000000 -1.0000000
vn 0.0000000 0.0000000 1.0000000
vn 0.0000000 0.0000000 1.0000000
vn 0.0000000 0.0000000 1.0000000
vn 0.0000000 0.0000000 1.0000000
vn -1.0000000 0.0000000 -0.0000000
vn -1.0000000 0.0000000 -0.0000000
vn -1.0000000 0.0000000 -0.0000000
vn -1.0000000 0.0000000 -0.0000000
vn 1.0000000 0.0000000 0.0000000
vn 1.0000000 0.0000000 0.0000000
vn 1.0000000 0.0000000 0.0000000
vn 1.0000000 0.0000000 0.0000000
vn -0.0000000 -1.0000000 0.0000000
vn -0.0000000 -1.0000000 0.0000000
vn -0.0000000 -1.0000000 0.0000000
vn -0.0000000 -1.0000000 0.0000000
vn 0.0000000 1.0000000 0.0000000
vn 0.0000000 1.0000000 0.0000000
vn 0.0000000 1.0000000 0.0000000
vn 0.0000000 1.0000000 0.0000000
vn 0.0000000 1.0000000 0.0000000
vn 0.0000000 -1.0000000 0.0000000
vn 1.0000000 0.0000000 0.0000000
vn 0.0000000 0.0000000 1.0000000
vn -1.0000000 0.0000000 0.0000000
vn 0.0000000 0.0000000 -1.0000000
vn -0.7071068 0.0000000 -0.7071068
vn -0.7071068 0.0000000 -0.7071068
vn -0.7071068 0.0000000 -0.7071068
vn -0.7071068 0.0000000 -0.7071068
vn 0.7071068 0.0000000 0.7071068
vn 0.7071068 0.0000000 0.7071068
vn 0.7071068 0.0000000 0.7071068
vn 0.7071068 0.0000000 0.7071068
vn -0.7071068 0.0000000 0.7071068
vn -0.7071068 0.0000000 0.7071068
vn -0.7071068 0.0000000 0.7071068
vn -0.7071068 0.0000000 0.7071068
vn 0.7071068 0.0000000 -0.7071068
vn 0.7071068 0.0000000 -0.7071068
vn 0.7071068 0.0000000 -0.7071068
vn 0.7071068 0.0000000 -0.7071068
vn -0.0000000 -1.0000000 0.0000000
vn -0.0000000 -1.0000000 0.0000000
vn -0.0000000 -1.0000000 0.0000000
vn -0.0000000 -1.0000000 0.0000000
vn 0.0000000 1.0000000 -0.0000000
vn 0.0000000 1.0000000 -0.0000000
vn 0.0000000 1.0000000 -0.0000000
vn 0.0000000 1.0000000 -0.0000000
vn 0.0000000 1.0000000 0.0000000
vn 0.0000000 -1.0000000 0.0000000
vn 1.0000000 0.0000000 0.0000000
vn 0.0000000 0.0000000 1.0000000
vn -1.0000000 0.0000000 0.0000000
vn 0.0000000 0.0000000 -1.0000000
vn -1.0000000 0.0000000 0.0000000
vn -1.0000000 0.0000000 0.0000000
vn -1.0000000 0.0000000 0.0000000
vn -1.0000000 0.0000000 0.0000000
vn 1.0000000 0.0000000 0.0000000
vn 1.0000000 0.0000000 0.0000000
vn 1.0000000 0.0000000 0.0000000
vn 1.0000000 0.0000000 0.0000000
vn -0.0000000 0.0000000 1.0000000
vn -0.0000000 0.0000000 1.0000000
vn -0.0000000 0.0000000 1.0000000
vn -0.0000000 0.0000000 1.0000000
vn 0.0000000 0.0000000 -1.0000000
vn 0.0000000 0.0000000 -1.0000000
vn 0.0000000 0.0000000 -1.0000000
vn 0.0000000 0.0000000 -1.0000000
vn 0.0000000 -1.0000000 0.0000000
vn 0.0000000 -1.0000000 0.0000000
vn 0.0000000 -1.0000000 0.0000000
vn 0.0000000 -1.0000000 0.0000000
vn 0.0000000 1.0000000 0.0000000
vn 0.0000000 1.0000000 0.0000000
vn 0.0000000 1.0000000 0.0000000
vn 0.0000000 1.0000000 0.0000000
vn 0.0000000 1.0000000 0.0000000
vn 0.0000000 -1.0000000 0.0000000
vn 1.0000000 0.0000000 0.0000000
vn 0.0000000 0.0000000 1.0000000
vn -1.0000000 0.0000000 0.0000000
vn 0.0000000 0.0000000 -1.0000000
vn -0.7071068 0.0000000 0.7071068
vn -0.7071068 0.0000000 0.7071068
vn -0.7071068 0.0000000 0.7071068
vn -0.7071068 0.0000000 0.7071068
vn 0.7071068 0.0000000 -0.7071068
vn 0.7071068 0.0000000 -0.7071068
vn 0.7071068 0.0000000 -0.7071068
vn 0.7071068 0.0000000 -0.7071068
vn 0.7071068 0.0000000 0.7071068
vn 0.7071068 0.0000000 0.7071068
vn 0.7071068 0.0000000 0.7071068
vn 0.7071068 0.0000000 0.7071068
vn -0.7071068 0.0000000 -0.7071068
vn -0.7071068 0.0000000 -0.7071068
vn -0.7071068 0.0000000 -0.7071068
vn -0.7071068 0.0000000 -0.7071068
vn 0.0000000 -1.0000000 0.0000000
vn 0.0000000 -1.0000000 0.0000000
vn 0.0000000 -1.0000000 0.0000000
vn 0.0000000 -1.0000000 0.0000000
vn -0.0000000 1.0000000 0.0000000
vn -0.0000000 1.0000000 0.0000000
vn -0.0000000 1.0000000 0.0000000
vn -0.0000000 1.0000000 0.0000000
vn 0.0000000 1.0000000 0.0000000
vn 0.0000000 -1.0000000 0.0000000
vn 1.0000000 0.0000000 0.0000000
vn 0.0000000 0.0000000 1.0000000
vn -1.0000000 0.0000000 0.0000000
vn 0.0000000 0.0000000 -1.0000000
vn 0.0000000 1.0000000 0.0000000
vn 0.0000000 -1.0000000 0.0000000
vn 1.0000000 0.0000000 0.0000000
vn 0.0000000 0.0000000 1.0000000
vn -1.0000000 0.0000000 0.0000000
vn 0.0000000 0.0000000 -1.0000000
usemtl RoyalDark
s 1
f 1/1/1 11/11/11 12/12/12
f 1/1/1 12/12/12 2/2/2
f 2/2/2 12/12/12 13/13/13
f 2/2/2 13/13/13 3/3/3
f 3/3/3 13/13/13 14/14/14
f 3/3/3 14/14/14 4/4/4
f 4/4/4 14/14/14 15/15/15
f 4/4/4 15/15/15 5/5/5
f 5/5/5 15/15/15 16/16/16
f 5/5/5 16/16/16 6/6/6
f 6/6/6 16/16/16 17/17/17
f 6/6/6 17/17/17 7/7/7
f 7/7/7 17/17/17 18/18/18
f 7/7/7 18/18/18 8/8/8
f 8/8/8 18/18/18 19/19/19
f 8/8/8 19/19/19 9/9/9
f 9/9/9 19/19/19 20/20/20
f 9/9/9 20/20/20 10/10/10
f 11/11/11 21/21/21 22/22/22
f 11/11/11 22/22/22 12/12/12
f 12/12/12 22/22/22 23/23/23
f 12/12/12 23/23/23 13/13/13
f 13/13/13 23/23/23 24/24/24
f 13/13/13 24/24/24 14/14/14
f 14/14/14 24/24/24 25/25/25
f 14/14/14 25/25/25 15/15/15
f 15/15/15 25/25/25 26/26/26
f 15/15/15 26/26/26 16/16/16
f 16/16/16 26/26/26 27/27/27
f 16/16/16 27/27/27 17/17/17
f 17/17/17 27/27/27 28/28/28
f 17/17/17 28/28/28 18/18/18
f 18/18/18 28/28/28 29/29/29
f 18/18/18 29/29/29 19/19/19
f 19/19/19 29/29/29 30/30/30
f 19/19/19 30/30/30 20/20/20
f 21/21/21 31/31/31 32/32/32
f 21/21/21 32/32/32 22/22/22
f 22/22/22 32/32/32 33/33/33
f 22/22/22 33/33/33 23/23/23
f 23/23/23 33/33/33 34/34/34
f 23/23/23 34/34/34 24/24/24
f 24/24/24 34/34/34 35/35/35
f 24/24/24 35/35/35 25/25/25
f 25/25/25 35/35/35 36/36/36
f 25/25/25 36/36/36 26/26/26
f 26/26/26 36/36/36 37/37/37
f 26/26/26 37/37/37 27/27/27
f 27/27/27 37/37/37 38/38/38
f 27/27/27 38/38/38 28/28/28
f 28/28/28 38/38/38 39/39/39
f 28/28/28 39/39/39 29/29/29
f 29/29/29 39/39/39 40/40/40
f 29/29/29 40/40/40 30/30/30
f 31/31/31 41/41/41 42/42/42
f 31/31/31 42/42/42 32/32/32
f 32/32/32 42/42/42 43/43/43
f 32/32/32 43/43/43 33/33/33
f 33/33/33 43/43/43 44/44/44
f 33/33/33 44/44/44 34/34/34
f 34/34/34 44/44/44 45/45/45
f 34/34/34 45/45/45 35/35/35
f 35/35/35 45/45/45 46/46/46
f 35/35/35 46/46/46 36/36/36
f 36/36/36 46/46/46 47/47/47
f 36/36/36 47/47/47 37/37/37
f 37/37/37 47/47/47 48/48/48
f 37/37/37 48/48/48 38/38/38
f 38/38/38 48/48/48 49/49/49
f 38/38/38 49/49/49 39/39/39
f 39/39/39 49/49/49 50/50/50
f 39/39/39 50/50/50 40/40/40
f 41/41/41 51/51/51 52/52/52
f 41/41/41 52/52/52 42/42/42
f 42/42/42 52/52/52 53/53/53
f 42/42/42 53/53/53 43/43/43
f 43/43/43 53/53/53 54/54/54
f 43/43/43 54/54/54 44/44/44
f 44/44/44 54/54/54 55/55/55
f 44/44/44 55/55/55 45/45/45
f 45/45/45 55/55/55 56/56/56
f 45/45/45 56/56/56 46/46/46
f 46/46/46 56/56/56 57/57/57
f 46/46/46 57/57/57 47/47/47
f 47/47/47 57/57/57 58/58/58
f 47/47/47 58/58/58 48/48/48
f 48/48/48 58/58/58 59/59/59
f 48/48/48 59/59/59 49/49/49
f 49/49/49 59/59/59 60/60/60
f 49/49/49 60/60/60 50/50/50
f 51/51/51 61/61/61 62/62/62
f 51/51/51 62/62/62 52/52/52
f 52/52/52 62/62/62 63/63/63
f 52/52/52 63/63/63 53/53/53
f 53/53/53 63/63/63 64/64/64
f 53/53/53 64/64/64 54/54/54
f 54/54/54 64/64/64 65/65/65
f 54/54/54 65/65/65 55/55/55
f 55/55/55 65/65/65 66/66/66
f 55/55/55 66/66/66 56/56/56
f 56/56/56 66/66/66 67/67/67
f 56/56/56 67/67/67 57/57/57
f 57/57/57 67/67/67 68/68/68
f 57/57/57 68/68/68 58/58/58
f 58/58/58 68/68/68 69/69/69
f 58/58/58 69/69/69 59/59/59
f 59/59/59 69/69/69 70/70/70
f 59/59/59 70/70/70 60/60/60
f 61/61/61 71/71/71 72/72/72
f 61/61/61 72/72/72 62/62/62
f 62/62/62 72/72/72 73/73/73
f 62/62/62 73/73/73 63/63/63
f 63/63/63 73/73/73 74/74/74
f 63/63/63 74/74/74 64/64/64
f 64/64/64 74/74/74 75/75/75
f 64/64/64 75/75/75 65/65/65
f 65/65/65 75/75/75 76/76/76
f 65/65/65 76/76/76 66/66/66
f 66/66/66 76/76/76 77/77/77
f 66/66/66 77/77/77 67/67/67
f 67/67/67 77/77/77 78/78/78
f 67/67/67 78/78/78 68/68/68
f 68/68/68 78/78/78 79/79/79
f 68/68/68 79/79/79 69/69/69
f 69/69/69 79/79/79 80/80/80
f 69/69/69 80/80/80 70/70/70
f 71/71/71 81/81/81 82/82/82
f 71/71/71 82/82/82 72/72/72
f 72/72/72 82/82/82 83/83/83
f 72/72/72 83/83/83 73/73/73
f 73/73/73 83/83/83 84/84/84
f 73/73/73 84/84/84 74/74/74
f 74/74/74 84/84/84 85/85/85
f 74/74/74 85/85/85 75/75/75
f 75/75/75 85/85/85 86/86/86
f 75/75/75 86/86/86 76/76/76
f 76/76/76 86/86/86 87/87/87
f 76/76/76 87/87/87 77/77/77
f 77/77/77 87/87/87 88/88/88
f 77/77/77 88/88/88 78/78/78
f 78/78/78 88/88/88 89/89/89
f 78/78/78 89/89/89 79/79/79
f 79/79/79 89/89/89 90/90/90
f 79/79/79 90/90/90 80/80/80
f 81/81/81 91/91/91 92/92/92
f 81/81/81 92/92/92 82/82/82
f 82/82/82 92/92/92 93/93/93
f 82/82/82 93/93/93 83/83/83
f 83/83/83 93/93/93 94/94/94
f 83/83/83 94/94/94 84/84/84
f 84/84/84 94/94/94 95/95/95
f 84/84/84 95/95/95 85/85/85
f 85/85/85 95/95/95 96/96/96
f 85/85/85 96/96/96 86/86/86
f 86/86/86 96/96/96 97/97/97
f 86/86/86 97/97/97 87/87/87
f 87/87/87 97/97/97 98/98/98
f 87/87/87 98/98/98 88/88/88
f 88/88/88 98/98/98 99/99/99
f 88/88/88 99/99/99 89/89/89
f 89/89/89 99/99/99 100/100/100
f 89/89/89 100/100/100 90/90/90
f 91/91/91 101/101/101 102/102/102
f 91/91/91 102/102/102 92/92/92
f 92/92/92 102/102/102 103/103/103
f 92/92/92 103/103/103 93/93/93
f 93/93/93 103/103/103 104/104/104
f 93/93/93 104/104/104 94/94/94
f 94/94/94 104/104/104 105/105/105
f 94/94/94 105/105/105 95/95/95
f 95/95/95 105/105/105 106/106/106
f 95/95/95 106/106/106 96/96/96
f 96/96/96 106/106/106 107/107/107
f 96/96/96 107/107/107 97/97/97
f 97/97/97 107/107/107 108/108/108
f 97/97/97 108/108/108 98/98/98
f 98/98/98 108/108/108 109/109/109
f 98/98/98 109/109/109 99/99/99
f 99/99/99 109/109/109 110/110/110
f 99/99/99 110/110/110 100/100/100
f 101/101/101 111/111/111 112/112/112
f 101/101/101 112/112/112 102/102/102
f 102/102/102 112/112/112 113/113/113
f 102/102/102 113/113/113 103/103/103
f 103/103/103 113/113/113 114/114/114
f 103/103/103 114/114/114 104/104/104
f 104/104/104 114/114/114 115/115/115
f 104/104/104 115/115/115 105/105/105
f 105/105/105 115/115/115 116/116/116
f 105/105/105 116/116/116 106/106/106
f 106/106/106 116/116/116 117/117/117
f 106/106/106 117/117/117 107/107/107
f 107/107/107 117/117/117 118/118/118
f 107/107/107 118/118/118 108/108/108
f 108/108/108 118/118/118 119/119/119
f 108/108/108 119/119/119 109/109/109
f 109/109/109 119/119/119 120/120/120
f 109/109/109 120/120/120 110/110/110
f 111/111/111 121/121/121 122/122/122
f 111/111/111 122/122/122 112/112/112
f 112/112/112 122/122/122 123/123/123
f 112/112/112 123/123/123 113/113/113
f 113/113/113 123/123/123 124/124/124
f 113/113/113 124/124/124 114/114/114
f 114/114/114 124/124/124 125/125/125
f 114/114/114 125/125/125 115/115/115
f 115/115/115 125/125/125 126/126/126
f 115/115/115 126/126/126 116/116/116
f 116/116/116 126/126/126 127/127/127
f 116/116/116 127/127/127 117/117/117
f 117/117/117 127/127/127 128/128/128
f 117/117/117 128/128/128 118/118/118
f 118/118/118 128/128/128 129/129/129
f 118/118/118 129/129/129 119/119/119
f 119/119/119 129/129/129 130/130/130
f 119/119/119 130/130/130 120/120/120
f 121/121/121 131/131/131 132/132/132
f 121/121/121 132/132/132 122/122/122
f 122/122/122 132/132/132 133/133/133
f 122/122/122 133/133/133 123/123/123
f 123/123/123 133/133/133 134/134/134
f 123/123/123 134/134/134 124/124/124
f 124/124/124 134/134/134 135/135/135
f 124/124/124 135/135/135 125/125/125
f 125/125/125 135/135/135 136/136/136
f 125/125/125 136/136/136 126/126/126
f 126/126/126 136/136/136 137/137/137
f 126/126/126 137/137/137 127/127/127
f 127/127/127 137/137/137 138/138/138
f 127/127/127 138/138/138 128/128/128
f 128/128/128 138/138/138 139/139/139
f 128/128/128 139/139/139 129/129/129
f 129/129/129 139/139/139 140/140/140
f 129/129/129 140/140/140 130/130/130
f 131/131/131 141/141/141 142/142/142
f 131/131/131 142/142/142 132/132/132
f 132/132/132 142/142/142 143/143/143
f 132/132/132 143/143/143 133/133/133
f 133/133/133 143/143/143 144/144/144
f 133/133/133 144/144/144 134/134/134
f 134/134/134 144/144/144 145/145/145
f 134/134/134 145/145/145 135/135/135
f 135/135/135 145/145/145 146/146/146
f 135/135/135 146/146/146 136/136/136
f 136/136/136 146/146/146 147/147/147
f 136/136/136 147/147/147 137/137/137
f 137/137/137 147/147/147 148/148/148
f 137/137/137 148/148/148 138/138/138
f 138/138/138 148/148/148 149/149/149
f 138/138/138 149/149/149 139/139/139
f 139/139/139 149/149/149 150/150/150
f 139/139/139 150/150/150 140/140/140
f 141/141/141 151/151/151 152/152/152
f 141/141/141 152/152/152 142/142/142
f 142/142/142 152/152/152 153/153/153
f 142/142/142 153/153/153 143/143/143
f 143/143/143 153/153/153 154/154/154
f 143/143/143 154/154/154 144/144/144
f 144/144/144 154/154/154 155/155/155
f 144/144/144 155/155/155 145/145/145
f 145/145/145 155/155/155 156/156/156
f 145/145/145 156/156/156 146/146/146
f 146/146/146 156/156/156 157/157/157
f 146/146/146 157/157/157 147/147/147
f 147/147/147 157/157/157 158/158/158
f 147/147/147 158/158/158 148/148/148
f 148/148/148 158/158/158 159/159/159
f 148/148/148 159/159/159 149/149/149
f 149/149/149 159/159/159 160/160/160
f 149/149/149 160/160/160 150/150/150
f 151/151/151 161/161/161 162/162/162
f 151/151/151 162/162/162 152/152/152
f 152/152/152 162/162/162 163/163/163
f 152/152/152 163/163/163 153/153/153
f 153/153/153 163/163/163 164/164/164
f 153/153/153 164/164/164 154/154/154
f 154/154/154 164/164/164 165/165/165
f 154/154/154 165/165/165 155/155/155
f 155/155/155 165/165/165 166/166/166
f 155/155/155 166/166/166 156/156/156
f 156/156/156 166/166/166 167/167/167
f 156/156/156 167/167/167 157/157/157
f 157/157/157 167/167/167 168/168/168
f 157/157/157 168/168/168 158/158/158
f 158/158/158 168/168/168 169/169/169
f 158/158/158 169/169/169 159/159/159
f 159/159/159 169/169/169 170/170/170
f 159/159/159 170/170/170 160/160/160
f 161/161/161 171/171/171 172/172/172
f 161/161/161 172/172/172 162/162/162
f 162/162/162 172/172/172 173/173/173
f 162/162/162 173/173/173 163/163/163
f 163/163/163 173/173/173 174/174/174
f 163/163/163 174/174/174 164/164/164
f 164/164/164 174/174/174 175/175/175
f 164/164/164 175/175/175 165/165/165
f 165/165/165 175/175/175 176/176/176
f 165/165/165 176/176/176 166/166/166
f 166/166/166 176/176/176 177/177/177
f 166/166/166 177/177/177 167/167/167
f 167/167/167 177/177/177 178/178/178
f 167/167/167 178/178/178 168/168/168
f 168/168/168 178/178/178 179/179/179
f 168/168/168 179/179/179 169/169/169
f 169/169/169 179/179/179 180/180/180
f 169/169/169 180/180/180 170/170/170
f 171/171/171 181/181/181 182/182/182
f 171/171/171 182/182/182 172/172/172
f 172/172/172 182/182/182 183/183/183
f 172/172/172 183/183/183 173/173/173
f 173/173/173 183/183/183 184/184/184
f 173/173/173 184/184/184 174/174/174
f 174/174/174 184/184/184 185/185/185
f 174/174/174 185/185/185 175/175/175
f 175/175/175 185/185/185 186/186/186
f 175/175/175 186/186/186 176/176/176
f 176/176/176 186/186/186 187/187/187
f 176/176/176 187/187/187 177/177/177
f 177/177/177 187/187/187 188/188/188
f 177/177/177 188/188/188 178/178/178
f 178/178/178 188/188/188 189/189/189
f 178/178/178 189/189/189 179/179/179
f 179/179/179 189/189/189 190/190/190
f 179/179/179 190/190/190 180/180/180
f 181/181/181 191/191/191 192/192/192
f 181/181/181 192/192/192 182/182/182
f 182/182/182 192/192/192 193/193/193
f 182/182/182 193/193/193 183/183/183
f 183/183/183 193/193/193 194/194/194
f 183/183/183 194/194/194 184/184/184
f 184/184/184 194/194/194 195/195/195
f 184/184/184 195/195/195 185/185/185
f 185/185/185 195/195/195 196/196/196
f 185/185/185 196/196/196 186/186/186
f 186/186/186 196/196/196 197/197/197
f 186/186/186 197/197/197 187/187/187
f 187/187/187 197/197/197 198/198/198
f 187/187/187 198/198/198 188/188/188
f 188/188/188 198/198/198 199/199/199
f 188/188/188 199/199/199 189/189/189
f 189/189/189 199/199/199 200/200/200
f 189/189/189 200/200/200 190/190/190
f 191/191/191 201/201/201 202/202/202
f 191/191/191 202/202/202 192/192/192
f 192/192/192 202/202/202 203/203/203
f 192/192/192 203/203/203 193/193/193
f 193/193/193 203/203/203 204/204/204
f 193/193/193 204/204/204 194/194/194
f 194/194/194 204/204/204 205/205/205
f 194/194/194 205/205/205 195/195/195
f 195/195/195 205/205/205 206/206/206
f 195/195/195 206/206/206 196/196/196
f 196/196/196 206/206/206 207/207/207
f 196/196/196 207/207/207 197/197/197
f 197/197/197 207/207/207 208/208/208
f 197/197/197 208/208/208 198/198/198
f 198/198/198 208/208/208 209/209/209
f 198/198/198 209/209/209 199/199/199
f 199/199/199 209/209/209 210/210/210
f 199/199/199 210/210/210 200/200/200
f 201/201/201 211/211/211 212/212/212
f 201/201/201 212/212/212 202/202/202
f 202/202/202 212/212/212 213/213/213
f 202/202/202 213/213/213 203/203/203
f 203/203/203 213/213/213 214/214/214
f 203/203/203 214/214/214 204/204/204
f 204/204/204 214/214/214 215/215/215
f 204/204/204 215/215/215 205/205/205
f 205/205/205 215/215/215 216/216/216
f 205/205/205 216/216/216 206/206/206
f 206/206/206 216/216/216 217/217/217
f 206/206/206 217/217/217 207/207/207
f 207/207/207 217/217/217 218/218/218
f 207/207/207 218/218/218 208/208/208
f 208/208/208 218/218/218 219/219/219
f 208/208/208 219/219/219 209/209/209
f 209/209/209 219/219/219 220/220/220
f 209/209/209 220/220/220 210/210/210
f 211/211/211 221/221/221 222/222/222
f 211/211/211 222/222/222 212/212/212
f 212/212/212 222/222/222 223/223/223
f 212/212/212 223/223/223 213/213/213
f 213/213/213 223/223/223 224/224/224
f 213/213/213 224/224/224 214/214/214
f 214/214/214 224/224/224 225/225/225
f 214/214/214 225/225/225 215/215/215
f 215/215/215 225/225/225 226/226/226
f 215/215/215 226/226/226 216/216/216
f 216/216/216 226/226/226 227/227/227
f 216/216/216 227/227/227 217/217/217
f 217/217/217 227/227/227 228/228/228
f 217/217/217 228/228/228 218/218/218
f 218/218/218 228/228/228 229/229/229
f 218/218/218 229/229/229 219/219/219
f 219/219/219 229/229/229 230/230/230
f 219/219/219 230/230/230 220/220/220
f 221/221/221 231/231/231 232/232/232
f 221/221/221 232/232/232 222/222/222
f 222/222/222 232/232/232 233/233/233
f 222/222/222 233/233/233 223/223/223
f 223/223/223 233/233/233 234/234/234
f 223/223/223 234/234/234 224/224/224
f 224/224/224 234/234/234 235/235/235
f 224/224/224 235/235/235 225/225/225
f 225/225/225 235/235/235 236/236/236
f 225/225/225 236/236/236 226/226/226
f 226/226/226 236/236/236 237/237/237
f 226/226/226 237/237/237 227/227/227
f 227/227/227 237/237/237 238/238/238
f 227/227/227 238/238/238 228/228/228
f 228/228/228 238/238/238 239/239/239
f 228/228/228 239/239/239 229/229/229
f 229/229/229 239/239/239 240/240/240
f 229/229/229 240/240/240 230/230/230
f 231/231/231 241/241/241 242/242/242
f 231/231/231 242/242/242 232/232/232
f 232/232/232 242/242/242 243/243/243
f 232/232/232 243/243/243 233/233/233
f 233/233/233 243/243/243 244/244/244
f 233/233/233 244/244/244 234/234/234
f 234/234/234 244/244/244 245/245/245
f 234/234/234 245/245/245 235/235/235
f 235/235/235 245/245/245 246/246/246
f 235/235/235 246/246/246 236/236/236
f 236/236/236 246/246/246 247/247/247
f 236/236/236 247/247/247 237/237/237
f 237/237/237 247/247/247 248/248/248
f 237/237/237 248/248/248 238/238/238
f 238/238/238 248/248/248 249/249/249
f 238/238/238 249/249/249 239/239/239
f 239/239/239 249/249/249 250/250/250
f 239/239/239 250/250/250 240/240/240
f 241/241/241 251/251/251 252/252/252
f 241/241/241 252/252/252 242/242/242
f 242/242/242 252/252/252 253/253/253
f 242/242/242 253/253/253 243/243/243
f 243/243/243 253/253/253 254/254/254
f 243/243/243 254/254/254 244/244/244
f 244/244/244 254/254/254 255/255/255
f 244/244/244 255/255/255 245/245/245
f 245/245/245 255/255/255 256/256/256
f 245/245/245 256/256/256 246/246/246
f 246/246/246 256/256/256 257/257/257
f 246/246/246 257/257/257 247/247/247
f 247/247/247 257/257/257 258/258/258
f 247/247/247 258/258/258 248/248/248
f 248/248/248 258/258/258 259/259/259
f 248/248/248 259/259/259 249/249/249
f 249/249/249 259/259/259 260/260/260
f 249/249/249 260/260/260 250/250/250
f 251/251/251 261/261/261 262/262/262
f 251/251/251 262/262/262 252/252/252
f 252/252/252 262/262/262 263/263/263
f 252/252/252 263/263/263 253/253/253
f 253/253/253 263/263/263 264/264/264
f 253/253/253 264/264/264 254/254/254
f 254/254/254 264/264/264 265/265/265
f 254/254/254 265/265/265 255/255/255
f 255/255/255 265/265/265 266/266/266
f 255/255/255 266/266/266 256/256/256
f 256/256/256 266/266/266 267/267/267
f 256/256/256 267/267/267 257/257/257
f 257/257/257 267/267/267 268/268/268
f 257/257/257 268/268/268 258/258/258
f 258/258/258 268/268/268 269/269/269
f 258/258/258 269/269/269 259/259/259
f 259/259/259 269/269/269 270/270/270
f 259/259/259 270/270/270 260/260/260
f 261/261/261 271/271/271 272/272/272
f 261/261/261 272/272/272 262/262/262
f 262/262/262 272/272/272 273/273/273
f 262/262/262 273/273/273 263/263/263
f 263/263/263 273/273/273 274/274/274
f 263/263/263 274/274/274 264/264/264
f 264/264/264 274/274/274 275/275/275
f 264/264/264 275/275/275 265/265/265
f 265/265/265 275/275/275 276/276/276
f 265/265/265 276/276/276 266/266/266
f 266/266/266 276/276/276 277/277/277
f 266/266/266 277/277/277 267/267/267
f 267/267/267 277/277/277 278/278/278
f 267/267/267 278/278/278 268/268/268
f 268/268/268 278/278/278 279/279/279
f 268/268/268 279/279/279 269/269/269
f 269/269/269 279/279/279 280/280/280
f 269/269/269 280/280/280 270/270/270
f 271/271/271 281/281/281 282/282/282
f 271/271/271 282/282/282 272/272/272
f 272/272/272 282/282/282 283/283/283
f 272/272/272 283/283/283 273/273/273
f 273/273/273 283/283/283 284/284/284
f 273/273/273 284/284/284 274/274/274
f 274/274/274 284/284/284 285/285/285
f 274/274/274 285/285/285 275/275/275
f 275/275/275 285/285/285 286/286/286
f 275/275/275 286/286/286 276/276/276
f 276/276/276 286/286/286 287/287/287
f 276/276/276 287/287/287 277/277/277
f 277/277/277 287/287/287 288/288/288
f 277/277/277 288/288/288 278/278/278
f 278/278/278 288/288/288 289/289/289
f 278/278/278 289/289/289 279/279/279
f 279/279/279 289/289/289 290/290/290
f 279/279/279 290/290/290 280/280/280
f 281/281/281 291/291/291 292/292/292
f 281/281/281 292/292/292 282/282/282
f 282/282/282 292/292/292 293/293/293
f 282/282/282 293/293/293 283/283/283
f 283/283/283 293/293/293 294/294/294
f 283/283/283 294/294/294 284/284/284
f 284/284/284 294/294/294 295/295/295
f 284/284/284 295/295/295 285/285/285
f 285/285/285 295/295/295 296/296/296
f 285/285/285 296/296/296 286/286/286
f 286/286/286 296/296/296 297/297/297
f 286/286/286 297/297/297 287/287/287
f 287/287/287 297/297/297 298/298/298
f 287/287/287 298/298/298 288/288/288
f 288/288/288 298/298/298 299/299/299
f 288/288/288 299/299/299 289/289/289
f 289/289/289 299/299/299 300/300/300
f 289/289/289 300/300/300 290/290/290
f 291/291/291 301/301/301 302/302/302
f 291/291/291 302/302/302 292/292/292
f 292/292/292 302/302/302 303/303/303
f 292/292/292 303/303/303 293/293/293
f 293/293/293 303/303/303 304/304/304
f 293/293/293 304/304/304 294/294/294
f 294/294/294 304/304/304 305/305/305
f 294/294/294 305/305/305 295/295/295
f 295/295/295 305/305/305 306/306/306
f 295/295/295 306/306/306 296/296/296
f 296/296/296 306/306/306 307/307/307
f 296/296/296 307/307/307 297/297/297
f 297/297/297 307/307/307 308/308/308
f 297/297/297 308/308/308 298/298/298
f 298/298/298 308/308/308 309/309/309
f 298/298/298 309/309/309 299/299/299
f 299/299/299 309/309/309 310/310/310
f 299/299/299 310/310/310 300/300/300
f 301/301/301 311/311/311 312/312/312
f 301/301/301 312/312/312 302/302/302
f 302/302/302 312/312/312 313/313/313
f 302/302/302 313/313/313 303/303/303
f 303/303/303 313/313/313 314/314/314
f 303/303/303 314/314/314 304/304/304
f 304/304/304 314/314/314 315/315/315
f 304/304/304 315/315/315 305/305/305
f 305/305/305 315/315/315 316/316/316
f 305/305/305 316/316/316 306/306/306
f 306/306/306 316/316/316 317/317/317
f 306/306/306 317/317/317 307/307/307
f 307/307/307 317/317/317 318/318/318
f 307/307/307 318/318/318 308/308/308
f 308/308/308 318/318/318 319/319/319
f 308/308/308 319/319/319 309/309/309
f 309/309/309 319/319/319 320/320/320
f 309/309/309 320/320/320 310/310/310
f 311/311/311 321/321/321 322/322/322
f 311/311/311 322/322/322 312/312/312
f 312/312/312 322/322/322 323/323/323
f 312/312/312 323/323/323 313/313/313
f 313/313/313 323/323/323 324/324/324
f 313/313/313 324/324/324 314/314/314
f 314/314/314 324/324/324 325/325/325
f 314/314/314 325/325/325 315/315/315
f 315/315/315 325/325/325 326/326/326
f 315/315/315 326/326/326 316/316/316
f 316/316/316 326/326/326 327/327/327
f 316/316/316 327/327/327 317/317/317
f 317/317/317 327/327/327 328/328/328
f 317/317/317 328/328/328 318/318/318
f 318/318/318 328/328/328 329/329/329
f 318/318/318 329/329/329 319/319/319
f 319/319/319 329/329/329 330/330/330
f 319/319/319 330/330/330 320/320/320
f 321/321/321 331/331/331 332/332/332
f 321/321/321 332/332/332 322/322/322
f 322/322/322 332/332/332 333/333/333
f 322/322/322 333/333/333 323/323/323
f 323/323/323 333/333/333 334/334/334
f 323/323/323 334/334/334 324/324/324
f 324/324/324 334/334/334 335/335/335
f 324/324/324 335/335/335 325/325/325
f 325/325/325 335/335/335 336/336/336
f 325/325/325 336/336/336 326/326/326
f 326/326/326 336/336/336 337/337/337
f 326/326/326 337/337/337 327/327/327
f 327/327/327 337/337/337 338/338/338
f 327/327/327 338/338/338 328/328/328
f 328/328/328 338/338/338 339/339/339
f 328/328/328 339/339/339 329/329/329
f 329/329/329 339/339/339 340/340/340
f 329/329/329 340/340/340 330/330/330
f 331/331/331 341/341/341 342/342/342
f 331/331/331 342/342/342 332/332/332
f 332/332/332 342/342/342 343/343/343
f 332/332/332 343/343/343 333/333/333
f 333/333/333 343/343/343 344/344/344
f 333/333/333 344/344/344 334/334/334
f 334/334/334 344/344/344 345/345/345
f 334/334/334 345/345/345 335/335/335
f 335/335/335 345/345/345 346/346/346
f 335/335/335 346/346/346 336/336/336
f 336/336/336 346/346/346 347/347/347
f 336/336/336 347/347/347 337/337/337
f 337/337/337 347/347/347 348/348/348
f 337/337/337 348/348/348 338/338/338
f 338/338/338 348/348/348 349/349/349
f 338/338/338 349/349/349 339/339/339
f 339/339/339 349/349/349 350/350/350
f 339/339/339 350/350/350 340/340/340
f 341/341/341 351/351/351 352/352/352
f 341/341/341 352/352/352 342/342/342
f 342/342/342 352/352/352 353/353/353
f 342/342/342 353/353/353 343/343/343
f 343/343/343 353/353/353 354/354/354
f 343/343/343 354/354/354 344/344/344
f 344/344/344 354/354/354 355/355/355
f 344/344/344 355/355/355 345/345/345
f 345/345/345 355/355/355 356/356/356
f 345/345/345 356/356/356 346/346/346
f 346/346/346 356/356/356 357/357/357
f 346/346/346 357/357/357 347/347/347
f 347/347/347 357/357/357 358/358/358
f 347/347/347 358/358/358 348/348/348
f 348/348/348 358/358/358 359/359/359
f 348/348/348 359/359/359 349/349/349
f 349/349/349 359/359/359 360/360/360
f 349/349/349 360/360/360 350/350/350
f 351/351/351 361/361/361 362/362/362
f 351/351/351 362/362/362 352/352/352
f 352/352/352 362/362/362 363/363/363
f 352/352/352 363/363/363 353/353/353
f 353/353/353 363/363/363 364/364/364
f 353/353/353 364/364/364 354/354/354
f 354/354/354 364/364/364 365/365/365
f 354/354/354 365/365/365 355/355/355
f 355/355/355 365/365/365 366/366/366
f 355/355/355 366/366/366 356/356/356
f 356/356/356 366/366/366 367/367/367
f 356/356/356 367/367/367 357/357/357
f 357/357/357 367/367/367 368/368/368
f 357/357/357 368/368/368 358/358/358
f 358/358/358 368/368/368 369/369/369
f 358/358/358 369/369/369 359/359/359
f 359/359/359 369/369/369 370/370/370
f 359/359/359 370/370/370 360/360/360
f 361/361/361 371/371/371 372/372/372
f 361/361/361 372/372/372 362/362/362
f 362/362/362 372/372/372 373/373/373
f 362/362/362 373/373/373 363/363/363
f 363/363/363 373/373/373 374/374/374
f 363/363/363 374/374/374 364/364/364
f 364/364/364 374/374/374 375/375/375
f 364/364/364 375/375/375 365/365/365
f 365/365/365 375/375/375 376/376/376
f 365/365/365 376/376/376 366/366/366
f 366/366/366 376/376/376 377/377/377
f 366/366/366 377/377/377 367/367/367
f 367/367/367 377/377/377 378/378/378
f 367/367/367 378/378/378 368/368/368
f 368/368/368 378/378/378 379/379/379
f 368/368/368 379/379/379 369/369/369
f 369/369/369 379/379/379 380/380/380
f 369/369/369 380/380/380 370/370/370
f 371/371/371 381/381/381 382/382/382
f 371/371/371 382/382/382 372/372/372
f 372/372/372 382/382/382 383/383/383
f 372/372/372 383/383/383 373/373/373
f 373/373/373 383/383/383 384/384/384
f 373/373/373 384/384/384 374/374/374
f 374/374/374 384/384/384 385/385/385
f 374/374/374 385/385/385 375/375/375
f 375/375/375 385/385/385 386/386/386
f 375/375/375 386/386/386 376/376/376
f 376/376/376 386/386/386 387/387/387
f 376/376/376 387/387/387 377/377/377
f 377/377/377 387/387/387 388/388/388
f 377/377/377 388/388/388 378/378/378
f 378/378/378 388/388/388 389/389/389
f 378/378/378 389/389/389 379/379/379
f 379/379/379 389/389/389 390/390/390
f 379/379/379 390/390/390 380/380/380
f 381/381/381 391/391/391 392/392/392
f 381/381/381 392/392/392 382/382/382
f 382/382/382 392/392/392 393/393/393
f 382/382/382 393/393/393 383/383/383
f 383/383/383 393/393/393 394/394/394
f 383/383/383 394/394/394 384/384/384
f 384/384/384 394/394/394 395/395/395
f 384/384/384 395/395/395 385/385/385
f 385/385/385 395/395/395 396/396/396
f 385/385/385 396/396/396 386/386/386
f 386/386/386 396/396/396 397/397/397
f 386/386/386 397/397/397 387/387/387
f 387/387/387 397/397/397 398/398/398
f 387/387/387 398/398/398 388/388/388
f 388/388/388 398/398/398 399/399/399
f 388/388/388 399/399/399 389/389/389
f 389/389/389 399/399/399 400/400/400
f 389/389/389 400/400/400 390/390/390
f 391/391/391 401/401/401 402/402/402
f 391/391/391 402/402/402 392/392/392
f 392/392/392 402/402/402 403/403/403
f 392/392/392 403/403/403 393/393/393
f 393/393/393 403/403/403 404/404/404
f 393/393/393 404/404/404 394/394/394
f 394/394/394 404/404/404 405/405/405
f 394/394/394 405/405/405 395/395/395
f 395/395/395 405/405/405 406/406/406
f 395/395/395 406/406/406 396/396/396
f 396/396/396 406/406/406 407/407/407
f 396/396/396 407/407/407 397/397/397
f 397/397/397 407/407/407 408/408/408
f 397/397/397 408/408/408 398/398/398
f 398/398/398 408/408/408 409/409/409
f 398/398/398 409/409/409 399/399/399
f 399/399/399 409/409/409 410/410/410
f 399/399/399 410/410/410 400/400/400
f 401/401/401 411/411/411 412/412/412
f 401/401/401 412/412/412 402/402/402
f 402/402/402 412/412/412 413/413/413
f 402/402/402 413/413/413 403/403/403
f 403/403/403 413/413/413 414/414/414
f 403/403/403 414/414/414 404/404/404
f 404/404/404 414/414/414 415/415/415
f 404/404/404 415/415/415 405/405/405
f 405/405/405 415/415/415 416/416/416
f 405/405/405 416/416/416 406/406/406
f 406/406/406 416/416/416 417/417/417
f 406/406/406 417/417/417 407/407/407
f 407/407/407 417/417/417 418/418/418
f 407/407/407 418/418/418 408/408/408
f 408/408/408 418/418/418 419/419/419
f 408/408/408 419/419/419 409/409/409
f 409/409/409 419/419/419 420/420/420
f 409/409/409 420/420/420 410/410/410
f 411/411/411 421/421/421 422/422/422
f 411/411/411 422/422/422 412/412/412
f 412/412/412 422/422/422 423/423/423
f 412/412/412 423/423/423 413/413/413
f 413/413/413 423/423/423 424/424/424
f 413/413/413 424/424/424 414/414/414
f 414/414/414 424/424/424 425/425/425
f 414/414/414 425/425/425 415/415/415
f 415/415/415 425/425/425 426/426/426
f 415/415/415 426/426/426 416/416/416
f 416/416/416 426/426/426 427/427/427
f 416/416/416 427/427/427 417/417/417
f 417/417/417 427/427/427 428/428/428
f 417/417/417 428/428/428 418/418/418
f 418/418/418 428/428/428 429/429/429
f 418/418/418 429/429/429 419/419/419
f 419/419/419 429/429/429 430/430/430
f 419/419/419 430/430/430 420/420/420
f 421/421/421 431/431/431 432/432/432
f 421/421/421 432/432/432 422/422/422
f 422/422/422 432/432/432 433/433/433
f 422/422/422 433/433/433 423/423/423
f 423/423/423 433/433/433 434/434/434
f 423/423/423 434/434/434 424/424/424
f 424/424/424 434/434/434 435/435/435
f 424/424/424 435/435/435 425/425/425
f 425/425/425 435/435/435 436/436/436
f 425/425/425 436/436/436 426/426/426
f 426/426/426 436/436/436 437/437/437
f 426/426/426 437/437/437 427/427/427
f 427/427/427 437/437/437 438/438/438
f 427/427/427 438/438/438 428/428/428
f 428/428/428 438/438/438 439/439/439
f 428/428/428 439/439/439 429/429/429
f 429/429/429 439/439/439 440/440/440
f 429/429/429 440/440/440 430/430/430
f 431/431/431 441/441/441 442/442/442
f 431/431/431 442/442/442 432/432/432
f 432/432/432 442/442/442 443/443/443
f 432/432/432 443/443/443 433/433/433
f 433/433/433 443/443/443 444/444/444
f 433/433/433 444/444/444 434/434/434
f 434/434/434 444/444/444 445/445/445
f 434/434/434 445/445/445 435/435/435
f 435/435/435 445/445/445 446/446/446
f 435/435/435 446/446/446 436/436/436
f 436/436/436 446/446/446 447/447/447
f 436/436/436 447/447/447 437/437/437
f 437/437/437 447/447/447 448/448/448
f 437/437/437 448/448/448 438/438/438
f 438/438/438 448/448/448 449/449/449
f 438/438/438 449/449/449 439/439/439
f 439/439/439 449/449/449 450/450/450
f 439/439/439 450/450/450 440/440/440
f 441/441/441 451/451/451 452/452/452
f 441/441/441 452/452/452 442/442/442
f 442/442/442 452/452/452 453/453/453
f 442/442/442 453/453/453 443/443/443
f 443/443/443 453/453/453 454/454/454
f 443/443/443 454/454/454 444/444/444
f 444/444/444 454/454/454 455/455/455
f 444/444/444 455/455/455 445/445/445
f 445/445/445 455/455/455 456/456/456
f 445/445/445 456/456/456 446/446/446
f 446/446/446 456/456/456 457/457/457
f 446/446/446 457/457/457 447/447/447
f 447/447/447 457/457/457 458/458/458
f 447/447/447 458/458/458 448/448/448
f 448/448/448 458/458/458 459/459/459
f 448/448/448 459/459/459 449/449/449
f 449/449/449 459/459/459 460/460/460
f 449/449/449 460/460/460 450/450/450
f 451/451/451 461/461/461 462/462/462
f 451/451/451 462/462/462 452/452/452
f 452/452/452 462/462/462 463/463/463
f 452/452/452 463/463/463 453/453/453
f 453/453/453 463/463/463 464/464/464
f 453/453/453 464/464/464 454/454/454
f 454/454/454 464/464/464 465/465/465
f 454/454/454 465/465/465 455/455/455
f 455/455/455 465/465/465 466/466/466
f 455/455/455 466/466/466 456/456/456
f 456/456/456 466/466/466 467/467/467
f 456/456/456 467/467/467 457/457/457
f 457/457/457 467/467/467 468/468/468
f 457/457/457 468/468/468 458/458/458
f 458/458/458 468/468/468 469/469/469
f 458/458/458 469/469/469 459/459/459
f 459/459/459 469/469/469 470/470/470
f 459/459/459 470/470/470 460/460/460
f 461/461/461 471/471/471 472/472/472
f 461/461/461 472/472/472 462/462/462
f 462/462/462 472/472/472 473/473/473
f 462/462/462 473/473/473 463/463/463
f 463/463/463 473/473/473 474/474/474
f 463/463/463 474/474/474 464/464/464
f 464/464/464 474/474/474 475/475/475
f 464/464/464 475/475/475 465/465/465
f 465/465/465 475/475/475 476/476/476
f 465/465/465 476/476/476 466/466/466
f 466/466/466 476/476/476 477/477/477
f 466/466/466 477/477/477 467/467/467
f 467/467/467 477/477/477 478/478/478
f 467/467/467 478/478/478 468/468/468
f 468/468/468 478/478/478 479/479/479
f 468/468/468 479/479/479 469/469/469
f 469/469/469 479/479/479 480/480/480
f 469/469/469 480/480/480 470/470/470
f 471/471/471 481/481/481 482/482/482
f 471/471/471 482/482/482 472/472/472
f 472/472/472 482/482/482 483/483/483
f 472/472/472 483/483/483 473/473/473
f 473/473/473 483/483/483 484/484/484
f 473/473/473 484/484/484 474/474/474
f 474/474/474 484/484/484 485/485/485
f 474/474/474 485/485/485 475/475/475
f 475/475/475 485/485/485 486/486/486
f 475/475/475 486/486/486 476/476/476
f 476/476/476 486/486/486 487/487/487
f 476/476/476 487/487/487 477/477/477
f 477/477/477 487/487/487 488/488/488
f 477/477/477 488/488/488 478/478/478
f 478/478/478 488/488/488 489/489/489
f 478/478/478 489/489/489 479/479/479
f 479/479/479 489/489/489 490/490/490
f 479/479/479 490/490/490 480/480/480
usemtl RoyalGold
s 1
f 491/491/491 499/499/499 500/500/500
f 491/491/491 500/500/500 492/492/492
f 492/492/492 500/500/500 501/501/501
f 492/492/492 501/501/501 493/493/493
f 493/493/493 501/501/501 502/502/502
f 493/493/493 502/502/502 494/494/494
f 494/494/494 502/502/502 503/503/503
f 494/494/494 503/503/503 495/495/495
f 495/495/495 503/503/503 504/504/504
f 495/495/495 504/504/504 496/496/496
f 496/496/496 504/504/504 505/505/505
f 496/496/496 505/505/505 497/497/497
f 497/497/497 505/505/505 506/506/506
f 497/497/497 506/506/506 498/498/498
f 499/499/499 507/507/507 508/508/508
f 499/499/499 508/508/508 500/500/500
f 500/500/500 508/508/508 509/509/509
f 500/500/500 509/509/509 501/501/501
f 501/501/501 509/509/509 510/510/510
f 501/501/501 510/510/510 502/502/502
f 502/502/502 510/510/510 511/511/511
f 502/502/502 511/511/511 503/503/503
f 503/503/503 511/511/511 512/512/512
f 503/503/503 512/512/512 504/504/504
f 504/504/504 512/512/512 513/513/513
f 504/504/504 513/513/513 505/505/505
f 505/505/505 513/513/513 514/514/514
f 505/505/505 514/514/514 506/506/506
f 507/507/507 515/515/515 516/516/516
f 507/507/507 516/516/516 508/508/508
f 508/508/508 516/516/516 517/517/517
f 508/508/508 517/517/517 509/509/509
f 509/509/509 517/517/517 518/518/518
f 509/509/509 518/518/518 510/510/510
f 510/510/510 518/518/518 519/519/519
f 510/510/510 519/519/519 511/511/511
f 511/511/511 519/519/519 520/520/520
f 511/511/511 520/520/520 512/512/512
f 512/512/512 520/520/520 521/521/521
f 512/512/512 521/521/521 513/513/513
f 513/513/513 521/521/521 522/522/522
f 513/513/513 522/522/522 514/514/514
f 515/515/515 523/523/523 524/524/524
f 515/515/515 524/524/524 516/516/516
f 516/516/516 524/524/524 525/525/525
f 516/516/516 525/525/525 517/517/517
f 517/517/517 525/525/525 526/526/526
f 517/517/517 526/526/526 518/518/518
f 518/518/518 526/526/526 527/527/527
f 518/518/518 527/527/527 519/519/519
f 519/519/519 527/527/527 528/528/528
f 519/519/519 528/528/528 520/520/520
f 520/520/520 528/528/528 529/529/529
f 520/520/520 529/529/529 521/521/521
f 521/521/521 529/529/529 530/530/530
f 521/521/521 530/530/530 522/522/522
f 523/523/523 531/531/531 532/532/532
f 523/523/523 532/532/532 524/524/524
f 524/524/524 532/532/532 533/533/533
f 524/524/524 533/533/533 525/525/525
f 525/525/525 533/533/533 534/534/534
f 525/525/525 534/534/534 526/526/526
f 526/526/526 534/534/534 535/535/535
f 526/526/526 535/535/535 527/527/527
f 527/527/527 535/535/535 536/536/536
f 527/527/527 536/536/536 528/528/528
f 528/528/528 536/536/536 537/537/537
f 528/528/528 537/537/537 529/529/529
f 529/529/529 537/537/537 538/538/538
f 529/529/529 538/538/538 530/530/530
f 531/531/531 539/539/539 540/540/540
f 531/531/531 540/540/540 532/532/532
f 532/532/532 540/540/540 541/541/541
f 532/532/532 541/541/541 533/533/533
f 533/533/533 541/541/541 542/542/542
f 533/533/533 542/542/542 534/534/534
f 534/534/534 542/542/542 543/543/543
f 534/534/534 543/543/543 535/535/535
f 535/535/535 543/543/543 544/544/544
f 535/535/535 544/544/544 536/536/536
f 536/536/536 544/544/544 545/545/545
f 536/536/536 545/545/545 537/537/537
f 537/537/537 545/545/545 546/546/546
f 537/537/537 546/546/546 538/538/538
f 539/539/539 547/547/547 548/548/548
f 539/539/539 548/548/548 540/540/540
f 540/540/540 548/548/548 549/549/549
f 540/540/540 549/549/549 541/541/541
f 541/541/541 549/549/549 550/550/550
f 541/541/541 550/550/550 542/542/542
f 542/542/542 550/550/550 551/551/551
f 542/542/542 551/551/551 543/543/543
f 543/543/543 551/551/551 552/552/552
f 543/543/543 552/552/552 544/544/544
f 544/544/544 552/552/552 553/553/553
f 544/544/544 553/553/553 545/545/545
f 545/545/545 553/553/553 554/554/554
f 545/545/545 554/554/554 546/546/546
f 547/547/547 555/555/555 556/556/556
f 547/547/547 556/556/556 548/548/548
f 548/548/548 556/556/556 557/557/557
f 548/548/548 557/557/557 549/549/549
f 549/549/549 557/557/557 558/558/558
f 549/549/549 558/558/558 550/550/550
f 550/550/550 558/558/558 559/559/559
f 550/550/550 559/559/559 551/551/551
f 551/551/551 559/559/559 560/560/560
f 551/551/551 560/560/560 552/552/552
f 552/552/552 560/560/560 561/561/561
f 552/552/552 561/561/561 553/553/553
f 553/553/553 561/561/561 562/562/562
f 553/553/553 562/562/562 554/554/554
f 555/555/555 563/563/563 564/564/564
f 555/555/555 564/564/564 556/556/556
f 556/556/556 564/564/564 565/565/565
f 556/556/556 565/565/565 557/557/557
f 557/557/557 565/565/565 566/566/566
f 557/557/557 566/566/566 558/558/558
f 558/558/558 566/566/566 567/567/567
f 558/558/558 567/567/567 559/559/559
f 559/559/559 567/567/567 568/568/568
f 559/559/559 568/568/568 560/560/560
f 560/560/560 568/568/568 569/569/569
f 560/560/560 569/569/569 561/561/561
f 561/561/561 569/569/569 570/570/570
f 561/561/561 570/570/570 562/562/562
f 563/563/563 571/571/571 572/572/572
f 563/563/563 572/572/572 564/564/564
f 564/564/564 572/572/572 573/573/573
f 564/564/564 573/573/573 565/565/565
f 565/565/565 573/573/573 574/574/574
f 565/565/565 574/574/574 566/566/566
f 566/566/566 574/574/574 575/575/575
f 566/566/566 575/575/575 567/567/567
f 567/567/567 575/575/575 576/576/576
f 567/567/567 576/576/576 568/568/568
f 568/568/568 576/576/576 577/577/577
f 568/568/568 577/577/577 569/569/569
f 569/569/569 577/577/577 578/578/578
f 569/569/569 578/578/578 570/570/570
f 571/571/571 579/579/579 580/580/580
f 571/571/571 580/580/580 572/572/572
f 572/572/572 580/580/580 581/581/581
f 572/572/572 581/581/581 573/573/573
f 573/573/573 581/581/581 582/582/582
f 573/573/573 582/582/582 574/574/574
f 574/574/574 582/582/582 583/583/583
f 574/574/574 583/583/583 575/575/575
f 575/575/575 583/583/583 584/584/584
f 575/575/575 584/584/584 576/576/576
f 576/576/576 584/584/584 585/585/585
f 576/576/576 585/585/585 577/577/577
f 577/577/577 585/585/585 586/586/586
f 577/577/577 586/586/586 578/578/578
f 579/579/579 587/587/587 588/588/588
f 579/579/579 588/588/588 580/580/580
f 580/580/580 588/588/588 589/589/589
f 580/580/580 589/589/589 581/581/581
f 581/581/581 589/589/589 590/590/590
f 581/581/581 590/590/590 582/582/582
f 582/582/582 590/590/590 591/591/591
f 582/582/582 591/591/591 583/583/583
f 583/583/583 591/591/591 592/592/592
f 583/583/583 592/592/592 584/584/584
f 584/584/584 592/592/592 593/593/593
f 584/584/584 593/593/593 585/585/585
f 585/585/585 593/593/593 594/594/594
f 585/585/585 594/594/594 586/586/586
f 587/587/587 595/595/595 596/596/596
f 587/587/587 596/596/596 588/588/588
f 588/588/588 596/596/596 597/597/597
f 588/588/588 597/597/597 589/589/589
f 589/589/589 597/597/597 598/598/598
f 589/589/589 598/598/598 590/590/590
f 590/590/590 598/598/598 599/599/599
f 590/590/590 599/599/599 591/591/591
f 591/591/591 599/599/599 600/600/600
f 591/591/591 600/600/600 592/592/592
f 592/592/592 600/600/600 601/601/601
f 592/592/592 601/601/601 593/593/593
f 593/593/593 601/601/601 602/602/602
f 593/593/593 602/602/602 594/594/594
f 595/595/595 603/603/603 604/604/604
f 595/595/595 604/604/604 596/596/596
f 596/596/596 604/604/604 605/605/605
f 596/596/596 605/605/605 597/597/597
f 597/597/597 605/605/605 606/606/606
f 597/597/597 606/606/606 598/598/598
f 598/598/598 606/606/606 607/607/607
f 598/598/598 607/607/607 599/599/599
f 599/599/599 607/607/607 608/608/608
f 599/599/599 608/608/608 600/600/600
f 600/600/600 608/608/608 609/609/609
f 600/600/600 609/609/609 601/601/601
f 601/601/601 609/609/609 610/610/610
f 601/601/601 610/610/610 602/602/602
f 603/603/603 611/611/611 612/612/612
f 603/603/603 612/612/612 604/604/604
f 604/604/604 612/612/612 613/613/613
f 604/604/604 613/613/613 605/605/605
f 605/605/605 613/613/613 614/614/614
f 605/605/605 614/614/614 606/606/606
f 606/606/606 614/614/614 615/615/615
f 606/606/606 615/615/615 607/607/607
f 607/607/607 615/615/615 616/616/616
f 607/607/607 616/616/616 608/608/608
f 608/608/608 616/616/616 617/617/617
f 608/608/608 617/617/617 609/609/609
f 609/609/609 617/617/617 618/618/618
f 609/609/609 618/618/618 610/610/610
f 611/611/611 619/619/619 620/620/620
f 611/611/611 620/620/620 612/612/612
f 612/612/612 620/620/620 621/621/621
f 612/612/612 621/621/621 613/613/613
f 613/613/613 621/621/621 622/622/622
f 613/613/613 622/622/622 614/614/614
f 614/614/614 622/622/622 623/623/623
f 614/614/614 623/623/623 615/615/615
f 615/615/615 623/623/623 624/624/624
f 615/615/615 624/624/624 616/616/616
f 616/616/616 624/624/624 625/625/625
f 616/616/616 625/625/625 617/617/617
f 617/617/617 625/625/625 626/626/626
f 617/617/617 626/626/626 618/618/618
f 619/619/619 627/627/627 628/628/628
f 619/619/619 628/628/628 620/620/620
f 620/620/620 628/628/628 629/629/629
f 620/620/620 629/629/629 621/621/621
f 621/621/621 629/629/629 630/630/630
f 621/621/621 630/630/630 622/622/622
f 622/622/622 630/630/630 631/631/631
f 622/622/622 631/631/631 623/623/623
f 623/623/623 631/631/631 632/632/632
f 623/623/623 632/632/632 624/624/624
f 624/624/624 632/632/632 633/633/633
f 624/624/624 633/633/633 625/625/625
f 625/625/625 633/633/633 634/634/634
f 625/625/625 634/634/634 626/626/626
f 627/627/627 635/635/635 636/636/636
f 627/627/627 636/636/636 628/628/628
f 628/628/628 636/636/636 637/637/637
f 628/628/628 637/637/637 629/629/629
f 629/629/629 637/637/637 638/638/638
f 629/629/629 638/638/638 630/630/630
f 630/630/630 638/638/638 639/639/639
f 630/630/630 639/639/639 631/631/631
f 631/631/631 639/639/639 640/640/640
f 631/631/631 640/640/640 632/632/632
f 632/632/632 640/640/640 641/641/641
f 632/632/632 641/641/641 633/633/633
f 633/633/633 641/641/641 642/642/642
f 633/633/633 642/642/642 634/634/634
f 635/635/635 643/643/643 644/644/644
f 635/635/635 644/644/644 636/636/636
f 636/636/636 644/644/644 645/645/645
f 636/636/636 645/645/645 637/637/637
f 637/637/637 645/645/645 646/646/646
f 637/637/637 646/646/646 638/638/638
f 638/638/638 646/646/646 647/647/647
f 638/638/638 647/647/647 639/639/639
f 639/639/639 647/647/647 648/648/648
f 639/639/639 648/648/648 640/640/640
f 640/640/640 648/648/648 649/649/649
f 640/640/640 649/649/649 641/641/641
f 641/641/641 649/649/649 650/650/650
f 641/641/641 650/650/650 642/642/642
f 643/643/643 651/651/651 652/652/652
f 643/643/643 652/652/652 644/644/644
f 644/644/644 652/652/652 653/653/653
f 644/644/644 653/653/653 645/645/645
f 645/645/645 653/653/653 654/654/654
f 645/645/645 654/654/654 646/646/646
f 646/646/646 654/654/654 655/655/655
f 646/646/646 655/655/655 647/647/647
f 647/647/647 655/655/655 656/656/656
f 647/647/647 656/656/656 648/648/648
f 648/648/648 656/656/656 657/657/657
f 648/648/648 657/657/657 649/649/649
f 649/649/649 657/657/657 658/658/658
f 649/649/649 658/658/658 650/650/650
f 651/651/651 659/659/659 660/660/660
f 651/651/651 660/660/660 652/652/652
f 652/652/652 660/660/660 661/661/661
f 652/652/652 661/661/661 653/653/653
f 653/653/653 661/661/661 662/662/662
f 653/653/653 662/662/662 654/654/654
f 654/654/654 662/662/662 663/663/663
f 654/654/654 663/663/663 655/655/655
f 655/655/655 663/663/663 664/664/664
f 655/655/655 664/664/664 656/656/656
f 656/656/656 664/664/664 665/665/665
f 656/656/656 665/665/665 657/657/657
f 657/657/657 665/665/665 666/666/666
f 657/657/657 666/666/666 658/658/658
f 659/659/659 667/667/667 668/668/668
f 659/659/659 668/668/668 660/660/660
f 660/660/660 668/668/668 669/669/669
f 660/660/660 669/669/669 661/661/661
f 661/661/661 669/669/669 670/670/670
f 661/661/661 670/670/670 662/662/662
f 662/662/662 670/670/670 671/671/671
f 662/662/662 671/671/671 663/663/663
f 663/663/663 671/671/671 672/672/672
f 663/663/663 672/672/672 664/664/664
f 664/664/664 672/672/672 673/673/673
f 664/664/664 673/673/673 665/665/665
f 665/665/665 673/673/673 674/674/674
f 665/665/665 674/674/674 666/666/666
f 667/667/667 675/675/675 676/676/676
f 667/667/667 676/676/676 668/668/668
f 668/668/668 676/676/676 677/677/677
f 668/668/668 677/677/677 669/669/669
f 669/669/669 677/677/677 678/678/678
f 669/669/669 678/678/678 670/670/670
f 670/670/670 678/678/678 679/679/679
f 670/670/670 679/679/679 671/671/671
f 671/671/671 679/679/679 680/680/680
f 671/671/671 680/680/680 672/672/672
f 672/672/672 680/680/680 681/681/681
f 672/672/672 681/681/681 673/673/673
f 673/673/673 681/681/681 682/682/682
f 673/673/673 682/682/682 674/674/674
f 675/675/675 683/683/683 684/684/684
f 675/675/675 684/684/684 676/676/676
f 676/676/676 684/684/684 685/685/685
f 676/676/676 685/685/685 677/677/677
f 677/677/677 685/685/685 686/686/686
f 677/677/677 686/686/686 678/678/678
f 678/678/678 686/686/686 687/687/687
f 678/678/678 687/687/687 679/679/679
f 679/679/679 687/687/687 688/688/688
f 679/679/679 688/688/688 680/680/680
f 680/680/680 688/688/688 689/689/689
f 680/680/680 689/689/689 681/681/681
f 681/681/681 689/689/689 690/690/690
f 681/681/681 690/690/690 682/682/682
f 683/683/683 691/691/691 692/692/692
f 683/683/683 692/692/692 684/684/684
f 684/684/684 692/692/692 693/693/693
f 684/684/684 693/693/693 685/685/685
f 685/685/685 693/693/693 694/694/694
f 685/685/685 694/694/694 686/686/686
f 686/686/686 694/694/694 695/695/695
f 686/686/686 695/695/695 687/687/687
f 687/687/687 695/695/695 696/696/696
f 687/687/687 696/696/696 688/688/688
f 688/688/688 696/696/696 697/697/697
f 688/688/688 697/697/697 689/689/689
f 689/689/689 697/697/697 698/698/698
f 689/689/689 698/698/698 690/690/690
f 691/691/691 699/699/699 700/700/700
f 691/691/691 700/700/700 692/692/692
f 692/692/692 700/700/700 701/701/701
f 692/692/692 701/701/701 693/693/693
f 693/693/693 701/701/701 702/702/702
f 693/693/693 702/702/702 694/694/694
f 694/694/694 702/702/702 703/703/703
f 694/694/694 703/703/703 695/695/695
f 695/695/695 703/703/703 704/704/704
f 695/695/695 704/704/704 696/696/696
f 696/696/696 704/704/704 705/705/705
f 696/696/696 705/705/705 697/697/697
f 697/697/697 705/705/705 706/706/706
f 697/697/697 706/706/706 698/698/698
f 699/699/699 707/707/707 708/708/708
f 699/699/699 708/708/708 700/700/700
f 700/700/700 708/708/708 709/709/709
f 700/700/700 709/709/709 701/701/701
f 701/701/701 709/709/709 710/710/710
f 701/701/701 710/710/710 702/702/702
f 702/702/702 710/710/710 711/711/711
f 702/702/702 711/711/711 703/703/703
f 703/703/703 711/711/711 712/712/712
f 703/703/703 712/712/712 704/704/704
f 704/704/704 712/712/712 713/713/713
f 704/704/704 713/713/713 705/705/705
f 705/705/705 713/713/713 714/714/714
f 705/705/705 714/714/714 706/706/706
f 707/707/707 715/715/715 716/716/716
f 707/707/707 716/716/716 708/708/708
f 708/708/708 716/716/716 717/717/717
f 708/708/708 717/717/717 709/709/709
f 709/709/709 717/717/717 718/718/718
f 709/709/709 718/718/718 710/710/710
f 710/710/710 718/718/718 719/719/719
f 710/710/710 719/719/719 711/711/711
f 711/711/711 719/719/719 720/720/720
f 711/711/711 720/720/720 712/712/712
f 712/712/712 720/720/720 721/721/721
f 712/712/712 721/721/721 713/713/713
f 713/713/713 721/721/721 722/722/722
f 713/713/713 722/722/722 714/714/714
f 715/715/715 723/723/723 724/724/724
f 715/715/715 724/724/724 716/716/716
f 716/716/716 724/724/724 725/725/725
f 716/716/716 725/725/725 717/717/717
f 717/717/717 725/725/725 726/726/726
f 717/717/717 726/726/726 718/718/718
f 718/718/718 726/726/726 727/727/727
f 718/718/718 727/727/727 719/719/719
f 719/719/719 727/727/727 728/728/728
f 719/719/719 728/728/728 720/720/720
f 720/720/720 728/728/728 729/729/729
f 720/720/720 729/729/729 721/721/721
f 721/721/721 729/729/729 730/730/730
f 721/721/721 730/730/730 722/722/722
f 723/723/723 731/731/731 732/732/732
f 723/723/723 732/732/732 724/724/724
f 724/724/724 732/732/732 733/733/733
f 724/724/724 733/733/733 725/725/725
f 725/725/725 733/733/733 734/734/734
f 725/725/725 734/734/734 726/726/726
f 726/726/726 734/734/734 735/735/735
f 726/726/726 735/735/735 727/727/727
f 727/727/727 735/735/735 736/736/736
f 727/727/727 736/736/736 728/728/728
f 728/728/728 736/736/736 737/737/737
f 728/728/728 737/737/737 729/729/729
f 729/729/729 737/737/737 738/738/738
f 729/729/729 738/738/738 730/730/730
f 731/731/731 739/739/739 740/740/740
f 731/731/731 740/740/740 732/732/732
f 732/732/732 740/740/740 741/741/741
f 732/732/732 741/741/741 733/733/733
f 733/733/733 741/741/741 742/742/742
f 733/733/733 742/742/742 734/734/734
f 734/734/734 742/742/742 743/743/743
f 734/734/734 743/743/743 735/735/735
f 735/735/735 743/743/743 744/744/744
f 735/735/735 744/744/744 736/736/736
f 736/736/736 744/744/744 745/745/745
f 736/736/736 745/745/745 737/737/737
f 737/737/737 745/745/745 746/746/746
f 737/737/737 746/746/746 738/738/738
f 739/739/739 747/747/747 748/748/748
f 739/739/739 748/748/748 740/740/740
f 740/740/740 748/748/748 749/749/749
f 740/740/740 749/749/749 741/741/741
f 741/741/741 749/749/749 750/750/750
f 741/741/741 750/750/750 742/742/742
f 742/742/742 750/750/750 751/751/751
f 742/742/742 751/751/751 743/743/743
f 743/743/743 751/751/751 752/752/752
f 743/743/743 752/752/752 744/744/744
f 744/744/744 752/752/752 753/753/753
f 744/744/744 753/753/753 745/745/745
f 745/745/745 753/753/753 754/754/754
f 745/745/745 754/754/754 746/746/746
f 747/747/747 755/755/755 756/756/756
f 747/747/747 756/756/756 748/748/748
f 748/748/748 756/756/756 757/757/757
f 748/748/748 757/757/757 749/749/749
f 749/749/749 757/757/757 758/758/758
f 749/749/749 758/758/758 750/750/750
f 750/750/750 758/758/758 759/759/759
f 750/750/750 759/759/759 751/751/751
f 751/751/751 759/759/759 760/760/760
f 751/751/751 760/760/760 752/752/752
f 752/752/752 760/760/760 761/761/761
f 752/752/752 761/761/761 753/753/753
f 753/753/753 761/761/761 762/762/762
f 753/753/753 762/762/762 754/754/754
f 755/755/755 763/763/763 764/764/764
f 755/755/755 764/764/764 756/756/756
f 756/756/756 764/764/764 765/765/765
f 756/756/756 765/765/765 757/757/757
f 757/757/757 765/765/765 766/766/766
f 757/757/757 766/766/766 758/758/758
f 758/758/758 766/766/766 767/767/767
f 758/758/758 767/767/767 759/759/759
f 759/759/759 767/767/767 768/768/768
f 759/759/759 768/768/768 760/760/760
f 760/760/760 768/768/768 769/769/769
f 760/760/760 769/769/769 761/761/761
f 761/761/761 769/769/769 770/770/770
f 761/761/761 770/770/770 762/762/762
f 763/763/763 771/771/771 772/772/772
f 763/763/763 772/772/772 764/764/764
f 764/764/764 772/772/772 773/773/773
f 764/764/764 773/773/773 765/765/765
f 765/765/765 773/773/773 774/774/774
f 765/765/765 774/774/774 766/766/766
f 766/766/766 774/774/774 775/775/775
f 766/766/766 775/775/775 767/767/767
f 767/767/767 775/775/775 776/776/776
f 767/767/767 776/776/776 768/768/768
f 768/768/768 776/776/776 777/777/777
f 768/768/768 777/777/777 769/769/769
f 769/769/769 777/777/777 778/778/778
f 769/769/769 778/778/778 770/770/770
f 771/771/771 779/779/779 780/780/780
f 771/771/771 780/780/780 772/772/772
f 772/772/772 780/780/780 781/781/781
f 772/772/772 781/781/781 773/773/773
f 773/773/773 781/781/781 782/782/782
f 773/773/773 782/782/782 774/774/774
f 774/774/774 782/782/782 783/783/783
f 774/774/774 783/783/783 775/775/775
f 775/775/775 783/783/783 784/784/784
f 775/775/775 784/784/784 776/776/776
f 776/776/776 784/784/784 785/785/785
f 776/776/776 785/785/785 777/777/777
f 777/777/777 785/785/785 786/786/786
f 777/777/777 786/786/786 778/778/778
f 779/779/779 787/787/787 788/788/788
f 779/779/779 788/788/788 780/780/780
f 780/780/780 788/788/788 789/789/789
f 780/780/780 789/789/789 781/781/781
f 781/781/781 789/789/789 790/790/790
f 781/781/781 790/790/790 782/782/782
f 782/782/782 790/790/790 791/791/791
f 782/782/782 791/791/791 783/783/783
f 783/783/783 791/791/791 792/792/792
f 783/783/783 792/792/792 784/784/784
f 784/784/784 792/792/792 793/793/793
f 784/784/784 793/793/793 785/785/785
f 785/785/785 793/793/793 794/794/794
f 785/785/785 794/794/794 786/786/786
f 787/787/787 795/795/795 796/796/796
f 787/787/787 796/796/796 788/788/788
f 788/788/788 796/796/796 797/797/797
f 788/788/788 797/797/797 789/789/789
f 789/789/789 797/797/797 798/798/798
f 789/789/789 798/798/798 790/790/790
f 790/790/790 798/798/798 799/799/799
f 790/790/790 799/799/799 791/791/791
f 791/791/791 799/799/799 800/800/800
f 791/791/791 800/800/800 792/792/792
f 792/792/792 800/800/800 801/801/801
f 792/792/792 801/801/801 793/793/793
f 793/793/793 801/801/801 802/802/802
f 793/793/793 802/802/802 794/794/794
f 795/795/795 803/803/803 804/804/804
f 795/795/795 804/804/804 796/796/796
f 796/796/796 804/804/804 805/805/805
f 796/796/796 805/805/805 797/797/797
f 797/797/797 805/805/805 806/806/806
f 797/797/797 806/806/806 798/798/798
f 798/798/798 806/806/806 807/807/807
f 798/798/798 807/807/807 799/799/799
f 799/799/799 807/807/807 808/808/808
f 799/799/799 808/808/808 800/800/800
f 800/800/800 808/808/808 809/809/809
f 800/800/800 809/809/809 801/801/801
f 801/801/801 809/809/809 810/810/810
f 801/801/801 810/810/810 802/802/802
f 803/803/803 811/811/811 812/812/812
f 803/803/803 812/812/812 804/804/804
f 804/804/804 812/812/812 813/813/813
f 804/804/804 813/813/813 805/805/805
f 805/805/805 813/813/813 814/814/814
f 805/805/805 814/814/814 806/806/806
f 806/806/806 814/814/814 815/815/815
f 806/806/806 815/815/815 807/807/807
f 807/807/807 815/815/815 816/816/816
f 807/807/807 816/816/816 808/808/808
f 808/808/808 816/816/816 817/817/817
f 808/808/808 817/817/817 809/809/809
f 809/809/809 817/817/817 818/818/818
f 809/809/809 818/818/818 810/810/810
f 811/811/811 819/819/819 820/820/820
f 811/811/811 820/820/820 812/812/812
f 812/812/812 820/820/820 821/821/821
f 812/812/812 821/821/821 813/813/813
f 813/813/813 821/821/821 822/822/822
f 813/813/813 822/822/822 814/814/814
f 814/814/814 822/822/822 823/823/823
f 814/814/814 823/823/823 815/815/815
f 815/815/815 823/823/823 824/824/824
f 815/815/815 824/824/824 816/816/816
f 816/816/816 824/824/824 825/825/825
f 816/816/816 825/825/825 817/817/817
f 817/817/817 825/825/825 826/826/826
f 817/817/817 826/826/826 818/818/818
f 819/819/819 827/827/827 828/828/828
f 819/819/819 828/828/828 820/820/820
f 820/820/820 828/828/828 829/829/829
f 820/820/820 829/829/829 821/821/821
f 821/821/821 829/829/829 830/830/830
f 821/821/821 830/830/830 822/822/822
f 822/822/822 830/830/830 831/831/831
f 822/822/822 831/831/831 823/823/823
f 823/823/823 831/831/831 832/832/832
f 823/823/823 832/832/832 824/824/824
f 824/824/824 832/832/832 833/833/833
f 824/824/824 833/833/833 825/825/825
f 825/825/825 833/833/833 834/834/834
f 825/825/825 834/834/834 826/826/826
f 827/827/827 835/835/835 836/836/836
f 827/827/827 836/836/836 828/828/828
f 828/828/828 836/836/836 837/837/837
f 828/828/828 837/837/837 829/829/829
f 829/829/829 837/837/837 838/838/838
f 829/829/829 838/838/838 830/830/830
f 830/830/830 838/838/838 839/839/839
f 830/830/830 839/839/839 831/831/831
f 831/831/831 839/839/839 840/840/840
f 831/831/831 840/840/840 832/832/832
f 832/832/832 840/840/840 841/841/841
f 832/832/832 841/841/841 833/833/833
f 833/833/833 841/841/841 842/842/842
f 833/833/833 842/842/842 834/834/834
f 835/835/835 843/843/843 844/844/844
f 835/835/835 844/844/844 836/836/836
f 836/836/836 844/844/844 845/845/845
f 836/836/836 845/845/845 837/837/837
f 837/837/837 845/845/845 846/846/846
f 837/837/837 846/846/846 838/838/838
f 838/838/838 846/846/846 847/847/847
f 838/838/838 847/847/847 839/839/839
f 839/839/839 847/847/847 848/848/848
f 839/839/839 848/848/848 840/840/840
f 840/840/840 848/848/848 849/849/849
f 840/840/840 849/849/849 841/841/841
f 841/841/841 849/849/849 850/850/850
f 841/841/841 850/850/850 842/842/842
f 843/843/843 851/851/851 852/852/852
f 843/843/843 852/852/852 844/844/844
f 844/844/844 852/852/852 853/853/853
f 844/844/844 853/853/853 845/845/845
f 845/845/845 853/853/853 854/854/854
f 845/845/845 854/854/854 846/846/846
f 846/846/846 854/854/854 855/855/855
f 846/846/846 855/855/855 847/847/847
f 847/847/847 855/855/855 856/856/856
f 847/847/847 856/856/856 848/848/848
f 848/848/848 856/856/856 857/857/857
f 848/848/848 857/857/857 849/849/849
f 849/849/849 857/857/857 858/858/858
f 849/849/849 858/858/858 850/850/850
f 851/851/851 859/859/859 860/860/860
f 851/851/851 860/860/860 852/852/852
f 852/852/852 860/860/860 861/861/861
f 852/852/852 861/861/861 853/853/853
f 853/853/853 861/861/861 862/862/862
f 853/853/853 862/862/862 854/854/854
f 854/854/854 862/862/862 863/863/863
f 854/854/854 863/863/863 855/855/855
f 855/855/855 863/863/863 864/864/864
f 855/855/855 864/864/864 856/856/856
f 856/856/856 864/864/864 865/865/865
f 856/856/856 865/865/865 857/857/857
f 857/857/857 865/865/865 866/866/866
f 857/857/857 866/866/866 858/858/858
f 859/859/859 867/867/867 868/868/868
f 859/859/859 868/868/868 860/860/860
f 860/860/860 868/868/868 869/869/869
f 860/860/860 869/869/869 861/861/861
f 861/861/861 869/869/869 870/870/870
f 861/861/861 870/870/870 862/862/862
f 862/862/862 870/870/870 871/871/871
f 862/862/862 871/871/871 863/863/863
f 863/863/863 871/871/871 872/872/872
f 863/863/863 872/872/872 864/864/864
f 864/864/864 872/872/872 873/873/873
f 864/864/864 873/873/873 865/865/865
f 865/865/865 873/873/873 874/874/874
f 865/865/865 874/874/874 866/866/866
f 867/867/867 875/875/875 876/876/876
f 867/867/867 876/876/876 868/868/868
f 868/868/868 876/876/876 877/877/877
f 868/868/868 877/877/877 869/869/869
f 869/869/869 877/877/877 878/878/878
f 869/869/869 878/878/878 870/870/870
f 870/870/870 878/878/878 879/879/879
f 870/870/870 879/879/879 871/871/871
f 871/871/871 879/879/879 880/880/880
f 871/871/871 880/880/880 872/872/872
f 872/872/872 880/880/880 881/881/881
f 872/872/872 881/881/881 873/873/873
f 873/873/873 881/881/881 882/882/882
f 873/873/873 882/882/882 874/874/874
f 1203/1203/1203 1205/1205/1205 1206/1206/1206
f 1204/1204/1204 1206/1206/1206 1205/1205/1205
f 1203/1203/1203 1206/1206/1206 1207/1207/1207
f 1204/1204/1204 1207/1207/1207 1206/1206/1206
f 1203/1203/1203 1207/1207/1207 1208/1208/1208
f 1204/1204/1204 1208/1208/1208 1207/1207/1207
f 1203/1203/1203 1208/1208/1208 1205/1205/1205
f 1204/1204/1204 1205/1205/1205 1208/1208/1208
f 1263/1263/1263 1265/1265/1265 1266/1266/1266
f 1264/1264/1264 1266/1266/1266 1265/1265/1265
f 1263/1263/1263 1266/1266/1266 1267/1267/1267
f 1264/1264/1264 1267/1267/1267 1266/1266/1266
f 1263/1263/1263 1267/1267/1267 1268/1268/1268
f 1264/1264/1264 1268/1268/1268 1267/1267/1267
f 1263/1263/1263 1268/1268/1268 1265/1265/1265
f 1264/1264/1264 1265/1265/1265 1268/1268/1268
f 1323/1323/1323 1325/1325/1325 1326/1326/1326
f 1324/1324/1324 1326/1326/1326 1325/1325/1325
f 1323/1323/1323 1326/1326/1326 1327/1327/1327
f 1324/1324/1324 1327/1327/1327 1326/1326/1326
f 1323/1323/1323 1327/1327/1327 1328/1328/1328
f 1324/1324/1324 1328/1328/1328 1327/1327/1327
f 1323/1323/1323 1328/1328/1328 1325/1325/1325
f 1324/1324/1324 1325/1325/1325 1328/1328/1328
f 1383/1383/1383 1385/1385/1385 1386/1386/1386
f 1384/1384/1384 1386/1386/1386 1385/1385/1385
f 1383/1383/1383 1386/1386/1386 1387/1387/1387
f 1384/1384/1384 1387/1387/1387 1386/1386/1386
f 1383/1383/1383 1387/1387/1387 1388/1388/1388
f 1384/1384/1384 1388/1388/1388 1387/1387/1387
f 1383/1383/1383 1388/1388/1388 1385/1385/1385
f 1384/1384/1384 1385/1385/1385 1388/1388/1388
usemtl RoyalViolet
s 1
f 883/883/883 891/891/891 892/892/892
f 883/883/883 892/892/892 884/884/884
f 884/884/884 892/892/892 893/893/893
f 884/884/884 893/893/893 885/885/885
f 885/885/885 893/893/893 894/894/894
f 885/885/885 894/894/894 886/886/886
f 886/886/886 894/894/894 895/895/895
f 886/886/886 895/895/895 887/887/887
f 887/887/887 895/895/895 896/896/896
f 887/887/887 896/896/896 888/888/888
f 888/888/888 896/896/896 897/897/897
f 888/888/888 897/897/897 889/889/889
f 889/889/889 897/897/897 898/898/898
f 889/889/889 898/898/898 890/890/890
f 891/891/891 899/899/899 900/900/900
f 891/891/891 900/900/900 892/892/892
f 892/892/892 900/900/900 901/901/901
f 892/892/892 901/901/901 893/893/893
f 893/893/893 901/901/901 902/902/902
f 893/893/893 902/902/902 894/894/894
f 894/894/894 902/902/902 903/903/903
f 894/894/894 903/903/903 895/895/895
f 895/895/895 903/903/903 904/904/904
f 895/895/895 904/904/904 896/896/896
f 896/896/896 904/904/904 905/905/905
f 896/896/896 905/905/905 897/897/897
f 897/897/897 905/905/905 906/906/906
f 897/897/897 906/906/906 898/898/898
f 899/899/899 907/907/907 908/908/908
f 899/899/899 908/908/908 900/900/900
f 900/900/900 908/908/908 909/909/909
f 900/900/900 909/909/909 901/901/901
f 901/901/901 909/909/909 910/910/910
f 901/901/901 910/910/910 902/902/902
f 902/902/902 910/910/910 911/911/911
f 902/902/902 911/911/911 903/903/903
f 903/903/903 911/911/911 912/912/912
f 903/903/903 912/912/912 904/904/904
f 904/904/904 912/912/912 913/913/913
f 904/904/904 913/913/913 905/905/905
f 905/905/905 913/913/913 914/914/914
f 905/905/905 914/914/914 906/906/906
f 907/907/907 915/915/915 916/916/916
f 907/907/907 916/916/916 908/908/908
f 908/908/908 916/916/916 917/917/917
f 908/908/908 917/917/917 909/909/909
f 909/909/909 917/917/917 918/918/918
f 909/909/909 918/918/918 910/910/910
f 910/910/910 918/918/918 919/919/919
f 910/910/910 919/919/919 911/911/911
f 911/911/911 919/919/919 920/920/920
f 911/911/911 920/920/920 912/912/912
f 912/912/912 920/920/920 921/921/921
f 912/912/912 921/921/921 913/913/913
f 913/913/913 921/921/921 922/922/922
f 913/913/913 922/922/922 914/914/914
f 915/915/915 923/923/923 924/924/924
f 915/915/915 924/924/924 916/916/916
f 916/916/916 924/924/924 925/925/925
f 916/916/916 925/925/925 917/917/917
f 917/917/917 925/925/925 926/926/926
f 917/917/917 926/926/926 918/918/918
f 918/918/918 926/926/926 927/927/927
f 918/918/918 927/927/927 919/919/919
f 919/919/919 927/927/927 928/928/928
f 919/919/919 928/928/928 920/920/920
f 920/920/920 928/928/928 929/929/929
f 920/920/920 929/929/929 921/921/921
f 921/921/921 929/929/929 930/930/930
f 921/921/921 930/930/930 922/922/922
f 923/923/923 931/931/931 932/932/932
f 923/923/923 932/932/932 924/924/924
f 924/924/924 932/932/932 933/933/933
f 924/924/924 933/933/933 925/925/925
f 925/925/925 933/933/933 934/934/934
f 925/925/925 934/934/934 926/926/926
f 926/926/926 934/934/934 935/935/935
f 926/926/926 935/935/935 927/927/927
f 927/927/927 935/935/935 936/936/936
f 927/927/927 936/936/936 928/928/928
f 928/928/928 936/936/936 937/937/937
f 928/928/928 937/937/937 929/929/929
f 929/929/929 937/937/937 938/938/938
f 929/929/929 938/938/938 930/930/930
f 931/931/931 939/939/939 940/940/940
f 931/931/931 940/940/940 932/932/932
f 932/932/932 940/940/940 941/941/941
f 932/932/932 941/941/941 933/933/933
f 933/933/933 941/941/941 942/942/942
f 933/933/933 942/942/942 934/934/934
f 934/934/934 942/942/942 943/943/943
f 934/934/934 943/943/943 935/935/935
f 935/935/935 943/943/943 944/944/944
f 935/935/935 944/944/944 936/936/936
f 936/936/936 944/944/944 945/945/945
f 936/936/936 945/945/945 937/937/937
f 937/937/937 945/945/945 946/946/946
f 937/937/937 946/946/946 938/938/938
f 939/939/939 947/947/947 948/948/948
f 939/939/939 948/948/948 940/940/940
f 940/940/940 948/948/948 949/949/949
f 940/940/940 949/949/949 941/941/941
f 941/941/941 949/949/949 950/950/950
f 941/941/941 950/950/950 942/942/942
f 942/942/942 950/950/950 951/951/951
f 942/942/942 951/951/951 943/943/943
f 943/943/943 951/951/951 952/952/952
f 943/943/943 952/952/952 944/944/944
f 944/944/944 952/952/952 953/953/953
f 944/944/944 953/953/953 945/945/945
f 945/945/945 953/953/953 954/954/954
f 945/945/945 954/954/954 946/946/946
f 947/947/947 955/955/955 956/956/956
f 947/947/947 956/956/956 948/948/948
f 948/948/948 956/956/956 957/957/957
f 948/948/948 957/957/957 949/949/949
f 949/949/949 957/957/957 958/958/958
f 949/949/949 958/958/958 950/950/950
f 950/950/950 958/958/958 959/959/959
f 950/950/950 959/959/959 951/951/951
f 951/951/951 959/959/959 960/960/960
f 951/951/951 960/960/960 952/952/952
f 952/952/952 960/960/960 961/961/961
f 952/952/952 961/961/961 953/953/953
f 953/953/953 961/961/961 962/962/962
f 953/953/953 962/962/962 954/954/954
f 955/955/955 963/963/963 964/964/964
f 955/955/955 964/964/964 956/956/956
f 956/956/956 964/964/964 965/965/965
f 956/956/956 965/965/965 957/957/957
f 957/957/957 965/965/965 966/966/966
f 957/957/957 966/966/966 958/958/958
f 958/958/958 966/966/966 967/967/967
f 958/958/958 967/967/967 959/959/959
f 959/959/959 967/967/967 968/968/968
f 959/959/959 968/968/968 960/960/960
f 960/960/960 968/968/968 969/969/969
f 960/960/960 969/969/969 961/961/961
f 961/961/961 969/969/969 970/970/970
f 961/961/961 970/970/970 962/962/962
f 963/963/963 971/971/971 972/972/972
f 963/963/963 972/972/972 964/964/964
f 964/964/964 972/972/972 973/973/973
f 964/964/964 973/973/973 965/965/965
f 965/965/965 973/973/973 974/974/974
f 965/965/965 974/974/974 966/966/966
f 966/966/966 974/974/974 975/975/975
f 966/966/966 975/975/975 967/967/967
f 967/967/967 975/975/975 976/976/976
f 967/967/967 976/976/976 968/968/968
f 968/968/968 976/976/976 977/977/977
f 968/968/968 977/977/977 969/969/969
f 969/969/969 977/977/977 978/978/978
f 969/969/969 978/978/978 970/970/970
f 971/971/971 979/979/979 980/980/980
f 971/971/971 980/980/980 972/972/972
f 972/972/972 980/980/980 981/981/981
f 972/972/972 981/981/981 973/973/973
f 973/973/973 981/981/981 982/982/982
f 973/973/973 982/982/982 974/974/974
f 974/974/974 982/982/982 983/983/983
f 974/974/974 983/983/983 975/975/975
f 975/975/975 983/983/983 984/984/984
f 975/975/975 984/984/984 976/976/976
f 976/976/976 984/984/984 985/985/985
f 976/976/976 985/985/985 977/977/977
f 977/977/977 985/985/985 986/986/986
f 977/977/977 986/986/986 978/978/978
f 979/979/979 987/987/987 988/988/988
f 979/979/979 988/988/988 980/980/980
f 980/980/980 988/988/988 989/989/989
f 980/980/980 989/989/989 981/981/981
f 981/981/981 989/989/989 990/990/990
f 981/981/981 990/990/990 982/982/982
f 982/982/982 990/990/990 991/991/991
f 982/982/982 991/991/991 983/983/983
f 983/983/983 991/991/991 992/992/992
f 983/983/983 992/992/992 984/984/984
f 984/984/984 992/992/992 993/993/993
f 984/984/984 993/993/993 985/985/985
f 985/985/985 993/993/993 994/994/994
f 985/985/985 994/994/994 986/986/986
f 987/987/987 995/995/995 996/996/996
f 987/987/987 996/996/996 988/988/988
f 988/988/988 996/996/996 997/997/997
f 988/988/988 997/997/997 989/989/989
f 989/989/989 997/997/997 998/998/998
f 989/989/989 998/998/998 990/990/990
f 990/990/990 998/998/998 999/999/999
f 990/990/990 999/999/999 991/991/991
f 991/991/991 999/999/999 1000/1000/1000
f 991/991/991 1000/1000/1000 992/992/992
f 992/992/992 1000/1000/1000 1001/1001/1001
f 992/992/992 1001/1001/1001 993/993/993
f 993/993/993 1001/1001/1001 1002/1002/1002
f 993/993/993 1002/1002/1002 994/994/994
f 995/995/995 1003/1003/1003 1004/1004/1004
f 995/995/995 1004/1004/1004 996/996/996
f 996/996/996 1004/1004/1004 1005/1005/1005
f 996/996/996 1005/1005/1005 997/997/997
f 997/997/997 1005/1005/1005 1006/1006/1006
f 997/997/997 1006/1006/1006 998/998/998
f 998/998/998 1006/1006/1006 1007/1007/1007
f 998/998/998 1007/1007/1007 999/999/999
f 999/999/999 1007/1007/1007 1008/1008/1008
f 999/999/999 1008/1008/1008 1000/1000/1000
f 1000/1000/1000 1008/1008/1008 1009/1009/1009
f 1000/1000/1000 1009/1009/1009 1001/1001/1001
f 1001/1001/1001 1009/1009/1009 1010/1010/1010
f 1001/1001/1001 1010/1010/1010 1002/1002/1002
f 1003/1003/1003 1011/1011/1011 1012/1012/1012
f 1003/1003/1003 1012/1012/1012 1004/1004/1004
f 1004/1004/1004 1012/1012/1012 1013/1013/1013
f 1004/1004/1004 1013/1013/1013 1005/1005/1005
f 1005/1005/1005 1013/1013/1013 1014/1014/1014
f 1005/1005/1005 1014/1014/1014 1006/1006/1006
f 1006/1006/1006 1014/1014/1014 1015/1015/1015
f 1006/1006/1006 1015/1015/1015 1007/1007/1007
f 1007/1007/1007 1015/1015/1015 1016/1016/1016
f 1007/1007/1007 1016/1016/1016 1008/1008/1008
f 1008/1008/1008 1016/1016/1016 1017/1017/1017
f 1008/1008/1008 1017/1017/1017 1009/1009/1009
f 1009/1009/1009 1017/1017/1017 1018/1018/1018
f 1009/1009/1009 1018/1018/1018 1010/1010/1010
f 1011/1011/1011 1019/1019/1019 1020/1020/1020
f 1011/1011/1011 1020/1020/1020 1012/1012/1012
f 1012/1012/1012 1020/1020/1020 1021/1021/1021
f 1012/1012/1012 1021/1021/1021 1013/1013/1013
f 1013/1013/1013 1021/1021/1021 1022/1022/1022
f 1013/1013/1013 1022/1022/1022 1014/1014/1014
f 1014/1014/1014 1022/1022/1022 1023/1023/1023
f 1014/1014/1014 1023/1023/1023 1015/1015/1015
f 1015/1015/1015 1023/1023/1023 1024/1024/1024
f 1015/1015/1015 1024/1024/1024 1016/1016/1016
f 1016/1016/1016 1024/1024/1024 1025/1025/1025
f 1016/1016/1016 1025/1025/1025 1017/1017/1017
f 1017/1017/1017 1025/1025/1025 1026/1026/1026
f 1017/1017/1017 1026/1026/1026 1018/1018/1018
f 1019/1019/1019 1027/1027/1027 1028/1028/1028
f 1019/1019/1019 1028/1028/1028 1020/1020/1020
f 1020/1020/1020 1028/1028/1028 1029/1029/1029
f 1020/1020/1020 1029/1029/1029 1021/1021/1021
f 1021/1021/1021 1029/1029/1029 1030/1030/1030
f 1021/1021/1021 1030/1030/1030 1022/1022/1022
f 1022/1022/1022 1030/1030/1030 1031/1031/1031
f 1022/1022/1022 1031/1031/1031 1023/1023/1023
f 1023/1023/1023 1031/1031/1031 1032/1032/1032
f 1023/1023/1023 1032/1032/1032 1024/1024/1024
f 1024/1024/1024 1032/1032/1032 1033/1033/1033
f 1024/1024/1024 1033/1033/1033 1025/1025/1025
f 1025/1025/1025 1033/1033/1033 1034/1034/1034
f 1025/1025/1025 1034/1034/1034 1026/1026/1026
f 1027/1027/1027 1035/1035/1035 1036/1036/1036
f 1027/1027/1027 1036/1036/1036 1028/1028/1028
f 1028/1028/1028 1036/1036/1036 1037/1037/1037
f 1028/1028/1028 1037/1037/1037 1029/1029/1029
f 1029/1029/1029 1037/1037/1037 1038/1038/1038
f 1029/1029/1029 1038/1038/1038 1030/1030/1030
f 1030/1030/1030 1038/1038/1038 1039/1039/1039
f 1030/1030/1030 1039/1039/1039 1031/1031/1031
f 1031/1031/1031 1039/1039/1039 1040/1040/1040
f 1031/1031/1031 1040/1040/1040 1032/1032/1032
f 1032/1032/1032 1040/1040/1040 1041/1041/1041
f 1032/1032/1032 1041/1041/1041 1033/1033/1033
f 1033/1033/1033 1041/1041/1041 1042/1042/1042
f 1033/1033/1033 1042/1042/1042 1034/1034/1034
f 1035/1035/1035 1043/1043/1043 1044/1044/1044
f 1035/1035/1035 1044/1044/1044 1036/1036/1036
f 1036/1036/1036 1044/1044/1044 1045/1045/1045
f 1036/1036/1036 1045/1045/1045 1037/1037/1037
f 1037/1037/1037 1045/1045/1045 1046/1046/1046
f 1037/1037/1037 1046/1046/1046 1038/1038/1038
f 1038/1038/1038 1046/1046/1046 1047/1047/1047
f 1038/1038/1038 1047/1047/1047 1039/1039/1039
f 1039/1039/1039 1047/1047/1047 1048/1048/1048
f 1039/1039/1039 1048/1048/1048 1040/1040/1040
f 1040/1040/1040 1048/1048/1048 1049/1049/1049
f 1040/1040/1040 1049/1049/1049 1041/1041/1041
f 1041/1041/1041 1049/1049/1049 1050/1050/1050
f 1041/1041/1041 1050/1050/1050 1042/1042/1042
f 1043/1043/1043 1051/1051/1051 1052/1052/1052
f 1043/1043/1043 1052/1052/1052 1044/1044/1044
f 1044/1044/1044 1052/1052/1052 1053/1053/1053
f 1044/1044/1044 1053/1053/1053 1045/1045/1045
f 1045/1045/1045 1053/1053/1053 1054/1054/1054
f 1045/1045/1045 1054/1054/1054 1046/1046/1046
f 1046/1046/1046 1054/1054/1054 1055/1055/1055
f 1046/1046/1046 1055/1055/1055 1047/1047/1047
f 1047/1047/1047 1055/1055/1055 1056/1056/1056
f 1047/1047/1047 1056/1056/1056 1048/1048/1048
f 1048/1048/1048 1056/1056/1056 1057/1057/1057
f 1048/1048/1048 1057/1057/1057 1049/1049/1049
f 1049/1049/1049 1057/1057/1057 1058/1058/1058
f 1049/1049/1049 1058/1058/1058 1050/1050/1050
f 1051/1051/1051 1059/1059/1059 1060/1060/1060
f 1051/1051/1051 1060/1060/1060 1052/1052/1052
f 1052/1052/1052 1060/1060/1060 1061/1061/1061
f 1052/1052/1052 1061/1061/1061 1053/1053/1053
f 1053/1053/1053 1061/1061/1061 1062/1062/1062
f 1053/1053/1053 1062/1062/1062 1054/1054/1054
f 1054/1054/1054 1062/1062/1062 1063/1063/1063
f 1054/1054/1054 1063/1063/1063 1055/1055/1055
f 1055/1055/1055 1063/1063/1063 1064/1064/1064
f 1055/1055/1055 1064/1064/1064 1056/1056/1056
f 1056/1056/1056 1064/1064/1064 1065/1065/1065
f 1056/1056/1056 1065/1065/1065 1057/1057/1057
f 1057/1057/1057 1065/1065/1065 1066/1066/1066
f 1057/1057/1057 1066/1066/1066 1058/1058/1058
f 1059/1059/1059 1067/1067/1067 1068/1068/1068
f 1059/1059/1059 1068/1068/1068 1060/1060/1060
f 1060/1060/1060 1068/1068/1068 1069/1069/1069
f 1060/1060/1060 1069/1069/1069 1061/1061/1061
f 1061/1061/1061 1069/1069/1069 1070/1070/1070
f 1061/1061/1061 1070/1070/1070 1062/1062/1062
f 1062/1062/1062 1070/1070/1070 1071/1071/1071
f 1062/1062/1062 1071/1071/1071 1063/1063/1063
f 1063/1063/1063 1071/1071/1071 1072/1072/1072
f 1063/1063/1063 1072/1072/1072 1064/1064/1064
f 1064/1064/1064 1072/1072/1072 1073/1073/1073
f 1064/1064/1064 1073/1073/1073 1065/1065/1065
f 1065/1065/1065 1073/1073/1073 1074/1074/1074
f 1065/1065/1065 1074/1074/1074 1066/1066/1066
f 1067/1067/1067 1075/1075/1075 1076/1076/1076
f 1067/1067/1067 1076/1076/1076 1068/1068/1068
f 1068/1068/1068 1076/1076/1076 1077/1077/1077
f 1068/1068/1068 1077/1077/1077 1069/1069/1069
f 1069/1069/1069 1077/1077/1077 1078/1078/1078
f 1069/1069/1069 1078/1078/1078 1070/1070/1070
f 1070/1070/1070 1078/1078/1078 1079/1079/1079
f 1070/1070/1070 1079/1079/1079 1071/1071/1071
f 1071/1071/1071 1079/1079/1079 1080/1080/1080
f 1071/1071/1071 1080/1080/1080 1072/1072/1072
f 1072/1072/1072 1080/1080/1080 1081/1081/1081
f 1072/1072/1072 1081/1081/1081 1073/1073/1073
f 1073/1073/1073 1081/1081/1081 1082/1082/1082
f 1073/1073/1073 1082/1082/1082 1074/1074/1074
f 1075/1075/1075 1083/1083/1083 1084/1084/1084
f 1075/1075/1075 1084/1084/1084 1076/1076/1076
f 1076/1076/1076 1084/1084/1084 1085/1085/1085
f 1076/1076/1076 1085/1085/1085 1077/1077/1077
f 1077/1077/1077 1085/1085/1085 1086/1086/1086
f 1077/1077/1077 1086/1086/1086 1078/1078/1078
f 1078/1078/1078 1086/1086/1086 1087/1087/1087
f 1078/1078/1078 1087/1087/1087 1079/1079/1079
f 1079/1079/1079 1087/1087/1087 1088/1088/1088
f 1079/1079/1079 1088/1088/1088 1080/1080/1080
f 1080/1080/1080 1088/1088/1088 1089/1089/1089
f 1080/1080/1080 1089/1089/1089 1081/1081/1081
f 1081/1081/1081 1089/1089/1089 1090/1090/1090
f 1081/1081/1081 1090/1090/1090 1082/1082/1082
f 1083/1083/1083 1091/1091/1091 1092/1092/1092
f 1083/1083/1083 1092/1092/1092 1084/1084/1084
f 1084/1084/1084 1092/1092/1092 1093/1093/1093
f 1084/1084/1084 1093/1093/1093 1085/1085/1085
f 1085/1085/1085 1093/1093/1093 1094/1094/1094
f 1085/1085/1085 1094/1094/1094 1086/1086/1086
f 1086/1086/1086 1094/1094/1094 1095/1095/1095
f 1086/1086/1086 1095/1095/1095 1087/1087/1087
f 1087/1087/1087 1095/1095/1095 1096/1096/1096
f 1087/1087/1087 1096/1096/1096 1088/1088/1088
f 1088/1088/1088 1096/1096/1096 1097/1097/1097
f 1088/1088/1088 1097/1097/1097 1089/1089/1089
f 1089/1089/1089 1097/1097/1097 1098/1098/1098
f 1089/1089/1089 1098/1098/1098 1090/1090/1090
f 1091/1091/1091 1099/1099/1099 1100/1100/1100
f 1091/1091/1091 1100/1100/1100 1092/1092/1092
f 1092/1092/1092 1100/1100/1100 1101/1101/1101
f 1092/1092/1092 1101/1101/1101 1093/1093/1093
f 1093/1093/1093 1101/1101/1101 1102/1102/1102
f 1093/1093/1093 1102/1102/1102 1094/1094/1094
f 1094/1094/1094 1102/1102/1102 1103/1103/1103
f 1094/1094/1094 1103/1103/1103 1095/1095/1095
f 1095/1095/1095 1103/1103/1103 1104/1104/1104
f 1095/1095/1095 1104/1104/1104 1096/1096/1096
f 1096/1096/1096 1104/1104/1104 1105/1105/1105
f 1096/1096/1096 1105/1105/1105 1097/1097/1097
f 1097/1097/1097 1105/1105/1105 1106/1106/1106
f 1097/1097/1097 1106/1106/1106 1098/1098/1098
f 1099/1099/1099 1107/1107/1107 1108/1108/1108
f 1099/1099/1099 1108/1108/1108 1100/1100/1100
f 1100/1100/1100 1108/1108/1108 1109/1109/1109
f 1100/1100/1100 1109/1109/1109 1101/1101/1101
f 1101/1101/1101 1109/1109/1109 1110/1110/1110
f 1101/1101/1101 1110/1110/1110 1102/1102/1102
f 1102/1102/1102 1110/1110/1110 1111/1111/1111
f 1102/1102/1102 1111/1111/1111 1103/1103/1103
f 1103/1103/1103 1111/1111/1111 1112/1112/1112
f 1103/1103/1103 1112/1112/1112 1104/1104/1104
f 1104/1104/1104 1112/1112/1112 1113/1113/1113
f 1104/1104/1104 1113/1113/1113 1105/1105/1105
f 1105/1105/1105 1113/1113/1113 1114/1114/1114
f 1105/1105/1105 1114/1114/1114 1106/1106/1106
f 1107/1107/1107 1115/1115/1115 1116/1116/1116
f 1107/1107/1107 1116/1116/1116 1108/1108/1108
f 1108/1108/1108 1116/1116/1116 1117/1117/1117
f 1108/1108/1108 1117/1117/1117 1109/1109/1109
f 1109/1109/1109 1117/1117/1117 1118/1118/1118
f 1109/1109/1109 1118/1118/1118 1110/1110/1110
f 1110/1110/1110 1118/1118/1118 1119/1119/1119
f 1110/1110/1110 1119/1119/1119 1111/1111/1111
f 1111/1111/1111 1119/1119/1119 1120/1120/1120
f 1111/1111/1111 1120/1120/1120 1112/1112/1112
f 1112/1112/1112 1120/1120/1120 1121/1121/1121
f 1112/1112/1112 1121/1121/1121 1113/1113/1113
f 1113/1113/1113 1121/1121/1121 1122/1122/1122
f 1113/1113/1113 1122/1122/1122 1114/1114/1114
f 1115/1115/1115 1123/1123/1123 1124/1124/1124
f 1115/1115/1115 1124/1124/1124 1116/1116/1116
f 1116/1116/1116 1124/1124/1124 1125/1125/1125
f 1116/1116/1116 1125/1125/1125 1117/1117/1117
f 1117/1117/1117 1125/1125/1125 1126/1126/1126
f 1117/1117/1117 1126/1126/1126 1118/1118/1118
f 1118/1118/1118 1126/1126/1126 1127/1127/1127
f 1118/1118/1118 1127/1127/1127 1119/1119/1119
f 1119/1119/1119 1127/1127/1127 1128/1128/1128
f 1119/1119/1119 1128/1128/1128 1120/1120/1120
f 1120/1120/1120 1128/1128/1128 1129/1129/1129
f 1120/1120/1120 1129/1129/1129 1121/1121/1121
f 1121/1121/1121 1129/1129/1129 1130/1130/1130
f 1121/1121/1121 1130/1130/1130 1122/1122/1122
f 1123/1123/1123 1131/1131/1131 1132/1132/1132
f 1123/1123/1123 1132/1132/1132 1124/1124/1124
f 1124/1124/1124 1132/1132/1132 1133/1133/1133
f 1124/1124/1124 1133/1133/1133 1125/1125/1125
f 1125/1125/1125 1133/1133/1133 1134/1134/1134
f 1125/1125/1125 1134/1134/1134 1126/1126/1126
f 1126/1126/1126 1134/1134/1134 1135/1135/1135
f 1126/1126/1126 1135/1135/1135 1127/1127/1127
f 1127/1127/1127 1135/1135/1135 1136/1136/1136
f 1127/1127/1127 1136/1136/1136 1128/1128/1128
f 1128/1128/1128 1136/1136/1136 1137/1137/1137
f 1128/1128/1128 1137/1137/1137 1129/1129/1129
f 1129/1129/1129 1137/1137/1137 1138/1138/1138
f 1129/1129/1129 1138/1138/1138 1130/1130/1130
f 1131/1131/1131 1139/1139/1139 1140/1140/1140
f 1131/1131/1131 1140/1140/1140 1132/1132/1132
f 1132/1132/1132 1140/1140/1140 1141/1141/1141
f 1132/1132/1132 1141/1141/1141 1133/1133/1133
f 1133/1133/1133 1141/1141/1141 1142/1142/1142
f 1133/1133/1133 1142/1142/1142 1134/1134/1134
f 1134/1134/1134 1142/1142/1142 1143/1143/1143
f 1134/1134/1134 1143/1143/1143 1135/1135/1135
f 1135/1135/1135 1143/1143/1143 1144/1144/1144
f 1135/1135/1135 1144/1144/1144 1136/1136/1136
f 1136/1136/1136 1144/1144/1144 1145/1145/1145
f 1136/1136/1136 1145/1145/1145 1137/1137/1137
f 1137/1137/1137 1145/1145/1145 1146/1146/1146
f 1137/1137/1137 1146/1146/1146 1138/1138/1138
f 1139/1139/1139 1147/1147/1147 1148/1148/1148
f 1139/1139/1139 1148/1148/1148 1140/1140/1140
f 1140/1140/1140 1148/1148/1148 1149/1149/1149
f 1140/1140/1140 1149/1149/1149 1141/1141/1141
f 1141/1141/1141 1149/1149/1149 1150/1150/1150
f 1141/1141/1141 1150/1150/1150 1142/1142/1142
f 1142/1142/1142 1150/1150/1150 1151/1151/1151
f 1142/1142/1142 1151/1151/1151 1143/1143/1143
f 1143/1143/1143 1151/1151/1151 1152/1152/1152
f 1143/1143/1143 1152/1152/1152 1144/1144/1144
f 1144/1144/1144 1152/1152/1152 1153/1153/1153
f 1144/1144/1144 1153/1153/1153 1145/1145/1145
f 1145/1145/1145 1153/1153/1153 1154/1154/1154
f 1145/1145/1145 1154/1154/1154 1146/1146/1146
f 1147/1147/1147 1155/1155/1155 1156/1156/1156
f 1147/1147/1147 1156/1156/1156 1148/1148/1148
f 1148/1148/1148 1156/1156/1156 1157/1157/1157
f 1148/1148/1148 1157/1157/1157 1149/1149/1149
f 1149/1149/1149 1157/1157/1157 1158/1158/1158
f 1149/1149/1149 1158/1158/1158 1150/1150/1150
f 1150/1150/1150 1158/1158/1158 1159/1159/1159
f 1150/1150/1150 1159/1159/1159 1151/1151/1151
f 1151/1151/1151 1159/1159/1159 1160/1160/1160
f 1151/1151/1151 1160/1160/1160 1152/1152/1152
f 1152/1152/1152 1160/1160/1160 1161/1161/1161
f 1152/1152/1152 1161/1161/1161 1153/1153/1153
f 1153/1153/1153 1161/1161/1161 1162/1162/1162
f 1153/1153/1153 1162/1162/1162 1154/1154/1154
f 1155/1155/1155 1163/1163/1163 1164/1164/1164
f 1155/1155/1155 1164/1164/1164 1156/1156/1156
f 1156/1156/1156 1164/1164/1164 1165/1165/1165
f 1156/1156/1156 1165/1165/1165 1157/1157/1157
f 1157/1157/1157 1165/1165/1165 1166/1166/1166
f 1157/1157/1157 1166/1166/1166 1158/1158/1158
f 1158/1158/1158 1166/1166/1166 1167/1167/1167
f 1158/1158/1158 1167/1167/1167 1159/1159/1159
f 1159/1159/1159 1167/1167/1167 1168/1168/1168
f 1159/1159/1159 1168/1168/1168 1160/1160/1160
f 1160/1160/1160 1168/1168/1168 1169/1169/1169
f 1160/1160/1160 1169/1169/1169 1161/1161/1161
f 1161/1161/1161 1169/1169/1169 1170/1170/1170
f 1161/1161/1161 1170/1170/1170 1162/1162/1162
f 1163/1163/1163 1171/1171/1171 1172/1172/1172
f 1163/1163/1163 1172/1172/1172 1164/1164/1164
f 1164/1164/1164 1172/1172/1172 1173/1173/1173
f 1164/1164/1164 1173/1173/1173 1165/1165/1165
f 1165/1165/1165 1173/1173/1173 1174/1174/1174
f 1165/1165/1165 1174/1174/1174 1166/1166/1166
f 1166/1166/1166 1174/1174/1174 1175/1175/1175
f 1166/1166/1166 1175/1175/1175 1167/1167/1167
f 1167/1167/1167 1175/1175/1175 1176/1176/1176
f 1167/1167/1167 1176/1176/1176 1168/1168/1168
f 1168/1168/1168 1176/1176/1176 1177/1177/1177
f 1168/1168/1168 1177/1177/1177 1169/1169/1169
f 1169/1169/1169 1177/1177/1177 1178/1178/1178
f 1169/1169/1169 1178/1178/1178 1170/1170/1170
f 1233/1233/1233 1235/1235/1235 1236/1236/1236
f 1234/1234/1234 1236/1236/1236 1235/1235/1235
f 1233/1233/1233 1236/1236/1236 1237/1237/1237
f 1234/1234/1234 1237/1237/1237 1236/1236/1236
f 1233/1233/1233 1237/1237/1237 1238/1238/1238
f 1234/1234/1234 1238/1238/1238 1237/1237/1237
f 1233/1233/1233 1238/1238/1238 1235/1235/1235
f 1234/1234/1234 1235/1235/1235 1238/1238/1238
f 1293/1293/1293 1295/1295/1295 1296/1296/1296
f 1294/1294/1294 1296/1296/1296 1295/1295/1295
f 1293/1293/1293 1296/1296/1296 1297/1297/1297
f 1294/1294/1294 1297/1297/1297 1296/1296/1296
f 1293/1293/1293 1297/1297/1297 1298/1298/1298
f 1294/1294/1294 1298/1298/1298 1297/1297/1297
f 1293/1293/1293 1298/1298/1298 1295/1295/1295
f 1294/1294/1294 1295/1295/1295 1298/1298/1298
f 1353/1353/1353 1355/1355/1355 1356/1356/1356
f 1354/1354/1354 1356/1356/1356 1355/1355/1355
f 1353/1353/1353 1356/1356/1356 1357/1357/1357
f 1354/1354/1354 1357/1357/1357 1356/1356/1356
f 1353/1353/1353 1357/1357/1357 1358/1358/1358
f 1354/1354/1354 1358/1358/1358 1357/1357/1357
f 1353/1353/1353 1358/1358/1358 1355/1355/1355
f 1354/1354/1354 1355/1355/1355 1358/1358/1358
f 1413/1413/1413 1415/1415/1415 1416/1416/1416
f 1414/1414/1414 1416/1416/1416 1415/1415/1415
f 1413/1413/1413 1416/1416/1416 1417/1417/1417
f 1414/1414/1414 1417/1417/1417 1416/1416/1416
f 1413/1413/1413 1417/1417/1417 1418/1418/1418
f 1414/1414/1414 1418/1418/1418 1417/1417/1417
f 1413/1413/1413 1418/1418/1418 1415/1415/1415
f 1414/1414/1414 1415/1415/1415 1418/1418/1418
usemtl RoyalCore
s off
f 1179/1179/1179 1180/1180/1180 1181/1181/1181
f 1179/1179/1179 1181/1181/1181 1182/1182/1182
f 1183/1183/1183 1184/1184/1184 1185/1185/1185
f 1183/1183/1183 1185/1185/1185 1186/1186/1186
f 1187/1187/1187 1188/1188/1188 1189/1189/1189
f 1187/1187/1187 1189/1189/1189 1190/1190/1190
f 1191/1191/1191 1192/1192/1192 1193/1193/1193
f 1191/1191/1191 1193/1193/1193 1194/1194/1194
f 1195/1195/1195 1196/1196/1196 1197/1197/1197
f 1195/1195/1195 1197/1197/1197 1198/1198/1198
f 1199/1199/1199 1200/1200/1200 1201/1201/1201
f 1199/1199/1199 1201/1201/1201 1202/1202/1202
f 1209/1209/1209 1210/1210/1210 1211/1211/1211
f 1209/1209/1209 1211/1211/1211 1212/1212/1212
f 1213/1213/1213 1214/1214/1214 1215/1215/1215
f 1213/1213/1213 1215/1215/1215 1216/1216/1216
f 1217/1217/1217 1218/1218/1218 1219/1219/1219
f 1217/1217/1217 1219/1219/1219 1220/1220/1220
f 1221/1221/1221 1222/1222/1222 1223/1223/1223
f 1221/1221/1221 1223/1223/1223 1224/1224/1224
f 1225/1225/1225 1226/1226/1226 1227/1227/1227
f 1225/1225/1225 1227/1227/1227 1228/1228/1228
f 1229/1229/1229 1230/1230/1230 1231/1231/1231
f 1229/1229/1229 1231/1231/1231 1232/1232/1232
f 1239/1239/1239 1240/1240/1240 1241/1241/1241
f 1239/1239/1239 1241/1241/1241 1242/1242/1242
f 1243/1243/1243 1244/1244/1244 1245/1245/1245
f 1243/1243/1243 1245/1245/1245 1246/1246/1246
f 1247/1247/1247 1248/1248/1248 1249/1249/1249
f 1247/1247/1247 1249/1249/1249 1250/1250/1250
f 1251/1251/1251 1252/1252/1252 1253/1253/1253
f 1251/1251/1251 1253/1253/1253 1254/1254/1254
f 1255/1255/1255 1256/1256/1256 1257/1257/1257
f 1255/1255/1255 1257/1257/1257 1258/1258/1258
f 1259/1259/1259 1260/1260/1260 1261/1261/1261
f 1259/1259/1259 1261/1261/1261 1262/1262/1262
f 1269/1269/1269 1270/1270/1270 1271/1271/1271
f 1269/1269/1269 1271/1271/1271 1272/1272/1272
f 1273/1273/1273 1274/1274/1274 1275/1275/1275
f 1273/1273/1273 1275/1275/1275 1276/1276/1276
f 1277/1277/1277 1278/1278/1278 1279/1279/1279
f 1277/1277/1277 1279/1279/1279 1280/1280/1280
f 1281/1281/1281 1282/1282/1282 1283/1283/1283
f 1281/1281/1281 1283/1283/1283 1284/1284/1284
f 1285/1285/1285 1286/1286/1286 1287/1287/1287
f 1285/1285/1285 1287/1287/1287 1288/1288/1288
f 1289/1289/1289 1290/1290/1290 1291/1291/1291
f 1289/1289/1289 1291/1291/1291 1292/1292/1292
f 1299/1299/1299 1300/1300/1300 1301/1301/1301
f 1299/1299/1299 1301/1301/1301 1302/1302/1302
f 1303/1303/1303 1304/1304/1304 1305/1305/1305
f 1303/1303/1303 1305/1305/1305 1306/1306/1306
f 1307/1307/1307 1308/1308/1308 1309/1309/1309
f 1307/1307/1307 1309/1309/1309 1310/1310/1310
f 1311/1311/1311 1312/1312/1312 1313/1313/1313
f 1311/1311/1311 1313/1313/1313 1314/1314/1314
f 1315/1315/1315 1316/1316/1316 1317/1317/1317
f 1315/1315/1315 1317/1317/1317 1318/1318/1318
f 1319/1319/1319 1320/1320/1320 1321/1321/1321
f 1319/1319/1319 1321/1321/1321 1322/1322/1322
f 1329/1329/1329 1330/1330/1330 1331/1331/1331
f 1329/1329/1329 1331/1331/1331 1332/1332/1332
f 1333/1333/1333 1334/1334/1334 1335/1335/1335
f 1333/1333/1333 1335/1335/1335 1336/1336/1336
f 1337/1337/1337 1338/1338/1338 1339/1339/1339
f 1337/1337/1337 1339/1339/1339 1340/1340/1340
f 1341/1341/1341 1342/1342/1342 1343/1343/1343
f 1341/1341/1341 1343/1343/1343 1344/1344/1344
f 1345/1345/1345 1346/1346/1346 1347/1347/1347
f 1345/1345/1345 1347/1347/1347 1348/1348/1348
f 1349/1349/1349 1350/1350/1350 1351/1351/1351
f 1349/1349/1349 1351/1351/1351 1352/1352/1352
f 1359/1359/1359 1360/1360/1360 1361/1361/1361
f 1359/1359/1359 1361/1361/1361 1362/1362/1362
f 1363/1363/1363 1364/1364/1364 1365/1365/1365
f 1363/1363/1363 1365/1365/1365 1366/1366/1366
f 1367/1367/1367 1368/1368/1368 1369/1369/1369
f 1367/1367/1367 1369/1369/1369 1370/1370/1370
f 1371/1371/1371 1372/1372/1372 1373/1373/1373
f 1371/1371/1371 1373/1373/1373 1374/1374/1374
f 1375/1375/1375 1376/1376/1376 1377/1377/1377
f 1375/1375/1375 1377/1377/1377 1378/1378/1378
f 1379/1379/1379 1380/1380/1380 1381/1381/1381
f 1379/1379/1379 1381/1381/1381 1382/1382/1382
f 1389/1389/1389 1390/1390/1390 1391/1391/1391
f 1389/1389/1389 1391/1391/1391 1392/1392/1392
f 1393/1393/1393 1394/1394/1394 1395/1395/1395
f 1393/1393/1393 1395/1395/1395 1396/1396/1396
f 1397/1397/1397 1398/1398/1398 1399/1399/1399
f 1397/1397/1397 1399/1399/1399 1400/1400/1400
f 1401/1401/1401 1402/1402/1402 1403/1403/1403
f 1401/1401/1401 1403/1403/1403 1404/1404/1404
f 1405/1405/1405 1406/1406/1406 1407/1407/1407
f 1405/1405/1405 1407/1407/1407 1408/1408/1408
f 1409/1409/1409 1410/1410/1410 1411/1411/1411
f 1409/1409/1409 1411/1411/1411 1412/1412/1412
f 1419/1419/1419 1421/1421/1421 1422/1422/1422
f 1420/1420/1420 1422/1422/1422 1421/1421/1421
f 1419/1419/1419 1422/1422/1422 1423/1423/1423
f 1420/1420/1420 1423/1423/1423 1422/1422/1422
f 1419/1419/1419 1423/1423/1423 1424/1424/1424
f 1420/1420/1420 1424/1424/1424 1423/1423/1423
f 1419/1419/1419 1424/1424/1424 1421/1421/1421
f 1420/1420/1420 1421/1421/1421 1424/1424/1424
