mtllib star_garden_course_v3.mtl
o star_garden_course_v3
v -360.000000 0.000000 28.000000
v -300.000000 0.000000 28.000000
v -300.000000 0.000000 72.000000
v -360.000000 0.000000 72.000000
v -360.000000 -13.000000 72.000000
v -300.000000 -13.000000 72.000000
v -300.000000 -13.000000 28.000000
v -360.000000 -13.000000 28.000000
v -360.000000 0.000000 72.000000
v -300.000000 0.000000 72.000000
v -300.000000 -13.000000 72.000000
v -360.000000 -13.000000 72.000000
v -300.000000 0.000000 28.000000
v -360.000000 0.000000 28.000000
v -360.000000 -13.000000 28.000000
v -300.000000 -13.000000 28.000000
v -360.000000 0.000000 28.000000
v -360.000000 0.000000 72.000000
v -360.000000 -13.000000 72.000000
v -360.000000 -13.000000 28.000000
v -300.000000 0.000000 72.000000
v -300.000000 0.000000 28.000000
v -300.000000 -13.000000 28.000000
v -300.000000 -13.000000 72.000000
v -300.000000 0.000000 36.000000
v -250.000000 0.000000 36.000000
v -250.000000 0.000000 64.000000
v -300.000000 0.000000 64.000000
v -300.000000 -13.000000 64.000000
v -250.000000 -13.000000 64.000000
v -250.000000 -13.000000 36.000000
v -300.000000 -13.000000 36.000000
v -300.000000 0.000000 64.000000
v -250.000000 0.000000 64.000000
v -250.000000 -13.000000 64.000000
v -300.000000 -13.000000 64.000000
v -250.000000 0.000000 36.000000
v -300.000000 0.000000 36.000000
v -300.000000 -13.000000 36.000000
v -250.000000 -13.000000 36.000000
v -300.000000 0.000000 36.000000
v -300.000000 0.000000 64.000000
v -300.000000 -13.000000 64.000000
v -300.000000 -13.000000 36.000000
v -250.000000 0.000000 64.000000
v -250.000000 0.000000 36.000000
v -250.000000 -13.000000 36.000000
v -250.000000 -13.000000 64.000000
v -259.738634 0.000000 31.753789
v -217.052364 0.000000 21.082221
v -210.261366 0.000000 48.246211
v -252.947636 0.000000 58.917779
v -252.947636 -13.000000 58.917779
v -210.261366 -13.000000 48.246211
v -217.052364 -13.000000 21.082221
v -259.738634 -13.000000 31.753789
v -252.947636 0.000000 58.917779
v -210.261366 0.000000 48.246211
v -210.261366 -13.000000 48.246211
v -252.947636 -13.000000 58.917779
v -217.052364 0.000000 21.082221
v -259.738634 0.000000 31.753789
v -259.738634 -13.000000 31.753789
v -217.052364 -13.000000 21.082221
v -259.738634 0.000000 31.753789
v -252.947636 0.000000 58.917779
v -252.947636 -13.000000 58.917779
v -259.738634 -13.000000 31.753789
v -210.261366 0.000000 48.246211
v -217.052364 0.000000 21.082221
v -217.052364 -13.000000 21.082221
v -210.261366 -13.000000 48.246211
v -217.671568 0.000000 22.298575
v -202.149287 0.000000 18.418005
v -196.328432 0.000000 41.701425
v -211.850713 0.000000 45.581995
v -211.850713 -13.000000 45.581995
v -196.328432 -13.000000 41.701425
v -202.149287 -13.000000 18.418005
v -217.671568 -13.000000 22.298575
v -211.850713 0.000000 45.581995
v -196.328432 0.000000 41.701425
v -196.328432 -13.000000 41.701425
v -211.850713 -13.000000 45.581995
v -202.149287 0.000000 18.418005
v -217.671568 0.000000 22.298575
v -217.671568 -13.000000 22.298575
v -202.149287 -13.000000 18.418005
v -217.671568 0.000000 22.298575
v -211.850713 0.000000 45.581995
v -211.850713 -13.000000 45.581995
v -217.671568 -13.000000 22.298575
v -196.328432 0.000000 41.701425
v -202.149287 0.000000 18.418005
v -202.149287 -13.000000 18.418005
v -196.328432 -13.000000 41.701425
v -203.289507 2.000000 18.905768
v -194.083689 2.000000 15.000269
v -184.710493 2.000000 37.094232
v -193.916311 2.000000 40.999731
v -193.916311 -13.000000 40.999731
v -184.710493 -13.000000 37.094232
v -194.083689 -13.000000 15.000269
v -203.289507 -13.000000 18.905768
v -193.916311 2.000000 40.999731
v -184.710493 2.000000 37.094232
v -184.710493 -13.000000 37.094232
v -193.916311 -13.000000 40.999731
v -194.083689 2.000000 15.000269
v -203.289507 2.000000 18.905768
v -203.289507 -13.000000 18.905768
v -194.083689 -13.000000 15.000269
v -203.289507 2.000000 18.905768
v -193.916311 2.000000 40.999731
v -193.916311 -13.000000 40.999731
v -203.289507 -13.000000 18.905768
v -184.710493 2.000000 37.094232
v -194.083689 2.000000 15.000269
v -194.083689 -13.000000 15.000269
v -184.710493 -13.000000 37.094232
v -193.289507 4.000000 13.905768
v -184.083689 4.000000 10.000269
v -174.710493 4.000000 32.094232
v -183.916311 4.000000 35.999731
v -183.916311 -13.000000 35.999731
v -174.710493 -13.000000 32.094232
v -184.083689 -13.000000 10.000269
v -193.289507 -13.000000 13.905768
v -183.916311 4.000000 35.999731
v -174.710493 4.000000 32.094232
v -174.710493 -13.000000 32.094232
v -183.916311 -13.000000 35.999731
v -184.083689 4.000000 10.000269
v -193.289507 4.000000 13.905768
v -193.289507 -13.000000 13.905768
v -184.083689 -13.000000 10.000269
v -193.289507 4.000000 13.905768
v -183.916311 4.000000 35.999731
v -183.916311 -13.000000 35.999731
v -193.289507 -13.000000 13.905768
v -174.710493 4.000000 32.094232
v -184.083689 4.000000 10.000269
v -184.083689 -13.000000 10.000269
v -174.710493 -13.000000 32.094232
v -183.289507 6.000000 8.905768
v -174.083689 6.000000 5.000269
v -164.710493 6.000000 27.094232
v -173.916311 6.000000 30.999731
v -173.916311 -13.000000 30.999731
v -164.710493 -13.000000 27.094232
v -174.083689 -13.000000 5.000269
v -183.289507 -13.000000 8.905768
v -173.916311 6.000000 30.999731
v -164.710493 6.000000 27.094232
v -164.710493 -13.000000 27.094232
v -173.916311 -13.000000 30.999731
v -174.083689 6.000000 5.000269
v -183.289507 6.000000 8.905768
v -183.289507 -13.000000 8.905768
v -174.083689 -13.000000 5.000269
v -183.289507 6.000000 8.905768
v -173.916311 6.000000 30.999731
v -173.916311 -13.000000 30.999731
v -183.289507 -13.000000 8.905768
v -164.710493 6.000000 27.094232
v -174.083689 6.000000 5.000269
v -174.083689 -13.000000 5.000269
v -164.710493 -13.000000 27.094232
v -169.000000 6.000000 -6.000000
v -91.000000 6.000000 -6.000000
v -91.000000 6.000000 34.000000
v -169.000000 6.000000 34.000000
v -169.000000 -13.000000 34.000000
v -91.000000 -13.000000 34.000000
v -91.000000 -13.000000 -6.000000
v -169.000000 -13.000000 -6.000000
v -169.000000 6.000000 34.000000
v -91.000000 6.000000 34.000000
v -91.000000 -13.000000 34.000000
v -169.000000 -13.000000 34.000000
v -91.000000 6.000000 -6.000000
v -169.000000 6.000000 -6.000000
v -169.000000 -13.000000 -6.000000
v -91.000000 -13.000000 -6.000000
v -169.000000 6.000000 -6.000000
v -169.000000 6.000000 34.000000
v -169.000000 -13.000000 34.000000
v -169.000000 -13.000000 -6.000000
v -91.000000 6.000000 34.000000
v -91.000000 6.000000 -6.000000
v -91.000000 -13.000000 -6.000000
v -91.000000 -13.000000 34.000000
v -89.151014 6.000000 12.691814
v -60.861304 6.000000 22.676418
v -68.848986 6.000000 45.308186
v -97.138696 6.000000 35.323582
v -97.138696 -13.000000 35.323582
v -68.848986 -13.000000 45.308186
v -60.861304 -13.000000 22.676418
v -89.151014 -13.000000 12.691814
v -97.138696 6.000000 35.323582
v -68.848986 6.000000 45.308186
v -68.848986 -13.000000 45.308186
v -97.138696 -13.000000 35.323582
v -60.861304 6.000000 22.676418
v -89.151014 6.000000 12.691814
v -89.151014 -13.000000 12.691814
v -60.861304 -13.000000 22.676418
v -89.151014 6.000000 12.691814
v -97.138696 6.000000 35.323582
v -97.138696 -13.000000 35.323582
v -89.151014 -13.000000 12.691814
v -68.848986 6.000000 45.308186
v -60.861304 6.000000 22.676418
v -60.861304 -13.000000 22.676418
v -68.848986 -13.000000 45.308186
v -66.881362 6.000000 27.793516
v -51.793516 6.000000 33.118638
v -57.118638 6.000000 48.206484
v -72.206484 6.000000 42.881362
v -72.206484 -13.000000 42.881362
v -57.118638 -13.000000 48.206484
v -51.793516 -13.000000 33.118638
v -66.881362 -13.000000 27.793516
v -72.206484 6.000000 42.881362
v -57.118638 6.000000 48.206484
v -57.118638 -13.000000 48.206484
v -72.206484 -13.000000 42.881362
v -51.793516 6.000000 33.118638
v -66.881362 6.000000 27.793516
v -66.881362 -13.000000 27.793516
v -51.793516 -13.000000 33.118638
v -66.881362 6.000000 27.793516
v -72.206484 6.000000 42.881362
v -72.206484 -13.000000 42.881362
v -66.881362 -13.000000 27.793516
v -57.118638 6.000000 48.206484
v -51.793516 6.000000 33.118638
v -51.793516 -13.000000 33.118638
v -57.118638 -13.000000 48.206484
v -20.000000 15.000000 36.000000
v 28.000000 15.000000 36.000000
v 28.000000 15.000000 68.000000
v -20.000000 15.000000 68.000000
v -20.000000 -13.000000 68.000000
v 28.000000 -13.000000 68.000000
v 28.000000 -13.000000 36.000000
v -20.000000 -13.000000 36.000000
v -20.000000 15.000000 68.000000
v 28.000000 15.000000 68.000000
v 28.000000 -13.000000 68.000000
v -20.000000 -13.000000 68.000000
v 28.000000 15.000000 36.000000
v -20.000000 15.000000 36.000000
v -20.000000 -13.000000 36.000000
v 28.000000 -13.000000 36.000000
v -20.000000 15.000000 36.000000
v -20.000000 15.000000 68.000000
v -20.000000 -13.000000 68.000000
v -20.000000 -13.000000 36.000000
v 28.000000 15.000000 68.000000
v 28.000000 15.000000 36.000000
v 28.000000 -13.000000 36.000000
v 28.000000 -13.000000 68.000000
v 25.818427 15.000000 40.549198
v 31.748658 15.000000 39.636855
v 34.181573 15.000000 55.450802
v 28.251342 15.000000 56.363145
v 28.251342 -13.000000 56.363145
v 34.181573 -13.000000 55.450802
v 31.748658 -13.000000 39.636855
v 25.818427 -13.000000 40.549198
v 28.251342 15.000000 56.363145
v 34.181573 15.000000 55.450802
v 34.181573 -13.000000 55.450802
v 28.251342 -13.000000 56.363145
v 31.748658 15.000000 39.636855
v 25.818427 15.000000 40.549198
v 25.818427 -13.000000 40.549198
v 31.748658 -13.000000 39.636855
v 25.818427 15.000000 40.549198
v 28.251342 15.000000 56.363145
v 28.251342 -13.000000 56.363145
v 25.818427 -13.000000 40.549198
v 34.181573 15.000000 55.450802
v 31.748658 15.000000 39.636855
v 31.748658 -13.000000 39.636855
v 34.181573 -13.000000 55.450802
v 53.000000 15.000000 7.000000
v 67.000000 15.000000 7.000000
v 67.000000 15.000000 21.000000
v 53.000000 15.000000 21.000000
v 53.000000 -13.000000 21.000000
v 67.000000 -13.000000 21.000000
v 67.000000 -13.000000 7.000000
v 53.000000 -13.000000 7.000000
v 53.000000 15.000000 21.000000
v 67.000000 15.000000 21.000000
v 67.000000 -13.000000 21.000000
v 53.000000 -13.000000 21.000000
v 67.000000 15.000000 7.000000
v 53.000000 15.000000 7.000000
v 53.000000 -13.000000 7.000000
v 67.000000 -13.000000 7.000000
v 53.000000 15.000000 7.000000
v 53.000000 15.000000 21.000000
v 53.000000 -13.000000 21.000000
v 53.000000 -13.000000 7.000000
v 67.000000 15.000000 21.000000
v 67.000000 15.000000 7.000000
v 67.000000 -13.000000 7.000000
v 67.000000 -13.000000 21.000000
v 48.000000 23.000000 -18.000000
v 68.000000 23.000000 -18.000000
v 68.000000 23.000000 -2.000000
v 48.000000 23.000000 -2.000000
v 48.000000 -13.000000 -2.000000
v 68.000000 -13.000000 -2.000000
v 68.000000 -13.000000 -18.000000
v 48.000000 -13.000000 -18.000000
v 48.000000 23.000000 -2.000000
v 68.000000 23.000000 -2.000000
v 68.000000 -13.000000 -2.000000
v 48.000000 -13.000000 -2.000000
v 68.000000 23.000000 -18.000000
v 48.000000 23.000000 -18.000000
v 48.000000 -13.000000 -18.000000
v 68.000000 -13.000000 -18.000000
v 48.000000 23.000000 -18.000000
v 48.000000 23.000000 -2.000000
v 48.000000 -13.000000 -2.000000
v 48.000000 -13.000000 -18.000000
v 68.000000 23.000000 -2.000000
v 68.000000 23.000000 -18.000000
v 68.000000 -13.000000 -18.000000
v 68.000000 -13.000000 -2.000000
v 65.000000 15.000000 -8.000000
v 79.000000 15.000000 -8.000000
v 79.000000 15.000000 12.000000
v 65.000000 15.000000 12.000000
v 65.000000 -13.000000 12.000000
v 79.000000 -13.000000 12.000000
v 79.000000 -13.000000 -8.000000
v 65.000000 -13.000000 -8.000000
v 65.000000 15.000000 12.000000
v 79.000000 15.000000 12.000000
v 79.000000 -13.000000 12.000000
v 65.000000 -13.000000 12.000000
v 79.000000 15.000000 -8.000000
v 65.000000 15.000000 -8.000000
v 65.000000 -13.000000 -8.000000
v 79.000000 -13.000000 -8.000000
v 65.000000 15.000000 -8.000000
v 65.000000 15.000000 12.000000
v 65.000000 -13.000000 12.000000
v 65.000000 -13.000000 -8.000000
v 79.000000 15.000000 12.000000
v 79.000000 15.000000 -8.000000
v 79.000000 -13.000000 -8.000000
v 79.000000 -13.000000 12.000000
v 57.692308 15.000000 30.461538
v 70.615385 15.000000 25.076923
v 78.307692 15.000000 43.538462
v 65.384615 15.000000 48.923077
v 65.384615 -13.000000 48.923077
v 78.307692 -13.000000 43.538462
v 70.615385 -13.000000 25.076923
v 57.692308 -13.000000 30.461538
v 65.384615 15.000000 48.923077
v 78.307692 15.000000 43.538462
v 78.307692 -13.000000 43.538462
v 65.384615 -13.000000 48.923077
v 70.615385 15.000000 25.076923
v 57.692308 15.000000 30.461538
v 57.692308 -13.000000 30.461538
v 70.615385 -13.000000 25.076923
v 57.692308 15.000000 30.461538
v 65.384615 15.000000 48.923077
v 65.384615 -13.000000 48.923077
v 57.692308 -13.000000 30.461538
v 78.307692 15.000000 43.538462
v 70.615385 15.000000 25.076923
v 70.615385 -13.000000 25.076923
v 78.307692 -13.000000 43.538462
v 50.460000 23.000000 6.860000
v 51.140000 23.000000 6.860000
v 51.140000 23.000000 7.540000
v 50.460000 23.000000 7.540000
v 50.460000 15.000000 7.540000
v 51.140000 15.000000 7.540000
v 51.140000 15.000000 6.860000
v 50.460000 15.000000 6.860000
v 50.460000 23.000000 7.540000
v 51.140000 23.000000 7.540000
v 51.140000 15.000000 7.540000
v 50.460000 15.000000 7.540000
v 51.140000 23.000000 6.860000
v 50.460000 23.000000 6.860000
v 50.460000 15.000000 6.860000
v 51.140000 15.000000 6.860000
v 50.460000 23.000000 6.860000
v 50.460000 23.000000 7.540000
v 50.460000 15.000000 7.540000
v 50.460000 15.000000 6.860000
v 51.140000 23.000000 7.540000
v 51.140000 23.000000 6.860000
v 51.140000 15.000000 6.860000
v 51.140000 15.000000 7.540000
v 64.860000 23.000000 6.860000
v 65.540000 23.000000 6.860000
v 65.540000 23.000000 7.540000
v 64.860000 23.000000 7.540000
v 64.860000 15.000000 7.540000
v 65.540000 15.000000 7.540000
v 65.540000 15.000000 6.860000
v 64.860000 15.000000 6.860000
v 64.860000 23.000000 7.540000
v 65.540000 23.000000 7.540000
v 65.540000 15.000000 7.540000
v 64.860000 15.000000 7.540000
v 65.540000 23.000000 6.860000
v 64.860000 23.000000 6.860000
v 64.860000 15.000000 6.860000
v 65.540000 15.000000 6.860000
v 64.860000 23.000000 6.860000
v 64.860000 23.000000 7.540000
v 64.860000 15.000000 7.540000
v 64.860000 15.000000 6.860000
v 65.540000 23.000000 7.540000
v 65.540000 23.000000 6.860000
v 65.540000 15.000000 6.860000
v 65.540000 15.000000 7.540000
v 50.400000 23.300000 6.860000
v 65.600000 23.300000 6.860000
v 65.600000 23.300000 7.540000
v 50.400000 23.300000 7.540000
v 50.400000 23.000000 7.540000
v 65.600000 23.000000 7.540000
v 65.600000 23.000000 6.860000
v 50.400000 23.000000 6.860000
v 50.400000 23.300000 7.540000
v 65.600000 23.300000 7.540000
v 65.600000 23.000000 7.540000
v 50.400000 23.000000 7.540000
v 65.600000 23.300000 6.860000
v 50.400000 23.300000 6.860000
v 50.400000 23.000000 6.860000
v 65.600000 23.000000 6.860000
v 50.400000 23.300000 6.860000
v 50.400000 23.300000 7.540000
v 50.400000 23.000000 7.540000
v 50.400000 23.000000 6.860000
v 65.600000 23.300000 7.540000
v 65.600000 23.300000 6.860000
v 65.600000 23.000000 6.860000
v 65.600000 23.000000 7.540000
v 100.000000 15.000000 32.000000
v 136.000000 15.000000 32.000000
v 134.238035 15.000000 23.347524
v 134.238035 -13.000000 23.347524
v 136.000000 -13.000000 32.000000
v 100.000000 -13.000000 32.000000
v 134.238035 15.000000 23.347524
v 136.000000 15.000000 32.000000
v 136.000000 -13.000000 32.000000
v 134.238035 -13.000000 23.347524
v 100.000000 15.000000 32.000000
v 134.238035 15.000000 23.347524
v 129.124612 15.000000 15.542013
v 129.124612 -13.000000 15.542013
v 134.238035 -13.000000 23.347524
v 100.000000 -13.000000 32.000000
v 129.124612 15.000000 15.542013
v 134.238035 15.000000 23.347524
v 134.238035 -13.000000 23.347524
v 129.124612 -13.000000 15.542013
v 100.000000 15.000000 32.000000
v 129.124612 15.000000 15.542013
v 121.160269 15.000000 9.347524
v 121.160269 -13.000000 9.347524
v 129.124612 -13.000000 15.542013
v 100.000000 -13.000000 32.000000
v 121.160269 15.000000 9.347524
v 129.124612 15.000000 15.542013
v 129.124612 -13.000000 15.542013
v 121.160269 -13.000000 9.347524
v 100.000000 15.000000 32.000000
v 121.160269 15.000000 9.347524
v 111.124612 15.000000 5.370418
v 111.124612 -13.000000 5.370418
v 121.160269 -13.000000 9.347524
v 100.000000 -13.000000 32.000000
v 111.124612 15.000000 5.370418
v 121.160269 15.000000 9.347524
v 121.160269 -13.000000 9.347524
v 111.124612 -13.000000 5.370418
v 100.000000 15.000000 32.000000
v 111.124612 15.000000 5.370418
v 100.000000 15.000000 4.000000
v 100.000000 -13.000000 4.000000
v 111.124612 -13.000000 5.370418
v 100.000000 -13.000000 32.000000
v 100.000000 15.000000 4.000000
v 111.124612 15.000000 5.370418
v 111.124612 -13.000000 5.370418
v 100.000000 -13.000000 4.000000
v 100.000000 15.000000 32.000000
v 100.000000 15.000000 4.000000
v 88.875388 15.000000 5.370418
v 88.875388 -13.000000 5.370418
v 100.000000 -13.000000 4.000000
v 100.000000 -13.000000 32.000000
v 88.875388 15.000000 5.370418
v 100.000000 15.000000 4.000000
v 100.000000 -13.000000 4.000000
v 88.875388 -13.000000 5.370418
v 100.000000 15.000000 32.000000
v 88.875388 15.000000 5.370418
v 78.839731 15.000000 9.347524
v 78.839731 -13.000000 9.347524
v 88.875388 -13.000000 5.370418
v 100.000000 -13.000000 32.000000
v 78.839731 15.000000 9.347524
v 88.875388 15.000000 5.370418
v 88.875388 -13.000000 5.370418
v 78.839731 -13.000000 9.347524
v 100.000000 15.000000 32.000000
v 78.839731 15.000000 9.347524
v 70.875388 15.000000 15.542013
v 70.875388 -13.000000 15.542013
v 78.839731 -13.000000 9.347524
v 100.000000 -13.000000 32.000000
v 70.875388 15.000000 15.542013
v 78.839731 15.000000 9.347524
v 78.839731 -13.000000 9.347524
v 70.875388 -13.000000 15.542013
v 100.000000 15.000000 32.000000
v 70.875388 15.000000 15.542013
v 65.761965 15.000000 23.347524
v 65.761965 -13.000000 23.347524
v 70.875388 -13.000000 15.542013
v 100.000000 -13.000000 32.000000
v 65.761965 15.000000 23.347524
v 70.875388 15.000000 15.542013
v 70.875388 -13.000000 15.542013
v 65.761965 -13.000000 23.347524
v 100.000000 15.000000 32.000000
v 65.761965 15.000000 23.347524
v 64.000000 15.000000 32.000000
v 64.000000 -13.000000 32.000000
v 65.761965 -13.000000 23.347524
v 100.000000 -13.000000 32.000000
v 64.000000 15.000000 32.000000
v 65.761965 15.000000 23.347524
v 65.761965 -13.000000 23.347524
v 64.000000 -13.000000 32.000000
v 100.000000 15.000000 32.000000
v 64.000000 15.000000 32.000000
v 65.761965 15.000000 40.652476
v 65.761965 -13.000000 40.652476
v 64.000000 -13.000000 32.000000
v 100.000000 -13.000000 32.000000
v 65.761965 15.000000 40.652476
v 64.000000 15.000000 32.000000
v 64.000000 -13.000000 32.000000
v 65.761965 -13.000000 40.652476
v 100.000000 15.000000 32.000000
v 65.761965 15.000000 40.652476
v 70.875388 15.000000 48.457987
v 70.875388 -13.000000 48.457987
v 65.761965 -13.000000 40.652476
v 100.000000 -13.000000 32.000000
v 70.875388 15.000000 48.457987
v 65.761965 15.000000 40.652476
v 65.761965 -13.000000 40.652476
v 70.875388 -13.000000 48.457987
v 100.000000 15.000000 32.000000
v 70.875388 15.000000 48.457987
v 78.839731 15.000000 54.652476
v 78.839731 -13.000000 54.652476
v 70.875388 -13.000000 48.457987
v 100.000000 -13.000000 32.000000
v 78.839731 15.000000 54.652476
v 70.875388 15.000000 48.457987
v 70.875388 -13.000000 48.457987
v 78.839731 -13.000000 54.652476
v 100.000000 15.000000 32.000000
v 78.839731 15.000000 54.652476
v 88.875388 15.000000 58.629582
v 88.875388 -13.000000 58.629582
v 78.839731 -13.000000 54.652476
v 100.000000 -13.000000 32.000000
v 88.875388 15.000000 58.629582
v 78.839731 15.000000 54.652476
v 78.839731 -13.000000 54.652476
v 88.875388 -13.000000 58.629582
v 100.000000 15.000000 32.000000
v 88.875388 15.000000 58.629582
v 100.000000 15.000000 60.000000
v 100.000000 -13.000000 60.000000
v 88.875388 -13.000000 58.629582
v 100.000000 -13.000000 32.000000
v 100.000000 15.000000 60.000000
v 88.875388 15.000000 58.629582
v 88.875388 -13.000000 58.629582
v 100.000000 -13.000000 60.000000
v 100.000000 15.000000 32.000000
v 100.000000 15.000000 60.000000
v 111.124612 15.000000 58.629582
v 111.124612 -13.000000 58.629582
v 100.000000 -13.000000 60.000000
v 100.000000 -13.000000 32.000000
v 111.124612 15.000000 58.629582
v 100.000000 15.000000 60.000000
v 100.000000 -13.000000 60.000000
v 111.124612 -13.000000 58.629582
v 100.000000 15.000000 32.000000
v 111.124612 15.000000 58.629582
v 121.160269 15.000000 54.652476
v 121.160269 -13.000000 54.652476
v 111.124612 -13.000000 58.629582
v 100.000000 -13.000000 32.000000
v 121.160269 15.000000 54.652476
v 111.124612 15.000000 58.629582
v 111.124612 -13.000000 58.629582
v 121.160269 -13.000000 54.652476
v 100.000000 15.000000 32.000000
v 121.160269 15.000000 54.652476
v 129.124612 15.000000 48.457987
v 129.124612 -13.000000 48.457987
v 121.160269 -13.000000 54.652476
v 100.000000 -13.000000 32.000000
v 129.124612 15.000000 48.457987
v 121.160269 15.000000 54.652476
v 121.160269 -13.000000 54.652476
v 129.124612 -13.000000 48.457987
v 100.000000 15.000000 32.000000
v 129.124612 15.000000 48.457987
v 134.238035 15.000000 40.652476
v 134.238035 -13.000000 40.652476
v 129.124612 -13.000000 48.457987
v 100.000000 -13.000000 32.000000
v 134.238035 15.000000 40.652476
v 129.124612 15.000000 48.457987
v 129.124612 -13.000000 48.457987
v 134.238035 -13.000000 40.652476
v 100.000000 15.000000 32.000000
v 134.238035 15.000000 40.652476
v 136.000000 15.000000 32.000000
v 136.000000 -13.000000 32.000000
v 134.238035 -13.000000 40.652476
v 100.000000 -13.000000 32.000000
v 136.000000 15.000000 32.000000
v 134.238035 15.000000 40.652476
v 134.238035 -13.000000 40.652476
v 136.000000 -13.000000 32.000000
v 100.000000 15.100000 32.000000
v 129.000000 15.100000 32.000000
v 127.580639 15.100000 25.510643
v 127.580639 15.000000 25.510643
v 129.000000 15.000000 32.000000
v 100.000000 15.000000 32.000000
v 127.580639 15.100000 25.510643
v 129.000000 15.100000 32.000000
v 129.000000 15.000000 32.000000
v 127.580639 15.000000 25.510643
v 100.000000 15.100000 32.000000
v 127.580639 15.100000 25.510643
v 123.461493 15.100000 19.656510
v 123.461493 15.000000 19.656510
v 127.580639 15.000000 25.510643
v 100.000000 15.000000 32.000000
v 123.461493 15.100000 19.656510
v 127.580639 15.100000 25.510643
v 127.580639 15.000000 25.510643
v 123.461493 15.000000 19.656510
v 100.000000 15.100000 32.000000
v 123.461493 15.100000 19.656510
v 117.045772 15.100000 15.010643
v 117.045772 15.000000 15.010643
v 123.461493 15.000000 19.656510
v 100.000000 15.000000 32.000000
v 117.045772 15.100000 15.010643
v 123.461493 15.100000 19.656510
v 123.461493 15.000000 19.656510
v 117.045772 15.000000 15.010643
v 100.000000 15.100000 32.000000
v 117.045772 15.100000 15.010643
v 108.961493 15.100000 12.027813
v 108.961493 15.000000 12.027813
v 117.045772 15.000000 15.010643
v 100.000000 15.000000 32.000000
v 108.961493 15.100000 12.027813
v 117.045772 15.100000 15.010643
v 117.045772 15.000000 15.010643
v 108.961493 15.000000 12.027813
v 100.000000 15.100000 32.000000
v 108.961493 15.100000 12.027813
v 100.000000 15.100000 11.000000
v 100.000000 15.000000 11.000000
v 108.961493 15.000000 12.027813
v 100.000000 15.000000 32.000000
v 100.000000 15.100000 11.000000
v 108.961493 15.100000 12.027813
v 108.961493 15.000000 12.027813
v 100.000000 15.000000 11.000000
v 100.000000 15.100000 32.000000
v 100.000000 15.100000 11.000000
v 91.038507 15.100000 12.027813
v 91.038507 15.000000 12.027813
v 100.000000 15.000000 11.000000
v 100.000000 15.000000 32.000000
v 91.038507 15.100000 12.027813
v 100.000000 15.100000 11.000000
v 100.000000 15.000000 11.000000
v 91.038507 15.000000 12.027813
v 100.000000 15.100000 32.000000
v 91.038507 15.100000 12.027813
v 82.954228 15.100000 15.010643
v 82.954228 15.000000 15.010643
v 91.038507 15.000000 12.027813
v 100.000000 15.000000 32.000000
v 82.954228 15.100000 15.010643
v 91.038507 15.100000 12.027813
v 91.038507 15.000000 12.027813
v 82.954228 15.000000 15.010643
v 100.000000 15.100000 32.000000
v 82.954228 15.100000 15.010643
v 76.538507 15.100000 19.656510
v 76.538507 15.000000 19.656510
v 82.954228 15.000000 15.010643
v 100.000000 15.000000 32.000000
v 76.538507 15.100000 19.656510
v 82.954228 15.100000 15.010643
v 82.954228 15.000000 15.010643
v 76.538507 15.000000 19.656510
v 100.000000 15.100000 32.000000
v 76.538507 15.100000 19.656510
v 72.419361 15.100000 25.510643
v 72.419361 15.000000 25.510643
v 76.538507 15.000000 19.656510
v 100.000000 15.000000 32.000000
v 72.419361 15.100000 25.510643
v 76.538507 15.100000 19.656510
v 76.538507 15.000000 19.656510
v 72.419361 15.000000 25.510643
v 100.000000 15.100000 32.000000
v 72.419361 15.100000 25.510643
v 71.000000 15.100000 32.000000
v 71.000000 15.000000 32.000000
v 72.419361 15.000000 25.510643
v 100.000000 15.000000 32.000000
v 71.000000 15.100000 32.000000
v 72.419361 15.100000 25.510643
v 72.419361 15.000000 25.510643
v 71.000000 15.000000 32.000000
v 100.000000 15.100000 32.000000
v 71.000000 15.100000 32.000000
v 72.419361 15.100000 38.489357
v 72.419361 15.000000 38.489357
v 71.000000 15.000000 32.000000
v 100.000000 15.000000 32.000000
v 72.419361 15.100000 38.489357
v 71.000000 15.100000 32.000000
v 71.000000 15.000000 32.000000
v 72.419361 15.000000 38.489357
v 100.000000 15.100000 32.000000
v 72.419361 15.100000 38.489357
v 76.538507 15.100000 44.343490
v 76.538507 15.000000 44.343490
v 72.419361 15.000000 38.489357
v 100.000000 15.000000 32.000000
v 76.538507 15.100000 44.343490
v 72.419361 15.100000 38.489357
v 72.419361 15.000000 38.489357
v 76.538507 15.000000 44.343490
v 100.000000 15.100000 32.000000
v 76.538507 15.100000 44.343490
v 82.954228 15.100000 48.989357
v 82.954228 15.000000 48.989357
v 76.538507 15.000000 44.343490
v 100.000000 15.000000 32.000000
v 82.954228 15.100000 48.989357
v 76.538507 15.100000 44.343490
v 76.538507 15.000000 44.343490
v 82.954228 15.000000 48.989357
v 100.000000 15.100000 32.000000
v 82.954228 15.100000 48.989357
v 91.038507 15.100000 51.972187
v 91.038507 15.000000 51.972187
v 82.954228 15.000000 48.989357
v 100.000000 15.000000 32.000000
v 91.038507 15.100000 51.972187
v 82.954228 15.100000 48.989357
v 82.954228 15.000000 48.989357
v 91.038507 15.000000 51.972187
v 100.000000 15.100000 32.000000
v 91.038507 15.100000 51.972187
v 100.000000 15.100000 53.000000
v 100.000000 15.000000 53.000000
v 91.038507 15.000000 51.972187
v 100.000000 15.000000 32.000000
v 100.000000 15.100000 53.000000
v 91.038507 15.100000 51.972187
v 91.038507 15.000000 51.972187
v 100.000000 15.000000 53.000000
v 100.000000 15.100000 32.000000
v 100.000000 15.100000 53.000000
v 108.961493 15.100000 51.972187
v 108.961493 15.000000 51.972187
v 100.000000 15.000000 53.000000
v 100.000000 15.000000 32.000000
v 108.961493 15.100000 51.972187
v 100.000000 15.100000 53.000000
v 100.000000 15.000000 53.000000
v 108.961493 15.000000 51.972187
v 100.000000 15.100000 32.000000
v 108.961493 15.100000 51.972187
v 117.045772 15.100000 48.989357
v 117.045772 15.000000 48.989357
v 108.961493 15.000000 51.972187
v 100.000000 15.000000 32.000000
v 117.045772 15.100000 48.989357
v 108.961493 15.100000 51.972187
v 108.961493 15.000000 51.972187
v 117.045772 15.000000 48.989357
v 100.000000 15.100000 32.000000
v 117.045772 15.100000 48.989357
v 123.461493 15.100000 44.343490
v 123.461493 15.000000 44.343490
v 117.045772 15.000000 48.989357
v 100.000000 15.000000 32.000000
v 123.461493 15.100000 44.343490
v 117.045772 15.100000 48.989357
v 117.045772 15.000000 48.989357
v 123.461493 15.000000 44.343490
v 100.000000 15.100000 32.000000
v 123.461493 15.100000 44.343490
v 127.580639 15.100000 38.489357
v 127.580639 15.000000 38.489357
v 123.461493 15.000000 44.343490
v 100.000000 15.000000 32.000000
v 127.580639 15.100000 38.489357
v 123.461493 15.100000 44.343490
v 123.461493 15.000000 44.343490
v 127.580639 15.000000 38.489357
v 100.000000 15.100000 32.000000
v 127.580639 15.100000 38.489357
v 129.000000 15.100000 32.000000
v 129.000000 15.000000 32.000000
v 127.580639 15.000000 38.489357
v 100.000000 15.000000 32.000000
v 129.000000 15.100000 32.000000
v 127.580639 15.100000 38.489357
v 127.580639 15.000000 38.489357
v 129.000000 15.000000 32.000000
v 135.271236 15.000000 18.581082
v 143.209459 15.000000 19.573360
v 140.728764 15.000000 39.418918
v 132.790541 15.000000 38.426640
v 132.790541 -13.000000 38.426640
v 140.728764 -13.000000 39.418918
v 143.209459 -13.000000 19.573360
v 135.271236 -13.000000 18.581082
v 132.790541 15.000000 38.426640
v 140.728764 15.000000 39.418918
v 140.728764 -13.000000 39.418918
v 132.790541 -13.000000 38.426640
v 143.209459 15.000000 19.573360
v 135.271236 15.000000 18.581082
v 135.271236 -13.000000 18.581082
v 143.209459 -13.000000 19.573360
v 135.271236 15.000000 18.581082
v 132.790541 15.000000 38.426640
v 132.790541 -13.000000 38.426640
v 135.271236 -13.000000 18.581082
v 140.728764 15.000000 39.418918
v 143.209459 15.000000 19.573360
v 143.209459 -13.000000 19.573360
v 140.728764 -13.000000 39.418918
v 142.278958 15.000000 19.457048
v 152.201737 15.000000 20.697395
v 149.721042 15.000000 40.542952
v 139.798263 15.000000 39.302605
v 139.798263 -13.000000 39.302605
v 149.721042 -13.000000 40.542952
v 152.201737 -13.000000 20.697395
v 142.278958 -13.000000 19.457048
v 139.798263 15.000000 39.302605
v 149.721042 15.000000 40.542952
v 149.721042 -13.000000 40.542952
v 139.798263 -13.000000 39.302605
v 152.201737 15.000000 20.697395
v 142.278958 15.000000 19.457048
v 142.278958 -13.000000 19.457048
v 152.201737 -13.000000 20.697395
v 142.278958 15.000000 19.457048
v 139.798263 15.000000 39.302605
v 139.798263 -13.000000 39.302605
v 142.278958 -13.000000 19.457048
v 149.721042 15.000000 40.542952
v 152.201737 15.000000 20.697395
v 152.201737 -13.000000 20.697395
v 149.721042 -13.000000 40.542952
v 203.000000 13.000000 36.000000
v 225.000000 13.000000 36.000000
v 225.000000 13.000000 68.000000
v 203.000000 13.000000 68.000000
v 203.000000 -13.000000 68.000000
v 225.000000 -13.000000 68.000000
v 225.000000 -13.000000 36.000000
v 203.000000 -13.000000 36.000000
v 203.000000 13.000000 68.000000
v 225.000000 13.000000 68.000000
v 225.000000 -13.000000 68.000000
v 203.000000 -13.000000 68.000000
v 225.000000 13.000000 36.000000
v 203.000000 13.000000 36.000000
v 203.000000 -13.000000 36.000000
v 225.000000 -13.000000 36.000000
v 203.000000 13.000000 36.000000
v 203.000000 13.000000 68.000000
v 203.000000 -13.000000 68.000000
v 203.000000 -13.000000 36.000000
v 225.000000 13.000000 68.000000
v 225.000000 13.000000 36.000000
v 225.000000 -13.000000 36.000000
v 225.000000 -13.000000 68.000000
v 217.796518 13.000000 33.045302
v 252.204563 13.000000 22.458212
v 262.203482 13.000000 54.954698
v 227.795437 13.000000 65.541788
v 227.795437 -13.000000 65.541788
v 262.203482 -13.000000 54.954698
v 252.204563 -13.000000 22.458212
v 217.796518 -13.000000 33.045302
v 227.795437 13.000000 65.541788
v 262.203482 13.000000 54.954698
v 262.203482 -13.000000 54.954698
v 227.795437 -13.000000 65.541788
v 252.204563 13.000000 22.458212
v 217.796518 13.000000 33.045302
v 217.796518 -13.000000 33.045302
v 252.204563 -13.000000 22.458212
v 217.796518 13.000000 33.045302
v 227.795437 13.000000 65.541788
v 227.795437 -13.000000 65.541788
v 217.796518 -13.000000 33.045302
v 262.203482 13.000000 54.954698
v 252.204563 13.000000 22.458212
v 252.204563 -13.000000 22.458212
v 262.203482 -13.000000 54.954698
v 250.987631 15.000000 23.762661
v 260.332509 15.000000 20.202707
v 271.012369 15.000000 48.237339
v 261.667491 15.000000 51.797293
v 261.667491 -13.000000 51.797293
v 271.012369 -13.000000 48.237339
v 260.332509 -13.000000 20.202707
v 250.987631 -13.000000 23.762661
v 261.667491 15.000000 51.797293
v 271.012369 15.000000 48.237339
v 271.012369 -13.000000 48.237339
v 261.667491 -13.000000 51.797293
v 260.332509 15.000000 20.202707
v 250.987631 15.000000 23.762661
v 250.987631 -13.000000 23.762661
v 260.332509 -13.000000 20.202707
v 250.987631 15.000000 23.762661
v 261.667491 15.000000 51.797293
v 261.667491 -13.000000 51.797293
v 250.987631 -13.000000 23.762661
v 271.012369 15.000000 48.237339
v 260.332509 15.000000 20.202707
v 260.332509 -13.000000 20.202707
v 271.012369 -13.000000 48.237339
v 259.819660 17.000000 19.819660
v 268.763932 17.000000 15.347524
v 282.180340 17.000000 42.180340
v 273.236068 17.000000 46.652476
v 273.236068 -13.000000 46.652476
v 282.180340 -13.000000 42.180340
v 268.763932 -13.000000 15.347524
v 259.819660 -13.000000 19.819660
v 273.236068 17.000000 46.652476
v 282.180340 17.000000 42.180340
v 282.180340 -13.000000 42.180340
v 273.236068 -13.000000 46.652476
v 268.763932 17.000000 15.347524
v 259.819660 17.000000 19.819660
v 259.819660 -13.000000 19.819660
v 268.763932 -13.000000 15.347524
v 259.819660 17.000000 19.819660
v 273.236068 17.000000 46.652476
v 273.236068 -13.000000 46.652476
v 259.819660 -13.000000 19.819660
v 282.180340 17.000000 42.180340
v 268.763932 17.000000 15.347524
v 268.763932 -13.000000 15.347524
v 282.180340 -13.000000 42.180340
v 276.000000 17.000000 8.000000
v 308.000000 17.000000 8.000000
v 308.000000 17.000000 48.000000
v 276.000000 17.000000 48.000000
v 276.000000 -13.000000 48.000000
v 308.000000 -13.000000 48.000000
v 308.000000 -13.000000 8.000000
v 276.000000 -13.000000 8.000000
v 276.000000 17.000000 48.000000
v 308.000000 17.000000 48.000000
v 308.000000 -13.000000 48.000000
v 276.000000 -13.000000 48.000000
v 308.000000 17.000000 8.000000
v 276.000000 17.000000 8.000000
v 276.000000 -13.000000 8.000000
v 308.000000 -13.000000 8.000000
v 276.000000 17.000000 8.000000
v 276.000000 17.000000 48.000000
v 276.000000 -13.000000 48.000000
v 276.000000 -13.000000 8.000000
v 308.000000 17.000000 48.000000
v 308.000000 17.000000 8.000000
v 308.000000 -13.000000 8.000000
v 308.000000 -13.000000 48.000000
v -360.000000 0.140000 45.800000
v -300.000000 0.140000 45.800000
v -300.000000 0.140000 54.200000
v -360.000000 0.140000 54.200000
v -360.000000 0.000000 54.200000
v -300.000000 0.000000 54.200000
v -300.000000 0.000000 45.800000
v -360.000000 0.000000 45.800000
v -360.000000 0.140000 54.200000
v -300.000000 0.140000 54.200000
v -300.000000 0.000000 54.200000
v -360.000000 0.000000 54.200000
v -300.000000 0.140000 45.800000
v -360.000000 0.140000 45.800000
v -360.000000 0.000000 45.800000
v -300.000000 0.000000 45.800000
v -360.000000 0.140000 45.800000
v -360.000000 0.140000 54.200000
v -360.000000 0.000000 54.200000
v -360.000000 0.000000 45.800000
v -300.000000 0.140000 54.200000
v -300.000000 0.140000 45.800000
v -300.000000 0.000000 45.800000
v -300.000000 0.000000 54.200000
v -300.000000 0.140000 45.800000
v -250.000000 0.140000 45.800000
v -250.000000 0.140000 54.200000
v -300.000000 0.140000 54.200000
v -300.000000 0.000000 54.200000
v -250.000000 0.000000 54.200000
v -250.000000 0.000000 45.800000
v -300.000000 0.000000 45.800000
v -300.000000 0.140000 54.200000
v -250.000000 0.140000 54.200000
v -250.000000 0.000000 54.200000
v -300.000000 0.000000 54.200000
v -250.000000 0.140000 45.800000
v -300.000000 0.140000 45.800000
v -300.000000 0.000000 45.800000
v -250.000000 0.000000 45.800000
v -300.000000 0.140000 45.800000
v -300.000000 0.140000 54.200000
v -300.000000 0.000000 54.200000
v -300.000000 0.000000 45.800000
v -250.000000 0.140000 54.200000
v -250.000000 0.140000 45.800000
v -250.000000 0.000000 45.800000
v -250.000000 0.000000 54.200000
v -257.361785 0.140000 41.261185
v -214.675515 0.140000 30.589618
v -212.638215 0.140000 38.738815
v -255.324485 0.140000 49.410382
v -255.324485 0.000000 49.410382
v -212.638215 0.000000 38.738815
v -214.675515 0.000000 30.589618
v -257.361785 0.000000 41.261185
v -255.324485 0.140000 49.410382
v -212.638215 0.140000 38.738815
v -212.638215 0.000000 38.738815
v -255.324485 0.000000 49.410382
v -214.675515 0.140000 30.589618
v -257.361785 0.140000 41.261185
v -257.361785 0.000000 41.261185
v -214.675515 0.000000 30.589618
v -257.361785 0.140000 41.261185
v -255.324485 0.140000 49.410382
v -255.324485 0.000000 49.410382
v -257.361785 0.000000 41.261185
v -212.638215 0.140000 38.738815
v -214.675515 0.140000 30.589618
v -214.675515 0.000000 30.589618
v -212.638215 0.000000 38.738815
v -215.779790 0.140000 29.865686
v -200.257510 0.140000 25.985116
v -198.220210 0.140000 34.134314
v -213.742490 0.140000 38.014884
v -213.742490 0.000000 38.014884
v -198.220210 0.000000 34.134314
v -200.257510 0.000000 25.985116
v -215.779790 0.000000 29.865686
v -213.742490 0.140000 38.014884
v -198.220210 0.140000 34.134314
v -198.220210 0.000000 34.134314
v -213.742490 0.000000 38.014884
v -200.257510 0.140000 25.985116
v -215.779790 0.140000 29.865686
v -215.779790 0.000000 29.865686
v -200.257510 0.000000 25.985116
v -215.779790 0.140000 29.865686
v -213.742490 0.140000 38.014884
v -213.742490 0.000000 38.014884
v -215.779790 0.000000 29.865686
v -198.220210 0.140000 34.134314
v -200.257510 0.140000 25.985116
v -200.257510 0.000000 25.985116
v -198.220210 0.000000 34.134314
v -200.243218 2.140000 26.086306
v -191.037400 2.140000 22.180807
v -187.756782 2.140000 29.913694
v -196.962600 2.140000 33.819193
v -196.962600 2.000000 33.819193
v -187.756782 2.000000 29.913694
v -191.037400 2.000000 22.180807
v -200.243218 2.000000 26.086306
v -196.962600 2.140000 33.819193
v -187.756782 2.140000 29.913694
v -187.756782 2.000000 29.913694
v -196.962600 2.000000 33.819193
v -191.037400 2.140000 22.180807
v -200.243218 2.140000 26.086306
v -200.243218 2.000000 26.086306
v -191.037400 2.000000 22.180807
v -200.243218 2.140000 26.086306
v -196.962600 2.140000 33.819193
v -196.962600 2.000000 33.819193
v -200.243218 2.000000 26.086306
v -187.756782 2.140000 29.913694
v -191.037400 2.140000 22.180807
v -191.037400 2.000000 22.180807
v -187.756782 2.000000 29.913694
v -190.243218 4.140000 21.086306
v -181.037400 4.140000 17.180807
v -177.756782 4.140000 24.913694
v -186.962600 4.140000 28.819193
v -186.962600 4.000000 28.819193
v -177.756782 4.000000 24.913694
v -181.037400 4.000000 17.180807
v -190.243218 4.000000 21.086306
v -186.962600 4.140000 28.819193
v -177.756782 4.140000 24.913694
v -177.756782 4.000000 24.913694
v -186.962600 4.000000 28.819193
v -181.037400 4.140000 17.180807
v -190.243218 4.140000 21.086306
v -190.243218 4.000000 21.086306
v -181.037400 4.000000 17.180807
v -190.243218 4.140000 21.086306
v -186.962600 4.140000 28.819193
v -186.962600 4.000000 28.819193
v -190.243218 4.000000 21.086306
v -177.756782 4.140000 24.913694
v -181.037400 4.140000 17.180807
v -181.037400 4.000000 17.180807
v -177.756782 4.000000 24.913694
v -180.243218 6.140000 16.086306
v -171.037400 6.140000 12.180807
v -167.756782 6.140000 19.913694
v -176.962600 6.140000 23.819193
v -176.962600 6.000000 23.819193
v -167.756782 6.000000 19.913694
v -171.037400 6.000000 12.180807
v -180.243218 6.000000 16.086306
v -176.962600 6.140000 23.819193
v -167.756782 6.140000 19.913694
v -167.756782 6.000000 19.913694
v -176.962600 6.000000 23.819193
v -171.037400 6.140000 12.180807
v -180.243218 6.140000 16.086306
v -180.243218 6.000000 16.086306
v -171.037400 6.000000 12.180807
v -180.243218 6.140000 16.086306
v -176.962600 6.140000 23.819193
v -176.962600 6.000000 23.819193
v -180.243218 6.000000 16.086306
v -167.756782 6.140000 19.913694
v -171.037400 6.140000 12.180807
v -171.037400 6.000000 12.180807
v -167.756782 6.000000 19.913694
v -169.000000 6.140000 9.400000
v -91.000000 6.140000 9.400000
v -91.000000 6.140000 18.600000
v -169.000000 6.140000 18.600000
v -169.000000 6.000000 18.600000
v -91.000000 6.000000 18.600000
v -91.000000 6.000000 9.400000
v -169.000000 6.000000 9.400000
v -169.000000 6.140000 18.600000
v -91.000000 6.140000 18.600000
v -91.000000 6.000000 18.600000
v -169.000000 6.000000 18.600000
v -91.000000 6.140000 9.400000
v -169.000000 6.140000 9.400000
v -169.000000 6.000000 9.400000
v -91.000000 6.000000 9.400000
v -169.000000 6.140000 9.400000
v -169.000000 6.140000 18.600000
v -169.000000 6.000000 18.600000
v -169.000000 6.000000 9.400000
v -91.000000 6.140000 18.600000
v -91.000000 6.140000 9.400000
v -91.000000 6.000000 9.400000
v -91.000000 6.000000 18.600000
v -91.613882 6.140000 19.669943
v -63.324172 6.140000 29.654546
v -66.386118 6.140000 38.330057
v -94.675828 6.140000 28.345454
v -94.675828 6.000000 28.345454
v -66.386118 6.000000 38.330057
v -63.324172 6.000000 29.654546
v -91.613882 6.000000 19.669943
v -94.675828 6.140000 28.345454
v -66.386118 6.140000 38.330057
v -66.386118 6.000000 38.330057
v -94.675828 6.000000 28.345454
v -63.324172 6.140000 29.654546
v -91.613882 6.140000 19.669943
v -91.613882 6.000000 19.669943
v -63.324172 6.000000 29.654546
v -91.613882 6.140000 19.669943
v -94.675828 6.140000 28.345454
v -94.675828 6.000000 28.345454
v -91.613882 6.000000 19.669943
v -66.386118 6.140000 38.330057
v -63.324172 6.140000 29.654546
v -63.324172 6.000000 29.654546
v -66.386118 6.000000 38.330057
v -68.012950 6.140000 30.999684
v -52.925105 6.140000 36.324805
v -55.987050 6.140000 45.000316
v -71.074895 6.140000 39.675195
v -71.074895 6.000000 39.675195
v -55.987050 6.000000 45.000316
v -52.925105 6.000000 36.324805
v -68.012950 6.000000 30.999684
v -71.074895 6.140000 39.675195
v -55.987050 6.140000 45.000316
v -55.987050 6.000000 45.000316
v -71.074895 6.000000 39.675195
v -52.925105 6.140000 36.324805
v -68.012950 6.140000 30.999684
v -68.012950 6.000000 30.999684
v -52.925105 6.000000 36.324805
v -68.012950 6.140000 30.999684
v -71.074895 6.140000 39.675195
v -71.074895 6.000000 39.675195
v -68.012950 6.000000 30.999684
v -55.987050 6.140000 45.000316
v -52.925105 6.140000 36.324805
v -52.925105 6.000000 36.324805
v -55.987050 6.000000 45.000316
v -20.000000 15.140000 47.200000
v 28.000000 15.140000 47.200000
v 28.000000 15.140000 56.800000
v -20.000000 15.140000 56.800000
v -20.000000 15.000000 56.800000
v 28.000000 15.000000 56.800000
v 28.000000 15.000000 47.200000
v -20.000000 15.000000 47.200000
v -20.000000 15.140000 56.800000
v 28.000000 15.140000 56.800000
v 28.000000 15.000000 56.800000
v -20.000000 15.000000 56.800000
v 28.000000 15.140000 47.200000
v -20.000000 15.140000 47.200000
v -20.000000 15.000000 47.200000
v 28.000000 15.000000 47.200000
v -20.000000 15.140000 47.200000
v -20.000000 15.140000 56.800000
v -20.000000 15.000000 56.800000
v -20.000000 15.000000 47.200000
v 28.000000 15.140000 56.800000
v 28.000000 15.140000 47.200000
v 28.000000 15.000000 47.200000
v 28.000000 15.000000 56.800000
v 26.335422 15.140000 43.909662
v 32.265652 15.140000 42.997319
v 33.664578 15.140000 52.090338
v 27.734348 15.140000 53.002681
v 27.734348 15.000000 53.002681
v 33.664578 15.000000 52.090338
v 32.265652 15.000000 42.997319
v 26.335422 15.000000 43.909662
v 27.734348 15.140000 53.002681
v 33.664578 15.140000 52.090338
v 33.664578 15.000000 52.090338
v 27.734348 15.000000 53.002681
v 32.265652 15.140000 42.997319
v 26.335422 15.140000 43.909662
v 26.335422 15.000000 43.909662
v 32.265652 15.000000 42.997319
v 26.335422 15.140000 43.909662
v 27.734348 15.140000 53.002681
v 27.734348 15.000000 53.002681
v 26.335422 15.000000 43.909662
v 33.664578 15.140000 52.090338
v 32.265652 15.140000 42.997319
v 32.265652 15.000000 42.997319
v 33.664578 15.000000 52.090338
v 55.000000 15.140000 10.000000
v 65.000000 15.140000 10.000000
v 65.000000 15.140000 18.000000
v 55.000000 15.140000 18.000000
v 55.000000 15.000000 18.000000
v 65.000000 15.000000 18.000000
v 65.000000 15.000000 10.000000
v 55.000000 15.000000 10.000000
v 55.000000 15.140000 18.000000
v 65.000000 15.140000 18.000000
v 65.000000 15.000000 18.000000
v 55.000000 15.000000 18.000000
v 65.000000 15.140000 10.000000
v 55.000000 15.140000 10.000000
v 55.000000 15.000000 10.000000
v 65.000000 15.000000 10.000000
v 55.000000 15.140000 10.000000
v 55.000000 15.140000 18.000000
v 55.000000 15.000000 18.000000
v 55.000000 15.000000 10.000000
v 65.000000 15.140000 18.000000
v 65.000000 15.140000 10.000000
v 65.000000 15.000000 10.000000
v 65.000000 15.000000 18.000000
v 80.000000 15.140000 -2.000000
v 80.000000 15.140000 6.000000
v 64.000000 15.140000 6.000000
v 64.000000 15.140000 -2.000000
v 64.000000 15.000000 -2.000000
v 64.000000 15.000000 6.000000
v 80.000000 15.000000 6.000000
v 80.000000 15.000000 -2.000000
v 64.000000 15.140000 -2.000000
v 64.000000 15.140000 6.000000
v 64.000000 15.000000 6.000000
v 64.000000 15.000000 -2.000000
v 80.000000 15.140000 6.000000
v 80.000000 15.140000 -2.000000
v 80.000000 15.000000 -2.000000
v 80.000000 15.000000 6.000000
v 80.000000 15.140000 -2.000000
v 64.000000 15.140000 -2.000000
v 64.000000 15.000000 -2.000000
v 80.000000 15.000000 -2.000000
v 64.000000 15.140000 6.000000
v 80.000000 15.140000 6.000000
v 80.000000 15.000000 6.000000
v 64.000000 15.000000 6.000000
v 61.200000 23.140000 -16.500000
v 61.200000 23.140000 -3.500000
v 54.800000 23.140000 -3.500000
v 54.800000 23.140000 -16.500000
v 54.800000 23.000000 -16.500000
v 54.800000 23.000000 -3.500000
v 61.200000 23.000000 -3.500000
v 61.200000 23.000000 -16.500000
v 54.800000 23.140000 -16.500000
v 54.800000 23.140000 -3.500000
v 54.800000 23.000000 -3.500000
v 54.800000 23.000000 -16.500000
v 61.200000 23.140000 -3.500000
v 61.200000 23.140000 -16.500000
v 61.200000 23.000000 -16.500000
v 61.200000 23.000000 -3.500000
v 61.200000 23.140000 -16.500000
v 54.800000 23.140000 -16.500000
v 54.800000 23.000000 -16.500000
v 61.200000 23.000000 -16.500000
v 54.800000 23.140000 -3.500000
v 61.200000 23.140000 -3.500000
v 61.200000 23.000000 -3.500000
v 54.800000 23.000000 -3.500000
v 59.769231 15.140000 35.446154
v 72.692308 15.140000 30.061538
v 76.230769 15.140000 38.553846
v 63.307692 15.140000 43.938462
v 63.307692 15.000000 43.938462
v 76.230769 15.000000 38.553846
v 72.692308 15.000000 30.061538
v 59.769231 15.000000 35.446154
v 63.307692 15.140000 43.938462
v 76.230769 15.140000 38.553846
v 76.230769 15.000000 38.553846
v 63.307692 15.000000 43.938462
v 72.692308 15.140000 30.061538
v 59.769231 15.140000 35.446154
v 59.769231 15.000000 35.446154
v 72.692308 15.000000 30.061538
v 59.769231 15.140000 35.446154
v 63.307692 15.140000 43.938462
v 63.307692 15.000000 43.938462
v 59.769231 15.000000 35.446154
v 76.230769 15.140000 38.553846
v 72.692308 15.140000 30.061538
v 72.692308 15.000000 30.061538
v 76.230769 15.000000 38.553846
v 134.601448 15.140000 23.939383
v 142.539671 15.140000 24.931661
v 141.398552 15.140000 34.060617
v 133.460329 15.140000 33.068339
v 133.460329 15.000000 33.068339
v 141.398552 15.000000 34.060617
v 142.539671 15.000000 24.931661
v 134.601448 15.000000 23.939383
v 133.460329 15.140000 33.068339
v 141.398552 15.140000 34.060617
v 141.398552 15.000000 34.060617
v 133.460329 15.000000 33.068339
v 142.539671 15.140000 24.931661
v 134.601448 15.140000 23.939383
v 134.601448 15.000000 23.939383
v 142.539671 15.000000 24.931661
v 134.601448 15.140000 23.939383
v 133.460329 15.140000 33.068339
v 133.460329 15.000000 33.068339
v 134.601448 15.000000 23.939383
v 141.398552 15.140000 34.060617
v 142.539671 15.140000 24.931661
v 142.539671 15.000000 24.931661
v 141.398552 15.000000 34.060617
v 141.609170 15.140000 24.815348
v 151.531949 15.140000 26.055695
v 150.390830 15.140000 35.184652
v 140.468051 15.140000 33.944305
v 140.468051 15.000000 33.944305
v 150.390830 15.000000 35.184652
v 151.531949 15.000000 26.055695
v 141.609170 15.000000 24.815348
v 140.468051 15.140000 33.944305
v 150.390830 15.140000 35.184652
v 150.390830 15.000000 35.184652
v 140.468051 15.000000 33.944305
v 151.531949 15.140000 26.055695
v 141.609170 15.140000 24.815348
v 141.609170 15.000000 24.815348
v 151.531949 15.000000 26.055695
v 141.609170 15.140000 24.815348
v 140.468051 15.140000 33.944305
v 140.468051 15.000000 33.944305
v 141.609170 15.000000 24.815348
v 150.390830 15.140000 35.184652
v 151.531949 15.140000 26.055695
v 151.531949 15.000000 26.055695
v 150.390830 15.000000 35.184652
v 203.000000 13.140000 47.400000
v 225.000000 13.140000 47.400000
v 225.000000 13.140000 56.600000
v 203.000000 13.140000 56.600000
v 203.000000 13.000000 56.600000
v 225.000000 13.000000 56.600000
v 225.000000 13.000000 47.400000
v 203.000000 13.000000 47.400000
v 203.000000 13.140000 56.600000
v 225.000000 13.140000 56.600000
v 225.000000 13.000000 56.600000
v 203.000000 13.000000 56.600000
v 225.000000 13.140000 47.400000
v 203.000000 13.140000 47.400000
v 203.000000 13.000000 47.400000
v 225.000000 13.000000 47.400000
v 203.000000 13.140000 47.400000
v 203.000000 13.140000 56.600000
v 203.000000 13.000000 56.600000
v 203.000000 13.000000 47.400000
v 225.000000 13.140000 56.600000
v 225.000000 13.140000 47.400000
v 225.000000 13.000000 47.400000
v 225.000000 13.000000 56.600000
v 221.384366 13.140000 44.705806
v 255.792410 13.140000 34.118715
v 258.615634 13.140000 43.294194
v 224.207590 13.140000 53.881285
v 224.207590 13.000000 53.881285
v 258.615634 13.000000 43.294194
v 255.792410 13.000000 34.118715
v 221.384366 13.000000 44.705806
v 224.207590 13.140000 53.881285
v 258.615634 13.140000 43.294194
v 258.615634 13.000000 43.294194
v 224.207590 13.000000 53.881285
v 255.792410 13.140000 34.118715
v 221.384366 13.140000 44.705806
v 221.384366 13.000000 44.705806
v 255.792410 13.000000 34.118715
v 221.384366 13.140000 44.705806
v 224.207590 13.140000 53.881285
v 224.207590 13.000000 53.881285
v 221.384366 13.000000 44.705806
v 258.615634 13.140000 43.294194
v 255.792410 13.140000 34.118715
v 255.792410 13.000000 34.118715
v 258.615634 13.000000 43.294194
v 254.618784 15.140000 33.294436
v 263.963661 15.140000 29.734482
v 267.381216 15.140000 38.705564
v 258.036339 15.140000 42.265518
v 258.036339 15.000000 42.265518
v 267.381216 15.000000 38.705564
v 263.963661 15.000000 29.734482
v 254.618784 15.000000 33.294436
v 258.036339 15.140000 42.265518
v 267.381216 15.140000 38.705564
v 267.381216 15.000000 38.705564
v 258.036339 15.000000 42.265518
v 263.963661 15.140000 29.734482
v 254.618784 15.140000 33.294436
v 254.618784 15.000000 33.294436
v 263.963661 15.000000 29.734482
v 254.618784 15.140000 33.294436
v 258.036339 15.140000 42.265518
v 258.036339 15.000000 42.265518
v 254.618784 15.000000 33.294436
v 267.381216 15.140000 38.705564
v 263.963661 15.140000 29.734482
v 263.963661 15.000000 29.734482
v 267.381216 15.000000 38.705564
v 264.381239 17.140000 28.942817
v 273.325511 17.140000 24.470682
v 277.618761 17.140000 33.057183
v 268.674489 17.140000 37.529318
v 268.674489 17.000000 37.529318
v 277.618761 17.000000 33.057183
v 273.325511 17.000000 24.470682
v 264.381239 17.000000 28.942817
v 268.674489 17.140000 37.529318
v 277.618761 17.140000 33.057183
v 277.618761 17.000000 33.057183
v 268.674489 17.000000 37.529318
v 273.325511 17.140000 24.470682
v 264.381239 17.140000 28.942817
v 264.381239 17.000000 28.942817
v 273.325511 17.000000 24.470682
v 264.381239 17.140000 28.942817
v 268.674489 17.140000 37.529318
v 268.674489 17.000000 37.529318
v 264.381239 17.000000 28.942817
v 277.618761 17.140000 33.057183
v 273.325511 17.140000 24.470682
v 273.325511 17.000000 24.470682
v 277.618761 17.000000 33.057183
v 276.000000 17.140000 22.800000
v 308.000000 17.140000 22.800000
v 308.000000 17.140000 33.200000
v 276.000000 17.140000 33.200000
v 276.000000 17.000000 33.200000
v 308.000000 17.000000 33.200000
v 308.000000 17.000000 22.800000
v 276.000000 17.000000 22.800000
v 276.000000 17.140000 33.200000
v 308.000000 17.140000 33.200000
v 308.000000 17.000000 33.200000
v 276.000000 17.000000 33.200000
v 308.000000 17.140000 22.800000
v 276.000000 17.140000 22.800000
v 276.000000 17.000000 22.800000
v 308.000000 17.000000 22.800000
v 276.000000 17.140000 22.800000
v 276.000000 17.140000 33.200000
v 276.000000 17.000000 33.200000
v 276.000000 17.000000 22.800000
v 308.000000 17.140000 33.200000
v 308.000000 17.140000 22.800000
v 308.000000 17.000000 22.800000
v 308.000000 17.000000 33.200000
v -277.000000 0.000000 63.000000
v -263.000000 0.000000 63.000000
v -263.000000 0.000000 79.000000
v -277.000000 0.000000 79.000000
v -277.000000 -13.000000 79.000000
v -263.000000 -13.000000 79.000000
v -263.000000 -13.000000 63.000000
v -277.000000 -13.000000 63.000000
v -277.000000 0.000000 79.000000
v -263.000000 0.000000 79.000000
v -263.000000 -13.000000 79.000000
v -277.000000 -13.000000 79.000000
v -263.000000 0.000000 63.000000
v -277.000000 0.000000 63.000000
v -277.000000 -13.000000 63.000000
v -263.000000 -13.000000 63.000000
v -277.000000 0.000000 63.000000
v -277.000000 0.000000 79.000000
v -277.000000 -13.000000 79.000000
v -277.000000 -13.000000 63.000000
v -263.000000 0.000000 79.000000
v -263.000000 0.000000 63.000000
v -263.000000 -13.000000 63.000000
v -263.000000 -13.000000 79.000000
v -287.000000 0.000000 79.000000
v -253.000000 0.000000 79.000000
v -253.000000 0.000000 103.000000
v -287.000000 0.000000 103.000000
v -287.000000 -13.000000 103.000000
v -253.000000 -13.000000 103.000000
v -253.000000 -13.000000 79.000000
v -287.000000 -13.000000 79.000000
v -287.000000 0.000000 103.000000
v -253.000000 0.000000 103.000000
v -253.000000 -13.000000 103.000000
v -287.000000 -13.000000 103.000000
v -253.000000 0.000000 79.000000
v -287.000000 0.000000 79.000000
v -287.000000 -13.000000 79.000000
v -253.000000 -13.000000 79.000000
v -287.000000 0.000000 79.000000
v -287.000000 0.000000 103.000000
v -287.000000 -13.000000 103.000000
v -287.000000 -13.000000 79.000000
v -253.000000 0.000000 103.000000
v -253.000000 0.000000 79.000000
v -253.000000 -13.000000 79.000000
v -253.000000 -13.000000 103.000000
v -262.000000 0.140000 67.400000
v -262.000000 0.140000 74.600000
v -278.000000 0.140000 74.600000
v -278.000000 0.140000 67.400000
v -278.000000 0.000000 67.400000
v -278.000000 0.000000 74.600000
v -262.000000 0.000000 74.600000
v -262.000000 0.000000 67.400000
v -278.000000 0.140000 67.400000
v -278.000000 0.140000 74.600000
v -278.000000 0.000000 74.600000
v -278.000000 0.000000 67.400000
v -262.000000 0.140000 74.600000
v -262.000000 0.140000 67.400000
v -262.000000 0.000000 67.400000
v -262.000000 0.000000 74.600000
v -262.000000 0.140000 67.400000
v -278.000000 0.140000 67.400000
v -278.000000 0.000000 67.400000
v -262.000000 0.000000 67.400000
v -278.000000 0.140000 74.600000
v -262.000000 0.140000 74.600000
v -262.000000 0.000000 74.600000
v -278.000000 0.000000 74.600000
v -280.000000 0.140000 87.400000
v -260.000000 0.140000 87.400000
v -260.000000 0.140000 94.600000
v -280.000000 0.140000 94.600000
v -280.000000 0.000000 94.600000
v -260.000000 0.000000 94.600000
v -260.000000 0.000000 87.400000
v -280.000000 0.000000 87.400000
v -280.000000 0.140000 94.600000
v -260.000000 0.140000 94.600000
v -260.000000 0.000000 94.600000
v -280.000000 0.000000 94.600000
v -260.000000 0.140000 87.400000
v -280.000000 0.140000 87.400000
v -280.000000 0.000000 87.400000
v -260.000000 0.000000 87.400000
v -280.000000 0.140000 87.400000
v -280.000000 0.140000 94.600000
v -280.000000 0.000000 94.600000
v -280.000000 0.000000 87.400000
v -260.000000 0.140000 94.600000
v -260.000000 0.140000 87.400000
v -260.000000 0.000000 87.400000
v -260.000000 0.000000 94.600000
v -287.000000 10.000000 102.100000
v -253.000000 10.000000 102.100000
v -253.000000 10.000000 103.900000
v -287.000000 10.000000 103.900000
v -287.000000 0.000000 103.900000
v -253.000000 0.000000 103.900000
v -253.000000 0.000000 102.100000
v -287.000000 0.000000 102.100000
v -287.000000 10.000000 103.900000
v -253.000000 10.000000 103.900000
v -253.000000 0.000000 103.900000
v -287.000000 0.000000 103.900000
v -253.000000 10.000000 102.100000
v -287.000000 10.000000 102.100000
v -287.000000 0.000000 102.100000
v -253.000000 0.000000 102.100000
v -287.000000 10.000000 102.100000
v -287.000000 10.000000 103.900000
v -287.000000 0.000000 103.900000
v -287.000000 0.000000 102.100000
v -253.000000 10.000000 103.900000
v -253.000000 10.000000 102.100000
v -253.000000 0.000000 102.100000
v -253.000000 0.000000 103.900000
v -287.900000 10.000000 103.000000
v -287.900000 10.000000 79.000000
v -286.100000 10.000000 79.000000
v -286.100000 10.000000 103.000000
v -286.100000 0.000000 103.000000
v -286.100000 0.000000 79.000000
v -287.900000 0.000000 79.000000
v -287.900000 0.000000 103.000000
v -286.100000 10.000000 103.000000
v -286.100000 10.000000 79.000000
v -286.100000 0.000000 79.000000
v -286.100000 0.000000 103.000000
v -287.900000 10.000000 79.000000
v -287.900000 10.000000 103.000000
v -287.900000 0.000000 103.000000
v -287.900000 0.000000 79.000000
v -287.900000 10.000000 103.000000
v -286.100000 10.000000 103.000000
v -286.100000 0.000000 103.000000
v -287.900000 0.000000 103.000000
v -286.100000 10.000000 79.000000
v -287.900000 10.000000 79.000000
v -287.900000 0.000000 79.000000
v -286.100000 0.000000 79.000000
v -253.900000 10.000000 103.000000
v -253.900000 10.000000 79.000000
v -252.100000 10.000000 79.000000
v -252.100000 10.000000 103.000000
v -252.100000 0.000000 103.000000
v -252.100000 0.000000 79.000000
v -253.900000 0.000000 79.000000
v -253.900000 0.000000 103.000000
v -252.100000 10.000000 103.000000
v -252.100000 10.000000 79.000000
v -252.100000 0.000000 79.000000
v -252.100000 0.000000 103.000000
v -253.900000 10.000000 79.000000
v -253.900000 10.000000 103.000000
v -253.900000 0.000000 103.000000
v -253.900000 0.000000 79.000000
v -253.900000 10.000000 103.000000
v -252.100000 10.000000 103.000000
v -252.100000 0.000000 103.000000
v -253.900000 0.000000 103.000000
v -252.100000 10.000000 79.000000
v -253.900000 10.000000 79.000000
v -253.900000 0.000000 79.000000
v -252.100000 0.000000 79.000000
v -279.000000 8.400000 78.700000
v -277.200000 8.400000 78.700000
v -277.200000 8.400000 80.100000
v -279.000000 8.400000 80.100000
v -279.000000 0.000000 80.100000
v -277.200000 0.000000 80.100000
v -277.200000 0.000000 78.700000
v -279.000000 0.000000 78.700000
v -279.000000 8.400000 80.100000
v -277.200000 8.400000 80.100000
v -277.200000 0.000000 80.100000
v -279.000000 0.000000 80.100000
v -277.200000 8.400000 78.700000
v -279.000000 8.400000 78.700000
v -279.000000 0.000000 78.700000
v -277.200000 0.000000 78.700000
v -279.000000 8.400000 78.700000
v -279.000000 8.400000 80.100000
v -279.000000 0.000000 80.100000
v -279.000000 0.000000 78.700000
v -277.200000 8.400000 80.100000
v -277.200000 8.400000 78.700000
v -277.200000 0.000000 78.700000
v -277.200000 0.000000 80.100000
v -262.800000 8.400000 78.700000
v -261.000000 8.400000 78.700000
v -261.000000 8.400000 80.100000
v -262.800000 8.400000 80.100000
v -262.800000 0.000000 80.100000
v -261.000000 0.000000 80.100000
v -261.000000 0.000000 78.700000
v -262.800000 0.000000 78.700000
v -262.800000 8.400000 80.100000
v -261.000000 8.400000 80.100000
v -261.000000 0.000000 80.100000
v -262.800000 0.000000 80.100000
v -261.000000 8.400000 78.700000
v -262.800000 8.400000 78.700000
v -262.800000 0.000000 78.700000
v -261.000000 0.000000 78.700000
v -262.800000 8.400000 78.700000
v -262.800000 8.400000 80.100000
v -262.800000 0.000000 80.100000
v -262.800000 0.000000 78.700000
v -261.000000 8.400000 80.100000
v -261.000000 8.400000 78.700000
v -261.000000 0.000000 78.700000
v -261.000000 0.000000 80.100000
v -279.000000 10.000000 78.700000
v -261.000000 10.000000 78.700000
v -261.000000 10.000000 80.100000
v -279.000000 10.000000 80.100000
v -279.000000 8.400000 80.100000
v -261.000000 8.400000 80.100000
v -261.000000 8.400000 78.700000
v -279.000000 8.400000 78.700000
v -279.000000 10.000000 80.100000
v -261.000000 10.000000 80.100000
v -261.000000 8.400000 80.100000
v -279.000000 8.400000 80.100000
v -261.000000 10.000000 78.700000
v -279.000000 10.000000 78.700000
v -279.000000 8.400000 78.700000
v -261.000000 8.400000 78.700000
v -279.000000 10.000000 78.700000
v -279.000000 10.000000 80.100000
v -279.000000 8.400000 80.100000
v -279.000000 8.400000 78.700000
v -261.000000 10.000000 80.100000
v -261.000000 10.000000 78.700000
v -261.000000 8.400000 78.700000
v -261.000000 8.400000 80.100000
v -272.830000 8.400000 78.680000
v -272.570000 8.400000 78.680000
v -272.570000 8.400000 80.120000
v -272.830000 8.400000 80.120000
v -272.830000 0.000000 80.120000
v -272.570000 0.000000 80.120000
v -272.570000 0.000000 78.680000
v -272.830000 0.000000 78.680000
v -272.830000 8.400000 80.120000
v -272.570000 8.400000 80.120000
v -272.570000 0.000000 80.120000
v -272.830000 0.000000 80.120000
v -272.570000 8.400000 78.680000
v -272.830000 8.400000 78.680000
v -272.830000 0.000000 78.680000
v -272.570000 0.000000 78.680000
v -272.830000 8.400000 78.680000
v -272.830000 8.400000 80.120000
v -272.830000 0.000000 80.120000
v -272.830000 0.000000 78.680000
v -272.570000 8.400000 80.120000
v -272.570000 8.400000 78.680000
v -272.570000 0.000000 78.680000
v -272.570000 0.000000 80.120000
v -267.430000 8.400000 78.680000
v -267.170000 8.400000 78.680000
v -267.170000 8.400000 80.120000
v -267.430000 8.400000 80.120000
v -267.430000 0.000000 80.120000
v -267.170000 0.000000 80.120000
v -267.170000 0.000000 78.680000
v -267.430000 0.000000 78.680000
v -267.430000 8.400000 80.120000
v -267.170000 8.400000 80.120000
v -267.170000 0.000000 80.120000
v -267.430000 0.000000 80.120000
v -267.170000 8.400000 78.680000
v -267.430000 8.400000 78.680000
v -267.430000 0.000000 78.680000
v -267.170000 0.000000 78.680000
v -267.430000 8.400000 78.680000
v -267.430000 8.400000 80.120000
v -267.430000 0.000000 80.120000
v -267.430000 0.000000 78.680000
v -267.170000 8.400000 80.120000
v -267.170000 8.400000 78.680000
v -267.170000 0.000000 78.680000
v -267.170000 0.000000 80.120000
v -278.100000 4.330000 78.680000
v -261.900000 4.330000 78.680000
v -261.900000 4.330000 80.120000
v -278.100000 4.330000 80.120000
v -278.100000 4.070000 80.120000
v -261.900000 4.070000 80.120000
v -261.900000 4.070000 78.680000
v -278.100000 4.070000 78.680000
v -278.100000 4.330000 80.120000
v -261.900000 4.330000 80.120000
v -261.900000 4.070000 80.120000
v -278.100000 4.070000 80.120000
v -261.900000 4.330000 78.680000
v -278.100000 4.330000 78.680000
v -278.100000 4.070000 78.680000
v -261.900000 4.070000 78.680000
v -278.100000 4.330000 78.680000
v -278.100000 4.330000 80.120000
v -278.100000 4.070000 80.120000
v -278.100000 4.070000 78.680000
v -261.900000 4.330000 80.120000
v -261.900000 4.330000 78.680000
v -261.900000 4.070000 78.680000
v -261.900000 4.070000 80.120000
v -274.200000 1.300000 89.500000
v -265.800000 1.300000 89.500000
v -265.800000 1.300000 96.500000
v -274.200000 1.300000 96.500000
v -274.200000 0.000000 96.500000
v -265.800000 0.000000 96.500000
v -265.800000 0.000000 89.500000
v -274.200000 0.000000 89.500000
v -274.200000 1.300000 96.500000
v -265.800000 1.300000 96.500000
v -265.800000 0.000000 96.500000
v -274.200000 0.000000 96.500000
v -265.800000 1.300000 89.500000
v -274.200000 1.300000 89.500000
v -274.200000 0.000000 89.500000
v -265.800000 0.000000 89.500000
v -274.200000 1.300000 89.500000
v -274.200000 1.300000 96.500000
v -274.200000 0.000000 96.500000
v -274.200000 0.000000 89.500000
v -265.800000 1.300000 96.500000
v -265.800000 1.300000 89.500000
v -265.800000 0.000000 89.500000
v -265.800000 0.000000 96.500000
v 54.000000 24.300000 -13.200000
v 62.000000 24.300000 -13.200000
v 62.000000 24.300000 -6.800000
v 54.000000 24.300000 -6.800000
v 54.000000 23.000000 -6.800000
v 62.000000 23.000000 -6.800000
v 62.000000 23.000000 -13.200000
v 54.000000 23.000000 -13.200000
v 54.000000 24.300000 -6.800000
v 62.000000 24.300000 -6.800000
v 62.000000 23.000000 -6.800000
v 54.000000 23.000000 -6.800000
v 62.000000 24.300000 -13.200000
v 54.000000 24.300000 -13.200000
v 54.000000 23.000000 -13.200000
v 62.000000 23.000000 -13.200000
v 54.000000 24.300000 -13.200000
v 54.000000 24.300000 -6.800000
v 54.000000 23.000000 -6.800000
v 54.000000 23.000000 -13.200000
v 62.000000 24.300000 -6.800000
v 62.000000 24.300000 -13.200000
v 62.000000 23.000000 -13.200000
v 62.000000 23.000000 -6.800000
v 207.000000 15.000000 64.000000
v 221.000000 15.000000 64.000000
v 221.000000 15.000000 74.000000
v 207.000000 15.000000 74.000000
v 207.000000 -13.000000 74.000000
v 221.000000 -13.000000 74.000000
v 221.000000 -13.000000 64.000000
v 207.000000 -13.000000 64.000000
v 207.000000 15.000000 74.000000
v 221.000000 15.000000 74.000000
v 221.000000 -13.000000 74.000000
v 207.000000 -13.000000 74.000000
v 221.000000 15.000000 64.000000
v 207.000000 15.000000 64.000000
v 207.000000 -13.000000 64.000000
v 221.000000 -13.000000 64.000000
v 207.000000 15.000000 64.000000
v 207.000000 15.000000 74.000000
v 207.000000 -13.000000 74.000000
v 207.000000 -13.000000 64.000000
v 221.000000 15.000000 74.000000
v 221.000000 15.000000 64.000000
v 221.000000 -13.000000 64.000000
v 221.000000 -13.000000 74.000000
v 261.000000 20.000000 92.000000
v 279.000000 20.000000 92.000000
v 279.000000 20.000000 106.000000
v 261.000000 20.000000 106.000000
v 261.000000 -13.000000 106.000000
v 279.000000 -13.000000 106.000000
v 279.000000 -13.000000 92.000000
v 261.000000 -13.000000 92.000000
v 261.000000 20.000000 106.000000
v 279.000000 20.000000 106.000000
v 279.000000 -13.000000 106.000000
v 261.000000 -13.000000 106.000000
v 279.000000 20.000000 92.000000
v 261.000000 20.000000 92.000000
v 261.000000 -13.000000 92.000000
v 279.000000 -13.000000 92.000000
v 261.000000 20.000000 92.000000
v 261.000000 20.000000 106.000000
v 261.000000 -13.000000 106.000000
v 261.000000 -13.000000 92.000000
v 279.000000 20.000000 106.000000
v 279.000000 20.000000 92.000000
v 279.000000 -13.000000 92.000000
v 279.000000 -13.000000 106.000000
v 261.000000 13.000000 76.000000
v 279.000000 13.000000 76.000000
v 279.000000 13.000000 92.000000
v 261.000000 13.000000 92.000000
v 261.000000 -13.000000 92.000000
v 279.000000 -13.000000 92.000000
v 279.000000 -13.000000 76.000000
v 261.000000 -13.000000 76.000000
v 261.000000 13.000000 92.000000
v 279.000000 13.000000 92.000000
v 279.000000 -13.000000 92.000000
v 261.000000 -13.000000 92.000000
v 279.000000 13.000000 76.000000
v 261.000000 13.000000 76.000000
v 261.000000 -13.000000 76.000000
v 279.000000 -13.000000 76.000000
v 261.000000 13.000000 76.000000
v 261.000000 13.000000 92.000000
v 261.000000 -13.000000 92.000000
v 261.000000 -13.000000 76.000000
v 279.000000 13.000000 92.000000
v 279.000000 13.000000 76.000000
v 279.000000 -13.000000 76.000000
v 279.000000 -13.000000 92.000000
v 244.362691 13.000000 59.050294
v 258.554609 13.000000 51.661828
v 269.637309 13.000000 72.949706
v 255.445391 13.000000 80.338172
v 255.445391 -13.000000 80.338172
v 269.637309 -13.000000 72.949706
v 258.554609 -13.000000 51.661828
v 244.362691 -13.000000 59.050294
v 255.445391 13.000000 80.338172
v 269.637309 13.000000 72.949706
v 269.637309 -13.000000 72.949706
v 255.445391 -13.000000 80.338172
v 258.554609 13.000000 51.661828
v 244.362691 13.000000 59.050294
v 244.362691 -13.000000 59.050294
v 258.554609 -13.000000 51.661828
v 244.362691 13.000000 59.050294
v 255.445391 13.000000 80.338172
v 255.445391 -13.000000 80.338172
v 244.362691 -13.000000 59.050294
v 269.637309 13.000000 72.949706
v 258.554609 13.000000 51.661828
v 258.554609 -13.000000 51.661828
v 269.637309 -13.000000 72.949706
v 264.000000 20.140000 96.200000
v 276.000000 20.140000 96.200000
v 276.000000 20.140000 101.800000
v 264.000000 20.140000 101.800000
v 264.000000 20.000000 101.800000
v 276.000000 20.000000 101.800000
v 276.000000 20.000000 96.200000
v 264.000000 20.000000 96.200000
v 264.000000 20.140000 101.800000
v 276.000000 20.140000 101.800000
v 276.000000 20.000000 101.800000
v 264.000000 20.000000 101.800000
v 276.000000 20.140000 96.200000
v 264.000000 20.140000 96.200000
v 264.000000 20.000000 96.200000
v 276.000000 20.000000 96.200000
v 264.000000 20.140000 96.200000
v 264.000000 20.140000 101.800000
v 264.000000 20.000000 101.800000
v 264.000000 20.000000 96.200000
v 276.000000 20.140000 101.800000
v 276.000000 20.140000 96.200000
v 276.000000 20.000000 96.200000
v 276.000000 20.000000 101.800000
v 266.000000 21.300000 95.800000
v 274.000000 21.300000 95.800000
v 274.000000 21.300000 102.200000
v 266.000000 21.300000 102.200000
v 266.000000 20.000000 102.200000
v 274.000000 20.000000 102.200000
v 274.000000 20.000000 95.800000
v 266.000000 20.000000 95.800000
v 266.000000 21.300000 102.200000
v 274.000000 21.300000 102.200000
v 274.000000 20.000000 102.200000
v 266.000000 20.000000 102.200000
v 274.000000 21.300000 95.800000
v 266.000000 21.300000 95.800000
v 266.000000 20.000000 95.800000
v 274.000000 20.000000 95.800000
v 266.000000 21.300000 95.800000
v 266.000000 21.300000 102.200000
v 266.000000 20.000000 102.200000
v 266.000000 20.000000 95.800000
v 274.000000 21.300000 102.200000
v 274.000000 21.300000 95.800000
v 274.000000 20.000000 95.800000
v 274.000000 20.000000 102.200000
v -320.000000 5.400000 48.900000
v -318.200000 5.400000 48.900000
v -318.200000 5.400000 51.100000
v -320.000000 5.400000 51.100000
v -320.000000 0.000000 51.100000
v -318.200000 0.000000 51.100000
v -318.200000 0.000000 48.900000
v -320.000000 0.000000 48.900000
v -320.000000 5.400000 51.100000
v -318.200000 5.400000 51.100000
v -318.200000 0.000000 51.100000
v -320.000000 0.000000 51.100000
v -318.200000 5.400000 48.900000
v -320.000000 5.400000 48.900000
v -320.000000 0.000000 48.900000
v -318.200000 0.000000 48.900000
v -320.000000 5.400000 48.900000
v -320.000000 5.400000 51.100000
v -320.000000 0.000000 51.100000
v -320.000000 0.000000 48.900000
v -318.200000 5.400000 51.100000
v -318.200000 5.400000 48.900000
v -318.200000 0.000000 48.900000
v -318.200000 0.000000 51.100000
v -311.800000 5.400000 48.900000
v -310.000000 5.400000 48.900000
v -310.000000 5.400000 51.100000
v -311.800000 5.400000 51.100000
v -311.800000 0.000000 51.100000
v -310.000000 0.000000 51.100000
v -310.000000 0.000000 48.900000
v -311.800000 0.000000 48.900000
v -311.800000 5.400000 51.100000
v -310.000000 5.400000 51.100000
v -310.000000 0.000000 51.100000
v -311.800000 0.000000 51.100000
v -310.000000 5.400000 48.900000
v -311.800000 5.400000 48.900000
v -311.800000 0.000000 48.900000
v -310.000000 0.000000 48.900000
v -311.800000 5.400000 48.900000
v -311.800000 5.400000 51.100000
v -311.800000 0.000000 51.100000
v -311.800000 0.000000 48.900000
v -310.000000 5.400000 51.100000
v -310.000000 5.400000 48.900000
v -310.000000 0.000000 48.900000
v -310.000000 0.000000 51.100000
v -320.000000 7.000000 48.900000
v -310.000000 7.000000 48.900000
v -310.000000 7.000000 51.100000
v -320.000000 7.000000 51.100000
v -320.000000 5.400000 51.100000
v -310.000000 5.400000 51.100000
v -310.000000 5.400000 48.900000
v -320.000000 5.400000 48.900000
v -320.000000 7.000000 51.100000
v -310.000000 7.000000 51.100000
v -310.000000 5.400000 51.100000
v -320.000000 5.400000 51.100000
v -310.000000 7.000000 48.900000
v -320.000000 7.000000 48.900000
v -320.000000 5.400000 48.900000
v -310.000000 5.400000 48.900000
v -320.000000 7.000000 48.900000
v -320.000000 7.000000 51.100000
v -320.000000 5.400000 51.100000
v -320.000000 5.400000 48.900000
v -310.000000 7.000000 51.100000
v -310.000000 7.000000 48.900000
v -310.000000 5.400000 48.900000
v -310.000000 5.400000 51.100000
v 60.461538 20.900000 39.007692
v 62.123077 20.900000 38.315385
v 63.046154 20.900000 40.530769
v 61.384615 20.900000 41.223077
v 61.384615 15.000000 41.223077
v 63.046154 15.000000 40.530769
v 62.123077 15.000000 38.315385
v 60.461538 15.000000 39.007692
v 61.384615 20.900000 41.223077
v 63.046154 20.900000 40.530769
v 63.046154 15.000000 40.530769
v 61.384615 15.000000 41.223077
v 62.123077 20.900000 38.315385
v 60.461538 20.900000 39.007692
v 60.461538 15.000000 39.007692
v 62.123077 15.000000 38.315385
v 60.461538 20.900000 39.007692
v 61.384615 20.900000 41.223077
v 61.384615 15.000000 41.223077
v 60.461538 15.000000 39.007692
v 63.046154 20.900000 40.530769
v 62.123077 20.900000 38.315385
v 62.123077 15.000000 38.315385
v 63.046154 15.000000 40.530769
v 68.953846 20.900000 35.469231
v 70.615385 20.900000 34.776923
v 71.538462 20.900000 36.992308
v 69.876923 20.900000 37.684615
v 69.876923 15.000000 37.684615
v 71.538462 15.000000 36.992308
v 70.615385 15.000000 34.776923
v 68.953846 15.000000 35.469231
v 69.876923 20.900000 37.684615
v 71.538462 20.900000 36.992308
v 71.538462 15.000000 36.992308
v 69.876923 15.000000 37.684615
v 70.615385 20.900000 34.776923
v 68.953846 20.900000 35.469231
v 68.953846 15.000000 35.469231
v 70.615385 15.000000 34.776923
v 68.953846 20.900000 35.469231
v 69.876923 20.900000 37.684615
v 69.876923 15.000000 37.684615
v 68.953846 15.000000 35.469231
v 71.538462 20.900000 36.992308
v 70.615385 20.900000 34.776923
v 70.615385 15.000000 34.776923
v 71.538462 15.000000 36.992308
v 60.461538 22.500000 39.007692
v 70.615385 22.500000 34.776923
v 71.538462 22.500000 36.992308
v 61.384615 22.500000 41.223077
v 61.384615 20.900000 41.223077
v 71.538462 20.900000 36.992308
v 70.615385 20.900000 34.776923
v 60.461538 20.900000 39.007692
v 61.384615 22.500000 41.223077
v 71.538462 22.500000 36.992308
v 71.538462 20.900000 36.992308
v 61.384615 20.900000 41.223077
v 70.615385 22.500000 34.776923
v 60.461538 22.500000 39.007692
v 60.461538 20.900000 39.007692
v 70.615385 20.900000 34.776923
v 60.461538 22.500000 39.007692
v 61.384615 22.500000 41.223077
v 61.384615 20.900000 41.223077
v 60.461538 20.900000 39.007692
v 71.538462 22.500000 36.992308
v 70.615385 22.500000 34.776923
v 70.615385 20.900000 34.776923
v 71.538462 20.900000 36.992308
v 131.691313 20.900000 27.127076
v 133.477414 20.900000 27.350338
v 133.179730 20.900000 29.731805
v 131.393630 20.900000 29.508542
v 131.393630 15.000000 29.508542
v 133.179730 15.000000 29.731805
v 133.477414 15.000000 27.350338
v 131.691313 15.000000 27.127076
v 131.393630 20.900000 29.508542
v 133.179730 20.900000 29.731805
v 133.179730 15.000000 29.731805
v 131.393630 15.000000 29.508542
v 133.477414 20.900000 27.350338
v 131.691313 20.900000 27.127076
v 131.691313 15.000000 27.127076
v 133.477414 15.000000 27.350338
v 131.691313 20.900000 27.127076
v 131.393630 20.900000 29.508542
v 131.393630 15.000000 29.508542
v 131.691313 15.000000 27.127076
v 133.179730 20.900000 29.731805
v 133.477414 20.900000 27.350338
v 133.477414 15.000000 27.350338
v 133.179730 15.000000 29.731805
v 140.820270 20.900000 28.268195
v 142.606370 20.900000 28.491458
v 142.308687 20.900000 30.872924
v 140.522586 20.900000 30.649662
v 140.522586 15.000000 30.649662
v 142.308687 15.000000 30.872924
v 142.606370 15.000000 28.491458
v 140.820270 15.000000 28.268195
v 140.522586 20.900000 30.649662
v 142.308687 20.900000 30.872924
v 142.308687 15.000000 30.872924
v 140.522586 15.000000 30.649662
v 142.606370 20.900000 28.491458
v 140.820270 20.900000 28.268195
v 140.820270 15.000000 28.268195
v 142.606370 15.000000 28.491458
v 140.820270 20.900000 28.268195
v 140.522586 20.900000 30.649662
v 140.522586 15.000000 30.649662
v 140.820270 15.000000 28.268195
v 142.308687 20.900000 30.872924
v 142.606370 20.900000 28.491458
v 142.606370 15.000000 28.491458
v 142.308687 15.000000 30.872924
v 131.691313 22.500000 27.127076
v 142.606370 22.500000 28.491458
v 142.308687 22.500000 30.872924
v 131.393630 22.500000 29.508542
v 131.393630 20.900000 29.508542
v 142.308687 20.900000 30.872924
v 142.606370 20.900000 28.491458
v 131.691313 20.900000 27.127076
v 131.393630 22.500000 29.508542
v 142.308687 22.500000 30.872924
v 142.308687 20.900000 30.872924
v 131.393630 20.900000 29.508542
v 142.606370 22.500000 28.491458
v 131.691313 22.500000 27.127076
v 131.691313 20.900000 27.127076
v 142.606370 20.900000 28.491458
v 131.691313 22.500000 27.127076
v 131.393630 22.500000 29.508542
v 131.393630 20.900000 29.508542
v 131.691313 20.900000 27.127076
v 142.308687 22.500000 30.872924
v 142.606370 22.500000 28.491458
v 142.606370 20.900000 28.491458
v 142.308687 20.900000 30.872924
v 273.000000 23.400000 26.750000
v 274.800000 23.400000 26.750000
v 274.800000 23.400000 29.250000
v 273.000000 23.400000 29.250000
v 273.000000 17.000000 29.250000
v 274.800000 17.000000 29.250000
v 274.800000 17.000000 26.750000
v 273.000000 17.000000 26.750000
v 273.000000 23.400000 29.250000
v 274.800000 23.400000 29.250000
v 274.800000 17.000000 29.250000
v 273.000000 17.000000 29.250000
v 274.800000 23.400000 26.750000
v 273.000000 23.400000 26.750000
v 273.000000 17.000000 26.750000
v 274.800000 17.000000 26.750000
v 273.000000 23.400000 26.750000
v 273.000000 23.400000 29.250000
v 273.000000 17.000000 29.250000
v 273.000000 17.000000 26.750000
v 274.800000 23.400000 29.250000
v 274.800000 23.400000 26.750000
v 274.800000 17.000000 26.750000
v 274.800000 17.000000 29.250000
v 283.200000 23.400000 26.750000
v 285.000000 23.400000 26.750000
v 285.000000 23.400000 29.250000
v 283.200000 23.400000 29.250000
v 283.200000 17.000000 29.250000
v 285.000000 17.000000 29.250000
v 285.000000 17.000000 26.750000
v 283.200000 17.000000 26.750000
v 283.200000 23.400000 29.250000
v 285.000000 23.400000 29.250000
v 285.000000 17.000000 29.250000
v 283.200000 17.000000 29.250000
v 285.000000 23.400000 26.750000
v 283.200000 23.400000 26.750000
v 283.200000 17.000000 26.750000
v 285.000000 17.000000 26.750000
v 283.200000 23.400000 26.750000
v 283.200000 23.400000 29.250000
v 283.200000 17.000000 29.250000
v 283.200000 17.000000 26.750000
v 285.000000 23.400000 29.250000
v 285.000000 23.400000 26.750000
v 285.000000 17.000000 26.750000
v 285.000000 17.000000 29.250000
v 273.000000 25.000000 26.750000
v 285.000000 25.000000 26.750000
v 285.000000 25.000000 29.250000
v 273.000000 25.000000 29.250000
v 273.000000 23.400000 29.250000
v 285.000000 23.400000 29.250000
v 285.000000 23.400000 26.750000
v 273.000000 23.400000 26.750000
v 273.000000 25.000000 29.250000
v 285.000000 25.000000 29.250000
v 285.000000 23.400000 29.250000
v 273.000000 23.400000 29.250000
v 285.000000 25.000000 26.750000
v 273.000000 25.000000 26.750000
v 273.000000 23.400000 26.750000
v 285.000000 23.400000 26.750000
v 273.000000 25.000000 26.750000
v 273.000000 25.000000 29.250000
v 273.000000 23.400000 29.250000
v 273.000000 23.400000 26.750000
v 285.000000 25.000000 29.250000
v 285.000000 25.000000 26.750000
v 285.000000 23.400000 26.750000
v 285.000000 23.400000 29.250000
v 285.000000 18.300000 18.000000
v 305.000000 18.300000 18.000000
v 305.000000 18.300000 38.000000
v 285.000000 18.300000 38.000000
v 285.000000 17.000000 38.000000
v 305.000000 17.000000 38.000000
v 305.000000 17.000000 18.000000
v 285.000000 17.000000 18.000000
v 285.000000 18.300000 38.000000
v 305.000000 18.300000 38.000000
v 305.000000 17.000000 38.000000
v 285.000000 17.000000 38.000000
v 305.000000 18.300000 18.000000
v 285.000000 18.300000 18.000000
v 285.000000 17.000000 18.000000
v 305.000000 17.000000 18.000000
v 285.000000 18.300000 18.000000
v 285.000000 18.300000 38.000000
v 285.000000 17.000000 38.000000
v 285.000000 17.000000 18.000000
v 305.000000 18.300000 38.000000
v 305.000000 18.300000 18.000000
v 305.000000 17.000000 18.000000
v 305.000000 17.000000 38.000000
vt -28.800000 -2.240000
vt -24.000000 -2.240000
vt -24.000000 -5.760000
vt -28.800000 -5.760000
vt -28.800000 -5.760000
vt -24.000000 -5.760000
vt -24.000000 -2.240000
vt -28.800000 -2.240000
vt -28.800000 0.000000
vt -24.000000 0.000000
vt -24.000000 -1.040000
vt -28.800000 -1.040000
vt -24.000000 0.000000
vt -28.800000 0.000000
vt -28.800000 -1.040000
vt -24.000000 -1.040000
vt -2.240000 0.000000
vt -5.760000 0.000000
vt -5.760000 -1.040000
vt -2.240000 -1.040000
vt -5.760000 0.000000
vt -2.240000 0.000000
vt -2.240000 -1.040000
vt -5.760000 -1.040000
vt -24.000000 -2.880000
vt -20.000000 -2.880000
vt -20.000000 -5.120000
vt -24.000000 -5.120000
vt -24.000000 -5.120000
vt -20.000000 -5.120000
vt -20.000000 -2.880000
vt -24.000000 -2.880000
vt -24.000000 0.000000
vt -20.000000 0.000000
vt -20.000000 -1.040000
vt -24.000000 -1.040000
vt -20.000000 0.000000
vt -24.000000 0.000000
vt -24.000000 -1.040000
vt -20.000000 -1.040000
vt -2.880000 0.000000
vt -5.120000 0.000000
vt -5.120000 -1.040000
vt -2.880000 -1.040000
vt -5.120000 0.000000
vt -2.880000 0.000000
vt -2.880000 -1.040000
vt -5.120000 -1.040000
vt -20.779091 -2.540303
vt -17.364189 -1.686578
vt -16.820909 -3.859697
vt -20.235811 -4.713422
vt -20.235811 -4.713422
vt -16.820909 -3.859697
vt -17.364189 -1.686578
vt -20.779091 -2.540303
vt -20.235811 0.000000
vt -16.820909 0.000000
vt -16.820909 -1.040000
vt -20.235811 -1.040000
vt -17.364189 0.000000
vt -20.779091 0.000000
vt -20.779091 -1.040000
vt -17.364189 -1.040000
vt -2.540303 0.000000
vt -4.713422 0.000000
vt -4.713422 -1.040000
vt -2.540303 -1.040000
vt -3.859697 0.000000
vt -1.686578 0.000000
vt -1.686578 -1.040000
vt -3.859697 -1.040000
vt -17.413725 -1.783886
vt -16.171943 -1.473440
vt -15.706275 -3.336114
vt -16.948057 -3.646560
vt -16.948057 -3.646560
vt -15.706275 -3.336114
vt -16.171943 -1.473440
vt -17.413725 -1.783886
vt -16.948057 0.000000
vt -15.706275 0.000000
vt -15.706275 -1.040000
vt -16.948057 -1.040000
vt -16.171943 0.000000
vt -17.413725 0.000000
vt -17.413725 -1.040000
vt -16.171943 -1.040000
vt -1.783886 0.000000
vt -3.646560 0.000000
vt -3.646560 -1.040000
vt -1.783886 -1.040000
vt -3.336114 0.000000
vt -1.473440 0.000000
vt -1.473440 -1.040000
vt -3.336114 -1.040000
vt -16.263161 -1.512461
vt -15.526695 -1.200022
vt -14.776839 -2.967539
vt -15.513305 -3.279978
vt -15.513305 -3.279978
vt -14.776839 -2.967539
vt -15.526695 -1.200022
vt -16.263161 -1.512461
vt -15.513305 0.160000
vt -14.776839 0.160000
vt -14.776839 -1.040000
vt -15.513305 -1.040000
vt -15.526695 0.160000
vt -16.263161 0.160000
vt -16.263161 -1.040000
vt -15.526695 -1.040000
vt -1.512461 0.160000
vt -3.279978 0.160000
vt -3.279978 -1.040000
vt -1.512461 -1.040000
vt -2.967539 0.160000
vt -1.200022 0.160000
vt -1.200022 -1.040000
vt -2.967539 -1.040000
vt -15.463161 -1.112461
vt -14.726695 -0.800022
vt -13.976839 -2.567539
vt -14.713305 -2.879978
vt -14.713305 -2.879978
vt -13.976839 -2.567539
vt -14.726695 -0.800022
vt -15.463161 -1.112461
vt -14.713305 0.320000
vt -13.976839 0.320000
vt -13.976839 -1.040000
vt -14.713305 -1.040000
vt -14.726695 0.320000
vt -15.463161 0.320000
vt -15.463161 -1.040000
vt -14.726695 -1.040000
vt -1.112461 0.320000
vt -2.879978 0.320000
vt -2.879978 -1.040000
vt -1.112461 -1.040000
vt -2.567539 0.320000
vt -0.800022 0.320000
vt -0.800022 -1.040000
vt -2.567539 -1.040000
vt -14.663161 -0.712461
vt -13.926695 -0.400022
vt -13.176839 -2.167539
vt -13.913305 -2.479978
vt -13.913305 -2.479978
vt -13.176839 -2.167539
vt -13.926695 -0.400022
vt -14.663161 -0.712461
vt -13.913305 0.480000
vt -13.176839 0.480000
vt -13.176839 -1.040000
vt -13.913305 -1.040000
vt -13.926695 0.480000
vt -14.663161 0.480000
vt -14.663161 -1.040000
vt -13.926695 -1.040000
vt -0.712461 0.480000
vt -2.479978 0.480000
vt -2.479978 -1.040000
vt -0.712461 -1.040000
vt -2.167539 0.480000
vt -0.400022 0.480000
vt -0.400022 -1.040000
vt -2.167539 -1.040000
vt -13.520000 0.480000
vt -7.280000 0.480000
vt -7.280000 -2.720000
vt -13.520000 -2.720000
vt -13.520000 -2.720000
vt -7.280000 -2.720000
vt -7.280000 0.480000
vt -13.520000 0.480000
vt -13.520000 0.480000
vt -7.280000 0.480000
vt -7.280000 -1.040000
vt -13.520000 -1.040000
vt -7.280000 0.480000
vt -13.520000 0.480000
vt -13.520000 -1.040000
vt -7.280000 -1.040000
vt 0.480000 0.480000
vt -2.720000 0.480000
vt -2.720000 -1.040000
vt 0.480000 -1.040000
vt -2.720000 0.480000
vt 0.480000 0.480000
vt 0.480000 -1.040000
vt -2.720000 -1.040000
vt -7.132081 -1.015345
vt -4.868904 -1.814113
vt -5.507919 -3.624655
vt -7.771096 -2.825887
vt -7.771096 -2.825887
vt -5.507919 -3.624655
vt -4.868904 -1.814113
vt -7.132081 -1.015345
vt -7.771096 0.480000
vt -5.507919 0.480000
vt -5.507919 -1.040000
vt -7.771096 -1.040000
vt -4.868904 0.480000
vt -7.132081 0.480000
vt -7.132081 -1.040000
vt -4.868904 -1.040000
vt -1.015345 0.480000
vt -2.825887 0.480000
vt -2.825887 -1.040000
vt -1.015345 -1.040000
vt -3.624655 0.480000
vt -1.814113 0.480000
vt -1.814113 -1.040000
vt -3.624655 -1.040000
vt -5.350509 -2.223481
vt -4.143481 -2.649491
vt -4.569491 -3.856519
vt -5.776519 -3.430509
vt -5.776519 -3.430509
vt -4.569491 -3.856519
vt -4.143481 -2.649491
vt -5.350509 -2.223481
vt -5.776519 0.480000
vt -4.569491 0.480000
vt -4.569491 -1.040000
vt -5.776519 -1.040000
vt -4.143481 0.480000
vt -5.350509 0.480000
vt -5.350509 -1.040000
vt -4.143481 -1.040000
vt -2.223481 0.480000
vt -3.430509 0.480000
vt -3.430509 -1.040000
vt -2.223481 -1.040000
vt -3.856519 0.480000
vt -2.649491 0.480000
vt -2.649491 -1.040000
vt -3.856519 -1.040000
vt -1.600000 -2.880000
vt 2.240000 -2.880000
vt 2.240000 -5.440000
vt -1.600000 -5.440000
vt -1.600000 -5.440000
vt 2.240000 -5.440000
vt 2.240000 -2.880000
vt -1.600000 -2.880000
vt -1.600000 1.200000
vt 2.240000 1.200000
vt 2.240000 -1.040000
vt -1.600000 -1.040000
vt 2.240000 1.200000
vt -1.600000 1.200000
vt -1.600000 -1.040000
vt 2.240000 -1.040000
vt -2.880000 1.200000
vt -5.440000 1.200000
vt -5.440000 -1.040000
vt -2.880000 -1.040000
vt -5.440000 1.200000
vt -2.880000 1.200000
vt -2.880000 -1.040000
vt -5.440000 -1.040000
vt 2.065474 -3.243936
vt 2.539893 -3.170948
vt 2.734526 -4.436064
vt 2.260107 -4.509052
vt 2.260107 -4.509052
vt 2.734526 -4.436064
vt 2.539893 -3.170948
vt 2.065474 -3.243936
vt 2.260107 1.200000
vt 2.734526 1.200000
vt 2.734526 -1.040000
vt 2.260107 -1.040000
vt 2.539893 1.200000
vt 2.065474 1.200000
vt 2.065474 -1.040000
vt 2.539893 -1.040000
vt -3.243936 1.200000
vt -4.509052 1.200000
vt -4.509052 -1.040000
vt -3.243936 -1.040000
vt -4.436064 1.200000
vt -3.170948 1.200000
vt -3.170948 -1.040000
vt -4.436064 -1.040000
vt 4.240000 -0.560000
vt 5.360000 -0.560000
vt 5.360000 -1.680000
vt 4.240000 -1.680000
vt 4.240000 -1.680000
vt 5.360000 -1.680000
vt 5.360000 -0.560000
vt 4.240000 -0.560000
vt 4.240000 1.200000
vt 5.360000 1.200000
vt 5.360000 -1.040000
vt 4.240000 -1.040000
vt 5.360000 1.200000
vt 4.240000 1.200000
vt 4.240000 -1.040000
vt 5.360000 -1.040000
vt -0.560000 1.200000
vt -1.680000 1.200000
vt -1.680000 -1.040000
vt -0.560000 -1.040000
vt -1.680000 1.200000
vt -0.560000 1.200000
vt -0.560000 -1.040000
vt -1.680000 -1.040000
vt 3.840000 1.440000
vt 5.440000 1.440000
vt 5.440000 0.160000
vt 3.840000 0.160000
vt 3.840000 0.160000
vt 5.440000 0.160000
vt 5.440000 1.440000
vt 3.840000 1.440000
vt 3.840000 1.840000
vt 5.440000 1.840000
vt 5.440000 -1.040000
vt 3.840000 -1.040000
vt 5.440000 1.840000
vt 3.840000 1.840000
vt 3.840000 -1.040000
vt 5.440000 -1.040000
vt 1.440000 1.840000
vt 0.160000 1.840000
vt 0.160000 -1.040000
vt 1.440000 -1.040000
vt 0.160000 1.840000
vt 1.440000 1.840000
vt 1.440000 -1.040000
vt 0.160000 -1.040000
vt 5.200000 0.640000
vt 6.320000 0.640000
vt 6.320000 -0.960000
vt 5.200000 -0.960000
vt 5.200000 -0.960000
vt 6.320000 -0.960000
vt 6.320000 0.640000
vt 5.200000 0.640000
vt 5.200000 1.200000
vt 6.320000 1.200000
vt 6.320000 -1.040000
vt 5.200000 -1.040000
vt 6.320000 1.200000
vt 5.200000 1.200000
vt 5.200000 -1.040000
vt 6.320000 -1.040000
vt 0.640000 1.200000
vt -0.960000 1.200000
vt -0.960000 -1.040000
vt 0.640000 -1.040000
vt -0.960000 1.200000
vt 0.640000 1.200000
vt 0.640000 -1.040000
vt -0.960000 -1.040000
vt 4.615385 -2.436923
vt 5.649231 -2.006154
vt 6.264615 -3.483077
vt 5.230769 -3.913846
vt 5.230769 -3.913846
vt 6.264615 -3.483077
vt 5.649231 -2.006154
vt 4.615385 -2.436923
vt 5.230769 1.200000
vt 6.264615 1.200000
vt 6.264615 -1.040000
vt 5.230769 -1.040000
vt 5.649231 1.200000
vt 4.615385 1.200000
vt 4.615385 -1.040000
vt 5.649231 -1.040000
vt -2.436923 1.200000
vt -3.913846 1.200000
vt -3.913846 -1.040000
vt -2.436923 -1.040000
vt -3.483077 1.200000
vt -2.006154 1.200000
vt -2.006154 -1.040000
vt -3.483077 -1.040000
vt 4.036800 -0.548800
vt 4.091200 -0.548800
vt 4.091200 -0.603200
vt 4.036800 -0.603200
vt 4.036800 -0.603200
vt 4.091200 -0.603200
vt 4.091200 -0.548800
vt 4.036800 -0.548800
vt 4.036800 1.840000
vt 4.091200 1.840000
vt 4.091200 1.200000
vt 4.036800 1.200000
vt 4.091200 1.840000
vt 4.036800 1.840000
vt 4.036800 1.200000
vt 4.091200 1.200000
vt -0.548800 1.840000
vt -0.603200 1.840000
vt -0.603200 1.200000
vt -0.548800 1.200000
vt -0.603200 1.840000
vt -0.548800 1.840000
vt -0.548800 1.200000
vt -0.603200 1.200000
vt 5.188800 -0.548800
vt 5.243200 -0.548800
vt 5.243200 -0.603200
vt 5.188800 -0.603200
vt 5.188800 -0.603200
vt 5.243200 -0.603200
vt 5.243200 -0.548800
vt 5.188800 -0.548800
vt 5.188800 1.840000
vt 5.243200 1.840000
vt 5.243200 1.200000
vt 5.188800 1.200000
vt 5.243200 1.840000
vt 5.188800 1.840000
vt 5.188800 1.200000
vt 5.243200 1.200000
vt -0.548800 1.840000
vt -0.603200 1.840000
vt -0.603200 1.200000
vt -0.548800 1.200000
vt -0.603200 1.840000
vt -0.548800 1.840000
vt -0.548800 1.200000
vt -0.603200 1.200000
vt 4.032000 -0.548800
vt 5.248000 -0.548800
vt 5.248000 -0.603200
vt 4.032000 -0.603200
vt 4.032000 -0.603200
vt 5.248000 -0.603200
vt 5.248000 -0.548800
vt 4.032000 -0.548800
vt 4.032000 1.864000
vt 5.248000 1.864000
vt 5.248000 1.840000
vt 4.032000 1.840000
vt 5.248000 1.864000
vt 4.032000 1.864000
vt 4.032000 1.840000
vt 5.248000 1.840000
vt -0.548800 1.864000
vt -0.603200 1.864000
vt -0.603200 1.840000
vt -0.548800 1.840000
vt -0.603200 1.864000
vt -0.548800 1.864000
vt -0.548800 1.840000
vt -0.603200 1.840000
vt 8.000000 -2.560000
vt 10.880000 -2.560000
vt 10.739043 -1.867802
vt 10.739043 -1.867802
vt 10.880000 -2.560000
vt 8.000000 -2.560000
vt -1.867802 1.200000
vt -2.560000 1.200000
vt -2.560000 -1.040000
vt -1.867802 -1.040000
vt 8.000000 -2.560000
vt 10.739043 -1.867802
vt 10.329969 -1.243361
vt 10.329969 -1.243361
vt 10.739043 -1.867802
vt 8.000000 -2.560000
vt -1.243361 1.200000
vt -1.867802 1.200000
vt -1.867802 -1.040000
vt -1.243361 -1.040000
vt 8.000000 -2.560000
vt 10.329969 -1.243361
vt 9.692822 -0.747802
vt 9.692822 -0.747802
vt 10.329969 -1.243361
vt 8.000000 -2.560000
vt 9.692822 1.200000
vt 10.329969 1.200000
vt 10.329969 -1.040000
vt 9.692822 -1.040000
vt 8.000000 -2.560000
vt 9.692822 -0.747802
vt 8.889969 -0.429633
vt 8.889969 -0.429633
vt 9.692822 -0.747802
vt 8.000000 -2.560000
vt 8.889969 1.200000
vt 9.692822 1.200000
vt 9.692822 -1.040000
vt 8.889969 -1.040000
vt 8.000000 -2.560000
vt 8.889969 -0.429633
vt 8.000000 -0.320000
vt 8.000000 -0.320000
vt 8.889969 -0.429633
vt 8.000000 -2.560000
vt 8.000000 1.200000
vt 8.889969 1.200000
vt 8.889969 -1.040000
vt 8.000000 -1.040000
vt 8.000000 -2.560000
vt 8.000000 -0.320000
vt 7.110031 -0.429633
vt 7.110031 -0.429633
vt 8.000000 -0.320000
vt 8.000000 -2.560000
vt 7.110031 1.200000
vt 8.000000 1.200000
vt 8.000000 -1.040000
vt 7.110031 -1.040000
vt 8.000000 -2.560000
vt 7.110031 -0.429633
vt 6.307178 -0.747802
vt 6.307178 -0.747802
vt 7.110031 -0.429633
vt 8.000000 -2.560000
vt 6.307178 1.200000
vt 7.110031 1.200000
vt 7.110031 -1.040000
vt 6.307178 -1.040000
vt 8.000000 -2.560000
vt 6.307178 -0.747802
vt 5.670031 -1.243361
vt 5.670031 -1.243361
vt 6.307178 -0.747802
vt 8.000000 -2.560000
vt 5.670031 1.200000
vt 6.307178 1.200000
vt 6.307178 -1.040000
vt 5.670031 -1.040000
vt 8.000000 -2.560000
vt 5.670031 -1.243361
vt 5.260957 -1.867802
vt 5.260957 -1.867802
vt 5.670031 -1.243361
vt 8.000000 -2.560000
vt -1.867802 1.200000
vt -1.243361 1.200000
vt -1.243361 -1.040000
vt -1.867802 -1.040000
vt 8.000000 -2.560000
vt 5.260957 -1.867802
vt 5.120000 -2.560000
vt 5.120000 -2.560000
vt 5.260957 -1.867802
vt 8.000000 -2.560000
vt -2.560000 1.200000
vt -1.867802 1.200000
vt -1.867802 -1.040000
vt -2.560000 -1.040000
vt 8.000000 -2.560000
vt 5.120000 -2.560000
vt 5.260957 -3.252198
vt 5.260957 -3.252198
vt 5.120000 -2.560000
vt 8.000000 -2.560000
vt -3.252198 1.200000
vt -2.560000 1.200000
vt -2.560000 -1.040000
vt -3.252198 -1.040000
vt 8.000000 -2.560000
vt 5.260957 -3.252198
vt 5.670031 -3.876639
vt 5.670031 -3.876639
vt 5.260957 -3.252198
vt 8.000000 -2.560000
vt -3.876639 1.200000
vt -3.252198 1.200000
vt -3.252198 -1.040000
vt -3.876639 -1.040000
vt 8.000000 -2.560000
vt 5.670031 -3.876639
vt 6.307178 -4.372198
vt 6.307178 -4.372198
vt 5.670031 -3.876639
vt 8.000000 -2.560000
vt 6.307178 1.200000
vt 5.670031 1.200000
vt 5.670031 -1.040000
vt 6.307178 -1.040000
vt 8.000000 -2.560000
vt 6.307178 -4.372198
vt 7.110031 -4.690367
vt 7.110031 -4.690367
vt 6.307178 -4.372198
vt 8.000000 -2.560000
vt 7.110031 1.200000
vt 6.307178 1.200000
vt 6.307178 -1.040000
vt 7.110031 -1.040000
vt 8.000000 -2.560000
vt 7.110031 -4.690367
vt 8.000000 -4.800000
vt 8.000000 -4.800000
vt 7.110031 -4.690367
vt 8.000000 -2.560000
vt 8.000000 1.200000
vt 7.110031 1.200000
vt 7.110031 -1.040000
vt 8.000000 -1.040000
vt 8.000000 -2.560000
vt 8.000000 -4.800000
vt 8.889969 -4.690367
vt 8.889969 -4.690367
vt 8.000000 -4.800000
vt 8.000000 -2.560000
vt 8.889969 1.200000
vt 8.000000 1.200000
vt 8.000000 -1.040000
vt 8.889969 -1.040000
vt 8.000000 -2.560000
vt 8.889969 -4.690367
vt 9.692822 -4.372198
vt 9.692822 -4.372198
vt 8.889969 -4.690367
vt 8.000000 -2.560000
vt 9.692822 1.200000
vt 8.889969 1.200000
vt 8.889969 -1.040000
vt 9.692822 -1.040000
vt 8.000000 -2.560000
vt 9.692822 -4.372198
vt 10.329969 -3.876639
vt 10.329969 -3.876639
vt 9.692822 -4.372198
vt 8.000000 -2.560000
vt 10.329969 1.200000
vt 9.692822 1.200000
vt 9.692822 -1.040000
vt 10.329969 -1.040000
vt 8.000000 -2.560000
vt 10.329969 -3.876639
vt 10.739043 -3.252198
vt 10.739043 -3.252198
vt 10.329969 -3.876639
vt 8.000000 -2.560000
vt -3.252198 1.200000
vt -3.876639 1.200000
vt -3.876639 -1.040000
vt -3.252198 -1.040000
vt 8.000000 -2.560000
vt 10.739043 -3.252198
vt 10.880000 -2.560000
vt 10.880000 -2.560000
vt 10.739043 -3.252198
vt 8.000000 -2.560000
vt -2.560000 1.200000
vt -3.252198 1.200000
vt -3.252198 -1.040000
vt -2.560000 -1.040000
vt 8.000000 -2.560000
vt 10.320000 -2.560000
vt 10.206451 -2.040851
vt 10.206451 -2.040851
vt 10.320000 -2.560000
vt 8.000000 -2.560000
vt -2.040851 1.208000
vt -2.560000 1.208000
vt -2.560000 1.200000
vt -2.040851 1.200000
vt 8.000000 -2.560000
vt 10.206451 -2.040851
vt 9.876919 -1.572521
vt 9.876919 -1.572521
vt 10.206451 -2.040851
vt 8.000000 -2.560000
vt -1.572521 1.208000
vt -2.040851 1.208000
vt -2.040851 1.200000
vt -1.572521 1.200000
vt 8.000000 -2.560000
vt 9.876919 -1.572521
vt 9.363662 -1.200851
vt 9.363662 -1.200851
vt 9.876919 -1.572521
vt 8.000000 -2.560000
vt 9.363662 1.208000
vt 9.876919 1.208000
vt 9.876919 1.200000
vt 9.363662 1.200000
vt 8.000000 -2.560000
vt 9.363662 -1.200851
vt 8.716919 -0.962225
vt 8.716919 -0.962225
vt 9.363662 -1.200851
vt 8.000000 -2.560000
vt 8.716919 1.208000
vt 9.363662 1.208000
vt 9.363662 1.200000
vt 8.716919 1.200000
vt 8.000000 -2.560000
vt 8.716919 -0.962225
vt 8.000000 -0.880000
vt 8.000000 -0.880000
vt 8.716919 -0.962225
vt 8.000000 -2.560000
vt 8.000000 1.208000
vt 8.716919 1.208000
vt 8.716919 1.200000
vt 8.000000 1.200000
vt 8.000000 -2.560000
vt 8.000000 -0.880000
vt 7.283081 -0.962225
vt 7.283081 -0.962225
vt 8.000000 -0.880000
vt 8.000000 -2.560000
vt 7.283081 1.208000
vt 8.000000 1.208000
vt 8.000000 1.200000
vt 7.283081 1.200000
vt 8.000000 -2.560000
vt 7.283081 -0.962225
vt 6.636338 -1.200851
vt 6.636338 -1.200851
vt 7.283081 -0.962225
vt 8.000000 -2.560000
vt 6.636338 1.208000
vt 7.283081 1.208000
vt 7.283081 1.200000
vt 6.636338 1.200000
vt 8.000000 -2.560000
vt 6.636338 -1.200851
vt 6.123081 -1.572521
vt 6.123081 -1.572521
vt 6.636338 -1.200851
vt 8.000000 -2.560000
vt 6.123081 1.208000
vt 6.636338 1.208000
vt 6.636338 1.200000
vt 6.123081 1.200000
vt 8.000000 -2.560000
vt 6.123081 -1.572521
vt 5.793549 -2.040851
vt 5.793549 -2.040851
vt 6.123081 -1.572521
vt 8.000000 -2.560000
vt -2.040851 1.208000
vt -1.572521 1.208000
vt -1.572521 1.200000
vt -2.040851 1.200000
vt 8.000000 -2.560000
vt 5.793549 -2.040851
vt 5.680000 -2.560000
vt 5.680000 -2.560000
vt 5.793549 -2.040851
vt 8.000000 -2.560000
vt -2.560000 1.208000
vt -2.040851 1.208000
vt -2.040851 1.200000
vt -2.560000 1.200000
vt 8.000000 -2.560000
vt 5.680000 -2.560000
vt 5.793549 -3.079149
vt 5.793549 -3.079149
vt 5.680000 -2.560000
vt 8.000000 -2.560000
vt -3.079149 1.208000
vt -2.560000 1.208000
vt -2.560000 1.200000
vt -3.079149 1.200000
vt 8.000000 -2.560000
vt 5.793549 -3.079149
vt 6.123081 -3.547479
vt 6.123081 -3.547479
vt 5.793549 -3.079149
vt 8.000000 -2.560000
vt -3.547479 1.208000
vt -3.079149 1.208000
vt -3.079149 1.200000
vt -3.547479 1.200000
vt 8.000000 -2.560000
vt 6.123081 -3.547479
vt 6.636338 -3.919149
vt 6.636338 -3.919149
vt 6.123081 -3.547479
vt 8.000000 -2.560000
vt 6.636338 1.208000
vt 6.123081 1.208000
vt 6.123081 1.200000
vt 6.636338 1.200000
vt 8.000000 -2.560000
vt 6.636338 -3.919149
vt 7.283081 -4.157775
vt 7.283081 -4.157775
vt 6.636338 -3.919149
vt 8.000000 -2.560000
vt 7.283081 1.208000
vt 6.636338 1.208000
vt 6.636338 1.200000
vt 7.283081 1.200000
vt 8.000000 -2.560000
vt 7.283081 -4.157775
vt 8.000000 -4.240000
vt 8.000000 -4.240000
vt 7.283081 -4.157775
vt 8.000000 -2.560000
vt 8.000000 1.208000
vt 7.283081 1.208000
vt 7.283081 1.200000
vt 8.000000 1.200000
vt 8.000000 -2.560000
vt 8.000000 -4.240000
vt 8.716919 -4.157775
vt 8.716919 -4.157775
vt 8.000000 -4.240000
vt 8.000000 -2.560000
vt 8.716919 1.208000
vt 8.000000 1.208000
vt 8.000000 1.200000
vt 8.716919 1.200000
vt 8.000000 -2.560000
vt 8.716919 -4.157775
vt 9.363662 -3.919149
vt 9.363662 -3.919149
vt 8.716919 -4.157775
vt 8.000000 -2.560000
vt 9.363662 1.208000
vt 8.716919 1.208000
vt 8.716919 1.200000
vt 9.363662 1.200000
vt 8.000000 -2.560000
vt 9.363662 -3.919149
vt 9.876919 -3.547479
vt 9.876919 -3.547479
vt 9.363662 -3.919149
vt 8.000000 -2.560000
vt 9.876919 1.208000
vt 9.363662 1.208000
vt 9.363662 1.200000
vt 9.876919 1.200000
vt 8.000000 -2.560000
vt 9.876919 -3.547479
vt 10.206451 -3.079149
vt 10.206451 -3.079149
vt 9.876919 -3.547479
vt 8.000000 -2.560000
vt -3.079149 1.208000
vt -3.547479 1.208000
vt -3.547479 1.200000
vt -3.079149 1.200000
vt 8.000000 -2.560000
vt 10.206451 -3.079149
vt 10.320000 -2.560000
vt 10.320000 -2.560000
vt 10.206451 -3.079149
vt 8.000000 -2.560000
vt -2.560000 1.208000
vt -3.079149 1.208000
vt -3.079149 1.200000
vt -2.560000 1.200000
vt 10.821699 -1.486487
vt 11.456757 -1.565869
vt 11.258301 -3.153513
vt 10.623243 -3.074131
vt 10.623243 -3.074131
vt 11.258301 -3.153513
vt 11.456757 -1.565869
vt 10.821699 -1.486487
vt 10.623243 1.200000
vt 11.258301 1.200000
vt 11.258301 -1.040000
vt 10.623243 -1.040000
vt 11.456757 1.200000
vt 10.821699 1.200000
vt 10.821699 -1.040000
vt 11.456757 -1.040000
vt -1.486487 1.200000
vt -3.074131 1.200000
vt -3.074131 -1.040000
vt -1.486487 -1.040000
vt -3.153513 1.200000
vt -1.565869 1.200000
vt -1.565869 -1.040000
vt -3.153513 -1.040000
vt 11.382317 -1.556564
vt 12.176139 -1.655792
vt 11.977683 -3.243436
vt 11.183861 -3.144208
vt 11.183861 -3.144208
vt 11.977683 -3.243436
vt 12.176139 -1.655792
vt 11.382317 -1.556564
vt 11.183861 1.200000
vt 11.977683 1.200000
vt 11.977683 -1.040000
vt 11.183861 -1.040000
vt 12.176139 1.200000
vt 11.382317 1.200000
vt 11.382317 -1.040000
vt 12.176139 -1.040000
vt -1.556564 1.200000
vt -3.144208 1.200000
vt -3.144208 -1.040000
vt -1.556564 -1.040000
vt -3.243436 1.200000
vt -1.655792 1.200000
vt -1.655792 -1.040000
vt -3.243436 -1.040000
vt 16.240000 -2.880000
vt 18.000000 -2.880000
vt 18.000000 -5.440000
vt 16.240000 -5.440000
vt 16.240000 -5.440000
vt 18.000000 -5.440000
vt 18.000000 -2.880000
vt 16.240000 -2.880000
vt 16.240000 1.040000
vt 18.000000 1.040000
vt 18.000000 -1.040000
vt 16.240000 -1.040000
vt 18.000000 1.040000
vt 16.240000 1.040000
vt 16.240000 -1.040000
vt 18.000000 -1.040000
vt -2.880000 1.040000
vt -5.440000 1.040000
vt -5.440000 -1.040000
vt -2.880000 -1.040000
vt -5.440000 1.040000
vt -2.880000 1.040000
vt -2.880000 -1.040000
vt -5.440000 -1.040000
vt 17.423721 -2.643624
vt 20.176365 -1.796657
vt 20.976279 -4.396376
vt 18.223635 -5.243343
vt 18.223635 -5.243343
vt 20.976279 -4.396376
vt 20.176365 -1.796657
vt 17.423721 -2.643624
vt 18.223635 1.040000
vt 20.976279 1.040000
vt 20.976279 -1.040000
vt 18.223635 -1.040000
vt 20.176365 1.040000
vt 17.423721 1.040000
vt 17.423721 -1.040000
vt 20.176365 -1.040000
vt -2.643624 1.040000
vt -5.243343 1.040000
vt -5.243343 -1.040000
vt -2.643624 -1.040000
vt -4.396376 1.040000
vt -1.796657 1.040000
vt -1.796657 -1.040000
vt -4.396376 -1.040000
vt 20.079011 -1.901013
vt 20.826601 -1.616217
vt 21.680989 -3.858987
vt 20.933399 -4.143783
vt 20.933399 -4.143783
vt 21.680989 -3.858987
vt 20.826601 -1.616217
vt 20.079011 -1.901013
vt 20.933399 1.200000
vt 21.680989 1.200000
vt 21.680989 -1.040000
vt 20.933399 -1.040000
vt 20.826601 1.200000
vt 20.079011 1.200000
vt 20.079011 -1.040000
vt 20.826601 -1.040000
vt -1.901013 1.200000
vt -4.143783 1.200000
vt -4.143783 -1.040000
vt -1.901013 -1.040000
vt -3.858987 1.200000
vt -1.616217 1.200000
vt -1.616217 -1.040000
vt -3.858987 -1.040000
vt 20.785573 -1.585573
vt 21.501115 -1.227802
vt 22.574427 -3.374427
vt 21.858885 -3.732198
vt 21.858885 -3.732198
vt 22.574427 -3.374427
vt 21.501115 -1.227802
vt 20.785573 -1.585573
vt 21.858885 1.360000
vt 22.574427 1.360000
vt 22.574427 -1.040000
vt 21.858885 -1.040000
vt 21.501115 1.360000
vt 20.785573 1.360000
vt 20.785573 -1.040000
vt 21.501115 -1.040000
vt -1.585573 1.360000
vt -3.732198 1.360000
vt -3.732198 -1.040000
vt -1.585573 -1.040000
vt -3.374427 1.360000
vt -1.227802 1.360000
vt -1.227802 -1.040000
vt -3.374427 -1.040000
vt 22.080000 -0.640000
vt 24.640000 -0.640000
vt 24.640000 -3.840000
vt 22.080000 -3.840000
vt 22.080000 -3.840000
vt 24.640000 -3.840000
vt 24.640000 -0.640000
vt 22.080000 -0.640000
vt 22.080000 1.360000
vt 24.640000 1.360000
vt 24.640000 -1.040000
vt 22.080000 -1.040000
vt 24.640000 1.360000
vt 22.080000 1.360000
vt 22.080000 -1.040000
vt 24.640000 -1.040000
vt -0.640000 1.360000
vt -3.840000 1.360000
vt -3.840000 -1.040000
vt -0.640000 -1.040000
vt -3.840000 1.360000
vt -0.640000 1.360000
vt -0.640000 -1.040000
vt -3.840000 -1.040000
vt -28.800000 -3.664000
vt -24.000000 -3.664000
vt -24.000000 -4.336000
vt -28.800000 -4.336000
vt -28.800000 -4.336000
vt -24.000000 -4.336000
vt -24.000000 -3.664000
vt -28.800000 -3.664000
vt -28.800000 0.011200
vt -24.000000 0.011200
vt -24.000000 0.000000
vt -28.800000 0.000000
vt -24.000000 0.011200
vt -28.800000 0.011200
vt -28.800000 0.000000
vt -24.000000 0.000000
vt -3.664000 0.011200
vt -4.336000 0.011200
vt -4.336000 0.000000
vt -3.664000 0.000000
vt -4.336000 0.011200
vt -3.664000 0.011200
vt -3.664000 0.000000
vt -4.336000 0.000000
vt -24.000000 -3.664000
vt -20.000000 -3.664000
vt -20.000000 -4.336000
vt -24.000000 -4.336000
vt -24.000000 -4.336000
vt -20.000000 -4.336000
vt -20.000000 -3.664000
vt -24.000000 -3.664000
vt -24.000000 0.011200
vt -20.000000 0.011200
vt -20.000000 0.000000
vt -24.000000 0.000000
vt -20.000000 0.011200
vt -24.000000 0.011200
vt -24.000000 0.000000
vt -20.000000 0.000000
vt -3.664000 0.011200
vt -4.336000 0.011200
vt -4.336000 0.000000
vt -3.664000 0.000000
vt -4.336000 0.011200
vt -3.664000 0.011200
vt -3.664000 0.000000
vt -4.336000 0.000000
vt -20.588943 -3.300895
vt -17.174041 -2.447169
vt -17.011057 -3.099105
vt -20.425959 -3.952831
vt -20.425959 -3.952831
vt -17.011057 -3.099105
vt -17.174041 -2.447169
vt -20.588943 -3.300895
vt -20.425959 0.011200
vt -17.011057 0.011200
vt -17.011057 0.000000
vt -20.425959 0.000000
vt -17.174041 0.011200
vt -20.588943 0.011200
vt -20.588943 0.000000
vt -17.174041 0.000000
vt -3.300895 0.011200
vt -3.952831 0.011200
vt -3.952831 0.000000
vt -3.300895 0.000000
vt -3.099105 0.011200
vt -2.447169 0.011200
vt -2.447169 0.000000
vt -3.099105 0.000000
vt -17.262383 -2.389255
vt -16.020601 -2.078809
vt -15.857617 -2.730745
vt -17.099399 -3.041191
vt -17.099399 -3.041191
vt -15.857617 -2.730745
vt -16.020601 -2.078809
vt -17.262383 -2.389255
vt -17.099399 0.011200
vt -15.857617 0.011200
vt -15.857617 0.000000
vt -17.099399 0.000000
vt -16.020601 0.011200
vt -17.262383 0.011200
vt -17.262383 0.000000
vt -16.020601 0.000000
vt -2.389255 0.011200
vt -3.041191 0.011200
vt -3.041191 0.000000
vt -2.389255 0.000000
vt -2.730745 0.011200
vt -2.078809 0.011200
vt -2.078809 0.000000
vt -2.730745 0.000000
vt -16.019457 -2.086904
vt -15.282992 -1.774465
vt -15.020543 -2.393096
vt -15.757008 -2.705535
vt -15.757008 -2.705535
vt -15.020543 -2.393096
vt -15.282992 -1.774465
vt -16.019457 -2.086904
vt -15.757008 0.171200
vt -15.020543 0.171200
vt -15.020543 0.160000
vt -15.757008 0.160000
vt -15.282992 0.171200
vt -16.019457 0.171200
vt -16.019457 0.160000
vt -15.282992 0.160000
vt -2.086904 0.171200
vt -2.705535 0.171200
vt -2.705535 0.160000
vt -2.086904 0.160000
vt -2.393096 0.171200
vt -1.774465 0.171200
vt -1.774465 0.160000
vt -2.393096 0.160000
vt -15.219457 -1.686904
vt -14.482992 -1.374465
vt -14.220543 -1.993096
vt -14.957008 -2.305535
vt -14.957008 -2.305535
vt -14.220543 -1.993096
vt -14.482992 -1.374465
vt -15.219457 -1.686904
vt -14.957008 0.331200
vt -14.220543 0.331200
vt -14.220543 0.320000
vt -14.957008 0.320000
vt -14.482992 0.331200
vt -15.219457 0.331200
vt -15.219457 0.320000
vt -14.482992 0.320000
vt -1.686904 0.331200
vt -2.305535 0.331200
vt -2.305535 0.320000
vt -1.686904 0.320000
vt -1.993096 0.331200
vt -1.374465 0.331200
vt -1.374465 0.320000
vt -1.993096 0.320000
vt -14.419457 -1.286904
vt -13.682992 -0.974465
vt -13.420543 -1.593096
vt -14.157008 -1.905535
vt -14.157008 -1.905535
vt -13.420543 -1.593096
vt -13.682992 -0.974465
vt -14.419457 -1.286904
vt -14.157008 0.491200
vt -13.420543 0.491200
vt -13.420543 0.480000
vt -14.157008 0.480000
vt -13.682992 0.491200
vt -14.419457 0.491200
vt -14.419457 0.480000
vt -13.682992 0.480000
vt -1.286904 0.491200
vt -1.905535 0.491200
vt -1.905535 0.480000
vt -1.286904 0.480000
vt -1.593096 0.491200
vt -0.974465 0.491200
vt -0.974465 0.480000
vt -1.593096 0.480000
vt -13.520000 -0.752000
vt -7.280000 -0.752000
vt -7.280000 -1.488000
vt -13.520000 -1.488000
vt -13.520000 -1.488000
vt -7.280000 -1.488000
vt -7.280000 -0.752000
vt -13.520000 -0.752000
vt -13.520000 0.491200
vt -7.280000 0.491200
vt -7.280000 0.480000
vt -13.520000 0.480000
vt -7.280000 0.491200
vt -13.520000 0.491200
vt -13.520000 0.480000
vt -7.280000 0.480000
vt -0.752000 0.491200
vt -1.488000 0.491200
vt -1.488000 0.480000
vt -0.752000 0.480000
vt -1.488000 0.491200
vt -0.752000 0.491200
vt -0.752000 0.480000
vt -1.488000 0.480000
vt -7.329111 -1.573595
vt -5.065934 -2.372364
vt -5.310889 -3.066405
vt -7.574066 -2.267636
vt -7.574066 -2.267636
vt -5.310889 -3.066405
vt -5.065934 -2.372364
vt -7.329111 -1.573595
vt -7.574066 0.491200
vt -5.310889 0.491200
vt -5.310889 0.480000
vt -7.574066 0.480000
vt -5.065934 0.491200
vt -7.329111 0.491200
vt -7.329111 0.480000
vt -5.065934 0.480000
vt -1.573595 0.491200
vt -2.267636 0.491200
vt -2.267636 0.480000
vt -1.573595 0.480000
vt -3.066405 0.491200
vt -2.372364 0.491200
vt -2.372364 0.480000
vt -3.066405 0.480000
vt -5.441036 -2.479975
vt -4.234008 -2.905984
vt -4.478964 -3.600025
vt -5.685992 -3.174016
vt -5.685992 -3.174016
vt -4.478964 -3.600025
vt -4.234008 -2.905984
vt -5.441036 -2.479975
vt -5.685992 0.491200
vt -4.478964 0.491200
vt -4.478964 0.480000
vt -5.685992 0.480000
vt -4.234008 0.491200
vt -5.441036 0.491200
vt -5.441036 0.480000
vt -4.234008 0.480000
vt -2.479975 0.491200
vt -3.174016 0.491200
vt -3.174016 0.480000
vt -2.479975 0.480000
vt -3.600025 0.491200
vt -2.905984 0.491200
vt -2.905984 0.480000
vt -3.600025 0.480000
vt -1.600000 -3.776000
vt 2.240000 -3.776000
vt 2.240000 -4.544000
vt -1.600000 -4.544000
vt -1.600000 -4.544000
vt 2.240000 -4.544000
vt 2.240000 -3.776000
vt -1.600000 -3.776000
vt -1.600000 1.211200
vt 2.240000 1.211200
vt 2.240000 1.200000
vt -1.600000 1.200000
vt 2.240000 1.211200
vt -1.600000 1.211200
vt -1.600000 1.200000
vt 2.240000 1.200000
vt -3.776000 1.211200
vt -4.544000 1.211200
vt -4.544000 1.200000
vt -3.776000 1.200000
vt -4.544000 1.211200
vt -3.776000 1.211200
vt -3.776000 1.200000
vt -4.544000 1.200000
vt 2.106834 -3.512773
vt 2.581252 -3.439785
vt 2.693166 -4.167227
vt 2.218748 -4.240215
vt 2.218748 -4.240215
vt 2.693166 -4.167227
vt 2.581252 -3.439785
vt 2.106834 -3.512773
vt 2.218748 1.211200
vt 2.693166 1.211200
vt 2.693166 1.200000
vt 2.218748 1.200000
vt 2.581252 1.211200
vt 2.106834 1.211200
vt 2.106834 1.200000
vt 2.581252 1.200000
vt -3.512773 1.211200
vt -4.240215 1.211200
vt -4.240215 1.200000
vt -3.512773 1.200000
vt -4.167227 1.211200
vt -3.439785 1.211200
vt -3.439785 1.200000
vt -4.167227 1.200000
vt 4.400000 -0.800000
vt 5.200000 -0.800000
vt 5.200000 -1.440000
vt 4.400000 -1.440000
vt 4.400000 -1.440000
vt 5.200000 -1.440000
vt 5.200000 -0.800000
vt 4.400000 -0.800000
vt 4.400000 1.211200
vt 5.200000 1.211200
vt 5.200000 1.200000
vt 4.400000 1.200000
vt 5.200000 1.211200
vt 4.400000 1.211200
vt 4.400000 1.200000
vt 5.200000 1.200000
vt -0.800000 1.211200
vt -1.440000 1.211200
vt -1.440000 1.200000
vt -0.800000 1.200000
vt -1.440000 1.211200
vt -0.800000 1.211200
vt -0.800000 1.200000
vt -1.440000 1.200000
vt 6.400000 0.160000
vt 6.400000 -0.480000
vt 5.120000 -0.480000
vt 5.120000 0.160000
vt 5.120000 0.160000
vt 5.120000 -0.480000
vt 6.400000 -0.480000
vt 6.400000 0.160000
vt 0.160000 1.211200
vt -0.480000 1.211200
vt -0.480000 1.200000
vt 0.160000 1.200000
vt -0.480000 1.211200
vt 0.160000 1.211200
vt 0.160000 1.200000
vt -0.480000 1.200000
vt 6.400000 1.211200
vt 5.120000 1.211200
vt 5.120000 1.200000
vt 6.400000 1.200000
vt 5.120000 1.211200
vt 6.400000 1.211200
vt 6.400000 1.200000
vt 5.120000 1.200000
vt 4.896000 1.320000
vt 4.896000 0.280000
vt 4.384000 0.280000
vt 4.384000 1.320000
vt 4.384000 1.320000
vt 4.384000 0.280000
vt 4.896000 0.280000
vt 4.896000 1.320000
vt 1.320000 1.851200
vt 0.280000 1.851200
vt 0.280000 1.840000
vt 1.320000 1.840000
vt 0.280000 1.851200
vt 1.320000 1.851200
vt 1.320000 1.840000
vt 0.280000 1.840000
vt 4.896000 1.851200
vt 4.384000 1.851200
vt 4.384000 1.840000
vt 4.896000 1.840000
vt 4.384000 1.851200
vt 4.896000 1.851200
vt 4.896000 1.840000
vt 4.384000 1.840000
vt 4.781538 -2.835692
vt 5.815385 -2.404923
vt 6.098462 -3.084308
vt 5.064615 -3.515077
vt 5.064615 -3.515077
vt 6.098462 -3.084308
vt 5.815385 -2.404923
vt 4.781538 -2.835692
vt 5.064615 1.211200
vt 6.098462 1.211200
vt 6.098462 1.200000
vt 5.064615 1.200000
vt 5.815385 1.211200
vt 4.781538 1.211200
vt 4.781538 1.200000
vt 5.815385 1.200000
vt -2.835692 1.211200
vt -3.515077 1.211200
vt -3.515077 1.200000
vt -2.835692 1.200000
vt -3.084308 1.211200
vt -2.404923 1.211200
vt -2.404923 1.200000
vt -3.084308 1.200000
vt 10.768116 -1.915151
vt 11.403174 -1.994533
vt 11.311884 -2.724849
vt 10.676826 -2.645467
vt 10.676826 -2.645467
vt 11.311884 -2.724849
vt 11.403174 -1.994533
vt 10.768116 -1.915151
vt 10.676826 1.211200
vt 11.311884 1.211200
vt 11.311884 1.200000
vt 10.676826 1.200000
vt 11.403174 1.211200
vt 10.768116 1.211200
vt 10.768116 1.200000
vt 11.403174 1.200000
vt -1.915151 1.211200
vt -2.645467 1.211200
vt -2.645467 1.200000
vt -1.915151 1.200000
vt -2.724849 1.211200
vt -1.994533 1.211200
vt -1.994533 1.200000
vt -2.724849 1.200000
vt 11.328734 -1.985228
vt 12.122556 -2.084456
vt 12.031266 -2.814772
vt 11.237444 -2.715544
vt 11.237444 -2.715544
vt 12.031266 -2.814772
vt 12.122556 -2.084456
vt 11.328734 -1.985228
vt 11.237444 1.211200
vt 12.031266 1.211200
vt 12.031266 1.200000
vt 11.237444 1.200000
vt 12.122556 1.211200
vt 11.328734 1.211200
vt 11.328734 1.200000
vt 12.122556 1.200000
vt -1.985228 1.211200
vt -2.715544 1.211200
vt -2.715544 1.200000
vt -1.985228 1.200000
vt -2.814772 1.211200
vt -2.084456 1.211200
vt -2.084456 1.200000
vt -2.814772 1.200000
vt 16.240000 -3.792000
vt 18.000000 -3.792000
vt 18.000000 -4.528000
vt 16.240000 -4.528000
vt 16.240000 -4.528000
vt 18.000000 -4.528000
vt 18.000000 -3.792000
vt 16.240000 -3.792000
vt 16.240000 1.051200
vt 18.000000 1.051200
vt 18.000000 1.040000
vt 16.240000 1.040000
vt 18.000000 1.051200
vt 16.240000 1.051200
vt 16.240000 1.040000
vt 18.000000 1.040000
vt -3.792000 1.051200
vt -4.528000 1.051200
vt -4.528000 1.040000
vt -3.792000 1.040000
vt -4.528000 1.051200
vt -3.792000 1.051200
vt -3.792000 1.040000
vt -4.528000 1.040000
vt 17.710749 -3.576464
vt 20.463393 -2.729497
vt 20.689251 -3.463536
vt 17.936607 -4.310503
vt 17.936607 -4.310503
vt 20.689251 -3.463536
vt 20.463393 -2.729497
vt 17.710749 -3.576464
vt 17.936607 1.051200
vt 20.689251 1.051200
vt 20.689251 1.040000
vt 17.936607 1.040000
vt 20.463393 1.051200
vt 17.710749 1.051200
vt 17.710749 1.040000
vt 20.463393 1.040000
vt -3.576464 1.051200
vt -4.310503 1.051200
vt -4.310503 1.040000
vt -3.576464 1.040000
vt -3.463536 1.051200
vt -2.729497 1.051200
vt -2.729497 1.040000
vt -3.463536 1.040000
vt 20.369503 -2.663555
vt 21.117093 -2.378759
vt 21.390497 -3.096445
vt 20.642907 -3.381241
vt 20.642907 -3.381241
vt 21.390497 -3.096445
vt 21.117093 -2.378759
vt 20.369503 -2.663555
vt 20.642907 1.211200
vt 21.390497 1.211200
vt 21.390497 1.200000
vt 20.642907 1.200000
vt 21.117093 1.211200
vt 20.369503 1.211200
vt 20.369503 1.200000
vt 21.117093 1.200000
vt -2.663555 1.211200
vt -3.381241 1.211200
vt -3.381241 1.200000
vt -2.663555 1.200000
vt -3.096445 1.211200
vt -2.378759 1.211200
vt -2.378759 1.200000
vt -3.096445 1.200000
vt 21.150499 -2.315425
vt 21.866041 -1.957655
vt 22.209501 -2.644575
vt 21.493959 -3.002345
vt 21.493959 -3.002345
vt 22.209501 -2.644575
vt 21.866041 -1.957655
vt 21.150499 -2.315425
vt 21.493959 1.371200
vt 22.209501 1.371200
vt 22.209501 1.360000
vt 21.493959 1.360000
vt 21.866041 1.371200
vt 21.150499 1.371200
vt 21.150499 1.360000
vt 21.866041 1.360000
vt -2.315425 1.371200
vt -3.002345 1.371200
vt -3.002345 1.360000
vt -2.315425 1.360000
vt -2.644575 1.371200
vt -1.957655 1.371200
vt -1.957655 1.360000
vt -2.644575 1.360000
vt 22.080000 -1.824000
vt 24.640000 -1.824000
vt 24.640000 -2.656000
vt 22.080000 -2.656000
vt 22.080000 -2.656000
vt 24.640000 -2.656000
vt 24.640000 -1.824000
vt 22.080000 -1.824000
vt 22.080000 1.371200
vt 24.640000 1.371200
vt 24.640000 1.360000
vt 22.080000 1.360000
vt 24.640000 1.371200
vt 22.080000 1.371200
vt 22.080000 1.360000
vt 24.640000 1.360000
vt -1.824000 1.371200
vt -2.656000 1.371200
vt -2.656000 1.360000
vt -1.824000 1.360000
vt -2.656000 1.371200
vt -1.824000 1.371200
vt -1.824000 1.360000
vt -2.656000 1.360000
vt -22.160000 -5.040000
vt -21.040000 -5.040000
vt -21.040000 -6.320000
vt -22.160000 -6.320000
vt -22.160000 -6.320000
vt -21.040000 -6.320000
vt -21.040000 -5.040000
vt -22.160000 -5.040000
vt -22.160000 0.000000
vt -21.040000 0.000000
vt -21.040000 -1.040000
vt -22.160000 -1.040000
vt -21.040000 0.000000
vt -22.160000 0.000000
vt -22.160000 -1.040000
vt -21.040000 -1.040000
vt -5.040000 0.000000
vt -6.320000 0.000000
vt -6.320000 -1.040000
vt -5.040000 -1.040000
vt -6.320000 0.000000
vt -5.040000 0.000000
vt -5.040000 -1.040000
vt -6.320000 -1.040000
vt -22.960000 -6.320000
vt -20.240000 -6.320000
vt -20.240000 -8.240000
vt -22.960000 -8.240000
vt -22.960000 -8.240000
vt -20.240000 -8.240000
vt -20.240000 -6.320000
vt -22.960000 -6.320000
vt -22.960000 0.000000
vt -20.240000 0.000000
vt -20.240000 -1.040000
vt -22.960000 -1.040000
vt -20.240000 0.000000
vt -22.960000 0.000000
vt -22.960000 -1.040000
vt -20.240000 -1.040000
vt -6.320000 0.000000
vt -8.240000 0.000000
vt -8.240000 -1.040000
vt -6.320000 -1.040000
vt -8.240000 0.000000
vt -6.320000 0.000000
vt -6.320000 -1.040000
vt -8.240000 -1.040000
vt -20.960000 -5.392000
vt -20.960000 -5.968000
vt -22.240000 -5.968000
vt -22.240000 -5.392000
vt -22.240000 -5.392000
vt -22.240000 -5.968000
vt -20.960000 -5.968000
vt -20.960000 -5.392000
vt -5.392000 0.011200
vt -5.968000 0.011200
vt -5.968000 0.000000
vt -5.392000 0.000000
vt -5.968000 0.011200
vt -5.392000 0.011200
vt -5.392000 0.000000
vt -5.968000 0.000000
vt -20.960000 0.011200
vt -22.240000 0.011200
vt -22.240000 0.000000
vt -20.960000 0.000000
vt -22.240000 0.011200
vt -20.960000 0.011200
vt -20.960000 0.000000
vt -22.240000 0.000000
vt -22.400000 -6.992000
vt -20.800000 -6.992000
vt -20.800000 -7.568000
vt -22.400000 -7.568000
vt -22.400000 -7.568000
vt -20.800000 -7.568000
vt -20.800000 -6.992000
vt -22.400000 -6.992000
vt -22.400000 0.011200
vt -20.800000 0.011200
vt -20.800000 0.000000
vt -22.400000 0.000000
vt -20.800000 0.011200
vt -22.400000 0.011200
vt -22.400000 0.000000
vt -20.800000 0.000000
vt -6.992000 0.011200
vt -7.568000 0.011200
vt -7.568000 0.000000
vt -6.992000 0.000000
vt -7.568000 0.011200
vt -6.992000 0.011200
vt -6.992000 0.000000
vt -7.568000 0.000000
vt -22.960000 -8.168000
vt -20.240000 -8.168000
vt -20.240000 -8.312000
vt -22.960000 -8.312000
vt -22.960000 -8.312000
vt -20.240000 -8.312000
vt -20.240000 -8.168000
vt -22.960000 -8.168000
vt -22.960000 0.800000
vt -20.240000 0.800000
vt -20.240000 0.000000
vt -22.960000 0.000000
vt -20.240000 0.800000
vt -22.960000 0.800000
vt -22.960000 0.000000
vt -20.240000 0.000000
vt -8.168000 0.800000
vt -8.312000 0.800000
vt -8.312000 0.000000
vt -8.168000 0.000000
vt -8.312000 0.800000
vt -8.168000 0.800000
vt -8.168000 0.000000
vt -8.312000 0.000000
vt -23.032000 -8.240000
vt -23.032000 -6.320000
vt -22.888000 -6.320000
vt -22.888000 -8.240000
vt -22.888000 -8.240000
vt -22.888000 -6.320000
vt -23.032000 -6.320000
vt -23.032000 -8.240000
vt -8.240000 0.800000
vt -6.320000 0.800000
vt -6.320000 0.000000
vt -8.240000 0.000000
vt -6.320000 0.800000
vt -8.240000 0.800000
vt -8.240000 0.000000
vt -6.320000 0.000000
vt -23.032000 0.800000
vt -22.888000 0.800000
vt -22.888000 0.000000
vt -23.032000 0.000000
vt -22.888000 0.800000
vt -23.032000 0.800000
vt -23.032000 0.000000
vt -22.888000 0.000000
vt -20.312000 -8.240000
vt -20.312000 -6.320000
vt -20.168000 -6.320000
vt -20.168000 -8.240000
vt -20.168000 -8.240000
vt -20.168000 -6.320000
vt -20.312000 -6.320000
vt -20.312000 -8.240000
vt -8.240000 0.800000
vt -6.320000 0.800000
vt -6.320000 0.000000
vt -8.240000 0.000000
vt -6.320000 0.800000
vt -8.240000 0.800000
vt -8.240000 0.000000
vt -6.320000 0.000000
vt -20.312000 0.800000
vt -20.168000 0.800000
vt -20.168000 0.000000
vt -20.312000 0.000000
vt -20.168000 0.800000
vt -20.312000 0.800000
vt -20.312000 0.000000
vt -20.168000 0.000000
vt -22.320000 -6.296000
vt -22.176000 -6.296000
vt -22.176000 -6.408000
vt -22.320000 -6.408000
vt -22.320000 -6.408000
vt -22.176000 -6.408000
vt -22.176000 -6.296000
vt -22.320000 -6.296000
vt -22.320000 0.672000
vt -22.176000 0.672000
vt -22.176000 0.000000
vt -22.320000 0.000000
vt -22.176000 0.672000
vt -22.320000 0.672000
vt -22.320000 0.000000
vt -22.176000 0.000000
vt -6.296000 0.672000
vt -6.408000 0.672000
vt -6.408000 0.000000
vt -6.296000 0.000000
vt -6.408000 0.672000
vt -6.296000 0.672000
vt -6.296000 0.000000
vt -6.408000 0.000000
vt -21.024000 -6.296000
vt -20.880000 -6.296000
vt -20.880000 -6.408000
vt -21.024000 -6.408000
vt -21.024000 -6.408000
vt -20.880000 -6.408000
vt -20.880000 -6.296000
vt -21.024000 -6.296000
vt -21.024000 0.672000
vt -20.880000 0.672000
vt -20.880000 0.000000
vt -21.024000 0.000000
vt -20.880000 0.672000
vt -21.024000 0.672000
vt -21.024000 0.000000
vt -20.880000 0.000000
vt -6.296000 0.672000
vt -6.408000 0.672000
vt -6.408000 0.000000
vt -6.296000 0.000000
vt -6.408000 0.672000
vt -6.296000 0.672000
vt -6.296000 0.000000
vt -6.408000 0.000000
vt -22.320000 -6.296000
vt -20.880000 -6.296000
vt -20.880000 -6.408000
vt -22.320000 -6.408000
vt -22.320000 -6.408000
vt -20.880000 -6.408000
vt -20.880000 -6.296000
vt -22.320000 -6.296000
vt -22.320000 0.800000
vt -20.880000 0.800000
vt -20.880000 0.672000
vt -22.320000 0.672000
vt -20.880000 0.800000
vt -22.320000 0.800000
vt -22.320000 0.672000
vt -20.880000 0.672000
vt -6.296000 0.800000
vt -6.408000 0.800000
vt -6.408000 0.672000
vt -6.296000 0.672000
vt -6.408000 0.800000
vt -6.296000 0.800000
vt -6.296000 0.672000
vt -6.408000 0.672000
vt -21.826400 -6.294400
vt -21.805600 -6.294400
vt -21.805600 -6.409600
vt -21.826400 -6.409600
vt -21.826400 -6.409600
vt -21.805600 -6.409600
vt -21.805600 -6.294400
vt -21.826400 -6.294400
vt -21.826400 0.672000
vt -21.805600 0.672000
vt -21.805600 0.000000
vt -21.826400 0.000000
vt -21.805600 0.672000
vt -21.826400 0.672000
vt -21.826400 0.000000
vt -21.805600 0.000000
vt -6.294400 0.672000
vt -6.409600 0.672000
vt -6.409600 0.000000
vt -6.294400 0.000000
vt -6.409600 0.672000
vt -6.294400 0.672000
vt -6.294400 0.000000
vt -6.409600 0.000000
vt -21.394400 -6.294400
vt -21.373600 -6.294400
vt -21.373600 -6.409600
vt -21.394400 -6.409600
vt -21.394400 -6.409600
vt -21.373600 -6.409600
vt -21.373600 -6.294400
vt -21.394400 -6.294400
vt -21.394400 0.672000
vt -21.373600 0.672000
vt -21.373600 0.000000
vt -21.394400 0.000000
vt -21.373600 0.672000
vt -21.394400 0.672000
vt -21.394400 0.000000
vt -21.373600 0.000000
vt -6.294400 0.672000
vt -6.409600 0.672000
vt -6.409600 0.000000
vt -6.294400 0.000000
vt -6.409600 0.672000
vt -6.294400 0.672000
vt -6.294400 0.000000
vt -6.409600 0.000000
vt -22.248000 -6.294400
vt -20.952000 -6.294400
vt -20.952000 -6.409600
vt -22.248000 -6.409600
vt -22.248000 -6.409600
vt -20.952000 -6.409600
vt -20.952000 -6.294400
vt -22.248000 -6.294400
vt -22.248000 0.346400
vt -20.952000 0.346400
vt -20.952000 0.325600
vt -22.248000 0.325600
vt -20.952000 0.346400
vt -22.248000 0.346400
vt -22.248000 0.325600
vt -20.952000 0.325600
vt -6.294400 0.346400
vt -6.409600 0.346400
vt -6.409600 0.325600
vt -6.294400 0.325600
vt -6.409600 0.346400
vt -6.294400 0.346400
vt -6.294400 0.325600
vt -6.409600 0.325600
vt -21.936000 -7.160000
vt -21.264000 -7.160000
vt -21.264000 -7.720000
vt -21.936000 -7.720000
vt -21.936000 -7.720000
vt -21.264000 -7.720000
vt -21.264000 -7.160000
vt -21.936000 -7.160000
vt -21.936000 0.104000
vt -21.264000 0.104000
vt -21.264000 0.000000
vt -21.936000 0.000000
vt -21.264000 0.104000
vt -21.936000 0.104000
vt -21.936000 0.000000
vt -21.264000 0.000000
vt -7.160000 0.104000
vt -7.720000 0.104000
vt -7.720000 0.000000
vt -7.160000 0.000000
vt -7.720000 0.104000
vt -7.160000 0.104000
vt -7.160000 0.000000
vt -7.720000 0.000000
vt 4.320000 1.056000
vt 4.960000 1.056000
vt 4.960000 0.544000
vt 4.320000 0.544000
vt 4.320000 0.544000
vt 4.960000 0.544000
vt 4.960000 1.056000
vt 4.320000 1.056000
vt 4.320000 1.944000
vt 4.960000 1.944000
vt 4.960000 1.840000
vt 4.320000 1.840000
vt 4.960000 1.944000
vt 4.320000 1.944000
vt 4.320000 1.840000
vt 4.960000 1.840000
vt 1.056000 1.944000
vt 0.544000 1.944000
vt 0.544000 1.840000
vt 1.056000 1.840000
vt 0.544000 1.944000
vt 1.056000 1.944000
vt 1.056000 1.840000
vt 0.544000 1.840000
vt 16.560000 -5.120000
vt 17.680000 -5.120000
vt 17.680000 -5.920000
vt 16.560000 -5.920000
vt 16.560000 -5.920000
vt 17.680000 -5.920000
vt 17.680000 -5.120000
vt 16.560000 -5.120000
vt 16.560000 1.200000
vt 17.680000 1.200000
vt 17.680000 -1.040000
vt 16.560000 -1.040000
vt 17.680000 1.200000
vt 16.560000 1.200000
vt 16.560000 -1.040000
vt 17.680000 -1.040000
vt -5.120000 1.200000
vt -5.920000 1.200000
vt -5.920000 -1.040000
vt -5.120000 -1.040000
vt -5.920000 1.200000
vt -5.120000 1.200000
vt -5.120000 -1.040000
vt -5.920000 -1.040000
vt 20.880000 -7.360000
vt 22.320000 -7.360000
vt 22.320000 -8.480000
vt 20.880000 -8.480000
vt 20.880000 -8.480000
vt 22.320000 -8.480000
vt 22.320000 -7.360000
vt 20.880000 -7.360000
vt 20.880000 1.600000
vt 22.320000 1.600000
vt 22.320000 -1.040000
vt 20.880000 -1.040000
vt 22.320000 1.600000
vt 20.880000 1.600000
vt 20.880000 -1.040000
vt 22.320000 -1.040000
vt -7.360000 1.600000
vt -8.480000 1.600000
vt -8.480000 -1.040000
vt -7.360000 -1.040000
vt -8.480000 1.600000
vt -7.360000 1.600000
vt -7.360000 -1.040000
vt -8.480000 -1.040000
vt 20.880000 -6.080000
vt 22.320000 -6.080000
vt 22.320000 -7.360000
vt 20.880000 -7.360000
vt 20.880000 -7.360000
vt 22.320000 -7.360000
vt 22.320000 -6.080000
vt 20.880000 -6.080000
vt 20.880000 1.040000
vt 22.320000 1.040000
vt 22.320000 -1.040000
vt 20.880000 -1.040000
vt 22.320000 1.040000
vt 20.880000 1.040000
vt 20.880000 -1.040000
vt 22.320000 -1.040000
vt -6.080000 1.040000
vt -7.360000 1.040000
vt -7.360000 -1.040000
vt -6.080000 -1.040000
vt -7.360000 1.040000
vt -6.080000 1.040000
vt -6.080000 -1.040000
vt -7.360000 -1.040000
vt 19.549015 -4.724024
vt 20.684369 -4.132946
vt 21.570985 -5.835976
vt 20.435631 -6.427054
vt 20.435631 -6.427054
vt 21.570985 -5.835976
vt 20.684369 -4.132946
vt 19.549015 -4.724024
vt 20.435631 1.040000
vt 21.570985 1.040000
vt 21.570985 -1.040000
vt 20.435631 -1.040000
vt 20.684369 1.040000
vt 19.549015 1.040000
vt 19.549015 -1.040000
vt 20.684369 -1.040000
vt -4.724024 1.040000
vt -6.427054 1.040000
vt -6.427054 -1.040000
vt -4.724024 -1.040000
vt -5.835976 1.040000
vt -4.132946 1.040000
vt -4.132946 -1.040000
vt -5.835976 -1.040000
vt 21.120000 -7.696000
vt 22.080000 -7.696000
vt 22.080000 -8.144000
vt 21.120000 -8.144000
vt 21.120000 -8.144000
vt 22.080000 -8.144000
vt 22.080000 -7.696000
vt 21.120000 -7.696000
vt 21.120000 1.611200
vt 22.080000 1.611200
vt 22.080000 1.600000
vt 21.120000 1.600000
vt 22.080000 1.611200
vt 21.120000 1.611200
vt 21.120000 1.600000
vt 22.080000 1.600000
vt -7.696000 1.611200
vt -8.144000 1.611200
vt -8.144000 1.600000
vt -7.696000 1.600000
vt -8.144000 1.611200
vt -7.696000 1.611200
vt -7.696000 1.600000
vt -8.144000 1.600000
vt 21.280000 -7.664000
vt 21.920000 -7.664000
vt 21.920000 -8.176000
vt 21.280000 -8.176000
vt 21.280000 -8.176000
vt 21.920000 -8.176000
vt 21.920000 -7.664000
vt 21.280000 -7.664000
vt 21.280000 1.704000
vt 21.920000 1.704000
vt 21.920000 1.600000
vt 21.280000 1.600000
vt 21.920000 1.704000
vt 21.280000 1.704000
vt 21.280000 1.600000
vt 21.920000 1.600000
vt -7.664000 1.704000
vt -8.176000 1.704000
vt -8.176000 1.600000
vt -7.664000 1.600000
vt -8.176000 1.704000
vt -7.664000 1.704000
vt -7.664000 1.600000
vt -8.176000 1.600000
vt -25.600000 -3.912000
vt -25.456000 -3.912000
vt -25.456000 -4.088000
vt -25.600000 -4.088000
vt -25.600000 -4.088000
vt -25.456000 -4.088000
vt -25.456000 -3.912000
vt -25.600000 -3.912000
vt -25.600000 0.432000
vt -25.456000 0.432000
vt -25.456000 0.000000
vt -25.600000 0.000000
vt -25.456000 0.432000
vt -25.600000 0.432000
vt -25.600000 0.000000
vt -25.456000 0.000000
vt -3.912000 0.432000
vt -4.088000 0.432000
vt -4.088000 0.000000
vt -3.912000 0.000000
vt -4.088000 0.432000
vt -3.912000 0.432000
vt -3.912000 0.000000
vt -4.088000 0.000000
vt -24.944000 -3.912000
vt -24.800000 -3.912000
vt -24.800000 -4.088000
vt -24.944000 -4.088000
vt -24.944000 -4.088000
vt -24.800000 -4.088000
vt -24.800000 -3.912000
vt -24.944000 -3.912000
vt -24.944000 0.432000
vt -24.800000 0.432000
vt -24.800000 0.000000
vt -24.944000 0.000000
vt -24.800000 0.432000
vt -24.944000 0.432000
vt -24.944000 0.000000
vt -24.800000 0.000000
vt -3.912000 0.432000
vt -4.088000 0.432000
vt -4.088000 0.000000
vt -3.912000 0.000000
vt -4.088000 0.432000
vt -3.912000 0.432000
vt -3.912000 0.000000
vt -4.088000 0.000000
vt -25.600000 -3.912000
vt -24.800000 -3.912000
vt -24.800000 -4.088000
vt -25.600000 -4.088000
vt -25.600000 -4.088000
vt -24.800000 -4.088000
vt -24.800000 -3.912000
vt -25.600000 -3.912000
vt -25.600000 0.560000
vt -24.800000 0.560000
vt -24.800000 0.432000
vt -25.600000 0.432000
vt -24.800000 0.560000
vt -25.600000 0.560000
vt -25.600000 0.432000
vt -24.800000 0.432000
vt -3.912000 0.560000
vt -4.088000 0.560000
vt -4.088000 0.432000
vt -3.912000 0.432000
vt -4.088000 0.560000
vt -3.912000 0.560000
vt -3.912000 0.432000
vt -4.088000 0.432000
vt 4.836923 -3.120615
vt 4.969846 -3.065231
vt 5.043692 -3.242462
vt 4.910769 -3.297846
vt 4.910769 -3.297846
vt 5.043692 -3.242462
vt 4.969846 -3.065231
vt 4.836923 -3.120615
vt 4.910769 1.672000
vt 5.043692 1.672000
vt 5.043692 1.200000
vt 4.910769 1.200000
vt 4.969846 1.672000
vt 4.836923 1.672000
vt 4.836923 1.200000
vt 4.969846 1.200000
vt -3.120615 1.672000
vt -3.297846 1.672000
vt -3.297846 1.200000
vt -3.120615 1.200000
vt -3.242462 1.672000
vt -3.065231 1.672000
vt -3.065231 1.200000
vt -3.242462 1.200000
vt 5.516308 -2.837538
vt 5.649231 -2.782154
vt 5.723077 -2.959385
vt 5.590154 -3.014769
vt 5.590154 -3.014769
vt 5.723077 -2.959385
vt 5.649231 -2.782154
vt 5.516308 -2.837538
vt 5.590154 1.672000
vt 5.723077 1.672000
vt 5.723077 1.200000
vt 5.590154 1.200000
vt 5.649231 1.672000
vt 5.516308 1.672000
vt 5.516308 1.200000
vt 5.649231 1.200000
vt -2.837538 1.672000
vt -3.014769 1.672000
vt -3.014769 1.200000
vt -2.837538 1.200000
vt -2.959385 1.672000
vt -2.782154 1.672000
vt -2.782154 1.200000
vt -2.959385 1.200000
vt 4.836923 -3.120615
vt 5.649231 -2.782154
vt 5.723077 -2.959385
vt 4.910769 -3.297846
vt 4.910769 -3.297846
vt 5.723077 -2.959385
vt 5.649231 -2.782154
vt 4.836923 -3.120615
vt 4.910769 1.800000
vt 5.723077 1.800000
vt 5.723077 1.672000
vt 4.910769 1.672000
vt 5.649231 1.800000
vt 4.836923 1.800000
vt 4.836923 1.672000
vt 5.649231 1.672000
vt -3.120615 1.800000
vt -3.297846 1.800000
vt -3.297846 1.672000
vt -3.120615 1.672000
vt -2.959385 1.800000
vt -2.782154 1.800000
vt -2.782154 1.672000
vt -2.959385 1.672000
vt 10.535305 -2.170166
vt 10.678193 -2.188027
vt 10.654378 -2.378544
vt 10.511490 -2.360683
vt 10.511490 -2.360683
vt 10.654378 -2.378544
vt 10.678193 -2.188027
vt 10.535305 -2.170166
vt 10.511490 1.672000
vt 10.654378 1.672000
vt 10.654378 1.200000
vt 10.511490 1.200000
vt 10.678193 1.672000
vt 10.535305 1.672000
vt 10.535305 1.200000
vt 10.678193 1.200000
vt -2.170166 1.672000
vt -2.360683 1.672000
vt -2.360683 1.200000
vt -2.170166 1.200000
vt -2.378544 1.672000
vt -2.188027 1.672000
vt -2.188027 1.200000
vt -2.378544 1.200000
vt 11.265622 -2.261456
vt 11.408510 -2.279317
vt 11.384695 -2.469834
vt 11.241807 -2.451973
vt 11.241807 -2.451973
vt 11.384695 -2.469834
vt 11.408510 -2.279317
vt 11.265622 -2.261456
vt 11.241807 1.672000
vt 11.384695 1.672000
vt 11.384695 1.200000
vt 11.241807 1.200000
vt 11.408510 1.672000
vt 11.265622 1.672000
vt 11.265622 1.200000
vt 11.408510 1.200000
vt -2.261456 1.672000
vt -2.451973 1.672000
vt -2.451973 1.200000
vt -2.261456 1.200000
vt -2.469834 1.672000
vt -2.279317 1.672000
vt -2.279317 1.200000
vt -2.469834 1.200000
vt 10.535305 -2.170166
vt 11.408510 -2.279317
vt 11.384695 -2.469834
vt 10.511490 -2.360683
vt 10.511490 -2.360683
vt 11.384695 -2.469834
vt 11.408510 -2.279317
vt 10.535305 -2.170166
vt 10.511490 1.800000
vt 11.384695 1.800000
vt 11.384695 1.672000
vt 10.511490 1.672000
vt 11.408510 1.800000
vt 10.535305 1.800000
vt 10.535305 1.672000
vt 11.408510 1.672000
vt -2.170166 1.800000
vt -2.360683 1.800000
vt -2.360683 1.672000
vt -2.170166 1.672000
vt -2.469834 1.800000
vt -2.279317 1.800000
vt -2.279317 1.672000
vt -2.469834 1.672000
vt 21.840000 -2.140000
vt 21.984000 -2.140000
vt 21.984000 -2.340000
vt 21.840000 -2.340000
vt 21.840000 -2.340000
vt 21.984000 -2.340000
vt 21.984000 -2.140000
vt 21.840000 -2.140000
vt 21.840000 1.872000
vt 21.984000 1.872000
vt 21.984000 1.360000
vt 21.840000 1.360000
vt 21.984000 1.872000
vt 21.840000 1.872000
vt 21.840000 1.360000
vt 21.984000 1.360000
vt -2.140000 1.872000
vt -2.340000 1.872000
vt -2.340000 1.360000
vt -2.140000 1.360000
vt -2.340000 1.872000
vt -2.140000 1.872000
vt -2.140000 1.360000
vt -2.340000 1.360000
vt 22.656000 -2.140000
vt 22.800000 -2.140000
vt 22.800000 -2.340000
vt 22.656000 -2.340000
vt 22.656000 -2.340000
vt 22.800000 -2.340000
vt 22.800000 -2.140000
vt 22.656000 -2.140000
vt 22.656000 1.872000
vt 22.800000 1.872000
vt 22.800000 1.360000
vt 22.656000 1.360000
vt 22.800000 1.872000
vt 22.656000 1.872000
vt 22.656000 1.360000
vt 22.800000 1.360000
vt -2.140000 1.872000
vt -2.340000 1.872000
vt -2.340000 1.360000
vt -2.140000 1.360000
vt -2.340000 1.872000
vt -2.140000 1.872000
vt -2.140000 1.360000
vt -2.340000 1.360000
vt 21.840000 -2.140000
vt 22.800000 -2.140000
vt 22.800000 -2.340000
vt 21.840000 -2.340000
vt 21.840000 -2.340000
vt 22.800000 -2.340000
vt 22.800000 -2.140000
vt 21.840000 -2.140000
vt 21.840000 2.000000
vt 22.800000 2.000000
vt 22.800000 1.872000
vt 21.840000 1.872000
vt 22.800000 2.000000
vt 21.840000 2.000000
vt 21.840000 1.872000
vt 22.800000 1.872000
vt -2.140000 2.000000
vt -2.340000 2.000000
vt -2.340000 1.872000
vt -2.140000 1.872000
vt -2.340000 2.000000
vt -2.140000 2.000000
vt -2.140000 1.872000
vt -2.340000 1.872000
vt 22.800000 -1.440000
vt 24.400000 -1.440000
vt 24.400000 -3.040000
vt 22.800000 -3.040000
vt 22.800000 -3.040000
vt 24.400000 -3.040000
vt 24.400000 -1.440000
vt 22.800000 -1.440000
vt 22.800000 1.464000
vt 24.400000 1.464000
vt 24.400000 1.360000
vt 22.800000 1.360000
vt 24.400000 1.464000
vt 22.800000 1.464000
vt 22.800000 1.360000
vt 24.400000 1.360000
vt -1.440000 1.464000
vt -3.040000 1.464000
vt -3.040000 1.360000
vt -1.440000 1.360000
vt -3.040000 1.464000
vt -1.440000 1.464000
vt -1.440000 1.360000
vt -3.040000 1.360000
vn -0.000000 1.000000 -0.000000
vn 0.000000 -1.000000 -0.000000
vn 0.000000 0.000000 1.000000
vn 0.000000 0.000000 -1.000000
vn -1.000000 0.000000 0.000000
vn 1.000000 0.000000 0.000000
vn -0.000000 1.000000 -0.000000
vn 0.000000 -1.000000 -0.000000
vn 0.000000 0.000000 1.000000
vn 0.000000 0.000000 -1.000000
vn -1.000000 0.000000 0.000000
vn 1.000000 0.000000 0.000000
vn -0.000000 1.000000 -0.000000
vn 0.000000 -1.000000 -0.000000
vn 0.242536 0.000000 0.970143
vn -0.242536 0.000000 -0.970143
vn -0.970143 0.000000 0.242536
vn 0.970143 0.000000 -0.242536
vn -0.000000 1.000000 -0.000000
vn 0.000000 -1.000000 -0.000000
vn 0.242536 0.000000 0.970143
vn -0.242536 0.000000 -0.970143
vn -0.970143 0.000000 0.242536
vn 0.970143 0.000000 -0.242536
vn -0.000000 1.000000 -0.000000
vn 0.000000 -1.000000 -0.000000
vn 0.390550 0.000000 0.920582
vn -0.390550 0.000000 -0.920582
vn -0.920582 0.000000 0.390550
vn 0.920582 0.000000 -0.390550
vn -0.000000 1.000000 -0.000000
vn 0.000000 -1.000000 -0.000000
vn 0.390550 0.000000 0.920582
vn -0.390550 0.000000 -0.920582
vn -0.920582 0.000000 0.390550
vn 0.920582 0.000000 -0.390550
vn -0.000000 1.000000 -0.000000
vn 0.000000 -1.000000 -0.000000
vn 0.390550 0.000000 0.920582
vn -0.390550 0.000000 -0.920582
vn -0.920582 0.000000 0.390550
vn 0.920582 0.000000 -0.390550
vn -0.000000 1.000000 -0.000000
vn 0.000000 -1.000000 -0.000000
vn 0.000000 0.000000 1.000000
vn 0.000000 0.000000 -1.000000
vn -1.000000 0.000000 0.000000
vn 1.000000 0.000000 0.000000
vn 0.000000 1.000000 -0.000000
vn 0.000000 -1.000000 -0.000000
vn -0.332820 0.000000 0.942990
vn 0.332820 0.000000 -0.942990
vn -0.942990 0.000000 -0.332820
vn 0.942990 0.000000 0.332820
vn 0.000000 1.000000 -0.000000
vn 0.000000 -1.000000 -0.000000
vn -0.332820 0.000000 0.942990
vn 0.332820 0.000000 -0.942990
vn -0.942990 0.000000 -0.332820
vn 0.942990 0.000000 0.332820
vn -0.000000 1.000000 -0.000000
vn 0.000000 -1.000000 -0.000000
vn 0.000000 0.000000 1.000000
vn 0.000000 0.000000 -1.000000
vn -1.000000 0.000000 0.000000
vn 1.000000 0.000000 0.000000
vn -0.000000 1.000000 -0.000000
vn 0.000000 -1.000000 -0.000000
vn 0.152057 0.000000 0.988372
vn -0.152057 0.000000 -0.988372
vn -0.988372 0.000000 0.152057
vn 0.988372 0.000000 -0.152057
vn -0.000000 1.000000 -0.000000
vn 0.000000 -1.000000 -0.000000
vn 0.000000 0.000000 1.000000
vn 0.000000 0.000000 -1.000000
vn -1.000000 0.000000 0.000000
vn 1.000000 0.000000 0.000000
vn -0.000000 1.000000 -0.000000
vn 0.000000 -1.000000 -0.000000
vn 0.000000 0.000000 1.000000
vn 0.000000 0.000000 -1.000000
vn -1.000000 0.000000 0.000000
vn 1.000000 0.000000 0.000000
vn -0.000000 1.000000 -0.000000
vn 0.000000 -1.000000 -0.000000
vn 0.000000 0.000000 1.000000
vn 0.000000 0.000000 -1.000000
vn -1.000000 0.000000 0.000000
vn 1.000000 0.000000 0.000000
vn -0.000000 1.000000 -0.000000
vn 0.000000 -1.000000 -0.000000
vn 0.384615 0.000000 0.923077
vn -0.384615 0.000000 -0.923077
vn -0.923077 0.000000 0.384615
vn 0.923077 0.000000 -0.384615
vn -0.000000 1.000000 -0.000000
vn 0.000000 -1.000000 -0.000000
vn 0.000000 0.000000 1.000000
vn 0.000000 0.000000 -1.000000
vn -1.000000 0.000000 0.000000
vn 1.000000 0.000000 0.000000
vn -0.000000 1.000000 -0.000000
vn 0.000000 -1.000000 -0.000000
vn 0.000000 0.000000 1.000000
vn 0.000000 0.000000 -1.000000
vn -1.000000 0.000000 0.000000
vn 1.000000 0.000000 0.000000
vn -0.000000 1.000000 -0.000000
vn 0.000000 -1.000000 -0.000000
vn 0.000000 0.000000 1.000000
vn 0.000000 0.000000 -1.000000
vn -1.000000 0.000000 0.000000
vn 1.000000 0.000000 0.000000
vn 0.000000 1.000000 -0.000000
vn 0.000000 -1.000000 -0.000000
vn -0.979889 0.000000 0.199542
vn 0.000000 1.000000 -0.000000
vn 0.000000 -1.000000 -0.000000
vn -0.836487 0.000000 0.547986
vn 0.000000 1.000000 -0.000000
vn 0.000000 -1.000000 -0.000000
vn -0.613941 0.000000 0.789352
vn 0.000000 1.000000 -0.000000
vn 0.000000 -1.000000 -0.000000
vn -0.368422 0.000000 0.929659
vn 0.000000 1.000000 -0.000000
vn 0.000000 -1.000000 -0.000000
vn -0.122264 0.000000 0.992498
vn 0.000000 1.000000 -0.000000
vn 0.000000 -1.000000 -0.000000
vn 0.122264 0.000000 0.992498
vn 0.000000 1.000000 -0.000000
vn 0.000000 -1.000000 -0.000000
vn 0.368422 0.000000 0.929659
vn 0.000000 1.000000 -0.000000
vn 0.000000 -1.000000 -0.000000
vn 0.613941 0.000000 0.789352
vn 0.000000 1.000000 -0.000000
vn 0.000000 -1.000000 -0.000000
vn 0.836487 0.000000 0.547986
vn 0.000000 1.000000 -0.000000
vn 0.000000 -1.000000 -0.000000
vn 0.979889 0.000000 0.199542
vn 0.000000 1.000000 -0.000000
vn 0.000000 -1.000000 -0.000000
vn 0.979889 0.000000 -0.199542
vn 0.000000 1.000000 -0.000000
vn 0.000000 -1.000000 -0.000000
vn 0.836487 0.000000 -0.547986
vn 0.000000 1.000000 -0.000000
vn 0.000000 -1.000000 -0.000000
vn 0.613941 0.000000 -0.789352
vn 0.000000 1.000000 -0.000000
vn 0.000000 -1.000000 -0.000000
vn 0.368422 0.000000 -0.929659
vn 0.000000 1.000000 -0.000000
vn 0.000000 -1.000000 -0.000000
vn 0.122264 0.000000 -0.992498
vn 0.000000 1.000000 -0.000000
vn 0.000000 -1.000000 -0.000000
vn -0.122264 0.000000 -0.992498
vn 0.000000 1.000000 -0.000000
vn 0.000000 -1.000000 -0.000000
vn -0.368422 0.000000 -0.929659
vn 0.000000 1.000000 -0.000000
vn 0.000000 -1.000000 -0.000000
vn -0.613941 0.000000 -0.789352
vn 0.000000 1.000000 -0.000000
vn 0.000000 -1.000000 -0.000000
vn -0.836487 0.000000 -0.547986
vn 0.000000 1.000000 -0.000000
vn 0.000000 -1.000000 -0.000000
vn -0.979889 0.000000 -0.199542
vn 0.000000 1.000000 -0.000000
vn 0.000000 -1.000000 -0.000000
vn -0.976906 0.000000 0.213670
vn 0.000000 1.000000 -0.000000
vn 0.000000 -1.000000 -0.000000
vn -0.817835 0.000000 0.575453
vn 0.000000 1.000000 -0.000000
vn 0.000000 -1.000000 -0.000000
vn -0.586510 0.000000 0.809942
vn 0.000000 1.000000 -0.000000
vn 0.000000 -1.000000 -0.000000
vn -0.346156 0.000000 0.938177
vn 0.000000 1.000000 -0.000000
vn 0.000000 -1.000000 -0.000000
vn -0.113945 0.000000 0.993487
vn 0.000000 1.000000 -0.000000
vn 0.000000 -1.000000 -0.000000
vn 0.113945 0.000000 0.993487
vn 0.000000 1.000000 -0.000000
vn 0.000000 -1.000000 -0.000000
vn 0.346156 0.000000 0.938177
vn 0.000000 1.000000 -0.000000
vn 0.000000 -1.000000 -0.000000
vn 0.586510 0.000000 0.809942
vn 0.000000 1.000000 -0.000000
vn 0.000000 -1.000000 -0.000000
vn 0.817835 0.000000 0.575453
vn 0.000000 1.000000 -0.000000
vn 0.000000 -1.000000 -0.000000
vn 0.976906 0.000000 0.213670
vn 0.000000 1.000000 -0.000000
vn 0.000000 -1.000000 -0.000000
vn 0.976906 0.000000 -0.213670
vn 0.000000 1.000000 -0.000000
vn 0.000000 -1.000000 -0.000000
vn 0.817835 0.000000 -0.575453
vn 0.000000 1.000000 -0.000000
vn 0.000000 -1.000000 -0.000000
vn 0.586510 0.000000 -0.809942
vn 0.000000 1.000000 -0.000000
vn 0.000000 -1.000000 -0.000000
vn 0.346156 0.000000 -0.938177
vn 0.000000 1.000000 -0.000000
vn 0.000000 -1.000000 -0.000000
vn 0.113945 0.000000 -0.993487
vn 0.000000 1.000000 -0.000000
vn 0.000000 -1.000000 -0.000000
vn -0.113945 0.000000 -0.993487
vn 0.000000 1.000000 -0.000000
vn 0.000000 -1.000000 -0.000000
vn -0.346156 0.000000 -0.938177
vn 0.000000 1.000000 -0.000000
vn 0.000000 -1.000000 -0.000000
vn -0.586510 0.000000 -0.809942
vn 0.000000 1.000000 -0.000000
vn 0.000000 -1.000000 -0.000000
vn -0.817835 0.000000 -0.575453
vn 0.000000 1.000000 -0.000000
vn 0.000000 -1.000000 -0.000000
vn -0.976906 0.000000 -0.213670
vn 0.000000 1.000000 -0.000000
vn 0.000000 -1.000000 -0.000000
vn -0.124035 0.000000 0.992278
vn 0.124035 0.000000 -0.992278
vn -0.992278 0.000000 -0.124035
vn 0.992278 0.000000 0.124035
vn 0.000000 1.000000 -0.000000
vn 0.000000 -1.000000 -0.000000
vn -0.124035 0.000000 0.992278
vn 0.124035 0.000000 -0.992278
vn -0.992278 0.000000 -0.124035
vn 0.992278 0.000000 0.124035
vn -0.000000 1.000000 -0.000000
vn 0.000000 -1.000000 -0.000000
vn 0.000000 0.000000 1.000000
vn 0.000000 0.000000 -1.000000
vn -1.000000 0.000000 0.000000
vn 1.000000 0.000000 0.000000
vn -0.000000 1.000000 -0.000000
vn 0.000000 -1.000000 -0.000000
vn 0.294086 0.000000 0.955779
vn -0.294086 0.000000 -0.955779
vn -0.955779 0.000000 0.294086
vn 0.955779 0.000000 -0.294086
vn -0.000000 1.000000 -0.000000
vn 0.000000 -1.000000 -0.000000
vn 0.355995 0.000000 0.934488
vn -0.355995 0.000000 -0.934488
vn -0.934488 0.000000 0.355995
vn 0.934488 0.000000 -0.355995
vn -0.000000 1.000000 -0.000000
vn 0.000000 -1.000000 -0.000000
vn 0.447214 0.000000 0.894427
vn -0.447214 0.000000 -0.894427
vn -0.894427 0.000000 0.447214
vn 0.894427 0.000000 -0.447214
vn -0.000000 1.000000 -0.000000
vn 0.000000 -1.000000 -0.000000
vn 0.000000 0.000000 1.000000
vn 0.000000 0.000000 -1.000000
vn -1.000000 0.000000 0.000000
vn 1.000000 0.000000 0.000000
vn -0.000000 1.000000 -0.000000
vn 0.000000 -1.000000 -0.000000
vn 0.000000 0.000000 1.000000
vn 0.000000 0.000000 -1.000000
vn -1.000000 0.000000 0.000000
vn 1.000000 0.000000 0.000000
vn -0.000000 1.000000 -0.000000
vn 0.000000 -1.000000 -0.000000
vn 0.000000 0.000000 1.000000
vn 0.000000 0.000000 -1.000000
vn -1.000000 0.000000 0.000000
vn 1.000000 0.000000 0.000000
vn 0.000000 1.000000 -0.000000
vn 0.000000 -1.000000 -0.000000
vn 0.242536 0.000000 0.970143
vn -0.242536 0.000000 -0.970143
vn -0.970143 0.000000 0.242536
vn 0.970143 0.000000 -0.242536
vn -0.000000 1.000000 -0.000000
vn 0.000000 -1.000000 -0.000000
vn 0.242536 0.000000 0.970143
vn -0.242536 0.000000 -0.970143
vn -0.970143 0.000000 0.242536
vn 0.970143 0.000000 -0.242536
vn -0.000000 1.000000 -0.000000
vn 0.000000 -1.000000 -0.000000
vn 0.390550 0.000000 0.920582
vn -0.390550 0.000000 -0.920582
vn -0.920582 0.000000 0.390550
vn 0.920582 0.000000 -0.390550
vn -0.000000 1.000000 -0.000000
vn 0.000000 -1.000000 -0.000000
vn 0.390550 0.000000 0.920582
vn -0.390550 0.000000 -0.920582
vn -0.920582 0.000000 0.390550
vn 0.920582 0.000000 -0.390550
vn -0.000000 1.000000 -0.000000
vn 0.000000 -1.000000 -0.000000
vn 0.390550 0.000000 0.920582
vn -0.390550 0.000000 -0.920582
vn -0.920582 0.000000 0.390550
vn 0.920582 0.000000 -0.390550
vn -0.000000 1.000000 -0.000000
vn 0.000000 -1.000000 -0.000000
vn 0.000000 0.000000 1.000000
vn 0.000000 0.000000 -1.000000
vn -1.000000 0.000000 0.000000
vn 1.000000 0.000000 0.000000
vn 0.000000 1.000000 -0.000000
vn 0.000000 -1.000000 -0.000000
vn -0.332820 0.000000 0.942990
vn 0.332820 0.000000 -0.942990
vn -0.942990 0.000000 -0.332820
vn 0.942990 0.000000 0.332820
vn 0.000000 1.000000 -0.000000
vn 0.000000 -1.000000 -0.000000
vn -0.332820 0.000000 0.942990
vn 0.332820 0.000000 -0.942990
vn -0.942990 0.000000 -0.332820
vn 0.942990 0.000000 0.332820
vn -0.000000 1.000000 -0.000000
vn 0.000000 -1.000000 -0.000000
vn 0.000000 0.000000 1.000000
vn 0.000000 0.000000 -1.000000
vn -1.000000 0.000000 0.000000
vn 1.000000 0.000000 0.000000
vn -0.000000 1.000000 -0.000000
vn 0.000000 -1.000000 -0.000000
vn 0.152057 0.000000 0.988372
vn -0.152057 0.000000 -0.988372
vn -0.988372 0.000000 0.152057
vn 0.988372 0.000000 -0.152057
vn -0.000000 1.000000 -0.000000
vn 0.000000 -1.000000 -0.000000
vn 0.000000 0.000000 1.000000
vn 0.000000 0.000000 -1.000000
vn -1.000000 0.000000 0.000000
vn 1.000000 0.000000 0.000000
vn 0.000000 1.000000 -0.000000
vn 0.000000 -1.000000 -0.000000
vn -1.000000 0.000000 0.000000
vn 1.000000 0.000000 0.000000
vn -0.000000 0.000000 -1.000000
vn 0.000000 0.000000 1.000000
vn 0.000000 1.000000 -0.000000
vn 0.000000 -1.000000 -0.000000
vn -1.000000 0.000000 0.000000
vn 1.000000 0.000000 0.000000
vn 0.000000 0.000000 -1.000000
vn 0.000000 0.000000 1.000000
vn -0.000000 1.000000 -0.000000
vn 0.000000 -1.000000 -0.000000
vn 0.384615 0.000000 0.923077
vn -0.384615 0.000000 -0.923077
vn -0.923077 0.000000 0.384615
vn 0.923077 0.000000 -0.384615
vn 0.000000 1.000000 -0.000000
vn 0.000000 -1.000000 -0.000000
vn -0.124035 0.000000 0.992278
vn 0.124035 0.000000 -0.992278
vn -0.992278 0.000000 -0.124035
vn 0.992278 0.000000 0.124035
vn 0.000000 1.000000 -0.000000
vn 0.000000 -1.000000 -0.000000
vn -0.124035 0.000000 0.992278
vn 0.124035 0.000000 -0.992278
vn -0.992278 0.000000 -0.124035
vn 0.992278 0.000000 0.124035
vn -0.000000 1.000000 -0.000000
vn 0.000000 -1.000000 -0.000000
vn 0.000000 0.000000 1.000000
vn 0.000000 0.000000 -1.000000
vn -1.000000 0.000000 0.000000
vn 1.000000 0.000000 0.000000
vn 0.000000 1.000000 -0.000000
vn 0.000000 -1.000000 -0.000000
vn 0.294086 0.000000 0.955779
vn -0.294086 0.000000 -0.955779
vn -0.955779 0.000000 0.294086
vn 0.955779 0.000000 -0.294086
vn -0.000000 1.000000 -0.000000
vn 0.000000 -1.000000 -0.000000
vn 0.355995 0.000000 0.934488
vn -0.355995 0.000000 -0.934488
vn -0.934488 0.000000 0.355995
vn 0.934488 0.000000 -0.355995
vn -0.000000 1.000000 -0.000000
vn 0.000000 -1.000000 -0.000000
vn 0.447214 0.000000 0.894427
vn -0.447214 0.000000 -0.894427
vn -0.894427 0.000000 0.447214
vn 0.894427 0.000000 -0.447214
vn -0.000000 1.000000 -0.000000
vn 0.000000 -1.000000 -0.000000
vn 0.000000 0.000000 1.000000
vn 0.000000 0.000000 -1.000000
vn -1.000000 0.000000 0.000000
vn 1.000000 0.000000 0.000000
vn -0.000000 1.000000 -0.000000
vn 0.000000 -1.000000 -0.000000
vn 0.000000 0.000000 1.000000
vn 0.000000 0.000000 -1.000000
vn -1.000000 0.000000 0.000000
vn 1.000000 0.000000 0.000000
vn -0.000000 1.000000 -0.000000
vn 0.000000 -1.000000 -0.000000
vn 0.000000 0.000000 1.000000
vn 0.000000 0.000000 -1.000000
vn -1.000000 0.000000 0.000000
vn 1.000000 0.000000 0.000000
vn 0.000000 1.000000 -0.000000
vn 0.000000 -1.000000 -0.000000
vn -1.000000 0.000000 0.000000
vn 1.000000 0.000000 0.000000
vn 0.000000 0.000000 -1.000000
vn 0.000000 0.000000 1.000000
vn -0.000000 1.000000 -0.000000
vn 0.000000 -1.000000 -0.000000
vn 0.000000 0.000000 1.000000
vn 0.000000 0.000000 -1.000000
vn -1.000000 0.000000 0.000000
vn 1.000000 0.000000 0.000000
vn -0.000000 1.000000 -0.000000
vn 0.000000 -1.000000 -0.000000
vn 0.000000 0.000000 1.000000
vn 0.000000 0.000000 -1.000000
vn -1.000000 0.000000 0.000000
vn 1.000000 0.000000 0.000000
vn 0.000000 1.000000 -0.000000
vn 0.000000 -1.000000 -0.000000
vn 1.000000 0.000000 0.000000
vn -1.000000 0.000000 0.000000
vn 0.000000 0.000000 1.000000
vn 0.000000 0.000000 -1.000000
vn 0.000000 1.000000 -0.000000
vn 0.000000 -1.000000 -0.000000
vn 1.000000 0.000000 0.000000
vn -1.000000 0.000000 0.000000
vn 0.000000 0.000000 1.000000
vn 0.000000 0.000000 -1.000000
vn -0.000000 1.000000 -0.000000
vn 0.000000 -1.000000 -0.000000
vn 0.000000 0.000000 1.000000
vn 0.000000 0.000000 -1.000000
vn -1.000000 0.000000 0.000000
vn 1.000000 0.000000 0.000000
vn -0.000000 1.000000 -0.000000
vn 0.000000 -1.000000 -0.000000
vn 0.000000 0.000000 1.000000
vn 0.000000 0.000000 -1.000000
vn -1.000000 0.000000 0.000000
vn 1.000000 0.000000 0.000000
vn -0.000000 1.000000 -0.000000
vn 0.000000 -1.000000 -0.000000
vn 0.000000 0.000000 1.000000
vn 0.000000 0.000000 -1.000000
vn -1.000000 0.000000 0.000000
vn 1.000000 0.000000 0.000000
vn -0.000000 1.000000 -0.000000
vn 0.000000 -1.000000 -0.000000
vn 0.000000 0.000000 1.000000
vn 0.000000 0.000000 -1.000000
vn -1.000000 0.000000 0.000000
vn 1.000000 0.000000 0.000000
vn -0.000000 1.000000 -0.000000
vn 0.000000 -1.000000 -0.000000
vn 0.000000 0.000000 1.000000
vn 0.000000 0.000000 -1.000000
vn -1.000000 0.000000 0.000000
vn 1.000000 0.000000 0.000000
vn -0.000000 1.000000 -0.000000
vn 0.000000 -1.000000 -0.000000
vn 0.000000 0.000000 1.000000
vn 0.000000 0.000000 -1.000000
vn -1.000000 0.000000 0.000000
vn 1.000000 0.000000 0.000000
vn -0.000000 1.000000 -0.000000
vn 0.000000 -1.000000 -0.000000
vn 0.000000 0.000000 1.000000
vn 0.000000 0.000000 -1.000000
vn -1.000000 0.000000 0.000000
vn 1.000000 0.000000 0.000000
vn -0.000000 1.000000 -0.000000
vn 0.000000 -1.000000 -0.000000
vn 0.000000 0.000000 1.000000
vn 0.000000 0.000000 -1.000000
vn -1.000000 0.000000 0.000000
vn 1.000000 0.000000 0.000000
vn -0.000000 1.000000 -0.000000
vn 0.000000 -1.000000 -0.000000
vn 0.000000 0.000000 1.000000
vn 0.000000 0.000000 -1.000000
vn -1.000000 0.000000 0.000000
vn 1.000000 0.000000 0.000000
vn -0.000000 1.000000 -0.000000
vn 0.000000 -1.000000 -0.000000
vn 0.000000 0.000000 1.000000
vn 0.000000 0.000000 -1.000000
vn -1.000000 0.000000 0.000000
vn 1.000000 0.000000 0.000000
vn -0.000000 1.000000 -0.000000
vn 0.000000 -1.000000 -0.000000
vn 0.000000 0.000000 1.000000
vn 0.000000 0.000000 -1.000000
vn -1.000000 0.000000 0.000000
vn 1.000000 0.000000 0.000000
vn -0.000000 1.000000 -0.000000
vn 0.000000 -1.000000 -0.000000
vn 0.461779 0.000000 0.886995
vn -0.461779 0.000000 -0.886995
vn -0.886995 0.000000 0.461779
vn 0.886995 0.000000 -0.461779
vn -0.000000 1.000000 -0.000000
vn 0.000000 -1.000000 -0.000000
vn 0.000000 0.000000 1.000000
vn 0.000000 0.000000 -1.000000
vn -1.000000 0.000000 0.000000
vn 1.000000 0.000000 0.000000
vn -0.000000 1.000000 -0.000000
vn 0.000000 -1.000000 -0.000000
vn 0.000000 0.000000 1.000000
vn 0.000000 0.000000 -1.000000
vn -1.000000 0.000000 0.000000
vn 1.000000 0.000000 0.000000
vn -0.000000 1.000000 -0.000000
vn 0.000000 -1.000000 -0.000000
vn 0.000000 0.000000 1.000000
vn 0.000000 0.000000 -1.000000
vn -1.000000 0.000000 0.000000
vn 1.000000 0.000000 0.000000
vn -0.000000 1.000000 -0.000000
vn 0.000000 -1.000000 -0.000000
vn 0.000000 0.000000 1.000000
vn 0.000000 0.000000 -1.000000
vn -1.000000 0.000000 0.000000
vn 1.000000 0.000000 0.000000
vn -0.000000 1.000000 -0.000000
vn 0.000000 -1.000000 -0.000000
vn 0.000000 0.000000 1.000000
vn 0.000000 0.000000 -1.000000
vn -1.000000 0.000000 0.000000
vn 1.000000 0.000000 0.000000
vn -0.000000 1.000000 -0.000000
vn 0.000000 -1.000000 -0.000000
vn 0.384615 0.000000 0.923077
vn -0.384615 0.000000 -0.923077
vn -0.923077 0.000000 0.384615
vn 0.923077 0.000000 -0.384615
vn -0.000000 1.000000 -0.000000
vn 0.000000 -1.000000 -0.000000
vn 0.384615 0.000000 0.923077
vn -0.384615 0.000000 -0.923077
vn -0.923077 0.000000 0.384615
vn 0.923077 0.000000 -0.384615
vn 0.000000 1.000000 -0.000000
vn 0.000000 -1.000000 -0.000000
vn 0.384615 0.000000 0.923077
vn -0.384615 0.000000 -0.923077
vn -0.923077 0.000000 0.384615
vn 0.923077 0.000000 -0.384615
vn 0.000000 1.000000 -0.000000
vn 0.000000 -1.000000 -0.000000
vn -0.124035 0.000000 0.992278
vn 0.124035 0.000000 -0.992278
vn -0.992278 0.000000 -0.124035
vn 0.992278 0.000000 0.124035
vn 0.000000 1.000000 -0.000000
vn 0.000000 -1.000000 -0.000000
vn -0.124035 0.000000 0.992278
vn 0.124035 0.000000 -0.992278
vn -0.992278 0.000000 -0.124035
vn 0.992278 0.000000 0.124035
vn 0.000000 1.000000 -0.000000
vn 0.000000 -1.000000 -0.000000
vn -0.124035 0.000000 0.992278
vn 0.124035 0.000000 -0.992278
vn -0.992278 0.000000 -0.124035
vn 0.992278 0.000000 0.124035
vn -0.000000 1.000000 -0.000000
vn 0.000000 -1.000000 -0.000000
vn 0.000000 0.000000 1.000000
vn 0.000000 0.000000 -1.000000
vn -1.000000 0.000000 0.000000
vn 1.000000 0.000000 0.000000
vn -0.000000 1.000000 -0.000000
vn 0.000000 -1.000000 -0.000000
vn 0.000000 0.000000 1.000000
vn 0.000000 0.000000 -1.000000
vn -1.000000 0.000000 0.000000
vn 1.000000 0.000000 0.000000
vn -0.000000 1.000000 -0.000000
vn 0.000000 -1.000000 -0.000000
vn 0.000000 0.000000 1.000000
vn 0.000000 0.000000 -1.000000
vn -1.000000 0.000000 0.000000
vn 1.000000 0.000000 0.000000
vn -0.000000 1.000000 -0.000000
vn 0.000000 -1.000000 -0.000000
vn 0.000000 0.000000 1.000000
vn 0.000000 0.000000 -1.000000
vn -1.000000 0.000000 0.000000
vn 1.000000 0.000000 0.000000
usemtl garden_grass_light
f 1/1/1 2/2/1 3/3/1 4/4/1
usemtl garden_underside
f 5/5/2 6/6/2 7/7/2 8/8/2
usemtl garden_cliff_warm
f 9/9/3 10/10/3 11/11/3 12/12/3
f 13/13/4 14/14/4 15/15/4 16/16/4
f 17/17/5 18/18/5 19/19/5 20/20/5
f 21/21/6 22/22/6 23/23/6 24/24/6
usemtl garden_grass
f 25/25/7 26/26/7 27/27/7 28/28/7
usemtl garden_underside
f 29/29/8 30/30/8 31/31/8 32/32/8
usemtl garden_cliff_warm
f 33/33/9 34/34/9 35/35/9 36/36/9
f 37/37/10 38/38/10 39/39/10 40/40/10
f 41/41/11 42/42/11 43/43/11 44/44/11
f 45/45/12 46/46/12 47/47/12 48/48/12
usemtl garden_grass_dark
f 49/49/13 50/50/13 51/51/13 52/52/13
usemtl garden_underside
f 53/53/14 54/54/14 55/55/14 56/56/14
usemtl garden_cliff_rose
f 57/57/15 58/58/15 59/59/15 60/60/15
f 61/61/16 62/62/16 63/63/16 64/64/16
f 65/65/17 66/66/17 67/67/17 68/68/17
f 69/69/18 70/70/18 71/71/18 72/72/18
usemtl garden_grass
f 73/73/19 74/74/19 75/75/19 76/76/19
usemtl garden_underside
f 77/77/20 78/78/20 79/79/20 80/80/20
usemtl garden_cliff_rose
f 81/81/21 82/82/21 83/83/21 84/84/21
f 85/85/22 86/86/22 87/87/22 88/88/22
f 89/89/23 90/90/23 91/91/23 92/92/23
f 93/93/24 94/94/24 95/95/24 96/96/24
usemtl garden_grass_light
f 97/97/25 98/98/25 99/99/25 100/100/25
usemtl garden_underside
f 101/101/26 102/102/26 103/103/26 104/104/26
usemtl garden_cliff_rose
f 105/105/27 106/106/27 107/107/27 108/108/27
f 109/109/28 110/110/28 111/111/28 112/112/28
f 113/113/29 114/114/29 115/115/29 116/116/29
f 117/117/30 118/118/30 119/119/30 120/120/30
usemtl garden_grass_light
f 121/121/31 122/122/31 123/123/31 124/124/31
usemtl garden_underside
f 125/125/32 126/126/32 127/127/32 128/128/32
usemtl garden_cliff_rose
f 129/129/33 130/130/33 131/131/33 132/132/33
f 133/133/34 134/134/34 135/135/34 136/136/34
f 137/137/35 138/138/35 139/139/35 140/140/35
f 141/141/36 142/142/36 143/143/36 144/144/36
usemtl garden_grass_light
f 145/145/37 146/146/37 147/147/37 148/148/37
usemtl garden_underside
f 149/149/38 150/150/38 151/151/38 152/152/38
usemtl garden_cliff_rose
f 153/153/39 154/154/39 155/155/39 156/156/39
f 157/157/40 158/158/40 159/159/40 160/160/40
f 161/161/41 162/162/41 163/163/41 164/164/41
f 165/165/42 166/166/42 167/167/42 168/168/42
usemtl garden_grass_light
f 169/169/43 170/170/43 171/171/43 172/172/43
usemtl garden_underside
f 173/173/44 174/174/44 175/175/44 176/176/44
usemtl garden_cliff_rose
f 177/177/45 178/178/45 179/179/45 180/180/45
f 181/181/46 182/182/46 183/183/46 184/184/46
f 185/185/47 186/186/47 187/187/47 188/188/47
f 189/189/48 190/190/48 191/191/48 192/192/48
usemtl garden_grass
f 193/193/49 194/194/49 195/195/49 196/196/49
usemtl garden_underside
f 197/197/50 198/198/50 199/199/50 200/200/50
usemtl ruin_stone
f 201/201/51 202/202/51 203/203/51 204/204/51
f 205/205/52 206/206/52 207/207/52 208/208/52
f 209/209/53 210/210/53 211/211/53 212/212/53
f 213/213/54 214/214/54 215/215/54 216/216/54
usemtl garden_grass_light
f 217/217/55 218/218/55 219/219/55 220/220/55
usemtl garden_underside
f 221/221/56 222/222/56 223/223/56 224/224/56
usemtl ruin_stone
f 225/225/57 226/226/57 227/227/57 228/228/57
f 229/229/58 230/230/58 231/231/58 232/232/58
f 233/233/59 234/234/59 235/235/59 236/236/59
f 237/237/60 238/238/60 239/239/60 240/240/60
usemtl garden_grass_light
f 241/241/61 242/242/61 243/243/61 244/244/61
usemtl garden_underside
f 245/245/62 246/246/62 247/247/62 248/248/62
usemtl arena_cliff
f 249/249/63 250/250/63 251/251/63 252/252/63
f 253/253/64 254/254/64 255/255/64 256/256/64
f 257/257/65 258/258/65 259/259/65 260/260/65
f 261/261/66 262/262/66 263/263/66 264/264/66
usemtl garden_grass
f 265/265/67 266/266/67 267/267/67 268/268/67
usemtl garden_underside
f 269/269/68 270/270/68 271/271/68 272/272/68
usemtl ruin_stone
f 273/273/69 274/274/69 275/275/69 276/276/69
f 277/277/70 278/278/70 279/279/70 280/280/70
f 281/281/71 282/282/71 283/283/71 284/284/71
f 285/285/72 286/286/72 287/287/72 288/288/72
usemtl garden_grass
f 289/289/73 290/290/73 291/291/73 292/292/73
usemtl garden_underside
f 293/293/74 294/294/74 295/295/74 296/296/74
usemtl ruin_stone
f 297/297/75 298/298/75 299/299/75 300/300/75
f 301/301/76 302/302/76 303/303/76 304/304/76
f 305/305/77 306/306/77 307/307/77 308/308/77
f 309/309/78 310/310/78 311/311/78 312/312/78
usemtl garden_grass_light
f 313/313/79 314/314/79 315/315/79 316/316/79
usemtl garden_underside
f 317/317/80 318/318/80 319/319/80 320/320/80
usemtl arena_cliff
f 321/321/81 322/322/81 323/323/81 324/324/81
f 325/325/82 326/326/82 327/327/82 328/328/82
f 329/329/83 330/330/83 331/331/83 332/332/83
f 333/333/84 334/334/84 335/335/84 336/336/84
usemtl garden_grass_dark
f 337/337/85 338/338/85 339/339/85 340/340/85
usemtl garden_underside
f 341/341/86 342/342/86 343/343/86 344/344/86
usemtl ruin_stone
f 345/345/87 346/346/87 347/347/87 348/348/87
f 349/349/88 350/350/88 351/351/88 352/352/88
f 353/353/89 354/354/89 355/355/89 356/356/89
f 357/357/90 358/358/90 359/359/90 360/360/90
usemtl garden_grass_light
f 361/361/91 362/362/91 363/363/91 364/364/91
usemtl garden_underside
f 365/365/92 366/366/92 367/367/92 368/368/92
usemtl arena_cliff
f 369/369/93 370/370/93 371/371/93 372/372/93
f 373/373/94 374/374/94 375/375/94 376/376/94
f 377/377/95 378/378/95 379/379/95 380/380/95
f 381/381/96 382/382/96 383/383/96 384/384/96
usemtl garden_mechanism
f 385/385/97 386/386/97 387/387/97 388/388/97
usemtl ruin_stone
f 389/389/98 390/390/98 391/391/98 392/392/98
usemtl ruin_cap
f 393/393/99 394/394/99 395/395/99 396/396/99
f 397/397/100 398/398/100 399/399/100 400/400/100
f 401/401/101 402/402/101 403/403/101 404/404/101
f 405/405/102 406/406/102 407/407/102 408/408/102
usemtl garden_mechanism
f 409/409/103 410/410/103 411/411/103 412/412/103
usemtl ruin_stone
f 413/413/104 414/414/104 415/415/104 416/416/104
usemtl ruin_cap
f 417/417/105 418/418/105 419/419/105 420/420/105
f 421/421/106 422/422/106 423/423/106 424/424/106
f 425/425/107 426/426/107 427/427/107 428/428/107
f 429/429/108 430/430/108 431/431/108 432/432/108
usemtl goal_dais
f 433/433/109 434/434/109 435/435/109 436/436/109
usemtl ruin_stone
f 437/437/110 438/438/110 439/439/110 440/440/110
usemtl ruin_cap
f 441/441/111 442/442/111 443/443/111 444/444/111
f 445/445/112 446/446/112 447/447/112 448/448/112
f 449/449/113 450/450/113 451/451/113 452/452/113
f 453/453/114 454/454/114 455/455/114 456/456/114
usemtl arena_grass
f 457/457/115 458/458/115 459/459/115
usemtl garden_underside
f 460/460/116 461/461/116 462/462/116
usemtl arena_cliff
f 463/463/117 464/464/117 465/465/117 466/466/117
usemtl arena_grass
f 467/467/118 468/468/118 469/469/118
usemtl garden_underside
f 470/470/119 471/471/119 472/472/119
usemtl arena_cliff
f 473/473/120 474/474/120 475/475/120 476/476/120
usemtl arena_grass
f 477/477/121 478/478/121 479/479/121
usemtl garden_underside
f 480/480/122 481/481/122 482/482/122
usemtl arena_cliff
f 483/483/123 484/484/123 485/485/123 486/486/123
usemtl arena_grass
f 487/487/124 488/488/124 489/489/124
usemtl garden_underside
f 490/490/125 491/491/125 492/492/125
usemtl arena_cliff
f 493/493/126 494/494/126 495/495/126 496/496/126
usemtl arena_grass
f 497/497/127 498/498/127 499/499/127
usemtl garden_underside
f 500/500/128 501/501/128 502/502/128
usemtl arena_cliff
f 503/503/129 504/504/129 505/505/129 506/506/129
usemtl arena_grass
f 507/507/130 508/508/130 509/509/130
usemtl garden_underside
f 510/510/131 511/511/131 512/512/131
usemtl arena_cliff
f 513/513/132 514/514/132 515/515/132 516/516/132
usemtl arena_grass
f 517/517/133 518/518/133 519/519/133
usemtl garden_underside
f 520/520/134 521/521/134 522/522/134
usemtl arena_cliff
f 523/523/135 524/524/135 525/525/135 526/526/135
usemtl arena_grass
f 527/527/136 528/528/136 529/529/136
usemtl garden_underside
f 530/530/137 531/531/137 532/532/137
usemtl arena_cliff
f 533/533/138 534/534/138 535/535/138 536/536/138
usemtl arena_grass
f 537/537/139 538/538/139 539/539/139
usemtl garden_underside
f 540/540/140 541/541/140 542/542/140
usemtl arena_cliff
f 543/543/141 544/544/141 545/545/141 546/546/141
usemtl arena_grass
f 547/547/142 548/548/142 549/549/142
usemtl garden_underside
f 550/550/143 551/551/143 552/552/143
usemtl arena_cliff
f 553/553/144 554/554/144 555/555/144 556/556/144
usemtl arena_grass
f 557/557/145 558/558/145 559/559/145
usemtl garden_underside
f 560/560/146 561/561/146 562/562/146
usemtl arena_cliff
f 563/563/147 564/564/147 565/565/147 566/566/147
usemtl arena_grass
f 567/567/148 568/568/148 569/569/148
usemtl garden_underside
f 570/570/149 571/571/149 572/572/149
usemtl arena_cliff
f 573/573/150 574/574/150 575/575/150 576/576/150
usemtl arena_grass
f 577/577/151 578/578/151 579/579/151
usemtl garden_underside
f 580/580/152 581/581/152 582/582/152
usemtl arena_cliff
f 583/583/153 584/584/153 585/585/153 586/586/153
usemtl arena_grass
f 587/587/154 588/588/154 589/589/154
usemtl garden_underside
f 590/590/155 591/591/155 592/592/155
usemtl arena_cliff
f 593/593/156 594/594/156 595/595/156 596/596/156
usemtl arena_grass
f 597/597/157 598/598/157 599/599/157
usemtl garden_underside
f 600/600/158 601/601/158 602/602/158
usemtl arena_cliff
f 603/603/159 604/604/159 605/605/159 606/606/159
usemtl arena_grass
f 607/607/160 608/608/160 609/609/160
usemtl garden_underside
f 610/610/161 611/611/161 612/612/161
usemtl arena_cliff
f 613/613/162 614/614/162 615/615/162 616/616/162
usemtl arena_grass
f 617/617/163 618/618/163 619/619/163
usemtl garden_underside
f 620/620/164 621/621/164 622/622/164
usemtl arena_cliff
f 623/623/165 624/624/165 625/625/165 626/626/165
usemtl arena_grass
f 627/627/166 628/628/166 629/629/166
usemtl garden_underside
f 630/630/167 631/631/167 632/632/167
usemtl arena_cliff
f 633/633/168 634/634/168 635/635/168 636/636/168
usemtl arena_grass
f 637/637/169 638/638/169 639/639/169
usemtl garden_underside
f 640/640/170 641/641/170 642/642/170
usemtl arena_cliff
f 643/643/171 644/644/171 645/645/171 646/646/171
usemtl arena_grass
f 647/647/172 648/648/172 649/649/172
usemtl garden_underside
f 650/650/173 651/651/173 652/652/173
usemtl arena_cliff
f 653/653/174 654/654/174 655/655/174 656/656/174
usemtl arena_dais
f 657/657/175 658/658/175 659/659/175
usemtl garden_underside
f 660/660/176 661/661/176 662/662/176
usemtl arena_wall
f 663/663/177 664/664/177 665/665/177 666/666/177
usemtl arena_dais
f 667/667/178 668/668/178 669/669/178
usemtl garden_underside
f 670/670/179 671/671/179 672/672/179
usemtl arena_wall
f 673/673/180 674/674/180 675/675/180 676/676/180
usemtl arena_dais
f 677/677/181 678/678/181 679/679/181
usemtl garden_underside
f 680/680/182 681/681/182 682/682/182
usemtl arena_wall
f 683/683/183 684/684/183 685/685/183 686/686/183
usemtl arena_dais
f 687/687/184 688/688/184 689/689/184
usemtl garden_underside
f 690/690/185 691/691/185 692/692/185
usemtl arena_wall
f 693/693/186 694/694/186 695/695/186 696/696/186
usemtl arena_dais
f 697/697/187 698/698/187 699/699/187
usemtl garden_underside
f 700/700/188 701/701/188 702/702/188
usemtl arena_wall
f 703/703/189 704/704/189 705/705/189 706/706/189
usemtl arena_dais
f 707/707/190 708/708/190 709/709/190
usemtl garden_underside
f 710/710/191 711/711/191 712/712/191
usemtl arena_wall
f 713/713/192 714/714/192 715/715/192 716/716/192
usemtl arena_dais
f 717/717/193 718/718/193 719/719/193
usemtl garden_underside
f 720/720/194 721/721/194 722/722/194
usemtl arena_wall
f 723/723/195 724/724/195 725/725/195 726/726/195
usemtl arena_dais
f 727/727/196 728/728/196 729/729/196
usemtl garden_underside
f 730/730/197 731/731/197 732/732/197
usemtl arena_wall
f 733/733/198 734/734/198 735/735/198 736/736/198
usemtl arena_dais
f 737/737/199 738/738/199 739/739/199
usemtl garden_underside
f 740/740/200 741/741/200 742/742/200
usemtl arena_wall
f 743/743/201 744/744/201 745/745/201 746/746/201
usemtl arena_dais
f 747/747/202 748/748/202 749/749/202
usemtl garden_underside
f 750/750/203 751/751/203 752/752/203
usemtl arena_wall
f 753/753/204 754/754/204 755/755/204 756/756/204
usemtl arena_dais
f 757/757/205 758/758/205 759/759/205
usemtl garden_underside
f 760/760/206 761/761/206 762/762/206
usemtl arena_wall
f 763/763/207 764/764/207 765/765/207 766/766/207
usemtl arena_dais
f 767/767/208 768/768/208 769/769/208
usemtl garden_underside
f 770/770/209 771/771/209 772/772/209
usemtl arena_wall
f 773/773/210 774/774/210 775/775/210 776/776/210
usemtl arena_dais
f 777/777/211 778/778/211 779/779/211
usemtl garden_underside
f 780/780/212 781/781/212 782/782/212
usemtl arena_wall
f 783/783/213 784/784/213 785/785/213 786/786/213
usemtl arena_dais
f 787/787/214 788/788/214 789/789/214
usemtl garden_underside
f 790/790/215 791/791/215 792/792/215
usemtl arena_wall
f 793/793/216 794/794/216 795/795/216 796/796/216
usemtl arena_dais
f 797/797/217 798/798/217 799/799/217
usemtl garden_underside
f 800/800/218 801/801/218 802/802/218
usemtl arena_wall
f 803/803/219 804/804/219 805/805/219 806/806/219
usemtl arena_dais
f 807/807/220 808/808/220 809/809/220
usemtl garden_underside
f 810/810/221 811/811/221 812/812/221
usemtl arena_wall
f 813/813/222 814/814/222 815/815/222 816/816/222
usemtl arena_dais
f 817/817/223 818/818/223 819/819/223
usemtl garden_underside
f 820/820/224 821/821/224 822/822/224
usemtl arena_wall
f 823/823/225 824/824/225 825/825/225 826/826/225
usemtl arena_dais
f 827/827/226 828/828/226 829/829/226
usemtl garden_underside
f 830/830/227 831/831/227 832/832/227
usemtl arena_wall
f 833/833/228 834/834/228 835/835/228 836/836/228
usemtl arena_dais
f 837/837/229 838/838/229 839/839/229
usemtl garden_underside
f 840/840/230 841/841/230 842/842/230
usemtl arena_wall
f 843/843/231 844/844/231 845/845/231 846/846/231
usemtl arena_dais
f 847/847/232 848/848/232 849/849/232
usemtl garden_underside
f 850/850/233 851/851/233 852/852/233
usemtl arena_wall
f 853/853/234 854/854/234 855/855/234 856/856/234
usemtl garden_grass
f 857/857/235 858/858/235 859/859/235 860/860/235
usemtl garden_underside
f 861/861/236 862/862/236 863/863/236 864/864/236
usemtl arena_cliff
f 865/865/237 866/866/237 867/867/237 868/868/237
f 869/869/238 870/870/238 871/871/238 872/872/238
f 873/873/239 874/874/239 875/875/239 876/876/239
f 877/877/240 878/878/240 879/879/240 880/880/240
usemtl garden_grass_light
f 881/881/241 882/882/241 883/883/241 884/884/241
usemtl garden_underside
f 885/885/242 886/886/242 887/887/242 888/888/242
usemtl ruin_stone
f 889/889/243 890/890/243 891/891/243 892/892/243
f 893/893/244 894/894/244 895/895/244 896/896/244
f 897/897/245 898/898/245 899/899/245 900/900/245
f 901/901/246 902/902/246 903/903/246 904/904/246
usemtl garden_grass_light
f 905/905/247 906/906/247 907/907/247 908/908/247
usemtl garden_underside
f 909/909/248 910/910/248 911/911/248 912/912/248
usemtl garden_cliff_rose
f 913/913/249 914/914/249 915/915/249 916/916/249
f 917/917/250 918/918/250 919/919/250 920/920/250
f 921/921/251 922/922/251 923/923/251 924/924/251
f 925/925/252 926/926/252 927/927/252 928/928/252
usemtl garden_grass
f 929/929/253 930/930/253 931/931/253 932/932/253
usemtl garden_underside
f 933/933/254 934/934/254 935/935/254 936/936/254
usemtl garden_cliff_rose
f 937/937/255 938/938/255 939/939/255 940/940/255
f 941/941/256 942/942/256 943/943/256 944/944/256
f 945/945/257 946/946/257 947/947/257 948/948/257
f 949/949/258 950/950/258 951/951/258 952/952/258
usemtl garden_grass_light
f 953/953/259 954/954/259 955/955/259 956/956/259
usemtl garden_underside
f 957/957/260 958/958/260 959/959/260 960/960/260
usemtl garden_cliff_rose
f 961/961/261 962/962/261 963/963/261 964/964/261
f 965/965/262 966/966/262 967/967/262 968/968/262
f 969/969/263 970/970/263 971/971/263 972/972/263
f 973/973/264 974/974/264 975/975/264 976/976/264
usemtl garden_grass
f 977/977/265 978/978/265 979/979/265 980/980/265
usemtl garden_underside
f 981/981/266 982/982/266 983/983/266 984/984/266
usemtl garden_cliff_rose
f 985/985/267 986/986/267 987/987/267 988/988/267
f 989/989/268 990/990/268 991/991/268 992/992/268
f 993/993/269 994/994/269 995/995/269 996/996/269
f 997/997/270 998/998/270 999/999/270 1000/1000/270
usemtl garden_grass_light
f 1001/1001/271 1002/1002/271 1003/1003/271 1004/1004/271
usemtl garden_underside
f 1005/1005/272 1006/1006/272 1007/1007/272 1008/1008/272
usemtl garden_cliff_warm
f 1009/1009/273 1010/1010/273 1011/1011/273 1012/1012/273
f 1013/1013/274 1014/1014/274 1015/1015/274 1016/1016/274
f 1017/1017/275 1018/1018/275 1019/1019/275 1020/1020/275
f 1021/1021/276 1022/1022/276 1023/1023/276 1024/1024/276
usemtl ruin_path
f 1025/1025/277 1026/1026/277 1027/1027/277 1028/1028/277
usemtl ruin_stone
f 1029/1029/278 1030/1030/278 1031/1031/278 1032/1032/278
f 1033/1033/279 1034/1034/279 1035/1035/279 1036/1036/279
f 1037/1037/280 1038/1038/280 1039/1039/280 1040/1040/280
f 1041/1041/281 1042/1042/281 1043/1043/281 1044/1044/281
f 1045/1045/282 1046/1046/282 1047/1047/282 1048/1048/282
usemtl ruin_path
f 1049/1049/283 1050/1050/283 1051/1051/283 1052/1052/283
usemtl ruin_stone
f 1053/1053/284 1054/1054/284 1055/1055/284 1056/1056/284
f 1057/1057/285 1058/1058/285 1059/1059/285 1060/1060/285
f 1061/1061/286 1062/1062/286 1063/1063/286 1064/1064/286
f 1065/1065/287 1066/1066/287 1067/1067/287 1068/1068/287
f 1069/1069/288 1070/1070/288 1071/1071/288 1072/1072/288
usemtl ruin_path
f 1073/1073/289 1074/1074/289 1075/1075/289 1076/1076/289
usemtl ruin_stone
f 1077/1077/290 1078/1078/290 1079/1079/290 1080/1080/290
f 1081/1081/291 1082/1082/291 1083/1083/291 1084/1084/291
f 1085/1085/292 1086/1086/292 1087/1087/292 1088/1088/292
f 1089/1089/293 1090/1090/293 1091/1091/293 1092/1092/293
f 1093/1093/294 1094/1094/294 1095/1095/294 1096/1096/294
usemtl ruin_path
f 1097/1097/295 1098/1098/295 1099/1099/295 1100/1100/295
usemtl ruin_stone
f 1101/1101/296 1102/1102/296 1103/1103/296 1104/1104/296
f 1105/1105/297 1106/1106/297 1107/1107/297 1108/1108/297
f 1109/1109/298 1110/1110/298 1111/1111/298 1112/1112/298
f 1113/1113/299 1114/1114/299 1115/1115/299 1116/1116/299
f 1117/1117/300 1118/1118/300 1119/1119/300 1120/1120/300
usemtl ruin_path
f 1121/1121/301 1122/1122/301 1123/1123/301 1124/1124/301
usemtl ruin_stone
f 1125/1125/302 1126/1126/302 1127/1127/302 1128/1128/302
f 1129/1129/303 1130/1130/303 1131/1131/303 1132/1132/303
f 1133/1133/304 1134/1134/304 1135/1135/304 1136/1136/304
f 1137/1137/305 1138/1138/305 1139/1139/305 1140/1140/305
f 1141/1141/306 1142/1142/306 1143/1143/306 1144/1144/306
usemtl ruin_path
f 1145/1145/307 1146/1146/307 1147/1147/307 1148/1148/307
usemtl ruin_stone
f 1149/1149/308 1150/1150/308 1151/1151/308 1152/1152/308
f 1153/1153/309 1154/1154/309 1155/1155/309 1156/1156/309
f 1157/1157/310 1158/1158/310 1159/1159/310 1160/1160/310
f 1161/1161/311 1162/1162/311 1163/1163/311 1164/1164/311
f 1165/1165/312 1166/1166/312 1167/1167/312 1168/1168/312
usemtl ruin_path
f 1169/1169/313 1170/1170/313 1171/1171/313 1172/1172/313
usemtl ruin_stone
f 1173/1173/314 1174/1174/314 1175/1175/314 1176/1176/314
f 1177/1177/315 1178/1178/315 1179/1179/315 1180/1180/315
f 1181/1181/316 1182/1182/316 1183/1183/316 1184/1184/316
f 1185/1185/317 1186/1186/317 1187/1187/317 1188/1188/317
f 1189/1189/318 1190/1190/318 1191/1191/318 1192/1192/318
usemtl ruin_path
f 1193/1193/319 1194/1194/319 1195/1195/319 1196/1196/319
usemtl ruin_stone
f 1197/1197/320 1198/1198/320 1199/1199/320 1200/1200/320
f 1201/1201/321 1202/1202/321 1203/1203/321 1204/1204/321
f 1205/1205/322 1206/1206/322 1207/1207/322 1208/1208/322
f 1209/1209/323 1210/1210/323 1211/1211/323 1212/1212/323
f 1213/1213/324 1214/1214/324 1215/1215/324 1216/1216/324
usemtl ruin_path
f 1217/1217/325 1218/1218/325 1219/1219/325 1220/1220/325
usemtl ruin_stone
f 1221/1221/326 1222/1222/326 1223/1223/326 1224/1224/326
f 1225/1225/327 1226/1226/327 1227/1227/327 1228/1228/327
f 1229/1229/328 1230/1230/328 1231/1231/328 1232/1232/328
f 1233/1233/329 1234/1234/329 1235/1235/329 1236/1236/329
f 1237/1237/330 1238/1238/330 1239/1239/330 1240/1240/330
usemtl ruin_path
f 1241/1241/331 1242/1242/331 1243/1243/331 1244/1244/331
usemtl ruin_stone
f 1245/1245/332 1246/1246/332 1247/1247/332 1248/1248/332
f 1249/1249/333 1250/1250/333 1251/1251/333 1252/1252/333
f 1253/1253/334 1254/1254/334 1255/1255/334 1256/1256/334
f 1257/1257/335 1258/1258/335 1259/1259/335 1260/1260/335
f 1261/1261/336 1262/1262/336 1263/1263/336 1264/1264/336
usemtl ruin_path
f 1265/1265/337 1266/1266/337 1267/1267/337 1268/1268/337
usemtl ruin_stone
f 1269/1269/338 1270/1270/338 1271/1271/338 1272/1272/338
f 1273/1273/339 1274/1274/339 1275/1275/339 1276/1276/339
f 1277/1277/340 1278/1278/340 1279/1279/340 1280/1280/340
f 1281/1281/341 1282/1282/341 1283/1283/341 1284/1284/341
f 1285/1285/342 1286/1286/342 1287/1287/342 1288/1288/342
usemtl ruin_path
f 1289/1289/343 1290/1290/343 1291/1291/343 1292/1292/343
usemtl ruin_stone
f 1293/1293/344 1294/1294/344 1295/1295/344 1296/1296/344
f 1297/1297/345 1298/1298/345 1299/1299/345 1300/1300/345
f 1301/1301/346 1302/1302/346 1303/1303/346 1304/1304/346
f 1305/1305/347 1306/1306/347 1307/1307/347 1308/1308/347
f 1309/1309/348 1310/1310/348 1311/1311/348 1312/1312/348
usemtl ruin_path
f 1313/1313/349 1314/1314/349 1315/1315/349 1316/1316/349
usemtl ruin_stone
f 1317/1317/350 1318/1318/350 1319/1319/350 1320/1320/350
f 1321/1321/351 1322/1322/351 1323/1323/351 1324/1324/351
f 1325/1325/352 1326/1326/352 1327/1327/352 1328/1328/352
f 1329/1329/353 1330/1330/353 1331/1331/353 1332/1332/353
f 1333/1333/354 1334/1334/354 1335/1335/354 1336/1336/354
usemtl ruin_path
f 1337/1337/355 1338/1338/355 1339/1339/355 1340/1340/355
usemtl ruin_stone
f 1341/1341/356 1342/1342/356 1343/1343/356 1344/1344/356
f 1345/1345/357 1346/1346/357 1347/1347/357 1348/1348/357
f 1349/1349/358 1350/1350/358 1351/1351/358 1352/1352/358
f 1353/1353/359 1354/1354/359 1355/1355/359 1356/1356/359
f 1357/1357/360 1358/1358/360 1359/1359/360 1360/1360/360
usemtl ruin_path
f 1361/1361/361 1362/1362/361 1363/1363/361 1364/1364/361
usemtl ruin_stone
f 1365/1365/362 1366/1366/362 1367/1367/362 1368/1368/362
f 1369/1369/363 1370/1370/363 1371/1371/363 1372/1372/363
f 1373/1373/364 1374/1374/364 1375/1375/364 1376/1376/364
f 1377/1377/365 1378/1378/365 1379/1379/365 1380/1380/365
f 1381/1381/366 1382/1382/366 1383/1383/366 1384/1384/366
usemtl ruin_path
f 1385/1385/367 1386/1386/367 1387/1387/367 1388/1388/367
usemtl ruin_stone
f 1389/1389/368 1390/1390/368 1391/1391/368 1392/1392/368
f 1393/1393/369 1394/1394/369 1395/1395/369 1396/1396/369
f 1397/1397/370 1398/1398/370 1399/1399/370 1400/1400/370
f 1401/1401/371 1402/1402/371 1403/1403/371 1404/1404/371
f 1405/1405/372 1406/1406/372 1407/1407/372 1408/1408/372
usemtl ruin_path
f 1409/1409/373 1410/1410/373 1411/1411/373 1412/1412/373
usemtl ruin_stone
f 1413/1413/374 1414/1414/374 1415/1415/374 1416/1416/374
f 1417/1417/375 1418/1418/375 1419/1419/375 1420/1420/375
f 1421/1421/376 1422/1422/376 1423/1423/376 1424/1424/376
f 1425/1425/377 1426/1426/377 1427/1427/377 1428/1428/377
f 1429/1429/378 1430/1430/378 1431/1431/378 1432/1432/378
usemtl ruin_path
f 1433/1433/379 1434/1434/379 1435/1435/379 1436/1436/379
usemtl ruin_stone
f 1437/1437/380 1438/1438/380 1439/1439/380 1440/1440/380
f 1441/1441/381 1442/1442/381 1443/1443/381 1444/1444/381
f 1445/1445/382 1446/1446/382 1447/1447/382 1448/1448/382
f 1449/1449/383 1450/1450/383 1451/1451/383 1452/1452/383
f 1453/1453/384 1454/1454/384 1455/1455/384 1456/1456/384
usemtl ruin_path
f 1457/1457/385 1458/1458/385 1459/1459/385 1460/1460/385
usemtl ruin_stone
f 1461/1461/386 1462/1462/386 1463/1463/386 1464/1464/386
f 1465/1465/387 1466/1466/387 1467/1467/387 1468/1468/387
f 1469/1469/388 1470/1470/388 1471/1471/388 1472/1472/388
f 1473/1473/389 1474/1474/389 1475/1475/389 1476/1476/389
f 1477/1477/390 1478/1478/390 1479/1479/390 1480/1480/390
usemtl ruin_path
f 1481/1481/391 1482/1482/391 1483/1483/391 1484/1484/391
usemtl ruin_stone
f 1485/1485/392 1486/1486/392 1487/1487/392 1488/1488/392
f 1489/1489/393 1490/1490/393 1491/1491/393 1492/1492/393
f 1493/1493/394 1494/1494/394 1495/1495/394 1496/1496/394
f 1497/1497/395 1498/1498/395 1499/1499/395 1500/1500/395
f 1501/1501/396 1502/1502/396 1503/1503/396 1504/1504/396
usemtl ruin_path
f 1505/1505/397 1506/1506/397 1507/1507/397 1508/1508/397
usemtl ruin_stone
f 1509/1509/398 1510/1510/398 1511/1511/398 1512/1512/398
f 1513/1513/399 1514/1514/399 1515/1515/399 1516/1516/399
f 1517/1517/400 1518/1518/400 1519/1519/400 1520/1520/400
f 1521/1521/401 1522/1522/401 1523/1523/401 1524/1524/401
f 1525/1525/402 1526/1526/402 1527/1527/402 1528/1528/402
usemtl ruin_path
f 1529/1529/403 1530/1530/403 1531/1531/403 1532/1532/403
usemtl ruin_stone
f 1533/1533/404 1534/1534/404 1535/1535/404 1536/1536/404
f 1537/1537/405 1538/1538/405 1539/1539/405 1540/1540/405
f 1541/1541/406 1542/1542/406 1543/1543/406 1544/1544/406
f 1545/1545/407 1546/1546/407 1547/1547/407 1548/1548/407
f 1549/1549/408 1550/1550/408 1551/1551/408 1552/1552/408
usemtl ruin_path
f 1553/1553/409 1554/1554/409 1555/1555/409 1556/1556/409
usemtl ruin_stone
f 1557/1557/410 1558/1558/410 1559/1559/410 1560/1560/410
f 1561/1561/411 1562/1562/411 1563/1563/411 1564/1564/411
f 1565/1565/412 1566/1566/412 1567/1567/412 1568/1568/412
f 1569/1569/413 1570/1570/413 1571/1571/413 1572/1572/413
f 1573/1573/414 1574/1574/414 1575/1575/414 1576/1576/414
usemtl garden_grass_dark
f 1577/1577/415 1578/1578/415 1579/1579/415 1580/1580/415
usemtl garden_underside
f 1581/1581/416 1582/1582/416 1583/1583/416 1584/1584/416
usemtl cave_rock
f 1585/1585/417 1586/1586/417 1587/1587/417 1588/1588/417
f 1589/1589/418 1590/1590/418 1591/1591/418 1592/1592/418
f 1593/1593/419 1594/1594/419 1595/1595/419 1596/1596/419
f 1597/1597/420 1598/1598/420 1599/1599/420 1600/1600/420
usemtl cave_floor
f 1601/1601/421 1602/1602/421 1603/1603/421 1604/1604/421
usemtl garden_underside
f 1605/1605/422 1606/1606/422 1607/1607/422 1608/1608/422
usemtl cave_rock
f 1609/1609/423 1610/1610/423 1611/1611/423 1612/1612/423
f 1613/1613/424 1614/1614/424 1615/1615/424 1616/1616/424
f 1617/1617/425 1618/1618/425 1619/1619/425 1620/1620/425
f 1621/1621/426 1622/1622/426 1623/1623/426 1624/1624/426
usemtl ruin_path
f 1625/1625/427 1626/1626/427 1627/1627/427 1628/1628/427
usemtl ruin_stone
f 1629/1629/428 1630/1630/428 1631/1631/428 1632/1632/428
f 1633/1633/429 1634/1634/429 1635/1635/429 1636/1636/429
f 1637/1637/430 1638/1638/430 1639/1639/430 1640/1640/430
f 1641/1641/431 1642/1642/431 1643/1643/431 1644/1644/431
f 1645/1645/432 1646/1646/432 1647/1647/432 1648/1648/432
usemtl ruin_path
f 1649/1649/433 1650/1650/433 1651/1651/433 1652/1652/433
usemtl ruin_stone
f 1653/1653/434 1654/1654/434 1655/1655/434 1656/1656/434
f 1657/1657/435 1658/1658/435 1659/1659/435 1660/1660/435
f 1661/1661/436 1662/1662/436 1663/1663/436 1664/1664/436
f 1665/1665/437 1666/1666/437 1667/1667/437 1668/1668/437
f 1669/1669/438 1670/1670/438 1671/1671/438 1672/1672/438
usemtl ruin_cap
f 1673/1673/439 1674/1674/439 1675/1675/439 1676/1676/439
usemtl cave_rock
f 1677/1677/440 1678/1678/440 1679/1679/440 1680/1680/440
f 1681/1681/441 1682/1682/441 1683/1683/441 1684/1684/441
f 1685/1685/442 1686/1686/442 1687/1687/442 1688/1688/442
f 1689/1689/443 1690/1690/443 1691/1691/443 1692/1692/443
f 1693/1693/444 1694/1694/444 1695/1695/444 1696/1696/444
usemtl ruin_cap
f 1697/1697/445 1698/1698/445 1699/1699/445 1700/1700/445
usemtl cave_rock
f 1701/1701/446 1702/1702/446 1703/1703/446 1704/1704/446
f 1705/1705/447 1706/1706/447 1707/1707/447 1708/1708/447
f 1709/1709/448 1710/1710/448 1711/1711/448 1712/1712/448
f 1713/1713/449 1714/1714/449 1715/1715/449 1716/1716/449
f 1717/1717/450 1718/1718/450 1719/1719/450 1720/1720/450
usemtl ruin_cap
f 1721/1721/451 1722/1722/451 1723/1723/451 1724/1724/451
usemtl cave_rock
f 1725/1725/452 1726/1726/452 1727/1727/452 1728/1728/452
f 1729/1729/453 1730/1730/453 1731/1731/453 1732/1732/453
f 1733/1733/454 1734/1734/454 1735/1735/454 1736/1736/454
f 1737/1737/455 1738/1738/455 1739/1739/455 1740/1740/455
f 1741/1741/456 1742/1742/456 1743/1743/456 1744/1744/456
usemtl ruin_cap
f 1745/1745/457 1746/1746/457 1747/1747/457 1748/1748/457
usemtl ruin_stone
f 1749/1749/458 1750/1750/458 1751/1751/458 1752/1752/458
f 1753/1753/459 1754/1754/459 1755/1755/459 1756/1756/459
f 1757/1757/460 1758/1758/460 1759/1759/460 1760/1760/460
f 1761/1761/461 1762/1762/461 1763/1763/461 1764/1764/461
f 1765/1765/462 1766/1766/462 1767/1767/462 1768/1768/462
usemtl ruin_cap
f 1769/1769/463 1770/1770/463 1771/1771/463 1772/1772/463
usemtl ruin_stone
f 1773/1773/464 1774/1774/464 1775/1775/464 1776/1776/464
f 1777/1777/465 1778/1778/465 1779/1779/465 1780/1780/465
f 1781/1781/466 1782/1782/466 1783/1783/466 1784/1784/466
f 1785/1785/467 1786/1786/467 1787/1787/467 1788/1788/467
f 1789/1789/468 1790/1790/468 1791/1791/468 1792/1792/468
usemtl ruin_cap
f 1793/1793/469 1794/1794/469 1795/1795/469 1796/1796/469
usemtl ruin_stone
f 1797/1797/470 1798/1798/470 1799/1799/470 1800/1800/470
f 1801/1801/471 1802/1802/471 1803/1803/471 1804/1804/471
f 1805/1805/472 1806/1806/472 1807/1807/472 1808/1808/472
f 1809/1809/473 1810/1810/473 1811/1811/473 1812/1812/473
f 1813/1813/474 1814/1814/474 1815/1815/474 1816/1816/474
usemtl ruin_cap
f 1817/1817/475 1818/1818/475 1819/1819/475 1820/1820/475
usemtl ruin_stone
f 1821/1821/476 1822/1822/476 1823/1823/476 1824/1824/476
f 1825/1825/477 1826/1826/477 1827/1827/477 1828/1828/477
f 1829/1829/478 1830/1830/478 1831/1831/478 1832/1832/478
f 1833/1833/479 1834/1834/479 1835/1835/479 1836/1836/479
f 1837/1837/480 1838/1838/480 1839/1839/480 1840/1840/480
usemtl ruin_cap
f 1841/1841/481 1842/1842/481 1843/1843/481 1844/1844/481
usemtl ruin_stone
f 1845/1845/482 1846/1846/482 1847/1847/482 1848/1848/482
f 1849/1849/483 1850/1850/483 1851/1851/483 1852/1852/483
f 1853/1853/484 1854/1854/484 1855/1855/484 1856/1856/484
f 1857/1857/485 1858/1858/485 1859/1859/485 1860/1860/485
f 1861/1861/486 1862/1862/486 1863/1863/486 1864/1864/486
usemtl ruin_cap
f 1865/1865/487 1866/1866/487 1867/1867/487 1868/1868/487
usemtl ruin_stone
f 1869/1869/488 1870/1870/488 1871/1871/488 1872/1872/488
f 1873/1873/489 1874/1874/489 1875/1875/489 1876/1876/489
f 1877/1877/490 1878/1878/490 1879/1879/490 1880/1880/490
f 1881/1881/491 1882/1882/491 1883/1883/491 1884/1884/491
f 1885/1885/492 1886/1886/492 1887/1887/492 1888/1888/492
usemtl goal_dais
f 1889/1889/493 1890/1890/493 1891/1891/493 1892/1892/493
usemtl ruin_stone
f 1893/1893/494 1894/1894/494 1895/1895/494 1896/1896/494
f 1897/1897/495 1898/1898/495 1899/1899/495 1900/1900/495
f 1901/1901/496 1902/1902/496 1903/1903/496 1904/1904/496
f 1905/1905/497 1906/1906/497 1907/1907/497 1908/1908/497
f 1909/1909/498 1910/1910/498 1911/1911/498 1912/1912/498
usemtl goal_dais
f 1913/1913/499 1914/1914/499 1915/1915/499 1916/1916/499
usemtl ruin_stone
f 1917/1917/500 1918/1918/500 1919/1919/500 1920/1920/500
f 1921/1921/501 1922/1922/501 1923/1923/501 1924/1924/501
f 1925/1925/502 1926/1926/502 1927/1927/502 1928/1928/502
f 1929/1929/503 1930/1930/503 1931/1931/503 1932/1932/503
f 1933/1933/504 1934/1934/504 1935/1935/504 1936/1936/504
usemtl garden_grass
f 1937/1937/505 1938/1938/505 1939/1939/505 1940/1940/505
usemtl garden_underside
f 1941/1941/506 1942/1942/506 1943/1943/506 1944/1944/506
usemtl ruin_stone
f 1945/1945/507 1946/1946/507 1947/1947/507 1948/1948/507
f 1949/1949/508 1950/1950/508 1951/1951/508 1952/1952/508
f 1953/1953/509 1954/1954/509 1955/1955/509 1956/1956/509
f 1957/1957/510 1958/1958/510 1959/1959/510 1960/1960/510
usemtl garden_grass_light
f 1961/1961/511 1962/1962/511 1963/1963/511 1964/1964/511
usemtl garden_underside
f 1965/1965/512 1966/1966/512 1967/1967/512 1968/1968/512
usemtl arena_cliff
f 1969/1969/513 1970/1970/513 1971/1971/513 1972/1972/513
f 1973/1973/514 1974/1974/514 1975/1975/514 1976/1976/514
f 1977/1977/515 1978/1978/515 1979/1979/515 1980/1980/515
f 1981/1981/516 1982/1982/516 1983/1983/516 1984/1984/516
usemtl garden_grass
f 1985/1985/517 1986/1986/517 1987/1987/517 1988/1988/517
usemtl garden_underside
f 1989/1989/518 1990/1990/518 1991/1991/518 1992/1992/518
usemtl ruin_stone
f 1993/1993/519 1994/1994/519 1995/1995/519 1996/1996/519
f 1997/1997/520 1998/1998/520 1999/1999/520 2000/2000/520
f 2001/2001/521 2002/2002/521 2003/2003/521 2004/2004/521
f 2005/2005/522 2006/2006/522 2007/2007/522 2008/2008/522
usemtl garden_grass_light
f 2009/2009/523 2010/2010/523 2011/2011/523 2012/2012/523
usemtl garden_underside
f 2013/2013/524 2014/2014/524 2015/2015/524 2016/2016/524
usemtl ruin_stone
f 2017/2017/525 2018/2018/525 2019/2019/525 2020/2020/525
f 2021/2021/526 2022/2022/526 2023/2023/526 2024/2024/526
f 2025/2025/527 2026/2026/527 2027/2027/527 2028/2028/527
f 2029/2029/528 2030/2030/528 2031/2031/528 2032/2032/528
usemtl ruin_path
f 2033/2033/529 2034/2034/529 2035/2035/529 2036/2036/529
usemtl ruin_stone
f 2037/2037/530 2038/2038/530 2039/2039/530 2040/2040/530
f 2041/2041/531 2042/2042/531 2043/2043/531 2044/2044/531
f 2045/2045/532 2046/2046/532 2047/2047/532 2048/2048/532
f 2049/2049/533 2050/2050/533 2051/2051/533 2052/2052/533
f 2053/2053/534 2054/2054/534 2055/2055/534 2056/2056/534
usemtl goal_dais
f 2057/2057/535 2058/2058/535 2059/2059/535 2060/2060/535
usemtl ruin_stone
f 2061/2061/536 2062/2062/536 2063/2063/536 2064/2064/536
f 2065/2065/537 2066/2066/537 2067/2067/537 2068/2068/537
f 2069/2069/538 2070/2070/538 2071/2071/538 2072/2072/538
f 2073/2073/539 2074/2074/539 2075/2075/539 2076/2076/539
f 2077/2077/540 2078/2078/540 2079/2079/540 2080/2080/540
usemtl ruin_cap
f 2081/2081/541 2082/2082/541 2083/2083/541 2084/2084/541
usemtl ruin_stone
f 2085/2085/542 2086/2086/542 2087/2087/542 2088/2088/542
f 2089/2089/543 2090/2090/543 2091/2091/543 2092/2092/543
f 2093/2093/544 2094/2094/544 2095/2095/544 2096/2096/544
f 2097/2097/545 2098/2098/545 2099/2099/545 2100/2100/545
f 2101/2101/546 2102/2102/546 2103/2103/546 2104/2104/546
usemtl ruin_cap
f 2105/2105/547 2106/2106/547 2107/2107/547 2108/2108/547
usemtl ruin_stone
f 2109/2109/548 2110/2110/548 2111/2111/548 2112/2112/548
f 2113/2113/549 2114/2114/549 2115/2115/549 2116/2116/549
f 2117/2117/550 2118/2118/550 2119/2119/550 2120/2120/550
f 2121/2121/551 2122/2122/551 2123/2123/551 2124/2124/551
f 2125/2125/552 2126/2126/552 2127/2127/552 2128/2128/552
usemtl ruin_cap
f 2129/2129/553 2130/2130/553 2131/2131/553 2132/2132/553
usemtl ruin_stone
f 2133/2133/554 2134/2134/554 2135/2135/554 2136/2136/554
f 2137/2137/555 2138/2138/555 2139/2139/555 2140/2140/555
f 2141/2141/556 2142/2142/556 2143/2143/556 2144/2144/556
f 2145/2145/557 2146/2146/557 2147/2147/557 2148/2148/557
f 2149/2149/558 2150/2150/558 2151/2151/558 2152/2152/558
usemtl ruin_cap
f 2153/2153/559 2154/2154/559 2155/2155/559 2156/2156/559
usemtl ruin_stone
f 2157/2157/560 2158/2158/560 2159/2159/560 2160/2160/560
f 2161/2161/561 2162/2162/561 2163/2163/561 2164/2164/561
f 2165/2165/562 2166/2166/562 2167/2167/562 2168/2168/562
f 2169/2169/563 2170/2170/563 2171/2171/563 2172/2172/563
f 2173/2173/564 2174/2174/564 2175/2175/564 2176/2176/564
usemtl ruin_cap
f 2177/2177/565 2178/2178/565 2179/2179/565 2180/2180/565
usemtl ruin_stone
f 2181/2181/566 2182/2182/566 2183/2183/566 2184/2184/566
f 2185/2185/567 2186/2186/567 2187/2187/567 2188/2188/567
f 2189/2189/568 2190/2190/568 2191/2191/568 2192/2192/568
f 2193/2193/569 2194/2194/569 2195/2195/569 2196/2196/569
f 2197/2197/570 2198/2198/570 2199/2199/570 2200/2200/570
usemtl ruin_cap
f 2201/2201/571 2202/2202/571 2203/2203/571 2204/2204/571
usemtl ruin_stone
f 2205/2205/572 2206/2206/572 2207/2207/572 2208/2208/572
f 2209/2209/573 2210/2210/573 2211/2211/573 2212/2212/573
f 2213/2213/574 2214/2214/574 2215/2215/574 2216/2216/574
f 2217/2217/575 2218/2218/575 2219/2219/575 2220/2220/575
f 2221/2221/576 2222/2222/576 2223/2223/576 2224/2224/576
usemtl ruin_cap
f 2225/2225/577 2226/2226/577 2227/2227/577 2228/2228/577
usemtl ruin_stone
f 2229/2229/578 2230/2230/578 2231/2231/578 2232/2232/578
f 2233/2233/579 2234/2234/579 2235/2235/579 2236/2236/579
f 2237/2237/580 2238/2238/580 2239/2239/580 2240/2240/580
f 2241/2241/581 2242/2242/581 2243/2243/581 2244/2244/581
f 2245/2245/582 2246/2246/582 2247/2247/582 2248/2248/582
usemtl ruin_cap
f 2249/2249/583 2250/2250/583 2251/2251/583 2252/2252/583
usemtl ruin_stone
f 2253/2253/584 2254/2254/584 2255/2255/584 2256/2256/584
f 2257/2257/585 2258/2258/585 2259/2259/585 2260/2260/585
f 2261/2261/586 2262/2262/586 2263/2263/586 2264/2264/586
f 2265/2265/587 2266/2266/587 2267/2267/587 2268/2268/587
f 2269/2269/588 2270/2270/588 2271/2271/588 2272/2272/588
usemtl ruin_cap
f 2273/2273/589 2274/2274/589 2275/2275/589 2276/2276/589
usemtl ruin_stone
f 2277/2277/590 2278/2278/590 2279/2279/590 2280/2280/590
f 2281/2281/591 2282/2282/591 2283/2283/591 2284/2284/591
f 2285/2285/592 2286/2286/592 2287/2287/592 2288/2288/592
f 2289/2289/593 2290/2290/593 2291/2291/593 2292/2292/593
f 2293/2293/594 2294/2294/594 2295/2295/594 2296/2296/594
usemtl ruin_cap
f 2297/2297/595 2298/2298/595 2299/2299/595 2300/2300/595
usemtl ruin_stone
f 2301/2301/596 2302/2302/596 2303/2303/596 2304/2304/596
f 2305/2305/597 2306/2306/597 2307/2307/597 2308/2308/597
f 2309/2309/598 2310/2310/598 2311/2311/598 2312/2312/598
f 2313/2313/599 2314/2314/599 2315/2315/599 2316/2316/599
f 2317/2317/600 2318/2318/600 2319/2319/600 2320/2320/600
usemtl ruin_cap
f 2321/2321/601 2322/2322/601 2323/2323/601 2324/2324/601
usemtl ruin_stone
f 2325/2325/602 2326/2326/602 2327/2327/602 2328/2328/602
f 2329/2329/603 2330/2330/603 2331/2331/603 2332/2332/603
f 2333/2333/604 2334/2334/604 2335/2335/604 2336/2336/604
f 2337/2337/605 2338/2338/605 2339/2339/605 2340/2340/605
f 2341/2341/606 2342/2342/606 2343/2343/606 2344/2344/606
usemtl ruin_cap
f 2345/2345/607 2346/2346/607 2347/2347/607 2348/2348/607
usemtl ruin_stone
f 2349/2349/608 2350/2350/608 2351/2351/608 2352/2352/608
f 2353/2353/609 2354/2354/609 2355/2355/609 2356/2356/609
f 2357/2357/610 2358/2358/610 2359/2359/610 2360/2360/610
f 2361/2361/611 2362/2362/611 2363/2363/611 2364/2364/611
f 2365/2365/612 2366/2366/612 2367/2367/612 2368/2368/612
usemtl goal_dais
f 2369/2369/613 2370/2370/613 2371/2371/613 2372/2372/613
usemtl ruin_stone
f 2373/2373/614 2374/2374/614 2375/2375/614 2376/2376/614
f 2377/2377/615 2378/2378/615 2379/2379/615 2380/2380/615
f 2381/2381/616 2382/2382/616 2383/2383/616 2384/2384/616
f 2385/2385/617 2386/2386/617 2387/2387/617 2388/2388/617
f 2389/2389/618 2390/2390/618 2391/2391/618 2392/2392/618
