# Blender 4.4.1
# www.blender.org
mtllib boom_2.mtl
o 円柱.003
v 0.000000 0.900000 -1.828596
v 0.000000 0.900000 -1.928596
v -0.175581 0.882707 -1.828596
v -0.175581 0.882707 -1.928596
v -0.344415 0.831492 -1.828596
v -0.344415 0.831492 -1.928596
v -0.500013 0.748323 -1.828596
v -0.500013 0.748323 -1.928596
v -0.636396 0.636396 -1.828596
v -0.636396 0.636396 -1.928596
v -0.748323 0.500013 -1.828596
v -0.748323 0.500013 -1.928596
v -0.831492 0.344415 -1.828596
v -0.831492 0.344415 -1.928596
v -0.882707 0.175581 -1.828596
v -0.882707 0.175581 -1.928596
v -0.900000 0.000000 -1.828596
v -0.900000 -0.000000 -1.928596
v -0.882707 -0.175581 -1.828596
v -0.882707 -0.175581 -1.928596
v -0.831492 -0.344415 -1.828596
v -0.831492 -0.344415 -1.928596
v -0.748323 -0.500013 -1.828596
v -0.748323 -0.500013 -1.928596
v -0.636396 -0.636396 -1.828596
v -0.636396 -0.636396 -1.928596
v -0.500013 -0.748323 -1.828596
v -0.500013 -0.748323 -1.928596
v -0.344415 -0.831492 -1.828596
v -0.344415 -0.831492 -1.928596
v -0.175581 -0.882707 -1.828596
v -0.175581 -0.882707 -1.928596
v 0.000000 -0.900000 -1.828596
v 0.000000 -0.900000 -1.928596
v 0.175581 -0.882707 -1.828596
v 0.175581 -0.882707 -1.928596
v 0.344415 -0.831492 -1.828596
v 0.344415 -0.831492 -1.928596
v 0.500013 -0.748323 -1.828596
v 0.500013 -0.748323 -1.928596
v 0.636396 -0.636396 -1.828596
v 0.636396 -0.636396 -1.928596
v 0.748323 -0.500013 -1.828596
v 0.748323 -0.500013 -1.928596
v 0.831492 -0.344415 -1.828596
v 0.831492 -0.344415 -1.928596
v 0.882707 -0.175581 -1.828596
v 0.882707 -0.175581 -1.928596
v 0.900000 0.000000 -1.828596
v 0.900000 -0.000000 -1.928596
v 0.882707 0.175581 -1.828596
v 0.882707 0.175581 -1.928596
v 0.831492 0.344415 -1.828596
v 0.831492 0.344415 -1.928596
v 0.748323 0.500013 -1.828596
v 0.748323 0.500013 -1.928596
v 0.636396 0.636396 -1.828596
v 0.636396 0.636396 -1.928596
v 0.500013 0.748323 -1.828596
v 0.500013 0.748323 -1.928596
v 0.344415 0.831492 -1.828596
v 0.344415 0.831492 -1.928596
v 0.175581 0.882707 -1.828596
v 0.175581 0.882707 -1.928596
v 0.655318 0.437870 -1.928596
v 0.437870 0.655318 -1.928596
v 0.557303 0.557303 -1.928596
v 0.153759 0.773001 -1.928596
v -0.153759 0.773001 -1.928596
v 0.000000 0.788145 -1.928596
v 0.301610 0.728151 -1.928596
v 0.788145 -0.000000 -1.928596
v 0.773001 0.153759 -1.928596
v 0.773001 -0.153759 -1.928596
v 0.655318 -0.437870 -1.928596
v 0.437870 -0.655318 -1.928596
v 0.557303 -0.557303 -1.928596
v 0.728151 -0.301610 -1.928596
v 0.153759 -0.773001 -1.928596
v -0.153759 -0.773001 -1.928596
v 0.000000 -0.788145 -1.928596
v -0.437870 -0.655318 -1.928596
v -0.655318 -0.437870 -1.928596
v -0.557303 -0.557303 -1.928596
v -0.301610 -0.728151 -1.928596
v -0.437870 0.655318 -1.928596
v -0.655318 0.437870 -1.928596
v -0.557303 0.557303 -1.928596
v -0.788145 -0.000000 -1.928596
v -0.773001 -0.153759 -1.928596
v -0.773001 0.153759 -1.928596
v -0.728151 0.301610 -1.928596
v 0.728151 0.301610 -1.928596
v 0.301610 -0.728151 -1.928596
v -0.301610 0.728151 -1.928596
v -0.728151 -0.301610 -1.928596
v 0.000000 0.788145 -1.828596
v -0.301610 0.728151 -1.828596
v -0.153759 0.773001 -1.828596
v -0.557303 0.557303 -1.828596
v -0.728151 0.301610 -1.828596
v -0.655318 0.437870 -1.828596
v -0.437870 0.655318 -1.828596
v -0.301610 -0.728151 -1.828596
v -0.557303 -0.557303 -1.828596
v -0.437870 -0.655318 -1.828596
v -0.728151 -0.301610 -1.828596
v -0.788145 0.000000 -1.828596
v -0.773001 -0.153759 -1.828596
v -0.655318 -0.437870 -1.828596
v 0.728151 -0.301610 -1.828596
v 0.557303 -0.557303 -1.828596
v 0.655318 -0.437870 -1.828596
v 0.301610 -0.728151 -1.828596
v 0.000000 -0.788145 -1.828596
v 0.153759 -0.773001 -1.828596
v 0.437870 -0.655318 -1.828596
v 0.788145 0.000000 -1.828596
v 0.728151 0.301610 -1.828596
v 0.773001 0.153759 -1.828596
v 0.557303 0.557303 -1.828596
v 0.301610 0.728151 -1.828596
v 0.437870 0.655318 -1.828596
v 0.655318 0.437870 -1.828596
v -0.153759 -0.773001 -1.828596
v -0.773001 0.153759 -1.828596
v 0.773001 -0.153759 -1.828596
v 0.153759 0.773001 -1.828596
v -1.050000 1.000002 0.550000
v -1.350000 1.000002 0.550000
v -1.050000 0.892702 0.539432
v -1.350000 0.892702 0.539432
v -1.050000 0.789526 0.508134
v -1.350000 0.789526 0.508134
v -1.050000 0.694438 0.457308
v -1.350000 0.694438 0.457308
v -1.050000 0.611093 0.388909
v -1.350000 0.611093 0.388909
v -1.050000 0.542693 0.305564
v -1.350000 0.542693 0.305564
v -1.050000 0.491868 0.210476
v -1.350000 0.491868 0.210476
v -1.050000 0.460570 0.107300
v -1.350000 0.460570 0.107300
v -1.050000 0.450002 0.000000
v -1.350000 0.450002 0.000000
v -1.050000 0.460570 -0.107300
v -1.350000 0.460570 -0.107300
v -1.050000 0.491868 -0.210476
v -1.350000 0.491868 -0.210476
v -1.050000 0.542693 -0.305564
v -1.350000 0.542693 -0.305564
v -1.050000 0.611093 -0.388909
v -1.350000 0.611093 -0.388909
v -1.050000 0.694438 -0.457308
v -1.350000 0.694438 -0.457308
v -1.050000 0.789526 -0.508134
v -1.350000 0.789526 -0.508134
v -1.050000 0.892702 -0.539432
v -1.350000 0.892702 -0.539432
v -1.050000 1.000002 -0.550000
v -1.350000 1.000002 -0.550000
v -1.050000 1.107301 -0.539432
v -1.350000 1.107301 -0.539432
v -1.050000 1.210478 -0.508134
v -1.350000 1.210478 -0.508134
v -1.050000 1.305565 -0.457308
v -1.350000 1.305565 -0.457308
v -1.050000 1.388910 -0.388909
v -1.350000 1.388910 -0.388909
v -1.050000 1.457310 -0.305564
v -1.350000 1.457310 -0.305564
v -1.050000 1.508135 -0.210476
v -1.350000 1.508135 -0.210476
v -1.050000 1.539434 -0.107300
v -1.350000 1.539434 -0.107300
v -1.050000 1.550002 -0.000000
v -1.350000 1.550002 -0.000000
v -1.050000 1.539434 0.107299
v -1.350000 1.539434 0.107299
v -1.050000 1.508135 0.210476
v -1.350000 1.508135 0.210476
v -1.050000 1.457310 0.305564
v -1.350000 1.457310 0.305564
v -1.050000 1.388910 0.388909
v -1.350000 1.388910 0.388909
v -1.050000 1.305565 0.457308
v -1.350000 1.305565 0.457308
v -1.050000 1.210478 0.508134
v -1.350000 1.210478 0.508134
v -1.050000 1.107301 0.539432
v -1.350000 1.107301 0.539432
v -1.050000 0.500002 -0.336002
v -1.350000 0.500002 -0.336002
v -1.050000 0.392702 -0.346571
v -1.350000 0.392702 -0.346571
v -1.050000 0.289526 -0.377869
v -1.350000 0.289526 -0.377869
v -1.050000 0.194438 -0.428694
v -1.350000 0.194438 -0.428694
v -1.050000 0.111093 -0.497094
v -1.350000 0.111093 -0.497094
v -1.050000 0.042693 -0.580439
v -1.350000 0.042693 -0.580439
v -1.050000 -0.008132 -0.675527
v -1.350000 -0.008132 -0.675527
v -1.050000 -0.039430 -0.778703
v -1.350000 -0.039430 -0.778703
v -1.050000 -0.049998 -0.886002
v -1.350000 -0.049998 -0.886002
v -1.050000 -0.039430 -0.993302
v -1.350000 -0.039430 -0.993302
v -1.050000 -0.008132 -1.096478
v -1.350000 -0.008132 -1.096478
v -1.050000 0.042693 -1.191566
v -1.350000 0.042693 -1.191566
v -1.050000 0.111093 -1.274911
v -1.350000 0.111093 -1.274911
v -1.050000 0.194438 -1.343311
v -1.350000 0.194438 -1.343311
v -1.050000 0.289526 -1.394136
v -1.350000 0.289526 -1.394136
v -1.050000 0.392702 -1.425434
v -1.350000 0.392702 -1.425434
v -1.050000 0.500002 -1.436002
v -1.350000 0.500002 -1.436002
v -1.050000 0.607301 -1.425434
v -1.350000 0.607301 -1.425434
v -1.050000 0.710477 -1.394136
v -1.350000 0.710477 -1.394136
v -1.050000 0.805565 -1.343311
v -1.350000 0.805565 -1.343311
v -1.050000 0.888910 -1.274911
v -1.350000 0.888910 -1.274911
v -1.050000 0.957310 -1.191566
v -1.350000 0.957310 -1.191566
v -1.050000 1.008135 -1.096478
v -1.350000 1.008135 -1.096478
v -1.050000 1.039433 -0.993302
v -1.350000 1.039433 -0.993302
v -1.050000 1.050002 -0.886003
v -1.350000 1.050002 -0.886003
v -1.050000 1.039433 -0.778703
v -1.350000 1.039433 -0.778703
v -1.050000 1.008135 -0.675526
v -1.350000 1.008135 -0.675526
v -1.050000 0.957310 -0.580439
v -1.350000 0.957310 -0.580439
v -1.050000 0.888910 -0.497094
v -1.350000 0.888910 -0.497094
v -1.050000 0.805565 -0.428694
v -1.350000 0.805565 -0.428694
v -1.050000 0.710477 -0.377869
v -1.350000 0.710477 -0.377869
v -1.050000 0.607301 -0.346571
v -1.350000 0.607301 -0.346571
v -1.050000 -0.499999 -0.336003
v -1.350000 -0.499999 -0.336003
v -1.050000 -0.607298 -0.346571
v -1.350000 -0.607298 -0.346571
v -1.050000 -0.710474 -0.377869
v -1.350000 -0.710474 -0.377869
v -1.050000 -0.805562 -0.428694
v -1.350000 -0.805562 -0.428694
v -1.050000 -0.888907 -0.497094
v -1.350000 -0.888907 -0.497094
v -1.050000 -0.957307 -0.580439
v -1.350000 -0.957307 -0.580439
v -1.050000 -1.008132 -0.675527
v -1.350000 -1.008132 -0.675527
v -1.050000 -1.039430 -0.778703
v -1.350000 -1.039430 -0.778703
v -1.050000 -1.049999 -0.886002
v -1.350000 -1.049999 -0.886002
v -1.050000 -1.039430 -0.993302
v -1.350000 -1.039430 -0.993302
v -1.050000 -1.008132 -1.096478
v -1.350000 -1.008132 -1.096478
v -1.050000 -0.957307 -1.191566
v -1.350000 -0.957307 -1.191566
v -1.050000 -0.888907 -1.274911
v -1.350000 -0.888907 -1.274911
v -1.050000 -0.805562 -1.343311
v -1.350000 -0.805562 -1.343311
v -1.050000 -0.710474 -1.394136
v -1.350000 -0.710474 -1.394136
v -1.050000 -0.607298 -1.425434
v -1.350000 -0.607298 -1.425434
v -1.050000 -0.499998 -1.436002
v -1.350000 -0.499998 -1.436002
v -1.050000 -0.392699 -1.425434
v -1.350000 -0.392699 -1.425434
v -1.050000 -0.289522 -1.394136
v -1.350000 -0.289522 -1.394136
v -1.050000 -0.194435 -1.343311
v -1.350000 -0.194435 -1.343311
v -1.050000 -0.111090 -1.274911
v -1.350000 -0.111090 -1.274911
v -1.050000 -0.042690 -1.191566
v -1.350000 -0.042690 -1.191566
v -1.050000 0.008135 -1.096478
v -1.350000 0.008135 -1.096478
v -1.050000 0.039433 -0.993302
v -1.350000 0.039433 -0.993302
v -1.050000 0.050002 -0.886002
v -1.350000 0.050002 -0.886002
v -1.050000 0.039433 -0.778703
v -1.350000 0.039433 -0.778703
v -1.050000 0.008135 -0.675527
v -1.350000 0.008135 -0.675527
v -1.050000 -0.042690 -0.580439
v -1.350000 -0.042690 -0.580439
v -1.050000 -0.111090 -0.497094
v -1.350000 -0.111090 -0.497094
v -1.050000 -0.194435 -0.428694
v -1.350000 -0.194435 -0.428694
v -1.050000 -0.289522 -0.377869
v -1.350000 -0.289522 -0.377869
v -1.050000 -0.392699 -0.346571
v -1.350000 -0.392699 -0.346571
v -1.050000 -0.499998 1.436002
v -1.350000 -0.499998 1.436002
v -1.050000 -0.607298 1.425434
v -1.350000 -0.607298 1.425434
v -1.050000 -0.710474 1.394136
v -1.350000 -0.710474 1.394136
v -1.050000 -0.805562 1.343310
v -1.350000 -0.805562 1.343310
v -1.050000 -0.888907 1.274911
v -1.350000 -0.888907 1.274911
v -1.050000 -0.957307 1.191566
v -1.350000 -0.957307 1.191566
v -1.050000 -1.008132 1.096478
v -1.350000 -1.008132 1.096478
v -1.050000 -1.039430 0.993302
v -1.350000 -1.039430 0.993302
v -1.050000 -1.049998 0.886002
v -1.350000 -1.049998 0.886002
v -1.050000 -1.039430 0.778702
v -1.350000 -1.039430 0.778702
v -1.050000 -1.008132 0.675526
v -1.350000 -1.008132 0.675526
v -1.050000 -0.957307 0.580438
v -1.350000 -0.957307 0.580438
v -1.050000 -0.888907 0.497093
v -1.350000 -0.888907 0.497093
v -1.050000 -0.805562 0.428694
v -1.350000 -0.805562 0.428694
v -1.050000 -0.710474 0.377868
v -1.350000 -0.710474 0.377868
v -1.050000 -0.607298 0.346570
v -1.350000 -0.607298 0.346570
v -1.050000 -0.499998 0.336002
v -1.350000 -0.499998 0.336002
v -1.050000 -0.392699 0.346570
v -1.350000 -0.392699 0.346570
v -1.050000 -0.289522 0.377868
v -1.350000 -0.289522 0.377868
v -1.050000 -0.194435 0.428694
v -1.350000 -0.194435 0.428694
v -1.050000 -0.111090 0.497093
v -1.350000 -0.111090 0.497093
v -1.050000 -0.042690 0.580438
v -1.350000 -0.042690 0.580438
v -1.050000 0.008135 0.675526
v -1.350000 0.008135 0.675526
v -1.050000 0.039433 0.778702
v -1.350000 0.039433 0.778702
v -1.050000 0.050002 0.886002
v -1.350000 0.050002 0.886002
v -1.050000 0.039433 0.993302
v -1.350000 0.039433 0.993302
v -1.050000 0.008135 1.096478
v -1.350000 0.008135 1.096478
v -1.050000 -0.042690 1.191566
v -1.350000 -0.042690 1.191566
v -1.050000 -0.111090 1.274911
v -1.350000 -0.111090 1.274911
v -1.050000 -0.194435 1.343310
v -1.350000 -0.194435 1.343310
v -1.050000 -0.289522 1.394136
v -1.350000 -0.289522 1.394136
v -1.050000 -0.392699 1.425434
v -1.350000 -0.392699 1.425434
v -1.050000 0.500002 1.436002
v -1.350000 0.500002 1.436002
v -1.050000 0.392702 1.425434
v -1.350000 0.392702 1.425434
v -1.050000 0.289526 1.394136
v -1.350000 0.289526 1.394136
v -1.050000 0.194438 1.343310
v -1.350000 0.194438 1.343310
v -1.050000 0.111093 1.274911
v -1.350000 0.111093 1.274911
v -1.050000 0.042693 1.191566
v -1.350000 0.042693 1.191566
v -1.050000 -0.008132 1.096478
v -1.350000 -0.008132 1.096478
v -1.050000 -0.039430 0.993302
v -1.350000 -0.039430 0.993302
v -1.050000 -0.049998 0.886002
v -1.350000 -0.049998 0.886002
v -1.050000 -0.039430 0.778702
v -1.350000 -0.039430 0.778702
v -1.050000 -0.008132 0.675526
v -1.350000 -0.008132 0.675526
v -1.050000 0.042693 0.580438
v -1.350000 0.042693 0.580438
v -1.050000 0.111093 0.497093
v -1.350000 0.111093 0.497093
v -1.050000 0.194438 0.428694
v -1.350000 0.194438 0.428694
v -1.050000 0.289526 0.377868
v -1.350000 0.289526 0.377868
v -1.050000 0.392702 0.346570
v -1.350000 0.392702 0.346570
v -1.050000 0.500002 0.336002
v -1.350000 0.500002 0.336002
v -1.050000 0.607301 0.346570
v -1.350000 0.607301 0.346570
v -1.050000 0.710478 0.377868
v -1.350000 0.710478 0.377868
v -1.050000 0.805565 0.428694
v -1.350000 0.805565 0.428694
v -1.050000 0.888910 0.497093
v -1.350000 0.888910 0.497093
v -1.050000 0.957310 0.580438
v -1.350000 0.957310 0.580438
v -1.050000 1.008135 0.675526
v -1.350000 1.008135 0.675526
v -1.050000 1.039434 0.778702
v -1.350000 1.039434 0.778702
v -1.050000 1.050002 0.886002
v -1.350000 1.050002 0.886002
v -1.050000 1.039434 0.993302
v -1.350000 1.039434 0.993302
v -1.050000 1.008135 1.096478
v -1.350000 1.008135 1.096478
v -1.050000 0.957310 1.191566
v -1.350000 0.957310 1.191566
v -1.050000 0.888910 1.274911
v -1.350000 0.888910 1.274911
v -1.050000 0.805565 1.343310
v -1.350000 0.805565 1.343310
v -1.050000 0.710477 1.394136
v -1.350000 0.710477 1.394136
v -1.050000 0.607301 1.425434
v -1.350000 0.607301 1.425434
v -1.050000 -0.999998 0.550000
v -1.350000 -0.999998 0.550000
v -1.050000 -1.107298 0.539432
v -1.350000 -1.107298 0.539432
v -1.050000 -1.210474 0.508134
v -1.350000 -1.210474 0.508134
v -1.050000 -1.305562 0.457308
v -1.350000 -1.305562 0.457308
v -1.050000 -1.388907 0.388909
v -1.350000 -1.388907 0.388909
v -1.050000 -1.457307 0.305564
v -1.350000 -1.457307 0.305564
v -1.050000 -1.508132 0.210476
v -1.350000 -1.508132 0.210476
v -1.050000 -1.539430 0.107300
v -1.350000 -1.539430 0.107300
v -1.050000 -1.549998 -0.000000
v -1.350000 -1.549998 -0.000000
v -1.050000 -1.539430 -0.107300
v -1.350000 -1.539430 -0.107300
v -1.050000 -1.508132 -0.210476
v -1.350000 -1.508132 -0.210476
v -1.050000 -1.457307 -0.305564
v -1.350000 -1.457307 -0.305564
v -1.050000 -1.388907 -0.388909
v -1.350000 -1.388907 -0.388909
v -1.050000 -1.305562 -0.457308
v -1.350000 -1.305562 -0.457308
v -1.050000 -1.210474 -0.508134
v -1.350000 -1.210474 -0.508134
v -1.050000 -1.107298 -0.539432
v -1.350000 -1.107298 -0.539432
v -1.050000 -0.999998 -0.550000
v -1.350000 -0.999998 -0.550000
v -1.050000 -0.892699 -0.539432
v -1.350000 -0.892699 -0.539432
v -1.050000 -0.789522 -0.508134
v -1.350000 -0.789522 -0.508134
v -1.050000 -0.694435 -0.457308
v -1.350000 -0.694435 -0.457308
v -1.050000 -0.611090 -0.388909
v -1.350000 -0.611090 -0.388909
v -1.050000 -0.542690 -0.305564
v -1.350000 -0.542690 -0.305564
v -1.050000 -0.491865 -0.210476
v -1.350000 -0.491865 -0.210476
v -1.050000 -0.460567 -0.107300
v -1.350000 -0.460567 -0.107300
v -1.050000 -0.449998 0.000000
v -1.350000 -0.449998 0.000000
v -1.050000 -0.460567 0.107300
v -1.350000 -0.460567 0.107300
v -1.050000 -0.491865 0.210476
v -1.350000 -0.491865 0.210476
v -1.050000 -0.542690 0.305564
v -1.350000 -0.542690 0.305564
v -1.050000 -0.611090 0.388909
v -1.350000 -0.611090 0.388909
v -1.050000 -0.694435 0.457308
v -1.350000 -0.694435 0.457308
v -1.050000 -0.789522 0.508134
v -1.350000 -0.789522 0.508134
v -1.050000 -0.892699 0.539432
v -1.350000 -0.892699 0.539432
v 1.350000 1.000002 0.550000
v 1.050000 1.000002 0.550000
v 1.350000 0.892702 0.539432
v 1.050000 0.892702 0.539432
v 1.350000 0.789526 0.508134
v 1.050000 0.789526 0.508134
v 1.350000 0.694438 0.457308
v 1.050000 0.694438 0.457308
v 1.350000 0.611093 0.388909
v 1.050000 0.611093 0.388909
v 1.350000 0.542693 0.305564
v 1.050000 0.542693 0.305564
v 1.350000 0.491868 0.210476
v 1.050000 0.491868 0.210476
v 1.350000 0.460570 0.107300
v 1.050000 0.460570 0.107300
v 1.350000 0.450002 0.000000
v 1.050000 0.450002 0.000000
v 1.350000 0.460570 -0.107300
v 1.050000 0.460570 -0.107300
v 1.350000 0.491868 -0.210476
v 1.050000 0.491868 -0.210476
v 1.350000 0.542693 -0.305564
v 1.050000 0.542693 -0.305564
v 1.350000 0.611093 -0.388909
v 1.050000 0.611093 -0.388909
v 1.350000 0.694438 -0.457308
v 1.050000 0.694438 -0.457308
v 1.350000 0.789526 -0.508134
v 1.050000 0.789526 -0.508134
v 1.350000 0.892702 -0.539432
v 1.050000 0.892702 -0.539432
v 1.350000 1.000002 -0.550000
v 1.050000 1.000002 -0.550000
v 1.350000 1.107301 -0.539432
v 1.050000 1.107301 -0.539432
v 1.350000 1.210478 -0.508134
v 1.050000 1.210478 -0.508134
v 1.350000 1.305565 -0.457308
v 1.050000 1.305565 -0.457308
v 1.350000 1.388910 -0.388909
v 1.050000 1.388910 -0.388909
v 1.350000 1.457310 -0.305564
v 1.050000 1.457310 -0.305564
v 1.350000 1.508135 -0.210476
v 1.050000 1.508135 -0.210476
v 1.350000 1.539434 -0.107300
v 1.050000 1.539434 -0.107300
v 1.350000 1.550002 -0.000000
v 1.050000 1.550002 -0.000000
v 1.350000 1.539434 0.107299
v 1.050000 1.539434 0.107299
v 1.350000 1.508135 0.210476
v 1.050000 1.508135 0.210476
v 1.350000 1.457310 0.305564
v 1.050000 1.457310 0.305564
v 1.350000 1.388910 0.388909
v 1.050000 1.388910 0.388909
v 1.350000 1.305565 0.457308
v 1.050000 1.305565 0.457308
v 1.350000 1.210478 0.508134
v 1.050000 1.210478 0.508134
v 1.350000 1.107301 0.539432
v 1.050000 1.107301 0.539432
v 1.350000 0.500002 -0.336002
v 1.050000 0.500002 -0.336002
v 1.350000 0.392702 -0.346571
v 1.050000 0.392702 -0.346571
v 1.350000 0.289526 -0.377869
v 1.050000 0.289526 -0.377869
v 1.350000 0.194438 -0.428694
v 1.050000 0.194438 -0.428694
v 1.350000 0.111093 -0.497094
v 1.050000 0.111093 -0.497094
v 1.350000 0.042693 -0.580439
v 1.050000 0.042693 -0.580439
v 1.350000 -0.008132 -0.675527
v 1.050000 -0.008132 -0.675527
v 1.350000 -0.039430 -0.778703
v 1.050000 -0.039430 -0.778703
v 1.350000 -0.049998 -0.886002
v 1.050000 -0.049998 -0.886002
v 1.350000 -0.039430 -0.993302
v 1.050000 -0.039430 -0.993302
v 1.350000 -0.008132 -1.096478
v 1.050000 -0.008132 -1.096478
v 1.350000 0.042693 -1.191566
v 1.050000 0.042693 -1.191566
v 1.350000 0.111093 -1.274911
v 1.050000 0.111093 -1.274911
v 1.350000 0.194438 -1.343311
v 1.050000 0.194438 -1.343311
v 1.350000 0.289526 -1.394136
v 1.050000 0.289526 -1.394136
v 1.350000 0.392702 -1.425434
v 1.050000 0.392702 -1.425434
v 1.350000 0.500002 -1.436002
v 1.050000 0.500002 -1.436002
v 1.350000 0.607301 -1.425434
v 1.050000 0.607301 -1.425434
v 1.350000 0.710477 -1.394136
v 1.050000 0.710477 -1.394136
v 1.350000 0.805565 -1.343311
v 1.050000 0.805565 -1.343311
v 1.350000 0.888910 -1.274911
v 1.050000 0.888910 -1.274911
v 1.350000 0.957310 -1.191566
v 1.050000 0.957310 -1.191566
v 1.350000 1.008135 -1.096478
v 1.050000 1.008135 -1.096478
v 1.350000 1.039433 -0.993302
v 1.050000 1.039433 -0.993302
v 1.350000 1.050002 -0.886003
v 1.050000 1.050002 -0.886003
v 1.350000 1.039433 -0.778703
v 1.050000 1.039433 -0.778703
v 1.350000 1.008135 -0.675526
v 1.050000 1.008135 -0.675526
v 1.350000 0.957310 -0.580439
v 1.050000 0.957310 -0.580439
v 1.350000 0.888910 -0.497094
v 1.050000 0.888910 -0.497094
v 1.350000 0.805565 -0.428694
v 1.050000 0.805565 -0.428694
v 1.350000 0.710477 -0.377869
v 1.050000 0.710477 -0.377869
v 1.350000 0.607301 -0.346571
v 1.050000 0.607301 -0.346571
v 1.350000 -0.499999 -0.336003
v 1.050000 -0.499999 -0.336003
v 1.350000 -0.607298 -0.346571
v 1.050000 -0.607298 -0.346571
v 1.350000 -0.710474 -0.377869
v 1.050000 -0.710474 -0.377869
v 1.350000 -0.805562 -0.428694
v 1.050000 -0.805562 -0.428694
v 1.350000 -0.888907 -0.497094
v 1.050000 -0.888907 -0.497094
v 1.350000 -0.957307 -0.580439
v 1.050000 -0.957307 -0.580439
v 1.350000 -1.008132 -0.675527
v 1.050000 -1.008132 -0.675527
v 1.350000 -1.039430 -0.778703
v 1.050000 -1.039430 -0.778703
v 1.350000 -1.049999 -0.886002
v 1.050000 -1.049999 -0.886002
v 1.350000 -1.039430 -0.993302
v 1.050000 -1.039430 -0.993302
v 1.350000 -1.008132 -1.096478
v 1.050000 -1.008132 -1.096478
v 1.350000 -0.957307 -1.191566
v 1.050000 -0.957307 -1.191566
v 1.350000 -0.888907 -1.274911
v 1.050000 -0.888907 -1.274911
v 1.350000 -0.805562 -1.343311
v 1.050000 -0.805562 -1.343311
v 1.350000 -0.710474 -1.394136
v 1.050000 -0.710474 -1.394136
v 1.350000 -0.607298 -1.425434
v 1.050000 -0.607298 -1.425434
v 1.350000 -0.499998 -1.436002
v 1.050000 -0.499998 -1.436002
v 1.350000 -0.392699 -1.425434
v 1.050000 -0.392699 -1.425434
v 1.350000 -0.289522 -1.394136
v 1.050000 -0.289522 -1.394136
v 1.350000 -0.194435 -1.343311
v 1.050000 -0.194435 -1.343311
v 1.350000 -0.111090 -1.274911
v 1.050000 -0.111090 -1.274911
v 1.350000 -0.042690 -1.191566
v 1.050000 -0.042690 -1.191566
v 1.350000 0.008135 -1.096478
v 1.050000 0.008135 -1.096478
v 1.350000 0.039433 -0.993302
v 1.050000 0.039433 -0.993302
v 1.350000 0.050002 -0.886002
v 1.050000 0.050002 -0.886002
v 1.350000 0.039433 -0.778703
v 1.050000 0.039433 -0.778703
v 1.350000 0.008135 -0.675527
v 1.050000 0.008135 -0.675527
v 1.350000 -0.042690 -0.580439
v 1.050000 -0.042690 -0.580439
v 1.350000 -0.111090 -0.497094
v 1.050000 -0.111090 -0.497094
v 1.350000 -0.194435 -0.428694
v 1.050000 -0.194435 -0.428694
v 1.350000 -0.289522 -0.377869
v 1.050000 -0.289522 -0.377869
v 1.350000 -0.392699 -0.346571
v 1.050000 -0.392699 -0.346571
v 1.350000 -0.499998 1.436002
v 1.050000 -0.499998 1.436002
v 1.350000 -0.607298 1.425434
v 1.050000 -0.607298 1.425434
v 1.350000 -0.710474 1.394136
v 1.050000 -0.710474 1.394136
v 1.350000 -0.805562 1.343310
v 1.050000 -0.805562 1.343310
v 1.350000 -0.888907 1.274911
v 1.050000 -0.888907 1.274911
v 1.350000 -0.957307 1.191566
v 1.050000 -0.957307 1.191566
v 1.350000 -1.008132 1.096478
v 1.050000 -1.008132 1.096478
v 1.350000 -1.039430 0.993302
v 1.050000 -1.039430 0.993302
v 1.350000 -1.049998 0.886002
v 1.050000 -1.049998 0.886002
v 1.350000 -1.039430 0.778702
v 1.050000 -1.039430 0.778702
v 1.350000 -1.008132 0.675526
v 1.050000 -1.008132 0.675526
v 1.350000 -0.957307 0.580438
v 1.050000 -0.957307 0.580438
v 1.350000 -0.888907 0.497093
v 1.050000 -0.888907 0.497093
v 1.350000 -0.805562 0.428694
v 1.050000 -0.805562 0.428694
v 1.350000 -0.710474 0.377868
v 1.050000 -0.710474 0.377868
v 1.350000 -0.607298 0.346570
v 1.050000 -0.607298 0.346570
v 1.350000 -0.499998 0.336002
v 1.050000 -0.499998 0.336002
v 1.350000 -0.392699 0.346570
v 1.050000 -0.392699 0.346570
v 1.350000 -0.289522 0.377868
v 1.050000 -0.289522 0.377868
v 1.350000 -0.194435 0.428694
v 1.050000 -0.194435 0.428694
v 1.350000 -0.111090 0.497093
v 1.050000 -0.111090 0.497093
v 1.350000 -0.042690 0.580438
v 1.050000 -0.042690 0.580438
v 1.350000 0.008135 0.675526
v 1.050000 0.008135 0.675526
v 1.350000 0.039433 0.778702
v 1.050000 0.039433 0.778702
v 1.350000 0.050002 0.886002
v 1.050000 0.050002 0.886002
v 1.350000 0.039433 0.993302
v 1.050000 0.039433 0.993302
v 1.350000 0.008135 1.096478
v 1.050000 0.008135 1.096478
v 1.350000 -0.042690 1.191566
v 1.050000 -0.042690 1.191566
v 1.350000 -0.111090 1.274911
v 1.050000 -0.111090 1.274911
v 1.350000 -0.194435 1.343310
v 1.050000 -0.194435 1.343310
v 1.350000 -0.289522 1.394136
v 1.050000 -0.289522 1.394136
v 1.350000 -0.392699 1.425434
v 1.050000 -0.392699 1.425434
v 1.350000 0.500002 1.436002
v 1.050000 0.500002 1.436002
v 1.350000 0.392702 1.425434
v 1.050000 0.392702 1.425434
v 1.350000 0.289526 1.394136
v 1.050000 0.289526 1.394136
v 1.350000 0.194438 1.343310
v 1.050000 0.194438 1.343310
v 1.350000 0.111093 1.274911
v 1.050000 0.111093 1.274911
v 1.350000 0.042693 1.191566
v 1.050000 0.042693 1.191566
v 1.350000 -0.008132 1.096478
v 1.050000 -0.008132 1.096478
v 1.350000 -0.039430 0.993302
v 1.050000 -0.039430 0.993302
v 1.350000 -0.049998 0.886002
v 1.050000 -0.049998 0.886002
v 1.350000 -0.039430 0.778702
v 1.050000 -0.039430 0.778702
v 1.350000 -0.008132 0.675526
v 1.050000 -0.008132 0.675526
v 1.350000 0.042693 0.580438
v 1.050000 0.042693 0.580438
v 1.350000 0.111093 0.497093
v 1.050000 0.111093 0.497093
v 1.350000 0.194438 0.428694
v 1.050000 0.194438 0.428694
v 1.350000 0.289526 0.377868
v 1.050000 0.289526 0.377868
v 1.350000 0.392702 0.346570
v 1.050000 0.392702 0.346570
v 1.350000 0.500002 0.336002
v 1.050000 0.500002 0.336002
v 1.350000 0.607301 0.346570
v 1.050000 0.607301 0.346570
v 1.350000 0.710478 0.377868
v 1.050000 0.710478 0.377868
v 1.350000 0.805565 0.428694
v 1.050000 0.805565 0.428694
v 1.350000 0.888910 0.497093
v 1.050000 0.888910 0.497093
v 1.350000 0.957310 0.580438
v 1.050000 0.957310 0.580438
v 1.350000 1.008135 0.675526
v 1.050000 1.008135 0.675526
v 1.350000 1.039434 0.778702
v 1.050000 1.039434 0.778702
v 1.350000 1.050002 0.886002
v 1.050000 1.050002 0.886002
v 1.350000 1.039434 0.993302
v 1.050000 1.039434 0.993302
v 1.350000 1.008135 1.096478
v 1.050000 1.008135 1.096478
v 1.350000 0.957310 1.191566
v 1.050000 0.957310 1.191566
v 1.350000 0.888910 1.274911
v 1.050000 0.888910 1.274911
v 1.350000 0.805565 1.343310
v 1.050000 0.805565 1.343310
v 1.350000 0.710477 1.394136
v 1.050000 0.710477 1.394136
v 1.350000 0.607301 1.425434
v 1.050000 0.607301 1.425434
v 1.350000 -0.999998 0.550000
v 1.050000 -0.999998 0.550000
v 1.350000 -1.107298 0.539432
v 1.050000 -1.107298 0.539432
v 1.350000 -1.210474 0.508134
v 1.050000 -1.210474 0.508134
v 1.350000 -1.305562 0.457308
v 1.050000 -1.305562 0.457308
v 1.350000 -1.388907 0.388909
v 1.050000 -1.388907 0.388909
v 1.350000 -1.457307 0.305564
v 1.050000 -1.457307 0.305564
v 1.350000 -1.508132 0.210476
v 1.050000 -1.508132 0.210476
v 1.350000 -1.539430 0.107300
v 1.050000 -1.539430 0.107300
v 1.350000 -1.549998 -0.000000
v 1.050000 -1.549998 -0.000000
v 1.350000 -1.539430 -0.107300
v 1.050000 -1.539430 -0.107300
v 1.350000 -1.508132 -0.210476
v 1.050000 -1.508132 -0.210476
v 1.350000 -1.457307 -0.305564
v 1.050000 -1.457307 -0.305564
v 1.350000 -1.388907 -0.388909
v 1.050000 -1.388907 -0.388909
v 1.350000 -1.305562 -0.457308
v 1.050000 -1.305562 -0.457308
v 1.350000 -1.210474 -0.508134
v 1.050000 -1.210474 -0.508134
v 1.350000 -1.107298 -0.539432
v 1.050000 -1.107298 -0.539432
v 1.350000 -0.999998 -0.550000
v 1.050000 -0.999998 -0.550000
v 1.350000 -0.892699 -0.539432
v 1.050000 -0.892699 -0.539432
v 1.350000 -0.789522 -0.508134
v 1.050000 -0.789522 -0.508134
v 1.350000 -0.694435 -0.457308
v 1.050000 -0.694435 -0.457308
v 1.350000 -0.611090 -0.388909
v 1.050000 -0.611090 -0.388909
v 1.350000 -0.542690 -0.305564
v 1.050000 -0.542690 -0.305564
v 1.350000 -0.491865 -0.210476
v 1.050000 -0.491865 -0.210476
v 1.350000 -0.460567 -0.107300
v 1.050000 -0.460567 -0.107300
v 1.350000 -0.449998 0.000000
v 1.050000 -0.449998 0.000000
v 1.350000 -0.460567 0.107300
v 1.050000 -0.460567 0.107300
v 1.350000 -0.491865 0.210476
v 1.050000 -0.491865 0.210476
v 1.350000 -0.542690 0.305564
v 1.050000 -0.542690 0.305564
v 1.350000 -0.611090 0.388909
v 1.050000 -0.611090 0.388909
v 1.350000 -0.694435 0.457308
v 1.050000 -0.694435 0.457308
v 1.350000 -0.789522 0.508134
v 1.050000 -0.789522 0.508134
v 1.350000 -0.892699 0.539432
v 1.050000 -0.892699 0.539432
v 0.000000 0.900000 -1.429801
v 0.000000 0.900000 -1.829801
v -0.175581 0.882707 -1.429801
v -0.175581 0.882707 -1.829801
v -0.344415 0.831492 -1.429801
v -0.344415 0.831492 -1.829801
v -0.500013 0.748323 -1.429801
v -0.500013 0.748323 -1.829801
v -0.636396 0.636396 -1.429801
v -0.636396 0.636396 -1.829801
v -0.748323 0.500013 -1.429801
v -0.748323 0.500013 -1.829801
v -0.831492 0.344415 -1.429801
v -0.831492 0.344415 -1.829801
v -0.882707 0.175581 -1.429801
v -0.882707 0.175581 -1.829801
v -0.900000 0.000000 -1.429801
v -0.900000 -0.000000 -1.829801
v -0.882707 -0.175581 -1.429801
v -0.882707 -0.175581 -1.829801
v -0.831492 -0.344415 -1.429801
v -0.831492 -0.344415 -1.829801
v -0.748323 -0.500013 -1.429801
v -0.748323 -0.500013 -1.829801
v -0.636396 -0.636396 -1.429801
v -0.636396 -0.636396 -1.829801
v -0.500013 -0.748323 -1.429801
v -0.500013 -0.748323 -1.829801
v -0.344415 -0.831492 -1.429801
v -0.344415 -0.831492 -1.829801
v -0.175581 -0.882707 -1.429801
v -0.175581 -0.882707 -1.829801
v 0.000000 -0.900000 -1.429801
v 0.000000 -0.900000 -1.829801
v 0.175581 -0.882707 -1.429801
v 0.175581 -0.882707 -1.829801
v 0.344415 -0.831492 -1.429801
v 0.344415 -0.831492 -1.829801
v 0.500013 -0.748323 -1.429801
v 0.500013 -0.748323 -1.829801
v 0.636396 -0.636396 -1.429801
v 0.636396 -0.636396 -1.829801
v 0.748323 -0.500013 -1.429801
v 0.748323 -0.500013 -1.829801
v 0.831492 -0.344415 -1.429801
v 0.831492 -0.344415 -1.829801
v 0.882707 -0.175581 -1.429801
v 0.882707 -0.175581 -1.829801
v 0.900000 0.000000 -1.429801
v 0.900000 -0.000000 -1.829801
v 0.882707 0.175581 -1.429801
v 0.882707 0.175581 -1.829801
v 0.831492 0.344415 -1.429801
v 0.831492 0.344415 -1.829801
v 0.748323 0.500013 -1.429801
v 0.748323 0.500013 -1.829801
v 0.636396 0.636396 -1.429801
v 0.636396 0.636396 -1.829801
v 0.500013 0.748323 -1.429801
v 0.500013 0.748323 -1.829801
v 0.344415 0.831492 -1.429801
v 0.344415 0.831492 -1.829801
v 0.175581 0.882707 -1.429801
v 0.175581 0.882707 -1.829801
v 0.000000 0.076213 -1.500923
v 0.000000 0.076213 -1.900923
v -0.014868 0.074749 -1.500923
v -0.014868 0.074749 -1.900923
v -0.029165 0.070412 -1.500923
v -0.029165 0.070412 -1.900923
v -0.042342 0.063369 -1.500923
v -0.042342 0.063369 -1.900923
v -0.053891 0.053891 -1.500923
v -0.053891 0.053891 -1.900923
v -0.063369 0.042342 -1.500923
v -0.063369 0.042342 -1.900923
v -0.070412 0.029165 -1.500923
v -0.070412 0.029165 -1.900923
v -0.074749 0.014868 -1.500923
v -0.074749 0.014868 -1.900923
v -0.076213 0.000000 -1.500923
v -0.076213 -0.000000 -1.900923
v -0.074749 -0.014868 -1.500923
v -0.074749 -0.014868 -1.900923
v -0.070412 -0.029165 -1.500923
v -0.070412 -0.029165 -1.900923
v -0.063369 -0.042342 -1.500923
v -0.063369 -0.042342 -1.900923
v -0.053891 -0.053891 -1.500923
v -0.053891 -0.053891 -1.900923
v -0.042342 -0.063369 -1.500923
v -0.042342 -0.063369 -1.900923
v -0.029165 -0.070412 -1.500923
v -0.029165 -0.070412 -1.900923
v -0.014868 -0.074749 -1.500923
v -0.014868 -0.074749 -1.900923
v 0.000000 -0.076213 -1.500923
v 0.000000 -0.076213 -1.900923
v 0.014868 -0.074749 -1.500923
v 0.014868 -0.074749 -1.900923
v 0.029165 -0.070412 -1.500923
v 0.029165 -0.070412 -1.900923
v 0.042342 -0.063369 -1.500923
v 0.042342 -0.063369 -1.900923
v 0.053891 -0.053891 -1.500923
v 0.053891 -0.053891 -1.900923
v 0.063369 -0.042342 -1.500923
v 0.063369 -0.042342 -1.900923
v 0.070412 -0.029165 -1.500923
v 0.070412 -0.029165 -1.900923
v 0.074749 -0.014868 -1.500923
v 0.074749 -0.014868 -1.900923
v 0.076213 0.000000 -1.500923
v 0.076213 -0.000000 -1.900923
v 0.074749 0.014868 -1.500923
v 0.074749 0.014868 -1.900923
v 0.070412 0.029165 -1.500923
v 0.070412 0.029165 -1.900923
v 0.063369 0.042342 -1.500923
v 0.063369 0.042342 -1.900923
v 0.053891 0.053891 -1.500923
v 0.053891 0.053891 -1.900923
v 0.042342 0.063369 -1.500923
v 0.042342 0.063369 -1.900923
v 0.029165 0.070412 -1.500923
v 0.029165 0.070412 -1.900923
v 0.014868 0.074749 -1.500923
v 0.014868 0.074749 -1.900923
v -1.539228 -0.214956 0.070827
v -1.714810 -0.225539 0.070827
v -1.539228 -0.261626 0.070827
v -1.699931 -0.271313 0.070827
v -1.854458 -0.299998 0.070827
v -1.996871 -0.346582 0.070827
v -1.854458 -0.299998 -0.092142
v -1.996871 -0.346582 -0.092142
v -1.883643 -0.256880 -0.092142
v -1.883643 -0.256880 0.070827
v -2.039241 -0.307777 -0.092142
v -2.039241 -0.307777 0.070827
v -2.175624 -0.376271 -0.092142
v -2.175624 -0.376271 0.070827
v -2.287551 -0.459732 -0.092142
v -2.121697 -0.409273 -0.092142
v -2.224140 -0.485661 -0.092142
v -2.121697 -0.409273 0.070827
v -2.224140 -0.485661 0.070827
v -2.300261 -0.572813 0.070827
v -2.347136 -0.667377 0.070827
v -2.300261 -0.572813 -0.092142
v -2.347136 -0.667377 -0.092142
v -2.370720 -0.554953 -0.092142
v -2.370720 -0.554953 0.070827
v -2.421935 -0.658272 -0.092142
v -2.421935 -0.658272 0.070827
v -2.439228 -0.765721 -0.092142
v -2.439228 -0.765721 0.070827
v -2.421935 -0.873171 -0.092142
v -2.362964 -0.765721 -0.092142
v -2.347136 -0.864065 -0.092142
v -2.362964 -0.765721 0.070827
v -2.347136 -0.864065 0.070827
v -2.300261 -0.958630 0.070827
v -2.224140 -1.045782 0.070827
v -2.300261 -0.958630 -0.092142
v -2.224140 -1.045782 -0.092142
v -2.370720 -0.976490 -0.092142
v -2.370720 -0.976490 0.070827
v -2.287551 -1.071710 -0.092142
v -2.287551 -1.071710 0.070827
v -2.175624 -1.155172 -0.092142
v -2.175624 -1.155172 0.070827
v -2.039241 -1.223666 -0.092142
v -2.121697 -1.122170 -0.092142
v -1.996871 -1.184861 -0.092142
v -2.121697 -1.122170 0.070827
v -1.996871 -1.184861 0.070827
v -1.854458 -1.231444 0.070827
v -1.699931 -1.260130 0.070827
v -1.854458 -1.231444 -0.092142
v -1.699931 -1.260130 -0.092142
v -1.883643 -1.274562 -0.092142
v -1.883643 -1.274562 0.070827
v -1.714810 -1.305904 -0.092142
v -1.714810 -1.305904 0.070827
v -1.539228 -1.316487 -0.092142
v -1.539228 -1.316487 0.070827
v -1.539228 -1.269817 -0.092142
v -1.539228 -1.269817 0.070827
v -2.039241 -1.223666 0.070827
v -2.421935 -0.873171 0.070827
v -2.287551 -0.459732 0.070827
v -1.539228 1.248236 0.070827
v -1.714810 1.237654 0.070827
v -1.883643 1.206312 0.070827
v -1.883643 1.206312 -0.092142
v -2.039241 1.155416 0.070827
v -2.039241 1.155416 -0.092142
v -2.175624 1.086921 0.070827
v -2.175624 1.086921 -0.092142
v -2.287551 1.003460 0.070827
v -2.287551 1.003460 -0.092142
v -2.370720 0.908240 0.070827
v -2.370720 0.908240 -0.092142
v -2.421935 0.804920 0.070827
v -2.421935 0.804920 -0.092142
v -2.439228 0.697471 0.070827
v -2.439228 0.697471 -0.092142
v -2.421935 0.590022 0.070827
v -2.421935 0.590022 -0.092142
v -2.370720 0.486702 0.070827
v -2.370720 0.486702 -0.092142
v -2.287551 0.391482 0.070827
v -2.287551 0.391482 -0.092142
v -2.175624 0.308021 0.070827
v -2.175624 0.308021 -0.092142
v -2.039241 0.239526 0.070827
v -2.039241 0.239526 -0.092142
v -1.883643 0.188630 0.070827
v -1.883643 0.188630 -0.092142
v -1.714810 0.157288 0.070827
v -1.539228 0.146705 0.070827
v -2.121697 0.341022 -0.092142
v -1.996871 0.278331 -0.092142
v -2.224140 0.417411 -0.092142
v -1.854458 0.231748 -0.092142
v -1.996871 1.116610 -0.092142
v -2.224140 0.977531 -0.092142
v -2.121697 1.053920 -0.092142
v -2.362964 0.697471 -0.092142
v -2.347136 0.599127 -0.092142
v -2.347136 0.795815 -0.092142
v -2.300261 0.890380 -0.092142
v -1.854458 1.163194 -0.092142
v -2.300261 0.504562 -0.092142
v -1.539228 1.201566 0.070827
v -1.854458 1.163194 0.070827
v -1.699931 1.191880 0.070827
v -2.121697 1.053920 0.070827
v -2.224140 0.977531 0.070827
v -2.300261 0.890380 0.070827
v -1.996871 1.116610 0.070827
v -1.854458 0.231748 0.070827
v -2.121697 0.341022 0.070827
v -1.996871 0.278331 0.070827
v -2.300261 0.504562 0.070827
v -2.224140 0.417411 0.070827
v -2.362964 0.697471 0.070827
v -2.347136 0.599127 0.070827
v -1.539228 0.193376 0.070827
v -2.347136 0.795815 0.070827
v -1.699931 0.203062 0.070827
v -1.539228 0.515494 1.124368
v -1.714810 0.510036 1.115301
v -1.883643 0.493871 1.088449
v -1.883643 0.633495 1.004398
v -2.039241 0.467622 1.044844
v -2.039241 0.607245 0.960794
v -2.175624 0.432296 0.986162
v -2.175624 0.571920 0.902111
v -2.287551 0.389252 0.914657
v -2.287551 0.528875 0.830606
v -2.370720 0.340142 0.833078
v -2.370720 0.479766 0.749027
v -2.421935 0.286856 0.744559
v -2.421935 0.426479 0.660509
v -2.439228 0.231440 0.652503
v -2.439228 0.371063 0.568452
v -2.421935 0.176024 0.560447
v -2.421935 0.315647 0.476396
v -2.370720 0.122737 0.471928
v -2.370720 0.262360 0.387878
v -2.287551 0.073628 0.390349
v -2.287551 0.213251 0.306298
v -2.175624 0.030583 0.318844
v -2.175624 0.170207 0.234794
v -2.039241 -0.004742 0.260162
v -2.039241 0.134881 0.176111
v -1.883643 -0.030992 0.216557
v -1.883643 0.108632 0.132506
v -1.714810 -0.047156 0.189705
v -1.539228 -0.052614 0.180638
v -2.121697 0.187227 0.263067
v -1.996871 0.154895 0.209357
v -2.224140 0.226624 0.328513
v -1.854458 0.130870 0.169448
v -1.996871 0.587232 0.927548
v -2.224140 0.515502 0.808392
v -2.121697 0.554899 0.873838
v -2.362964 0.371063 0.568452
v -2.347136 0.320343 0.484197
v -2.347136 0.421784 0.652708
v -2.300261 0.470555 0.733726
v -1.854458 0.611257 0.967457
v -2.300261 0.271572 0.403179
v -1.539228 0.491423 1.084383
v -1.854458 0.471633 1.051508
v -1.699931 0.486428 1.076084
v -2.121697 0.415276 0.957888
v -2.224140 0.375879 0.892443
v -2.300261 0.330931 0.817777
v -1.996871 0.447608 1.011598
v -1.854458 -0.008754 0.253498
v -2.121697 0.047604 0.347118
v -1.996871 0.015271 0.293408
v -2.300261 0.131948 0.487230
v -2.224140 0.087001 0.412563
v -2.362964 0.231440 0.652503
v -2.347136 0.180719 0.568248
v -1.539228 -0.028544 0.220623
v -2.347136 0.282160 0.736759
v -1.699931 -0.023548 0.228922
v -1.539228 -0.048358 0.149608
v -1.714810 -0.053433 0.158895
v -1.883643 -0.068460 0.186399
v -1.883643 -0.211475 0.108259
v -2.039241 -0.092864 0.231063
v -2.039241 -0.235879 0.152923
v -2.175624 -0.125705 0.291171
v -2.175624 -0.268721 0.213031
v -2.287551 -0.165723 0.364412
v -2.287551 -0.308738 0.286272
v -2.370720 -0.211379 0.447973
v -2.370720 -0.354394 0.369833
v -2.421935 -0.260918 0.538642
v -2.421935 -0.403933 0.460502
v -2.439228 -0.312437 0.632935
v -2.439228 -0.455453 0.554794
v -2.421935 -0.363957 0.727227
v -2.421935 -0.506972 0.649087
v -2.370720 -0.413496 0.817896
v -2.370720 -0.556511 0.739756
v -2.287551 -0.459152 0.901457
v -2.287551 -0.602167 0.823317
v -2.175624 -0.499169 0.974699
v -2.175624 -0.642185 0.896559
v -2.039241 -0.532011 1.034806
v -2.039241 -0.675026 0.956666
v -1.883643 -0.556415 1.079471
v -1.883643 -0.699430 1.001330
v -1.714810 -0.571442 1.106975
v -1.539228 -0.576516 1.116262
v -2.121697 -0.626361 0.867598
v -1.996871 -0.656420 0.922613
v -2.224140 -0.589735 0.800563
v -1.854458 -0.678756 0.963493
v -1.996871 -0.254485 0.186977
v -2.224140 -0.321170 0.309026
v -2.121697 -0.284544 0.241991
v -2.362964 -0.455453 0.554794
v -2.347136 -0.502606 0.641097
v -2.347136 -0.408299 0.468492
v -2.300261 -0.362957 0.385507
v -1.854458 -0.232149 0.146097
v -2.300261 -0.547948 0.724083
v -1.539228 -0.070736 0.190564
v -1.854458 -0.089134 0.224237
v -1.699931 -0.075380 0.199064
v -2.121697 -0.141529 0.320131
v -2.224140 -0.178155 0.387167
v -2.300261 -0.219942 0.463647
v -1.996871 -0.111470 0.265117
v -1.854458 -0.535741 1.041633
v -2.121697 -0.483346 0.945738
v -1.996871 -0.513405 1.000753
v -2.300261 -0.404933 0.802223
v -2.224140 -0.446719 0.878703
v -2.362964 -0.312437 0.632935
v -2.347136 -0.359591 0.719237
v -1.539228 -0.554139 1.075306
v -2.347136 -0.265284 0.546632
v -1.699931 -0.549495 1.066806
v -1.539228 0.712581 -0.961679
v -1.714810 0.706364 -0.953115
v -1.883643 0.687950 -0.927754
v -1.883643 0.556073 -1.023502
v -2.039241 0.658047 -0.886568
v -2.039241 0.526170 -0.982317
v -2.175624 0.617805 -0.831141
v -2.175624 0.485928 -0.926890
v -2.287551 0.568769 -0.763604
v -2.287551 0.436893 -0.859353
v -2.370720 0.512825 -0.686551
v -2.370720 0.380949 -0.782300
v -2.421935 0.452122 -0.602944
v -2.421935 0.320246 -0.698693
v -2.439228 0.388993 -0.515996
v -2.439228 0.257117 -0.611744
v -2.421935 0.325865 -0.429047
v -2.421935 0.193988 -0.524796
v -2.370720 0.265162 -0.345440
v -2.370720 0.133285 -0.441189
v -2.287551 0.209218 -0.268387
v -2.287551 0.077341 -0.364136
v -2.175624 0.160182 -0.200850
v -2.175624 0.028306 -0.296599
v -2.039241 0.119940 -0.145424
v -2.039241 -0.011936 -0.241172
v -1.883643 0.090037 -0.104238
v -1.883643 -0.041839 -0.199987
v -1.714810 0.071623 -0.078876
v -1.539228 0.065406 -0.070312
v -2.121697 0.047695 -0.323303
v -1.996871 0.010863 -0.272574
v -2.224140 0.092575 -0.385118
v -1.854458 -0.016506 -0.234878
v -1.996871 0.503372 -0.950915
v -2.224140 0.421659 -0.838371
v -2.121697 0.466539 -0.900185
v -2.362964 0.257117 -0.611744
v -2.347136 0.199338 -0.532164
v -2.347136 0.314896 -0.691325
v -2.300261 0.370456 -0.767848
v -1.854458 0.530740 -0.988611
v -2.300261 0.143779 -0.455641
v -1.539228 0.685161 -0.923913
v -1.854458 0.662617 -0.892862
v -1.699931 0.679471 -0.916075
v -2.121697 0.598416 -0.804437
v -2.224140 0.553535 -0.742622
v -2.300261 0.502332 -0.672099
v -1.996871 0.635248 -0.855166
v -1.854458 0.115370 -0.139129
v -2.121697 0.179571 -0.227555
v -1.996871 0.142739 -0.176825
v -2.300261 0.275655 -0.359892
v -2.224140 0.224451 -0.289369
v -2.362964 0.388993 -0.515996
v -2.347136 0.331214 -0.436415
v -1.539228 0.092826 -0.108079
v -2.347136 0.446773 -0.595576
v -1.699931 0.098516 -0.115917
v -1.539228 -0.227828 -0.110424
v -1.714810 -0.233286 -0.119491
v -1.883643 -0.249450 -0.146343
v -1.883643 -0.109827 -0.230393
v -2.039241 -0.275700 -0.189948
v -2.039241 -0.136076 -0.273998
v -2.175624 -0.311026 -0.248630
v -2.175624 -0.171402 -0.332681
v -2.287551 -0.354070 -0.320135
v -2.287551 -0.214447 -0.404185
v -2.370720 -0.403179 -0.401714
v -2.370720 -0.263556 -0.485765
v -2.421935 -0.456466 -0.490232
v -2.421935 -0.316842 -0.574283
v -2.439228 -0.511882 -0.582289
v -2.439228 -0.372258 -0.666339
v -2.421935 -0.567298 -0.674345
v -2.421935 -0.427675 -0.758396
v -2.370720 -0.620585 -0.762863
v -2.370720 -0.480961 -0.846914
v -2.287551 -0.669694 -0.844443
v -2.287551 -0.530070 -0.928493
v -2.175624 -0.712738 -0.915947
v -2.175624 -0.573115 -0.999998
v -2.039241 -0.748064 -0.974630
v -2.039241 -0.608441 -1.058681
v -1.883643 -0.774313 -1.018235
v -1.883643 -0.634690 -1.102285
v -1.714810 -0.790478 -1.045086
v -1.539228 -0.795936 -1.054153
v -2.121697 -0.556095 -0.971724
v -1.996871 -0.588427 -1.025434
v -2.224140 -0.516698 -0.906279
v -1.854458 -0.612452 -1.065344
v -1.996871 -0.156090 -0.307244
v -2.224140 -0.227819 -0.426400
v -2.121697 -0.188422 -0.360954
v -2.362964 -0.372258 -0.666339
v -2.347136 -0.422979 -0.750595
v -2.347136 -0.321538 -0.582084
v -2.300261 -0.272767 -0.501066
v -1.854458 -0.132065 -0.267334
v -2.300261 -0.471750 -0.831612
v -1.539228 -0.251898 -0.150409
v -1.854458 -0.271688 -0.183284
v -1.699931 -0.256894 -0.158707
v -2.121697 -0.328046 -0.276904
v -2.224140 -0.367443 -0.342349
v -2.300261 -0.412390 -0.417015
v -1.996871 -0.295713 -0.223194
v -1.854458 -0.752075 -0.981294
v -2.121697 -0.695718 -0.887674
v -1.996871 -0.728050 -0.941383
v -2.300261 -0.611373 -0.747562
v -2.224140 -0.656321 -0.822228
v -2.362964 -0.511882 -0.582289
v -2.347136 -0.562602 -0.666544
v -1.539228 -0.771866 -1.014169
v -2.347136 -0.461162 -0.498033
v -1.699931 -0.766870 -1.005870
v 1.539228 0.214956 0.070827
v 1.714810 0.225539 0.070827
v 1.539228 0.261627 0.070827
v 1.699931 0.271313 0.070827
v 1.854458 0.299999 0.070827
v 1.996871 0.346582 0.070827
v 1.854458 0.299999 -0.092142
v 1.996871 0.346582 -0.092142
v 1.883643 0.256881 -0.092142
v 1.883643 0.256881 0.070827
v 2.039241 0.307777 -0.092142
v 2.039241 0.307777 0.070827
v 2.175624 0.376272 -0.092142
v 2.175624 0.376272 0.070827
v 2.287551 0.459733 -0.092142
v 2.121697 0.409273 -0.092142
v 2.224140 0.485662 -0.092142
v 2.121697 0.409273 0.070827
v 2.224140 0.485662 0.070827
v 2.300261 0.572813 0.070827
v 2.347136 0.667378 0.070827
v 2.300261 0.572813 -0.092142
v 2.347136 0.667378 -0.092142
v 2.370720 0.554953 -0.092142
v 2.370720 0.554953 0.070827
v 2.421935 0.658273 -0.092142
v 2.421935 0.658273 0.070827
v 2.439228 0.765722 -0.092142
v 2.439228 0.765722 0.070827
v 2.421935 0.873171 -0.092142
v 2.362964 0.765722 -0.092142
v 2.347136 0.864066 -0.092142
v 2.362964 0.765722 0.070827
v 2.347136 0.864066 0.070827
v 2.300261 0.958630 0.070827
v 2.224140 1.045782 0.070827
v 2.300261 0.958630 -0.092142
v 2.224140 1.045782 -0.092142
v 2.370720 0.976490 -0.092142
v 2.370720 0.976490 0.070827
v 2.287551 1.071711 -0.092142
v 2.287551 1.071711 0.070827
v 2.175624 1.155172 -0.092142
v 2.175624 1.155172 0.070827
v 2.039241 1.223667 -0.092142
v 2.121697 1.122171 -0.092142
v 1.996871 1.184861 -0.092142
v 2.121697 1.122171 0.070827
v 1.996871 1.184861 0.070827
v 1.854458 1.231445 0.070827
v 1.699931 1.260130 0.070827
v 1.854458 1.231445 -0.092142
v 1.699931 1.260130 -0.092142
v 1.883643 1.274563 -0.092142
v 1.883643 1.274563 0.070827
v 1.714809 1.305905 -0.092142
v 1.714809 1.305905 0.070827
v 1.539228 1.316487 -0.092142
v 1.539228 1.316487 0.070827
v 1.539228 1.269817 -0.092142
v 1.539228 1.269817 0.070827
v 2.039241 1.223667 0.070827
v 2.421935 0.873171 0.070827
v 2.287551 0.459733 0.070827
v 1.539228 -1.248236 0.070827
v 1.714810 -1.237653 0.070827
v 1.883643 -1.206312 0.070827
v 1.883643 -1.206312 -0.092143
v 2.039241 -1.155415 0.070827
v 2.039241 -1.155415 -0.092143
v 2.175624 -1.086921 0.070827
v 2.175624 -1.086921 -0.092143
v 2.287551 -1.003460 0.070827
v 2.287551 -1.003460 -0.092142
v 2.370720 -0.908239 0.070827
v 2.370720 -0.908239 -0.092142
v 2.421935 -0.804920 0.070827
v 2.421935 -0.804920 -0.092142
v 2.439228 -0.697471 0.070827
v 2.439228 -0.697471 -0.092142
v 2.421935 -0.590022 0.070827
v 2.421935 -0.590022 -0.092142
v 2.370720 -0.486702 0.070827
v 2.370720 -0.486702 -0.092142
v 2.287551 -0.391482 0.070827
v 2.287551 -0.391482 -0.092142
v 2.175624 -0.308020 0.070827
v 2.175624 -0.308020 -0.092142
v 2.039241 -0.239526 0.070827
v 2.039241 -0.239526 -0.092142
v 1.883643 -0.188629 0.070827
v 1.883643 -0.188629 -0.092142
v 1.714810 -0.157288 0.070827
v 1.539228 -0.146705 0.070827
v 2.121697 -0.341022 -0.092142
v 1.996871 -0.278331 -0.092142
v 2.224140 -0.417410 -0.092142
v 1.854458 -0.231748 -0.092142
v 1.996871 -1.116610 -0.092143
v 2.224140 -0.977531 -0.092142
v 2.121697 -1.053919 -0.092143
v 2.362964 -0.697471 -0.092142
v 2.347136 -0.599127 -0.092142
v 2.347136 -0.795815 -0.092142
v 2.300261 -0.890379 -0.092142
v 1.854458 -1.163194 -0.092143
v 2.300261 -0.504562 -0.092142
v 1.539228 -1.201566 0.070827
v 1.854458 -1.163194 0.070827
v 1.699931 -1.191880 0.070827
v 2.121697 -1.053919 0.070827
v 2.224140 -0.977531 0.070827
v 2.300261 -0.890379 0.070827
v 1.996871 -1.116610 0.070827
v 1.854458 -0.231748 0.070827
v 2.121697 -0.341022 0.070827
v 1.996871 -0.278331 0.070827
v 2.300261 -0.504562 0.070827
v 2.224140 -0.417410 0.070827
v 2.362964 -0.697471 0.070827
v 2.347136 -0.599127 0.070827
v 1.539228 -0.193376 0.070827
v 2.347136 -0.795815 0.070827
v 1.699931 -0.203062 0.070827
v 1.539228 -0.515494 1.124368
v 1.714810 -0.510035 1.115301
v 1.883643 -0.493871 1.088449
v 1.883643 -0.633495 1.004398
v 2.039241 -0.467622 1.044844
v 2.039241 -0.607245 0.960794
v 2.175624 -0.432296 0.986162
v 2.175624 -0.571919 0.902111
v 2.287551 -0.389251 0.914657
v 2.287551 -0.528875 0.830606
v 2.370720 -0.340142 0.833078
v 2.370720 -0.479766 0.749027
v 2.421935 -0.286856 0.744559
v 2.421935 -0.426479 0.660509
v 2.439228 -0.231440 0.652503
v 2.439228 -0.371063 0.568452
v 2.421935 -0.176023 0.560447
v 2.421935 -0.315647 0.476396
v 2.370720 -0.122737 0.471928
v 2.370720 -0.262360 0.387878
v 2.287551 -0.073628 0.390349
v 2.287551 -0.213251 0.306298
v 2.175624 -0.030583 0.318844
v 2.175624 -0.170207 0.234794
v 2.039241 0.004742 0.260162
v 2.039241 -0.134881 0.176111
v 1.883643 0.030992 0.216557
v 1.883643 -0.108632 0.132506
v 1.714810 0.047156 0.189705
v 1.539228 0.052614 0.180638
v 2.121697 -0.187227 0.263067
v 1.996871 -0.154894 0.209357
v 2.224140 -0.226624 0.328513
v 1.854458 -0.130869 0.169448
v 1.996871 -0.587232 0.927548
v 2.224140 -0.515502 0.808392
v 2.121697 -0.554899 0.873838
v 2.362964 -0.371063 0.568452
v 2.347136 -0.320343 0.484197
v 2.347136 -0.421783 0.652708
v 2.300261 -0.470555 0.733726
v 1.854458 -0.611257 0.967457
v 2.300261 -0.271572 0.403179
v 1.539228 -0.491423 1.084383
v 1.854458 -0.471633 1.051508
v 1.699931 -0.486428 1.076084
v 2.121697 -0.415276 0.957888
v 2.224140 -0.375879 0.892443
v 2.300261 -0.330931 0.817777
v 1.996871 -0.447608 1.011598
v 1.854458 0.008754 0.253498
v 2.121697 -0.047603 0.347118
v 1.996871 -0.015271 0.293408
v 2.300261 -0.131948 0.487230
v 2.224140 -0.087000 0.412563
v 2.362964 -0.231440 0.652503
v 2.347136 -0.180719 0.568248
v 1.539228 0.028544 0.220623
v 2.347136 -0.282160 0.736759
v 1.699931 0.023549 0.228922
v 1.539228 0.048359 0.149608
v 1.714810 0.053433 0.158895
v 1.883643 0.068460 0.186399
v 1.883643 0.211476 0.108259
v 2.039241 0.092864 0.231063
v 2.039241 0.235879 0.152923
v 2.175624 0.125706 0.291171
v 2.175624 0.268721 0.213031
v 2.287551 0.165723 0.364412
v 2.287551 0.308738 0.286272
v 2.370720 0.211379 0.447973
v 2.370720 0.354394 0.369833
v 2.421935 0.260918 0.538642
v 2.421935 0.403933 0.460502
v 2.439228 0.312438 0.632935
v 2.439228 0.455453 0.554794
v 2.421935 0.363957 0.727227
v 2.421935 0.506972 0.649087
v 2.370720 0.413496 0.817896
v 2.370720 0.556511 0.739756
v 2.287551 0.459152 0.901457
v 2.287551 0.602167 0.823317
v 2.175624 0.499170 0.974699
v 2.175624 0.642185 0.896559
v 2.039241 0.532011 1.034806
v 2.039241 0.675026 0.956666
v 1.883643 0.556415 1.079471
v 1.883643 0.699430 1.001330
v 1.714810 0.571442 1.106975
v 1.539228 0.576517 1.116262
v 2.121697 0.626361 0.867598
v 1.996871 0.656420 0.922613
v 2.224140 0.589735 0.800563
v 1.854458 0.678756 0.963493
v 1.996871 0.254485 0.186977
v 2.224140 0.321171 0.309026
v 2.121697 0.284544 0.241991
v 2.362964 0.455453 0.554794
v 2.347136 0.502606 0.641097
v 2.347136 0.408299 0.468492
v 2.300261 0.362958 0.385507
v 1.854458 0.232150 0.146097
v 2.300261 0.547948 0.724083
v 1.539228 0.070736 0.190564
v 1.854458 0.089135 0.224237
v 1.699931 0.075380 0.199064
v 2.121697 0.141529 0.320131
v 2.224140 0.178155 0.387167
v 2.300261 0.219942 0.463647
v 1.996871 0.111470 0.265117
v 1.854458 0.535741 1.041633
v 2.121697 0.483346 0.945738
v 1.996871 0.513405 1.000753
v 2.300261 0.404933 0.802223
v 2.224140 0.446720 0.878703
v 2.362964 0.312438 0.632935
v 2.347136 0.359591 0.719237
v 1.539228 0.554139 1.075306
v 2.347136 0.265284 0.546632
v 1.699931 0.549495 1.066806
v 1.539228 -0.712581 -0.961679
v 1.714810 -0.706363 -0.953115
v 1.883643 -0.687950 -0.927753
v 1.883643 -0.556073 -1.023502
v 2.039241 -0.658047 -0.886568
v 2.039241 -0.526170 -0.982317
v 2.175624 -0.617805 -0.831141
v 2.175624 -0.485928 -0.926890
v 2.287551 -0.568769 -0.763604
v 2.287551 -0.436893 -0.859353
v 2.370720 -0.512825 -0.686551
v 2.370720 -0.380949 -0.782300
v 2.421935 -0.452122 -0.602944
v 2.421935 -0.320246 -0.698693
v 2.439228 -0.388993 -0.515996
v 2.439228 -0.257117 -0.611744
v 2.421935 -0.325864 -0.429047
v 2.421935 -0.193988 -0.524796
v 2.370720 -0.265162 -0.345440
v 2.370720 -0.133285 -0.441189
v 2.287551 -0.209217 -0.268387
v 2.287551 -0.077341 -0.364136
v 2.175624 -0.160182 -0.200850
v 2.175624 -0.028306 -0.296599
v 2.039241 -0.119940 -0.145424
v 2.039241 0.011937 -0.241172
v 1.883643 -0.090037 -0.104238
v 1.883643 0.041839 -0.199987
v 1.714810 -0.071623 -0.078876
v 1.539228 -0.065405 -0.070312
v 2.121697 -0.047695 -0.323303
v 1.996871 -0.010862 -0.272574
v 2.224140 -0.092575 -0.385118
v 1.854458 0.016506 -0.234878
v 1.996871 -0.503371 -0.950915
v 2.224140 -0.421659 -0.838371
v 2.121697 -0.466539 -0.900185
v 2.362964 -0.257117 -0.611744
v 2.347136 -0.199337 -0.532164
v 2.347136 -0.314896 -0.691325
v 2.300261 -0.370455 -0.767848
v 1.854458 -0.530740 -0.988611
v 2.300261 -0.143778 -0.455641
v 1.539228 -0.685161 -0.923913
v 1.854458 -0.662617 -0.892862
v 1.699931 -0.679470 -0.916075
v 2.121697 -0.598415 -0.804437
v 2.224140 -0.553535 -0.742622
v 2.300261 -0.502332 -0.672099
v 1.996871 -0.635248 -0.855166
v 1.854458 -0.115370 -0.139129
v 2.121697 -0.179571 -0.227555
v 1.996871 -0.142739 -0.176825
v 2.300261 -0.275655 -0.359893
v 2.224140 -0.224451 -0.289369
v 2.362964 -0.388993 -0.515996
v 2.347136 -0.331214 -0.436415
v 1.539228 -0.092826 -0.108079
v 2.347136 -0.446773 -0.595576
v 1.699931 -0.098516 -0.115917
v 1.539228 0.227828 -0.110424
v 1.714810 0.233286 -0.119491
v 1.883643 0.249451 -0.146343
v 1.883643 0.109827 -0.230393
v 2.039241 0.275700 -0.189947
v 2.039241 0.136077 -0.273998
v 2.175624 0.311026 -0.248630
v 2.175624 0.171402 -0.332681
v 2.287551 0.354070 -0.320135
v 2.287551 0.214447 -0.404185
v 2.370720 0.403179 -0.401714
v 2.370720 0.263556 -0.485765
v 2.421935 0.456466 -0.490232
v 2.421935 0.316843 -0.574283
v 2.439228 0.511882 -0.582289
v 2.439228 0.372259 -0.666339
v 2.421935 0.567298 -0.674345
v 2.421935 0.427675 -0.758396
v 2.370720 0.620585 -0.762863
v 2.370720 0.480962 -0.846914
v 2.287551 0.669694 -0.844443
v 2.287551 0.530071 -0.928493
v 2.175624 0.712738 -0.915947
v 2.175624 0.573115 -0.999998
v 2.039241 0.748064 -0.974630
v 2.039241 0.608441 -1.058681
v 1.883643 0.774314 -1.018235
v 1.883643 0.634690 -1.102285
v 1.714809 0.790478 -1.045087
v 1.539228 0.795936 -1.054153
v 2.121697 0.556095 -0.971724
v 1.996871 0.588427 -1.025434
v 2.224140 0.516698 -0.906279
v 1.854458 0.612452 -1.065344
v 1.996871 0.156090 -0.307244
v 2.224140 0.227820 -0.426400
v 2.121697 0.188423 -0.360954
v 2.362964 0.372259 -0.666339
v 2.347136 0.422979 -0.750595
v 2.347136 0.321538 -0.582084
v 2.300261 0.272767 -0.501066
v 1.854458 0.132065 -0.267334
v 2.300261 0.471750 -0.831612
v 1.539228 0.251898 -0.150409
v 1.854458 0.271688 -0.183284
v 1.699931 0.256894 -0.158707
v 2.121697 0.328046 -0.276904
v 2.224140 0.367443 -0.342349
v 2.300261 0.412391 -0.417015
v 1.996871 0.295714 -0.223194
v 1.854458 0.752076 -0.981294
v 2.121697 0.695718 -0.887674
v 1.996871 0.728051 -0.941384
v 2.300261 0.611374 -0.747562
v 2.224140 0.656321 -0.822228
v 2.362964 0.511882 -0.582289
v 2.347136 0.562602 -0.666544
v 1.539228 0.771866 -1.014169
v 2.347136 0.461162 -0.498033
v 1.699931 0.766870 -1.005870
vn -0.0000 1.0000 -0.0000
vn -0.1951 0.9808 -0.0000
vn -0.3827 0.9239 -0.0000
vn -0.5556 0.8315 -0.0000
vn -0.7071 0.7071 -0.0000
vn -0.8315 0.5556 -0.0000
vn -0.9239 0.3827 -0.0000
vn -0.9808 0.1951 -0.0000
vn -1.0000 -0.0000 -0.0000
vn -0.9808 -0.1951 -0.0000
vn -0.9239 -0.3827 -0.0000
vn -0.8315 -0.5556 -0.0000
vn -0.7071 -0.7071 -0.0000
vn -0.5556 -0.8315 -0.0000
vn -0.3827 -0.9239 -0.0000
vn -0.1951 -0.9808 -0.0000
vn -0.0000 -1.0000 -0.0000
vn 0.1951 -0.9808 -0.0000
vn 0.3827 -0.9239 -0.0000
vn 0.5556 -0.8315 -0.0000
vn 0.7071 -0.7071 -0.0000
vn 0.8315 -0.5556 -0.0000
vn 0.9239 -0.3827 -0.0000
vn 0.9808 -0.1951 -0.0000
vn 1.0000 -0.0000 -0.0000
vn 0.9808 0.1951 -0.0000
vn 0.9239 0.3827 -0.0000
vn 0.8315 0.5556 -0.0000
vn 0.7071 0.7071 -0.0000
vn 0.5556 0.8315 -0.0000
vn 0.3827 0.9239 -0.0000
vn -0.0000 -0.0000 -1.0000
vn 0.1951 0.9808 -0.0000
vn -0.0000 -0.0000 1.0000
vn -0.0000 -0.1951 0.9808
vn -0.0000 -0.3827 0.9239
vn -0.0000 -0.5556 0.8315
vn -0.0000 -0.7071 0.7071
vn -0.0000 -0.8315 0.5556
vn -0.0000 -0.9239 0.3827
vn -0.0000 -0.9808 0.1951
vn -0.0000 -0.9808 -0.1951
vn -0.0000 -0.9239 -0.3827
vn -0.0000 -0.8315 -0.5556
vn -0.0000 -0.7071 -0.7071
vn -0.0000 -0.5556 -0.8315
vn -0.0000 -0.3827 -0.9239
vn -0.0000 -0.1951 -0.9808
vn -0.0000 0.1951 -0.9808
vn -0.0000 0.3827 -0.9239
vn -0.0000 0.5556 -0.8315
vn -0.0000 0.7071 -0.7071
vn -0.0000 0.8315 -0.5556
vn -0.0000 0.9239 -0.3827
vn -0.0000 0.9808 -0.1951
vn -0.0000 0.9808 0.1951
vn -0.0000 0.9239 0.3827
vn -0.0000 0.8315 0.5556
vn -0.0000 0.7071 0.7071
vn -0.0000 0.5556 0.8315
vn -0.0000 0.3827 0.9239
vn -0.0000 0.1951 0.9808
vn 0.3809 -0.9246 -0.0000
vn 0.3109 -0.9504 -0.0000
vn -0.3109 0.9504 -0.0000
vn -0.3809 0.9246 -0.0000
vn -0.5253 0.8509 -0.0000
vn -0.6793 0.7339 -0.0000
vn 0.5253 -0.8509 -0.0000
vn 0.6793 -0.7339 -0.0000
vn 0.9524 -0.3050 -0.0000
vn -0.9524 0.3050 -0.0000
vn -0.9524 0.3049 -0.0000
vn -0.9524 -0.3050 -0.0000
vn 0.9524 0.3050 -0.0000
vn 0.6793 0.7339 -0.0000
vn -0.6793 -0.7339 -0.0000
vn -0.5253 -0.8509 -0.0000
vn -0.3809 -0.9246 -0.0000
vn 0.5253 0.8509 -0.0000
vn 0.3809 0.9246 -0.0000
vn 0.2472 0.9690 -0.0000
vn 0.1216 0.9926 -0.0000
vn -0.2472 -0.9690 -0.0000
vn -0.1216 -0.9926 -0.0000
vn -0.0602 -0.9982 -0.0000
vn 0.0602 0.9982 -0.0000
vn -0.9524 -0.3049 -0.0000
vn -0.3109 -0.9504 -0.0000
vn 0.4488 0.8936 -0.0000
vn -0.3109 0.4902 0.8143
vn -0.3809 0.4769 0.7922
vn -0.5253 0.4389 0.7290
vn -0.6793 0.3785 0.6287
vn -0.8315 0.2865 0.4760
vn -0.9524 0.1573 0.2613
vn -0.9524 -0.1573 -0.2613
vn -0.8315 -0.2865 -0.4760
vn -0.6793 -0.3785 -0.6287
vn -0.5253 -0.4389 -0.7290
vn -0.3809 -0.4769 -0.7922
vn -0.3109 -0.4902 -0.8143
vn 0.3809 -0.4769 -0.7922
vn 0.3109 -0.4902 -0.8143
vn 0.5253 -0.4389 -0.7290
vn 0.6793 -0.3785 -0.6287
vn 0.8315 -0.2865 -0.4760
vn 0.9524 -0.1573 -0.2613
vn 0.9524 0.1573 0.2613
vn 0.8315 0.2865 0.4760
vn 0.6793 0.3785 0.6287
vn 0.5253 0.4389 0.7290
vn 0.4488 0.4609 0.7656
vn -0.0000 0.8567 -0.5157
vn -0.0000 -0.8567 0.5157
vn -0.3109 0.4557 -0.8341
vn -0.3809 0.4433 -0.8114
vn -0.5253 0.4080 -0.7467
vn -0.6793 0.3519 -0.6440
vn -0.8315 0.2664 -0.4876
vn -0.9524 0.1462 -0.2676
vn -0.9524 -0.1462 0.2676
vn -0.8315 -0.2664 0.4876
vn -0.6793 -0.3519 0.6440
vn -0.5253 -0.4080 0.7467
vn -0.3809 -0.4433 0.8114
vn -0.3109 -0.4557 0.8341
vn 0.3809 -0.4433 0.8114
vn 0.3109 -0.4557 0.8341
vn 0.5253 -0.4080 0.7467
vn 0.6793 -0.3519 0.6440
vn 0.8315 -0.2664 0.4876
vn 0.9524 -0.1462 0.2676
vn 0.9524 0.1462 -0.2676
vn 0.8315 0.2664 -0.4876
vn 0.6793 0.3519 -0.6440
vn 0.5253 0.4080 -0.7467
vn 0.4488 0.4285 -0.7842
vn -0.0000 -0.8776 -0.4795
vn -0.0000 0.8776 0.4795
vn -0.3109 0.5584 -0.7691
vn -0.3809 0.5432 -0.7482
vn -0.5253 0.4999 -0.6886
vn -0.6793 0.4312 -0.5939
vn -0.8315 0.3264 -0.4496
vn -0.9524 0.1792 -0.2468
vn -0.9524 -0.1792 0.2468
vn -0.8315 -0.3264 0.4496
vn -0.6793 -0.4312 0.5939
vn -0.5253 -0.4999 0.6886
vn -0.3809 -0.5432 0.7482
vn -0.3109 -0.5584 0.7691
vn 0.3809 -0.5432 0.7482
vn 0.3109 -0.5584 0.7691
vn 0.5253 -0.4999 0.6886
vn 0.6793 -0.4312 0.5939
vn 0.8315 -0.3264 0.4496
vn 0.9524 -0.1792 0.2468
vn 0.9524 0.1792 -0.2468
vn 0.8315 0.3264 -0.4496
vn 0.6793 0.4312 -0.5939
vn 0.5253 0.4999 -0.6886
vn 0.4488 0.5250 -0.7231
vn -0.0000 -0.8092 -0.5875
vn -0.0000 0.8092 0.5875
vn 0.9524 -0.3049 -0.0000
vn 0.9524 0.3049 -0.0000
vn 0.3109 0.9504 -0.0000
vn -0.4488 -0.8936 -0.0000
vn 0.3109 -0.4902 0.8143
vn 0.3809 -0.4769 0.7922
vn 0.5253 -0.4389 0.7290
vn 0.6793 -0.3785 0.6287
vn 0.8315 -0.2865 0.4760
vn 0.9524 -0.1573 0.2613
vn 0.9524 0.1573 -0.2613
vn 0.8315 0.2865 -0.4760
vn 0.6793 0.3785 -0.6287
vn 0.5253 0.4389 -0.7290
vn 0.3809 0.4769 -0.7922
vn 0.3109 0.4902 -0.8143
vn -0.3809 0.4769 -0.7922
vn -0.3109 0.4902 -0.8143
vn -0.5253 0.4389 -0.7290
vn -0.6793 0.3785 -0.6287
vn -0.8315 0.2865 -0.4760
vn -0.9524 0.1573 -0.2613
vn -0.9524 -0.1573 0.2613
vn -0.8315 -0.2865 0.4760
vn -0.6793 -0.3785 0.6287
vn -0.5253 -0.4389 0.7290
vn -0.4488 -0.4609 0.7656
vn -0.0000 -0.8567 -0.5157
vn -0.0000 0.8567 0.5157
vn 0.3109 -0.4557 -0.8341
vn 0.3809 -0.4433 -0.8114
vn 0.5253 -0.4080 -0.7467
vn 0.6793 -0.3519 -0.6440
vn 0.8315 -0.2664 -0.4876
vn 0.9524 -0.1462 -0.2676
vn 0.9524 0.1462 0.2676
vn 0.8315 0.2664 0.4876
vn 0.6793 0.3519 0.6440
vn 0.5253 0.4080 0.7467
vn 0.3809 0.4433 0.8114
vn 0.3109 0.4557 0.8341
vn -0.3809 0.4433 0.8114
vn -0.3109 0.4557 0.8341
vn -0.5253 0.4080 0.7467
vn -0.6793 0.3519 0.6440
vn -0.8315 0.2664 0.4876
vn -0.9524 0.1462 0.2676
vn -0.9524 -0.1462 -0.2676
vn -0.8315 -0.2664 -0.4876
vn -0.6793 -0.3519 -0.6440
vn -0.5253 -0.4080 -0.7467
vn -0.4488 -0.4285 -0.7842
vn -0.0000 0.8776 -0.4795
vn -0.0000 -0.8776 0.4795
vn 0.3109 -0.5584 -0.7691
vn 0.3809 -0.5432 -0.7482
vn 0.5253 -0.4999 -0.6886
vn 0.6793 -0.4312 -0.5939
vn 0.8315 -0.3264 -0.4496
vn 0.9524 -0.1792 -0.2468
vn 0.9524 0.1792 0.2468
vn 0.8315 0.3264 0.4496
vn 0.6793 0.4312 0.5939
vn 0.5253 0.4999 0.6886
vn 0.3809 0.5432 0.7482
vn 0.3109 0.5584 0.7691
vn -0.3809 0.5432 0.7482
vn -0.3109 0.5584 0.7691
vn -0.5253 0.4999 0.6886
vn -0.6793 0.4312 0.5939
vn -0.8315 0.3264 0.4496
vn -0.9524 0.1792 0.2468
vn -0.9524 -0.1792 -0.2468
vn -0.8315 -0.3264 -0.4496
vn -0.6793 -0.4312 -0.5939
vn -0.5253 -0.4999 -0.6886
vn -0.4488 -0.5250 -0.7231
vn -0.0000 0.8092 -0.5875
vn -0.0000 -0.8092 0.5875
vn -0.0000 0.0001 -1.0000
vn -0.0000 -0.0001 -1.0000
vn -0.0000 0.8775 0.4795
vn -0.0000 -0.8775 0.4795
vt 1.000000 1.000000
vt 0.968750 0.500000
vt 1.000000 0.500000
vt 0.968750 1.000000
vt 0.937500 0.500000
vt 0.937500 1.000000
vt 0.906250 0.500000
vt 0.906250 1.000000
vt 0.875000 0.500000
vt 0.875000 1.000000
vt 0.843750 0.500000
vt 0.843750 1.000000
vt 0.812500 0.500000
vt 0.812500 1.000000
vt 0.781250 0.500000
vt 0.781250 1.000000
vt 0.750000 0.500000
vt 0.750000 1.000000
vt 0.718750 0.500000
vt 0.718750 1.000000
vt 0.687500 0.500000
vt 0.687500 1.000000
vt 0.656250 0.500000
vt 0.656250 1.000000
vt 0.625000 0.500000
vt 0.625000 1.000000
vt 0.593750 0.500000
vt 0.593750 1.000000
vt 0.562500 0.500000
vt 0.562500 1.000000
vt 0.531250 0.500000
vt 0.531250 1.000000
vt 0.500000 0.500000
vt 0.500000 1.000000
vt 0.468750 0.500000
vt 0.468750 1.000000
vt 0.437500 0.500000
vt 0.437500 1.000000
vt 0.406250 0.500000
vt 0.406250 1.000000
vt 0.375000 0.500000
vt 0.375000 1.000000
vt 0.343750 0.500000
vt 0.343750 1.000000
vt 0.312500 0.500000
vt 0.312500 1.000000
vt 0.281250 0.500000
vt 0.281250 1.000000
vt 0.250000 0.500000
vt 0.250000 1.000000
vt 0.218750 0.500000
vt 0.218750 1.000000
vt 0.187500 0.500000
vt 0.187500 1.000000
vt 0.156250 0.500000
vt 0.156250 1.000000
vt 0.125000 0.500000
vt 0.125000 1.000000
vt 0.093750 0.500000
vt 0.093750 1.000000
vt 0.062500 0.500000
vt 0.203178 0.485388
vt 0.208998 0.456134
vt 0.250000 0.460172
vt 0.250000 0.039828
vt 0.208997 0.043866
vt 0.203178 0.014612
vt 0.062500 1.000000
vt 0.031250 0.500000
vt 0.031250 1.000000
vt 0.000000 0.500000
vt 0.968750 0.892346
vt 1.000000 0.607654
vt 0.968750 0.607654
vt 0.937500 0.892346
vt 0.937500 0.607654
vt 0.906250 0.892346
vt 0.906250 0.607654
vt 0.875000 0.892346
vt 0.875000 0.607654
vt 0.843750 0.607654
vt 0.843750 0.892346
vt 0.812500 0.607654
vt 0.812500 0.892346
vt 0.781250 0.607654
vt 0.781250 0.892346
vt 0.750000 0.607654
vt 0.750000 0.892346
vt 0.718750 0.607654
vt 0.718750 0.892346
vt 0.687500 0.607654
vt 0.687500 0.892346
vt 0.656250 0.607654
vt 0.656250 0.892346
vt 0.625000 0.607654
vt 0.625000 0.892346
vt 0.593750 0.607654
vt 0.593750 0.892346
vt 0.562500 0.607654
vt 0.562500 0.892346
vt 0.531250 0.607654
vt 0.531250 0.892346
vt 0.500000 0.607654
vt 0.500000 0.892346
vt 0.468750 0.607654
vt 0.468750 0.892346
vt 0.437500 0.607654
vt 0.437500 0.892346
vt 0.406250 0.607654
vt 0.406250 0.892346
vt 0.375000 0.607654
vt 0.375000 0.892346
vt 0.343750 0.892346
vt 0.343750 0.607654
vt 0.312500 0.892346
vt 0.312500 0.607654
vt 0.281250 0.892346
vt 0.281250 0.607654
vt 0.250000 0.892346
vt 0.250000 0.607654
vt 0.218750 0.892346
vt 0.218750 0.607654
vt 0.187500 0.892346
vt 0.187500 0.607654
vt 0.156250 0.892346
vt 0.156250 0.607654
vt 0.125000 0.892346
vt 0.125000 0.607654
vt 0.093750 0.892346
vt 0.093750 0.607654
vt 0.062500 0.892346
vt 0.062500 0.607654
vt 0.031250 0.892346
vt 0.031250 0.607654
vt 0.000000 0.892346
vt 0.000000 0.607654
vt 0.419706 0.419706
vt 0.383337 0.449553
vt 0.080294 0.419706
vt 0.616663 0.449553
vt 0.658156 0.471731
vt 0.883337 0.449553
vt 0.158156 0.028269
vt 0.471731 0.158156
vt 0.341844 0.471731
vt 0.796822 0.014612
vt 0.514612 0.203178
vt 0.703178 0.485388
vt 0.750000 0.618427
vt 0.781250 0.618427
vt 0.906250 0.881573
vt 0.937500 0.618427
vt 0.906250 0.618427
vt 0.875000 0.881573
vt 0.843750 0.881573
vt 0.875000 0.618427
vt 0.843750 0.618427
vt 0.812500 0.881573
vt 0.812500 0.618427
vt 0.781250 0.881573
vt 0.750000 0.881573
vt 0.718750 0.881573
vt 0.718750 0.618427
vt 0.687500 0.618427
vt 0.687500 0.881573
vt 0.656250 0.618427
vt 0.656250 0.881573
vt 0.625000 0.881573
vt 0.593750 0.881573
vt 0.625000 0.618427
vt 0.593750 0.618427
vt 0.562500 0.881573
vt 0.562500 0.618427
vt 0.531250 0.618427
vt 0.531250 0.881573
vt 0.500000 0.881573
vt 0.500000 0.618427
vt 0.937500 0.881573
vt 0.330429 0.055826
vt 0.341844 0.028269
vt 0.383337 0.050447
vt 0.419706 0.080294
vt 0.366765 0.075248
vt 0.449553 0.116663
vt 0.398614 0.101386
vt 0.444174 0.169571
vt 0.485388 0.203178
vt 0.456134 0.208997
vt 0.490000 0.250000
vt 0.485388 0.296822
vt 0.460172 0.250000
vt 0.471731 0.341844
vt 0.444174 0.330429
vt 0.449553 0.383337
vt 0.424752 0.366765
vt 0.398614 0.398614
vt 0.330429 0.444174
vt 0.296822 0.485388
vt 0.291003 0.456134
vt 0.250000 0.490000
vt 0.158156 0.471731
vt 0.169571 0.444174
vt 0.116663 0.449553
vt 0.133235 0.424752
vt 0.050447 0.383337
vt 0.101386 0.398614
vt 0.028269 0.341844
vt 0.055826 0.330429
vt 0.014612 0.296822
vt 0.043866 0.291003
vt 0.010000 0.250000
vt 0.039828 0.250000
vt 0.014612 0.203178
vt 0.028269 0.158156
vt 0.055826 0.169571
vt 0.050447 0.116663
vt 0.075248 0.133235
vt 0.080294 0.080294
vt 0.116663 0.050447
vt 0.101386 0.101386
vt 0.169571 0.055826
vt 0.133235 0.075248
vt 0.424752 0.133235
vt 0.043866 0.208997
vt 0.456134 0.291003
vt 0.075248 0.366765
vt 0.366765 0.424752
vt 0.250000 0.010000
vt 0.296822 0.014612
vt 0.291003 0.043866
vt 0.000000 1.000000
vt 1.000000 0.892346
vt 0.750000 0.490000
vt 0.796822 0.485388
vt 0.841844 0.471731
vt 0.919706 0.419706
vt 0.580294 0.419706
vt 0.949553 0.383337
vt 0.550447 0.383337
vt 0.971731 0.341844
vt 0.985388 0.296822
vt 0.528269 0.341844
vt 0.990000 0.250000
vt 0.510000 0.250000
vt 0.985388 0.203178
vt 0.971731 0.158156
vt 0.949553 0.116663
vt 0.528269 0.158156
vt 0.919706 0.080294
vt 0.580294 0.080294
vt 0.883337 0.050447
vt 0.616663 0.050447
vt 0.841844 0.028269
vt 0.658156 0.028269
vt 0.750000 0.010000
vt 0.703178 0.014612
vt 0.550447 0.116663
vt 0.514612 0.296822
vt 1.000000 0.618427
vt 0.968750 0.618427
s 1
f 2/1/1 3/2/2 1/3/1
f 4/4/2 5/5/3 3/2/2
f 6/6/3 7/7/4 5/5/3
f 8/8/4 9/9/5 7/7/4
f 10/10/5 11/11/6 9/9/5
f 12/12/6 13/13/7 11/11/6
f 14/14/7 15/15/8 13/13/7
f 16/16/8 17/17/9 15/15/8
f 18/18/9 19/19/10 17/17/9
f 20/20/10 21/21/11 19/19/10
f 22/22/11 23/23/12 21/21/11
f 24/24/12 25/25/13 23/23/12
f 26/26/13 27/27/14 25/25/13
f 28/28/14 29/29/15 27/27/14
f 30/30/15 31/31/16 29/29/15
f 32/32/16 33/33/17 31/31/16
f 34/34/17 35/35/18 33/33/17
f 36/36/18 37/37/19 35/35/18
f 38/38/19 39/39/20 37/37/19
f 40/40/20 41/41/21 39/39/20
f 42/42/21 43/43/22 41/41/21
f 44/44/22 45/45/23 43/43/22
f 46/46/23 47/47/24 45/45/23
f 48/48/24 49/49/25 47/47/24
f 50/50/25 51/51/26 49/49/25
f 52/52/26 53/53/27 51/51/26
f 54/54/27 55/55/28 53/53/27
f 56/56/28 57/57/29 55/55/28
f 58/58/29 59/59/30 57/57/29
f 60/60/30 61/61/31 59/59/30
s 0
f 64/62/32 68/63/32 70/64/32
f 81/65/32 79/66/32 36/67/32
s 1
f 62/68/31 63/69/33 61/61/31
f 64/70/33 1/71/1 63/69/33
f 69/72/18 97/73/17 99/74/18
f 95/75/19 99/74/18 98/76/19
f 86/77/20 98/76/19 103/78/20
f 88/79/21 103/78/20 100/80/21
f 88/79/21 102/81/22 87/82/22
f 87/82/22 101/83/23 92/84/23
f 92/84/23 126/85/24 91/86/24
f 91/86/24 108/87/25 89/88/25
f 89/88/25 109/89/26 90/90/26
f 90/90/26 107/91/27 96/92/27
f 96/92/27 110/93/28 83/94/28
f 83/94/28 105/95/29 84/96/29
f 84/96/29 106/97/30 82/98/30
f 82/98/30 104/99/31 85/100/31
f 85/100/31 125/101/33 80/102/33
f 80/102/33 115/103/1 81/104/1
f 81/104/1 116/105/2 79/106/2
f 79/106/2 114/107/3 94/108/3
f 94/108/3 117/109/4 76/110/4
f 76/110/4 112/111/5 77/112/5
f 75/113/6 112/111/5 113/114/6
f 78/115/7 113/114/6 111/116/7
f 74/117/8 111/116/7 127/118/8
f 72/119/9 127/118/8 118/120/9
f 73/121/10 118/120/9 120/122/10
f 93/123/11 120/122/10 119/124/11
f 65/125/12 119/124/11 124/126/12
f 67/127/13 124/126/12 121/128/13
f 66/129/14 121/128/13 123/130/14
f 71/131/15 123/130/14 122/132/15
f 68/133/16 122/132/15 128/134/16
f 70/135/17 128/134/16 97/136/17
f 130/1/34 131/2/35 129/3/34
f 132/4/35 133/5/36 131/2/35
f 134/6/36 135/7/37 133/5/36
f 136/8/37 137/9/38 135/7/37
f 138/10/38 139/11/39 137/9/38
f 140/12/39 141/13/40 139/11/39
f 142/14/40 143/15/41 141/13/40
f 144/16/41 145/17/17 143/15/41
f 146/18/17 147/19/42 145/17/17
f 148/20/42 149/21/43 147/19/42
f 150/22/43 151/23/44 149/21/43
f 152/24/44 153/25/45 151/23/44
f 154/26/45 155/27/46 153/25/45
f 156/28/46 157/29/47 155/27/46
f 158/30/47 159/31/48 157/29/47
f 160/32/48 161/33/32 159/31/48
f 162/34/32 163/35/49 161/33/32
f 164/36/49 165/37/50 163/35/49
f 166/38/50 167/39/51 165/37/50
f 168/40/51 169/41/52 167/39/51
f 170/42/52 171/43/53 169/41/52
f 172/44/53 173/45/54 171/43/53
f 174/46/54 175/47/55 173/45/54
f 176/48/55 177/49/1 175/47/55
f 178/50/1 179/51/56 177/49/1
f 180/52/56 181/53/57 179/51/56
f 182/54/57 183/55/58 181/53/57
f 184/56/58 185/57/59 183/55/58
f 186/58/59 187/59/60 185/57/59
f 188/60/60 189/61/61 187/59/60
s 0
f 138/137/9 136/138/9 186/139/9
s 1
f 190/68/61 191/69/62 189/61/61
f 192/70/62 129/71/34 191/69/62
s 0
f 187/140/25 189/141/25 135/142/25
s 1
f 194/1/34 195/2/35 193/3/34
f 196/4/35 197/5/36 195/2/35
f 198/6/36 199/7/37 197/5/36
f 199/7/37 202/10/38 201/9/38
f 202/10/38 203/11/39 201/9/38
f 204/12/39 205/13/40 203/11/39
f 206/14/40 207/15/41 205/13/40
f 208/16/41 209/17/17 207/15/41
f 210/18/17 211/19/42 209/17/17
f 212/20/42 213/21/43 211/19/42
f 214/22/43 215/23/44 213/21/43
f 216/24/44 217/25/45 215/23/44
f 218/26/45 219/27/46 217/25/45
f 220/28/46 221/29/47 219/27/46
f 222/30/47 223/31/48 221/29/47
f 224/32/48 225/33/32 223/31/48
f 226/34/32 227/35/49 225/33/32
f 228/36/49 229/37/50 227/35/49
f 230/38/50 231/39/51 229/37/50
f 232/40/51 233/41/52 231/39/51
f 234/42/52 235/43/53 233/41/52
f 236/44/53 237/45/54 235/43/53
f 238/46/54 239/47/55 237/45/54
f 240/48/55 241/49/1 239/47/55
f 242/50/1 243/51/56 241/49/1
f 244/52/56 245/53/57 243/51/56
f 246/54/57 247/55/58 245/53/57
f 248/56/58 249/57/59 247/55/58
f 250/58/59 251/59/60 249/57/59
f 252/60/60 253/61/61 251/59/60
s 0
f 202/137/9 200/138/9 250/139/9
s 1
f 254/68/61 255/69/62 253/61/61
f 256/70/62 193/71/34 255/69/62
s 0
f 251/140/25 253/141/25 199/142/25
s 1
f 258/1/34 259/2/35 257/3/34
f 260/4/35 261/5/36 259/2/35
f 262/6/36 263/7/37 261/5/36
f 264/8/37 265/9/38 263/7/37
f 266/10/38 267/11/39 265/9/38
f 268/12/39 269/13/40 267/11/39
f 270/14/40 271/15/41 269/13/40
f 272/16/41 273/17/17 271/15/41
f 274/18/17 275/19/42 273/17/17
f 276/20/42 277/21/43 275/19/42
f 278/22/43 279/23/44 277/21/43
f 280/24/44 281/25/45 279/23/44
f 282/26/45 283/27/46 281/25/45
f 284/28/46 285/29/47 283/27/46
f 286/30/47 287/31/48 285/29/47
f 288/32/48 289/33/32 287/31/48
f 290/34/32 291/35/49 289/33/32
f 292/36/49 293/37/50 291/35/49
f 294/38/50 295/39/51 293/37/50
f 296/40/51 297/41/52 295/39/51
f 298/42/52 299/43/53 297/41/52
f 300/44/53 301/45/54 299/43/53
f 302/46/54 303/47/55 301/45/54
f 304/48/55 305/49/1 303/47/55
f 306/50/1 307/51/56 305/49/1
f 308/52/56 309/53/57 307/51/56
f 310/54/57 311/55/58 309/53/57
f 312/56/58 313/57/59 311/55/58
f 314/58/59 315/59/60 313/57/59
f 316/60/60 317/61/61 315/59/60
s 0
f 266/137/9 264/138/9 314/139/9
s 1
f 318/68/61 319/69/62 317/61/61
f 320/70/62 257/71/34 319/69/62
s 0
f 315/140/25 317/141/25 263/142/25
s 1
f 322/1/34 323/2/35 321/3/34
f 324/4/35 325/5/36 323/2/35
f 326/6/36 327/7/37 325/5/36
f 328/8/37 329/9/38 327/7/37
f 330/10/38 331/11/39 329/9/38
f 332/12/39 333/13/40 331/11/39
f 334/14/40 335/15/41 333/13/40
f 336/16/41 337/17/17 335/15/41
f 338/18/17 339/19/42 337/17/17
f 340/20/42 341/21/43 339/19/42
f 342/22/43 343/23/44 341/21/43
f 344/24/44 345/25/45 343/23/44
f 346/26/45 347/27/46 345/25/45
f 348/28/46 349/29/47 347/27/46
f 350/30/47 351/31/48 349/29/47
f 352/32/48 353/33/32 351/31/48
f 354/34/32 355/35/49 353/33/32
f 356/36/49 357/37/50 355/35/49
f 358/38/50 359/39/51 357/37/50
f 360/40/51 361/41/52 359/39/51
f 362/42/52 363/43/53 361/41/52
f 364/44/53 365/45/54 363/43/53
f 366/46/54 367/47/55 365/45/54
f 368/48/55 369/49/1 367/47/55
f 370/50/1 371/51/56 369/49/1
f 372/52/56 373/53/57 371/51/56
f 374/54/57 375/55/58 373/53/57
f 376/56/58 377/57/59 375/55/58
f 378/58/59 379/59/60 377/57/59
f 380/60/60 381/61/61 379/59/60
s 0
f 330/137/9 328/138/9 378/139/9
s 1
f 382/68/61 383/69/62 381/61/61
f 384/70/62 321/71/34 383/69/62
s 0
f 379/140/25 381/141/25 327/142/25
s 1
f 386/1/34 387/2/35 385/3/34
f 388/4/35 389/5/36 387/2/35
f 390/6/36 391/7/37 389/5/36
f 391/7/37 394/10/38 393/9/38
f 394/10/38 395/11/39 393/9/38
f 396/12/39 397/13/40 395/11/39
f 398/14/40 399/15/41 397/13/40
f 400/16/41 401/17/17 399/15/41
f 402/18/17 403/19/42 401/17/17
f 404/20/42 405/21/43 403/19/42
f 406/22/43 407/23/44 405/21/43
f 408/24/44 409/25/45 407/23/44
f 410/26/45 411/27/46 409/25/45
f 412/28/46 413/29/47 411/27/46
f 414/30/47 415/31/48 413/29/47
f 416/32/48 417/33/32 415/31/48
f 418/34/32 419/35/49 417/33/32
f 420/36/49 421/37/50 419/35/49
f 422/38/50 423/39/51 421/37/50
f 424/40/51 425/41/52 423/39/51
f 426/42/52 427/43/53 425/41/52
f 428/44/53 429/45/54 427/43/53
f 430/46/54 431/47/55 429/45/54
f 432/48/55 433/49/1 431/47/55
f 434/50/1 435/51/56 433/49/1
f 436/52/56 437/53/57 435/51/56
f 438/54/57 439/55/58 437/53/57
f 440/56/58 441/57/59 439/55/58
f 442/58/59 443/59/60 441/57/59
f 444/60/60 445/61/61 443/59/60
s 0
f 394/137/9 392/138/9 442/139/9
s 1
f 446/68/61 447/69/62 445/61/61
f 448/70/62 385/71/34 447/69/62
s 0
f 443/140/25 445/141/25 391/142/25
s 1
f 450/1/34 451/2/35 449/3/34
f 452/4/35 453/5/36 451/2/35
f 454/6/36 455/7/37 453/5/36
f 455/7/37 458/10/38 457/9/38
f 458/10/38 459/11/39 457/9/38
f 460/12/39 461/13/40 459/11/39
f 462/14/40 463/15/41 461/13/40
f 464/16/41 465/17/17 463/15/41
f 466/18/17 467/19/42 465/17/17
f 468/20/42 469/21/43 467/19/42
f 470/22/43 471/23/44 469/21/43
f 472/24/44 473/25/45 471/23/44
f 474/26/45 475/27/46 473/25/45
f 476/28/46 477/29/47 475/27/46
f 478/30/47 479/31/48 477/29/47
f 480/32/48 481/33/32 479/31/48
f 482/34/32 483/35/49 481/33/32
f 484/36/49 485/37/50 483/35/49
f 486/38/50 487/39/51 485/37/50
f 488/40/51 489/41/52 487/39/51
f 490/42/52 491/43/53 489/41/52
f 492/44/53 493/45/54 491/43/53
f 494/46/54 495/47/55 493/45/54
f 496/48/55 497/49/1 495/47/55
f 498/50/1 499/51/56 497/49/1
f 500/52/56 501/53/57 499/51/56
f 502/54/57 503/55/58 501/53/57
f 504/56/58 505/57/59 503/55/58
f 506/58/59 507/59/60 505/57/59
f 508/60/60 509/61/61 507/59/60
s 0
f 458/137/9 456/138/9 506/139/9
s 1
f 510/68/61 511/69/62 509/61/61
f 512/70/62 449/71/34 511/69/62
s 0
f 507/140/25 509/141/25 455/142/25
s 1
f 514/1/34 515/2/35 513/3/34
f 516/4/35 517/5/36 515/2/35
f 518/6/36 519/7/37 517/5/36
f 520/8/37 521/9/38 519/7/37
f 522/10/38 523/11/39 521/9/38
f 524/12/39 525/13/40 523/11/39
f 526/14/40 527/15/41 525/13/40
f 528/16/41 529/17/17 527/15/41
f 530/18/17 531/19/42 529/17/17
f 532/20/42 533/21/43 531/19/42
f 534/22/43 535/23/44 533/21/43
f 536/24/44 537/25/45 535/23/44
f 538/26/45 539/27/46 537/25/45
f 540/28/46 541/29/47 539/27/46
f 542/30/47 543/31/48 541/29/47
f 544/32/48 545/33/32 543/31/48
f 546/34/32 547/35/49 545/33/32
f 548/36/49 549/37/50 547/35/49
f 550/38/50 551/39/51 549/37/50
f 552/40/51 553/41/52 551/39/51
f 554/42/52 555/43/53 553/41/52
f 556/44/53 557/45/54 555/43/53
f 558/46/54 559/47/55 557/45/54
f 560/48/55 561/49/1 559/47/55
f 562/50/1 563/51/56 561/49/1
f 564/52/56 565/53/57 563/51/56
f 566/54/57 567/55/58 565/53/57
f 568/56/58 569/57/59 567/55/58
f 570/58/59 571/59/60 569/57/59
f 572/60/60 573/61/61 571/59/60
s 0
f 522/137/9 520/138/9 570/139/9
s 1
f 574/68/61 575/69/62 573/61/61
f 576/70/62 513/71/34 575/69/62
s 0
f 571/140/25 573/141/25 519/142/25
s 1
f 578/1/34 579/2/35 577/3/34
f 580/4/35 581/5/36 579/2/35
f 582/6/36 583/7/37 581/5/36
f 583/7/37 586/10/38 585/9/38
f 586/10/38 587/11/39 585/9/38
f 588/12/39 589/13/40 587/11/39
f 590/14/40 591/15/41 589/13/40
f 592/16/41 593/17/17 591/15/41
f 594/18/17 595/19/42 593/17/17
f 596/20/42 597/21/43 595/19/42
f 598/22/43 599/23/44 597/21/43
f 600/24/44 601/25/45 599/23/44
f 602/26/45 603/27/46 601/25/45
f 604/28/46 605/29/47 603/27/46
f 606/30/47 607/31/48 605/29/47
f 608/32/48 609/33/32 607/31/48
f 610/34/32 611/35/49 609/33/32
f 612/36/49 613/37/50 611/35/49
f 614/38/50 615/39/51 613/37/50
f 616/40/51 617/41/52 615/39/51
f 618/42/52 619/43/53 617/41/52
f 620/44/53 621/45/54 619/43/53
f 622/46/54 623/47/55 621/45/54
f 624/48/55 625/49/1 623/47/55
f 626/50/1 627/51/56 625/49/1
f 628/52/56 629/53/57 627/51/56
f 630/54/57 631/55/58 629/53/57
f 632/56/58 633/57/59 631/55/58
f 634/58/59 635/59/60 633/57/59
f 636/60/60 637/61/61 635/59/60
s 0
f 586/137/9 584/138/9 634/139/9
s 1
f 638/68/61 639/69/62 637/61/61
f 640/70/62 577/71/34 639/69/62
s 0
f 635/140/25 637/141/25 583/142/25
s 1
f 642/1/34 643/2/35 641/3/34
f 644/4/35 645/5/36 643/2/35
f 646/6/36 647/7/37 645/5/36
f 648/8/37 649/9/38 647/7/37
f 650/10/38 651/11/39 649/9/38
f 652/12/39 653/13/40 651/11/39
f 654/14/40 655/15/41 653/13/40
f 656/16/41 657/17/17 655/15/41
f 658/18/17 659/19/42 657/17/17
f 660/20/42 661/21/43 659/19/42
f 662/22/43 663/23/44 661/21/43
f 664/24/44 665/25/45 663/23/44
f 666/26/45 667/27/46 665/25/45
f 668/28/46 669/29/47 667/27/46
f 670/30/47 671/31/48 669/29/47
f 672/32/48 673/33/32 671/31/48
f 674/34/32 675/35/49 673/33/32
f 676/36/49 677/37/50 675/35/49
f 678/38/50 679/39/51 677/37/50
f 680/40/51 681/41/52 679/39/51
f 682/42/52 683/43/53 681/41/52
f 684/44/53 685/45/54 683/43/53
f 686/46/54 687/47/55 685/45/54
f 688/48/55 689/49/1 687/47/55
f 690/50/1 691/51/56 689/49/1
f 692/52/56 693/53/57 691/51/56
f 694/54/57 695/55/58 693/53/57
f 696/56/58 697/57/59 695/55/58
f 698/58/59 699/59/60 697/57/59
f 700/60/60 701/61/61 699/59/60
s 0
f 650/137/9 648/138/9 698/139/9
s 1
f 702/68/61 703/69/62 701/61/61
f 704/70/62 641/71/34 703/69/62
s 0
f 699/140/25 701/141/25 647/142/25
s 1
f 706/1/34 707/2/35 705/3/34
f 708/4/35 709/5/36 707/2/35
f 710/6/36 711/7/37 709/5/36
f 712/8/37 713/9/38 711/7/37
f 714/10/38 715/11/39 713/9/38
f 716/12/39 717/13/40 715/11/39
f 718/14/40 719/15/41 717/13/40
f 720/16/41 721/17/17 719/15/41
f 722/18/17 723/19/42 721/17/17
f 724/20/42 725/21/43 723/19/42
f 726/22/43 727/23/44 725/21/43
f 728/24/44 729/25/45 727/23/44
f 730/26/45 731/27/46 729/25/45
f 732/28/46 733/29/47 731/27/46
f 734/30/47 735/31/48 733/29/47
f 736/32/48 737/33/32 735/31/48
f 738/34/32 739/35/49 737/33/32
f 740/36/49 741/37/50 739/35/49
f 742/38/50 743/39/51 741/37/50
f 744/40/51 745/41/52 743/39/51
f 746/42/52 747/43/53 745/41/52
f 748/44/53 749/45/54 747/43/53
f 750/46/54 751/47/55 749/45/54
f 752/48/55 753/49/1 751/47/55
f 754/50/1 755/51/56 753/49/1
f 756/52/56 757/53/57 755/51/56
f 758/54/57 759/55/58 757/53/57
f 760/56/58 761/57/59 759/55/58
f 762/58/59 763/59/60 761/57/59
f 764/60/60 765/61/61 763/59/60
s 0
f 714/137/9 712/138/9 762/139/9
s 1
f 766/68/61 767/69/62 765/61/61
f 768/70/62 705/71/34 767/69/62
s 0
f 763/140/25 765/141/25 711/142/25
s 1
f 770/1/34 771/2/35 769/3/34
f 772/4/35 773/5/36 771/2/35
f 774/6/36 775/7/37 773/5/36
f 775/7/37 778/10/38 777/9/38
f 778/10/38 779/11/39 777/9/38
f 780/12/39 781/13/40 779/11/39
f 782/14/40 783/15/41 781/13/40
f 784/16/41 785/17/17 783/15/41
f 786/18/17 787/19/42 785/17/17
f 788/20/42 789/21/43 787/19/42
f 790/22/43 791/23/44 789/21/43
f 792/24/44 793/25/45 791/23/44
f 794/26/45 795/27/46 793/25/45
f 796/28/46 797/29/47 795/27/46
f 798/30/47 799/31/48 797/29/47
f 800/32/48 801/33/32 799/31/48
f 802/34/32 803/35/49 801/33/32
f 804/36/49 805/37/50 803/35/49
f 806/38/50 807/39/51 805/37/50
f 808/40/51 809/41/52 807/39/51
f 810/42/52 811/43/53 809/41/52
f 812/44/53 813/45/54 811/43/53
f 814/46/54 815/47/55 813/45/54
f 816/48/55 817/49/1 815/47/55
f 818/50/1 819/51/56 817/49/1
f 820/52/56 821/53/57 819/51/56
f 822/54/57 823/55/58 821/53/57
f 824/56/58 825/57/59 823/55/58
f 826/58/59 827/59/60 825/57/59
f 828/60/60 829/61/61 827/59/60
s 0
f 778/137/9 776/138/9 826/139/9
s 1
f 830/68/61 831/69/62 829/61/61
f 832/70/62 769/71/34 831/69/62
s 0
f 827/140/25 829/141/25 775/142/25
s 1
f 834/1/34 835/2/35 833/3/34
f 836/4/35 837/5/36 835/2/35
f 838/6/36 839/7/37 837/5/36
f 839/7/37 842/10/38 841/9/38
f 842/10/38 843/11/39 841/9/38
f 844/12/39 845/13/40 843/11/39
f 846/14/40 847/15/41 845/13/40
f 848/16/41 849/17/17 847/15/41
f 850/18/17 851/19/42 849/17/17
f 852/20/42 853/21/43 851/19/42
f 854/22/43 855/23/44 853/21/43
f 856/24/44 857/25/45 855/23/44
f 858/26/45 859/27/46 857/25/45
f 860/28/46 861/29/47 859/27/46
f 862/30/47 863/31/48 861/29/47
f 864/32/48 865/33/32 863/31/48
f 866/34/32 867/35/49 865/33/32
f 868/36/49 869/37/50 867/35/49
f 870/38/50 871/39/51 869/37/50
f 872/40/51 873/41/52 871/39/51
f 874/42/52 875/43/53 873/41/52
f 876/44/53 877/45/54 875/43/53
f 878/46/54 879/47/55 877/45/54
f 880/48/55 881/49/1 879/47/55
f 882/50/1 883/51/56 881/49/1
f 884/52/56 885/53/57 883/51/56
f 886/54/57 887/55/58 885/53/57
f 888/56/58 889/57/59 887/55/58
f 890/58/59 891/59/60 889/57/59
f 892/60/60 893/61/61 891/59/60
s 0
f 842/137/9 840/138/9 890/139/9
s 1
f 894/68/61 895/69/62 893/61/61
f 896/70/62 833/71/34 895/69/62
s 0
f 891/140/25 893/141/25 839/142/25
s 1
f 898/1/1 899/2/2 897/3/1
f 900/4/2 901/5/3 899/2/2
f 902/6/3 903/7/4 901/5/3
f 904/8/4 905/9/5 903/7/4
f 906/10/5 907/11/6 905/9/5
f 908/12/6 909/13/7 907/11/6
f 910/14/7 911/15/8 909/13/7
f 912/16/8 913/17/9 911/15/8
f 914/18/9 915/19/10 913/17/9
f 916/20/10 917/21/11 915/19/10
f 918/22/11 919/23/12 917/21/11
f 920/24/12 921/25/13 919/23/12
f 922/26/13 923/27/14 921/25/13
f 924/28/14 925/29/15 923/27/14
f 926/30/15 927/31/16 925/29/15
f 928/32/16 929/33/17 927/31/16
f 930/34/17 931/35/18 929/33/17
f 932/36/18 933/37/19 931/35/18
f 934/38/19 935/39/20 933/37/19
f 936/40/20 937/41/21 935/39/20
f 938/42/21 939/43/22 937/41/21
f 940/44/22 941/45/23 939/43/22
f 942/46/23 943/47/24 941/45/23
f 944/48/24 945/49/25 943/47/24
f 946/50/25 947/51/26 945/49/25
f 948/52/26 949/53/27 947/51/26
f 950/54/27 951/55/28 949/53/27
f 952/56/28 953/57/29 951/55/28
f 954/58/29 955/59/30 953/57/29
f 956/60/30 957/61/31 955/59/30
s 0
f 934/143/32 918/144/32 902/145/32
s 1
f 958/68/31 959/69/33 957/61/31
f 960/70/33 897/71/1 959/69/33
s 0
f 927/146/34 943/147/34 959/148/34
s 1
f 962/1/1 963/2/2 961/3/1
f 964/4/2 965/5/3 963/2/2
f 966/6/3 967/7/4 965/5/3
f 968/8/4 969/9/5 967/7/4
f 970/10/5 971/11/6 969/9/5
f 972/12/6 973/13/7 971/11/6
f 974/14/7 975/15/8 973/13/7
f 976/16/8 977/17/9 975/15/8
f 978/18/9 979/19/10 977/17/9
f 980/20/10 981/21/11 979/19/10
f 982/22/11 983/23/12 981/21/11
f 984/24/12 985/25/13 983/23/12
f 986/26/13 987/27/14 985/25/13
f 988/28/14 989/29/15 987/27/14
f 990/30/15 991/31/16 989/29/15
f 992/32/16 993/33/17 991/31/16
f 994/34/17 995/35/18 993/33/17
f 996/36/18 997/37/19 995/35/18
f 998/38/19 999/39/20 997/37/19
f 1000/40/20 1001/41/21 999/39/20
f 1002/42/21 1003/43/22 1001/41/21
f 1004/44/22 1005/45/23 1003/43/22
f 1006/46/23 1007/47/24 1005/45/23
f 1008/48/24 1009/49/25 1007/47/24
f 1010/50/25 1011/51/26 1009/49/25
f 1012/52/26 1013/53/27 1011/51/26
f 1014/54/27 1015/55/28 1013/53/27
f 1016/56/28 1017/57/29 1015/55/28
f 1018/58/29 1019/59/30 1017/57/29
f 1020/60/30 1021/61/31 1019/59/30
s 0
f 998/143/32 982/144/32 966/145/32
s 1
f 1022/68/31 1023/69/33 1021/61/31
f 1024/70/33 961/71/1 1023/69/33
s 0
f 991/146/34 1007/147/34 1023/148/34
f 1051/15/34 1057/149/34 1045/150/34
s 1
f 1032/151/63 1029/152/64 1030/153/63
s 0
f 1033/6/32 1032/151/32 1035/8/32
s 1
f 1033/6/65 1036/7/66 1034/5/65
f 1036/7/66 1037/10/67 1038/9/67
s 0
f 1035/8/32 1040/154/32 1037/10/32
s 1
f 1037/10/67 1088/11/68 1038/9/67
s 0
f 1037/10/32 1041/155/32 1039/12/32
s 1
f 1040/154/69 1030/153/63 1042/156/69
f 1040/154/69 1043/157/70 1041/155/70
f 1046/158/22 1043/157/70 1044/159/22
f 1046/158/22 1045/150/71 1047/160/71
s 0
f 1039/12/32 1046/158/32 1048/14/32
f 1048/14/32 1047/160/32 1050/16/32
s 1
f 1039/12/68 1049/13/6 1088/11/68
f 1048/14/6 1051/15/72 1049/13/6
f 1050/16/73 1053/17/9 1051/15/72
s 0
f 1050/16/32 1055/161/32 1052/18/32
s 1
f 1053/17/9 1054/20/74 1087/19/74
s 0
f 1054/20/32 1055/161/32 1056/162/32
s 1
f 1047/160/71 1057/149/25 1055/161/25
f 1056/162/75 1057/149/25 1058/163/75
f 1056/162/75 1059/164/28 1061/165/28
f 1061/165/28 1060/166/76 1062/167/76
s 0
f 1061/165/32 1065/24/32 1063/22/32
f 1063/22/32 1056/162/32 1061/165/32
s 1
f 1054/20/74 1064/21/12 1087/19/74
f 1063/22/12 1066/23/77 1064/21/12
f 1065/24/77 1068/25/78 1066/23/77
s 0
f 1062/167/32 1067/26/32 1065/24/32
s 1
f 1068/25/78 1069/28/79 1086/27/79
s 0
f 1069/28/32 1070/168/32 1071/169/32
s 1
f 1062/167/76 1072/170/80 1070/168/80
f 1070/168/80 1073/171/81 1071/169/81
f 1076/172/82 1073/171/81 1074/173/82
f 1076/172/82 1075/174/83 1077/175/83
s 0
f 1078/30/32 1071/169/32 1076/172/32
f 1076/172/32 1080/32/32 1078/30/32
s 1
f 1069/28/79 1079/29/84 1086/27/79
f 1078/30/84 1081/31/85 1079/29/84
f 1080/32/85 1083/33/86 1081/31/85
s 0
f 1082/34/32 1077/175/32 1084/176/32
f 1083/33/25 1084/176/25 1085/177/25
s 1
f 1077/175/83 1085/177/87 1084/176/87
f 1092/6/65 1093/7/66 1091/5/65
f 1094/8/66 1095/9/67 1093/7/66
f 1096/10/67 1097/11/68 1095/9/67
f 1098/12/68 1099/13/6 1097/11/68
f 1100/14/6 1101/15/72 1099/13/6
f 1102/16/73 1103/17/9 1101/15/72
f 1104/18/9 1105/19/88 1103/17/9
f 1106/20/74 1107/21/12 1105/19/88
f 1108/22/12 1109/23/77 1107/21/12
f 1110/24/77 1111/25/78 1109/23/77
f 1112/26/78 1113/27/79 1111/25/78
f 1114/28/79 1115/29/89 1113/27/79
f 1123/151/63 1133/152/64 1138/153/63
f 1125/154/69 1138/153/63 1135/156/69
f 1125/154/69 1136/157/70 1124/155/70
f 1124/155/70 1137/159/22 1129/158/22
f 1129/158/22 1147/150/71 1128/160/71
f 1128/160/71 1144/149/25 1126/161/25
f 1126/161/25 1145/163/75 1127/162/75
f 1127/162/75 1142/164/28 1131/165/28
f 1131/165/28 1143/166/76 1121/167/76
f 1121/167/76 1140/170/80 1119/168/80
f 1119/168/80 1141/171/90 1120/169/90
s 0
f 1092/6/32 1123/151/32 1094/8/32
f 1094/8/32 1125/154/32 1096/10/32
f 1096/10/32 1124/155/32 1098/12/32
f 1098/12/32 1129/158/32 1100/14/32
f 1100/14/32 1128/160/32 1102/16/32
f 1102/16/32 1126/161/32 1104/18/32
f 1106/20/32 1126/161/32 1127/162/32
f 1108/22/32 1127/162/32 1131/165/32
f 1131/165/32 1110/24/32 1108/22/32
f 1121/167/32 1112/26/32 1110/24/32
f 1114/28/32 1119/168/32 1120/169/32
f 1116/30/32 1120/169/32 1122/172/32
f 1101/15/34 1144/149/34 1147/150/34
s 1
f 1152/6/91 1153/7/92 1151/5/91
f 1154/8/92 1155/9/93 1153/7/92
f 1156/10/93 1157/11/94 1155/9/93
f 1158/12/94 1159/13/95 1157/11/94
f 1160/14/95 1161/15/96 1159/13/95
f 1162/16/96 1163/17/9 1161/15/96
f 1164/18/9 1165/19/97 1163/17/9
f 1166/20/97 1167/21/98 1165/19/97
f 1168/22/98 1169/23/99 1167/21/98
f 1170/24/99 1171/25/100 1169/23/99
f 1172/26/100 1173/27/101 1171/25/100
f 1174/28/101 1175/29/102 1173/27/101
f 1198/153/103 1190/178/104 1193/152/104
f 1195/156/105 1183/151/103 1198/153/103
f 1185/154/105 1196/157/106 1184/155/106
f 1184/155/106 1197/159/107 1189/158/107
f 1189/158/107 1207/150/108 1188/160/108
f 1188/160/108 1204/149/25 1186/161/25
f 1186/161/25 1205/163/109 1187/162/109
f 1187/162/109 1202/164/110 1191/165/110
f 1191/165/110 1203/166/111 1181/167/111
f 1181/167/111 1200/170/112 1179/168/112
f 1179/168/112 1201/171/113 1180/169/113
s 0
f 1190/178/114 1154/8/114 1152/6/114
f 1156/10/114 1183/151/114 1185/154/114
f 1185/154/114 1158/12/114 1156/10/114
f 1160/14/114 1184/155/114 1189/158/114
f 1189/158/114 1162/16/114 1160/14/114
f 1188/160/114 1164/18/114 1162/16/114
f 1164/18/114 1187/162/114 1166/20/114
f 1166/20/114 1191/165/114 1168/22/114
f 1168/22/114 1181/167/114 1170/24/114
f 1170/24/114 1179/168/114 1172/26/114
f 1172/26/114 1180/169/114 1174/28/114
f 1174/28/114 1182/172/114 1176/30/114
f 1163/17/115 1204/149/115 1207/150/115
s 1
f 1211/5/116 1214/8/117 1213/7/117
f 1213/7/117 1216/10/118 1215/9/118
f 1215/9/118 1218/12/119 1217/11/119
f 1217/11/119 1220/14/120 1219/13/120
f 1219/13/120 1222/16/121 1221/15/121
f 1221/15/121 1224/18/9 1223/17/9
f 1223/17/9 1226/20/122 1225/19/122
f 1225/19/122 1228/22/123 1227/21/123
f 1227/21/123 1230/24/124 1229/23/124
f 1229/23/124 1232/26/125 1231/25/125
f 1231/25/125 1234/28/126 1233/27/126
f 1233/27/126 1236/30/127 1235/29/127
f 1243/151/128 1253/152/129 1258/153/128
f 1245/154/130 1258/153/128 1255/156/130
f 1244/155/131 1255/156/130 1256/157/131
f 1249/158/132 1256/157/131 1257/159/132
f 1248/160/133 1257/159/132 1267/150/133
f 1246/161/25 1267/150/133 1264/149/25
f 1247/162/134 1264/149/25 1265/163/134
f 1251/165/135 1265/163/134 1262/164/135
f 1241/167/136 1262/164/135 1263/166/136
f 1239/168/137 1263/166/136 1260/170/137
f 1240/169/138 1260/170/137 1261/171/138
s 0
f 1250/178/139 1214/8/139 1212/6/139
f 1216/10/139 1243/151/139 1245/154/139
f 1245/154/139 1218/12/139 1216/10/139
f 1220/14/139 1244/155/139 1249/158/139
f 1249/158/139 1222/16/139 1220/14/139
f 1248/160/139 1224/18/139 1222/16/139
f 1224/18/139 1247/162/139 1226/20/139
f 1226/20/139 1251/165/139 1228/22/139
f 1228/22/139 1241/167/139 1230/24/139
f 1230/24/139 1239/168/139 1232/26/139
f 1232/26/139 1240/169/139 1234/28/139
f 1234/28/139 1242/172/139 1236/30/139
f 1223/17/140 1264/149/140 1267/150/140
s 1
f 1271/5/141 1274/8/142 1273/7/142
f 1273/7/142 1276/10/143 1275/9/143
f 1275/9/143 1278/12/144 1277/11/144
f 1277/11/144 1280/14/145 1279/13/145
f 1279/13/145 1282/16/146 1281/15/146
f 1281/15/146 1284/18/9 1283/17/9
f 1283/17/9 1286/20/147 1285/19/147
f 1285/19/147 1288/22/148 1287/21/148
f 1287/21/148 1290/24/149 1289/23/149
f 1289/23/149 1292/26/150 1291/25/150
f 1291/25/150 1294/28/151 1293/27/151
f 1293/27/151 1296/30/152 1295/29/152
f 1303/151/153 1313/152/154 1318/153/153
f 1305/154/155 1318/153/153 1315/156/155
f 1304/155/156 1315/156/155 1316/157/156
f 1309/158/157 1316/157/156 1317/159/157
f 1308/160/158 1317/159/157 1327/150/158
f 1306/161/25 1327/150/158 1324/149/25
f 1307/162/159 1324/149/25 1325/163/159
f 1311/165/160 1325/163/159 1322/164/160
f 1301/167/161 1322/164/160 1323/166/161
f 1299/168/162 1323/166/161 1320/170/162
f 1300/169/163 1320/170/162 1321/171/163
s 0
f 1310/178/164 1274/8/164 1272/6/164
f 1276/10/164 1303/151/164 1305/154/164
f 1305/154/164 1278/12/164 1276/10/164
f 1280/14/164 1304/155/164 1309/158/164
f 1309/158/164 1282/16/164 1280/14/164
f 1308/160/164 1284/18/164 1282/16/164
f 1284/18/164 1307/162/164 1286/20/164
f 1286/20/164 1311/165/164 1288/22/164
f 1288/22/164 1301/167/164 1290/24/164
f 1290/24/164 1299/168/164 1292/26/164
f 1292/26/164 1300/169/164 1294/28/164
f 1294/28/164 1302/172/164 1296/30/164
f 1283/17/165 1324/149/165 1327/150/165
s 1
f 1332/6/91 1333/7/92 1331/5/91
f 1334/8/92 1335/9/93 1333/7/92
f 1336/10/93 1337/11/94 1335/9/93
f 1338/12/94 1339/13/95 1337/11/94
f 1340/14/95 1341/15/96 1339/13/95
f 1342/16/96 1343/17/9 1341/15/96
f 1344/18/9 1345/19/97 1343/17/9
f 1346/20/97 1347/21/98 1345/19/97
f 1348/22/98 1349/23/99 1347/21/98
f 1350/24/99 1351/25/100 1349/23/99
f 1352/26/100 1353/27/101 1351/25/100
f 1354/28/101 1355/29/102 1353/27/101
f 1378/153/103 1370/178/104 1373/152/104
f 1375/156/105 1363/151/103 1378/153/103
f 1365/154/105 1376/157/106 1364/155/106
f 1364/155/106 1377/159/107 1369/158/107
f 1369/158/107 1387/150/108 1368/160/108
f 1368/160/108 1384/149/25 1366/161/25
f 1366/161/25 1385/163/109 1367/162/109
f 1367/162/109 1382/164/110 1371/165/110
f 1371/165/110 1383/166/111 1361/167/111
f 1361/167/111 1380/170/112 1359/168/112
f 1359/168/112 1381/171/113 1360/169/113
s 0
f 1370/178/114 1334/8/114 1332/6/114
f 1336/10/114 1363/151/114 1365/154/114
f 1365/154/114 1338/12/114 1336/10/114
f 1340/14/114 1364/155/114 1369/158/114
f 1369/158/114 1342/16/114 1340/14/114
f 1368/160/114 1344/18/114 1342/16/114
f 1344/18/114 1367/162/114 1346/20/114
f 1346/20/114 1371/165/114 1348/22/114
f 1348/22/114 1361/167/114 1350/24/114
f 1350/24/114 1359/168/114 1352/26/114
f 1352/26/114 1360/169/114 1354/28/114
f 1354/28/114 1362/172/114 1356/30/114
f 1343/17/115 1384/149/115 1387/150/115
f 1415/15/34 1421/149/34 1409/150/34
s 1
f 1396/151/66 1393/152/65 1394/153/66
s 0
f 1397/6/32 1396/151/32 1399/8/32
s 1
f 1397/6/64 1400/7/63 1398/5/64
f 1399/8/63 1402/9/69 1400/7/63
s 0
f 1399/8/32 1404/154/32 1401/10/32
s 1
f 1401/10/69 1452/11/70 1402/9/69
s 0
f 1401/10/32 1405/155/32 1403/12/32
s 1
f 1404/154/67 1394/153/66 1406/156/67
f 1404/154/67 1407/157/68 1405/155/68
f 1405/155/68 1408/159/6 1410/158/6
f 1410/158/6 1409/150/72 1411/160/72
s 0
f 1403/12/32 1410/158/32 1412/14/32
f 1412/14/32 1411/160/32 1414/16/32
s 1
f 1403/12/70 1413/13/22 1452/11/70
f 1412/14/22 1415/15/71 1413/13/22
f 1414/16/166 1417/17/25 1415/15/71
s 0
f 1414/16/32 1419/161/32 1416/18/32
s 1
f 1416/18/25 1451/19/167 1417/17/25
s 0
f 1418/20/32 1419/161/32 1420/162/32
s 1
f 1411/160/72 1421/149/9 1419/161/9
f 1419/161/9 1422/163/74 1420/162/74
f 1420/162/74 1423/164/12 1425/165/12
f 1425/165/12 1424/166/77 1426/167/77
s 0
f 1425/165/32 1429/24/32 1427/22/32
f 1427/22/32 1420/162/32 1425/165/32
s 1
f 1418/20/75 1428/21/28 1451/19/167
f 1427/22/28 1430/23/76 1428/21/28
f 1429/24/76 1432/25/80 1430/23/76
s 0
f 1426/167/32 1431/26/32 1429/24/32
s 1
f 1431/26/80 1450/27/81 1432/25/80
s 0
f 1433/28/32 1434/168/32 1435/169/32
s 1
f 1426/167/77 1436/170/78 1434/168/78
f 1434/168/78 1437/171/79 1435/169/79
f 1435/169/79 1438/173/84 1440/172/84
f 1440/172/84 1439/174/85 1441/175/85
s 0
f 1442/30/32 1435/169/32 1440/172/32
f 1440/172/32 1444/32/32 1442/30/32
s 1
f 1433/28/81 1443/29/82 1450/27/81
f 1442/30/82 1445/31/83 1443/29/82
f 1444/32/83 1447/33/87 1445/31/83
s 0
f 1446/34/32 1441/175/32 1448/176/32
f 1446/34/9 1449/177/9 1447/33/9
s 1
f 1441/175/85 1449/177/86 1448/176/86
f 1456/6/64 1457/7/63 1455/5/64
f 1458/8/63 1459/9/69 1457/7/63
f 1459/9/69 1462/12/70 1461/11/70
f 1462/12/70 1463/13/22 1461/11/70
f 1464/14/22 1465/15/71 1463/13/22
f 1465/15/71 1468/18/25 1467/17/25
f 1468/18/25 1469/19/167 1467/17/25
f 1470/20/75 1471/21/28 1469/19/167
f 1472/22/28 1473/23/76 1471/21/28
f 1474/24/76 1475/25/80 1473/23/76
f 1476/26/80 1477/27/81 1475/25/80
f 1478/28/81 1479/29/168 1477/27/81
f 1487/151/66 1497/152/65 1502/153/66
f 1489/154/67 1502/153/66 1499/156/67
f 1488/155/68 1499/156/67 1500/157/68
f 1488/155/68 1501/159/6 1493/158/6
f 1493/158/6 1511/150/72 1492/160/72
f 1490/161/9 1511/150/72 1508/149/9
f 1490/161/9 1509/163/74 1491/162/74
f 1491/162/74 1506/164/12 1495/165/12
f 1495/165/12 1507/166/77 1485/167/77
f 1485/167/77 1504/170/78 1483/168/78
f 1483/168/78 1505/171/169 1484/169/169
s 0
f 1456/6/32 1487/151/32 1458/8/32
f 1458/8/32 1489/154/32 1460/10/32
f 1460/10/32 1488/155/32 1462/12/32
f 1462/12/32 1493/158/32 1464/14/32
f 1464/14/32 1492/160/32 1466/16/32
f 1466/16/32 1490/161/32 1468/18/32
f 1470/20/32 1490/161/32 1491/162/32
f 1472/22/32 1491/162/32 1495/165/32
f 1495/165/32 1474/24/32 1472/22/32
f 1485/167/32 1476/26/32 1474/24/32
f 1478/28/32 1483/168/32 1484/169/32
f 1480/30/32 1484/169/32 1486/172/32
f 1465/15/34 1508/149/34 1511/150/34
s 1
f 1516/6/170 1517/7/171 1515/5/170
f 1518/8/171 1519/9/172 1517/7/171
f 1520/10/172 1521/11/173 1519/9/172
f 1522/12/173 1523/13/174 1521/11/173
f 1524/14/174 1525/15/175 1523/13/174
f 1526/16/175 1527/17/25 1525/15/175
f 1528/18/25 1529/19/176 1527/17/25
f 1530/20/176 1531/21/177 1529/19/176
f 1532/22/177 1533/23/178 1531/21/177
f 1534/24/178 1535/25/179 1533/23/178
f 1536/26/179 1537/27/180 1535/25/179
f 1538/28/180 1539/29/181 1537/27/180
f 1562/153/182 1554/178/183 1557/152/183
f 1559/156/184 1547/151/182 1562/153/182
f 1549/154/184 1560/157/185 1548/155/185
f 1548/155/185 1561/159/186 1553/158/186
f 1553/158/186 1571/150/187 1552/160/187
f 1552/160/187 1568/149/9 1550/161/9
f 1550/161/9 1569/163/188 1551/162/188
f 1551/162/188 1566/164/189 1555/165/189
f 1555/165/189 1567/166/190 1545/167/190
f 1545/167/190 1564/170/191 1543/168/191
f 1543/168/191 1565/171/192 1544/169/192
s 0
f 1554/178/193 1518/8/193 1516/6/193
f 1520/10/193 1547/151/193 1549/154/193
f 1549/154/193 1522/12/193 1520/10/193
f 1524/14/193 1548/155/193 1553/158/193
f 1553/158/193 1526/16/193 1524/14/193
f 1552/160/193 1528/18/193 1526/16/193
f 1528/18/193 1551/162/193 1530/20/193
f 1530/20/193 1555/165/193 1532/22/193
f 1532/22/193 1545/167/193 1534/24/193
f 1534/24/193 1543/168/193 1536/26/193
f 1536/26/193 1544/169/193 1538/28/193
f 1538/28/193 1546/172/193 1540/30/193
f 1527/17/194 1568/149/194 1571/150/194
s 1
f 1575/5/195 1578/8/196 1577/7/196
f 1577/7/196 1580/10/197 1579/9/197
f 1579/9/197 1582/12/198 1581/11/198
f 1581/11/198 1584/14/199 1583/13/199
f 1583/13/199 1586/16/200 1585/15/200
f 1585/15/200 1588/18/25 1587/17/25
f 1587/17/25 1590/20/201 1589/19/201
f 1589/19/201 1592/22/202 1591/21/202
f 1591/21/202 1594/24/203 1593/23/203
f 1593/23/203 1596/26/204 1595/25/204
f 1595/25/204 1598/28/205 1597/27/205
f 1597/27/205 1600/30/206 1599/29/206
f 1607/151/207 1617/152/208 1622/153/207
f 1609/154/209 1622/153/207 1619/156/209
f 1608/155/210 1619/156/209 1620/157/210
f 1613/158/211 1620/157/210 1621/159/211
f 1612/160/212 1621/159/211 1631/150/212
f 1610/161/9 1631/150/212 1628/149/9
f 1611/162/213 1628/149/9 1629/163/213
f 1615/165/214 1629/163/213 1626/164/214
f 1605/167/215 1626/164/214 1627/166/215
f 1603/168/216 1627/166/215 1624/170/216
f 1604/169/217 1624/170/216 1625/171/217
s 0
f 1614/178/218 1578/8/218 1576/6/218
f 1580/10/218 1607/151/218 1609/154/218
f 1609/154/218 1582/12/218 1580/10/218
f 1584/14/218 1608/155/218 1613/158/218
f 1613/158/218 1586/16/218 1584/14/218
f 1612/160/218 1588/18/218 1586/16/218
f 1588/18/218 1611/162/218 1590/20/218
f 1590/20/218 1615/165/218 1592/22/218
f 1592/22/218 1605/167/218 1594/24/218
f 1594/24/218 1603/168/218 1596/26/218
f 1596/26/218 1604/169/218 1598/28/218
f 1598/28/218 1606/172/218 1600/30/218
f 1587/17/219 1628/149/219 1631/150/219
s 1
f 1635/5/220 1638/8/221 1637/7/221
f 1637/7/221 1640/10/222 1639/9/222
f 1639/9/222 1642/12/223 1641/11/223
f 1641/11/223 1644/14/224 1643/13/224
f 1643/13/224 1646/16/225 1645/15/225
f 1645/15/225 1648/18/25 1647/17/25
f 1647/17/25 1650/20/226 1649/19/226
f 1649/19/226 1652/22/227 1651/21/227
f 1651/21/227 1654/24/228 1653/23/228
f 1653/23/228 1656/26/229 1655/25/229
f 1655/25/229 1658/28/230 1657/27/230
f 1657/27/230 1660/30/231 1659/29/231
f 1667/151/232 1677/152/233 1682/153/232
f 1669/154/234 1682/153/232 1679/156/234
f 1668/155/235 1679/156/234 1680/157/235
f 1673/158/236 1680/157/235 1681/159/236
f 1672/160/237 1681/159/236 1691/150/237
f 1670/161/9 1691/150/237 1688/149/9
f 1671/162/238 1688/149/9 1689/163/238
f 1675/165/239 1689/163/238 1686/164/239
f 1665/167/240 1686/164/239 1687/166/240
f 1663/168/241 1687/166/240 1684/170/241
f 1664/169/242 1684/170/241 1685/171/242
s 0
f 1674/178/243 1638/8/243 1636/6/243
f 1640/10/243 1667/151/243 1669/154/243
f 1669/154/243 1642/12/243 1640/10/243
f 1644/14/243 1668/155/243 1673/158/243
f 1673/158/243 1646/16/243 1644/14/243
f 1672/160/243 1648/18/243 1646/16/243
f 1648/18/243 1671/162/243 1650/20/243
f 1650/20/243 1675/165/243 1652/22/243
f 1652/22/243 1665/167/243 1654/24/243
f 1654/24/243 1663/168/243 1656/26/243
f 1656/26/243 1664/169/243 1658/28/243
f 1658/28/243 1666/172/243 1660/30/243
f 1647/17/244 1688/149/244 1691/150/244
s 1
f 1696/6/170 1697/7/171 1695/5/170
f 1698/8/171 1699/9/172 1697/7/171
f 1700/10/172 1701/11/173 1699/9/172
f 1702/12/173 1703/13/174 1701/11/173
f 1704/14/174 1705/15/175 1703/13/174
f 1706/16/175 1707/17/25 1705/15/175
f 1708/18/25 1709/19/176 1707/17/25
f 1710/20/176 1711/21/177 1709/19/176
f 1712/22/177 1713/23/178 1711/21/177
f 1714/24/178 1715/25/179 1713/23/178
f 1716/26/179 1717/27/180 1715/25/179
f 1718/28/180 1719/29/181 1717/27/180
f 1742/153/182 1734/178/183 1737/152/183
f 1739/156/184 1727/151/182 1742/153/182
f 1729/154/184 1740/157/185 1728/155/185
f 1728/155/185 1741/159/186 1733/158/186
f 1733/158/186 1751/150/187 1732/160/187
f 1732/160/187 1748/149/9 1730/161/9
f 1730/161/9 1749/163/188 1731/162/188
f 1731/162/188 1746/164/189 1735/165/189
f 1735/165/189 1747/166/190 1725/167/190
f 1725/167/190 1744/170/191 1723/168/191
f 1723/168/191 1745/171/192 1724/169/192
s 0
f 1734/178/193 1698/8/193 1696/6/193
f 1700/10/193 1727/151/193 1729/154/193
f 1729/154/193 1702/12/193 1700/10/193
f 1704/14/193 1728/155/193 1733/158/193
f 1733/158/193 1706/16/193 1704/14/193
f 1732/160/193 1708/18/193 1706/16/193
f 1708/18/193 1731/162/193 1710/20/193
f 1710/20/193 1735/165/193 1712/22/193
f 1712/22/193 1725/167/193 1714/24/193
f 1714/24/193 1723/168/193 1716/26/193
f 1716/26/193 1724/169/193 1718/28/193
f 1718/28/193 1726/172/193 1720/30/193
f 1707/17/194 1748/149/194 1751/150/194
s 1
f 2/1/1 4/4/2 3/2/2
f 4/4/2 6/6/3 5/5/3
f 6/6/3 8/8/4 7/7/4
f 8/8/4 10/10/5 9/9/5
f 10/10/5 12/12/6 11/11/6
f 12/12/6 14/14/7 13/13/7
f 14/14/7 16/16/8 15/15/8
f 16/16/8 18/18/9 17/17/9
f 18/18/9 20/20/10 19/19/10
f 20/20/10 22/22/11 21/21/11
f 22/22/11 24/24/12 23/23/12
f 24/24/12 26/26/13 25/25/13
f 26/26/13 28/28/14 27/27/14
f 28/28/14 30/30/15 29/29/15
f 30/30/15 32/32/16 31/31/16
f 32/32/16 34/34/17 33/33/17
f 34/34/17 36/36/18 35/35/18
f 36/36/18 38/38/19 37/37/19
f 38/38/19 40/40/20 39/39/20
f 40/40/20 42/42/21 41/41/21
f 42/42/21 44/44/22 43/43/22
f 44/44/22 46/46/23 45/45/23
f 46/46/23 48/48/24 47/47/24
f 48/48/24 50/50/25 49/49/25
f 50/50/25 52/52/26 51/51/26
f 52/52/26 54/54/27 53/53/27
f 54/54/27 56/56/28 55/55/28
f 56/56/28 58/58/29 57/57/29
f 58/58/29 60/60/30 59/59/30
f 60/60/30 62/68/31 61/61/31
s 0
f 85/179/32 30/180/32 28/181/32
f 28/181/32 26/182/32 82/183/32
f 26/182/32 24/184/32 84/185/32
f 82/183/32 26/182/32 84/185/32
f 24/184/32 22/144/32 96/186/32
f 22/144/32 20/187/32 90/188/32
f 20/187/32 18/189/32 90/188/32
f 18/189/32 16/190/32 89/191/32
f 90/188/32 18/189/32 89/191/32
f 16/190/32 14/192/32 92/193/32
f 14/192/32 12/194/32 92/193/32
f 12/194/32 10/137/32 87/195/32
f 10/137/32 8/138/32 88/196/32
f 87/195/32 10/137/32 88/196/32
f 8/138/32 6/145/32 95/197/32
f 6/145/32 4/198/32 69/199/32
f 4/198/32 2/200/32 70/64/32
f 2/200/32 64/62/32 70/64/32
f 64/62/32 62/201/32 71/202/32
f 62/201/32 60/203/32 66/204/32
f 60/203/32 58/139/32 66/204/32
f 58/139/32 56/205/32 67/206/32
f 66/204/32 58/139/32 67/206/32
f 56/205/32 54/207/32 93/208/32
f 54/207/32 52/209/32 73/210/32
f 52/209/32 50/211/32 72/212/32
f 50/211/32 48/213/32 72/212/32
f 48/213/32 46/214/32 78/215/32
f 46/214/32 44/216/32 75/217/32
f 44/216/32 42/218/32 75/217/32
f 42/218/32 40/219/32 77/220/32
f 75/217/32 42/218/32 77/220/32
f 40/219/32 38/143/32 94/221/32
f 40/219/32 94/221/32 76/222/32
f 46/214/32 75/217/32 78/215/32
f 54/207/32 73/210/32 93/208/32
f 62/201/32 66/204/32 71/202/32
f 6/145/32 69/199/32 95/197/32
f 92/193/32 12/194/32 87/195/32
f 22/144/32 90/188/32 96/186/32
f 85/179/32 28/181/32 82/183/32
f 40/219/32 76/222/32 77/220/32
f 83/223/32 84/185/32 24/184/32
f 96/186/32 83/223/32 24/184/32
f 48/213/32 78/215/32 74/224/32
f 48/213/32 74/224/32 72/212/32
f 52/209/32 72/212/32 73/210/32
f 91/225/32 89/191/32 16/190/32
f 92/193/32 91/225/32 16/190/32
f 56/205/32 93/208/32 65/226/32
f 56/205/32 65/226/32 67/206/32
f 86/227/32 88/196/32 8/138/32
f 95/197/32 86/227/32 8/138/32
f 64/62/32 71/202/32 68/63/32
f 70/64/32 69/199/32 4/198/32
f 79/66/32 94/221/32 38/143/32
f 38/143/32 36/67/32 79/66/32
f 36/67/32 34/228/32 81/65/32
f 34/228/32 32/229/32 81/65/32
f 32/229/32 30/180/32 80/230/32
f 81/65/32 32/229/32 80/230/32
f 30/180/32 85/179/32 80/230/32
s 1
f 62/68/31 64/70/33 63/69/33
f 64/70/33 2/231/1 1/71/1
f 69/72/18 70/232/17 97/73/17
f 95/75/19 69/72/18 99/74/18
f 86/77/20 95/75/19 98/76/19
f 88/79/21 86/77/20 103/78/20
f 88/79/21 100/80/21 102/81/22
f 87/82/22 102/81/22 101/83/23
f 92/84/23 101/83/23 126/85/24
f 91/86/24 126/85/24 108/87/25
f 89/88/25 108/87/25 109/89/26
f 90/90/26 109/89/26 107/91/27
f 96/92/27 107/91/27 110/93/28
f 83/94/28 110/93/28 105/95/29
f 84/96/29 105/95/29 106/97/30
f 82/98/30 106/97/30 104/99/31
f 85/100/31 104/99/31 125/101/33
f 80/102/33 125/101/33 115/103/1
f 81/104/1 115/103/1 116/105/2
f 79/106/2 116/105/2 114/107/3
f 94/108/3 114/107/3 117/109/4
f 76/110/4 117/109/4 112/111/5
f 75/113/6 77/112/5 112/111/5
f 78/115/7 75/113/6 113/114/6
f 74/117/8 78/115/7 111/116/7
f 72/119/9 74/117/8 127/118/8
f 73/121/10 72/119/9 118/120/9
f 93/123/11 73/121/10 120/122/10
f 65/125/12 93/123/11 119/124/11
f 67/127/13 65/125/12 124/126/12
f 66/129/14 67/127/13 121/128/13
f 71/131/15 66/129/14 123/130/14
f 68/133/16 71/131/15 122/132/15
f 70/135/17 68/133/16 128/134/16
f 130/1/34 132/4/35 131/2/35
f 132/4/35 134/6/36 133/5/36
f 134/6/36 136/8/37 135/7/37
f 136/8/37 138/10/38 137/9/38
f 138/10/38 140/12/39 139/11/39
f 140/12/39 142/14/40 141/13/40
f 142/14/40 144/16/41 143/15/41
f 144/16/41 146/18/17 145/17/17
f 146/18/17 148/20/42 147/19/42
f 148/20/42 150/22/43 149/21/43
f 150/22/43 152/24/44 151/23/44
f 152/24/44 154/26/45 153/25/45
f 154/26/45 156/28/46 155/27/46
f 156/28/46 158/30/47 157/29/47
f 158/30/47 160/32/48 159/31/48
f 160/32/48 162/34/32 161/33/32
f 162/34/32 164/36/49 163/35/49
f 164/36/49 166/38/50 165/37/50
f 166/38/50 168/40/51 167/39/51
f 168/40/51 170/42/52 169/41/52
f 170/42/52 172/44/53 171/43/53
f 172/44/53 174/46/54 173/45/54
f 174/46/54 176/48/55 175/47/55
f 176/48/55 178/50/1 177/49/1
f 178/50/1 180/52/56 179/51/56
f 180/52/56 182/54/57 181/53/57
f 182/54/57 184/56/58 183/55/58
f 184/56/58 186/58/59 185/57/59
f 186/58/59 188/60/60 187/59/60
f 188/60/60 190/68/61 189/61/61
s 0
f 134/145/9 132/198/9 190/201/9
f 132/198/9 130/200/9 192/62/9
f 190/201/9 132/198/9 192/62/9
f 190/201/9 188/203/9 134/145/9
f 188/203/9 186/139/9 136/138/9
f 134/145/9 188/203/9 136/138/9
f 186/139/9 184/205/9 138/137/9
f 184/205/9 182/207/9 140/194/9
f 138/137/9 184/205/9 140/194/9
f 182/207/9 180/209/9 144/190/9
f 180/209/9 178/211/9 146/189/9
f 178/211/9 176/213/9 148/187/9
f 176/213/9 174/214/9 150/144/9
f 174/214/9 172/216/9 150/144/9
f 172/216/9 170/218/9 152/184/9
f 150/144/9 172/216/9 152/184/9
f 170/218/9 168/219/9 154/182/9
f 168/219/9 166/143/9 156/181/9
f 154/182/9 168/219/9 156/181/9
f 166/143/9 164/67/9 160/229/9
f 164/67/9 162/228/9 160/229/9
f 160/229/9 158/180/9 166/143/9
f 158/180/9 156/181/9 166/143/9
f 154/182/9 152/184/9 170/218/9
f 150/144/9 148/187/9 176/213/9
f 148/187/9 146/189/9 178/211/9
f 146/189/9 144/190/9 180/209/9
f 144/190/9 142/192/9 182/207/9
f 142/192/9 140/194/9 182/207/9
s 1
f 190/68/61 192/70/62 191/69/62
f 192/70/62 130/231/34 129/71/34
s 0
f 191/148/25 129/233/25 131/234/25
f 131/234/25 133/235/25 191/148/25
f 133/235/25 135/142/25 189/141/25
f 191/148/25 133/235/25 189/141/25
f 135/142/25 137/236/25 185/237/25
f 137/236/25 139/238/25 183/239/25
f 139/238/25 141/240/25 183/239/25
f 141/240/25 143/241/25 181/242/25
f 183/239/25 141/240/25 181/242/25
f 143/241/25 145/243/25 177/244/25
f 145/243/25 147/245/25 175/147/25
f 147/245/25 149/246/25 175/147/25
f 149/246/25 151/247/25 173/248/25
f 175/147/25 149/246/25 173/248/25
f 151/247/25 153/249/25 169/250/25
f 153/249/25 155/251/25 167/252/25
f 155/251/25 157/253/25 167/252/25
f 157/253/25 159/146/25 165/254/25
f 167/252/25 157/253/25 165/254/25
f 159/146/25 161/255/25 163/256/25
f 163/256/25 165/254/25 159/146/25
f 167/252/25 169/250/25 153/249/25
f 169/250/25 171/257/25 151/247/25
f 171/257/25 173/248/25 151/247/25
f 175/147/25 177/244/25 145/243/25
f 177/244/25 179/258/25 143/241/25
f 179/258/25 181/242/25 143/241/25
f 183/239/25 185/237/25 137/236/25
f 185/237/25 187/140/25 135/142/25
s 1
f 194/1/34 196/4/35 195/2/35
f 196/4/35 198/6/36 197/5/36
f 198/6/36 200/8/37 199/7/37
f 199/7/37 200/8/37 202/10/38
f 202/10/38 204/12/39 203/11/39
f 204/12/39 206/14/40 205/13/40
f 206/14/40 208/16/41 207/15/41
f 208/16/41 210/18/17 209/17/17
f 210/18/17 212/20/42 211/19/42
f 212/20/42 214/22/43 213/21/43
f 214/22/43 216/24/44 215/23/44
f 216/24/44 218/26/45 217/25/45
f 218/26/45 220/28/46 219/27/46
f 220/28/46 222/30/47 221/29/47
f 222/30/47 224/32/48 223/31/48
f 224/32/48 226/34/32 225/33/32
f 226/34/32 228/36/49 227/35/49
f 228/36/49 230/38/50 229/37/50
f 230/38/50 232/40/51 231/39/51
f 232/40/51 234/42/52 233/41/52
f 234/42/52 236/44/53 235/43/53
f 236/44/53 238/46/54 237/45/54
f 238/46/54 240/48/55 239/47/55
f 240/48/55 242/50/1 241/49/1
f 242/50/1 244/52/56 243/51/56
f 244/52/56 246/54/57 245/53/57
f 246/54/57 248/56/58 247/55/58
f 248/56/58 250/58/59 249/57/59
f 250/58/59 252/60/60 251/59/60
f 252/60/60 254/68/61 253/61/61
s 0
f 198/145/9 196/198/9 256/62/9
f 196/198/9 194/200/9 256/62/9
f 256/62/9 254/201/9 198/145/9
f 254/201/9 252/203/9 198/145/9
f 252/203/9 250/139/9 200/138/9
f 198/145/9 252/203/9 200/138/9
f 250/139/9 248/205/9 202/137/9
f 248/205/9 246/207/9 204/194/9
f 202/137/9 248/205/9 204/194/9
f 246/207/9 244/209/9 208/190/9
f 244/209/9 242/211/9 210/189/9
f 242/211/9 240/213/9 212/187/9
f 240/213/9 238/214/9 214/144/9
f 238/214/9 236/216/9 214/144/9
f 236/216/9 234/218/9 216/184/9
f 214/144/9 236/216/9 216/184/9
f 234/218/9 232/219/9 218/182/9
f 232/219/9 230/143/9 220/181/9
f 218/182/9 232/219/9 220/181/9
f 230/143/9 228/67/9 224/229/9
f 228/67/9 226/228/9 224/229/9
f 224/229/9 222/180/9 230/143/9
f 222/180/9 220/181/9 230/143/9
f 218/182/9 216/184/9 234/218/9
f 214/144/9 212/187/9 240/213/9
f 212/187/9 210/189/9 242/211/9
f 210/189/9 208/190/9 244/209/9
f 208/190/9 206/192/9 246/207/9
f 206/192/9 204/194/9 246/207/9
s 1
f 254/68/61 256/70/62 255/69/62
f 256/70/62 194/231/34 193/71/34
s 0
f 255/148/25 193/233/25 195/234/25
f 195/234/25 197/235/25 255/148/25
f 197/235/25 199/142/25 253/141/25
f 255/148/25 197/235/25 253/141/25
f 199/142/25 201/236/25 249/237/25
f 201/236/25 203/238/25 247/239/25
f 203/238/25 205/240/25 247/239/25
f 205/240/25 207/241/25 245/242/25
f 247/239/25 205/240/25 245/242/25
f 207/241/25 209/243/25 241/244/25
f 209/243/25 211/245/25 239/147/25
f 211/245/25 213/246/25 239/147/25
f 213/246/25 215/247/25 237/248/25
f 239/147/25 213/246/25 237/248/25
f 215/247/25 217/249/25 233/250/25
f 217/249/25 219/251/25 231/252/25
f 219/251/25 221/253/25 231/252/25
f 221/253/25 223/146/25 229/254/25
f 231/252/25 221/253/25 229/254/25
f 223/146/25 225/255/25 227/256/25
f 227/256/25 229/254/25 223/146/25
f 231/252/25 233/250/25 217/249/25
f 233/250/25 235/257/25 215/247/25
f 235/257/25 237/248/25 215/247/25
f 239/147/25 241/244/25 209/243/25
f 241/244/25 243/258/25 207/241/25
f 243/258/25 245/242/25 207/241/25
f 247/239/25 249/237/25 201/236/25
f 249/237/25 251/140/25 199/142/25
s 1
f 258/1/34 260/4/35 259/2/35
f 260/4/35 262/6/36 261/5/36
f 262/6/36 264/8/37 263/7/37
f 264/8/37 266/10/38 265/9/38
f 266/10/38 268/12/39 267/11/39
f 268/12/39 270/14/40 269/13/40
f 270/14/40 272/16/41 271/15/41
f 272/16/41 274/18/17 273/17/17
f 274/18/17 276/20/42 275/19/42
f 276/20/42 278/22/43 277/21/43
f 278/22/43 280/24/44 279/23/44
f 280/24/44 282/26/45 281/25/45
f 282/26/45 284/28/46 283/27/46
f 284/28/46 286/30/47 285/29/47
f 286/30/47 288/32/48 287/31/48
f 288/32/48 290/34/32 289/33/32
f 290/34/32 292/36/49 291/35/49
f 292/36/49 294/38/50 293/37/50
f 294/38/50 296/40/51 295/39/51
f 296/40/51 298/42/52 297/41/52
f 298/42/52 300/44/53 299/43/53
f 300/44/53 302/46/54 301/45/54
f 302/46/54 304/48/55 303/47/55
f 304/48/55 306/50/1 305/49/1
f 306/50/1 308/52/56 307/51/56
f 308/52/56 310/54/57 309/53/57
f 310/54/57 312/56/58 311/55/58
f 312/56/58 314/58/59 313/57/59
f 314/58/59 316/60/60 315/59/60
f 316/60/60 318/68/61 317/61/61
s 0
f 262/145/9 260/198/9 320/62/9
f 260/198/9 258/200/9 320/62/9
f 320/62/9 318/201/9 262/145/9
f 318/201/9 316/203/9 262/145/9
f 316/203/9 314/139/9 264/138/9
f 262/145/9 316/203/9 264/138/9
f 314/139/9 312/205/9 266/137/9
f 312/205/9 310/207/9 268/194/9
f 266/137/9 312/205/9 268/194/9
f 310/207/9 308/209/9 272/190/9
f 308/209/9 306/211/9 274/189/9
f 306/211/9 304/213/9 276/187/9
f 304/213/9 302/214/9 278/144/9
f 302/214/9 300/216/9 278/144/9
f 300/216/9 298/218/9 280/184/9
f 278/144/9 300/216/9 280/184/9
f 298/218/9 296/219/9 282/182/9
f 296/219/9 294/143/9 284/181/9
f 282/182/9 296/219/9 284/181/9
f 294/143/9 292/67/9 288/229/9
f 292/67/9 290/228/9 288/229/9
f 288/229/9 286/180/9 294/143/9
f 286/180/9 284/181/9 294/143/9
f 282/182/9 280/184/9 298/218/9
f 278/144/9 276/187/9 304/213/9
f 276/187/9 274/189/9 306/211/9
f 274/189/9 272/190/9 308/209/9
f 272/190/9 270/192/9 310/207/9
f 270/192/9 268/194/9 310/207/9
s 1
f 318/68/61 320/70/62 319/69/62
f 320/70/62 258/231/34 257/71/34
s 0
f 319/148/25 257/233/25 259/234/25
f 259/234/25 261/235/25 319/148/25
f 261/235/25 263/142/25 317/141/25
f 319/148/25 261/235/25 317/141/25
f 263/142/25 265/236/25 313/237/25
f 265/236/25 267/238/25 311/239/25
f 267/238/25 269/240/25 311/239/25
f 269/240/25 271/241/25 309/242/25
f 311/239/25 269/240/25 309/242/25
f 271/241/25 273/243/25 305/244/25
f 273/243/25 275/245/25 303/147/25
f 275/245/25 277/246/25 303/147/25
f 277/246/25 279/247/25 301/248/25
f 303/147/25 277/246/25 301/248/25
f 279/247/25 281/249/25 297/250/25
f 281/249/25 283/251/25 295/252/25
f 283/251/25 285/253/25 295/252/25
f 285/253/25 287/146/25 293/254/25
f 295/252/25 285/253/25 293/254/25
f 287/146/25 289/255/25 291/256/25
f 291/256/25 293/254/25 287/146/25
f 295/252/25 297/250/25 281/249/25
f 297/250/25 299/257/25 279/247/25
f 299/257/25 301/248/25 279/247/25
f 303/147/25 305/244/25 273/243/25
f 305/244/25 307/258/25 271/241/25
f 307/258/25 309/242/25 271/241/25
f 311/239/25 313/237/25 265/236/25
f 313/237/25 315/140/25 263/142/25
s 1
f 322/1/34 324/4/35 323/2/35
f 324/4/35 326/6/36 325/5/36
f 326/6/36 328/8/37 327/7/37
f 328/8/37 330/10/38 329/9/38
f 330/10/38 332/12/39 331/11/39
f 332/12/39 334/14/40 333/13/40
f 334/14/40 336/16/41 335/15/41
f 336/16/41 338/18/17 337/17/17
f 338/18/17 340/20/42 339/19/42
f 340/20/42 342/22/43 341/21/43
f 342/22/43 344/24/44 343/23/44
f 344/24/44 346/26/45 345/25/45
f 346/26/45 348/28/46 347/27/46
f 348/28/46 350/30/47 349/29/47
f 350/30/47 352/32/48 351/31/48
f 352/32/48 354/34/32 353/33/32
f 354/34/32 356/36/49 355/35/49
f 356/36/49 358/38/50 357/37/50
f 358/38/50 360/40/51 359/39/51
f 360/40/51 362/42/52 361/41/52
f 362/42/52 364/44/53 363/43/53
f 364/44/53 366/46/54 365/45/54
f 366/46/54 368/48/55 367/47/55
f 368/48/55 370/50/1 369/49/1
f 370/50/1 372/52/56 371/51/56
f 372/52/56 374/54/57 373/53/57
f 374/54/57 376/56/58 375/55/58
f 376/56/58 378/58/59 377/57/59
f 378/58/59 380/60/60 379/59/60
f 380/60/60 382/68/61 381/61/61
s 0
f 326/145/9 324/198/9 384/62/9
f 324/198/9 322/200/9 384/62/9
f 384/62/9 382/201/9 326/145/9
f 382/201/9 380/203/9 326/145/9
f 380/203/9 378/139/9 328/138/9
f 326/145/9 380/203/9 328/138/9
f 378/139/9 376/205/9 330/137/9
f 376/205/9 374/207/9 332/194/9
f 330/137/9 376/205/9 332/194/9
f 374/207/9 372/209/9 336/190/9
f 372/209/9 370/211/9 338/189/9
f 370/211/9 368/213/9 340/187/9
f 368/213/9 366/214/9 342/144/9
f 366/214/9 364/216/9 342/144/9
f 364/216/9 362/218/9 344/184/9
f 342/144/9 364/216/9 344/184/9
f 362/218/9 360/219/9 346/182/9
f 360/219/9 358/143/9 348/181/9
f 346/182/9 360/219/9 348/181/9
f 358/143/9 356/67/9 350/180/9
f 356/67/9 354/228/9 352/229/9
f 350/180/9 356/67/9 352/229/9
f 350/180/9 348/181/9 358/143/9
f 346/182/9 344/184/9 362/218/9
f 342/144/9 340/187/9 368/213/9
f 340/187/9 338/189/9 370/211/9
f 338/189/9 336/190/9 372/209/9
f 336/190/9 334/192/9 374/207/9
f 334/192/9 332/194/9 374/207/9
s 1
f 382/68/61 384/70/62 383/69/62
f 384/70/62 322/231/34 321/71/34
s 0
f 383/148/25 321/233/25 323/234/25
f 323/234/25 325/235/25 383/148/25
f 325/235/25 327/142/25 381/141/25
f 383/148/25 325/235/25 381/141/25
f 327/142/25 329/236/25 377/237/25
f 329/236/25 331/238/25 375/239/25
f 331/238/25 333/240/25 375/239/25
f 333/240/25 335/241/25 373/242/25
f 375/239/25 333/240/25 373/242/25
f 335/241/25 337/243/25 369/244/25
f 337/243/25 339/245/25 367/147/25
f 339/245/25 341/246/25 367/147/25
f 341/246/25 343/247/25 365/248/25
f 367/147/25 341/246/25 365/248/25
f 343/247/25 345/249/25 361/250/25
f 345/249/25 347/251/25 359/252/25
f 347/251/25 349/253/25 359/252/25
f 349/253/25 351/146/25 357/254/25
f 359/252/25 349/253/25 357/254/25
f 351/146/25 353/255/25 355/256/25
f 355/256/25 357/254/25 351/146/25
f 359/252/25 361/250/25 345/249/25
f 361/250/25 363/257/25 343/247/25
f 363/257/25 365/248/25 343/247/25
f 367/147/25 369/244/25 337/243/25
f 369/244/25 371/258/25 335/241/25
f 371/258/25 373/242/25 335/241/25
f 375/239/25 377/237/25 329/236/25
f 377/237/25 379/140/25 327/142/25
s 1
f 386/1/34 388/4/35 387/2/35
f 388/4/35 390/6/36 389/5/36
f 390/6/36 392/8/37 391/7/37
f 391/7/37 392/8/37 394/10/38
f 394/10/38 396/12/39 395/11/39
f 396/12/39 398/14/40 397/13/40
f 398/14/40 400/16/41 399/15/41
f 400/16/41 402/18/17 401/17/17
f 402/18/17 404/20/42 403/19/42
f 404/20/42 406/22/43 405/21/43
f 406/22/43 408/24/44 407/23/44
f 408/24/44 410/26/45 409/25/45
f 410/26/45 412/28/46 411/27/46
f 412/28/46 414/30/47 413/29/47
f 414/30/47 416/32/48 415/31/48
f 416/32/48 418/34/32 417/33/32
f 418/34/32 420/36/49 419/35/49
f 420/36/49 422/38/50 421/37/50
f 422/38/50 424/40/51 423/39/51
f 424/40/51 426/42/52 425/41/52
f 426/42/52 428/44/53 427/43/53
f 428/44/53 430/46/54 429/45/54
f 430/46/54 432/48/55 431/47/55
f 432/48/55 434/50/1 433/49/1
f 434/50/1 436/52/56 435/51/56
f 436/52/56 438/54/57 437/53/57
f 438/54/57 440/56/58 439/55/58
f 440/56/58 442/58/59 441/57/59
f 442/58/59 444/60/60 443/59/60
f 444/60/60 446/68/61 445/61/61
s 0
f 390/145/9 388/198/9 448/62/9
f 388/198/9 386/200/9 448/62/9
f 448/62/9 446/201/9 390/145/9
f 446/201/9 444/203/9 390/145/9
f 444/203/9 442/139/9 392/138/9
f 390/145/9 444/203/9 392/138/9
f 442/139/9 440/205/9 394/137/9
f 440/205/9 438/207/9 396/194/9
f 394/137/9 440/205/9 396/194/9
f 438/207/9 436/209/9 400/190/9
f 436/209/9 434/211/9 402/189/9
f 434/211/9 432/213/9 404/187/9
f 432/213/9 430/214/9 406/144/9
f 430/214/9 428/216/9 406/144/9
f 428/216/9 426/218/9 408/184/9
f 406/144/9 428/216/9 408/184/9
f 426/218/9 424/219/9 410/182/9
f 424/219/9 422/143/9 412/181/9
f 410/182/9 424/219/9 412/181/9
f 422/143/9 420/67/9 414/180/9
f 420/67/9 418/228/9 416/229/9
f 414/180/9 420/67/9 416/229/9
f 414/180/9 412/181/9 422/143/9
f 410/182/9 408/184/9 426/218/9
f 406/144/9 404/187/9 432/213/9
f 404/187/9 402/189/9 434/211/9
f 402/189/9 400/190/9 436/209/9
f 400/190/9 398/192/9 438/207/9
f 398/192/9 396/194/9 438/207/9
s 1
f 446/68/61 448/70/62 447/69/62
f 448/70/62 386/231/34 385/71/34
s 0
f 447/148/25 385/233/25 387/234/25
f 387/234/25 389/235/25 447/148/25
f 389/235/25 391/142/25 445/141/25
f 447/148/25 389/235/25 445/141/25
f 391/142/25 393/236/25 441/237/25
f 393/236/25 395/238/25 439/239/25
f 395/238/25 397/240/25 439/239/25
f 397/240/25 399/241/25 437/242/25
f 439/239/25 397/240/25 437/242/25
f 399/241/25 401/243/25 433/244/25
f 401/243/25 403/245/25 431/147/25
f 403/245/25 405/246/25 431/147/25
f 405/246/25 407/247/25 429/248/25
f 431/147/25 405/246/25 429/248/25
f 407/247/25 409/249/25 425/250/25
f 409/249/25 411/251/25 423/252/25
f 411/251/25 413/253/25 423/252/25
f 413/253/25 415/146/25 421/254/25
f 423/252/25 413/253/25 421/254/25
f 415/146/25 417/255/25 419/256/25
f 419/256/25 421/254/25 415/146/25
f 423/252/25 425/250/25 409/249/25
f 425/250/25 427/257/25 407/247/25
f 427/257/25 429/248/25 407/247/25
f 431/147/25 433/244/25 401/243/25
f 433/244/25 435/258/25 399/241/25
f 435/258/25 437/242/25 399/241/25
f 439/239/25 441/237/25 393/236/25
f 441/237/25 443/140/25 391/142/25
s 1
f 450/1/34 452/4/35 451/2/35
f 452/4/35 454/6/36 453/5/36
f 454/6/36 456/8/37 455/7/37
f 455/7/37 456/8/37 458/10/38
f 458/10/38 460/12/39 459/11/39
f 460/12/39 462/14/40 461/13/40
f 462/14/40 464/16/41 463/15/41
f 464/16/41 466/18/17 465/17/17
f 466/18/17 468/20/42 467/19/42
f 468/20/42 470/22/43 469/21/43
f 470/22/43 472/24/44 471/23/44
f 472/24/44 474/26/45 473/25/45
f 474/26/45 476/28/46 475/27/46
f 476/28/46 478/30/47 477/29/47
f 478/30/47 480/32/48 479/31/48
f 480/32/48 482/34/32 481/33/32
f 482/34/32 484/36/49 483/35/49
f 484/36/49 486/38/50 485/37/50
f 486/38/50 488/40/51 487/39/51
f 488/40/51 490/42/52 489/41/52
f 490/42/52 492/44/53 491/43/53
f 492/44/53 494/46/54 493/45/54
f 494/46/54 496/48/55 495/47/55
f 496/48/55 498/50/1 497/49/1
f 498/50/1 500/52/56 499/51/56
f 500/52/56 502/54/57 501/53/57
f 502/54/57 504/56/58 503/55/58
f 504/56/58 506/58/59 505/57/59
f 506/58/59 508/60/60 507/59/60
f 508/60/60 510/68/61 509/61/61
s 0
f 454/145/9 452/198/9 512/62/9
f 452/198/9 450/200/9 512/62/9
f 512/62/9 510/201/9 454/145/9
f 510/201/9 508/203/9 454/145/9
f 508/203/9 506/139/9 456/138/9
f 454/145/9 508/203/9 456/138/9
f 506/139/9 504/205/9 458/137/9
f 504/205/9 502/207/9 460/194/9
f 458/137/9 504/205/9 460/194/9
f 502/207/9 500/209/9 464/190/9
f 500/209/9 498/211/9 466/189/9
f 498/211/9 496/213/9 468/187/9
f 496/213/9 494/214/9 470/144/9
f 494/214/9 492/216/9 470/144/9
f 492/216/9 490/218/9 472/184/9
f 470/144/9 492/216/9 472/184/9
f 490/218/9 488/219/9 474/182/9
f 488/219/9 486/143/9 476/181/9
f 474/182/9 488/219/9 476/181/9
f 486/143/9 484/67/9 478/180/9
f 484/67/9 482/228/9 480/229/9
f 478/180/9 484/67/9 480/229/9
f 478/180/9 476/181/9 486/143/9
f 474/182/9 472/184/9 490/218/9
f 470/144/9 468/187/9 496/213/9
f 468/187/9 466/189/9 498/211/9
f 466/189/9 464/190/9 500/209/9
f 464/190/9 462/192/9 502/207/9
f 462/192/9 460/194/9 502/207/9
s 1
f 510/68/61 512/70/62 511/69/62
f 512/70/62 450/231/34 449/71/34
s 0
f 511/148/25 449/233/25 451/234/25
f 451/234/25 453/235/25 511/148/25
f 453/235/25 455/142/25 509/141/25
f 511/148/25 453/235/25 509/141/25
f 455/142/25 457/236/25 505/237/25
f 457/236/25 459/238/25 503/239/25
f 459/238/25 461/240/25 503/239/25
f 461/240/25 463/241/25 501/242/25
f 503/239/25 461/240/25 501/242/25
f 463/241/25 465/243/25 497/244/25
f 465/243/25 467/245/25 495/147/25
f 467/245/25 469/246/25 495/147/25
f 469/246/25 471/247/25 493/248/25
f 495/147/25 469/246/25 493/248/25
f 471/247/25 473/249/25 489/250/25
f 473/249/25 475/251/25 487/252/25
f 475/251/25 477/253/25 487/252/25
f 477/253/25 479/146/25 485/254/25
f 487/252/25 477/253/25 485/254/25
f 479/146/25 481/255/25 483/256/25
f 483/256/25 485/254/25 479/146/25
f 487/252/25 489/250/25 473/249/25
f 489/250/25 491/257/25 471/247/25
f 491/257/25 493/248/25 471/247/25
f 495/147/25 497/244/25 465/243/25
f 497/244/25 499/258/25 463/241/25
f 499/258/25 501/242/25 463/241/25
f 503/239/25 505/237/25 457/236/25
f 505/237/25 507/140/25 455/142/25
s 1
f 514/1/34 516/4/35 515/2/35
f 516/4/35 518/6/36 517/5/36
f 518/6/36 520/8/37 519/7/37
f 520/8/37 522/10/38 521/9/38
f 522/10/38 524/12/39 523/11/39
f 524/12/39 526/14/40 525/13/40
f 526/14/40 528/16/41 527/15/41
f 528/16/41 530/18/17 529/17/17
f 530/18/17 532/20/42 531/19/42
f 532/20/42 534/22/43 533/21/43
f 534/22/43 536/24/44 535/23/44
f 536/24/44 538/26/45 537/25/45
f 538/26/45 540/28/46 539/27/46
f 540/28/46 542/30/47 541/29/47
f 542/30/47 544/32/48 543/31/48
f 544/32/48 546/34/32 545/33/32
f 546/34/32 548/36/49 547/35/49
f 548/36/49 550/38/50 549/37/50
f 550/38/50 552/40/51 551/39/51
f 552/40/51 554/42/52 553/41/52
f 554/42/52 556/44/53 555/43/53
f 556/44/53 558/46/54 557/45/54
f 558/46/54 560/48/55 559/47/55
f 560/48/55 562/50/1 561/49/1
f 562/50/1 564/52/56 563/51/56
f 564/52/56 566/54/57 565/53/57
f 566/54/57 568/56/58 567/55/58
f 568/56/58 570/58/59 569/57/59
f 570/58/59 572/60/60 571/59/60
f 572/60/60 574/68/61 573/61/61
s 0
f 518/145/9 516/198/9 574/201/9
f 516/198/9 514/200/9 576/62/9
f 574/201/9 516/198/9 576/62/9
f 574/201/9 572/203/9 518/145/9
f 572/203/9 570/139/9 520/138/9
f 518/145/9 572/203/9 520/138/9
f 570/139/9 568/205/9 522/137/9
f 568/205/9 566/207/9 524/194/9
f 522/137/9 568/205/9 524/194/9
f 566/207/9 564/209/9 528/190/9
f 564/209/9 562/211/9 530/189/9
f 562/211/9 560/213/9 532/187/9
f 560/213/9 558/214/9 534/144/9
f 558/214/9 556/216/9 534/144/9
f 556/216/9 554/218/9 536/184/9
f 534/144/9 556/216/9 536/184/9
f 554/218/9 552/219/9 538/182/9
f 552/219/9 550/143/9 540/181/9
f 538/182/9 552/219/9 540/181/9
f 550/143/9 548/67/9 544/229/9
f 548/67/9 546/228/9 544/229/9
f 544/229/9 542/180/9 550/143/9
f 542/180/9 540/181/9 550/143/9
f 538/182/9 536/184/9 554/218/9
f 534/144/9 532/187/9 560/213/9
f 532/187/9 530/189/9 562/211/9
f 530/189/9 528/190/9 564/209/9
f 528/190/9 526/192/9 566/207/9
f 526/192/9 524/194/9 566/207/9
s 1
f 574/68/61 576/70/62 575/69/62
f 576/70/62 514/231/34 513/71/34
s 0
f 575/148/25 513/233/25 515/234/25
f 515/234/25 517/235/25 575/148/25
f 517/235/25 519/142/25 573/141/25
f 575/148/25 517/235/25 573/141/25
f 519/142/25 521/236/25 569/237/25
f 521/236/25 523/238/25 567/239/25
f 523/238/25 525/240/25 567/239/25
f 525/240/25 527/241/25 565/242/25
f 567/239/25 525/240/25 565/242/25
f 527/241/25 529/243/25 561/244/25
f 529/243/25 531/245/25 559/147/25
f 531/245/25 533/246/25 559/147/25
f 533/246/25 535/247/25 557/248/25
f 559/147/25 533/246/25 557/248/25
f 535/247/25 537/249/25 553/250/25
f 537/249/25 539/251/25 551/252/25
f 539/251/25 541/253/25 551/252/25
f 541/253/25 543/146/25 549/254/25
f 551/252/25 541/253/25 549/254/25
f 543/146/25 545/255/25 547/256/25
f 547/256/25 549/254/25 543/146/25
f 551/252/25 553/250/25 537/249/25
f 553/250/25 555/257/25 535/247/25
f 555/257/25 557/248/25 535/247/25
f 559/147/25 561/244/25 529/243/25
f 561/244/25 563/258/25 527/241/25
f 563/258/25 565/242/25 527/241/25
f 567/239/25 569/237/25 521/236/25
f 569/237/25 571/140/25 519/142/25
s 1
f 578/1/34 580/4/35 579/2/35
f 580/4/35 582/6/36 581/5/36
f 582/6/36 584/8/37 583/7/37
f 583/7/37 584/8/37 586/10/38
f 586/10/38 588/12/39 587/11/39
f 588/12/39 590/14/40 589/13/40
f 590/14/40 592/16/41 591/15/41
f 592/16/41 594/18/17 593/17/17
f 594/18/17 596/20/42 595/19/42
f 596/20/42 598/22/43 597/21/43
f 598/22/43 600/24/44 599/23/44
f 600/24/44 602/26/45 601/25/45
f 602/26/45 604/28/46 603/27/46
f 604/28/46 606/30/47 605/29/47
f 606/30/47 608/32/48 607/31/48
f 608/32/48 610/34/32 609/33/32
f 610/34/32 612/36/49 611/35/49
f 612/36/49 614/38/50 613/37/50
f 614/38/50 616/40/51 615/39/51
f 616/40/51 618/42/52 617/41/52
f 618/42/52 620/44/53 619/43/53
f 620/44/53 622/46/54 621/45/54
f 622/46/54 624/48/55 623/47/55
f 624/48/55 626/50/1 625/49/1
f 626/50/1 628/52/56 627/51/56
f 628/52/56 630/54/57 629/53/57
f 630/54/57 632/56/58 631/55/58
f 632/56/58 634/58/59 633/57/59
f 634/58/59 636/60/60 635/59/60
f 636/60/60 638/68/61 637/61/61
s 0
f 582/145/9 580/198/9 638/201/9
f 580/198/9 578/200/9 640/62/9
f 638/201/9 580/198/9 640/62/9
f 638/201/9 636/203/9 582/145/9
f 636/203/9 634/139/9 584/138/9
f 582/145/9 636/203/9 584/138/9
f 634/139/9 632/205/9 586/137/9
f 632/205/9 630/207/9 588/194/9
f 586/137/9 632/205/9 588/194/9
f 630/207/9 628/209/9 592/190/9
f 628/209/9 626/211/9 594/189/9
f 626/211/9 624/213/9 596/187/9
f 624/213/9 622/214/9 598/144/9
f 622/214/9 620/216/9 598/144/9
f 620/216/9 618/218/9 600/184/9
f 598/144/9 620/216/9 600/184/9
f 618/218/9 616/219/9 602/182/9
f 616/219/9 614/143/9 604/181/9
f 602/182/9 616/219/9 604/181/9
f 614/143/9 612/67/9 608/229/9
f 612/67/9 610/228/9 608/229/9
f 608/229/9 606/180/9 614/143/9
f 606/180/9 604/181/9 614/143/9
f 602/182/9 600/184/9 618/218/9
f 598/144/9 596/187/9 624/213/9
f 596/187/9 594/189/9 626/211/9
f 594/189/9 592/190/9 628/209/9
f 592/190/9 590/192/9 630/207/9
f 590/192/9 588/194/9 630/207/9
s 1
f 638/68/61 640/70/62 639/69/62
f 640/70/62 578/231/34 577/71/34
s 0
f 639/148/25 577/233/25 579/234/25
f 579/234/25 581/235/25 639/148/25
f 581/235/25 583/142/25 637/141/25
f 639/148/25 581/235/25 637/141/25
f 583/142/25 585/236/25 633/237/25
f 585/236/25 587/238/25 631/239/25
f 587/238/25 589/240/25 631/239/25
f 589/240/25 591/241/25 629/242/25
f 631/239/25 589/240/25 629/242/25
f 591/241/25 593/243/25 625/244/25
f 593/243/25 595/245/25 623/147/25
f 595/245/25 597/246/25 623/147/25
f 597/246/25 599/247/25 621/248/25
f 623/147/25 597/246/25 621/248/25
f 599/247/25 601/249/25 617/250/25
f 601/249/25 603/251/25 615/252/25
f 603/251/25 605/253/25 615/252/25
f 605/253/25 607/146/25 613/254/25
f 615/252/25 605/253/25 613/254/25
f 607/146/25 609/255/25 611/256/25
f 611/256/25 613/254/25 607/146/25
f 615/252/25 617/250/25 601/249/25
f 617/250/25 619/257/25 599/247/25
f 619/257/25 621/248/25 599/247/25
f 623/147/25 625/244/25 593/243/25
f 625/244/25 627/258/25 591/241/25
f 627/258/25 629/242/25 591/241/25
f 631/239/25 633/237/25 585/236/25
f 633/237/25 635/140/25 583/142/25
s 1
f 642/1/34 644/4/35 643/2/35
f 644/4/35 646/6/36 645/5/36
f 646/6/36 648/8/37 647/7/37
f 648/8/37 650/10/38 649/9/38
f 650/10/38 652/12/39 651/11/39
f 652/12/39 654/14/40 653/13/40
f 654/14/40 656/16/41 655/15/41
f 656/16/41 658/18/17 657/17/17
f 658/18/17 660/20/42 659/19/42
f 660/20/42 662/22/43 661/21/43
f 662/22/43 664/24/44 663/23/44
f 664/24/44 666/26/45 665/25/45
f 666/26/45 668/28/46 667/27/46
f 668/28/46 670/30/47 669/29/47
f 670/30/47 672/32/48 671/31/48
f 672/32/48 674/34/32 673/33/32
f 674/34/32 676/36/49 675/35/49
f 676/36/49 678/38/50 677/37/50
f 678/38/50 680/40/51 679/39/51
f 680/40/51 682/42/52 681/41/52
f 682/42/52 684/44/53 683/43/53
f 684/44/53 686/46/54 685/45/54
f 686/46/54 688/48/55 687/47/55
f 688/48/55 690/50/1 689/49/1
f 690/50/1 692/52/56 691/51/56
f 692/52/56 694/54/57 693/53/57
f 694/54/57 696/56/58 695/55/58
f 696/56/58 698/58/59 697/57/59
f 698/58/59 700/60/60 699/59/60
f 700/60/60 702/68/61 701/61/61
s 0
f 646/145/9 644/198/9 704/62/9
f 644/198/9 642/200/9 704/62/9
f 704/62/9 702/201/9 646/145/9
f 702/201/9 700/203/9 646/145/9
f 700/203/9 698/139/9 648/138/9
f 646/145/9 700/203/9 648/138/9
f 698/139/9 696/205/9 650/137/9
f 696/205/9 694/207/9 652/194/9
f 650/137/9 696/205/9 652/194/9
f 694/207/9 692/209/9 656/190/9
f 692/209/9 690/211/9 658/189/9
f 690/211/9 688/213/9 660/187/9
f 688/213/9 686/214/9 662/144/9
f 686/214/9 684/216/9 662/144/9
f 684/216/9 682/218/9 664/184/9
f 662/144/9 684/216/9 664/184/9
f 682/218/9 680/219/9 666/182/9
f 680/219/9 678/143/9 668/181/9
f 666/182/9 680/219/9 668/181/9
f 678/143/9 676/67/9 670/180/9
f 676/67/9 674/228/9 672/229/9
f 670/180/9 676/67/9 672/229/9
f 670/180/9 668/181/9 678/143/9
f 666/182/9 664/184/9 682/218/9
f 662/144/9 660/187/9 688/213/9
f 660/187/9 658/189/9 690/211/9
f 658/189/9 656/190/9 692/209/9
f 656/190/9 654/192/9 694/207/9
f 654/192/9 652/194/9 694/207/9
s 1
f 702/68/61 704/70/62 703/69/62
f 704/70/62 642/231/34 641/71/34
s 0
f 703/148/25 641/233/25 643/234/25
f 643/234/25 645/235/25 703/148/25
f 645/235/25 647/142/25 701/141/25
f 703/148/25 645/235/25 701/141/25
f 647/142/25 649/236/25 697/237/25
f 649/236/25 651/238/25 695/239/25
f 651/238/25 653/240/25 695/239/25
f 653/240/25 655/241/25 693/242/25
f 695/239/25 653/240/25 693/242/25
f 655/241/25 657/243/25 689/244/25
f 657/243/25 659/245/25 687/147/25
f 659/245/25 661/246/25 687/147/25
f 661/246/25 663/247/25 685/248/25
f 687/147/25 661/246/25 685/248/25
f 663/247/25 665/249/25 681/250/25
f 665/249/25 667/251/25 679/252/25
f 667/251/25 669/253/25 679/252/25
f 669/253/25 671/146/25 677/254/25
f 679/252/25 669/253/25 677/254/25
f 671/146/25 673/255/25 675/256/25
f 675/256/25 677/254/25 671/146/25
f 679/252/25 681/250/25 665/249/25
f 681/250/25 683/257/25 663/247/25
f 683/257/25 685/248/25 663/247/25
f 687/147/25 689/244/25 657/243/25
f 689/244/25 691/258/25 655/241/25
f 691/258/25 693/242/25 655/241/25
f 695/239/25 697/237/25 649/236/25
f 697/237/25 699/140/25 647/142/25
s 1
f 706/1/34 708/4/35 707/2/35
f 708/4/35 710/6/36 709/5/36
f 710/6/36 712/8/37 711/7/37
f 712/8/37 714/10/38 713/9/38
f 714/10/38 716/12/39 715/11/39
f 716/12/39 718/14/40 717/13/40
f 718/14/40 720/16/41 719/15/41
f 720/16/41 722/18/17 721/17/17
f 722/18/17 724/20/42 723/19/42
f 724/20/42 726/22/43 725/21/43
f 726/22/43 728/24/44 727/23/44
f 728/24/44 730/26/45 729/25/45
f 730/26/45 732/28/46 731/27/46
f 732/28/46 734/30/47 733/29/47
f 734/30/47 736/32/48 735/31/48
f 736/32/48 738/34/32 737/33/32
f 738/34/32 740/36/49 739/35/49
f 740/36/49 742/38/50 741/37/50
f 742/38/50 744/40/51 743/39/51
f 744/40/51 746/42/52 745/41/52
f 746/42/52 748/44/53 747/43/53
f 748/44/53 750/46/54 749/45/54
f 750/46/54 752/48/55 751/47/55
f 752/48/55 754/50/1 753/49/1
f 754/50/1 756/52/56 755/51/56
f 756/52/56 758/54/57 757/53/57
f 758/54/57 760/56/58 759/55/58
f 760/56/58 762/58/59 761/57/59
f 762/58/59 764/60/60 763/59/60
f 764/60/60 766/68/61 765/61/61
s 0
f 710/145/9 708/198/9 768/62/9
f 708/198/9 706/200/9 768/62/9
f 768/62/9 766/201/9 710/145/9
f 766/201/9 764/203/9 710/145/9
f 764/203/9 762/139/9 712/138/9
f 710/145/9 764/203/9 712/138/9
f 762/139/9 760/205/9 714/137/9
f 760/205/9 758/207/9 716/194/9
f 714/137/9 760/205/9 716/194/9
f 758/207/9 756/209/9 720/190/9
f 756/209/9 754/211/9 722/189/9
f 754/211/9 752/213/9 724/187/9
f 752/213/9 750/214/9 726/144/9
f 750/214/9 748/216/9 726/144/9
f 748/216/9 746/218/9 728/184/9
f 726/144/9 748/216/9 728/184/9
f 746/218/9 744/219/9 730/182/9
f 744/219/9 742/143/9 732/181/9
f 730/182/9 744/219/9 732/181/9
f 742/143/9 740/67/9 736/229/9
f 740/67/9 738/228/9 736/229/9
f 736/229/9 734/180/9 742/143/9
f 734/180/9 732/181/9 742/143/9
f 730/182/9 728/184/9 746/218/9
f 726/144/9 724/187/9 752/213/9
f 724/187/9 722/189/9 754/211/9
f 722/189/9 720/190/9 756/209/9
f 720/190/9 718/192/9 758/207/9
f 718/192/9 716/194/9 758/207/9
s 1
f 766/68/61 768/70/62 767/69/62
f 768/70/62 706/231/34 705/71/34
s 0
f 767/148/25 705/233/25 707/234/25
f 707/234/25 709/235/25 767/148/25
f 709/235/25 711/142/25 765/141/25
f 767/148/25 709/235/25 765/141/25
f 711/142/25 713/236/25 761/237/25
f 713/236/25 715/238/25 759/239/25
f 715/238/25 717/240/25 759/239/25
f 717/240/25 719/241/25 757/242/25
f 759/239/25 717/240/25 757/242/25
f 719/241/25 721/243/25 753/244/25
f 721/243/25 723/245/25 751/147/25
f 723/245/25 725/246/25 751/147/25
f 725/246/25 727/247/25 749/248/25
f 751/147/25 725/246/25 749/248/25
f 727/247/25 729/249/25 745/250/25
f 729/249/25 731/251/25 743/252/25
f 731/251/25 733/253/25 743/252/25
f 733/253/25 735/146/25 741/254/25
f 743/252/25 733/253/25 741/254/25
f 735/146/25 737/255/25 739/256/25
f 739/256/25 741/254/25 735/146/25
f 743/252/25 745/250/25 729/249/25
f 745/250/25 747/257/25 727/247/25
f 747/257/25 749/248/25 727/247/25
f 751/147/25 753/244/25 721/243/25
f 753/244/25 755/258/25 719/241/25
f 755/258/25 757/242/25 719/241/25
f 759/239/25 761/237/25 713/236/25
f 761/237/25 763/140/25 711/142/25
s 1
f 770/1/34 772/4/35 771/2/35
f 772/4/35 774/6/36 773/5/36
f 774/6/36 776/8/37 775/7/37
f 775/7/37 776/8/37 778/10/38
f 778/10/38 780/12/39 779/11/39
f 780/12/39 782/14/40 781/13/40
f 782/14/40 784/16/41 783/15/41
f 784/16/41 786/18/17 785/17/17
f 786/18/17 788/20/42 787/19/42
f 788/20/42 790/22/43 789/21/43
f 790/22/43 792/24/44 791/23/44
f 792/24/44 794/26/45 793/25/45
f 794/26/45 796/28/46 795/27/46
f 796/28/46 798/30/47 797/29/47
f 798/30/47 800/32/48 799/31/48
f 800/32/48 802/34/32 801/33/32
f 802/34/32 804/36/49 803/35/49
f 804/36/49 806/38/50 805/37/50
f 806/38/50 808/40/51 807/39/51
f 808/40/51 810/42/52 809/41/52
f 810/42/52 812/44/53 811/43/53
f 812/44/53 814/46/54 813/45/54
f 814/46/54 816/48/55 815/47/55
f 816/48/55 818/50/1 817/49/1
f 818/50/1 820/52/56 819/51/56
f 820/52/56 822/54/57 821/53/57
f 822/54/57 824/56/58 823/55/58
f 824/56/58 826/58/59 825/57/59
f 826/58/59 828/60/60 827/59/60
f 828/60/60 830/68/61 829/61/61
s 0
f 774/145/9 772/198/9 830/201/9
f 772/198/9 770/200/9 832/62/9
f 830/201/9 772/198/9 832/62/9
f 830/201/9 828/203/9 774/145/9
f 828/203/9 826/139/9 776/138/9
f 774/145/9 828/203/9 776/138/9
f 826/139/9 824/205/9 778/137/9
f 824/205/9 822/207/9 780/194/9
f 778/137/9 824/205/9 780/194/9
f 822/207/9 820/209/9 784/190/9
f 820/209/9 818/211/9 786/189/9
f 818/211/9 816/213/9 788/187/9
f 816/213/9 814/214/9 790/144/9
f 814/214/9 812/216/9 790/144/9
f 812/216/9 810/218/9 792/184/9
f 790/144/9 812/216/9 792/184/9
f 810/218/9 808/219/9 794/182/9
f 808/219/9 806/143/9 796/181/9
f 794/182/9 808/219/9 796/181/9
f 806/143/9 804/67/9 800/229/9
f 804/67/9 802/228/9 800/229/9
f 800/229/9 798/180/9 806/143/9
f 798/180/9 796/181/9 806/143/9
f 794/182/9 792/184/9 810/218/9
f 790/144/9 788/187/9 816/213/9
f 788/187/9 786/189/9 818/211/9
f 786/189/9 784/190/9 820/209/9
f 784/190/9 782/192/9 822/207/9
f 782/192/9 780/194/9 822/207/9
s 1
f 830/68/61 832/70/62 831/69/62
f 832/70/62 770/231/34 769/71/34
s 0
f 831/148/25 769/233/25 771/234/25
f 771/234/25 773/235/25 831/148/25
f 773/235/25 775/142/25 829/141/25
f 831/148/25 773/235/25 829/141/25
f 775/142/25 777/236/25 825/237/25
f 777/236/25 779/238/25 823/239/25
f 779/238/25 781/240/25 823/239/25
f 781/240/25 783/241/25 821/242/25
f 823/239/25 781/240/25 821/242/25
f 783/241/25 785/243/25 817/244/25
f 785/243/25 787/245/25 815/147/25
f 787/245/25 789/246/25 815/147/25
f 789/246/25 791/247/25 813/248/25
f 815/147/25 789/246/25 813/248/25
f 791/247/25 793/249/25 809/250/25
f 793/249/25 795/251/25 807/252/25
f 795/251/25 797/253/25 807/252/25
f 797/253/25 799/146/25 805/254/25
f 807/252/25 797/253/25 805/254/25
f 799/146/25 801/255/25 803/256/25
f 803/256/25 805/254/25 799/146/25
f 807/252/25 809/250/25 793/249/25
f 809/250/25 811/257/25 791/247/25
f 811/257/25 813/248/25 791/247/25
f 815/147/25 817/244/25 785/243/25
f 817/244/25 819/258/25 783/241/25
f 819/258/25 821/242/25 783/241/25
f 823/239/25 825/237/25 777/236/25
f 825/237/25 827/140/25 775/142/25
s 1
f 834/1/34 836/4/35 835/2/35
f 836/4/35 838/6/36 837/5/36
f 838/6/36 840/8/37 839/7/37
f 839/7/37 840/8/37 842/10/38
f 842/10/38 844/12/39 843/11/39
f 844/12/39 846/14/40 845/13/40
f 846/14/40 848/16/41 847/15/41
f 848/16/41 850/18/17 849/17/17
f 850/18/17 852/20/42 851/19/42
f 852/20/42 854/22/43 853/21/43
f 854/22/43 856/24/44 855/23/44
f 856/24/44 858/26/45 857/25/45
f 858/26/45 860/28/46 859/27/46
f 860/28/46 862/30/47 861/29/47
f 862/30/47 864/32/48 863/31/48
f 864/32/48 866/34/32 865/33/32
f 866/34/32 868/36/49 867/35/49
f 868/36/49 870/38/50 869/37/50
f 870/38/50 872/40/51 871/39/51
f 872/40/51 874/42/52 873/41/52
f 874/42/52 876/44/53 875/43/53
f 876/44/53 878/46/54 877/45/54
f 878/46/54 880/48/55 879/47/55
f 880/48/55 882/50/1 881/49/1
f 882/50/1 884/52/56 883/51/56
f 884/52/56 886/54/57 885/53/57
f 886/54/57 888/56/58 887/55/58
f 888/56/58 890/58/59 889/57/59
f 890/58/59 892/60/60 891/59/60
f 892/60/60 894/68/61 893/61/61
s 0
f 838/145/9 836/198/9 896/62/9
f 836/198/9 834/200/9 896/62/9
f 896/62/9 894/201/9 838/145/9
f 894/201/9 892/203/9 838/145/9
f 892/203/9 890/139/9 840/138/9
f 838/145/9 892/203/9 840/138/9
f 890/139/9 888/205/9 842/137/9
f 888/205/9 886/207/9 844/194/9
f 842/137/9 888/205/9 844/194/9
f 886/207/9 884/209/9 848/190/9
f 884/209/9 882/211/9 850/189/9
f 882/211/9 880/213/9 852/187/9
f 880/213/9 878/214/9 854/144/9
f 878/214/9 876/216/9 854/144/9
f 876/216/9 874/218/9 856/184/9
f 854/144/9 876/216/9 856/184/9
f 874/218/9 872/219/9 858/182/9
f 872/219/9 870/143/9 860/181/9
f 858/182/9 872/219/9 860/181/9
f 870/143/9 868/67/9 862/180/9
f 868/67/9 866/228/9 864/229/9
f 862/180/9 868/67/9 864/229/9
f 862/180/9 860/181/9 870/143/9
f 858/182/9 856/184/9 874/218/9
f 854/144/9 852/187/9 880/213/9
f 852/187/9 850/189/9 882/211/9
f 850/189/9 848/190/9 884/209/9
f 848/190/9 846/192/9 886/207/9
f 846/192/9 844/194/9 886/207/9
s 1
f 894/68/61 896/70/62 895/69/62
f 896/70/62 834/231/34 833/71/34
s 0
f 895/148/25 833/233/25 835/234/25
f 835/234/25 837/235/25 895/148/25
f 837/235/25 839/142/25 893/141/25
f 895/148/25 837/235/25 893/141/25
f 839/142/25 841/236/25 889/237/25
f 841/236/25 843/238/25 887/239/25
f 843/238/25 845/240/25 887/239/25
f 845/240/25 847/241/25 885/242/25
f 887/239/25 845/240/25 885/242/25
f 847/241/25 849/243/25 881/244/25
f 849/243/25 851/245/25 879/147/25
f 851/245/25 853/246/25 879/147/25
f 853/246/25 855/247/25 877/248/25
f 879/147/25 853/246/25 877/248/25
f 855/247/25 857/249/25 873/250/25
f 857/249/25 859/251/25 871/252/25
f 859/251/25 861/253/25 871/252/25
f 861/253/25 863/146/25 869/254/25
f 871/252/25 861/253/25 869/254/25
f 863/146/25 865/255/25 867/256/25
f 867/256/25 869/254/25 863/146/25
f 871/252/25 873/250/25 857/249/25
f 873/250/25 875/257/25 855/247/25
f 875/257/25 877/248/25 855/247/25
f 879/147/25 881/244/25 849/243/25
f 881/244/25 883/258/25 847/241/25
f 883/258/25 885/242/25 847/241/25
f 887/239/25 889/237/25 841/236/25
f 889/237/25 891/140/25 839/142/25
s 1
f 898/1/1 900/4/2 899/2/2
f 900/4/2 902/6/3 901/5/3
f 902/6/3 904/8/4 903/7/4
f 904/8/4 906/10/5 905/9/5
f 906/10/5 908/12/6 907/11/6
f 908/12/6 910/14/7 909/13/7
f 910/14/7 912/16/8 911/15/8
f 912/16/8 914/18/9 913/17/9
f 914/18/9 916/20/10 915/19/10
f 916/20/10 918/22/11 917/21/11
f 918/22/11 920/24/12 919/23/12
f 920/24/12 922/26/13 921/25/13
f 922/26/13 924/28/14 923/27/14
f 924/28/14 926/30/15 925/29/15
f 926/30/15 928/32/16 927/31/16
f 928/32/16 930/34/17 929/33/17
f 930/34/17 932/36/18 931/35/18
f 932/36/18 934/38/19 933/37/19
f 934/38/19 936/40/20 935/39/20
f 936/40/20 938/42/21 937/41/21
f 938/42/21 940/44/22 939/43/22
f 940/44/22 942/46/23 941/45/23
f 942/46/23 944/48/24 943/47/24
f 944/48/24 946/50/25 945/49/25
f 946/50/25 948/52/26 947/51/26
f 948/52/26 950/54/27 949/53/27
f 950/54/27 952/56/28 951/55/28
f 952/56/28 954/58/29 953/57/29
f 954/58/29 956/60/30 955/59/30
f 956/60/30 958/68/31 957/61/31
s 0
f 902/145/32 900/198/32 898/200/32
f 898/200/32 960/62/32 902/145/32
f 960/62/32 958/201/32 902/145/32
f 958/201/32 956/203/32 954/139/32
f 954/139/32 952/205/32 950/207/32
f 950/207/32 948/209/32 946/211/32
f 946/211/32 944/213/32 950/207/32
f 944/213/32 942/214/32 950/207/32
f 942/214/32 940/216/32 938/218/32
f 938/218/32 936/219/32 934/143/32
f 934/143/32 932/67/32 926/180/32
f 932/67/32 930/228/32 926/180/32
f 930/228/32 928/229/32 926/180/32
f 926/180/32 924/181/32 922/182/32
f 922/182/32 920/184/32 918/144/32
f 918/144/32 916/187/32 910/192/32
f 916/187/32 914/189/32 910/192/32
f 914/189/32 912/190/32 910/192/32
f 910/192/32 908/194/32 906/137/32
f 906/137/32 904/138/32 902/145/32
f 958/201/32 954/139/32 902/145/32
f 954/139/32 950/207/32 902/145/32
f 942/214/32 938/218/32 950/207/32
f 938/218/32 934/143/32 950/207/32
f 926/180/32 922/182/32 934/143/32
f 922/182/32 918/144/32 934/143/32
f 910/192/32 906/137/32 918/144/32
f 906/137/32 902/145/32 918/144/32
f 902/145/32 950/207/32 934/143/32
s 1
f 958/68/31 960/70/33 959/69/33
f 960/70/33 898/231/1 897/71/1
s 0
f 959/148/34 897/233/34 899/234/34
f 899/234/34 901/235/34 959/148/34
f 901/235/34 903/142/34 959/148/34
f 903/142/34 905/236/34 907/238/34
f 907/238/34 909/240/34 911/241/34
f 911/241/34 913/243/34 915/245/34
f 915/245/34 917/246/34 919/247/34
f 919/247/34 921/249/34 923/251/34
f 923/251/34 925/253/34 927/146/34
f 927/146/34 929/255/34 931/256/34
f 931/256/34 933/254/34 927/146/34
f 933/254/34 935/252/34 927/146/34
f 935/252/34 937/250/34 939/257/34
f 939/257/34 941/248/34 943/147/34
f 943/147/34 945/244/34 947/258/34
f 947/258/34 949/242/34 951/239/34
f 951/239/34 953/237/34 955/140/34
f 955/140/34 957/141/34 959/148/34
f 903/142/34 907/238/34 911/241/34
f 911/241/34 915/245/34 927/146/34
f 915/245/34 919/247/34 927/146/34
f 919/247/34 923/251/34 927/146/34
f 935/252/34 939/257/34 943/147/34
f 943/147/34 947/258/34 959/148/34
f 947/258/34 951/239/34 959/148/34
f 951/239/34 955/140/34 959/148/34
f 959/148/34 903/142/34 911/241/34
f 927/146/34 935/252/34 943/147/34
f 959/148/34 911/241/34 927/146/34
s 1
f 962/1/1 964/4/2 963/2/2
f 964/4/2 966/6/3 965/5/3
f 966/6/3 968/8/4 967/7/4
f 968/8/4 970/10/5 969/9/5
f 970/10/5 972/12/6 971/11/6
f 972/12/6 974/14/7 973/13/7
f 974/14/7 976/16/8 975/15/8
f 976/16/8 978/18/9 977/17/9
f 978/18/9 980/20/10 979/19/10
f 980/20/10 982/22/11 981/21/11
f 982/22/11 984/24/12 983/23/12
f 984/24/12 986/26/13 985/25/13
f 986/26/13 988/28/14 987/27/14
f 988/28/14 990/30/15 989/29/15
f 990/30/15 992/32/16 991/31/16
f 992/32/16 994/34/17 993/33/17
f 994/34/17 996/36/18 995/35/18
f 996/36/18 998/38/19 997/37/19
f 998/38/19 1000/40/20 999/39/20
f 1000/40/20 1002/42/21 1001/41/21
f 1002/42/21 1004/44/22 1003/43/22
f 1004/44/22 1006/46/23 1005/45/23
f 1006/46/23 1008/48/24 1007/47/24
f 1008/48/24 1010/50/25 1009/49/25
f 1010/50/25 1012/52/26 1011/51/26
f 1012/52/26 1014/54/27 1013/53/27
f 1014/54/27 1016/56/28 1015/55/28
f 1016/56/28 1018/58/29 1017/57/29
f 1018/58/29 1020/60/30 1019/59/30
f 1020/60/30 1022/68/31 1021/61/31
s 0
f 966/145/245 964/198/245 962/200/245
f 962/200/32 1024/62/32 966/145/32
f 1024/62/32 1022/201/32 966/145/32
f 1022/201/245 1020/203/245 1018/139/245
f 1018/139/32 1016/205/32 1014/207/32
f 1014/207/32 1012/209/32 1006/214/32
f 1012/209/32 1010/211/32 1006/214/32
f 1010/211/32 1008/213/32 1006/214/32
f 1006/214/32 1004/216/32 1002/218/32
f 1002/218/246 1000/219/246 998/143/246
f 998/143/246 996/67/246 994/228/246
f 994/228/32 992/229/32 998/143/32
f 992/229/32 990/180/32 998/143/32
f 990/180/246 988/181/246 986/182/246
f 986/182/32 984/184/32 982/144/32
f 982/144/32 980/187/32 978/189/32
f 978/189/32 976/190/32 982/144/32
f 976/190/32 974/192/32 982/144/32
f 974/192/32 972/194/32 970/137/32
f 970/137/245 968/138/245 966/145/245
f 1022/201/32 1018/139/32 966/145/32
f 1018/139/32 1014/207/32 966/145/32
f 1006/214/32 1002/218/32 1014/207/32
f 1002/218/32 998/143/32 1014/207/32
f 990/180/32 986/182/32 998/143/32
f 986/182/32 982/144/32 998/143/32
f 974/192/32 970/137/32 982/144/32
f 970/137/32 966/145/32 982/144/32
f 966/145/32 1014/207/32 998/143/32
s 1
f 1022/68/31 1024/70/33 1023/69/33
f 1024/70/33 962/231/1 961/71/1
s 0
f 1023/148/34 961/233/34 963/234/34
f 963/234/34 965/235/34 967/142/34
f 967/142/34 969/236/34 975/241/34
f 969/236/34 971/238/34 975/241/34
f 971/238/34 973/240/34 975/241/34
f 975/241/34 977/243/34 979/245/34
f 979/245/34 981/246/34 983/247/34
f 983/247/34 985/249/34 991/146/34
f 985/249/34 987/251/34 991/146/34
f 987/251/34 989/253/34 991/146/34
f 991/146/34 993/255/34 995/256/34
f 995/256/34 997/254/34 999/252/34
f 999/252/34 1001/250/34 1007/147/34
f 1001/250/34 1003/257/34 1007/147/34
f 1003/257/34 1005/248/34 1007/147/34
f 1007/147/34 1009/244/34 1011/258/34
f 1011/258/34 1013/242/34 1015/239/34
f 1015/239/34 1017/237/34 1023/148/34
f 1017/237/34 1019/140/34 1023/148/34
f 1019/140/34 1021/141/34 1023/148/34
f 1023/148/34 963/234/34 967/142/34
f 975/241/34 979/245/34 983/247/34
f 991/146/34 995/256/34 1007/147/34
f 995/256/34 999/252/34 1007/147/34
f 1007/147/34 1011/258/34 1023/148/34
f 1011/258/34 1015/239/34 1023/148/34
f 1023/148/34 967/142/34 975/241/34
f 975/241/34 983/247/34 991/146/34
f 1023/148/34 975/241/34 991/146/34
f 1027/259/34 1025/3/34 1028/260/34
f 1025/3/34 1026/2/34 1028/260/34
f 1026/2/34 1034/5/34 1029/152/34
f 1034/5/34 1036/7/34 1030/153/34
f 1029/152/34 1034/5/34 1030/153/34
f 1036/7/34 1038/9/34 1042/156/34
f 1038/9/34 1088/11/34 1043/157/34
f 1088/11/34 1049/13/34 1044/159/34
f 1049/13/34 1051/15/34 1045/150/34
f 1044/159/34 1049/13/34 1045/150/34
f 1051/15/34 1053/17/34 1057/149/34
f 1053/17/34 1087/19/34 1057/149/34
f 1087/19/34 1064/21/34 1058/163/34
f 1064/21/34 1066/23/34 1059/164/34
f 1058/163/34 1064/21/34 1059/164/34
f 1066/23/34 1068/25/34 1060/166/34
f 1068/25/34 1086/27/34 1072/170/34
f 1086/27/34 1079/29/34 1073/171/34
f 1079/29/34 1081/31/34 1074/173/34
f 1073/171/34 1079/29/34 1074/173/34
f 1081/31/34 1083/33/34 1075/174/34
f 1083/33/34 1085/177/34 1075/174/34
f 1068/25/34 1072/170/34 1060/166/34
f 1038/9/34 1043/157/34 1042/156/34
f 1043/157/34 1088/11/34 1044/159/34
f 1029/152/34 1028/260/34 1026/2/34
f 1081/31/34 1075/174/34 1074/173/34
f 1086/27/34 1073/171/34 1072/170/34
f 1042/156/34 1030/153/34 1036/7/34
f 1066/23/34 1060/166/34 1059/164/34
f 1087/19/34 1058/163/34 1057/149/34
s 1
f 1032/151/63 1031/178/64 1029/152/64
s 0
f 1033/6/32 1031/178/32 1032/151/32
s 1
f 1033/6/65 1035/8/66 1036/7/66
f 1036/7/66 1035/8/66 1037/10/67
s 0
f 1035/8/32 1032/151/32 1040/154/32
s 1
f 1037/10/67 1039/12/68 1088/11/68
s 0
f 1037/10/32 1040/154/32 1041/155/32
s 1
f 1040/154/69 1032/151/63 1030/153/63
f 1040/154/69 1042/156/69 1043/157/70
f 1046/158/22 1041/155/70 1043/157/70
f 1046/158/22 1044/159/22 1045/150/71
s 0
f 1039/12/32 1041/155/32 1046/158/32
f 1048/14/32 1046/158/32 1047/160/32
s 1
f 1039/12/68 1048/14/6 1049/13/6
f 1048/14/6 1050/16/73 1051/15/72
f 1050/16/73 1052/18/9 1053/17/9
s 0
f 1050/16/32 1047/160/32 1055/161/32
s 1
f 1053/17/9 1052/18/9 1054/20/74
s 0
f 1054/20/32 1052/18/32 1055/161/32
s 1
f 1047/160/71 1045/150/71 1057/149/25
f 1056/162/75 1055/161/25 1057/149/25
f 1056/162/75 1058/163/75 1059/164/28
f 1061/165/28 1059/164/28 1060/166/76
s 0
f 1061/165/32 1062/167/32 1065/24/32
f 1063/22/32 1054/20/32 1056/162/32
s 1
f 1054/20/74 1063/22/12 1064/21/12
f 1063/22/12 1065/24/77 1066/23/77
f 1065/24/77 1067/26/78 1068/25/78
s 0
f 1062/167/32 1070/168/32 1067/26/32
s 1
f 1068/25/78 1067/26/78 1069/28/79
s 0
f 1069/28/32 1067/26/32 1070/168/32
s 1
f 1062/167/76 1060/166/76 1072/170/80
f 1070/168/80 1072/170/80 1073/171/81
f 1076/172/82 1071/169/81 1073/171/81
f 1076/172/82 1074/173/82 1075/174/83
s 0
f 1078/30/32 1069/28/32 1071/169/32
f 1076/172/32 1077/175/32 1080/32/32
s 1
f 1069/28/79 1078/30/84 1079/29/84
f 1078/30/84 1080/32/85 1081/31/85
f 1080/32/85 1082/34/86 1083/33/86
s 0
f 1082/34/32 1080/32/32 1077/175/32
f 1083/33/25 1082/34/25 1084/176/25
s 1
f 1077/175/83 1075/174/83 1085/177/87
f 1092/6/65 1094/8/66 1093/7/66
f 1094/8/66 1096/10/67 1095/9/67
f 1096/10/67 1098/12/68 1097/11/68
f 1098/12/68 1100/14/6 1099/13/6
f 1100/14/6 1102/16/73 1101/15/72
f 1102/16/73 1104/18/9 1103/17/9
f 1104/18/9 1106/20/74 1105/19/88
f 1106/20/74 1108/22/12 1107/21/12
f 1108/22/12 1110/24/77 1109/23/77
f 1110/24/77 1112/26/78 1111/25/78
f 1112/26/78 1114/28/79 1113/27/79
f 1114/28/79 1116/30/89 1115/29/89
f 1123/151/63 1130/178/64 1133/152/64
f 1125/154/69 1123/151/63 1138/153/63
f 1125/154/69 1135/156/69 1136/157/70
f 1124/155/70 1136/157/70 1137/159/22
f 1129/158/22 1137/159/22 1147/150/71
f 1128/160/71 1147/150/71 1144/149/25
f 1126/161/25 1144/149/25 1145/163/75
f 1127/162/75 1145/163/75 1142/164/28
f 1131/165/28 1142/164/28 1143/166/76
f 1121/167/76 1143/166/76 1140/170/80
f 1119/168/80 1140/170/80 1141/171/90
s 0
f 1092/6/32 1130/178/32 1123/151/32
f 1094/8/32 1123/151/32 1125/154/32
f 1096/10/32 1125/154/32 1124/155/32
f 1098/12/32 1124/155/32 1129/158/32
f 1100/14/32 1129/158/32 1128/160/32
f 1102/16/32 1128/160/32 1126/161/32
f 1106/20/32 1104/18/32 1126/161/32
f 1108/22/32 1106/20/32 1127/162/32
f 1131/165/32 1121/167/32 1110/24/32
f 1121/167/32 1119/168/32 1112/26/32
f 1114/28/32 1112/26/32 1119/168/32
f 1116/30/32 1114/28/32 1120/169/32
f 1132/259/34 1089/3/34 1134/260/34
f 1089/3/34 1090/2/34 1134/260/34
f 1090/2/34 1091/5/34 1133/152/34
f 1091/5/34 1093/7/34 1138/153/34
f 1133/152/34 1091/5/34 1138/153/34
f 1093/7/34 1095/9/34 1135/156/34
f 1095/9/34 1097/11/34 1136/157/34
f 1097/11/34 1099/13/34 1137/159/34
f 1099/13/34 1101/15/34 1147/150/34
f 1137/159/34 1099/13/34 1147/150/34
f 1101/15/34 1103/17/34 1144/149/34
f 1103/17/34 1105/19/34 1144/149/34
f 1105/19/34 1107/21/34 1145/163/34
f 1107/21/34 1109/23/34 1142/164/34
f 1145/163/34 1107/21/34 1142/164/34
f 1109/23/34 1111/25/34 1143/166/34
f 1111/25/34 1113/27/34 1140/170/34
f 1113/27/34 1115/29/34 1141/171/34
f 1115/29/34 1117/31/34 1139/173/34
f 1141/171/34 1115/29/34 1139/173/34
f 1117/31/34 1118/33/34 1148/174/34
f 1118/33/34 1146/177/34 1148/174/34
f 1111/25/34 1140/170/34 1143/166/34
f 1095/9/34 1136/157/34 1135/156/34
f 1136/157/34 1097/11/34 1137/159/34
f 1133/152/34 1134/260/34 1090/2/34
f 1117/31/34 1148/174/34 1139/173/34
f 1113/27/34 1141/171/34 1140/170/34
f 1135/156/34 1138/153/34 1093/7/34
f 1109/23/34 1143/166/34 1142/164/34
f 1105/19/34 1145/163/34 1144/149/34
s 1
f 1152/6/91 1154/8/92 1153/7/92
f 1154/8/92 1156/10/93 1155/9/93
f 1156/10/93 1158/12/94 1157/11/94
f 1158/12/94 1160/14/95 1159/13/95
f 1160/14/95 1162/16/96 1161/15/96
f 1162/16/96 1164/18/9 1163/17/9
f 1164/18/9 1166/20/97 1165/19/97
f 1166/20/97 1168/22/98 1167/21/98
f 1168/22/98 1170/24/99 1169/23/99
f 1170/24/99 1172/26/100 1171/25/100
f 1172/26/100 1174/28/101 1173/27/101
f 1174/28/101 1176/30/102 1175/29/102
f 1198/153/103 1183/151/103 1190/178/104
f 1195/156/105 1185/154/105 1183/151/103
f 1185/154/105 1195/156/105 1196/157/106
f 1184/155/106 1196/157/106 1197/159/107
f 1189/158/107 1197/159/107 1207/150/108
f 1188/160/108 1207/150/108 1204/149/25
f 1186/161/25 1204/149/25 1205/163/109
f 1187/162/109 1205/163/109 1202/164/110
f 1191/165/110 1202/164/110 1203/166/111
f 1181/167/111 1203/166/111 1200/170/112
f 1179/168/112 1200/170/112 1201/171/113
s 0
f 1190/178/114 1183/151/114 1154/8/114
f 1156/10/114 1154/8/114 1183/151/114
f 1185/154/114 1184/155/114 1158/12/114
f 1160/14/114 1158/12/114 1184/155/114
f 1189/158/114 1188/160/114 1162/16/114
f 1188/160/114 1186/161/114 1164/18/114
f 1164/18/114 1186/161/114 1187/162/114
f 1166/20/114 1187/162/114 1191/165/114
f 1168/22/114 1191/165/114 1181/167/114
f 1170/24/114 1181/167/114 1179/168/114
f 1172/26/114 1179/168/114 1180/169/114
f 1174/28/114 1180/169/114 1182/172/114
f 1192/259/115 1149/3/115 1150/2/115
f 1150/2/115 1151/5/115 1192/259/115
f 1151/5/115 1153/7/115 1193/152/115
f 1153/7/115 1155/9/115 1198/153/115
f 1155/9/115 1157/11/115 1195/156/115
f 1157/11/115 1159/13/115 1196/157/115
f 1159/13/115 1161/15/115 1197/159/115
f 1196/157/115 1159/13/115 1197/159/115
f 1161/15/115 1163/17/115 1207/150/115
f 1163/17/115 1165/19/115 1205/163/115
f 1165/19/115 1167/21/115 1202/164/115
f 1167/21/115 1169/23/115 1203/166/115
f 1202/164/115 1167/21/115 1203/166/115
f 1169/23/115 1171/25/115 1200/170/115
f 1171/25/115 1173/27/115 1201/171/115
f 1173/27/115 1175/29/115 1199/173/115
f 1175/29/115 1177/31/115 1206/177/115
f 1199/173/115 1175/29/115 1208/174/115
f 1177/31/115 1178/33/115 1206/177/115
f 1206/177/115 1208/174/115 1175/29/115
f 1171/25/115 1201/171/115 1200/170/115
f 1201/171/115 1173/27/115 1199/173/115
f 1163/17/115 1205/163/115 1204/149/115
f 1205/163/115 1165/19/115 1202/164/115
f 1155/9/115 1195/156/115 1198/153/115
f 1194/260/115 1192/259/115 1151/5/115
f 1193/152/115 1194/260/115 1151/5/115
f 1198/153/115 1193/152/115 1153/7/115
f 1196/157/115 1195/156/115 1157/11/115
f 1169/23/115 1200/170/115 1203/166/115
f 1207/150/115 1197/159/115 1161/15/115
s 1
f 1211/5/116 1212/6/116 1214/8/117
f 1213/7/117 1214/8/117 1216/10/118
f 1215/9/118 1216/10/118 1218/12/119
f 1217/11/119 1218/12/119 1220/14/120
f 1219/13/120 1220/14/120 1222/16/121
f 1221/15/121 1222/16/121 1224/18/9
f 1223/17/9 1224/18/9 1226/20/122
f 1225/19/122 1226/20/122 1228/22/123
f 1227/21/123 1228/22/123 1230/24/124
f 1229/23/124 1230/24/124 1232/26/125
f 1231/25/125 1232/26/125 1234/28/126
f 1233/27/126 1234/28/126 1236/30/127
f 1243/151/128 1250/178/129 1253/152/129
f 1245/154/130 1243/151/128 1258/153/128
f 1244/155/131 1245/154/130 1255/156/130
f 1249/158/132 1244/155/131 1256/157/131
f 1248/160/133 1249/158/132 1257/159/132
f 1246/161/25 1248/160/133 1267/150/133
f 1247/162/134 1246/161/25 1264/149/25
f 1251/165/135 1247/162/134 1265/163/134
f 1241/167/136 1251/165/135 1262/164/135
f 1239/168/137 1241/167/136 1263/166/136
f 1240/169/138 1239/168/137 1260/170/137
s 0
f 1250/178/139 1243/151/139 1214/8/139
f 1216/10/139 1214/8/139 1243/151/139
f 1245/154/139 1244/155/139 1218/12/139
f 1220/14/139 1218/12/139 1244/155/139
f 1249/158/139 1248/160/139 1222/16/139
f 1248/160/139 1246/161/139 1224/18/139
f 1224/18/139 1246/161/139 1247/162/139
f 1226/20/139 1247/162/139 1251/165/139
f 1228/22/139 1251/165/139 1241/167/139
f 1230/24/139 1241/167/139 1239/168/139
f 1232/26/139 1239/168/139 1240/169/139
f 1234/28/139 1240/169/139 1242/172/139
f 1252/259/140 1209/3/140 1210/2/140
f 1210/2/140 1211/5/140 1252/259/140
f 1211/5/140 1213/7/140 1253/152/140
f 1213/7/140 1215/9/140 1258/153/140
f 1215/9/140 1217/11/140 1255/156/140
f 1217/11/140 1219/13/140 1256/157/140
f 1219/13/140 1221/15/140 1257/159/140
f 1256/157/140 1219/13/140 1257/159/140
f 1221/15/140 1223/17/140 1267/150/140
f 1223/17/140 1225/19/140 1265/163/140
f 1225/19/140 1227/21/140 1262/164/140
f 1227/21/140 1229/23/140 1263/166/140
f 1262/164/140 1227/21/140 1263/166/140
f 1229/23/140 1231/25/140 1260/170/140
f 1231/25/140 1233/27/140 1261/171/140
f 1233/27/140 1235/29/140 1259/173/140
f 1235/29/140 1237/31/140 1266/177/140
f 1259/173/140 1235/29/140 1268/174/140
f 1237/31/140 1238/33/140 1266/177/140
f 1266/177/247 1268/174/247 1235/29/247
f 1231/25/140 1261/171/140 1260/170/140
f 1261/171/140 1233/27/140 1259/173/140
f 1223/17/140 1265/163/140 1264/149/140
f 1265/163/140 1225/19/140 1262/164/140
f 1215/9/140 1255/156/140 1258/153/140
f 1254/260/140 1252/259/140 1211/5/140
f 1253/152/140 1254/260/140 1211/5/140
f 1258/153/140 1253/152/140 1213/7/140
f 1256/157/140 1255/156/140 1217/11/140
f 1229/23/140 1260/170/140 1263/166/140
f 1267/150/140 1257/159/140 1221/15/140
s 1
f 1271/5/141 1272/6/141 1274/8/142
f 1273/7/142 1274/8/142 1276/10/143
f 1275/9/143 1276/10/143 1278/12/144
f 1277/11/144 1278/12/144 1280/14/145
f 1279/13/145 1280/14/145 1282/16/146
f 1281/15/146 1282/16/146 1284/18/9
f 1283/17/9 1284/18/9 1286/20/147
f 1285/19/147 1286/20/147 1288/22/148
f 1287/21/148 1288/22/148 1290/24/149
f 1289/23/149 1290/24/149 1292/26/150
f 1291/25/150 1292/26/150 1294/28/151
f 1293/27/151 1294/28/151 1296/30/152
f 1303/151/153 1310/178/154 1313/152/154
f 1305/154/155 1303/151/153 1318/153/153
f 1304/155/156 1305/154/155 1315/156/155
f 1309/158/157 1304/155/156 1316/157/156
f 1308/160/158 1309/158/157 1317/159/157
f 1306/161/25 1308/160/158 1327/150/158
f 1307/162/159 1306/161/25 1324/149/25
f 1311/165/160 1307/162/159 1325/163/159
f 1301/167/161 1311/165/160 1322/164/160
f 1299/168/162 1301/167/161 1323/166/161
f 1300/169/163 1299/168/162 1320/170/162
s 0
f 1310/178/164 1303/151/164 1274/8/164
f 1276/10/164 1274/8/164 1303/151/164
f 1305/154/164 1304/155/164 1278/12/164
f 1280/14/164 1278/12/164 1304/155/164
f 1309/158/164 1308/160/164 1282/16/164
f 1308/160/164 1306/161/164 1284/18/164
f 1284/18/164 1306/161/164 1307/162/164
f 1286/20/164 1307/162/164 1311/165/164
f 1288/22/164 1311/165/164 1301/167/164
f 1290/24/164 1301/167/164 1299/168/164
f 1292/26/164 1299/168/164 1300/169/164
f 1294/28/164 1300/169/164 1302/172/164
f 1312/259/165 1269/3/165 1270/2/165
f 1270/2/165 1271/5/165 1312/259/165
f 1271/5/165 1273/7/165 1313/152/165
f 1273/7/165 1275/9/165 1318/153/165
f 1275/9/165 1277/11/165 1315/156/165
f 1277/11/165 1279/13/165 1316/157/165
f 1279/13/165 1281/15/165 1317/159/165
f 1316/157/165 1279/13/165 1317/159/165
f 1281/15/165 1283/17/165 1327/150/165
f 1283/17/165 1285/19/165 1325/163/165
f 1285/19/165 1287/21/165 1322/164/165
f 1287/21/165 1289/23/165 1323/166/165
f 1322/164/165 1287/21/165 1323/166/165
f 1289/23/165 1291/25/165 1320/170/165
f 1291/25/165 1293/27/165 1321/171/165
f 1293/27/165 1295/29/165 1319/173/165
f 1295/29/165 1297/31/165 1326/177/165
f 1319/173/165 1295/29/165 1328/174/165
f 1297/31/165 1298/33/165 1326/177/165
f 1326/177/165 1328/174/165 1295/29/165
f 1291/25/165 1321/171/165 1320/170/165
f 1321/171/165 1293/27/165 1319/173/165
f 1283/17/165 1325/163/165 1324/149/165
f 1325/163/165 1285/19/165 1322/164/165
f 1275/9/165 1315/156/165 1318/153/165
f 1314/260/165 1312/259/165 1271/5/165
f 1313/152/165 1314/260/165 1271/5/165
f 1318/153/165 1313/152/165 1273/7/165
f 1316/157/165 1315/156/165 1277/11/165
f 1289/23/165 1320/170/165 1323/166/165
f 1327/150/165 1317/159/165 1281/15/165
s 1
f 1332/6/91 1334/8/92 1333/7/92
f 1334/8/92 1336/10/93 1335/9/93
f 1336/10/93 1338/12/94 1337/11/94
f 1338/12/94 1340/14/95 1339/13/95
f 1340/14/95 1342/16/96 1341/15/96
f 1342/16/96 1344/18/9 1343/17/9
f 1344/18/9 1346/20/97 1345/19/97
f 1346/20/97 1348/22/98 1347/21/98
f 1348/22/98 1350/24/99 1349/23/99
f 1350/24/99 1352/26/100 1351/25/100
f 1352/26/100 1354/28/101 1353/27/101
f 1354/28/101 1356/30/102 1355/29/102
f 1378/153/103 1363/151/103 1370/178/104
f 1375/156/105 1365/154/105 1363/151/103
f 1365/154/105 1375/156/105 1376/157/106
f 1364/155/106 1376/157/106 1377/159/107
f 1369/158/107 1377/159/107 1387/150/108
f 1368/160/108 1387/150/108 1384/149/25
f 1366/161/25 1384/149/25 1385/163/109
f 1367/162/109 1385/163/109 1382/164/110
f 1371/165/110 1382/164/110 1383/166/111
f 1361/167/111 1383/166/111 1380/170/112
f 1359/168/112 1380/170/112 1381/171/113
s 0
f 1370/178/114 1363/151/114 1334/8/114
f 1336/10/114 1334/8/114 1363/151/114
f 1365/154/114 1364/155/114 1338/12/114
f 1340/14/114 1338/12/114 1364/155/114
f 1369/158/114 1368/160/114 1342/16/114
f 1368/160/114 1366/161/114 1344/18/114
f 1344/18/114 1366/161/114 1367/162/114
f 1346/20/114 1367/162/114 1371/165/114
f 1348/22/114 1371/165/114 1361/167/114
f 1350/24/114 1361/167/114 1359/168/114
f 1352/26/114 1359/168/114 1360/169/114
f 1354/28/114 1360/169/114 1362/172/114
f 1372/259/115 1329/3/115 1330/2/115
f 1330/2/115 1331/5/115 1372/259/115
f 1331/5/115 1333/7/115 1373/152/115
f 1333/7/115 1335/9/115 1378/153/115
f 1335/9/115 1337/11/115 1375/156/115
f 1337/11/115 1339/13/115 1376/157/115
f 1339/13/115 1341/15/115 1377/159/115
f 1376/157/115 1339/13/115 1377/159/115
f 1341/15/115 1343/17/115 1387/150/115
f 1343/17/115 1345/19/115 1385/163/115
f 1345/19/115 1347/21/115 1382/164/115
f 1347/21/115 1349/23/115 1383/166/115
f 1382/164/115 1347/21/115 1383/166/115
f 1349/23/115 1351/25/115 1380/170/115
f 1351/25/115 1353/27/115 1381/171/115
f 1353/27/115 1355/29/115 1379/173/115
f 1355/29/115 1357/31/115 1386/177/115
f 1379/173/115 1355/29/115 1388/174/115
f 1357/31/115 1358/33/115 1386/177/115
f 1386/177/115 1388/174/115 1355/29/115
f 1351/25/115 1381/171/115 1380/170/115
f 1381/171/115 1353/27/115 1379/173/115
f 1343/17/115 1385/163/115 1384/149/115
f 1385/163/115 1345/19/115 1382/164/115
f 1335/9/115 1375/156/115 1378/153/115
f 1374/260/115 1372/259/115 1331/5/115
f 1373/152/115 1374/260/115 1331/5/115
f 1378/153/115 1373/152/115 1333/7/115
f 1376/157/115 1375/156/115 1337/11/115
f 1349/23/115 1380/170/115 1383/166/115
f 1387/150/115 1377/159/115 1341/15/115
f 1391/259/34 1389/3/34 1392/260/34
f 1389/3/34 1390/2/34 1392/260/34
f 1390/2/34 1398/5/34 1393/152/34
f 1398/5/34 1400/7/34 1394/153/34
f 1393/152/34 1398/5/34 1394/153/34
f 1400/7/34 1402/9/34 1406/156/34
f 1402/9/34 1452/11/34 1407/157/34
f 1452/11/34 1413/13/34 1408/159/34
f 1413/13/34 1415/15/34 1409/150/34
f 1408/159/34 1413/13/34 1409/150/34
f 1415/15/34 1417/17/34 1421/149/34
f 1417/17/34 1451/19/34 1421/149/34
f 1451/19/34 1428/21/34 1422/163/34
f 1428/21/34 1430/23/34 1423/164/34
f 1422/163/34 1428/21/34 1423/164/34
f 1430/23/34 1432/25/34 1424/166/34
f 1432/25/34 1450/27/34 1436/170/34
f 1450/27/34 1443/29/34 1437/171/34
f 1443/29/34 1445/31/34 1438/173/34
f 1437/171/34 1443/29/34 1438/173/34
f 1445/31/34 1447/33/34 1439/174/34
f 1447/33/34 1449/177/34 1439/174/34
f 1432/25/34 1436/170/34 1424/166/34
f 1402/9/34 1407/157/34 1406/156/34
f 1407/157/34 1452/11/34 1408/159/34
f 1393/152/34 1392/260/34 1390/2/34
f 1445/31/34 1439/174/34 1438/173/34
f 1450/27/34 1437/171/34 1436/170/34
f 1406/156/34 1394/153/34 1400/7/34
f 1430/23/34 1424/166/34 1423/164/34
f 1451/19/34 1422/163/34 1421/149/34
s 1
f 1396/151/66 1395/178/65 1393/152/65
s 0
f 1397/6/32 1395/178/32 1396/151/32
s 1
f 1397/6/64 1399/8/63 1400/7/63
f 1399/8/63 1401/10/69 1402/9/69
s 0
f 1399/8/32 1396/151/32 1404/154/32
s 1
f 1401/10/69 1403/12/70 1452/11/70
s 0
f 1401/10/32 1404/154/32 1405/155/32
s 1
f 1404/154/67 1396/151/66 1394/153/66
f 1404/154/67 1406/156/67 1407/157/68
f 1405/155/68 1407/157/68 1408/159/6
f 1410/158/6 1408/159/6 1409/150/72
s 0
f 1403/12/32 1405/155/32 1410/158/32
f 1412/14/32 1410/158/32 1411/160/32
s 1
f 1403/12/70 1412/14/22 1413/13/22
f 1412/14/22 1414/16/166 1415/15/71
f 1414/16/166 1416/18/25 1417/17/25
s 0
f 1414/16/32 1411/160/32 1419/161/32
s 1
f 1416/18/25 1418/20/75 1451/19/167
s 0
f 1418/20/32 1416/18/32 1419/161/32
s 1
f 1411/160/72 1409/150/72 1421/149/9
f 1419/161/9 1421/149/9 1422/163/74
f 1420/162/74 1422/163/74 1423/164/12
f 1425/165/12 1423/164/12 1424/166/77
s 0
f 1425/165/32 1426/167/32 1429/24/32
f 1427/22/32 1418/20/32 1420/162/32
s 1
f 1418/20/75 1427/22/28 1428/21/28
f 1427/22/28 1429/24/76 1430/23/76
f 1429/24/76 1431/26/80 1432/25/80
s 0
f 1426/167/32 1434/168/32 1431/26/32
s 1
f 1431/26/80 1433/28/81 1450/27/81
s 0
f 1433/28/32 1431/26/32 1434/168/32
s 1
f 1426/167/77 1424/166/77 1436/170/78
f 1434/168/78 1436/170/78 1437/171/79
f 1435/169/79 1437/171/79 1438/173/84
f 1440/172/84 1438/173/84 1439/174/85
s 0
f 1442/30/32 1433/28/32 1435/169/32
f 1440/172/32 1441/175/32 1444/32/32
s 1
f 1433/28/81 1442/30/82 1443/29/82
f 1442/30/82 1444/32/83 1445/31/83
f 1444/32/83 1446/34/87 1447/33/87
s 0
f 1446/34/32 1444/32/32 1441/175/32
f 1446/34/9 1448/176/9 1449/177/9
s 1
f 1441/175/85 1439/174/85 1449/177/86
f 1456/6/64 1458/8/63 1457/7/63
f 1458/8/63 1460/10/69 1459/9/69
f 1459/9/69 1460/10/69 1462/12/70
f 1462/12/70 1464/14/22 1463/13/22
f 1464/14/22 1466/16/71 1465/15/71
f 1465/15/71 1466/16/71 1468/18/25
f 1468/18/25 1470/20/75 1469/19/167
f 1470/20/75 1472/22/28 1471/21/28
f 1472/22/28 1474/24/76 1473/23/76
f 1474/24/76 1476/26/80 1475/25/80
f 1476/26/80 1478/28/81 1477/27/81
f 1478/28/81 1480/30/168 1479/29/168
f 1487/151/66 1494/178/65 1497/152/65
f 1489/154/67 1487/151/66 1502/153/66
f 1488/155/68 1489/154/67 1499/156/67
f 1488/155/68 1500/157/68 1501/159/6
f 1493/158/6 1501/159/6 1511/150/72
f 1490/161/9 1492/160/72 1511/150/72
f 1490/161/9 1508/149/9 1509/163/74
f 1491/162/74 1509/163/74 1506/164/12
f 1495/165/12 1506/164/12 1507/166/77
f 1485/167/77 1507/166/77 1504/170/78
f 1483/168/78 1504/170/78 1505/171/169
s 0
f 1456/6/32 1494/178/32 1487/151/32
f 1458/8/32 1487/151/32 1489/154/32
f 1460/10/32 1489/154/32 1488/155/32
f 1462/12/32 1488/155/32 1493/158/32
f 1464/14/32 1493/158/32 1492/160/32
f 1466/16/32 1492/160/32 1490/161/32
f 1470/20/32 1468/18/32 1490/161/32
f 1472/22/32 1470/20/32 1491/162/32
f 1495/165/32 1485/167/32 1474/24/32
f 1485/167/32 1483/168/32 1476/26/32
f 1478/28/32 1476/26/32 1483/168/32
f 1480/30/32 1478/28/32 1484/169/32
f 1496/259/34 1453/3/34 1498/260/34
f 1453/3/34 1454/2/34 1498/260/34
f 1454/2/34 1455/5/34 1497/152/34
f 1455/5/34 1457/7/34 1502/153/34
f 1497/152/34 1455/5/34 1502/153/34
f 1457/7/34 1459/9/34 1499/156/34
f 1459/9/34 1461/11/34 1500/157/34
f 1461/11/34 1463/13/34 1501/159/34
f 1463/13/34 1465/15/34 1511/150/34
f 1501/159/34 1463/13/34 1511/150/34
f 1465/15/34 1467/17/34 1508/149/34
f 1467/17/34 1469/19/34 1508/149/34
f 1469/19/34 1471/21/34 1509/163/34
f 1471/21/34 1473/23/34 1506/164/34
f 1509/163/34 1471/21/34 1506/164/34
f 1473/23/34 1475/25/34 1507/166/34
f 1475/25/34 1477/27/34 1504/170/34
f 1477/27/34 1479/29/34 1505/171/34
f 1479/29/34 1481/31/34 1503/173/34
f 1505/171/34 1479/29/34 1503/173/34
f 1481/31/34 1482/33/34 1512/174/34
f 1482/33/34 1510/177/34 1512/174/34
f 1475/25/34 1504/170/34 1507/166/34
f 1459/9/34 1500/157/34 1499/156/34
f 1500/157/34 1461/11/34 1501/159/34
f 1497/152/34 1498/260/34 1454/2/34
f 1481/31/34 1512/174/34 1503/173/34
f 1477/27/34 1505/171/34 1504/170/34
f 1499/156/34 1502/153/34 1457/7/34
f 1473/23/34 1507/166/34 1506/164/34
f 1469/19/34 1509/163/34 1508/149/34
s 1
f 1516/6/170 1518/8/171 1517/7/171
f 1518/8/171 1520/10/172 1519/9/172
f 1520/10/172 1522/12/173 1521/11/173
f 1522/12/173 1524/14/174 1523/13/174
f 1524/14/174 1526/16/175 1525/15/175
f 1526/16/175 1528/18/25 1527/17/25
f 1528/18/25 1530/20/176 1529/19/176
f 1530/20/176 1532/22/177 1531/21/177
f 1532/22/177 1534/24/178 1533/23/178
f 1534/24/178 1536/26/179 1535/25/179
f 1536/26/179 1538/28/180 1537/27/180
f 1538/28/180 1540/30/181 1539/29/181
f 1562/153/182 1547/151/182 1554/178/183
f 1559/156/184 1549/154/184 1547/151/182
f 1549/154/184 1559/156/184 1560/157/185
f 1548/155/185 1560/157/185 1561/159/186
f 1553/158/186 1561/159/186 1571/150/187
f 1552/160/187 1571/150/187 1568/149/9
f 1550/161/9 1568/149/9 1569/163/188
f 1551/162/188 1569/163/188 1566/164/189
f 1555/165/189 1566/164/189 1567/166/190
f 1545/167/190 1567/166/190 1564/170/191
f 1543/168/191 1564/170/191 1565/171/192
s 0
f 1554/178/193 1547/151/193 1518/8/193
f 1520/10/193 1518/8/193 1547/151/193
f 1549/154/193 1548/155/193 1522/12/193
f 1524/14/193 1522/12/193 1548/155/193
f 1553/158/193 1552/160/193 1526/16/193
f 1552/160/193 1550/161/193 1528/18/193
f 1528/18/193 1550/161/193 1551/162/193
f 1530/20/193 1551/162/193 1555/165/193
f 1532/22/193 1555/165/193 1545/167/193
f 1534/24/193 1545/167/193 1543/168/193
f 1536/26/193 1543/168/193 1544/169/193
f 1538/28/193 1544/169/193 1546/172/193
f 1556/259/194 1513/3/194 1514/2/194
f 1514/2/194 1515/5/194 1556/259/194
f 1515/5/194 1517/7/194 1557/152/194
f 1517/7/194 1519/9/194 1562/153/194
f 1519/9/194 1521/11/194 1559/156/194
f 1521/11/194 1523/13/194 1560/157/194
f 1523/13/194 1525/15/194 1561/159/194
f 1560/157/194 1523/13/194 1561/159/194
f 1525/15/194 1527/17/194 1571/150/194
f 1527/17/194 1529/19/194 1569/163/194
f 1529/19/194 1531/21/194 1566/164/194
f 1531/21/194 1533/23/194 1567/166/194
f 1566/164/194 1531/21/194 1567/166/194
f 1533/23/194 1535/25/194 1564/170/194
f 1535/25/194 1537/27/194 1565/171/194
f 1537/27/194 1539/29/194 1563/173/194
f 1539/29/194 1541/31/194 1570/177/194
f 1563/173/194 1539/29/194 1572/174/194
f 1541/31/194 1542/33/194 1570/177/194
f 1570/177/194 1572/174/194 1539/29/194
f 1535/25/194 1565/171/194 1564/170/194
f 1565/171/194 1537/27/194 1563/173/194
f 1527/17/194 1569/163/194 1568/149/194
f 1569/163/194 1529/19/194 1566/164/194
f 1519/9/194 1559/156/194 1562/153/194
f 1558/260/194 1556/259/194 1515/5/194
f 1557/152/194 1558/260/194 1515/5/194
f 1562/153/194 1557/152/194 1517/7/194
f 1560/157/194 1559/156/194 1521/11/194
f 1533/23/194 1564/170/194 1567/166/194
f 1571/150/194 1561/159/194 1525/15/194
s 1
f 1575/5/195 1576/6/195 1578/8/196
f 1577/7/196 1578/8/196 1580/10/197
f 1579/9/197 1580/10/197 1582/12/198
f 1581/11/198 1582/12/198 1584/14/199
f 1583/13/199 1584/14/199 1586/16/200
f 1585/15/200 1586/16/200 1588/18/25
f 1587/17/25 1588/18/25 1590/20/201
f 1589/19/201 1590/20/201 1592/22/202
f 1591/21/202 1592/22/202 1594/24/203
f 1593/23/203 1594/24/203 1596/26/204
f 1595/25/204 1596/26/204 1598/28/205
f 1597/27/205 1598/28/205 1600/30/206
f 1607/151/207 1614/178/208 1617/152/208
f 1609/154/209 1607/151/207 1622/153/207
f 1608/155/210 1609/154/209 1619/156/209
f 1613/158/211 1608/155/210 1620/157/210
f 1612/160/212 1613/158/211 1621/159/211
f 1610/161/9 1612/160/212 1631/150/212
f 1611/162/213 1610/161/9 1628/149/9
f 1615/165/214 1611/162/213 1629/163/213
f 1605/167/215 1615/165/214 1626/164/214
f 1603/168/216 1605/167/215 1627/166/215
f 1604/169/217 1603/168/216 1624/170/216
s 0
f 1614/178/218 1607/151/218 1578/8/218
f 1580/10/218 1578/8/218 1607/151/218
f 1609/154/218 1608/155/218 1582/12/218
f 1584/14/218 1582/12/218 1608/155/218
f 1613/158/218 1612/160/218 1586/16/218
f 1612/160/218 1610/161/218 1588/18/218
f 1588/18/218 1610/161/218 1611/162/218
f 1590/20/218 1611/162/218 1615/165/218
f 1592/22/218 1615/165/218 1605/167/218
f 1594/24/218 1605/167/218 1603/168/218
f 1596/26/218 1603/168/218 1604/169/218
f 1598/28/218 1604/169/218 1606/172/218
f 1616/259/219 1573/3/219 1574/2/219
f 1574/2/219 1575/5/219 1616/259/219
f 1575/5/219 1577/7/219 1617/152/219
f 1577/7/219 1579/9/219 1622/153/219
f 1579/9/219 1581/11/219 1619/156/219
f 1581/11/219 1583/13/219 1620/157/219
f 1583/13/219 1585/15/219 1621/159/219
f 1620/157/219 1583/13/219 1621/159/219
f 1585/15/219 1587/17/219 1631/150/219
f 1587/17/219 1589/19/219 1629/163/219
f 1589/19/219 1591/21/219 1626/164/219
f 1591/21/219 1593/23/219 1627/166/219
f 1626/164/219 1591/21/219 1627/166/219
f 1593/23/219 1595/25/219 1624/170/219
f 1595/25/219 1597/27/219 1625/171/219
f 1597/27/219 1599/29/219 1623/173/219
f 1599/29/219 1601/31/219 1630/177/219
f 1623/173/219 1599/29/219 1632/174/219
f 1601/31/219 1602/33/219 1630/177/219
f 1630/177/248 1632/174/248 1599/29/248
f 1595/25/219 1625/171/219 1624/170/219
f 1625/171/219 1597/27/219 1623/173/219
f 1587/17/219 1629/163/219 1628/149/219
f 1629/163/219 1589/19/219 1626/164/219
f 1579/9/219 1619/156/219 1622/153/219
f 1618/260/219 1616/259/219 1575/5/219
f 1617/152/219 1618/260/219 1575/5/219
f 1622/153/219 1617/152/219 1577/7/219
f 1620/157/219 1619/156/219 1581/11/219
f 1593/23/219 1624/170/219 1627/166/219
f 1631/150/219 1621/159/219 1585/15/219
s 1
f 1635/5/220 1636/6/220 1638/8/221
f 1637/7/221 1638/8/221 1640/10/222
f 1639/9/222 1640/10/222 1642/12/223
f 1641/11/223 1642/12/223 1644/14/224
f 1643/13/224 1644/14/224 1646/16/225
f 1645/15/225 1646/16/225 1648/18/25
f 1647/17/25 1648/18/25 1650/20/226
f 1649/19/226 1650/20/226 1652/22/227
f 1651/21/227 1652/22/227 1654/24/228
f 1653/23/228 1654/24/228 1656/26/229
f 1655/25/229 1656/26/229 1658/28/230
f 1657/27/230 1658/28/230 1660/30/231
f 1667/151/232 1674/178/233 1677/152/233
f 1669/154/234 1667/151/232 1682/153/232
f 1668/155/235 1669/154/234 1679/156/234
f 1673/158/236 1668/155/235 1680/157/235
f 1672/160/237 1673/158/236 1681/159/236
f 1670/161/9 1672/160/237 1691/150/237
f 1671/162/238 1670/161/9 1688/149/9
f 1675/165/239 1671/162/238 1689/163/238
f 1665/167/240 1675/165/239 1686/164/239
f 1663/168/241 1665/167/240 1687/166/240
f 1664/169/242 1663/168/241 1684/170/241
s 0
f 1674/178/243 1667/151/243 1638/8/243
f 1640/10/243 1638/8/243 1667/151/243
f 1669/154/243 1668/155/243 1642/12/243
f 1644/14/243 1642/12/243 1668/155/243
f 1673/158/243 1672/160/243 1646/16/243
f 1672/160/243 1670/161/243 1648/18/243
f 1648/18/243 1670/161/243 1671/162/243
f 1650/20/243 1671/162/243 1675/165/243
f 1652/22/243 1675/165/243 1665/167/243
f 1654/24/243 1665/167/243 1663/168/243
f 1656/26/243 1663/168/243 1664/169/243
f 1658/28/243 1664/169/243 1666/172/243
f 1676/259/244 1633/3/244 1634/2/244
f 1634/2/244 1635/5/244 1676/259/244
f 1635/5/244 1637/7/244 1677/152/244
f 1637/7/244 1639/9/244 1682/153/244
f 1639/9/244 1641/11/244 1679/156/244
f 1641/11/244 1643/13/244 1680/157/244
f 1643/13/244 1645/15/244 1681/159/244
f 1680/157/244 1643/13/244 1681/159/244
f 1645/15/244 1647/17/244 1691/150/244
f 1647/17/244 1649/19/244 1689/163/244
f 1649/19/244 1651/21/244 1686/164/244
f 1651/21/244 1653/23/244 1687/166/244
f 1686/164/244 1651/21/244 1687/166/244
f 1653/23/244 1655/25/244 1684/170/244
f 1655/25/244 1657/27/244 1685/171/244
f 1657/27/244 1659/29/244 1683/173/244
f 1659/29/244 1661/31/244 1690/177/244
f 1683/173/244 1659/29/244 1692/174/244
f 1661/31/244 1662/33/244 1690/177/244
f 1690/177/244 1692/174/244 1659/29/244
f 1655/25/244 1685/171/244 1684/170/244
f 1685/171/244 1657/27/244 1683/173/244
f 1647/17/244 1689/163/244 1688/149/244
f 1689/163/244 1649/19/244 1686/164/244
f 1639/9/244 1679/156/244 1682/153/244
f 1678/260/244 1676/259/244 1635/5/244
f 1677/152/244 1678/260/244 1635/5/244
f 1682/153/244 1677/152/244 1637/7/244
f 1680/157/244 1679/156/244 1641/11/244
f 1653/23/244 1684/170/244 1687/166/244
f 1691/150/244 1681/159/244 1645/15/244
s 1
f 1696/6/170 1698/8/171 1697/7/171
f 1698/8/171 1700/10/172 1699/9/172
f 1700/10/172 1702/12/173 1701/11/173
f 1702/12/173 1704/14/174 1703/13/174
f 1704/14/174 1706/16/175 1705/15/175
f 1706/16/175 1708/18/25 1707/17/25
f 1708/18/25 1710/20/176 1709/19/176
f 1710/20/176 1712/22/177 1711/21/177
f 1712/22/177 1714/24/178 1713/23/178
f 1714/24/178 1716/26/179 1715/25/179
f 1716/26/179 1718/28/180 1717/27/180
f 1718/28/180 1720/30/181 1719/29/181
f 1742/153/182 1727/151/182 1734/178/183
f 1739/156/184 1729/154/184 1727/151/182
f 1729/154/184 1739/156/184 1740/157/185
f 1728/155/185 1740/157/185 1741/159/186
f 1733/158/186 1741/159/186 1751/150/187
f 1732/160/187 1751/150/187 1748/149/9
f 1730/161/9 1748/149/9 1749/163/188
f 1731/162/188 1749/163/188 1746/164/189
f 1735/165/189 1746/164/189 1747/166/190
f 1725/167/190 1747/166/190 1744/170/191
f 1723/168/191 1744/170/191 1745/171/192
s 0
f 1734/178/193 1727/151/193 1698/8/193
f 1700/10/193 1698/8/193 1727/151/193
f 1729/154/193 1728/155/193 1702/12/193
f 1704/14/193 1702/12/193 1728/155/193
f 1733/158/193 1732/160/193 1706/16/193
f 1732/160/193 1730/161/193 1708/18/193
f 1708/18/193 1730/161/193 1731/162/193
f 1710/20/193 1731/162/193 1735/165/193
f 1712/22/193 1735/165/193 1725/167/193
f 1714/24/193 1725/167/193 1723/168/193
f 1716/26/193 1723/168/193 1724/169/193
f 1718/28/193 1724/169/193 1726/172/193
f 1736/259/194 1693/3/194 1694/2/194
f 1694/2/194 1695/5/194 1736/259/194
f 1695/5/194 1697/7/194 1737/152/194
f 1697/7/194 1699/9/194 1742/153/194
f 1699/9/194 1701/11/194 1739/156/194
f 1701/11/194 1703/13/194 1740/157/194
f 1703/13/194 1705/15/194 1741/159/194
f 1740/157/194 1703/13/194 1741/159/194
f 1705/15/194 1707/17/194 1751/150/194
f 1707/17/194 1709/19/194 1749/163/194
f 1709/19/194 1711/21/194 1746/164/194
f 1711/21/194 1713/23/194 1747/166/194
f 1746/164/194 1711/21/194 1747/166/194
f 1713/23/194 1715/25/194 1744/170/194
f 1715/25/194 1717/27/194 1745/171/194
f 1717/27/194 1719/29/194 1743/173/194
f 1719/29/194 1721/31/194 1750/177/194
f 1743/173/194 1719/29/194 1752/174/194
f 1721/31/194 1722/33/194 1750/177/194
f 1750/177/194 1752/174/194 1719/29/194
f 1715/25/194 1745/171/194 1744/170/194
f 1745/171/194 1717/27/194 1743/173/194
f 1707/17/194 1749/163/194 1748/149/194
f 1749/163/194 1709/19/194 1746/164/194
f 1699/9/194 1739/156/194 1742/153/194
f 1738/260/194 1736/259/194 1695/5/194
f 1737/152/194 1738/260/194 1695/5/194
f 1742/153/194 1737/152/194 1697/7/194
f 1740/157/194 1739/156/194 1701/11/194
f 1713/23/194 1744/170/194 1747/166/194
f 1751/150/194 1741/159/194 1705/15/194
