mtllib magma_horizon_spire.mtl
o magma_horizon_spire
v 7.700622 13.800000 0.639339
v 7.276395 13.800000 2.863176
v 10.413591 0.000000 3.542383
v 10.667449 0.000000 0.392772
v 7.276395 13.800000 2.863176
v 5.665363 13.800000 4.555913
v 8.279230 0.000000 6.013696
v 10.413591 0.000000 3.542383
v 5.665363 13.800000 4.555913
v 3.800833 13.800000 5.855796
v 5.684019 0.000000 7.838580
v 8.279230 0.000000 6.013696
v 3.800833 13.800000 5.855796
v 1.647138 13.800000 6.646616
v 2.786966 0.000000 9.116761
v 5.684019 0.000000 7.838580
v 1.647138 13.800000 6.646616
v -0.655804 13.800000 6.685669
v -0.402161 0.000000 9.244778
v 2.786966 0.000000 9.116761
v -0.655804 13.800000 6.685669
v -3.023328 13.800000 6.503230
v -3.668722 0.000000 9.128417
v -0.402161 0.000000 9.244778
v -3.023328 13.800000 6.503230
v -5.178971 13.800000 5.450941
v -6.836048 0.000000 7.965798
v -3.668722 0.000000 9.128417
v -5.178971 13.800000 5.450941
v -6.551623 13.800000 3.599295
v -8.865604 0.000000 5.441293
v -6.836048 0.000000 7.965798
v -6.551623 13.800000 3.599295
v -7.441303 13.800000 1.560824
v -10.218187 0.000000 2.643873
v -8.865604 0.000000 5.441293
v -7.441303 13.800000 1.560824
v -7.358183 13.800000 -0.610908
v -10.315753 0.000000 -0.379822
v -10.218187 0.000000 2.643873
v -7.358183 13.800000 -0.610908
v -6.625437 13.800000 -2.607032
v -9.283115 0.000000 -3.157830
v -10.315753 0.000000 -0.379822
v -6.625437 13.800000 -2.607032
v -5.718687 13.800000 -4.598794
v -8.202929 0.000000 -5.958273
v -9.283115 0.000000 -3.157830
v -5.718687 13.800000 -4.598794
v -3.951086 13.800000 -6.087284
v -5.970205 0.000000 -8.233245
v -8.202929 0.000000 -5.958273
v -3.951086 13.800000 -6.087284
v -1.713837 13.800000 -6.915764
v -2.898526 0.000000 -9.481698
v -5.970205 0.000000 -8.233245
v -1.713837 13.800000 -6.915764
v 0.703159 13.800000 -7.168432
v 0.437615 0.000000 -10.059768
v -2.898526 0.000000 -9.481698
v 0.703159 13.800000 -7.168432
v 2.922550 13.800000 -6.286456
v 3.614118 0.000000 -8.992552
v 0.437615 0.000000 -10.059768
v 2.922550 13.800000 -6.286456
v 4.771798 13.800000 -5.022385
v 6.176962 0.000000 -7.197789
v 3.614118 0.000000 -8.992552
v 4.771798 13.800000 -5.022385
v 6.429985 13.800000 -3.532470
v 8.603771 0.000000 -5.280593
v 6.176962 0.000000 -7.197789
v 6.429985 13.800000 -3.532470
v 7.300415 13.800000 -1.531273
v 9.997529 0.000000 -2.586779
v 8.603771 0.000000 -5.280593
v 7.300415 13.800000 -1.531273
v 7.700622 13.800000 0.639339
v 10.667449 0.000000 0.392772
v 9.997529 0.000000 -2.586779
v 4.862600 22.800000 0.000000
v 4.781554 22.800000 1.429331
v 7.276395 13.800000 2.863176
v 7.700622 13.800000 0.639339
v 4.781554 22.800000 1.429331
v 3.945226 22.800000 2.637065
v 5.665363 13.800000 4.555913
v 7.276395 13.800000 2.863176
v 3.945226 22.800000 2.637065
v 2.787645 22.800000 3.529916
v 3.800833 13.800000 5.855796
v 5.665363 13.800000 4.555913
v 2.787645 22.800000 3.529916
v 1.473585 22.800000 4.172409
v 1.647138 13.800000 6.646616
v 3.800833 13.800000 5.855796
v 1.473585 22.800000 4.172409
v 0.000000 22.800000 4.311466
v -0.655804 13.800000 6.685669
v 1.647138 13.800000 6.646616
v 0.000000 22.800000 4.311466
v -1.489884 22.800000 4.218561
v -3.023328 13.800000 6.503230
v -0.655804 13.800000 6.685669
v -1.489884 22.800000 4.218561
v -2.942534 22.800000 3.726047
v -5.178971 13.800000 5.450941
v -3.023328 13.800000 6.503230
v -2.942534 22.800000 3.726047
v -3.961526 22.800000 2.647960
v -6.551623 13.800000 3.599295
v -5.178971 13.800000 5.450941
v -3.961526 22.800000 2.647960
v -4.626665 22.800000 1.383031
v -7.441303 13.800000 1.560824
v -6.551623 13.800000 3.599295
v -4.626665 22.800000 1.383031
v -4.797400 22.800000 0.000000
v -7.358183 13.800000 -0.610908
v -7.441303 13.800000 1.560824
v -4.797400 22.800000 0.000000
v -4.405652 22.800000 -1.316964
v -6.625437 13.800000 -2.607032
v -7.358183 13.800000 -0.610908
v -4.405652 22.800000 -1.316964
v -3.869878 22.800000 -2.586700
v -5.718687 13.800000 -4.598794
v -6.625437 13.800000 -2.607032
v -3.869878 22.800000 -2.586700
v -2.890360 22.800000 -3.659980
v -3.951086 13.800000 -6.087284
v -5.718687 13.800000 -4.598794
v -2.890360 22.800000 -3.659980
v -1.511520 22.800000 -4.279821
v -1.713837 13.800000 -6.915764
v -3.951086 13.800000 -6.087284
v -1.511520 22.800000 -4.279821
v -0.000000 22.800000 -4.575734
v 0.703159 13.800000 -7.168432
v -1.713837 13.800000 -6.915764
v -0.000000 22.800000 -4.575734
v 1.495220 22.800000 -4.233668
v 2.922550 13.800000 -6.286456
v 0.703159 13.800000 -7.168432
v 1.495220 22.800000 -4.233668
v 2.735471 22.800000 -3.463849
v 4.771798 13.800000 -5.022385
v 2.922550 13.800000 -6.286456
v 2.735471 22.800000 -3.463849
v 3.853578 22.800000 -2.575805
v 6.429985 13.800000 -3.532470
v 4.771798 13.800000 -5.022385
v 3.853578 22.800000 -2.575805
v 4.560541 22.800000 -1.363265
v 7.300415 13.800000 -1.531273
v 6.429985 13.800000 -3.532470
v 4.560541 22.800000 -1.363265
v 4.862600 22.800000 0.000000
v 7.700622 13.800000 0.639339
v 7.300415 13.800000 -1.531273
v 3.607214 27.000000 0.232685
v 3.415932 27.000000 1.270399
v 4.781554 22.800000 1.429331
v 4.862600 22.800000 0.000000
v 3.415932 27.000000 1.270399
v 2.731847 27.000000 2.109709
v 3.945226 22.800000 2.637065
v 4.781554 22.800000 1.429331
v 2.731847 27.000000 2.109709
v 1.865869 27.000000 2.748276
v 2.787645 22.800000 3.529916
v 3.945226 22.800000 2.637065
v 1.865869 27.000000 2.748276
v 0.852365 27.000000 3.147663
v 1.473585 22.800000 4.172409
v 2.787645 22.800000 3.529916
v 0.852365 27.000000 3.147663
v -0.243760 27.000000 3.198464
v 0.000000 22.800000 4.311466
v 1.473585 22.800000 4.172409
v -0.243760 27.000000 3.198464
v -1.349392 27.000000 3.071021
v -1.489884 22.800000 4.218561
v 0.000000 22.800000 4.311466
v -1.349392 27.000000 3.071021
v -2.359786 27.000000 2.586319
v -2.942534 22.800000 3.726047
v -1.489884 22.800000 4.218561
v -2.359786 27.000000 2.586319
v -3.049263 27.000000 1.752231
v -3.961526 22.800000 2.647960
v -2.942534 22.800000 3.726047
v -3.049263 27.000000 1.752231
v -3.486288 27.000000 0.799055
v -4.626665 22.800000 1.383031
v -3.961526 22.800000 2.647960
v -3.486288 27.000000 0.799055
v -3.515300 27.000000 -0.226756
v -4.797400 22.800000 0.000000
v -4.626665 22.800000 1.383031
v -3.515300 27.000000 -0.226756
v -3.203661 27.000000 -1.191455
v -4.405652 22.800000 -1.316964
v -4.797400 22.800000 0.000000
v -3.203661 27.000000 -1.191455
v -2.736852 27.000000 -2.113574
v -3.869878 22.800000 -2.586700
v -4.405652 22.800000 -1.316964
v -2.736852 27.000000 -2.113574
v -1.916623 27.000000 -2.823033
v -2.890360 22.800000 -3.659980
v -3.869878 22.800000 -2.586700
v -1.916623 27.000000 -2.823033
v -0.873663 27.000000 -3.226312
v -1.511520 22.800000 -4.279821
v -2.890360 22.800000 -3.659980
v -0.873663 27.000000 -3.226312
v 0.255632 27.000000 -3.354249
v -0.000000 22.800000 -4.575734
v -1.511520 22.800000 -4.279821
v 0.255632 27.000000 -3.354249
v 1.326536 27.000000 -3.019005
v 1.495220 22.800000 -4.233668
v -0.000000 22.800000 -4.575734
v 1.326536 27.000000 -3.019005
v 2.230739 27.000000 -2.444885
v 2.735471 22.800000 -3.463849
v 1.495220 22.800000 -4.233668
v 2.230739 27.000000 -2.444885
v 3.006507 27.000000 -1.727662
v 3.853578 22.800000 -2.575805
v 2.735471 22.800000 -3.463849
v 3.006507 27.000000 -1.727662
v 3.441946 27.000000 -0.788891
v 4.560541 22.800000 -1.363265
v 3.853578 22.800000 -2.575805
v 3.441946 27.000000 -0.788891
v 3.607214 27.000000 0.232685
v 4.862600 22.800000 0.000000
v 4.560541 22.800000 -1.363265
v 3.607214 27.000000 0.232685
v 3.415932 27.000000 1.270399
v 1.681432 25.800000 0.625331
v 1.792118 25.800000 0.115601
v 3.415932 27.000000 1.270399
v 2.731847 27.000000 2.109709
v 1.366549 25.800000 1.055338
v 1.681432 25.800000 0.625331
v 2.731847 27.000000 2.109709
v 1.865869 27.000000 2.748276
v 0.939279 25.800000 1.383482
v 1.366549 25.800000 1.055338
v 1.865869 27.000000 2.748276
v 0.852365 27.000000 3.147663
v 0.428845 25.800000 1.583663
v 0.939279 25.800000 1.383482
v 0.852365 27.000000 3.147663
v -0.243760 27.000000 3.198464
v -0.123364 25.800000 1.618705
v 0.428845 25.800000 1.583663
v -0.243760 27.000000 3.198464
v -1.349392 27.000000 3.071021
v -0.671839 25.800000 1.529008
v -0.123364 25.800000 1.618705
v -1.349392 27.000000 3.071021
v -2.359786 27.000000 2.586319
v -1.163762 25.800000 1.275480
v -0.671839 25.800000 1.529008
v -2.359786 27.000000 2.586319
v -3.049263 27.000000 1.752231
v -1.519287 25.800000 0.873044
v -1.163762 25.800000 1.275480
v -3.049263 27.000000 1.752231
v -3.486288 27.000000 0.799055
v -1.737601 25.800000 0.398257
v -1.519287 25.800000 0.873044
v -3.486288 27.000000 0.799055
v -3.515300 27.000000 -0.226756
v -1.769139 25.800000 -0.114119
v -1.737601 25.800000 0.398257
v -3.515300 27.000000 -0.226756
v -3.203661 27.000000 -1.191455
v -1.628364 25.800000 -0.605595
v -1.769139 25.800000 -0.114119
v -3.203661 27.000000 -1.191455
v -2.736852 27.000000 -2.113574
v -1.367801 25.800000 -1.056304
v -1.628364 25.800000 -0.605595
v -2.736852 27.000000 -2.113574
v -1.916623 27.000000 -2.823033
v -0.951967 25.800000 -1.402172
v -1.367801 25.800000 -1.056304
v -1.916623 27.000000 -2.823033
v -0.873663 27.000000 -3.226312
v -0.434169 25.800000 -1.603325
v -0.951967 25.800000 -1.402172
v -0.873663 27.000000 -3.226312
v 0.255632 27.000000 -3.354249
v 0.126332 25.800000 -1.657651
v -0.434169 25.800000 -1.603325
v 0.255632 27.000000 -3.354249
v 1.326536 27.000000 -3.019005
v 0.666125 25.800000 -1.516004
v 0.126332 25.800000 -1.657651
v 1.326536 27.000000 -3.019005
v 2.230739 27.000000 -2.444885
v 1.131501 25.800000 -1.240122
v 0.666125 25.800000 -1.516004
v 2.230739 27.000000 -2.444885
v 3.006507 27.000000 -1.727662
v 1.508598 25.800000 -0.866902
v 1.131501 25.800000 -1.240122
v 3.006507 27.000000 -1.727662
v 3.441946 27.000000 -0.788891
v 1.726516 25.800000 -0.395716
v 1.508598 25.800000 -0.866902
v 3.441946 27.000000 -0.788891
v 3.607214 27.000000 0.232685
v 1.792118 25.800000 0.115601
v 1.726516 25.800000 -0.395716
v 1.681432 25.800000 0.625331
v 1.792118 25.800000 0.115601
v 0.000000 25.950000 0.000000
v 1.366549 25.800000 1.055338
v 1.681432 25.800000 0.625331
v 0.000000 25.950000 0.000000
v 0.939279 25.800000 1.383482
v 1.366549 25.800000 1.055338
v 0.000000 25.950000 0.000000
v 0.428845 25.800000 1.583663
v 0.939279 25.800000 1.383482
v 0.000000 25.950000 0.000000
v -0.123364 25.800000 1.618705
v 0.428845 25.800000 1.583663
v 0.000000 25.950000 0.000000
v -0.671839 25.800000 1.529008
v -0.123364 25.800000 1.618705
v 0.000000 25.950000 0.000000
v -1.163762 25.800000 1.275480
v -0.671839 25.800000 1.529008
v 0.000000 25.950000 0.000000
v -1.519287 25.800000 0.873044
v -1.163762 25.800000 1.275480
v 0.000000 25.950000 0.000000
v -1.737601 25.800000 0.398257
v -1.519287 25.800000 0.873044
v 0.000000 25.950000 0.000000
v -1.769139 25.800000 -0.114119
v -1.737601 25.800000 0.398257
v 0.000000 25.950000 0.000000
v -1.628364 25.800000 -0.605595
v -1.769139 25.800000 -0.114119
v 0.000000 25.950000 0.000000
v -1.367801 25.800000 -1.056304
v -1.628364 25.800000 -0.605595
v 0.000000 25.950000 0.000000
v -0.951967 25.800000 -1.402172
v -1.367801 25.800000 -1.056304
v 0.000000 25.950000 0.000000
v -0.434169 25.800000 -1.603325
v -0.951967 25.800000 -1.402172
v 0.000000 25.950000 0.000000
v 0.126332 25.800000 -1.657651
v -0.434169 25.800000 -1.603325
v 0.000000 25.950000 0.000000
v 0.666125 25.800000 -1.516004
v 0.126332 25.800000 -1.657651
v 0.000000 25.950000 0.000000
v 1.131501 25.800000 -1.240122
v 0.666125 25.800000 -1.516004
v 0.000000 25.950000 0.000000
v 1.508598 25.800000 -0.866902
v 1.131501 25.800000 -1.240122
v 0.000000 25.950000 0.000000
v 1.726516 25.800000 -0.395716
v 1.508598 25.800000 -0.866902
v 0.000000 25.950000 0.000000
v 1.792118 25.800000 0.115601
v 1.726516 25.800000 -0.395716
v 0.000000 25.950000 0.000000
v 0.000000 -0.800000 0.000000
v 10.667449 0.000000 0.392772
v 10.413591 0.000000 3.542383
v 0.000000 -0.800000 0.000000
v 10.413591 0.000000 3.542383
v 8.279230 0.000000 6.013696
v 0.000000 -0.800000 0.000000
v 8.279230 0.000000 6.013696
v 5.684019 0.000000 7.838580
v 0.000000 -0.800000 0.000000
v 5.684019 0.000000 7.838580
v 2.786966 0.000000 9.116761
v 0.000000 -0.800000 0.000000
v 2.786966 0.000000 9.116761
v -0.402161 0.000000 9.244778
v 0.000000 -0.800000 0.000000
v -0.402161 0.000000 9.244778
v -3.668722 0.000000 9.128417
v 0.000000 -0.800000 0.000000
v -3.668722 0.000000 9.128417
v -6.836048 0.000000 7.965798
v 0.000000 -0.800000 0.000000
v -6.836048 0.000000 7.965798
v -8.865604 0.000000 5.441293
v 0.000000 -0.800000 0.000000
v -8.865604 0.000000 5.441293
v -10.218187 0.000000 2.643873
v 0.000000 -0.800000 0.000000
v -10.218187 0.000000 2.643873
v -10.315753 0.000000 -0.379822
v 0.000000 -0.800000 0.000000
v -10.315753 0.000000 -0.379822
v -9.283115 0.000000 -3.157830
v 0.000000 -0.800000 0.000000
v -9.283115 0.000000 -3.157830
v -8.202929 0.000000 -5.958273
v 0.000000 -0.800000 0.000000
v -8.202929 0.000000 -5.958273
v -5.970205 0.000000 -8.233245
v 0.000000 -0.800000 0.000000
v -5.970205 0.000000 -8.233245
v -2.898526 0.000000 -9.481698
v 0.000000 -0.800000 0.000000
v -2.898526 0.000000 -9.481698
v 0.437615 0.000000 -10.059768
v 0.000000 -0.800000 0.000000
v 0.437615 0.000000 -10.059768
v 3.614118 0.000000 -8.992552
v 0.000000 -0.800000 0.000000
v 3.614118 0.000000 -8.992552
v 6.176962 0.000000 -7.197789
v 0.000000 -0.800000 0.000000
v 6.176962 0.000000 -7.197789
v 8.603771 0.000000 -5.280593
v 0.000000 -0.800000 0.000000
v 8.603771 0.000000 -5.280593
v 9.997529 0.000000 -2.586779
v 0.000000 -0.800000 0.000000
v 9.997529 0.000000 -2.586779
v 10.667449 0.000000 0.392772
v -5.674186 0.000000 3.357233
v -5.437636 0.000000 5.250002
v -7.336008 9.200000 5.114670
v -7.399728 9.200000 3.745760
v -5.437636 0.000000 5.250002
v -6.230981 0.000000 7.027032
v -8.026115 9.200000 6.334701
v -7.336008 9.200000 5.114670
v -8.026115 9.200000 6.334701
v -9.134095 9.200000 7.205581
v -7.784250 0.000000 8.262026
v -6.230981 0.000000 7.027032
v -9.134095 9.200000 7.205581
v -10.340211 9.200000 7.888916
v -9.412734 0.000000 9.271125
v -7.784250 0.000000 8.262026
v -10.340211 9.200000 7.888916
v -11.732751 9.200000 8.092899
v -11.321274 0.000000 9.653704
v -9.412734 0.000000 9.271125
v -11.732751 9.200000 8.092899
v -13.142049 9.200000 8.044565
v -13.262845 0.000000 9.611456
v -11.321274 0.000000 9.653704
v -13.142049 9.200000 8.044565
v -14.582304 9.200000 7.720206
v -15.304753 0.000000 9.330888
v -13.262845 0.000000 9.611456
v -14.582304 9.200000 7.720206
v -15.641781 9.200000 6.755780
v -16.895613 0.000000 8.098656
v -15.304753 0.000000 9.330888
v -15.641781 9.200000 6.755780
v -16.320670 9.200000 5.560814
v -17.878487 0.000000 6.442188
v -16.895613 0.000000 8.098656
v -16.320670 9.200000 5.560814
v -16.599144 9.200000 4.254178
v -18.396824 0.000000 4.649982
v -17.878487 0.000000 6.442188
v -16.599144 9.200000 4.254178
v -16.255945 9.200000 2.982851
v -17.971803 0.000000 2.862489
v -18.396824 0.000000 4.649982
v -16.255945 9.200000 2.982851
v -15.793426 9.200000 1.771321
v -17.349745 0.000000 1.192963
v -17.971803 0.000000 2.862489
v -15.793426 9.200000 1.771321
v -14.988462 9.200000 0.657336
v -16.399229 0.000000 -0.447519
v -17.349745 0.000000 1.192963
v -14.988462 9.200000 0.657336
v -13.708568 9.200000 -0.003206
v -14.680634 0.000000 -1.461346
v -16.399229 0.000000 -0.447519
v -13.708568 9.200000 -0.003206
v -12.285379 9.200000 -0.370563
v -12.726436 0.000000 -2.051123
v -14.680634 0.000000 -1.461346
v -12.726436 0.000000 -2.051123
v -10.667723 0.000000 -1.919977
v -10.824854 9.200000 -0.161777
v -12.285379 9.200000 -0.370563
v -10.667723 0.000000 -1.919977
v -8.963374 0.000000 -0.898374
v -9.622108 9.200000 0.574280
v -10.824854 9.200000 -0.161777
v -8.963374 0.000000 -0.898374
v -7.428716 0.000000 0.172875
v -8.524124 9.200000 1.369763
v -9.622108 9.200000 0.574280
v -7.428716 0.000000 0.172875
v -6.212758 0.000000 1.595720
v -7.742277 9.200000 2.461926
v -8.524124 9.200000 1.369763
v -6.212758 0.000000 1.595720
v -5.674186 0.000000 3.357233
v -7.399728 9.200000 3.745760
v -7.742277 9.200000 2.461926
v -7.399728 9.200000 3.745760
v -7.336008 9.200000 5.114670
v -9.011330 15.200000 4.455467
v -9.107111 15.200000 3.597760
v -7.336008 9.200000 5.114670
v -8.026115 9.200000 6.334701
v -9.302283 15.200000 5.286804
v -9.011330 15.200000 4.455467
v -8.026115 9.200000 6.334701
v -9.134095 9.200000 7.205581
v -9.958299 15.200000 5.905151
v -9.302283 15.200000 5.286804
v -9.958299 15.200000 5.905151
v -10.700099 15.200000 6.388761
v -10.340211 9.200000 7.888916
v -9.134095 9.200000 7.205581
v -10.700099 15.200000 6.388761
v -11.569497 15.200000 6.620589
v -11.732751 9.200000 8.092899
v -10.340211 9.200000 7.888916
v -11.569497 15.200000 6.620589
v -12.469703 15.200000 6.608672
v -13.142049 9.200000 8.044565
v -11.732751 9.200000 8.092899
v -12.469703 15.200000 6.608672
v -13.389602 15.200000 6.465755
v -14.582304 9.200000 7.720206
v -13.142049 9.200000 8.044565
v -13.389602 15.200000 6.465755
v -14.155848 15.200000 5.955494
v -15.641781 9.200000 6.755780
v -14.582304 9.200000 7.720206
v -14.155848 15.200000 5.955494
v -14.647578 15.200000 5.219444
v -16.320670 9.200000 5.560814
v -15.641781 9.200000 6.755780
v -14.647578 15.200000 5.219444
v -14.928995 15.200000 4.407260
v -16.599144 9.200000 4.254178
v -16.320670 9.200000 5.560814
v -14.928995 15.200000 4.407260
v -14.820172 15.200000 3.570212
v -16.255945 9.200000 2.982851
v -16.599144 9.200000 4.254178
v -14.820172 15.200000 3.570212
v -14.529473 15.200000 2.793448
v -15.793426 9.200000 1.771321
v -16.255945 9.200000 2.982851
v -14.529473 15.200000 2.793448
v -14.092164 15.200000 2.047761
v -14.988462 9.200000 0.657336
v -15.793426 9.200000 1.771321
v -14.092164 15.200000 2.047761
v -13.335987 15.200000 1.544925
v -13.708568 9.200000 -0.003206
v -14.988462 9.200000 0.657336
v -13.335987 15.200000 1.544925
v -12.449388 15.200000 1.264455
v -12.285379 9.200000 -0.370563
v -13.708568 9.200000 -0.003206
v -12.285379 9.200000 -0.370563
v -10.824854 9.200000 -0.161777
v -11.507468 15.200000 1.264537
v -12.449388 15.200000 1.264455
v -10.824854 9.200000 -0.161777
v -9.622108 9.200000 0.574280
v -10.679431 15.200000 1.656740
v -11.507468 15.200000 1.264537
v -9.622108 9.200000 0.574280
v -8.524124 9.200000 1.369763
v -9.963032 15.200000 2.152338
v -10.679431 15.200000 1.656740
v -8.524124 9.200000 1.369763
v -7.742277 9.200000 2.461926
v -9.382539 15.200000 2.794427
v -9.963032 15.200000 2.152338
v -7.742277 9.200000 2.461926
v -7.399728 9.200000 3.745760
v -9.107111 15.200000 3.597760
v -9.382539 15.200000 2.794427
v -9.107111 15.200000 3.597760
v -9.011330 15.200000 4.455467
v -9.821507 18.000000 4.478075
v -9.833919 18.000000 3.840235
v -9.011330 15.200000 4.455467
v -9.302283 15.200000 5.286804
v -10.109585 18.000000 5.062282
v -9.821507 18.000000 4.478075
v -9.302283 15.200000 5.286804
v -9.958299 15.200000 5.905151
v -10.603357 18.000000 5.499997
v -10.109585 18.000000 5.062282
v -9.958299 15.200000 5.905151
v -10.700099 15.200000 6.388761
v -11.172498 18.000000 5.830380
v -10.603357 18.000000 5.499997
v -11.172498 18.000000 5.830380
v -11.829749 18.000000 5.953708
v -11.569497 15.200000 6.620589
v -10.700099 15.200000 6.388761
v -11.829749 18.000000 5.953708
v -12.498847 18.000000 5.923992
v -12.469703 15.200000 6.608672
v -11.569497 15.200000 6.620589
v -12.498847 18.000000 5.923992
v -13.164134 18.000000 5.753460
v -13.389602 15.200000 6.465755
v -12.469703 15.200000 6.608672
v -13.164134 18.000000 5.753460
v -13.680918 18.000000 5.324699
v -14.155848 15.200000 5.955494
v -13.389602 15.200000 6.465755
v -13.680918 18.000000 5.324699
v -14.018519 18.000000 4.772389
v -14.647578 15.200000 5.219444
v -14.155848 15.200000 5.955494
v -14.018519 18.000000 4.772389
v -14.172000 18.000000 4.160201
v -14.928995 15.200000 4.407260
v -14.647578 15.200000 5.219444
v -14.172000 18.000000 4.160201
v -14.054740 18.000000 3.549083
v -14.820172 15.200000 3.570212
v -14.928995 15.200000 4.407260
v -14.054740 18.000000 3.549083
v -13.823592 18.000000 2.975268
v -14.529473 15.200000 2.793448
v -14.820172 15.200000 3.570212
v -13.823592 18.000000 2.975268
v -13.434584 18.000000 2.459254
v -14.092164 15.200000 2.047761
v -14.529473 15.200000 2.793448
v -13.434584 18.000000 2.459254
v -12.843806 18.000000 2.133556
v -13.335987 15.200000 1.544925
v -14.092164 15.200000 2.047761
v -12.843806 18.000000 2.133556
v -12.177538 18.000000 1.962674
v -12.449388 15.200000 1.264455
v -13.335987 15.200000 1.544925
v -12.449388 15.200000 1.264455
v -11.507468 15.200000 1.264537
v -11.489073 18.000000 2.029417
v -12.177538 18.000000 1.962674
v -11.507468 15.200000 1.264537
v -10.679431 15.200000 1.656740
v -10.895641 18.000000 2.336574
v -11.489073 18.000000 2.029417
v -10.679431 15.200000 1.656740
v -9.963032 15.200000 2.152338
v -10.375762 18.000000 2.719970
v -10.895641 18.000000 2.336574
v -9.963032 15.200000 2.152338
v -9.382539 15.200000 2.794427
v -10.000232 18.000000 3.234786
v -10.375762 18.000000 2.719970
v -9.382539 15.200000 2.794427
v -9.107111 15.200000 3.597760
v -9.833919 18.000000 3.840235
v -10.000232 18.000000 3.234786
v -9.833919 18.000000 3.840235
v -9.821507 18.000000 4.478075
v -10.926223 17.200000 4.235643
v -10.916220 17.200000 3.920063
v -9.821507 18.000000 4.478075
v -10.109585 18.000000 5.062282
v -11.063146 17.200000 4.526447
v -10.926223 17.200000 4.235643
v -10.109585 18.000000 5.062282
v -10.603357 18.000000 5.499997
v -11.296936 17.200000 4.755092
v -11.063146 17.200000 4.526447
v -10.603357 18.000000 5.499997
v -11.172498 18.000000 5.830380
v -11.584211 17.200000 4.919698
v -11.296936 17.200000 4.755092
v -11.172498 18.000000 5.830380
v -11.829749 18.000000 5.953708
v -11.913964 17.200000 4.987306
v -11.584211 17.200000 4.919698
v -11.829749 18.000000 5.953708
v -12.498847 18.000000 5.923992
v -12.250934 17.200000 4.967820
v -11.913964 17.200000 4.987306
v -12.498847 18.000000 5.923992
v -13.164134 18.000000 5.753460
v -12.574595 17.200000 4.865476
v -12.250934 17.200000 4.967820
v -13.164134 18.000000 5.753460
v -13.680918 18.000000 5.324699
v -12.833374 17.200000 4.656766
v -12.574595 17.200000 4.865476
v -13.680918 18.000000 5.324699
v -14.018519 18.000000 4.772389
v -13.006916 17.200000 4.385298
v -12.833374 17.200000 4.656766
v -14.018519 18.000000 4.772389
v -14.172000 18.000000 4.160201
v -13.085260 17.200000 4.080046
v -13.006916 17.200000 4.385298
v -14.172000 18.000000 4.160201
v -14.054740 18.000000 3.549083
v -13.042839 17.200000 3.771147
v -13.085260 17.200000 4.080046
v -14.054740 18.000000 3.549083
v -13.823592 18.000000 2.975268
v -12.920149 17.200000 3.482940
v -13.042839 17.200000 3.771147
v -13.823592 18.000000 2.975268
v -13.434584 18.000000 2.459254
v -12.712549 17.200000 3.234720
v -12.920149 17.200000 3.482940
v -13.434584 18.000000 2.459254
v -12.843806 18.000000 2.133556
v -12.419865 17.200000 3.071286
v -12.712549 17.200000 3.234720
v -12.843806 18.000000 2.133556
v -12.177538 18.000000 1.962674
v -12.087858 17.200000 2.991789
v -12.419865 17.200000 3.071286
v -12.177538 18.000000 1.962674
v -11.489073 18.000000 2.029417
v -11.746046 17.200000 3.020533
v -12.087858 17.200000 2.991789
v -11.489073 18.000000 2.029417
v -10.895641 18.000000 2.336574
v -11.440349 17.200000 3.157033
v -11.746046 17.200000 3.020533
v -10.895641 18.000000 2.336574
v -10.375762 18.000000 2.719970
v -11.180796 17.200000 3.354401
v -11.440349 17.200000 3.157033
v -10.375762 18.000000 2.719970
v -10.000232 18.000000 3.234786
v -10.997772 17.200000 3.616496
v -11.180796 17.200000 3.354401
v -10.000232 18.000000 3.234786
v -9.833919 18.000000 3.840235
v -10.916220 17.200000 3.920063
v -10.997772 17.200000 3.616496
v 0.000000 17.300000 0.000000
v -10.916220 17.200000 3.920063
v -10.926223 17.200000 4.235643
v 0.000000 17.300000 0.000000
v -10.926223 17.200000 4.235643
v -11.063146 17.200000 4.526447
v 0.000000 17.300000 0.000000
v -11.063146 17.200000 4.526447
v -11.296936 17.200000 4.755092
v 0.000000 17.300000 0.000000
v -11.296936 17.200000 4.755092
v -11.584211 17.200000 4.919698
v -11.913964 17.200000 4.987306
v -11.584211 17.200000 4.919698
v 0.000000 17.300000 0.000000
v -12.250934 17.200000 4.967820
v -11.913964 17.200000 4.987306
v 0.000000 17.300000 0.000000
v -12.574595 17.200000 4.865476
v -12.250934 17.200000 4.967820
v 0.000000 17.300000 0.000000
v -12.833374 17.200000 4.656766
v -12.574595 17.200000 4.865476
v 0.000000 17.300000 0.000000
v -13.006916 17.200000 4.385298
v -12.833374 17.200000 4.656766
v 0.000000 17.300000 0.000000
v -13.085260 17.200000 4.080046
v -13.006916 17.200000 4.385298
v 0.000000 17.300000 0.000000
v -13.042839 17.200000 3.771147
v -13.085260 17.200000 4.080046
v 0.000000 17.300000 0.000000
v -12.920149 17.200000 3.482940
v -13.042839 17.200000 3.771147
v 0.000000 17.300000 0.000000
v -12.712549 17.200000 3.234720
v -12.920149 17.200000 3.482940
v 0.000000 17.300000 0.000000
v -12.419865 17.200000 3.071286
v -12.712549 17.200000 3.234720
v 0.000000 17.300000 0.000000
v 0.000000 17.300000 0.000000
v -12.419865 17.200000 3.071286
v -12.087858 17.200000 2.991789
v 0.000000 17.300000 0.000000
v -12.087858 17.200000 2.991789
v -11.746046 17.200000 3.020533
v 0.000000 17.300000 0.000000
v -11.746046 17.200000 3.020533
v -11.440349 17.200000 3.157033
v 0.000000 17.300000 0.000000
v -11.440349 17.200000 3.157033
v -11.180796 17.200000 3.354401
v 0.000000 17.300000 0.000000
v -11.180796 17.200000 3.354401
v -10.997772 17.200000 3.616496
v 0.000000 17.300000 0.000000
v -10.997772 17.200000 3.616496
v -10.916220 17.200000 3.920063
v -12.000000 -0.800000 4.000000
v -5.674186 0.000000 3.357233
v -5.437636 0.000000 5.250002
v -12.000000 -0.800000 4.000000
v -5.437636 0.000000 5.250002
v -6.230981 0.000000 7.027032
v -12.000000 -0.800000 4.000000
v -6.230981 0.000000 7.027032
v -7.784250 0.000000 8.262026
v -12.000000 -0.800000 4.000000
v -7.784250 0.000000 8.262026
v -9.412734 0.000000 9.271125
v -12.000000 -0.800000 4.000000
v -9.412734 0.000000 9.271125
v -11.321274 0.000000 9.653704
v -12.000000 -0.800000 4.000000
v -11.321274 0.000000 9.653704
v -13.262845 0.000000 9.611456
v -12.000000 -0.800000 4.000000
v -13.262845 0.000000 9.611456
v -15.304753 0.000000 9.330888
v -12.000000 -0.800000 4.000000
v -15.304753 0.000000 9.330888
v -16.895613 0.000000 8.098656
v -12.000000 -0.800000 4.000000
v -16.895613 0.000000 8.098656
v -17.878487 0.000000 6.442188
v -12.000000 -0.800000 4.000000
v -17.878487 0.000000 6.442188
v -18.396824 0.000000 4.649982
v -12.000000 -0.800000 4.000000
v -18.396824 0.000000 4.649982
v -17.971803 0.000000 2.862489
v -12.000000 -0.800000 4.000000
v -17.971803 0.000000 2.862489
v -17.349745 0.000000 1.192963
v -12.000000 -0.800000 4.000000
v -17.349745 0.000000 1.192963
v -16.399229 0.000000 -0.447519
v -12.000000 -0.800000 4.000000
v -16.399229 0.000000 -0.447519
v -14.680634 0.000000 -1.461346
v -12.000000 -0.800000 4.000000
v -14.680634 0.000000 -1.461346
v -12.726436 0.000000 -2.051123
v -12.000000 -0.800000 4.000000
v -12.726436 0.000000 -2.051123
v -10.667723 0.000000 -1.919977
v -12.000000 -0.800000 4.000000
v -10.667723 0.000000 -1.919977
v -8.963374 0.000000 -0.898374
v -12.000000 -0.800000 4.000000
v -8.963374 0.000000 -0.898374
v -7.428716 0.000000 0.172875
v -12.000000 -0.800000 4.000000
v -7.428716 0.000000 0.172875
v -6.212758 0.000000 1.595720
v -12.000000 -0.800000 4.000000
v -6.212758 0.000000 1.595720
v -5.674186 0.000000 3.357233
v 15.773063 10.580000 7.084826
v 15.093737 10.580000 8.499895
v 17.153306 0.000000 9.219110
v 17.891596 0.000000 7.167313
v 15.093737 10.580000 8.499895
v 13.861666 10.580000 9.508643
v 15.435525 0.000000 10.659560
v 17.153306 0.000000 9.219110
v 13.861666 10.580000 9.508643
v 12.527825 10.580000 10.312193
v 13.625290 0.000000 11.827972
v 15.435525 0.000000 10.659560
v 12.527825 10.580000 10.312193
v 10.972602 10.580000 10.603993
v 11.502678 0.000000 12.354532
v 13.625290 0.000000 11.827972
v 10.972602 10.580000 10.603993
v 9.391754 10.580000 10.559473
v 9.321321 0.000000 12.317167
v 11.502678 0.000000 12.354532
v 9.391754 10.580000 10.559473
v 7.760217 10.580000 10.261241
v 7.025572 0.000000 12.077999
v 9.321321 0.000000 12.317167
v 7.760217 10.580000 10.261241
v 6.504386 10.580000 9.240221
v 5.142726 0.000000 10.802948
v 7.025572 0.000000 12.077999
v 6.504386 10.580000 9.240221
v 5.709713 10.580000 7.906644
v 3.991874 0.000000 8.953959
v 5.142726 0.000000 10.802948
v 3.991874 0.000000 8.953959
v 3.315461 0.000000 6.959516
v 5.321326 10.580000 6.449941
v 5.709713 10.580000 7.906644
v 3.315461 0.000000 6.959516
v 3.699176 0.000000 4.925985
v 5.654958 10.580000 5.003230
v 5.321326 10.580000 6.449941
v 3.699176 0.000000 4.925985
v 4.408347 0.000000 3.052638
v 6.170031 10.580000 3.643647
v 5.654958 10.580000 5.003230
v 4.408347 0.000000 3.052638
v 5.385593 0.000000 1.171560
v 7.005873 10.580000 2.353105
v 6.170031 10.580000 3.643647
v 5.385593 0.000000 1.171560
v 7.254142 0.000000 -0.052805
v 8.411038 10.580000 1.557800
v 7.005873 10.580000 2.353105
v 7.254142 0.000000 -0.052805
v 9.433967 0.000000 -0.756047
v 9.997801 10.580000 1.107686
v 8.411038 10.580000 1.557800
v 9.997801 10.580000 1.107686
v 11.654358 10.580000 1.250816
v 11.757547 0.000000 -0.739860
v 9.433967 0.000000 -0.756047
v 11.654358 10.580000 1.250816
v 13.038748 10.580000 2.051432
v 13.728260 0.000000 0.352637
v 11.757547 0.000000 -0.739860
v 13.038748 10.580000 2.051432
v 14.282145 10.580000 2.932891
v 15.455770 0.000000 1.557011
v 13.728260 0.000000 0.352637
v 14.282145 10.580000 2.932891
v 15.225358 10.580000 4.119200
v 16.905761 0.000000 3.092503
v 15.455770 0.000000 1.557011
v 15.225358 10.580000 4.119200
v 15.643399 10.580000 5.553124
v 17.566091 0.000000 5.056303
v 16.905761 0.000000 3.092503
v 15.643399 10.580000 5.553124
v 15.773063 10.580000 7.084826
v 17.891596 0.000000 7.167313
v 17.566091 0.000000 5.056303
v 13.864585 17.480000 6.404687
v 13.597901 17.480000 7.356267
v 15.093737 10.580000 8.499895
v 15.773063 10.580000 7.084826
v 13.597901 17.480000 7.356267
v 12.883340 17.480000 8.077023
v 13.861666 10.580000 9.508643
v 15.093737 10.580000 8.499895
v 12.883340 17.480000 8.077023
v 12.059541 17.480000 8.636871
v 12.527825 10.580000 10.312193
v 13.861666 10.580000 9.508643
v 12.059541 17.480000 8.636871
v 11.094918 17.480000 8.938344
v 10.972602 10.580000 10.603993
v 12.527825 10.580000 10.312193
v 11.094918 17.480000 8.938344
v 10.082123 17.480000 8.940606
v 9.391754 10.580000 10.559473
v 10.972602 10.580000 10.603993
v 10.082123 17.480000 8.940606
v 9.047532 17.480000 8.808049
v 7.760217 10.580000 10.261241
v 9.391754 10.580000 10.559473
v 9.047532 17.480000 8.808049
v 8.151014 17.480000 8.281397
v 6.504386 10.580000 9.240221
v 7.760217 10.580000 10.261241
v 6.504386 10.580000 9.240221
v 5.709713 10.580000 7.906644
v 7.572279 17.480000 7.465592
v 8.151014 17.480000 8.281397
v 5.709713 10.580000 7.906644
v 5.321326 10.580000 6.449941
v 7.220021 17.480000 6.562084
v 7.572279 17.480000 7.465592
v 5.321326 10.580000 6.449941
v 5.654958 10.580000 5.003230
v 7.296479 17.480000 5.614686
v 7.220021 17.480000 6.562084
v 5.654958 10.580000 5.003230
v 6.170031 10.580000 3.643647
v 7.616613 17.480000 4.737648
v 7.296479 17.480000 5.614686
v 6.170031 10.580000 3.643647
v 7.005873 10.580000 2.353105
v 8.074360 17.480000 3.886114
v 7.616613 17.480000 4.737648
v 7.005873 10.580000 2.353105
v 8.411038 10.580000 1.557800
v 8.893605 17.480000 3.283908
v 8.074360 17.480000 3.886114
v 8.411038 10.580000 1.557800
v 9.997801 10.580000 1.107686
v 9.881931 17.480000 2.947311
v 8.893605 17.480000 3.283908
v 9.997801 10.580000 1.107686
v 11.654358 10.580000 1.250816
v 10.940819 17.480000 2.897948
v 9.881931 17.480000 2.947311
v 10.940819 17.480000 2.897948
v 11.893857 17.480000 3.305264
v 13.038748 10.580000 2.051432
v 11.654358 10.580000 1.250816
v 11.893857 17.480000 3.305264
v 12.706350 17.480000 3.857135
v 14.282145 10.580000 2.932891
v 13.038748 10.580000 2.051432
v 12.706350 17.480000 3.857135
v 13.390718 17.480000 4.552931
v 15.225358 10.580000 4.119200
v 14.282145 10.580000 2.932891
v 13.390718 17.480000 4.552931
v 13.732013 17.480000 5.446136
v 15.643399 10.580000 5.553124
v 15.225358 10.580000 4.119200
v 13.732013 17.480000 5.446136
v 13.864585 17.480000 6.404687
v 15.773063 10.580000 7.084826
v 15.643399 10.580000 5.553124
v 12.962945 20.700000 6.459323
v 12.678418 20.700000 7.132005
v 13.597901 17.480000 7.356267
v 13.864585 17.480000 6.404687
v 12.678418 20.700000 7.132005
v 12.135334 20.700000 7.639534
v 12.883340 17.480000 8.077023
v 13.597901 17.480000 7.356267
v 12.135334 20.700000 7.639534
v 11.506388 20.700000 8.027819
v 12.059541 17.480000 8.636871
v 12.883340 17.480000 8.077023
v 11.506388 20.700000 8.027819
v 10.773508 20.700000 8.194595
v 11.094918 17.480000 8.938344
v 12.059541 17.480000 8.636871
v 10.773508 20.700000 8.194595
v 10.021300 20.700000 8.172582
v 10.082123 17.480000 8.940606
v 11.094918 17.480000 8.938344
v 10.021300 20.700000 8.172582
v 9.267398 20.700000 8.007665
v 9.047532 17.480000 8.808049
v 10.082123 17.480000 8.940606
v 9.267398 20.700000 8.007665
v 8.660414 20.700000 7.553038
v 8.151014 17.480000 8.281397
v 9.047532 17.480000 8.808049
v 8.151014 17.480000 8.281397
v 7.572279 17.480000 7.465592
v 8.263209 20.700000 6.939587
v 8.660414 20.700000 7.553038
v 7.572279 17.480000 7.465592
v 7.220021 17.480000 6.562084
v 8.059644 20.700000 6.257421
v 8.263209 20.700000 6.939587
v 7.220021 17.480000 6.562084
v 7.296479 17.480000 5.614686
v 8.164539 20.700000 5.564452
v 8.059644 20.700000 6.257421
v 7.296479 17.480000 5.614686
v 7.616613 17.480000 4.737648
v 8.415439 20.700000 4.916767
v 8.164539 20.700000 5.564452
v 7.616613 17.480000 4.737648
v 8.074360 17.480000 3.886114
v 8.825072 20.700000 4.320771
v 8.415439 20.700000 4.916767
v 8.074360 17.480000 3.886114
v 8.893605 17.480000 3.283908
v 9.472874 20.700000 3.930395
v 8.825072 20.700000 4.320771
v 8.893605 17.480000 3.283908
v 9.881931 17.480000 2.947311
v 10.215798 20.700000 3.719594
v 9.472874 20.700000 3.930395
v 9.881931 17.480000 2.947311
v 10.940819 17.480000 2.897948
v 10.993985 20.700000 3.758048
v 10.215798 20.700000 3.719594
v 10.993985 20.700000 3.758048
v 11.675266 20.700000 4.085724
v 11.893857 17.480000 3.305264
v 10.940819 17.480000 2.897948
v 11.675266 20.700000 4.085724
v 12.267765 20.700000 4.507597
v 12.706350 17.480000 3.857135
v 11.893857 17.480000 3.305264
v 12.267765 20.700000 4.507597
v 12.716931 20.700000 5.068755
v 13.390718 17.480000 4.552931
v 12.706350 17.480000 3.857135
v 12.716931 20.700000 5.068755
v 12.923775 20.700000 5.744328
v 13.732013 17.480000 5.446136
v 13.390718 17.480000 4.552931
v 12.923775 20.700000 5.744328
v 12.962945 20.700000 6.459323
v 13.864585 17.480000 6.404687
v 13.732013 17.480000 5.446136
v 12.962945 20.700000 6.459323
v 12.678418 20.700000 7.132005
v 11.577477 19.780000 6.559906
v 11.715537 19.780000 6.226689
v 12.678418 20.700000 7.132005
v 12.135334 20.700000 7.639534
v 11.322616 19.780000 6.824729
v 11.577477 19.780000 6.559906
v 12.135334 20.700000 7.639534
v 11.506388 20.700000 8.027819
v 11.005786 19.780000 7.019133
v 11.322616 19.780000 6.824729
v 11.506388 20.700000 8.027819
v 10.773508 20.700000 8.194595
v 10.638091 19.780000 7.108024
v 11.005786 19.780000 7.019133
v 10.773508 20.700000 8.194595
v 10.021300 20.700000 8.172582
v 10.258739 19.780000 7.094962
v 10.638091 19.780000 7.108024
v 10.021300 20.700000 8.172582
v 9.267398 20.700000 8.007665
v 9.890866 19.780000 6.992159
v 10.258739 19.780000 7.094962
v 9.267398 20.700000 8.007665
v 8.660414 20.700000 7.553038
v 9.589185 19.780000 6.768940
v 9.890866 19.780000 6.992159
v 8.660414 20.700000 7.553038
v 8.263209 20.700000 6.939587
v 9.384087 19.780000 6.468751
v 9.589185 19.780000 6.768940
v 8.263209 20.700000 6.939587
v 8.059644 20.700000 6.257421
v 9.281894 19.780000 6.128492
v 9.384087 19.780000 6.468751
v 8.059644 20.700000 6.257421
v 8.164539 20.700000 5.564452
v 9.316334 19.780000 5.779254
v 9.281894 19.780000 6.128492
v 8.164539 20.700000 5.564452
v 8.415439 20.700000 4.916767
v 9.445987 19.780000 5.452287
v 9.316334 19.780000 5.779254
v 8.415439 20.700000 4.916767
v 8.825072 20.700000 4.320771
v 9.667485 19.780000 5.165347
v 9.445987 19.780000 5.452287
v 8.825072 20.700000 4.320771
v 9.472874 20.700000 3.930395
v 9.989029 19.780000 4.970421
v 9.667485 19.780000 5.165347
v 9.472874 20.700000 3.930395
v 10.215798 20.700000 3.719594
v 10.359236 19.780000 4.870523
v 9.989029 19.780000 4.970421
v 10.215798 20.700000 3.719594
v 10.993985 20.700000 3.758048
v 10.745082 19.780000 4.887695
v 10.359236 19.780000 4.870523
v 10.993985 20.700000 3.758048
v 11.675266 20.700000 4.085724
v 11.094800 19.780000 5.031188
v 10.745082 19.780000 4.887695
v 11.675266 20.700000 4.085724
v 12.267765 20.700000 4.507597
v 11.392860 19.780000 5.246219
v 11.094800 19.780000 5.031188
v 12.267765 20.700000 4.507597
v 12.716931 20.700000 5.068755
v 11.610948 19.780000 5.533335
v 11.392860 19.780000 5.246219
v 12.716931 20.700000 5.068755
v 12.923775 20.700000 5.744328
v 11.713960 19.780000 5.871945
v 11.610948 19.780000 5.533335
v 12.923775 20.700000 5.744328
v 12.962945 20.700000 6.459323
v 11.715537 19.780000 6.226689
v 11.713960 19.780000 5.871945
v 11.577477 19.780000 6.559906
v 11.715537 19.780000 6.226689
v 0.000000 19.895000 0.000000
v 11.322616 19.780000 6.824729
v 11.577477 19.780000 6.559906
v 0.000000 19.895000 0.000000
v 11.005786 19.780000 7.019133
v 11.322616 19.780000 6.824729
v 0.000000 19.895000 0.000000
v 10.638091 19.780000 7.108024
v 11.005786 19.780000 7.019133
v 0.000000 19.895000 0.000000
v 10.258739 19.780000 7.094962
v 10.638091 19.780000 7.108024
v 0.000000 19.895000 0.000000
v 9.890866 19.780000 6.992159
v 10.258739 19.780000 7.094962
v 0.000000 19.895000 0.000000
v 0.000000 19.895000 0.000000
v 9.890866 19.780000 6.992159
v 9.589185 19.780000 6.768940
v 0.000000 19.895000 0.000000
v 9.589185 19.780000 6.768940
v 9.384087 19.780000 6.468751
v 0.000000 19.895000 0.000000
v 9.384087 19.780000 6.468751
v 9.281894 19.780000 6.128492
v 0.000000 19.895000 0.000000
v 9.281894 19.780000 6.128492
v 9.316334 19.780000 5.779254
v 0.000000 19.895000 0.000000
v 9.316334 19.780000 5.779254
v 9.445987 19.780000 5.452287
v 0.000000 19.895000 0.000000
v 9.445987 19.780000 5.452287
v 9.667485 19.780000 5.165347
v 0.000000 19.895000 0.000000
v 9.667485 19.780000 5.165347
v 9.989029 19.780000 4.970421
v 0.000000 19.895000 0.000000
v 9.989029 19.780000 4.970421
v 10.359236 19.780000 4.870523
v 0.000000 19.895000 0.000000
v 10.359236 19.780000 4.870523
v 10.745082 19.780000 4.887695
v 0.000000 19.895000 0.000000
v 10.745082 19.780000 4.887695
v 11.094800 19.780000 5.031188
v 11.392860 19.780000 5.246219
v 11.094800 19.780000 5.031188
v 0.000000 19.895000 0.000000
v 11.610948 19.780000 5.533335
v 11.392860 19.780000 5.246219
v 0.000000 19.895000 0.000000
v 11.713960 19.780000 5.871945
v 11.610948 19.780000 5.533335
v 0.000000 19.895000 0.000000
v 11.715537 19.780000 6.226689
v 11.713960 19.780000 5.871945
v 0.000000 19.895000 0.000000
v 10.500000 -0.800000 6.000000
v 17.891596 0.000000 7.167313
v 17.153306 0.000000 9.219110
v 10.500000 -0.800000 6.000000
v 17.153306 0.000000 9.219110
v 15.435525 0.000000 10.659560
v 10.500000 -0.800000 6.000000
v 15.435525 0.000000 10.659560
v 13.625290 0.000000 11.827972
v 10.500000 -0.800000 6.000000
v 13.625290 0.000000 11.827972
v 11.502678 0.000000 12.354532
v 10.500000 -0.800000 6.000000
v 11.502678 0.000000 12.354532
v 9.321321 0.000000 12.317167
v 10.500000 -0.800000 6.000000
v 9.321321 0.000000 12.317167
v 7.025572 0.000000 12.077999
v 10.500000 -0.800000 6.000000
v 7.025572 0.000000 12.077999
v 5.142726 0.000000 10.802948
v 10.500000 -0.800000 6.000000
v 5.142726 0.000000 10.802948
v 3.991874 0.000000 8.953959
v 10.500000 -0.800000 6.000000
v 3.991874 0.000000 8.953959
v 3.315461 0.000000 6.959516
v 10.500000 -0.800000 6.000000
v 3.315461 0.000000 6.959516
v 3.699176 0.000000 4.925985
v 10.500000 -0.800000 6.000000
v 3.699176 0.000000 4.925985
v 4.408347 0.000000 3.052638
v 10.500000 -0.800000 6.000000
v 4.408347 0.000000 3.052638
v 5.385593 0.000000 1.171560
v 10.500000 -0.800000 6.000000
v 5.385593 0.000000 1.171560
v 7.254142 0.000000 -0.052805
v 10.500000 -0.800000 6.000000
v 7.254142 0.000000 -0.052805
v 9.433967 0.000000 -0.756047
v 10.500000 -0.800000 6.000000
v 9.433967 0.000000 -0.756047
v 11.757547 0.000000 -0.739860
v 10.500000 -0.800000 6.000000
v 11.757547 0.000000 -0.739860
v 13.728260 0.000000 0.352637
v 10.500000 -0.800000 6.000000
v 13.728260 0.000000 0.352637
v 15.455770 0.000000 1.557011
v 10.500000 -0.800000 6.000000
v 15.455770 0.000000 1.557011
v 16.905761 0.000000 3.092503
v 10.500000 -0.800000 6.000000
v 16.905761 0.000000 3.092503
v 17.566091 0.000000 5.056303
v 10.500000 -0.800000 6.000000
v 17.566091 0.000000 5.056303
v 17.891596 0.000000 7.167313
vt 0.000000 0.000000
vt 0.050000 0.000000
vt 0.050000 1.000000
vt 0.000000 1.000000
vt 0.050000 0.000000
vt 0.100000 0.000000
vt 0.100000 1.000000
vt 0.050000 1.000000
vt 0.100000 0.000000
vt 0.150000 0.000000
vt 0.150000 1.000000
vt 0.100000 1.000000
vt 0.150000 0.000000
vt 0.200000 0.000000
vt 0.200000 1.000000
vt 0.150000 1.000000
vt 0.200000 0.000000
vt 0.250000 0.000000
vt 0.250000 1.000000
vt 0.200000 1.000000
vt 0.250000 0.000000
vt 0.300000 0.000000
vt 0.300000 1.000000
vt 0.250000 1.000000
vt 0.300000 0.000000
vt 0.350000 0.000000
vt 0.350000 1.000000
vt 0.300000 1.000000
vt 0.350000 0.000000
vt 0.400000 0.000000
vt 0.400000 1.000000
vt 0.350000 1.000000
vt 0.400000 0.000000
vt 0.450000 0.000000
vt 0.450000 1.000000
vt 0.400000 1.000000
vt 0.450000 0.000000
vt 0.500000 0.000000
vt 0.500000 1.000000
vt 0.450000 1.000000
vt 0.500000 0.000000
vt 0.550000 0.000000
vt 0.550000 1.000000
vt 0.500000 1.000000
vt 0.550000 0.000000
vt 0.600000 0.000000
vt 0.600000 1.000000
vt 0.550000 1.000000
vt 0.600000 0.000000
vt 0.650000 0.000000
vt 0.650000 1.000000
vt 0.600000 1.000000
vt 0.650000 0.000000
vt 0.700000 0.000000
vt 0.700000 1.000000
vt 0.650000 1.000000
vt 0.700000 0.000000
vt 0.750000 0.000000
vt 0.750000 1.000000
vt 0.700000 1.000000
vt 0.750000 0.000000
vt 0.800000 0.000000
vt 0.800000 1.000000
vt 0.750000 1.000000
vt 0.800000 0.000000
vt 0.850000 0.000000
vt 0.850000 1.000000
vt 0.800000 1.000000
vt 0.850000 0.000000
vt 0.900000 0.000000
vt 0.900000 1.000000
vt 0.850000 1.000000
vt 0.900000 0.000000
vt 0.950000 0.000000
vt 0.950000 1.000000
vt 0.900000 1.000000
vt 0.950000 0.000000
vt 1.000000 0.000000
vt 1.000000 1.000000
vt 0.950000 1.000000
vt 0.000000 0.000000
vt 0.050000 0.000000
vt 0.050000 1.000000
vt 0.000000 1.000000
vt 0.050000 0.000000
vt 0.100000 0.000000
vt 0.100000 1.000000
vt 0.050000 1.000000
vt 0.100000 0.000000
vt 0.150000 0.000000
vt 0.150000 1.000000
vt 0.100000 1.000000
vt 0.150000 0.000000
vt 0.200000 0.000000
vt 0.200000 1.000000
vt 0.150000 1.000000
vt 0.200000 0.000000
vt 0.250000 0.000000
vt 0.250000 1.000000
vt 0.200000 1.000000
vt 0.250000 0.000000
vt 0.300000 0.000000
vt 0.300000 1.000000
vt 0.250000 1.000000
vt 0.300000 0.000000
vt 0.350000 0.000000
vt 0.350000 1.000000
vt 0.300000 1.000000
vt 0.350000 0.000000
vt 0.400000 0.000000
vt 0.400000 1.000000
vt 0.350000 1.000000
vt 0.400000 0.000000
vt 0.450000 0.000000
vt 0.450000 1.000000
vt 0.400000 1.000000
vt 0.450000 0.000000
vt 0.500000 0.000000
vt 0.500000 1.000000
vt 0.450000 1.000000
vt 0.500000 0.000000
vt 0.550000 0.000000
vt 0.550000 1.000000
vt 0.500000 1.000000
vt 0.550000 0.000000
vt 0.600000 0.000000
vt 0.600000 1.000000
vt 0.550000 1.000000
vt 0.600000 0.000000
vt 0.650000 0.000000
vt 0.650000 1.000000
vt 0.600000 1.000000
vt 0.650000 0.000000
vt 0.700000 0.000000
vt 0.700000 1.000000
vt 0.650000 1.000000
vt 0.700000 0.000000
vt 0.750000 0.000000
vt 0.750000 1.000000
vt 0.700000 1.000000
vt 0.750000 0.000000
vt 0.800000 0.000000
vt 0.800000 1.000000
vt 0.750000 1.000000
vt 0.800000 0.000000
vt 0.850000 0.000000
vt 0.850000 1.000000
vt 0.800000 1.000000
vt 0.850000 0.000000
vt 0.900000 0.000000
vt 0.900000 1.000000
vt 0.850000 1.000000
vt 0.900000 0.000000
vt 0.950000 0.000000
vt 0.950000 1.000000
vt 0.900000 1.000000
vt 0.950000 0.000000
vt 1.000000 0.000000
vt 1.000000 1.000000
vt 0.950000 1.000000
vt 0.000000 0.000000
vt 0.050000 0.000000
vt 0.050000 1.000000
vt 0.000000 1.000000
vt 0.050000 0.000000
vt 0.100000 0.000000
vt 0.100000 1.000000
vt 0.050000 1.000000
vt 0.100000 0.000000
vt 0.150000 0.000000
vt 0.150000 1.000000
vt 0.100000 1.000000
vt 0.150000 0.000000
vt 0.200000 0.000000
vt 0.200000 1.000000
vt 0.150000 1.000000
vt 0.200000 0.000000
vt 0.250000 0.000000
vt 0.250000 1.000000
vt 0.200000 1.000000
vt 0.250000 0.000000
vt 0.300000 0.000000
vt 0.300000 1.000000
vt 0.250000 1.000000
vt 0.300000 0.000000
vt 0.350000 0.000000
vt 0.350000 1.000000
vt 0.300000 1.000000
vt 0.350000 0.000000
vt 0.400000 0.000000
vt 0.400000 1.000000
vt 0.350000 1.000000
vt 0.400000 0.000000
vt 0.450000 0.000000
vt 0.450000 1.000000
vt 0.400000 1.000000
vt 0.450000 0.000000
vt 0.500000 0.000000
vt 0.500000 1.000000
vt 0.450000 1.000000
vt 0.500000 0.000000
vt 0.550000 0.000000
vt 0.550000 1.000000
vt 0.500000 1.000000
vt 0.550000 0.000000
vt 0.600000 0.000000
vt 0.600000 1.000000
vt 0.550000 1.000000
vt 0.600000 0.000000
vt 0.650000 0.000000
vt 0.650000 1.000000
vt 0.600000 1.000000
vt 0.650000 0.000000
vt 0.700000 0.000000
vt 0.700000 1.000000
vt 0.650000 1.000000
vt 0.700000 0.000000
vt 0.750000 0.000000
vt 0.750000 1.000000
vt 0.700000 1.000000
vt 0.750000 0.000000
vt 0.800000 0.000000
vt 0.800000 1.000000
vt 0.750000 1.000000
vt 0.800000 0.000000
vt 0.850000 0.000000
vt 0.850000 1.000000
vt 0.800000 1.000000
vt 0.850000 0.000000
vt 0.900000 0.000000
vt 0.900000 1.000000
vt 0.850000 1.000000
vt 0.900000 0.000000
vt 0.950000 0.000000
vt 0.950000 1.000000
vt 0.900000 1.000000
vt 0.950000 0.000000
vt 1.000000 0.000000
vt 1.000000 1.000000
vt 0.950000 1.000000
vt 0.000000 0.000000
vt 0.050000 0.000000
vt 0.050000 1.000000
vt 0.000000 1.000000
vt 0.050000 0.000000
vt 0.100000 0.000000
vt 0.100000 1.000000
vt 0.050000 1.000000
vt 0.100000 0.000000
vt 0.150000 0.000000
vt 0.150000 1.000000
vt 0.100000 1.000000
vt 0.150000 0.000000
vt 0.200000 0.000000
vt 0.200000 1.000000
vt 0.150000 1.000000
vt 0.200000 0.000000
vt 0.250000 0.000000
vt 0.250000 1.000000
vt 0.200000 1.000000
vt 0.250000 0.000000
vt 0.300000 0.000000
vt 0.300000 1.000000
vt 0.250000 1.000000
vt 0.300000 0.000000
vt 0.350000 0.000000
vt 0.350000 1.000000
vt 0.300000 1.000000
vt 0.350000 0.000000
vt 0.400000 0.000000
vt 0.400000 1.000000
vt 0.350000 1.000000
vt 0.400000 0.000000
vt 0.450000 0.000000
vt 0.450000 1.000000
vt 0.400000 1.000000
vt 0.450000 0.000000
vt 0.500000 0.000000
vt 0.500000 1.000000
vt 0.450000 1.000000
vt 0.500000 0.000000
vt 0.550000 0.000000
vt 0.550000 1.000000
vt 0.500000 1.000000
vt 0.550000 0.000000
vt 0.600000 0.000000
vt 0.600000 1.000000
vt 0.550000 1.000000
vt 0.600000 0.000000
vt 0.650000 0.000000
vt 0.650000 1.000000
vt 0.600000 1.000000
vt 0.650000 0.000000
vt 0.700000 0.000000
vt 0.700000 1.000000
vt 0.650000 1.000000
vt 0.700000 0.000000
vt 0.750000 0.000000
vt 0.750000 1.000000
vt 0.700000 1.000000
vt 0.750000 0.000000
vt 0.800000 0.000000
vt 0.800000 1.000000
vt 0.750000 1.000000
vt 0.800000 0.000000
vt 0.850000 0.000000
vt 0.850000 1.000000
vt 0.800000 1.000000
vt 0.850000 0.000000
vt 0.900000 0.000000
vt 0.900000 1.000000
vt 0.850000 1.000000
vt 0.900000 0.000000
vt 0.950000 0.000000
vt 0.950000 1.000000
vt 0.900000 1.000000
vt 0.950000 0.000000
vt 1.000000 0.000000
vt 1.000000 1.000000
vt 0.950000 1.000000
vt 0.592479 0.465607
vt 0.598566 0.493642
vt 0.500000 0.500000
vt 0.575160 0.441956
vt 0.592479 0.465607
vt 0.500000 0.500000
vt 0.551660 0.423908
vt 0.575160 0.441956
vt 0.500000 0.500000
vt 0.523586 0.412899
vt 0.551660 0.423908
vt 0.500000 0.500000
vt 0.493215 0.410971
vt 0.523586 0.412899
vt 0.500000 0.500000
vt 0.463049 0.415905
vt 0.493215 0.410971
vt 0.500000 0.500000
vt 0.435993 0.429849
vt 0.463049 0.415905
vt 0.500000 0.500000
vt 0.416439 0.451983
vt 0.435993 0.429849
vt 0.500000 0.500000
vt 0.404432 0.478096
vt 0.416439 0.451983
vt 0.500000 0.500000
vt 0.402697 0.506277
vt 0.404432 0.478096
vt 0.500000 0.500000
vt 0.410440 0.533308
vt 0.402697 0.506277
vt 0.500000 0.500000
vt 0.424771 0.558097
vt 0.410440 0.533308
vt 0.500000 0.500000
vt 0.447642 0.577119
vt 0.424771 0.558097
vt 0.500000 0.500000
vt 0.476121 0.588183
vt 0.447642 0.577119
vt 0.500000 0.500000
vt 0.506948 0.591171
vt 0.476121 0.588183
vt 0.500000 0.500000
vt 0.536637 0.583380
vt 0.506948 0.591171
vt 0.500000 0.500000
vt 0.562233 0.568207
vt 0.536637 0.583380
vt 0.500000 0.500000
vt 0.582973 0.547680
vt 0.562233 0.568207
vt 0.500000 0.500000
vt 0.594958 0.521764
vt 0.582973 0.547680
vt 0.500000 0.500000
vt 0.598566 0.493642
vt 0.594958 0.521764
vt 0.500000 0.500000
vt 0.500000 0.500000
vt 0.873361 0.486253
vt 0.864476 0.376017
vt 0.500000 0.500000
vt 0.864476 0.376017
vt 0.789773 0.289521
vt 0.500000 0.500000
vt 0.789773 0.289521
vt 0.698941 0.225650
vt 0.500000 0.500000
vt 0.698941 0.225650
vt 0.597544 0.180913
vt 0.500000 0.500000
vt 0.597544 0.180913
vt 0.485924 0.176433
vt 0.500000 0.500000
vt 0.485924 0.176433
vt 0.371595 0.180505
vt 0.500000 0.500000
vt 0.371595 0.180505
vt 0.260738 0.221197
vt 0.500000 0.500000
vt 0.260738 0.221197
vt 0.189704 0.309555
vt 0.500000 0.500000
vt 0.189704 0.309555
vt 0.142363 0.407464
vt 0.500000 0.500000
vt 0.142363 0.407464
vt 0.138949 0.513294
vt 0.500000 0.500000
vt 0.138949 0.513294
vt 0.175091 0.610524
vt 0.500000 0.500000
vt 0.175091 0.610524
vt 0.212897 0.708540
vt 0.500000 0.500000
vt 0.212897 0.708540
vt 0.291043 0.788164
vt 0.500000 0.500000
vt 0.291043 0.788164
vt 0.398552 0.831859
vt 0.500000 0.500000
vt 0.398552 0.831859
vt 0.515317 0.852092
vt 0.500000 0.500000
vt 0.515317 0.852092
vt 0.626494 0.814739
vt 0.500000 0.500000
vt 0.626494 0.814739
vt 0.716194 0.751923
vt 0.500000 0.500000
vt 0.716194 0.751923
vt 0.801132 0.684821
vt 0.500000 0.500000
vt 0.801132 0.684821
vt 0.849914 0.590537
vt 0.500000 0.500000
vt 0.849914 0.590537
vt 0.873361 0.486253
vt 0.000000 1.000000
vt 0.050000 1.000000
vt 0.050000 0.000000
vt 0.000000 0.000000
vt 0.050000 1.000000
vt 0.100000 1.000000
vt 0.100000 0.000000
vt 0.050000 0.000000
vt 0.100000 0.000000
vt 0.150000 0.000000
vt 0.150000 1.000000
vt 0.100000 1.000000
vt 0.150000 0.000000
vt 0.200000 0.000000
vt 0.200000 1.000000
vt 0.150000 1.000000
vt 0.200000 0.000000
vt 0.250000 0.000000
vt 0.250000 1.000000
vt 0.200000 1.000000
vt 0.250000 0.000000
vt 0.300000 0.000000
vt 0.300000 1.000000
vt 0.250000 1.000000
vt 0.300000 0.000000
vt 0.350000 0.000000
vt 0.350000 1.000000
vt 0.300000 1.000000
vt 0.350000 0.000000
vt 0.400000 0.000000
vt 0.400000 1.000000
vt 0.350000 1.000000
vt 0.400000 0.000000
vt 0.450000 0.000000
vt 0.450000 1.000000
vt 0.400000 1.000000
vt 0.450000 0.000000
vt 0.500000 0.000000
vt 0.500000 1.000000
vt 0.450000 1.000000
vt 0.500000 0.000000
vt 0.550000 0.000000
vt 0.550000 1.000000
vt 0.500000 1.000000
vt 0.550000 0.000000
vt 0.600000 0.000000
vt 0.600000 1.000000
vt 0.550000 1.000000
vt 0.600000 0.000000
vt 0.650000 0.000000
vt 0.650000 1.000000
vt 0.600000 1.000000
vt 0.650000 0.000000
vt 0.700000 0.000000
vt 0.700000 1.000000
vt 0.650000 1.000000
vt 0.700000 0.000000
vt 0.750000 0.000000
vt 0.750000 1.000000
vt 0.700000 1.000000
vt 0.750000 1.000000
vt 0.800000 1.000000
vt 0.800000 0.000000
vt 0.750000 0.000000
vt 0.800000 1.000000
vt 0.850000 1.000000
vt 0.850000 0.000000
vt 0.800000 0.000000
vt 0.850000 1.000000
vt 0.900000 1.000000
vt 0.900000 0.000000
vt 0.850000 0.000000
vt 0.900000 1.000000
vt 0.950000 1.000000
vt 0.950000 0.000000
vt 0.900000 0.000000
vt 0.950000 1.000000
vt 1.000000 1.000000
vt 1.000000 0.000000
vt 0.950000 0.000000
vt 0.000000 1.000000
vt 0.050000 1.000000
vt 0.050000 0.000000
vt 0.000000 0.000000
vt 0.050000 1.000000
vt 0.100000 1.000000
vt 0.100000 0.000000
vt 0.050000 0.000000
vt 0.100000 1.000000
vt 0.150000 1.000000
vt 0.150000 0.000000
vt 0.100000 0.000000
vt 0.150000 0.000000
vt 0.200000 0.000000
vt 0.200000 1.000000
vt 0.150000 1.000000
vt 0.200000 0.000000
vt 0.250000 0.000000
vt 0.250000 1.000000
vt 0.200000 1.000000
vt 0.250000 0.000000
vt 0.300000 0.000000
vt 0.300000 1.000000
vt 0.250000 1.000000
vt 0.300000 0.000000
vt 0.350000 0.000000
vt 0.350000 1.000000
vt 0.300000 1.000000
vt 0.350000 0.000000
vt 0.400000 0.000000
vt 0.400000 1.000000
vt 0.350000 1.000000
vt 0.400000 0.000000
vt 0.450000 0.000000
vt 0.450000 1.000000
vt 0.400000 1.000000
vt 0.450000 0.000000
vt 0.500000 0.000000
vt 0.500000 1.000000
vt 0.450000 1.000000
vt 0.500000 0.000000
vt 0.550000 0.000000
vt 0.550000 1.000000
vt 0.500000 1.000000
vt 0.550000 0.000000
vt 0.600000 0.000000
vt 0.600000 1.000000
vt 0.550000 1.000000
vt 0.600000 0.000000
vt 0.650000 0.000000
vt 0.650000 1.000000
vt 0.600000 1.000000
vt 0.650000 0.000000
vt 0.700000 0.000000
vt 0.700000 1.000000
vt 0.650000 1.000000
vt 0.700000 0.000000
vt 0.750000 0.000000
vt 0.750000 1.000000
vt 0.700000 1.000000
vt 0.750000 1.000000
vt 0.800000 1.000000
vt 0.800000 0.000000
vt 0.750000 0.000000
vt 0.800000 1.000000
vt 0.850000 1.000000
vt 0.850000 0.000000
vt 0.800000 0.000000
vt 0.850000 1.000000
vt 0.900000 1.000000
vt 0.900000 0.000000
vt 0.850000 0.000000
vt 0.900000 1.000000
vt 0.950000 1.000000
vt 0.950000 0.000000
vt 0.900000 0.000000
vt 0.950000 1.000000
vt 1.000000 1.000000
vt 1.000000 0.000000
vt 0.950000 0.000000
vt 0.000000 1.000000
vt 0.050000 1.000000
vt 0.050000 0.000000
vt 0.000000 0.000000
vt 0.050000 1.000000
vt 0.100000 1.000000
vt 0.100000 0.000000
vt 0.050000 0.000000
vt 0.100000 1.000000
vt 0.150000 1.000000
vt 0.150000 0.000000
vt 0.100000 0.000000
vt 0.150000 1.000000
vt 0.200000 1.000000
vt 0.200000 0.000000
vt 0.150000 0.000000
vt 0.200000 0.000000
vt 0.250000 0.000000
vt 0.250000 1.000000
vt 0.200000 1.000000
vt 0.250000 0.000000
vt 0.300000 0.000000
vt 0.300000 1.000000
vt 0.250000 1.000000
vt 0.300000 0.000000
vt 0.350000 0.000000
vt 0.350000 1.000000
vt 0.300000 1.000000
vt 0.350000 0.000000
vt 0.400000 0.000000
vt 0.400000 1.000000
vt 0.350000 1.000000
vt 0.400000 0.000000
vt 0.450000 0.000000
vt 0.450000 1.000000
vt 0.400000 1.000000
vt 0.450000 0.000000
vt 0.500000 0.000000
vt 0.500000 1.000000
vt 0.450000 1.000000
vt 0.500000 0.000000
vt 0.550000 0.000000
vt 0.550000 1.000000
vt 0.500000 1.000000
vt 0.550000 0.000000
vt 0.600000 0.000000
vt 0.600000 1.000000
vt 0.550000 1.000000
vt 0.600000 0.000000
vt 0.650000 0.000000
vt 0.650000 1.000000
vt 0.600000 1.000000
vt 0.650000 0.000000
vt 0.700000 0.000000
vt 0.700000 1.000000
vt 0.650000 1.000000
vt 0.700000 0.000000
vt 0.750000 0.000000
vt 0.750000 1.000000
vt 0.700000 1.000000
vt 0.750000 1.000000
vt 0.800000 1.000000
vt 0.800000 0.000000
vt 0.750000 0.000000
vt 0.800000 1.000000
vt 0.850000 1.000000
vt 0.850000 0.000000
vt 0.800000 0.000000
vt 0.850000 1.000000
vt 0.900000 1.000000
vt 0.900000 0.000000
vt 0.850000 0.000000
vt 0.900000 1.000000
vt 0.950000 1.000000
vt 0.950000 0.000000
vt 0.900000 0.000000
vt 0.950000 1.000000
vt 1.000000 1.000000
vt 1.000000 0.000000
vt 0.950000 0.000000
vt 0.000000 0.000000
vt 0.050000 0.000000
vt 0.050000 1.000000
vt 0.000000 1.000000
vt 0.050000 0.000000
vt 0.100000 0.000000
vt 0.100000 1.000000
vt 0.050000 1.000000
vt 0.100000 0.000000
vt 0.150000 0.000000
vt 0.150000 1.000000
vt 0.100000 1.000000
vt 0.150000 0.000000
vt 0.200000 0.000000
vt 0.200000 1.000000
vt 0.150000 1.000000
vt 0.200000 0.000000
vt 0.250000 0.000000
vt 0.250000 1.000000
vt 0.200000 1.000000
vt 0.250000 0.000000
vt 0.300000 0.000000
vt 0.300000 1.000000
vt 0.250000 1.000000
vt 0.300000 0.000000
vt 0.350000 0.000000
vt 0.350000 1.000000
vt 0.300000 1.000000
vt 0.350000 0.000000
vt 0.400000 0.000000
vt 0.400000 1.000000
vt 0.350000 1.000000
vt 0.400000 0.000000
vt 0.450000 0.000000
vt 0.450000 1.000000
vt 0.400000 1.000000
vt 0.450000 0.000000
vt 0.500000 0.000000
vt 0.500000 1.000000
vt 0.450000 1.000000
vt 0.500000 0.000000
vt 0.550000 0.000000
vt 0.550000 1.000000
vt 0.500000 1.000000
vt 0.550000 0.000000
vt 0.600000 0.000000
vt 0.600000 1.000000
vt 0.550000 1.000000
vt 0.600000 0.000000
vt 0.650000 0.000000
vt 0.650000 1.000000
vt 0.600000 1.000000
vt 0.650000 0.000000
vt 0.700000 0.000000
vt 0.700000 1.000000
vt 0.650000 1.000000
vt 0.700000 0.000000
vt 0.750000 0.000000
vt 0.750000 1.000000
vt 0.700000 1.000000
vt 0.750000 0.000000
vt 0.800000 0.000000
vt 0.800000 1.000000
vt 0.750000 1.000000
vt 0.800000 0.000000
vt 0.850000 0.000000
vt 0.850000 1.000000
vt 0.800000 1.000000
vt 0.850000 0.000000
vt 0.900000 0.000000
vt 0.900000 1.000000
vt 0.850000 1.000000
vt 0.900000 0.000000
vt 0.950000 0.000000
vt 0.950000 1.000000
vt 0.900000 1.000000
vt 0.950000 0.000000
vt 1.000000 0.000000
vt 1.000000 1.000000
vt 0.950000 1.000000
vt 0.500000 0.500000
vt -0.100392 0.284397
vt -0.100942 0.267040
vt 0.500000 0.500000
vt -0.100942 0.267040
vt -0.108473 0.251045
vt 0.500000 0.500000
vt -0.108473 0.251045
vt -0.121331 0.238470
vt 0.500000 0.500000
vt -0.121331 0.238470
vt -0.137132 0.229417
vt -0.155268 0.225698
vt -0.137132 0.229417
vt 0.500000 0.500000
vt -0.173801 0.226770
vt -0.155268 0.225698
vt 0.500000 0.500000
vt -0.191603 0.232399
vt -0.173801 0.226770
vt 0.500000 0.500000
vt -0.205836 0.243878
vt -0.191603 0.232399
vt 0.500000 0.500000
vt -0.215380 0.258809
vt -0.205836 0.243878
vt 0.500000 0.500000
vt -0.219689 0.275597
vt -0.215380 0.258809
vt 0.500000 0.500000
vt -0.217356 0.292587
vt -0.219689 0.275597
vt 0.500000 0.500000
vt -0.210608 0.308438
vt -0.217356 0.292587
vt 0.500000 0.500000
vt -0.199190 0.322090
vt -0.210608 0.308438
vt 0.500000 0.500000
vt -0.183093 0.331079
vt -0.199190 0.322090
vt 0.500000 0.500000
vt 0.500000 0.500000
vt -0.183093 0.331079
vt -0.164832 0.335452
vt 0.500000 0.500000
vt -0.164832 0.335452
vt -0.146033 0.333871
vt 0.500000 0.500000
vt -0.146033 0.333871
vt -0.129219 0.326363
vt 0.500000 0.500000
vt -0.129219 0.326363
vt -0.114944 0.315508
vt 0.500000 0.500000
vt -0.114944 0.315508
vt -0.104877 0.301093
vt 0.500000 0.500000
vt -0.104877 0.301093
vt -0.100392 0.284397
vt 0.080000 0.360000
vt 0.301403 0.382497
vt 0.309683 0.316250
vt 0.080000 0.360000
vt 0.309683 0.316250
vt 0.281916 0.254054
vt 0.080000 0.360000
vt 0.281916 0.254054
vt 0.227551 0.210829
vt 0.080000 0.360000
vt 0.227551 0.210829
vt 0.170554 0.175511
vt 0.080000 0.360000
vt 0.170554 0.175511
vt 0.103755 0.162120
vt 0.080000 0.360000
vt 0.103755 0.162120
vt 0.035800 0.163599
vt 0.080000 0.360000
vt 0.035800 0.163599
vt -0.035666 0.173419
vt 0.080000 0.360000
vt -0.035666 0.173419
vt -0.091346 0.216547
vt 0.080000 0.360000
vt -0.091346 0.216547
vt -0.125747 0.274523
vt 0.080000 0.360000
vt -0.125747 0.274523
vt -0.143889 0.337251
vt 0.080000 0.360000
vt -0.143889 0.337251
vt -0.129013 0.399813
vt 0.080000 0.360000
vt -0.129013 0.399813
vt -0.107241 0.458246
vt 0.080000 0.360000
vt -0.107241 0.458246
vt -0.073973 0.515663
vt 0.080000 0.360000
vt -0.073973 0.515663
vt -0.013822 0.551147
vt 0.080000 0.360000
vt -0.013822 0.551147
vt 0.054575 0.571789
vt 0.080000 0.360000
vt 0.054575 0.571789
vt 0.126630 0.567199
vt 0.080000 0.360000
vt 0.126630 0.567199
vt 0.186282 0.531443
vt 0.080000 0.360000
vt 0.186282 0.531443
vt 0.239995 0.493949
vt 0.080000 0.360000
vt 0.239995 0.493949
vt 0.282553 0.444150
vt 0.080000 0.360000
vt 0.282553 0.444150
vt 0.301403 0.382497
vt 0.000000 0.000000
vt 0.050000 0.000000
vt 0.050000 1.000000
vt 0.000000 1.000000
vt 0.050000 0.000000
vt 0.100000 0.000000
vt 0.100000 1.000000
vt 0.050000 1.000000
vt 0.100000 0.000000
vt 0.150000 0.000000
vt 0.150000 1.000000
vt 0.100000 1.000000
vt 0.150000 0.000000
vt 0.200000 0.000000
vt 0.200000 1.000000
vt 0.150000 1.000000
vt 0.200000 0.000000
vt 0.250000 0.000000
vt 0.250000 1.000000
vt 0.200000 1.000000
vt 0.250000 0.000000
vt 0.300000 0.000000
vt 0.300000 1.000000
vt 0.250000 1.000000
vt 0.300000 0.000000
vt 0.350000 0.000000
vt 0.350000 1.000000
vt 0.300000 1.000000
vt 0.350000 0.000000
vt 0.400000 0.000000
vt 0.400000 1.000000
vt 0.350000 1.000000
vt 0.400000 1.000000
vt 0.450000 1.000000
vt 0.450000 0.000000
vt 0.400000 0.000000
vt 0.450000 1.000000
vt 0.500000 1.000000
vt 0.500000 0.000000
vt 0.450000 0.000000
vt 0.500000 1.000000
vt 0.550000 1.000000
vt 0.550000 0.000000
vt 0.500000 0.000000
vt 0.550000 1.000000
vt 0.600000 1.000000
vt 0.600000 0.000000
vt 0.550000 0.000000
vt 0.600000 1.000000
vt 0.650000 1.000000
vt 0.650000 0.000000
vt 0.600000 0.000000
vt 0.650000 1.000000
vt 0.700000 1.000000
vt 0.700000 0.000000
vt 0.650000 0.000000
vt 0.700000 0.000000
vt 0.750000 0.000000
vt 0.750000 1.000000
vt 0.700000 1.000000
vt 0.750000 0.000000
vt 0.800000 0.000000
vt 0.800000 1.000000
vt 0.750000 1.000000
vt 0.800000 0.000000
vt 0.850000 0.000000
vt 0.850000 1.000000
vt 0.800000 1.000000
vt 0.850000 0.000000
vt 0.900000 0.000000
vt 0.900000 1.000000
vt 0.850000 1.000000
vt 0.900000 0.000000
vt 0.950000 0.000000
vt 0.950000 1.000000
vt 0.900000 1.000000
vt 0.950000 0.000000
vt 1.000000 0.000000
vt 1.000000 1.000000
vt 0.950000 1.000000
vt 0.000000 0.000000
vt 0.050000 0.000000
vt 0.050000 1.000000
vt 0.000000 1.000000
vt 0.050000 0.000000
vt 0.100000 0.000000
vt 0.100000 1.000000
vt 0.050000 1.000000
vt 0.100000 0.000000
vt 0.150000 0.000000
vt 0.150000 1.000000
vt 0.100000 1.000000
vt 0.150000 0.000000
vt 0.200000 0.000000
vt 0.200000 1.000000
vt 0.150000 1.000000
vt 0.200000 0.000000
vt 0.250000 0.000000
vt 0.250000 1.000000
vt 0.200000 1.000000
vt 0.250000 0.000000
vt 0.300000 0.000000
vt 0.300000 1.000000
vt 0.250000 1.000000
vt 0.300000 0.000000
vt 0.350000 0.000000
vt 0.350000 1.000000
vt 0.300000 1.000000
vt 0.350000 1.000000
vt 0.400000 1.000000
vt 0.400000 0.000000
vt 0.350000 0.000000
vt 0.400000 1.000000
vt 0.450000 1.000000
vt 0.450000 0.000000
vt 0.400000 0.000000
vt 0.450000 1.000000
vt 0.500000 1.000000
vt 0.500000 0.000000
vt 0.450000 0.000000
vt 0.500000 1.000000
vt 0.550000 1.000000
vt 0.550000 0.000000
vt 0.500000 0.000000
vt 0.550000 1.000000
vt 0.600000 1.000000
vt 0.600000 0.000000
vt 0.550000 0.000000
vt 0.600000 1.000000
vt 0.650000 1.000000
vt 0.650000 0.000000
vt 0.600000 0.000000
vt 0.650000 1.000000
vt 0.700000 1.000000
vt 0.700000 0.000000
vt 0.650000 0.000000
vt 0.700000 1.000000
vt 0.750000 1.000000
vt 0.750000 0.000000
vt 0.700000 0.000000
vt 0.750000 0.000000
vt 0.800000 0.000000
vt 0.800000 1.000000
vt 0.750000 1.000000
vt 0.800000 0.000000
vt 0.850000 0.000000
vt 0.850000 1.000000
vt 0.800000 1.000000
vt 0.850000 0.000000
vt 0.900000 0.000000
vt 0.900000 1.000000
vt 0.850000 1.000000
vt 0.900000 0.000000
vt 0.950000 0.000000
vt 0.950000 1.000000
vt 0.900000 1.000000
vt 0.950000 0.000000
vt 1.000000 0.000000
vt 1.000000 1.000000
vt 0.950000 1.000000
vt 0.000000 0.000000
vt 0.050000 0.000000
vt 0.050000 1.000000
vt 0.000000 1.000000
vt 0.050000 0.000000
vt 0.100000 0.000000
vt 0.100000 1.000000
vt 0.050000 1.000000
vt 0.100000 0.000000
vt 0.150000 0.000000
vt 0.150000 1.000000
vt 0.100000 1.000000
vt 0.150000 0.000000
vt 0.200000 0.000000
vt 0.200000 1.000000
vt 0.150000 1.000000
vt 0.200000 0.000000
vt 0.250000 0.000000
vt 0.250000 1.000000
vt 0.200000 1.000000
vt 0.250000 0.000000
vt 0.300000 0.000000
vt 0.300000 1.000000
vt 0.250000 1.000000
vt 0.300000 0.000000
vt 0.350000 0.000000
vt 0.350000 1.000000
vt 0.300000 1.000000
vt 0.350000 1.000000
vt 0.400000 1.000000
vt 0.400000 0.000000
vt 0.350000 0.000000
vt 0.400000 1.000000
vt 0.450000 1.000000
vt 0.450000 0.000000
vt 0.400000 0.000000
vt 0.450000 1.000000
vt 0.500000 1.000000
vt 0.500000 0.000000
vt 0.450000 0.000000
vt 0.500000 1.000000
vt 0.550000 1.000000
vt 0.550000 0.000000
vt 0.500000 0.000000
vt 0.550000 1.000000
vt 0.600000 1.000000
vt 0.600000 0.000000
vt 0.550000 0.000000
vt 0.600000 1.000000
vt 0.650000 1.000000
vt 0.650000 0.000000
vt 0.600000 0.000000
vt 0.650000 1.000000
vt 0.700000 1.000000
vt 0.700000 0.000000
vt 0.650000 0.000000
vt 0.700000 1.000000
vt 0.750000 1.000000
vt 0.750000 0.000000
vt 0.700000 0.000000
vt 0.750000 0.000000
vt 0.800000 0.000000
vt 0.800000 1.000000
vt 0.750000 1.000000
vt 0.800000 0.000000
vt 0.850000 0.000000
vt 0.850000 1.000000
vt 0.800000 1.000000
vt 0.850000 0.000000
vt 0.900000 0.000000
vt 0.900000 1.000000
vt 0.850000 1.000000
vt 0.900000 0.000000
vt 0.950000 0.000000
vt 0.950000 1.000000
vt 0.900000 1.000000
vt 0.950000 0.000000
vt 1.000000 0.000000
vt 1.000000 1.000000
vt 0.950000 1.000000
vt 0.000000 0.000000
vt 0.050000 0.000000
vt 0.050000 1.000000
vt 0.000000 1.000000
vt 0.050000 0.000000
vt 0.100000 0.000000
vt 0.100000 1.000000
vt 0.050000 1.000000
vt 0.100000 0.000000
vt 0.150000 0.000000
vt 0.150000 1.000000
vt 0.100000 1.000000
vt 0.150000 0.000000
vt 0.200000 0.000000
vt 0.200000 1.000000
vt 0.150000 1.000000
vt 0.200000 0.000000
vt 0.250000 0.000000
vt 0.250000 1.000000
vt 0.200000 1.000000
vt 0.250000 0.000000
vt 0.300000 0.000000
vt 0.300000 1.000000
vt 0.250000 1.000000
vt 0.300000 0.000000
vt 0.350000 0.000000
vt 0.350000 1.000000
vt 0.300000 1.000000
vt 0.350000 0.000000
vt 0.400000 0.000000
vt 0.400000 1.000000
vt 0.350000 1.000000
vt 0.400000 0.000000
vt 0.450000 0.000000
vt 0.450000 1.000000
vt 0.400000 1.000000
vt 0.450000 0.000000
vt 0.500000 0.000000
vt 0.500000 1.000000
vt 0.450000 1.000000
vt 0.500000 0.000000
vt 0.550000 0.000000
vt 0.550000 1.000000
vt 0.500000 1.000000
vt 0.550000 0.000000
vt 0.600000 0.000000
vt 0.600000 1.000000
vt 0.550000 1.000000
vt 0.600000 0.000000
vt 0.650000 0.000000
vt 0.650000 1.000000
vt 0.600000 1.000000
vt 0.650000 0.000000
vt 0.700000 0.000000
vt 0.700000 1.000000
vt 0.650000 1.000000
vt 0.700000 0.000000
vt 0.750000 0.000000
vt 0.750000 1.000000
vt 0.700000 1.000000
vt 0.750000 0.000000
vt 0.800000 0.000000
vt 0.800000 1.000000
vt 0.750000 1.000000
vt 0.800000 0.000000
vt 0.850000 0.000000
vt 0.850000 1.000000
vt 0.800000 1.000000
vt 0.850000 0.000000
vt 0.900000 0.000000
vt 0.900000 1.000000
vt 0.850000 1.000000
vt 0.900000 0.000000
vt 0.950000 0.000000
vt 0.950000 1.000000
vt 0.900000 1.000000
vt 0.950000 0.000000
vt 1.000000 0.000000
vt 1.000000 1.000000
vt 0.950000 1.000000
vt 1.136761 0.139205
vt 1.144355 0.157532
vt 0.500000 0.500000
vt 1.122744 0.124640
vt 1.136761 0.139205
vt 0.500000 0.500000
vt 1.105318 0.113948
vt 1.122744 0.124640
vt 0.500000 0.500000
vt 1.085095 0.109059
vt 1.105318 0.113948
vt 0.500000 0.500000
vt 1.064231 0.109777
vt 1.085095 0.109059
vt 0.500000 0.500000
vt 1.043998 0.115431
vt 1.064231 0.109777
vt 0.500000 0.500000
vt 0.500000 0.500000
vt 1.043998 0.115431
vt 1.027405 0.127708
vt 0.500000 0.500000
vt 1.027405 0.127708
vt 1.016125 0.144219
vt 0.500000 0.500000
vt 1.016125 0.144219
vt 1.010504 0.162933
vt 0.500000 0.500000
vt 1.010504 0.162933
vt 1.012398 0.182141
vt 0.500000 0.500000
vt 1.012398 0.182141
vt 1.019529 0.200124
vt 0.500000 0.500000
vt 1.019529 0.200124
vt 1.031712 0.215906
vt 0.500000 0.500000
vt 1.031712 0.215906
vt 1.049397 0.226627
vt 0.500000 0.500000
vt 1.049397 0.226627
vt 1.069758 0.232121
vt 0.500000 0.500000
vt 1.069758 0.232121
vt 1.090980 0.231177
vt 0.500000 0.500000
vt 1.090980 0.231177
vt 1.110214 0.223285
vt 1.126607 0.211458
vt 1.110214 0.223285
vt 0.500000 0.500000
vt 1.138602 0.195667
vt 1.126607 0.211458
vt 0.500000 0.500000
vt 1.144268 0.177043
vt 1.138602 0.195667
vt 0.500000 0.500000
vt 1.144355 0.157532
vt 1.144268 0.177043
vt 0.500000 0.500000
vt 0.867500 0.290000
vt 1.126206 0.249144
vt 1.100366 0.177331
vt 0.867500 0.290000
vt 1.100366 0.177331
vt 1.040243 0.126915
vt 0.867500 0.290000
vt 1.040243 0.126915
vt 0.976885 0.086021
vt 0.867500 0.290000
vt 0.976885 0.086021
vt 0.902594 0.067591
vt 0.867500 0.290000
vt 0.902594 0.067591
vt 0.826246 0.068899
vt 0.867500 0.290000
vt 0.826246 0.068899
vt 0.745895 0.077270
vt 0.867500 0.290000
vt 0.745895 0.077270
vt 0.679995 0.121897
vt 0.867500 0.290000
vt 0.679995 0.121897
vt 0.639716 0.186611
vt 0.867500 0.290000
vt 0.639716 0.186611
vt 0.616041 0.256417
vt 0.867500 0.290000
vt 0.616041 0.256417
vt 0.629471 0.327591
vt 0.867500 0.290000
vt 0.629471 0.327591
vt 0.654292 0.393158
vt 0.867500 0.290000
vt 0.654292 0.393158
vt 0.688496 0.458995
vt 0.867500 0.290000
vt 0.688496 0.458995
vt 0.753895 0.501848
vt 0.867500 0.290000
vt 0.753895 0.501848
vt 0.830189 0.526462
vt 0.867500 0.290000
vt 0.830189 0.526462
vt 0.911514 0.525895
vt 0.867500 0.290000
vt 0.911514 0.525895
vt 0.980489 0.487658
vt 0.867500 0.290000
vt 0.980489 0.487658
vt 1.040952 0.445505
vt 0.867500 0.290000
vt 1.040952 0.445505
vt 1.091702 0.391762
vt 0.867500 0.290000
vt 1.091702 0.391762
vt 1.114813 0.323029
vt 0.867500 0.290000
vt 1.114813 0.323029
vt 1.126206 0.249144
vn 0.956761 0.226486 0.182515
vn 0.956761 0.226486 0.182515
vn 0.956761 0.226486 0.182515
vn 0.956761 0.226486 0.182515
vn 0.708905 0.205546 0.674688
vn 0.708905 0.205546 0.674688
vn 0.708905 0.205546 0.674688
vn 0.708905 0.205546 0.674688
vn 0.561231 0.192253 0.805021
vn 0.561231 0.192253 0.805021
vn 0.561231 0.192253 0.805021
vn 0.561231 0.192253 0.805021
vn 0.338222 0.192810 0.921103
vn 0.338222 0.192810 0.921103
vn 0.338222 0.192810 0.921103
vn 0.338222 0.192810 0.921103
vn 0.016670 0.182605 0.983045
vn 0.016670 0.182605 0.983045
vn 0.016670 0.182605 0.983045
vn 0.016670 0.182605 0.983045
vn -0.075435 0.189751 0.978930
vn -0.075435 0.189751 0.978930
vn -0.075435 0.189751 0.978930
vn -0.075435 0.189751 0.978930
vn -0.428750 0.211543 0.878307
vn -0.428750 0.211543 0.878307
vn -0.428750 0.211543 0.878307
vn -0.428750 0.211543 0.878307
vn -0.785519 0.209442 0.582317
vn -0.785519 0.209442 0.582317
vn -0.785519 0.209442 0.582317
vn -0.785519 0.209442 0.582317
vn -0.895886 0.210960 0.391004
vn -0.895886 0.210960 0.391004
vn -0.895886 0.210960 0.391004
vn -0.895886 0.210960 0.391004
vn -0.977240 0.208813 -0.037402
vn -0.977240 0.208813 -0.037402
vn -0.977240 0.208813 -0.037402
vn -0.977240 0.208813 -0.037402
vn -0.921474 0.190963 -0.338259
vn -0.921474 0.190963 -0.338259
vn -0.921474 0.190963 -0.338259
vn -0.921474 0.190963 -0.338259
vn -0.891644 0.200500 -0.405921
vn -0.891644 0.200500 -0.405921
vn -0.891644 0.200500 -0.405921
vn -0.891644 0.200500 -0.405921
vn -0.629974 0.208507 -0.748103
vn -0.629974 0.208507 -0.748103
vn -0.629974 0.208507 -0.748103
vn -0.629974 0.208507 -0.748103
vn -0.340247 0.200050 -0.918810
vn -0.340247 0.200050 -0.918810
vn -0.340247 0.200050 -0.918810
vn -0.340247 0.200050 -0.918810
vn -0.101744 0.205875 -0.973275
vn -0.101744 0.205875 -0.973275
vn -0.101744 0.205875 -0.973275
vn -0.101744 0.205875 -0.973275
vn 0.362080 0.196813 -0.911133
vn 0.362080 0.196813 -0.911133
vn 0.362080 0.196813 -0.911133
vn 0.362080 0.196813 -0.911133
vn 0.554642 0.184383 -0.811403
vn 0.554642 0.184383 -0.811403
vn 0.554642 0.184383 -0.811403
vn 0.554642 0.184383 -0.811403
vn 0.655440 0.195651 -0.729465
vn 0.655440 0.195651 -0.729465
vn 0.655440 0.195651 -0.729465
vn 0.655440 0.195651 -0.729465
vn 0.897486 0.205265 -0.390366
vn 0.897486 0.205265 -0.390366
vn 0.897486 0.205265 -0.390366
vn 0.897486 0.205265 -0.390366
vn 0.961520 0.209882 -0.177281
vn 0.961520 0.209882 -0.177281
vn 0.961520 0.209882 -0.177281
vn 0.961520 0.209882 -0.177281
vn 0.959966 0.274779 0.054432
vn 0.959966 0.274779 0.054432
vn 0.959966 0.274779 0.054432
vn 0.959966 0.274779 0.054432
vn 0.791985 0.268298 0.548431
vn 0.791985 0.268298 0.548431
vn 0.791985 0.268298 0.548431
vn 0.791985 0.268298 0.548431
vn 0.589124 0.263711 0.763799
vn 0.589124 0.263711 0.763799
vn 0.589124 0.263711 0.763799
vn 0.589124 0.263711 0.763799
vn 0.425580 0.247495 0.870418
vn 0.425580 0.247495 0.870418
vn 0.425580 0.247495 0.870418
vn 0.425580 0.247495 0.870418
vn 0.091019 0.247809 0.964524
vn 0.091019 0.247809 0.964524
vn 0.091019 0.247809 0.964524
vn 0.091019 0.247809 0.964524
vn -0.060175 0.255222 0.965008
vn -0.060175 0.255222 0.965008
vn -0.060175 0.255222 0.965008
vn -0.060175 0.255222 0.965008
vn -0.310662 0.252808 0.916285
vn -0.310662 0.252808 0.916285
vn -0.310662 0.252808 0.916285
vn -0.310662 0.252808 0.916285
vn -0.699508 0.271198 0.661165
vn -0.699508 0.271198 0.661165
vn -0.699508 0.271198 0.661165
vn -0.699508 0.271198 0.661165
vn -0.850977 0.274972 0.447470
vn -0.850977 0.274972 0.447470
vn -0.850977 0.274972 0.447470
vn -0.850977 0.274972 0.447470
vn -0.957168 0.264324 0.118162
vn -0.957168 0.264324 0.118162
vn -0.957168 0.264324 0.118162
vn -0.957168 0.264324 0.118162
vn -0.923645 0.267193 -0.274751
vn -0.923645 0.267193 -0.274751
vn -0.923645 0.267193 -0.274751
vn -0.923645 0.267193 -0.274751
vn -0.888090 0.266213 -0.374736
vn -0.888090 0.266213 -0.374736
vn -0.888090 0.266213 -0.374736
vn -0.888090 0.266213 -0.374736
vn -0.713303 0.259641 -0.650988
vn -0.713303 0.259641 -0.650988
vn -0.713303 0.259641 -0.650988
vn -0.713303 0.259641 -0.650988
vn -0.395201 0.266365 -0.879128
vn -0.395201 0.266365 -0.879128
vn -0.395201 0.266365 -0.879128
vn -0.395201 0.266365 -0.879128
vn -0.185590 0.258595 -0.947990
vn -0.185590 0.258595 -0.947990
vn -0.185590 0.258595 -0.947990
vn -0.185590 0.258595 -0.947990
vn 0.215955 0.249557 -0.943973
vn 0.215955 0.249557 -0.943973
vn 0.215955 0.249557 -0.943973
vn 0.215955 0.249557 -0.943973
vn 0.509587 0.257470 -0.820993
vn 0.509587 0.257470 -0.820993
vn 0.509587 0.257470 -0.820993
vn 0.509587 0.257470 -0.820993
vn 0.601740 0.252792 -0.757631
vn 0.601740 0.252792 -0.757631
vn 0.601740 0.252792 -0.757631
vn 0.601740 0.252792 -0.757631
vn 0.833518 0.262820 -0.485976
vn 0.833518 0.262820 -0.485976
vn 0.833518 0.262820 -0.485976
vn 0.833518 0.262820 -0.485976
vn 0.937058 0.280739 -0.207624
vn 0.937058 0.280739 -0.207624
vn 0.937058 0.280739 -0.207624
vn 0.937058 0.280739 -0.207624
vn 0.934831 0.310479 0.172317
vn 0.934831 0.310479 0.172317
vn 0.934831 0.310479 0.172317
vn 0.934831 0.310479 0.172317
vn 0.741783 0.290214 0.604594
vn 0.741783 0.290214 0.604594
vn 0.741783 0.290214 0.604594
vn 0.741783 0.290214 0.604594
vn 0.571500 0.269664 0.775028
vn 0.571500 0.269664 0.775028
vn 0.571500 0.269664 0.775028
vn 0.571500 0.269664 0.775028
vn 0.352936 0.270723 0.895625
vn 0.352936 0.270723 0.895625
vn 0.352936 0.270723 0.895625
vn 0.352936 0.270723 0.895625
vn 0.044724 0.258327 0.965022
vn 0.044724 0.258327 0.965022
vn 0.044724 0.258327 0.965022
vn 0.044724 0.258327 0.965022
vn -0.110403 0.265387 0.957800
vn -0.110403 0.265387 0.957800
vn -0.110403 0.265387 0.957800
vn -0.110403 0.265387 0.957800
vn -0.413744 0.291453 0.862480
vn -0.413744 0.291453 0.862480
vn -0.413744 0.291453 0.862480
vn -0.413744 0.291453 0.862480
vn -0.737581 0.290237 0.609702
vn -0.737581 0.290237 0.609702
vn -0.737581 0.290237 0.609702
vn -0.737581 0.290237 0.609702
vn -0.869525 0.291524 0.398672
vn -0.869525 0.291524 0.398672
vn -0.869525 0.291524 0.398672
vn -0.869525 0.291524 0.398672
vn -0.955672 0.293190 0.027028
vn -0.955672 0.293190 0.027028
vn -0.955672 0.293190 0.027028
vn -0.955672 0.293190 0.027028
vn -0.915975 0.270984 -0.295900
vn -0.915975 0.270984 -0.295900
vn -0.915975 0.270984 -0.295900
vn -0.915975 0.270984 -0.295900
vn -0.856527 0.279909 -0.433603
vn -0.856527 0.279909 -0.433603
vn -0.856527 0.279909 -0.433603
vn -0.856527 0.279909 -0.433603
vn -0.626187 0.289442 -0.723956
vn -0.626187 0.289442 -0.723956
vn -0.626187 0.289442 -0.723956
vn -0.626187 0.289442 -0.723956
vn -0.346493 0.277396 -0.896100
vn -0.346493 0.277396 -0.896100
vn -0.346493 0.277396 -0.896100
vn -0.346493 0.277396 -0.896100
vn -0.107945 0.283680 -0.952824
vn -0.107945 0.283680 -0.952824
vn -0.107945 0.283680 -0.952824
vn -0.107945 0.283680 -0.952824
vn 0.287083 0.276748 -0.917057
vn 0.287083 0.276748 -0.917057
vn 0.287083 0.276748 -0.917057
vn 0.287083 0.276748 -0.917057
vn 0.517593 0.259972 -0.815176
vn 0.517593 0.259972 -0.815176
vn 0.517593 0.259972 -0.815176
vn 0.517593 0.259972 -0.815176
vn 0.652827 0.274257 -0.706116
vn 0.652827 0.274257 -0.706116
vn 0.652827 0.274257 -0.706116
vn 0.652827 0.274257 -0.706116
vn 0.869108 0.286601 -0.403126
vn 0.869108 0.286601 -0.403126
vn 0.869108 0.286601 -0.403126
vn 0.869108 0.286601 -0.403126
vn 0.944510 0.290781 -0.152801
vn 0.944510 0.290781 -0.152801
vn 0.944510 0.290781 -0.152801
vn 0.944510 0.290781 -0.152801
vn 0.540780 -0.835237 0.099682
vn 0.540780 -0.835237 0.099682
vn 0.540780 -0.835237 0.099682
vn 0.540780 -0.835237 0.099682
vn 0.442754 -0.820818 0.360869
vn 0.442754 -0.820818 0.360869
vn 0.442754 -0.820818 0.360869
vn 0.442754 -0.820818 0.360869
vn 0.349298 -0.808458 0.473694
vn 0.349298 -0.808458 0.473694
vn 0.349298 -0.808458 0.473694
vn 0.349298 -0.808458 0.473694
vn 0.219066 -0.801855 0.555912
vn 0.219066 -0.801855 0.555912
vn 0.219066 -0.801855 0.555912
vn 0.219066 -0.801855 0.555912
vn 0.028086 -0.794966 0.606004
vn 0.028086 -0.794966 0.606004
vn 0.028086 -0.794966 0.606004
vn 0.028086 -0.794966 0.606004
vn -0.068446 -0.801692 0.593805
vn -0.068446 -0.801692 0.593805
vn -0.068446 -0.801692 0.593805
vn -0.068446 -0.801692 0.593805
vn -0.249508 -0.816838 0.520116
vn -0.249508 -0.816838 0.520116
vn -0.249508 -0.816838 0.520116
vn -0.249508 -0.816838 0.520116
vn -0.437688 -0.823121 0.361803
vn -0.437688 -0.823121 0.361803
vn -0.437688 -0.823121 0.361803
vn -0.437688 -0.823121 0.361803
vn -0.512751 -0.825722 0.235093
vn -0.512751 -0.825722 0.235093
vn -0.512751 -0.825722 0.235093
vn -0.512751 -0.825722 0.235093
vn -0.567003 -0.823560 0.016036
vn -0.567003 -0.823560 0.016036
vn -0.567003 -0.823560 0.016036
vn -0.567003 -0.823560 0.016036
vn -0.553288 -0.813588 -0.178736
vn -0.553288 -0.813588 -0.178736
vn -0.553288 -0.813588 -0.178736
vn -0.553288 -0.813588 -0.178736
vn -0.514718 -0.816805 -0.260568
vn -0.514718 -0.816805 -0.260568
vn -0.514718 -0.816805 -0.260568
vn -0.514718 -0.816805 -0.260568
vn -0.376416 -0.817877 -0.435187
vn -0.376416 -0.817877 -0.435187
vn -0.376416 -0.817877 -0.435187
vn -0.376416 -0.817877 -0.435187
vn -0.210262 -0.812462 -0.543779
vn -0.210262 -0.812462 -0.543779
vn -0.210262 -0.812462 -0.543779
vn -0.210262 -0.812462 -0.543779
vn -0.065656 -0.812296 -0.579539
vn -0.065656 -0.812296 -0.579539
vn -0.065656 -0.812296 -0.579539
vn -0.065656 -0.812296 -0.579539
vn 0.177002 -0.805592 -0.565413
vn 0.177002 -0.805592 -0.565413
vn 0.177002 -0.805592 -0.565413
vn 0.177002 -0.805592 -0.565413
vn 0.320807 -0.801127 -0.505251
vn 0.320807 -0.801127 -0.505251
vn 0.320807 -0.801127 -0.505251
vn 0.320807 -0.801127 -0.505251
vn 0.399459 -0.808549 -0.432066
vn 0.399459 -0.808549 -0.432066
vn 0.399459 -0.808549 -0.432066
vn 0.399459 -0.808549 -0.432066
vn 0.518735 -0.820379 -0.240609
vn 0.518735 -0.820379 -0.240609
vn 0.518735 -0.820379 -0.240609
vn 0.518735 -0.820379 -0.240609
vn 0.553292 -0.828164 -0.089510
vn 0.553292 -0.828164 -0.089510
vn 0.553292 -0.828164 -0.089510
vn 0.553292 -0.828164 -0.089510
vn 0.082251 0.996452 0.017860
vn 0.082251 0.996452 0.017860
vn 0.082251 0.996452 0.017860
vn 0.069852 0.996245 0.051151
vn 0.069852 0.996245 0.051151
vn 0.069852 0.996245 0.051151
vn 0.054511 0.995987 0.070978
vn 0.054511 0.995987 0.070978
vn 0.054511 0.995987 0.070978
vn 0.033439 0.995797 0.085264
vn 0.033439 0.995797 0.085264
vn 0.033439 0.995797 0.085264
vn 0.005884 0.995675 0.092714
vn 0.005884 0.995675 0.092714
vn 0.005884 0.995675 0.092714
vn -0.014904 0.995727 0.091135
vn -0.014904 0.995727 0.091135
vn -0.014904 0.995727 0.091135
vn -0.041059 0.995976 0.079667
vn -0.041059 0.995976 0.079667
vn -0.041059 0.995976 0.079667
vn -0.065238 0.996204 0.057633
vn -0.065238 0.996204 0.057633
vn -0.065238 0.996204 0.057633
vn -0.077809 0.996326 0.035778
vn -0.077809 0.996326 0.035778
vn -0.077809 0.996326 0.035778
vn -0.084817 0.996383 0.005221
vn -0.084817 0.996383 0.005221
vn -0.084817 0.996383 0.005221
vn -0.082938 0.996271 -0.023756
vn -0.082938 0.996271 -0.023756
vn -0.082938 0.996271 -0.023756
vn -0.075527 0.996187 -0.043664
vn -0.075527 0.996187 -0.043664
vn -0.075527 0.996187 -0.043664
vn -0.056642 0.996069 -0.068101
vn -0.056642 0.996069 -0.068101
vn -0.056642 0.996069 -0.068101
vn -0.032750 0.995902 -0.084304
vn -0.032750 0.995902 -0.084304
vn -0.032750 0.995902 -0.084304
vn -0.008799 0.995832 -0.090783
vn -0.008799 0.995832 -0.090783
vn -0.008799 0.995832 -0.090783
vn 0.023182 0.995820 -0.088344
vn 0.023182 0.995820 -0.088344
vn 0.023182 0.995820 -0.088344
vn 0.046342 0.995862 -0.078172
vn 0.046342 0.995862 -0.078172
vn 0.046342 0.995862 -0.078172
vn 0.062656 0.996025 -0.063307
vn 0.062656 0.996025 -0.063307
vn 0.062656 0.996025 -0.063307
vn 0.078261 0.996276 -0.036195
vn 0.078261 0.996276 -0.036195
vn 0.078261 0.996276 -0.036195
vn 0.084094 0.996399 -0.010789
vn 0.084094 0.996399 -0.010789
vn 0.084094 0.996399 -0.010789
vn 0.074563 -0.997198 0.006010
vn 0.074563 -0.997198 0.006010
vn 0.074563 -0.997198 0.006010
vn 0.059196 -0.996936 0.051125
vn 0.059196 -0.996936 0.051125
vn 0.059196 -0.996936 0.051125
vn 0.047369 -0.996603 0.067364
vn 0.047369 -0.996603 0.067364
vn 0.047369 -0.996603 0.067364
vn 0.033993 -0.996448 0.077047
vn 0.033993 -0.996448 0.077047
vn 0.033993 -0.996448 0.077047
vn 0.003467 -0.996258 0.086362
vn 0.003467 -0.996258 0.086362
vn 0.003467 -0.996258 0.086362
vn -0.003066 -0.996283 0.086080
vn -0.003066 -0.996283 0.086080
vn -0.003066 -0.996283 0.086080
vn -0.027941 -0.996707 0.076120
vn -0.027941 -0.996707 0.076120
vn -0.027941 -0.996707 0.076120
vn -0.060242 -0.997008 0.048431
vn -0.060242 -0.997008 0.048431
vn -0.060242 -0.997008 0.048431
vn -0.069379 -0.997026 0.033546
vn -0.069379 -0.997026 0.033546
vn -0.069379 -0.997026 0.033546
vn -0.077410 -0.996996 0.002498
vn -0.077410 -0.996996 0.002498
vn -0.077410 -0.996996 0.002498
vn -0.076251 -0.996686 -0.028344
vn -0.076251 -0.996686 -0.028344
vn -0.076251 -0.996686 -0.028344
vn -0.075929 -0.996683 -0.029287
vn -0.075929 -0.996683 -0.029287
vn -0.075929 -0.996683 -0.029287
vn -0.056757 -0.996833 -0.055703
vn -0.056757 -0.996833 -0.055703
vn -0.056757 -0.996833 -0.055703
vn -0.030403 -0.996735 -0.074803
vn -0.030403 -0.996735 -0.074803
vn -0.030403 -0.996735 -0.074803
vn -0.013839 -0.996710 -0.079865
vn -0.013839 -0.996710 -0.079865
vn -0.013839 -0.996710 -0.079865
vn 0.026244 -0.996599 -0.078113
vn 0.026244 -0.996599 -0.078113
vn 0.026244 -0.996599 -0.078113
vn 0.048443 -0.996428 -0.069175
vn 0.048443 -0.996428 -0.069175
vn 0.048443 -0.996428 -0.069175
vn 0.052143 -0.996456 -0.066003
vn 0.052143 -0.996456 -0.066003
vn 0.052143 -0.996456 -0.066003
vn 0.070350 -0.996858 -0.036399
vn 0.070350 -0.996858 -0.036399
vn 0.070350 -0.996858 -0.036399
vn 0.075394 -0.997010 -0.016952
vn 0.075394 -0.997010 -0.016952
vn 0.075394 -0.997010 -0.016952
vn -0.972460 -0.198874 0.121534
vn -0.972460 -0.198874 0.121534
vn -0.972460 -0.198874 0.121534
vn -0.972460 -0.198874 0.121534
vn -0.893846 -0.204440 -0.399052
vn -0.893846 -0.204440 -0.399052
vn -0.893846 -0.204440 -0.399052
vn -0.893846 -0.204440 -0.399052
vn 0.608088 0.178058 0.773643
vn 0.608088 0.178058 0.773643
vn 0.608088 0.178058 0.773643
vn 0.608088 0.178058 0.773643
vn 0.485110 0.177547 0.856239
vn 0.485110 0.177547 0.856239
vn 0.485110 0.177547 0.856239
vn 0.485110 0.177547 0.856239
vn 0.142783 0.171753 0.974738
vn 0.142783 0.171753 0.974738
vn 0.142783 0.171753 0.974738
vn 0.142783 0.171753 0.974738
vn -0.033788 0.168232 0.985168
vn -0.033788 0.168232 0.985168
vn -0.033788 0.168232 0.985168
vn -0.033788 0.168232 0.985168
vn -0.215922 0.184810 0.958761
vn -0.215922 0.184810 0.958761
vn -0.215922 0.184810 0.958761
vn -0.215922 0.184810 0.958761
vn -0.660124 0.195817 0.725184
vn -0.660124 0.195817 0.725184
vn -0.660124 0.195817 0.725184
vn -0.660124 0.195817 0.725184
vn -0.853476 0.190970 0.484880
vn -0.853476 0.190970 0.484880
vn -0.853476 0.190970 0.484880
vn -0.853476 0.190970 0.484880
vn -0.959028 0.196187 0.204391
vn -0.959028 0.196187 0.204391
vn -0.959028 0.196187 0.204391
vn -0.959028 0.196187 0.204391
vn -0.949590 0.180458 -0.256345
vn -0.949590 0.180458 -0.256345
vn -0.949590 0.180458 -0.256345
vn -0.949590 0.180458 -0.256345
vn -0.919385 0.177593 -0.350988
vn -0.919385 0.177593 -0.350988
vn -0.919385 0.177593 -0.350988
vn -0.919385 0.177593 -0.350988
vn -0.795606 0.191043 -0.574903
vn -0.795606 0.191043 -0.574903
vn -0.795606 0.191043 -0.574903
vn -0.795606 0.191043 -0.574903
vn -0.450614 0.185997 -0.873128
vn -0.450614 0.185997 -0.873128
vn -0.450614 0.185997 -0.873128
vn -0.450614 0.185997 -0.873128
vn -0.245590 0.185574 -0.951445
vn -0.245590 0.185574 -0.951445
vn -0.245590 0.185574 -0.951445
vn -0.245590 0.185574 -0.951445
vn -0.062436 -0.188374 0.980111
vn -0.062436 -0.188374 0.980111
vn -0.062436 -0.188374 0.980111
vn -0.062436 -0.188374 0.980111
vn -0.506504 -0.171527 0.845004
vn -0.506504 -0.171527 0.845004
vn -0.506504 -0.171527 0.845004
vn -0.506504 -0.171527 0.845004
vn -0.563830 -0.172217 0.807736
vn -0.563830 -0.172217 0.807736
vn -0.563830 -0.172217 0.807736
vn -0.563830 -0.172217 0.807736
vn -0.747184 -0.184341 0.638541
vn -0.747184 -0.184341 0.638541
vn -0.747184 -0.184341 0.638541
vn -0.747184 -0.184341 0.638541
vn -0.939198 -0.188282 0.287154
vn -0.939198 -0.188282 0.287154
vn -0.939198 -0.188282 0.287154
vn -0.939198 -0.188282 0.287154
vn -0.963455 -0.264089 0.044847
vn -0.963455 -0.264089 0.044847
vn -0.963455 -0.264089 0.044847
vn -0.963455 -0.264089 0.044847
vn -0.840075 -0.261671 -0.475186
vn -0.840075 -0.261671 -0.475186
vn -0.840075 -0.261671 -0.475186
vn -0.840075 -0.261671 -0.475186
vn -0.598760 -0.247356 -0.761775
vn -0.598760 -0.247356 -0.761775
vn -0.598760 -0.247356 -0.761775
vn -0.598760 -0.247356 -0.761775
vn 0.530784 0.235398 0.814160
vn 0.530784 0.235398 0.814160
vn 0.530784 0.235398 0.814160
vn 0.530784 0.235398 0.814160
vn 0.251090 0.224231 0.941634
vn 0.251090 0.224231 0.941634
vn 0.251090 0.224231 0.941634
vn 0.251090 0.224231 0.941634
vn -0.012868 0.234088 0.972130
vn -0.012868 0.234088 0.972130
vn -0.012868 0.234088 0.972130
vn -0.012868 0.234088 0.972130
vn -0.149378 0.230717 0.961486
vn -0.149378 0.230717 0.961486
vn -0.149378 0.230717 0.961486
vn -0.149378 0.230717 0.961486
vn -0.537938 0.240970 0.807809
vn -0.537938 0.240970 0.807809
vn -0.537938 0.240970 0.807809
vn -0.537938 0.240970 0.807809
vn -0.804073 0.254777 0.537174
vn -0.804073 0.254777 0.537174
vn -0.804073 0.254777 0.537174
vn -0.804073 0.254777 0.537174
vn -0.915661 0.246787 0.317272
vn -0.915661 0.246787 0.317272
vn -0.915661 0.246787 0.317272
vn -0.915661 0.246787 0.317272
vn -0.962065 0.242462 -0.125076
vn -0.962065 0.242462 -0.125076
vn -0.962065 0.242462 -0.125076
vn -0.962065 0.242462 -0.125076
vn -0.907084 0.248915 -0.339471
vn -0.907084 0.248915 -0.339471
vn -0.907084 0.248915 -0.339471
vn -0.907084 0.248915 -0.339471
vn -0.837616 0.238960 -0.491221
vn -0.837616 0.238960 -0.491221
vn -0.837616 0.238960 -0.491221
vn -0.837616 0.238960 -0.491221
vn -0.537286 0.241841 -0.807983
vn -0.537286 0.241841 -0.807983
vn -0.537286 0.241841 -0.807983
vn -0.537286 0.241841 -0.807983
vn -0.292498 0.243967 -0.924622
vn -0.292498 0.243967 -0.924622
vn -0.292498 0.243967 -0.924622
vn -0.292498 0.243967 -0.924622
vn -0.137243 -0.243838 0.960056
vn -0.137243 -0.243838 0.960056
vn -0.137243 -0.243838 0.960056
vn -0.137243 -0.243838 0.960056
vn -0.506894 -0.238756 0.828284
vn -0.506894 -0.238756 0.828284
vn -0.506894 -0.238756 0.828284
vn -0.506894 -0.238756 0.828284
vn -0.569671 -0.239174 0.786302
vn -0.569671 -0.239174 0.786302
vn -0.569671 -0.239174 0.786302
vn -0.569671 -0.239174 0.786302
vn -0.787996 -0.246681 0.564102
vn -0.787996 -0.246681 0.564102
vn -0.787996 -0.246681 0.564102
vn -0.787996 -0.246681 0.564102
vn -0.933127 -0.259393 0.248975
vn -0.933127 -0.259393 0.248975
vn -0.933127 -0.259393 0.248975
vn -0.933127 -0.259393 0.248975
vn -0.954889 -0.277157 0.106633
vn -0.954889 -0.277157 0.106633
vn -0.954889 -0.277157 0.106633
vn -0.954889 -0.277157 0.106633
vn -0.904399 -0.286139 -0.316523
vn -0.904399 -0.286139 -0.316523
vn -0.904399 -0.286139 -0.316523
vn -0.904399 -0.286139 -0.316523
vn -0.663296 -0.254633 -0.703704
vn -0.663296 -0.254633 -0.703704
vn -0.663296 -0.254633 -0.703704
vn -0.663296 -0.254633 -0.703704
vn -0.528661 -0.250904 -0.810904
vn -0.528661 -0.250904 -0.810904
vn -0.528661 -0.250904 -0.810904
vn -0.528661 -0.250904 -0.810904
vn 0.178865 0.243656 0.953226
vn 0.178865 0.243656 0.953226
vn 0.178865 0.243656 0.953226
vn 0.178865 0.243656 0.953226
vn -0.043106 0.236886 0.970581
vn -0.043106 0.236886 0.970581
vn -0.043106 0.236886 0.970581
vn -0.043106 0.236886 0.970581
vn -0.239932 0.257439 0.936033
vn -0.239932 0.257439 0.936033
vn -0.239932 0.257439 0.936033
vn -0.239932 0.257439 0.936033
vn -0.614602 0.271133 0.740777
vn -0.614602 0.271133 0.740777
vn -0.614602 0.271133 0.740777
vn -0.614602 0.271133 0.740777
vn -0.822695 0.265120 0.502876
vn -0.822695 0.265120 0.502876
vn -0.822695 0.265120 0.502876
vn -0.822695 0.265120 0.502876
vn -0.933155 0.272926 0.233950
vn -0.933155 0.272926 0.233950
vn -0.933155 0.272926 0.233950
vn -0.933155 0.272926 0.233950
vn -0.948834 0.258008 -0.182061
vn -0.948834 0.258008 -0.182061
vn -0.948834 0.258008 -0.182061
vn -0.948834 0.258008 -0.182061
vn -0.898136 0.249914 -0.361793
vn -0.898136 0.249914 -0.361793
vn -0.898136 0.249914 -0.361793
vn -0.898136 0.249914 -0.361793
vn -0.769735 0.266051 -0.580280
vn -0.769735 0.266051 -0.580280
vn -0.769735 0.266051 -0.580280
vn -0.769735 0.266051 -0.580280
vn -0.466225 0.259736 -0.845678
vn -0.466225 0.259736 -0.845678
vn -0.466225 0.259736 -0.845678
vn -0.466225 0.259736 -0.845678
vn -0.240107 0.256760 -0.936175
vn -0.240107 0.256760 -0.936175
vn -0.240107 0.256760 -0.936175
vn -0.240107 0.256760 -0.936175
vn -0.000084 -0.263516 0.964655
vn -0.000084 -0.263516 0.964655
vn -0.000084 -0.263516 0.964655
vn -0.000084 -0.263516 0.964655
vn -0.415039 -0.244800 0.876251
vn -0.415039 -0.244800 0.876251
vn -0.415039 -0.244800 0.876251
vn -0.415039 -0.244800 0.876251
vn -0.551861 -0.243066 0.797727
vn -0.551861 -0.243066 0.797727
vn -0.551861 -0.243066 0.797727
vn -0.551861 -0.243066 0.797727
vn -0.716306 -0.259868 0.647591
vn -0.716306 -0.259868 0.647591
vn -0.716306 -0.259868 0.647591
vn -0.716306 -0.259868 0.647591
vn -0.912405 -0.263927 0.312824
vn -0.912405 -0.263927 0.312824
vn -0.912405 -0.263927 0.312824
vn -0.912405 -0.263927 0.312824
vn 0.588134 -0.808683 -0.011445
vn 0.588134 -0.808683 -0.011445
vn 0.588134 -0.808683 -0.011445
vn 0.588134 -0.808683 -0.011445
vn 0.529973 -0.806742 0.261335
vn 0.529973 -0.806742 0.261335
vn 0.529973 -0.806742 0.261335
vn 0.529973 -0.806742 0.261335
vn 0.410003 -0.786119 0.462510
vn 0.410003 -0.786119 0.462510
vn 0.410003 -0.786119 0.462510
vn 0.410003 -0.786119 0.462510
vn 0.314714 -0.779121 0.542149
vn 0.314714 -0.779121 0.542149
vn 0.314714 -0.779121 0.542149
vn 0.314714 -0.779121 0.542149
vn 0.117677 -0.769969 0.627136
vn 0.117677 -0.769969 0.627136
vn 0.117677 -0.769969 0.627136
vn 0.117677 -0.769969 0.627136
vn -0.028296 -0.770253 0.637111
vn -0.028296 -0.770253 0.637111
vn -0.028296 -0.770253 0.637111
vn -0.028296 -0.770253 0.637111
vn -0.154494 -0.782855 0.602718
vn -0.154494 -0.782855 0.602718
vn -0.154494 -0.782855 0.602718
vn -0.154494 -0.782855 0.602718
vn -0.385756 -0.796877 0.464951
vn -0.385756 -0.796877 0.464951
vn -0.385756 -0.796877 0.464951
vn -0.385756 -0.796877 0.464951
vn -0.512445 -0.799552 0.313234
vn -0.512445 -0.799552 0.313234
vn -0.512445 -0.799552 0.313234
vn -0.512445 -0.799552 0.313234
vn -0.579571 -0.801863 0.145303
vn -0.579571 -0.801863 0.145303
vn -0.579571 -0.801863 0.145303
vn -0.579571 -0.801863 0.145303
vn -0.600376 -0.791377 -0.115199
vn -0.600376 -0.791377 -0.115199
vn -0.600376 -0.791377 -0.115199
vn -0.600376 -0.791377 -0.115199
vn -0.569774 -0.789099 -0.229520
vn -0.569774 -0.789099 -0.229520
vn -0.569774 -0.789099 -0.229520
vn -0.569774 -0.789099 -0.229520
vn -0.485874 -0.793575 -0.366285
vn -0.485874 -0.793575 -0.366285
vn -0.485874 -0.793575 -0.366285
vn -0.485874 -0.793575 -0.366285
vn -0.296891 -0.788571 -0.538527
vn -0.296891 -0.788571 -0.538527
vn -0.296891 -0.788571 -0.538527
vn -0.296891 -0.788571 -0.538527
vn -0.153401 -0.786598 -0.598107
vn -0.153401 -0.786598 -0.598107
vn -0.153401 -0.786598 -0.598107
vn -0.153401 -0.786598 -0.598107
vn 0.059866 -0.784273 -0.617521
vn 0.059866 -0.784273 -0.617521
vn 0.059866 -0.784273 -0.617521
vn 0.059866 -0.784273 -0.617521
vn 0.290858 -0.774353 -0.561942
vn 0.290858 -0.774353 -0.561942
vn 0.290858 -0.774353 -0.561942
vn 0.290858 -0.774353 -0.561942
vn 0.373407 -0.777299 -0.506334
vn 0.373407 -0.777299 -0.506334
vn 0.373407 -0.777299 -0.506334
vn 0.373407 -0.777299 -0.506334
vn 0.495315 -0.790013 -0.361305
vn 0.495315 -0.790013 -0.361305
vn 0.495315 -0.790013 -0.361305
vn 0.495315 -0.790013 -0.361305
vn 0.579222 -0.799492 -0.159108
vn 0.579222 -0.799492 -0.159108
vn 0.579222 -0.799492 -0.159108
vn 0.579222 -0.799492 -0.159108
vn -0.009266 0.999957 -0.000294
vn -0.009266 0.999957 -0.000294
vn -0.009266 0.999957 -0.000294
vn -0.011195 0.999923 -0.005271
vn -0.011195 0.999923 -0.005271
vn -0.011195 0.999923 -0.005271
vn -0.015537 0.999753 -0.015886
vn -0.015537 0.999753 -0.015886
vn -0.015537 0.999753 -0.015886
vn -0.033279 0.997757 -0.058079
vn -0.033279 0.997757 -0.058079
vn -0.033279 0.997757 -0.058079
vn 0.008051 0.999196 0.039267
vn 0.008051 0.999196 0.039267
vn 0.008051 0.999196 0.039267
vn -0.001019 0.999844 0.017614
vn -0.001019 0.999844 0.017614
vn -0.001019 0.999844 0.017614
vn -0.003576 0.999930 0.011309
vn -0.003576 0.999930 0.011309
vn -0.003576 0.999930 0.011309
vn -0.005374 0.999963 0.006663
vn -0.005374 0.999963 0.006663
vn -0.005374 0.999963 0.006663
vn -0.006325 0.999972 0.004043
vn -0.006325 0.999972 0.004043
vn -0.006325 0.999972 0.004043
vn -0.007076 0.999973 0.001816
vn -0.007076 0.999973 0.001816
vn -0.007076 0.999973 0.001816
vn -0.007984 0.999968 -0.001096
vn -0.007984 0.999968 -0.001096
vn -0.007984 0.999968 -0.001096
vn -0.008743 0.999955 -0.003722
vn -0.008743 0.999955 -0.003722
vn -0.008743 0.999955 -0.003722
vn -0.009992 0.999915 -0.008357
vn -0.009992 0.999915 -0.008357
vn -0.009992 0.999915 -0.008357
vn -0.014445 0.999561 -0.025869
vn -0.014445 0.999561 -0.025869
vn -0.014445 0.999561 -0.025869
vn 0.169031 0.687811 0.705935
vn 0.169031 0.687811 0.705935
vn 0.169031 0.687811 0.705935
vn -0.002097 0.999687 0.024941
vn -0.002097 0.999687 0.024941
vn -0.002097 0.999687 0.024941
vn -0.005402 0.999912 0.012098
vn -0.005402 0.999912 0.012098
vn -0.005402 0.999912 0.012098
vn -0.006413 0.999944 0.008434
vn -0.006413 0.999944 0.008434
vn -0.006413 0.999944 0.008434
vn -0.007394 0.999959 0.005164
vn -0.007394 0.999959 0.005164
vn -0.007394 0.999959 0.005164
vn -0.008354 0.999963 0.002244
vn -0.008354 0.999963 0.002244
vn -0.008354 0.999963 0.002244
vn 0.123903 -0.992174 -0.015485
vn 0.123903 -0.992174 -0.015485
vn 0.123903 -0.992174 -0.015485
vn 0.111512 -0.992515 0.049784
vn 0.111512 -0.992515 0.049784
vn 0.111512 -0.992515 0.049784
vn 0.082798 -0.991111 0.104136
vn 0.082798 -0.991111 0.104136
vn 0.082798 -0.991111 0.104136
vn 0.071446 -0.990758 0.115299
vn 0.071446 -0.990758 0.115299
vn 0.071446 -0.990758 0.115299
vn 0.027427 -0.990216 0.136823
vn 0.027427 -0.990216 0.136823
vn 0.027427 -0.990216 0.136823
vn -0.003056 -0.990081 0.140464
vn -0.003056 -0.990081 0.140464
vn -0.003056 -0.990081 0.140464
vn -0.018819 -0.990398 0.136961
vn -0.018819 -0.990398 0.136961
vn -0.018819 -0.990398 0.136961
vn -0.077893 -0.991877 0.100562
vn -0.077893 -0.991877 0.100562
vn -0.077893 -0.991877 0.100562
vn -0.108307 -0.992038 0.064265
vn -0.108307 -0.992038 0.064265
vn -0.108307 -0.992038 0.064265
vn -0.120532 -0.992097 0.034860
vn -0.120532 -0.992097 0.034860
vn -0.120532 -0.992097 0.034860
vn -0.127061 -0.991435 -0.030212
vn -0.127061 -0.991435 -0.030212
vn -0.127061 -0.991435 -0.030212
vn -0.123986 -0.991208 -0.046197
vn -0.123986 -0.991208 -0.046197
vn -0.123986 -0.991208 -0.046197
vn -0.113682 -0.991331 -0.065869
vn -0.113682 -0.991331 -0.065869
vn -0.113682 -0.991331 -0.065869
vn -0.066435 -0.991415 -0.112618
vn -0.066435 -0.991415 -0.112618
vn -0.066435 -0.991415 -0.112618
vn -0.038168 -0.991236 -0.126466
vn -0.038168 -0.991236 -0.126466
vn -0.038168 -0.991236 -0.126466
vn 0.008412 -0.991207 -0.132054
vn 0.008412 -0.991207 -0.132054
vn 0.008412 -0.991207 -0.132054
vn 0.070696 -0.990501 -0.117942
vn 0.070696 -0.990501 -0.117942
vn 0.070696 -0.990501 -0.117942
vn 0.078813 -0.990475 -0.112906
vn 0.078813 -0.990475 -0.112906
vn 0.078813 -0.990475 -0.112906
vn 0.101109 -0.991116 -0.086408
vn 0.101109 -0.991116 -0.086408
vn 0.101109 -0.991116 -0.086408
vn 0.121659 -0.991875 -0.037196
vn 0.121659 -0.991875 -0.037196
vn 0.121659 -0.991875 -0.037196
vn 0.883150 0.200740 0.423969
vn 0.883150 0.200740 0.423969
vn 0.883150 0.200740 0.423969
vn 0.883150 0.200740 0.423969
vn 0.623650 0.175634 0.761718
vn 0.623650 0.175634 0.761718
vn 0.623650 0.175634 0.761718
vn 0.623650 0.175634 0.761718
vn 0.508195 0.173572 0.843570
vn 0.508195 0.173572 0.843570
vn 0.508195 0.173572 0.843570
vn 0.508195 0.173572 0.843570
vn 0.181744 0.169376 0.968649
vn 0.181744 0.169376 0.968649
vn 0.181744 0.169376 0.968649
vn 0.181744 0.169376 0.968649
vn -0.027770 0.164004 0.986069
vn -0.027770 0.164004 0.986069
vn -0.027770 0.164004 0.986069
vn -0.027770 0.164004 0.986069
vn -0.176925 0.178490 0.967904
vn -0.176925 0.178490 0.967904
vn -0.176925 0.178490 0.967904
vn -0.176925 0.178490 0.967904
vn -0.619082 0.192148 0.761456
vn -0.619082 0.192148 0.761456
vn -0.619082 0.192148 0.761456
vn -0.619082 0.192148 0.761456
vn -0.843923 0.186806 0.502890
vn -0.843923 0.186806 0.502890
vn -0.843923 0.186806 0.502890
vn -0.843923 0.186806 0.502890
vn 0.929508 -0.191409 -0.315241
vn 0.929508 -0.191409 -0.315241
vn 0.929508 -0.191409 -0.315241
vn 0.929508 -0.191409 -0.315241
vn 0.966606 -0.180015 0.182392
vn 0.966606 -0.180015 0.182392
vn 0.966606 -0.180015 0.182392
vn 0.966606 -0.180015 0.182392
vn 0.921152 -0.172861 0.348710
vn 0.921152 -0.172861 0.348710
vn 0.921152 -0.172861 0.348710
vn 0.921152 -0.172861 0.348710
vn 0.872212 -0.184179 0.453126
vn 0.872212 -0.184179 0.453126
vn 0.872212 -0.184179 0.453126
vn 0.872212 -0.184179 0.453126
vn 0.538707 -0.184062 0.822141
vn 0.538707 -0.184062 0.822141
vn 0.538707 -0.184062 0.822141
vn 0.538707 -0.184062 0.822141
vn 0.301962 -0.180972 0.935985
vn 0.301962 -0.180972 0.935985
vn 0.301962 -0.180972 0.935985
vn 0.301962 -0.180972 0.935985
vn 0.084595 0.185044 -0.979082
vn 0.084595 0.185044 -0.979082
vn 0.084595 0.185044 -0.979082
vn 0.084595 0.185044 -0.979082
vn 0.493413 0.169150 -0.853189
vn 0.493413 0.169150 -0.853189
vn 0.493413 0.169150 -0.853189
vn 0.493413 0.169150 -0.853189
vn 0.570129 0.167830 -0.804230
vn 0.570129 0.167830 -0.804230
vn 0.570129 0.167830 -0.804230
vn 0.570129 0.167830 -0.804230
vn 0.769722 0.181642 -0.611992
vn 0.769722 0.181642 -0.611992
vn 0.769722 0.181642 -0.611992
vn 0.769722 0.181642 -0.611992
vn 0.943572 0.184392 -0.275086
vn 0.943572 0.184392 -0.275086
vn 0.943572 0.184392 -0.275086
vn 0.943572 0.184392 -0.275086
vn 0.977298 0.195049 -0.082732
vn 0.977298 0.195049 -0.082732
vn 0.977298 0.195049 -0.082732
vn 0.977298 0.195049 -0.082732
vn 0.933383 0.245702 0.261584
vn 0.933383 0.245702 0.261584
vn 0.933383 0.245702 0.261584
vn 0.933383 0.245702 0.261584
vn 0.689470 0.239580 0.683544
vn 0.689470 0.239580 0.683544
vn 0.689470 0.239580 0.683544
vn 0.689470 0.239580 0.683544
vn 0.546688 0.232419 0.804434
vn 0.546688 0.232419 0.804434
vn 0.546688 0.232419 0.804434
vn 0.546688 0.232419 0.804434
vn 0.291017 0.219624 0.931168
vn 0.291017 0.219624 0.931168
vn 0.291017 0.219624 0.931168
vn 0.291017 0.219624 0.931168
vn 0.002175 0.228209 0.973610
vn 0.002175 0.228209 0.973610
vn 0.002175 0.228209 0.973610
vn 0.002175 0.228209 0.973610
vn -0.123782 0.226562 0.966099
vn -0.123782 0.226562 0.966099
vn -0.123782 0.226562 0.966099
vn -0.123782 0.226562 0.966099
vn -0.492448 0.234008 0.838293
vn -0.492448 0.234008 0.838293
vn -0.492448 0.234008 0.838293
vn -0.492448 0.234008 0.838293
vn 0.830463 -0.255805 -0.494869
vn 0.830463 -0.255805 -0.494869
vn 0.830463 -0.255805 -0.494869
vn 0.830463 -0.255805 -0.494869
vn 0.934767 -0.253172 -0.249228
vn 0.934767 -0.253172 -0.249228
vn 0.934767 -0.253172 -0.249228
vn 0.934767 -0.253172 -0.249228
vn 0.944944 -0.244115 0.217917
vn 0.944944 -0.244115 0.217917
vn 0.944944 -0.244115 0.217917
vn 0.944944 -0.244115 0.217917
vn 0.906744 -0.244563 0.343517
vn 0.906744 -0.244563 0.343517
vn 0.906744 -0.244563 0.343517
vn 0.906744 -0.244563 0.343517
vn 0.814132 -0.243221 0.527287
vn 0.814132 -0.243221 0.527287
vn 0.814132 -0.243221 0.527287
vn 0.814132 -0.243221 0.527287
vn 0.477615 -0.244504 0.843861
vn 0.477615 -0.244504 0.843861
vn 0.477615 -0.244504 0.843861
vn 0.477615 -0.244504 0.843861
vn 0.264633 -0.244278 0.932897
vn 0.264633 -0.244278 0.932897
vn 0.264633 -0.244278 0.932897
vn 0.264633 -0.244278 0.932897
vn -0.083575 -0.239547 0.967281
vn -0.083575 -0.239547 0.967281
vn -0.083575 -0.239547 0.967281
vn -0.083575 -0.239547 0.967281
vn 0.382805 0.226277 -0.895689
vn 0.382805 0.226277 -0.895689
vn 0.382805 0.226277 -0.895689
vn 0.382805 0.226277 -0.895689
vn 0.546469 0.232567 -0.804539
vn 0.546469 0.232567 -0.804539
vn 0.546469 0.232567 -0.804539
vn 0.546469 0.232567 -0.804539
vn 0.694240 0.227514 -0.682838
vn 0.694240 0.227514 -0.682838
vn 0.694240 0.227514 -0.682838
vn 0.694240 0.227514 -0.682838
vn 0.905547 0.245483 -0.346011
vn 0.905547 0.245483 -0.346011
vn 0.905547 0.245483 -0.346011
vn 0.905547 0.245483 -0.346011
vn 0.958585 0.252068 -0.132577
vn 0.958585 0.252068 -0.132577
vn 0.958585 0.252068 -0.132577
vn 0.958585 0.252068 -0.132577
vn 0.884527 0.278637 0.374131
vn 0.884527 0.278637 0.374131
vn 0.884527 0.278637 0.374131
vn 0.884527 0.278637 0.374131
vn 0.661156 0.249708 0.707473
vn 0.661156 0.249708 0.707473
vn 0.661156 0.249708 0.707473
vn 0.661156 0.249708 0.707473
vn 0.509487 0.243620 0.825271
vn 0.509487 0.243620 0.825271
vn 0.509487 0.243620 0.825271
vn 0.509487 0.243620 0.825271
vn 0.215397 0.240131 0.946542
vn 0.215397 0.240131 0.946542
vn 0.215397 0.240131 0.946542
vn 0.215397 0.240131 0.946542
vn -0.028458 0.231406 0.972441
vn -0.028458 0.231406 0.972441
vn -0.028458 0.231406 0.972441
vn -0.028458 0.231406 0.972441
vn -0.206951 0.249289 0.946058
vn -0.206951 0.249289 0.946058
vn -0.206951 0.249289 0.946058
vn -0.206951 0.249289 0.946058
vn -0.577895 0.265949 0.771562
vn -0.577895 0.265949 0.771562
vn -0.577895 0.265949 0.771562
vn -0.577895 0.265949 0.771562
vn 0.787510 -0.260240 -0.558662
vn 0.787510 -0.260240 -0.558662
vn 0.787510 -0.260240 -0.558662
vn 0.787510 -0.260240 -0.558662
vn 0.897811 -0.267225 -0.350037
vn 0.897811 -0.267225 -0.350037
vn 0.897811 -0.267225 -0.350037
vn 0.897811 -0.267225 -0.350037
vn 0.962914 -0.258374 0.077710
vn 0.962914 -0.258374 0.077710
vn 0.962914 -0.258374 0.077710
vn 0.962914 -0.258374 0.077710
vn 0.910873 -0.244467 0.332484
vn 0.910873 -0.244467 0.332484
vn 0.910873 -0.244467 0.332484
vn 0.910873 -0.244467 0.332484
vn 0.850511 -0.260004 0.457197
vn 0.850511 -0.260004 0.457197
vn 0.850511 -0.260004 0.457197
vn 0.850511 -0.260004 0.457197
vn 0.572041 -0.259152 0.778209
vn 0.572041 -0.259152 0.778209
vn 0.572041 -0.259152 0.778209
vn 0.572041 -0.259152 0.778209
vn 0.311979 -0.252051 0.916045
vn 0.311979 -0.252051 0.916045
vn 0.311979 -0.252051 0.916045
vn 0.311979 -0.252051 0.916045
vn 0.044984 -0.258496 0.964964
vn 0.044984 -0.258496 0.964964
vn 0.044984 -0.258496 0.964964
vn 0.044984 -0.258496 0.964964
vn 0.420712 0.240573 -0.874715
vn 0.420712 0.240573 -0.874715
vn 0.420712 0.240573 -0.874715
vn 0.420712 0.240573 -0.874715
vn 0.563543 0.236640 -0.791468
vn 0.563543 0.236640 -0.791468
vn 0.563543 0.236640 -0.791468
vn 0.563543 0.236640 -0.791468
vn 0.754943 0.254774 -0.604278
vn 0.754943 0.254774 -0.604278
vn 0.754943 0.254774 -0.604278
vn 0.754943 0.254774 -0.604278
vn 0.923796 0.258071 -0.282843
vn 0.923796 0.258071 -0.282843
vn 0.923796 0.258071 -0.282843
vn 0.923796 0.258071 -0.282843
vn 0.961392 0.270096 -0.052668
vn 0.961392 0.270096 -0.052668
vn 0.961392 0.270096 -0.052668
vn 0.961392 0.270096 -0.052668
vn 0.549680 -0.802368 0.232500
vn 0.549680 -0.802368 0.232500
vn 0.549680 -0.802368 0.232500
vn 0.549680 -0.802368 0.232500
vn 0.426482 -0.780928 0.456360
vn 0.426482 -0.780928 0.456360
vn 0.426482 -0.780928 0.456360
vn 0.426482 -0.780928 0.456360
vn 0.333212 -0.773080 0.539739
vn 0.333212 -0.773080 0.539739
vn 0.333212 -0.773080 0.539739
vn 0.333212 -0.773080 0.539739
vn 0.143155 -0.764047 0.629078
vn 0.143155 -0.764047 0.629078
vn 0.143155 -0.764047 0.629078
vn 0.143155 -0.764047 0.629078
vn -0.018927 -0.762456 0.646764
vn -0.018927 -0.762456 0.646764
vn -0.018927 -0.762456 0.646764
vn -0.018927 -0.762456 0.646764
vn -0.135261 -0.774188 0.618334
vn -0.135261 -0.774188 0.618334
vn -0.135261 -0.774188 0.618334
vn -0.135261 -0.774188 0.618334
vn -0.367755 -0.789731 0.491000
vn -0.367755 -0.789731 0.491000
vn -0.367755 -0.789731 0.491000
vn -0.367755 -0.789731 0.491000
vn -0.511586 -0.792814 0.331248
vn -0.511586 -0.792814 0.331248
vn -0.511586 -0.792814 0.331248
vn -0.511586 -0.792814 0.331248
vn -0.580560 -0.795573 0.173246
vn -0.580560 -0.795573 0.173246
vn -0.580560 -0.795573 0.173246
vn -0.580560 -0.795573 0.173246
vn -0.610843 -0.786334 -0.092464
vn -0.610843 -0.786334 -0.092464
vn -0.610843 -0.786334 -0.092464
vn -0.610843 -0.786334 -0.092464
vn -0.581156 -0.782033 -0.225128
vn -0.581156 -0.782033 -0.225128
vn -0.581156 -0.782033 -0.225128
vn -0.581156 -0.782033 -0.225128
vn -0.508693 -0.786759 -0.349629
vn -0.508693 -0.786759 -0.349629
vn -0.508693 -0.786759 -0.349629
vn -0.508693 -0.786759 -0.349629
vn -0.321205 -0.782764 -0.533017
vn -0.321205 -0.782764 -0.533017
vn -0.321205 -0.782764 -0.533017
vn -0.321205 -0.782764 -0.533017
vn -0.170851 -0.779905 -0.602128
vn -0.170851 -0.779905 -0.602128
vn -0.170851 -0.779905 -0.602128
vn -0.170851 -0.779905 -0.602128
vn 0.030987 -0.778347 -0.627069
vn 0.030987 -0.778347 -0.627069
vn 0.030987 -0.778347 -0.627069
vn 0.030987 -0.778347 -0.627069
vn 0.277537 -0.768117 -0.577036
vn 0.277537 -0.768117 -0.577036
vn 0.277537 -0.768117 -0.577036
vn 0.277537 -0.768117 -0.577036
vn 0.370298 -0.769682 -0.520066
vn 0.370298 -0.769682 -0.520066
vn 0.370298 -0.769682 -0.520066
vn 0.370298 -0.769682 -0.520066
vn 0.486731 -0.781863 -0.389593
vn 0.486731 -0.781863 -0.389593
vn 0.486731 -0.781863 -0.389593
vn 0.486731 -0.781863 -0.389593
vn 0.583558 -0.792172 -0.178671
vn 0.583558 -0.792172 -0.178671
vn 0.583558 -0.792172 -0.178671
vn 0.583558 -0.792172 -0.178671
vn 0.597184 -0.801437 -0.032716
vn 0.597184 -0.801437 -0.032716
vn 0.597184 -0.801437 -0.032716
vn 0.597184 -0.801437 -0.032716
vn 0.008044 0.999962 0.003333
vn 0.008044 0.999962 0.003333
vn 0.008044 0.999962 0.003333
vn 0.006428 0.999960 0.006186
vn 0.006428 0.999960 0.006186
vn 0.006428 0.999960 0.006186
vn 0.005123 0.999952 0.008350
vn 0.005123 0.999952 0.008350
vn 0.005123 0.999952 0.008350
vn 0.002872 0.999925 0.011880
vn 0.002872 0.999925 0.011880
vn 0.002872 0.999925 0.011880
vn -0.000587 0.999854 0.017055
vn -0.000587 0.999854 0.017055
vn -0.000587 0.999854 0.017055
vn -0.007598 0.999601 0.027188
vn -0.007598 0.999601 0.027188
vn -0.007598 0.999601 0.027188
vn 0.238853 0.915829 -0.322811
vn 0.238853 0.915829 -0.322811
vn 0.238853 0.915829 -0.322811
vn 0.023156 0.999607 -0.015821
vn 0.023156 0.999607 -0.015821
vn 0.023156 0.999607 -0.015821
vn 0.015452 0.999870 -0.004641
vn 0.015452 0.999870 -0.004641
vn 0.015452 0.999870 -0.004641
vn 0.011632 0.999932 0.001147
vn 0.011632 0.999932 0.001147
vn 0.011632 0.999932 0.001147
vn 0.009906 0.999943 0.003928
vn 0.009906 0.999943 0.003928
vn 0.009906 0.999943 0.003928
vn 0.008421 0.999943 0.006501
vn 0.008421 0.999943 0.006501
vn 0.008421 0.999943 0.006501
vn 0.006322 0.999926 0.010429
vn 0.006322 0.999926 0.010429
vn 0.006322 0.999926 0.010429
vn 0.004048 0.999879 0.015000
vn 0.004048 0.999879 0.015000
vn 0.004048 0.999879 0.015000
vn -0.001160 0.999659 0.026071
vn -0.001160 0.999659 0.026071
vn -0.001160 0.999659 0.026071
vn -0.095374 0.967922 0.232444
vn -0.095374 0.967922 0.232444
vn -0.095374 0.967922 0.232444
vn 0.027875 0.998864 -0.038638
vn 0.027875 0.998864 -0.038638
vn 0.027875 0.998864 -0.038638
vn 0.015521 0.999810 -0.011789
vn 0.015521 0.999810 -0.011789
vn 0.015521 0.999810 -0.011789
vn 0.011583 0.999927 -0.003524
vn 0.011583 0.999927 -0.003524
vn 0.011583 0.999927 -0.003524
vn 0.009839 0.999952 -0.000044
vn 0.009839 0.999952 -0.000044
vn 0.009839 0.999952 -0.000044
vn 0.101810 -0.994129 0.036634
vn 0.101810 -0.994129 0.036634
vn 0.101810 -0.994129 0.036634
vn 0.075716 -0.993033 0.090294
vn 0.075716 -0.993033 0.090294
vn 0.075716 -0.993033 0.090294
vn 0.065339 -0.992715 0.101231
vn 0.065339 -0.992715 0.101231
vn 0.065339 -0.992715 0.101231
vn 0.029823 -0.992299 0.120219
vn 0.029823 -0.992299 0.120219
vn 0.029823 -0.992299 0.120219
vn -0.002145 -0.992124 0.125241
vn -0.002145 -0.992124 0.125241
vn -0.002145 -0.992124 0.125241
vn -0.012842 -0.992290 0.123267
vn -0.012842 -0.992290 0.123267
vn -0.012842 -0.992290 0.123267
vn -0.063841 -0.993497 0.094272
vn -0.063841 -0.993497 0.094272
vn -0.063841 -0.993497 0.094272
vn -0.095241 -0.993688 0.059280
vn -0.095241 -0.993688 0.059280
vn -0.095241 -0.993688 0.059280
vn -0.105858 -0.993733 0.035901
vn -0.105858 -0.993733 0.035901
vn -0.105858 -0.993733 0.035901
vn -0.113465 -0.993311 -0.021410
vn -0.113465 -0.993311 -0.021410
vn -0.113465 -0.993311 -0.021410
vn -0.110223 -0.993031 -0.041726
vn -0.110223 -0.993031 -0.041726
vn -0.110223 -0.993031 -0.041726
vn -0.104221 -0.993079 -0.054144
vn -0.104221 -0.993079 -0.054144
vn -0.104221 -0.993079 -0.054144
vn -0.063652 -0.993233 -0.097142
vn -0.063652 -0.993233 -0.097142
vn -0.063652 -0.993233 -0.097142
vn -0.036099 -0.993064 -0.111895
vn -0.036099 -0.993064 -0.111895
vn -0.036099 -0.993064 -0.111895
vn 0.000820 -0.993047 -0.117718
vn 0.000820 -0.993047 -0.117718
vn 0.000820 -0.993047 -0.117718
vn 0.059187 -0.992521 -0.106766
vn 0.059187 -0.992521 -0.106766
vn 0.059187 -0.992521 -0.106766
vn 0.070085 -0.992463 -0.100528
vn 0.070085 -0.992463 -0.100528
vn 0.070085 -0.992463 -0.100528
vn 0.086794 -0.992849 -0.081961
vn 0.086794 -0.992849 -0.081961
vn 0.086794 -0.992849 -0.081961
vn 0.107650 -0.993530 -0.036197
vn 0.107650 -0.993530 -0.036197
vn 0.107650 -0.993530 -0.036197
vn 0.110240 -0.993760 -0.016998
vn 0.110240 -0.993760 -0.016998
vn 0.110240 -0.993760 -0.016998
usemtl backdrop_near
f 1/1/1 2/2/2 3/3/3 4/4/4
f 5/5/5 6/6/6 7/7/7 8/8/8
f 9/9/9 10/10/10 11/11/11 12/12/12
usemtl obsidian
f 13/13/13 14/14/14 15/15/15 16/16/16
usemtl backdrop_near
f 17/17/17 18/18/18 19/19/19 20/20/20
f 21/21/21 22/22/22 23/23/23 24/24/24
f 25/25/25 26/26/26 27/27/27 28/28/28
f 29/29/29 30/30/30 31/31/31 32/32/32
f 33/33/33 34/34/34 35/35/35 36/36/36
f 37/37/37 38/38/38 39/39/39 40/40/40
usemtl obsidian
f 41/41/41 42/42/42 43/43/43 44/44/44
usemtl backdrop_near
f 45/45/45 46/46/46 47/47/47 48/48/48
f 49/49/49 50/50/50 51/51/51 52/52/52
f 53/53/53 54/54/54 55/55/55 56/56/56
f 57/57/57 58/58/58 59/59/59 60/60/60
f 61/61/61 62/62/62 63/63/63 64/64/64
f 65/65/65 66/66/66 67/67/67 68/68/68
usemtl obsidian
f 69/69/69 70/70/70 71/71/71 72/72/72
usemtl backdrop_near
f 73/73/73 74/74/74 75/75/75 76/76/76
f 77/77/77 78/78/78 79/79/79 80/80/80
usemtl backdrop_mid
f 81/81/81 82/82/82 83/83/83 84/84/84
f 85/85/85 86/86/86 87/87/87 88/88/88
f 89/89/89 90/90/90 91/91/91 92/92/92
usemtl backdrop_near
f 93/93/93 94/94/94 95/95/95 96/96/96
usemtl backdrop_mid
f 97/97/97 98/98/98 99/99/99 100/100/100
f 101/101/101 102/102/102 103/103/103 104/104/104
f 105/105/105 106/106/106 107/107/107 108/108/108
f 109/109/109 110/110/110 111/111/111 112/112/112
f 113/113/113 114/114/114 115/115/115 116/116/116
f 117/117/117 118/118/118 119/119/119 120/120/120
usemtl backdrop_near
f 121/121/121 122/122/122 123/123/123 124/124/124
usemtl backdrop_mid
f 125/125/125 126/126/126 127/127/127 128/128/128
f 129/129/129 130/130/130 131/131/131 132/132/132
f 133/133/133 134/134/134 135/135/135 136/136/136
f 137/137/137 138/138/138 139/139/139 140/140/140
f 141/141/141 142/142/142 143/143/143 144/144/144
f 145/145/145 146/146/146 147/147/147 148/148/148
usemtl backdrop_near
f 149/149/149 150/150/150 151/151/151 152/152/152
usemtl backdrop_mid
f 153/153/153 154/154/154 155/155/155 156/156/156
f 157/157/157 158/158/158 159/159/159 160/160/160
usemtl backdrop_far
f 161/161/161 162/162/162 163/163/163 164/164/164
f 165/165/165 166/166/166 167/167/167 168/168/168
f 169/169/169 170/170/170 171/171/171 172/172/172
usemtl backdrop_mid
f 173/173/173 174/174/174 175/175/175 176/176/176
usemtl backdrop_far
f 177/177/177 178/178/178 179/179/179 180/180/180
f 181/181/181 182/182/182 183/183/183 184/184/184
f 185/185/185 186/186/186 187/187/187 188/188/188
f 189/189/189 190/190/190 191/191/191 192/192/192
f 193/193/193 194/194/194 195/195/195 196/196/196
f 197/197/197 198/198/198 199/199/199 200/200/200
usemtl backdrop_mid
f 201/201/201 202/202/202 203/203/203 204/204/204
usemtl backdrop_far
f 205/205/205 206/206/206 207/207/207 208/208/208
f 209/209/209 210/210/210 211/211/211 212/212/212
f 213/213/213 214/214/214 215/215/215 216/216/216
f 217/217/217 218/218/218 219/219/219 220/220/220
f 221/221/221 222/222/222 223/223/223 224/224/224
f 225/225/225 226/226/226 227/227/227 228/228/228
usemtl backdrop_mid
f 229/229/229 230/230/230 231/231/231 232/232/232
usemtl backdrop_far
f 233/233/233 234/234/234 235/235/235 236/236/236
f 237/237/237 238/238/238 239/239/239 240/240/240
usemtl obsidian
f 241/241/241 242/242/242 243/243/243 244/244/244
f 245/245/245 246/246/246 247/247/247 248/248/248
f 249/249/249 250/250/250 251/251/251 252/252/252
f 253/253/253 254/254/254 255/255/255 256/256/256
f 257/257/257 258/258/258 259/259/259 260/260/260
f 261/261/261 262/262/262 263/263/263 264/264/264
f 265/265/265 266/266/266 267/267/267 268/268/268
f 269/269/269 270/270/270 271/271/271 272/272/272
f 273/273/273 274/274/274 275/275/275 276/276/276
f 277/277/277 278/278/278 279/279/279 280/280/280
f 281/281/281 282/282/282 283/283/283 284/284/284
f 285/285/285 286/286/286 287/287/287 288/288/288
f 289/289/289 290/290/290 291/291/291 292/292/292
f 293/293/293 294/294/294 295/295/295 296/296/296
f 297/297/297 298/298/298 299/299/299 300/300/300
f 301/301/301 302/302/302 303/303/303 304/304/304
f 305/305/305 306/306/306 307/307/307 308/308/308
f 309/309/309 310/310/310 311/311/311 312/312/312
f 313/313/313 314/314/314 315/315/315 316/316/316
f 317/317/317 318/318/318 319/319/319 320/320/320
usemtl backdrop_lava
f 321/321/321 322/322/322 323/323/323
f 324/324/324 325/325/325 326/326/326
f 327/327/327 328/328/328 329/329/329
f 330/330/330 331/331/331 332/332/332
f 333/333/333 334/334/334 335/335/335
f 336/336/336 337/337/337 338/338/338
f 339/339/339 340/340/340 341/341/341
f 342/342/342 343/343/343 344/344/344
f 345/345/345 346/346/346 347/347/347
f 348/348/348 349/349/349 350/350/350
f 351/351/351 352/352/352 353/353/353
f 354/354/354 355/355/355 356/356/356
f 357/357/357 358/358/358 359/359/359
f 360/360/360 361/361/361 362/362/362
f 363/363/363 364/364/364 365/365/365
f 366/366/366 367/367/367 368/368/368
f 369/369/369 370/370/370 371/371/371
f 372/372/372 373/373/373 374/374/374
f 375/375/375 376/376/376 377/377/377
f 378/378/378 379/379/379 380/380/380
usemtl backdrop_near
f 381/381/381 382/382/382 383/383/383
f 384/384/384 385/385/385 386/386/386
f 387/387/387 388/388/388 389/389/389
f 390/390/390 391/391/391 392/392/392
f 393/393/393 394/394/394 395/395/395
f 396/396/396 397/397/397 398/398/398
f 399/399/399 400/400/400 401/401/401
f 402/402/402 403/403/403 404/404/404
f 405/405/405 406/406/406 407/407/407
f 408/408/408 409/409/409 410/410/410
f 411/411/411 412/412/412 413/413/413
f 414/414/414 415/415/415 416/416/416
f 417/417/417 418/418/418 419/419/419
f 420/420/420 421/421/421 422/422/422
f 423/423/423 424/424/424 425/425/425
f 426/426/426 427/427/427 428/428/428
f 429/429/429 430/430/430 431/431/431
f 432/432/432 433/433/433 434/434/434
f 435/435/435 436/436/436 437/437/437
f 438/438/438 439/439/439 440/440/440
f 441/441/441 442/442/442 443/443/443 444/444/444
f 445/445/445 446/446/446 447/447/447 448/448/448
f 449/449/449 450/450/450 451/451/451 452/452/452
usemtl obsidian
f 453/453/453 454/454/454 455/455/455 456/456/456
usemtl backdrop_near
f 457/457/457 458/458/458 459/459/459 460/460/460
f 461/461/461 462/462/462 463/463/463 464/464/464
f 465/465/465 466/466/466 467/467/467 468/468/468
f 469/469/469 470/470/470 471/471/471 472/472/472
f 473/473/473 474/474/474 475/475/475 476/476/476
f 477/477/477 478/478/478 479/479/479 480/480/480
usemtl obsidian
f 481/481/481 482/482/482 483/483/483 484/484/484
usemtl backdrop_near
f 485/485/485 486/486/486 487/487/487 488/488/488
f 489/489/489 490/490/490 491/491/491 492/492/492
f 493/493/493 494/494/494 495/495/495 496/496/496
f 497/497/497 498/498/498 499/499/499 500/500/500
f 501/501/501 502/502/502 503/503/503 504/504/504
f 505/505/505 506/506/506 507/507/507 508/508/508
usemtl obsidian
f 509/509/509 510/510/510 511/511/511 512/512/512
usemtl backdrop_near
f 513/513/513 514/514/514 515/515/515 516/516/516
f 517/517/517 518/518/518 519/519/519 520/520/520
usemtl backdrop_mid
f 521/521/521 522/522/522 523/523/523 524/524/524
f 525/525/525 526/526/526 527/527/527 528/528/528
f 529/529/529 530/530/530 531/531/531 532/532/532
usemtl backdrop_near
f 533/533/533 534/534/534 535/535/535 536/536/536
usemtl backdrop_mid
f 537/537/537 538/538/538 539/539/539 540/540/540
f 541/541/541 542/542/542 543/543/543 544/544/544
f 545/545/545 546/546/546 547/547/547 548/548/548
f 549/549/549 550/550/550 551/551/551 552/552/552
f 553/553/553 554/554/554 555/555/555 556/556/556
f 557/557/557 558/558/558 559/559/559 560/560/560
usemtl backdrop_near
f 561/561/561 562/562/562 563/563/563 564/564/564
usemtl backdrop_mid
f 565/565/565 566/566/566 567/567/567 568/568/568
f 569/569/569 570/570/570 571/571/571 572/572/572
f 573/573/573 574/574/574 575/575/575 576/576/576
f 577/577/577 578/578/578 579/579/579 580/580/580
f 581/581/581 582/582/582 583/583/583 584/584/584
f 585/585/585 586/586/586 587/587/587 588/588/588
usemtl backdrop_near
f 589/589/589 590/590/590 591/591/591 592/592/592
usemtl backdrop_mid
f 593/593/593 594/594/594 595/595/595 596/596/596
f 597/597/597 598/598/598 599/599/599 600/600/600
usemtl backdrop_far
f 601/601/601 602/602/602 603/603/603 604/604/604
f 605/605/605 606/606/606 607/607/607 608/608/608
f 609/609/609 610/610/610 611/611/611 612/612/612
usemtl backdrop_mid
f 613/613/613 614/614/614 615/615/615 616/616/616
usemtl backdrop_far
f 617/617/617 618/618/618 619/619/619 620/620/620
f 621/621/621 622/622/622 623/623/623 624/624/624
f 625/625/625 626/626/626 627/627/627 628/628/628
f 629/629/629 630/630/630 631/631/631 632/632/632
f 633/633/633 634/634/634 635/635/635 636/636/636
f 637/637/637 638/638/638 639/639/639 640/640/640
usemtl backdrop_mid
f 641/641/641 642/642/642 643/643/643 644/644/644
usemtl backdrop_far
f 645/645/645 646/646/646 647/647/647 648/648/648
f 649/649/649 650/650/650 651/651/651 652/652/652
f 653/653/653 654/654/654 655/655/655 656/656/656
f 657/657/657 658/658/658 659/659/659 660/660/660
f 661/661/661 662/662/662 663/663/663 664/664/664
f 665/665/665 666/666/666 667/667/667 668/668/668
usemtl backdrop_mid
f 669/669/669 670/670/670 671/671/671 672/672/672
usemtl backdrop_far
f 673/673/673 674/674/674 675/675/675 676/676/676
f 677/677/677 678/678/678 679/679/679 680/680/680
usemtl obsidian
f 681/681/681 682/682/682 683/683/683 684/684/684
f 685/685/685 686/686/686 687/687/687 688/688/688
f 689/689/689 690/690/690 691/691/691 692/692/692
f 693/693/693 694/694/694 695/695/695 696/696/696
f 697/697/697 698/698/698 699/699/699 700/700/700
f 701/701/701 702/702/702 703/703/703 704/704/704
f 705/705/705 706/706/706 707/707/707 708/708/708
f 709/709/709 710/710/710 711/711/711 712/712/712
f 713/713/713 714/714/714 715/715/715 716/716/716
f 717/717/717 718/718/718 719/719/719 720/720/720
f 721/721/721 722/722/722 723/723/723 724/724/724
f 725/725/725 726/726/726 727/727/727 728/728/728
f 729/729/729 730/730/730 731/731/731 732/732/732
f 733/733/733 734/734/734 735/735/735 736/736/736
f 737/737/737 738/738/738 739/739/739 740/740/740
f 741/741/741 742/742/742 743/743/743 744/744/744
f 745/745/745 746/746/746 747/747/747 748/748/748
f 749/749/749 750/750/750 751/751/751 752/752/752
f 753/753/753 754/754/754 755/755/755 756/756/756
f 757/757/757 758/758/758 759/759/759 760/760/760
usemtl backdrop_lava
f 761/761/761 762/762/762 763/763/763
f 764/764/764 765/765/765 766/766/766
f 767/767/767 768/768/768 769/769/769
f 770/770/770 771/771/771 772/772/772
f 773/773/773 774/774/774 775/775/775
f 776/776/776 777/777/777 778/778/778
f 779/779/779 780/780/780 781/781/781
f 782/782/782 783/783/783 784/784/784
f 785/785/785 786/786/786 787/787/787
f 788/788/788 789/789/789 790/790/790
f 791/791/791 792/792/792 793/793/793
f 794/794/794 795/795/795 796/796/796
f 797/797/797 798/798/798 799/799/799
f 800/800/800 801/801/801 802/802/802
f 803/803/803 804/804/804 805/805/805
f 806/806/806 807/807/807 808/808/808
f 809/809/809 810/810/810 811/811/811
f 812/812/812 813/813/813 814/814/814
f 815/815/815 816/816/816 817/817/817
f 818/818/818 819/819/819 820/820/820
usemtl backdrop_near
f 821/821/821 822/822/822 823/823/823
f 824/824/824 825/825/825 826/826/826
f 827/827/827 828/828/828 829/829/829
f 830/830/830 831/831/831 832/832/832
f 833/833/833 834/834/834 835/835/835
f 836/836/836 837/837/837 838/838/838
f 839/839/839 840/840/840 841/841/841
f 842/842/842 843/843/843 844/844/844
f 845/845/845 846/846/846 847/847/847
f 848/848/848 849/849/849 850/850/850
f 851/851/851 852/852/852 853/853/853
f 854/854/854 855/855/855 856/856/856
f 857/857/857 858/858/858 859/859/859
f 860/860/860 861/861/861 862/862/862
f 863/863/863 864/864/864 865/865/865
f 866/866/866 867/867/867 868/868/868
f 869/869/869 870/870/870 871/871/871
f 872/872/872 873/873/873 874/874/874
f 875/875/875 876/876/876 877/877/877
f 878/878/878 879/879/879 880/880/880
f 881/881/881 882/882/882 883/883/883 884/884/884
f 885/885/885 886/886/886 887/887/887 888/888/888
f 889/889/889 890/890/890 891/891/891 892/892/892
usemtl obsidian
f 893/893/893 894/894/894 895/895/895 896/896/896
usemtl backdrop_near
f 897/897/897 898/898/898 899/899/899 900/900/900
f 901/901/901 902/902/902 903/903/903 904/904/904
f 905/905/905 906/906/906 907/907/907 908/908/908
f 909/909/909 910/910/910 911/911/911 912/912/912
f 913/913/913 914/914/914 915/915/915 916/916/916
f 917/917/917 918/918/918 919/919/919 920/920/920
usemtl obsidian
f 921/921/921 922/922/922 923/923/923 924/924/924
usemtl backdrop_near
f 925/925/925 926/926/926 927/927/927 928/928/928
f 929/929/929 930/930/930 931/931/931 932/932/932
f 933/933/933 934/934/934 935/935/935 936/936/936
f 937/937/937 938/938/938 939/939/939 940/940/940
f 941/941/941 942/942/942 943/943/943 944/944/944
f 945/945/945 946/946/946 947/947/947 948/948/948
usemtl obsidian
f 949/949/949 950/950/950 951/951/951 952/952/952
usemtl backdrop_near
f 953/953/953 954/954/954 955/955/955 956/956/956
f 957/957/957 958/958/958 959/959/959 960/960/960
usemtl backdrop_mid
f 961/961/961 962/962/962 963/963/963 964/964/964
f 965/965/965 966/966/966 967/967/967 968/968/968
f 969/969/969 970/970/970 971/971/971 972/972/972
usemtl backdrop_near
f 973/973/973 974/974/974 975/975/975 976/976/976
usemtl backdrop_mid
f 977/977/977 978/978/978 979/979/979 980/980/980
f 981/981/981 982/982/982 983/983/983 984/984/984
f 985/985/985 986/986/986 987/987/987 988/988/988
f 989/989/989 990/990/990 991/991/991 992/992/992
f 993/993/993 994/994/994 995/995/995 996/996/996
f 997/997/997 998/998/998 999/999/999 1000/1000/1000
usemtl backdrop_near
f 1001/1001/1001 1002/1002/1002 1003/1003/1003 1004/1004/1004
usemtl backdrop_mid
f 1005/1005/1005 1006/1006/1006 1007/1007/1007 1008/1008/1008
f 1009/1009/1009 1010/1010/1010 1011/1011/1011 1012/1012/1012
f 1013/1013/1013 1014/1014/1014 1015/1015/1015 1016/1016/1016
f 1017/1017/1017 1018/1018/1018 1019/1019/1019 1020/1020/1020
f 1021/1021/1021 1022/1022/1022 1023/1023/1023 1024/1024/1024
f 1025/1025/1025 1026/1026/1026 1027/1027/1027 1028/1028/1028
usemtl backdrop_near
f 1029/1029/1029 1030/1030/1030 1031/1031/1031 1032/1032/1032
usemtl backdrop_mid
f 1033/1033/1033 1034/1034/1034 1035/1035/1035 1036/1036/1036
f 1037/1037/1037 1038/1038/1038 1039/1039/1039 1040/1040/1040
usemtl backdrop_far
f 1041/1041/1041 1042/1042/1042 1043/1043/1043 1044/1044/1044
f 1045/1045/1045 1046/1046/1046 1047/1047/1047 1048/1048/1048
f 1049/1049/1049 1050/1050/1050 1051/1051/1051 1052/1052/1052
usemtl backdrop_mid
f 1053/1053/1053 1054/1054/1054 1055/1055/1055 1056/1056/1056
usemtl backdrop_far
f 1057/1057/1057 1058/1058/1058 1059/1059/1059 1060/1060/1060
f 1061/1061/1061 1062/1062/1062 1063/1063/1063 1064/1064/1064
f 1065/1065/1065 1066/1066/1066 1067/1067/1067 1068/1068/1068
f 1069/1069/1069 1070/1070/1070 1071/1071/1071 1072/1072/1072
f 1073/1073/1073 1074/1074/1074 1075/1075/1075 1076/1076/1076
f 1077/1077/1077 1078/1078/1078 1079/1079/1079 1080/1080/1080
usemtl backdrop_mid
f 1081/1081/1081 1082/1082/1082 1083/1083/1083 1084/1084/1084
usemtl backdrop_far
f 1085/1085/1085 1086/1086/1086 1087/1087/1087 1088/1088/1088
f 1089/1089/1089 1090/1090/1090 1091/1091/1091 1092/1092/1092
f 1093/1093/1093 1094/1094/1094 1095/1095/1095 1096/1096/1096
f 1097/1097/1097 1098/1098/1098 1099/1099/1099 1100/1100/1100
f 1101/1101/1101 1102/1102/1102 1103/1103/1103 1104/1104/1104
f 1105/1105/1105 1106/1106/1106 1107/1107/1107 1108/1108/1108
usemtl backdrop_mid
f 1109/1109/1109 1110/1110/1110 1111/1111/1111 1112/1112/1112
usemtl backdrop_far
f 1113/1113/1113 1114/1114/1114 1115/1115/1115 1116/1116/1116
f 1117/1117/1117 1118/1118/1118 1119/1119/1119 1120/1120/1120
usemtl obsidian
f 1121/1121/1121 1122/1122/1122 1123/1123/1123 1124/1124/1124
f 1125/1125/1125 1126/1126/1126 1127/1127/1127 1128/1128/1128
f 1129/1129/1129 1130/1130/1130 1131/1131/1131 1132/1132/1132
f 1133/1133/1133 1134/1134/1134 1135/1135/1135 1136/1136/1136
f 1137/1137/1137 1138/1138/1138 1139/1139/1139 1140/1140/1140
f 1141/1141/1141 1142/1142/1142 1143/1143/1143 1144/1144/1144
f 1145/1145/1145 1146/1146/1146 1147/1147/1147 1148/1148/1148
f 1149/1149/1149 1150/1150/1150 1151/1151/1151 1152/1152/1152
f 1153/1153/1153 1154/1154/1154 1155/1155/1155 1156/1156/1156
f 1157/1157/1157 1158/1158/1158 1159/1159/1159 1160/1160/1160
f 1161/1161/1161 1162/1162/1162 1163/1163/1163 1164/1164/1164
f 1165/1165/1165 1166/1166/1166 1167/1167/1167 1168/1168/1168
f 1169/1169/1169 1170/1170/1170 1171/1171/1171 1172/1172/1172
f 1173/1173/1173 1174/1174/1174 1175/1175/1175 1176/1176/1176
f 1177/1177/1177 1178/1178/1178 1179/1179/1179 1180/1180/1180
f 1181/1181/1181 1182/1182/1182 1183/1183/1183 1184/1184/1184
f 1185/1185/1185 1186/1186/1186 1187/1187/1187 1188/1188/1188
f 1189/1189/1189 1190/1190/1190 1191/1191/1191 1192/1192/1192
f 1193/1193/1193 1194/1194/1194 1195/1195/1195 1196/1196/1196
f 1197/1197/1197 1198/1198/1198 1199/1199/1199 1200/1200/1200
usemtl backdrop_lava
f 1201/1201/1201 1202/1202/1202 1203/1203/1203
f 1204/1204/1204 1205/1205/1205 1206/1206/1206
f 1207/1207/1207 1208/1208/1208 1209/1209/1209
f 1210/1210/1210 1211/1211/1211 1212/1212/1212
f 1213/1213/1213 1214/1214/1214 1215/1215/1215
f 1216/1216/1216 1217/1217/1217 1218/1218/1218
f 1219/1219/1219 1220/1220/1220 1221/1221/1221
f 1222/1222/1222 1223/1223/1223 1224/1224/1224
f 1225/1225/1225 1226/1226/1226 1227/1227/1227
f 1228/1228/1228 1229/1229/1229 1230/1230/1230
f 1231/1231/1231 1232/1232/1232 1233/1233/1233
f 1234/1234/1234 1235/1235/1235 1236/1236/1236
f 1237/1237/1237 1238/1238/1238 1239/1239/1239
f 1240/1240/1240 1241/1241/1241 1242/1242/1242
f 1243/1243/1243 1244/1244/1244 1245/1245/1245
f 1246/1246/1246 1247/1247/1247 1248/1248/1248
f 1249/1249/1249 1250/1250/1250 1251/1251/1251
f 1252/1252/1252 1253/1253/1253 1254/1254/1254
f 1255/1255/1255 1256/1256/1256 1257/1257/1257
f 1258/1258/1258 1259/1259/1259 1260/1260/1260
usemtl backdrop_near
f 1261/1261/1261 1262/1262/1262 1263/1263/1263
f 1264/1264/1264 1265/1265/1265 1266/1266/1266
f 1267/1267/1267 1268/1268/1268 1269/1269/1269
f 1270/1270/1270 1271/1271/1271 1272/1272/1272
f 1273/1273/1273 1274/1274/1274 1275/1275/1275
f 1276/1276/1276 1277/1277/1277 1278/1278/1278
f 1279/1279/1279 1280/1280/1280 1281/1281/1281
f 1282/1282/1282 1283/1283/1283 1284/1284/1284
f 1285/1285/1285 1286/1286/1286 1287/1287/1287
f 1288/1288/1288 1289/1289/1289 1290/1290/1290
f 1291/1291/1291 1292/1292/1292 1293/1293/1293
f 1294/1294/1294 1295/1295/1295 1296/1296/1296
f 1297/1297/1297 1298/1298/1298 1299/1299/1299
f 1300/1300/1300 1301/1301/1301 1302/1302/1302
f 1303/1303/1303 1304/1304/1304 1305/1305/1305
f 1306/1306/1306 1307/1307/1307 1308/1308/1308
f 1309/1309/1309 1310/1310/1310 1311/1311/1311
f 1312/1312/1312 1313/1313/1313 1314/1314/1314
f 1315/1315/1315 1316/1316/1316 1317/1317/1317
f 1318/1318/1318 1319/1319/1319 1320/1320/1320
