# CG2 Stage 3 High Crown background
mtllib high_crown_background.mtl
o high_crown_foundation
v 0.0000000 -6.0000000 0.0000000
v 0.0000000 -18.0000000 0.0000000
v 35.0000000 -18.0000000 0.0000000
v 41.2000000 -6.0000000 0.0000000
v 41.2000000 -6.0000000 0.0000000
v 35.0000000 -18.0000000 0.0000000
v 34.8921067 -18.0000000 2.3223892
v 41.0729941 -6.0000000 2.7617602
v 41.0729941 -6.0000000 2.7617602
v 34.8921067 -18.0000000 2.3223892
v 34.5690919 -18.0000000 4.6304602
v 40.6927596 -6.0000000 5.5064932
v 40.6927596 -6.0000000 5.5064932
v 34.5690919 -18.0000000 4.6304602
v 34.0329472 -18.0000000 6.9099828
v 40.0616407 -6.0000000 8.2172768
v 40.0616407 -6.0000000 8.2172768
v 34.0329472 -18.0000000 6.9099828
v 33.2869781 -18.0000000 9.1469030
v 39.1835285 -6.0000000 10.8773982
v 39.1835285 -6.0000000 10.8773982
v 33.2869781 -18.0000000 9.1469030
v 32.3357836 -18.0000000 11.3274296
v 38.0638367 -6.0000000 13.4704568
v 38.0638367 -6.0000000 13.4704568
v 32.3357836 -18.0000000 11.3274296
v 31.1852283 -18.0000000 13.4381188
v 36.7094688 -6.0000000 15.9804656
v 36.7094688 -6.0000000 15.9804656
v 31.1852283 -18.0000000 13.4381188
v 29.8424058 -18.0000000 15.4659575
v 35.1287748 -6.0000000 18.3919495
v 35.1287748 -6.0000000 18.3919495
v 29.8424058 -18.0000000 15.4659575
v 28.3155948 -18.0000000 17.3984435
v 33.3315002 -6.0000000 20.6900409
v 33.3315002 -6.0000000 20.6900409
v 28.3155948 -18.0000000 17.3984435
v 26.6142088 -18.0000000 19.2236622
v 31.3287258 -6.0000000 22.8605713
v 31.3287258 -6.0000000 22.8605713
v 26.6142088 -18.0000000 19.2236622
v 24.7487373 -18.0000000 20.9303607
v 29.1327994 -6.0000000 24.8901587
v 29.1327994 -6.0000000 24.8901587
v 24.7487373 -18.0000000 20.9303607
v 22.7306817 -18.0000000 22.5080166
v 26.7572596 -6.0000000 26.7662900
v 26.7572596 -6.0000000 26.7662900
v 22.7306817 -18.0000000 22.5080166
v 20.5724838 -18.0000000 23.9469030
v 24.2167524 -6.0000000 28.4773982
v 24.2167524 -6.0000000 28.4773982
v 20.5724838 -18.0000000 23.9469030
v 18.2874498 -18.0000000 25.2381489
v 21.5269409 -6.0000000 30.0129338
v 21.5269409 -6.0000000 30.0129338
v 18.2874498 -18.0000000 25.2381489
v 15.8896675 -18.0000000 26.3737931
v 18.7044086 -6.0000000 31.3634297
v 18.7044086 -6.0000000 31.3634297
v 15.8896675 -18.0000000 26.3737931
v 13.3939201 -18.0000000 27.3468342
v 15.7665574 -6.0000000 32.5205595
v 15.7665574 -6.0000000 32.5205595
v 13.3939201 -18.0000000 27.3468342
v 10.8155948 -18.0000000 28.1512729
v 12.7315002 -6.0000000 33.4771894
v 12.7315002 -6.0000000 33.4771894
v 10.8155948 -18.0000000 28.1512729
v 8.1705877 -18.0000000 28.7821496
v 9.6179490 -6.0000000 34.2274212
v 9.6179490 -6.0000000 34.2274212
v 8.1705877 -18.0000000 28.7821496
v 5.4752063 -18.0000000 29.2355749
v 6.4451000 -6.0000000 34.7666296
v 6.4451000 -6.0000000 34.7666296
v 5.4752063 -18.0000000 29.2355749
v 2.7460684 -18.0000000 29.5087531
v 3.2325147 -6.0000000 35.0914901
v 3.2325147 -6.0000000 35.0914901
v 2.7460684 -18.0000000 29.5087531
v 0.0000000 -18.0000000 29.6000000
v 0.0000000 -6.0000000 35.2000000
v 0.0000000 -6.0000000 35.2000000
v 0.0000000 -18.0000000 29.6000000
v -2.7460684 -18.0000000 29.5087531
v -3.2325147 -6.0000000 35.0914901
v -3.2325147 -6.0000000 35.0914901
v -2.7460684 -18.0000000 29.5087531
v -5.4752063 -18.0000000 29.2355749
v -6.4451000 -6.0000000 34.7666296
v -6.4451000 -6.0000000 34.7666296
v -5.4752063 -18.0000000 29.2355749
v -8.1705877 -18.0000000 28.7821496
v -9.6179490 -6.0000000 34.2274212
v -9.6179490 -6.0000000 34.2274212
v -8.1705877 -18.0000000 28.7821496
v -10.8155948 -18.0000000 28.1512729
v -12.7315002 -6.0000000 33.4771894
v -12.7315002 -6.0000000 33.4771894
v -10.8155948 -18.0000000 28.1512729
v -13.3939201 -18.0000000 27.3468342
v -15.7665574 -6.0000000 32.5205595
v -15.7665574 -6.0000000 32.5205595
v -13.3939201 -18.0000000 27.3468342
v -15.8896675 -18.0000000 26.3737931
v -18.7044086 -6.0000000 31.3634297
v -18.7044086 -6.0000000 31.3634297
v -15.8896675 -18.0000000 26.3737931
v -18.2874498 -18.0000000 25.2381489
v -21.5269409 -6.0000000 30.0129338
v -21.5269409 -6.0000000 30.0129338
v -18.2874498 -18.0000000 25.2381489
v -20.5724838 -18.0000000 23.9469030
v -24.2167524 -6.0000000 28.4773982
v -24.2167524 -6.0000000 28.4773982
v -20.5724838 -18.0000000 23.9469030
v -22.7306817 -18.0000000 22.5080166
v -26.7572596 -6.0000000 26.7662900
v -26.7572596 -6.0000000 26.7662900
v -22.7306817 -18.0000000 22.5080166
v -24.7487373 -18.0000000 20.9303607
v -29.1327994 -6.0000000 24.8901587
v -29.1327994 -6.0000000 24.8901587
v -24.7487373 -18.0000000 20.9303607
v -26.6142088 -18.0000000 19.2236622
v -31.3287258 -6.0000000 22.8605713
v -31.3287258 -6.0000000 22.8605713
v -26.6142088 -18.0000000 19.2236622
v -28.3155948 -18.0000000 17.3984435
v -33.3315002 -6.0000000 20.6900409
v -33.3315002 -6.0000000 20.6900409
v -28.3155948 -18.0000000 17.3984435
v -29.8424058 -18.0000000 15.4659575
v -35.1287748 -6.0000000 18.3919495
v -35.1287748 -6.0000000 18.3919495
v -29.8424058 -18.0000000 15.4659575
v -31.1852283 -18.0000000 13.4381188
v -36.7094688 -6.0000000 15.9804656
v -36.7094688 -6.0000000 15.9804656
v -31.1852283 -18.0000000 13.4381188
v -32.3357836 -18.0000000 11.3274296
v -38.0638367 -6.0000000 13.4704568
v -38.0638367 -6.0000000 13.4704568
v -32.3357836 -18.0000000 11.3274296
v -33.2869781 -18.0000000 9.1469030
v -39.1835285 -6.0000000 10.8773982
v -39.1835285 -6.0000000 10.8773982
v -33.2869781 -18.0000000 9.1469030
v -34.0329472 -18.0000000 6.9099828
v -40.0616407 -6.0000000 8.2172768
v -40.0616407 -6.0000000 8.2172768
v -34.0329472 -18.0000000 6.9099828
v -34.5690919 -18.0000000 4.6304602
v -40.6927596 -6.0000000 5.5064932
v -40.6927596 -6.0000000 5.5064932
v -34.5690919 -18.0000000 4.6304602
v -34.8921067 -18.0000000 2.3223892
v -41.0729941 -6.0000000 2.7617602
v -41.0729941 -6.0000000 2.7617602
v -34.8921067 -18.0000000 2.3223892
v -35.0000000 -18.0000000 0.0000000
v -41.2000000 -6.0000000 0.0000000
v -41.2000000 -6.0000000 0.0000000
v -35.0000000 -18.0000000 0.0000000
v -34.8921067 -18.0000000 -2.3223892
v -41.0729941 -6.0000000 -2.7617602
v -41.0729941 -6.0000000 -2.7617602
v -34.8921067 -18.0000000 -2.3223892
v -34.5690919 -18.0000000 -4.6304602
v -40.6927596 -6.0000000 -5.5064932
v -40.6927596 -6.0000000 -5.5064932
v -34.5690919 -18.0000000 -4.6304602
v -34.0329472 -18.0000000 -6.9099828
v -40.0616407 -6.0000000 -8.2172768
v -40.0616407 -6.0000000 -8.2172768
v -34.0329472 -18.0000000 -6.9099828
v -33.2869781 -18.0000000 -9.1469030
v -39.1835285 -6.0000000 -10.8773982
v -39.1835285 -6.0000000 -10.8773982
v -33.2869781 -18.0000000 -9.1469030
v -32.3357836 -18.0000000 -11.3274296
v -38.0638367 -6.0000000 -13.4704568
v -38.0638367 -6.0000000 -13.4704568
v -32.3357836 -18.0000000 -11.3274296
v -31.1852283 -18.0000000 -13.4381188
v -36.7094688 -6.0000000 -15.9804656
v -36.7094688 -6.0000000 -15.9804656
v -31.1852283 -18.0000000 -13.4381188
v -29.8424058 -18.0000000 -15.4659575
v -35.1287748 -6.0000000 -18.3919495
v -35.1287748 -6.0000000 -18.3919495
v -29.8424058 -18.0000000 -15.4659575
v -28.3155948 -18.0000000 -17.3984435
v -33.3315002 -6.0000000 -20.6900409
v -33.3315002 -6.0000000 -20.6900409
v -28.3155948 -18.0000000 -17.3984435
v -26.6142088 -18.0000000 -19.2236622
v -31.3287258 -6.0000000 -22.8605713
v -31.3287258 -6.0000000 -22.8605713
v -26.6142088 -18.0000000 -19.2236622
v -24.7487373 -18.0000000 -20.9303607
v -29.1327994 -6.0000000 -24.8901587
v -29.1327994 -6.0000000 -24.8901587
v -24.7487373 -18.0000000 -20.9303607
v -22.7306817 -18.0000000 -22.5080166
v -26.7572596 -6.0000000 -26.7662900
v -26.7572596 -6.0000000 -26.7662900
v -22.7306817 -18.0000000 -22.5080166
v -20.5724838 -18.0000000 -23.9469030
v -24.2167524 -6.0000000 -28.4773982
v -24.2167524 -6.0000000 -28.4773982
v -20.5724838 -18.0000000 -23.9469030
v -18.2874498 -18.0000000 -25.2381489
v -21.5269409 -6.0000000 -30.0129338
v -21.5269409 -6.0000000 -30.0129338
v -18.2874498 -18.0000000 -25.2381489
v -15.8896675 -18.0000000 -26.3737931
v -18.7044086 -6.0000000 -31.3634297
v -18.7044086 -6.0000000 -31.3634297
v -15.8896675 -18.0000000 -26.3737931
v -13.3939201 -18.0000000 -27.3468342
v -15.7665574 -6.0000000 -32.5205595
v -15.7665574 -6.0000000 -32.5205595
v -13.3939201 -18.0000000 -27.3468342
v -10.8155948 -18.0000000 -28.1512729
v -12.7315002 -6.0000000 -33.4771894
v -12.7315002 -6.0000000 -33.4771894
v -10.8155948 -18.0000000 -28.1512729
v -8.1705877 -18.0000000 -28.7821496
v -9.6179490 -6.0000000 -34.2274212
v -9.6179490 -6.0000000 -34.2274212
v -8.1705877 -18.0000000 -28.7821496
v -5.4752063 -18.0000000 -29.2355749
v -6.4451000 -6.0000000 -34.7666296
v -6.4451000 -6.0000000 -34.7666296
v -5.4752063 -18.0000000 -29.2355749
v -2.7460684 -18.0000000 -29.5087531
v -3.2325147 -6.0000000 -35.0914901
v -3.2325147 -6.0000000 -35.0914901
v -2.7460684 -18.0000000 -29.5087531
v -0.0000000 -18.0000000 -29.6000000
v -0.0000000 -6.0000000 -35.2000000
v -0.0000000 -6.0000000 -35.2000000
v -0.0000000 -18.0000000 -29.6000000
v 2.7460684 -18.0000000 -29.5087531
v 3.2325147 -6.0000000 -35.0914901
v 3.2325147 -6.0000000 -35.0914901
v 2.7460684 -18.0000000 -29.5087531
v 5.4752063 -18.0000000 -29.2355749
v 6.4451000 -6.0000000 -34.7666296
v 6.4451000 -6.0000000 -34.7666296
v 5.4752063 -18.0000000 -29.2355749
v 8.1705877 -18.0000000 -28.7821496
v 9.6179490 -6.0000000 -34.2274212
v 9.6179490 -6.0000000 -34.2274212
v 8.1705877 -18.0000000 -28.7821496
v 10.8155948 -18.0000000 -28.1512729
v 12.7315002 -6.0000000 -33.4771894
v 12.7315002 -6.0000000 -33.4771894
v 10.8155948 -18.0000000 -28.1512729
v 13.3939201 -18.0000000 -27.3468342
v 15.7665574 -6.0000000 -32.5205595
v 15.7665574 -6.0000000 -32.5205595
v 13.3939201 -18.0000000 -27.3468342
v 15.8896675 -18.0000000 -26.3737931
v 18.7044086 -6.0000000 -31.3634297
v 18.7044086 -6.0000000 -31.3634297
v 15.8896675 -18.0000000 -26.3737931
v 18.2874498 -18.0000000 -25.2381489
v 21.5269409 -6.0000000 -30.0129338
v 21.5269409 -6.0000000 -30.0129338
v 18.2874498 -18.0000000 -25.2381489
v 20.5724838 -18.0000000 -23.9469030
v 24.2167524 -6.0000000 -28.4773982
v 24.2167524 -6.0000000 -28.4773982
v 20.5724838 -18.0000000 -23.9469030
v 22.7306817 -18.0000000 -22.5080166
v 26.7572596 -6.0000000 -26.7662900
v 26.7572596 -6.0000000 -26.7662900
v 22.7306817 -18.0000000 -22.5080166
v 24.7487373 -18.0000000 -20.9303607
v 29.1327994 -6.0000000 -24.8901587
v 29.1327994 -6.0000000 -24.8901587
v 24.7487373 -18.0000000 -20.9303607
v 26.6142088 -18.0000000 -19.2236622
v 31.3287258 -6.0000000 -22.8605713
v 31.3287258 -6.0000000 -22.8605713
v 26.6142088 -18.0000000 -19.2236622
v 28.3155948 -18.0000000 -17.3984435
v 33.3315002 -6.0000000 -20.6900409
v 33.3315002 -6.0000000 -20.6900409
v 28.3155948 -18.0000000 -17.3984435
v 29.8424058 -18.0000000 -15.4659575
v 35.1287748 -6.0000000 -18.3919495
v 35.1287748 -6.0000000 -18.3919495
v 29.8424058 -18.0000000 -15.4659575
v 31.1852283 -18.0000000 -13.4381188
v 36.7094688 -6.0000000 -15.9804656
v 36.7094688 -6.0000000 -15.9804656
v 31.1852283 -18.0000000 -13.4381188
v 32.3357836 -18.0000000 -11.3274296
v 38.0638367 -6.0000000 -13.4704568
v 38.0638367 -6.0000000 -13.4704568
v 32.3357836 -18.0000000 -11.3274296
v 33.2869781 -18.0000000 -9.1469030
v 39.1835285 -6.0000000 -10.8773982
v 39.1835285 -6.0000000 -10.8773982
v 33.2869781 -18.0000000 -9.1469030
v 34.0329472 -18.0000000 -6.9099828
v 40.0616407 -6.0000000 -8.2172768
v 40.0616407 -6.0000000 -8.2172768
v 34.0329472 -18.0000000 -6.9099828
v 34.5690919 -18.0000000 -4.6304602
v 40.6927596 -6.0000000 -5.5064932
v 40.6927596 -6.0000000 -5.5064932
v 34.5690919 -18.0000000 -4.6304602
v 34.8921067 -18.0000000 -2.3223892
v 41.0729941 -6.0000000 -2.7617602
v 41.0729941 -6.0000000 -2.7617602
v 34.8921067 -18.0000000 -2.3223892
v 0.0000000 -18.0000000 0.0000000
v 0.0000000 -28.0000000 0.0000000
v 27.0000000 -28.0000000 0.0000000
v 35.0000000 -18.0000000 0.0000000
v 35.0000000 -18.0000000 0.0000000
v 27.0000000 -28.0000000 0.0000000
v 26.8972568 -28.0000000 1.9348575
v 34.8668144 -18.0000000 2.5798100
v 34.8668144 -18.0000000 2.5798100
v 26.8972568 -28.0000000 1.9348575
v 26.5898093 -28.0000000 3.8549895
v 34.4682714 -18.0000000 5.1399861
v 34.4682714 -18.0000000 5.1399861
v 26.5898093 -28.0000000 3.8549895
v 26.0799973 -28.0000000 5.7457828
v 33.8074039 -18.0000000 7.6610437
v 33.8074039 -18.0000000 7.6610437
v 26.0799973 -28.0000000 5.7457828
v 25.3717008 -28.0000000 7.5928472
v 32.8892417 -18.0000000 10.1237962
v 32.8892417 -18.0000000 10.1237962
v 25.3717008 -28.0000000 7.5928472
v 24.4703102 -28.0000000 9.3821254
v 31.7207725 -18.0000000 12.5095005
v 31.7207725 -18.0000000 12.5095005
v 24.4703102 -28.0000000 9.3821254
v 23.3826859 -28.0000000 11.1000000
v 30.3108891 -18.0000000 14.8000000
v 30.3108891 -18.0000000 14.8000000
v 23.3826859 -28.0000000 11.1000000
v 22.1171052 -28.0000000 12.7333969
v 28.6703216 -18.0000000 16.9778625
v 28.6703216 -18.0000000 16.9778625
v 22.1171052 -28.0000000 12.7333969
v 20.6832000 -28.0000000 14.2698849
v 26.8115555 -18.0000000 19.0265132
v 26.8115555 -18.0000000 19.0265132
v 20.6832000 -28.0000000 14.2698849
v 19.0918831 -28.0000000 15.6977705
v 24.7487373 -18.0000000 20.9303607
v 24.7487373 -18.0000000 20.9303607
v 19.0918831 -28.0000000 15.6977705
v 17.3552655 -28.0000000 17.0061866
v 22.4975663 -18.0000000 22.6749155
v 22.4975663 -18.0000000 22.6749155
v 17.3552655 -28.0000000 17.0061866
v 15.4865638 -28.0000000 18.1851754
v 20.0751753 -18.0000000 24.2469005
v 20.0751753 -18.0000000 24.2469005
v 15.4865638 -28.0000000 18.1851754
v 13.5000000 -28.0000000 19.2257640
v 17.5000000 -18.0000000 25.6343520
v 17.5000000 -18.0000000 25.6343520
v 13.5000000 -28.0000000 19.2257640
v 11.4106931 -28.0000000 20.1200329
v 14.7916392 -18.0000000 26.8267105
v 14.7916392 -18.0000000 26.8267105
v 11.4106931 -28.0000000 20.1200329
v 9.2345439 -28.0000000 20.8611762
v 11.9707050 -18.0000000 27.8149016
v 11.9707050 -18.0000000 27.8149016
v 9.2345439 -28.0000000 20.8611762
v 6.9881142 -28.0000000 21.4435533
v 9.0586666 -18.0000000 28.5914045
v 9.0586666 -18.0000000 28.5914045
v 6.9881142 -28.0000000 21.4435533
v 4.6885008 -28.0000000 21.8627321
v 6.0776862 -18.0000000 29.1503095
v 6.0776862 -18.0000000 29.1503095
v 4.6885008 -28.0000000 21.8627321
v 2.3532051 -28.0000000 22.1155223
v 3.0504510 -18.0000000 29.4873631
v 3.0504510 -18.0000000 29.4873631
v 2.3532051 -28.0000000 22.1155223
v 0.0000000 -28.0000000 22.2000000
v 0.0000000 -18.0000000 29.6000000
v 0.0000000 -18.0000000 29.6000000
v 0.0000000 -28.0000000 22.2000000
v -2.3532051 -28.0000000 22.1155223
v -3.0504510 -18.0000000 29.4873631
v -3.0504510 -18.0000000 29.4873631
v -2.3532051 -28.0000000 22.1155223
v -4.6885008 -28.0000000 21.8627321
v -6.0776862 -18.0000000 29.1503095
v -6.0776862 -18.0000000 29.1503095
v -4.6885008 -28.0000000 21.8627321
v -6.9881142 -28.0000000 21.4435533
v -9.0586666 -18.0000000 28.5914045
v -9.0586666 -18.0000000 28.5914045
v -6.9881142 -28.0000000 21.4435533
v -9.2345439 -28.0000000 20.8611762
v -11.9707050 -18.0000000 27.8149016
v -11.9707050 -18.0000000 27.8149016
v -9.2345439 -28.0000000 20.8611762
v -11.4106931 -28.0000000 20.1200329
v -14.7916392 -18.0000000 26.8267105
v -14.7916392 -18.0000000 26.8267105
v -11.4106931 -28.0000000 20.1200329
v -13.5000000 -28.0000000 19.2257640
v -17.5000000 -18.0000000 25.6343520
v -17.5000000 -18.0000000 25.6343520
v -13.5000000 -28.0000000 19.2257640
v -15.4865638 -28.0000000 18.1851754
v -20.0751753 -18.0000000 24.2469005
v -20.0751753 -18.0000000 24.2469005
v -15.4865638 -28.0000000 18.1851754
v -17.3552655 -28.0000000 17.0061866
v -22.4975663 -18.0000000 22.6749155
v -22.4975663 -18.0000000 22.6749155
v -17.3552655 -28.0000000 17.0061866
v -19.0918831 -28.0000000 15.6977705
v -24.7487373 -18.0000000 20.9303607
v -24.7487373 -18.0000000 20.9303607
v -19.0918831 -28.0000000 15.6977705
v -20.6832000 -28.0000000 14.2698849
v -26.8115555 -18.0000000 19.0265132
v -26.8115555 -18.0000000 19.0265132
v -20.6832000 -28.0000000 14.2698849
v -22.1171052 -28.0000000 12.7333969
v -28.6703216 -18.0000000 16.9778625
v -28.6703216 -18.0000000 16.9778625
v -22.1171052 -28.0000000 12.7333969
v -23.3826859 -28.0000000 11.1000000
v -30.3108891 -18.0000000 14.8000000
v -30.3108891 -18.0000000 14.8000000
v -23.3826859 -28.0000000 11.1000000
v -24.4703102 -28.0000000 9.3821254
v -31.7207725 -18.0000000 12.5095005
v -31.7207725 -18.0000000 12.5095005
v -24.4703102 -28.0000000 9.3821254
v -25.3717008 -28.0000000 7.5928472
v -32.8892417 -18.0000000 10.1237962
v -32.8892417 -18.0000000 10.1237962
v -25.3717008 -28.0000000 7.5928472
v -26.0799973 -28.0000000 5.7457828
v -33.8074039 -18.0000000 7.6610437
v -33.8074039 -18.0000000 7.6610437
v -26.0799973 -28.0000000 5.7457828
v -26.5898093 -28.0000000 3.8549895
v -34.4682714 -18.0000000 5.1399861
v -34.4682714 -18.0000000 5.1399861
v -26.5898093 -28.0000000 3.8549895
v -26.8972568 -28.0000000 1.9348575
v -34.8668144 -18.0000000 2.5798100
v -34.8668144 -18.0000000 2.5798100
v -26.8972568 -28.0000000 1.9348575
v -27.0000000 -28.0000000 0.0000000
v -35.0000000 -18.0000000 0.0000000
v -35.0000000 -18.0000000 0.0000000
v -27.0000000 -28.0000000 0.0000000
v -26.8972568 -28.0000000 -1.9348575
v -34.8668144 -18.0000000 -2.5798100
v -34.8668144 -18.0000000 -2.5798100
v -26.8972568 -28.0000000 -1.9348575
v -26.5898093 -28.0000000 -3.8549895
v -34.4682714 -18.0000000 -5.1399861
v -34.4682714 -18.0000000 -5.1399861
v -26.5898093 -28.0000000 -3.8549895
v -26.0799973 -28.0000000 -5.7457828
v -33.8074039 -18.0000000 -7.6610437
v -33.8074039 -18.0000000 -7.6610437
v -26.0799973 -28.0000000 -5.7457828
v -25.3717008 -28.0000000 -7.5928472
v -32.8892417 -18.0000000 -10.1237962
v -32.8892417 -18.0000000 -10.1237962
v -25.3717008 -28.0000000 -7.5928472
v -24.4703102 -28.0000000 -9.3821254
v -31.7207725 -18.0000000 -12.5095005
v -31.7207725 -18.0000000 -12.5095005
v -24.4703102 -28.0000000 -9.3821254
v -23.3826859 -28.0000000 -11.1000000
v -30.3108891 -18.0000000 -14.8000000
v -30.3108891 -18.0000000 -14.8000000
v -23.3826859 -28.0000000 -11.1000000
v -22.1171052 -28.0000000 -12.7333969
v -28.6703216 -18.0000000 -16.9778625
v -28.6703216 -18.0000000 -16.9778625
v -22.1171052 -28.0000000 -12.7333969
v -20.6832000 -28.0000000 -14.2698849
v -26.8115555 -18.0000000 -19.0265132
v -26.8115555 -18.0000000 -19.0265132
v -20.6832000 -28.0000000 -14.2698849
v -19.0918831 -28.0000000 -15.6977705
v -24.7487373 -18.0000000 -20.9303607
v -24.7487373 -18.0000000 -20.9303607
v -19.0918831 -28.0000000 -15.6977705
v -17.3552655 -28.0000000 -17.0061866
v -22.4975663 -18.0000000 -22.6749155
v -22.4975663 -18.0000000 -22.6749155
v -17.3552655 -28.0000000 -17.0061866
v -15.4865638 -28.0000000 -18.1851754
v -20.0751753 -18.0000000 -24.2469005
v -20.0751753 -18.0000000 -24.2469005
v -15.4865638 -28.0000000 -18.1851754
v -13.5000000 -28.0000000 -19.2257640
v -17.5000000 -18.0000000 -25.6343520
v -17.5000000 -18.0000000 -25.6343520
v -13.5000000 -28.0000000 -19.2257640
v -11.4106931 -28.0000000 -20.1200329
v -14.7916392 -18.0000000 -26.8267105
v -14.7916392 -18.0000000 -26.8267105
v -11.4106931 -28.0000000 -20.1200329
v -9.2345439 -28.0000000 -20.8611762
v -11.9707050 -18.0000000 -27.8149016
v -11.9707050 -18.0000000 -27.8149016
v -9.2345439 -28.0000000 -20.8611762
v -6.9881142 -28.0000000 -21.4435533
v -9.0586666 -18.0000000 -28.5914045
v -9.0586666 -18.0000000 -28.5914045
v -6.9881142 -28.0000000 -21.4435533
v -4.6885008 -28.0000000 -21.8627321
v -6.0776862 -18.0000000 -29.1503095
v -6.0776862 -18.0000000 -29.1503095
v -4.6885008 -28.0000000 -21.8627321
v -2.3532051 -28.0000000 -22.1155223
v -3.0504510 -18.0000000 -29.4873631
v -3.0504510 -18.0000000 -29.4873631
v -2.3532051 -28.0000000 -22.1155223
v -0.0000000 -28.0000000 -22.2000000
v -0.0000000 -18.0000000 -29.6000000
v -0.0000000 -18.0000000 -29.6000000
v -0.0000000 -28.0000000 -22.2000000
v 2.3532051 -28.0000000 -22.1155223
v 3.0504510 -18.0000000 -29.4873631
v 3.0504510 -18.0000000 -29.4873631
v 2.3532051 -28.0000000 -22.1155223
v 4.6885008 -28.0000000 -21.8627321
v 6.0776862 -18.0000000 -29.1503095
v 6.0776862 -18.0000000 -29.1503095
v 4.6885008 -28.0000000 -21.8627321
v 6.9881142 -28.0000000 -21.4435533
v 9.0586666 -18.0000000 -28.5914045
v 9.0586666 -18.0000000 -28.5914045
v 6.9881142 -28.0000000 -21.4435533
v 9.2345439 -28.0000000 -20.8611762
v 11.9707050 -18.0000000 -27.8149016
v 11.9707050 -18.0000000 -27.8149016
v 9.2345439 -28.0000000 -20.8611762
v 11.4106931 -28.0000000 -20.1200329
v 14.7916392 -18.0000000 -26.8267105
v 14.7916392 -18.0000000 -26.8267105
v 11.4106931 -28.0000000 -20.1200329
v 13.5000000 -28.0000000 -19.2257640
v 17.5000000 -18.0000000 -25.6343520
v 17.5000000 -18.0000000 -25.6343520
v 13.5000000 -28.0000000 -19.2257640
v 15.4865638 -28.0000000 -18.1851754
v 20.0751753 -18.0000000 -24.2469005
v 20.0751753 -18.0000000 -24.2469005
v 15.4865638 -28.0000000 -18.1851754
v 17.3552655 -28.0000000 -17.0061866
v 22.4975663 -18.0000000 -22.6749155
v 22.4975663 -18.0000000 -22.6749155
v 17.3552655 -28.0000000 -17.0061866
v 19.0918831 -28.0000000 -15.6977705
v 24.7487373 -18.0000000 -20.9303607
v 24.7487373 -18.0000000 -20.9303607
v 19.0918831 -28.0000000 -15.6977705
v 20.6832000 -28.0000000 -14.2698849
v 26.8115555 -18.0000000 -19.0265132
v 26.8115555 -18.0000000 -19.0265132
v 20.6832000 -28.0000000 -14.2698849
v 22.1171052 -28.0000000 -12.7333969
v 28.6703216 -18.0000000 -16.9778625
v 28.6703216 -18.0000000 -16.9778625
v 22.1171052 -28.0000000 -12.7333969
v 23.3826859 -28.0000000 -11.1000000
v 30.3108891 -18.0000000 -14.8000000
v 30.3108891 -18.0000000 -14.8000000
v 23.3826859 -28.0000000 -11.1000000
v 24.4703102 -28.0000000 -9.3821254
v 31.7207725 -18.0000000 -12.5095005
v 31.7207725 -18.0000000 -12.5095005
v 24.4703102 -28.0000000 -9.3821254
v 25.3717008 -28.0000000 -7.5928472
v 32.8892417 -18.0000000 -10.1237962
v 32.8892417 -18.0000000 -10.1237962
v 25.3717008 -28.0000000 -7.5928472
v 26.0799973 -28.0000000 -5.7457828
v 33.8074039 -18.0000000 -7.6610437
v 33.8074039 -18.0000000 -7.6610437
v 26.0799973 -28.0000000 -5.7457828
v 26.5898093 -28.0000000 -3.8549895
v 34.4682714 -18.0000000 -5.1399861
v 34.4682714 -18.0000000 -5.1399861
v 26.5898093 -28.0000000 -3.8549895
v 26.8972568 -28.0000000 -1.9348575
v 34.8668144 -18.0000000 -2.5798100
v 34.8668144 -18.0000000 -2.5798100
v 26.8972568 -28.0000000 -1.9348575
v 0.0000000 -28.0000000 0.0000000
v 0.0000000 -44.0000000 0.0000000
v 15.5000000 -44.0000000 0.0000000
v 27.0000000 -28.0000000 0.0000000
v 27.0000000 -28.0000000 0.0000000
v 15.5000000 -44.0000000 0.0000000
v 15.4253633 -44.0000000 1.2252143
v 26.8699876 -28.0000000 2.1759805
v 26.8699876 -28.0000000 2.1759805
v 15.4253633 -44.0000000 1.2252143
v 15.2021718 -44.0000000 2.4386290
v 26.4812026 -28.0000000 4.3310051
v 26.4812026 -28.0000000 4.3310051
v 15.2021718 -44.0000000 2.4386290
v 14.8325752 -44.0000000 3.6285585
v 25.8373891 -28.0000000 6.4443198
v 25.8373891 -28.0000000 6.4443198
v 14.8325752 -44.0000000 3.6285585
v 14.3201328 -44.0000000 4.7835429
v 24.9447474 -28.0000000 8.4955722
v 24.9447474 -28.0000000 8.4955722
v 14.3201328 -44.0000000 4.7835429
v 13.6697796 -44.0000000 5.8924592
v 23.8118741 -28.0000000 10.4650076
v 23.8118741 -28.0000000 10.4650076
v 13.6697796 -44.0000000 5.8924592
v 12.8877790 -44.0000000 6.9446279
v 22.4496795 -28.0000000 12.3336592
v 22.4496795 -28.0000000 12.3336592
v 12.8877790 -44.0000000 6.9446279
v 11.9816620 -44.0000000 7.9299161
v 20.8712822 -28.0000000 14.0835309
v 20.8712822 -28.0000000 14.0835309
v 11.9816620 -44.0000000 7.9299161
v 10.9601551 -44.0000000 8.8388348
v 19.0918831 -28.0000000 15.6977705
v 19.0918831 -28.0000000 15.6977705
v 10.9601551 -44.0000000 8.8388348
v 9.8330959 -44.0000000 9.6626307
v 17.1286187 -28.0000000 17.1608321
v 17.1286187 -28.0000000 17.1608321
v 9.8330959 -44.0000000 9.6626307
v 8.6113386 -44.0000000 10.3933702
v 15.0003963 -28.0000000 18.4586254
v 15.0003963 -28.0000000 18.4586254
v 8.6113386 -44.0000000 10.3933702
v 7.3066494 -44.0000000 11.0240158
v 12.7277119 -28.0000000 19.5786521
v 12.7277119 -28.0000000 19.5786521
v 7.3066494 -44.0000000 11.0240158
v 5.9315932 -44.0000000 11.5484942
v 10.3324527 -28.0000000 20.5101256
v 10.3324527 -28.0000000 20.5101256
v 5.9315932 -44.0000000 11.5484942
v 4.4994125 -44.0000000 11.9617542
v 7.8376863 -28.0000000 21.2440755
v 7.8376863 -28.0000000 21.2440755
v 4.4994125 -44.0000000 11.9617542
v 3.0239000 -44.0000000 12.2598160
v 5.2674387 -28.0000000 21.7734332
v 5.2674387 -28.0000000 21.7734332
v 3.0239000 -44.0000000 12.2598160
v 1.5192657 -44.0000000 12.4398091
v 2.6464628 -28.0000000 22.0931009
v 2.6464628 -28.0000000 22.0931009
v 1.5192657 -44.0000000 12.4398091
v 0.0000000 -44.0000000 12.5000000
v 0.0000000 -28.0000000 22.2000000
v 0.0000000 -28.0000000 22.2000000
v 0.0000000 -44.0000000 12.5000000
v -1.5192657 -44.0000000 12.4398091
v -2.6464628 -28.0000000 22.0931009
v -2.6464628 -28.0000000 22.0931009
v -1.5192657 -44.0000000 12.4398091
v -3.0239000 -44.0000000 12.2598160
v -5.2674387 -28.0000000 21.7734332
v -5.2674387 -28.0000000 21.7734332
v -3.0239000 -44.0000000 12.2598160
v -4.4994125 -44.0000000 11.9617542
v -7.8376863 -28.0000000 21.2440755
v -7.8376863 -28.0000000 21.2440755
v -4.4994125 -44.0000000 11.9617542
v -5.9315932 -44.0000000 11.5484942
v -10.3324527 -28.0000000 20.5101256
v -10.3324527 -28.0000000 20.5101256
v -5.9315932 -44.0000000 11.5484942
v -7.3066494 -44.0000000 11.0240158
v -12.7277119 -28.0000000 19.5786521
v -12.7277119 -28.0000000 19.5786521
v -7.3066494 -44.0000000 11.0240158
v -8.6113386 -44.0000000 10.3933702
v -15.0003963 -28.0000000 18.4586254
v -15.0003963 -28.0000000 18.4586254
v -8.6113386 -44.0000000 10.3933702
v -9.8330959 -44.0000000 9.6626307
v -17.1286187 -28.0000000 17.1608321
v -17.1286187 -28.0000000 17.1608321
v -9.8330959 -44.0000000 9.6626307
v -10.9601551 -44.0000000 8.8388348
v -19.0918831 -28.0000000 15.6977705
v -19.0918831 -28.0000000 15.6977705
v -10.9601551 -44.0000000 8.8388348
v -11.9816620 -44.0000000 7.9299161
v -20.8712822 -28.0000000 14.0835309
v -20.8712822 -28.0000000 14.0835309
v -11.9816620 -44.0000000 7.9299161
v -12.8877790 -44.0000000 6.9446279
v -22.4496795 -28.0000000 12.3336592
v -22.4496795 -28.0000000 12.3336592
v -12.8877790 -44.0000000 6.9446279
v -13.6697796 -44.0000000 5.8924592
v -23.8118741 -28.0000000 10.4650076
v -23.8118741 -28.0000000 10.4650076
v -13.6697796 -44.0000000 5.8924592
v -14.3201328 -44.0000000 4.7835429
v -24.9447474 -28.0000000 8.4955722
v -24.9447474 -28.0000000 8.4955722
v -14.3201328 -44.0000000 4.7835429
v -14.8325752 -44.0000000 3.6285585
v -25.8373891 -28.0000000 6.4443198
v -25.8373891 -28.0000000 6.4443198
v -14.8325752 -44.0000000 3.6285585
v -15.2021718 -44.0000000 2.4386290
v -26.4812026 -28.0000000 4.3310051
v -26.4812026 -28.0000000 4.3310051
v -15.2021718 -44.0000000 2.4386290
v -15.4253633 -44.0000000 1.2252143
v -26.8699876 -28.0000000 2.1759805
v -26.8699876 -28.0000000 2.1759805
v -15.4253633 -44.0000000 1.2252143
v -15.5000000 -44.0000000 0.0000000
v -27.0000000 -28.0000000 0.0000000
v -27.0000000 -28.0000000 0.0000000
v -15.5000000 -44.0000000 0.0000000
v -15.4253633 -44.0000000 -1.2252143
v -26.8699876 -28.0000000 -2.1759805
v -26.8699876 -28.0000000 -2.1759805
v -15.4253633 -44.0000000 -1.2252143
v -15.2021718 -44.0000000 -2.4386290
v -26.4812026 -28.0000000 -4.3310051
v -26.4812026 -28.0000000 -4.3310051
v -15.2021718 -44.0000000 -2.4386290
v -14.8325752 -44.0000000 -3.6285585
v -25.8373891 -28.0000000 -6.4443198
v -25.8373891 -28.0000000 -6.4443198
v -14.8325752 -44.0000000 -3.6285585
v -14.3201328 -44.0000000 -4.7835429
v -24.9447474 -28.0000000 -8.4955722
v -24.9447474 -28.0000000 -8.4955722
v -14.3201328 -44.0000000 -4.7835429
v -13.6697796 -44.0000000 -5.8924592
v -23.8118741 -28.0000000 -10.4650076
v -23.8118741 -28.0000000 -10.4650076
v -13.6697796 -44.0000000 -5.8924592
v -12.8877790 -44.0000000 -6.9446279
v -22.4496795 -28.0000000 -12.3336592
v -22.4496795 -28.0000000 -12.3336592
v -12.8877790 -44.0000000 -6.9446279
v -11.9816620 -44.0000000 -7.9299161
v -20.8712822 -28.0000000 -14.0835309
v -20.8712822 -28.0000000 -14.0835309
v -11.9816620 -44.0000000 -7.9299161
v -10.9601551 -44.0000000 -8.8388348
v -19.0918831 -28.0000000 -15.6977705
v -19.0918831 -28.0000000 -15.6977705
v -10.9601551 -44.0000000 -8.8388348
v -9.8330959 -44.0000000 -9.6626307
v -17.1286187 -28.0000000 -17.1608321
v -17.1286187 -28.0000000 -17.1608321
v -9.8330959 -44.0000000 -9.6626307
v -8.6113386 -44.0000000 -10.3933702
v -15.0003963 -28.0000000 -18.4586254
v -15.0003963 -28.0000000 -18.4586254
v -8.6113386 -44.0000000 -10.3933702
v -7.3066494 -44.0000000 -11.0240158
v -12.7277119 -28.0000000 -19.5786521
v -12.7277119 -28.0000000 -19.5786521
v -7.3066494 -44.0000000 -11.0240158
v -5.9315932 -44.0000000 -11.5484942
v -10.3324527 -28.0000000 -20.5101256
v -10.3324527 -28.0000000 -20.5101256
v -5.9315932 -44.0000000 -11.5484942
v -4.4994125 -44.0000000 -11.9617542
v -7.8376863 -28.0000000 -21.2440755
v -7.8376863 -28.0000000 -21.2440755
v -4.4994125 -44.0000000 -11.9617542
v -3.0239000 -44.0000000 -12.2598160
v -5.2674387 -28.0000000 -21.7734332
v -5.2674387 -28.0000000 -21.7734332
v -3.0239000 -44.0000000 -12.2598160
v -1.5192657 -44.0000000 -12.4398091
v -2.6464628 -28.0000000 -22.0931009
v -2.6464628 -28.0000000 -22.0931009
v -1.5192657 -44.0000000 -12.4398091
v -0.0000000 -44.0000000 -12.5000000
v -0.0000000 -28.0000000 -22.2000000
v -0.0000000 -28.0000000 -22.2000000
v -0.0000000 -44.0000000 -12.5000000
v 1.5192657 -44.0000000 -12.4398091
v 2.6464628 -28.0000000 -22.0931009
v 2.6464628 -28.0000000 -22.0931009
v 1.5192657 -44.0000000 -12.4398091
v 3.0239000 -44.0000000 -12.2598160
v 5.2674387 -28.0000000 -21.7734332
v 5.2674387 -28.0000000 -21.7734332
v 3.0239000 -44.0000000 -12.2598160
v 4.4994125 -44.0000000 -11.9617542
v 7.8376863 -28.0000000 -21.2440755
v 7.8376863 -28.0000000 -21.2440755
v 4.4994125 -44.0000000 -11.9617542
v 5.9315932 -44.0000000 -11.5484942
v 10.3324527 -28.0000000 -20.5101256
v 10.3324527 -28.0000000 -20.5101256
v 5.9315932 -44.0000000 -11.5484942
v 7.3066494 -44.0000000 -11.0240158
v 12.7277119 -28.0000000 -19.5786521
v 12.7277119 -28.0000000 -19.5786521
v 7.3066494 -44.0000000 -11.0240158
v 8.6113386 -44.0000000 -10.3933702
v 15.0003963 -28.0000000 -18.4586254
v 15.0003963 -28.0000000 -18.4586254
v 8.6113386 -44.0000000 -10.3933702
v 9.8330959 -44.0000000 -9.6626307
v 17.1286187 -28.0000000 -17.1608321
v 17.1286187 -28.0000000 -17.1608321
v 9.8330959 -44.0000000 -9.6626307
v 10.9601551 -44.0000000 -8.8388348
v 19.0918831 -28.0000000 -15.6977705
v 19.0918831 -28.0000000 -15.6977705
v 10.9601551 -44.0000000 -8.8388348
v 11.9816620 -44.0000000 -7.9299161
v 20.8712822 -28.0000000 -14.0835309
v 20.8712822 -28.0000000 -14.0835309
v 11.9816620 -44.0000000 -7.9299161
v 12.8877790 -44.0000000 -6.9446279
v 22.4496795 -28.0000000 -12.3336592
v 22.4496795 -28.0000000 -12.3336592
v 12.8877790 -44.0000000 -6.9446279
v 13.6697796 -44.0000000 -5.8924592
v 23.8118741 -28.0000000 -10.4650076
v 23.8118741 -28.0000000 -10.4650076
v 13.6697796 -44.0000000 -5.8924592
v 14.3201328 -44.0000000 -4.7835429
v 24.9447474 -28.0000000 -8.4955722
v 24.9447474 -28.0000000 -8.4955722
v 14.3201328 -44.0000000 -4.7835429
v 14.8325752 -44.0000000 -3.6285585
v 25.8373891 -28.0000000 -6.4443198
v 25.8373891 -28.0000000 -6.4443198
v 14.8325752 -44.0000000 -3.6285585
v 15.2021718 -44.0000000 -2.4386290
v 26.4812026 -28.0000000 -4.3310051
v 26.4812026 -28.0000000 -4.3310051
v 15.2021718 -44.0000000 -2.4386290
v 15.4253633 -44.0000000 -1.2252143
v 26.8699876 -28.0000000 -2.1759805
v 26.8699876 -28.0000000 -2.1759805
v 15.4253633 -44.0000000 -1.2252143
v 0.0000000 -44.0000000 0.0000000
v 0.0000000 -52.0000000 0.0000000
v 8.0000000 -52.0000000 0.0000000
v 15.5000000 -44.0000000 0.0000000
v 15.5000000 -44.0000000 0.0000000
v 8.0000000 -52.0000000 0.0000000
v 7.9315589 -52.0000000 0.8484202
v 15.3673954 -44.0000000 1.6315774
v 15.3673954 -44.0000000 1.6315774
v 7.9315589 -52.0000000 0.8484202
v 7.7274066 -52.0000000 1.6823238
v 14.9718503 -44.0000000 3.2352381
v 14.9718503 -44.0000000 3.2352381
v 7.7274066 -52.0000000 1.6823238
v 7.3910363 -52.0000000 2.4874423
v 14.3201328 -44.0000000 4.7835429
v 14.3201328 -44.0000000 4.7835429
v 7.3910363 -52.0000000 2.4874423
v 6.9282032 -52.0000000 3.2500000
v 13.4233938 -44.0000000 6.2500000
v 13.4233938 -44.0000000 6.2500000
v 6.9282032 -52.0000000 3.2500000
v 6.3468267 -52.0000000 3.9569493
v 12.2969768 -44.0000000 7.6095179
v 12.2969768 -44.0000000 7.6095179
v 6.3468267 -52.0000000 3.9569493
v 5.6568542 -52.0000000 4.5961941
v 10.9601551 -44.0000000 8.8388348
v 10.9601551 -44.0000000 8.8388348
v 5.6568542 -52.0000000 4.5961941
v 4.8700914 -52.0000000 5.1567967
v 9.4358021 -44.0000000 9.9169168
v 9.4358021 -44.0000000 9.9169168
v 4.8700914 -52.0000000 5.1567967
v 4.0000000 -52.0000000 5.6291651
v 7.7500000 -44.0000000 10.8253175
v 7.7500000 -44.0000000 10.8253175
v 4.0000000 -52.0000000 5.6291651
v 3.0614675 -52.0000000 6.0052170
v 5.9315932 -44.0000000 11.5484942
v 5.9315932 -44.0000000 11.5484942
v 3.0614675 -52.0000000 6.0052170
v 2.0705524 -52.0000000 6.2785179
v 4.0116952 -44.0000000 12.0740728
v 4.0116952 -44.0000000 12.0740728
v 2.0705524 -52.0000000 6.2785179
v 1.0442095 -52.0000000 6.4443916
v 2.0231560 -44.0000000 12.3930608
v 2.0231560 -44.0000000 12.3930608
v 1.0442095 -52.0000000 6.4443916
v 0.0000000 -52.0000000 6.5000000
v 0.0000000 -44.0000000 12.5000000
v 0.0000000 -44.0000000 12.5000000
v 0.0000000 -52.0000000 6.5000000
v -1.0442095 -52.0000000 6.4443916
v -2.0231560 -44.0000000 12.3930608
v -2.0231560 -44.0000000 12.3930608
v -1.0442095 -52.0000000 6.4443916
v -2.0705524 -52.0000000 6.2785179
v -4.0116952 -44.0000000 12.0740728
v -4.0116952 -44.0000000 12.0740728
v -2.0705524 -52.0000000 6.2785179
v -3.0614675 -52.0000000 6.0052170
v -5.9315932 -44.0000000 11.5484942
v -5.9315932 -44.0000000 11.5484942
v -3.0614675 -52.0000000 6.0052170
v -4.0000000 -52.0000000 5.6291651
v -7.7500000 -44.0000000 10.8253175
v -7.7500000 -44.0000000 10.8253175
v -4.0000000 -52.0000000 5.6291651
v -4.8700914 -52.0000000 5.1567967
v -9.4358021 -44.0000000 9.9169168
v -9.4358021 -44.0000000 9.9169168
v -4.8700914 -52.0000000 5.1567967
v -5.6568542 -52.0000000 4.5961941
v -10.9601551 -44.0000000 8.8388348
v -10.9601551 -44.0000000 8.8388348
v -5.6568542 -52.0000000 4.5961941
v -6.3468267 -52.0000000 3.9569493
v -12.2969768 -44.0000000 7.6095179
v -12.2969768 -44.0000000 7.6095179
v -6.3468267 -52.0000000 3.9569493
v -6.9282032 -52.0000000 3.2500000
v -13.4233938 -44.0000000 6.2500000
v -13.4233938 -44.0000000 6.2500000
v -6.9282032 -52.0000000 3.2500000
v -7.3910363 -52.0000000 2.4874423
v -14.3201328 -44.0000000 4.7835429
v -14.3201328 -44.0000000 4.7835429
v -7.3910363 -52.0000000 2.4874423
v -7.7274066 -52.0000000 1.6823238
v -14.9718503 -44.0000000 3.2352381
v -14.9718503 -44.0000000 3.2352381
v -7.7274066 -52.0000000 1.6823238
v -7.9315589 -52.0000000 0.8484202
v -15.3673954 -44.0000000 1.6315774
v -15.3673954 -44.0000000 1.6315774
v -7.9315589 -52.0000000 0.8484202
v -8.0000000 -52.0000000 0.0000000
v -15.5000000 -44.0000000 0.0000000
v -15.5000000 -44.0000000 0.0000000
v -8.0000000 -52.0000000 0.0000000
v -7.9315589 -52.0000000 -0.8484202
v -15.3673954 -44.0000000 -1.6315774
v -15.3673954 -44.0000000 -1.6315774
v -7.9315589 -52.0000000 -0.8484202
v -7.7274066 -52.0000000 -1.6823238
v -14.9718503 -44.0000000 -3.2352381
v -14.9718503 -44.0000000 -3.2352381
v -7.7274066 -52.0000000 -1.6823238
v -7.3910363 -52.0000000 -2.4874423
v -14.3201328 -44.0000000 -4.7835429
v -14.3201328 -44.0000000 -4.7835429
v -7.3910363 -52.0000000 -2.4874423
v -6.9282032 -52.0000000 -3.2500000
v -13.4233938 -44.0000000 -6.2500000
v -13.4233938 -44.0000000 -6.2500000
v -6.9282032 -52.0000000 -3.2500000
v -6.3468267 -52.0000000 -3.9569493
v -12.2969768 -44.0000000 -7.6095179
v -12.2969768 -44.0000000 -7.6095179
v -6.3468267 -52.0000000 -3.9569493
v -5.6568542 -52.0000000 -4.5961941
v -10.9601551 -44.0000000 -8.8388348
v -10.9601551 -44.0000000 -8.8388348
v -5.6568542 -52.0000000 -4.5961941
v -4.8700914 -52.0000000 -5.1567967
v -9.4358021 -44.0000000 -9.9169168
v -9.4358021 -44.0000000 -9.9169168
v -4.8700914 -52.0000000 -5.1567967
v -4.0000000 -52.0000000 -5.6291651
v -7.7500000 -44.0000000 -10.8253175
v -7.7500000 -44.0000000 -10.8253175
v -4.0000000 -52.0000000 -5.6291651
v -3.0614675 -52.0000000 -6.0052170
v -5.9315932 -44.0000000 -11.5484942
v -5.9315932 -44.0000000 -11.5484942
v -3.0614675 -52.0000000 -6.0052170
v -2.0705524 -52.0000000 -6.2785179
v -4.0116952 -44.0000000 -12.0740728
v -4.0116952 -44.0000000 -12.0740728
v -2.0705524 -52.0000000 -6.2785179
v -1.0442095 -52.0000000 -6.4443916
v -2.0231560 -44.0000000 -12.3930608
v -2.0231560 -44.0000000 -12.3930608
v -1.0442095 -52.0000000 -6.4443916
v -0.0000000 -52.0000000 -6.5000000
v -0.0000000 -44.0000000 -12.5000000
v -0.0000000 -44.0000000 -12.5000000
v -0.0000000 -52.0000000 -6.5000000
v 1.0442095 -52.0000000 -6.4443916
v 2.0231560 -44.0000000 -12.3930608
v 2.0231560 -44.0000000 -12.3930608
v 1.0442095 -52.0000000 -6.4443916
v 2.0705524 -52.0000000 -6.2785179
v 4.0116952 -44.0000000 -12.0740728
v 4.0116952 -44.0000000 -12.0740728
v 2.0705524 -52.0000000 -6.2785179
v 3.0614675 -52.0000000 -6.0052170
v 5.9315932 -44.0000000 -11.5484942
v 5.9315932 -44.0000000 -11.5484942
v 3.0614675 -52.0000000 -6.0052170
v 4.0000000 -52.0000000 -5.6291651
v 7.7500000 -44.0000000 -10.8253175
v 7.7500000 -44.0000000 -10.8253175
v 4.0000000 -52.0000000 -5.6291651
v 4.8700914 -52.0000000 -5.1567967
v 9.4358021 -44.0000000 -9.9169168
v 9.4358021 -44.0000000 -9.9169168
v 4.8700914 -52.0000000 -5.1567967
v 5.6568542 -52.0000000 -4.5961941
v 10.9601551 -44.0000000 -8.8388348
v 10.9601551 -44.0000000 -8.8388348
v 5.6568542 -52.0000000 -4.5961941
v 6.3468267 -52.0000000 -3.9569493
v 12.2969768 -44.0000000 -7.6095179
v 12.2969768 -44.0000000 -7.6095179
v 6.3468267 -52.0000000 -3.9569493
v 6.9282032 -52.0000000 -3.2500000
v 13.4233938 -44.0000000 -6.2500000
v 13.4233938 -44.0000000 -6.2500000
v 6.9282032 -52.0000000 -3.2500000
v 7.3910363 -52.0000000 -2.4874423
v 14.3201328 -44.0000000 -4.7835429
v 14.3201328 -44.0000000 -4.7835429
v 7.3910363 -52.0000000 -2.4874423
v 7.7274066 -52.0000000 -1.6823238
v 14.9718503 -44.0000000 -3.2352381
v 14.9718503 -44.0000000 -3.2352381
v 7.7274066 -52.0000000 -1.6823238
v 7.9315589 -52.0000000 -0.8484202
v 15.3673954 -44.0000000 -1.6315774
v 15.3673954 -44.0000000 -1.6315774
v 7.9315589 -52.0000000 -0.8484202
v 0.0000000 -8.6600000 0.0000000
v 0.0000000 -9.1400000 0.0000000
v 41.3500000 -9.1400000 0.0000000
v 41.3500000 -8.6600000 0.0000000
v 41.3500000 -8.6600000 0.0000000
v 41.3500000 -9.1400000 0.0000000
v 41.2225317 -9.1400000 2.7735290
v 41.2225317 -8.6600000 2.7735290
v 41.2225317 -8.6600000 2.7735290
v 41.2225317 -9.1400000 2.7735290
v 40.8409129 -9.1400000 5.5299583
v 40.8409129 -8.6600000 5.5299583
v 40.8409129 -8.6600000 5.5299583
v 40.8409129 -9.1400000 5.5299583
v 40.2074962 -9.1400000 8.2522936
v 40.2074962 -8.6600000 8.2522936
v 40.2074962 -8.6600000 8.2522936
v 40.2074962 -9.1400000 8.2522936
v 39.3261869 -9.1400000 10.9237508
v 39.3261869 -8.6600000 10.9237508
v 39.3261869 -8.6600000 10.9237508
v 39.3261869 -9.1400000 10.9237508
v 38.2024187 -9.1400000 13.5278593
v 38.2024187 -8.6600000 13.5278593
v 38.2024187 -8.6600000 13.5278593
v 38.2024187 -9.1400000 13.5278593
v 36.8431198 -9.1400000 16.0485642
v 36.8431198 -8.6600000 16.0485642
v 36.8431198 -8.6600000 16.0485642
v 36.8431198 -9.1400000 16.0485642
v 35.2566708 -9.1400000 18.4703243
v 35.2566708 -8.6600000 18.4703243
v 35.2566708 -8.6600000 18.4703243
v 35.2566708 -9.1400000 18.4703243
v 33.4528527 -9.1400000 20.7782087
v 33.4528527 -8.6600000 20.7782087
v 33.4528527 -8.6600000 20.7782087
v 33.4528527 -9.1400000 20.7782087
v 31.4427867 -9.1400000 22.9579885
v 31.4427867 -8.6600000 22.9579885
v 31.4427867 -8.6600000 22.9579885
v 31.4427867 -9.1400000 22.9579885
v 29.2388654 -9.1400000 24.9962247
v 29.2388654 -8.6600000 24.9962247
v 29.2388654 -8.6600000 24.9962247
v 29.2388654 -9.1400000 24.9962247
v 26.8546768 -9.1400000 26.8803509
v 26.8546768 -8.6600000 26.8803509
v 26.8546768 -8.6600000 26.8803509
v 26.8546768 -9.1400000 26.8803509
v 24.3049202 -9.1400000 28.5987508
v 24.3049202 -8.6600000 28.5987508
v 24.3049202 -8.6600000 28.5987508
v 24.3049202 -9.1400000 28.5987508
v 21.6053157 -9.1400000 30.1408298
v 21.6053157 -8.6600000 30.1408298
v 21.6053157 -8.6600000 30.1408298
v 21.6053157 -9.1400000 30.1408298
v 18.7725072 -9.1400000 31.4970806
v 18.7725072 -8.6600000 31.4970806
v 18.7725072 -8.6600000 31.4970806
v 18.7725072 -9.1400000 31.4970806
v 15.8239599 -9.1400000 32.6591415
v 15.8239599 -8.6600000 32.6591415
v 15.8239599 -8.6600000 32.6591415
v 15.8239599 -9.1400000 32.6591415
v 12.7778527 -9.1400000 33.6198479
v 12.7778527 -8.6600000 33.6198479
v 12.7778527 -8.6600000 33.6198479
v 12.7778527 -9.1400000 33.6198479
v 9.6529658 -9.1400000 34.3732767
v 9.6529658 -8.6600000 34.3732767
v 9.6529658 -8.6600000 34.3732767
v 9.6529658 -9.1400000 34.3732767
v 6.4685651 -9.1400000 34.9147828
v 6.4685651 -8.6600000 34.9147828
v 6.4685651 -8.6600000 34.9147828
v 6.4685651 -9.1400000 34.9147828
v 3.2442836 -9.1400000 35.2410277
v 3.2442836 -8.6600000 35.2410277
v 3.2442836 -8.6600000 35.2410277
v 3.2442836 -9.1400000 35.2410277
v 0.0000000 -9.1400000 35.3500000
v 0.0000000 -8.6600000 35.3500000
v 0.0000000 -8.6600000 35.3500000
v 0.0000000 -9.1400000 35.3500000
v -3.2442836 -9.1400000 35.2410277
v -3.2442836 -8.6600000 35.2410277
v -3.2442836 -8.6600000 35.2410277
v -3.2442836 -9.1400000 35.2410277
v -6.4685651 -9.1400000 34.9147828
v -6.4685651 -8.6600000 34.9147828
v -6.4685651 -8.6600000 34.9147828
v -6.4685651 -9.1400000 34.9147828
v -9.6529658 -9.1400000 34.3732767
v -9.6529658 -8.6600000 34.3732767
v -9.6529658 -8.6600000 34.3732767
v -9.6529658 -9.1400000 34.3732767
v -12.7778527 -9.1400000 33.6198479
v -12.7778527 -8.6600000 33.6198479
v -12.7778527 -8.6600000 33.6198479
v -12.7778527 -9.1400000 33.6198479
v -15.8239599 -9.1400000 32.6591415
v -15.8239599 -8.6600000 32.6591415
v -15.8239599 -8.6600000 32.6591415
v -15.8239599 -9.1400000 32.6591415
v -18.7725072 -9.1400000 31.4970806
v -18.7725072 -8.6600000 31.4970806
v -18.7725072 -8.6600000 31.4970806
v -18.7725072 -9.1400000 31.4970806
v -21.6053157 -9.1400000 30.1408298
v -21.6053157 -8.6600000 30.1408298
v -21.6053157 -8.6600000 30.1408298
v -21.6053157 -9.1400000 30.1408298
v -24.3049202 -9.1400000 28.5987508
v -24.3049202 -8.6600000 28.5987508
v -24.3049202 -8.6600000 28.5987508
v -24.3049202 -9.1400000 28.5987508
v -26.8546768 -9.1400000 26.8803509
v -26.8546768 -8.6600000 26.8803509
v -26.8546768 -8.6600000 26.8803509
v -26.8546768 -9.1400000 26.8803509
v -29.2388654 -9.1400000 24.9962247
v -29.2388654 -8.6600000 24.9962247
v -29.2388654 -8.6600000 24.9962247
v -29.2388654 -9.1400000 24.9962247
v -31.4427867 -9.1400000 22.9579885
v -31.4427867 -8.6600000 22.9579885
v -31.4427867 -8.6600000 22.9579885
v -31.4427867 -9.1400000 22.9579885
v -33.4528527 -9.1400000 20.7782087
v -33.4528527 -8.6600000 20.7782087
v -33.4528527 -8.6600000 20.7782087
v -33.4528527 -9.1400000 20.7782087
v -35.2566708 -9.1400000 18.4703243
v -35.2566708 -8.6600000 18.4703243
v -35.2566708 -8.6600000 18.4703243
v -35.2566708 -9.1400000 18.4703243
v -36.8431198 -9.1400000 16.0485642
v -36.8431198 -8.6600000 16.0485642
v -36.8431198 -8.6600000 16.0485642
v -36.8431198 -9.1400000 16.0485642
v -38.2024187 -9.1400000 13.5278593
v -38.2024187 -8.6600000 13.5278593
v -38.2024187 -8.6600000 13.5278593
v -38.2024187 -9.1400000 13.5278593
v -39.3261869 -9.1400000 10.9237508
v -39.3261869 -8.6600000 10.9237508
v -39.3261869 -8.6600000 10.9237508
v -39.3261869 -9.1400000 10.9237508
v -40.2074962 -9.1400000 8.2522936
v -40.2074962 -8.6600000 8.2522936
v -40.2074962 -8.6600000 8.2522936
v -40.2074962 -9.1400000 8.2522936
v -40.8409129 -9.1400000 5.5299583
v -40.8409129 -8.6600000 5.5299583
v -40.8409129 -8.6600000 5.5299583
v -40.8409129 -9.1400000 5.5299583
v -41.2225317 -9.1400000 2.7735290
v -41.2225317 -8.6600000 2.7735290
v -41.2225317 -8.6600000 2.7735290
v -41.2225317 -9.1400000 2.7735290
v -41.3500000 -9.1400000 0.0000000
v -41.3500000 -8.6600000 0.0000000
v -41.3500000 -8.6600000 0.0000000
v -41.3500000 -9.1400000 0.0000000
v -41.2225317 -9.1400000 -2.7735290
v -41.2225317 -8.6600000 -2.7735290
v -41.2225317 -8.6600000 -2.7735290
v -41.2225317 -9.1400000 -2.7735290
v -40.8409129 -9.1400000 -5.5299583
v -40.8409129 -8.6600000 -5.5299583
v -40.8409129 -8.6600000 -5.5299583
v -40.8409129 -9.1400000 -5.5299583
v -40.2074962 -9.1400000 -8.2522936
v -40.2074962 -8.6600000 -8.2522936
v -40.2074962 -8.6600000 -8.2522936
v -40.2074962 -9.1400000 -8.2522936
v -39.3261869 -9.1400000 -10.9237508
v -39.3261869 -8.6600000 -10.9237508
v -39.3261869 -8.6600000 -10.9237508
v -39.3261869 -9.1400000 -10.9237508
v -38.2024187 -9.1400000 -13.5278593
v -38.2024187 -8.6600000 -13.5278593
v -38.2024187 -8.6600000 -13.5278593
v -38.2024187 -9.1400000 -13.5278593
v -36.8431198 -9.1400000 -16.0485642
v -36.8431198 -8.6600000 -16.0485642
v -36.8431198 -8.6600000 -16.0485642
v -36.8431198 -9.1400000 -16.0485642
v -35.2566708 -9.1400000 -18.4703243
v -35.2566708 -8.6600000 -18.4703243
v -35.2566708 -8.6600000 -18.4703243
v -35.2566708 -9.1400000 -18.4703243
v -33.4528527 -9.1400000 -20.7782087
v -33.4528527 -8.6600000 -20.7782087
v -33.4528527 -8.6600000 -20.7782087
v -33.4528527 -9.1400000 -20.7782087
v -31.4427867 -9.1400000 -22.9579885
v -31.4427867 -8.6600000 -22.9579885
v -31.4427867 -8.6600000 -22.9579885
v -31.4427867 -9.1400000 -22.9579885
v -29.2388654 -9.1400000 -24.9962247
v -29.2388654 -8.6600000 -24.9962247
v -29.2388654 -8.6600000 -24.9962247
v -29.2388654 -9.1400000 -24.9962247
v -26.8546768 -9.1400000 -26.8803509
v -26.8546768 -8.6600000 -26.8803509
v -26.8546768 -8.6600000 -26.8803509
v -26.8546768 -9.1400000 -26.8803509
v -24.3049202 -9.1400000 -28.5987508
v -24.3049202 -8.6600000 -28.5987508
v -24.3049202 -8.6600000 -28.5987508
v -24.3049202 -9.1400000 -28.5987508
v -21.6053157 -9.1400000 -30.1408298
v -21.6053157 -8.6600000 -30.1408298
v -21.6053157 -8.6600000 -30.1408298
v -21.6053157 -9.1400000 -30.1408298
v -18.7725072 -9.1400000 -31.4970806
v -18.7725072 -8.6600000 -31.4970806
v -18.7725072 -8.6600000 -31.4970806
v -18.7725072 -9.1400000 -31.4970806
v -15.8239599 -9.1400000 -32.6591415
v -15.8239599 -8.6600000 -32.6591415
v -15.8239599 -8.6600000 -32.6591415
v -15.8239599 -9.1400000 -32.6591415
v -12.7778527 -9.1400000 -33.6198479
v -12.7778527 -8.6600000 -33.6198479
v -12.7778527 -8.6600000 -33.6198479
v -12.7778527 -9.1400000 -33.6198479
v -9.6529658 -9.1400000 -34.3732767
v -9.6529658 -8.6600000 -34.3732767
v -9.6529658 -8.6600000 -34.3732767
v -9.6529658 -9.1400000 -34.3732767
v -6.4685651 -9.1400000 -34.9147828
v -6.4685651 -8.6600000 -34.9147828
v -6.4685651 -8.6600000 -34.9147828
v -6.4685651 -9.1400000 -34.9147828
v -3.2442836 -9.1400000 -35.2410277
v -3.2442836 -8.6600000 -35.2410277
v -3.2442836 -8.6600000 -35.2410277
v -3.2442836 -9.1400000 -35.2410277
v -0.0000000 -9.1400000 -35.3500000
v -0.0000000 -8.6600000 -35.3500000
v -0.0000000 -8.6600000 -35.3500000
v -0.0000000 -9.1400000 -35.3500000
v 3.2442836 -9.1400000 -35.2410277
v 3.2442836 -8.6600000 -35.2410277
v 3.2442836 -8.6600000 -35.2410277
v 3.2442836 -9.1400000 -35.2410277
v 6.4685651 -9.1400000 -34.9147828
v 6.4685651 -8.6600000 -34.9147828
v 6.4685651 -8.6600000 -34.9147828
v 6.4685651 -9.1400000 -34.9147828
v 9.6529658 -9.1400000 -34.3732767
v 9.6529658 -8.6600000 -34.3732767
v 9.6529658 -8.6600000 -34.3732767
v 9.6529658 -9.1400000 -34.3732767
v 12.7778527 -9.1400000 -33.6198479
v 12.7778527 -8.6600000 -33.6198479
v 12.7778527 -8.6600000 -33.6198479
v 12.7778527 -9.1400000 -33.6198479
v 15.8239599 -9.1400000 -32.6591415
v 15.8239599 -8.6600000 -32.6591415
v 15.8239599 -8.6600000 -32.6591415
v 15.8239599 -9.1400000 -32.6591415
v 18.7725072 -9.1400000 -31.4970806
v 18.7725072 -8.6600000 -31.4970806
v 18.7725072 -8.6600000 -31.4970806
v 18.7725072 -9.1400000 -31.4970806
v 21.6053157 -9.1400000 -30.1408298
v 21.6053157 -8.6600000 -30.1408298
v 21.6053157 -8.6600000 -30.1408298
v 21.6053157 -9.1400000 -30.1408298
v 24.3049202 -9.1400000 -28.5987508
v 24.3049202 -8.6600000 -28.5987508
v 24.3049202 -8.6600000 -28.5987508
v 24.3049202 -9.1400000 -28.5987508
v 26.8546768 -9.1400000 -26.8803509
v 26.8546768 -8.6600000 -26.8803509
v 26.8546768 -8.6600000 -26.8803509
v 26.8546768 -9.1400000 -26.8803509
v 29.2388654 -9.1400000 -24.9962247
v 29.2388654 -8.6600000 -24.9962247
v 29.2388654 -8.6600000 -24.9962247
v 29.2388654 -9.1400000 -24.9962247
v 31.4427867 -9.1400000 -22.9579885
v 31.4427867 -8.6600000 -22.9579885
v 31.4427867 -8.6600000 -22.9579885
v 31.4427867 -9.1400000 -22.9579885
v 33.4528527 -9.1400000 -20.7782087
v 33.4528527 -8.6600000 -20.7782087
v 33.4528527 -8.6600000 -20.7782087
v 33.4528527 -9.1400000 -20.7782087
v 35.2566708 -9.1400000 -18.4703243
v 35.2566708 -8.6600000 -18.4703243
v 35.2566708 -8.6600000 -18.4703243
v 35.2566708 -9.1400000 -18.4703243
v 36.8431198 -9.1400000 -16.0485642
v 36.8431198 -8.6600000 -16.0485642
v 36.8431198 -8.6600000 -16.0485642
v 36.8431198 -9.1400000 -16.0485642
v 38.2024187 -9.1400000 -13.5278593
v 38.2024187 -8.6600000 -13.5278593
v 38.2024187 -8.6600000 -13.5278593
v 38.2024187 -9.1400000 -13.5278593
v 39.3261869 -9.1400000 -10.9237508
v 39.3261869 -8.6600000 -10.9237508
v 39.3261869 -8.6600000 -10.9237508
v 39.3261869 -9.1400000 -10.9237508
v 40.2074962 -9.1400000 -8.2522936
v 40.2074962 -8.6600000 -8.2522936
v 40.2074962 -8.6600000 -8.2522936
v 40.2074962 -9.1400000 -8.2522936
v 40.8409129 -9.1400000 -5.5299583
v 40.8409129 -8.6600000 -5.5299583
v 40.8409129 -8.6600000 -5.5299583
v 40.8409129 -9.1400000 -5.5299583
v 41.2225317 -9.1400000 -2.7735290
v 41.2225317 -8.6600000 -2.7735290
v 41.2225317 -8.6600000 -2.7735290
v 41.2225317 -9.1400000 -2.7735290
v 0.0000000 -16.8600000 0.0000000
v 0.0000000 -17.5000000 0.0000000
v 35.3500000 -17.5000000 0.0000000
v 35.3500000 -16.8600000 0.0000000
v 35.3500000 -16.8600000 0.0000000
v 35.3500000 -17.5000000 0.0000000
v 35.2154826 -17.5000000 2.6059567
v 35.2154826 -16.8600000 2.6059567
v 35.2154826 -16.8600000 2.6059567
v 35.2154826 -17.5000000 2.6059567
v 34.8129541 -17.5000000 5.1920805
v 34.8129541 -16.8600000 5.1920805
v 34.8129541 -16.8600000 5.1920805
v 34.8129541 -17.5000000 5.1920805
v 34.1454780 -17.5000000 7.7386894
v 34.1454780 -16.8600000 7.7386894
v 34.1454780 -16.8600000 7.7386894
v 34.1454780 -17.5000000 7.7386894
v 33.2181341 -17.5000000 10.2264023
v 33.2181341 -16.8600000 10.2264023
v 33.2181341 -16.8600000 10.2264023
v 33.2181341 -17.5000000 10.2264023
v 32.0379803 -17.5000000 12.6362860
v 32.0379803 -16.8600000 12.6362860
v 32.0379803 -16.8600000 12.6362860
v 32.0379803 -17.5000000 12.6362860
v 30.6139980 -17.5000000 14.9500000
v 30.6139980 -16.8600000 14.9500000
v 30.6139980 -16.8600000 14.9500000
v 30.6139980 -17.5000000 14.9500000
v 28.9570248 -17.5000000 17.1499354
v 28.9570248 -16.8600000 17.1499354
v 28.9570248 -16.8600000 17.1499354
v 28.9570248 -17.5000000 17.1499354
v 27.0796711 -17.5000000 19.2193495
v 27.0796711 -16.8600000 19.2193495
v 27.0796711 -16.8600000 19.2193495
v 27.0796711 -17.5000000 19.2193495
v 24.9962247 -17.5000000 21.1424928
v 24.9962247 -16.8600000 21.1424928
v 24.9962247 -16.8600000 21.1424928
v 24.9962247 -17.5000000 21.1424928
v 22.7225420 -17.5000000 22.9047288
v 22.7225420 -16.8600000 22.9047288
v 22.7225420 -16.8600000 22.9047288
v 22.7225420 -17.5000000 22.9047288
v 20.2759270 -17.5000000 24.4926461
v 20.2759270 -16.8600000 24.4926461
v 20.2759270 -16.8600000 24.4926461
v 20.2759270 -17.5000000 24.4926461
v 17.6750000 -17.5000000 25.8941596
v 17.6750000 -16.8600000 25.8941596
v 17.6750000 -16.8600000 25.8941596
v 17.6750000 -17.5000000 25.8941596
v 14.9395556 -17.5000000 27.0986028
v 14.9395556 -16.8600000 27.0986028
v 14.9395556 -16.8600000 27.0986028
v 14.9395556 -17.5000000 27.0986028
v 12.0904121 -17.5000000 28.0968094
v 12.0904121 -16.8600000 28.0968094
v 12.0904121 -16.8600000 28.0968094
v 12.0904121 -17.5000000 28.0968094
v 9.1492532 -17.5000000 28.8811822
v 9.1492532 -16.8600000 28.8811822
v 9.1492532 -16.8600000 28.8811822
v 9.1492532 -17.5000000 28.8811822
v 6.1384631 -17.5000000 29.4457518
v 6.1384631 -16.8600000 29.4457518
v 6.1384631 -16.8600000 29.4457518
v 6.1384631 -17.5000000 29.4457518
v 3.0809555 -17.5000000 29.7862215
v 3.0809555 -16.8600000 29.7862215
v 3.0809555 -16.8600000 29.7862215
v 3.0809555 -17.5000000 29.7862215
v 0.0000000 -17.5000000 29.9000000
v 0.0000000 -16.8600000 29.9000000
v 0.0000000 -16.8600000 29.9000000
v 0.0000000 -17.5000000 29.9000000
v -3.0809555 -17.5000000 29.7862215
v -3.0809555 -16.8600000 29.7862215
v -3.0809555 -16.8600000 29.7862215
v -3.0809555 -17.5000000 29.7862215
v -6.1384631 -17.5000000 29.4457518
v -6.1384631 -16.8600000 29.4457518
v -6.1384631 -16.8600000 29.4457518
v -6.1384631 -17.5000000 29.4457518
v -9.1492532 -17.5000000 28.8811822
v -9.1492532 -16.8600000 28.8811822
v -9.1492532 -16.8600000 28.8811822
v -9.1492532 -17.5000000 28.8811822
v -12.0904121 -17.5000000 28.0968094
v -12.0904121 -16.8600000 28.0968094
v -12.0904121 -16.8600000 28.0968094
v -12.0904121 -17.5000000 28.0968094
v -14.9395556 -17.5000000 27.0986028
v -14.9395556 -16.8600000 27.0986028
v -14.9395556 -16.8600000 27.0986028
v -14.9395556 -17.5000000 27.0986028
v -17.6750000 -17.5000000 25.8941596
v -17.6750000 -16.8600000 25.8941596
v -17.6750000 -16.8600000 25.8941596
v -17.6750000 -17.5000000 25.8941596
v -20.2759270 -17.5000000 24.4926461
v -20.2759270 -16.8600000 24.4926461
v -20.2759270 -16.8600000 24.4926461
v -20.2759270 -17.5000000 24.4926461
v -22.7225420 -17.5000000 22.9047288
v -22.7225420 -16.8600000 22.9047288
v -22.7225420 -16.8600000 22.9047288
v -22.7225420 -17.5000000 22.9047288
v -24.9962247 -17.5000000 21.1424928
v -24.9962247 -16.8600000 21.1424928
v -24.9962247 -16.8600000 21.1424928
v -24.9962247 -17.5000000 21.1424928
v -27.0796711 -17.5000000 19.2193495
v -27.0796711 -16.8600000 19.2193495
v -27.0796711 -16.8600000 19.2193495
v -27.0796711 -17.5000000 19.2193495
v -28.9570248 -17.5000000 17.1499354
v -28.9570248 -16.8600000 17.1499354
v -28.9570248 -16.8600000 17.1499354
v -28.9570248 -17.5000000 17.1499354
v -30.6139980 -17.5000000 14.9500000
v -30.6139980 -16.8600000 14.9500000
v -30.6139980 -16.8600000 14.9500000
v -30.6139980 -17.5000000 14.9500000
v -32.0379803 -17.5000000 12.6362860
v -32.0379803 -16.8600000 12.6362860
v -32.0379803 -16.8600000 12.6362860
v -32.0379803 -17.5000000 12.6362860
v -33.2181341 -17.5000000 10.2264023
v -33.2181341 -16.8600000 10.2264023
v -33.2181341 -16.8600000 10.2264023
v -33.2181341 -17.5000000 10.2264023
v -34.1454780 -17.5000000 7.7386894
v -34.1454780 -16.8600000 7.7386894
v -34.1454780 -16.8600000 7.7386894
v -34.1454780 -17.5000000 7.7386894
v -34.8129541 -17.5000000 5.1920805
v -34.8129541 -16.8600000 5.1920805
v -34.8129541 -16.8600000 5.1920805
v -34.8129541 -17.5000000 5.1920805
v -35.2154826 -17.5000000 2.6059567
v -35.2154826 -16.8600000 2.6059567
v -35.2154826 -16.8600000 2.6059567
v -35.2154826 -17.5000000 2.6059567
v -35.3500000 -17.5000000 0.0000000
v -35.3500000 -16.8600000 0.0000000
v -35.3500000 -16.8600000 0.0000000
v -35.3500000 -17.5000000 0.0000000
v -35.2154826 -17.5000000 -2.6059567
v -35.2154826 -16.8600000 -2.6059567
v -35.2154826 -16.8600000 -2.6059567
v -35.2154826 -17.5000000 -2.6059567
v -34.8129541 -17.5000000 -5.1920805
v -34.8129541 -16.8600000 -5.1920805
v -34.8129541 -16.8600000 -5.1920805
v -34.8129541 -17.5000000 -5.1920805
v -34.1454780 -17.5000000 -7.7386894
v -34.1454780 -16.8600000 -7.7386894
v -34.1454780 -16.8600000 -7.7386894
v -34.1454780 -17.5000000 -7.7386894
v -33.2181341 -17.5000000 -10.2264023
v -33.2181341 -16.8600000 -10.2264023
v -33.2181341 -16.8600000 -10.2264023
v -33.2181341 -17.5000000 -10.2264023
v -32.0379803 -17.5000000 -12.6362860
v -32.0379803 -16.8600000 -12.6362860
v -32.0379803 -16.8600000 -12.6362860
v -32.0379803 -17.5000000 -12.6362860
v -30.6139980 -17.5000000 -14.9500000
v -30.6139980 -16.8600000 -14.9500000
v -30.6139980 -16.8600000 -14.9500000
v -30.6139980 -17.5000000 -14.9500000
v -28.9570248 -17.5000000 -17.1499354
v -28.9570248 -16.8600000 -17.1499354
v -28.9570248 -16.8600000 -17.1499354
v -28.9570248 -17.5000000 -17.1499354
v -27.0796711 -17.5000000 -19.2193495
v -27.0796711 -16.8600000 -19.2193495
v -27.0796711 -16.8600000 -19.2193495
v -27.0796711 -17.5000000 -19.2193495
v -24.9962247 -17.5000000 -21.1424928
v -24.9962247 -16.8600000 -21.1424928
v -24.9962247 -16.8600000 -21.1424928
v -24.9962247 -17.5000000 -21.1424928
v -22.7225420 -17.5000000 -22.9047288
v -22.7225420 -16.8600000 -22.9047288
v -22.7225420 -16.8600000 -22.9047288
v -22.7225420 -17.5000000 -22.9047288
v -20.2759270 -17.5000000 -24.4926461
v -20.2759270 -16.8600000 -24.4926461
v -20.2759270 -16.8600000 -24.4926461
v -20.2759270 -17.5000000 -24.4926461
v -17.6750000 -17.5000000 -25.8941596
v -17.6750000 -16.8600000 -25.8941596
v -17.6750000 -16.8600000 -25.8941596
v -17.6750000 -17.5000000 -25.8941596
v -14.9395556 -17.5000000 -27.0986028
v -14.9395556 -16.8600000 -27.0986028
v -14.9395556 -16.8600000 -27.0986028
v -14.9395556 -17.5000000 -27.0986028
v -12.0904121 -17.5000000 -28.0968094
v -12.0904121 -16.8600000 -28.0968094
v -12.0904121 -16.8600000 -28.0968094
v -12.0904121 -17.5000000 -28.0968094
v -9.1492532 -17.5000000 -28.8811822
v -9.1492532 -16.8600000 -28.8811822
v -9.1492532 -16.8600000 -28.8811822
v -9.1492532 -17.5000000 -28.8811822
v -6.1384631 -17.5000000 -29.4457518
v -6.1384631 -16.8600000 -29.4457518
v -6.1384631 -16.8600000 -29.4457518
v -6.1384631 -17.5000000 -29.4457518
v -3.0809555 -17.5000000 -29.7862215
v -3.0809555 -16.8600000 -29.7862215
v -3.0809555 -16.8600000 -29.7862215
v -3.0809555 -17.5000000 -29.7862215
v -0.0000000 -17.5000000 -29.9000000
v -0.0000000 -16.8600000 -29.9000000
v -0.0000000 -16.8600000 -29.9000000
v -0.0000000 -17.5000000 -29.9000000
v 3.0809555 -17.5000000 -29.7862215
v 3.0809555 -16.8600000 -29.7862215
v 3.0809555 -16.8600000 -29.7862215
v 3.0809555 -17.5000000 -29.7862215
v 6.1384631 -17.5000000 -29.4457518
v 6.1384631 -16.8600000 -29.4457518
v 6.1384631 -16.8600000 -29.4457518
v 6.1384631 -17.5000000 -29.4457518
v 9.1492532 -17.5000000 -28.8811822
v 9.1492532 -16.8600000 -28.8811822
v 9.1492532 -16.8600000 -28.8811822
v 9.1492532 -17.5000000 -28.8811822
v 12.0904121 -17.5000000 -28.0968094
v 12.0904121 -16.8600000 -28.0968094
v 12.0904121 -16.8600000 -28.0968094
v 12.0904121 -17.5000000 -28.0968094
v 14.9395556 -17.5000000 -27.0986028
v 14.9395556 -16.8600000 -27.0986028
v 14.9395556 -16.8600000 -27.0986028
v 14.9395556 -17.5000000 -27.0986028
v 17.6750000 -17.5000000 -25.8941596
v 17.6750000 -16.8600000 -25.8941596
v 17.6750000 -16.8600000 -25.8941596
v 17.6750000 -17.5000000 -25.8941596
v 20.2759270 -17.5000000 -24.4926461
v 20.2759270 -16.8600000 -24.4926461
v 20.2759270 -16.8600000 -24.4926461
v 20.2759270 -17.5000000 -24.4926461
v 22.7225420 -17.5000000 -22.9047288
v 22.7225420 -16.8600000 -22.9047288
v 22.7225420 -16.8600000 -22.9047288
v 22.7225420 -17.5000000 -22.9047288
v 24.9962247 -17.5000000 -21.1424928
v 24.9962247 -16.8600000 -21.1424928
v 24.9962247 -16.8600000 -21.1424928
v 24.9962247 -17.5000000 -21.1424928
v 27.0796711 -17.5000000 -19.2193495
v 27.0796711 -16.8600000 -19.2193495
v 27.0796711 -16.8600000 -19.2193495
v 27.0796711 -17.5000000 -19.2193495
v 28.9570248 -17.5000000 -17.1499354
v 28.9570248 -16.8600000 -17.1499354
v 28.9570248 -16.8600000 -17.1499354
v 28.9570248 -17.5000000 -17.1499354
v 30.6139980 -17.5000000 -14.9500000
v 30.6139980 -16.8600000 -14.9500000
v 30.6139980 -16.8600000 -14.9500000
v 30.6139980 -17.5000000 -14.9500000
v 32.0379803 -17.5000000 -12.6362860
v 32.0379803 -16.8600000 -12.6362860
v 32.0379803 -16.8600000 -12.6362860
v 32.0379803 -17.5000000 -12.6362860
v 33.2181341 -17.5000000 -10.2264023
v 33.2181341 -16.8600000 -10.2264023
v 33.2181341 -16.8600000 -10.2264023
v 33.2181341 -17.5000000 -10.2264023
v 34.1454780 -17.5000000 -7.7386894
v 34.1454780 -16.8600000 -7.7386894
v 34.1454780 -16.8600000 -7.7386894
v 34.1454780 -17.5000000 -7.7386894
v 34.8129541 -17.5000000 -5.1920805
v 34.8129541 -16.8600000 -5.1920805
v 34.8129541 -16.8600000 -5.1920805
v 34.8129541 -17.5000000 -5.1920805
v 35.2154826 -17.5000000 -2.6059567
v 35.2154826 -16.8600000 -2.6059567
v 35.2154826 -16.8600000 -2.6059567
v 35.2154826 -17.5000000 -2.6059567
v 0.0000000 -27.9700000 0.0000000
v 0.0000000 -28.3900000 0.0000000
v 27.2800000 -28.3900000 0.0000000
v 27.2800000 -27.9700000 0.0000000
v 27.2800000 -27.9700000 0.0000000
v 27.2800000 -28.3900000 0.0000000
v 27.1486393 -28.3900000 2.2004848
v 27.1486393 -27.9700000 2.2004848
v 27.1486393 -27.9700000 2.2004848
v 27.1486393 -28.3900000 2.2004848
v 26.7558224 -28.3900000 4.3797777
v 26.7558224 -27.9700000 4.3797777
v 26.7558224 -27.9700000 4.3797777
v 26.7558224 -28.3900000 4.3797777
v 26.1053324 -28.3900000 6.5168910
v 26.1053324 -27.9700000 6.5168910
v 26.1053324 -27.9700000 6.5168910
v 26.1053324 -28.3900000 6.5168910
v 25.2034336 -28.3900000 8.5912431
v 25.2034336 -27.9700000 8.5912431
v 25.2034336 -27.9700000 8.5912431
v 25.2034336 -28.3900000 8.5912431
v 24.0588121 -28.3900000 10.5828567
v 24.0588121 -27.9700000 10.5828567
v 24.0588121 -27.9700000 10.5828567
v 24.0588121 -28.3900000 10.5828567
v 22.6824910 -28.3900000 12.4725517
v 22.6824910 -27.9700000 12.4725517
v 22.6824910 -27.9700000 12.4725517
v 22.6824910 -28.3900000 12.4725517
v 21.0877252 -28.3900000 14.2421292
v 21.0877252 -27.9700000 14.2421292
v 21.0877252 -27.9700000 14.2421292
v 21.0877252 -28.3900000 14.2421292
v 19.2898730 -28.3900000 15.8745472
v 19.2898730 -27.9700000 15.8745472
v 19.2898730 -27.9700000 15.8745472
v 19.2898730 -28.3900000 15.8745472
v 17.3062488 -28.3900000 17.3540847
v 17.3062488 -27.9700000 17.3540847
v 17.3062488 -27.9700000 17.3540847
v 17.3062488 -28.3900000 17.3540847
v 15.1559560 -28.3900000 18.6664928
v 15.1559560 -27.9700000 18.6664928
v 15.1559560 -27.9700000 18.6664928
v 15.1559560 -28.3900000 18.6664928
v 12.8597030 -28.3900000 19.7991324
v 12.8597030 -27.9700000 19.7991324
v 12.8597030 -27.9700000 19.7991324
v 12.8597030 -28.3900000 19.7991324
v 10.4396040 -28.3900000 20.7410955
v 10.4396040 -27.9700000 20.7410955
v 10.4396040 -27.9700000 20.7410955
v 10.4396040 -28.3900000 20.7410955
v 7.9189660 -28.3900000 21.4833105
v 7.9189660 -27.9700000 21.4833105
v 7.9189660 -27.9700000 21.4833105
v 7.9189660 -28.3900000 21.4833105
v 5.3220640 -28.3900000 22.0186295
v 5.3220640 -27.9700000 22.0186295
v 5.3220640 -27.9700000 22.0186295
v 5.3220640 -28.3900000 22.0186295
v 2.6739076 -28.3900000 22.3418971
v 2.6739076 -27.9700000 22.3418971
v 2.6739076 -27.9700000 22.3418971
v 2.6739076 -28.3900000 22.3418971
v 0.0000000 -28.3900000 22.4500000
v 0.0000000 -27.9700000 22.4500000
v 0.0000000 -27.9700000 22.4500000
v 0.0000000 -28.3900000 22.4500000
v -2.6739076 -28.3900000 22.3418971
v -2.6739076 -27.9700000 22.3418971
v -2.6739076 -27.9700000 22.3418971
v -2.6739076 -28.3900000 22.3418971
v -5.3220640 -28.3900000 22.0186295
v -5.3220640 -27.9700000 22.0186295
v -5.3220640 -27.9700000 22.0186295
v -5.3220640 -28.3900000 22.0186295
v -7.9189660 -28.3900000 21.4833105
v -7.9189660 -27.9700000 21.4833105
v -7.9189660 -27.9700000 21.4833105
v -7.9189660 -28.3900000 21.4833105
v -10.4396040 -28.3900000 20.7410955
v -10.4396040 -27.9700000 20.7410955
v -10.4396040 -27.9700000 20.7410955
v -10.4396040 -28.3900000 20.7410955
v -12.8597030 -28.3900000 19.7991324
v -12.8597030 -27.9700000 19.7991324
v -12.8597030 -27.9700000 19.7991324
v -12.8597030 -28.3900000 19.7991324
v -15.1559560 -28.3900000 18.6664928
v -15.1559560 -27.9700000 18.6664928
v -15.1559560 -27.9700000 18.6664928
v -15.1559560 -28.3900000 18.6664928
v -17.3062488 -28.3900000 17.3540847
v -17.3062488 -27.9700000 17.3540847
v -17.3062488 -27.9700000 17.3540847
v -17.3062488 -28.3900000 17.3540847
v -19.2898730 -28.3900000 15.8745472
v -19.2898730 -27.9700000 15.8745472
v -19.2898730 -27.9700000 15.8745472
v -19.2898730 -28.3900000 15.8745472
v -21.0877252 -28.3900000 14.2421292
v -21.0877252 -27.9700000 14.2421292
v -21.0877252 -27.9700000 14.2421292
v -21.0877252 -28.3900000 14.2421292
v -22.6824910 -28.3900000 12.4725517
v -22.6824910 -27.9700000 12.4725517
v -22.6824910 -27.9700000 12.4725517
v -22.6824910 -28.3900000 12.4725517
v -24.0588121 -28.3900000 10.5828567
v -24.0588121 -27.9700000 10.5828567
v -24.0588121 -27.9700000 10.5828567
v -24.0588121 -28.3900000 10.5828567
v -25.2034336 -28.3900000 8.5912431
v -25.2034336 -27.9700000 8.5912431
v -25.2034336 -27.9700000 8.5912431
v -25.2034336 -28.3900000 8.5912431
v -26.1053324 -28.3900000 6.5168910
v -26.1053324 -27.9700000 6.5168910
v -26.1053324 -27.9700000 6.5168910
v -26.1053324 -28.3900000 6.5168910
v -26.7558224 -28.3900000 4.3797777
v -26.7558224 -27.9700000 4.3797777
v -26.7558224 -27.9700000 4.3797777
v -26.7558224 -28.3900000 4.3797777
v -27.1486393 -28.3900000 2.2004848
v -27.1486393 -27.9700000 2.2004848
v -27.1486393 -27.9700000 2.2004848
v -27.1486393 -28.3900000 2.2004848
v -27.2800000 -28.3900000 0.0000000
v -27.2800000 -27.9700000 0.0000000
v -27.2800000 -27.9700000 0.0000000
v -27.2800000 -28.3900000 0.0000000
v -27.1486393 -28.3900000 -2.2004848
v -27.1486393 -27.9700000 -2.2004848
v -27.1486393 -27.9700000 -2.2004848
v -27.1486393 -28.3900000 -2.2004848
v -26.7558224 -28.3900000 -4.3797777
v -26.7558224 -27.9700000 -4.3797777
v -26.7558224 -27.9700000 -4.3797777
v -26.7558224 -28.3900000 -4.3797777
v -26.1053324 -28.3900000 -6.5168910
v -26.1053324 -27.9700000 -6.5168910
v -26.1053324 -27.9700000 -6.5168910
v -26.1053324 -28.3900000 -6.5168910
v -25.2034336 -28.3900000 -8.5912431
v -25.2034336 -27.9700000 -8.5912431
v -25.2034336 -27.9700000 -8.5912431
v -25.2034336 -28.3900000 -8.5912431
v -24.0588121 -28.3900000 -10.5828567
v -24.0588121 -27.9700000 -10.5828567
v -24.0588121 -27.9700000 -10.5828567
v -24.0588121 -28.3900000 -10.5828567
v -22.6824910 -28.3900000 -12.4725517
v -22.6824910 -27.9700000 -12.4725517
v -22.6824910 -27.9700000 -12.4725517
v -22.6824910 -28.3900000 -12.4725517
v -21.0877252 -28.3900000 -14.2421292
v -21.0877252 -27.9700000 -14.2421292
v -21.0877252 -27.9700000 -14.2421292
v -21.0877252 -28.3900000 -14.2421292
v -19.2898730 -28.3900000 -15.8745472
v -19.2898730 -27.9700000 -15.8745472
v -19.2898730 -27.9700000 -15.8745472
v -19.2898730 -28.3900000 -15.8745472
v -17.3062488 -28.3900000 -17.3540847
v -17.3062488 -27.9700000 -17.3540847
v -17.3062488 -27.9700000 -17.3540847
v -17.3062488 -28.3900000 -17.3540847
v -15.1559560 -28.3900000 -18.6664928
v -15.1559560 -27.9700000 -18.6664928
v -15.1559560 -27.9700000 -18.6664928
v -15.1559560 -28.3900000 -18.6664928
v -12.8597030 -28.3900000 -19.7991324
v -12.8597030 -27.9700000 -19.7991324
v -12.8597030 -27.9700000 -19.7991324
v -12.8597030 -28.3900000 -19.7991324
v -10.4396040 -28.3900000 -20.7410955
v -10.4396040 -27.9700000 -20.7410955
v -10.4396040 -27.9700000 -20.7410955
v -10.4396040 -28.3900000 -20.7410955
v -7.9189660 -28.3900000 -21.4833105
v -7.9189660 -27.9700000 -21.4833105
v -7.9189660 -27.9700000 -21.4833105
v -7.9189660 -28.3900000 -21.4833105
v -5.3220640 -28.3900000 -22.0186295
v -5.3220640 -27.9700000 -22.0186295
v -5.3220640 -27.9700000 -22.0186295
v -5.3220640 -28.3900000 -22.0186295
v -2.6739076 -28.3900000 -22.3418971
v -2.6739076 -27.9700000 -22.3418971
v -2.6739076 -27.9700000 -22.3418971
v -2.6739076 -28.3900000 -22.3418971
v -0.0000000 -28.3900000 -22.4500000
v -0.0000000 -27.9700000 -22.4500000
v -0.0000000 -27.9700000 -22.4500000
v -0.0000000 -28.3900000 -22.4500000
v 2.6739076 -28.3900000 -22.3418971
v 2.6739076 -27.9700000 -22.3418971
v 2.6739076 -27.9700000 -22.3418971
v 2.6739076 -28.3900000 -22.3418971
v 5.3220640 -28.3900000 -22.0186295
v 5.3220640 -27.9700000 -22.0186295
v 5.3220640 -27.9700000 -22.0186295
v 5.3220640 -28.3900000 -22.0186295
v 7.9189660 -28.3900000 -21.4833105
v 7.9189660 -27.9700000 -21.4833105
v 7.9189660 -27.9700000 -21.4833105
v 7.9189660 -28.3900000 -21.4833105
v 10.4396040 -28.3900000 -20.7410955
v 10.4396040 -27.9700000 -20.7410955
v 10.4396040 -27.9700000 -20.7410955
v 10.4396040 -28.3900000 -20.7410955
v 12.8597030 -28.3900000 -19.7991324
v 12.8597030 -27.9700000 -19.7991324
v 12.8597030 -27.9700000 -19.7991324
v 12.8597030 -28.3900000 -19.7991324
v 15.1559560 -28.3900000 -18.6664928
v 15.1559560 -27.9700000 -18.6664928
v 15.1559560 -27.9700000 -18.6664928
v 15.1559560 -28.3900000 -18.6664928
v 17.3062488 -28.3900000 -17.3540847
v 17.3062488 -27.9700000 -17.3540847
v 17.3062488 -27.9700000 -17.3540847
v 17.3062488 -28.3900000 -17.3540847
v 19.2898730 -28.3900000 -15.8745472
v 19.2898730 -27.9700000 -15.8745472
v 19.2898730 -27.9700000 -15.8745472
v 19.2898730 -28.3900000 -15.8745472
v 21.0877252 -28.3900000 -14.2421292
v 21.0877252 -27.9700000 -14.2421292
v 21.0877252 -27.9700000 -14.2421292
v 21.0877252 -28.3900000 -14.2421292
v 22.6824910 -28.3900000 -12.4725517
v 22.6824910 -27.9700000 -12.4725517
v 22.6824910 -27.9700000 -12.4725517
v 22.6824910 -28.3900000 -12.4725517
v 24.0588121 -28.3900000 -10.5828567
v 24.0588121 -27.9700000 -10.5828567
v 24.0588121 -27.9700000 -10.5828567
v 24.0588121 -28.3900000 -10.5828567
v 25.2034336 -28.3900000 -8.5912431
v 25.2034336 -27.9700000 -8.5912431
v 25.2034336 -27.9700000 -8.5912431
v 25.2034336 -28.3900000 -8.5912431
v 26.1053324 -28.3900000 -6.5168910
v 26.1053324 -27.9700000 -6.5168910
v 26.1053324 -27.9700000 -6.5168910
v 26.1053324 -28.3900000 -6.5168910
v 26.7558224 -28.3900000 -4.3797777
v 26.7558224 -27.9700000 -4.3797777
v 26.7558224 -27.9700000 -4.3797777
v 26.7558224 -28.3900000 -4.3797777
v 27.1486393 -28.3900000 -2.2004848
v 27.1486393 -27.9700000 -2.2004848
v 27.1486393 -27.9700000 -2.2004848
v 27.1486393 -28.3900000 -2.2004848
v -8.2000000 -17.9000000 67.5000000
v 8.2000000 -17.9000000 67.5000000
v 8.2000000 -2.5000000 67.5000000
v -8.2000000 -2.5000000 67.5000000
v 8.2000000 -17.9000000 31.5000000
v -8.2000000 -17.9000000 31.5000000
v -8.2000000 -2.5000000 31.5000000
v 8.2000000 -2.5000000 31.5000000
v 8.2000000 -17.9000000 67.5000000
v 8.2000000 -17.9000000 31.5000000
v 8.2000000 -2.5000000 31.5000000
v 8.2000000 -2.5000000 67.5000000
v -8.2000000 -17.9000000 31.5000000
v -8.2000000 -17.9000000 67.5000000
v -8.2000000 -2.5000000 67.5000000
v -8.2000000 -2.5000000 31.5000000
v -8.2000000 -2.5000000 67.5000000
v 8.2000000 -2.5000000 67.5000000
v 8.2000000 -2.5000000 31.5000000
v -8.2000000 -2.5000000 31.5000000
v -8.2000000 -17.9000000 31.5000000
v 8.2000000 -17.9000000 31.5000000
v 8.2000000 -17.9000000 67.5000000
v -8.2000000 -17.9000000 67.5000000
v -7.5500000 -3.1000000 67.6000000
v 7.5500000 -3.1000000 67.6000000
v 7.5500000 -2.4200000 67.6000000
v -7.5500000 -2.4200000 67.6000000
v 7.5500000 -3.1000000 31.4000000
v -7.5500000 -3.1000000 31.4000000
v -7.5500000 -2.4200000 31.4000000
v 7.5500000 -2.4200000 31.4000000
v 7.5500000 -3.1000000 67.6000000
v 7.5500000 -3.1000000 31.4000000
v 7.5500000 -2.4200000 31.4000000
v 7.5500000 -2.4200000 67.6000000
v -7.5500000 -3.1000000 31.4000000
v -7.5500000 -3.1000000 67.6000000
v -7.5500000 -2.4200000 67.6000000
v -7.5500000 -2.4200000 31.4000000
v -7.5500000 -2.4200000 67.6000000
v 7.5500000 -2.4200000 67.6000000
v 7.5500000 -2.4200000 31.4000000
v -7.5500000 -2.4200000 31.4000000
v -7.5500000 -3.1000000 31.4000000
v 7.5500000 -3.1000000 31.4000000
v 7.5500000 -3.1000000 67.6000000
v -7.5500000 -3.1000000 67.6000000
v -8.5500000 -17.9800000 67.7500000
v 8.5500000 -17.9800000 67.7500000
v 8.5500000 -17.4200000 67.7500000
v -8.5500000 -17.4200000 67.7500000
v 8.5500000 -17.9800000 31.2500000
v -8.5500000 -17.9800000 31.2500000
v -8.5500000 -17.4200000 31.2500000
v 8.5500000 -17.4200000 31.2500000
v 8.5500000 -17.9800000 67.7500000
v 8.5500000 -17.9800000 31.2500000
v 8.5500000 -17.4200000 31.2500000
v 8.5500000 -17.4200000 67.7500000
v -8.5500000 -17.9800000 31.2500000
v -8.5500000 -17.9800000 67.7500000
v -8.5500000 -17.4200000 67.7500000
v -8.5500000 -17.4200000 31.2500000
v -8.5500000 -17.4200000 67.7500000
v 8.5500000 -17.4200000 67.7500000
v 8.5500000 -17.4200000 31.2500000
v -8.5500000 -17.4200000 31.2500000
v -8.5500000 -17.9800000 31.2500000
v 8.5500000 -17.9800000 31.2500000
v 8.5500000 -17.9800000 67.7500000
v -8.5500000 -17.9800000 67.7500000
v -8.1200000 -16.5500000 36.0500000
v -7.2400000 -16.5500000 36.0500000
v -7.2400000 -2.6500000 36.0500000
v -8.1200000 -2.6500000 36.0500000
v -7.2400000 -16.5500000 33.9500000
v -8.1200000 -16.5500000 33.9500000
v -8.1200000 -2.6500000 33.9500000
v -7.2400000 -2.6500000 33.9500000
v -7.2400000 -16.5500000 36.0500000
v -7.2400000 -16.5500000 33.9500000
v -7.2400000 -2.6500000 33.9500000
v -7.2400000 -2.6500000 36.0500000
v -8.1200000 -16.5500000 33.9500000
v -8.1200000 -16.5500000 36.0500000
v -8.1200000 -2.6500000 36.0500000
v -8.1200000 -2.6500000 33.9500000
v -8.1200000 -2.6500000 36.0500000
v -7.2400000 -2.6500000 36.0500000
v -7.2400000 -2.6500000 33.9500000
v -8.1200000 -2.6500000 33.9500000
v -8.1200000 -16.5500000 33.9500000
v -7.2400000 -16.5500000 33.9500000
v -7.2400000 -16.5500000 36.0500000
v -8.1200000 -16.5500000 36.0500000
v -8.2608000 -6.6500000 35.6200000
v -8.0208000 -6.6500000 35.6200000
v -8.0208000 -3.5500000 35.6200000
v -8.2608000 -3.5500000 35.6200000
v -8.0208000 -6.6500000 34.3800000
v -8.2608000 -6.6500000 34.3800000
v -8.2608000 -3.5500000 34.3800000
v -8.0208000 -3.5500000 34.3800000
v -8.0208000 -6.6500000 35.6200000
v -8.0208000 -6.6500000 34.3800000
v -8.0208000 -3.5500000 34.3800000
v -8.0208000 -3.5500000 35.6200000
v -8.2608000 -6.6500000 34.3800000
v -8.2608000 -6.6500000 35.6200000
v -8.2608000 -3.5500000 35.6200000
v -8.2608000 -3.5500000 34.3800000
v -8.2608000 -3.5500000 35.6200000
v -8.0208000 -3.5500000 35.6200000
v -8.0208000 -3.5500000 34.3800000
v -8.2608000 -3.5500000 34.3800000
v -8.2608000 -6.6500000 34.3800000
v -8.0208000 -6.6500000 34.3800000
v -8.0208000 -6.6500000 35.6200000
v -8.2608000 -6.6500000 35.6200000
v 7.2400000 -16.5500000 36.0500000
v 8.1200000 -16.5500000 36.0500000
v 8.1200000 -2.6500000 36.0500000
v 7.2400000 -2.6500000 36.0500000
v 8.1200000 -16.5500000 33.9500000
v 7.2400000 -16.5500000 33.9500000
v 7.2400000 -2.6500000 33.9500000
v 8.1200000 -2.6500000 33.9500000
v 8.1200000 -16.5500000 36.0500000
v 8.1200000 -16.5500000 33.9500000
v 8.1200000 -2.6500000 33.9500000
v 8.1200000 -2.6500000 36.0500000
v 7.2400000 -16.5500000 33.9500000
v 7.2400000 -16.5500000 36.0500000
v 7.2400000 -2.6500000 36.0500000
v 7.2400000 -2.6500000 33.9500000
v 7.2400000 -2.6500000 36.0500000
v 8.1200000 -2.6500000 36.0500000
v 8.1200000 -2.6500000 33.9500000
v 7.2400000 -2.6500000 33.9500000
v 7.2400000 -16.5500000 33.9500000
v 8.1200000 -16.5500000 33.9500000
v 8.1200000 -16.5500000 36.0500000
v 7.2400000 -16.5500000 36.0500000
v 8.0208000 -6.6500000 35.6200000
v 8.2608000 -6.6500000 35.6200000
v 8.2608000 -3.5500000 35.6200000
v 8.0208000 -3.5500000 35.6200000
v 8.2608000 -6.6500000 34.3800000
v 8.0208000 -6.6500000 34.3800000
v 8.0208000 -3.5500000 34.3800000
v 8.2608000 -3.5500000 34.3800000
v 8.2608000 -6.6500000 35.6200000
v 8.2608000 -6.6500000 34.3800000
v 8.2608000 -3.5500000 34.3800000
v 8.2608000 -3.5500000 35.6200000
v 8.0208000 -6.6500000 34.3800000
v 8.0208000 -6.6500000 35.6200000
v 8.0208000 -3.5500000 35.6200000
v 8.0208000 -3.5500000 34.3800000
v 8.0208000 -3.5500000 35.6200000
v 8.2608000 -3.5500000 35.6200000
v 8.2608000 -3.5500000 34.3800000
v 8.0208000 -3.5500000 34.3800000
v 8.0208000 -6.6500000 34.3800000
v 8.2608000 -6.6500000 34.3800000
v 8.2608000 -6.6500000 35.6200000
v 8.0208000 -6.6500000 35.6200000
v -8.1200000 -16.5500000 44.0500000
v -7.2400000 -16.5500000 44.0500000
v -7.2400000 -2.6500000 44.0500000
v -8.1200000 -2.6500000 44.0500000
v -7.2400000 -16.5500000 41.9500000
v -8.1200000 -16.5500000 41.9500000
v -8.1200000 -2.6500000 41.9500000
v -7.2400000 -2.6500000 41.9500000
v -7.2400000 -16.5500000 44.0500000
v -7.2400000 -16.5500000 41.9500000
v -7.2400000 -2.6500000 41.9500000
v -7.2400000 -2.6500000 44.0500000
v -8.1200000 -16.5500000 41.9500000
v -8.1200000 -16.5500000 44.0500000
v -8.1200000 -2.6500000 44.0500000
v -8.1200000 -2.6500000 41.9500000
v -8.1200000 -2.6500000 44.0500000
v -7.2400000 -2.6500000 44.0500000
v -7.2400000 -2.6500000 41.9500000
v -8.1200000 -2.6500000 41.9500000
v -8.1200000 -16.5500000 41.9500000
v -7.2400000 -16.5500000 41.9500000
v -7.2400000 -16.5500000 44.0500000
v -8.1200000 -16.5500000 44.0500000
v -8.2608000 -6.6500000 43.6200000
v -8.0208000 -6.6500000 43.6200000
v -8.0208000 -3.5500000 43.6200000
v -8.2608000 -3.5500000 43.6200000
v -8.0208000 -6.6500000 42.3800000
v -8.2608000 -6.6500000 42.3800000
v -8.2608000 -3.5500000 42.3800000
v -8.0208000 -3.5500000 42.3800000
v -8.0208000 -6.6500000 43.6200000
v -8.0208000 -6.6500000 42.3800000
v -8.0208000 -3.5500000 42.3800000
v -8.0208000 -3.5500000 43.6200000
v -8.2608000 -6.6500000 42.3800000
v -8.2608000 -6.6500000 43.6200000
v -8.2608000 -3.5500000 43.6200000
v -8.2608000 -3.5500000 42.3800000
v -8.2608000 -3.5500000 43.6200000
v -8.0208000 -3.5500000 43.6200000
v -8.0208000 -3.5500000 42.3800000
v -8.2608000 -3.5500000 42.3800000
v -8.2608000 -6.6500000 42.3800000
v -8.0208000 -6.6500000 42.3800000
v -8.0208000 -6.6500000 43.6200000
v -8.2608000 -6.6500000 43.6200000
v 7.2400000 -16.5500000 44.0500000
v 8.1200000 -16.5500000 44.0500000
v 8.1200000 -2.6500000 44.0500000
v 7.2400000 -2.6500000 44.0500000
v 8.1200000 -16.5500000 41.9500000
v 7.2400000 -16.5500000 41.9500000
v 7.2400000 -2.6500000 41.9500000
v 8.1200000 -2.6500000 41.9500000
v 8.1200000 -16.5500000 44.0500000
v 8.1200000 -16.5500000 41.9500000
v 8.1200000 -2.6500000 41.9500000
v 8.1200000 -2.6500000 44.0500000
v 7.2400000 -16.5500000 41.9500000
v 7.2400000 -16.5500000 44.0500000
v 7.2400000 -2.6500000 44.0500000
v 7.2400000 -2.6500000 41.9500000
v 7.2400000 -2.6500000 44.0500000
v 8.1200000 -2.6500000 44.0500000
v 8.1200000 -2.6500000 41.9500000
v 7.2400000 -2.6500000 41.9500000
v 7.2400000 -16.5500000 41.9500000
v 8.1200000 -16.5500000 41.9500000
v 8.1200000 -16.5500000 44.0500000
v 7.2400000 -16.5500000 44.0500000
v 8.0208000 -6.6500000 43.6200000
v 8.2608000 -6.6500000 43.6200000
v 8.2608000 -3.5500000 43.6200000
v 8.0208000 -3.5500000 43.6200000
v 8.2608000 -6.6500000 42.3800000
v 8.0208000 -6.6500000 42.3800000
v 8.0208000 -3.5500000 42.3800000
v 8.2608000 -3.5500000 42.3800000
v 8.2608000 -6.6500000 43.6200000
v 8.2608000 -6.6500000 42.3800000
v 8.2608000 -3.5500000 42.3800000
v 8.2608000 -3.5500000 43.6200000
v 8.0208000 -6.6500000 42.3800000
v 8.0208000 -6.6500000 43.6200000
v 8.0208000 -3.5500000 43.6200000
v 8.0208000 -3.5500000 42.3800000
v 8.0208000 -3.5500000 43.6200000
v 8.2608000 -3.5500000 43.6200000
v 8.2608000 -3.5500000 42.3800000
v 8.0208000 -3.5500000 42.3800000
v 8.0208000 -6.6500000 42.3800000
v 8.2608000 -6.6500000 42.3800000
v 8.2608000 -6.6500000 43.6200000
v 8.0208000 -6.6500000 43.6200000
v -8.1200000 -16.5500000 52.0500000
v -7.2400000 -16.5500000 52.0500000
v -7.2400000 -2.6500000 52.0500000
v -8.1200000 -2.6500000 52.0500000
v -7.2400000 -16.5500000 49.9500000
v -8.1200000 -16.5500000 49.9500000
v -8.1200000 -2.6500000 49.9500000
v -7.2400000 -2.6500000 49.9500000
v -7.2400000 -16.5500000 52.0500000
v -7.2400000 -16.5500000 49.9500000
v -7.2400000 -2.6500000 49.9500000
v -7.2400000 -2.6500000 52.0500000
v -8.1200000 -16.5500000 49.9500000
v -8.1200000 -16.5500000 52.0500000
v -8.1200000 -2.6500000 52.0500000
v -8.1200000 -2.6500000 49.9500000
v -8.1200000 -2.6500000 52.0500000
v -7.2400000 -2.6500000 52.0500000
v -7.2400000 -2.6500000 49.9500000
v -8.1200000 -2.6500000 49.9500000
v -8.1200000 -16.5500000 49.9500000
v -7.2400000 -16.5500000 49.9500000
v -7.2400000 -16.5500000 52.0500000
v -8.1200000 -16.5500000 52.0500000
v -8.2608000 -6.6500000 51.6200000
v -8.0208000 -6.6500000 51.6200000
v -8.0208000 -3.5500000 51.6200000
v -8.2608000 -3.5500000 51.6200000
v -8.0208000 -6.6500000 50.3800000
v -8.2608000 -6.6500000 50.3800000
v -8.2608000 -3.5500000 50.3800000
v -8.0208000 -3.5500000 50.3800000
v -8.0208000 -6.6500000 51.6200000
v -8.0208000 -6.6500000 50.3800000
v -8.0208000 -3.5500000 50.3800000
v -8.0208000 -3.5500000 51.6200000
v -8.2608000 -6.6500000 50.3800000
v -8.2608000 -6.6500000 51.6200000
v -8.2608000 -3.5500000 51.6200000
v -8.2608000 -3.5500000 50.3800000
v -8.2608000 -3.5500000 51.6200000
v -8.0208000 -3.5500000 51.6200000
v -8.0208000 -3.5500000 50.3800000
v -8.2608000 -3.5500000 50.3800000
v -8.2608000 -6.6500000 50.3800000
v -8.0208000 -6.6500000 50.3800000
v -8.0208000 -6.6500000 51.6200000
v -8.2608000 -6.6500000 51.6200000
v 7.2400000 -16.5500000 52.0500000
v 8.1200000 -16.5500000 52.0500000
v 8.1200000 -2.6500000 52.0500000
v 7.2400000 -2.6500000 52.0500000
v 8.1200000 -16.5500000 49.9500000
v 7.2400000 -16.5500000 49.9500000
v 7.2400000 -2.6500000 49.9500000
v 8.1200000 -2.6500000 49.9500000
v 8.1200000 -16.5500000 52.0500000
v 8.1200000 -16.5500000 49.9500000
v 8.1200000 -2.6500000 49.9500000
v 8.1200000 -2.6500000 52.0500000
v 7.2400000 -16.5500000 49.9500000
v 7.2400000 -16.5500000 52.0500000
v 7.2400000 -2.6500000 52.0500000
v 7.2400000 -2.6500000 49.9500000
v 7.2400000 -2.6500000 52.0500000
v 8.1200000 -2.6500000 52.0500000
v 8.1200000 -2.6500000 49.9500000
v 7.2400000 -2.6500000 49.9500000
v 7.2400000 -16.5500000 49.9500000
v 8.1200000 -16.5500000 49.9500000
v 8.1200000 -16.5500000 52.0500000
v 7.2400000 -16.5500000 52.0500000
v 8.0208000 -6.6500000 51.6200000
v 8.2608000 -6.6500000 51.6200000
v 8.2608000 -3.5500000 51.6200000
v 8.0208000 -3.5500000 51.6200000
v 8.2608000 -6.6500000 50.3800000
v 8.0208000 -6.6500000 50.3800000
v 8.0208000 -3.5500000 50.3800000
v 8.2608000 -3.5500000 50.3800000
v 8.2608000 -6.6500000 51.6200000
v 8.2608000 -6.6500000 50.3800000
v 8.2608000 -3.5500000 50.3800000
v 8.2608000 -3.5500000 51.6200000
v 8.0208000 -6.6500000 50.3800000
v 8.0208000 -6.6500000 51.6200000
v 8.0208000 -3.5500000 51.6200000
v 8.0208000 -3.5500000 50.3800000
v 8.0208000 -3.5500000 51.6200000
v 8.2608000 -3.5500000 51.6200000
v 8.2608000 -3.5500000 50.3800000
v 8.0208000 -3.5500000 50.3800000
v 8.0208000 -6.6500000 50.3800000
v 8.2608000 -6.6500000 50.3800000
v 8.2608000 -6.6500000 51.6200000
v 8.0208000 -6.6500000 51.6200000
v -8.1200000 -16.5500000 60.0500000
v -7.2400000 -16.5500000 60.0500000
v -7.2400000 -2.6500000 60.0500000
v -8.1200000 -2.6500000 60.0500000
v -7.2400000 -16.5500000 57.9500000
v -8.1200000 -16.5500000 57.9500000
v -8.1200000 -2.6500000 57.9500000
v -7.2400000 -2.6500000 57.9500000
v -7.2400000 -16.5500000 60.0500000
v -7.2400000 -16.5500000 57.9500000
v -7.2400000 -2.6500000 57.9500000
v -7.2400000 -2.6500000 60.0500000
v -8.1200000 -16.5500000 57.9500000
v -8.1200000 -16.5500000 60.0500000
v -8.1200000 -2.6500000 60.0500000
v -8.1200000 -2.6500000 57.9500000
v -8.1200000 -2.6500000 60.0500000
v -7.2400000 -2.6500000 60.0500000
v -7.2400000 -2.6500000 57.9500000
v -8.1200000 -2.6500000 57.9500000
v -8.1200000 -16.5500000 57.9500000
v -7.2400000 -16.5500000 57.9500000
v -7.2400000 -16.5500000 60.0500000
v -8.1200000 -16.5500000 60.0500000
v -8.2608000 -6.6500000 59.6200000
v -8.0208000 -6.6500000 59.6200000
v -8.0208000 -3.5500000 59.6200000
v -8.2608000 -3.5500000 59.6200000
v -8.0208000 -6.6500000 58.3800000
v -8.2608000 -6.6500000 58.3800000
v -8.2608000 -3.5500000 58.3800000
v -8.0208000 -3.5500000 58.3800000
v -8.0208000 -6.6500000 59.6200000
v -8.0208000 -6.6500000 58.3800000
v -8.0208000 -3.5500000 58.3800000
v -8.0208000 -3.5500000 59.6200000
v -8.2608000 -6.6500000 58.3800000
v -8.2608000 -6.6500000 59.6200000
v -8.2608000 -3.5500000 59.6200000
v -8.2608000 -3.5500000 58.3800000
v -8.2608000 -3.5500000 59.6200000
v -8.0208000 -3.5500000 59.6200000
v -8.0208000 -3.5500000 58.3800000
v -8.2608000 -3.5500000 58.3800000
v -8.2608000 -6.6500000 58.3800000
v -8.0208000 -6.6500000 58.3800000
v -8.0208000 -6.6500000 59.6200000
v -8.2608000 -6.6500000 59.6200000
v 7.2400000 -16.5500000 60.0500000
v 8.1200000 -16.5500000 60.0500000
v 8.1200000 -2.6500000 60.0500000
v 7.2400000 -2.6500000 60.0500000
v 8.1200000 -16.5500000 57.9500000
v 7.2400000 -16.5500000 57.9500000
v 7.2400000 -2.6500000 57.9500000
v 8.1200000 -2.6500000 57.9500000
v 8.1200000 -16.5500000 60.0500000
v 8.1200000 -16.5500000 57.9500000
v 8.1200000 -2.6500000 57.9500000
v 8.1200000 -2.6500000 60.0500000
v 7.2400000 -16.5500000 57.9500000
v 7.2400000 -16.5500000 60.0500000
v 7.2400000 -2.6500000 60.0500000
v 7.2400000 -2.6500000 57.9500000
v 7.2400000 -2.6500000 60.0500000
v 8.1200000 -2.6500000 60.0500000
v 8.1200000 -2.6500000 57.9500000
v 7.2400000 -2.6500000 57.9500000
v 7.2400000 -16.5500000 57.9500000
v 8.1200000 -16.5500000 57.9500000
v 8.1200000 -16.5500000 60.0500000
v 7.2400000 -16.5500000 60.0500000
v 8.0208000 -6.6500000 59.6200000
v 8.2608000 -6.6500000 59.6200000
v 8.2608000 -3.5500000 59.6200000
v 8.0208000 -3.5500000 59.6200000
v 8.2608000 -6.6500000 58.3800000
v 8.0208000 -6.6500000 58.3800000
v 8.0208000 -3.5500000 58.3800000
v 8.2608000 -3.5500000 58.3800000
v 8.2608000 -6.6500000 59.6200000
v 8.2608000 -6.6500000 58.3800000
v 8.2608000 -3.5500000 58.3800000
v 8.2608000 -3.5500000 59.6200000
v 8.0208000 -6.6500000 58.3800000
v 8.0208000 -6.6500000 59.6200000
v 8.0208000 -3.5500000 59.6200000
v 8.0208000 -3.5500000 58.3800000
v 8.0208000 -3.5500000 59.6200000
v 8.2608000 -3.5500000 59.6200000
v 8.2608000 -3.5500000 58.3800000
v 8.0208000 -3.5500000 58.3800000
v 8.0208000 -6.6500000 58.3800000
v 8.2608000 -6.6500000 58.3800000
v 8.2608000 -6.6500000 59.6200000
v 8.0208000 -6.6500000 59.6200000
v -8.1200000 -16.5500000 68.0500000
v -7.2400000 -16.5500000 68.0500000
v -7.2400000 -2.6500000 68.0500000
v -8.1200000 -2.6500000 68.0500000
v -7.2400000 -16.5500000 65.9500000
v -8.1200000 -16.5500000 65.9500000
v -8.1200000 -2.6500000 65.9500000
v -7.2400000 -2.6500000 65.9500000
v -7.2400000 -16.5500000 68.0500000
v -7.2400000 -16.5500000 65.9500000
v -7.2400000 -2.6500000 65.9500000
v -7.2400000 -2.6500000 68.0500000
v -8.1200000 -16.5500000 65.9500000
v -8.1200000 -16.5500000 68.0500000
v -8.1200000 -2.6500000 68.0500000
v -8.1200000 -2.6500000 65.9500000
v -8.1200000 -2.6500000 68.0500000
v -7.2400000 -2.6500000 68.0500000
v -7.2400000 -2.6500000 65.9500000
v -8.1200000 -2.6500000 65.9500000
v -8.1200000 -16.5500000 65.9500000
v -7.2400000 -16.5500000 65.9500000
v -7.2400000 -16.5500000 68.0500000
v -8.1200000 -16.5500000 68.0500000
v -8.2608000 -6.6500000 67.6200000
v -8.0208000 -6.6500000 67.6200000
v -8.0208000 -3.5500000 67.6200000
v -8.2608000 -3.5500000 67.6200000
v -8.0208000 -6.6500000 66.3800000
v -8.2608000 -6.6500000 66.3800000
v -8.2608000 -3.5500000 66.3800000
v -8.0208000 -3.5500000 66.3800000
v -8.0208000 -6.6500000 67.6200000
v -8.0208000 -6.6500000 66.3800000
v -8.0208000 -3.5500000 66.3800000
v -8.0208000 -3.5500000 67.6200000
v -8.2608000 -6.6500000 66.3800000
v -8.2608000 -6.6500000 67.6200000
v -8.2608000 -3.5500000 67.6200000
v -8.2608000 -3.5500000 66.3800000
v -8.2608000 -3.5500000 67.6200000
v -8.0208000 -3.5500000 67.6200000
v -8.0208000 -3.5500000 66.3800000
v -8.2608000 -3.5500000 66.3800000
v -8.2608000 -6.6500000 66.3800000
v -8.0208000 -6.6500000 66.3800000
v -8.0208000 -6.6500000 67.6200000
v -8.2608000 -6.6500000 67.6200000
v 7.2400000 -16.5500000 68.0500000
v 8.1200000 -16.5500000 68.0500000
v 8.1200000 -2.6500000 68.0500000
v 7.2400000 -2.6500000 68.0500000
v 8.1200000 -16.5500000 65.9500000
v 7.2400000 -16.5500000 65.9500000
v 7.2400000 -2.6500000 65.9500000
v 8.1200000 -2.6500000 65.9500000
v 8.1200000 -16.5500000 68.0500000
v 8.1200000 -16.5500000 65.9500000
v 8.1200000 -2.6500000 65.9500000
v 8.1200000 -2.6500000 68.0500000
v 7.2400000 -16.5500000 65.9500000
v 7.2400000 -16.5500000 68.0500000
v 7.2400000 -2.6500000 68.0500000
v 7.2400000 -2.6500000 65.9500000
v 7.2400000 -2.6500000 68.0500000
v 8.1200000 -2.6500000 68.0500000
v 8.1200000 -2.6500000 65.9500000
v 7.2400000 -2.6500000 65.9500000
v 7.2400000 -16.5500000 65.9500000
v 8.1200000 -16.5500000 65.9500000
v 8.1200000 -16.5500000 68.0500000
v 7.2400000 -16.5500000 68.0500000
v 8.0208000 -6.6500000 67.6200000
v 8.2608000 -6.6500000 67.6200000
v 8.2608000 -3.5500000 67.6200000
v 8.0208000 -3.5500000 67.6200000
v 8.2608000 -6.6500000 66.3800000
v 8.0208000 -6.6500000 66.3800000
v 8.0208000 -3.5500000 66.3800000
v 8.2608000 -3.5500000 66.3800000
v 8.2608000 -6.6500000 67.6200000
v 8.2608000 -6.6500000 66.3800000
v 8.2608000 -3.5500000 66.3800000
v 8.2608000 -3.5500000 67.6200000
v 8.0208000 -6.6500000 66.3800000
v 8.0208000 -6.6500000 67.6200000
v 8.0208000 -3.5500000 67.6200000
v 8.0208000 -3.5500000 66.3800000
v 8.0208000 -3.5500000 67.6200000
v 8.2608000 -3.5500000 67.6200000
v 8.2608000 -3.5500000 66.3800000
v 8.0208000 -3.5500000 66.3800000
v 8.0208000 -6.6500000 66.3800000
v 8.2608000 -6.6500000 66.3800000
v 8.2608000 -6.6500000 67.6200000
v 8.0208000 -6.6500000 67.6200000
v 35.8000000 -25.6400000 0.0000000
v 35.8000000 -8.6400000 0.0000000
v 37.2500000 -18.5000000 0.0000000
v 36.2480746 -18.5000000 1.3790319
v 34.6269254 -18.5000000 0.8522886
v 34.6269254 -18.5000000 -0.8522886
v 36.2480746 -18.5000000 -1.3790319
v 35.8000000 -10.7510000 0.0000000
v 35.8000000 -9.2010000 0.0000000
v 36.1800000 -10.1000000 0.0000000
v 35.9174265 -10.1000000 0.3614015
v 35.4925735 -10.1000000 0.2233584
v 35.4925735 -10.1000000 -0.2233584
v 35.9174265 -10.1000000 -0.3614015
v 31.2271282 -25.0600000 10.9064778
v 31.2271282 -12.0600000 10.9064778
v 32.3771282 -19.6000000 10.9064778
v 31.5824977 -19.6000000 12.0001928
v 30.2967587 -19.6000000 11.5824309
v 30.2967587 -19.6000000 10.2305248
v 31.5824977 -19.6000000 9.8127628
v 25.3144228 -27.8400000 21.3546248
v 25.3144228 -10.8400000 21.3546248
v 26.7644228 -20.7000000 21.3546248
v 25.7624974 -20.7000000 22.7336567
v 24.1413481 -20.7000000 22.2069134
v 24.1413481 -20.7000000 20.5023362
v 25.7624974 -20.7000000 19.9755928
v 12.9347000 -23.9600000 26.3305667
v 12.9347000 -10.9600000 26.3305667
v 14.0847000 -18.5000000 26.3305667
v 13.2900696 -18.5000000 27.4242817
v 12.0043305 -18.5000000 27.0065197
v 12.0043305 -18.5000000 25.6546136
v 13.2900696 -18.5000000 25.2368517
v 0.0000000 -26.7400000 30.2000000
v 0.0000000 -9.7400000 30.2000000
v 1.4500000 -19.6000000 30.2000000
v 0.4480746 -19.6000000 31.5790319
v -1.1730746 -19.6000000 31.0522886
v -1.1730746 -19.6000000 29.3477114
v 0.4480746 -19.6000000 28.8209681
v 0.0000000 -10.7510000 30.2000000
v 0.0000000 -9.2010000 30.2000000
v 0.3800000 -10.1000000 30.2000000
v 0.1174265 -10.1000000 30.5614015
v -0.3074265 -10.1000000 30.4233584
v -0.3074265 -10.1000000 29.9766416
v 0.1174265 -10.1000000 29.8385985
v -12.9347000 -26.1600000 26.3305667
v -12.9347000 -13.1600000 26.3305667
v -11.7847000 -20.7000000 26.3305667
v -12.5793305 -20.7000000 27.4242817
v -13.8650696 -20.7000000 27.0065197
v -13.8650696 -20.7000000 25.6546136
v -12.5793305 -20.7000000 25.2368517
v -25.3144228 -25.6400000 21.3546248
v -25.3144228 -8.6400000 21.3546248
v -23.8644228 -18.5000000 21.3546248
v -24.8663481 -18.5000000 22.7336567
v -26.4874974 -18.5000000 22.2069134
v -26.4874974 -18.5000000 20.5023362
v -24.8663481 -18.5000000 19.9755928
v -31.2271282 -25.0600000 10.9064778
v -31.2271282 -12.0600000 10.9064778
v -30.0771282 -19.6000000 10.9064778
v -30.8717587 -19.6000000 12.0001928
v -32.1574977 -19.6000000 11.5824309
v -32.1574977 -19.6000000 10.2305248
v -30.8717587 -19.6000000 9.8127628
v -35.8000000 -27.8400000 0.0000000
v -35.8000000 -10.8400000 0.0000000
v -34.3500000 -20.7000000 0.0000000
v -35.3519254 -20.7000000 1.3790319
v -36.9730746 -20.7000000 0.8522886
v -36.9730746 -20.7000000 -0.8522886
v -35.3519254 -20.7000000 -1.3790319
v -35.8000000 -10.7510000 0.0000000
v -35.8000000 -9.2010000 0.0000000
v -35.4200000 -10.1000000 0.0000000
v -35.6825735 -10.1000000 0.3614015
v -36.1074265 -10.1000000 0.2233584
v -36.1074265 -10.1000000 -0.2233584
v -35.6825735 -10.1000000 -0.3614015
v -31.2271282 -23.9600000 -10.9064778
v -31.2271282 -10.9600000 -10.9064778
v -30.0771282 -18.5000000 -10.9064778
v -30.8717587 -18.5000000 -9.8127628
v -32.1574977 -18.5000000 -10.2305248
v -32.1574977 -18.5000000 -11.5824309
v -30.8717587 -18.5000000 -12.0001928
v -25.3144228 -26.7400000 -21.3546248
v -25.3144228 -9.7400000 -21.3546248
v -23.8644228 -19.6000000 -21.3546248
v -24.8663481 -19.6000000 -19.9755928
v -26.4874974 -19.6000000 -20.5023362
v -26.4874974 -19.6000000 -22.2069134
v -24.8663481 -19.6000000 -22.7336567
v -12.9347000 -26.1600000 -26.3305667
v -12.9347000 -13.1600000 -26.3305667
v -11.7847000 -20.7000000 -26.3305667
v -12.5793305 -20.7000000 -25.2368517
v -13.8650696 -20.7000000 -25.6546136
v -13.8650696 -20.7000000 -27.0065197
v -12.5793305 -20.7000000 -27.4242817
v -0.0000000 -25.6400000 -30.2000000
v -0.0000000 -8.6400000 -30.2000000
v 1.4500000 -18.5000000 -30.2000000
v 0.4480746 -18.5000000 -28.8209681
v -1.1730746 -18.5000000 -29.3477114
v -1.1730746 -18.5000000 -31.0522886
v 0.4480746 -18.5000000 -31.5790319
v -0.0000000 -10.7510000 -30.2000000
v -0.0000000 -9.2010000 -30.2000000
v 0.3800000 -10.1000000 -30.2000000
v 0.1174265 -10.1000000 -29.8385985
v -0.3074265 -10.1000000 -29.9766416
v -0.3074265 -10.1000000 -30.4233584
v 0.1174265 -10.1000000 -30.5614015
v 12.9347000 -25.0600000 -26.3305667
v 12.9347000 -12.0600000 -26.3305667
v 14.0847000 -19.6000000 -26.3305667
v 13.2900696 -19.6000000 -25.2368517
v 12.0043305 -19.6000000 -25.6546136
v 12.0043305 -19.6000000 -27.0065197
v 13.2900696 -19.6000000 -27.4242817
v 25.3144228 -27.8400000 -21.3546248
v 25.3144228 -10.8400000 -21.3546248
v 26.7644228 -20.7000000 -21.3546248
v 25.7624974 -20.7000000 -19.9755928
v 24.1413481 -20.7000000 -20.5023362
v 24.1413481 -20.7000000 -22.2069134
v 25.7624974 -20.7000000 -22.7336567
v 31.2271282 -23.9600000 -10.9064778
v 31.2271282 -10.9600000 -10.9064778
v 32.3771282 -18.5000000 -10.9064778
v 31.5824977 -18.5000000 -9.8127628
v 30.2967587 -18.5000000 -10.2305248
v 30.2967587 -18.5000000 -11.5824309
v 31.5824977 -18.5000000 -12.0001928
v -8.1000000 -51.5000000 38.6000000
v -4.4000000 -51.5000000 38.6000000
v -4.4000000 -2.5000000 38.6000000
v -8.1000000 -2.5000000 38.6000000
v -4.4000000 -51.5000000 34.4000000
v -8.1000000 -51.5000000 34.4000000
v -8.1000000 -2.5000000 34.4000000
v -4.4000000 -2.5000000 34.4000000
v -4.4000000 -51.5000000 38.6000000
v -4.4000000 -51.5000000 34.4000000
v -4.4000000 -2.5000000 34.4000000
v -4.4000000 -2.5000000 38.6000000
v -8.1000000 -51.5000000 34.4000000
v -8.1000000 -51.5000000 38.6000000
v -8.1000000 -2.5000000 38.6000000
v -8.1000000 -2.5000000 34.4000000
v -8.1000000 -2.5000000 38.6000000
v -4.4000000 -2.5000000 38.6000000
v -4.4000000 -2.5000000 34.4000000
v -8.1000000 -2.5000000 34.4000000
v -8.1000000 -51.5000000 34.4000000
v -4.4000000 -51.5000000 34.4000000
v -4.4000000 -51.5000000 38.6000000
v -8.1000000 -51.5000000 38.6000000
v -8.5000000 -5.7700000 39.0000000
v -4.0000000 -5.7700000 39.0000000
v -4.0000000 -4.9300000 39.0000000
v -8.5000000 -4.9300000 39.0000000
v -4.0000000 -5.7700000 34.0000000
v -8.5000000 -5.7700000 34.0000000
v -8.5000000 -4.9300000 34.0000000
v -4.0000000 -4.9300000 34.0000000
v -4.0000000 -5.7700000 39.0000000
v -4.0000000 -5.7700000 34.0000000
v -4.0000000 -4.9300000 34.0000000
v -4.0000000 -4.9300000 39.0000000
v -8.5000000 -5.7700000 34.0000000
v -8.5000000 -5.7700000 39.0000000
v -8.5000000 -4.9300000 39.0000000
v -8.5000000 -4.9300000 34.0000000
v -8.5000000 -4.9300000 39.0000000
v -4.0000000 -4.9300000 39.0000000
v -4.0000000 -4.9300000 34.0000000
v -8.5000000 -4.9300000 34.0000000
v -8.5000000 -5.7700000 34.0000000
v -4.0000000 -5.7700000 34.0000000
v -4.0000000 -5.7700000 39.0000000
v -8.5000000 -5.7700000 39.0000000
v -6.4900000 -46.0000000 38.7400000
v -6.0100000 -46.0000000 38.7400000
v -6.0100000 -10.0000000 38.7400000
v -6.4900000 -10.0000000 38.7400000
v -6.0100000 -46.0000000 34.2600000
v -6.4900000 -46.0000000 34.2600000
v -6.4900000 -10.0000000 34.2600000
v -6.0100000 -10.0000000 34.2600000
v -6.0100000 -46.0000000 38.7400000
v -6.0100000 -46.0000000 34.2600000
v -6.0100000 -10.0000000 34.2600000
v -6.0100000 -10.0000000 38.7400000
v -6.4900000 -46.0000000 34.2600000
v -6.4900000 -46.0000000 38.7400000
v -6.4900000 -10.0000000 38.7400000
v -6.4900000 -10.0000000 34.2600000
v -6.4900000 -10.0000000 38.7400000
v -6.0100000 -10.0000000 38.7400000
v -6.0100000 -10.0000000 34.2600000
v -6.4900000 -10.0000000 34.2600000
v -6.4900000 -46.0000000 34.2600000
v -6.0100000 -46.0000000 34.2600000
v -6.0100000 -46.0000000 38.7400000
v -6.4900000 -46.0000000 38.7400000
v -6.6400000 -17.9500000 38.8600000
v -6.3600000 -17.9500000 38.8600000
v -6.3600000 -13.0500000 38.8600000
v -6.6400000 -13.0500000 38.8600000
v -6.3600000 -17.9500000 38.5000000
v -6.6400000 -17.9500000 38.5000000
v -6.6400000 -13.0500000 38.5000000
v -6.3600000 -13.0500000 38.5000000
v -6.3600000 -17.9500000 38.8600000
v -6.3600000 -17.9500000 38.5000000
v -6.3600000 -13.0500000 38.5000000
v -6.3600000 -13.0500000 38.8600000
v -6.6400000 -17.9500000 38.5000000
v -6.6400000 -17.9500000 38.8600000
v -6.6400000 -13.0500000 38.8600000
v -6.6400000 -13.0500000 38.5000000
v -6.6400000 -13.0500000 38.8600000
v -6.3600000 -13.0500000 38.8600000
v -6.3600000 -13.0500000 38.5000000
v -6.6400000 -13.0500000 38.5000000
v -6.6400000 -17.9500000 38.5000000
v -6.3600000 -17.9500000 38.5000000
v -6.3600000 -17.9500000 38.8600000
v -6.6400000 -17.9500000 38.8600000
v 4.4000000 -51.5000000 38.6000000
v 8.1000000 -51.5000000 38.6000000
v 8.1000000 -2.5000000 38.6000000
v 4.4000000 -2.5000000 38.6000000
v 8.1000000 -51.5000000 34.4000000
v 4.4000000 -51.5000000 34.4000000
v 4.4000000 -2.5000000 34.4000000
v 8.1000000 -2.5000000 34.4000000
v 8.1000000 -51.5000000 38.6000000
v 8.1000000 -51.5000000 34.4000000
v 8.1000000 -2.5000000 34.4000000
v 8.1000000 -2.5000000 38.6000000
v 4.4000000 -51.5000000 34.4000000
v 4.4000000 -51.5000000 38.6000000
v 4.4000000 -2.5000000 38.6000000
v 4.4000000 -2.5000000 34.4000000
v 4.4000000 -2.5000000 38.6000000
v 8.1000000 -2.5000000 38.6000000
v 8.1000000 -2.5000000 34.4000000
v 4.4000000 -2.5000000 34.4000000
v 4.4000000 -51.5000000 34.4000000
v 8.1000000 -51.5000000 34.4000000
v 8.1000000 -51.5000000 38.6000000
v 4.4000000 -51.5000000 38.6000000
v 4.0000000 -5.7700000 39.0000000
v 8.5000000 -5.7700000 39.0000000
v 8.5000000 -4.9300000 39.0000000
v 4.0000000 -4.9300000 39.0000000
v 8.5000000 -5.7700000 34.0000000
v 4.0000000 -5.7700000 34.0000000
v 4.0000000 -4.9300000 34.0000000
v 8.5000000 -4.9300000 34.0000000
v 8.5000000 -5.7700000 39.0000000
v 8.5000000 -5.7700000 34.0000000
v 8.5000000 -4.9300000 34.0000000
v 8.5000000 -4.9300000 39.0000000
v 4.0000000 -5.7700000 34.0000000
v 4.0000000 -5.7700000 39.0000000
v 4.0000000 -4.9300000 39.0000000
v 4.0000000 -4.9300000 34.0000000
v 4.0000000 -4.9300000 39.0000000
v 8.5000000 -4.9300000 39.0000000
v 8.5000000 -4.9300000 34.0000000
v 4.0000000 -4.9300000 34.0000000
v 4.0000000 -5.7700000 34.0000000
v 8.5000000 -5.7700000 34.0000000
v 8.5000000 -5.7700000 39.0000000
v 4.0000000 -5.7700000 39.0000000
v 6.0100000 -46.0000000 38.7400000
v 6.4900000 -46.0000000 38.7400000
v 6.4900000 -10.0000000 38.7400000
v 6.0100000 -10.0000000 38.7400000
v 6.4900000 -46.0000000 34.2600000
v 6.0100000 -46.0000000 34.2600000
v 6.0100000 -10.0000000 34.2600000
v 6.4900000 -10.0000000 34.2600000
v 6.4900000 -46.0000000 38.7400000
v 6.4900000 -46.0000000 34.2600000
v 6.4900000 -10.0000000 34.2600000
v 6.4900000 -10.0000000 38.7400000
v 6.0100000 -46.0000000 34.2600000
v 6.0100000 -46.0000000 38.7400000
v 6.0100000 -10.0000000 38.7400000
v 6.0100000 -10.0000000 34.2600000
v 6.0100000 -10.0000000 38.7400000
v 6.4900000 -10.0000000 38.7400000
v 6.4900000 -10.0000000 34.2600000
v 6.0100000 -10.0000000 34.2600000
v 6.0100000 -46.0000000 34.2600000
v 6.4900000 -46.0000000 34.2600000
v 6.4900000 -46.0000000 38.7400000
v 6.0100000 -46.0000000 38.7400000
v 6.3600000 -17.9500000 38.8600000
v 6.6400000 -17.9500000 38.8600000
v 6.6400000 -13.0500000 38.8600000
v 6.3600000 -13.0500000 38.8600000
v 6.6400000 -17.9500000 38.5000000
v 6.3600000 -17.9500000 38.5000000
v 6.3600000 -13.0500000 38.5000000
v 6.6400000 -13.0500000 38.5000000
v 6.6400000 -17.9500000 38.8600000
v 6.6400000 -17.9500000 38.5000000
v 6.6400000 -13.0500000 38.5000000
v 6.6400000 -13.0500000 38.8600000
v 6.3600000 -17.9500000 38.5000000
v 6.3600000 -17.9500000 38.8600000
v 6.3600000 -13.0500000 38.8600000
v 6.3600000 -13.0500000 38.5000000
v 6.3600000 -13.0500000 38.8600000
v 6.6400000 -13.0500000 38.8600000
v 6.6400000 -13.0500000 38.5000000
v 6.3600000 -13.0500000 38.5000000
v 6.3600000 -17.9500000 38.5000000
v 6.6400000 -17.9500000 38.5000000
v 6.6400000 -17.9500000 38.8600000
v 6.3600000 -17.9500000 38.8600000
v -6.2000000 -13.4800000 37.8500000
v 6.2000000 -13.4800000 37.8500000
v 6.2000000 -12.5200000 37.8500000
v -6.2000000 -12.5200000 37.8500000
v 6.2000000 -13.4800000 35.1500000
v -6.2000000 -13.4800000 35.1500000
v -6.2000000 -12.5200000 35.1500000
v 6.2000000 -12.5200000 35.1500000
v 6.2000000 -13.4800000 37.8500000
v 6.2000000 -13.4800000 35.1500000
v 6.2000000 -12.5200000 35.1500000
v 6.2000000 -12.5200000 37.8500000
v -6.2000000 -13.4800000 35.1500000
v -6.2000000 -13.4800000 37.8500000
v -6.2000000 -12.5200000 37.8500000
v -6.2000000 -12.5200000 35.1500000
v -6.2000000 -12.5200000 37.8500000
v 6.2000000 -12.5200000 37.8500000
v 6.2000000 -12.5200000 35.1500000
v -6.2000000 -12.5200000 35.1500000
v -6.2000000 -13.4800000 35.1500000
v 6.2000000 -13.4800000 35.1500000
v 6.2000000 -13.4800000 37.8500000
v -6.2000000 -13.4800000 37.8500000
v -6.2000000 -34.9200000 37.8500000
v 6.2000000 -34.9200000 37.8500000
v 6.2000000 -34.0800000 37.8500000
v -6.2000000 -34.0800000 37.8500000
v 6.2000000 -34.9200000 35.1500000
v -6.2000000 -34.9200000 35.1500000
v -6.2000000 -34.0800000 35.1500000
v 6.2000000 -34.0800000 35.1500000
v 6.2000000 -34.9200000 37.8500000
v 6.2000000 -34.9200000 35.1500000
v 6.2000000 -34.0800000 35.1500000
v 6.2000000 -34.0800000 37.8500000
v -6.2000000 -34.9200000 35.1500000
v -6.2000000 -34.9200000 37.8500000
v -6.2000000 -34.0800000 37.8500000
v -6.2000000 -34.0800000 35.1500000
v -6.2000000 -34.0800000 37.8500000
v 6.2000000 -34.0800000 37.8500000
v 6.2000000 -34.0800000 35.1500000
v -6.2000000 -34.0800000 35.1500000
v -6.2000000 -34.9200000 35.1500000
v 6.2000000 -34.9200000 35.1500000
v 6.2000000 -34.9200000 37.8500000
v -6.2000000 -34.9200000 37.8500000
v -8.1000000 -51.5000000 49.1000000
v -4.4000000 -51.5000000 49.1000000
v -4.4000000 -2.5000000 49.1000000
v -8.1000000 -2.5000000 49.1000000
v -4.4000000 -51.5000000 44.9000000
v -8.1000000 -51.5000000 44.9000000
v -8.1000000 -2.5000000 44.9000000
v -4.4000000 -2.5000000 44.9000000
v -4.4000000 -51.5000000 49.1000000
v -4.4000000 -51.5000000 44.9000000
v -4.4000000 -2.5000000 44.9000000
v -4.4000000 -2.5000000 49.1000000
v -8.1000000 -51.5000000 44.9000000
v -8.1000000 -51.5000000 49.1000000
v -8.1000000 -2.5000000 49.1000000
v -8.1000000 -2.5000000 44.9000000
v -8.1000000 -2.5000000 49.1000000
v -4.4000000 -2.5000000 49.1000000
v -4.4000000 -2.5000000 44.9000000
v -8.1000000 -2.5000000 44.9000000
v -8.1000000 -51.5000000 44.9000000
v -4.4000000 -51.5000000 44.9000000
v -4.4000000 -51.5000000 49.1000000
v -8.1000000 -51.5000000 49.1000000
v -8.5000000 -5.7700000 49.5000000
v -4.0000000 -5.7700000 49.5000000
v -4.0000000 -4.9300000 49.5000000
v -8.5000000 -4.9300000 49.5000000
v -4.0000000 -5.7700000 44.5000000
v -8.5000000 -5.7700000 44.5000000
v -8.5000000 -4.9300000 44.5000000
v -4.0000000 -4.9300000 44.5000000
v -4.0000000 -5.7700000 49.5000000
v -4.0000000 -5.7700000 44.5000000
v -4.0000000 -4.9300000 44.5000000
v -4.0000000 -4.9300000 49.5000000
v -8.5000000 -5.7700000 44.5000000
v -8.5000000 -5.7700000 49.5000000
v -8.5000000 -4.9300000 49.5000000
v -8.5000000 -4.9300000 44.5000000
v -8.5000000 -4.9300000 49.5000000
v -4.0000000 -4.9300000 49.5000000
v -4.0000000 -4.9300000 44.5000000
v -8.5000000 -4.9300000 44.5000000
v -8.5000000 -5.7700000 44.5000000
v -4.0000000 -5.7700000 44.5000000
v -4.0000000 -5.7700000 49.5000000
v -8.5000000 -5.7700000 49.5000000
v -6.4900000 -46.0000000 49.2400000
v -6.0100000 -46.0000000 49.2400000
v -6.0100000 -10.0000000 49.2400000
v -6.4900000 -10.0000000 49.2400000
v -6.0100000 -46.0000000 44.7600000
v -6.4900000 -46.0000000 44.7600000
v -6.4900000 -10.0000000 44.7600000
v -6.0100000 -10.0000000 44.7600000
v -6.0100000 -46.0000000 49.2400000
v -6.0100000 -46.0000000 44.7600000
v -6.0100000 -10.0000000 44.7600000
v -6.0100000 -10.0000000 49.2400000
v -6.4900000 -46.0000000 44.7600000
v -6.4900000 -46.0000000 49.2400000
v -6.4900000 -10.0000000 49.2400000
v -6.4900000 -10.0000000 44.7600000
v -6.4900000 -10.0000000 49.2400000
v -6.0100000 -10.0000000 49.2400000
v -6.0100000 -10.0000000 44.7600000
v -6.4900000 -10.0000000 44.7600000
v -6.4900000 -46.0000000 44.7600000
v -6.0100000 -46.0000000 44.7600000
v -6.0100000 -46.0000000 49.2400000
v -6.4900000 -46.0000000 49.2400000
v -6.6400000 -17.9500000 49.3600000
v -6.3600000 -17.9500000 49.3600000
v -6.3600000 -13.0500000 49.3600000
v -6.6400000 -13.0500000 49.3600000
v -6.3600000 -17.9500000 49.0000000
v -6.6400000 -17.9500000 49.0000000
v -6.6400000 -13.0500000 49.0000000
v -6.3600000 -13.0500000 49.0000000
v -6.3600000 -17.9500000 49.3600000
v -6.3600000 -17.9500000 49.0000000
v -6.3600000 -13.0500000 49.0000000
v -6.3600000 -13.0500000 49.3600000
v -6.6400000 -17.9500000 49.0000000
v -6.6400000 -17.9500000 49.3600000
v -6.6400000 -13.0500000 49.3600000
v -6.6400000 -13.0500000 49.0000000
v -6.6400000 -13.0500000 49.3600000
v -6.3600000 -13.0500000 49.3600000
v -6.3600000 -13.0500000 49.0000000
v -6.6400000 -13.0500000 49.0000000
v -6.6400000 -17.9500000 49.0000000
v -6.3600000 -17.9500000 49.0000000
v -6.3600000 -17.9500000 49.3600000
v -6.6400000 -17.9500000 49.3600000
v 4.4000000 -51.5000000 49.1000000
v 8.1000000 -51.5000000 49.1000000
v 8.1000000 -2.5000000 49.1000000
v 4.4000000 -2.5000000 49.1000000
v 8.1000000 -51.5000000 44.9000000
v 4.4000000 -51.5000000 44.9000000
v 4.4000000 -2.5000000 44.9000000
v 8.1000000 -2.5000000 44.9000000
v 8.1000000 -51.5000000 49.1000000
v 8.1000000 -51.5000000 44.9000000
v 8.1000000 -2.5000000 44.9000000
v 8.1000000 -2.5000000 49.1000000
v 4.4000000 -51.5000000 44.9000000
v 4.4000000 -51.5000000 49.1000000
v 4.4000000 -2.5000000 49.1000000
v 4.4000000 -2.5000000 44.9000000
v 4.4000000 -2.5000000 49.1000000
v 8.1000000 -2.5000000 49.1000000
v 8.1000000 -2.5000000 44.9000000
v 4.4000000 -2.5000000 44.9000000
v 4.4000000 -51.5000000 44.9000000
v 8.1000000 -51.5000000 44.9000000
v 8.1000000 -51.5000000 49.1000000
v 4.4000000 -51.5000000 49.1000000
v 4.0000000 -5.7700000 49.5000000
v 8.5000000 -5.7700000 49.5000000
v 8.5000000 -4.9300000 49.5000000
v 4.0000000 -4.9300000 49.5000000
v 8.5000000 -5.7700000 44.5000000
v 4.0000000 -5.7700000 44.5000000
v 4.0000000 -4.9300000 44.5000000
v 8.5000000 -4.9300000 44.5000000
v 8.5000000 -5.7700000 49.5000000
v 8.5000000 -5.7700000 44.5000000
v 8.5000000 -4.9300000 44.5000000
v 8.5000000 -4.9300000 49.5000000
v 4.0000000 -5.7700000 44.5000000
v 4.0000000 -5.7700000 49.5000000
v 4.0000000 -4.9300000 49.5000000
v 4.0000000 -4.9300000 44.5000000
v 4.0000000 -4.9300000 49.5000000
v 8.5000000 -4.9300000 49.5000000
v 8.5000000 -4.9300000 44.5000000
v 4.0000000 -4.9300000 44.5000000
v 4.0000000 -5.7700000 44.5000000
v 8.5000000 -5.7700000 44.5000000
v 8.5000000 -5.7700000 49.5000000
v 4.0000000 -5.7700000 49.5000000
v 6.0100000 -46.0000000 49.2400000
v 6.4900000 -46.0000000 49.2400000
v 6.4900000 -10.0000000 49.2400000
v 6.0100000 -10.0000000 49.2400000
v 6.4900000 -46.0000000 44.7600000
v 6.0100000 -46.0000000 44.7600000
v 6.0100000 -10.0000000 44.7600000
v 6.4900000 -10.0000000 44.7600000
v 6.4900000 -46.0000000 49.2400000
v 6.4900000 -46.0000000 44.7600000
v 6.4900000 -10.0000000 44.7600000
v 6.4900000 -10.0000000 49.2400000
v 6.0100000 -46.0000000 44.7600000
v 6.0100000 -46.0000000 49.2400000
v 6.0100000 -10.0000000 49.2400000
v 6.0100000 -10.0000000 44.7600000
v 6.0100000 -10.0000000 49.2400000
v 6.4900000 -10.0000000 49.2400000
v 6.4900000 -10.0000000 44.7600000
v 6.0100000 -10.0000000 44.7600000
v 6.0100000 -46.0000000 44.7600000
v 6.4900000 -46.0000000 44.7600000
v 6.4900000 -46.0000000 49.2400000
v 6.0100000 -46.0000000 49.2400000
v 6.3600000 -17.9500000 49.3600000
v 6.6400000 -17.9500000 49.3600000
v 6.6400000 -13.0500000 49.3600000
v 6.3600000 -13.0500000 49.3600000
v 6.6400000 -17.9500000 49.0000000
v 6.3600000 -17.9500000 49.0000000
v 6.3600000 -13.0500000 49.0000000
v 6.6400000 -13.0500000 49.0000000
v 6.6400000 -17.9500000 49.3600000
v 6.6400000 -17.9500000 49.0000000
v 6.6400000 -13.0500000 49.0000000
v 6.6400000 -13.0500000 49.3600000
v 6.3600000 -17.9500000 49.0000000
v 6.3600000 -17.9500000 49.3600000
v 6.3600000 -13.0500000 49.3600000
v 6.3600000 -13.0500000 49.0000000
v 6.3600000 -13.0500000 49.3600000
v 6.6400000 -13.0500000 49.3600000
v 6.6400000 -13.0500000 49.0000000
v 6.3600000 -13.0500000 49.0000000
v 6.3600000 -17.9500000 49.0000000
v 6.6400000 -17.9500000 49.0000000
v 6.6400000 -17.9500000 49.3600000
v 6.3600000 -17.9500000 49.3600000
v -6.2000000 -13.4800000 48.3500000
v 6.2000000 -13.4800000 48.3500000
v 6.2000000 -12.5200000 48.3500000
v -6.2000000 -12.5200000 48.3500000
v 6.2000000 -13.4800000 45.6500000
v -6.2000000 -13.4800000 45.6500000
v -6.2000000 -12.5200000 45.6500000
v 6.2000000 -12.5200000 45.6500000
v 6.2000000 -13.4800000 48.3500000
v 6.2000000 -13.4800000 45.6500000
v 6.2000000 -12.5200000 45.6500000
v 6.2000000 -12.5200000 48.3500000
v -6.2000000 -13.4800000 45.6500000
v -6.2000000 -13.4800000 48.3500000
v -6.2000000 -12.5200000 48.3500000
v -6.2000000 -12.5200000 45.6500000
v -6.2000000 -12.5200000 48.3500000
v 6.2000000 -12.5200000 48.3500000
v 6.2000000 -12.5200000 45.6500000
v -6.2000000 -12.5200000 45.6500000
v -6.2000000 -13.4800000 45.6500000
v 6.2000000 -13.4800000 45.6500000
v 6.2000000 -13.4800000 48.3500000
v -6.2000000 -13.4800000 48.3500000
v -6.2000000 -34.9200000 48.3500000
v 6.2000000 -34.9200000 48.3500000
v 6.2000000 -34.0800000 48.3500000
v -6.2000000 -34.0800000 48.3500000
v 6.2000000 -34.9200000 45.6500000
v -6.2000000 -34.9200000 45.6500000
v -6.2000000 -34.0800000 45.6500000
v 6.2000000 -34.0800000 45.6500000
v 6.2000000 -34.9200000 48.3500000
v 6.2000000 -34.9200000 45.6500000
v 6.2000000 -34.0800000 45.6500000
v 6.2000000 -34.0800000 48.3500000
v -6.2000000 -34.9200000 45.6500000
v -6.2000000 -34.9200000 48.3500000
v -6.2000000 -34.0800000 48.3500000
v -6.2000000 -34.0800000 45.6500000
v -6.2000000 -34.0800000 48.3500000
v 6.2000000 -34.0800000 48.3500000
v 6.2000000 -34.0800000 45.6500000
v -6.2000000 -34.0800000 45.6500000
v -6.2000000 -34.9200000 45.6500000
v 6.2000000 -34.9200000 45.6500000
v 6.2000000 -34.9200000 48.3500000
v -6.2000000 -34.9200000 48.3500000
v -8.1000000 -51.5000000 59.6000000
v -4.4000000 -51.5000000 59.6000000
v -4.4000000 -2.5000000 59.6000000
v -8.1000000 -2.5000000 59.6000000
v -4.4000000 -51.5000000 55.4000000
v -8.1000000 -51.5000000 55.4000000
v -8.1000000 -2.5000000 55.4000000
v -4.4000000 -2.5000000 55.4000000
v -4.4000000 -51.5000000 59.6000000
v -4.4000000 -51.5000000 55.4000000
v -4.4000000 -2.5000000 55.4000000
v -4.4000000 -2.5000000 59.6000000
v -8.1000000 -51.5000000 55.4000000
v -8.1000000 -51.5000000 59.6000000
v -8.1000000 -2.5000000 59.6000000
v -8.1000000 -2.5000000 55.4000000
v -8.1000000 -2.5000000 59.6000000
v -4.4000000 -2.5000000 59.6000000
v -4.4000000 -2.5000000 55.4000000
v -8.1000000 -2.5000000 55.4000000
v -8.1000000 -51.5000000 55.4000000
v -4.4000000 -51.5000000 55.4000000
v -4.4000000 -51.5000000 59.6000000
v -8.1000000 -51.5000000 59.6000000
v -8.5000000 -5.7700000 60.0000000
v -4.0000000 -5.7700000 60.0000000
v -4.0000000 -4.9300000 60.0000000
v -8.5000000 -4.9300000 60.0000000
v -4.0000000 -5.7700000 55.0000000
v -8.5000000 -5.7700000 55.0000000
v -8.5000000 -4.9300000 55.0000000
v -4.0000000 -4.9300000 55.0000000
v -4.0000000 -5.7700000 60.0000000
v -4.0000000 -5.7700000 55.0000000
v -4.0000000 -4.9300000 55.0000000
v -4.0000000 -4.9300000 60.0000000
v -8.5000000 -5.7700000 55.0000000
v -8.5000000 -5.7700000 60.0000000
v -8.5000000 -4.9300000 60.0000000
v -8.5000000 -4.9300000 55.0000000
v -8.5000000 -4.9300000 60.0000000
v -4.0000000 -4.9300000 60.0000000
v -4.0000000 -4.9300000 55.0000000
v -8.5000000 -4.9300000 55.0000000
v -8.5000000 -5.7700000 55.0000000
v -4.0000000 -5.7700000 55.0000000
v -4.0000000 -5.7700000 60.0000000
v -8.5000000 -5.7700000 60.0000000
v -6.4900000 -46.0000000 59.7400000
v -6.0100000 -46.0000000 59.7400000
v -6.0100000 -10.0000000 59.7400000
v -6.4900000 -10.0000000 59.7400000
v -6.0100000 -46.0000000 55.2600000
v -6.4900000 -46.0000000 55.2600000
v -6.4900000 -10.0000000 55.2600000
v -6.0100000 -10.0000000 55.2600000
v -6.0100000 -46.0000000 59.7400000
v -6.0100000 -46.0000000 55.2600000
v -6.0100000 -10.0000000 55.2600000
v -6.0100000 -10.0000000 59.7400000
v -6.4900000 -46.0000000 55.2600000
v -6.4900000 -46.0000000 59.7400000
v -6.4900000 -10.0000000 59.7400000
v -6.4900000 -10.0000000 55.2600000
v -6.4900000 -10.0000000 59.7400000
v -6.0100000 -10.0000000 59.7400000
v -6.0100000 -10.0000000 55.2600000
v -6.4900000 -10.0000000 55.2600000
v -6.4900000 -46.0000000 55.2600000
v -6.0100000 -46.0000000 55.2600000
v -6.0100000 -46.0000000 59.7400000
v -6.4900000 -46.0000000 59.7400000
v -6.6400000 -17.9500000 59.8600000
v -6.3600000 -17.9500000 59.8600000
v -6.3600000 -13.0500000 59.8600000
v -6.6400000 -13.0500000 59.8600000
v -6.3600000 -17.9500000 59.5000000
v -6.6400000 -17.9500000 59.5000000
v -6.6400000 -13.0500000 59.5000000
v -6.3600000 -13.0500000 59.5000000
v -6.3600000 -17.9500000 59.8600000
v -6.3600000 -17.9500000 59.5000000
v -6.3600000 -13.0500000 59.5000000
v -6.3600000 -13.0500000 59.8600000
v -6.6400000 -17.9500000 59.5000000
v -6.6400000 -17.9500000 59.8600000
v -6.6400000 -13.0500000 59.8600000
v -6.6400000 -13.0500000 59.5000000
v -6.6400000 -13.0500000 59.8600000
v -6.3600000 -13.0500000 59.8600000
v -6.3600000 -13.0500000 59.5000000
v -6.6400000 -13.0500000 59.5000000
v -6.6400000 -17.9500000 59.5000000
v -6.3600000 -17.9500000 59.5000000
v -6.3600000 -17.9500000 59.8600000
v -6.6400000 -17.9500000 59.8600000
v 4.4000000 -51.5000000 59.6000000
v 8.1000000 -51.5000000 59.6000000
v 8.1000000 -2.5000000 59.6000000
v 4.4000000 -2.5000000 59.6000000
v 8.1000000 -51.5000000 55.4000000
v 4.4000000 -51.5000000 55.4000000
v 4.4000000 -2.5000000 55.4000000
v 8.1000000 -2.5000000 55.4000000
v 8.1000000 -51.5000000 59.6000000
v 8.1000000 -51.5000000 55.4000000
v 8.1000000 -2.5000000 55.4000000
v 8.1000000 -2.5000000 59.6000000
v 4.4000000 -51.5000000 55.4000000
v 4.4000000 -51.5000000 59.6000000
v 4.4000000 -2.5000000 59.6000000
v 4.4000000 -2.5000000 55.4000000
v 4.4000000 -2.5000000 59.6000000
v 8.1000000 -2.5000000 59.6000000
v 8.1000000 -2.5000000 55.4000000
v 4.4000000 -2.5000000 55.4000000
v 4.4000000 -51.5000000 55.4000000
v 8.1000000 -51.5000000 55.4000000
v 8.1000000 -51.5000000 59.6000000
v 4.4000000 -51.5000000 59.6000000
v 4.0000000 -5.7700000 60.0000000
v 8.5000000 -5.7700000 60.0000000
v 8.5000000 -4.9300000 60.0000000
v 4.0000000 -4.9300000 60.0000000
v 8.5000000 -5.7700000 55.0000000
v 4.0000000 -5.7700000 55.0000000
v 4.0000000 -4.9300000 55.0000000
v 8.5000000 -4.9300000 55.0000000
v 8.5000000 -5.7700000 60.0000000
v 8.5000000 -5.7700000 55.0000000
v 8.5000000 -4.9300000 55.0000000
v 8.5000000 -4.9300000 60.0000000
v 4.0000000 -5.7700000 55.0000000
v 4.0000000 -5.7700000 60.0000000
v 4.0000000 -4.9300000 60.0000000
v 4.0000000 -4.9300000 55.0000000
v 4.0000000 -4.9300000 60.0000000
v 8.5000000 -4.9300000 60.0000000
v 8.5000000 -4.9300000 55.0000000
v 4.0000000 -4.9300000 55.0000000
v 4.0000000 -5.7700000 55.0000000
v 8.5000000 -5.7700000 55.0000000
v 8.5000000 -5.7700000 60.0000000
v 4.0000000 -5.7700000 60.0000000
v 6.0100000 -46.0000000 59.7400000
v 6.4900000 -46.0000000 59.7400000
v 6.4900000 -10.0000000 59.7400000
v 6.0100000 -10.0000000 59.7400000
v 6.4900000 -46.0000000 55.2600000
v 6.0100000 -46.0000000 55.2600000
v 6.0100000 -10.0000000 55.2600000
v 6.4900000 -10.0000000 55.2600000
v 6.4900000 -46.0000000 59.7400000
v 6.4900000 -46.0000000 55.2600000
v 6.4900000 -10.0000000 55.2600000
v 6.4900000 -10.0000000 59.7400000
v 6.0100000 -46.0000000 55.2600000
v 6.0100000 -46.0000000 59.7400000
v 6.0100000 -10.0000000 59.7400000
v 6.0100000 -10.0000000 55.2600000
v 6.0100000 -10.0000000 59.7400000
v 6.4900000 -10.0000000 59.7400000
v 6.4900000 -10.0000000 55.2600000
v 6.0100000 -10.0000000 55.2600000
v 6.0100000 -46.0000000 55.2600000
v 6.4900000 -46.0000000 55.2600000
v 6.4900000 -46.0000000 59.7400000
v 6.0100000 -46.0000000 59.7400000
v 6.3600000 -17.9500000 59.8600000
v 6.6400000 -17.9500000 59.8600000
v 6.6400000 -13.0500000 59.8600000
v 6.3600000 -13.0500000 59.8600000
v 6.6400000 -17.9500000 59.5000000
v 6.3600000 -17.9500000 59.5000000
v 6.3600000 -13.0500000 59.5000000
v 6.6400000 -13.0500000 59.5000000
v 6.6400000 -17.9500000 59.8600000
v 6.6400000 -17.9500000 59.5000000
v 6.6400000 -13.0500000 59.5000000
v 6.6400000 -13.0500000 59.8600000
v 6.3600000 -17.9500000 59.5000000
v 6.3600000 -17.9500000 59.8600000
v 6.3600000 -13.0500000 59.8600000
v 6.3600000 -13.0500000 59.5000000
v 6.3600000 -13.0500000 59.8600000
v 6.6400000 -13.0500000 59.8600000
v 6.6400000 -13.0500000 59.5000000
v 6.3600000 -13.0500000 59.5000000
v 6.3600000 -17.9500000 59.5000000
v 6.6400000 -17.9500000 59.5000000
v 6.6400000 -17.9500000 59.8600000
v 6.3600000 -17.9500000 59.8600000
v -6.2000000 -13.4800000 58.8500000
v 6.2000000 -13.4800000 58.8500000
v 6.2000000 -12.5200000 58.8500000
v -6.2000000 -12.5200000 58.8500000
v 6.2000000 -13.4800000 56.1500000
v -6.2000000 -13.4800000 56.1500000
v -6.2000000 -12.5200000 56.1500000
v 6.2000000 -12.5200000 56.1500000
v 6.2000000 -13.4800000 58.8500000
v 6.2000000 -13.4800000 56.1500000
v 6.2000000 -12.5200000 56.1500000
v 6.2000000 -12.5200000 58.8500000
v -6.2000000 -13.4800000 56.1500000
v -6.2000000 -13.4800000 58.8500000
v -6.2000000 -12.5200000 58.8500000
v -6.2000000 -12.5200000 56.1500000
v -6.2000000 -12.5200000 58.8500000
v 6.2000000 -12.5200000 58.8500000
v 6.2000000 -12.5200000 56.1500000
v -6.2000000 -12.5200000 56.1500000
v -6.2000000 -13.4800000 56.1500000
v 6.2000000 -13.4800000 56.1500000
v 6.2000000 -13.4800000 58.8500000
v -6.2000000 -13.4800000 58.8500000
v -6.2000000 -34.9200000 58.8500000
v 6.2000000 -34.9200000 58.8500000
v 6.2000000 -34.0800000 58.8500000
v -6.2000000 -34.0800000 58.8500000
v 6.2000000 -34.9200000 56.1500000
v -6.2000000 -34.9200000 56.1500000
v -6.2000000 -34.0800000 56.1500000
v 6.2000000 -34.0800000 56.1500000
v 6.2000000 -34.9200000 58.8500000
v 6.2000000 -34.9200000 56.1500000
v 6.2000000 -34.0800000 56.1500000
v 6.2000000 -34.0800000 58.8500000
v -6.2000000 -34.9200000 56.1500000
v -6.2000000 -34.9200000 58.8500000
v -6.2000000 -34.0800000 58.8500000
v -6.2000000 -34.0800000 56.1500000
v -6.2000000 -34.0800000 58.8500000
v 6.2000000 -34.0800000 58.8500000
v 6.2000000 -34.0800000 56.1500000
v -6.2000000 -34.0800000 56.1500000
v -6.2000000 -34.9200000 56.1500000
v 6.2000000 -34.9200000 56.1500000
v 6.2000000 -34.9200000 58.8500000
v -6.2000000 -34.9200000 58.8500000
v -8.1000000 -51.5000000 69.1000000
v -4.4000000 -51.5000000 69.1000000
v -4.4000000 -2.5000000 69.1000000
v -8.1000000 -2.5000000 69.1000000
v -4.4000000 -51.5000000 64.9000000
v -8.1000000 -51.5000000 64.9000000
v -8.1000000 -2.5000000 64.9000000
v -4.4000000 -2.5000000 64.9000000
v -4.4000000 -51.5000000 69.1000000
v -4.4000000 -51.5000000 64.9000000
v -4.4000000 -2.5000000 64.9000000
v -4.4000000 -2.5000000 69.1000000
v -8.1000000 -51.5000000 64.9000000
v -8.1000000 -51.5000000 69.1000000
v -8.1000000 -2.5000000 69.1000000
v -8.1000000 -2.5000000 64.9000000
v -8.1000000 -2.5000000 69.1000000
v -4.4000000 -2.5000000 69.1000000
v -4.4000000 -2.5000000 64.9000000
v -8.1000000 -2.5000000 64.9000000
v -8.1000000 -51.5000000 64.9000000
v -4.4000000 -51.5000000 64.9000000
v -4.4000000 -51.5000000 69.1000000
v -8.1000000 -51.5000000 69.1000000
v -8.5000000 -5.7700000 69.5000000
v -4.0000000 -5.7700000 69.5000000
v -4.0000000 -4.9300000 69.5000000
v -8.5000000 -4.9300000 69.5000000
v -4.0000000 -5.7700000 64.5000000
v -8.5000000 -5.7700000 64.5000000
v -8.5000000 -4.9300000 64.5000000
v -4.0000000 -4.9300000 64.5000000
v -4.0000000 -5.7700000 69.5000000
v -4.0000000 -5.7700000 64.5000000
v -4.0000000 -4.9300000 64.5000000
v -4.0000000 -4.9300000 69.5000000
v -8.5000000 -5.7700000 64.5000000
v -8.5000000 -5.7700000 69.5000000
v -8.5000000 -4.9300000 69.5000000
v -8.5000000 -4.9300000 64.5000000
v -8.5000000 -4.9300000 69.5000000
v -4.0000000 -4.9300000 69.5000000
v -4.0000000 -4.9300000 64.5000000
v -8.5000000 -4.9300000 64.5000000
v -8.5000000 -5.7700000 64.5000000
v -4.0000000 -5.7700000 64.5000000
v -4.0000000 -5.7700000 69.5000000
v -8.5000000 -5.7700000 69.5000000
v -6.4900000 -46.0000000 69.2400000
v -6.0100000 -46.0000000 69.2400000
v -6.0100000 -10.0000000 69.2400000
v -6.4900000 -10.0000000 69.2400000
v -6.0100000 -46.0000000 64.7600000
v -6.4900000 -46.0000000 64.7600000
v -6.4900000 -10.0000000 64.7600000
v -6.0100000 -10.0000000 64.7600000
v -6.0100000 -46.0000000 69.2400000
v -6.0100000 -46.0000000 64.7600000
v -6.0100000 -10.0000000 64.7600000
v -6.0100000 -10.0000000 69.2400000
v -6.4900000 -46.0000000 64.7600000
v -6.4900000 -46.0000000 69.2400000
v -6.4900000 -10.0000000 69.2400000
v -6.4900000 -10.0000000 64.7600000
v -6.4900000 -10.0000000 69.2400000
v -6.0100000 -10.0000000 69.2400000
v -6.0100000 -10.0000000 64.7600000
v -6.4900000 -10.0000000 64.7600000
v -6.4900000 -46.0000000 64.7600000
v -6.0100000 -46.0000000 64.7600000
v -6.0100000 -46.0000000 69.2400000
v -6.4900000 -46.0000000 69.2400000
v -6.6400000 -17.9500000 69.3600000
v -6.3600000 -17.9500000 69.3600000
v -6.3600000 -13.0500000 69.3600000
v -6.6400000 -13.0500000 69.3600000
v -6.3600000 -17.9500000 69.0000000
v -6.6400000 -17.9500000 69.0000000
v -6.6400000 -13.0500000 69.0000000
v -6.3600000 -13.0500000 69.0000000
v -6.3600000 -17.9500000 69.3600000
v -6.3600000 -17.9500000 69.0000000
v -6.3600000 -13.0500000 69.0000000
v -6.3600000 -13.0500000 69.3600000
v -6.6400000 -17.9500000 69.0000000
v -6.6400000 -17.9500000 69.3600000
v -6.6400000 -13.0500000 69.3600000
v -6.6400000 -13.0500000 69.0000000
v -6.6400000 -13.0500000 69.3600000
v -6.3600000 -13.0500000 69.3600000
v -6.3600000 -13.0500000 69.0000000
v -6.6400000 -13.0500000 69.0000000
v -6.6400000 -17.9500000 69.0000000
v -6.3600000 -17.9500000 69.0000000
v -6.3600000 -17.9500000 69.3600000
v -6.6400000 -17.9500000 69.3600000
v 4.4000000 -51.5000000 69.1000000
v 8.1000000 -51.5000000 69.1000000
v 8.1000000 -2.5000000 69.1000000
v 4.4000000 -2.5000000 69.1000000
v 8.1000000 -51.5000000 64.9000000
v 4.4000000 -51.5000000 64.9000000
v 4.4000000 -2.5000000 64.9000000
v 8.1000000 -2.5000000 64.9000000
v 8.1000000 -51.5000000 69.1000000
v 8.1000000 -51.5000000 64.9000000
v 8.1000000 -2.5000000 64.9000000
v 8.1000000 -2.5000000 69.1000000
v 4.4000000 -51.5000000 64.9000000
v 4.4000000 -51.5000000 69.1000000
v 4.4000000 -2.5000000 69.1000000
v 4.4000000 -2.5000000 64.9000000
v 4.4000000 -2.5000000 69.1000000
v 8.1000000 -2.5000000 69.1000000
v 8.1000000 -2.5000000 64.9000000
v 4.4000000 -2.5000000 64.9000000
v 4.4000000 -51.5000000 64.9000000
v 8.1000000 -51.5000000 64.9000000
v 8.1000000 -51.5000000 69.1000000
v 4.4000000 -51.5000000 69.1000000
v 4.0000000 -5.7700000 69.5000000
v 8.5000000 -5.7700000 69.5000000
v 8.5000000 -4.9300000 69.5000000
v 4.0000000 -4.9300000 69.5000000
v 8.5000000 -5.7700000 64.5000000
v 4.0000000 -5.7700000 64.5000000
v 4.0000000 -4.9300000 64.5000000
v 8.5000000 -4.9300000 64.5000000
v 8.5000000 -5.7700000 69.5000000
v 8.5000000 -5.7700000 64.5000000
v 8.5000000 -4.9300000 64.5000000
v 8.5000000 -4.9300000 69.5000000
v 4.0000000 -5.7700000 64.5000000
v 4.0000000 -5.7700000 69.5000000
v 4.0000000 -4.9300000 69.5000000
v 4.0000000 -4.9300000 64.5000000
v 4.0000000 -4.9300000 69.5000000
v 8.5000000 -4.9300000 69.5000000
v 8.5000000 -4.9300000 64.5000000
v 4.0000000 -4.9300000 64.5000000
v 4.0000000 -5.7700000 64.5000000
v 8.5000000 -5.7700000 64.5000000
v 8.5000000 -5.7700000 69.5000000
v 4.0000000 -5.7700000 69.5000000
v 6.0100000 -46.0000000 69.2400000
v 6.4900000 -46.0000000 69.2400000
v 6.4900000 -10.0000000 69.2400000
v 6.0100000 -10.0000000 69.2400000
v 6.4900000 -46.0000000 64.7600000
v 6.0100000 -46.0000000 64.7600000
v 6.0100000 -10.0000000 64.7600000
v 6.4900000 -10.0000000 64.7600000
v 6.4900000 -46.0000000 69.2400000
v 6.4900000 -46.0000000 64.7600000
v 6.4900000 -10.0000000 64.7600000
v 6.4900000 -10.0000000 69.2400000
v 6.0100000 -46.0000000 64.7600000
v 6.0100000 -46.0000000 69.2400000
v 6.0100000 -10.0000000 69.2400000
v 6.0100000 -10.0000000 64.7600000
v 6.0100000 -10.0000000 69.2400000
v 6.4900000 -10.0000000 69.2400000
v 6.4900000 -10.0000000 64.7600000
v 6.0100000 -10.0000000 64.7600000
v 6.0100000 -46.0000000 64.7600000
v 6.4900000 -46.0000000 64.7600000
v 6.4900000 -46.0000000 69.2400000
v 6.0100000 -46.0000000 69.2400000
v 6.3600000 -17.9500000 69.3600000
v 6.6400000 -17.9500000 69.3600000
v 6.6400000 -13.0500000 69.3600000
v 6.3600000 -13.0500000 69.3600000
v 6.6400000 -17.9500000 69.0000000
v 6.3600000 -17.9500000 69.0000000
v 6.3600000 -13.0500000 69.0000000
v 6.6400000 -13.0500000 69.0000000
v 6.6400000 -17.9500000 69.3600000
v 6.6400000 -17.9500000 69.0000000
v 6.6400000 -13.0500000 69.0000000
v 6.6400000 -13.0500000 69.3600000
v 6.3600000 -17.9500000 69.0000000
v 6.3600000 -17.9500000 69.3600000
v 6.3600000 -13.0500000 69.3600000
v 6.3600000 -13.0500000 69.0000000
v 6.3600000 -13.0500000 69.3600000
v 6.6400000 -13.0500000 69.3600000
v 6.6400000 -13.0500000 69.0000000
v 6.3600000 -13.0500000 69.0000000
v 6.3600000 -17.9500000 69.0000000
v 6.6400000 -17.9500000 69.0000000
v 6.6400000 -17.9500000 69.3600000
v 6.3600000 -17.9500000 69.3600000
v -6.2000000 -13.4800000 68.3500000
v 6.2000000 -13.4800000 68.3500000
v 6.2000000 -12.5200000 68.3500000
v -6.2000000 -12.5200000 68.3500000
v 6.2000000 -13.4800000 65.6500000
v -6.2000000 -13.4800000 65.6500000
v -6.2000000 -12.5200000 65.6500000
v 6.2000000 -12.5200000 65.6500000
v 6.2000000 -13.4800000 68.3500000
v 6.2000000 -13.4800000 65.6500000
v 6.2000000 -12.5200000 65.6500000
v 6.2000000 -12.5200000 68.3500000
v -6.2000000 -13.4800000 65.6500000
v -6.2000000 -13.4800000 68.3500000
v -6.2000000 -12.5200000 68.3500000
v -6.2000000 -12.5200000 65.6500000
v -6.2000000 -12.5200000 68.3500000
v 6.2000000 -12.5200000 68.3500000
v 6.2000000 -12.5200000 65.6500000
v -6.2000000 -12.5200000 65.6500000
v -6.2000000 -13.4800000 65.6500000
v 6.2000000 -13.4800000 65.6500000
v 6.2000000 -13.4800000 68.3500000
v -6.2000000 -13.4800000 68.3500000
v -6.2000000 -34.9200000 68.3500000
v 6.2000000 -34.9200000 68.3500000
v 6.2000000 -34.0800000 68.3500000
v -6.2000000 -34.0800000 68.3500000
v 6.2000000 -34.9200000 65.6500000
v -6.2000000 -34.9200000 65.6500000
v -6.2000000 -34.0800000 65.6500000
v 6.2000000 -34.0800000 65.6500000
v 6.2000000 -34.9200000 68.3500000
v 6.2000000 -34.9200000 65.6500000
v 6.2000000 -34.0800000 65.6500000
v 6.2000000 -34.0800000 68.3500000
v -6.2000000 -34.9200000 65.6500000
v -6.2000000 -34.9200000 68.3500000
v -6.2000000 -34.0800000 68.3500000
v -6.2000000 -34.0800000 65.6500000
v -6.2000000 -34.0800000 68.3500000
v 6.2000000 -34.0800000 68.3500000
v 6.2000000 -34.0800000 65.6500000
v -6.2000000 -34.0800000 65.6500000
v -6.2000000 -34.9200000 65.6500000
v 6.2000000 -34.9200000 65.6500000
v 6.2000000 -34.9200000 68.3500000
v -6.2000000 -34.9200000 68.3500000
vt 0.5000000 0.5000000
vt 0.5000000 0.5000000
vt 0.0000000 1.0000000
vt 0.0000000 0.0000000
vt 1.0000000 0.5000000
vt 1.0000000 0.5000000
vt 0.0125000 1.0000000
vt 0.0125000 0.0000000
vt 0.9984587 0.4607705
vt 0.9984587 0.5392295
vt 0.0250000 1.0000000
vt 0.0250000 0.0000000
vt 0.9938442 0.4217828
vt 0.9938442 0.5782172
vt 0.0375000 1.0000000
vt 0.0375000 0.0000000
vt 0.9861850 0.3832773
vt 0.9861850 0.6167227
vt 0.0500000 1.0000000
vt 0.0500000 0.0000000
vt 0.9755283 0.3454915
vt 0.9755283 0.6545085
vt 0.0625000 1.0000000
vt 0.0625000 0.0000000
vt 0.9619398 0.3086583
vt 0.9619398 0.6913417
vt 0.0750000 1.0000000
vt 0.0750000 0.0000000
vt 0.9455033 0.2730048
vt 0.9455033 0.7269952
vt 0.0875000 1.0000000
vt 0.0875000 0.0000000
vt 0.9263201 0.2387507
vt 0.9263201 0.7612493
vt 0.1000000 1.0000000
vt 0.1000000 0.0000000
vt 0.9045085 0.2061074
vt 0.9045085 0.7938926
vt 0.1125000 1.0000000
vt 0.1125000 0.0000000
vt 0.8802030 0.1752760
vt 0.8802030 0.8247240
vt 0.1250000 1.0000000
vt 0.1250000 0.0000000
vt 0.8535534 0.1464466
vt 0.8535534 0.8535534
vt 0.1375000 1.0000000
vt 0.1375000 0.0000000
vt 0.8247240 0.1197970
vt 0.8247240 0.8802030
vt 0.1500000 1.0000000
vt 0.1500000 0.0000000
vt 0.7938926 0.0954915
vt 0.7938926 0.9045085
vt 0.1625000 1.0000000
vt 0.1625000 0.0000000
vt 0.7612493 0.0736799
vt 0.7612493 0.9263201
vt 0.1750000 1.0000000
vt 0.1750000 0.0000000
vt 0.7269952 0.0544967
vt 0.7269952 0.9455033
vt 0.1875000 1.0000000
vt 0.1875000 0.0000000
vt 0.6913417 0.0380602
vt 0.6913417 0.9619398
vt 0.2000000 1.0000000
vt 0.2000000 0.0000000
vt 0.6545085 0.0244717
vt 0.6545085 0.9755283
vt 0.2125000 1.0000000
vt 0.2125000 0.0000000
vt 0.6167227 0.0138150
vt 0.6167227 0.9861850
vt 0.2250000 1.0000000
vt 0.2250000 0.0000000
vt 0.5782172 0.0061558
vt 0.5782172 0.9938442
vt 0.2375000 1.0000000
vt 0.2375000 0.0000000
vt 0.5392295 0.0015413
vt 0.5392295 0.9984587
vt 0.2500000 1.0000000
vt 0.2500000 0.0000000
vt 0.5000000 0.0000000
vt 0.5000000 1.0000000
vt 0.2625000 1.0000000
vt 0.2625000 0.0000000
vt 0.4607705 0.0015413
vt 0.4607705 0.9984587
vt 0.2750000 1.0000000
vt 0.2750000 0.0000000
vt 0.4217828 0.0061558
vt 0.4217828 0.9938442
vt 0.2875000 1.0000000
vt 0.2875000 0.0000000
vt 0.3832773 0.0138150
vt 0.3832773 0.9861850
vt 0.3000000 1.0000000
vt 0.3000000 0.0000000
vt 0.3454915 0.0244717
vt 0.3454915 0.9755283
vt 0.3125000 1.0000000
vt 0.3125000 0.0000000
vt 0.3086583 0.0380602
vt 0.3086583 0.9619398
vt 0.3250000 1.0000000
vt 0.3250000 0.0000000
vt 0.2730048 0.0544967
vt 0.2730048 0.9455033
vt 0.3375000 1.0000000
vt 0.3375000 0.0000000
vt 0.2387507 0.0736799
vt 0.2387507 0.9263201
vt 0.3500000 1.0000000
vt 0.3500000 0.0000000
vt 0.2061074 0.0954915
vt 0.2061074 0.9045085
vt 0.3625000 1.0000000
vt 0.3625000 0.0000000
vt 0.1752760 0.1197970
vt 0.1752760 0.8802030
vt 0.3750000 1.0000000
vt 0.3750000 0.0000000
vt 0.1464466 0.1464466
vt 0.1464466 0.8535534
vt 0.3875000 1.0000000
vt 0.3875000 0.0000000
vt 0.1197970 0.1752760
vt 0.1197970 0.8247240
vt 0.4000000 1.0000000
vt 0.4000000 0.0000000
vt 0.0954915 0.2061074
vt 0.0954915 0.7938926
vt 0.4125000 1.0000000
vt 0.4125000 0.0000000
vt 0.0736799 0.2387507
vt 0.0736799 0.7612493
vt 0.4250000 1.0000000
vt 0.4250000 0.0000000
vt 0.0544967 0.2730048
vt 0.0544967 0.7269952
vt 0.4375000 1.0000000
vt 0.4375000 0.0000000
vt 0.0380602 0.3086583
vt 0.0380602 0.6913417
vt 0.4500000 1.0000000
vt 0.4500000 0.0000000
vt 0.0244717 0.3454915
vt 0.0244717 0.6545085
vt 0.4625000 1.0000000
vt 0.4625000 0.0000000
vt 0.0138150 0.3832773
vt 0.0138150 0.6167227
vt 0.4750000 1.0000000
vt 0.4750000 0.0000000
vt 0.0061558 0.4217828
vt 0.0061558 0.5782172
vt 0.4875000 1.0000000
vt 0.4875000 0.0000000
vt 0.0015413 0.4607705
vt 0.0015413 0.5392295
vt 0.5000000 1.0000000
vt 0.5000000 0.0000000
vt 0.0000000 0.5000000
vt 0.0000000 0.5000000
vt 0.5125000 1.0000000
vt 0.5125000 0.0000000
vt 0.0015413 0.5392295
vt 0.0015413 0.4607705
vt 0.5250000 1.0000000
vt 0.5250000 0.0000000
vt 0.0061558 0.5782172
vt 0.0061558 0.4217828
vt 0.5375000 1.0000000
vt 0.5375000 0.0000000
vt 0.0138150 0.6167227
vt 0.0138150 0.3832773
vt 0.5500000 1.0000000
vt 0.5500000 0.0000000
vt 0.0244717 0.6545085
vt 0.0244717 0.3454915
vt 0.5625000 1.0000000
vt 0.5625000 0.0000000
vt 0.0380602 0.6913417
vt 0.0380602 0.3086583
vt 0.5750000 1.0000000
vt 0.5750000 0.0000000
vt 0.0544967 0.7269952
vt 0.0544967 0.2730048
vt 0.5875000 1.0000000
vt 0.5875000 0.0000000
vt 0.0736799 0.7612493
vt 0.0736799 0.2387507
vt 0.6000000 1.0000000
vt 0.6000000 0.0000000
vt 0.0954915 0.7938926
vt 0.0954915 0.2061074
vt 0.6125000 1.0000000
vt 0.6125000 0.0000000
vt 0.1197970 0.8247240
vt 0.1197970 0.1752760
vt 0.6250000 1.0000000
vt 0.6250000 0.0000000
vt 0.1464466 0.8535534
vt 0.1464466 0.1464466
vt 0.6375000 1.0000000
vt 0.6375000 0.0000000
vt 0.1752760 0.8802030
vt 0.1752760 0.1197970
vt 0.6500000 1.0000000
vt 0.6500000 0.0000000
vt 0.2061074 0.9045085
vt 0.2061074 0.0954915
vt 0.6625000 1.0000000
vt 0.6625000 0.0000000
vt 0.2387507 0.9263201
vt 0.2387507 0.0736799
vt 0.6750000 1.0000000
vt 0.6750000 0.0000000
vt 0.2730048 0.9455033
vt 0.2730048 0.0544967
vt 0.6875000 1.0000000
vt 0.6875000 0.0000000
vt 0.3086583 0.9619398
vt 0.3086583 0.0380602
vt 0.7000000 1.0000000
vt 0.7000000 0.0000000
vt 0.3454915 0.9755283
vt 0.3454915 0.0244717
vt 0.7125000 1.0000000
vt 0.7125000 0.0000000
vt 0.3832773 0.9861850
vt 0.3832773 0.0138150
vt 0.7250000 1.0000000
vt 0.7250000 0.0000000
vt 0.4217828 0.9938442
vt 0.4217828 0.0061558
vt 0.7375000 1.0000000
vt 0.7375000 0.0000000
vt 0.4607705 0.9984587
vt 0.4607705 0.0015413
vt 0.7500000 1.0000000
vt 0.7500000 0.0000000
vt 0.5000000 1.0000000
vt 0.5000000 0.0000000
vt 0.7625000 1.0000000
vt 0.7625000 0.0000000
vt 0.5392295 0.9984587
vt 0.5392295 0.0015413
vt 0.7750000 1.0000000
vt 0.7750000 0.0000000
vt 0.5782172 0.9938442
vt 0.5782172 0.0061558
vt 0.7875000 1.0000000
vt 0.7875000 0.0000000
vt 0.6167227 0.9861850
vt 0.6167227 0.0138150
vt 0.8000000 1.0000000
vt 0.8000000 0.0000000
vt 0.6545085 0.9755283
vt 0.6545085 0.0244717
vt 0.8125000 1.0000000
vt 0.8125000 0.0000000
vt 0.6913417 0.9619398
vt 0.6913417 0.0380602
vt 0.8250000 1.0000000
vt 0.8250000 0.0000000
vt 0.7269952 0.9455033
vt 0.7269952 0.0544967
vt 0.8375000 1.0000000
vt 0.8375000 0.0000000
vt 0.7612493 0.9263201
vt 0.7612493 0.0736799
vt 0.8500000 1.0000000
vt 0.8500000 0.0000000
vt 0.7938926 0.9045085
vt 0.7938926 0.0954915
vt 0.8625000 1.0000000
vt 0.8625000 0.0000000
vt 0.8247240 0.8802030
vt 0.8247240 0.1197970
vt 0.8750000 1.0000000
vt 0.8750000 0.0000000
vt 0.8535534 0.8535534
vt 0.8535534 0.1464466
vt 0.8875000 1.0000000
vt 0.8875000 0.0000000
vt 0.8802030 0.8247240
vt 0.8802030 0.1752760
vt 0.9000000 1.0000000
vt 0.9000000 0.0000000
vt 0.9045085 0.7938926
vt 0.9045085 0.2061074
vt 0.9125000 1.0000000
vt 0.9125000 0.0000000
vt 0.9263201 0.7612493
vt 0.9263201 0.2387507
vt 0.9250000 1.0000000
vt 0.9250000 0.0000000
vt 0.9455033 0.7269952
vt 0.9455033 0.2730048
vt 0.9375000 1.0000000
vt 0.9375000 0.0000000
vt 0.9619398 0.6913417
vt 0.9619398 0.3086583
vt 0.9500000 1.0000000
vt 0.9500000 0.0000000
vt 0.9755283 0.6545085
vt 0.9755283 0.3454915
vt 0.9625000 1.0000000
vt 0.9625000 0.0000000
vt 0.9861850 0.6167227
vt 0.9861850 0.3832773
vt 0.9750000 1.0000000
vt 0.9750000 0.0000000
vt 0.9938442 0.5782172
vt 0.9938442 0.4217828
vt 0.9875000 1.0000000
vt 0.9875000 0.0000000
vt 0.9984587 0.5392295
vt 0.9984587 0.4607705
vt 0.5000000 0.5000000
vt 0.5000000 0.5000000
vt 0.0000000 1.0000000
vt 0.0000000 0.0000000
vt 1.0000000 0.5000000
vt 1.0000000 0.5000000
vt 0.0138889 1.0000000
vt 0.0138889 0.0000000
vt 0.9980973 0.4564221
vt 0.9980973 0.5435779
vt 0.0277778 1.0000000
vt 0.0277778 0.0000000
vt 0.9924039 0.4131759
vt 0.9924039 0.5868241
vt 0.0416667 1.0000000
vt 0.0416667 0.0000000
vt 0.9829629 0.3705905
vt 0.9829629 0.6294095
vt 0.0555556 1.0000000
vt 0.0555556 0.0000000
vt 0.9698463 0.3289899
vt 0.9698463 0.6710101
vt 0.0694444 1.0000000
vt 0.0694444 0.0000000
vt 0.9531539 0.2886909
vt 0.9531539 0.7113091
vt 0.0833333 1.0000000
vt 0.0833333 0.0000000
vt 0.9330127 0.2500000
vt 0.9330127 0.7500000
vt 0.0972222 1.0000000
vt 0.0972222 0.0000000
vt 0.9095760 0.2132118
vt 0.9095760 0.7867882
vt 0.1111111 1.0000000
vt 0.1111111 0.0000000
vt 0.8830222 0.1786062
vt 0.8830222 0.8213938
vt 0.1250000 1.0000000
vt 0.1250000 0.0000000
vt 0.8535534 0.1464466
vt 0.8535534 0.8535534
vt 0.1388889 1.0000000
vt 0.1388889 0.0000000
vt 0.8213938 0.1169778
vt 0.8213938 0.8830222
vt 0.1527778 1.0000000
vt 0.1527778 0.0000000
vt 0.7867882 0.0904240
vt 0.7867882 0.9095760
vt 0.1666667 1.0000000
vt 0.1666667 0.0000000
vt 0.7500000 0.0669873
vt 0.7500000 0.9330127
vt 0.1805556 1.0000000
vt 0.1805556 0.0000000
vt 0.7113091 0.0468461
vt 0.7113091 0.9531539
vt 0.1944444 1.0000000
vt 0.1944444 0.0000000
vt 0.6710101 0.0301537
vt 0.6710101 0.9698463
vt 0.2083333 1.0000000
vt 0.2083333 0.0000000
vt 0.6294095 0.0170371
vt 0.6294095 0.9829629
vt 0.2222222 1.0000000
vt 0.2222222 0.0000000
vt 0.5868241 0.0075961
vt 0.5868241 0.9924039
vt 0.2361111 1.0000000
vt 0.2361111 0.0000000
vt 0.5435779 0.0019027
vt 0.5435779 0.9980973
vt 0.2500000 1.0000000
vt 0.2500000 0.0000000
vt 0.5000000 0.0000000
vt 0.5000000 1.0000000
vt 0.2638889 1.0000000
vt 0.2638889 0.0000000
vt 0.4564221 0.0019027
vt 0.4564221 0.9980973
vt 0.2777778 1.0000000
vt 0.2777778 0.0000000
vt 0.4131759 0.0075961
vt 0.4131759 0.9924039
vt 0.2916667 1.0000000
vt 0.2916667 0.0000000
vt 0.3705905 0.0170371
vt 0.3705905 0.9829629
vt 0.3055556 1.0000000
vt 0.3055556 0.0000000
vt 0.3289899 0.0301537
vt 0.3289899 0.9698463
vt 0.3194444 1.0000000
vt 0.3194444 0.0000000
vt 0.2886909 0.0468461
vt 0.2886909 0.9531539
vt 0.3333333 1.0000000
vt 0.3333333 0.0000000
vt 0.2500000 0.0669873
vt 0.2500000 0.9330127
vt 0.3472222 1.0000000
vt 0.3472222 0.0000000
vt 0.2132118 0.0904240
vt 0.2132118 0.9095760
vt 0.3611111 1.0000000
vt 0.3611111 0.0000000
vt 0.1786062 0.1169778
vt 0.1786062 0.8830222
vt 0.3750000 1.0000000
vt 0.3750000 0.0000000
vt 0.1464466 0.1464466
vt 0.1464466 0.8535534
vt 0.3888889 1.0000000
vt 0.3888889 0.0000000
vt 0.1169778 0.1786062
vt 0.1169778 0.8213938
vt 0.4027778 1.0000000
vt 0.4027778 0.0000000
vt 0.0904240 0.2132118
vt 0.0904240 0.7867882
vt 0.4166667 1.0000000
vt 0.4166667 0.0000000
vt 0.0669873 0.2500000
vt 0.0669873 0.7500000
vt 0.4305556 1.0000000
vt 0.4305556 0.0000000
vt 0.0468461 0.2886909
vt 0.0468461 0.7113091
vt 0.4444444 1.0000000
vt 0.4444444 0.0000000
vt 0.0301537 0.3289899
vt 0.0301537 0.6710101
vt 0.4583333 1.0000000
vt 0.4583333 0.0000000
vt 0.0170371 0.3705905
vt 0.0170371 0.6294095
vt 0.4722222 1.0000000
vt 0.4722222 0.0000000
vt 0.0075961 0.4131759
vt 0.0075961 0.5868241
vt 0.4861111 1.0000000
vt 0.4861111 0.0000000
vt 0.0019027 0.4564221
vt 0.0019027 0.5435779
vt 0.5000000 1.0000000
vt 0.5000000 0.0000000
vt 0.0000000 0.5000000
vt 0.0000000 0.5000000
vt 0.5138889 1.0000000
vt 0.5138889 0.0000000
vt 0.0019027 0.5435779
vt 0.0019027 0.4564221
vt 0.5277778 1.0000000
vt 0.5277778 0.0000000
vt 0.0075961 0.5868241
vt 0.0075961 0.4131759
vt 0.5416667 1.0000000
vt 0.5416667 0.0000000
vt 0.0170371 0.6294095
vt 0.0170371 0.3705905
vt 0.5555556 1.0000000
vt 0.5555556 0.0000000
vt 0.0301537 0.6710101
vt 0.0301537 0.3289899
vt 0.5694444 1.0000000
vt 0.5694444 0.0000000
vt 0.0468461 0.7113091
vt 0.0468461 0.2886909
vt 0.5833333 1.0000000
vt 0.5833333 0.0000000
vt 0.0669873 0.7500000
vt 0.0669873 0.2500000
vt 0.5972222 1.0000000
vt 0.5972222 0.0000000
vt 0.0904240 0.7867882
vt 0.0904240 0.2132118
vt 0.6111111 1.0000000
vt 0.6111111 0.0000000
vt 0.1169778 0.8213938
vt 0.1169778 0.1786062
vt 0.6250000 1.0000000
vt 0.6250000 0.0000000
vt 0.1464466 0.8535534
vt 0.1464466 0.1464466
vt 0.6388889 1.0000000
vt 0.6388889 0.0000000
vt 0.1786062 0.8830222
vt 0.1786062 0.1169778
vt 0.6527778 1.0000000
vt 0.6527778 0.0000000
vt 0.2132118 0.9095760
vt 0.2132118 0.0904240
vt 0.6666667 1.0000000
vt 0.6666667 0.0000000
vt 0.2500000 0.9330127
vt 0.2500000 0.0669873
vt 0.6805556 1.0000000
vt 0.6805556 0.0000000
vt 0.2886909 0.9531539
vt 0.2886909 0.0468461
vt 0.6944444 1.0000000
vt 0.6944444 0.0000000
vt 0.3289899 0.9698463
vt 0.3289899 0.0301537
vt 0.7083333 1.0000000
vt 0.7083333 0.0000000
vt 0.3705905 0.9829629
vt 0.3705905 0.0170371
vt 0.7222222 1.0000000
vt 0.7222222 0.0000000
vt 0.4131759 0.9924039
vt 0.4131759 0.0075961
vt 0.7361111 1.0000000
vt 0.7361111 0.0000000
vt 0.4564221 0.9980973
vt 0.4564221 0.0019027
vt 0.7500000 1.0000000
vt 0.7500000 0.0000000
vt 0.5000000 1.0000000
vt 0.5000000 0.0000000
vt 0.7638889 1.0000000
vt 0.7638889 0.0000000
vt 0.5435779 0.9980973
vt 0.5435779 0.0019027
vt 0.7777778 1.0000000
vt 0.7777778 0.0000000
vt 0.5868241 0.9924039
vt 0.5868241 0.0075961
vt 0.7916667 1.0000000
vt 0.7916667 0.0000000
vt 0.6294095 0.9829629
vt 0.6294095 0.0170371
vt 0.8055556 1.0000000
vt 0.8055556 0.0000000
vt 0.6710101 0.9698463
vt 0.6710101 0.0301537
vt 0.8194444 1.0000000
vt 0.8194444 0.0000000
vt 0.7113091 0.9531539
vt 0.7113091 0.0468461
vt 0.8333333 1.0000000
vt 0.8333333 0.0000000
vt 0.7500000 0.9330127
vt 0.7500000 0.0669873
vt 0.8472222 1.0000000
vt 0.8472222 0.0000000
vt 0.7867882 0.9095760
vt 0.7867882 0.0904240
vt 0.8611111 1.0000000
vt 0.8611111 0.0000000
vt 0.8213938 0.8830222
vt 0.8213938 0.1169778
vt 0.8750000 1.0000000
vt 0.8750000 0.0000000
vt 0.8535534 0.8535534
vt 0.8535534 0.1464466
vt 0.8888889 1.0000000
vt 0.8888889 0.0000000
vt 0.8830222 0.8213938
vt 0.8830222 0.1786062
vt 0.9027778 1.0000000
vt 0.9027778 0.0000000
vt 0.9095760 0.7867882
vt 0.9095760 0.2132118
vt 0.9166667 1.0000000
vt 0.9166667 0.0000000
vt 0.9330127 0.7500000
vt 0.9330127 0.2500000
vt 0.9305556 1.0000000
vt 0.9305556 0.0000000
vt 0.9531539 0.7113091
vt 0.9531539 0.2886909
vt 0.9444444 1.0000000
vt 0.9444444 0.0000000
vt 0.9698463 0.6710101
vt 0.9698463 0.3289899
vt 0.9583333 1.0000000
vt 0.9583333 0.0000000
vt 0.9829629 0.6294095
vt 0.9829629 0.3705905
vt 0.9722222 1.0000000
vt 0.9722222 0.0000000
vt 0.9924039 0.5868241
vt 0.9924039 0.4131759
vt 0.9861111 1.0000000
vt 0.9861111 0.0000000
vt 0.9980973 0.5435779
vt 0.9980973 0.4564221
vt 0.5000000 0.5000000
vt 0.5000000 0.5000000
vt 0.0000000 1.0000000
vt 0.0000000 0.0000000
vt 1.0000000 0.5000000
vt 1.0000000 0.5000000
vt 0.0156250 1.0000000
vt 0.0156250 0.0000000
vt 0.9975924 0.4509914
vt 0.9975924 0.5490086
vt 0.0312500 1.0000000
vt 0.0312500 0.0000000
vt 0.9903926 0.4024548
vt 0.9903926 0.5975452
vt 0.0468750 1.0000000
vt 0.0468750 0.0000000
vt 0.9784702 0.3548577
vt 0.9784702 0.6451423
vt 0.0625000 1.0000000
vt 0.0625000 0.0000000
vt 0.9619398 0.3086583
vt 0.9619398 0.6913417
vt 0.0781250 1.0000000
vt 0.0781250 0.0000000
vt 0.9409606 0.2643016
vt 0.9409606 0.7356984
vt 0.0937500 1.0000000
vt 0.0937500 0.0000000
vt 0.9157348 0.2222149
vt 0.9157348 0.7777851
vt 0.1093750 1.0000000
vt 0.1093750 0.0000000
vt 0.8865052 0.1828034
vt 0.8865052 0.8171966
vt 0.1250000 1.0000000
vt 0.1250000 0.0000000
vt 0.8535534 0.1464466
vt 0.8535534 0.8535534
vt 0.1406250 1.0000000
vt 0.1406250 0.0000000
vt 0.8171966 0.1134948
vt 0.8171966 0.8865052
vt 0.1562500 1.0000000
vt 0.1562500 0.0000000
vt 0.7777851 0.0842652
vt 0.7777851 0.9157348
vt 0.1718750 1.0000000
vt 0.1718750 0.0000000
vt 0.7356984 0.0590394
vt 0.7356984 0.9409606
vt 0.1875000 1.0000000
vt 0.1875000 0.0000000
vt 0.6913417 0.0380602
vt 0.6913417 0.9619398
vt 0.2031250 1.0000000
vt 0.2031250 0.0000000
vt 0.6451423 0.0215298
vt 0.6451423 0.9784702
vt 0.2187500 1.0000000
vt 0.2187500 0.0000000
vt 0.5975452 0.0096074
vt 0.5975452 0.9903926
vt 0.2343750 1.0000000
vt 0.2343750 0.0000000
vt 0.5490086 0.0024076
vt 0.5490086 0.9975924
vt 0.2500000 1.0000000
vt 0.2500000 0.0000000
vt 0.5000000 0.0000000
vt 0.5000000 1.0000000
vt 0.2656250 1.0000000
vt 0.2656250 0.0000000
vt 0.4509914 0.0024076
vt 0.4509914 0.9975924
vt 0.2812500 1.0000000
vt 0.2812500 0.0000000
vt 0.4024548 0.0096074
vt 0.4024548 0.9903926
vt 0.2968750 1.0000000
vt 0.2968750 0.0000000
vt 0.3548577 0.0215298
vt 0.3548577 0.9784702
vt 0.3125000 1.0000000
vt 0.3125000 0.0000000
vt 0.3086583 0.0380602
vt 0.3086583 0.9619398
vt 0.3281250 1.0000000
vt 0.3281250 0.0000000
vt 0.2643016 0.0590394
vt 0.2643016 0.9409606
vt 0.3437500 1.0000000
vt 0.3437500 0.0000000
vt 0.2222149 0.0842652
vt 0.2222149 0.9157348
vt 0.3593750 1.0000000
vt 0.3593750 0.0000000
vt 0.1828034 0.1134948
vt 0.1828034 0.8865052
vt 0.3750000 1.0000000
vt 0.3750000 0.0000000
vt 0.1464466 0.1464466
vt 0.1464466 0.8535534
vt 0.3906250 1.0000000
vt 0.3906250 0.0000000
vt 0.1134948 0.1828034
vt 0.1134948 0.8171966
vt 0.4062500 1.0000000
vt 0.4062500 0.0000000
vt 0.0842652 0.2222149
vt 0.0842652 0.7777851
vt 0.4218750 1.0000000
vt 0.4218750 0.0000000
vt 0.0590394 0.2643016
vt 0.0590394 0.7356984
vt 0.4375000 1.0000000
vt 0.4375000 0.0000000
vt 0.0380602 0.3086583
vt 0.0380602 0.6913417
vt 0.4531250 1.0000000
vt 0.4531250 0.0000000
vt 0.0215298 0.3548577
vt 0.0215298 0.6451423
vt 0.4687500 1.0000000
vt 0.4687500 0.0000000
vt 0.0096074 0.4024548
vt 0.0096074 0.5975452
vt 0.4843750 1.0000000
vt 0.4843750 0.0000000
vt 0.0024076 0.4509914
vt 0.0024076 0.5490086
vt 0.5000000 1.0000000
vt 0.5000000 0.0000000
vt 0.0000000 0.5000000
vt 0.0000000 0.5000000
vt 0.5156250 1.0000000
vt 0.5156250 0.0000000
vt 0.0024076 0.5490086
vt 0.0024076 0.4509914
vt 0.5312500 1.0000000
vt 0.5312500 0.0000000
vt 0.0096074 0.5975452
vt 0.0096074 0.4024548
vt 0.5468750 1.0000000
vt 0.5468750 0.0000000
vt 0.0215298 0.6451423
vt 0.0215298 0.3548577
vt 0.5625000 1.0000000
vt 0.5625000 0.0000000
vt 0.0380602 0.6913417
vt 0.0380602 0.3086583
vt 0.5781250 1.0000000
vt 0.5781250 0.0000000
vt 0.0590394 0.7356984
vt 0.0590394 0.2643016
vt 0.5937500 1.0000000
vt 0.5937500 0.0000000
vt 0.0842652 0.7777851
vt 0.0842652 0.2222149
vt 0.6093750 1.0000000
vt 0.6093750 0.0000000
vt 0.1134948 0.8171966
vt 0.1134948 0.1828034
vt 0.6250000 1.0000000
vt 0.6250000 0.0000000
vt 0.1464466 0.8535534
vt 0.1464466 0.1464466
vt 0.6406250 1.0000000
vt 0.6406250 0.0000000
vt 0.1828034 0.8865052
vt 0.1828034 0.1134948
vt 0.6562500 1.0000000
vt 0.6562500 0.0000000
vt 0.2222149 0.9157348
vt 0.2222149 0.0842652
vt 0.6718750 1.0000000
vt 0.6718750 0.0000000
vt 0.2643016 0.9409606
vt 0.2643016 0.0590394
vt 0.6875000 1.0000000
vt 0.6875000 0.0000000
vt 0.3086583 0.9619398
vt 0.3086583 0.0380602
vt 0.7031250 1.0000000
vt 0.7031250 0.0000000
vt 0.3548577 0.9784702
vt 0.3548577 0.0215298
vt 0.7187500 1.0000000
vt 0.7187500 0.0000000
vt 0.4024548 0.9903926
vt 0.4024548 0.0096074
vt 0.7343750 1.0000000
vt 0.7343750 0.0000000
vt 0.4509914 0.9975924
vt 0.4509914 0.0024076
vt 0.7500000 1.0000000
vt 0.7500000 0.0000000
vt 0.5000000 1.0000000
vt 0.5000000 0.0000000
vt 0.7656250 1.0000000
vt 0.7656250 0.0000000
vt 0.5490086 0.9975924
vt 0.5490086 0.0024076
vt 0.7812500 1.0000000
vt 0.7812500 0.0000000
vt 0.5975452 0.9903926
vt 0.5975452 0.0096074
vt 0.7968750 1.0000000
vt 0.7968750 0.0000000
vt 0.6451423 0.9784702
vt 0.6451423 0.0215298
vt 0.8125000 1.0000000
vt 0.8125000 0.0000000
vt 0.6913417 0.9619398
vt 0.6913417 0.0380602
vt 0.8281250 1.0000000
vt 0.8281250 0.0000000
vt 0.7356984 0.9409606
vt 0.7356984 0.0590394
vt 0.8437500 1.0000000
vt 0.8437500 0.0000000
vt 0.7777851 0.9157348
vt 0.7777851 0.0842652
vt 0.8593750 1.0000000
vt 0.8593750 0.0000000
vt 0.8171966 0.8865052
vt 0.8171966 0.1134948
vt 0.8750000 1.0000000
vt 0.8750000 0.0000000
vt 0.8535534 0.8535534
vt 0.8535534 0.1464466
vt 0.8906250 1.0000000
vt 0.8906250 0.0000000
vt 0.8865052 0.8171966
vt 0.8865052 0.1828034
vt 0.9062500 1.0000000
vt 0.9062500 0.0000000
vt 0.9157348 0.7777851
vt 0.9157348 0.2222149
vt 0.9218750 1.0000000
vt 0.9218750 0.0000000
vt 0.9409606 0.7356984
vt 0.9409606 0.2643016
vt 0.9375000 1.0000000
vt 0.9375000 0.0000000
vt 0.9619398 0.6913417
vt 0.9619398 0.3086583
vt 0.9531250 1.0000000
vt 0.9531250 0.0000000
vt 0.9784702 0.6451423
vt 0.9784702 0.3548577
vt 0.9687500 1.0000000
vt 0.9687500 0.0000000
vt 0.9903926 0.5975452
vt 0.9903926 0.4024548
vt 0.9843750 1.0000000
vt 0.9843750 0.0000000
vt 0.9975924 0.5490086
vt 0.9975924 0.4509914
vt 0.5000000 0.5000000
vt 0.5000000 0.5000000
vt 0.0000000 1.0000000
vt 0.0000000 0.0000000
vt 1.0000000 0.5000000
vt 1.0000000 0.5000000
vt 0.0208333 1.0000000
vt 0.0208333 0.0000000
vt 0.9957224 0.4347369
vt 0.9957224 0.5652631
vt 0.0416667 1.0000000
vt 0.0416667 0.0000000
vt 0.9829629 0.3705905
vt 0.9829629 0.6294095
vt 0.0625000 1.0000000
vt 0.0625000 0.0000000
vt 0.9619398 0.3086583
vt 0.9619398 0.6913417
vt 0.0833333 1.0000000
vt 0.0833333 0.0000000
vt 0.9330127 0.2500000
vt 0.9330127 0.7500000
vt 0.1041667 1.0000000
vt 0.1041667 0.0000000
vt 0.8966767 0.1956193
vt 0.8966767 0.8043807
vt 0.1250000 1.0000000
vt 0.1250000 0.0000000
vt 0.8535534 0.1464466
vt 0.8535534 0.8535534
vt 0.1458333 1.0000000
vt 0.1458333 0.0000000
vt 0.8043807 0.1033233
vt 0.8043807 0.8966767
vt 0.1666667 1.0000000
vt 0.1666667 0.0000000
vt 0.7500000 0.0669873
vt 0.7500000 0.9330127
vt 0.1875000 1.0000000
vt 0.1875000 0.0000000
vt 0.6913417 0.0380602
vt 0.6913417 0.9619398
vt 0.2083333 1.0000000
vt 0.2083333 0.0000000
vt 0.6294095 0.0170371
vt 0.6294095 0.9829629
vt 0.2291667 1.0000000
vt 0.2291667 0.0000000
vt 0.5652631 0.0042776
vt 0.5652631 0.9957224
vt 0.2500000 1.0000000
vt 0.2500000 0.0000000
vt 0.5000000 0.0000000
vt 0.5000000 1.0000000
vt 0.2708333 1.0000000
vt 0.2708333 0.0000000
vt 0.4347369 0.0042776
vt 0.4347369 0.9957224
vt 0.2916667 1.0000000
vt 0.2916667 0.0000000
vt 0.3705905 0.0170371
vt 0.3705905 0.9829629
vt 0.3125000 1.0000000
vt 0.3125000 0.0000000
vt 0.3086583 0.0380602
vt 0.3086583 0.9619398
vt 0.3333333 1.0000000
vt 0.3333333 0.0000000
vt 0.2500000 0.0669873
vt 0.2500000 0.9330127
vt 0.3541667 1.0000000
vt 0.3541667 0.0000000
vt 0.1956193 0.1033233
vt 0.1956193 0.8966767
vt 0.3750000 1.0000000
vt 0.3750000 0.0000000
vt 0.1464466 0.1464466
vt 0.1464466 0.8535534
vt 0.3958333 1.0000000
vt 0.3958333 0.0000000
vt 0.1033233 0.1956193
vt 0.1033233 0.8043807
vt 0.4166667 1.0000000
vt 0.4166667 0.0000000
vt 0.0669873 0.2500000
vt 0.0669873 0.7500000
vt 0.4375000 1.0000000
vt 0.4375000 0.0000000
vt 0.0380602 0.3086583
vt 0.0380602 0.6913417
vt 0.4583333 1.0000000
vt 0.4583333 0.0000000
vt 0.0170371 0.3705905
vt 0.0170371 0.6294095
vt 0.4791667 1.0000000
vt 0.4791667 0.0000000
vt 0.0042776 0.4347369
vt 0.0042776 0.5652631
vt 0.5000000 1.0000000
vt 0.5000000 0.0000000
vt 0.0000000 0.5000000
vt 0.0000000 0.5000000
vt 0.5208333 1.0000000
vt 0.5208333 0.0000000
vt 0.0042776 0.5652631
vt 0.0042776 0.4347369
vt 0.5416667 1.0000000
vt 0.5416667 0.0000000
vt 0.0170371 0.6294095
vt 0.0170371 0.3705905
vt 0.5625000 1.0000000
vt 0.5625000 0.0000000
vt 0.0380602 0.6913417
vt 0.0380602 0.3086583
vt 0.5833333 1.0000000
vt 0.5833333 0.0000000
vt 0.0669873 0.7500000
vt 0.0669873 0.2500000
vt 0.6041667 1.0000000
vt 0.6041667 0.0000000
vt 0.1033233 0.8043807
vt 0.1033233 0.1956193
vt 0.6250000 1.0000000
vt 0.6250000 0.0000000
vt 0.1464466 0.8535534
vt 0.1464466 0.1464466
vt 0.6458333 1.0000000
vt 0.6458333 0.0000000
vt 0.1956193 0.8966767
vt 0.1956193 0.1033233
vt 0.6666667 1.0000000
vt 0.6666667 0.0000000
vt 0.2500000 0.9330127
vt 0.2500000 0.0669873
vt 0.6875000 1.0000000
vt 0.6875000 0.0000000
vt 0.3086583 0.9619398
vt 0.3086583 0.0380602
vt 0.7083333 1.0000000
vt 0.7083333 0.0000000
vt 0.3705905 0.9829629
vt 0.3705905 0.0170371
vt 0.7291667 1.0000000
vt 0.7291667 0.0000000
vt 0.4347369 0.9957224
vt 0.4347369 0.0042776
vt 0.7500000 1.0000000
vt 0.7500000 0.0000000
vt 0.5000000 1.0000000
vt 0.5000000 0.0000000
vt 0.7708333 1.0000000
vt 0.7708333 0.0000000
vt 0.5652631 0.9957224
vt 0.5652631 0.0042776
vt 0.7916667 1.0000000
vt 0.7916667 0.0000000
vt 0.6294095 0.9829629
vt 0.6294095 0.0170371
vt 0.8125000 1.0000000
vt 0.8125000 0.0000000
vt 0.6913417 0.9619398
vt 0.6913417 0.0380602
vt 0.8333333 1.0000000
vt 0.8333333 0.0000000
vt 0.7500000 0.9330127
vt 0.7500000 0.0669873
vt 0.8541667 1.0000000
vt 0.8541667 0.0000000
vt 0.8043807 0.8966767
vt 0.8043807 0.1033233
vt 0.8750000 1.0000000
vt 0.8750000 0.0000000
vt 0.8535534 0.8535534
vt 0.8535534 0.1464466
vt 0.8958333 1.0000000
vt 0.8958333 0.0000000
vt 0.8966767 0.8043807
vt 0.8966767 0.1956193
vt 0.9166667 1.0000000
vt 0.9166667 0.0000000
vt 0.9330127 0.7500000
vt 0.9330127 0.2500000
vt 0.9375000 1.0000000
vt 0.9375000 0.0000000
vt 0.9619398 0.6913417
vt 0.9619398 0.3086583
vt 0.9583333 1.0000000
vt 0.9583333 0.0000000
vt 0.9829629 0.6294095
vt 0.9829629 0.3705905
vt 0.9791667 1.0000000
vt 0.9791667 0.0000000
vt 0.9957224 0.5652631
vt 0.9957224 0.4347369
vt 0.5000000 0.5000000
vt 0.5000000 0.5000000
vt 0.0000000 1.0000000
vt 0.0000000 0.0000000
vt 1.0000000 0.5000000
vt 1.0000000 0.5000000
vt 0.0125000 1.0000000
vt 0.0125000 0.0000000
vt 0.9984587 0.4607705
vt 0.9984587 0.5392295
vt 0.0250000 1.0000000
vt 0.0250000 0.0000000
vt 0.9938442 0.4217828
vt 0.9938442 0.5782172
vt 0.0375000 1.0000000
vt 0.0375000 0.0000000
vt 0.9861850 0.3832773
vt 0.9861850 0.6167227
vt 0.0500000 1.0000000
vt 0.0500000 0.0000000
vt 0.9755283 0.3454915
vt 0.9755283 0.6545085
vt 0.0625000 1.0000000
vt 0.0625000 0.0000000
vt 0.9619398 0.3086583
vt 0.9619398 0.6913417
vt 0.0750000 1.0000000
vt 0.0750000 0.0000000
vt 0.9455033 0.2730048
vt 0.9455033 0.7269952
vt 0.0875000 1.0000000
vt 0.0875000 0.0000000
vt 0.9263201 0.2387507
vt 0.9263201 0.7612493
vt 0.1000000 1.0000000
vt 0.1000000 0.0000000
vt 0.9045085 0.2061074
vt 0.9045085 0.7938926
vt 0.1125000 1.0000000
vt 0.1125000 0.0000000
vt 0.8802030 0.1752760
vt 0.8802030 0.8247240
vt 0.1250000 1.0000000
vt 0.1250000 0.0000000
vt 0.8535534 0.1464466
vt 0.8535534 0.8535534
vt 0.1375000 1.0000000
vt 0.1375000 0.0000000
vt 0.8247240 0.1197970
vt 0.8247240 0.8802030
vt 0.1500000 1.0000000
vt 0.1500000 0.0000000
vt 0.7938926 0.0954915
vt 0.7938926 0.9045085
vt 0.1625000 1.0000000
vt 0.1625000 0.0000000
vt 0.7612493 0.0736799
vt 0.7612493 0.9263201
vt 0.1750000 1.0000000
vt 0.1750000 0.0000000
vt 0.7269952 0.0544967
vt 0.7269952 0.9455033
vt 0.1875000 1.0000000
vt 0.1875000 0.0000000
vt 0.6913417 0.0380602
vt 0.6913417 0.9619398
vt 0.2000000 1.0000000
vt 0.2000000 0.0000000
vt 0.6545085 0.0244717
vt 0.6545085 0.9755283
vt 0.2125000 1.0000000
vt 0.2125000 0.0000000
vt 0.6167227 0.0138150
vt 0.6167227 0.9861850
vt 0.2250000 1.0000000
vt 0.2250000 0.0000000
vt 0.5782172 0.0061558
vt 0.5782172 0.9938442
vt 0.2375000 1.0000000
vt 0.2375000 0.0000000
vt 0.5392295 0.0015413
vt 0.5392295 0.9984587
vt 0.2500000 1.0000000
vt 0.2500000 0.0000000
vt 0.5000000 0.0000000
vt 0.5000000 1.0000000
vt 0.2625000 1.0000000
vt 0.2625000 0.0000000
vt 0.4607705 0.0015413
vt 0.4607705 0.9984587
vt 0.2750000 1.0000000
vt 0.2750000 0.0000000
vt 0.4217828 0.0061558
vt 0.4217828 0.9938442
vt 0.2875000 1.0000000
vt 0.2875000 0.0000000
vt 0.3832773 0.0138150
vt 0.3832773 0.9861850
vt 0.3000000 1.0000000
vt 0.3000000 0.0000000
vt 0.3454915 0.0244717
vt 0.3454915 0.9755283
vt 0.3125000 1.0000000
vt 0.3125000 0.0000000
vt 0.3086583 0.0380602
vt 0.3086583 0.9619398
vt 0.3250000 1.0000000
vt 0.3250000 0.0000000
vt 0.2730048 0.0544967
vt 0.2730048 0.9455033
vt 0.3375000 1.0000000
vt 0.3375000 0.0000000
vt 0.2387507 0.0736799
vt 0.2387507 0.9263201
vt 0.3500000 1.0000000
vt 0.3500000 0.0000000
vt 0.2061074 0.0954915
vt 0.2061074 0.9045085
vt 0.3625000 1.0000000
vt 0.3625000 0.0000000
vt 0.1752760 0.1197970
vt 0.1752760 0.8802030
vt 0.3750000 1.0000000
vt 0.3750000 0.0000000
vt 0.1464466 0.1464466
vt 0.1464466 0.8535534
vt 0.3875000 1.0000000
vt 0.3875000 0.0000000
vt 0.1197970 0.1752760
vt 0.1197970 0.8247240
vt 0.4000000 1.0000000
vt 0.4000000 0.0000000
vt 0.0954915 0.2061074
vt 0.0954915 0.7938926
vt 0.4125000 1.0000000
vt 0.4125000 0.0000000
vt 0.0736799 0.2387507
vt 0.0736799 0.7612493
vt 0.4250000 1.0000000
vt 0.4250000 0.0000000
vt 0.0544967 0.2730048
vt 0.0544967 0.7269952
vt 0.4375000 1.0000000
vt 0.4375000 0.0000000
vt 0.0380602 0.3086583
vt 0.0380602 0.6913417
vt 0.4500000 1.0000000
vt 0.4500000 0.0000000
vt 0.0244717 0.3454915
vt 0.0244717 0.6545085
vt 0.4625000 1.0000000
vt 0.4625000 0.0000000
vt 0.0138150 0.3832773
vt 0.0138150 0.6167227
vt 0.4750000 1.0000000
vt 0.4750000 0.0000000
vt 0.0061558 0.4217828
vt 0.0061558 0.5782172
vt 0.4875000 1.0000000
vt 0.4875000 0.0000000
vt 0.0015413 0.4607705
vt 0.0015413 0.5392295
vt 0.5000000 1.0000000
vt 0.5000000 0.0000000
vt 0.0000000 0.5000000
vt 0.0000000 0.5000000
vt 0.5125000 1.0000000
vt 0.5125000 0.0000000
vt 0.0015413 0.5392295
vt 0.0015413 0.4607705
vt 0.5250000 1.0000000
vt 0.5250000 0.0000000
vt 0.0061558 0.5782172
vt 0.0061558 0.4217828
vt 0.5375000 1.0000000
vt 0.5375000 0.0000000
vt 0.0138150 0.6167227
vt 0.0138150 0.3832773
vt 0.5500000 1.0000000
vt 0.5500000 0.0000000
vt 0.0244717 0.6545085
vt 0.0244717 0.3454915
vt 0.5625000 1.0000000
vt 0.5625000 0.0000000
vt 0.0380602 0.6913417
vt 0.0380602 0.3086583
vt 0.5750000 1.0000000
vt 0.5750000 0.0000000
vt 0.0544967 0.7269952
vt 0.0544967 0.2730048
vt 0.5875000 1.0000000
vt 0.5875000 0.0000000
vt 0.0736799 0.7612493
vt 0.0736799 0.2387507
vt 0.6000000 1.0000000
vt 0.6000000 0.0000000
vt 0.0954915 0.7938926
vt 0.0954915 0.2061074
vt 0.6125000 1.0000000
vt 0.6125000 0.0000000
vt 0.1197970 0.8247240
vt 0.1197970 0.1752760
vt 0.6250000 1.0000000
vt 0.6250000 0.0000000
vt 0.1464466 0.8535534
vt 0.1464466 0.1464466
vt 0.6375000 1.0000000
vt 0.6375000 0.0000000
vt 0.1752760 0.8802030
vt 0.1752760 0.1197970
vt 0.6500000 1.0000000
vt 0.6500000 0.0000000
vt 0.2061074 0.9045085
vt 0.2061074 0.0954915
vt 0.6625000 1.0000000
vt 0.6625000 0.0000000
vt 0.2387507 0.9263201
vt 0.2387507 0.0736799
vt 0.6750000 1.0000000
vt 0.6750000 0.0000000
vt 0.2730048 0.9455033
vt 0.2730048 0.0544967
vt 0.6875000 1.0000000
vt 0.6875000 0.0000000
vt 0.3086583 0.9619398
vt 0.3086583 0.0380602
vt 0.7000000 1.0000000
vt 0.7000000 0.0000000
vt 0.3454915 0.9755283
vt 0.3454915 0.0244717
vt 0.7125000 1.0000000
vt 0.7125000 0.0000000
vt 0.3832773 0.9861850
vt 0.3832773 0.0138150
vt 0.7250000 1.0000000
vt 0.7250000 0.0000000
vt 0.4217828 0.9938442
vt 0.4217828 0.0061558
vt 0.7375000 1.0000000
vt 0.7375000 0.0000000
vt 0.4607705 0.9984587
vt 0.4607705 0.0015413
vt 0.7500000 1.0000000
vt 0.7500000 0.0000000
vt 0.5000000 1.0000000
vt 0.5000000 0.0000000
vt 0.7625000 1.0000000
vt 0.7625000 0.0000000
vt 0.5392295 0.9984587
vt 0.5392295 0.0015413
vt 0.7750000 1.0000000
vt 0.7750000 0.0000000
vt 0.5782172 0.9938442
vt 0.5782172 0.0061558
vt 0.7875000 1.0000000
vt 0.7875000 0.0000000
vt 0.6167227 0.9861850
vt 0.6167227 0.0138150
vt 0.8000000 1.0000000
vt 0.8000000 0.0000000
vt 0.6545085 0.9755283
vt 0.6545085 0.0244717
vt 0.8125000 1.0000000
vt 0.8125000 0.0000000
vt 0.6913417 0.9619398
vt 0.6913417 0.0380602
vt 0.8250000 1.0000000
vt 0.8250000 0.0000000
vt 0.7269952 0.9455033
vt 0.7269952 0.0544967
vt 0.8375000 1.0000000
vt 0.8375000 0.0000000
vt 0.7612493 0.9263201
vt 0.7612493 0.0736799
vt 0.8500000 1.0000000
vt 0.8500000 0.0000000
vt 0.7938926 0.9045085
vt 0.7938926 0.0954915
vt 0.8625000 1.0000000
vt 0.8625000 0.0000000
vt 0.8247240 0.8802030
vt 0.8247240 0.1197970
vt 0.8750000 1.0000000
vt 0.8750000 0.0000000
vt 0.8535534 0.8535534
vt 0.8535534 0.1464466
vt 0.8875000 1.0000000
vt 0.8875000 0.0000000
vt 0.8802030 0.8247240
vt 0.8802030 0.1752760
vt 0.9000000 1.0000000
vt 0.9000000 0.0000000
vt 0.9045085 0.7938926
vt 0.9045085 0.2061074
vt 0.9125000 1.0000000
vt 0.9125000 0.0000000
vt 0.9263201 0.7612493
vt 0.9263201 0.2387507
vt 0.9250000 1.0000000
vt 0.9250000 0.0000000
vt 0.9455033 0.7269952
vt 0.9455033 0.2730048
vt 0.9375000 1.0000000
vt 0.9375000 0.0000000
vt 0.9619398 0.6913417
vt 0.9619398 0.3086583
vt 0.9500000 1.0000000
vt 0.9500000 0.0000000
vt 0.9755283 0.6545085
vt 0.9755283 0.3454915
vt 0.9625000 1.0000000
vt 0.9625000 0.0000000
vt 0.9861850 0.6167227
vt 0.9861850 0.3832773
vt 0.9750000 1.0000000
vt 0.9750000 0.0000000
vt 0.9938442 0.5782172
vt 0.9938442 0.4217828
vt 0.9875000 1.0000000
vt 0.9875000 0.0000000
vt 0.9984587 0.5392295
vt 0.9984587 0.4607705
vt 0.5000000 0.5000000
vt 0.5000000 0.5000000
vt 0.0000000 1.0000000
vt 0.0000000 0.0000000
vt 1.0000000 0.5000000
vt 1.0000000 0.5000000
vt 0.0138889 1.0000000
vt 0.0138889 0.0000000
vt 0.9980973 0.4564221
vt 0.9980973 0.5435779
vt 0.0277778 1.0000000
vt 0.0277778 0.0000000
vt 0.9924039 0.4131759
vt 0.9924039 0.5868241
vt 0.0416667 1.0000000
vt 0.0416667 0.0000000
vt 0.9829629 0.3705905
vt 0.9829629 0.6294095
vt 0.0555556 1.0000000
vt 0.0555556 0.0000000
vt 0.9698463 0.3289899
vt 0.9698463 0.6710101
vt 0.0694444 1.0000000
vt 0.0694444 0.0000000
vt 0.9531539 0.2886909
vt 0.9531539 0.7113091
vt 0.0833333 1.0000000
vt 0.0833333 0.0000000
vt 0.9330127 0.2500000
vt 0.9330127 0.7500000
vt 0.0972222 1.0000000
vt 0.0972222 0.0000000
vt 0.9095760 0.2132118
vt 0.9095760 0.7867882
vt 0.1111111 1.0000000
vt 0.1111111 0.0000000
vt 0.8830222 0.1786062
vt 0.8830222 0.8213938
vt 0.1250000 1.0000000
vt 0.1250000 0.0000000
vt 0.8535534 0.1464466
vt 0.8535534 0.8535534
vt 0.1388889 1.0000000
vt 0.1388889 0.0000000
vt 0.8213938 0.1169778
vt 0.8213938 0.8830222
vt 0.1527778 1.0000000
vt 0.1527778 0.0000000
vt 0.7867882 0.0904240
vt 0.7867882 0.9095760
vt 0.1666667 1.0000000
vt 0.1666667 0.0000000
vt 0.7500000 0.0669873
vt 0.7500000 0.9330127
vt 0.1805556 1.0000000
vt 0.1805556 0.0000000
vt 0.7113091 0.0468461
vt 0.7113091 0.9531539
vt 0.1944444 1.0000000
vt 0.1944444 0.0000000
vt 0.6710101 0.0301537
vt 0.6710101 0.9698463
vt 0.2083333 1.0000000
vt 0.2083333 0.0000000
vt 0.6294095 0.0170371
vt 0.6294095 0.9829629
vt 0.2222222 1.0000000
vt 0.2222222 0.0000000
vt 0.5868241 0.0075961
vt 0.5868241 0.9924039
vt 0.2361111 1.0000000
vt 0.2361111 0.0000000
vt 0.5435779 0.0019027
vt 0.5435779 0.9980973
vt 0.2500000 1.0000000
vt 0.2500000 0.0000000
vt 0.5000000 0.0000000
vt 0.5000000 1.0000000
vt 0.2638889 1.0000000
vt 0.2638889 0.0000000
vt 0.4564221 0.0019027
vt 0.4564221 0.9980973
vt 0.2777778 1.0000000
vt 0.2777778 0.0000000
vt 0.4131759 0.0075961
vt 0.4131759 0.9924039
vt 0.2916667 1.0000000
vt 0.2916667 0.0000000
vt 0.3705905 0.0170371
vt 0.3705905 0.9829629
vt 0.3055556 1.0000000
vt 0.3055556 0.0000000
vt 0.3289899 0.0301537
vt 0.3289899 0.9698463
vt 0.3194444 1.0000000
vt 0.3194444 0.0000000
vt 0.2886909 0.0468461
vt 0.2886909 0.9531539
vt 0.3333333 1.0000000
vt 0.3333333 0.0000000
vt 0.2500000 0.0669873
vt 0.2500000 0.9330127
vt 0.3472222 1.0000000
vt 0.3472222 0.0000000
vt 0.2132118 0.0904240
vt 0.2132118 0.9095760
vt 0.3611111 1.0000000
vt 0.3611111 0.0000000
vt 0.1786062 0.1169778
vt 0.1786062 0.8830222
vt 0.3750000 1.0000000
vt 0.3750000 0.0000000
vt 0.1464466 0.1464466
vt 0.1464466 0.8535534
vt 0.3888889 1.0000000
vt 0.3888889 0.0000000
vt 0.1169778 0.1786062
vt 0.1169778 0.8213938
vt 0.4027778 1.0000000
vt 0.4027778 0.0000000
vt 0.0904240 0.2132118
vt 0.0904240 0.7867882
vt 0.4166667 1.0000000
vt 0.4166667 0.0000000
vt 0.0669873 0.2500000
vt 0.0669873 0.7500000
vt 0.4305556 1.0000000
vt 0.4305556 0.0000000
vt 0.0468461 0.2886909
vt 0.0468461 0.7113091
vt 0.4444444 1.0000000
vt 0.4444444 0.0000000
vt 0.0301537 0.3289899
vt 0.0301537 0.6710101
vt 0.4583333 1.0000000
vt 0.4583333 0.0000000
vt 0.0170371 0.3705905
vt 0.0170371 0.6294095
vt 0.4722222 1.0000000
vt 0.4722222 0.0000000
vt 0.0075961 0.4131759
vt 0.0075961 0.5868241
vt 0.4861111 1.0000000
vt 0.4861111 0.0000000
vt 0.0019027 0.4564221
vt 0.0019027 0.5435779
vt 0.5000000 1.0000000
vt 0.5000000 0.0000000
vt 0.0000000 0.5000000
vt 0.0000000 0.5000000
vt 0.5138889 1.0000000
vt 0.5138889 0.0000000
vt 0.0019027 0.5435779
vt 0.0019027 0.4564221
vt 0.5277778 1.0000000
vt 0.5277778 0.0000000
vt 0.0075961 0.5868241
vt 0.0075961 0.4131759
vt 0.5416667 1.0000000
vt 0.5416667 0.0000000
vt 0.0170371 0.6294095
vt 0.0170371 0.3705905
vt 0.5555556 1.0000000
vt 0.5555556 0.0000000
vt 0.0301537 0.6710101
vt 0.0301537 0.3289899
vt 0.5694444 1.0000000
vt 0.5694444 0.0000000
vt 0.0468461 0.7113091
vt 0.0468461 0.2886909
vt 0.5833333 1.0000000
vt 0.5833333 0.0000000
vt 0.0669873 0.7500000
vt 0.0669873 0.2500000
vt 0.5972222 1.0000000
vt 0.5972222 0.0000000
vt 0.0904240 0.7867882
vt 0.0904240 0.2132118
vt 0.6111111 1.0000000
vt 0.6111111 0.0000000
vt 0.1169778 0.8213938
vt 0.1169778 0.1786062
vt 0.6250000 1.0000000
vt 0.6250000 0.0000000
vt 0.1464466 0.8535534
vt 0.1464466 0.1464466
vt 0.6388889 1.0000000
vt 0.6388889 0.0000000
vt 0.1786062 0.8830222
vt 0.1786062 0.1169778
vt 0.6527778 1.0000000
vt 0.6527778 0.0000000
vt 0.2132118 0.9095760
vt 0.2132118 0.0904240
vt 0.6666667 1.0000000
vt 0.6666667 0.0000000
vt 0.2500000 0.9330127
vt 0.2500000 0.0669873
vt 0.6805556 1.0000000
vt 0.6805556 0.0000000
vt 0.2886909 0.9531539
vt 0.2886909 0.0468461
vt 0.6944444 1.0000000
vt 0.6944444 0.0000000
vt 0.3289899 0.9698463
vt 0.3289899 0.0301537
vt 0.7083333 1.0000000
vt 0.7083333 0.0000000
vt 0.3705905 0.9829629
vt 0.3705905 0.0170371
vt 0.7222222 1.0000000
vt 0.7222222 0.0000000
vt 0.4131759 0.9924039
vt 0.4131759 0.0075961
vt 0.7361111 1.0000000
vt 0.7361111 0.0000000
vt 0.4564221 0.9980973
vt 0.4564221 0.0019027
vt 0.7500000 1.0000000
vt 0.7500000 0.0000000
vt 0.5000000 1.0000000
vt 0.5000000 0.0000000
vt 0.7638889 1.0000000
vt 0.7638889 0.0000000
vt 0.5435779 0.9980973
vt 0.5435779 0.0019027
vt 0.7777778 1.0000000
vt 0.7777778 0.0000000
vt 0.5868241 0.9924039
vt 0.5868241 0.0075961
vt 0.7916667 1.0000000
vt 0.7916667 0.0000000
vt 0.6294095 0.9829629
vt 0.6294095 0.0170371
vt 0.8055556 1.0000000
vt 0.8055556 0.0000000
vt 0.6710101 0.9698463
vt 0.6710101 0.0301537
vt 0.8194444 1.0000000
vt 0.8194444 0.0000000
vt 0.7113091 0.9531539
vt 0.7113091 0.0468461
vt 0.8333333 1.0000000
vt 0.8333333 0.0000000
vt 0.7500000 0.9330127
vt 0.7500000 0.0669873
vt 0.8472222 1.0000000
vt 0.8472222 0.0000000
vt 0.7867882 0.9095760
vt 0.7867882 0.0904240
vt 0.8611111 1.0000000
vt 0.8611111 0.0000000
vt 0.8213938 0.8830222
vt 0.8213938 0.1169778
vt 0.8750000 1.0000000
vt 0.8750000 0.0000000
vt 0.8535534 0.8535534
vt 0.8535534 0.1464466
vt 0.8888889 1.0000000
vt 0.8888889 0.0000000
vt 0.8830222 0.8213938
vt 0.8830222 0.1786062
vt 0.9027778 1.0000000
vt 0.9027778 0.0000000
vt 0.9095760 0.7867882
vt 0.9095760 0.2132118
vt 0.9166667 1.0000000
vt 0.9166667 0.0000000
vt 0.9330127 0.7500000
vt 0.9330127 0.2500000
vt 0.9305556 1.0000000
vt 0.9305556 0.0000000
vt 0.9531539 0.7113091
vt 0.9531539 0.2886909
vt 0.9444444 1.0000000
vt 0.9444444 0.0000000
vt 0.9698463 0.6710101
vt 0.9698463 0.3289899
vt 0.9583333 1.0000000
vt 0.9583333 0.0000000
vt 0.9829629 0.6294095
vt 0.9829629 0.3705905
vt 0.9722222 1.0000000
vt 0.9722222 0.0000000
vt 0.9924039 0.5868241
vt 0.9924039 0.4131759
vt 0.9861111 1.0000000
vt 0.9861111 0.0000000
vt 0.9980973 0.5435779
vt 0.9980973 0.4564221
vt 0.5000000 0.5000000
vt 0.5000000 0.5000000
vt 0.0000000 1.0000000
vt 0.0000000 0.0000000
vt 1.0000000 0.5000000
vt 1.0000000 0.5000000
vt 0.0156250 1.0000000
vt 0.0156250 0.0000000
vt 0.9975924 0.4509914
vt 0.9975924 0.5490086
vt 0.0312500 1.0000000
vt 0.0312500 0.0000000
vt 0.9903926 0.4024548
vt 0.9903926 0.5975452
vt 0.0468750 1.0000000
vt 0.0468750 0.0000000
vt 0.9784702 0.3548577
vt 0.9784702 0.6451423
vt 0.0625000 1.0000000
vt 0.0625000 0.0000000
vt 0.9619398 0.3086583
vt 0.9619398 0.6913417
vt 0.0781250 1.0000000
vt 0.0781250 0.0000000
vt 0.9409606 0.2643016
vt 0.9409606 0.7356984
vt 0.0937500 1.0000000
vt 0.0937500 0.0000000
vt 0.9157348 0.2222149
vt 0.9157348 0.7777851
vt 0.1093750 1.0000000
vt 0.1093750 0.0000000
vt 0.8865052 0.1828034
vt 0.8865052 0.8171966
vt 0.1250000 1.0000000
vt 0.1250000 0.0000000
vt 0.8535534 0.1464466
vt 0.8535534 0.8535534
vt 0.1406250 1.0000000
vt 0.1406250 0.0000000
vt 0.8171966 0.1134948
vt 0.8171966 0.8865052
vt 0.1562500 1.0000000
vt 0.1562500 0.0000000
vt 0.7777851 0.0842652
vt 0.7777851 0.9157348
vt 0.1718750 1.0000000
vt 0.1718750 0.0000000
vt 0.7356984 0.0590394
vt 0.7356984 0.9409606
vt 0.1875000 1.0000000
vt 0.1875000 0.0000000
vt 0.6913417 0.0380602
vt 0.6913417 0.9619398
vt 0.2031250 1.0000000
vt 0.2031250 0.0000000
vt 0.6451423 0.0215298
vt 0.6451423 0.9784702
vt 0.2187500 1.0000000
vt 0.2187500 0.0000000
vt 0.5975452 0.0096074
vt 0.5975452 0.9903926
vt 0.2343750 1.0000000
vt 0.2343750 0.0000000
vt 0.5490086 0.0024076
vt 0.5490086 0.9975924
vt 0.2500000 1.0000000
vt 0.2500000 0.0000000
vt 0.5000000 0.0000000
vt 0.5000000 1.0000000
vt 0.2656250 1.0000000
vt 0.2656250 0.0000000
vt 0.4509914 0.0024076
vt 0.4509914 0.9975924
vt 0.2812500 1.0000000
vt 0.2812500 0.0000000
vt 0.4024548 0.0096074
vt 0.4024548 0.9903926
vt 0.2968750 1.0000000
vt 0.2968750 0.0000000
vt 0.3548577 0.0215298
vt 0.3548577 0.9784702
vt 0.3125000 1.0000000
vt 0.3125000 0.0000000
vt 0.3086583 0.0380602
vt 0.3086583 0.9619398
vt 0.3281250 1.0000000
vt 0.3281250 0.0000000
vt 0.2643016 0.0590394
vt 0.2643016 0.9409606
vt 0.3437500 1.0000000
vt 0.3437500 0.0000000
vt 0.2222149 0.0842652
vt 0.2222149 0.9157348
vt 0.3593750 1.0000000
vt 0.3593750 0.0000000
vt 0.1828034 0.1134948
vt 0.1828034 0.8865052
vt 0.3750000 1.0000000
vt 0.3750000 0.0000000
vt 0.1464466 0.1464466
vt 0.1464466 0.8535534
vt 0.3906250 1.0000000
vt 0.3906250 0.0000000
vt 0.1134948 0.1828034
vt 0.1134948 0.8171966
vt 0.4062500 1.0000000
vt 0.4062500 0.0000000
vt 0.0842652 0.2222149
vt 0.0842652 0.7777851
vt 0.4218750 1.0000000
vt 0.4218750 0.0000000
vt 0.0590394 0.2643016
vt 0.0590394 0.7356984
vt 0.4375000 1.0000000
vt 0.4375000 0.0000000
vt 0.0380602 0.3086583
vt 0.0380602 0.6913417
vt 0.4531250 1.0000000
vt 0.4531250 0.0000000
vt 0.0215298 0.3548577
vt 0.0215298 0.6451423
vt 0.4687500 1.0000000
vt 0.4687500 0.0000000
vt 0.0096074 0.4024548
vt 0.0096074 0.5975452
vt 0.4843750 1.0000000
vt 0.4843750 0.0000000
vt 0.0024076 0.4509914
vt 0.0024076 0.5490086
vt 0.5000000 1.0000000
vt 0.5000000 0.0000000
vt 0.0000000 0.5000000
vt 0.0000000 0.5000000
vt 0.5156250 1.0000000
vt 0.5156250 0.0000000
vt 0.0024076 0.5490086
vt 0.0024076 0.4509914
vt 0.5312500 1.0000000
vt 0.5312500 0.0000000
vt 0.0096074 0.5975452
vt 0.0096074 0.4024548
vt 0.5468750 1.0000000
vt 0.5468750 0.0000000
vt 0.0215298 0.6451423
vt 0.0215298 0.3548577
vt 0.5625000 1.0000000
vt 0.5625000 0.0000000
vt 0.0380602 0.6913417
vt 0.0380602 0.3086583
vt 0.5781250 1.0000000
vt 0.5781250 0.0000000
vt 0.0590394 0.7356984
vt 0.0590394 0.2643016
vt 0.5937500 1.0000000
vt 0.5937500 0.0000000
vt 0.0842652 0.7777851
vt 0.0842652 0.2222149
vt 0.6093750 1.0000000
vt 0.6093750 0.0000000
vt 0.1134948 0.8171966
vt 0.1134948 0.1828034
vt 0.6250000 1.0000000
vt 0.6250000 0.0000000
vt 0.1464466 0.8535534
vt 0.1464466 0.1464466
vt 0.6406250 1.0000000
vt 0.6406250 0.0000000
vt 0.1828034 0.8865052
vt 0.1828034 0.1134948
vt 0.6562500 1.0000000
vt 0.6562500 0.0000000
vt 0.2222149 0.9157348
vt 0.2222149 0.0842652
vt 0.6718750 1.0000000
vt 0.6718750 0.0000000
vt 0.2643016 0.9409606
vt 0.2643016 0.0590394
vt 0.6875000 1.0000000
vt 0.6875000 0.0000000
vt 0.3086583 0.9619398
vt 0.3086583 0.0380602
vt 0.7031250 1.0000000
vt 0.7031250 0.0000000
vt 0.3548577 0.9784702
vt 0.3548577 0.0215298
vt 0.7187500 1.0000000
vt 0.7187500 0.0000000
vt 0.4024548 0.9903926
vt 0.4024548 0.0096074
vt 0.7343750 1.0000000
vt 0.7343750 0.0000000
vt 0.4509914 0.9975924
vt 0.4509914 0.0024076
vt 0.7500000 1.0000000
vt 0.7500000 0.0000000
vt 0.5000000 1.0000000
vt 0.5000000 0.0000000
vt 0.7656250 1.0000000
vt 0.7656250 0.0000000
vt 0.5490086 0.9975924
vt 0.5490086 0.0024076
vt 0.7812500 1.0000000
vt 0.7812500 0.0000000
vt 0.5975452 0.9903926
vt 0.5975452 0.0096074
vt 0.7968750 1.0000000
vt 0.7968750 0.0000000
vt 0.6451423 0.9784702
vt 0.6451423 0.0215298
vt 0.8125000 1.0000000
vt 0.8125000 0.0000000
vt 0.6913417 0.9619398
vt 0.6913417 0.0380602
vt 0.8281250 1.0000000
vt 0.8281250 0.0000000
vt 0.7356984 0.9409606
vt 0.7356984 0.0590394
vt 0.8437500 1.0000000
vt 0.8437500 0.0000000
vt 0.7777851 0.9157348
vt 0.7777851 0.0842652
vt 0.8593750 1.0000000
vt 0.8593750 0.0000000
vt 0.8171966 0.8865052
vt 0.8171966 0.1134948
vt 0.8750000 1.0000000
vt 0.8750000 0.0000000
vt 0.8535534 0.8535534
vt 0.8535534 0.1464466
vt 0.8906250 1.0000000
vt 0.8906250 0.0000000
vt 0.8865052 0.8171966
vt 0.8865052 0.1828034
vt 0.9062500 1.0000000
vt 0.9062500 0.0000000
vt 0.9157348 0.7777851
vt 0.9157348 0.2222149
vt 0.9218750 1.0000000
vt 0.9218750 0.0000000
vt 0.9409606 0.7356984
vt 0.9409606 0.2643016
vt 0.9375000 1.0000000
vt 0.9375000 0.0000000
vt 0.9619398 0.6913417
vt 0.9619398 0.3086583
vt 0.9531250 1.0000000
vt 0.9531250 0.0000000
vt 0.9784702 0.6451423
vt 0.9784702 0.3548577
vt 0.9687500 1.0000000
vt 0.9687500 0.0000000
vt 0.9903926 0.5975452
vt 0.9903926 0.4024548
vt 0.9843750 1.0000000
vt 0.9843750 0.0000000
vt 0.9975924 0.5490086
vt 0.9975924 0.4509914
vt 0.0000000 1.0000000
vt 1.0000000 1.0000000
vt 1.0000000 0.0000000
vt 0.0000000 0.0000000
vt 0.0000000 1.0000000
vt 1.0000000 1.0000000
vt 1.0000000 0.0000000
vt 0.0000000 0.0000000
vt 0.0000000 1.0000000
vt 1.0000000 1.0000000
vt 1.0000000 0.0000000
vt 0.0000000 0.0000000
vt 0.0000000 1.0000000
vt 1.0000000 1.0000000
vt 1.0000000 0.0000000
vt 0.0000000 0.0000000
vt 0.0000000 1.0000000
vt 1.0000000 1.0000000
vt 1.0000000 0.0000000
vt 0.0000000 0.0000000
vt 0.0000000 1.0000000
vt 1.0000000 1.0000000
vt 1.0000000 0.0000000
vt 0.0000000 0.0000000
vt 0.0000000 1.0000000
vt 1.0000000 1.0000000
vt 1.0000000 0.0000000
vt 0.0000000 0.0000000
vt 0.0000000 1.0000000
vt 1.0000000 1.0000000
vt 1.0000000 0.0000000
vt 0.0000000 0.0000000
vt 0.0000000 1.0000000
vt 1.0000000 1.0000000
vt 1.0000000 0.0000000
vt 0.0000000 0.0000000
vt 0.0000000 1.0000000
vt 1.0000000 1.0000000
vt 1.0000000 0.0000000
vt 0.0000000 0.0000000
vt 0.0000000 1.0000000
vt 1.0000000 1.0000000
vt 1.0000000 0.0000000
vt 0.0000000 0.0000000
vt 0.0000000 1.0000000
vt 1.0000000 1.0000000
vt 1.0000000 0.0000000
vt 0.0000000 0.0000000
vt 0.0000000 1.0000000
vt 1.0000000 1.0000000
vt 1.0000000 0.0000000
vt 0.0000000 0.0000000
vt 0.0000000 1.0000000
vt 1.0000000 1.0000000
vt 1.0000000 0.0000000
vt 0.0000000 0.0000000
vt 0.0000000 1.0000000
vt 1.0000000 1.0000000
vt 1.0000000 0.0000000
vt 0.0000000 0.0000000
vt 0.0000000 1.0000000
vt 1.0000000 1.0000000
vt 1.0000000 0.0000000
vt 0.0000000 0.0000000
vt 0.0000000 1.0000000
vt 1.0000000 1.0000000
vt 1.0000000 0.0000000
vt 0.0000000 0.0000000
vt 0.0000000 1.0000000
vt 1.0000000 1.0000000
vt 1.0000000 0.0000000
vt 0.0000000 0.0000000
vt 0.0000000 1.0000000
vt 1.0000000 1.0000000
vt 1.0000000 0.0000000
vt 0.0000000 0.0000000
vt 0.0000000 1.0000000
vt 1.0000000 1.0000000
vt 1.0000000 0.0000000
vt 0.0000000 0.0000000
vt 0.0000000 1.0000000
vt 1.0000000 1.0000000
vt 1.0000000 0.0000000
vt 0.0000000 0.0000000
vt 0.0000000 1.0000000
vt 1.0000000 1.0000000
vt 1.0000000 0.0000000
vt 0.0000000 0.0000000
vt 0.0000000 1.0000000
vt 1.0000000 1.0000000
vt 1.0000000 0.0000000
vt 0.0000000 0.0000000
vt 0.0000000 1.0000000
vt 1.0000000 1.0000000
vt 1.0000000 0.0000000
vt 0.0000000 0.0000000
vt 0.0000000 1.0000000
vt 1.0000000 1.0000000
vt 1.0000000 0.0000000
vt 0.0000000 0.0000000
vt 0.0000000 1.0000000
vt 1.0000000 1.0000000
vt 1.0000000 0.0000000
vt 0.0000000 0.0000000
vt 0.0000000 1.0000000
vt 1.0000000 1.0000000
vt 1.0000000 0.0000000
vt 0.0000000 0.0000000
vt 0.0000000 1.0000000
vt 1.0000000 1.0000000
vt 1.0000000 0.0000000
vt 0.0000000 0.0000000
vt 0.0000000 1.0000000
vt 1.0000000 1.0000000
vt 1.0000000 0.0000000
vt 0.0000000 0.0000000
vt 0.0000000 1.0000000
vt 1.0000000 1.0000000
vt 1.0000000 0.0000000
vt 0.0000000 0.0000000
vt 0.0000000 1.0000000
vt 1.0000000 1.0000000
vt 1.0000000 0.0000000
vt 0.0000000 0.0000000
vt 0.0000000 1.0000000
vt 1.0000000 1.0000000
vt 1.0000000 0.0000000
vt 0.0000000 0.0000000
vt 0.0000000 1.0000000
vt 1.0000000 1.0000000
vt 1.0000000 0.0000000
vt 0.0000000 0.0000000
vt 0.0000000 1.0000000
vt 1.0000000 1.0000000
vt 1.0000000 0.0000000
vt 0.0000000 0.0000000
vt 0.0000000 1.0000000
vt 1.0000000 1.0000000
vt 1.0000000 0.0000000
vt 0.0000000 0.0000000
vt 0.0000000 1.0000000
vt 1.0000000 1.0000000
vt 1.0000000 0.0000000
vt 0.0000000 0.0000000
vt 0.0000000 1.0000000
vt 1.0000000 1.0000000
vt 1.0000000 0.0000000
vt 0.0000000 0.0000000
vt 0.0000000 1.0000000
vt 1.0000000 1.0000000
vt 1.0000000 0.0000000
vt 0.0000000 0.0000000
vt 0.0000000 1.0000000
vt 1.0000000 1.0000000
vt 1.0000000 0.0000000
vt 0.0000000 0.0000000
vt 0.0000000 1.0000000
vt 1.0000000 1.0000000
vt 1.0000000 0.0000000
vt 0.0000000 0.0000000
vt 0.0000000 1.0000000
vt 1.0000000 1.0000000
vt 1.0000000 0.0000000
vt 0.0000000 0.0000000
vt 0.0000000 1.0000000
vt 1.0000000 1.0000000
vt 1.0000000 0.0000000
vt 0.0000000 0.0000000
vt 0.0000000 1.0000000
vt 1.0000000 1.0000000
vt 1.0000000 0.0000000
vt 0.0000000 0.0000000
vt 0.0000000 1.0000000
vt 1.0000000 1.0000000
vt 1.0000000 0.0000000
vt 0.0000000 0.0000000
vt 0.0000000 1.0000000
vt 1.0000000 1.0000000
vt 1.0000000 0.0000000
vt 0.0000000 0.0000000
vt 0.0000000 1.0000000
vt 1.0000000 1.0000000
vt 1.0000000 0.0000000
vt 0.0000000 0.0000000
vt 0.0000000 1.0000000
vt 1.0000000 1.0000000
vt 1.0000000 0.0000000
vt 0.0000000 0.0000000
vt 0.0000000 1.0000000
vt 1.0000000 1.0000000
vt 1.0000000 0.0000000
vt 0.0000000 0.0000000
vt 0.0000000 1.0000000
vt 1.0000000 1.0000000
vt 1.0000000 0.0000000
vt 0.0000000 0.0000000
vt 0.0000000 1.0000000
vt 1.0000000 1.0000000
vt 1.0000000 0.0000000
vt 0.0000000 0.0000000
vt 0.0000000 1.0000000
vt 1.0000000 1.0000000
vt 1.0000000 0.0000000
vt 0.0000000 0.0000000
vt 0.0000000 1.0000000
vt 1.0000000 1.0000000
vt 1.0000000 0.0000000
vt 0.0000000 0.0000000
vt 0.0000000 1.0000000
vt 1.0000000 1.0000000
vt 1.0000000 0.0000000
vt 0.0000000 0.0000000
vt 0.0000000 1.0000000
vt 1.0000000 1.0000000
vt 1.0000000 0.0000000
vt 0.0000000 0.0000000
vt 0.0000000 1.0000000
vt 1.0000000 1.0000000
vt 1.0000000 0.0000000
vt 0.0000000 0.0000000
vt 0.0000000 1.0000000
vt 1.0000000 1.0000000
vt 1.0000000 0.0000000
vt 0.0000000 0.0000000
vt 0.0000000 1.0000000
vt 1.0000000 1.0000000
vt 1.0000000 0.0000000
vt 0.0000000 0.0000000
vt 0.0000000 1.0000000
vt 1.0000000 1.0000000
vt 1.0000000 0.0000000
vt 0.0000000 0.0000000
vt 0.0000000 1.0000000
vt 1.0000000 1.0000000
vt 1.0000000 0.0000000
vt 0.0000000 0.0000000
vt 0.0000000 1.0000000
vt 1.0000000 1.0000000
vt 1.0000000 0.0000000
vt 0.0000000 0.0000000
vt 0.0000000 1.0000000
vt 1.0000000 1.0000000
vt 1.0000000 0.0000000
vt 0.0000000 0.0000000
vt 0.0000000 1.0000000
vt 1.0000000 1.0000000
vt 1.0000000 0.0000000
vt 0.0000000 0.0000000
vt 0.0000000 1.0000000
vt 1.0000000 1.0000000
vt 1.0000000 0.0000000
vt 0.0000000 0.0000000
vt 0.0000000 1.0000000
vt 1.0000000 1.0000000
vt 1.0000000 0.0000000
vt 0.0000000 0.0000000
vt 0.0000000 1.0000000
vt 1.0000000 1.0000000
vt 1.0000000 0.0000000
vt 0.0000000 0.0000000
vt 0.0000000 1.0000000
vt 1.0000000 1.0000000
vt 1.0000000 0.0000000
vt 0.0000000 0.0000000
vt 0.0000000 1.0000000
vt 1.0000000 1.0000000
vt 1.0000000 0.0000000
vt 0.0000000 0.0000000
vt 0.0000000 1.0000000
vt 1.0000000 1.0000000
vt 1.0000000 0.0000000
vt 0.0000000 0.0000000
vt 0.0000000 1.0000000
vt 1.0000000 1.0000000
vt 1.0000000 0.0000000
vt 0.0000000 0.0000000
vt 0.0000000 1.0000000
vt 1.0000000 1.0000000
vt 1.0000000 0.0000000
vt 0.0000000 0.0000000
vt 0.0000000 1.0000000
vt 1.0000000 1.0000000
vt 1.0000000 0.0000000
vt 0.0000000 0.0000000
vt 0.0000000 1.0000000
vt 1.0000000 1.0000000
vt 1.0000000 0.0000000
vt 0.0000000 0.0000000
vt 0.0000000 1.0000000
vt 1.0000000 1.0000000
vt 1.0000000 0.0000000
vt 0.0000000 0.0000000
vt 0.0000000 1.0000000
vt 1.0000000 1.0000000
vt 1.0000000 0.0000000
vt 0.0000000 0.0000000
vt 0.0000000 1.0000000
vt 1.0000000 1.0000000
vt 1.0000000 0.0000000
vt 0.0000000 0.0000000
vt 0.0000000 1.0000000
vt 1.0000000 1.0000000
vt 1.0000000 0.0000000
vt 0.0000000 0.0000000
vt 0.0000000 1.0000000
vt 1.0000000 1.0000000
vt 1.0000000 0.0000000
vt 0.0000000 0.0000000
vt 0.0000000 1.0000000
vt 1.0000000 1.0000000
vt 1.0000000 0.0000000
vt 0.0000000 0.0000000
vt 0.0000000 1.0000000
vt 1.0000000 1.0000000
vt 1.0000000 0.0000000
vt 0.0000000 0.0000000
vt 0.0000000 1.0000000
vt 1.0000000 1.0000000
vt 1.0000000 0.0000000
vt 0.0000000 0.0000000
vt 0.0000000 1.0000000
vt 1.0000000 1.0000000
vt 1.0000000 0.0000000
vt 0.0000000 0.0000000
vt 0.0000000 1.0000000
vt 1.0000000 1.0000000
vt 1.0000000 0.0000000
vt 0.0000000 0.0000000
vt 0.0000000 1.0000000
vt 1.0000000 1.0000000
vt 1.0000000 0.0000000
vt 0.0000000 0.0000000
vt 0.0000000 1.0000000
vt 1.0000000 1.0000000
vt 1.0000000 0.0000000
vt 0.0000000 0.0000000
vt 0.0000000 1.0000000
vt 1.0000000 1.0000000
vt 1.0000000 0.0000000
vt 0.0000000 0.0000000
vt 0.0000000 1.0000000
vt 1.0000000 1.0000000
vt 1.0000000 0.0000000
vt 0.0000000 0.0000000
vt 0.0000000 1.0000000
vt 1.0000000 1.0000000
vt 1.0000000 0.0000000
vt 0.0000000 0.0000000
vt 0.0000000 1.0000000
vt 1.0000000 1.0000000
vt 1.0000000 0.0000000
vt 0.0000000 0.0000000
vt 0.0000000 1.0000000
vt 1.0000000 1.0000000
vt 1.0000000 0.0000000
vt 0.0000000 0.0000000
vt 0.0000000 1.0000000
vt 1.0000000 1.0000000
vt 1.0000000 0.0000000
vt 0.0000000 0.0000000
vt 0.0000000 1.0000000
vt 1.0000000 1.0000000
vt 1.0000000 0.0000000
vt 0.0000000 0.0000000
vt 0.0000000 1.0000000
vt 1.0000000 1.0000000
vt 1.0000000 0.0000000
vt 0.0000000 0.0000000
vt 0.0000000 1.0000000
vt 1.0000000 1.0000000
vt 1.0000000 0.0000000
vt 0.0000000 0.0000000
vt 0.0000000 1.0000000
vt 1.0000000 1.0000000
vt 1.0000000 0.0000000
vt 0.0000000 0.0000000
vt 0.0000000 1.0000000
vt 1.0000000 1.0000000
vt 1.0000000 0.0000000
vt 0.0000000 0.0000000
vt 0.0000000 1.0000000
vt 1.0000000 1.0000000
vt 1.0000000 0.0000000
vt 0.0000000 0.0000000
vt 0.0000000 1.0000000
vt 1.0000000 1.0000000
vt 1.0000000 0.0000000
vt 0.0000000 0.0000000
vt 0.0000000 1.0000000
vt 1.0000000 1.0000000
vt 1.0000000 0.0000000
vt 0.0000000 0.0000000
vt 0.0000000 1.0000000
vt 1.0000000 1.0000000
vt 1.0000000 0.0000000
vt 0.0000000 0.0000000
vt 0.0000000 1.0000000
vt 1.0000000 1.0000000
vt 1.0000000 0.0000000
vt 0.0000000 0.0000000
vt 0.0000000 1.0000000
vt 1.0000000 1.0000000
vt 1.0000000 0.0000000
vt 0.0000000 0.0000000
vt 0.0000000 1.0000000
vt 1.0000000 1.0000000
vt 1.0000000 0.0000000
vt 0.0000000 0.0000000
vt 0.0000000 1.0000000
vt 1.0000000 1.0000000
vt 1.0000000 0.0000000
vt 0.0000000 0.0000000
vt 0.0000000 1.0000000
vt 1.0000000 1.0000000
vt 1.0000000 0.0000000
vt 0.0000000 0.0000000
vt 0.0000000 1.0000000
vt 1.0000000 1.0000000
vt 1.0000000 0.0000000
vt 0.0000000 0.0000000
vt 0.0000000 1.0000000
vt 1.0000000 1.0000000
vt 1.0000000 0.0000000
vt 0.0000000 0.0000000
vt 0.0000000 1.0000000
vt 1.0000000 1.0000000
vt 1.0000000 0.0000000
vt 0.0000000 0.0000000
vt 0.0000000 1.0000000
vt 1.0000000 1.0000000
vt 1.0000000 0.0000000
vt 0.0000000 0.0000000
vt 0.0000000 1.0000000
vt 1.0000000 1.0000000
vt 1.0000000 0.0000000
vt 0.0000000 0.0000000
vt 0.0000000 1.0000000
vt 1.0000000 1.0000000
vt 1.0000000 0.0000000
vt 0.0000000 0.0000000
vt 0.0000000 1.0000000
vt 1.0000000 1.0000000
vt 1.0000000 0.0000000
vt 0.0000000 0.0000000
vt 0.0000000 1.0000000
vt 1.0000000 1.0000000
vt 1.0000000 0.0000000
vt 0.0000000 0.0000000
vt 0.0000000 1.0000000
vt 1.0000000 1.0000000
vt 1.0000000 0.0000000
vt 0.0000000 0.0000000
vt 0.0000000 1.0000000
vt 1.0000000 1.0000000
vt 1.0000000 0.0000000
vt 0.0000000 0.0000000
vt 0.0000000 1.0000000
vt 1.0000000 1.0000000
vt 1.0000000 0.0000000
vt 0.0000000 0.0000000
vt 0.0000000 1.0000000
vt 1.0000000 1.0000000
vt 1.0000000 0.0000000
vt 0.0000000 0.0000000
vt 0.0000000 1.0000000
vt 1.0000000 1.0000000
vt 1.0000000 0.0000000
vt 0.0000000 0.0000000
vt 0.0000000 1.0000000
vt 1.0000000 1.0000000
vt 1.0000000 0.0000000
vt 0.0000000 0.0000000
vt 0.0000000 1.0000000
vt 1.0000000 1.0000000
vt 1.0000000 0.0000000
vt 0.0000000 0.0000000
vt 0.0000000 1.0000000
vt 1.0000000 1.0000000
vt 1.0000000 0.0000000
vt 0.0000000 0.0000000
vt 0.0000000 1.0000000
vt 1.0000000 1.0000000
vt 1.0000000 0.0000000
vt 0.0000000 0.0000000
vt 0.0000000 1.0000000
vt 1.0000000 1.0000000
vt 1.0000000 0.0000000
vt 0.0000000 0.0000000
vt 0.0000000 1.0000000
vt 1.0000000 1.0000000
vt 1.0000000 0.0000000
vt 0.0000000 0.0000000
vt 0.0000000 1.0000000
vt 1.0000000 1.0000000
vt 1.0000000 0.0000000
vt 0.0000000 0.0000000
vt 0.0000000 1.0000000
vt 1.0000000 1.0000000
vt 1.0000000 0.0000000
vt 0.0000000 0.0000000
vt 0.0000000 1.0000000
vt 1.0000000 1.0000000
vt 1.0000000 0.0000000
vt 0.0000000 0.0000000
vt 0.0000000 1.0000000
vt 1.0000000 1.0000000
vt 1.0000000 0.0000000
vt 0.0000000 0.0000000
vt 0.0000000 1.0000000
vt 1.0000000 1.0000000
vt 1.0000000 0.0000000
vt 0.0000000 0.0000000
vt 0.0000000 1.0000000
vt 1.0000000 1.0000000
vt 1.0000000 0.0000000
vt 0.0000000 0.0000000
vt 0.0000000 1.0000000
vt 1.0000000 1.0000000
vt 1.0000000 0.0000000
vt 0.0000000 0.0000000
vt 0.0000000 1.0000000
vt 1.0000000 1.0000000
vt 1.0000000 0.0000000
vt 0.0000000 0.0000000
vt 0.0000000 1.0000000
vt 1.0000000 1.0000000
vt 1.0000000 0.0000000
vt 0.0000000 0.0000000
vt 0.0000000 1.0000000
vt 1.0000000 1.0000000
vt 1.0000000 0.0000000
vt 0.0000000 0.0000000
vt 0.0000000 1.0000000
vt 1.0000000 1.0000000
vt 1.0000000 0.0000000
vt 0.0000000 0.0000000
vt 0.0000000 1.0000000
vt 1.0000000 1.0000000
vt 1.0000000 0.0000000
vt 0.0000000 0.0000000
vt 0.0000000 1.0000000
vt 1.0000000 1.0000000
vt 1.0000000 0.0000000
vt 0.0000000 0.0000000
vt 0.0000000 1.0000000
vt 1.0000000 1.0000000
vt 1.0000000 0.0000000
vt 0.0000000 0.0000000
vt 0.0000000 1.0000000
vt 1.0000000 1.0000000
vt 1.0000000 0.0000000
vt 0.0000000 0.0000000
vt 0.5000000 1.0000000
vt 0.5000000 0.0000000
vt 0.0000000 0.5000000
vt 0.2000000 0.5000000
vt 0.4000000 0.5000000
vt 0.6000000 0.5000000
vt 0.8000000 0.5000000
vt 0.5000000 1.0000000
vt 0.5000000 0.0000000
vt 0.0000000 0.5000000
vt 0.2000000 0.5000000
vt 0.4000000 0.5000000
vt 0.6000000 0.5000000
vt 0.8000000 0.5000000
vt 0.5000000 1.0000000
vt 0.5000000 0.0000000
vt 0.0000000 0.5000000
vt 0.2000000 0.5000000
vt 0.4000000 0.5000000
vt 0.6000000 0.5000000
vt 0.8000000 0.5000000
vt 0.5000000 1.0000000
vt 0.5000000 0.0000000
vt 0.0000000 0.5000000
vt 0.2000000 0.5000000
vt 0.4000000 0.5000000
vt 0.6000000 0.5000000
vt 0.8000000 0.5000000
vt 0.5000000 1.0000000
vt 0.5000000 0.0000000
vt 0.0000000 0.5000000
vt 0.2000000 0.5000000
vt 0.4000000 0.5000000
vt 0.6000000 0.5000000
vt 0.8000000 0.5000000
vt 0.5000000 1.0000000
vt 0.5000000 0.0000000
vt 0.0000000 0.5000000
vt 0.2000000 0.5000000
vt 0.4000000 0.5000000
vt 0.6000000 0.5000000
vt 0.8000000 0.5000000
vt 0.5000000 1.0000000
vt 0.5000000 0.0000000
vt 0.0000000 0.5000000
vt 0.2000000 0.5000000
vt 0.4000000 0.5000000
vt 0.6000000 0.5000000
vt 0.8000000 0.5000000
vt 0.5000000 1.0000000
vt 0.5000000 0.0000000
vt 0.0000000 0.5000000
vt 0.2000000 0.5000000
vt 0.4000000 0.5000000
vt 0.6000000 0.5000000
vt 0.8000000 0.5000000
vt 0.5000000 1.0000000
vt 0.5000000 0.0000000
vt 0.0000000 0.5000000
vt 0.2000000 0.5000000
vt 0.4000000 0.5000000
vt 0.6000000 0.5000000
vt 0.8000000 0.5000000
vt 0.5000000 1.0000000
vt 0.5000000 0.0000000
vt 0.0000000 0.5000000
vt 0.2000000 0.5000000
vt 0.4000000 0.5000000
vt 0.6000000 0.5000000
vt 0.8000000 0.5000000
vt 0.5000000 1.0000000
vt 0.5000000 0.0000000
vt 0.0000000 0.5000000
vt 0.2000000 0.5000000
vt 0.4000000 0.5000000
vt 0.6000000 0.5000000
vt 0.8000000 0.5000000
vt 0.5000000 1.0000000
vt 0.5000000 0.0000000
vt 0.0000000 0.5000000
vt 0.2000000 0.5000000
vt 0.4000000 0.5000000
vt 0.6000000 0.5000000
vt 0.8000000 0.5000000
vt 0.5000000 1.0000000
vt 0.5000000 0.0000000
vt 0.0000000 0.5000000
vt 0.2000000 0.5000000
vt 0.4000000 0.5000000
vt 0.6000000 0.5000000
vt 0.8000000 0.5000000
vt 0.5000000 1.0000000
vt 0.5000000 0.0000000
vt 0.0000000 0.5000000
vt 0.2000000 0.5000000
vt 0.4000000 0.5000000
vt 0.6000000 0.5000000
vt 0.8000000 0.5000000
vt 0.5000000 1.0000000
vt 0.5000000 0.0000000
vt 0.0000000 0.5000000
vt 0.2000000 0.5000000
vt 0.4000000 0.5000000
vt 0.6000000 0.5000000
vt 0.8000000 0.5000000
vt 0.5000000 1.0000000
vt 0.5000000 0.0000000
vt 0.0000000 0.5000000
vt 0.2000000 0.5000000
vt 0.4000000 0.5000000
vt 0.6000000 0.5000000
vt 0.8000000 0.5000000
vt 0.5000000 1.0000000
vt 0.5000000 0.0000000
vt 0.0000000 0.5000000
vt 0.2000000 0.5000000
vt 0.4000000 0.5000000
vt 0.6000000 0.5000000
vt 0.8000000 0.5000000
vt 0.5000000 1.0000000
vt 0.5000000 0.0000000
vt 0.0000000 0.5000000
vt 0.2000000 0.5000000
vt 0.4000000 0.5000000
vt 0.6000000 0.5000000
vt 0.8000000 0.5000000
vt 0.5000000 1.0000000
vt 0.5000000 0.0000000
vt 0.0000000 0.5000000
vt 0.2000000 0.5000000
vt 0.4000000 0.5000000
vt 0.6000000 0.5000000
vt 0.8000000 0.5000000
vt 0.5000000 1.0000000
vt 0.5000000 0.0000000
vt 0.0000000 0.5000000
vt 0.2000000 0.5000000
vt 0.4000000 0.5000000
vt 0.6000000 0.5000000
vt 0.8000000 0.5000000
vt 0.0000000 1.0000000
vt 1.0000000 1.0000000
vt 1.0000000 0.0000000
vt 0.0000000 0.0000000
vt 0.0000000 1.0000000
vt 1.0000000 1.0000000
vt 1.0000000 0.0000000
vt 0.0000000 0.0000000
vt 0.0000000 1.0000000
vt 1.0000000 1.0000000
vt 1.0000000 0.0000000
vt 0.0000000 0.0000000
vt 0.0000000 1.0000000
vt 1.0000000 1.0000000
vt 1.0000000 0.0000000
vt 0.0000000 0.0000000
vt 0.0000000 1.0000000
vt 1.0000000 1.0000000
vt 1.0000000 0.0000000
vt 0.0000000 0.0000000
vt 0.0000000 1.0000000
vt 1.0000000 1.0000000
vt 1.0000000 0.0000000
vt 0.0000000 0.0000000
vt 0.0000000 1.0000000
vt 1.0000000 1.0000000
vt 1.0000000 0.0000000
vt 0.0000000 0.0000000
vt 0.0000000 1.0000000
vt 1.0000000 1.0000000
vt 1.0000000 0.0000000
vt 0.0000000 0.0000000
vt 0.0000000 1.0000000
vt 1.0000000 1.0000000
vt 1.0000000 0.0000000
vt 0.0000000 0.0000000
vt 0.0000000 1.0000000
vt 1.0000000 1.0000000
vt 1.0000000 0.0000000
vt 0.0000000 0.0000000
vt 0.0000000 1.0000000
vt 1.0000000 1.0000000
vt 1.0000000 0.0000000
vt 0.0000000 0.0000000
vt 0.0000000 1.0000000
vt 1.0000000 1.0000000
vt 1.0000000 0.0000000
vt 0.0000000 0.0000000
vt 0.0000000 1.0000000
vt 1.0000000 1.0000000
vt 1.0000000 0.0000000
vt 0.0000000 0.0000000
vt 0.0000000 1.0000000
vt 1.0000000 1.0000000
vt 1.0000000 0.0000000
vt 0.0000000 0.0000000
vt 0.0000000 1.0000000
vt 1.0000000 1.0000000
vt 1.0000000 0.0000000
vt 0.0000000 0.0000000
vt 0.0000000 1.0000000
vt 1.0000000 1.0000000
vt 1.0000000 0.0000000
vt 0.0000000 0.0000000
vt 0.0000000 1.0000000
vt 1.0000000 1.0000000
vt 1.0000000 0.0000000
vt 0.0000000 0.0000000
vt 0.0000000 1.0000000
vt 1.0000000 1.0000000
vt 1.0000000 0.0000000
vt 0.0000000 0.0000000
vt 0.0000000 1.0000000
vt 1.0000000 1.0000000
vt 1.0000000 0.0000000
vt 0.0000000 0.0000000
vt 0.0000000 1.0000000
vt 1.0000000 1.0000000
vt 1.0000000 0.0000000
vt 0.0000000 0.0000000
vt 0.0000000 1.0000000
vt 1.0000000 1.0000000
vt 1.0000000 0.0000000
vt 0.0000000 0.0000000
vt 0.0000000 1.0000000
vt 1.0000000 1.0000000
vt 1.0000000 0.0000000
vt 0.0000000 0.0000000
vt 0.0000000 1.0000000
vt 1.0000000 1.0000000
vt 1.0000000 0.0000000
vt 0.0000000 0.0000000
vt 0.0000000 1.0000000
vt 1.0000000 1.0000000
vt 1.0000000 0.0000000
vt 0.0000000 0.0000000
vt 0.0000000 1.0000000
vt 1.0000000 1.0000000
vt 1.0000000 0.0000000
vt 0.0000000 0.0000000
vt 0.0000000 1.0000000
vt 1.0000000 1.0000000
vt 1.0000000 0.0000000
vt 0.0000000 0.0000000
vt 0.0000000 1.0000000
vt 1.0000000 1.0000000
vt 1.0000000 0.0000000
vt 0.0000000 0.0000000
vt 0.0000000 1.0000000
vt 1.0000000 1.0000000
vt 1.0000000 0.0000000
vt 0.0000000 0.0000000
vt 0.0000000 1.0000000
vt 1.0000000 1.0000000
vt 1.0000000 0.0000000
vt 0.0000000 0.0000000
vt 0.0000000 1.0000000
vt 1.0000000 1.0000000
vt 1.0000000 0.0000000
vt 0.0000000 0.0000000
vt 0.0000000 1.0000000
vt 1.0000000 1.0000000
vt 1.0000000 0.0000000
vt 0.0000000 0.0000000
vt 0.0000000 1.0000000
vt 1.0000000 1.0000000
vt 1.0000000 0.0000000
vt 0.0000000 0.0000000
vt 0.0000000 1.0000000
vt 1.0000000 1.0000000
vt 1.0000000 0.0000000
vt 0.0000000 0.0000000
vt 0.0000000 1.0000000
vt 1.0000000 1.0000000
vt 1.0000000 0.0000000
vt 0.0000000 0.0000000
vt 0.0000000 1.0000000
vt 1.0000000 1.0000000
vt 1.0000000 0.0000000
vt 0.0000000 0.0000000
vt 0.0000000 1.0000000
vt 1.0000000 1.0000000
vt 1.0000000 0.0000000
vt 0.0000000 0.0000000
vt 0.0000000 1.0000000
vt 1.0000000 1.0000000
vt 1.0000000 0.0000000
vt 0.0000000 0.0000000
vt 0.0000000 1.0000000
vt 1.0000000 1.0000000
vt 1.0000000 0.0000000
vt 0.0000000 0.0000000
vt 0.0000000 1.0000000
vt 1.0000000 1.0000000
vt 1.0000000 0.0000000
vt 0.0000000 0.0000000
vt 0.0000000 1.0000000
vt 1.0000000 1.0000000
vt 1.0000000 0.0000000
vt 0.0000000 0.0000000
vt 0.0000000 1.0000000
vt 1.0000000 1.0000000
vt 1.0000000 0.0000000
vt 0.0000000 0.0000000
vt 0.0000000 1.0000000
vt 1.0000000 1.0000000
vt 1.0000000 0.0000000
vt 0.0000000 0.0000000
vt 0.0000000 1.0000000
vt 1.0000000 1.0000000
vt 1.0000000 0.0000000
vt 0.0000000 0.0000000
vt 0.0000000 1.0000000
vt 1.0000000 1.0000000
vt 1.0000000 0.0000000
vt 0.0000000 0.0000000
vt 0.0000000 1.0000000
vt 1.0000000 1.0000000
vt 1.0000000 0.0000000
vt 0.0000000 0.0000000
vt 0.0000000 1.0000000
vt 1.0000000 1.0000000
vt 1.0000000 0.0000000
vt 0.0000000 0.0000000
vt 0.0000000 1.0000000
vt 1.0000000 1.0000000
vt 1.0000000 0.0000000
vt 0.0000000 0.0000000
vt 0.0000000 1.0000000
vt 1.0000000 1.0000000
vt 1.0000000 0.0000000
vt 0.0000000 0.0000000
vt 0.0000000 1.0000000
vt 1.0000000 1.0000000
vt 1.0000000 0.0000000
vt 0.0000000 0.0000000
vt 0.0000000 1.0000000
vt 1.0000000 1.0000000
vt 1.0000000 0.0000000
vt 0.0000000 0.0000000
vt 0.0000000 1.0000000
vt 1.0000000 1.0000000
vt 1.0000000 0.0000000
vt 0.0000000 0.0000000
vt 0.0000000 1.0000000
vt 1.0000000 1.0000000
vt 1.0000000 0.0000000
vt 0.0000000 0.0000000
vt 0.0000000 1.0000000
vt 1.0000000 1.0000000
vt 1.0000000 0.0000000
vt 0.0000000 0.0000000
vt 0.0000000 1.0000000
vt 1.0000000 1.0000000
vt 1.0000000 0.0000000
vt 0.0000000 0.0000000
vt 0.0000000 1.0000000
vt 1.0000000 1.0000000
vt 1.0000000 0.0000000
vt 0.0000000 0.0000000
vt 0.0000000 1.0000000
vt 1.0000000 1.0000000
vt 1.0000000 0.0000000
vt 0.0000000 0.0000000
vt 0.0000000 1.0000000
vt 1.0000000 1.0000000
vt 1.0000000 0.0000000
vt 0.0000000 0.0000000
vt 0.0000000 1.0000000
vt 1.0000000 1.0000000
vt 1.0000000 0.0000000
vt 0.0000000 0.0000000
vt 0.0000000 1.0000000
vt 1.0000000 1.0000000
vt 1.0000000 0.0000000
vt 0.0000000 0.0000000
vt 0.0000000 1.0000000
vt 1.0000000 1.0000000
vt 1.0000000 0.0000000
vt 0.0000000 0.0000000
vt 0.0000000 1.0000000
vt 1.0000000 1.0000000
vt 1.0000000 0.0000000
vt 0.0000000 0.0000000
vt 0.0000000 1.0000000
vt 1.0000000 1.0000000
vt 1.0000000 0.0000000
vt 0.0000000 0.0000000
vt 0.0000000 1.0000000
vt 1.0000000 1.0000000
vt 1.0000000 0.0000000
vt 0.0000000 0.0000000
vt 0.0000000 1.0000000
vt 1.0000000 1.0000000
vt 1.0000000 0.0000000
vt 0.0000000 0.0000000
vt 0.0000000 1.0000000
vt 1.0000000 1.0000000
vt 1.0000000 0.0000000
vt 0.0000000 0.0000000
vt 0.0000000 1.0000000
vt 1.0000000 1.0000000
vt 1.0000000 0.0000000
vt 0.0000000 0.0000000
vt 0.0000000 1.0000000
vt 1.0000000 1.0000000
vt 1.0000000 0.0000000
vt 0.0000000 0.0000000
vt 0.0000000 1.0000000
vt 1.0000000 1.0000000
vt 1.0000000 0.0000000
vt 0.0000000 0.0000000
vt 0.0000000 1.0000000
vt 1.0000000 1.0000000
vt 1.0000000 0.0000000
vt 0.0000000 0.0000000
vt 0.0000000 1.0000000
vt 1.0000000 1.0000000
vt 1.0000000 0.0000000
vt 0.0000000 0.0000000
vt 0.0000000 1.0000000
vt 1.0000000 1.0000000
vt 1.0000000 0.0000000
vt 0.0000000 0.0000000
vt 0.0000000 1.0000000
vt 1.0000000 1.0000000
vt 1.0000000 0.0000000
vt 0.0000000 0.0000000
vt 0.0000000 1.0000000
vt 1.0000000 1.0000000
vt 1.0000000 0.0000000
vt 0.0000000 0.0000000
vt 0.0000000 1.0000000
vt 1.0000000 1.0000000
vt 1.0000000 0.0000000
vt 0.0000000 0.0000000
vt 0.0000000 1.0000000
vt 1.0000000 1.0000000
vt 1.0000000 0.0000000
vt 0.0000000 0.0000000
vt 0.0000000 1.0000000
vt 1.0000000 1.0000000
vt 1.0000000 0.0000000
vt 0.0000000 0.0000000
vt 0.0000000 1.0000000
vt 1.0000000 1.0000000
vt 1.0000000 0.0000000
vt 0.0000000 0.0000000
vt 0.0000000 1.0000000
vt 1.0000000 1.0000000
vt 1.0000000 0.0000000
vt 0.0000000 0.0000000
vt 0.0000000 1.0000000
vt 1.0000000 1.0000000
vt 1.0000000 0.0000000
vt 0.0000000 0.0000000
vt 0.0000000 1.0000000
vt 1.0000000 1.0000000
vt 1.0000000 0.0000000
vt 0.0000000 0.0000000
vt 0.0000000 1.0000000
vt 1.0000000 1.0000000
vt 1.0000000 0.0000000
vt 0.0000000 0.0000000
vt 0.0000000 1.0000000
vt 1.0000000 1.0000000
vt 1.0000000 0.0000000
vt 0.0000000 0.0000000
vt 0.0000000 1.0000000
vt 1.0000000 1.0000000
vt 1.0000000 0.0000000
vt 0.0000000 0.0000000
vt 0.0000000 1.0000000
vt 1.0000000 1.0000000
vt 1.0000000 0.0000000
vt 0.0000000 0.0000000
vt 0.0000000 1.0000000
vt 1.0000000 1.0000000
vt 1.0000000 0.0000000
vt 0.0000000 0.0000000
vt 0.0000000 1.0000000
vt 1.0000000 1.0000000
vt 1.0000000 0.0000000
vt 0.0000000 0.0000000
vt 0.0000000 1.0000000
vt 1.0000000 1.0000000
vt 1.0000000 0.0000000
vt 0.0000000 0.0000000
vt 0.0000000 1.0000000
vt 1.0000000 1.0000000
vt 1.0000000 0.0000000
vt 0.0000000 0.0000000
vt 0.0000000 1.0000000
vt 1.0000000 1.0000000
vt 1.0000000 0.0000000
vt 0.0000000 0.0000000
vt 0.0000000 1.0000000
vt 1.0000000 1.0000000
vt 1.0000000 0.0000000
vt 0.0000000 0.0000000
vt 0.0000000 1.0000000
vt 1.0000000 1.0000000
vt 1.0000000 0.0000000
vt 0.0000000 0.0000000
vt 0.0000000 1.0000000
vt 1.0000000 1.0000000
vt 1.0000000 0.0000000
vt 0.0000000 0.0000000
vt 0.0000000 1.0000000
vt 1.0000000 1.0000000
vt 1.0000000 0.0000000
vt 0.0000000 0.0000000
vt 0.0000000 1.0000000
vt 1.0000000 1.0000000
vt 1.0000000 0.0000000
vt 0.0000000 0.0000000
vt 0.0000000 1.0000000
vt 1.0000000 1.0000000
vt 1.0000000 0.0000000
vt 0.0000000 0.0000000
vt 0.0000000 1.0000000
vt 1.0000000 1.0000000
vt 1.0000000 0.0000000
vt 0.0000000 0.0000000
vt 0.0000000 1.0000000
vt 1.0000000 1.0000000
vt 1.0000000 0.0000000
vt 0.0000000 0.0000000
vt 0.0000000 1.0000000
vt 1.0000000 1.0000000
vt 1.0000000 0.0000000
vt 0.0000000 0.0000000
vt 0.0000000 1.0000000
vt 1.0000000 1.0000000
vt 1.0000000 0.0000000
vt 0.0000000 0.0000000
vt 0.0000000 1.0000000
vt 1.0000000 1.0000000
vt 1.0000000 0.0000000
vt 0.0000000 0.0000000
vt 0.0000000 1.0000000
vt 1.0000000 1.0000000
vt 1.0000000 0.0000000
vt 0.0000000 0.0000000
vt 0.0000000 1.0000000
vt 1.0000000 1.0000000
vt 1.0000000 0.0000000
vt 0.0000000 0.0000000
vt 0.0000000 1.0000000
vt 1.0000000 1.0000000
vt 1.0000000 0.0000000
vt 0.0000000 0.0000000
vt 0.0000000 1.0000000
vt 1.0000000 1.0000000
vt 1.0000000 0.0000000
vt 0.0000000 0.0000000
vt 0.0000000 1.0000000
vt 1.0000000 1.0000000
vt 1.0000000 0.0000000
vt 0.0000000 0.0000000
vt 0.0000000 1.0000000
vt 1.0000000 1.0000000
vt 1.0000000 0.0000000
vt 0.0000000 0.0000000
vt 0.0000000 1.0000000
vt 1.0000000 1.0000000
vt 1.0000000 0.0000000
vt 0.0000000 0.0000000
vt 0.0000000 1.0000000
vt 1.0000000 1.0000000
vt 1.0000000 0.0000000
vt 0.0000000 0.0000000
vt 0.0000000 1.0000000
vt 1.0000000 1.0000000
vt 1.0000000 0.0000000
vt 0.0000000 0.0000000
vt 0.0000000 1.0000000
vt 1.0000000 1.0000000
vt 1.0000000 0.0000000
vt 0.0000000 0.0000000
vt 0.0000000 1.0000000
vt 1.0000000 1.0000000
vt 1.0000000 0.0000000
vt 0.0000000 0.0000000
vt 0.0000000 1.0000000
vt 1.0000000 1.0000000
vt 1.0000000 0.0000000
vt 0.0000000 0.0000000
vt 0.0000000 1.0000000
vt 1.0000000 1.0000000
vt 1.0000000 0.0000000
vt 0.0000000 0.0000000
vt 0.0000000 1.0000000
vt 1.0000000 1.0000000
vt 1.0000000 0.0000000
vt 0.0000000 0.0000000
vt 0.0000000 1.0000000
vt 1.0000000 1.0000000
vt 1.0000000 0.0000000
vt 0.0000000 0.0000000
vt 0.0000000 1.0000000
vt 1.0000000 1.0000000
vt 1.0000000 0.0000000
vt 0.0000000 0.0000000
vt 0.0000000 1.0000000
vt 1.0000000 1.0000000
vt 1.0000000 0.0000000
vt 0.0000000 0.0000000
vt 0.0000000 1.0000000
vt 1.0000000 1.0000000
vt 1.0000000 0.0000000
vt 0.0000000 0.0000000
vt 0.0000000 1.0000000
vt 1.0000000 1.0000000
vt 1.0000000 0.0000000
vt 0.0000000 0.0000000
vt 0.0000000 1.0000000
vt 1.0000000 1.0000000
vt 1.0000000 0.0000000
vt 0.0000000 0.0000000
vt 0.0000000 1.0000000
vt 1.0000000 1.0000000
vt 1.0000000 0.0000000
vt 0.0000000 0.0000000
vt 0.0000000 1.0000000
vt 1.0000000 1.0000000
vt 1.0000000 0.0000000
vt 0.0000000 0.0000000
vt 0.0000000 1.0000000
vt 1.0000000 1.0000000
vt 1.0000000 0.0000000
vt 0.0000000 0.0000000
vt 0.0000000 1.0000000
vt 1.0000000 1.0000000
vt 1.0000000 0.0000000
vt 0.0000000 0.0000000
vt 0.0000000 1.0000000
vt 1.0000000 1.0000000
vt 1.0000000 0.0000000
vt 0.0000000 0.0000000
vt 0.0000000 1.0000000
vt 1.0000000 1.0000000
vt 1.0000000 0.0000000
vt 0.0000000 0.0000000
vt 0.0000000 1.0000000
vt 1.0000000 1.0000000
vt 1.0000000 0.0000000
vt 0.0000000 0.0000000
vt 0.0000000 1.0000000
vt 1.0000000 1.0000000
vt 1.0000000 0.0000000
vt 0.0000000 0.0000000
vt 0.0000000 1.0000000
vt 1.0000000 1.0000000
vt 1.0000000 0.0000000
vt 0.0000000 0.0000000
vt 0.0000000 1.0000000
vt 1.0000000 1.0000000
vt 1.0000000 0.0000000
vt 0.0000000 0.0000000
vt 0.0000000 1.0000000
vt 1.0000000 1.0000000
vt 1.0000000 0.0000000
vt 0.0000000 0.0000000
vt 0.0000000 1.0000000
vt 1.0000000 1.0000000
vt 1.0000000 0.0000000
vt 0.0000000 0.0000000
vt 0.0000000 1.0000000
vt 1.0000000 1.0000000
vt 1.0000000 0.0000000
vt 0.0000000 0.0000000
vt 0.0000000 1.0000000
vt 1.0000000 1.0000000
vt 1.0000000 0.0000000
vt 0.0000000 0.0000000
vt 0.0000000 1.0000000
vt 1.0000000 1.0000000
vt 1.0000000 0.0000000
vt 0.0000000 0.0000000
vt 0.0000000 1.0000000
vt 1.0000000 1.0000000
vt 1.0000000 0.0000000
vt 0.0000000 0.0000000
vt 0.0000000 1.0000000
vt 1.0000000 1.0000000
vt 1.0000000 0.0000000
vt 0.0000000 0.0000000
vt 0.0000000 1.0000000
vt 1.0000000 1.0000000
vt 1.0000000 0.0000000
vt 0.0000000 0.0000000
vt 0.0000000 1.0000000
vt 1.0000000 1.0000000
vt 1.0000000 0.0000000
vt 0.0000000 0.0000000
vt 0.0000000 1.0000000
vt 1.0000000 1.0000000
vt 1.0000000 0.0000000
vt 0.0000000 0.0000000
vt 0.0000000 1.0000000
vt 1.0000000 1.0000000
vt 1.0000000 0.0000000
vt 0.0000000 0.0000000
vt 0.0000000 1.0000000
vt 1.0000000 1.0000000
vt 1.0000000 0.0000000
vt 0.0000000 0.0000000
vt 0.0000000 1.0000000
vt 1.0000000 1.0000000
vt 1.0000000 0.0000000
vt 0.0000000 0.0000000
vt 0.0000000 1.0000000
vt 1.0000000 1.0000000
vt 1.0000000 0.0000000
vt 0.0000000 0.0000000
vt 0.0000000 1.0000000
vt 1.0000000 1.0000000
vt 1.0000000 0.0000000
vt 0.0000000 0.0000000
vt 0.0000000 1.0000000
vt 1.0000000 1.0000000
vt 1.0000000 0.0000000
vt 0.0000000 0.0000000
vt 0.0000000 1.0000000
vt 1.0000000 1.0000000
vt 1.0000000 0.0000000
vt 0.0000000 0.0000000
vt 0.0000000 1.0000000
vt 1.0000000 1.0000000
vt 1.0000000 0.0000000
vt 0.0000000 0.0000000
vt 0.0000000 1.0000000
vt 1.0000000 1.0000000
vt 1.0000000 0.0000000
vt 0.0000000 0.0000000
vt 0.0000000 1.0000000
vt 1.0000000 1.0000000
vt 1.0000000 0.0000000
vt 0.0000000 0.0000000
vt 0.0000000 1.0000000
vt 1.0000000 1.0000000
vt 1.0000000 0.0000000
vt 0.0000000 0.0000000
vt 0.0000000 1.0000000
vt 1.0000000 1.0000000
vt 1.0000000 0.0000000
vt 0.0000000 0.0000000
vt 0.0000000 1.0000000
vt 1.0000000 1.0000000
vt 1.0000000 0.0000000
vt 0.0000000 0.0000000
vt 0.0000000 1.0000000
vt 1.0000000 1.0000000
vt 1.0000000 0.0000000
vt 0.0000000 0.0000000
vt 0.0000000 1.0000000
vt 1.0000000 1.0000000
vt 1.0000000 0.0000000
vt 0.0000000 0.0000000
vt 0.0000000 1.0000000
vt 1.0000000 1.0000000
vt 1.0000000 0.0000000
vt 0.0000000 0.0000000
vt 0.0000000 1.0000000
vt 1.0000000 1.0000000
vt 1.0000000 0.0000000
vt 0.0000000 0.0000000
vt 0.0000000 1.0000000
vt 1.0000000 1.0000000
vt 1.0000000 0.0000000
vt 0.0000000 0.0000000
vt 0.0000000 1.0000000
vt 1.0000000 1.0000000
vt 1.0000000 0.0000000
vt 0.0000000 0.0000000
vt 0.0000000 1.0000000
vt 1.0000000 1.0000000
vt 1.0000000 0.0000000
vt 0.0000000 0.0000000
vt 0.0000000 1.0000000
vt 1.0000000 1.0000000
vt 1.0000000 0.0000000
vt 0.0000000 0.0000000
vt 0.0000000 1.0000000
vt 1.0000000 1.0000000
vt 1.0000000 0.0000000
vt 0.0000000 0.0000000
vt 0.0000000 1.0000000
vt 1.0000000 1.0000000
vt 1.0000000 0.0000000
vt 0.0000000 0.0000000
vt 0.0000000 1.0000000
vt 1.0000000 1.0000000
vt 1.0000000 0.0000000
vt 0.0000000 0.0000000
vt 0.0000000 1.0000000
vt 1.0000000 1.0000000
vt 1.0000000 0.0000000
vt 0.0000000 0.0000000
vt 0.0000000 1.0000000
vt 1.0000000 1.0000000
vt 1.0000000 0.0000000
vt 0.0000000 0.0000000
vt 0.0000000 1.0000000
vt 1.0000000 1.0000000
vt 1.0000000 0.0000000
vt 0.0000000 0.0000000
vt 0.0000000 1.0000000
vt 1.0000000 1.0000000
vt 1.0000000 0.0000000
vt 0.0000000 0.0000000
vt 0.0000000 1.0000000
vt 1.0000000 1.0000000
vt 1.0000000 0.0000000
vt 0.0000000 0.0000000
vt 0.0000000 1.0000000
vt 1.0000000 1.0000000
vt 1.0000000 0.0000000
vt 0.0000000 0.0000000
vt 0.0000000 1.0000000
vt 1.0000000 1.0000000
vt 1.0000000 0.0000000
vt 0.0000000 0.0000000
vt 0.0000000 1.0000000
vt 1.0000000 1.0000000
vt 1.0000000 0.0000000
vt 0.0000000 0.0000000
vt 0.0000000 1.0000000
vt 1.0000000 1.0000000
vt 1.0000000 0.0000000
vt 0.0000000 0.0000000
vt 0.0000000 1.0000000
vt 1.0000000 1.0000000
vt 1.0000000 0.0000000
vt 0.0000000 0.0000000
vt 0.0000000 1.0000000
vt 1.0000000 1.0000000
vt 1.0000000 0.0000000
vt 0.0000000 0.0000000
vt 0.0000000 1.0000000
vt 1.0000000 1.0000000
vt 1.0000000 0.0000000
vt 0.0000000 0.0000000
vt 0.0000000 1.0000000
vt 1.0000000 1.0000000
vt 1.0000000 0.0000000
vt 0.0000000 0.0000000
vt 0.0000000 1.0000000
vt 1.0000000 1.0000000
vt 1.0000000 0.0000000
vt 0.0000000 0.0000000
vt 0.0000000 1.0000000
vt 1.0000000 1.0000000
vt 1.0000000 0.0000000
vt 0.0000000 0.0000000
vt 0.0000000 1.0000000
vt 1.0000000 1.0000000
vt 1.0000000 0.0000000
vt 0.0000000 0.0000000
vt 0.0000000 1.0000000
vt 1.0000000 1.0000000
vt 1.0000000 0.0000000
vt 0.0000000 0.0000000
vt 0.0000000 1.0000000
vt 1.0000000 1.0000000
vt 1.0000000 0.0000000
vt 0.0000000 0.0000000
vt 0.0000000 1.0000000
vt 1.0000000 1.0000000
vt 1.0000000 0.0000000
vt 0.0000000 0.0000000
vt 0.0000000 1.0000000
vt 1.0000000 1.0000000
vt 1.0000000 0.0000000
vt 0.0000000 0.0000000
vt 0.0000000 1.0000000
vt 1.0000000 1.0000000
vt 1.0000000 0.0000000
vt 0.0000000 0.0000000
vt 0.0000000 1.0000000
vt 1.0000000 1.0000000
vt 1.0000000 0.0000000
vt 0.0000000 0.0000000
vt 0.0000000 1.0000000
vt 1.0000000 1.0000000
vt 1.0000000 0.0000000
vt 0.0000000 0.0000000
vt 0.0000000 1.0000000
vt 1.0000000 1.0000000
vt 1.0000000 0.0000000
vt 0.0000000 0.0000000
vt 0.0000000 1.0000000
vt 1.0000000 1.0000000
vt 1.0000000 0.0000000
vt 0.0000000 0.0000000
vt 0.0000000 1.0000000
vt 1.0000000 1.0000000
vt 1.0000000 0.0000000
vt 0.0000000 0.0000000
vt 0.0000000 1.0000000
vt 1.0000000 1.0000000
vt 1.0000000 0.0000000
vt 0.0000000 0.0000000
vt 0.0000000 1.0000000
vt 1.0000000 1.0000000
vt 1.0000000 0.0000000
vt 0.0000000 0.0000000
vt 0.0000000 1.0000000
vt 1.0000000 1.0000000
vt 1.0000000 0.0000000
vt 0.0000000 0.0000000
vt 0.0000000 1.0000000
vt 1.0000000 1.0000000
vt 1.0000000 0.0000000
vt 0.0000000 0.0000000
vt 0.0000000 1.0000000
vt 1.0000000 1.0000000
vt 1.0000000 0.0000000
vt 0.0000000 0.0000000
vt 0.0000000 1.0000000
vt 1.0000000 1.0000000
vt 1.0000000 0.0000000
vt 0.0000000 0.0000000
vt 0.0000000 1.0000000
vt 1.0000000 1.0000000
vt 1.0000000 0.0000000
vt 0.0000000 0.0000000
vt 0.0000000 1.0000000
vt 1.0000000 1.0000000
vt 1.0000000 0.0000000
vt 0.0000000 0.0000000
vt 0.0000000 1.0000000
vt 1.0000000 1.0000000
vt 1.0000000 0.0000000
vt 0.0000000 0.0000000
vt 0.0000000 1.0000000
vt 1.0000000 1.0000000
vt 1.0000000 0.0000000
vt 0.0000000 0.0000000
vt 0.0000000 1.0000000
vt 1.0000000 1.0000000
vt 1.0000000 0.0000000
vt 0.0000000 0.0000000
vt 0.0000000 1.0000000
vt 1.0000000 1.0000000
vt 1.0000000 0.0000000
vt 0.0000000 0.0000000
vt 0.0000000 1.0000000
vt 1.0000000 1.0000000
vt 1.0000000 0.0000000
vt 0.0000000 0.0000000
vt 0.0000000 1.0000000
vt 1.0000000 1.0000000
vt 1.0000000 0.0000000
vt 0.0000000 0.0000000
vt 0.0000000 1.0000000
vt 1.0000000 1.0000000
vt 1.0000000 0.0000000
vt 0.0000000 0.0000000
vt 0.0000000 1.0000000
vt 1.0000000 1.0000000
vt 1.0000000 0.0000000
vt 0.0000000 0.0000000
vt 0.0000000 1.0000000
vt 1.0000000 1.0000000
vt 1.0000000 0.0000000
vt 0.0000000 0.0000000
vt 0.0000000 1.0000000
vt 1.0000000 1.0000000
vt 1.0000000 0.0000000
vt 0.0000000 0.0000000
vt 0.0000000 1.0000000
vt 1.0000000 1.0000000
vt 1.0000000 0.0000000
vt 0.0000000 0.0000000
vt 0.0000000 1.0000000
vt 1.0000000 1.0000000
vt 1.0000000 0.0000000
vt 0.0000000 0.0000000
vt 0.0000000 1.0000000
vt 1.0000000 1.0000000
vt 1.0000000 0.0000000
vt 0.0000000 0.0000000
vt 0.0000000 1.0000000
vt 1.0000000 1.0000000
vt 1.0000000 0.0000000
vt 0.0000000 0.0000000
vt 0.0000000 1.0000000
vt 1.0000000 1.0000000
vt 1.0000000 0.0000000
vt 0.0000000 0.0000000
vt 0.0000000 1.0000000
vt 1.0000000 1.0000000
vt 1.0000000 0.0000000
vt 0.0000000 0.0000000
vt 0.0000000 1.0000000
vt 1.0000000 1.0000000
vt 1.0000000 0.0000000
vt 0.0000000 0.0000000
vt 0.0000000 1.0000000
vt 1.0000000 1.0000000
vt 1.0000000 0.0000000
vt 0.0000000 0.0000000
vt 0.0000000 1.0000000
vt 1.0000000 1.0000000
vt 1.0000000 0.0000000
vt 0.0000000 0.0000000
vt 0.0000000 1.0000000
vt 1.0000000 1.0000000
vt 1.0000000 0.0000000
vt 0.0000000 0.0000000
vt 0.0000000 1.0000000
vt 1.0000000 1.0000000
vt 1.0000000 0.0000000
vt 0.0000000 0.0000000
vt 0.0000000 1.0000000
vt 1.0000000 1.0000000
vt 1.0000000 0.0000000
vt 0.0000000 0.0000000
vt 0.0000000 1.0000000
vt 1.0000000 1.0000000
vt 1.0000000 0.0000000
vt 0.0000000 0.0000000
vt 0.0000000 1.0000000
vt 1.0000000 1.0000000
vt 1.0000000 0.0000000
vt 0.0000000 0.0000000
vt 0.0000000 1.0000000
vt 1.0000000 1.0000000
vt 1.0000000 0.0000000
vt 0.0000000 0.0000000
vt 0.0000000 1.0000000
vt 1.0000000 1.0000000
vt 1.0000000 0.0000000
vt 0.0000000 0.0000000
vt 0.0000000 1.0000000
vt 1.0000000 1.0000000
vt 1.0000000 0.0000000
vt 0.0000000 0.0000000
vt 0.0000000 1.0000000
vt 1.0000000 1.0000000
vt 1.0000000 0.0000000
vt 0.0000000 0.0000000
vt 0.0000000 1.0000000
vt 1.0000000 1.0000000
vt 1.0000000 0.0000000
vt 0.0000000 0.0000000
vt 0.0000000 1.0000000
vt 1.0000000 1.0000000
vt 1.0000000 0.0000000
vt 0.0000000 0.0000000
vt 0.0000000 1.0000000
vt 1.0000000 1.0000000
vt 1.0000000 0.0000000
vt 0.0000000 0.0000000
vt 0.0000000 1.0000000
vt 1.0000000 1.0000000
vt 1.0000000 0.0000000
vt 0.0000000 0.0000000
vt 0.0000000 1.0000000
vt 1.0000000 1.0000000
vt 1.0000000 0.0000000
vt 0.0000000 0.0000000
vt 0.0000000 1.0000000
vt 1.0000000 1.0000000
vt 1.0000000 0.0000000
vt 0.0000000 0.0000000
vt 0.0000000 1.0000000
vt 1.0000000 1.0000000
vt 1.0000000 0.0000000
vt 0.0000000 0.0000000
vt 0.0000000 1.0000000
vt 1.0000000 1.0000000
vt 1.0000000 0.0000000
vt 0.0000000 0.0000000
vt 0.0000000 1.0000000
vt 1.0000000 1.0000000
vt 1.0000000 0.0000000
vt 0.0000000 0.0000000
vt 0.0000000 1.0000000
vt 1.0000000 1.0000000
vt 1.0000000 0.0000000
vt 0.0000000 0.0000000
vt 0.0000000 1.0000000
vt 1.0000000 1.0000000
vt 1.0000000 0.0000000
vt 0.0000000 0.0000000
vt 0.0000000 1.0000000
vt 1.0000000 1.0000000
vt 1.0000000 0.0000000
vt 0.0000000 0.0000000
vt 0.0000000 1.0000000
vt 1.0000000 1.0000000
vt 1.0000000 0.0000000
vt 0.0000000 0.0000000
vt 0.0000000 1.0000000
vt 1.0000000 1.0000000
vt 1.0000000 0.0000000
vt 0.0000000 0.0000000
vn 0.0000000 1.0000000 0.0000000
vn 0.0000000 -1.0000000 0.0000000
vn 0.0469260 0.9988984 0.0000000
vn 0.0469260 0.9988984 0.0000000
vn 0.0000000 1.0000000 0.0000000
vn 0.0000000 -1.0000000 0.0000000
vn 0.0467812 0.9988959 0.0043093
vn 0.0467812 0.9988959 0.0043093
vn 0.0000000 1.0000000 0.0000000
vn 0.0000000 -1.0000000 0.0000000
vn 0.0463478 0.9988884 0.0085920
vn 0.0463478 0.9988884 0.0085920
vn 0.0000000 1.0000000 0.0000000
vn 0.0000000 -1.0000000 0.0000000
vn 0.0456284 0.9988762 0.0128216
vn 0.0456284 0.9988762 0.0128216
vn 0.0000000 1.0000000 0.0000000
vn 0.0000000 -1.0000000 0.0000000
vn 0.0446276 0.9988595 0.0169720
vn 0.0446276 0.9988595 0.0169720
vn 0.0000000 1.0000000 0.0000000
vn 0.0000000 -1.0000000 0.0000000
vn 0.0433514 0.9988388 0.0210175
vn 0.0433514 0.9988388 0.0210175
vn 0.0000000 1.0000000 0.0000000
vn 0.0000000 -1.0000000 0.0000000
vn 0.0418079 0.9988145 0.0249332
vn 0.0418079 0.9988145 0.0249332
vn 0.0000000 1.0000000 0.0000000
vn 0.0000000 -1.0000000 0.0000000
vn 0.0400066 0.9987873 0.0286949
vn 0.0400066 0.9987873 0.0286949
vn 0.0000000 1.0000000 0.0000000
vn 0.0000000 -1.0000000 0.0000000
vn 0.0379586 0.9987578 0.0322794
vn 0.0379586 0.9987578 0.0322794
vn 0.0000000 1.0000000 0.0000000
vn 0.0000000 -1.0000000 0.0000000
vn 0.0356767 0.9987268 0.0356647
vn 0.0356767 0.9987268 0.0356647
vn 0.0000000 1.0000000 0.0000000
vn 0.0000000 -1.0000000 0.0000000
vn 0.0331749 0.9986950 0.0388298
vn 0.0331749 0.9986950 0.0388298
vn 0.0000000 1.0000000 0.0000000
vn 0.0000000 -1.0000000 0.0000000
vn 0.0304688 0.9986632 0.0417553
vn 0.0304688 0.9986632 0.0417553
vn 0.0000000 1.0000000 0.0000000
vn 0.0000000 -1.0000000 0.0000000
vn 0.0275751 0.9986322 0.0444232
vn 0.0275751 0.9986322 0.0444232
vn 0.0000000 1.0000000 0.0000000
vn 0.0000000 -1.0000000 0.0000000
vn 0.0245115 0.9986027 0.0468172
vn 0.0245115 0.9986027 0.0468172
vn 0.0000000 1.0000000 0.0000000
vn 0.0000000 -1.0000000 0.0000000
vn 0.0212971 0.9985755 0.0489225
vn 0.0212971 0.9985755 0.0489225
vn 0.0000000 1.0000000 0.0000000
vn 0.0000000 -1.0000000 0.0000000
vn 0.0179516 0.9985512 0.0507262
vn 0.0179516 0.9985512 0.0507262
vn 0.0000000 1.0000000 0.0000000
vn 0.0000000 -1.0000000 0.0000000
vn 0.0144956 0.9985305 0.0522173
vn 0.0144956 0.9985305 0.0522173
vn 0.0000000 1.0000000 0.0000000
vn 0.0000000 -1.0000000 0.0000000
vn 0.0109504 0.9985139 0.0533866
vn 0.0109504 0.9985139 0.0533866
vn 0.0000000 1.0000000 0.0000000
vn 0.0000000 -1.0000000 0.0000000
vn 0.0073379 0.9985017 0.0542270
vn 0.0073379 0.9985017 0.0542270
vn 0.0000000 1.0000000 0.0000000
vn 0.0000000 -1.0000000 0.0000000
vn 0.0036803 0.9984942 0.0547333
vn 0.0036803 0.9984942 0.0547333
vn 0.0000000 1.0000000 0.0000000
vn 0.0000000 -1.0000000 0.0000000
vn 0.0000000 0.9984917 0.0549024
vn 0.0000000 0.9984917 0.0549024
vn 0.0000000 1.0000000 0.0000000
vn 0.0000000 -1.0000000 0.0000000
vn -0.0036803 0.9984942 0.0547333
vn -0.0036803 0.9984942 0.0547333
vn 0.0000000 1.0000000 0.0000000
vn 0.0000000 -1.0000000 0.0000000
vn -0.0073379 0.9985017 0.0542270
vn -0.0073379 0.9985017 0.0542270
vn 0.0000000 1.0000000 0.0000000
vn 0.0000000 -1.0000000 0.0000000
vn -0.0109504 0.9985139 0.0533866
vn -0.0109504 0.9985139 0.0533866
vn 0.0000000 1.0000000 0.0000000
vn 0.0000000 -1.0000000 0.0000000
vn -0.0144956 0.9985305 0.0522173
vn -0.0144956 0.9985305 0.0522173
vn 0.0000000 1.0000000 0.0000000
vn 0.0000000 -1.0000000 0.0000000
vn -0.0179516 0.9985512 0.0507262
vn -0.0179516 0.9985512 0.0507262
vn 0.0000000 1.0000000 0.0000000
vn 0.0000000 -1.0000000 0.0000000
vn -0.0212971 0.9985755 0.0489225
vn -0.0212971 0.9985755 0.0489225
vn 0.0000000 1.0000000 0.0000000
vn 0.0000000 -1.0000000 0.0000000
vn -0.0245115 0.9986027 0.0468172
vn -0.0245115 0.9986027 0.0468172
vn 0.0000000 1.0000000 0.0000000
vn 0.0000000 -1.0000000 0.0000000
vn -0.0275751 0.9986322 0.0444232
vn -0.0275751 0.9986322 0.0444232
vn 0.0000000 1.0000000 0.0000000
vn 0.0000000 -1.0000000 0.0000000
vn -0.0304688 0.9986632 0.0417553
vn -0.0304688 0.9986632 0.0417553
vn 0.0000000 1.0000000 0.0000000
vn 0.0000000 -1.0000000 0.0000000
vn -0.0331749 0.9986950 0.0388298
vn -0.0331749 0.9986950 0.0388298
vn 0.0000000 1.0000000 0.0000000
vn 0.0000000 -1.0000000 0.0000000
vn -0.0356767 0.9987268 0.0356647
vn -0.0356767 0.9987268 0.0356647
vn 0.0000000 1.0000000 0.0000000
vn 0.0000000 -1.0000000 0.0000000
vn -0.0379586 0.9987578 0.0322794
vn -0.0379586 0.9987578 0.0322794
vn 0.0000000 1.0000000 0.0000000
vn 0.0000000 -1.0000000 0.0000000
vn -0.0400066 0.9987873 0.0286949
vn -0.0400066 0.9987873 0.0286949
vn 0.0000000 1.0000000 0.0000000
vn 0.0000000 -1.0000000 0.0000000
vn -0.0418079 0.9988145 0.0249332
vn -0.0418079 0.9988145 0.0249332
vn 0.0000000 1.0000000 0.0000000
vn 0.0000000 -1.0000000 0.0000000
vn -0.0433514 0.9988388 0.0210175
vn -0.0433514 0.9988388 0.0210175
vn 0.0000000 1.0000000 0.0000000
vn 0.0000000 -1.0000000 0.0000000
vn -0.0446276 0.9988595 0.0169720
vn -0.0446276 0.9988595 0.0169720
vn 0.0000000 1.0000000 0.0000000
vn 0.0000000 -1.0000000 0.0000000
vn -0.0456284 0.9988762 0.0128216
vn -0.0456284 0.9988762 0.0128216
vn 0.0000000 1.0000000 0.0000000
vn 0.0000000 -1.0000000 0.0000000
vn -0.0463478 0.9988884 0.0085920
vn -0.0463478 0.9988884 0.0085920
vn 0.0000000 1.0000000 0.0000000
vn 0.0000000 -1.0000000 0.0000000
vn -0.0467812 0.9988959 0.0043093
vn -0.0467812 0.9988959 0.0043093
vn 0.0000000 1.0000000 0.0000000
vn 0.0000000 -1.0000000 0.0000000
vn -0.0469260 0.9988984 0.0000000
vn -0.0469260 0.9988984 0.0000000
vn 0.0000000 1.0000000 0.0000000
vn 0.0000000 -1.0000000 0.0000000
vn -0.0467812 0.9988959 -0.0043093
vn -0.0467812 0.9988959 -0.0043093
vn 0.0000000 1.0000000 0.0000000
vn 0.0000000 -1.0000000 0.0000000
vn -0.0463478 0.9988884 -0.0085920
vn -0.0463478 0.9988884 -0.0085920
vn 0.0000000 1.0000000 0.0000000
vn 0.0000000 -1.0000000 0.0000000
vn -0.0456284 0.9988762 -0.0128216
vn -0.0456284 0.9988762 -0.0128216
vn 0.0000000 1.0000000 0.0000000
vn 0.0000000 -1.0000000 0.0000000
vn -0.0446276 0.9988595 -0.0169720
vn -0.0446276 0.9988595 -0.0169720
vn 0.0000000 1.0000000 0.0000000
vn 0.0000000 -1.0000000 0.0000000
vn -0.0433514 0.9988388 -0.0210175
vn -0.0433514 0.9988388 -0.0210175
vn 0.0000000 1.0000000 0.0000000
vn 0.0000000 -1.0000000 0.0000000
vn -0.0418079 0.9988145 -0.0249332
vn -0.0418079 0.9988145 -0.0249332
vn 0.0000000 1.0000000 0.0000000
vn 0.0000000 -1.0000000 0.0000000
vn -0.0400066 0.9987873 -0.0286949
vn -0.0400066 0.9987873 -0.0286949
vn 0.0000000 1.0000000 0.0000000
vn 0.0000000 -1.0000000 0.0000000
vn -0.0379586 0.9987578 -0.0322794
vn -0.0379586 0.9987578 -0.0322794
vn 0.0000000 1.0000000 0.0000000
vn 0.0000000 -1.0000000 0.0000000
vn -0.0356767 0.9987268 -0.0356647
vn -0.0356767 0.9987268 -0.0356647
vn 0.0000000 1.0000000 0.0000000
vn 0.0000000 -1.0000000 0.0000000
vn -0.0331749 0.9986950 -0.0388298
vn -0.0331749 0.9986950 -0.0388298
vn 0.0000000 1.0000000 0.0000000
vn 0.0000000 -1.0000000 0.0000000
vn -0.0304688 0.9986632 -0.0417553
vn -0.0304688 0.9986632 -0.0417553
vn 0.0000000 1.0000000 0.0000000
vn 0.0000000 -1.0000000 0.0000000
vn -0.0275751 0.9986322 -0.0444232
vn -0.0275751 0.9986322 -0.0444232
vn 0.0000000 1.0000000 0.0000000
vn 0.0000000 -1.0000000 0.0000000
vn -0.0245115 0.9986027 -0.0468172
vn -0.0245115 0.9986027 -0.0468172
vn 0.0000000 1.0000000 0.0000000
vn 0.0000000 -1.0000000 0.0000000
vn -0.0212971 0.9985755 -0.0489225
vn -0.0212971 0.9985755 -0.0489225
vn 0.0000000 1.0000000 0.0000000
vn 0.0000000 -1.0000000 0.0000000
vn -0.0179516 0.9985512 -0.0507262
vn -0.0179516 0.9985512 -0.0507262
vn 0.0000000 1.0000000 0.0000000
vn 0.0000000 -1.0000000 0.0000000
vn -0.0144956 0.9985305 -0.0522173
vn -0.0144956 0.9985305 -0.0522173
vn 0.0000000 1.0000000 0.0000000
vn 0.0000000 -1.0000000 0.0000000
vn -0.0109504 0.9985139 -0.0533866
vn -0.0109504 0.9985139 -0.0533866
vn 0.0000000 1.0000000 0.0000000
vn 0.0000000 -1.0000000 0.0000000
vn -0.0073379 0.9985017 -0.0542270
vn -0.0073379 0.9985017 -0.0542270
vn 0.0000000 1.0000000 0.0000000
vn 0.0000000 -1.0000000 0.0000000
vn -0.0036803 0.9984942 -0.0547333
vn -0.0036803 0.9984942 -0.0547333
vn 0.0000000 1.0000000 0.0000000
vn 0.0000000 -1.0000000 0.0000000
vn -0.0000000 0.9984917 -0.0549024
vn -0.0000000 0.9984917 -0.0549024
vn 0.0000000 1.0000000 0.0000000
vn 0.0000000 -1.0000000 0.0000000
vn 0.0036803 0.9984942 -0.0547333
vn 0.0036803 0.9984942 -0.0547333
vn 0.0000000 1.0000000 0.0000000
vn 0.0000000 -1.0000000 0.0000000
vn 0.0073379 0.9985017 -0.0542270
vn 0.0073379 0.9985017 -0.0542270
vn 0.0000000 1.0000000 0.0000000
vn 0.0000000 -1.0000000 0.0000000
vn 0.0109504 0.9985139 -0.0533866
vn 0.0109504 0.9985139 -0.0533866
vn 0.0000000 1.0000000 0.0000000
vn 0.0000000 -1.0000000 0.0000000
vn 0.0144956 0.9985305 -0.0522173
vn 0.0144956 0.9985305 -0.0522173
vn 0.0000000 1.0000000 0.0000000
vn 0.0000000 -1.0000000 0.0000000
vn 0.0179516 0.9985512 -0.0507262
vn 0.0179516 0.9985512 -0.0507262
vn 0.0000000 1.0000000 0.0000000
vn 0.0000000 -1.0000000 0.0000000
vn 0.0212971 0.9985755 -0.0489225
vn 0.0212971 0.9985755 -0.0489225
vn 0.0000000 1.0000000 0.0000000
vn 0.0000000 -1.0000000 0.0000000
vn 0.0245115 0.9986027 -0.0468172
vn 0.0245115 0.9986027 -0.0468172
vn 0.0000000 1.0000000 0.0000000
vn 0.0000000 -1.0000000 0.0000000
vn 0.0275751 0.9986322 -0.0444232
vn 0.0275751 0.9986322 -0.0444232
vn 0.0000000 1.0000000 0.0000000
vn 0.0000000 -1.0000000 0.0000000
vn 0.0304688 0.9986632 -0.0417553
vn 0.0304688 0.9986632 -0.0417553
vn 0.0000000 1.0000000 0.0000000
vn 0.0000000 -1.0000000 0.0000000
vn 0.0331749 0.9986950 -0.0388298
vn 0.0331749 0.9986950 -0.0388298
vn 0.0000000 1.0000000 0.0000000
vn 0.0000000 -1.0000000 0.0000000
vn 0.0356767 0.9987268 -0.0356647
vn 0.0356767 0.9987268 -0.0356647
vn 0.0000000 1.0000000 0.0000000
vn 0.0000000 -1.0000000 0.0000000
vn 0.0379586 0.9987578 -0.0322794
vn 0.0379586 0.9987578 -0.0322794
vn 0.0000000 1.0000000 0.0000000
vn 0.0000000 -1.0000000 0.0000000
vn 0.0400066 0.9987873 -0.0286949
vn 0.0400066 0.9987873 -0.0286949
vn 0.0000000 1.0000000 0.0000000
vn 0.0000000 -1.0000000 0.0000000
vn 0.0418079 0.9988145 -0.0249332
vn 0.0418079 0.9988145 -0.0249332
vn 0.0000000 1.0000000 0.0000000
vn 0.0000000 -1.0000000 0.0000000
vn 0.0433514 0.9988388 -0.0210175
vn 0.0433514 0.9988388 -0.0210175
vn 0.0000000 1.0000000 0.0000000
vn 0.0000000 -1.0000000 0.0000000
vn 0.0446276 0.9988595 -0.0169720
vn 0.0446276 0.9988595 -0.0169720
vn 0.0000000 1.0000000 0.0000000
vn 0.0000000 -1.0000000 0.0000000
vn 0.0456284 0.9988762 -0.0128216
vn 0.0456284 0.9988762 -0.0128216
vn 0.0000000 1.0000000 0.0000000
vn 0.0000000 -1.0000000 0.0000000
vn 0.0463478 0.9988884 -0.0085920
vn 0.0463478 0.9988884 -0.0085920
vn 0.0000000 1.0000000 0.0000000
vn 0.0000000 -1.0000000 0.0000000
vn 0.0467812 0.9988959 -0.0043093
vn 0.0467812 0.9988959 -0.0043093
vn 0.0000000 1.0000000 0.0000000
vn 0.0000000 -1.0000000 0.0000000
vn 0.0000000 1.0000000 0.0000000
vn 0.0000000 -1.0000000 0.0000000
vn 0.0356915 0.9993629 0.0000000
vn 0.0356915 0.9993629 0.0000000
vn 0.0000000 1.0000000 0.0000000
vn 0.0000000 -1.0000000 0.0000000
vn 0.0355556 0.9993609 0.0036782
vn 0.0355556 0.9993609 0.0036782
vn 0.0000000 1.0000000 0.0000000
vn 0.0000000 -1.0000000 0.0000000
vn 0.0351490 0.9993552 0.0073284
vn 0.0351490 0.9993552 0.0073284
vn 0.0000000 1.0000000 0.0000000
vn 0.0000000 -1.0000000 0.0000000
vn 0.0344748 0.9993459 0.0109227
vn 0.0344748 0.9993459 0.0109227
vn 0.0000000 1.0000000 0.0000000
vn 0.0000000 -1.0000000 0.0000000
vn 0.0335381 0.9993332 0.0144338
vn 0.0335381 0.9993332 0.0144338
vn 0.0000000 1.0000000 0.0000000
vn 0.0000000 -1.0000000 0.0000000
vn 0.0323460 0.9993176 0.0178349
vn 0.0323460 0.9993176 0.0178349
vn 0.0000000 1.0000000 0.0000000
vn 0.0000000 -1.0000000 0.0000000
vn 0.0309078 0.9992995 0.0211001
vn 0.0309078 0.9992995 0.0211001
vn 0.0000000 1.0000000 0.0000000
vn 0.0000000 -1.0000000 0.0000000
vn 0.0292344 0.9992795 0.0242045
vn 0.0292344 0.9992795 0.0242045
vn 0.0000000 1.0000000 0.0000000
vn 0.0000000 -1.0000000 0.0000000
vn 0.0273384 0.9992582 0.0271246
vn 0.0273384 0.9992582 0.0271246
vn 0.0000000 1.0000000 0.0000000
vn 0.0000000 -1.0000000 0.0000000
vn 0.0252345 0.9992362 0.0298381
vn 0.0252345 0.9992362 0.0298381
vn 0.0000000 1.0000000 0.0000000
vn 0.0000000 -1.0000000 0.0000000
vn 0.0229387 0.9992142 0.0323244
vn 0.0229387 0.9992142 0.0323244
vn 0.0000000 1.0000000 0.0000000
vn 0.0000000 -1.0000000 0.0000000
vn 0.0204683 0.9991928 0.0345646
vn 0.0204683 0.9991928 0.0345646
vn 0.0000000 1.0000000 0.0000000
vn 0.0000000 -1.0000000 0.0000000
vn 0.0178424 0.9991728 0.0365418
vn 0.0178424 0.9991728 0.0365418
vn 0.0000000 1.0000000 0.0000000
vn 0.0000000 -1.0000000 0.0000000
vn 0.0150808 0.9991547 0.0382408
vn 0.0150808 0.9991547 0.0382408
vn 0.0000000 1.0000000 0.0000000
vn 0.0000000 -1.0000000 0.0000000
vn 0.0122045 0.9991391 0.0396488
vn 0.0122045 0.9991391 0.0396488
vn 0.0000000 1.0000000 0.0000000
vn 0.0000000 -1.0000000 0.0000000
vn 0.0092355 0.9991265 0.0407552
vn 0.0092355 0.9991265 0.0407552
vn 0.0000000 1.0000000 0.0000000
vn 0.0000000 -1.0000000 0.0000000
vn 0.0061962 0.9991172 0.0415514
vn 0.0061962 0.9991172 0.0415514
vn 0.0000000 1.0000000 0.0000000
vn 0.0000000 -1.0000000 0.0000000
vn 0.0031099 0.9991114 0.0420317
vn 0.0031099 0.9991114 0.0420317
vn 0.0000000 1.0000000 0.0000000
vn 0.0000000 -1.0000000 0.0000000
vn 0.0000000 0.9991095 0.0421921
vn 0.0000000 0.9991095 0.0421921
vn 0.0000000 1.0000000 0.0000000
vn 0.0000000 -1.0000000 0.0000000
vn -0.0031099 0.9991114 0.0420317
vn -0.0031099 0.9991114 0.0420317
vn 0.0000000 1.0000000 0.0000000
vn 0.0000000 -1.0000000 0.0000000
vn -0.0061962 0.9991172 0.0415514
vn -0.0061962 0.9991172 0.0415514
vn 0.0000000 1.0000000 0.0000000
vn 0.0000000 -1.0000000 0.0000000
vn -0.0092355 0.9991265 0.0407552
vn -0.0092355 0.9991265 0.0407552
vn 0.0000000 1.0000000 0.0000000
vn 0.0000000 -1.0000000 0.0000000
vn -0.0122045 0.9991391 0.0396488
vn -0.0122045 0.9991391 0.0396488
vn 0.0000000 1.0000000 0.0000000
vn 0.0000000 -1.0000000 0.0000000
vn -0.0150808 0.9991547 0.0382408
vn -0.0150808 0.9991547 0.0382408
vn 0.0000000 1.0000000 0.0000000
vn 0.0000000 -1.0000000 0.0000000
vn -0.0178424 0.9991728 0.0365418
vn -0.0178424 0.9991728 0.0365418
vn 0.0000000 1.0000000 0.0000000
vn 0.0000000 -1.0000000 0.0000000
vn -0.0204683 0.9991928 0.0345646
vn -0.0204683 0.9991928 0.0345646
vn 0.0000000 1.0000000 0.0000000
vn 0.0000000 -1.0000000 0.0000000
vn -0.0229387 0.9992142 0.0323244
vn -0.0229387 0.9992142 0.0323244
vn 0.0000000 1.0000000 0.0000000
vn 0.0000000 -1.0000000 0.0000000
vn -0.0252345 0.9992362 0.0298381
vn -0.0252345 0.9992362 0.0298381
vn 0.0000000 1.0000000 0.0000000
vn 0.0000000 -1.0000000 0.0000000
vn -0.0273384 0.9992582 0.0271246
vn -0.0273384 0.9992582 0.0271246
vn 0.0000000 1.0000000 0.0000000
vn 0.0000000 -1.0000000 0.0000000
vn -0.0292344 0.9992795 0.0242045
vn -0.0292344 0.9992795 0.0242045
vn 0.0000000 1.0000000 0.0000000
vn 0.0000000 -1.0000000 0.0000000
vn -0.0309078 0.9992995 0.0211001
vn -0.0309078 0.9992995 0.0211001
vn 0.0000000 1.0000000 0.0000000
vn 0.0000000 -1.0000000 0.0000000
vn -0.0323460 0.9993176 0.0178349
vn -0.0323460 0.9993176 0.0178349
vn 0.0000000 1.0000000 0.0000000
vn 0.0000000 -1.0000000 0.0000000
vn -0.0335381 0.9993332 0.0144338
vn -0.0335381 0.9993332 0.0144338
vn 0.0000000 1.0000000 0.0000000
vn 0.0000000 -1.0000000 0.0000000
vn -0.0344748 0.9993459 0.0109227
vn -0.0344748 0.9993459 0.0109227
vn 0.0000000 1.0000000 0.0000000
vn 0.0000000 -1.0000000 0.0000000
vn -0.0351490 0.9993552 0.0073284
vn -0.0351490 0.9993552 0.0073284
vn 0.0000000 1.0000000 0.0000000
vn 0.0000000 -1.0000000 0.0000000
vn -0.0355556 0.9993609 0.0036782
vn -0.0355556 0.9993609 0.0036782
vn 0.0000000 1.0000000 0.0000000
vn 0.0000000 -1.0000000 0.0000000
vn -0.0356915 0.9993629 0.0000000
vn -0.0356915 0.9993629 0.0000000
vn 0.0000000 1.0000000 0.0000000
vn 0.0000000 -1.0000000 0.0000000
vn -0.0355556 0.9993609 -0.0036782
vn -0.0355556 0.9993609 -0.0036782
vn 0.0000000 1.0000000 0.0000000
vn 0.0000000 -1.0000000 0.0000000
vn -0.0351490 0.9993552 -0.0073284
vn -0.0351490 0.9993552 -0.0073284
vn 0.0000000 1.0000000 0.0000000
vn 0.0000000 -1.0000000 0.0000000
vn -0.0344748 0.9993459 -0.0109227
vn -0.0344748 0.9993459 -0.0109227
vn 0.0000000 1.0000000 0.0000000
vn 0.0000000 -1.0000000 0.0000000
vn -0.0335381 0.9993332 -0.0144338
vn -0.0335381 0.9993332 -0.0144338
vn 0.0000000 1.0000000 0.0000000
vn 0.0000000 -1.0000000 0.0000000
vn -0.0323460 0.9993176 -0.0178349
vn -0.0323460 0.9993176 -0.0178349
vn 0.0000000 1.0000000 0.0000000
vn 0.0000000 -1.0000000 0.0000000
vn -0.0309078 0.9992995 -0.0211001
vn -0.0309078 0.9992995 -0.0211001
vn 0.0000000 1.0000000 0.0000000
vn 0.0000000 -1.0000000 0.0000000
vn -0.0292344 0.9992795 -0.0242045
vn -0.0292344 0.9992795 -0.0242045
vn 0.0000000 1.0000000 0.0000000
vn 0.0000000 -1.0000000 0.0000000
vn -0.0273384 0.9992582 -0.0271246
vn -0.0273384 0.9992582 -0.0271246
vn 0.0000000 1.0000000 0.0000000
vn 0.0000000 -1.0000000 0.0000000
vn -0.0252345 0.9992362 -0.0298381
vn -0.0252345 0.9992362 -0.0298381
vn 0.0000000 1.0000000 0.0000000
vn 0.0000000 -1.0000000 0.0000000
vn -0.0229387 0.9992142 -0.0323244
vn -0.0229387 0.9992142 -0.0323244
vn 0.0000000 1.0000000 0.0000000
vn 0.0000000 -1.0000000 0.0000000
vn -0.0204683 0.9991928 -0.0345646
vn -0.0204683 0.9991928 -0.0345646
vn 0.0000000 1.0000000 0.0000000
vn 0.0000000 -1.0000000 0.0000000
vn -0.0178424 0.9991728 -0.0365418
vn -0.0178424 0.9991728 -0.0365418
vn 0.0000000 1.0000000 0.0000000
vn 0.0000000 -1.0000000 0.0000000
vn -0.0150808 0.9991547 -0.0382408
vn -0.0150808 0.9991547 -0.0382408
vn 0.0000000 1.0000000 0.0000000
vn 0.0000000 -1.0000000 0.0000000
vn -0.0122045 0.9991391 -0.0396488
vn -0.0122045 0.9991391 -0.0396488
vn 0.0000000 1.0000000 0.0000000
vn 0.0000000 -1.0000000 0.0000000
vn -0.0092355 0.9991265 -0.0407552
vn -0.0092355 0.9991265 -0.0407552
vn 0.0000000 1.0000000 0.0000000
vn 0.0000000 -1.0000000 0.0000000
vn -0.0061962 0.9991172 -0.0415514
vn -0.0061962 0.9991172 -0.0415514
vn 0.0000000 1.0000000 0.0000000
vn 0.0000000 -1.0000000 0.0000000
vn -0.0031099 0.9991114 -0.0420317
vn -0.0031099 0.9991114 -0.0420317
vn 0.0000000 1.0000000 0.0000000
vn 0.0000000 -1.0000000 0.0000000
vn -0.0000000 0.9991095 -0.0421921
vn -0.0000000 0.9991095 -0.0421921
vn 0.0000000 1.0000000 0.0000000
vn 0.0000000 -1.0000000 0.0000000
vn 0.0031099 0.9991114 -0.0420317
vn 0.0031099 0.9991114 -0.0420317
vn 0.0000000 1.0000000 0.0000000
vn 0.0000000 -1.0000000 0.0000000
vn 0.0061962 0.9991172 -0.0415514
vn 0.0061962 0.9991172 -0.0415514
vn 0.0000000 1.0000000 0.0000000
vn 0.0000000 -1.0000000 0.0000000
vn 0.0092355 0.9991265 -0.0407552
vn 0.0092355 0.9991265 -0.0407552
vn 0.0000000 1.0000000 0.0000000
vn 0.0000000 -1.0000000 0.0000000
vn 0.0122045 0.9991391 -0.0396488
vn 0.0122045 0.9991391 -0.0396488
vn 0.0000000 1.0000000 0.0000000
vn 0.0000000 -1.0000000 0.0000000
vn 0.0150808 0.9991547 -0.0382408
vn 0.0150808 0.9991547 -0.0382408
vn 0.0000000 1.0000000 0.0000000
vn 0.0000000 -1.0000000 0.0000000
vn 0.0178424 0.9991728 -0.0365418
vn 0.0178424 0.9991728 -0.0365418
vn 0.0000000 1.0000000 0.0000000
vn 0.0000000 -1.0000000 0.0000000
vn 0.0204683 0.9991928 -0.0345646
vn 0.0204683 0.9991928 -0.0345646
vn 0.0000000 1.0000000 0.0000000
vn 0.0000000 -1.0000000 0.0000000
vn 0.0229387 0.9992142 -0.0323244
vn 0.0229387 0.9992142 -0.0323244
vn 0.0000000 1.0000000 0.0000000
vn 0.0000000 -1.0000000 0.0000000
vn 0.0252345 0.9992362 -0.0298381
vn 0.0252345 0.9992362 -0.0298381
vn 0.0000000 1.0000000 0.0000000
vn 0.0000000 -1.0000000 0.0000000
vn 0.0273384 0.9992582 -0.0271246
vn 0.0273384 0.9992582 -0.0271246
vn 0.0000000 1.0000000 0.0000000
vn 0.0000000 -1.0000000 0.0000000
vn 0.0292344 0.9992795 -0.0242045
vn 0.0292344 0.9992795 -0.0242045
vn 0.0000000 1.0000000 0.0000000
vn 0.0000000 -1.0000000 0.0000000
vn 0.0309078 0.9992995 -0.0211001
vn 0.0309078 0.9992995 -0.0211001
vn 0.0000000 1.0000000 0.0000000
vn 0.0000000 -1.0000000 0.0000000
vn 0.0323460 0.9993176 -0.0178349
vn 0.0323460 0.9993176 -0.0178349
vn 0.0000000 1.0000000 0.0000000
vn 0.0000000 -1.0000000 0.0000000
vn 0.0335381 0.9993332 -0.0144338
vn 0.0335381 0.9993332 -0.0144338
vn 0.0000000 1.0000000 0.0000000
vn 0.0000000 -1.0000000 0.0000000
vn 0.0344748 0.9993459 -0.0109227
vn 0.0344748 0.9993459 -0.0109227
vn 0.0000000 1.0000000 0.0000000
vn 0.0000000 -1.0000000 0.0000000
vn 0.0351490 0.9993552 -0.0073284
vn 0.0351490 0.9993552 -0.0073284
vn 0.0000000 1.0000000 0.0000000
vn 0.0000000 -1.0000000 0.0000000
vn 0.0355556 0.9993609 -0.0036782
vn 0.0355556 0.9993609 -0.0036782
vn 0.0000000 1.0000000 0.0000000
vn 0.0000000 -1.0000000 0.0000000
vn 0.0000000 1.0000000 0.0000000
vn 0.0000000 -1.0000000 0.0000000
vn 0.0514615 0.9986750 0.0000000
vn 0.0514615 0.9986750 0.0000000
vn 0.0000000 1.0000000 0.0000000
vn 0.0000000 -1.0000000 0.0000000
vn 0.0512134 0.9986689 0.0061347
vn 0.0512134 0.9986689 0.0061347
vn 0.0000000 1.0000000 0.0000000
vn 0.0000000 -1.0000000 0.0000000
vn 0.0504715 0.9986509 0.0122101
vn 0.0504715 0.9986509 0.0122101
vn 0.0000000 1.0000000 0.0000000
vn 0.0000000 -1.0000000 0.0000000
vn 0.0492430 0.9986216 0.0181675
vn 0.0492430 0.9986216 0.0181675
vn 0.0000000 1.0000000 0.0000000
vn 0.0000000 -1.0000000 0.0000000
vn 0.0475398 0.9985822 0.0239493
vn 0.0475398 0.9985822 0.0239493
vn 0.0000000 1.0000000 0.0000000
vn 0.0000000 -1.0000000 0.0000000
vn 0.0453786 0.9985342 0.0294998
vn 0.0453786 0.9985342 0.0294998
vn 0.0000000 1.0000000 0.0000000
vn 0.0000000 -1.0000000 0.0000000
vn 0.0427803 0.9984795 0.0347654
vn 0.0427803 0.9984795 0.0347654
vn 0.0000000 1.0000000 0.0000000
vn 0.0000000 -1.0000000 0.0000000
vn 0.0397701 0.9984201 0.0396955
vn 0.0397701 0.9984201 0.0396955
vn 0.0000000 1.0000000 0.0000000
vn 0.0000000 -1.0000000 0.0000000
vn 0.0363772 0.9983583 0.0442426
vn 0.0363772 0.9983583 0.0442426
vn 0.0000000 1.0000000 0.0000000
vn 0.0000000 -1.0000000 0.0000000
vn 0.0326345 0.9982966 0.0483631
vn 0.0326345 0.9982966 0.0483631
vn 0.0000000 1.0000000 0.0000000
vn 0.0000000 -1.0000000 0.0000000
vn 0.0285780 0.9982372 0.0520175
vn 0.0285780 0.9982372 0.0520175
vn 0.0000000 1.0000000 0.0000000
vn 0.0000000 -1.0000000 0.0000000
vn 0.0242468 0.9981825 0.0551708
vn 0.0242468 0.9981825 0.0551708
vn 0.0000000 1.0000000 0.0000000
vn 0.0000000 -1.0000000 0.0000000
vn 0.0196828 0.9981346 0.0577928
vn 0.0196828 0.9981346 0.0577928
vn 0.0000000 1.0000000 0.0000000
vn 0.0000000 -1.0000000 0.0000000
vn 0.0149298 0.9980952 0.0598585
vn 0.0149298 0.9980952 0.0598585
vn 0.0000000 1.0000000 0.0000000
vn 0.0000000 -1.0000000 0.0000000
vn 0.0100335 0.9980660 0.0613483
vn 0.0100335 0.9980660 0.0613483
vn 0.0000000 1.0000000 0.0000000
vn 0.0000000 -1.0000000 0.0000000
vn 0.0050409 0.9980480 0.0622478
vn 0.0050409 0.9980480 0.0622478
vn 0.0000000 1.0000000 0.0000000
vn 0.0000000 -1.0000000 0.0000000
vn 0.0000000 0.9980419 0.0625487
vn 0.0000000 0.9980419 0.0625487
vn 0.0000000 1.0000000 0.0000000
vn 0.0000000 -1.0000000 0.0000000
vn -0.0050409 0.9980480 0.0622478
vn -0.0050409 0.9980480 0.0622478
vn 0.0000000 1.0000000 0.0000000
vn 0.0000000 -1.0000000 0.0000000
vn -0.0100335 0.9980660 0.0613483
vn -0.0100335 0.9980660 0.0613483
vn 0.0000000 1.0000000 0.0000000
vn 0.0000000 -1.0000000 0.0000000
vn -0.0149298 0.9980952 0.0598585
vn -0.0149298 0.9980952 0.0598585
vn 0.0000000 1.0000000 0.0000000
vn 0.0000000 -1.0000000 0.0000000
vn -0.0196828 0.9981346 0.0577928
vn -0.0196828 0.9981346 0.0577928
vn 0.0000000 1.0000000 0.0000000
vn 0.0000000 -1.0000000 0.0000000
vn -0.0242468 0.9981825 0.0551708
vn -0.0242468 0.9981825 0.0551708
vn 0.0000000 1.0000000 0.0000000
vn 0.0000000 -1.0000000 0.0000000
vn -0.0285780 0.9982372 0.0520175
vn -0.0285780 0.9982372 0.0520175
vn 0.0000000 1.0000000 0.0000000
vn 0.0000000 -1.0000000 0.0000000
vn -0.0326345 0.9982966 0.0483631
vn -0.0326345 0.9982966 0.0483631
vn 0.0000000 1.0000000 0.0000000
vn 0.0000000 -1.0000000 0.0000000
vn -0.0363772 0.9983583 0.0442426
vn -0.0363772 0.9983583 0.0442426
vn 0.0000000 1.0000000 0.0000000
vn 0.0000000 -1.0000000 0.0000000
vn -0.0397701 0.9984201 0.0396955
vn -0.0397701 0.9984201 0.0396955
vn 0.0000000 1.0000000 0.0000000
vn 0.0000000 -1.0000000 0.0000000
vn -0.0427803 0.9984795 0.0347654
vn -0.0427803 0.9984795 0.0347654
vn 0.0000000 1.0000000 0.0000000
vn 0.0000000 -1.0000000 0.0000000
vn -0.0453786 0.9985342 0.0294998
vn -0.0453786 0.9985342 0.0294998
vn 0.0000000 1.0000000 0.0000000
vn 0.0000000 -1.0000000 0.0000000
vn -0.0475398 0.9985822 0.0239493
vn -0.0475398 0.9985822 0.0239493
vn 0.0000000 1.0000000 0.0000000
vn 0.0000000 -1.0000000 0.0000000
vn -0.0492430 0.9986216 0.0181675
vn -0.0492430 0.9986216 0.0181675
vn 0.0000000 1.0000000 0.0000000
vn 0.0000000 -1.0000000 0.0000000
vn -0.0504715 0.9986509 0.0122101
vn -0.0504715 0.9986509 0.0122101
vn 0.0000000 1.0000000 0.0000000
vn 0.0000000 -1.0000000 0.0000000
vn -0.0512134 0.9986689 0.0061347
vn -0.0512134 0.9986689 0.0061347
vn 0.0000000 1.0000000 0.0000000
vn 0.0000000 -1.0000000 0.0000000
vn -0.0514615 0.9986750 0.0000000
vn -0.0514615 0.9986750 0.0000000
vn 0.0000000 1.0000000 0.0000000
vn 0.0000000 -1.0000000 0.0000000
vn -0.0512134 0.9986689 -0.0061347
vn -0.0512134 0.9986689 -0.0061347
vn 0.0000000 1.0000000 0.0000000
vn 0.0000000 -1.0000000 0.0000000
vn -0.0504715 0.9986509 -0.0122101
vn -0.0504715 0.9986509 -0.0122101
vn 0.0000000 1.0000000 0.0000000
vn 0.0000000 -1.0000000 0.0000000
vn -0.0492430 0.9986216 -0.0181675
vn -0.0492430 0.9986216 -0.0181675
vn 0.0000000 1.0000000 0.0000000
vn 0.0000000 -1.0000000 0.0000000
vn -0.0475398 0.9985822 -0.0239493
vn -0.0475398 0.9985822 -0.0239493
vn 0.0000000 1.0000000 0.0000000
vn 0.0000000 -1.0000000 0.0000000
vn -0.0453786 0.9985342 -0.0294998
vn -0.0453786 0.9985342 -0.0294998
vn 0.0000000 1.0000000 0.0000000
vn 0.0000000 -1.0000000 0.0000000
vn -0.0427803 0.9984795 -0.0347654
vn -0.0427803 0.9984795 -0.0347654
vn 0.0000000 1.0000000 0.0000000
vn 0.0000000 -1.0000000 0.0000000
vn -0.0397701 0.9984201 -0.0396955
vn -0.0397701 0.9984201 -0.0396955
vn 0.0000000 1.0000000 0.0000000
vn 0.0000000 -1.0000000 0.0000000
vn -0.0363772 0.9983583 -0.0442426
vn -0.0363772 0.9983583 -0.0442426
vn 0.0000000 1.0000000 0.0000000
vn 0.0000000 -1.0000000 0.0000000
vn -0.0326345 0.9982966 -0.0483631
vn -0.0326345 0.9982966 -0.0483631
vn 0.0000000 1.0000000 0.0000000
vn 0.0000000 -1.0000000 0.0000000
vn -0.0285780 0.9982372 -0.0520175
vn -0.0285780 0.9982372 -0.0520175
vn 0.0000000 1.0000000 0.0000000
vn 0.0000000 -1.0000000 0.0000000
vn -0.0242468 0.9981825 -0.0551708
vn -0.0242468 0.9981825 -0.0551708
vn 0.0000000 1.0000000 0.0000000
vn 0.0000000 -1.0000000 0.0000000
vn -0.0196828 0.9981346 -0.0577928
vn -0.0196828 0.9981346 -0.0577928
vn 0.0000000 1.0000000 0.0000000
vn 0.0000000 -1.0000000 0.0000000
vn -0.0149298 0.9980952 -0.0598585
vn -0.0149298 0.9980952 -0.0598585
vn 0.0000000 1.0000000 0.0000000
vn 0.0000000 -1.0000000 0.0000000
vn -0.0100335 0.9980660 -0.0613483
vn -0.0100335 0.9980660 -0.0613483
vn 0.0000000 1.0000000 0.0000000
vn 0.0000000 -1.0000000 0.0000000
vn -0.0050409 0.9980480 -0.0622478
vn -0.0050409 0.9980480 -0.0622478
vn 0.0000000 1.0000000 0.0000000
vn 0.0000000 -1.0000000 0.0000000
vn -0.0000000 0.9980419 -0.0625487
vn -0.0000000 0.9980419 -0.0625487
vn 0.0000000 1.0000000 0.0000000
vn 0.0000000 -1.0000000 0.0000000
vn 0.0050409 0.9980480 -0.0622478
vn 0.0050409 0.9980480 -0.0622478
vn 0.0000000 1.0000000 0.0000000
vn 0.0000000 -1.0000000 0.0000000
vn 0.0100335 0.9980660 -0.0613483
vn 0.0100335 0.9980660 -0.0613483
vn 0.0000000 1.0000000 0.0000000
vn 0.0000000 -1.0000000 0.0000000
vn 0.0149298 0.9980952 -0.0598585
vn 0.0149298 0.9980952 -0.0598585
vn 0.0000000 1.0000000 0.0000000
vn 0.0000000 -1.0000000 0.0000000
vn 0.0196828 0.9981346 -0.0577928
vn 0.0196828 0.9981346 -0.0577928
vn 0.0000000 1.0000000 0.0000000
vn 0.0000000 -1.0000000 0.0000000
vn 0.0242468 0.9981825 -0.0551708
vn 0.0242468 0.9981825 -0.0551708
vn 0.0000000 1.0000000 0.0000000
vn 0.0000000 -1.0000000 0.0000000
vn 0.0285780 0.9982372 -0.0520175
vn 0.0285780 0.9982372 -0.0520175
vn 0.0000000 1.0000000 0.0000000
vn 0.0000000 -1.0000000 0.0000000
vn 0.0326345 0.9982966 -0.0483631
vn 0.0326345 0.9982966 -0.0483631
vn 0.0000000 1.0000000 0.0000000
vn 0.0000000 -1.0000000 0.0000000
vn 0.0363772 0.9983583 -0.0442426
vn 0.0363772 0.9983583 -0.0442426
vn 0.0000000 1.0000000 0.0000000
vn 0.0000000 -1.0000000 0.0000000
vn 0.0397701 0.9984201 -0.0396955
vn 0.0397701 0.9984201 -0.0396955
vn 0.0000000 1.0000000 0.0000000
vn 0.0000000 -1.0000000 0.0000000
vn 0.0427803 0.9984795 -0.0347654
vn 0.0427803 0.9984795 -0.0347654
vn 0.0000000 1.0000000 0.0000000
vn 0.0000000 -1.0000000 0.0000000
vn 0.0453786 0.9985342 -0.0294998
vn 0.0453786 0.9985342 -0.0294998
vn 0.0000000 1.0000000 0.0000000
vn 0.0000000 -1.0000000 0.0000000
vn 0.0475398 0.9985822 -0.0239493
vn 0.0475398 0.9985822 -0.0239493
vn 0.0000000 1.0000000 0.0000000
vn 0.0000000 -1.0000000 0.0000000
vn 0.0492430 0.9986216 -0.0181675
vn 0.0492430 0.9986216 -0.0181675
vn 0.0000000 1.0000000 0.0000000
vn 0.0000000 -1.0000000 0.0000000
vn 0.0504715 0.9986509 -0.0122101
vn 0.0504715 0.9986509 -0.0122101
vn 0.0000000 1.0000000 0.0000000
vn 0.0000000 -1.0000000 0.0000000
vn 0.0512134 0.9986689 -0.0061347
vn 0.0512134 0.9986689 -0.0061347
vn 0.0000000 1.0000000 0.0000000
vn 0.0000000 -1.0000000 0.0000000
vn 0.0000000 1.0000000 0.0000000
vn 0.0000000 -1.0000000 0.0000000
vn 0.0686548 0.9976405 0.0000000
vn 0.0686548 0.9976405 0.0000000
vn 0.0000000 1.0000000 0.0000000
vn 0.0000000 -1.0000000 0.0000000
vn 0.0680660 0.9976189 0.0111117
vn 0.0680660 0.9976189 0.0111117
vn 0.0000000 1.0000000 0.0000000
vn 0.0000000 -1.0000000 0.0000000
vn 0.0663098 0.9975558 0.0220319
vn 0.0663098 0.9975558 0.0220319
vn 0.0000000 1.0000000 0.0000000
vn 0.0000000 -1.0000000 0.0000000
vn 0.0634170 0.9974554 0.0325726
vn 0.0634170 0.9974554 0.0325726
vn 0.0000000 1.0000000 0.0000000
vn 0.0000000 -1.0000000 0.0000000
vn 0.0594380 0.9973246 0.0425525
vn 0.0594380 0.9973246 0.0425525
vn 0.0000000 1.0000000 0.0000000
vn 0.0000000 -1.0000000 0.0000000
vn 0.0544420 0.9971724 0.0518008
vn 0.0544420 0.9971724 0.0518008
vn 0.0000000 1.0000000 0.0000000
vn 0.0000000 -1.0000000 0.0000000
vn 0.0485156 0.9970091 0.0601593
vn 0.0485156 0.9970091 0.0601593
vn 0.0000000 1.0000000 0.0000000
vn 0.0000000 -1.0000000 0.0000000
vn 0.0417611 0.9968459 0.0674860
vn 0.0417611 0.9968459 0.0674860
vn 0.0000000 1.0000000 0.0000000
vn 0.0000000 -1.0000000 0.0000000
vn 0.0342948 0.9966938 0.0736565
vn 0.0342948 0.9966938 0.0736565
vn 0.0000000 1.0000000 0.0000000
vn 0.0000000 -1.0000000 0.0000000
vn 0.0262447 0.9965633 0.0785668
vn 0.0262447 0.9965633 0.0785668
vn 0.0000000 1.0000000 0.0000000
vn 0.0000000 -1.0000000 0.0000000
vn 0.0177482 0.9964632 0.0821342
vn 0.0177482 0.9964632 0.0821342
vn 0.0000000 1.0000000 0.0000000
vn 0.0000000 -1.0000000 0.0000000
vn 0.0089501 0.9964003 0.0842988
vn 0.0089501 0.9964003 0.0842988
vn 0.0000000 1.0000000 0.0000000
vn 0.0000000 -1.0000000 0.0000000
vn 0.0000000 0.9963789 0.0850243
vn 0.0000000 0.9963789 0.0850243
vn 0.0000000 1.0000000 0.0000000
vn 0.0000000 -1.0000000 0.0000000
vn -0.0089501 0.9964003 0.0842988
vn -0.0089501 0.9964003 0.0842988
vn 0.0000000 1.0000000 0.0000000
vn 0.0000000 -1.0000000 0.0000000
vn -0.0177482 0.9964632 0.0821342
vn -0.0177482 0.9964632 0.0821342
vn 0.0000000 1.0000000 0.0000000
vn 0.0000000 -1.0000000 0.0000000
vn -0.0262447 0.9965633 0.0785668
vn -0.0262447 0.9965633 0.0785668
vn 0.0000000 1.0000000 0.0000000
vn 0.0000000 -1.0000000 0.0000000
vn -0.0342948 0.9966938 0.0736565
vn -0.0342948 0.9966938 0.0736565
vn 0.0000000 1.0000000 0.0000000
vn 0.0000000 -1.0000000 0.0000000
vn -0.0417611 0.9968459 0.0674860
vn -0.0417611 0.9968459 0.0674860
vn 0.0000000 1.0000000 0.0000000
vn 0.0000000 -1.0000000 0.0000000
vn -0.0485156 0.9970091 0.0601593
vn -0.0485156 0.9970091 0.0601593
vn 0.0000000 1.0000000 0.0000000
vn 0.0000000 -1.0000000 0.0000000
vn -0.0544420 0.9971724 0.0518008
vn -0.0544420 0.9971724 0.0518008
vn 0.0000000 1.0000000 0.0000000
vn 0.0000000 -1.0000000 0.0000000
vn -0.0594380 0.9973246 0.0425525
vn -0.0594380 0.9973246 0.0425525
vn 0.0000000 1.0000000 0.0000000
vn 0.0000000 -1.0000000 0.0000000
vn -0.0634170 0.9974554 0.0325726
vn -0.0634170 0.9974554 0.0325726
vn 0.0000000 1.0000000 0.0000000
vn 0.0000000 -1.0000000 0.0000000
vn -0.0663098 0.9975558 0.0220319
vn -0.0663098 0.9975558 0.0220319
vn 0.0000000 1.0000000 0.0000000
vn 0.0000000 -1.0000000 0.0000000
vn -0.0680660 0.9976189 0.0111117
vn -0.0680660 0.9976189 0.0111117
vn 0.0000000 1.0000000 0.0000000
vn 0.0000000 -1.0000000 0.0000000
vn -0.0686548 0.9976405 0.0000000
vn -0.0686548 0.9976405 0.0000000
vn 0.0000000 1.0000000 0.0000000
vn 0.0000000 -1.0000000 0.0000000
vn -0.0680660 0.9976189 -0.0111117
vn -0.0680660 0.9976189 -0.0111117
vn 0.0000000 1.0000000 0.0000000
vn 0.0000000 -1.0000000 0.0000000
vn -0.0663098 0.9975558 -0.0220319
vn -0.0663098 0.9975558 -0.0220319
vn 0.0000000 1.0000000 0.0000000
vn 0.0000000 -1.0000000 0.0000000
vn -0.0634170 0.9974554 -0.0325726
vn -0.0634170 0.9974554 -0.0325726
vn 0.0000000 1.0000000 0.0000000
vn 0.0000000 -1.0000000 0.0000000
vn -0.0594380 0.9973246 -0.0425525
vn -0.0594380 0.9973246 -0.0425525
vn 0.0000000 1.0000000 0.0000000
vn 0.0000000 -1.0000000 0.0000000
vn -0.0544420 0.9971724 -0.0518008
vn -0.0544420 0.9971724 -0.0518008
vn 0.0000000 1.0000000 0.0000000
vn 0.0000000 -1.0000000 0.0000000
vn -0.0485156 0.9970091 -0.0601593
vn -0.0485156 0.9970091 -0.0601593
vn 0.0000000 1.0000000 0.0000000
vn 0.0000000 -1.0000000 0.0000000
vn -0.0417611 0.9968459 -0.0674860
vn -0.0417611 0.9968459 -0.0674860
vn 0.0000000 1.0000000 0.0000000
vn 0.0000000 -1.0000000 0.0000000
vn -0.0342948 0.9966938 -0.0736565
vn -0.0342948 0.9966938 -0.0736565
vn 0.0000000 1.0000000 0.0000000
vn 0.0000000 -1.0000000 0.0000000
vn -0.0262447 0.9965633 -0.0785668
vn -0.0262447 0.9965633 -0.0785668
vn 0.0000000 1.0000000 0.0000000
vn 0.0000000 -1.0000000 0.0000000
vn -0.0177482 0.9964632 -0.0821342
vn -0.0177482 0.9964632 -0.0821342
vn 0.0000000 1.0000000 0.0000000
vn 0.0000000 -1.0000000 0.0000000
vn -0.0089501 0.9964003 -0.0842988
vn -0.0089501 0.9964003 -0.0842988
vn 0.0000000 1.0000000 0.0000000
vn 0.0000000 -1.0000000 0.0000000
vn -0.0000000 0.9963789 -0.0850243
vn -0.0000000 0.9963789 -0.0850243
vn 0.0000000 1.0000000 0.0000000
vn 0.0000000 -1.0000000 0.0000000
vn 0.0089501 0.9964003 -0.0842988
vn 0.0089501 0.9964003 -0.0842988
vn 0.0000000 1.0000000 0.0000000
vn 0.0000000 -1.0000000 0.0000000
vn 0.0177482 0.9964632 -0.0821342
vn 0.0177482 0.9964632 -0.0821342
vn 0.0000000 1.0000000 0.0000000
vn 0.0000000 -1.0000000 0.0000000
vn 0.0262447 0.9965633 -0.0785668
vn 0.0262447 0.9965633 -0.0785668
vn 0.0000000 1.0000000 0.0000000
vn 0.0000000 -1.0000000 0.0000000
vn 0.0342948 0.9966938 -0.0736565
vn 0.0342948 0.9966938 -0.0736565
vn 0.0000000 1.0000000 0.0000000
vn 0.0000000 -1.0000000 0.0000000
vn 0.0417611 0.9968459 -0.0674860
vn 0.0417611 0.9968459 -0.0674860
vn 0.0000000 1.0000000 0.0000000
vn 0.0000000 -1.0000000 0.0000000
vn 0.0485156 0.9970091 -0.0601593
vn 0.0485156 0.9970091 -0.0601593
vn 0.0000000 1.0000000 0.0000000
vn 0.0000000 -1.0000000 0.0000000
vn 0.0544420 0.9971724 -0.0518008
vn 0.0544420 0.9971724 -0.0518008
vn 0.0000000 1.0000000 0.0000000
vn 0.0000000 -1.0000000 0.0000000
vn 0.0594380 0.9973246 -0.0425525
vn 0.0594380 0.9973246 -0.0425525
vn 0.0000000 1.0000000 0.0000000
vn 0.0000000 -1.0000000 0.0000000
vn 0.0634170 0.9974554 -0.0325726
vn 0.0634170 0.9974554 -0.0325726
vn 0.0000000 1.0000000 0.0000000
vn 0.0000000 -1.0000000 0.0000000
vn 0.0663098 0.9975558 -0.0220319
vn 0.0663098 0.9975558 -0.0220319
vn 0.0000000 1.0000000 0.0000000
vn 0.0000000 -1.0000000 0.0000000
vn 0.0680660 0.9976189 -0.0111117
vn 0.0680660 0.9976189 -0.0111117
vn 0.0000000 1.0000000 0.0000000
vn 0.0000000 -1.0000000 0.0000000
vn 0.0000000 1.0000000 0.0000000
vn 0.0000000 -1.0000000 0.0000000
vn 1.0000000 0.0000000 0.0000000
vn 1.0000000 0.0000000 0.0000000
vn 0.0000000 1.0000000 0.0000000
vn 0.0000000 -1.0000000 0.0000000
vn 0.9957892 0.0000000 0.0916722
vn 0.9957892 0.0000000 0.0916722
vn 0.0000000 1.0000000 0.0000000
vn 0.0000000 -1.0000000 0.0000000
vn 0.9832676 0.0000000 0.1821673
vn 0.9832676 0.0000000 0.1821673
vn 0.0000000 1.0000000 0.0000000
vn 0.0000000 -1.0000000 0.0000000
vn 0.9627569 0.0000000 0.2703687
vn 0.9627569 0.0000000 0.2703687
vn 0.0000000 1.0000000 0.0000000
vn 0.0000000 -1.0000000 0.0000000
vn 0.9347622 0.0000000 0.3552739
vn 0.9347622 0.0000000 0.3552739
vn 0.0000000 1.0000000 0.0000000
vn 0.0000000 -1.0000000 0.0000000
vn 0.8999306 0.0000000 0.4360331
vn 0.8999306 0.0000000 0.4360331
vn 0.0000000 1.0000000 0.0000000
vn 0.0000000 -1.0000000 0.0000000
vn 0.8590021 0.0000000 0.5119720
vn 0.8590021 0.0000000 0.5119720
vn 0.0000000 1.0000000 0.0000000
vn 0.0000000 -1.0000000 0.0000000
vn 0.8127611 0.0000000 0.5825971
vn 0.8127611 0.0000000 0.5825971
vn 0.0000000 1.0000000 0.0000000
vn 0.0000000 -1.0000000 0.0000000
vn 0.7619921 0.0000000 0.6475863
vn 0.7619921 0.0000000 0.6475863
vn 0.0000000 1.0000000 0.0000000
vn 0.0000000 -1.0000000 0.0000000
vn 0.7074445 0.0000000 0.7067689
vn 0.7074445 0.0000000 0.7067689
vn 0.0000000 1.0000000 0.0000000
vn 0.0000000 -1.0000000 0.0000000
vn 0.6498068 0.0000000 0.7600994
vn 0.6498068 0.0000000 0.7600994
vn 0.0000000 1.0000000 0.0000000
vn 0.0000000 -1.0000000 0.0000000
vn 0.5896912 0.0000000 0.8076288
vn 0.5896912 0.0000000 0.8076288
vn 0.0000000 1.0000000 0.0000000
vn 0.0000000 -1.0000000 0.0000000
vn 0.5276262 0.0000000 0.8494766
vn 0.5276262 0.0000000 0.8494766
vn 0.0000000 1.0000000 0.0000000
vn 0.0000000 -1.0000000 0.0000000
vn 0.4640572 0.0000000 0.8858053
vn 0.4640572 0.0000000 0.8858053
vn 0.0000000 1.0000000 0.0000000
vn 0.0000000 -1.0000000 0.0000000
vn 0.3993500 0.0000000 0.9167985
vn 0.3993500 0.0000000 0.9167985
vn 0.0000000 1.0000000 0.0000000
vn 0.0000000 -1.0000000 0.0000000
vn 0.3337997 0.0000000 0.9426440
vn 0.3337997 0.0000000 0.9426440
vn 0.0000000 1.0000000 0.0000000
vn 0.0000000 -1.0000000 0.0000000
vn 0.2676395 0.0000000 0.9635191
vn 0.2676395 0.0000000 0.9635191
vn 0.0000000 1.0000000 0.0000000
vn 0.0000000 -1.0000000 0.0000000
vn 0.2010517 0.0000000 0.9795806
vn 0.2010517 0.0000000 0.9795806
vn 0.0000000 1.0000000 0.0000000
vn 0.0000000 -1.0000000 0.0000000
vn 0.1341780 0.0000000 0.9909572
vn 0.1341780 0.0000000 0.9909572
vn 0.0000000 1.0000000 0.0000000
vn 0.0000000 -1.0000000 0.0000000
vn 0.0671301 0.0000000 0.9977442
vn 0.0671301 0.0000000 0.9977442
vn 0.0000000 1.0000000 0.0000000
vn 0.0000000 -1.0000000 0.0000000
vn 0.0000000 0.0000000 1.0000000
vn 0.0000000 0.0000000 1.0000000
vn 0.0000000 1.0000000 0.0000000
vn 0.0000000 -1.0000000 0.0000000
vn -0.0671301 0.0000000 0.9977442
vn -0.0671301 0.0000000 0.9977442
vn 0.0000000 1.0000000 0.0000000
vn 0.0000000 -1.0000000 0.0000000
vn -0.1341780 0.0000000 0.9909572
vn -0.1341780 0.0000000 0.9909572
vn 0.0000000 1.0000000 0.0000000
vn 0.0000000 -1.0000000 0.0000000
vn -0.2010517 0.0000000 0.9795806
vn -0.2010517 0.0000000 0.9795806
vn 0.0000000 1.0000000 0.0000000
vn 0.0000000 -1.0000000 0.0000000
vn -0.2676395 0.0000000 0.9635191
vn -0.2676395 0.0000000 0.9635191
vn 0.0000000 1.0000000 0.0000000
vn 0.0000000 -1.0000000 0.0000000
vn -0.3337997 0.0000000 0.9426440
vn -0.3337997 0.0000000 0.9426440
vn 0.0000000 1.0000000 0.0000000
vn 0.0000000 -1.0000000 0.0000000
vn -0.3993500 0.0000000 0.9167985
vn -0.3993500 0.0000000 0.9167985
vn 0.0000000 1.0000000 0.0000000
vn 0.0000000 -1.0000000 0.0000000
vn -0.4640572 0.0000000 0.8858053
vn -0.4640572 0.0000000 0.8858053
vn 0.0000000 1.0000000 0.0000000
vn 0.0000000 -1.0000000 0.0000000
vn -0.5276262 0.0000000 0.8494766
vn -0.5276262 0.0000000 0.8494766
vn 0.0000000 1.0000000 0.0000000
vn 0.0000000 -1.0000000 0.0000000
vn -0.5896912 0.0000000 0.8076288
vn -0.5896912 0.0000000 0.8076288
vn 0.0000000 1.0000000 0.0000000
vn 0.0000000 -1.0000000 0.0000000
vn -0.6498068 0.0000000 0.7600994
vn -0.6498068 0.0000000 0.7600994
vn 0.0000000 1.0000000 0.0000000
vn 0.0000000 -1.0000000 0.0000000
vn -0.7074445 0.0000000 0.7067689
vn -0.7074445 0.0000000 0.7067689
vn 0.0000000 1.0000000 0.0000000
vn 0.0000000 -1.0000000 0.0000000
vn -0.7619921 0.0000000 0.6475863
vn -0.7619921 0.0000000 0.6475863
vn 0.0000000 1.0000000 0.0000000
vn 0.0000000 -1.0000000 0.0000000
vn -0.8127611 0.0000000 0.5825971
vn -0.8127611 0.0000000 0.5825971
vn 0.0000000 1.0000000 0.0000000
vn 0.0000000 -1.0000000 0.0000000
vn -0.8590021 0.0000000 0.5119720
vn -0.8590021 0.0000000 0.5119720
vn 0.0000000 1.0000000 0.0000000
vn 0.0000000 -1.0000000 0.0000000
vn -0.8999306 0.0000000 0.4360331
vn -0.8999306 0.0000000 0.4360331
vn 0.0000000 1.0000000 0.0000000
vn 0.0000000 -1.0000000 0.0000000
vn -0.9347622 0.0000000 0.3552739
vn -0.9347622 0.0000000 0.3552739
vn 0.0000000 1.0000000 0.0000000
vn 0.0000000 -1.0000000 0.0000000
vn -0.9627569 0.0000000 0.2703687
vn -0.9627569 0.0000000 0.2703687
vn 0.0000000 1.0000000 0.0000000
vn 0.0000000 -1.0000000 0.0000000
vn -0.9832676 0.0000000 0.1821673
vn -0.9832676 0.0000000 0.1821673
vn 0.0000000 1.0000000 0.0000000
vn 0.0000000 -1.0000000 0.0000000
vn -0.9957892 0.0000000 0.0916722
vn -0.9957892 0.0000000 0.0916722
vn 0.0000000 1.0000000 0.0000000
vn 0.0000000 -1.0000000 0.0000000
vn -1.0000000 0.0000000 0.0000000
vn -1.0000000 0.0000000 0.0000000
vn 0.0000000 1.0000000 0.0000000
vn 0.0000000 -1.0000000 0.0000000
vn -0.9957892 0.0000000 -0.0916722
vn -0.9957892 0.0000000 -0.0916722
vn 0.0000000 1.0000000 0.0000000
vn 0.0000000 -1.0000000 0.0000000
vn -0.9832676 0.0000000 -0.1821673
vn -0.9832676 0.0000000 -0.1821673
vn 0.0000000 1.0000000 0.0000000
vn 0.0000000 -1.0000000 0.0000000
vn -0.9627569 0.0000000 -0.2703687
vn -0.9627569 0.0000000 -0.2703687
vn 0.0000000 1.0000000 0.0000000
vn 0.0000000 -1.0000000 0.0000000
vn -0.9347622 0.0000000 -0.3552739
vn -0.9347622 0.0000000 -0.3552739
vn 0.0000000 1.0000000 0.0000000
vn 0.0000000 -1.0000000 0.0000000
vn -0.8999306 0.0000000 -0.4360331
vn -0.8999306 0.0000000 -0.4360331
vn 0.0000000 1.0000000 0.0000000
vn 0.0000000 -1.0000000 0.0000000
vn -0.8590021 0.0000000 -0.5119720
vn -0.8590021 0.0000000 -0.5119720
vn 0.0000000 1.0000000 0.0000000
vn 0.0000000 -1.0000000 0.0000000
vn -0.8127611 0.0000000 -0.5825971
vn -0.8127611 0.0000000 -0.5825971
vn 0.0000000 1.0000000 0.0000000
vn 0.0000000 -1.0000000 0.0000000
vn -0.7619921 0.0000000 -0.6475863
vn -0.7619921 0.0000000 -0.6475863
vn 0.0000000 1.0000000 0.0000000
vn 0.0000000 -1.0000000 0.0000000
vn -0.7074445 0.0000000 -0.7067689
vn -0.7074445 0.0000000 -0.7067689
vn 0.0000000 1.0000000 0.0000000
vn 0.0000000 -1.0000000 0.0000000
vn -0.6498068 0.0000000 -0.7600994
vn -0.6498068 0.0000000 -0.7600994
vn 0.0000000 1.0000000 0.0000000
vn 0.0000000 -1.0000000 0.0000000
vn -0.5896912 0.0000000 -0.8076288
vn -0.5896912 0.0000000 -0.8076288
vn 0.0000000 1.0000000 0.0000000
vn 0.0000000 -1.0000000 0.0000000
vn -0.5276262 0.0000000 -0.8494766
vn -0.5276262 0.0000000 -0.8494766
vn 0.0000000 1.0000000 0.0000000
vn 0.0000000 -1.0000000 0.0000000
vn -0.4640572 0.0000000 -0.8858053
vn -0.4640572 0.0000000 -0.8858053
vn 0.0000000 1.0000000 0.0000000
vn 0.0000000 -1.0000000 0.0000000
vn -0.3993500 0.0000000 -0.9167985
vn -0.3993500 0.0000000 -0.9167985
vn 0.0000000 1.0000000 0.0000000
vn 0.0000000 -1.0000000 0.0000000
vn -0.3337997 0.0000000 -0.9426440
vn -0.3337997 0.0000000 -0.9426440
vn 0.0000000 1.0000000 0.0000000
vn 0.0000000 -1.0000000 0.0000000
vn -0.2676395 0.0000000 -0.9635191
vn -0.2676395 0.0000000 -0.9635191
vn 0.0000000 1.0000000 0.0000000
vn 0.0000000 -1.0000000 0.0000000
vn -0.2010517 0.0000000 -0.9795806
vn -0.2010517 0.0000000 -0.9795806
vn 0.0000000 1.0000000 0.0000000
vn 0.0000000 -1.0000000 0.0000000
vn -0.1341780 0.0000000 -0.9909572
vn -0.1341780 0.0000000 -0.9909572
vn 0.0000000 1.0000000 0.0000000
vn 0.0000000 -1.0000000 0.0000000
vn -0.0671301 0.0000000 -0.9977442
vn -0.0671301 0.0000000 -0.9977442
vn 0.0000000 1.0000000 0.0000000
vn 0.0000000 -1.0000000 0.0000000
vn -0.0000000 0.0000000 -1.0000000
vn -0.0000000 0.0000000 -1.0000000
vn 0.0000000 1.0000000 0.0000000
vn 0.0000000 -1.0000000 0.0000000
vn 0.0671301 0.0000000 -0.9977442
vn 0.0671301 0.0000000 -0.9977442
vn 0.0000000 1.0000000 0.0000000
vn 0.0000000 -1.0000000 0.0000000
vn 0.1341780 0.0000000 -0.9909572
vn 0.1341780 0.0000000 -0.9909572
vn 0.0000000 1.0000000 0.0000000
vn 0.0000000 -1.0000000 0.0000000
vn 0.2010517 0.0000000 -0.9795806
vn 0.2010517 0.0000000 -0.9795806
vn 0.0000000 1.0000000 0.0000000
vn 0.0000000 -1.0000000 0.0000000
vn 0.2676395 0.0000000 -0.9635191
vn 0.2676395 0.0000000 -0.9635191
vn 0.0000000 1.0000000 0.0000000
vn 0.0000000 -1.0000000 0.0000000
vn 0.3337997 0.0000000 -0.9426440
vn 0.3337997 0.0000000 -0.9426440
vn 0.0000000 1.0000000 0.0000000
vn 0.0000000 -1.0000000 0.0000000
vn 0.3993500 0.0000000 -0.9167985
vn 0.3993500 0.0000000 -0.9167985
vn 0.0000000 1.0000000 0.0000000
vn 0.0000000 -1.0000000 0.0000000
vn 0.4640572 0.0000000 -0.8858053
vn 0.4640572 0.0000000 -0.8858053
vn 0.0000000 1.0000000 0.0000000
vn 0.0000000 -1.0000000 0.0000000
vn 0.5276262 0.0000000 -0.8494766
vn 0.5276262 0.0000000 -0.8494766
vn 0.0000000 1.0000000 0.0000000
vn 0.0000000 -1.0000000 0.0000000
vn 0.5896912 0.0000000 -0.8076288
vn 0.5896912 0.0000000 -0.8076288
vn 0.0000000 1.0000000 0.0000000
vn 0.0000000 -1.0000000 0.0000000
vn 0.6498068 0.0000000 -0.7600994
vn 0.6498068 0.0000000 -0.7600994
vn 0.0000000 1.0000000 0.0000000
vn 0.0000000 -1.0000000 0.0000000
vn 0.7074445 0.0000000 -0.7067689
vn 0.7074445 0.0000000 -0.7067689
vn 0.0000000 1.0000000 0.0000000
vn 0.0000000 -1.0000000 0.0000000
vn 0.7619921 0.0000000 -0.6475863
vn 0.7619921 0.0000000 -0.6475863
vn 0.0000000 1.0000000 0.0000000
vn 0.0000000 -1.0000000 0.0000000
vn 0.8127611 0.0000000 -0.5825971
vn 0.8127611 0.0000000 -0.5825971
vn 0.0000000 1.0000000 0.0000000
vn 0.0000000 -1.0000000 0.0000000
vn 0.8590021 0.0000000 -0.5119720
vn 0.8590021 0.0000000 -0.5119720
vn 0.0000000 1.0000000 0.0000000
vn 0.0000000 -1.0000000 0.0000000
vn 0.8999306 0.0000000 -0.4360331
vn 0.8999306 0.0000000 -0.4360331
vn 0.0000000 1.0000000 0.0000000
vn 0.0000000 -1.0000000 0.0000000
vn 0.9347622 0.0000000 -0.3552739
vn 0.9347622 0.0000000 -0.3552739
vn 0.0000000 1.0000000 0.0000000
vn 0.0000000 -1.0000000 0.0000000
vn 0.9627569 0.0000000 -0.2703687
vn 0.9627569 0.0000000 -0.2703687
vn 0.0000000 1.0000000 0.0000000
vn 0.0000000 -1.0000000 0.0000000
vn 0.9832676 0.0000000 -0.1821673
vn 0.9832676 0.0000000 -0.1821673
vn 0.0000000 1.0000000 0.0000000
vn 0.0000000 -1.0000000 0.0000000
vn 0.9957892 0.0000000 -0.0916722
vn 0.9957892 0.0000000 -0.0916722
vn 0.0000000 1.0000000 0.0000000
vn 0.0000000 -1.0000000 0.0000000
vn 0.0000000 1.0000000 0.0000000
vn 0.0000000 -1.0000000 0.0000000
vn 1.0000000 0.0000000 0.0000000
vn 1.0000000 0.0000000 0.0000000
vn 0.0000000 1.0000000 0.0000000
vn 0.0000000 -1.0000000 0.0000000
vn 0.9946931 0.0000000 0.1028867
vn 0.9946931 0.0000000 0.1028867
vn 0.0000000 1.0000000 0.0000000
vn 0.0000000 -1.0000000 0.0000000
vn 0.9789543 0.0000000 0.2040795
vn 0.9789543 0.0000000 0.2040795
vn 0.0000000 1.0000000 0.0000000
vn 0.0000000 -1.0000000 0.0000000
vn 0.9533085 0.0000000 0.3019981
vn 0.9533085 0.0000000 0.3019981
vn 0.0000000 1.0000000 0.0000000
vn 0.0000000 -1.0000000 0.0000000
vn 0.9185649 0.0000000 0.3952701
vn 0.9185649 0.0000000 0.3952701
vn 0.0000000 1.0000000 0.0000000
vn 0.0000000 -1.0000000 0.0000000
vn 0.8757334 0.0000000 0.4827949
vn 0.8757334 0.0000000 0.4827949
vn 0.0000000 1.0000000 0.0000000
vn 0.0000000 -1.0000000 0.0000000
vn 0.8259319 0.0000000 0.5637699
vn 0.8259319 0.0000000 0.5637699
vn 0.0000000 1.0000000 0.0000000
vn 0.0000000 -1.0000000 0.0000000
vn 0.7702993 0.0000000 0.6376825
vn 0.7702993 0.0000000 0.6376825
vn 0.0000000 1.0000000 0.0000000
vn 0.0000000 -1.0000000 0.0000000
vn 0.7099246 0.0000000 0.7042777
vn 0.7099246 0.0000000 0.7042777
vn 0.0000000 1.0000000 0.0000000
vn 0.0000000 -1.0000000 0.0000000
vn 0.6457970 0.0000000 0.7635092
vn 0.6457970 0.0000000 0.7635092
vn 0.0000000 1.0000000 0.0000000
vn 0.0000000 -1.0000000 0.0000000
vn 0.5787774 0.0000000 0.8154856
vn 0.5787774 0.0000000 0.8154856
vn 0.0000000 1.0000000 0.0000000
vn 0.0000000 -1.0000000 0.0000000
vn 0.5095872 0.0000000 0.8604190
vn 0.5095872 0.0000000 0.8604190
vn 0.0000000 1.0000000 0.0000000
vn 0.0000000 -1.0000000 0.0000000
vn 0.4388111 0.0000000 0.8985793
vn 0.4388111 0.0000000 0.8985793
vn 0.0000000 1.0000000 0.0000000
vn 0.0000000 -1.0000000 0.0000000
vn 0.3669081 0.0000000 0.9302572
vn 0.3669081 0.0000000 0.9302572
vn 0.0000000 1.0000000 0.0000000
vn 0.0000000 -1.0000000 0.0000000
vn 0.2942288 0.0000000 0.9557350
vn 0.2942288 0.0000000 0.9557350
vn 0.0000000 1.0000000 0.0000000
vn 0.0000000 -1.0000000 0.0000000
vn 0.2210332 0.0000000 0.9752663
vn 0.2210332 0.0000000 0.9752663
vn 0.0000000 1.0000000 0.0000000
vn 0.0000000 -1.0000000 0.0000000
vn 0.1475107 0.0000000 0.9890605
vn 0.1475107 0.0000000 0.9890605
vn 0.0000000 1.0000000 0.0000000
vn 0.0000000 -1.0000000 0.0000000
vn 0.0737985 0.0000000 0.9972732
vn 0.0737985 0.0000000 0.9972732
vn 0.0000000 1.0000000 0.0000000
vn 0.0000000 -1.0000000 0.0000000
vn 0.0000000 0.0000000 1.0000000
vn 0.0000000 0.0000000 1.0000000
vn 0.0000000 1.0000000 0.0000000
vn 0.0000000 -1.0000000 0.0000000
vn -0.0737985 0.0000000 0.9972732
vn -0.0737985 0.0000000 0.9972732
vn 0.0000000 1.0000000 0.0000000
vn 0.0000000 -1.0000000 0.0000000
vn -0.1475107 0.0000000 0.9890605
vn -0.1475107 0.0000000 0.9890605
vn 0.0000000 1.0000000 0.0000000
vn 0.0000000 -1.0000000 0.0000000
vn -0.2210332 0.0000000 0.9752663
vn -0.2210332 0.0000000 0.9752663
vn 0.0000000 1.0000000 0.0000000
vn 0.0000000 -1.0000000 0.0000000
vn -0.2942288 0.0000000 0.9557350
vn -0.2942288 0.0000000 0.9557350
vn 0.0000000 1.0000000 0.0000000
vn 0.0000000 -1.0000000 0.0000000
vn -0.3669081 0.0000000 0.9302572
vn -0.3669081 0.0000000 0.9302572
vn 0.0000000 1.0000000 0.0000000
vn 0.0000000 -1.0000000 0.0000000
vn -0.4388111 0.0000000 0.8985793
vn -0.4388111 0.0000000 0.8985793
vn 0.0000000 1.0000000 0.0000000
vn 0.0000000 -1.0000000 0.0000000
vn -0.5095872 0.0000000 0.8604190
vn -0.5095872 0.0000000 0.8604190
vn 0.0000000 1.0000000 0.0000000
vn 0.0000000 -1.0000000 0.0000000
vn -0.5787774 0.0000000 0.8154856
vn -0.5787774 0.0000000 0.8154856
vn 0.0000000 1.0000000 0.0000000
vn 0.0000000 -1.0000000 0.0000000
vn -0.6457970 0.0000000 0.7635092
vn -0.6457970 0.0000000 0.7635092
vn 0.0000000 1.0000000 0.0000000
vn 0.0000000 -1.0000000 0.0000000
vn -0.7099246 0.0000000 0.7042777
vn -0.7099246 0.0000000 0.7042777
vn 0.0000000 1.0000000 0.0000000
vn 0.0000000 -1.0000000 0.0000000
vn -0.7702993 0.0000000 0.6376825
vn -0.7702993 0.0000000 0.6376825
vn 0.0000000 1.0000000 0.0000000
vn 0.0000000 -1.0000000 0.0000000
vn -0.8259319 0.0000000 0.5637699
vn -0.8259319 0.0000000 0.5637699
vn 0.0000000 1.0000000 0.0000000
vn 0.0000000 -1.0000000 0.0000000
vn -0.8757334 0.0000000 0.4827949
vn -0.8757334 0.0000000 0.4827949
vn 0.0000000 1.0000000 0.0000000
vn 0.0000000 -1.0000000 0.0000000
vn -0.9185649 0.0000000 0.3952701
vn -0.9185649 0.0000000 0.3952701
vn 0.0000000 1.0000000 0.0000000
vn 0.0000000 -1.0000000 0.0000000
vn -0.9533085 0.0000000 0.3019981
vn -0.9533085 0.0000000 0.3019981
vn 0.0000000 1.0000000 0.0000000
vn 0.0000000 -1.0000000 0.0000000
vn -0.9789543 0.0000000 0.2040795
vn -0.9789543 0.0000000 0.2040795
vn 0.0000000 1.0000000 0.0000000
vn 0.0000000 -1.0000000 0.0000000
vn -0.9946931 0.0000000 0.1028867
vn -0.9946931 0.0000000 0.1028867
vn 0.0000000 1.0000000 0.0000000
vn 0.0000000 -1.0000000 0.0000000
vn -1.0000000 0.0000000 0.0000000
vn -1.0000000 0.0000000 0.0000000
vn 0.0000000 1.0000000 0.0000000
vn 0.0000000 -1.0000000 0.0000000
vn -0.9946931 0.0000000 -0.1028867
vn -0.9946931 0.0000000 -0.1028867
vn 0.0000000 1.0000000 0.0000000
vn 0.0000000 -1.0000000 0.0000000
vn -0.9789543 0.0000000 -0.2040795
vn -0.9789543 0.0000000 -0.2040795
vn 0.0000000 1.0000000 0.0000000
vn 0.0000000 -1.0000000 0.0000000
vn -0.9533085 0.0000000 -0.3019981
vn -0.9533085 0.0000000 -0.3019981
vn 0.0000000 1.0000000 0.0000000
vn 0.0000000 -1.0000000 0.0000000
vn -0.9185649 0.0000000 -0.3952701
vn -0.9185649 0.0000000 -0.3952701
vn 0.0000000 1.0000000 0.0000000
vn 0.0000000 -1.0000000 0.0000000
vn -0.8757334 0.0000000 -0.4827949
vn -0.8757334 0.0000000 -0.4827949
vn 0.0000000 1.0000000 0.0000000
vn 0.0000000 -1.0000000 0.0000000
vn -0.8259319 0.0000000 -0.5637699
vn -0.8259319 0.0000000 -0.5637699
vn 0.0000000 1.0000000 0.0000000
vn 0.0000000 -1.0000000 0.0000000
vn -0.7702993 0.0000000 -0.6376825
vn -0.7702993 0.0000000 -0.6376825
vn 0.0000000 1.0000000 0.0000000
vn 0.0000000 -1.0000000 0.0000000
vn -0.7099246 0.0000000 -0.7042777
vn -0.7099246 0.0000000 -0.7042777
vn 0.0000000 1.0000000 0.0000000
vn 0.0000000 -1.0000000 0.0000000
vn -0.6457970 0.0000000 -0.7635092
vn -0.6457970 0.0000000 -0.7635092
vn 0.0000000 1.0000000 0.0000000
vn 0.0000000 -1.0000000 0.0000000
vn -0.5787774 0.0000000 -0.8154856
vn -0.5787774 0.0000000 -0.8154856
vn 0.0000000 1.0000000 0.0000000
vn 0.0000000 -1.0000000 0.0000000
vn -0.5095872 0.0000000 -0.8604190
vn -0.5095872 0.0000000 -0.8604190
vn 0.0000000 1.0000000 0.0000000
vn 0.0000000 -1.0000000 0.0000000
vn -0.4388111 0.0000000 -0.8985793
vn -0.4388111 0.0000000 -0.8985793
vn 0.0000000 1.0000000 0.0000000
vn 0.0000000 -1.0000000 0.0000000
vn -0.3669081 0.0000000 -0.9302572
vn -0.3669081 0.0000000 -0.9302572
vn 0.0000000 1.0000000 0.0000000
vn 0.0000000 -1.0000000 0.0000000
vn -0.2942288 0.0000000 -0.9557350
vn -0.2942288 0.0000000 -0.9557350
vn 0.0000000 1.0000000 0.0000000
vn 0.0000000 -1.0000000 0.0000000
vn -0.2210332 0.0000000 -0.9752663
vn -0.2210332 0.0000000 -0.9752663
vn 0.0000000 1.0000000 0.0000000
vn 0.0000000 -1.0000000 0.0000000
vn -0.1475107 0.0000000 -0.9890605
vn -0.1475107 0.0000000 -0.9890605
vn 0.0000000 1.0000000 0.0000000
vn 0.0000000 -1.0000000 0.0000000
vn -0.0737985 0.0000000 -0.9972732
vn -0.0737985 0.0000000 -0.9972732
vn 0.0000000 1.0000000 0.0000000
vn 0.0000000 -1.0000000 0.0000000
vn -0.0000000 0.0000000 -1.0000000
vn -0.0000000 0.0000000 -1.0000000
vn 0.0000000 1.0000000 0.0000000
vn 0.0000000 -1.0000000 0.0000000
vn 0.0737985 0.0000000 -0.9972732
vn 0.0737985 0.0000000 -0.9972732
vn 0.0000000 1.0000000 0.0000000
vn 0.0000000 -1.0000000 0.0000000
vn 0.1475107 0.0000000 -0.9890605
vn 0.1475107 0.0000000 -0.9890605
vn 0.0000000 1.0000000 0.0000000
vn 0.0000000 -1.0000000 0.0000000
vn 0.2210332 0.0000000 -0.9752663
vn 0.2210332 0.0000000 -0.9752663
vn 0.0000000 1.0000000 0.0000000
vn 0.0000000 -1.0000000 0.0000000
vn 0.2942288 0.0000000 -0.9557350
vn 0.2942288 0.0000000 -0.9557350
vn 0.0000000 1.0000000 0.0000000
vn 0.0000000 -1.0000000 0.0000000
vn 0.3669081 0.0000000 -0.9302572
vn 0.3669081 0.0000000 -0.9302572
vn 0.0000000 1.0000000 0.0000000
vn 0.0000000 -1.0000000 0.0000000
vn 0.4388111 0.0000000 -0.8985793
vn 0.4388111 0.0000000 -0.8985793
vn 0.0000000 1.0000000 0.0000000
vn 0.0000000 -1.0000000 0.0000000
vn 0.5095872 0.0000000 -0.8604190
vn 0.5095872 0.0000000 -0.8604190
vn 0.0000000 1.0000000 0.0000000
vn 0.0000000 -1.0000000 0.0000000
vn 0.5787774 0.0000000 -0.8154856
vn 0.5787774 0.0000000 -0.8154856
vn 0.0000000 1.0000000 0.0000000
vn 0.0000000 -1.0000000 0.0000000
vn 0.6457970 0.0000000 -0.7635092
vn 0.6457970 0.0000000 -0.7635092
vn 0.0000000 1.0000000 0.0000000
vn 0.0000000 -1.0000000 0.0000000
vn 0.7099246 0.0000000 -0.7042777
vn 0.7099246 0.0000000 -0.7042777
vn 0.0000000 1.0000000 0.0000000
vn 0.0000000 -1.0000000 0.0000000
vn 0.7702993 0.0000000 -0.6376825
vn 0.7702993 0.0000000 -0.6376825
vn 0.0000000 1.0000000 0.0000000
vn 0.0000000 -1.0000000 0.0000000
vn 0.8259319 0.0000000 -0.5637699
vn 0.8259319 0.0000000 -0.5637699
vn 0.0000000 1.0000000 0.0000000
vn 0.0000000 -1.0000000 0.0000000
vn 0.8757334 0.0000000 -0.4827949
vn 0.8757334 0.0000000 -0.4827949
vn 0.0000000 1.0000000 0.0000000
vn 0.0000000 -1.0000000 0.0000000
vn 0.9185649 0.0000000 -0.3952701
vn 0.9185649 0.0000000 -0.3952701
vn 0.0000000 1.0000000 0.0000000
vn 0.0000000 -1.0000000 0.0000000
vn 0.9533085 0.0000000 -0.3019981
vn 0.9533085 0.0000000 -0.3019981
vn 0.0000000 1.0000000 0.0000000
vn 0.0000000 -1.0000000 0.0000000
vn 0.9789543 0.0000000 -0.2040795
vn 0.9789543 0.0000000 -0.2040795
vn 0.0000000 1.0000000 0.0000000
vn 0.0000000 -1.0000000 0.0000000
vn 0.9946931 0.0000000 -0.1028867
vn 0.9946931 0.0000000 -0.1028867
vn 0.0000000 1.0000000 0.0000000
vn 0.0000000 -1.0000000 0.0000000
vn 0.0000000 1.0000000 0.0000000
vn 0.0000000 -1.0000000 0.0000000
vn 1.0000000 0.0000000 0.0000000
vn 1.0000000 0.0000000 0.0000000
vn 0.0000000 1.0000000 0.0000000
vn 0.0000000 -1.0000000 0.0000000
vn 0.9929142 0.0000000 0.1188333
vn 0.9929142 0.0000000 0.1188333
vn 0.0000000 1.0000000 0.0000000
vn 0.0000000 -1.0000000 0.0000000
vn 0.9720094 0.0000000 0.2349418
vn 0.9720094 0.0000000 0.2349418
vn 0.0000000 1.0000000 0.0000000
vn 0.0000000 -1.0000000 0.0000000
vn 0.9382856 0.0000000 0.3458616
vn 0.9382856 0.0000000 0.3458616
vn 0.0000000 1.0000000 0.0000000
vn 0.0000000 -1.0000000 0.0000000
vn 0.8932344 0.0000000 0.4495912
vn 0.8932344 0.0000000 0.4495912
vn 0.0000000 1.0000000 0.0000000
vn 0.0000000 -1.0000000 0.0000000
vn 0.8386319 0.0000000 0.5446985
vn 0.8386319 0.0000000 0.5446985
vn 0.0000000 1.0000000 0.0000000
vn 0.0000000 -1.0000000 0.0000000
vn 0.7763291 0.0000000 0.6303278
vn 0.7763291 0.0000000 0.6303278
vn 0.0000000 1.0000000 0.0000000
vn 0.0000000 -1.0000000 0.0000000
vn 0.7080820 0.0000000 0.7061302
vn 0.7080820 0.0000000 0.7061302
vn 0.0000000 1.0000000 0.0000000
vn 0.0000000 -1.0000000 0.0000000
vn 0.6354393 0.0000000 0.7721508
vn 0.6354393 0.0000000 0.7721508
vn 0.0000000 1.0000000 0.0000000
vn 0.0000000 -1.0000000 0.0000000
vn 0.5596865 0.0000000 0.8287044
vn 0.5596865 0.0000000 0.8287044
vn 0.0000000 1.0000000 0.0000000
vn 0.0000000 -1.0000000 0.0000000
vn 0.4818352 0.0000000 0.8762619
vn 0.4818352 0.0000000 0.8762619
vn 0.0000000 1.0000000 0.0000000
vn 0.0000000 -1.0000000 0.0000000
vn 0.4026423 0.0000000 0.9153574
vn 0.4026423 0.0000000 0.9153574
vn 0.0000000 1.0000000 0.0000000
vn 0.0000000 -1.0000000 0.0000000
vn 0.3226458 0.0000000 0.9465198
vn 0.3226458 0.0000000 0.9465198
vn 0.0000000 1.0000000 0.0000000
vn 0.0000000 -1.0000000 0.0000000
vn 0.2422053 0.0000000 0.9702250
vn 0.2422053 0.0000000 0.9702250
vn 0.0000000 1.0000000 0.0000000
vn 0.0000000 -1.0000000 0.0000000
vn 0.1615443 0.0000000 0.9868655
vn 0.1615443 0.0000000 0.9868655
vn 0.0000000 1.0000000 0.0000000
vn 0.0000000 -1.0000000 0.0000000
vn 0.0807883 0.0000000 0.9967313
vn 0.0807883 0.0000000 0.9967313
vn 0.0000000 1.0000000 0.0000000
vn 0.0000000 -1.0000000 0.0000000
vn 0.0000000 0.0000000 1.0000000
vn 0.0000000 0.0000000 1.0000000
vn 0.0000000 1.0000000 0.0000000
vn 0.0000000 -1.0000000 0.0000000
vn -0.0807883 0.0000000 0.9967313
vn -0.0807883 0.0000000 0.9967313
vn 0.0000000 1.0000000 0.0000000
vn 0.0000000 -1.0000000 0.0000000
vn -0.1615443 0.0000000 0.9868655
vn -0.1615443 0.0000000 0.9868655
vn 0.0000000 1.0000000 0.0000000
vn 0.0000000 -1.0000000 0.0000000
vn -0.2422053 0.0000000 0.9702250
vn -0.2422053 0.0000000 0.9702250
vn 0.0000000 1.0000000 0.0000000
vn 0.0000000 -1.0000000 0.0000000
vn -0.3226458 0.0000000 0.9465198
vn -0.3226458 0.0000000 0.9465198
vn 0.0000000 1.0000000 0.0000000
vn 0.0000000 -1.0000000 0.0000000
vn -0.4026423 0.0000000 0.9153574
vn -0.4026423 0.0000000 0.9153574
vn 0.0000000 1.0000000 0.0000000
vn 0.0000000 -1.0000000 0.0000000
vn -0.4818352 0.0000000 0.8762619
vn -0.4818352 0.0000000 0.8762619
vn 0.0000000 1.0000000 0.0000000
vn 0.0000000 -1.0000000 0.0000000
vn -0.5596865 0.0000000 0.8287044
vn -0.5596865 0.0000000 0.8287044
vn 0.0000000 1.0000000 0.0000000
vn 0.0000000 -1.0000000 0.0000000
vn -0.6354393 0.0000000 0.7721508
vn -0.6354393 0.0000000 0.7721508
vn 0.0000000 1.0000000 0.0000000
vn 0.0000000 -1.0000000 0.0000000
vn -0.7080820 0.0000000 0.7061302
vn -0.7080820 0.0000000 0.7061302
vn 0.0000000 1.0000000 0.0000000
vn 0.0000000 -1.0000000 0.0000000
vn -0.7763291 0.0000000 0.6303278
vn -0.7763291 0.0000000 0.6303278
vn 0.0000000 1.0000000 0.0000000
vn 0.0000000 -1.0000000 0.0000000
vn -0.8386319 0.0000000 0.5446985
vn -0.8386319 0.0000000 0.5446985
vn 0.0000000 1.0000000 0.0000000
vn 0.0000000 -1.0000000 0.0000000
vn -0.8932344 0.0000000 0.4495912
vn -0.8932344 0.0000000 0.4495912
vn 0.0000000 1.0000000 0.0000000
vn 0.0000000 -1.0000000 0.0000000
vn -0.9382856 0.0000000 0.3458616
vn -0.9382856 0.0000000 0.3458616
vn 0.0000000 1.0000000 0.0000000
vn 0.0000000 -1.0000000 0.0000000
vn -0.9720094 0.0000000 0.2349418
vn -0.9720094 0.0000000 0.2349418
vn 0.0000000 1.0000000 0.0000000
vn 0.0000000 -1.0000000 0.0000000
vn -0.9929142 0.0000000 0.1188333
vn -0.9929142 0.0000000 0.1188333
vn 0.0000000 1.0000000 0.0000000
vn 0.0000000 -1.0000000 0.0000000
vn -1.0000000 0.0000000 0.0000000
vn -1.0000000 0.0000000 0.0000000
vn 0.0000000 1.0000000 0.0000000
vn 0.0000000 -1.0000000 0.0000000
vn -0.9929142 0.0000000 -0.1188333
vn -0.9929142 0.0000000 -0.1188333
vn 0.0000000 1.0000000 0.0000000
vn 0.0000000 -1.0000000 0.0000000
vn -0.9720094 0.0000000 -0.2349418
vn -0.9720094 0.0000000 -0.2349418
vn 0.0000000 1.0000000 0.0000000
vn 0.0000000 -1.0000000 0.0000000
vn -0.9382856 0.0000000 -0.3458616
vn -0.9382856 0.0000000 -0.3458616
vn 0.0000000 1.0000000 0.0000000
vn 0.0000000 -1.0000000 0.0000000
vn -0.8932344 0.0000000 -0.4495912
vn -0.8932344 0.0000000 -0.4495912
vn 0.0000000 1.0000000 0.0000000
vn 0.0000000 -1.0000000 0.0000000
vn -0.8386319 0.0000000 -0.5446985
vn -0.8386319 0.0000000 -0.5446985
vn 0.0000000 1.0000000 0.0000000
vn 0.0000000 -1.0000000 0.0000000
vn -0.7763291 0.0000000 -0.6303278
vn -0.7763291 0.0000000 -0.6303278
vn 0.0000000 1.0000000 0.0000000
vn 0.0000000 -1.0000000 0.0000000
vn -0.7080820 0.0000000 -0.7061302
vn -0.7080820 0.0000000 -0.7061302
vn 0.0000000 1.0000000 0.0000000
vn 0.0000000 -1.0000000 0.0000000
vn -0.6354393 0.0000000 -0.7721508
vn -0.6354393 0.0000000 -0.7721508
vn 0.0000000 1.0000000 0.0000000
vn 0.0000000 -1.0000000 0.0000000
vn -0.5596865 0.0000000 -0.8287044
vn -0.5596865 0.0000000 -0.8287044
vn 0.0000000 1.0000000 0.0000000
vn 0.0000000 -1.0000000 0.0000000
vn -0.4818352 0.0000000 -0.8762619
vn -0.4818352 0.0000000 -0.8762619
vn 0.0000000 1.0000000 0.0000000
vn 0.0000000 -1.0000000 0.0000000
vn -0.4026423 0.0000000 -0.9153574
vn -0.4026423 0.0000000 -0.9153574
vn 0.0000000 1.0000000 0.0000000
vn 0.0000000 -1.0000000 0.0000000
vn -0.3226458 0.0000000 -0.9465198
vn -0.3226458 0.0000000 -0.9465198
vn 0.0000000 1.0000000 0.0000000
vn 0.0000000 -1.0000000 0.0000000
vn -0.2422053 0.0000000 -0.9702250
vn -0.2422053 0.0000000 -0.9702250
vn 0.0000000 1.0000000 0.0000000
vn 0.0000000 -1.0000000 0.0000000
vn -0.1615443 0.0000000 -0.9868655
vn -0.1615443 0.0000000 -0.9868655
vn 0.0000000 1.0000000 0.0000000
vn 0.0000000 -1.0000000 0.0000000
vn -0.0807883 0.0000000 -0.9967313
vn -0.0807883 0.0000000 -0.9967313
vn 0.0000000 1.0000000 0.0000000
vn 0.0000000 -1.0000000 0.0000000
vn -0.0000000 0.0000000 -1.0000000
vn -0.0000000 0.0000000 -1.0000000
vn 0.0000000 1.0000000 0.0000000
vn 0.0000000 -1.0000000 0.0000000
vn 0.0807883 0.0000000 -0.9967313
vn 0.0807883 0.0000000 -0.9967313
vn 0.0000000 1.0000000 0.0000000
vn 0.0000000 -1.0000000 0.0000000
vn 0.1615443 0.0000000 -0.9868655
vn 0.1615443 0.0000000 -0.9868655
vn 0.0000000 1.0000000 0.0000000
vn 0.0000000 -1.0000000 0.0000000
vn 0.2422053 0.0000000 -0.9702250
vn 0.2422053 0.0000000 -0.9702250
vn 0.0000000 1.0000000 0.0000000
vn 0.0000000 -1.0000000 0.0000000
vn 0.3226458 0.0000000 -0.9465198
vn 0.3226458 0.0000000 -0.9465198
vn 0.0000000 1.0000000 0.0000000
vn 0.0000000 -1.0000000 0.0000000
vn 0.4026423 0.0000000 -0.9153574
vn 0.4026423 0.0000000 -0.9153574
vn 0.0000000 1.0000000 0.0000000
vn 0.0000000 -1.0000000 0.0000000
vn 0.4818352 0.0000000 -0.8762619
vn 0.4818352 0.0000000 -0.8762619
vn 0.0000000 1.0000000 0.0000000
vn 0.0000000 -1.0000000 0.0000000
vn 0.5596865 0.0000000 -0.8287044
vn 0.5596865 0.0000000 -0.8287044
vn 0.0000000 1.0000000 0.0000000
vn 0.0000000 -1.0000000 0.0000000
vn 0.6354393 0.0000000 -0.7721508
vn 0.6354393 0.0000000 -0.7721508
vn 0.0000000 1.0000000 0.0000000
vn 0.0000000 -1.0000000 0.0000000
vn 0.7080820 0.0000000 -0.7061302
vn 0.7080820 0.0000000 -0.7061302
vn 0.0000000 1.0000000 0.0000000
vn 0.0000000 -1.0000000 0.0000000
vn 0.7763291 0.0000000 -0.6303278
vn 0.7763291 0.0000000 -0.6303278
vn 0.0000000 1.0000000 0.0000000
vn 0.0000000 -1.0000000 0.0000000
vn 0.8386319 0.0000000 -0.5446985
vn 0.8386319 0.0000000 -0.5446985
vn 0.0000000 1.0000000 0.0000000
vn 0.0000000 -1.0000000 0.0000000
vn 0.8932344 0.0000000 -0.4495912
vn 0.8932344 0.0000000 -0.4495912
vn 0.0000000 1.0000000 0.0000000
vn 0.0000000 -1.0000000 0.0000000
vn 0.9382856 0.0000000 -0.3458616
vn 0.9382856 0.0000000 -0.3458616
vn 0.0000000 1.0000000 0.0000000
vn 0.0000000 -1.0000000 0.0000000
vn 0.9720094 0.0000000 -0.2349418
vn 0.9720094 0.0000000 -0.2349418
vn 0.0000000 1.0000000 0.0000000
vn 0.0000000 -1.0000000 0.0000000
vn 0.9929142 0.0000000 -0.1188333
vn 0.9929142 0.0000000 -0.1188333
vn 0.0000000 1.0000000 0.0000000
vn 0.0000000 -1.0000000 0.0000000
vn 0.0000000 0.0000000 1.0000000
vn 0.0000000 0.0000000 1.0000000
vn 0.0000000 0.0000000 1.0000000
vn 0.0000000 0.0000000 1.0000000
vn 0.0000000 0.0000000 -1.0000000
vn 0.0000000 0.0000000 -1.0000000
vn 0.0000000 0.0000000 -1.0000000
vn 0.0000000 0.0000000 -1.0000000
vn 1.0000000 0.0000000 0.0000000
vn 1.0000000 0.0000000 0.0000000
vn 1.0000000 0.0000000 0.0000000
vn 1.0000000 0.0000000 0.0000000
vn -1.0000000 0.0000000 0.0000000
vn -1.0000000 0.0000000 0.0000000
vn -1.0000000 0.0000000 0.0000000
vn -1.0000000 0.0000000 0.0000000
vn 0.0000000 1.0000000 0.0000000
vn 0.0000000 1.0000000 0.0000000
vn 0.0000000 1.0000000 0.0000000
vn 0.0000000 1.0000000 0.0000000
vn 0.0000000 -1.0000000 0.0000000
vn 0.0000000 -1.0000000 0.0000000
vn 0.0000000 -1.0000000 0.0000000
vn 0.0000000 -1.0000000 0.0000000
vn 0.0000000 0.0000000 1.0000000
vn 0.0000000 0.0000000 1.0000000
vn 0.0000000 0.0000000 1.0000000
vn 0.0000000 0.0000000 1.0000000
vn 0.0000000 0.0000000 -1.0000000
vn 0.0000000 0.0000000 -1.0000000
vn 0.0000000 0.0000000 -1.0000000
vn 0.0000000 0.0000000 -1.0000000
vn 1.0000000 0.0000000 0.0000000
vn 1.0000000 0.0000000 0.0000000
vn 1.0000000 0.0000000 0.0000000
vn 1.0000000 0.0000000 0.0000000
vn -1.0000000 0.0000000 0.0000000
vn -1.0000000 0.0000000 0.0000000
vn -1.0000000 0.0000000 0.0000000
vn -1.0000000 0.0000000 0.0000000
vn 0.0000000 1.0000000 0.0000000
vn 0.0000000 1.0000000 0.0000000
vn 0.0000000 1.0000000 0.0000000
vn 0.0000000 1.0000000 0.0000000
vn 0.0000000 -1.0000000 0.0000000
vn 0.0000000 -1.0000000 0.0000000
vn 0.0000000 -1.0000000 0.0000000
vn 0.0000000 -1.0000000 0.0000000
vn 0.0000000 0.0000000 1.0000000
vn 0.0000000 0.0000000 1.0000000
vn 0.0000000 0.0000000 1.0000000
vn 0.0000000 0.0000000 1.0000000
vn 0.0000000 0.0000000 -1.0000000
vn 0.0000000 0.0000000 -1.0000000
vn 0.0000000 0.0000000 -1.0000000
vn 0.0000000 0.0000000 -1.0000000
vn 1.0000000 0.0000000 0.0000000
vn 1.0000000 0.0000000 0.0000000
vn 1.0000000 0.0000000 0.0000000
vn 1.0000000 0.0000000 0.0000000
vn -1.0000000 0.0000000 0.0000000
vn -1.0000000 0.0000000 0.0000000
vn -1.0000000 0.0000000 0.0000000
vn -1.0000000 0.0000000 0.0000000
vn 0.0000000 1.0000000 0.0000000
vn 0.0000000 1.0000000 0.0000000
vn 0.0000000 1.0000000 0.0000000
vn 0.0000000 1.0000000 0.0000000
vn 0.0000000 -1.0000000 0.0000000
vn 0.0000000 -1.0000000 0.0000000
vn 0.0000000 -1.0000000 0.0000000
vn 0.0000000 -1.0000000 0.0000000
vn 0.0000000 0.0000000 1.0000000
vn 0.0000000 0.0000000 1.0000000
vn 0.0000000 0.0000000 1.0000000
vn 0.0000000 0.0000000 1.0000000
vn 0.0000000 0.0000000 -1.0000000
vn 0.0000000 0.0000000 -1.0000000
vn 0.0000000 0.0000000 -1.0000000
vn 0.0000000 0.0000000 -1.0000000
vn 1.0000000 0.0000000 0.0000000
vn 1.0000000 0.0000000 0.0000000
vn 1.0000000 0.0000000 0.0000000
vn 1.0000000 0.0000000 0.0000000
vn -1.0000000 0.0000000 0.0000000
vn -1.0000000 0.0000000 0.0000000
vn -1.0000000 0.0000000 0.0000000
vn -1.0000000 0.0000000 0.0000000
vn 0.0000000 1.0000000 0.0000000
vn 0.0000000 1.0000000 0.0000000
vn 0.0000000 1.0000000 0.0000000
vn 0.0000000 1.0000000 0.0000000
vn 0.0000000 -1.0000000 0.0000000
vn 0.0000000 -1.0000000 0.0000000
vn 0.0000000 -1.0000000 0.0000000
vn 0.0000000 -1.0000000 0.0000000
vn 0.0000000 0.0000000 1.0000000
vn 0.0000000 0.0000000 1.0000000
vn 0.0000000 0.0000000 1.0000000
vn 0.0000000 0.0000000 1.0000000
vn 0.0000000 0.0000000 -1.0000000
vn 0.0000000 0.0000000 -1.0000000
vn 0.0000000 0.0000000 -1.0000000
vn 0.0000000 0.0000000 -1.0000000
vn 1.0000000 0.0000000 0.0000000
vn 1.0000000 0.0000000 0.0000000
vn 1.0000000 0.0000000 0.0000000
vn 1.0000000 0.0000000 0.0000000
vn -1.0000000 0.0000000 0.0000000
vn -1.0000000 0.0000000 0.0000000
vn -1.0000000 0.0000000 0.0000000
vn -1.0000000 0.0000000 0.0000000
vn 0.0000000 1.0000000 0.0000000
vn 0.0000000 1.0000000 0.0000000
vn 0.0000000 1.0000000 0.0000000
vn 0.0000000 1.0000000 0.0000000
vn 0.0000000 -1.0000000 0.0000000
vn 0.0000000 -1.0000000 0.0000000
vn 0.0000000 -1.0000000 0.0000000
vn 0.0000000 -1.0000000 0.0000000
vn 0.0000000 0.0000000 1.0000000
vn 0.0000000 0.0000000 1.0000000
vn 0.0000000 0.0000000 1.0000000
vn 0.0000000 0.0000000 1.0000000
vn 0.0000000 0.0000000 -1.0000000
vn 0.0000000 0.0000000 -1.0000000
vn 0.0000000 0.0000000 -1.0000000
vn 0.0000000 0.0000000 -1.0000000
vn 1.0000000 0.0000000 0.0000000
vn 1.0000000 0.0000000 0.0000000
vn 1.0000000 0.0000000 0.0000000
vn 1.0000000 0.0000000 0.0000000
vn -1.0000000 0.0000000 0.0000000
vn -1.0000000 0.0000000 0.0000000
vn -1.0000000 0.0000000 0.0000000
vn -1.0000000 0.0000000 0.0000000
vn 0.0000000 1.0000000 0.0000000
vn 0.0000000 1.0000000 0.0000000
vn 0.0000000 1.0000000 0.0000000
vn 0.0000000 1.0000000 0.0000000
vn 0.0000000 -1.0000000 0.0000000
vn 0.0000000 -1.0000000 0.0000000
vn 0.0000000 -1.0000000 0.0000000
vn 0.0000000 -1.0000000 0.0000000
vn 0.0000000 0.0000000 1.0000000
vn 0.0000000 0.0000000 1.0000000
vn 0.0000000 0.0000000 1.0000000
vn 0.0000000 0.0000000 1.0000000
vn 0.0000000 0.0000000 -1.0000000
vn 0.0000000 0.0000000 -1.0000000
vn 0.0000000 0.0000000 -1.0000000
vn 0.0000000 0.0000000 -1.0000000
vn 1.0000000 0.0000000 0.0000000
vn 1.0000000 0.0000000 0.0000000
vn 1.0000000 0.0000000 0.0000000
vn 1.0000000 0.0000000 0.0000000
vn -1.0000000 0.0000000 0.0000000
vn -1.0000000 0.0000000 0.0000000
vn -1.0000000 0.0000000 0.0000000
vn -1.0000000 0.0000000 0.0000000
vn 0.0000000 1.0000000 0.0000000
vn 0.0000000 1.0000000 0.0000000
vn 0.0000000 1.0000000 0.0000000
vn 0.0000000 1.0000000 0.0000000
vn 0.0000000 -1.0000000 0.0000000
vn 0.0000000 -1.0000000 0.0000000
vn 0.0000000 -1.0000000 0.0000000
vn 0.0000000 -1.0000000 0.0000000
vn 0.0000000 0.0000000 1.0000000
vn 0.0000000 0.0000000 1.0000000
vn 0.0000000 0.0000000 1.0000000
vn 0.0000000 0.0000000 1.0000000
vn 0.0000000 0.0000000 -1.0000000
vn 0.0000000 0.0000000 -1.0000000
vn 0.0000000 0.0000000 -1.0000000
vn 0.0000000 0.0000000 -1.0000000
vn 1.0000000 0.0000000 0.0000000
vn 1.0000000 0.0000000 0.0000000
vn 1.0000000 0.0000000 0.0000000
vn 1.0000000 0.0000000 0.0000000
vn -1.0000000 0.0000000 0.0000000
vn -1.0000000 0.0000000 0.0000000
vn -1.0000000 0.0000000 0.0000000
vn -1.0000000 0.0000000 0.0000000
vn 0.0000000 1.0000000 0.0000000
vn 0.0000000 1.0000000 0.0000000
vn 0.0000000 1.0000000 0.0000000
vn 0.0000000 1.0000000 0.0000000
vn 0.0000000 -1.0000000 0.0000000
vn 0.0000000 -1.0000000 0.0000000
vn 0.0000000 -1.0000000 0.0000000
vn 0.0000000 -1.0000000 0.0000000
vn 0.0000000 0.0000000 1.0000000
vn 0.0000000 0.0000000 1.0000000
vn 0.0000000 0.0000000 1.0000000
vn 0.0000000 0.0000000 1.0000000
vn 0.0000000 0.0000000 -1.0000000
vn 0.0000000 0.0000000 -1.0000000
vn 0.0000000 0.0000000 -1.0000000
vn 0.0000000 0.0000000 -1.0000000
vn 1.0000000 0.0000000 0.0000000
vn 1.0000000 0.0000000 0.0000000
vn 1.0000000 0.0000000 0.0000000
vn 1.0000000 0.0000000 0.0000000
vn -1.0000000 0.0000000 0.0000000
vn -1.0000000 0.0000000 0.0000000
vn -1.0000000 0.0000000 0.0000000
vn -1.0000000 0.0000000 0.0000000
vn 0.0000000 1.0000000 0.0000000
vn 0.0000000 1.0000000 0.0000000
vn 0.0000000 1.0000000 0.0000000
vn 0.0000000 1.0000000 0.0000000
vn 0.0000000 -1.0000000 0.0000000
vn 0.0000000 -1.0000000 0.0000000
vn 0.0000000 -1.0000000 0.0000000
vn 0.0000000 -1.0000000 0.0000000
vn 0.0000000 0.0000000 1.0000000
vn 0.0000000 0.0000000 1.0000000
vn 0.0000000 0.0000000 1.0000000
vn 0.0000000 0.0000000 1.0000000
vn 0.0000000 0.0000000 -1.0000000
vn 0.0000000 0.0000000 -1.0000000
vn 0.0000000 0.0000000 -1.0000000
vn 0.0000000 0.0000000 -1.0000000
vn 1.0000000 0.0000000 0.0000000
vn 1.0000000 0.0000000 0.0000000
vn 1.0000000 0.0000000 0.0000000
vn 1.0000000 0.0000000 0.0000000
vn -1.0000000 0.0000000 0.0000000
vn -1.0000000 0.0000000 0.0000000
vn -1.0000000 0.0000000 0.0000000
vn -1.0000000 0.0000000 0.0000000
vn 0.0000000 1.0000000 0.0000000
vn 0.0000000 1.0000000 0.0000000
vn 0.0000000 1.0000000 0.0000000
vn 0.0000000 1.0000000 0.0000000
vn 0.0000000 -1.0000000 0.0000000
vn 0.0000000 -1.0000000 0.0000000
vn 0.0000000 -1.0000000 0.0000000
vn 0.0000000 -1.0000000 0.0000000
vn 0.0000000 0.0000000 1.0000000
vn 0.0000000 0.0000000 1.0000000
vn 0.0000000 0.0000000 1.0000000
vn 0.0000000 0.0000000 1.0000000
vn 0.0000000 0.0000000 -1.0000000
vn 0.0000000 0.0000000 -1.0000000
vn 0.0000000 0.0000000 -1.0000000
vn 0.0000000 0.0000000 -1.0000000
vn 1.0000000 0.0000000 0.0000000
vn 1.0000000 0.0000000 0.0000000
vn 1.0000000 0.0000000 0.0000000
vn 1.0000000 0.0000000 0.0000000
vn -1.0000000 0.0000000 0.0000000
vn -1.0000000 0.0000000 0.0000000
vn -1.0000000 0.0000000 0.0000000
vn -1.0000000 0.0000000 0.0000000
vn 0.0000000 1.0000000 0.0000000
vn 0.0000000 1.0000000 0.0000000
vn 0.0000000 1.0000000 0.0000000
vn 0.0000000 1.0000000 0.0000000
vn 0.0000000 -1.0000000 0.0000000
vn 0.0000000 -1.0000000 0.0000000
vn 0.0000000 -1.0000000 0.0000000
vn 0.0000000 -1.0000000 0.0000000
vn 0.0000000 0.0000000 1.0000000
vn 0.0000000 0.0000000 1.0000000
vn 0.0000000 0.0000000 1.0000000
vn 0.0000000 0.0000000 1.0000000
vn 0.0000000 0.0000000 -1.0000000
vn 0.0000000 0.0000000 -1.0000000
vn 0.0000000 0.0000000 -1.0000000
vn 0.0000000 0.0000000 -1.0000000
vn 1.0000000 0.0000000 0.0000000
vn 1.0000000 0.0000000 0.0000000
vn 1.0000000 0.0000000 0.0000000
vn 1.0000000 0.0000000 0.0000000
vn -1.0000000 0.0000000 0.0000000
vn -1.0000000 0.0000000 0.0000000
vn -1.0000000 0.0000000 0.0000000
vn -1.0000000 0.0000000 0.0000000
vn 0.0000000 1.0000000 0.0000000
vn 0.0000000 1.0000000 0.0000000
vn 0.0000000 1.0000000 0.0000000
vn 0.0000000 1.0000000 0.0000000
vn 0.0000000 -1.0000000 0.0000000
vn 0.0000000 -1.0000000 0.0000000
vn 0.0000000 -1.0000000 0.0000000
vn 0.0000000 -1.0000000 0.0000000
vn 0.0000000 0.0000000 1.0000000
vn 0.0000000 0.0000000 1.0000000
vn 0.0000000 0.0000000 1.0000000
vn 0.0000000 0.0000000 1.0000000
vn 0.0000000 0.0000000 -1.0000000
vn 0.0000000 0.0000000 -1.0000000
vn 0.0000000 0.0000000 -1.0000000
vn 0.0000000 0.0000000 -1.0000000
vn 1.0000000 0.0000000 0.0000000
vn 1.0000000 0.0000000 0.0000000
vn 1.0000000 0.0000000 0.0000000
vn 1.0000000 0.0000000 0.0000000
vn -1.0000000 0.0000000 0.0000000
vn -1.0000000 0.0000000 0.0000000
vn -1.0000000 0.0000000 0.0000000
vn -1.0000000 0.0000000 0.0000000
vn 0.0000000 1.0000000 0.0000000
vn 0.0000000 1.0000000 0.0000000
vn 0.0000000 1.0000000 0.0000000
vn 0.0000000 1.0000000 0.0000000
vn 0.0000000 -1.0000000 0.0000000
vn 0.0000000 -1.0000000 0.0000000
vn 0.0000000 -1.0000000 0.0000000
vn 0.0000000 -1.0000000 0.0000000
vn 0.0000000 0.0000000 1.0000000
vn 0.0000000 0.0000000 1.0000000
vn 0.0000000 0.0000000 1.0000000
vn 0.0000000 0.0000000 1.0000000
vn 0.0000000 0.0000000 -1.0000000
vn 0.0000000 0.0000000 -1.0000000
vn 0.0000000 0.0000000 -1.0000000
vn 0.0000000 0.0000000 -1.0000000
vn 1.0000000 0.0000000 0.0000000
vn 1.0000000 0.0000000 0.0000000
vn 1.0000000 0.0000000 0.0000000
vn 1.0000000 0.0000000 0.0000000
vn -1.0000000 0.0000000 0.0000000
vn -1.0000000 0.0000000 0.0000000
vn -1.0000000 0.0000000 0.0000000
vn -1.0000000 0.0000000 0.0000000
vn 0.0000000 1.0000000 0.0000000
vn 0.0000000 1.0000000 0.0000000
vn 0.0000000 1.0000000 0.0000000
vn 0.0000000 1.0000000 0.0000000
vn 0.0000000 -1.0000000 0.0000000
vn 0.0000000 -1.0000000 0.0000000
vn 0.0000000 -1.0000000 0.0000000
vn 0.0000000 -1.0000000 0.0000000
vn 0.0000000 0.0000000 1.0000000
vn 0.0000000 0.0000000 1.0000000
vn 0.0000000 0.0000000 1.0000000
vn 0.0000000 0.0000000 1.0000000
vn 0.0000000 0.0000000 -1.0000000
vn 0.0000000 0.0000000 -1.0000000
vn 0.0000000 0.0000000 -1.0000000
vn 0.0000000 0.0000000 -1.0000000
vn 1.0000000 0.0000000 0.0000000
vn 1.0000000 0.0000000 0.0000000
vn 1.0000000 0.0000000 0.0000000
vn 1.0000000 0.0000000 0.0000000
vn -1.0000000 0.0000000 0.0000000
vn -1.0000000 0.0000000 0.0000000
vn -1.0000000 0.0000000 0.0000000
vn -1.0000000 0.0000000 0.0000000
vn 0.0000000 1.0000000 0.0000000
vn 0.0000000 1.0000000 0.0000000
vn 0.0000000 1.0000000 0.0000000
vn 0.0000000 1.0000000 0.0000000
vn 0.0000000 -1.0000000 0.0000000
vn 0.0000000 -1.0000000 0.0000000
vn 0.0000000 -1.0000000 0.0000000
vn 0.0000000 -1.0000000 0.0000000
vn 0.0000000 0.0000000 1.0000000
vn 0.0000000 0.0000000 1.0000000
vn 0.0000000 0.0000000 1.0000000
vn 0.0000000 0.0000000 1.0000000
vn 0.0000000 0.0000000 -1.0000000
vn 0.0000000 0.0000000 -1.0000000
vn 0.0000000 0.0000000 -1.0000000
vn 0.0000000 0.0000000 -1.0000000
vn 1.0000000 0.0000000 0.0000000
vn 1.0000000 0.0000000 0.0000000
vn 1.0000000 0.0000000 0.0000000
vn 1.0000000 0.0000000 0.0000000
vn -1.0000000 0.0000000 0.0000000
vn -1.0000000 0.0000000 0.0000000
vn -1.0000000 0.0000000 0.0000000
vn -1.0000000 0.0000000 0.0000000
vn 0.0000000 1.0000000 0.0000000
vn 0.0000000 1.0000000 0.0000000
vn 0.0000000 1.0000000 0.0000000
vn 0.0000000 1.0000000 0.0000000
vn 0.0000000 -1.0000000 0.0000000
vn 0.0000000 -1.0000000 0.0000000
vn 0.0000000 -1.0000000 0.0000000
vn 0.0000000 -1.0000000 0.0000000
vn 0.0000000 0.0000000 1.0000000
vn 0.0000000 0.0000000 1.0000000
vn 0.0000000 0.0000000 1.0000000
vn 0.0000000 0.0000000 1.0000000
vn 0.0000000 0.0000000 -1.0000000
vn 0.0000000 0.0000000 -1.0000000
vn 0.0000000 0.0000000 -1.0000000
vn 0.0000000 0.0000000 -1.0000000
vn 1.0000000 0.0000000 0.0000000
vn 1.0000000 0.0000000 0.0000000
vn 1.0000000 0.0000000 0.0000000
vn 1.0000000 0.0000000 0.0000000
vn -1.0000000 0.0000000 0.0000000
vn -1.0000000 0.0000000 0.0000000
vn -1.0000000 0.0000000 0.0000000
vn -1.0000000 0.0000000 0.0000000
vn 0.0000000 1.0000000 0.0000000
vn 0.0000000 1.0000000 0.0000000
vn 0.0000000 1.0000000 0.0000000
vn 0.0000000 1.0000000 0.0000000
vn 0.0000000 -1.0000000 0.0000000
vn 0.0000000 -1.0000000 0.0000000
vn 0.0000000 -1.0000000 0.0000000
vn 0.0000000 -1.0000000 0.0000000
vn 0.0000000 0.0000000 1.0000000
vn 0.0000000 0.0000000 1.0000000
vn 0.0000000 0.0000000 1.0000000
vn 0.0000000 0.0000000 1.0000000
vn 0.0000000 0.0000000 -1.0000000
vn 0.0000000 0.0000000 -1.0000000
vn 0.0000000 0.0000000 -1.0000000
vn 0.0000000 0.0000000 -1.0000000
vn 1.0000000 0.0000000 0.0000000
vn 1.0000000 0.0000000 0.0000000
vn 1.0000000 0.0000000 0.0000000
vn 1.0000000 0.0000000 0.0000000
vn -1.0000000 0.0000000 0.0000000
vn -1.0000000 0.0000000 0.0000000
vn -1.0000000 0.0000000 0.0000000
vn -1.0000000 0.0000000 0.0000000
vn 0.0000000 1.0000000 0.0000000
vn 0.0000000 1.0000000 0.0000000
vn 0.0000000 1.0000000 0.0000000
vn 0.0000000 1.0000000 0.0000000
vn 0.0000000 -1.0000000 0.0000000
vn 0.0000000 -1.0000000 0.0000000
vn 0.0000000 -1.0000000 0.0000000
vn 0.0000000 -1.0000000 0.0000000
vn 0.0000000 0.0000000 1.0000000
vn 0.0000000 0.0000000 1.0000000
vn 0.0000000 0.0000000 1.0000000
vn 0.0000000 0.0000000 1.0000000
vn 0.0000000 0.0000000 -1.0000000
vn 0.0000000 0.0000000 -1.0000000
vn 0.0000000 0.0000000 -1.0000000
vn 0.0000000 0.0000000 -1.0000000
vn 1.0000000 0.0000000 0.0000000
vn 1.0000000 0.0000000 0.0000000
vn 1.0000000 0.0000000 0.0000000
vn 1.0000000 0.0000000 0.0000000
vn -1.0000000 0.0000000 0.0000000
vn -1.0000000 0.0000000 0.0000000
vn -1.0000000 0.0000000 0.0000000
vn -1.0000000 0.0000000 0.0000000
vn 0.0000000 1.0000000 0.0000000
vn 0.0000000 1.0000000 0.0000000
vn 0.0000000 1.0000000 0.0000000
vn 0.0000000 1.0000000 0.0000000
vn 0.0000000 -1.0000000 0.0000000
vn 0.0000000 -1.0000000 0.0000000
vn 0.0000000 -1.0000000 0.0000000
vn 0.0000000 -1.0000000 0.0000000
vn 0.0000000 0.0000000 1.0000000
vn 0.0000000 0.0000000 1.0000000
vn 0.0000000 0.0000000 1.0000000
vn 0.0000000 0.0000000 1.0000000
vn 0.0000000 0.0000000 -1.0000000
vn 0.0000000 0.0000000 -1.0000000
vn 0.0000000 0.0000000 -1.0000000
vn 0.0000000 0.0000000 -1.0000000
vn 1.0000000 0.0000000 0.0000000
vn 1.0000000 0.0000000 0.0000000
vn 1.0000000 0.0000000 0.0000000
vn 1.0000000 0.0000000 0.0000000
vn -1.0000000 0.0000000 0.0000000
vn -1.0000000 0.0000000 0.0000000
vn -1.0000000 0.0000000 0.0000000
vn -1.0000000 0.0000000 0.0000000
vn 0.0000000 1.0000000 0.0000000
vn 0.0000000 1.0000000 0.0000000
vn 0.0000000 1.0000000 0.0000000
vn 0.0000000 1.0000000 0.0000000
vn 0.0000000 -1.0000000 0.0000000
vn 0.0000000 -1.0000000 0.0000000
vn 0.0000000 -1.0000000 0.0000000
vn 0.0000000 -1.0000000 0.0000000
vn 0.0000000 0.0000000 1.0000000
vn 0.0000000 0.0000000 1.0000000
vn 0.0000000 0.0000000 1.0000000
vn 0.0000000 0.0000000 1.0000000
vn 0.0000000 0.0000000 -1.0000000
vn 0.0000000 0.0000000 -1.0000000
vn 0.0000000 0.0000000 -1.0000000
vn 0.0000000 0.0000000 -1.0000000
vn 1.0000000 0.0000000 0.0000000
vn 1.0000000 0.0000000 0.0000000
vn 1.0000000 0.0000000 0.0000000
vn 1.0000000 0.0000000 0.0000000
vn -1.0000000 0.0000000 0.0000000
vn -1.0000000 0.0000000 0.0000000
vn -1.0000000 0.0000000 0.0000000
vn -1.0000000 0.0000000 0.0000000
vn 0.0000000 1.0000000 0.0000000
vn 0.0000000 1.0000000 0.0000000
vn 0.0000000 1.0000000 0.0000000
vn 0.0000000 1.0000000 0.0000000
vn 0.0000000 -1.0000000 0.0000000
vn 0.0000000 -1.0000000 0.0000000
vn 0.0000000 -1.0000000 0.0000000
vn 0.0000000 -1.0000000 0.0000000
vn 0.0000000 0.0000000 1.0000000
vn 0.0000000 0.0000000 1.0000000
vn 0.0000000 0.0000000 1.0000000
vn 0.0000000 0.0000000 1.0000000
vn 0.0000000 0.0000000 -1.0000000
vn 0.0000000 0.0000000 -1.0000000
vn 0.0000000 0.0000000 -1.0000000
vn 0.0000000 0.0000000 -1.0000000
vn 1.0000000 0.0000000 0.0000000
vn 1.0000000 0.0000000 0.0000000
vn 1.0000000 0.0000000 0.0000000
vn 1.0000000 0.0000000 0.0000000
vn -1.0000000 0.0000000 0.0000000
vn -1.0000000 0.0000000 0.0000000
vn -1.0000000 0.0000000 0.0000000
vn -1.0000000 0.0000000 0.0000000
vn 0.0000000 1.0000000 0.0000000
vn 0.0000000 1.0000000 0.0000000
vn 0.0000000 1.0000000 0.0000000
vn 0.0000000 1.0000000 0.0000000
vn 0.0000000 -1.0000000 0.0000000
vn 0.0000000 -1.0000000 0.0000000
vn 0.0000000 -1.0000000 0.0000000
vn 0.0000000 -1.0000000 0.0000000
vn 0.0000000 0.0000000 1.0000000
vn 0.0000000 0.0000000 1.0000000
vn 0.0000000 0.0000000 1.0000000
vn 0.0000000 0.0000000 1.0000000
vn 0.0000000 0.0000000 -1.0000000
vn 0.0000000 0.0000000 -1.0000000
vn 0.0000000 0.0000000 -1.0000000
vn 0.0000000 0.0000000 -1.0000000
vn 1.0000000 0.0000000 0.0000000
vn 1.0000000 0.0000000 0.0000000
vn 1.0000000 0.0000000 0.0000000
vn 1.0000000 0.0000000 0.0000000
vn -1.0000000 0.0000000 0.0000000
vn -1.0000000 0.0000000 0.0000000
vn -1.0000000 0.0000000 0.0000000
vn -1.0000000 0.0000000 0.0000000
vn 0.0000000 1.0000000 0.0000000
vn 0.0000000 1.0000000 0.0000000
vn 0.0000000 1.0000000 0.0000000
vn 0.0000000 1.0000000 0.0000000
vn 0.0000000 -1.0000000 0.0000000
vn 0.0000000 -1.0000000 0.0000000
vn 0.0000000 -1.0000000 0.0000000
vn 0.0000000 -1.0000000 0.0000000
vn 0.0000000 -1.0000000 0.0000000
vn 0.0000000 1.0000000 0.0000000
vn 1.0000000 0.0000000 0.0000000
vn 0.3090170 0.0000000 0.9510565
vn -0.8090170 0.0000000 0.5877853
vn -0.8090170 0.0000000 -0.5877853
vn 0.3090170 0.0000000 -0.9510565
vn 0.0000000 -1.0000000 0.0000000
vn 0.0000000 1.0000000 0.0000000
vn 1.0000000 0.0000000 0.0000000
vn 0.3090170 0.0000000 0.9510565
vn -0.8090170 0.0000000 0.5877853
vn -0.8090170 0.0000000 -0.5877853
vn 0.3090170 0.0000000 -0.9510565
vn 0.0000000 -1.0000000 0.0000000
vn 0.0000000 1.0000000 0.0000000
vn 1.0000000 0.0000000 0.0000000
vn 0.3090170 0.0000000 0.9510565
vn -0.8090170 0.0000000 0.5877853
vn -0.8090170 0.0000000 -0.5877853
vn 0.3090170 0.0000000 -0.9510565
vn 0.0000000 -1.0000000 0.0000000
vn 0.0000000 1.0000000 0.0000000
vn 1.0000000 0.0000000 0.0000000
vn 0.3090170 0.0000000 0.9510565
vn -0.8090170 0.0000000 0.5877853
vn -0.8090170 0.0000000 -0.5877853
vn 0.3090170 0.0000000 -0.9510565
vn 0.0000000 -1.0000000 0.0000000
vn 0.0000000 1.0000000 0.0000000
vn 1.0000000 0.0000000 0.0000000
vn 0.3090170 0.0000000 0.9510565
vn -0.8090170 0.0000000 0.5877853
vn -0.8090170 0.0000000 -0.5877853
vn 0.3090170 0.0000000 -0.9510565
vn 0.0000000 -1.0000000 0.0000000
vn 0.0000000 1.0000000 0.0000000
vn 1.0000000 0.0000000 0.0000000
vn 0.3090170 0.0000000 0.9510565
vn -0.8090170 0.0000000 0.5877853
vn -0.8090170 0.0000000 -0.5877853
vn 0.3090170 0.0000000 -0.9510565
vn 0.0000000 -1.0000000 0.0000000
vn 0.0000000 1.0000000 0.0000000
vn 1.0000000 0.0000000 0.0000000
vn 0.3090170 0.0000000 0.9510565
vn -0.8090170 0.0000000 0.5877853
vn -0.8090170 0.0000000 -0.5877853
vn 0.3090170 0.0000000 -0.9510565
vn 0.0000000 -1.0000000 0.0000000
vn 0.0000000 1.0000000 0.0000000
vn 1.0000000 0.0000000 0.0000000
vn 0.3090170 0.0000000 0.9510565
vn -0.8090170 0.0000000 0.5877853
vn -0.8090170 0.0000000 -0.5877853
vn 0.3090170 0.0000000 -0.9510565
vn 0.0000000 -1.0000000 0.0000000
vn 0.0000000 1.0000000 0.0000000
vn 1.0000000 0.0000000 0.0000000
vn 0.3090170 0.0000000 0.9510565
vn -0.8090170 0.0000000 0.5877853
vn -0.8090170 0.0000000 -0.5877853
vn 0.3090170 0.0000000 -0.9510565
vn 0.0000000 -1.0000000 0.0000000
vn 0.0000000 1.0000000 0.0000000
vn 1.0000000 0.0000000 0.0000000
vn 0.3090170 0.0000000 0.9510565
vn -0.8090170 0.0000000 0.5877853
vn -0.8090170 0.0000000 -0.5877853
vn 0.3090170 0.0000000 -0.9510565
vn 0.0000000 -1.0000000 0.0000000
vn 0.0000000 1.0000000 0.0000000
vn 1.0000000 0.0000000 0.0000000
vn 0.3090170 0.0000000 0.9510565
vn -0.8090170 0.0000000 0.5877853
vn -0.8090170 0.0000000 -0.5877853
vn 0.3090170 0.0000000 -0.9510565
vn 0.0000000 -1.0000000 0.0000000
vn 0.0000000 1.0000000 0.0000000
vn 1.0000000 0.0000000 0.0000000
vn 0.3090170 0.0000000 0.9510565
vn -0.8090170 0.0000000 0.5877853
vn -0.8090170 0.0000000 -0.5877853
vn 0.3090170 0.0000000 -0.9510565
vn 0.0000000 -1.0000000 0.0000000
vn 0.0000000 1.0000000 0.0000000
vn 1.0000000 0.0000000 0.0000000
vn 0.3090170 0.0000000 0.9510565
vn -0.8090170 0.0000000 0.5877853
vn -0.8090170 0.0000000 -0.5877853
vn 0.3090170 0.0000000 -0.9510565
vn 0.0000000 -1.0000000 0.0000000
vn 0.0000000 1.0000000 0.0000000
vn 1.0000000 0.0000000 0.0000000
vn 0.3090170 0.0000000 0.9510565
vn -0.8090170 0.0000000 0.5877853
vn -0.8090170 0.0000000 -0.5877853
vn 0.3090170 0.0000000 -0.9510565
vn 0.0000000 -1.0000000 0.0000000
vn 0.0000000 1.0000000 0.0000000
vn 1.0000000 0.0000000 0.0000000
vn 0.3090170 0.0000000 0.9510565
vn -0.8090170 0.0000000 0.5877853
vn -0.8090170 0.0000000 -0.5877853
vn 0.3090170 0.0000000 -0.9510565
vn 0.0000000 -1.0000000 0.0000000
vn 0.0000000 1.0000000 0.0000000
vn 1.0000000 0.0000000 0.0000000
vn 0.3090170 0.0000000 0.9510565
vn -0.8090170 0.0000000 0.5877853
vn -0.8090170 0.0000000 -0.5877853
vn 0.3090170 0.0000000 -0.9510565
vn 0.0000000 -1.0000000 0.0000000
vn 0.0000000 1.0000000 0.0000000
vn 1.0000000 0.0000000 0.0000000
vn 0.3090170 0.0000000 0.9510565
vn -0.8090170 0.0000000 0.5877853
vn -0.8090170 0.0000000 -0.5877853
vn 0.3090170 0.0000000 -0.9510565
vn 0.0000000 -1.0000000 0.0000000
vn 0.0000000 1.0000000 0.0000000
vn 1.0000000 0.0000000 0.0000000
vn 0.3090170 0.0000000 0.9510565
vn -0.8090170 0.0000000 0.5877853
vn -0.8090170 0.0000000 -0.5877853
vn 0.3090170 0.0000000 -0.9510565
vn 0.0000000 -1.0000000 0.0000000
vn 0.0000000 1.0000000 0.0000000
vn 1.0000000 0.0000000 0.0000000
vn 0.3090170 0.0000000 0.9510565
vn -0.8090170 0.0000000 0.5877853
vn -0.8090170 0.0000000 -0.5877853
vn 0.3090170 0.0000000 -0.9510565
vn 0.0000000 -1.0000000 0.0000000
vn 0.0000000 1.0000000 0.0000000
vn 1.0000000 0.0000000 0.0000000
vn 0.3090170 0.0000000 0.9510565
vn -0.8090170 0.0000000 0.5877853
vn -0.8090170 0.0000000 -0.5877853
vn 0.3090170 0.0000000 -0.9510565
vn 0.0000000 0.0000000 1.0000000
vn 0.0000000 0.0000000 1.0000000
vn 0.0000000 0.0000000 1.0000000
vn 0.0000000 0.0000000 1.0000000
vn 0.0000000 0.0000000 -1.0000000
vn 0.0000000 0.0000000 -1.0000000
vn 0.0000000 0.0000000 -1.0000000
vn 0.0000000 0.0000000 -1.0000000
vn 1.0000000 0.0000000 0.0000000
vn 1.0000000 0.0000000 0.0000000
vn 1.0000000 0.0000000 0.0000000
vn 1.0000000 0.0000000 0.0000000
vn -1.0000000 0.0000000 0.0000000
vn -1.0000000 0.0000000 0.0000000
vn -1.0000000 0.0000000 0.0000000
vn -1.0000000 0.0000000 0.0000000
vn 0.0000000 1.0000000 0.0000000
vn 0.0000000 1.0000000 0.0000000
vn 0.0000000 1.0000000 0.0000000
vn 0.0000000 1.0000000 0.0000000
vn 0.0000000 -1.0000000 0.0000000
vn 0.0000000 -1.0000000 0.0000000
vn 0.0000000 -1.0000000 0.0000000
vn 0.0000000 -1.0000000 0.0000000
vn 0.0000000 0.0000000 1.0000000
vn 0.0000000 0.0000000 1.0000000
vn 0.0000000 0.0000000 1.0000000
vn 0.0000000 0.0000000 1.0000000
vn 0.0000000 0.0000000 -1.0000000
vn 0.0000000 0.0000000 -1.0000000
vn 0.0000000 0.0000000 -1.0000000
vn 0.0000000 0.0000000 -1.0000000
vn 1.0000000 0.0000000 0.0000000
vn 1.0000000 0.0000000 0.0000000
vn 1.0000000 0.0000000 0.0000000
vn 1.0000000 0.0000000 0.0000000
vn -1.0000000 0.0000000 0.0000000
vn -1.0000000 0.0000000 0.0000000
vn -1.0000000 0.0000000 0.0000000
vn -1.0000000 0.0000000 0.0000000
vn 0.0000000 1.0000000 0.0000000
vn 0.0000000 1.0000000 0.0000000
vn 0.0000000 1.0000000 0.0000000
vn 0.0000000 1.0000000 0.0000000
vn 0.0000000 -1.0000000 0.0000000
vn 0.0000000 -1.0000000 0.0000000
vn 0.0000000 -1.0000000 0.0000000
vn 0.0000000 -1.0000000 0.0000000
vn 0.0000000 0.0000000 1.0000000
vn 0.0000000 0.0000000 1.0000000
vn 0.0000000 0.0000000 1.0000000
vn 0.0000000 0.0000000 1.0000000
vn 0.0000000 0.0000000 -1.0000000
vn 0.0000000 0.0000000 -1.0000000
vn 0.0000000 0.0000000 -1.0000000
vn 0.0000000 0.0000000 -1.0000000
vn 1.0000000 0.0000000 0.0000000
vn 1.0000000 0.0000000 0.0000000
vn 1.0000000 0.0000000 0.0000000
vn 1.0000000 0.0000000 0.0000000
vn -1.0000000 0.0000000 0.0000000
vn -1.0000000 0.0000000 0.0000000
vn -1.0000000 0.0000000 0.0000000
vn -1.0000000 0.0000000 0.0000000
vn 0.0000000 1.0000000 0.0000000
vn 0.0000000 1.0000000 0.0000000
vn 0.0000000 1.0000000 0.0000000
vn 0.0000000 1.0000000 0.0000000
vn 0.0000000 -1.0000000 0.0000000
vn 0.0000000 -1.0000000 0.0000000
vn 0.0000000 -1.0000000 0.0000000
vn 0.0000000 -1.0000000 0.0000000
vn 0.0000000 0.0000000 1.0000000
vn 0.0000000 0.0000000 1.0000000
vn 0.0000000 0.0000000 1.0000000
vn 0.0000000 0.0000000 1.0000000
vn 0.0000000 0.0000000 -1.0000000
vn 0.0000000 0.0000000 -1.0000000
vn 0.0000000 0.0000000 -1.0000000
vn 0.0000000 0.0000000 -1.0000000
vn 1.0000000 0.0000000 0.0000000
vn 1.0000000 0.0000000 0.0000000
vn 1.0000000 0.0000000 0.0000000
vn 1.0000000 0.0000000 0.0000000
vn -1.0000000 0.0000000 0.0000000
vn -1.0000000 0.0000000 0.0000000
vn -1.0000000 0.0000000 0.0000000
vn -1.0000000 0.0000000 0.0000000
vn 0.0000000 1.0000000 0.0000000
vn 0.0000000 1.0000000 0.0000000
vn 0.0000000 1.0000000 0.0000000
vn 0.0000000 1.0000000 0.0000000
vn 0.0000000 -1.0000000 0.0000000
vn 0.0000000 -1.0000000 0.0000000
vn 0.0000000 -1.0000000 0.0000000
vn 0.0000000 -1.0000000 0.0000000
vn 0.0000000 0.0000000 1.0000000
vn 0.0000000 0.0000000 1.0000000
vn 0.0000000 0.0000000 1.0000000
vn 0.0000000 0.0000000 1.0000000
vn 0.0000000 0.0000000 -1.0000000
vn 0.0000000 0.0000000 -1.0000000
vn 0.0000000 0.0000000 -1.0000000
vn 0.0000000 0.0000000 -1.0000000
vn 1.0000000 0.0000000 0.0000000
vn 1.0000000 0.0000000 0.0000000
vn 1.0000000 0.0000000 0.0000000
vn 1.0000000 0.0000000 0.0000000
vn -1.0000000 0.0000000 0.0000000
vn -1.0000000 0.0000000 0.0000000
vn -1.0000000 0.0000000 0.0000000
vn -1.0000000 0.0000000 0.0000000
vn 0.0000000 1.0000000 0.0000000
vn 0.0000000 1.0000000 0.0000000
vn 0.0000000 1.0000000 0.0000000
vn 0.0000000 1.0000000 0.0000000
vn 0.0000000 -1.0000000 0.0000000
vn 0.0000000 -1.0000000 0.0000000
vn 0.0000000 -1.0000000 0.0000000
vn 0.0000000 -1.0000000 0.0000000
vn 0.0000000 0.0000000 1.0000000
vn 0.0000000 0.0000000 1.0000000
vn 0.0000000 0.0000000 1.0000000
vn 0.0000000 0.0000000 1.0000000
vn 0.0000000 0.0000000 -1.0000000
vn 0.0000000 0.0000000 -1.0000000
vn 0.0000000 0.0000000 -1.0000000
vn 0.0000000 0.0000000 -1.0000000
vn 1.0000000 0.0000000 0.0000000
vn 1.0000000 0.0000000 0.0000000
vn 1.0000000 0.0000000 0.0000000
vn 1.0000000 0.0000000 0.0000000
vn -1.0000000 0.0000000 0.0000000
vn -1.0000000 0.0000000 0.0000000
vn -1.0000000 0.0000000 0.0000000
vn -1.0000000 0.0000000 0.0000000
vn 0.0000000 1.0000000 0.0000000
vn 0.0000000 1.0000000 0.0000000
vn 0.0000000 1.0000000 0.0000000
vn 0.0000000 1.0000000 0.0000000
vn 0.0000000 -1.0000000 0.0000000
vn 0.0000000 -1.0000000 0.0000000
vn 0.0000000 -1.0000000 0.0000000
vn 0.0000000 -1.0000000 0.0000000
vn 0.0000000 0.0000000 1.0000000
vn 0.0000000 0.0000000 1.0000000
vn 0.0000000 0.0000000 1.0000000
vn 0.0000000 0.0000000 1.0000000
vn 0.0000000 0.0000000 -1.0000000
vn 0.0000000 0.0000000 -1.0000000
vn 0.0000000 0.0000000 -1.0000000
vn 0.0000000 0.0000000 -1.0000000
vn 1.0000000 0.0000000 0.0000000
vn 1.0000000 0.0000000 0.0000000
vn 1.0000000 0.0000000 0.0000000
vn 1.0000000 0.0000000 0.0000000
vn -1.0000000 0.0000000 0.0000000
vn -1.0000000 0.0000000 0.0000000
vn -1.0000000 0.0000000 0.0000000
vn -1.0000000 0.0000000 0.0000000
vn 0.0000000 1.0000000 0.0000000
vn 0.0000000 1.0000000 0.0000000
vn 0.0000000 1.0000000 0.0000000
vn 0.0000000 1.0000000 0.0000000
vn 0.0000000 -1.0000000 0.0000000
vn 0.0000000 -1.0000000 0.0000000
vn 0.0000000 -1.0000000 0.0000000
vn 0.0000000 -1.0000000 0.0000000
vn 0.0000000 0.0000000 1.0000000
vn 0.0000000 0.0000000 1.0000000
vn 0.0000000 0.0000000 1.0000000
vn 0.0000000 0.0000000 1.0000000
vn 0.0000000 0.0000000 -1.0000000
vn 0.0000000 0.0000000 -1.0000000
vn 0.0000000 0.0000000 -1.0000000
vn 0.0000000 0.0000000 -1.0000000
vn 1.0000000 0.0000000 0.0000000
vn 1.0000000 0.0000000 0.0000000
vn 1.0000000 0.0000000 0.0000000
vn 1.0000000 0.0000000 0.0000000
vn -1.0000000 0.0000000 0.0000000
vn -1.0000000 0.0000000 0.0000000
vn -1.0000000 0.0000000 0.0000000
vn -1.0000000 0.0000000 0.0000000
vn 0.0000000 1.0000000 0.0000000
vn 0.0000000 1.0000000 0.0000000
vn 0.0000000 1.0000000 0.0000000
vn 0.0000000 1.0000000 0.0000000
vn 0.0000000 -1.0000000 0.0000000
vn 0.0000000 -1.0000000 0.0000000
vn 0.0000000 -1.0000000 0.0000000
vn 0.0000000 -1.0000000 0.0000000
vn 0.0000000 0.0000000 1.0000000
vn 0.0000000 0.0000000 1.0000000
vn 0.0000000 0.0000000 1.0000000
vn 0.0000000 0.0000000 1.0000000
vn 0.0000000 0.0000000 -1.0000000
vn 0.0000000 0.0000000 -1.0000000
vn 0.0000000 0.0000000 -1.0000000
vn 0.0000000 0.0000000 -1.0000000
vn 1.0000000 0.0000000 0.0000000
vn 1.0000000 0.0000000 0.0000000
vn 1.0000000 0.0000000 0.0000000
vn 1.0000000 0.0000000 0.0000000
vn -1.0000000 0.0000000 0.0000000
vn -1.0000000 0.0000000 0.0000000
vn -1.0000000 0.0000000 0.0000000
vn -1.0000000 0.0000000 0.0000000
vn 0.0000000 1.0000000 0.0000000
vn 0.0000000 1.0000000 0.0000000
vn 0.0000000 1.0000000 0.0000000
vn 0.0000000 1.0000000 0.0000000
vn 0.0000000 -1.0000000 0.0000000
vn 0.0000000 -1.0000000 0.0000000
vn 0.0000000 -1.0000000 0.0000000
vn 0.0000000 -1.0000000 0.0000000
vn 0.0000000 0.0000000 1.0000000
vn 0.0000000 0.0000000 1.0000000
vn 0.0000000 0.0000000 1.0000000
vn 0.0000000 0.0000000 1.0000000
vn 0.0000000 0.0000000 -1.0000000
vn 0.0000000 0.0000000 -1.0000000
vn 0.0000000 0.0000000 -1.0000000
vn 0.0000000 0.0000000 -1.0000000
vn 1.0000000 0.0000000 0.0000000
vn 1.0000000 0.0000000 0.0000000
vn 1.0000000 0.0000000 0.0000000
vn 1.0000000 0.0000000 0.0000000
vn -1.0000000 0.0000000 0.0000000
vn -1.0000000 0.0000000 0.0000000
vn -1.0000000 0.0000000 0.0000000
vn -1.0000000 0.0000000 0.0000000
vn 0.0000000 1.0000000 0.0000000
vn 0.0000000 1.0000000 0.0000000
vn 0.0000000 1.0000000 0.0000000
vn 0.0000000 1.0000000 0.0000000
vn 0.0000000 -1.0000000 0.0000000
vn 0.0000000 -1.0000000 0.0000000
vn 0.0000000 -1.0000000 0.0000000
vn 0.0000000 -1.0000000 0.0000000
vn 0.0000000 0.0000000 1.0000000
vn 0.0000000 0.0000000 1.0000000
vn 0.0000000 0.0000000 1.0000000
vn 0.0000000 0.0000000 1.0000000
vn 0.0000000 0.0000000 -1.0000000
vn 0.0000000 0.0000000 -1.0000000
vn 0.0000000 0.0000000 -1.0000000
vn 0.0000000 0.0000000 -1.0000000
vn 1.0000000 0.0000000 0.0000000
vn 1.0000000 0.0000000 0.0000000
vn 1.0000000 0.0000000 0.0000000
vn 1.0000000 0.0000000 0.0000000
vn -1.0000000 0.0000000 0.0000000
vn -1.0000000 0.0000000 0.0000000
vn -1.0000000 0.0000000 0.0000000
vn -1.0000000 0.0000000 0.0000000
vn 0.0000000 1.0000000 0.0000000
vn 0.0000000 1.0000000 0.0000000
vn 0.0000000 1.0000000 0.0000000
vn 0.0000000 1.0000000 0.0000000
vn 0.0000000 -1.0000000 0.0000000
vn 0.0000000 -1.0000000 0.0000000
vn 0.0000000 -1.0000000 0.0000000
vn 0.0000000 -1.0000000 0.0000000
vn 0.0000000 0.0000000 1.0000000
vn 0.0000000 0.0000000 1.0000000
vn 0.0000000 0.0000000 1.0000000
vn 0.0000000 0.0000000 1.0000000
vn 0.0000000 0.0000000 -1.0000000
vn 0.0000000 0.0000000 -1.0000000
vn 0.0000000 0.0000000 -1.0000000
vn 0.0000000 0.0000000 -1.0000000
vn 1.0000000 0.0000000 0.0000000
vn 1.0000000 0.0000000 0.0000000
vn 1.0000000 0.0000000 0.0000000
vn 1.0000000 0.0000000 0.0000000
vn -1.0000000 0.0000000 0.0000000
vn -1.0000000 0.0000000 0.0000000
vn -1.0000000 0.0000000 0.0000000
vn -1.0000000 0.0000000 0.0000000
vn 0.0000000 1.0000000 0.0000000
vn 0.0000000 1.0000000 0.0000000
vn 0.0000000 1.0000000 0.0000000
vn 0.0000000 1.0000000 0.0000000
vn 0.0000000 -1.0000000 0.0000000
vn 0.0000000 -1.0000000 0.0000000
vn 0.0000000 -1.0000000 0.0000000
vn 0.0000000 -1.0000000 0.0000000
vn 0.0000000 0.0000000 1.0000000
vn 0.0000000 0.0000000 1.0000000
vn 0.0000000 0.0000000 1.0000000
vn 0.0000000 0.0000000 1.0000000
vn 0.0000000 0.0000000 -1.0000000
vn 0.0000000 0.0000000 -1.0000000
vn 0.0000000 0.0000000 -1.0000000
vn 0.0000000 0.0000000 -1.0000000
vn 1.0000000 0.0000000 0.0000000
vn 1.0000000 0.0000000 0.0000000
vn 1.0000000 0.0000000 0.0000000
vn 1.0000000 0.0000000 0.0000000
vn -1.0000000 0.0000000 0.0000000
vn -1.0000000 0.0000000 0.0000000
vn -1.0000000 0.0000000 0.0000000
vn -1.0000000 0.0000000 0.0000000
vn 0.0000000 1.0000000 0.0000000
vn 0.0000000 1.0000000 0.0000000
vn 0.0000000 1.0000000 0.0000000
vn 0.0000000 1.0000000 0.0000000
vn 0.0000000 -1.0000000 0.0000000
vn 0.0000000 -1.0000000 0.0000000
vn 0.0000000 -1.0000000 0.0000000
vn 0.0000000 -1.0000000 0.0000000
vn 0.0000000 0.0000000 1.0000000
vn 0.0000000 0.0000000 1.0000000
vn 0.0000000 0.0000000 1.0000000
vn 0.0000000 0.0000000 1.0000000
vn 0.0000000 0.0000000 -1.0000000
vn 0.0000000 0.0000000 -1.0000000
vn 0.0000000 0.0000000 -1.0000000
vn 0.0000000 0.0000000 -1.0000000
vn 1.0000000 0.0000000 0.0000000
vn 1.0000000 0.0000000 0.0000000
vn 1.0000000 0.0000000 0.0000000
vn 1.0000000 0.0000000 0.0000000
vn -1.0000000 0.0000000 0.0000000
vn -1.0000000 0.0000000 0.0000000
vn -1.0000000 0.0000000 0.0000000
vn -1.0000000 0.0000000 0.0000000
vn 0.0000000 1.0000000 0.0000000
vn 0.0000000 1.0000000 0.0000000
vn 0.0000000 1.0000000 0.0000000
vn 0.0000000 1.0000000 0.0000000
vn 0.0000000 -1.0000000 0.0000000
vn 0.0000000 -1.0000000 0.0000000
vn 0.0000000 -1.0000000 0.0000000
vn 0.0000000 -1.0000000 0.0000000
vn 0.0000000 0.0000000 1.0000000
vn 0.0000000 0.0000000 1.0000000
vn 0.0000000 0.0000000 1.0000000
vn 0.0000000 0.0000000 1.0000000
vn 0.0000000 0.0000000 -1.0000000
vn 0.0000000 0.0000000 -1.0000000
vn 0.0000000 0.0000000 -1.0000000
vn 0.0000000 0.0000000 -1.0000000
vn 1.0000000 0.0000000 0.0000000
vn 1.0000000 0.0000000 0.0000000
vn 1.0000000 0.0000000 0.0000000
vn 1.0000000 0.0000000 0.0000000
vn -1.0000000 0.0000000 0.0000000
vn -1.0000000 0.0000000 0.0000000
vn -1.0000000 0.0000000 0.0000000
vn -1.0000000 0.0000000 0.0000000
vn 0.0000000 1.0000000 0.0000000
vn 0.0000000 1.0000000 0.0000000
vn 0.0000000 1.0000000 0.0000000
vn 0.0000000 1.0000000 0.0000000
vn 0.0000000 -1.0000000 0.0000000
vn 0.0000000 -1.0000000 0.0000000
vn 0.0000000 -1.0000000 0.0000000
vn 0.0000000 -1.0000000 0.0000000
vn 0.0000000 0.0000000 1.0000000
vn 0.0000000 0.0000000 1.0000000
vn 0.0000000 0.0000000 1.0000000
vn 0.0000000 0.0000000 1.0000000
vn 0.0000000 0.0000000 -1.0000000
vn 0.0000000 0.0000000 -1.0000000
vn 0.0000000 0.0000000 -1.0000000
vn 0.0000000 0.0000000 -1.0000000
vn 1.0000000 0.0000000 0.0000000
vn 1.0000000 0.0000000 0.0000000
vn 1.0000000 0.0000000 0.0000000
vn 1.0000000 0.0000000 0.0000000
vn -1.0000000 0.0000000 0.0000000
vn -1.0000000 0.0000000 0.0000000
vn -1.0000000 0.0000000 0.0000000
vn -1.0000000 0.0000000 0.0000000
vn 0.0000000 1.0000000 0.0000000
vn 0.0000000 1.0000000 0.0000000
vn 0.0000000 1.0000000 0.0000000
vn 0.0000000 1.0000000 0.0000000
vn 0.0000000 -1.0000000 0.0000000
vn 0.0000000 -1.0000000 0.0000000
vn 0.0000000 -1.0000000 0.0000000
vn 0.0000000 -1.0000000 0.0000000
vn 0.0000000 0.0000000 1.0000000
vn 0.0000000 0.0000000 1.0000000
vn 0.0000000 0.0000000 1.0000000
vn 0.0000000 0.0000000 1.0000000
vn 0.0000000 0.0000000 -1.0000000
vn 0.0000000 0.0000000 -1.0000000
vn 0.0000000 0.0000000 -1.0000000
vn 0.0000000 0.0000000 -1.0000000
vn 1.0000000 0.0000000 0.0000000
vn 1.0000000 0.0000000 0.0000000
vn 1.0000000 0.0000000 0.0000000
vn 1.0000000 0.0000000 0.0000000
vn -1.0000000 0.0000000 0.0000000
vn -1.0000000 0.0000000 0.0000000
vn -1.0000000 0.0000000 0.0000000
vn -1.0000000 0.0000000 0.0000000
vn 0.0000000 1.0000000 0.0000000
vn 0.0000000 1.0000000 0.0000000
vn 0.0000000 1.0000000 0.0000000
vn 0.0000000 1.0000000 0.0000000
vn 0.0000000 -1.0000000 0.0000000
vn 0.0000000 -1.0000000 0.0000000
vn 0.0000000 -1.0000000 0.0000000
vn 0.0000000 -1.0000000 0.0000000
vn 0.0000000 0.0000000 1.0000000
vn 0.0000000 0.0000000 1.0000000
vn 0.0000000 0.0000000 1.0000000
vn 0.0000000 0.0000000 1.0000000
vn 0.0000000 0.0000000 -1.0000000
vn 0.0000000 0.0000000 -1.0000000
vn 0.0000000 0.0000000 -1.0000000
vn 0.0000000 0.0000000 -1.0000000
vn 1.0000000 0.0000000 0.0000000
vn 1.0000000 0.0000000 0.0000000
vn 1.0000000 0.0000000 0.0000000
vn 1.0000000 0.0000000 0.0000000
vn -1.0000000 0.0000000 0.0000000
vn -1.0000000 0.0000000 0.0000000
vn -1.0000000 0.0000000 0.0000000
vn -1.0000000 0.0000000 0.0000000
vn 0.0000000 1.0000000 0.0000000
vn 0.0000000 1.0000000 0.0000000
vn 0.0000000 1.0000000 0.0000000
vn 0.0000000 1.0000000 0.0000000
vn 0.0000000 -1.0000000 0.0000000
vn 0.0000000 -1.0000000 0.0000000
vn 0.0000000 -1.0000000 0.0000000
vn 0.0000000 -1.0000000 0.0000000
vn 0.0000000 0.0000000 1.0000000
vn 0.0000000 0.0000000 1.0000000
vn 0.0000000 0.0000000 1.0000000
vn 0.0000000 0.0000000 1.0000000
vn 0.0000000 0.0000000 -1.0000000
vn 0.0000000 0.0000000 -1.0000000
vn 0.0000000 0.0000000 -1.0000000
vn 0.0000000 0.0000000 -1.0000000
vn 1.0000000 0.0000000 0.0000000
vn 1.0000000 0.0000000 0.0000000
vn 1.0000000 0.0000000 0.0000000
vn 1.0000000 0.0000000 0.0000000
vn -1.0000000 0.0000000 0.0000000
vn -1.0000000 0.0000000 0.0000000
vn -1.0000000 0.0000000 0.0000000
vn -1.0000000 0.0000000 0.0000000
vn 0.0000000 1.0000000 0.0000000
vn 0.0000000 1.0000000 0.0000000
vn 0.0000000 1.0000000 0.0000000
vn 0.0000000 1.0000000 0.0000000
vn 0.0000000 -1.0000000 0.0000000
vn 0.0000000 -1.0000000 0.0000000
vn 0.0000000 -1.0000000 0.0000000
vn 0.0000000 -1.0000000 0.0000000
vn 0.0000000 0.0000000 1.0000000
vn 0.0000000 0.0000000 1.0000000
vn 0.0000000 0.0000000 1.0000000
vn 0.0000000 0.0000000 1.0000000
vn 0.0000000 0.0000000 -1.0000000
vn 0.0000000 0.0000000 -1.0000000
vn 0.0000000 0.0000000 -1.0000000
vn 0.0000000 0.0000000 -1.0000000
vn 1.0000000 0.0000000 0.0000000
vn 1.0000000 0.0000000 0.0000000
vn 1.0000000 0.0000000 0.0000000
vn 1.0000000 0.0000000 0.0000000
vn -1.0000000 0.0000000 0.0000000
vn -1.0000000 0.0000000 0.0000000
vn -1.0000000 0.0000000 0.0000000
vn -1.0000000 0.0000000 0.0000000
vn 0.0000000 1.0000000 0.0000000
vn 0.0000000 1.0000000 0.0000000
vn 0.0000000 1.0000000 0.0000000
vn 0.0000000 1.0000000 0.0000000
vn 0.0000000 -1.0000000 0.0000000
vn 0.0000000 -1.0000000 0.0000000
vn 0.0000000 -1.0000000 0.0000000
vn 0.0000000 -1.0000000 0.0000000
vn 0.0000000 0.0000000 1.0000000
vn 0.0000000 0.0000000 1.0000000
vn 0.0000000 0.0000000 1.0000000
vn 0.0000000 0.0000000 1.0000000
vn 0.0000000 0.0000000 -1.0000000
vn 0.0000000 0.0000000 -1.0000000
vn 0.0000000 0.0000000 -1.0000000
vn 0.0000000 0.0000000 -1.0000000
vn 1.0000000 0.0000000 0.0000000
vn 1.0000000 0.0000000 0.0000000
vn 1.0000000 0.0000000 0.0000000
vn 1.0000000 0.0000000 0.0000000
vn -1.0000000 0.0000000 0.0000000
vn -1.0000000 0.0000000 0.0000000
vn -1.0000000 0.0000000 0.0000000
vn -1.0000000 0.0000000 0.0000000
vn 0.0000000 1.0000000 0.0000000
vn 0.0000000 1.0000000 0.0000000
vn 0.0000000 1.0000000 0.0000000
vn 0.0000000 1.0000000 0.0000000
vn 0.0000000 -1.0000000 0.0000000
vn 0.0000000 -1.0000000 0.0000000
vn 0.0000000 -1.0000000 0.0000000
vn 0.0000000 -1.0000000 0.0000000
vn 0.0000000 0.0000000 1.0000000
vn 0.0000000 0.0000000 1.0000000
vn 0.0000000 0.0000000 1.0000000
vn 0.0000000 0.0000000 1.0000000
vn 0.0000000 0.0000000 -1.0000000
vn 0.0000000 0.0000000 -1.0000000
vn 0.0000000 0.0000000 -1.0000000
vn 0.0000000 0.0000000 -1.0000000
vn 1.0000000 0.0000000 0.0000000
vn 1.0000000 0.0000000 0.0000000
vn 1.0000000 0.0000000 0.0000000
vn 1.0000000 0.0000000 0.0000000
vn -1.0000000 0.0000000 0.0000000
vn -1.0000000 0.0000000 0.0000000
vn -1.0000000 0.0000000 0.0000000
vn -1.0000000 0.0000000 0.0000000
vn 0.0000000 1.0000000 0.0000000
vn 0.0000000 1.0000000 0.0000000
vn 0.0000000 1.0000000 0.0000000
vn 0.0000000 1.0000000 0.0000000
vn 0.0000000 -1.0000000 0.0000000
vn 0.0000000 -1.0000000 0.0000000
vn 0.0000000 -1.0000000 0.0000000
vn 0.0000000 -1.0000000 0.0000000
vn 0.0000000 0.0000000 1.0000000
vn 0.0000000 0.0000000 1.0000000
vn 0.0000000 0.0000000 1.0000000
vn 0.0000000 0.0000000 1.0000000
vn 0.0000000 0.0000000 -1.0000000
vn 0.0000000 0.0000000 -1.0000000
vn 0.0000000 0.0000000 -1.0000000
vn 0.0000000 0.0000000 -1.0000000
vn 1.0000000 0.0000000 0.0000000
vn 1.0000000 0.0000000 0.0000000
vn 1.0000000 0.0000000 0.0000000
vn 1.0000000 0.0000000 0.0000000
vn -1.0000000 0.0000000 0.0000000
vn -1.0000000 0.0000000 0.0000000
vn -1.0000000 0.0000000 0.0000000
vn -1.0000000 0.0000000 0.0000000
vn 0.0000000 1.0000000 0.0000000
vn 0.0000000 1.0000000 0.0000000
vn 0.0000000 1.0000000 0.0000000
vn 0.0000000 1.0000000 0.0000000
vn 0.0000000 -1.0000000 0.0000000
vn 0.0000000 -1.0000000 0.0000000
vn 0.0000000 -1.0000000 0.0000000
vn 0.0000000 -1.0000000 0.0000000
vn 0.0000000 0.0000000 1.0000000
vn 0.0000000 0.0000000 1.0000000
vn 0.0000000 0.0000000 1.0000000
vn 0.0000000 0.0000000 1.0000000
vn 0.0000000 0.0000000 -1.0000000
vn 0.0000000 0.0000000 -1.0000000
vn 0.0000000 0.0000000 -1.0000000
vn 0.0000000 0.0000000 -1.0000000
vn 1.0000000 0.0000000 0.0000000
vn 1.0000000 0.0000000 0.0000000
vn 1.0000000 0.0000000 0.0000000
vn 1.0000000 0.0000000 0.0000000
vn -1.0000000 0.0000000 0.0000000
vn -1.0000000 0.0000000 0.0000000
vn -1.0000000 0.0000000 0.0000000
vn -1.0000000 0.0000000 0.0000000
vn 0.0000000 1.0000000 0.0000000
vn 0.0000000 1.0000000 0.0000000
vn 0.0000000 1.0000000 0.0000000
vn 0.0000000 1.0000000 0.0000000
vn 0.0000000 -1.0000000 0.0000000
vn 0.0000000 -1.0000000 0.0000000
vn 0.0000000 -1.0000000 0.0000000
vn 0.0000000 -1.0000000 0.0000000
vn 0.0000000 0.0000000 1.0000000
vn 0.0000000 0.0000000 1.0000000
vn 0.0000000 0.0000000 1.0000000
vn 0.0000000 0.0000000 1.0000000
vn 0.0000000 0.0000000 -1.0000000
vn 0.0000000 0.0000000 -1.0000000
vn 0.0000000 0.0000000 -1.0000000
vn 0.0000000 0.0000000 -1.0000000
vn 1.0000000 0.0000000 0.0000000
vn 1.0000000 0.0000000 0.0000000
vn 1.0000000 0.0000000 0.0000000
vn 1.0000000 0.0000000 0.0000000
vn -1.0000000 0.0000000 0.0000000
vn -1.0000000 0.0000000 0.0000000
vn -1.0000000 0.0000000 0.0000000
vn -1.0000000 0.0000000 0.0000000
vn 0.0000000 1.0000000 0.0000000
vn 0.0000000 1.0000000 0.0000000
vn 0.0000000 1.0000000 0.0000000
vn 0.0000000 1.0000000 0.0000000
vn 0.0000000 -1.0000000 0.0000000
vn 0.0000000 -1.0000000 0.0000000
vn 0.0000000 -1.0000000 0.0000000
vn 0.0000000 -1.0000000 0.0000000
vn 0.0000000 0.0000000 1.0000000
vn 0.0000000 0.0000000 1.0000000
vn 0.0000000 0.0000000 1.0000000
vn 0.0000000 0.0000000 1.0000000
vn 0.0000000 0.0000000 -1.0000000
vn 0.0000000 0.0000000 -1.0000000
vn 0.0000000 0.0000000 -1.0000000
vn 0.0000000 0.0000000 -1.0000000
vn 1.0000000 0.0000000 0.0000000
vn 1.0000000 0.0000000 0.0000000
vn 1.0000000 0.0000000 0.0000000
vn 1.0000000 0.0000000 0.0000000
vn -1.0000000 0.0000000 0.0000000
vn -1.0000000 0.0000000 0.0000000
vn -1.0000000 0.0000000 0.0000000
vn -1.0000000 0.0000000 0.0000000
vn 0.0000000 1.0000000 0.0000000
vn 0.0000000 1.0000000 0.0000000
vn 0.0000000 1.0000000 0.0000000
vn 0.0000000 1.0000000 0.0000000
vn 0.0000000 -1.0000000 0.0000000
vn 0.0000000 -1.0000000 0.0000000
vn 0.0000000 -1.0000000 0.0000000
vn 0.0000000 -1.0000000 0.0000000
vn 0.0000000 0.0000000 1.0000000
vn 0.0000000 0.0000000 1.0000000
vn 0.0000000 0.0000000 1.0000000
vn 0.0000000 0.0000000 1.0000000
vn 0.0000000 0.0000000 -1.0000000
vn 0.0000000 0.0000000 -1.0000000
vn 0.0000000 0.0000000 -1.0000000
vn 0.0000000 0.0000000 -1.0000000
vn 1.0000000 0.0000000 0.0000000
vn 1.0000000 0.0000000 0.0000000
vn 1.0000000 0.0000000 0.0000000
vn 1.0000000 0.0000000 0.0000000
vn -1.0000000 0.0000000 0.0000000
vn -1.0000000 0.0000000 0.0000000
vn -1.0000000 0.0000000 0.0000000
vn -1.0000000 0.0000000 0.0000000
vn 0.0000000 1.0000000 0.0000000
vn 0.0000000 1.0000000 0.0000000
vn 0.0000000 1.0000000 0.0000000
vn 0.0000000 1.0000000 0.0000000
vn 0.0000000 -1.0000000 0.0000000
vn 0.0000000 -1.0000000 0.0000000
vn 0.0000000 -1.0000000 0.0000000
vn 0.0000000 -1.0000000 0.0000000
vn 0.0000000 0.0000000 1.0000000
vn 0.0000000 0.0000000 1.0000000
vn 0.0000000 0.0000000 1.0000000
vn 0.0000000 0.0000000 1.0000000
vn 0.0000000 0.0000000 -1.0000000
vn 0.0000000 0.0000000 -1.0000000
vn 0.0000000 0.0000000 -1.0000000
vn 0.0000000 0.0000000 -1.0000000
vn 1.0000000 0.0000000 0.0000000
vn 1.0000000 0.0000000 0.0000000
vn 1.0000000 0.0000000 0.0000000
vn 1.0000000 0.0000000 0.0000000
vn -1.0000000 0.0000000 0.0000000
vn -1.0000000 0.0000000 0.0000000
vn -1.0000000 0.0000000 0.0000000
vn -1.0000000 0.0000000 0.0000000
vn 0.0000000 1.0000000 0.0000000
vn 0.0000000 1.0000000 0.0000000
vn 0.0000000 1.0000000 0.0000000
vn 0.0000000 1.0000000 0.0000000
vn 0.0000000 -1.0000000 0.0000000
vn 0.0000000 -1.0000000 0.0000000
vn 0.0000000 -1.0000000 0.0000000
vn 0.0000000 -1.0000000 0.0000000
vn 0.0000000 0.0000000 1.0000000
vn 0.0000000 0.0000000 1.0000000
vn 0.0000000 0.0000000 1.0000000
vn 0.0000000 0.0000000 1.0000000
vn 0.0000000 0.0000000 -1.0000000
vn 0.0000000 0.0000000 -1.0000000
vn 0.0000000 0.0000000 -1.0000000
vn 0.0000000 0.0000000 -1.0000000
vn 1.0000000 0.0000000 0.0000000
vn 1.0000000 0.0000000 0.0000000
vn 1.0000000 0.0000000 0.0000000
vn 1.0000000 0.0000000 0.0000000
vn -1.0000000 0.0000000 0.0000000
vn -1.0000000 0.0000000 0.0000000
vn -1.0000000 0.0000000 0.0000000
vn -1.0000000 0.0000000 0.0000000
vn 0.0000000 1.0000000 0.0000000
vn 0.0000000 1.0000000 0.0000000
vn 0.0000000 1.0000000 0.0000000
vn 0.0000000 1.0000000 0.0000000
vn 0.0000000 -1.0000000 0.0000000
vn 0.0000000 -1.0000000 0.0000000
vn 0.0000000 -1.0000000 0.0000000
vn 0.0000000 -1.0000000 0.0000000
vn 0.0000000 0.0000000 1.0000000
vn 0.0000000 0.0000000 1.0000000
vn 0.0000000 0.0000000 1.0000000
vn 0.0000000 0.0000000 1.0000000
vn 0.0000000 0.0000000 -1.0000000
vn 0.0000000 0.0000000 -1.0000000
vn 0.0000000 0.0000000 -1.0000000
vn 0.0000000 0.0000000 -1.0000000
vn 1.0000000 0.0000000 0.0000000
vn 1.0000000 0.0000000 0.0000000
vn 1.0000000 0.0000000 0.0000000
vn 1.0000000 0.0000000 0.0000000
vn -1.0000000 0.0000000 0.0000000
vn -1.0000000 0.0000000 0.0000000
vn -1.0000000 0.0000000 0.0000000
vn -1.0000000 0.0000000 0.0000000
vn 0.0000000 1.0000000 0.0000000
vn 0.0000000 1.0000000 0.0000000
vn 0.0000000 1.0000000 0.0000000
vn 0.0000000 1.0000000 0.0000000
vn 0.0000000 -1.0000000 0.0000000
vn 0.0000000 -1.0000000 0.0000000
vn 0.0000000 -1.0000000 0.0000000
vn 0.0000000 -1.0000000 0.0000000
vn 0.0000000 0.0000000 1.0000000
vn 0.0000000 0.0000000 1.0000000
vn 0.0000000 0.0000000 1.0000000
vn 0.0000000 0.0000000 1.0000000
vn 0.0000000 0.0000000 -1.0000000
vn 0.0000000 0.0000000 -1.0000000
vn 0.0000000 0.0000000 -1.0000000
vn 0.0000000 0.0000000 -1.0000000
vn 1.0000000 0.0000000 0.0000000
vn 1.0000000 0.0000000 0.0000000
vn 1.0000000 0.0000000 0.0000000
vn 1.0000000 0.0000000 0.0000000
vn -1.0000000 0.0000000 0.0000000
vn -1.0000000 0.0000000 0.0000000
vn -1.0000000 0.0000000 0.0000000
vn -1.0000000 0.0000000 0.0000000
vn 0.0000000 1.0000000 0.0000000
vn 0.0000000 1.0000000 0.0000000
vn 0.0000000 1.0000000 0.0000000
vn 0.0000000 1.0000000 0.0000000
vn 0.0000000 -1.0000000 0.0000000
vn 0.0000000 -1.0000000 0.0000000
vn 0.0000000 -1.0000000 0.0000000
vn 0.0000000 -1.0000000 0.0000000
vn 0.0000000 0.0000000 1.0000000
vn 0.0000000 0.0000000 1.0000000
vn 0.0000000 0.0000000 1.0000000
vn 0.0000000 0.0000000 1.0000000
vn 0.0000000 0.0000000 -1.0000000
vn 0.0000000 0.0000000 -1.0000000
vn 0.0000000 0.0000000 -1.0000000
vn 0.0000000 0.0000000 -1.0000000
vn 1.0000000 0.0000000 0.0000000
vn 1.0000000 0.0000000 0.0000000
vn 1.0000000 0.0000000 0.0000000
vn 1.0000000 0.0000000 0.0000000
vn -1.0000000 0.0000000 0.0000000
vn -1.0000000 0.0000000 0.0000000
vn -1.0000000 0.0000000 0.0000000
vn -1.0000000 0.0000000 0.0000000
vn 0.0000000 1.0000000 0.0000000
vn 0.0000000 1.0000000 0.0000000
vn 0.0000000 1.0000000 0.0000000
vn 0.0000000 1.0000000 0.0000000
vn 0.0000000 -1.0000000 0.0000000
vn 0.0000000 -1.0000000 0.0000000
vn 0.0000000 -1.0000000 0.0000000
vn 0.0000000 -1.0000000 0.0000000
vn 0.0000000 0.0000000 1.0000000
vn 0.0000000 0.0000000 1.0000000
vn 0.0000000 0.0000000 1.0000000
vn 0.0000000 0.0000000 1.0000000
vn 0.0000000 0.0000000 -1.0000000
vn 0.0000000 0.0000000 -1.0000000
vn 0.0000000 0.0000000 -1.0000000
vn 0.0000000 0.0000000 -1.0000000
vn 1.0000000 0.0000000 0.0000000
vn 1.0000000 0.0000000 0.0000000
vn 1.0000000 0.0000000 0.0000000
vn 1.0000000 0.0000000 0.0000000
vn -1.0000000 0.0000000 0.0000000
vn -1.0000000 0.0000000 0.0000000
vn -1.0000000 0.0000000 0.0000000
vn -1.0000000 0.0000000 0.0000000
vn 0.0000000 1.0000000 0.0000000
vn 0.0000000 1.0000000 0.0000000
vn 0.0000000 1.0000000 0.0000000
vn 0.0000000 1.0000000 0.0000000
vn 0.0000000 -1.0000000 0.0000000
vn 0.0000000 -1.0000000 0.0000000
vn 0.0000000 -1.0000000 0.0000000
vn 0.0000000 -1.0000000 0.0000000
vn 0.0000000 0.0000000 1.0000000
vn 0.0000000 0.0000000 1.0000000
vn 0.0000000 0.0000000 1.0000000
vn 0.0000000 0.0000000 1.0000000
vn 0.0000000 0.0000000 -1.0000000
vn 0.0000000 0.0000000 -1.0000000
vn 0.0000000 0.0000000 -1.0000000
vn 0.0000000 0.0000000 -1.0000000
vn 1.0000000 0.0000000 0.0000000
vn 1.0000000 0.0000000 0.0000000
vn 1.0000000 0.0000000 0.0000000
vn 1.0000000 0.0000000 0.0000000
vn -1.0000000 0.0000000 0.0000000
vn -1.0000000 0.0000000 0.0000000
vn -1.0000000 0.0000000 0.0000000
vn -1.0000000 0.0000000 0.0000000
vn 0.0000000 1.0000000 0.0000000
vn 0.0000000 1.0000000 0.0000000
vn 0.0000000 1.0000000 0.0000000
vn 0.0000000 1.0000000 0.0000000
vn 0.0000000 -1.0000000 0.0000000
vn 0.0000000 -1.0000000 0.0000000
vn 0.0000000 -1.0000000 0.0000000
vn 0.0000000 -1.0000000 0.0000000
vn 0.0000000 0.0000000 1.0000000
vn 0.0000000 0.0000000 1.0000000
vn 0.0000000 0.0000000 1.0000000
vn 0.0000000 0.0000000 1.0000000
vn 0.0000000 0.0000000 -1.0000000
vn 0.0000000 0.0000000 -1.0000000
vn 0.0000000 0.0000000 -1.0000000
vn 0.0000000 0.0000000 -1.0000000
vn 1.0000000 0.0000000 0.0000000
vn 1.0000000 0.0000000 0.0000000
vn 1.0000000 0.0000000 0.0000000
vn 1.0000000 0.0000000 0.0000000
vn -1.0000000 0.0000000 0.0000000
vn -1.0000000 0.0000000 0.0000000
vn -1.0000000 0.0000000 0.0000000
vn -1.0000000 0.0000000 0.0000000
vn 0.0000000 1.0000000 0.0000000
vn 0.0000000 1.0000000 0.0000000
vn 0.0000000 1.0000000 0.0000000
vn 0.0000000 1.0000000 0.0000000
vn 0.0000000 -1.0000000 0.0000000
vn 0.0000000 -1.0000000 0.0000000
vn 0.0000000 -1.0000000 0.0000000
vn 0.0000000 -1.0000000 0.0000000
vn 0.0000000 0.0000000 1.0000000
vn 0.0000000 0.0000000 1.0000000
vn 0.0000000 0.0000000 1.0000000
vn 0.0000000 0.0000000 1.0000000
vn 0.0000000 0.0000000 -1.0000000
vn 0.0000000 0.0000000 -1.0000000
vn 0.0000000 0.0000000 -1.0000000
vn 0.0000000 0.0000000 -1.0000000
vn 1.0000000 0.0000000 0.0000000
vn 1.0000000 0.0000000 0.0000000
vn 1.0000000 0.0000000 0.0000000
vn 1.0000000 0.0000000 0.0000000
vn -1.0000000 0.0000000 0.0000000
vn -1.0000000 0.0000000 0.0000000
vn -1.0000000 0.0000000 0.0000000
vn -1.0000000 0.0000000 0.0000000
vn 0.0000000 1.0000000 0.0000000
vn 0.0000000 1.0000000 0.0000000
vn 0.0000000 1.0000000 0.0000000
vn 0.0000000 1.0000000 0.0000000
vn 0.0000000 -1.0000000 0.0000000
vn 0.0000000 -1.0000000 0.0000000
vn 0.0000000 -1.0000000 0.0000000
vn 0.0000000 -1.0000000 0.0000000
vn 0.0000000 0.0000000 1.0000000
vn 0.0000000 0.0000000 1.0000000
vn 0.0000000 0.0000000 1.0000000
vn 0.0000000 0.0000000 1.0000000
vn 0.0000000 0.0000000 -1.0000000
vn 0.0000000 0.0000000 -1.0000000
vn 0.0000000 0.0000000 -1.0000000
vn 0.0000000 0.0000000 -1.0000000
vn 1.0000000 0.0000000 0.0000000
vn 1.0000000 0.0000000 0.0000000
vn 1.0000000 0.0000000 0.0000000
vn 1.0000000 0.0000000 0.0000000
vn -1.0000000 0.0000000 0.0000000
vn -1.0000000 0.0000000 0.0000000
vn -1.0000000 0.0000000 0.0000000
vn -1.0000000 0.0000000 0.0000000
vn 0.0000000 1.0000000 0.0000000
vn 0.0000000 1.0000000 0.0000000
vn 0.0000000 1.0000000 0.0000000
vn 0.0000000 1.0000000 0.0000000
vn 0.0000000 -1.0000000 0.0000000
vn 0.0000000 -1.0000000 0.0000000
vn 0.0000000 -1.0000000 0.0000000
vn 0.0000000 -1.0000000 0.0000000
vn 0.0000000 0.0000000 1.0000000
vn 0.0000000 0.0000000 1.0000000
vn 0.0000000 0.0000000 1.0000000
vn 0.0000000 0.0000000 1.0000000
vn 0.0000000 0.0000000 -1.0000000
vn 0.0000000 0.0000000 -1.0000000
vn 0.0000000 0.0000000 -1.0000000
vn 0.0000000 0.0000000 -1.0000000
vn 1.0000000 0.0000000 0.0000000
vn 1.0000000 0.0000000 0.0000000
vn 1.0000000 0.0000000 0.0000000
vn 1.0000000 0.0000000 0.0000000
vn -1.0000000 0.0000000 0.0000000
vn -1.0000000 0.0000000 0.0000000
vn -1.0000000 0.0000000 0.0000000
vn -1.0000000 0.0000000 0.0000000
vn 0.0000000 1.0000000 0.0000000
vn 0.0000000 1.0000000 0.0000000
vn 0.0000000 1.0000000 0.0000000
vn 0.0000000 1.0000000 0.0000000
vn 0.0000000 -1.0000000 0.0000000
vn 0.0000000 -1.0000000 0.0000000
vn 0.0000000 -1.0000000 0.0000000
vn 0.0000000 -1.0000000 0.0000000
vn 0.0000000 0.0000000 1.0000000
vn 0.0000000 0.0000000 1.0000000
vn 0.0000000 0.0000000 1.0000000
vn 0.0000000 0.0000000 1.0000000
vn 0.0000000 0.0000000 -1.0000000
vn 0.0000000 0.0000000 -1.0000000
vn 0.0000000 0.0000000 -1.0000000
vn 0.0000000 0.0000000 -1.0000000
vn 1.0000000 0.0000000 0.0000000
vn 1.0000000 0.0000000 0.0000000
vn 1.0000000 0.0000000 0.0000000
vn 1.0000000 0.0000000 0.0000000
vn -1.0000000 0.0000000 0.0000000
vn -1.0000000 0.0000000 0.0000000
vn -1.0000000 0.0000000 0.0000000
vn -1.0000000 0.0000000 0.0000000
vn 0.0000000 1.0000000 0.0000000
vn 0.0000000 1.0000000 0.0000000
vn 0.0000000 1.0000000 0.0000000
vn 0.0000000 1.0000000 0.0000000
vn 0.0000000 -1.0000000 0.0000000
vn 0.0000000 -1.0000000 0.0000000
vn 0.0000000 -1.0000000 0.0000000
vn 0.0000000 -1.0000000 0.0000000
vn 0.0000000 0.0000000 1.0000000
vn 0.0000000 0.0000000 1.0000000
vn 0.0000000 0.0000000 1.0000000
vn 0.0000000 0.0000000 1.0000000
vn 0.0000000 0.0000000 -1.0000000
vn 0.0000000 0.0000000 -1.0000000
vn 0.0000000 0.0000000 -1.0000000
vn 0.0000000 0.0000000 -1.0000000
vn 1.0000000 0.0000000 0.0000000
vn 1.0000000 0.0000000 0.0000000
vn 1.0000000 0.0000000 0.0000000
vn 1.0000000 0.0000000 0.0000000
vn -1.0000000 0.0000000 0.0000000
vn -1.0000000 0.0000000 0.0000000
vn -1.0000000 0.0000000 0.0000000
vn -1.0000000 0.0000000 0.0000000
vn 0.0000000 1.0000000 0.0000000
vn 0.0000000 1.0000000 0.0000000
vn 0.0000000 1.0000000 0.0000000
vn 0.0000000 1.0000000 0.0000000
vn 0.0000000 -1.0000000 0.0000000
vn 0.0000000 -1.0000000 0.0000000
vn 0.0000000 -1.0000000 0.0000000
vn 0.0000000 -1.0000000 0.0000000
usemtl BackdropStone
s 1
f 3/3/3 7/7/7 8/8/8
f 3/3/3 8/8/8 4/4/4
f 2/2/2 10/10/10 6/6/6
f 7/7/7 11/11/11 12/12/12
f 7/7/7 12/12/12 8/8/8
f 2/2/2 14/14/14 10/10/10
f 11/11/11 15/15/15 16/16/16
f 11/11/11 16/16/16 12/12/12
f 2/2/2 18/18/18 14/14/14
f 15/15/15 19/19/19 20/20/20
f 15/15/15 20/20/20 16/16/16
f 2/2/2 22/22/22 18/18/18
f 19/19/19 23/23/23 24/24/24
f 19/19/19 24/24/24 20/20/20
f 2/2/2 26/26/26 22/22/22
f 23/23/23 27/27/27 28/28/28
f 23/23/23 28/28/28 24/24/24
f 2/2/2 30/30/30 26/26/26
f 27/27/27 31/31/31 32/32/32
f 27/27/27 32/32/32 28/28/28
f 2/2/2 34/34/34 30/30/30
f 31/31/31 35/35/35 36/36/36
f 31/31/31 36/36/36 32/32/32
f 2/2/2 38/38/38 34/34/34
f 35/35/35 39/39/39 40/40/40
f 35/35/35 40/40/40 36/36/36
f 2/2/2 42/42/42 38/38/38
f 39/39/39 43/43/43 44/44/44
f 39/39/39 44/44/44 40/40/40
f 2/2/2 46/46/46 42/42/42
f 43/43/43 47/47/47 48/48/48
f 43/43/43 48/48/48 44/44/44
f 2/2/2 50/50/50 46/46/46
f 47/47/47 51/51/51 52/52/52
f 47/47/47 52/52/52 48/48/48
f 2/2/2 54/54/54 50/50/50
f 51/51/51 55/55/55 56/56/56
f 51/51/51 56/56/56 52/52/52
f 2/2/2 58/58/58 54/54/54
f 55/55/55 59/59/59 60/60/60
f 55/55/55 60/60/60 56/56/56
f 2/2/2 62/62/62 58/58/58
f 59/59/59 63/63/63 64/64/64
f 59/59/59 64/64/64 60/60/60
f 2/2/2 66/66/66 62/62/62
f 63/63/63 67/67/67 68/68/68
f 63/63/63 68/68/68 64/64/64
f 2/2/2 70/70/70 66/66/66
f 67/67/67 71/71/71 72/72/72
f 67/67/67 72/72/72 68/68/68
f 2/2/2 74/74/74 70/70/70
f 71/71/71 75/75/75 76/76/76
f 71/71/71 76/76/76 72/72/72
f 2/2/2 78/78/78 74/74/74
f 75/75/75 79/79/79 80/80/80
f 75/75/75 80/80/80 76/76/76
f 2/2/2 82/82/82 78/78/78
f 79/79/79 83/83/83 84/84/84
f 79/79/79 84/84/84 80/80/80
f 2/2/2 86/86/86 82/82/82
f 83/83/83 87/87/87 88/88/88
f 83/83/83 88/88/88 84/84/84
f 2/2/2 90/90/90 86/86/86
f 87/87/87 91/91/91 92/92/92
f 87/87/87 92/92/92 88/88/88
f 2/2/2 94/94/94 90/90/90
f 91/91/91 95/95/95 96/96/96
f 91/91/91 96/96/96 92/92/92
f 2/2/2 98/98/98 94/94/94
f 95/95/95 99/99/99 100/100/100
f 95/95/95 100/100/100 96/96/96
f 2/2/2 102/102/102 98/98/98
f 99/99/99 103/103/103 104/104/104
f 99/99/99 104/104/104 100/100/100
f 2/2/2 106/106/106 102/102/102
f 103/103/103 107/107/107 108/108/108
f 103/103/103 108/108/108 104/104/104
f 2/2/2 110/110/110 106/106/106
f 107/107/107 111/111/111 112/112/112
f 107/107/107 112/112/112 108/108/108
f 2/2/2 114/114/114 110/110/110
f 111/111/111 115/115/115 116/116/116
f 111/111/111 116/116/116 112/112/112
f 2/2/2 118/118/118 114/114/114
f 115/115/115 119/119/119 120/120/120
f 115/115/115 120/120/120 116/116/116
f 2/2/2 122/122/122 118/118/118
f 119/119/119 123/123/123 124/124/124
f 119/119/119 124/124/124 120/120/120
f 2/2/2 126/126/126 122/122/122
f 123/123/123 127/127/127 128/128/128
f 123/123/123 128/128/128 124/124/124
f 2/2/2 130/130/130 126/126/126
f 127/127/127 131/131/131 132/132/132
f 127/127/127 132/132/132 128/128/128
f 2/2/2 134/134/134 130/130/130
f 131/131/131 135/135/135 136/136/136
f 131/131/131 136/136/136 132/132/132
f 2/2/2 138/138/138 134/134/134
f 135/135/135 139/139/139 140/140/140
f 135/135/135 140/140/140 136/136/136
f 2/2/2 142/142/142 138/138/138
f 139/139/139 143/143/143 144/144/144
f 139/139/139 144/144/144 140/140/140
f 2/2/2 146/146/146 142/142/142
f 143/143/143 147/147/147 148/148/148
f 143/143/143 148/148/148 144/144/144
f 2/2/2 150/150/150 146/146/146
f 147/147/147 151/151/151 152/152/152
f 147/147/147 152/152/152 148/148/148
f 2/2/2 154/154/154 150/150/150
f 151/151/151 155/155/155 156/156/156
f 151/151/151 156/156/156 152/152/152
f 2/2/2 158/158/158 154/154/154
f 155/155/155 159/159/159 160/160/160
f 155/155/155 160/160/160 156/156/156
f 2/2/2 162/162/162 158/158/158
f 159/159/159 163/163/163 164/164/164
f 159/159/159 164/164/164 160/160/160
f 2/2/2 166/166/166 162/162/162
f 163/163/163 167/167/167 168/168/168
f 163/163/163 168/168/168 164/164/164
f 2/2/2 170/170/170 166/166/166
f 167/167/167 171/171/171 172/172/172
f 167/167/167 172/172/172 168/168/168
f 2/2/2 174/174/174 170/170/170
f 171/171/171 175/175/175 176/176/176
f 171/171/171 176/176/176 172/172/172
f 2/2/2 178/178/178 174/174/174
f 175/175/175 179/179/179 180/180/180
f 175/175/175 180/180/180 176/176/176
f 2/2/2 182/182/182 178/178/178
f 179/179/179 183/183/183 184/184/184
f 179/179/179 184/184/184 180/180/180
f 2/2/2 186/186/186 182/182/182
f 183/183/183 187/187/187 188/188/188
f 183/183/183 188/188/188 184/184/184
f 2/2/2 190/190/190 186/186/186
f 187/187/187 191/191/191 192/192/192
f 187/187/187 192/192/192 188/188/188
f 2/2/2 194/194/194 190/190/190
f 191/191/191 195/195/195 196/196/196
f 191/191/191 196/196/196 192/192/192
f 2/2/2 198/198/198 194/194/194
f 195/195/195 199/199/199 200/200/200
f 195/195/195 200/200/200 196/196/196
f 2/2/2 202/202/202 198/198/198
f 199/199/199 203/203/203 204/204/204
f 199/199/199 204/204/204 200/200/200
f 2/2/2 206/206/206 202/202/202
f 203/203/203 207/207/207 208/208/208
f 203/203/203 208/208/208 204/204/204
f 2/2/2 210/210/210 206/206/206
f 207/207/207 211/211/211 212/212/212
f 207/207/207 212/212/212 208/208/208
f 2/2/2 214/214/214 210/210/210
f 211/211/211 215/215/215 216/216/216
f 211/211/211 216/216/216 212/212/212
f 2/2/2 218/218/218 214/214/214
f 215/215/215 219/219/219 220/220/220
f 215/215/215 220/220/220 216/216/216
f 2/2/2 222/222/222 218/218/218
f 219/219/219 223/223/223 224/224/224
f 219/219/219 224/224/224 220/220/220
f 2/2/2 226/226/226 222/222/222
f 223/223/223 227/227/227 228/228/228
f 223/223/223 228/228/228 224/224/224
f 2/2/2 230/230/230 226/226/226
f 227/227/227 231/231/231 232/232/232
f 227/227/227 232/232/232 228/228/228
f 2/2/2 234/234/234 230/230/230
f 231/231/231 235/235/235 236/236/236
f 231/231/231 236/236/236 232/232/232
f 2/2/2 238/238/238 234/234/234
f 235/235/235 239/239/239 240/240/240
f 235/235/235 240/240/240 236/236/236
f 2/2/2 242/242/242 238/238/238
f 239/239/239 243/243/243 244/244/244
f 239/239/239 244/244/244 240/240/240
f 2/2/2 246/246/246 242/242/242
f 243/243/243 247/247/247 248/248/248
f 243/243/243 248/248/248 244/244/244
f 2/2/2 250/250/250 246/246/246
f 247/247/247 251/251/251 252/252/252
f 247/247/247 252/252/252 248/248/248
f 2/2/2 254/254/254 250/250/250
f 251/251/251 255/255/255 256/256/256
f 251/251/251 256/256/256 252/252/252
f 2/2/2 258/258/258 254/254/254
f 255/255/255 259/259/259 260/260/260
f 255/255/255 260/260/260 256/256/256
f 2/2/2 262/262/262 258/258/258
f 259/259/259 263/263/263 264/264/264
f 259/259/259 264/264/264 260/260/260
f 2/2/2 266/266/266 262/262/262
f 263/263/263 267/267/267 268/268/268
f 263/263/263 268/268/268 264/264/264
f 2/2/2 270/270/270 266/266/266
f 267/267/267 271/271/271 272/272/272
f 267/267/267 272/272/272 268/268/268
f 2/2/2 274/274/274 270/270/270
f 271/271/271 275/275/275 276/276/276
f 271/271/271 276/276/276 272/272/272
f 2/2/2 278/278/278 274/274/274
f 275/275/275 279/279/279 280/280/280
f 275/275/275 280/280/280 276/276/276
f 2/2/2 282/282/282 278/278/278
f 279/279/279 283/283/283 284/284/284
f 279/279/279 284/284/284 280/280/280
f 2/2/2 286/286/286 282/282/282
f 283/283/283 287/287/287 288/288/288
f 283/283/283 288/288/288 284/284/284
f 2/2/2 290/290/290 286/286/286
f 287/287/287 291/291/291 292/292/292
f 287/287/287 292/292/292 288/288/288
f 2/2/2 294/294/294 290/290/290
f 291/291/291 295/295/295 296/296/296
f 291/291/291 296/296/296 292/292/292
f 2/2/2 298/298/298 294/294/294
f 295/295/295 299/299/299 300/300/300
f 295/295/295 300/300/300 296/296/296
f 2/2/2 302/302/302 298/298/298
f 299/299/299 303/303/303 304/304/304
f 299/299/299 304/304/304 300/300/300
f 2/2/2 306/306/306 302/302/302
f 303/303/303 307/307/307 308/308/308
f 303/303/303 308/308/308 304/304/304
f 2/2/2 310/310/310 306/306/306
f 307/307/307 311/311/311 312/312/312
f 307/307/307 312/312/312 308/308/308
f 2/2/2 314/314/314 310/310/310
f 311/311/311 315/315/315 316/316/316
f 311/311/311 316/316/316 312/312/312
f 2/2/2 318/318/318 314/314/314
f 315/315/315 319/319/319 320/320/320
f 315/315/315 320/320/320 316/316/316
f 2/2/2 322/322/322 318/318/318
f 319/319/319 3/3/3 4/4/4
f 319/319/319 4/4/4 320/320/320
f 2/2/2 6/6/6 322/322/322
f 323/323/323 327/327/327 331/331/331
f 323/323/323 331/331/331 335/335/335
f 323/323/323 335/335/335 339/339/339
f 323/323/323 339/339/339 343/343/343
f 323/323/323 343/343/343 347/347/347
f 323/323/323 347/347/347 351/351/351
f 323/323/323 351/351/351 355/355/355
f 323/323/323 355/355/355 359/359/359
f 323/323/323 359/359/359 363/363/363
f 323/323/323 363/363/363 367/367/367
f 323/323/323 367/367/367 371/371/371
f 323/323/323 371/371/371 375/375/375
f 323/323/323 375/375/375 379/379/379
f 323/323/323 379/379/379 383/383/383
f 323/323/323 383/383/383 387/387/387
f 323/323/323 387/387/387 391/391/391
f 323/323/323 391/391/391 395/395/395
f 323/323/323 395/395/395 399/399/399
f 323/323/323 399/399/399 403/403/403
f 323/323/323 403/403/403 407/407/407
f 323/323/323 407/407/407 411/411/411
f 323/323/323 411/411/411 415/415/415
f 323/323/323 415/415/415 419/419/419
f 323/323/323 419/419/419 423/423/423
f 323/323/323 423/423/423 427/427/427
f 323/323/323 427/427/427 431/431/431
f 323/323/323 431/431/431 435/435/435
f 323/323/323 435/435/435 439/439/439
f 323/323/323 439/439/439 443/443/443
f 323/323/323 443/443/443 447/447/447
f 323/323/323 447/447/447 451/451/451
f 323/323/323 451/451/451 455/455/455
f 323/323/323 455/455/455 459/459/459
f 323/323/323 459/459/459 463/463/463
f 323/323/323 463/463/463 467/467/467
f 323/323/323 467/467/467 471/471/471
f 323/323/323 471/471/471 475/475/475
f 323/323/323 475/475/475 479/479/479
f 323/323/323 479/479/479 483/483/483
f 323/323/323 483/483/483 487/487/487
f 323/323/323 487/487/487 491/491/491
f 323/323/323 491/491/491 495/495/495
f 323/323/323 495/495/495 499/499/499
f 323/323/323 499/499/499 503/503/503
f 323/323/323 503/503/503 507/507/507
f 323/323/323 507/507/507 511/511/511
f 323/323/323 511/511/511 515/515/515
f 323/323/323 515/515/515 519/519/519
f 323/323/323 519/519/519 523/523/523
f 323/323/323 523/523/523 527/527/527
f 323/323/323 527/527/527 531/531/531
f 323/323/323 531/531/531 535/535/535
f 323/323/323 535/535/535 539/539/539
f 323/323/323 539/539/539 543/543/543
f 323/323/323 543/543/543 547/547/547
f 323/323/323 547/547/547 551/551/551
f 323/323/323 551/551/551 555/555/555
f 323/323/323 555/555/555 559/559/559
f 323/323/323 559/559/559 563/563/563
f 323/323/323 563/563/563 567/567/567
f 323/323/323 567/567/567 571/571/571
f 323/323/323 571/571/571 575/575/575
f 323/323/323 575/575/575 579/579/579
f 323/323/323 579/579/579 583/583/583
f 323/323/323 583/583/583 587/587/587
f 323/323/323 587/587/587 591/591/591
f 323/323/323 591/591/591 595/595/595
f 323/323/323 595/595/595 599/599/599
f 323/323/323 599/599/599 603/603/603
f 323/323/323 603/603/603 607/607/607
f 323/323/323 607/607/607 611/611/611
f 323/323/323 611/611/611 327/327/327
f 615/615/615 619/619/619 620/620/620
f 615/615/615 620/620/620 616/616/616
f 614/614/614 622/622/622 618/618/618
f 619/619/619 623/623/623 624/624/624
f 619/619/619 624/624/624 620/620/620
f 614/614/614 626/626/626 622/622/622
f 623/623/623 627/627/627 628/628/628
f 623/623/623 628/628/628 624/624/624
f 614/614/614 630/630/630 626/626/626
f 627/627/627 631/631/631 632/632/632
f 627/627/627 632/632/632 628/628/628
f 614/614/614 634/634/634 630/630/630
f 631/631/631 635/635/635 636/636/636
f 631/631/631 636/636/636 632/632/632
f 614/614/614 638/638/638 634/634/634
f 635/635/635 639/639/639 640/640/640
f 635/635/635 640/640/640 636/636/636
f 614/614/614 642/642/642 638/638/638
f 639/639/639 643/643/643 644/644/644
f 639/639/639 644/644/644 640/640/640
f 614/614/614 646/646/646 642/642/642
f 643/643/643 647/647/647 648/648/648
f 643/643/643 648/648/648 644/644/644
f 614/614/614 650/650/650 646/646/646
f 647/647/647 651/651/651 652/652/652
f 647/647/647 652/652/652 648/648/648
f 614/614/614 654/654/654 650/650/650
f 651/651/651 655/655/655 656/656/656
f 651/651/651 656/656/656 652/652/652
f 614/614/614 658/658/658 654/654/654
f 655/655/655 659/659/659 660/660/660
f 655/655/655 660/660/660 656/656/656
f 614/614/614 662/662/662 658/658/658
f 659/659/659 663/663/663 664/664/664
f 659/659/659 664/664/664 660/660/660
f 614/614/614 666/666/666 662/662/662
f 663/663/663 667/667/667 668/668/668
f 663/663/663 668/668/668 664/664/664
f 614/614/614 670/670/670 666/666/666
f 667/667/667 671/671/671 672/672/672
f 667/667/667 672/672/672 668/668/668
f 614/614/614 674/674/674 670/670/670
f 671/671/671 675/675/675 676/676/676
f 671/671/671 676/676/676 672/672/672
f 614/614/614 678/678/678 674/674/674
f 675/675/675 679/679/679 680/680/680
f 675/675/675 680/680/680 676/676/676
f 614/614/614 682/682/682 678/678/678
f 679/679/679 683/683/683 684/684/684
f 679/679/679 684/684/684 680/680/680
f 614/614/614 686/686/686 682/682/682
f 683/683/683 687/687/687 688/688/688
f 683/683/683 688/688/688 684/684/684
f 614/614/614 690/690/690 686/686/686
f 687/687/687 691/691/691 692/692/692
f 687/687/687 692/692/692 688/688/688
f 614/614/614 694/694/694 690/690/690
f 691/691/691 695/695/695 696/696/696
f 691/691/691 696/696/696 692/692/692
f 614/614/614 698/698/698 694/694/694
f 695/695/695 699/699/699 700/700/700
f 695/695/695 700/700/700 696/696/696
f 614/614/614 702/702/702 698/698/698
f 699/699/699 703/703/703 704/704/704
f 699/699/699 704/704/704 700/700/700
f 614/614/614 706/706/706 702/702/702
f 703/703/703 707/707/707 708/708/708
f 703/703/703 708/708/708 704/704/704
f 614/614/614 710/710/710 706/706/706
f 707/707/707 711/711/711 712/712/712
f 707/707/707 712/712/712 708/708/708
f 614/614/614 714/714/714 710/710/710
f 711/711/711 715/715/715 716/716/716
f 711/711/711 716/716/716 712/712/712
f 614/614/614 718/718/718 714/714/714
f 715/715/715 719/719/719 720/720/720
f 715/715/715 720/720/720 716/716/716
f 614/614/614 722/722/722 718/718/718
f 719/719/719 723/723/723 724/724/724
f 719/719/719 724/724/724 720/720/720
f 614/614/614 726/726/726 722/722/722
f 723/723/723 727/727/727 728/728/728
f 723/723/723 728/728/728 724/724/724
f 614/614/614 730/730/730 726/726/726
f 727/727/727 731/731/731 732/732/732
f 727/727/727 732/732/732 728/728/728
f 614/614/614 734/734/734 730/730/730
f 731/731/731 735/735/735 736/736/736
f 731/731/731 736/736/736 732/732/732
f 614/614/614 738/738/738 734/734/734
f 735/735/735 739/739/739 740/740/740
f 735/735/735 740/740/740 736/736/736
f 614/614/614 742/742/742 738/738/738
f 739/739/739 743/743/743 744/744/744
f 739/739/739 744/744/744 740/740/740
f 614/614/614 746/746/746 742/742/742
f 743/743/743 747/747/747 748/748/748
f 743/743/743 748/748/748 744/744/744
f 614/614/614 750/750/750 746/746/746
f 747/747/747 751/751/751 752/752/752
f 747/747/747 752/752/752 748/748/748
f 614/614/614 754/754/754 750/750/750
f 751/751/751 755/755/755 756/756/756
f 751/751/751 756/756/756 752/752/752
f 614/614/614 758/758/758 754/754/754
f 755/755/755 759/759/759 760/760/760
f 755/755/755 760/760/760 756/756/756
f 614/614/614 762/762/762 758/758/758
f 759/759/759 763/763/763 764/764/764
f 759/759/759 764/764/764 760/760/760
f 614/614/614 766/766/766 762/762/762
f 763/763/763 767/767/767 768/768/768
f 763/763/763 768/768/768 764/764/764
f 614/614/614 770/770/770 766/766/766
f 767/767/767 771/771/771 772/772/772
f 767/767/767 772/772/772 768/768/768
f 614/614/614 774/774/774 770/770/770
f 771/771/771 775/775/775 776/776/776
f 771/771/771 776/776/776 772/772/772
f 614/614/614 778/778/778 774/774/774
f 775/775/775 779/779/779 780/780/780
f 775/775/775 780/780/780 776/776/776
f 614/614/614 782/782/782 778/778/778
f 779/779/779 783/783/783 784/784/784
f 779/779/779 784/784/784 780/780/780
f 614/614/614 786/786/786 782/782/782
f 783/783/783 787/787/787 788/788/788
f 783/783/783 788/788/788 784/784/784
f 614/614/614 790/790/790 786/786/786
f 787/787/787 791/791/791 792/792/792
f 787/787/787 792/792/792 788/788/788
f 614/614/614 794/794/794 790/790/790
f 791/791/791 795/795/795 796/796/796
f 791/791/791 796/796/796 792/792/792
f 614/614/614 798/798/798 794/794/794
f 795/795/795 799/799/799 800/800/800
f 795/795/795 800/800/800 796/796/796
f 614/614/614 802/802/802 798/798/798
f 799/799/799 803/803/803 804/804/804
f 799/799/799 804/804/804 800/800/800
f 614/614/614 806/806/806 802/802/802
f 803/803/803 807/807/807 808/808/808
f 803/803/803 808/808/808 804/804/804
f 614/614/614 810/810/810 806/806/806
f 807/807/807 811/811/811 812/812/812
f 807/807/807 812/812/812 808/808/808
f 614/614/614 814/814/814 810/810/810
f 811/811/811 815/815/815 816/816/816
f 811/811/811 816/816/816 812/812/812
f 614/614/614 818/818/818 814/814/814
f 815/815/815 819/819/819 820/820/820
f 815/815/815 820/820/820 816/816/816
f 614/614/614 822/822/822 818/818/818
f 819/819/819 823/823/823 824/824/824
f 819/819/819 824/824/824 820/820/820
f 614/614/614 826/826/826 822/822/822
f 823/823/823 827/827/827 828/828/828
f 823/823/823 828/828/828 824/824/824
f 614/614/614 830/830/830 826/826/826
f 827/827/827 831/831/831 832/832/832
f 827/827/827 832/832/832 828/828/828
f 614/614/614 834/834/834 830/830/830
f 831/831/831 835/835/835 836/836/836
f 831/831/831 836/836/836 832/832/832
f 614/614/614 838/838/838 834/834/834
f 835/835/835 839/839/839 840/840/840
f 835/835/835 840/840/840 836/836/836
f 614/614/614 842/842/842 838/838/838
f 839/839/839 843/843/843 844/844/844
f 839/839/839 844/844/844 840/840/840
f 614/614/614 846/846/846 842/842/842
f 843/843/843 847/847/847 848/848/848
f 843/843/843 848/848/848 844/844/844
f 614/614/614 850/850/850 846/846/846
f 847/847/847 851/851/851 852/852/852
f 847/847/847 852/852/852 848/848/848
f 614/614/614 854/854/854 850/850/850
f 851/851/851 855/855/855 856/856/856
f 851/851/851 856/856/856 852/852/852
f 614/614/614 858/858/858 854/854/854
f 855/855/855 859/859/859 860/860/860
f 855/855/855 860/860/860 856/856/856
f 614/614/614 862/862/862 858/858/858
f 859/859/859 863/863/863 864/864/864
f 859/859/859 864/864/864 860/860/860
f 614/614/614 866/866/866 862/862/862
f 863/863/863 867/867/867 868/868/868
f 863/863/863 868/868/868 864/864/864
f 614/614/614 870/870/870 866/866/866
f 867/867/867 615/615/615 616/616/616
f 867/867/867 616/616/616 868/868/868
f 614/614/614 618/618/618 870/870/870
f 1959/1959/1959 1960/1960/1960 1961/1961/1961
f 1959/1959/1959 1961/1961/1961 1962/1962/1962
f 1963/1963/1963 1964/1964/1964 1965/1965/1965
f 1963/1963/1963 1965/1965/1965 1966/1966/1966
f 1967/1967/1967 1968/1968/1968 1969/1969/1969
f 1967/1967/1967 1969/1969/1969 1970/1970/1970
f 1971/1971/1971 1972/1972/1972 1973/1973/1973
f 1971/1971/1971 1973/1973/1973 1974/1974/1974
f 1975/1975/1975 1976/1976/1976 1977/1977/1977
f 1975/1975/1975 1977/1977/1977 1978/1978/1978
f 1979/1979/1979 1980/1980/1980 1981/1981/1981
f 1979/1979/1979 1981/1981/1981 1982/1982/1982
f 2007/2007/2007 2008/2008/2008 2009/2009/2009
f 2007/2007/2007 2009/2009/2009 2010/2010/2010
f 2011/2011/2011 2012/2012/2012 2013/2013/2013
f 2011/2011/2011 2013/2013/2013 2014/2014/2014
f 2015/2015/2015 2016/2016/2016 2017/2017/2017
f 2015/2015/2015 2017/2017/2017 2018/2018/2018
f 2019/2019/2019 2020/2020/2020 2021/2021/2021
f 2019/2019/2019 2021/2021/2021 2022/2022/2022
f 2023/2023/2023 2024/2024/2024 2025/2025/2025
f 2023/2023/2023 2025/2025/2025 2026/2026/2026
f 2027/2027/2027 2028/2028/2028 2029/2029/2029
f 2027/2027/2027 2029/2029/2029 2030/2030/2030
f 2055/2055/2055 2056/2056/2056 2057/2057/2057
f 2055/2055/2055 2057/2057/2057 2058/2058/2058
f 2059/2059/2059 2060/2060/2060 2061/2061/2061
f 2059/2059/2059 2061/2061/2061 2062/2062/2062
f 2063/2063/2063 2064/2064/2064 2065/2065/2065
f 2063/2063/2063 2065/2065/2065 2066/2066/2066
f 2067/2067/2067 2068/2068/2068 2069/2069/2069
f 2067/2067/2067 2069/2069/2069 2070/2070/2070
f 2071/2071/2071 2072/2072/2072 2073/2073/2073
f 2071/2071/2071 2073/2073/2073 2074/2074/2074
f 2075/2075/2075 2076/2076/2076 2077/2077/2077
f 2075/2075/2075 2077/2077/2077 2078/2078/2078
f 2103/2103/2103 2104/2104/2104 2105/2105/2105
f 2103/2103/2103 2105/2105/2105 2106/2106/2106
f 2107/2107/2107 2108/2108/2108 2109/2109/2109
f 2107/2107/2107 2109/2109/2109 2110/2110/2110
f 2111/2111/2111 2112/2112/2112 2113/2113/2113
f 2111/2111/2111 2113/2113/2113 2114/2114/2114
f 2115/2115/2115 2116/2116/2116 2117/2117/2117
f 2115/2115/2115 2117/2117/2117 2118/2118/2118
f 2119/2119/2119 2120/2120/2120 2121/2121/2121
f 2119/2119/2119 2121/2121/2121 2122/2122/2122
f 2123/2123/2123 2124/2124/2124 2125/2125/2125
f 2123/2123/2123 2125/2125/2125 2126/2126/2126
f 2151/2151/2151 2152/2152/2152 2153/2153/2153
f 2151/2151/2151 2153/2153/2153 2154/2154/2154
f 2155/2155/2155 2156/2156/2156 2157/2157/2157
f 2155/2155/2155 2157/2157/2157 2158/2158/2158
f 2159/2159/2159 2160/2160/2160 2161/2161/2161
f 2159/2159/2159 2161/2161/2161 2162/2162/2162
f 2163/2163/2163 2164/2164/2164 2165/2165/2165
f 2163/2163/2163 2165/2165/2165 2166/2166/2166
f 2167/2167/2167 2168/2168/2168 2169/2169/2169
f 2167/2167/2167 2169/2169/2169 2170/2170/2170
f 2171/2171/2171 2172/2172/2172 2173/2173/2173
f 2171/2171/2171 2173/2173/2173 2174/2174/2174
f 2199/2199/2199 2200/2200/2200 2201/2201/2201
f 2199/2199/2199 2201/2201/2201 2202/2202/2202
f 2203/2203/2203 2204/2204/2204 2205/2205/2205
f 2203/2203/2203 2205/2205/2205 2206/2206/2206
f 2207/2207/2207 2208/2208/2208 2209/2209/2209
f 2207/2207/2207 2209/2209/2209 2210/2210/2210
f 2211/2211/2211 2212/2212/2212 2213/2213/2213
f 2211/2211/2211 2213/2213/2213 2214/2214/2214
f 2215/2215/2215 2216/2216/2216 2217/2217/2217
f 2215/2215/2215 2217/2217/2217 2218/2218/2218
f 2219/2219/2219 2220/2220/2220 2221/2221/2221
f 2219/2219/2219 2221/2221/2221 2222/2222/2222
f 2247/2247/2247 2248/2248/2248 2249/2249/2249
f 2247/2247/2247 2249/2249/2249 2250/2250/2250
f 2251/2251/2251 2252/2252/2252 2253/2253/2253
f 2251/2251/2251 2253/2253/2253 2254/2254/2254
f 2255/2255/2255 2256/2256/2256 2257/2257/2257
f 2255/2255/2255 2257/2257/2257 2258/2258/2258
f 2259/2259/2259 2260/2260/2260 2261/2261/2261
f 2259/2259/2259 2261/2261/2261 2262/2262/2262
f 2263/2263/2263 2264/2264/2264 2265/2265/2265
f 2263/2263/2263 2265/2265/2265 2266/2266/2266
f 2267/2267/2267 2268/2268/2268 2269/2269/2269
f 2267/2267/2267 2269/2269/2269 2270/2270/2270
f 2295/2295/2295 2296/2296/2296 2297/2297/2297
f 2295/2295/2295 2297/2297/2297 2298/2298/2298
f 2299/2299/2299 2300/2300/2300 2301/2301/2301
f 2299/2299/2299 2301/2301/2301 2302/2302/2302
f 2303/2303/2303 2304/2304/2304 2305/2305/2305
f 2303/2303/2303 2305/2305/2305 2306/2306/2306
f 2307/2307/2307 2308/2308/2308 2309/2309/2309
f 2307/2307/2307 2309/2309/2309 2310/2310/2310
f 2311/2311/2311 2312/2312/2312 2313/2313/2313
f 2311/2311/2311 2313/2313/2313 2314/2314/2314
f 2315/2315/2315 2316/2316/2316 2317/2317/2317
f 2315/2315/2315 2317/2317/2317 2318/2318/2318
f 2343/2343/2343 2344/2344/2344 2345/2345/2345
f 2343/2343/2343 2345/2345/2345 2346/2346/2346
f 2347/2347/2347 2348/2348/2348 2349/2349/2349
f 2347/2347/2347 2349/2349/2349 2350/2350/2350
f 2351/2351/2351 2352/2352/2352 2353/2353/2353
f 2351/2351/2351 2353/2353/2353 2354/2354/2354
f 2355/2355/2355 2356/2356/2356 2357/2357/2357
f 2355/2355/2355 2357/2357/2357 2358/2358/2358
f 2359/2359/2359 2360/2360/2360 2361/2361/2361
f 2359/2359/2359 2361/2361/2361 2362/2362/2362
f 2363/2363/2363 2364/2364/2364 2365/2365/2365
f 2363/2363/2363 2365/2365/2365 2366/2366/2366
f 2391/2391/2391 2392/2392/2392 2393/2393/2393
f 2391/2391/2391 2393/2393/2393 2394/2394/2394
f 2395/2395/2395 2396/2396/2396 2397/2397/2397
f 2395/2395/2395 2397/2397/2397 2398/2398/2398
f 2399/2399/2399 2400/2400/2400 2401/2401/2401
f 2399/2399/2399 2401/2401/2401 2402/2402/2402
f 2403/2403/2403 2404/2404/2404 2405/2405/2405
f 2403/2403/2403 2405/2405/2405 2406/2406/2406
f 2407/2407/2407 2408/2408/2408 2409/2409/2409
f 2407/2407/2407 2409/2409/2409 2410/2410/2410
f 2411/2411/2411 2412/2412/2412 2413/2413/2413
f 2411/2411/2411 2413/2413/2413 2414/2414/2414
f 2439/2439/2439 2440/2440/2440 2441/2441/2441
f 2439/2439/2439 2441/2441/2441 2442/2442/2442
f 2443/2443/2443 2444/2444/2444 2445/2445/2445
f 2443/2443/2443 2445/2445/2445 2446/2446/2446
f 2447/2447/2447 2448/2448/2448 2449/2449/2449
f 2447/2447/2447 2449/2449/2449 2450/2450/2450
f 2451/2451/2451 2452/2452/2452 2453/2453/2453
f 2451/2451/2451 2453/2453/2453 2454/2454/2454
f 2455/2455/2455 2456/2456/2456 2457/2457/2457
f 2455/2455/2455 2457/2457/2457 2458/2458/2458
f 2459/2459/2459 2460/2460/2460 2461/2461/2461
f 2459/2459/2459 2461/2461/2461 2462/2462/2462
f 2651/2651/2651 2652/2652/2652 2653/2653/2653
f 2651/2651/2651 2653/2653/2653 2654/2654/2654
f 2655/2655/2655 2656/2656/2656 2657/2657/2657
f 2655/2655/2655 2657/2657/2657 2658/2658/2658
f 2659/2659/2659 2660/2660/2660 2661/2661/2661
f 2659/2659/2659 2661/2661/2661 2662/2662/2662
f 2663/2663/2663 2664/2664/2664 2665/2665/2665
f 2663/2663/2663 2665/2665/2665 2666/2666/2666
f 2667/2667/2667 2668/2668/2668 2669/2669/2669
f 2667/2667/2667 2669/2669/2669 2670/2670/2670
f 2671/2671/2671 2672/2672/2672 2673/2673/2673
f 2671/2671/2671 2673/2673/2673 2674/2674/2674
f 2747/2747/2747 2748/2748/2748 2749/2749/2749
f 2747/2747/2747 2749/2749/2749 2750/2750/2750
f 2751/2751/2751 2752/2752/2752 2753/2753/2753
f 2751/2751/2751 2753/2753/2753 2754/2754/2754
f 2755/2755/2755 2756/2756/2756 2757/2757/2757
f 2755/2755/2755 2757/2757/2757 2758/2758/2758
f 2759/2759/2759 2760/2760/2760 2761/2761/2761
f 2759/2759/2759 2761/2761/2761 2762/2762/2762
f 2763/2763/2763 2764/2764/2764 2765/2765/2765
f 2763/2763/2763 2765/2765/2765 2766/2766/2766
f 2767/2767/2767 2768/2768/2768 2769/2769/2769
f 2767/2767/2767 2769/2769/2769 2770/2770/2770
f 2819/2819/2819 2820/2820/2820 2821/2821/2821
f 2819/2819/2819 2821/2821/2821 2822/2822/2822
f 2823/2823/2823 2824/2824/2824 2825/2825/2825
f 2823/2823/2823 2825/2825/2825 2826/2826/2826
f 2827/2827/2827 2828/2828/2828 2829/2829/2829
f 2827/2827/2827 2829/2829/2829 2830/2830/2830
f 2831/2831/2831 2832/2832/2832 2833/2833/2833
f 2831/2831/2831 2833/2833/2833 2834/2834/2834
f 2835/2835/2835 2836/2836/2836 2837/2837/2837
f 2835/2835/2835 2837/2837/2837 2838/2838/2838
f 2839/2839/2839 2840/2840/2840 2841/2841/2841
f 2839/2839/2839 2841/2841/2841 2842/2842/2842
f 2891/2891/2891 2892/2892/2892 2893/2893/2893
f 2891/2891/2891 2893/2893/2893 2894/2894/2894
f 2895/2895/2895 2896/2896/2896 2897/2897/2897
f 2895/2895/2895 2897/2897/2897 2898/2898/2898
f 2899/2899/2899 2900/2900/2900 2901/2901/2901
f 2899/2899/2899 2901/2901/2901 2902/2902/2902
f 2903/2903/2903 2904/2904/2904 2905/2905/2905
f 2903/2903/2903 2905/2905/2905 2906/2906/2906
f 2907/2907/2907 2908/2908/2908 2909/2909/2909
f 2907/2907/2907 2909/2909/2909 2910/2910/2910
f 2911/2911/2911 2912/2912/2912 2913/2913/2913
f 2911/2911/2911 2913/2913/2913 2914/2914/2914
f 2987/2987/2987 2988/2988/2988 2989/2989/2989
f 2987/2987/2987 2989/2989/2989 2990/2990/2990
f 2991/2991/2991 2992/2992/2992 2993/2993/2993
f 2991/2991/2991 2993/2993/2993 2994/2994/2994
f 2995/2995/2995 2996/2996/2996 2997/2997/2997
f 2995/2995/2995 2997/2997/2997 2998/2998/2998
f 2999/2999/2999 3000/3000/3000 3001/3001/3001
f 2999/2999/2999 3001/3001/3001 3002/3002/3002
f 3003/3003/3003 3004/3004/3004 3005/3005/3005
f 3003/3003/3003 3005/3005/3005 3006/3006/3006
f 3007/3007/3007 3008/3008/3008 3009/3009/3009
f 3007/3007/3007 3009/3009/3009 3010/3010/3010
f 3059/3059/3059 3060/3060/3060 3061/3061/3061
f 3059/3059/3059 3061/3061/3061 3062/3062/3062
f 3063/3063/3063 3064/3064/3064 3065/3065/3065
f 3063/3063/3063 3065/3065/3065 3066/3066/3066
f 3067/3067/3067 3068/3068/3068 3069/3069/3069
f 3067/3067/3067 3069/3069/3069 3070/3070/3070
f 3071/3071/3071 3072/3072/3072 3073/3073/3073
f 3071/3071/3071 3073/3073/3073 3074/3074/3074
f 3075/3075/3075 3076/3076/3076 3077/3077/3077
f 3075/3075/3075 3077/3077/3077 3078/3078/3078
f 3079/3079/3079 3080/3080/3080 3081/3081/3081
f 3079/3079/3079 3081/3081/3081 3082/3082/3082
f 3131/3131/3131 3132/3132/3132 3133/3133/3133
f 3131/3131/3131 3133/3133/3133 3134/3134/3134
f 3135/3135/3135 3136/3136/3136 3137/3137/3137
f 3135/3135/3135 3137/3137/3137 3138/3138/3138
f 3139/3139/3139 3140/3140/3140 3141/3141/3141
f 3139/3139/3139 3141/3141/3141 3142/3142/3142
f 3143/3143/3143 3144/3144/3144 3145/3145/3145
f 3143/3143/3143 3145/3145/3145 3146/3146/3146
f 3147/3147/3147 3148/3148/3148 3149/3149/3149
f 3147/3147/3147 3149/3149/3149 3150/3150/3150
f 3151/3151/3151 3152/3152/3152 3153/3153/3153
f 3151/3151/3151 3153/3153/3153 3154/3154/3154
f 3227/3227/3227 3228/3228/3228 3229/3229/3229
f 3227/3227/3227 3229/3229/3229 3230/3230/3230
f 3231/3231/3231 3232/3232/3232 3233/3233/3233
f 3231/3231/3231 3233/3233/3233 3234/3234/3234
f 3235/3235/3235 3236/3236/3236 3237/3237/3237
f 3235/3235/3235 3237/3237/3237 3238/3238/3238
f 3239/3239/3239 3240/3240/3240 3241/3241/3241
f 3239/3239/3239 3241/3241/3241 3242/3242/3242
f 3243/3243/3243 3244/3244/3244 3245/3245/3245
f 3243/3243/3243 3245/3245/3245 3246/3246/3246
f 3247/3247/3247 3248/3248/3248 3249/3249/3249
f 3247/3247/3247 3249/3249/3249 3250/3250/3250
f 3299/3299/3299 3300/3300/3300 3301/3301/3301
f 3299/3299/3299 3301/3301/3301 3302/3302/3302
f 3303/3303/3303 3304/3304/3304 3305/3305/3305
f 3303/3303/3303 3305/3305/3305 3306/3306/3306
f 3307/3307/3307 3308/3308/3308 3309/3309/3309
f 3307/3307/3307 3309/3309/3309 3310/3310/3310
f 3311/3311/3311 3312/3312/3312 3313/3313/3313
f 3311/3311/3311 3313/3313/3313 3314/3314/3314
f 3315/3315/3315 3316/3316/3316 3317/3317/3317
f 3315/3315/3315 3317/3317/3317 3318/3318/3318
f 3319/3319/3319 3320/3320/3320 3321/3321/3321
f 3319/3319/3319 3321/3321/3321 3322/3322/3322
f 3371/3371/3371 3372/3372/3372 3373/3373/3373
f 3371/3371/3371 3373/3373/3373 3374/3374/3374
f 3375/3375/3375 3376/3376/3376 3377/3377/3377
f 3375/3375/3375 3377/3377/3377 3378/3378/3378
f 3379/3379/3379 3380/3380/3380 3381/3381/3381
f 3379/3379/3379 3381/3381/3381 3382/3382/3382
f 3383/3383/3383 3384/3384/3384 3385/3385/3385
f 3383/3383/3383 3385/3385/3385 3386/3386/3386
f 3387/3387/3387 3388/3388/3388 3389/3389/3389
f 3387/3387/3387 3389/3389/3389 3390/3390/3390
f 3391/3391/3391 3392/3392/3392 3393/3393/3393
f 3391/3391/3391 3393/3393/3393 3394/3394/3394
f 3467/3467/3467 3468/3468/3468 3469/3469/3469
f 3467/3467/3467 3469/3469/3469 3470/3470/3470
f 3471/3471/3471 3472/3472/3472 3473/3473/3473
f 3471/3471/3471 3473/3473/3473 3474/3474/3474
f 3475/3475/3475 3476/3476/3476 3477/3477/3477
f 3475/3475/3475 3477/3477/3477 3478/3478/3478
f 3479/3479/3479 3480/3480/3480 3481/3481/3481
f 3479/3479/3479 3481/3481/3481 3482/3482/3482
f 3483/3483/3483 3484/3484/3484 3485/3485/3485
f 3483/3483/3483 3485/3485/3485 3486/3486/3486
f 3487/3487/3487 3488/3488/3488 3489/3489/3489
f 3487/3487/3487 3489/3489/3489 3490/3490/3490
f 3539/3539/3539 3540/3540/3540 3541/3541/3541
f 3539/3539/3539 3541/3541/3541 3542/3542/3542
f 3543/3543/3543 3544/3544/3544 3545/3545/3545
f 3543/3543/3543 3545/3545/3545 3546/3546/3546
f 3547/3547/3547 3548/3548/3548 3549/3549/3549
f 3547/3547/3547 3549/3549/3549 3550/3550/3550
f 3551/3551/3551 3552/3552/3552 3553/3553/3553
f 3551/3551/3551 3553/3553/3553 3554/3554/3554
f 3555/3555/3555 3556/3556/3556 3557/3557/3557
f 3555/3555/3555 3557/3557/3557 3558/3558/3558
f 3559/3559/3559 3560/3560/3560 3561/3561/3561
f 3559/3559/3559 3561/3561/3561 3562/3562/3562
usemtl BackdropStoneLight
s 1
f 1/1/1 5/5/5 9/9/9
f 1/1/1 9/9/9 13/13/13
f 1/1/1 13/13/13 17/17/17
f 1/1/1 17/17/17 21/21/21
f 1/1/1 21/21/21 25/25/25
f 1/1/1 25/25/25 29/29/29
f 1/1/1 29/29/29 33/33/33
f 1/1/1 33/33/33 37/37/37
f 1/1/1 37/37/37 41/41/41
f 1/1/1 41/41/41 45/45/45
f 1/1/1 45/45/45 49/49/49
f 1/1/1 49/49/49 53/53/53
f 1/1/1 53/53/53 57/57/57
f 1/1/1 57/57/57 61/61/61
f 1/1/1 61/61/61 65/65/65
f 1/1/1 65/65/65 69/69/69
f 1/1/1 69/69/69 73/73/73
f 1/1/1 73/73/73 77/77/77
f 1/1/1 77/77/77 81/81/81
f 1/1/1 81/81/81 85/85/85
f 1/1/1 85/85/85 89/89/89
f 1/1/1 89/89/89 93/93/93
f 1/1/1 93/93/93 97/97/97
f 1/1/1 97/97/97 101/101/101
f 1/1/1 101/101/101 105/105/105
f 1/1/1 105/105/105 109/109/109
f 1/1/1 109/109/109 113/113/113
f 1/1/1 113/113/113 117/117/117
f 1/1/1 117/117/117 121/121/121
f 1/1/1 121/121/121 125/125/125
f 1/1/1 125/125/125 129/129/129
f 1/1/1 129/129/129 133/133/133
f 1/1/1 133/133/133 137/137/137
f 1/1/1 137/137/137 141/141/141
f 1/1/1 141/141/141 145/145/145
f 1/1/1 145/145/145 149/149/149
f 1/1/1 149/149/149 153/153/153
f 1/1/1 153/153/153 157/157/157
f 1/1/1 157/157/157 161/161/161
f 1/1/1 161/161/161 165/165/165
f 1/1/1 165/165/165 169/169/169
f 1/1/1 169/169/169 173/173/173
f 1/1/1 173/173/173 177/177/177
f 1/1/1 177/177/177 181/181/181
f 1/1/1 181/181/181 185/185/185
f 1/1/1 185/185/185 189/189/189
f 1/1/1 189/189/189 193/193/193
f 1/1/1 193/193/193 197/197/197
f 1/1/1 197/197/197 201/201/201
f 1/1/1 201/201/201 205/205/205
f 1/1/1 205/205/205 209/209/209
f 1/1/1 209/209/209 213/213/213
f 1/1/1 213/213/213 217/217/217
f 1/1/1 217/217/217 221/221/221
f 1/1/1 221/221/221 225/225/225
f 1/1/1 225/225/225 229/229/229
f 1/1/1 229/229/229 233/233/233
f 1/1/1 233/233/233 237/237/237
f 1/1/1 237/237/237 241/241/241
f 1/1/1 241/241/241 245/245/245
f 1/1/1 245/245/245 249/249/249
f 1/1/1 249/249/249 253/253/253
f 1/1/1 253/253/253 257/257/257
f 1/1/1 257/257/257 261/261/261
f 1/1/1 261/261/261 265/265/265
f 1/1/1 265/265/265 269/269/269
f 1/1/1 269/269/269 273/273/273
f 1/1/1 273/273/273 277/277/277
f 1/1/1 277/277/277 281/281/281
f 1/1/1 281/281/281 285/285/285
f 1/1/1 285/285/285 289/289/289
f 1/1/1 289/289/289 293/293/293
f 1/1/1 293/293/293 297/297/297
f 1/1/1 297/297/297 301/301/301
f 1/1/1 301/301/301 305/305/305
f 1/1/1 305/305/305 309/309/309
f 1/1/1 309/309/309 313/313/313
f 1/1/1 313/313/313 317/317/317
f 1/1/1 317/317/317 321/321/321
f 1/1/1 321/321/321 5/5/5
f 1389/1389/1389 1393/1393/1393 1394/1394/1394
f 1389/1389/1389 1394/1394/1394 1390/1390/1390
f 1387/1387/1387 1391/1391/1391 1395/1395/1395
f 1388/1388/1388 1396/1396/1396 1392/1392/1392
f 1393/1393/1393 1397/1397/1397 1398/1398/1398
f 1393/1393/1393 1398/1398/1398 1394/1394/1394
f 1387/1387/1387 1395/1395/1395 1399/1399/1399
f 1388/1388/1388 1400/1400/1400 1396/1396/1396
f 1397/1397/1397 1401/1401/1401 1402/1402/1402
f 1397/1397/1397 1402/1402/1402 1398/1398/1398
f 1387/1387/1387 1399/1399/1399 1403/1403/1403
f 1388/1388/1388 1404/1404/1404 1400/1400/1400
f 1401/1401/1401 1405/1405/1405 1406/1406/1406
f 1401/1401/1401 1406/1406/1406 1402/1402/1402
f 1387/1387/1387 1403/1403/1403 1407/1407/1407
f 1388/1388/1388 1408/1408/1408 1404/1404/1404
f 1405/1405/1405 1409/1409/1409 1410/1410/1410
f 1405/1405/1405 1410/1410/1410 1406/1406/1406
f 1387/1387/1387 1407/1407/1407 1411/1411/1411
f 1388/1388/1388 1412/1412/1412 1408/1408/1408
f 1409/1409/1409 1413/1413/1413 1414/1414/1414
f 1409/1409/1409 1414/1414/1414 1410/1410/1410
f 1387/1387/1387 1411/1411/1411 1415/1415/1415
f 1388/1388/1388 1416/1416/1416 1412/1412/1412
f 1413/1413/1413 1417/1417/1417 1418/1418/1418
f 1413/1413/1413 1418/1418/1418 1414/1414/1414
f 1387/1387/1387 1415/1415/1415 1419/1419/1419
f 1388/1388/1388 1420/1420/1420 1416/1416/1416
f 1417/1417/1417 1421/1421/1421 1422/1422/1422
f 1417/1417/1417 1422/1422/1422 1418/1418/1418
f 1387/1387/1387 1419/1419/1419 1423/1423/1423
f 1388/1388/1388 1424/1424/1424 1420/1420/1420
f 1421/1421/1421 1425/1425/1425 1426/1426/1426
f 1421/1421/1421 1426/1426/1426 1422/1422/1422
f 1387/1387/1387 1423/1423/1423 1427/1427/1427
f 1388/1388/1388 1428/1428/1428 1424/1424/1424
f 1425/1425/1425 1429/1429/1429 1430/1430/1430
f 1425/1425/1425 1430/1430/1430 1426/1426/1426
f 1387/1387/1387 1427/1427/1427 1431/1431/1431
f 1388/1388/1388 1432/1432/1432 1428/1428/1428
f 1429/1429/1429 1433/1433/1433 1434/1434/1434
f 1429/1429/1429 1434/1434/1434 1430/1430/1430
f 1387/1387/1387 1431/1431/1431 1435/1435/1435
f 1388/1388/1388 1436/1436/1436 1432/1432/1432
f 1433/1433/1433 1437/1437/1437 1438/1438/1438
f 1433/1433/1433 1438/1438/1438 1434/1434/1434
f 1387/1387/1387 1435/1435/1435 1439/1439/1439
f 1388/1388/1388 1440/1440/1440 1436/1436/1436
f 1437/1437/1437 1441/1441/1441 1442/1442/1442
f 1437/1437/1437 1442/1442/1442 1438/1438/1438
f 1387/1387/1387 1439/1439/1439 1443/1443/1443
f 1388/1388/1388 1444/1444/1444 1440/1440/1440
f 1441/1441/1441 1445/1445/1445 1446/1446/1446
f 1441/1441/1441 1446/1446/1446 1442/1442/1442
f 1387/1387/1387 1443/1443/1443 1447/1447/1447
f 1388/1388/1388 1448/1448/1448 1444/1444/1444
f 1445/1445/1445 1449/1449/1449 1450/1450/1450
f 1445/1445/1445 1450/1450/1450 1446/1446/1446
f 1387/1387/1387 1447/1447/1447 1451/1451/1451
f 1388/1388/1388 1452/1452/1452 1448/1448/1448
f 1449/1449/1449 1453/1453/1453 1454/1454/1454
f 1449/1449/1449 1454/1454/1454 1450/1450/1450
f 1387/1387/1387 1451/1451/1451 1455/1455/1455
f 1388/1388/1388 1456/1456/1456 1452/1452/1452
f 1453/1453/1453 1457/1457/1457 1458/1458/1458
f 1453/1453/1453 1458/1458/1458 1454/1454/1454
f 1387/1387/1387 1455/1455/1455 1459/1459/1459
f 1388/1388/1388 1460/1460/1460 1456/1456/1456
f 1457/1457/1457 1461/1461/1461 1462/1462/1462
f 1457/1457/1457 1462/1462/1462 1458/1458/1458
f 1387/1387/1387 1459/1459/1459 1463/1463/1463
f 1388/1388/1388 1464/1464/1464 1460/1460/1460
f 1461/1461/1461 1465/1465/1465 1466/1466/1466
f 1461/1461/1461 1466/1466/1466 1462/1462/1462
f 1387/1387/1387 1463/1463/1463 1467/1467/1467
f 1388/1388/1388 1468/1468/1468 1464/1464/1464
f 1465/1465/1465 1469/1469/1469 1470/1470/1470
f 1465/1465/1465 1470/1470/1470 1466/1466/1466
f 1387/1387/1387 1467/1467/1467 1471/1471/1471
f 1388/1388/1388 1472/1472/1472 1468/1468/1468
f 1469/1469/1469 1473/1473/1473 1474/1474/1474
f 1469/1469/1469 1474/1474/1474 1470/1470/1470
f 1387/1387/1387 1471/1471/1471 1475/1475/1475
f 1388/1388/1388 1476/1476/1476 1472/1472/1472
f 1473/1473/1473 1477/1477/1477 1478/1478/1478
f 1473/1473/1473 1478/1478/1478 1474/1474/1474
f 1387/1387/1387 1475/1475/1475 1479/1479/1479
f 1388/1388/1388 1480/1480/1480 1476/1476/1476
f 1477/1477/1477 1481/1481/1481 1482/1482/1482
f 1477/1477/1477 1482/1482/1482 1478/1478/1478
f 1387/1387/1387 1479/1479/1479 1483/1483/1483
f 1388/1388/1388 1484/1484/1484 1480/1480/1480
f 1481/1481/1481 1485/1485/1485 1486/1486/1486
f 1481/1481/1481 1486/1486/1486 1482/1482/1482
f 1387/1387/1387 1483/1483/1483 1487/1487/1487
f 1388/1388/1388 1488/1488/1488 1484/1484/1484
f 1485/1485/1485 1489/1489/1489 1490/1490/1490
f 1485/1485/1485 1490/1490/1490 1486/1486/1486
f 1387/1387/1387 1487/1487/1487 1491/1491/1491
f 1388/1388/1388 1492/1492/1492 1488/1488/1488
f 1489/1489/1489 1493/1493/1493 1494/1494/1494
f 1489/1489/1489 1494/1494/1494 1490/1490/1490
f 1387/1387/1387 1491/1491/1491 1495/1495/1495
f 1388/1388/1388 1496/1496/1496 1492/1492/1492
f 1493/1493/1493 1497/1497/1497 1498/1498/1498
f 1493/1493/1493 1498/1498/1498 1494/1494/1494
f 1387/1387/1387 1495/1495/1495 1499/1499/1499
f 1388/1388/1388 1500/1500/1500 1496/1496/1496
f 1497/1497/1497 1501/1501/1501 1502/1502/1502
f 1497/1497/1497 1502/1502/1502 1498/1498/1498
f 1387/1387/1387 1499/1499/1499 1503/1503/1503
f 1388/1388/1388 1504/1504/1504 1500/1500/1500
f 1501/1501/1501 1505/1505/1505 1506/1506/1506
f 1501/1501/1501 1506/1506/1506 1502/1502/1502
f 1387/1387/1387 1503/1503/1503 1507/1507/1507
f 1388/1388/1388 1508/1508/1508 1504/1504/1504
f 1505/1505/1505 1509/1509/1509 1510/1510/1510
f 1505/1505/1505 1510/1510/1510 1506/1506/1506
f 1387/1387/1387 1507/1507/1507 1511/1511/1511
f 1388/1388/1388 1512/1512/1512 1508/1508/1508
f 1509/1509/1509 1513/1513/1513 1514/1514/1514
f 1509/1509/1509 1514/1514/1514 1510/1510/1510
f 1387/1387/1387 1511/1511/1511 1515/1515/1515
f 1388/1388/1388 1516/1516/1516 1512/1512/1512
f 1513/1513/1513 1517/1517/1517 1518/1518/1518
f 1513/1513/1513 1518/1518/1518 1514/1514/1514
f 1387/1387/1387 1515/1515/1515 1519/1519/1519
f 1388/1388/1388 1520/1520/1520 1516/1516/1516
f 1517/1517/1517 1521/1521/1521 1522/1522/1522
f 1517/1517/1517 1522/1522/1522 1518/1518/1518
f 1387/1387/1387 1519/1519/1519 1523/1523/1523
f 1388/1388/1388 1524/1524/1524 1520/1520/1520
f 1521/1521/1521 1525/1525/1525 1526/1526/1526
f 1521/1521/1521 1526/1526/1526 1522/1522/1522
f 1387/1387/1387 1523/1523/1523 1527/1527/1527
f 1388/1388/1388 1528/1528/1528 1524/1524/1524
f 1525/1525/1525 1529/1529/1529 1530/1530/1530
f 1525/1525/1525 1530/1530/1530 1526/1526/1526
f 1387/1387/1387 1527/1527/1527 1531/1531/1531
f 1388/1388/1388 1532/1532/1532 1528/1528/1528
f 1529/1529/1529 1533/1533/1533 1534/1534/1534
f 1529/1529/1529 1534/1534/1534 1530/1530/1530
f 1387/1387/1387 1531/1531/1531 1535/1535/1535
f 1388/1388/1388 1536/1536/1536 1532/1532/1532
f 1533/1533/1533 1537/1537/1537 1538/1538/1538
f 1533/1533/1533 1538/1538/1538 1534/1534/1534
f 1387/1387/1387 1535/1535/1535 1539/1539/1539
f 1388/1388/1388 1540/1540/1540 1536/1536/1536
f 1537/1537/1537 1541/1541/1541 1542/1542/1542
f 1537/1537/1537 1542/1542/1542 1538/1538/1538
f 1387/1387/1387 1539/1539/1539 1543/1543/1543
f 1388/1388/1388 1544/1544/1544 1540/1540/1540
f 1541/1541/1541 1545/1545/1545 1546/1546/1546
f 1541/1541/1541 1546/1546/1546 1542/1542/1542
f 1387/1387/1387 1543/1543/1543 1547/1547/1547
f 1388/1388/1388 1548/1548/1548 1544/1544/1544
f 1545/1545/1545 1549/1549/1549 1550/1550/1550
f 1545/1545/1545 1550/1550/1550 1546/1546/1546
f 1387/1387/1387 1547/1547/1547 1551/1551/1551
f 1388/1388/1388 1552/1552/1552 1548/1548/1548
f 1549/1549/1549 1553/1553/1553 1554/1554/1554
f 1549/1549/1549 1554/1554/1554 1550/1550/1550
f 1387/1387/1387 1551/1551/1551 1555/1555/1555
f 1388/1388/1388 1556/1556/1556 1552/1552/1552
f 1553/1553/1553 1557/1557/1557 1558/1558/1558
f 1553/1553/1553 1558/1558/1558 1554/1554/1554
f 1387/1387/1387 1555/1555/1555 1559/1559/1559
f 1388/1388/1388 1560/1560/1560 1556/1556/1556
f 1557/1557/1557 1561/1561/1561 1562/1562/1562
f 1557/1557/1557 1562/1562/1562 1558/1558/1558
f 1387/1387/1387 1559/1559/1559 1563/1563/1563
f 1388/1388/1388 1564/1564/1564 1560/1560/1560
f 1561/1561/1561 1565/1565/1565 1566/1566/1566
f 1561/1561/1561 1566/1566/1566 1562/1562/1562
f 1387/1387/1387 1563/1563/1563 1567/1567/1567
f 1388/1388/1388 1568/1568/1568 1564/1564/1564
f 1565/1565/1565 1569/1569/1569 1570/1570/1570
f 1565/1565/1565 1570/1570/1570 1566/1566/1566
f 1387/1387/1387 1567/1567/1567 1571/1571/1571
f 1388/1388/1388 1572/1572/1572 1568/1568/1568
f 1569/1569/1569 1573/1573/1573 1574/1574/1574
f 1569/1569/1569 1574/1574/1574 1570/1570/1570
f 1387/1387/1387 1571/1571/1571 1575/1575/1575
f 1388/1388/1388 1576/1576/1576 1572/1572/1572
f 1573/1573/1573 1577/1577/1577 1578/1578/1578
f 1573/1573/1573 1578/1578/1578 1574/1574/1574
f 1387/1387/1387 1575/1575/1575 1579/1579/1579
f 1388/1388/1388 1580/1580/1580 1576/1576/1576
f 1577/1577/1577 1581/1581/1581 1582/1582/1582
f 1577/1577/1577 1582/1582/1582 1578/1578/1578
f 1387/1387/1387 1579/1579/1579 1583/1583/1583
f 1388/1388/1388 1584/1584/1584 1580/1580/1580
f 1581/1581/1581 1585/1585/1585 1586/1586/1586
f 1581/1581/1581 1586/1586/1586 1582/1582/1582
f 1387/1387/1387 1583/1583/1583 1587/1587/1587
f 1388/1388/1388 1588/1588/1588 1584/1584/1584
f 1585/1585/1585 1589/1589/1589 1590/1590/1590
f 1585/1585/1585 1590/1590/1590 1586/1586/1586
f 1387/1387/1387 1587/1587/1587 1591/1591/1591
f 1388/1388/1388 1592/1592/1592 1588/1588/1588
f 1589/1589/1589 1593/1593/1593 1594/1594/1594
f 1589/1589/1589 1594/1594/1594 1590/1590/1590
f 1387/1387/1387 1591/1591/1591 1595/1595/1595
f 1388/1388/1388 1596/1596/1596 1592/1592/1592
f 1593/1593/1593 1597/1597/1597 1598/1598/1598
f 1593/1593/1593 1598/1598/1598 1594/1594/1594
f 1387/1387/1387 1595/1595/1595 1599/1599/1599
f 1388/1388/1388 1600/1600/1600 1596/1596/1596
f 1597/1597/1597 1601/1601/1601 1602/1602/1602
f 1597/1597/1597 1602/1602/1602 1598/1598/1598
f 1387/1387/1387 1599/1599/1599 1603/1603/1603
f 1388/1388/1388 1604/1604/1604 1600/1600/1600
f 1601/1601/1601 1605/1605/1605 1606/1606/1606
f 1601/1601/1601 1606/1606/1606 1602/1602/1602
f 1387/1387/1387 1603/1603/1603 1607/1607/1607
f 1388/1388/1388 1608/1608/1608 1604/1604/1604
f 1605/1605/1605 1609/1609/1609 1610/1610/1610
f 1605/1605/1605 1610/1610/1610 1606/1606/1606
f 1387/1387/1387 1607/1607/1607 1611/1611/1611
f 1388/1388/1388 1612/1612/1612 1608/1608/1608
f 1609/1609/1609 1613/1613/1613 1614/1614/1614
f 1609/1609/1609 1614/1614/1614 1610/1610/1610
f 1387/1387/1387 1611/1611/1611 1615/1615/1615
f 1388/1388/1388 1616/1616/1616 1612/1612/1612
f 1613/1613/1613 1617/1617/1617 1618/1618/1618
f 1613/1613/1613 1618/1618/1618 1614/1614/1614
f 1387/1387/1387 1615/1615/1615 1619/1619/1619
f 1388/1388/1388 1620/1620/1620 1616/1616/1616
f 1617/1617/1617 1621/1621/1621 1622/1622/1622
f 1617/1617/1617 1622/1622/1622 1618/1618/1618
f 1387/1387/1387 1619/1619/1619 1623/1623/1623
f 1388/1388/1388 1624/1624/1624 1620/1620/1620
f 1621/1621/1621 1625/1625/1625 1626/1626/1626
f 1621/1621/1621 1626/1626/1626 1622/1622/1622
f 1387/1387/1387 1623/1623/1623 1627/1627/1627
f 1388/1388/1388 1628/1628/1628 1624/1624/1624
f 1625/1625/1625 1629/1629/1629 1630/1630/1630
f 1625/1625/1625 1630/1630/1630 1626/1626/1626
f 1387/1387/1387 1627/1627/1627 1631/1631/1631
f 1388/1388/1388 1632/1632/1632 1628/1628/1628
f 1629/1629/1629 1633/1633/1633 1634/1634/1634
f 1629/1629/1629 1634/1634/1634 1630/1630/1630
f 1387/1387/1387 1631/1631/1631 1635/1635/1635
f 1388/1388/1388 1636/1636/1636 1632/1632/1632
f 1633/1633/1633 1637/1637/1637 1638/1638/1638
f 1633/1633/1633 1638/1638/1638 1634/1634/1634
f 1387/1387/1387 1635/1635/1635 1639/1639/1639
f 1388/1388/1388 1640/1640/1640 1636/1636/1636
f 1637/1637/1637 1641/1641/1641 1642/1642/1642
f 1637/1637/1637 1642/1642/1642 1638/1638/1638
f 1387/1387/1387 1639/1639/1639 1643/1643/1643
f 1388/1388/1388 1644/1644/1644 1640/1640/1640
f 1641/1641/1641 1645/1645/1645 1646/1646/1646
f 1641/1641/1641 1646/1646/1646 1642/1642/1642
f 1387/1387/1387 1643/1643/1643 1647/1647/1647
f 1388/1388/1388 1648/1648/1648 1644/1644/1644
f 1645/1645/1645 1649/1649/1649 1650/1650/1650
f 1645/1645/1645 1650/1650/1650 1646/1646/1646
f 1387/1387/1387 1647/1647/1647 1651/1651/1651
f 1388/1388/1388 1652/1652/1652 1648/1648/1648
f 1649/1649/1649 1653/1653/1653 1654/1654/1654
f 1649/1649/1649 1654/1654/1654 1650/1650/1650
f 1387/1387/1387 1651/1651/1651 1655/1655/1655
f 1388/1388/1388 1656/1656/1656 1652/1652/1652
f 1653/1653/1653 1657/1657/1657 1658/1658/1658
f 1653/1653/1653 1658/1658/1658 1654/1654/1654
f 1387/1387/1387 1655/1655/1655 1659/1659/1659
f 1388/1388/1388 1660/1660/1660 1656/1656/1656
f 1657/1657/1657 1661/1661/1661 1662/1662/1662
f 1657/1657/1657 1662/1662/1662 1658/1658/1658
f 1387/1387/1387 1659/1659/1659 1663/1663/1663
f 1388/1388/1388 1664/1664/1664 1660/1660/1660
f 1661/1661/1661 1665/1665/1665 1666/1666/1666
f 1661/1661/1661 1666/1666/1666 1662/1662/1662
f 1387/1387/1387 1663/1663/1663 1667/1667/1667
f 1388/1388/1388 1668/1668/1668 1664/1664/1664
f 1665/1665/1665 1669/1669/1669 1670/1670/1670
f 1665/1665/1665 1670/1670/1670 1666/1666/1666
f 1387/1387/1387 1667/1667/1667 1671/1671/1671
f 1388/1388/1388 1672/1672/1672 1668/1668/1668
f 1669/1669/1669 1673/1673/1673 1674/1674/1674
f 1669/1669/1669 1674/1674/1674 1670/1670/1670
f 1387/1387/1387 1671/1671/1671 1675/1675/1675
f 1388/1388/1388 1676/1676/1676 1672/1672/1672
f 1673/1673/1673 1389/1389/1389 1390/1390/1390
f 1673/1673/1673 1390/1390/1390 1674/1674/1674
f 1387/1387/1387 1675/1675/1675 1391/1391/1391
f 1388/1388/1388 1392/1392/1392 1676/1676/1676
f 1983/1983/1983 1984/1984/1984 1985/1985/1985
f 1983/1983/1983 1985/1985/1985 1986/1986/1986
f 1987/1987/1987 1988/1988/1988 1989/1989/1989
f 1987/1987/1987 1989/1989/1989 1990/1990/1990
f 1991/1991/1991 1992/1992/1992 1993/1993/1993
f 1991/1991/1991 1993/1993/1993 1994/1994/1994
f 1995/1995/1995 1996/1996/1996 1997/1997/1997
f 1995/1995/1995 1997/1997/1997 1998/1998/1998
f 1999/1999/1999 2000/2000/2000 2001/2001/2001
f 1999/1999/1999 2001/2001/2001 2002/2002/2002
f 2003/2003/2003 2004/2004/2004 2005/2005/2005
f 2003/2003/2003 2005/2005/2005 2006/2006/2006
f 2489/2489/2489 2488/2488/2488 2490/2490/2490
f 2490/2490/2490 2487/2487/2487 2489/2489/2489
f 2490/2490/2490 2488/2488/2488 2491/2491/2491
f 2491/2491/2491 2487/2487/2487 2490/2490/2490
f 2491/2491/2491 2488/2488/2488 2492/2492/2492
f 2492/2492/2492 2487/2487/2487 2491/2491/2491
f 2492/2492/2492 2488/2488/2488 2493/2493/2493
f 2493/2493/2493 2487/2487/2487 2492/2492/2492
f 2493/2493/2493 2488/2488/2488 2489/2489/2489
f 2489/2489/2489 2487/2487/2487 2493/2493/2493
f 2510/2510/2510 2509/2509/2509 2511/2511/2511
f 2511/2511/2511 2508/2508/2508 2510/2510/2510
f 2511/2511/2511 2509/2509/2509 2512/2512/2512
f 2512/2512/2512 2508/2508/2508 2511/2511/2511
f 2512/2512/2512 2509/2509/2509 2513/2513/2513
f 2513/2513/2513 2508/2508/2508 2512/2512/2512
f 2513/2513/2513 2509/2509/2509 2514/2514/2514
f 2514/2514/2514 2508/2508/2508 2513/2513/2513
f 2514/2514/2514 2509/2509/2509 2510/2510/2510
f 2510/2510/2510 2508/2508/2508 2514/2514/2514
f 2524/2524/2524 2523/2523/2523 2525/2525/2525
f 2525/2525/2525 2522/2522/2522 2524/2524/2524
f 2525/2525/2525 2523/2523/2523 2526/2526/2526
f 2526/2526/2526 2522/2522/2522 2525/2525/2525
f 2526/2526/2526 2523/2523/2523 2527/2527/2527
f 2527/2527/2527 2522/2522/2522 2526/2526/2526
f 2527/2527/2527 2523/2523/2523 2528/2528/2528
f 2528/2528/2528 2522/2522/2522 2527/2527/2527
f 2528/2528/2528 2523/2523/2523 2524/2524/2524
f 2524/2524/2524 2522/2522/2522 2528/2528/2528
f 2545/2545/2545 2544/2544/2544 2546/2546/2546
f 2546/2546/2546 2543/2543/2543 2545/2545/2545
f 2546/2546/2546 2544/2544/2544 2547/2547/2547
f 2547/2547/2547 2543/2543/2543 2546/2546/2546
f 2547/2547/2547 2544/2544/2544 2548/2548/2548
f 2548/2548/2548 2543/2543/2543 2547/2547/2547
f 2548/2548/2548 2544/2544/2544 2549/2549/2549
f 2549/2549/2549 2543/2543/2543 2548/2548/2548
f 2549/2549/2549 2544/2544/2544 2545/2545/2545
f 2545/2545/2545 2543/2543/2543 2549/2549/2549
f 2559/2559/2559 2558/2558/2558 2560/2560/2560
f 2560/2560/2560 2557/2557/2557 2559/2559/2559
f 2560/2560/2560 2558/2558/2558 2561/2561/2561
f 2561/2561/2561 2557/2557/2557 2560/2560/2560
f 2561/2561/2561 2558/2558/2558 2562/2562/2562
f 2562/2562/2562 2557/2557/2557 2561/2561/2561
f 2562/2562/2562 2558/2558/2558 2563/2563/2563
f 2563/2563/2563 2557/2557/2557 2562/2562/2562
f 2563/2563/2563 2558/2558/2558 2559/2559/2559
f 2559/2559/2559 2557/2557/2557 2563/2563/2563
f 2580/2580/2580 2579/2579/2579 2581/2581/2581
f 2581/2581/2581 2578/2578/2578 2580/2580/2580
f 2581/2581/2581 2579/2579/2579 2582/2582/2582
f 2582/2582/2582 2578/2578/2578 2581/2581/2581
f 2582/2582/2582 2579/2579/2579 2583/2583/2583
f 2583/2583/2583 2578/2578/2578 2582/2582/2582
f 2583/2583/2583 2579/2579/2579 2584/2584/2584
f 2584/2584/2584 2578/2578/2578 2583/2583/2583
f 2584/2584/2584 2579/2579/2579 2580/2580/2580
f 2580/2580/2580 2578/2578/2578 2584/2584/2584
f 2594/2594/2594 2593/2593/2593 2595/2595/2595
f 2595/2595/2595 2592/2592/2592 2594/2594/2594
f 2595/2595/2595 2593/2593/2593 2596/2596/2596
f 2596/2596/2596 2592/2592/2592 2595/2595/2595
f 2596/2596/2596 2593/2593/2593 2597/2597/2597
f 2597/2597/2597 2592/2592/2592 2596/2596/2596
f 2597/2597/2597 2593/2593/2593 2598/2598/2598
f 2598/2598/2598 2592/2592/2592 2597/2597/2597
f 2598/2598/2598 2593/2593/2593 2594/2594/2594
f 2594/2594/2594 2592/2592/2592 2598/2598/2598
f 2615/2615/2615 2614/2614/2614 2616/2616/2616
f 2616/2616/2616 2613/2613/2613 2615/2615/2615
f 2616/2616/2616 2614/2614/2614 2617/2617/2617
f 2617/2617/2617 2613/2613/2613 2616/2616/2616
f 2617/2617/2617 2614/2614/2614 2618/2618/2618
f 2618/2618/2618 2613/2613/2613 2617/2617/2617
f 2618/2618/2618 2614/2614/2614 2619/2619/2619
f 2619/2619/2619 2613/2613/2613 2618/2618/2618
f 2619/2619/2619 2614/2614/2614 2615/2615/2615
f 2615/2615/2615 2613/2613/2613 2619/2619/2619
f 2675/2675/2675 2676/2676/2676 2677/2677/2677
f 2675/2675/2675 2677/2677/2677 2678/2678/2678
f 2679/2679/2679 2680/2680/2680 2681/2681/2681
f 2679/2679/2679 2681/2681/2681 2682/2682/2682
f 2683/2683/2683 2684/2684/2684 2685/2685/2685
f 2683/2683/2683 2685/2685/2685 2686/2686/2686
f 2687/2687/2687 2688/2688/2688 2689/2689/2689
f 2687/2687/2687 2689/2689/2689 2690/2690/2690
f 2691/2691/2691 2692/2692/2692 2693/2693/2693
f 2691/2691/2691 2693/2693/2693 2694/2694/2694
f 2695/2695/2695 2696/2696/2696 2697/2697/2697
f 2695/2695/2695 2697/2697/2697 2698/2698/2698
f 2771/2771/2771 2772/2772/2772 2773/2773/2773
f 2771/2771/2771 2773/2773/2773 2774/2774/2774
f 2775/2775/2775 2776/2776/2776 2777/2777/2777
f 2775/2775/2775 2777/2777/2777 2778/2778/2778
f 2779/2779/2779 2780/2780/2780 2781/2781/2781
f 2779/2779/2779 2781/2781/2781 2782/2782/2782
f 2783/2783/2783 2784/2784/2784 2785/2785/2785
f 2783/2783/2783 2785/2785/2785 2786/2786/2786
f 2787/2787/2787 2788/2788/2788 2789/2789/2789
f 2787/2787/2787 2789/2789/2789 2790/2790/2790
f 2791/2791/2791 2792/2792/2792 2793/2793/2793
f 2791/2791/2791 2793/2793/2793 2794/2794/2794
f 2915/2915/2915 2916/2916/2916 2917/2917/2917
f 2915/2915/2915 2917/2917/2917 2918/2918/2918
f 2919/2919/2919 2920/2920/2920 2921/2921/2921
f 2919/2919/2919 2921/2921/2921 2922/2922/2922
f 2923/2923/2923 2924/2924/2924 2925/2925/2925
f 2923/2923/2923 2925/2925/2925 2926/2926/2926
f 2927/2927/2927 2928/2928/2928 2929/2929/2929
f 2927/2927/2927 2929/2929/2929 2930/2930/2930
f 2931/2931/2931 2932/2932/2932 2933/2933/2933
f 2931/2931/2931 2933/2933/2933 2934/2934/2934
f 2935/2935/2935 2936/2936/2936 2937/2937/2937
f 2935/2935/2935 2937/2937/2937 2938/2938/2938
f 3011/3011/3011 3012/3012/3012 3013/3013/3013
f 3011/3011/3011 3013/3013/3013 3014/3014/3014
f 3015/3015/3015 3016/3016/3016 3017/3017/3017
f 3015/3015/3015 3017/3017/3017 3018/3018/3018
f 3019/3019/3019 3020/3020/3020 3021/3021/3021
f 3019/3019/3019 3021/3021/3021 3022/3022/3022
f 3023/3023/3023 3024/3024/3024 3025/3025/3025
f 3023/3023/3023 3025/3025/3025 3026/3026/3026
f 3027/3027/3027 3028/3028/3028 3029/3029/3029
f 3027/3027/3027 3029/3029/3029 3030/3030/3030
f 3031/3031/3031 3032/3032/3032 3033/3033/3033
f 3031/3031/3031 3033/3033/3033 3034/3034/3034
f 3155/3155/3155 3156/3156/3156 3157/3157/3157
f 3155/3155/3155 3157/3157/3157 3158/3158/3158
f 3159/3159/3159 3160/3160/3160 3161/3161/3161
f 3159/3159/3159 3161/3161/3161 3162/3162/3162
f 3163/3163/3163 3164/3164/3164 3165/3165/3165
f 3163/3163/3163 3165/3165/3165 3166/3166/3166
f 3167/3167/3167 3168/3168/3168 3169/3169/3169
f 3167/3167/3167 3169/3169/3169 3170/3170/3170
f 3171/3171/3171 3172/3172/3172 3173/3173/3173
f 3171/3171/3171 3173/3173/3173 3174/3174/3174
f 3175/3175/3175 3176/3176/3176 3177/3177/3177
f 3175/3175/3175 3177/3177/3177 3178/3178/3178
f 3251/3251/3251 3252/3252/3252 3253/3253/3253
f 3251/3251/3251 3253/3253/3253 3254/3254/3254
f 3255/3255/3255 3256/3256/3256 3257/3257/3257
f 3255/3255/3255 3257/3257/3257 3258/3258/3258
f 3259/3259/3259 3260/3260/3260 3261/3261/3261
f 3259/3259/3259 3261/3261/3261 3262/3262/3262
f 3263/3263/3263 3264/3264/3264 3265/3265/3265
f 3263/3263/3263 3265/3265/3265 3266/3266/3266
f 3267/3267/3267 3268/3268/3268 3269/3269/3269
f 3267/3267/3267 3269/3269/3269 3270/3270/3270
f 3271/3271/3271 3272/3272/3272 3273/3273/3273
f 3271/3271/3271 3273/3273/3273 3274/3274/3274
f 3395/3395/3395 3396/3396/3396 3397/3397/3397
f 3395/3395/3395 3397/3397/3397 3398/3398/3398
f 3399/3399/3399 3400/3400/3400 3401/3401/3401
f 3399/3399/3399 3401/3401/3401 3402/3402/3402
f 3403/3403/3403 3404/3404/3404 3405/3405/3405
f 3403/3403/3403 3405/3405/3405 3406/3406/3406
f 3407/3407/3407 3408/3408/3408 3409/3409/3409
f 3407/3407/3407 3409/3409/3409 3410/3410/3410
f 3411/3411/3411 3412/3412/3412 3413/3413/3413
f 3411/3411/3411 3413/3413/3413 3414/3414/3414
f 3415/3415/3415 3416/3416/3416 3417/3417/3417
f 3415/3415/3415 3417/3417/3417 3418/3418/3418
f 3491/3491/3491 3492/3492/3492 3493/3493/3493
f 3491/3491/3491 3493/3493/3493 3494/3494/3494
f 3495/3495/3495 3496/3496/3496 3497/3497/3497
f 3495/3495/3495 3497/3497/3497 3498/3498/3498
f 3499/3499/3499 3500/3500/3500 3501/3501/3501
f 3499/3499/3499 3501/3501/3501 3502/3502/3502
f 3503/3503/3503 3504/3504/3504 3505/3505/3505
f 3503/3503/3503 3505/3505/3505 3506/3506/3506
f 3507/3507/3507 3508/3508/3508 3509/3509/3509
f 3507/3507/3507 3509/3509/3509 3510/3510/3510
f 3511/3511/3511 3512/3512/3512 3513/3513/3513
f 3511/3511/3511 3513/3513/3513 3514/3514/3514
usemtl BackdropStoneDark
s 1
f 325/325/325 329/329/329 330/330/330
f 325/325/325 330/330/330 326/326/326
f 324/324/324 332/332/332 328/328/328
f 329/329/329 333/333/333 334/334/334
f 329/329/329 334/334/334 330/330/330
f 324/324/324 336/336/336 332/332/332
f 333/333/333 337/337/337 338/338/338
f 333/333/333 338/338/338 334/334/334
f 324/324/324 340/340/340 336/336/336
f 337/337/337 341/341/341 342/342/342
f 337/337/337 342/342/342 338/338/338
f 324/324/324 344/344/344 340/340/340
f 341/341/341 345/345/345 346/346/346
f 341/341/341 346/346/346 342/342/342
f 324/324/324 348/348/348 344/344/344
f 345/345/345 349/349/349 350/350/350
f 345/345/345 350/350/350 346/346/346
f 324/324/324 352/352/352 348/348/348
f 349/349/349 353/353/353 354/354/354
f 349/349/349 354/354/354 350/350/350
f 324/324/324 356/356/356 352/352/352
f 353/353/353 357/357/357 358/358/358
f 353/353/353 358/358/358 354/354/354
f 324/324/324 360/360/360 356/356/356
f 357/357/357 361/361/361 362/362/362
f 357/357/357 362/362/362 358/358/358
f 324/324/324 364/364/364 360/360/360
f 361/361/361 365/365/365 366/366/366
f 361/361/361 366/366/366 362/362/362
f 324/324/324 368/368/368 364/364/364
f 365/365/365 369/369/369 370/370/370
f 365/365/365 370/370/370 366/366/366
f 324/324/324 372/372/372 368/368/368
f 369/369/369 373/373/373 374/374/374
f 369/369/369 374/374/374 370/370/370
f 324/324/324 376/376/376 372/372/372
f 373/373/373 377/377/377 378/378/378
f 373/373/373 378/378/378 374/374/374
f 324/324/324 380/380/380 376/376/376
f 377/377/377 381/381/381 382/382/382
f 377/377/377 382/382/382 378/378/378
f 324/324/324 384/384/384 380/380/380
f 381/381/381 385/385/385 386/386/386
f 381/381/381 386/386/386 382/382/382
f 324/324/324 388/388/388 384/384/384
f 385/385/385 389/389/389 390/390/390
f 385/385/385 390/390/390 386/386/386
f 324/324/324 392/392/392 388/388/388
f 389/389/389 393/393/393 394/394/394
f 389/389/389 394/394/394 390/390/390
f 324/324/324 396/396/396 392/392/392
f 393/393/393 397/397/397 398/398/398
f 393/393/393 398/398/398 394/394/394
f 324/324/324 400/400/400 396/396/396
f 397/397/397 401/401/401 402/402/402
f 397/397/397 402/402/402 398/398/398
f 324/324/324 404/404/404 400/400/400
f 401/401/401 405/405/405 406/406/406
f 401/401/401 406/406/406 402/402/402
f 324/324/324 408/408/408 404/404/404
f 405/405/405 409/409/409 410/410/410
f 405/405/405 410/410/410 406/406/406
f 324/324/324 412/412/412 408/408/408
f 409/409/409 413/413/413 414/414/414
f 409/409/409 414/414/414 410/410/410
f 324/324/324 416/416/416 412/412/412
f 413/413/413 417/417/417 418/418/418
f 413/413/413 418/418/418 414/414/414
f 324/324/324 420/420/420 416/416/416
f 417/417/417 421/421/421 422/422/422
f 417/417/417 422/422/422 418/418/418
f 324/324/324 424/424/424 420/420/420
f 421/421/421 425/425/425 426/426/426
f 421/421/421 426/426/426 422/422/422
f 324/324/324 428/428/428 424/424/424
f 425/425/425 429/429/429 430/430/430
f 425/425/425 430/430/430 426/426/426
f 324/324/324 432/432/432 428/428/428
f 429/429/429 433/433/433 434/434/434
f 429/429/429 434/434/434 430/430/430
f 324/324/324 436/436/436 432/432/432
f 433/433/433 437/437/437 438/438/438
f 433/433/433 438/438/438 434/434/434
f 324/324/324 440/440/440 436/436/436
f 437/437/437 441/441/441 442/442/442
f 437/437/437 442/442/442 438/438/438
f 324/324/324 444/444/444 440/440/440
f 441/441/441 445/445/445 446/446/446
f 441/441/441 446/446/446 442/442/442
f 324/324/324 448/448/448 444/444/444
f 445/445/445 449/449/449 450/450/450
f 445/445/445 450/450/450 446/446/446
f 324/324/324 452/452/452 448/448/448
f 449/449/449 453/453/453 454/454/454
f 449/449/449 454/454/454 450/450/450
f 324/324/324 456/456/456 452/452/452
f 453/453/453 457/457/457 458/458/458
f 453/453/453 458/458/458 454/454/454
f 324/324/324 460/460/460 456/456/456
f 457/457/457 461/461/461 462/462/462
f 457/457/457 462/462/462 458/458/458
f 324/324/324 464/464/464 460/460/460
f 461/461/461 465/465/465 466/466/466
f 461/461/461 466/466/466 462/462/462
f 324/324/324 468/468/468 464/464/464
f 465/465/465 469/469/469 470/470/470
f 465/465/465 470/470/470 466/466/466
f 324/324/324 472/472/472 468/468/468
f 469/469/469 473/473/473 474/474/474
f 469/469/469 474/474/474 470/470/470
f 324/324/324 476/476/476 472/472/472
f 473/473/473 477/477/477 478/478/478
f 473/473/473 478/478/478 474/474/474
f 324/324/324 480/480/480 476/476/476
f 477/477/477 481/481/481 482/482/482
f 477/477/477 482/482/482 478/478/478
f 324/324/324 484/484/484 480/480/480
f 481/481/481 485/485/485 486/486/486
f 481/481/481 486/486/486 482/482/482
f 324/324/324 488/488/488 484/484/484
f 485/485/485 489/489/489 490/490/490
f 485/485/485 490/490/490 486/486/486
f 324/324/324 492/492/492 488/488/488
f 489/489/489 493/493/493 494/494/494
f 489/489/489 494/494/494 490/490/490
f 324/324/324 496/496/496 492/492/492
f 493/493/493 497/497/497 498/498/498
f 493/493/493 498/498/498 494/494/494
f 324/324/324 500/500/500 496/496/496
f 497/497/497 501/501/501 502/502/502
f 497/497/497 502/502/502 498/498/498
f 324/324/324 504/504/504 500/500/500
f 501/501/501 505/505/505 506/506/506
f 501/501/501 506/506/506 502/502/502
f 324/324/324 508/508/508 504/504/504
f 505/505/505 509/509/509 510/510/510
f 505/505/505 510/510/510 506/506/506
f 324/324/324 512/512/512 508/508/508
f 509/509/509 513/513/513 514/514/514
f 509/509/509 514/514/514 510/510/510
f 324/324/324 516/516/516 512/512/512
f 513/513/513 517/517/517 518/518/518
f 513/513/513 518/518/518 514/514/514
f 324/324/324 520/520/520 516/516/516
f 517/517/517 521/521/521 522/522/522
f 517/517/517 522/522/522 518/518/518
f 324/324/324 524/524/524 520/520/520
f 521/521/521 525/525/525 526/526/526
f 521/521/521 526/526/526 522/522/522
f 324/324/324 528/528/528 524/524/524
f 525/525/525 529/529/529 530/530/530
f 525/525/525 530/530/530 526/526/526
f 324/324/324 532/532/532 528/528/528
f 529/529/529 533/533/533 534/534/534
f 529/529/529 534/534/534 530/530/530
f 324/324/324 536/536/536 532/532/532
f 533/533/533 537/537/537 538/538/538
f 533/533/533 538/538/538 534/534/534
f 324/324/324 540/540/540 536/536/536
f 537/537/537 541/541/541 542/542/542
f 537/537/537 542/542/542 538/538/538
f 324/324/324 544/544/544 540/540/540
f 541/541/541 545/545/545 546/546/546
f 541/541/541 546/546/546 542/542/542
f 324/324/324 548/548/548 544/544/544
f 545/545/545 549/549/549 550/550/550
f 545/545/545 550/550/550 546/546/546
f 324/324/324 552/552/552 548/548/548
f 549/549/549 553/553/553 554/554/554
f 549/549/549 554/554/554 550/550/550
f 324/324/324 556/556/556 552/552/552
f 553/553/553 557/557/557 558/558/558
f 553/553/553 558/558/558 554/554/554
f 324/324/324 560/560/560 556/556/556
f 557/557/557 561/561/561 562/562/562
f 557/557/557 562/562/562 558/558/558
f 324/324/324 564/564/564 560/560/560
f 561/561/561 565/565/565 566/566/566
f 561/561/561 566/566/566 562/562/562
f 324/324/324 568/568/568 564/564/564
f 565/565/565 569/569/569 570/570/570
f 565/565/565 570/570/570 566/566/566
f 324/324/324 572/572/572 568/568/568
f 569/569/569 573/573/573 574/574/574
f 569/569/569 574/574/574 570/570/570
f 324/324/324 576/576/576 572/572/572
f 573/573/573 577/577/577 578/578/578
f 573/573/573 578/578/578 574/574/574
f 324/324/324 580/580/580 576/576/576
f 577/577/577 581/581/581 582/582/582
f 577/577/577 582/582/582 578/578/578
f 324/324/324 584/584/584 580/580/580
f 581/581/581 585/585/585 586/586/586
f 581/581/581 586/586/586 582/582/582
f 324/324/324 588/588/588 584/584/584
f 585/585/585 589/589/589 590/590/590
f 585/585/585 590/590/590 586/586/586
f 324/324/324 592/592/592 588/588/588
f 589/589/589 593/593/593 594/594/594
f 589/589/589 594/594/594 590/590/590
f 324/324/324 596/596/596 592/592/592
f 593/593/593 597/597/597 598/598/598
f 593/593/593 598/598/598 594/594/594
f 324/324/324 600/600/600 596/596/596
f 597/597/597 601/601/601 602/602/602
f 597/597/597 602/602/602 598/598/598
f 324/324/324 604/604/604 600/600/600
f 601/601/601 605/605/605 606/606/606
f 601/601/601 606/606/606 602/602/602
f 324/324/324 608/608/608 604/604/604
f 605/605/605 609/609/609 610/610/610
f 605/605/605 610/610/610 606/606/606
f 324/324/324 612/612/612 608/608/608
f 609/609/609 325/325/325 326/326/326
f 609/609/609 326/326/326 610/610/610
f 324/324/324 328/328/328 612/612/612
f 613/613/613 617/617/617 621/621/621
f 613/613/613 621/621/621 625/625/625
f 613/613/613 625/625/625 629/629/629
f 613/613/613 629/629/629 633/633/633
f 613/613/613 633/633/633 637/637/637
f 613/613/613 637/637/637 641/641/641
f 613/613/613 641/641/641 645/645/645
f 613/613/613 645/645/645 649/649/649
f 613/613/613 649/649/649 653/653/653
f 613/613/613 653/653/653 657/657/657
f 613/613/613 657/657/657 661/661/661
f 613/613/613 661/661/661 665/665/665
f 613/613/613 665/665/665 669/669/669
f 613/613/613 669/669/669 673/673/673
f 613/613/613 673/673/673 677/677/677
f 613/613/613 677/677/677 681/681/681
f 613/613/613 681/681/681 685/685/685
f 613/613/613 685/685/685 689/689/689
f 613/613/613 689/689/689 693/693/693
f 613/613/613 693/693/693 697/697/697
f 613/613/613 697/697/697 701/701/701
f 613/613/613 701/701/701 705/705/705
f 613/613/613 705/705/705 709/709/709
f 613/613/613 709/709/709 713/713/713
f 613/613/613 713/713/713 717/717/717
f 613/613/613 717/717/717 721/721/721
f 613/613/613 721/721/721 725/725/725
f 613/613/613 725/725/725 729/729/729
f 613/613/613 729/729/729 733/733/733
f 613/613/613 733/733/733 737/737/737
f 613/613/613 737/737/737 741/741/741
f 613/613/613 741/741/741 745/745/745
f 613/613/613 745/745/745 749/749/749
f 613/613/613 749/749/749 753/753/753
f 613/613/613 753/753/753 757/757/757
f 613/613/613 757/757/757 761/761/761
f 613/613/613 761/761/761 765/765/765
f 613/613/613 765/765/765 769/769/769
f 613/613/613 769/769/769 773/773/773
f 613/613/613 773/773/773 777/777/777
f 613/613/613 777/777/777 781/781/781
f 613/613/613 781/781/781 785/785/785
f 613/613/613 785/785/785 789/789/789
f 613/613/613 789/789/789 793/793/793
f 613/613/613 793/793/793 797/797/797
f 613/613/613 797/797/797 801/801/801
f 613/613/613 801/801/801 805/805/805
f 613/613/613 805/805/805 809/809/809
f 613/613/613 809/809/809 813/813/813
f 613/613/613 813/813/813 817/817/817
f 613/613/613 817/817/817 821/821/821
f 613/613/613 821/821/821 825/825/825
f 613/613/613 825/825/825 829/829/829
f 613/613/613 829/829/829 833/833/833
f 613/613/613 833/833/833 837/837/837
f 613/613/613 837/837/837 841/841/841
f 613/613/613 841/841/841 845/845/845
f 613/613/613 845/845/845 849/849/849
f 613/613/613 849/849/849 853/853/853
f 613/613/613 853/853/853 857/857/857
f 613/613/613 857/857/857 861/861/861
f 613/613/613 861/861/861 865/865/865
f 613/613/613 865/865/865 869/869/869
f 613/613/613 869/869/869 617/617/617
f 873/873/873 877/877/877 878/878/878
f 873/873/873 878/878/878 874/874/874
f 871/871/871 875/875/875 879/879/879
f 872/872/872 880/880/880 876/876/876
f 877/877/877 881/881/881 882/882/882
f 877/877/877 882/882/882 878/878/878
f 871/871/871 879/879/879 883/883/883
f 872/872/872 884/884/884 880/880/880
f 881/881/881 885/885/885 886/886/886
f 881/881/881 886/886/886 882/882/882
f 871/871/871 883/883/883 887/887/887
f 872/872/872 888/888/888 884/884/884
f 885/885/885 889/889/889 890/890/890
f 885/885/885 890/890/890 886/886/886
f 871/871/871 887/887/887 891/891/891
f 872/872/872 892/892/892 888/888/888
f 889/889/889 893/893/893 894/894/894
f 889/889/889 894/894/894 890/890/890
f 871/871/871 891/891/891 895/895/895
f 872/872/872 896/896/896 892/892/892
f 893/893/893 897/897/897 898/898/898
f 893/893/893 898/898/898 894/894/894
f 871/871/871 895/895/895 899/899/899
f 872/872/872 900/900/900 896/896/896
f 897/897/897 901/901/901 902/902/902
f 897/897/897 902/902/902 898/898/898
f 871/871/871 899/899/899 903/903/903
f 872/872/872 904/904/904 900/900/900
f 901/901/901 905/905/905 906/906/906
f 901/901/901 906/906/906 902/902/902
f 871/871/871 903/903/903 907/907/907
f 872/872/872 908/908/908 904/904/904
f 905/905/905 909/909/909 910/910/910
f 905/905/905 910/910/910 906/906/906
f 871/871/871 907/907/907 911/911/911
f 872/872/872 912/912/912 908/908/908
f 909/909/909 913/913/913 914/914/914
f 909/909/909 914/914/914 910/910/910
f 871/871/871 911/911/911 915/915/915
f 872/872/872 916/916/916 912/912/912
f 913/913/913 917/917/917 918/918/918
f 913/913/913 918/918/918 914/914/914
f 871/871/871 915/915/915 919/919/919
f 872/872/872 920/920/920 916/916/916
f 917/917/917 921/921/921 922/922/922
f 917/917/917 922/922/922 918/918/918
f 871/871/871 919/919/919 923/923/923
f 872/872/872 924/924/924 920/920/920
f 921/921/921 925/925/925 926/926/926
f 921/921/921 926/926/926 922/922/922
f 871/871/871 923/923/923 927/927/927
f 872/872/872 928/928/928 924/924/924
f 925/925/925 929/929/929 930/930/930
f 925/925/925 930/930/930 926/926/926
f 871/871/871 927/927/927 931/931/931
f 872/872/872 932/932/932 928/928/928
f 929/929/929 933/933/933 934/934/934
f 929/929/929 934/934/934 930/930/930
f 871/871/871 931/931/931 935/935/935
f 872/872/872 936/936/936 932/932/932
f 933/933/933 937/937/937 938/938/938
f 933/933/933 938/938/938 934/934/934
f 871/871/871 935/935/935 939/939/939
f 872/872/872 940/940/940 936/936/936
f 937/937/937 941/941/941 942/942/942
f 937/937/937 942/942/942 938/938/938
f 871/871/871 939/939/939 943/943/943
f 872/872/872 944/944/944 940/940/940
f 941/941/941 945/945/945 946/946/946
f 941/941/941 946/946/946 942/942/942
f 871/871/871 943/943/943 947/947/947
f 872/872/872 948/948/948 944/944/944
f 945/945/945 949/949/949 950/950/950
f 945/945/945 950/950/950 946/946/946
f 871/871/871 947/947/947 951/951/951
f 872/872/872 952/952/952 948/948/948
f 949/949/949 953/953/953 954/954/954
f 949/949/949 954/954/954 950/950/950
f 871/871/871 951/951/951 955/955/955
f 872/872/872 956/956/956 952/952/952
f 953/953/953 957/957/957 958/958/958
f 953/953/953 958/958/958 954/954/954
f 871/871/871 955/955/955 959/959/959
f 872/872/872 960/960/960 956/956/956
f 957/957/957 961/961/961 962/962/962
f 957/957/957 962/962/962 958/958/958
f 871/871/871 959/959/959 963/963/963
f 872/872/872 964/964/964 960/960/960
f 961/961/961 965/965/965 966/966/966
f 961/961/961 966/966/966 962/962/962
f 871/871/871 963/963/963 967/967/967
f 872/872/872 968/968/968 964/964/964
f 965/965/965 969/969/969 970/970/970
f 965/965/965 970/970/970 966/966/966
f 871/871/871 967/967/967 971/971/971
f 872/872/872 972/972/972 968/968/968
f 969/969/969 973/973/973 974/974/974
f 969/969/969 974/974/974 970/970/970
f 871/871/871 971/971/971 975/975/975
f 872/872/872 976/976/976 972/972/972
f 973/973/973 977/977/977 978/978/978
f 973/973/973 978/978/978 974/974/974
f 871/871/871 975/975/975 979/979/979
f 872/872/872 980/980/980 976/976/976
f 977/977/977 981/981/981 982/982/982
f 977/977/977 982/982/982 978/978/978
f 871/871/871 979/979/979 983/983/983
f 872/872/872 984/984/984 980/980/980
f 981/981/981 985/985/985 986/986/986
f 981/981/981 986/986/986 982/982/982
f 871/871/871 983/983/983 987/987/987
f 872/872/872 988/988/988 984/984/984
f 985/985/985 989/989/989 990/990/990
f 985/985/985 990/990/990 986/986/986
f 871/871/871 987/987/987 991/991/991
f 872/872/872 992/992/992 988/988/988
f 989/989/989 993/993/993 994/994/994
f 989/989/989 994/994/994 990/990/990
f 871/871/871 991/991/991 995/995/995
f 872/872/872 996/996/996 992/992/992
f 993/993/993 997/997/997 998/998/998
f 993/993/993 998/998/998 994/994/994
f 871/871/871 995/995/995 999/999/999
f 872/872/872 1000/1000/1000 996/996/996
f 997/997/997 1001/1001/1001 1002/1002/1002
f 997/997/997 1002/1002/1002 998/998/998
f 871/871/871 999/999/999 1003/1003/1003
f 872/872/872 1004/1004/1004 1000/1000/1000
f 1001/1001/1001 1005/1005/1005 1006/1006/1006
f 1001/1001/1001 1006/1006/1006 1002/1002/1002
f 871/871/871 1003/1003/1003 1007/1007/1007
f 872/872/872 1008/1008/1008 1004/1004/1004
f 1005/1005/1005 1009/1009/1009 1010/1010/1010
f 1005/1005/1005 1010/1010/1010 1006/1006/1006
f 871/871/871 1007/1007/1007 1011/1011/1011
f 872/872/872 1012/1012/1012 1008/1008/1008
f 1009/1009/1009 1013/1013/1013 1014/1014/1014
f 1009/1009/1009 1014/1014/1014 1010/1010/1010
f 871/871/871 1011/1011/1011 1015/1015/1015
f 872/872/872 1016/1016/1016 1012/1012/1012
f 1013/1013/1013 1017/1017/1017 1018/1018/1018
f 1013/1013/1013 1018/1018/1018 1014/1014/1014
f 871/871/871 1015/1015/1015 1019/1019/1019
f 872/872/872 1020/1020/1020 1016/1016/1016
f 1017/1017/1017 1021/1021/1021 1022/1022/1022
f 1017/1017/1017 1022/1022/1022 1018/1018/1018
f 871/871/871 1019/1019/1019 1023/1023/1023
f 872/872/872 1024/1024/1024 1020/1020/1020
f 1021/1021/1021 1025/1025/1025 1026/1026/1026
f 1021/1021/1021 1026/1026/1026 1022/1022/1022
f 871/871/871 1023/1023/1023 1027/1027/1027
f 872/872/872 1028/1028/1028 1024/1024/1024
f 1025/1025/1025 1029/1029/1029 1030/1030/1030
f 1025/1025/1025 1030/1030/1030 1026/1026/1026
f 871/871/871 1027/1027/1027 1031/1031/1031
f 872/872/872 1032/1032/1032 1028/1028/1028
f 1029/1029/1029 1033/1033/1033 1034/1034/1034
f 1029/1029/1029 1034/1034/1034 1030/1030/1030
f 871/871/871 1031/1031/1031 1035/1035/1035
f 872/872/872 1036/1036/1036 1032/1032/1032
f 1033/1033/1033 1037/1037/1037 1038/1038/1038
f 1033/1033/1033 1038/1038/1038 1034/1034/1034
f 871/871/871 1035/1035/1035 1039/1039/1039
f 872/872/872 1040/1040/1040 1036/1036/1036
f 1037/1037/1037 1041/1041/1041 1042/1042/1042
f 1037/1037/1037 1042/1042/1042 1038/1038/1038
f 871/871/871 1039/1039/1039 1043/1043/1043
f 872/872/872 1044/1044/1044 1040/1040/1040
f 1041/1041/1041 1045/1045/1045 1046/1046/1046
f 1041/1041/1041 1046/1046/1046 1042/1042/1042
f 871/871/871 1043/1043/1043 1047/1047/1047
f 872/872/872 1048/1048/1048 1044/1044/1044
f 1045/1045/1045 1049/1049/1049 1050/1050/1050
f 1045/1045/1045 1050/1050/1050 1046/1046/1046
f 871/871/871 1047/1047/1047 1051/1051/1051
f 872/872/872 1052/1052/1052 1048/1048/1048
f 1049/1049/1049 1053/1053/1053 1054/1054/1054
f 1049/1049/1049 1054/1054/1054 1050/1050/1050
f 871/871/871 1051/1051/1051 1055/1055/1055
f 872/872/872 1056/1056/1056 1052/1052/1052
f 1053/1053/1053 1057/1057/1057 1058/1058/1058
f 1053/1053/1053 1058/1058/1058 1054/1054/1054
f 871/871/871 1055/1055/1055 1059/1059/1059
f 872/872/872 1060/1060/1060 1056/1056/1056
f 1057/1057/1057 1061/1061/1061 1062/1062/1062
f 1057/1057/1057 1062/1062/1062 1058/1058/1058
f 871/871/871 1059/1059/1059 1063/1063/1063
f 872/872/872 1064/1064/1064 1060/1060/1060
f 1061/1061/1061 873/873/873 874/874/874
f 1061/1061/1061 874/874/874 1062/1062/1062
f 871/871/871 1063/1063/1063 875/875/875
f 872/872/872 876/876/876 1064/1064/1064
f 1935/1935/1935 1936/1936/1936 1937/1937/1937
f 1935/1935/1935 1937/1937/1937 1938/1938/1938
f 1939/1939/1939 1940/1940/1940 1941/1941/1941
f 1939/1939/1939 1941/1941/1941 1942/1942/1942
f 1943/1943/1943 1944/1944/1944 1945/1945/1945
f 1943/1943/1943 1945/1945/1945 1946/1946/1946
f 1947/1947/1947 1948/1948/1948 1949/1949/1949
f 1947/1947/1947 1949/1949/1949 1950/1950/1950
f 1951/1951/1951 1952/1952/1952 1953/1953/1953
f 1951/1951/1951 1953/1953/1953 1954/1954/1954
f 1955/1955/1955 1956/1956/1956 1957/1957/1957
f 1955/1955/1955 1957/1957/1957 1958/1958/1958
f 2503/2503/2503 2502/2502/2502 2504/2504/2504
f 2504/2504/2504 2501/2501/2501 2503/2503/2503
f 2504/2504/2504 2502/2502/2502 2505/2505/2505
f 2505/2505/2505 2501/2501/2501 2504/2504/2504
f 2505/2505/2505 2502/2502/2502 2506/2506/2506
f 2506/2506/2506 2501/2501/2501 2505/2505/2505
f 2506/2506/2506 2502/2502/2502 2507/2507/2507
f 2507/2507/2507 2501/2501/2501 2506/2506/2506
f 2507/2507/2507 2502/2502/2502 2503/2503/2503
f 2503/2503/2503 2501/2501/2501 2507/2507/2507
f 2517/2517/2517 2516/2516/2516 2518/2518/2518
f 2518/2518/2518 2515/2515/2515 2517/2517/2517
f 2518/2518/2518 2516/2516/2516 2519/2519/2519
f 2519/2519/2519 2515/2515/2515 2518/2518/2518
f 2519/2519/2519 2516/2516/2516 2520/2520/2520
f 2520/2520/2520 2515/2515/2515 2519/2519/2519
f 2520/2520/2520 2516/2516/2516 2521/2521/2521
f 2521/2521/2521 2515/2515/2515 2520/2520/2520
f 2521/2521/2521 2516/2516/2516 2517/2517/2517
f 2517/2517/2517 2515/2515/2515 2521/2521/2521
f 2538/2538/2538 2537/2537/2537 2539/2539/2539
f 2539/2539/2539 2536/2536/2536 2538/2538/2538
f 2539/2539/2539 2537/2537/2537 2540/2540/2540
f 2540/2540/2540 2536/2536/2536 2539/2539/2539
f 2540/2540/2540 2537/2537/2537 2541/2541/2541
f 2541/2541/2541 2536/2536/2536 2540/2540/2540
f 2541/2541/2541 2537/2537/2537 2542/2542/2542
f 2542/2542/2542 2536/2536/2536 2541/2541/2541
f 2542/2542/2542 2537/2537/2537 2538/2538/2538
f 2538/2538/2538 2536/2536/2536 2542/2542/2542
f 2552/2552/2552 2551/2551/2551 2553/2553/2553
f 2553/2553/2553 2550/2550/2550 2552/2552/2552
f 2553/2553/2553 2551/2551/2551 2554/2554/2554
f 2554/2554/2554 2550/2550/2550 2553/2553/2553
f 2554/2554/2554 2551/2551/2551 2555/2555/2555
f 2555/2555/2555 2550/2550/2550 2554/2554/2554
f 2555/2555/2555 2551/2551/2551 2556/2556/2556
f 2556/2556/2556 2550/2550/2550 2555/2555/2555
f 2556/2556/2556 2551/2551/2551 2552/2552/2552
f 2552/2552/2552 2550/2550/2550 2556/2556/2556
f 2573/2573/2573 2572/2572/2572 2574/2574/2574
f 2574/2574/2574 2571/2571/2571 2573/2573/2573
f 2574/2574/2574 2572/2572/2572 2575/2575/2575
f 2575/2575/2575 2571/2571/2571 2574/2574/2574
f 2575/2575/2575 2572/2572/2572 2576/2576/2576
f 2576/2576/2576 2571/2571/2571 2575/2575/2575
f 2576/2576/2576 2572/2572/2572 2577/2577/2577
f 2577/2577/2577 2571/2571/2571 2576/2576/2576
f 2577/2577/2577 2572/2572/2572 2573/2573/2573
f 2573/2573/2573 2571/2571/2571 2577/2577/2577
f 2587/2587/2587 2586/2586/2586 2588/2588/2588
f 2588/2588/2588 2585/2585/2585 2587/2587/2587
f 2588/2588/2588 2586/2586/2586 2589/2589/2589
f 2589/2589/2589 2585/2585/2585 2588/2588/2588
f 2589/2589/2589 2586/2586/2586 2590/2590/2590
f 2590/2590/2590 2585/2585/2585 2589/2589/2589
f 2590/2590/2590 2586/2586/2586 2591/2591/2591
f 2591/2591/2591 2585/2585/2585 2590/2590/2590
f 2591/2591/2591 2586/2586/2586 2587/2587/2587
f 2587/2587/2587 2585/2585/2585 2591/2591/2591
f 2608/2608/2608 2607/2607/2607 2609/2609/2609
f 2609/2609/2609 2606/2606/2606 2608/2608/2608
f 2609/2609/2609 2607/2607/2607 2610/2610/2610
f 2610/2610/2610 2606/2606/2606 2609/2609/2609
f 2610/2610/2610 2607/2607/2607 2611/2611/2611
f 2611/2611/2611 2606/2606/2606 2610/2610/2610
f 2611/2611/2611 2607/2607/2607 2612/2612/2612
f 2612/2612/2612 2606/2606/2606 2611/2611/2611
f 2612/2612/2612 2607/2607/2607 2608/2608/2608
f 2608/2608/2608 2606/2606/2606 2612/2612/2612
f 2622/2622/2622 2621/2621/2621 2623/2623/2623
f 2623/2623/2623 2620/2620/2620 2622/2622/2622
f 2623/2623/2623 2621/2621/2621 2624/2624/2624
f 2624/2624/2624 2620/2620/2620 2623/2623/2623
f 2624/2624/2624 2621/2621/2621 2625/2625/2625
f 2625/2625/2625 2620/2620/2620 2624/2624/2624
f 2625/2625/2625 2621/2621/2621 2626/2626/2626
f 2626/2626/2626 2620/2620/2620 2625/2625/2625
f 2626/2626/2626 2621/2621/2621 2622/2622/2622
f 2622/2622/2622 2620/2620/2620 2626/2626/2626
f 2627/2627/2627 2628/2628/2628 2629/2629/2629
f 2627/2627/2627 2629/2629/2629 2630/2630/2630
f 2631/2631/2631 2632/2632/2632 2633/2633/2633
f 2631/2631/2631 2633/2633/2633 2634/2634/2634
f 2635/2635/2635 2636/2636/2636 2637/2637/2637
f 2635/2635/2635 2637/2637/2637 2638/2638/2638
f 2639/2639/2639 2640/2640/2640 2641/2641/2641
f 2639/2639/2639 2641/2641/2641 2642/2642/2642
f 2643/2643/2643 2644/2644/2644 2645/2645/2645
f 2643/2643/2643 2645/2645/2645 2646/2646/2646
f 2647/2647/2647 2648/2648/2648 2649/2649/2649
f 2647/2647/2647 2649/2649/2649 2650/2650/2650
f 2723/2723/2723 2724/2724/2724 2725/2725/2725
f 2723/2723/2723 2725/2725/2725 2726/2726/2726
f 2727/2727/2727 2728/2728/2728 2729/2729/2729
f 2727/2727/2727 2729/2729/2729 2730/2730/2730
f 2731/2731/2731 2732/2732/2732 2733/2733/2733
f 2731/2731/2731 2733/2733/2733 2734/2734/2734
f 2735/2735/2735 2736/2736/2736 2737/2737/2737
f 2735/2735/2735 2737/2737/2737 2738/2738/2738
f 2739/2739/2739 2740/2740/2740 2741/2741/2741
f 2739/2739/2739 2741/2741/2741 2742/2742/2742
f 2743/2743/2743 2744/2744/2744 2745/2745/2745
f 2743/2743/2743 2745/2745/2745 2746/2746/2746
f 2843/2843/2843 2844/2844/2844 2845/2845/2845
f 2843/2843/2843 2845/2845/2845 2846/2846/2846
f 2847/2847/2847 2848/2848/2848 2849/2849/2849
f 2847/2847/2847 2849/2849/2849 2850/2850/2850
f 2851/2851/2851 2852/2852/2852 2853/2853/2853
f 2851/2851/2851 2853/2853/2853 2854/2854/2854
f 2855/2855/2855 2856/2856/2856 2857/2857/2857
f 2855/2855/2855 2857/2857/2857 2858/2858/2858
f 2859/2859/2859 2860/2860/2860 2861/2861/2861
f 2859/2859/2859 2861/2861/2861 2862/2862/2862
f 2863/2863/2863 2864/2864/2864 2865/2865/2865
f 2863/2863/2863 2865/2865/2865 2866/2866/2866
f 2867/2867/2867 2868/2868/2868 2869/2869/2869
f 2867/2867/2867 2869/2869/2869 2870/2870/2870
f 2871/2871/2871 2872/2872/2872 2873/2873/2873
f 2871/2871/2871 2873/2873/2873 2874/2874/2874
f 2875/2875/2875 2876/2876/2876 2877/2877/2877
f 2875/2875/2875 2877/2877/2877 2878/2878/2878
f 2879/2879/2879 2880/2880/2880 2881/2881/2881
f 2879/2879/2879 2881/2881/2881 2882/2882/2882
f 2883/2883/2883 2884/2884/2884 2885/2885/2885
f 2883/2883/2883 2885/2885/2885 2886/2886/2886
f 2887/2887/2887 2888/2888/2888 2889/2889/2889
f 2887/2887/2887 2889/2889/2889 2890/2890/2890
f 2963/2963/2963 2964/2964/2964 2965/2965/2965
f 2963/2963/2963 2965/2965/2965 2966/2966/2966
f 2967/2967/2967 2968/2968/2968 2969/2969/2969
f 2967/2967/2967 2969/2969/2969 2970/2970/2970
f 2971/2971/2971 2972/2972/2972 2973/2973/2973
f 2971/2971/2971 2973/2973/2973 2974/2974/2974
f 2975/2975/2975 2976/2976/2976 2977/2977/2977
f 2975/2975/2975 2977/2977/2977 2978/2978/2978
f 2979/2979/2979 2980/2980/2980 2981/2981/2981
f 2979/2979/2979 2981/2981/2981 2982/2982/2982
f 2983/2983/2983 2984/2984/2984 2985/2985/2985
f 2983/2983/2983 2985/2985/2985 2986/2986/2986
f 3083/3083/3083 3084/3084/3084 3085/3085/3085
f 3083/3083/3083 3085/3085/3085 3086/3086/3086
f 3087/3087/3087 3088/3088/3088 3089/3089/3089
f 3087/3087/3087 3089/3089/3089 3090/3090/3090
f 3091/3091/3091 3092/3092/3092 3093/3093/3093
f 3091/3091/3091 3093/3093/3093 3094/3094/3094
f 3095/3095/3095 3096/3096/3096 3097/3097/3097
f 3095/3095/3095 3097/3097/3097 3098/3098/3098
f 3099/3099/3099 3100/3100/3100 3101/3101/3101
f 3099/3099/3099 3101/3101/3101 3102/3102/3102
f 3103/3103/3103 3104/3104/3104 3105/3105/3105
f 3103/3103/3103 3105/3105/3105 3106/3106/3106
f 3107/3107/3107 3108/3108/3108 3109/3109/3109
f 3107/3107/3107 3109/3109/3109 3110/3110/3110
f 3111/3111/3111 3112/3112/3112 3113/3113/3113
f 3111/3111/3111 3113/3113/3113 3114/3114/3114
f 3115/3115/3115 3116/3116/3116 3117/3117/3117
f 3115/3115/3115 3117/3117/3117 3118/3118/3118
f 3119/3119/3119 3120/3120/3120 3121/3121/3121
f 3119/3119/3119 3121/3121/3121 3122/3122/3122
f 3123/3123/3123 3124/3124/3124 3125/3125/3125
f 3123/3123/3123 3125/3125/3125 3126/3126/3126
f 3127/3127/3127 3128/3128/3128 3129/3129/3129
f 3127/3127/3127 3129/3129/3129 3130/3130/3130
f 3203/3203/3203 3204/3204/3204 3205/3205/3205
f 3203/3203/3203 3205/3205/3205 3206/3206/3206
f 3207/3207/3207 3208/3208/3208 3209/3209/3209
f 3207/3207/3207 3209/3209/3209 3210/3210/3210
f 3211/3211/3211 3212/3212/3212 3213/3213/3213
f 3211/3211/3211 3213/3213/3213 3214/3214/3214
f 3215/3215/3215 3216/3216/3216 3217/3217/3217
f 3215/3215/3215 3217/3217/3217 3218/3218/3218
f 3219/3219/3219 3220/3220/3220 3221/3221/3221
f 3219/3219/3219 3221/3221/3221 3222/3222/3222
f 3223/3223/3223 3224/3224/3224 3225/3225/3225
f 3223/3223/3223 3225/3225/3225 3226/3226/3226
f 3323/3323/3323 3324/3324/3324 3325/3325/3325
f 3323/3323/3323 3325/3325/3325 3326/3326/3326
f 3327/3327/3327 3328/3328/3328 3329/3329/3329
f 3327/3327/3327 3329/3329/3329 3330/3330/3330
f 3331/3331/3331 3332/3332/3332 3333/3333/3333
f 3331/3331/3331 3333/3333/3333 3334/3334/3334
f 3335/3335/3335 3336/3336/3336 3337/3337/3337
f 3335/3335/3335 3337/3337/3337 3338/3338/3338
f 3339/3339/3339 3340/3340/3340 3341/3341/3341
f 3339/3339/3339 3341/3341/3341 3342/3342/3342
f 3343/3343/3343 3344/3344/3344 3345/3345/3345
f 3343/3343/3343 3345/3345/3345 3346/3346/3346
f 3347/3347/3347 3348/3348/3348 3349/3349/3349
f 3347/3347/3347 3349/3349/3349 3350/3350/3350
f 3351/3351/3351 3352/3352/3352 3353/3353/3353
f 3351/3351/3351 3353/3353/3353 3354/3354/3354
f 3355/3355/3355 3356/3356/3356 3357/3357/3357
f 3355/3355/3355 3357/3357/3357 3358/3358/3358
f 3359/3359/3359 3360/3360/3360 3361/3361/3361
f 3359/3359/3359 3361/3361/3361 3362/3362/3362
f 3363/3363/3363 3364/3364/3364 3365/3365/3365
f 3363/3363/3363 3365/3365/3365 3366/3366/3366
f 3367/3367/3367 3368/3368/3368 3369/3369/3369
f 3367/3367/3367 3369/3369/3369 3370/3370/3370
f 3443/3443/3443 3444/3444/3444 3445/3445/3445
f 3443/3443/3443 3445/3445/3445 3446/3446/3446
f 3447/3447/3447 3448/3448/3448 3449/3449/3449
f 3447/3447/3447 3449/3449/3449 3450/3450/3450
f 3451/3451/3451 3452/3452/3452 3453/3453/3453
f 3451/3451/3451 3453/3453/3453 3454/3454/3454
f 3455/3455/3455 3456/3456/3456 3457/3457/3457
f 3455/3455/3455 3457/3457/3457 3458/3458/3458
f 3459/3459/3459 3460/3460/3460 3461/3461/3461
f 3459/3459/3459 3461/3461/3461 3462/3462/3462
f 3463/3463/3463 3464/3464/3464 3465/3465/3465
f 3463/3463/3463 3465/3465/3465 3466/3466/3466
f 3563/3563/3563 3564/3564/3564 3565/3565/3565
f 3563/3563/3563 3565/3565/3565 3566/3566/3566
f 3567/3567/3567 3568/3568/3568 3569/3569/3569
f 3567/3567/3567 3569/3569/3569 3570/3570/3570
f 3571/3571/3571 3572/3572/3572 3573/3573/3573
f 3571/3571/3571 3573/3573/3573 3574/3574/3574
f 3575/3575/3575 3576/3576/3576 3577/3577/3577
f 3575/3575/3575 3577/3577/3577 3578/3578/3578
f 3579/3579/3579 3580/3580/3580 3581/3581/3581
f 3579/3579/3579 3581/3581/3581 3582/3582/3582
f 3583/3583/3583 3584/3584/3584 3585/3585/3585
f 3583/3583/3583 3585/3585/3585 3586/3586/3586
usemtl BackdropGold
s 1
f 1067/1067/1067 1071/1071/1071 1072/1072/1072
f 1067/1067/1067 1072/1072/1072 1068/1068/1068
f 1065/1065/1065 1069/1069/1069 1073/1073/1073
f 1066/1066/1066 1074/1074/1074 1070/1070/1070
f 1071/1071/1071 1075/1075/1075 1076/1076/1076
f 1071/1071/1071 1076/1076/1076 1072/1072/1072
f 1065/1065/1065 1073/1073/1073 1077/1077/1077
f 1066/1066/1066 1078/1078/1078 1074/1074/1074
f 1075/1075/1075 1079/1079/1079 1080/1080/1080
f 1075/1075/1075 1080/1080/1080 1076/1076/1076
f 1065/1065/1065 1077/1077/1077 1081/1081/1081
f 1066/1066/1066 1082/1082/1082 1078/1078/1078
f 1079/1079/1079 1083/1083/1083 1084/1084/1084
f 1079/1079/1079 1084/1084/1084 1080/1080/1080
f 1065/1065/1065 1081/1081/1081 1085/1085/1085
f 1066/1066/1066 1086/1086/1086 1082/1082/1082
f 1083/1083/1083 1087/1087/1087 1088/1088/1088
f 1083/1083/1083 1088/1088/1088 1084/1084/1084
f 1065/1065/1065 1085/1085/1085 1089/1089/1089
f 1066/1066/1066 1090/1090/1090 1086/1086/1086
f 1087/1087/1087 1091/1091/1091 1092/1092/1092
f 1087/1087/1087 1092/1092/1092 1088/1088/1088
f 1065/1065/1065 1089/1089/1089 1093/1093/1093
f 1066/1066/1066 1094/1094/1094 1090/1090/1090
f 1091/1091/1091 1095/1095/1095 1096/1096/1096
f 1091/1091/1091 1096/1096/1096 1092/1092/1092
f 1065/1065/1065 1093/1093/1093 1097/1097/1097
f 1066/1066/1066 1098/1098/1098 1094/1094/1094
f 1095/1095/1095 1099/1099/1099 1100/1100/1100
f 1095/1095/1095 1100/1100/1100 1096/1096/1096
f 1065/1065/1065 1097/1097/1097 1101/1101/1101
f 1066/1066/1066 1102/1102/1102 1098/1098/1098
f 1099/1099/1099 1103/1103/1103 1104/1104/1104
f 1099/1099/1099 1104/1104/1104 1100/1100/1100
f 1065/1065/1065 1101/1101/1101 1105/1105/1105
f 1066/1066/1066 1106/1106/1106 1102/1102/1102
f 1103/1103/1103 1107/1107/1107 1108/1108/1108
f 1103/1103/1103 1108/1108/1108 1104/1104/1104
f 1065/1065/1065 1105/1105/1105 1109/1109/1109
f 1066/1066/1066 1110/1110/1110 1106/1106/1106
f 1107/1107/1107 1111/1111/1111 1112/1112/1112
f 1107/1107/1107 1112/1112/1112 1108/1108/1108
f 1065/1065/1065 1109/1109/1109 1113/1113/1113
f 1066/1066/1066 1114/1114/1114 1110/1110/1110
f 1111/1111/1111 1115/1115/1115 1116/1116/1116
f 1111/1111/1111 1116/1116/1116 1112/1112/1112
f 1065/1065/1065 1113/1113/1113 1117/1117/1117
f 1066/1066/1066 1118/1118/1118 1114/1114/1114
f 1115/1115/1115 1119/1119/1119 1120/1120/1120
f 1115/1115/1115 1120/1120/1120 1116/1116/1116
f 1065/1065/1065 1117/1117/1117 1121/1121/1121
f 1066/1066/1066 1122/1122/1122 1118/1118/1118
f 1119/1119/1119 1123/1123/1123 1124/1124/1124
f 1119/1119/1119 1124/1124/1124 1120/1120/1120
f 1065/1065/1065 1121/1121/1121 1125/1125/1125
f 1066/1066/1066 1126/1126/1126 1122/1122/1122
f 1123/1123/1123 1127/1127/1127 1128/1128/1128
f 1123/1123/1123 1128/1128/1128 1124/1124/1124
f 1065/1065/1065 1125/1125/1125 1129/1129/1129
f 1066/1066/1066 1130/1130/1130 1126/1126/1126
f 1127/1127/1127 1131/1131/1131 1132/1132/1132
f 1127/1127/1127 1132/1132/1132 1128/1128/1128
f 1065/1065/1065 1129/1129/1129 1133/1133/1133
f 1066/1066/1066 1134/1134/1134 1130/1130/1130
f 1131/1131/1131 1135/1135/1135 1136/1136/1136
f 1131/1131/1131 1136/1136/1136 1132/1132/1132
f 1065/1065/1065 1133/1133/1133 1137/1137/1137
f 1066/1066/1066 1138/1138/1138 1134/1134/1134
f 1135/1135/1135 1139/1139/1139 1140/1140/1140
f 1135/1135/1135 1140/1140/1140 1136/1136/1136
f 1065/1065/1065 1137/1137/1137 1141/1141/1141
f 1066/1066/1066 1142/1142/1142 1138/1138/1138
f 1139/1139/1139 1143/1143/1143 1144/1144/1144
f 1139/1139/1139 1144/1144/1144 1140/1140/1140
f 1065/1065/1065 1141/1141/1141 1145/1145/1145
f 1066/1066/1066 1146/1146/1146 1142/1142/1142
f 1143/1143/1143 1147/1147/1147 1148/1148/1148
f 1143/1143/1143 1148/1148/1148 1144/1144/1144
f 1065/1065/1065 1145/1145/1145 1149/1149/1149
f 1066/1066/1066 1150/1150/1150 1146/1146/1146
f 1147/1147/1147 1151/1151/1151 1152/1152/1152
f 1147/1147/1147 1152/1152/1152 1148/1148/1148
f 1065/1065/1065 1149/1149/1149 1153/1153/1153
f 1066/1066/1066 1154/1154/1154 1150/1150/1150
f 1151/1151/1151 1155/1155/1155 1156/1156/1156
f 1151/1151/1151 1156/1156/1156 1152/1152/1152
f 1065/1065/1065 1153/1153/1153 1157/1157/1157
f 1066/1066/1066 1158/1158/1158 1154/1154/1154
f 1155/1155/1155 1159/1159/1159 1160/1160/1160
f 1155/1155/1155 1160/1160/1160 1156/1156/1156
f 1065/1065/1065 1157/1157/1157 1161/1161/1161
f 1066/1066/1066 1162/1162/1162 1158/1158/1158
f 1159/1159/1159 1163/1163/1163 1164/1164/1164
f 1159/1159/1159 1164/1164/1164 1160/1160/1160
f 1065/1065/1065 1161/1161/1161 1165/1165/1165
f 1066/1066/1066 1166/1166/1166 1162/1162/1162
f 1163/1163/1163 1167/1167/1167 1168/1168/1168
f 1163/1163/1163 1168/1168/1168 1164/1164/1164
f 1065/1065/1065 1165/1165/1165 1169/1169/1169
f 1066/1066/1066 1170/1170/1170 1166/1166/1166
f 1167/1167/1167 1171/1171/1171 1172/1172/1172
f 1167/1167/1167 1172/1172/1172 1168/1168/1168
f 1065/1065/1065 1169/1169/1169 1173/1173/1173
f 1066/1066/1066 1174/1174/1174 1170/1170/1170
f 1171/1171/1171 1175/1175/1175 1176/1176/1176
f 1171/1171/1171 1176/1176/1176 1172/1172/1172
f 1065/1065/1065 1173/1173/1173 1177/1177/1177
f 1066/1066/1066 1178/1178/1178 1174/1174/1174
f 1175/1175/1175 1179/1179/1179 1180/1180/1180
f 1175/1175/1175 1180/1180/1180 1176/1176/1176
f 1065/1065/1065 1177/1177/1177 1181/1181/1181
f 1066/1066/1066 1182/1182/1182 1178/1178/1178
f 1179/1179/1179 1183/1183/1183 1184/1184/1184
f 1179/1179/1179 1184/1184/1184 1180/1180/1180
f 1065/1065/1065 1181/1181/1181 1185/1185/1185
f 1066/1066/1066 1186/1186/1186 1182/1182/1182
f 1183/1183/1183 1187/1187/1187 1188/1188/1188
f 1183/1183/1183 1188/1188/1188 1184/1184/1184
f 1065/1065/1065 1185/1185/1185 1189/1189/1189
f 1066/1066/1066 1190/1190/1190 1186/1186/1186
f 1187/1187/1187 1191/1191/1191 1192/1192/1192
f 1187/1187/1187 1192/1192/1192 1188/1188/1188
f 1065/1065/1065 1189/1189/1189 1193/1193/1193
f 1066/1066/1066 1194/1194/1194 1190/1190/1190
f 1191/1191/1191 1195/1195/1195 1196/1196/1196
f 1191/1191/1191 1196/1196/1196 1192/1192/1192
f 1065/1065/1065 1193/1193/1193 1197/1197/1197
f 1066/1066/1066 1198/1198/1198 1194/1194/1194
f 1195/1195/1195 1199/1199/1199 1200/1200/1200
f 1195/1195/1195 1200/1200/1200 1196/1196/1196
f 1065/1065/1065 1197/1197/1197 1201/1201/1201
f 1066/1066/1066 1202/1202/1202 1198/1198/1198
f 1199/1199/1199 1203/1203/1203 1204/1204/1204
f 1199/1199/1199 1204/1204/1204 1200/1200/1200
f 1065/1065/1065 1201/1201/1201 1205/1205/1205
f 1066/1066/1066 1206/1206/1206 1202/1202/1202
f 1203/1203/1203 1207/1207/1207 1208/1208/1208
f 1203/1203/1203 1208/1208/1208 1204/1204/1204
f 1065/1065/1065 1205/1205/1205 1209/1209/1209
f 1066/1066/1066 1210/1210/1210 1206/1206/1206
f 1207/1207/1207 1211/1211/1211 1212/1212/1212
f 1207/1207/1207 1212/1212/1212 1208/1208/1208
f 1065/1065/1065 1209/1209/1209 1213/1213/1213
f 1066/1066/1066 1214/1214/1214 1210/1210/1210
f 1211/1211/1211 1215/1215/1215 1216/1216/1216
f 1211/1211/1211 1216/1216/1216 1212/1212/1212
f 1065/1065/1065 1213/1213/1213 1217/1217/1217
f 1066/1066/1066 1218/1218/1218 1214/1214/1214
f 1215/1215/1215 1219/1219/1219 1220/1220/1220
f 1215/1215/1215 1220/1220/1220 1216/1216/1216
f 1065/1065/1065 1217/1217/1217 1221/1221/1221
f 1066/1066/1066 1222/1222/1222 1218/1218/1218
f 1219/1219/1219 1223/1223/1223 1224/1224/1224
f 1219/1219/1219 1224/1224/1224 1220/1220/1220
f 1065/1065/1065 1221/1221/1221 1225/1225/1225
f 1066/1066/1066 1226/1226/1226 1222/1222/1222
f 1223/1223/1223 1227/1227/1227 1228/1228/1228
f 1223/1223/1223 1228/1228/1228 1224/1224/1224
f 1065/1065/1065 1225/1225/1225 1229/1229/1229
f 1066/1066/1066 1230/1230/1230 1226/1226/1226
f 1227/1227/1227 1231/1231/1231 1232/1232/1232
f 1227/1227/1227 1232/1232/1232 1228/1228/1228
f 1065/1065/1065 1229/1229/1229 1233/1233/1233
f 1066/1066/1066 1234/1234/1234 1230/1230/1230
f 1231/1231/1231 1235/1235/1235 1236/1236/1236
f 1231/1231/1231 1236/1236/1236 1232/1232/1232
f 1065/1065/1065 1233/1233/1233 1237/1237/1237
f 1066/1066/1066 1238/1238/1238 1234/1234/1234
f 1235/1235/1235 1239/1239/1239 1240/1240/1240
f 1235/1235/1235 1240/1240/1240 1236/1236/1236
f 1065/1065/1065 1237/1237/1237 1241/1241/1241
f 1066/1066/1066 1242/1242/1242 1238/1238/1238
f 1239/1239/1239 1243/1243/1243 1244/1244/1244
f 1239/1239/1239 1244/1244/1244 1240/1240/1240
f 1065/1065/1065 1241/1241/1241 1245/1245/1245
f 1066/1066/1066 1246/1246/1246 1242/1242/1242
f 1243/1243/1243 1247/1247/1247 1248/1248/1248
f 1243/1243/1243 1248/1248/1248 1244/1244/1244
f 1065/1065/1065 1245/1245/1245 1249/1249/1249
f 1066/1066/1066 1250/1250/1250 1246/1246/1246
f 1247/1247/1247 1251/1251/1251 1252/1252/1252
f 1247/1247/1247 1252/1252/1252 1248/1248/1248
f 1065/1065/1065 1249/1249/1249 1253/1253/1253
f 1066/1066/1066 1254/1254/1254 1250/1250/1250
f 1251/1251/1251 1255/1255/1255 1256/1256/1256
f 1251/1251/1251 1256/1256/1256 1252/1252/1252
f 1065/1065/1065 1253/1253/1253 1257/1257/1257
f 1066/1066/1066 1258/1258/1258 1254/1254/1254
f 1255/1255/1255 1259/1259/1259 1260/1260/1260
f 1255/1255/1255 1260/1260/1260 1256/1256/1256
f 1065/1065/1065 1257/1257/1257 1261/1261/1261
f 1066/1066/1066 1262/1262/1262 1258/1258/1258
f 1259/1259/1259 1263/1263/1263 1264/1264/1264
f 1259/1259/1259 1264/1264/1264 1260/1260/1260
f 1065/1065/1065 1261/1261/1261 1265/1265/1265
f 1066/1066/1066 1266/1266/1266 1262/1262/1262
f 1263/1263/1263 1267/1267/1267 1268/1268/1268
f 1263/1263/1263 1268/1268/1268 1264/1264/1264
f 1065/1065/1065 1265/1265/1265 1269/1269/1269
f 1066/1066/1066 1270/1270/1270 1266/1266/1266
f 1267/1267/1267 1271/1271/1271 1272/1272/1272
f 1267/1267/1267 1272/1272/1272 1268/1268/1268
f 1065/1065/1065 1269/1269/1269 1273/1273/1273
f 1066/1066/1066 1274/1274/1274 1270/1270/1270
f 1271/1271/1271 1275/1275/1275 1276/1276/1276
f 1271/1271/1271 1276/1276/1276 1272/1272/1272
f 1065/1065/1065 1273/1273/1273 1277/1277/1277
f 1066/1066/1066 1278/1278/1278 1274/1274/1274
f 1275/1275/1275 1279/1279/1279 1280/1280/1280
f 1275/1275/1275 1280/1280/1280 1276/1276/1276
f 1065/1065/1065 1277/1277/1277 1281/1281/1281
f 1066/1066/1066 1282/1282/1282 1278/1278/1278
f 1279/1279/1279 1283/1283/1283 1284/1284/1284
f 1279/1279/1279 1284/1284/1284 1280/1280/1280
f 1065/1065/1065 1281/1281/1281 1285/1285/1285
f 1066/1066/1066 1286/1286/1286 1282/1282/1282
f 1283/1283/1283 1287/1287/1287 1288/1288/1288
f 1283/1283/1283 1288/1288/1288 1284/1284/1284
f 1065/1065/1065 1285/1285/1285 1289/1289/1289
f 1066/1066/1066 1290/1290/1290 1286/1286/1286
f 1287/1287/1287 1291/1291/1291 1292/1292/1292
f 1287/1287/1287 1292/1292/1292 1288/1288/1288
f 1065/1065/1065 1289/1289/1289 1293/1293/1293
f 1066/1066/1066 1294/1294/1294 1290/1290/1290
f 1291/1291/1291 1295/1295/1295 1296/1296/1296
f 1291/1291/1291 1296/1296/1296 1292/1292/1292
f 1065/1065/1065 1293/1293/1293 1297/1297/1297
f 1066/1066/1066 1298/1298/1298 1294/1294/1294
f 1295/1295/1295 1299/1299/1299 1300/1300/1300
f 1295/1295/1295 1300/1300/1300 1296/1296/1296
f 1065/1065/1065 1297/1297/1297 1301/1301/1301
f 1066/1066/1066 1302/1302/1302 1298/1298/1298
f 1299/1299/1299 1303/1303/1303 1304/1304/1304
f 1299/1299/1299 1304/1304/1304 1300/1300/1300
f 1065/1065/1065 1301/1301/1301 1305/1305/1305
f 1066/1066/1066 1306/1306/1306 1302/1302/1302
f 1303/1303/1303 1307/1307/1307 1308/1308/1308
f 1303/1303/1303 1308/1308/1308 1304/1304/1304
f 1065/1065/1065 1305/1305/1305 1309/1309/1309
f 1066/1066/1066 1310/1310/1310 1306/1306/1306
f 1307/1307/1307 1311/1311/1311 1312/1312/1312
f 1307/1307/1307 1312/1312/1312 1308/1308/1308
f 1065/1065/1065 1309/1309/1309 1313/1313/1313
f 1066/1066/1066 1314/1314/1314 1310/1310/1310
f 1311/1311/1311 1315/1315/1315 1316/1316/1316
f 1311/1311/1311 1316/1316/1316 1312/1312/1312
f 1065/1065/1065 1313/1313/1313 1317/1317/1317
f 1066/1066/1066 1318/1318/1318 1314/1314/1314
f 1315/1315/1315 1319/1319/1319 1320/1320/1320
f 1315/1315/1315 1320/1320/1320 1316/1316/1316
f 1065/1065/1065 1317/1317/1317 1321/1321/1321
f 1066/1066/1066 1322/1322/1322 1318/1318/1318
f 1319/1319/1319 1323/1323/1323 1324/1324/1324
f 1319/1319/1319 1324/1324/1324 1320/1320/1320
f 1065/1065/1065 1321/1321/1321 1325/1325/1325
f 1066/1066/1066 1326/1326/1326 1322/1322/1322
f 1323/1323/1323 1327/1327/1327 1328/1328/1328
f 1323/1323/1323 1328/1328/1328 1324/1324/1324
f 1065/1065/1065 1325/1325/1325 1329/1329/1329
f 1066/1066/1066 1330/1330/1330 1326/1326/1326
f 1327/1327/1327 1331/1331/1331 1332/1332/1332
f 1327/1327/1327 1332/1332/1332 1328/1328/1328
f 1065/1065/1065 1329/1329/1329 1333/1333/1333
f 1066/1066/1066 1334/1334/1334 1330/1330/1330
f 1331/1331/1331 1335/1335/1335 1336/1336/1336
f 1331/1331/1331 1336/1336/1336 1332/1332/1332
f 1065/1065/1065 1333/1333/1333 1337/1337/1337
f 1066/1066/1066 1338/1338/1338 1334/1334/1334
f 1335/1335/1335 1339/1339/1339 1340/1340/1340
f 1335/1335/1335 1340/1340/1340 1336/1336/1336
f 1065/1065/1065 1337/1337/1337 1341/1341/1341
f 1066/1066/1066 1342/1342/1342 1338/1338/1338
f 1339/1339/1339 1343/1343/1343 1344/1344/1344
f 1339/1339/1339 1344/1344/1344 1340/1340/1340
f 1065/1065/1065 1341/1341/1341 1345/1345/1345
f 1066/1066/1066 1346/1346/1346 1342/1342/1342
f 1343/1343/1343 1347/1347/1347 1348/1348/1348
f 1343/1343/1343 1348/1348/1348 1344/1344/1344
f 1065/1065/1065 1345/1345/1345 1349/1349/1349
f 1066/1066/1066 1350/1350/1350 1346/1346/1346
f 1347/1347/1347 1351/1351/1351 1352/1352/1352
f 1347/1347/1347 1352/1352/1352 1348/1348/1348
f 1065/1065/1065 1349/1349/1349 1353/1353/1353
f 1066/1066/1066 1354/1354/1354 1350/1350/1350
f 1351/1351/1351 1355/1355/1355 1356/1356/1356
f 1351/1351/1351 1356/1356/1356 1352/1352/1352
f 1065/1065/1065 1353/1353/1353 1357/1357/1357
f 1066/1066/1066 1358/1358/1358 1354/1354/1354
f 1355/1355/1355 1359/1359/1359 1360/1360/1360
f 1355/1355/1355 1360/1360/1360 1356/1356/1356
f 1065/1065/1065 1357/1357/1357 1361/1361/1361
f 1066/1066/1066 1362/1362/1362 1358/1358/1358
f 1359/1359/1359 1363/1363/1363 1364/1364/1364
f 1359/1359/1359 1364/1364/1364 1360/1360/1360
f 1065/1065/1065 1361/1361/1361 1365/1365/1365
f 1066/1066/1066 1366/1366/1366 1362/1362/1362
f 1363/1363/1363 1367/1367/1367 1368/1368/1368
f 1363/1363/1363 1368/1368/1368 1364/1364/1364
f 1065/1065/1065 1365/1365/1365 1369/1369/1369
f 1066/1066/1066 1370/1370/1370 1366/1366/1366
f 1367/1367/1367 1371/1371/1371 1372/1372/1372
f 1367/1367/1367 1372/1372/1372 1368/1368/1368
f 1065/1065/1065 1369/1369/1369 1373/1373/1373
f 1066/1066/1066 1374/1374/1374 1370/1370/1370
f 1371/1371/1371 1375/1375/1375 1376/1376/1376
f 1371/1371/1371 1376/1376/1376 1372/1372/1372
f 1065/1065/1065 1373/1373/1373 1377/1377/1377
f 1066/1066/1066 1378/1378/1378 1374/1374/1374
f 1375/1375/1375 1379/1379/1379 1380/1380/1380
f 1375/1375/1375 1380/1380/1380 1376/1376/1376
f 1065/1065/1065 1377/1377/1377 1381/1381/1381
f 1066/1066/1066 1382/1382/1382 1378/1378/1378
f 1379/1379/1379 1383/1383/1383 1384/1384/1384
f 1379/1379/1379 1384/1384/1384 1380/1380/1380
f 1065/1065/1065 1381/1381/1381 1385/1385/1385
f 1066/1066/1066 1386/1386/1386 1382/1382/1382
f 1383/1383/1383 1067/1067/1067 1068/1068/1068
f 1383/1383/1383 1068/1068/1068 1384/1384/1384
f 1065/1065/1065 1385/1385/1385 1069/1069/1069
f 1066/1066/1066 1070/1070/1070 1386/1386/1386
f 1679/1679/1679 1683/1683/1683 1684/1684/1684
f 1679/1679/1679 1684/1684/1684 1680/1680/1680
f 1677/1677/1677 1681/1681/1681 1685/1685/1685
f 1678/1678/1678 1686/1686/1686 1682/1682/1682
f 1683/1683/1683 1687/1687/1687 1688/1688/1688
f 1683/1683/1683 1688/1688/1688 1684/1684/1684
f 1677/1677/1677 1685/1685/1685 1689/1689/1689
f 1678/1678/1678 1690/1690/1690 1686/1686/1686
f 1687/1687/1687 1691/1691/1691 1692/1692/1692
f 1687/1687/1687 1692/1692/1692 1688/1688/1688
f 1677/1677/1677 1689/1689/1689 1693/1693/1693
f 1678/1678/1678 1694/1694/1694 1690/1690/1690
f 1691/1691/1691 1695/1695/1695 1696/1696/1696
f 1691/1691/1691 1696/1696/1696 1692/1692/1692
f 1677/1677/1677 1693/1693/1693 1697/1697/1697
f 1678/1678/1678 1698/1698/1698 1694/1694/1694
f 1695/1695/1695 1699/1699/1699 1700/1700/1700
f 1695/1695/1695 1700/1700/1700 1696/1696/1696
f 1677/1677/1677 1697/1697/1697 1701/1701/1701
f 1678/1678/1678 1702/1702/1702 1698/1698/1698
f 1699/1699/1699 1703/1703/1703 1704/1704/1704
f 1699/1699/1699 1704/1704/1704 1700/1700/1700
f 1677/1677/1677 1701/1701/1701 1705/1705/1705
f 1678/1678/1678 1706/1706/1706 1702/1702/1702
f 1703/1703/1703 1707/1707/1707 1708/1708/1708
f 1703/1703/1703 1708/1708/1708 1704/1704/1704
f 1677/1677/1677 1705/1705/1705 1709/1709/1709
f 1678/1678/1678 1710/1710/1710 1706/1706/1706
f 1707/1707/1707 1711/1711/1711 1712/1712/1712
f 1707/1707/1707 1712/1712/1712 1708/1708/1708
f 1677/1677/1677 1709/1709/1709 1713/1713/1713
f 1678/1678/1678 1714/1714/1714 1710/1710/1710
f 1711/1711/1711 1715/1715/1715 1716/1716/1716
f 1711/1711/1711 1716/1716/1716 1712/1712/1712
f 1677/1677/1677 1713/1713/1713 1717/1717/1717
f 1678/1678/1678 1718/1718/1718 1714/1714/1714
f 1715/1715/1715 1719/1719/1719 1720/1720/1720
f 1715/1715/1715 1720/1720/1720 1716/1716/1716
f 1677/1677/1677 1717/1717/1717 1721/1721/1721
f 1678/1678/1678 1722/1722/1722 1718/1718/1718
f 1719/1719/1719 1723/1723/1723 1724/1724/1724
f 1719/1719/1719 1724/1724/1724 1720/1720/1720
f 1677/1677/1677 1721/1721/1721 1725/1725/1725
f 1678/1678/1678 1726/1726/1726 1722/1722/1722
f 1723/1723/1723 1727/1727/1727 1728/1728/1728
f 1723/1723/1723 1728/1728/1728 1724/1724/1724
f 1677/1677/1677 1725/1725/1725 1729/1729/1729
f 1678/1678/1678 1730/1730/1730 1726/1726/1726
f 1727/1727/1727 1731/1731/1731 1732/1732/1732
f 1727/1727/1727 1732/1732/1732 1728/1728/1728
f 1677/1677/1677 1729/1729/1729 1733/1733/1733
f 1678/1678/1678 1734/1734/1734 1730/1730/1730
f 1731/1731/1731 1735/1735/1735 1736/1736/1736
f 1731/1731/1731 1736/1736/1736 1732/1732/1732
f 1677/1677/1677 1733/1733/1733 1737/1737/1737
f 1678/1678/1678 1738/1738/1738 1734/1734/1734
f 1735/1735/1735 1739/1739/1739 1740/1740/1740
f 1735/1735/1735 1740/1740/1740 1736/1736/1736
f 1677/1677/1677 1737/1737/1737 1741/1741/1741
f 1678/1678/1678 1742/1742/1742 1738/1738/1738
f 1739/1739/1739 1743/1743/1743 1744/1744/1744
f 1739/1739/1739 1744/1744/1744 1740/1740/1740
f 1677/1677/1677 1741/1741/1741 1745/1745/1745
f 1678/1678/1678 1746/1746/1746 1742/1742/1742
f 1743/1743/1743 1747/1747/1747 1748/1748/1748
f 1743/1743/1743 1748/1748/1748 1744/1744/1744
f 1677/1677/1677 1745/1745/1745 1749/1749/1749
f 1678/1678/1678 1750/1750/1750 1746/1746/1746
f 1747/1747/1747 1751/1751/1751 1752/1752/1752
f 1747/1747/1747 1752/1752/1752 1748/1748/1748
f 1677/1677/1677 1749/1749/1749 1753/1753/1753
f 1678/1678/1678 1754/1754/1754 1750/1750/1750
f 1751/1751/1751 1755/1755/1755 1756/1756/1756
f 1751/1751/1751 1756/1756/1756 1752/1752/1752
f 1677/1677/1677 1753/1753/1753 1757/1757/1757
f 1678/1678/1678 1758/1758/1758 1754/1754/1754
f 1755/1755/1755 1759/1759/1759 1760/1760/1760
f 1755/1755/1755 1760/1760/1760 1756/1756/1756
f 1677/1677/1677 1757/1757/1757 1761/1761/1761
f 1678/1678/1678 1762/1762/1762 1758/1758/1758
f 1759/1759/1759 1763/1763/1763 1764/1764/1764
f 1759/1759/1759 1764/1764/1764 1760/1760/1760
f 1677/1677/1677 1761/1761/1761 1765/1765/1765
f 1678/1678/1678 1766/1766/1766 1762/1762/1762
f 1763/1763/1763 1767/1767/1767 1768/1768/1768
f 1763/1763/1763 1768/1768/1768 1764/1764/1764
f 1677/1677/1677 1765/1765/1765 1769/1769/1769
f 1678/1678/1678 1770/1770/1770 1766/1766/1766
f 1767/1767/1767 1771/1771/1771 1772/1772/1772
f 1767/1767/1767 1772/1772/1772 1768/1768/1768
f 1677/1677/1677 1769/1769/1769 1773/1773/1773
f 1678/1678/1678 1774/1774/1774 1770/1770/1770
f 1771/1771/1771 1775/1775/1775 1776/1776/1776
f 1771/1771/1771 1776/1776/1776 1772/1772/1772
f 1677/1677/1677 1773/1773/1773 1777/1777/1777
f 1678/1678/1678 1778/1778/1778 1774/1774/1774
f 1775/1775/1775 1779/1779/1779 1780/1780/1780
f 1775/1775/1775 1780/1780/1780 1776/1776/1776
f 1677/1677/1677 1777/1777/1777 1781/1781/1781
f 1678/1678/1678 1782/1782/1782 1778/1778/1778
f 1779/1779/1779 1783/1783/1783 1784/1784/1784
f 1779/1779/1779 1784/1784/1784 1780/1780/1780
f 1677/1677/1677 1781/1781/1781 1785/1785/1785
f 1678/1678/1678 1786/1786/1786 1782/1782/1782
f 1783/1783/1783 1787/1787/1787 1788/1788/1788
f 1783/1783/1783 1788/1788/1788 1784/1784/1784
f 1677/1677/1677 1785/1785/1785 1789/1789/1789
f 1678/1678/1678 1790/1790/1790 1786/1786/1786
f 1787/1787/1787 1791/1791/1791 1792/1792/1792
f 1787/1787/1787 1792/1792/1792 1788/1788/1788
f 1677/1677/1677 1789/1789/1789 1793/1793/1793
f 1678/1678/1678 1794/1794/1794 1790/1790/1790
f 1791/1791/1791 1795/1795/1795 1796/1796/1796
f 1791/1791/1791 1796/1796/1796 1792/1792/1792
f 1677/1677/1677 1793/1793/1793 1797/1797/1797
f 1678/1678/1678 1798/1798/1798 1794/1794/1794
f 1795/1795/1795 1799/1799/1799 1800/1800/1800
f 1795/1795/1795 1800/1800/1800 1796/1796/1796
f 1677/1677/1677 1797/1797/1797 1801/1801/1801
f 1678/1678/1678 1802/1802/1802 1798/1798/1798
f 1799/1799/1799 1803/1803/1803 1804/1804/1804
f 1799/1799/1799 1804/1804/1804 1800/1800/1800
f 1677/1677/1677 1801/1801/1801 1805/1805/1805
f 1678/1678/1678 1806/1806/1806 1802/1802/1802
f 1803/1803/1803 1807/1807/1807 1808/1808/1808
f 1803/1803/1803 1808/1808/1808 1804/1804/1804
f 1677/1677/1677 1805/1805/1805 1809/1809/1809
f 1678/1678/1678 1810/1810/1810 1806/1806/1806
f 1807/1807/1807 1811/1811/1811 1812/1812/1812
f 1807/1807/1807 1812/1812/1812 1808/1808/1808
f 1677/1677/1677 1809/1809/1809 1813/1813/1813
f 1678/1678/1678 1814/1814/1814 1810/1810/1810
f 1811/1811/1811 1815/1815/1815 1816/1816/1816
f 1811/1811/1811 1816/1816/1816 1812/1812/1812
f 1677/1677/1677 1813/1813/1813 1817/1817/1817
f 1678/1678/1678 1818/1818/1818 1814/1814/1814
f 1815/1815/1815 1819/1819/1819 1820/1820/1820
f 1815/1815/1815 1820/1820/1820 1816/1816/1816
f 1677/1677/1677 1817/1817/1817 1821/1821/1821
f 1678/1678/1678 1822/1822/1822 1818/1818/1818
f 1819/1819/1819 1823/1823/1823 1824/1824/1824
f 1819/1819/1819 1824/1824/1824 1820/1820/1820
f 1677/1677/1677 1821/1821/1821 1825/1825/1825
f 1678/1678/1678 1826/1826/1826 1822/1822/1822
f 1823/1823/1823 1827/1827/1827 1828/1828/1828
f 1823/1823/1823 1828/1828/1828 1824/1824/1824
f 1677/1677/1677 1825/1825/1825 1829/1829/1829
f 1678/1678/1678 1830/1830/1830 1826/1826/1826
f 1827/1827/1827 1831/1831/1831 1832/1832/1832
f 1827/1827/1827 1832/1832/1832 1828/1828/1828
f 1677/1677/1677 1829/1829/1829 1833/1833/1833
f 1678/1678/1678 1834/1834/1834 1830/1830/1830
f 1831/1831/1831 1835/1835/1835 1836/1836/1836
f 1831/1831/1831 1836/1836/1836 1832/1832/1832
f 1677/1677/1677 1833/1833/1833 1837/1837/1837
f 1678/1678/1678 1838/1838/1838 1834/1834/1834
f 1835/1835/1835 1839/1839/1839 1840/1840/1840
f 1835/1835/1835 1840/1840/1840 1836/1836/1836
f 1677/1677/1677 1837/1837/1837 1841/1841/1841
f 1678/1678/1678 1842/1842/1842 1838/1838/1838
f 1839/1839/1839 1843/1843/1843 1844/1844/1844
f 1839/1839/1839 1844/1844/1844 1840/1840/1840
f 1677/1677/1677 1841/1841/1841 1845/1845/1845
f 1678/1678/1678 1846/1846/1846 1842/1842/1842
f 1843/1843/1843 1847/1847/1847 1848/1848/1848
f 1843/1843/1843 1848/1848/1848 1844/1844/1844
f 1677/1677/1677 1845/1845/1845 1849/1849/1849
f 1678/1678/1678 1850/1850/1850 1846/1846/1846
f 1847/1847/1847 1851/1851/1851 1852/1852/1852
f 1847/1847/1847 1852/1852/1852 1848/1848/1848
f 1677/1677/1677 1849/1849/1849 1853/1853/1853
f 1678/1678/1678 1854/1854/1854 1850/1850/1850
f 1851/1851/1851 1855/1855/1855 1856/1856/1856
f 1851/1851/1851 1856/1856/1856 1852/1852/1852
f 1677/1677/1677 1853/1853/1853 1857/1857/1857
f 1678/1678/1678 1858/1858/1858 1854/1854/1854
f 1855/1855/1855 1859/1859/1859 1860/1860/1860
f 1855/1855/1855 1860/1860/1860 1856/1856/1856
f 1677/1677/1677 1857/1857/1857 1861/1861/1861
f 1678/1678/1678 1862/1862/1862 1858/1858/1858
f 1859/1859/1859 1863/1863/1863 1864/1864/1864
f 1859/1859/1859 1864/1864/1864 1860/1860/1860
f 1677/1677/1677 1861/1861/1861 1865/1865/1865
f 1678/1678/1678 1866/1866/1866 1862/1862/1862
f 1863/1863/1863 1867/1867/1867 1868/1868/1868
f 1863/1863/1863 1868/1868/1868 1864/1864/1864
f 1677/1677/1677 1865/1865/1865 1869/1869/1869
f 1678/1678/1678 1870/1870/1870 1866/1866/1866
f 1867/1867/1867 1871/1871/1871 1872/1872/1872
f 1867/1867/1867 1872/1872/1872 1868/1868/1868
f 1677/1677/1677 1869/1869/1869 1873/1873/1873
f 1678/1678/1678 1874/1874/1874 1870/1870/1870
f 1871/1871/1871 1875/1875/1875 1876/1876/1876
f 1871/1871/1871 1876/1876/1876 1872/1872/1872
f 1677/1677/1677 1873/1873/1873 1877/1877/1877
f 1678/1678/1678 1878/1878/1878 1874/1874/1874
f 1875/1875/1875 1879/1879/1879 1880/1880/1880
f 1875/1875/1875 1880/1880/1880 1876/1876/1876
f 1677/1677/1677 1877/1877/1877 1881/1881/1881
f 1678/1678/1678 1882/1882/1882 1878/1878/1878
f 1879/1879/1879 1883/1883/1883 1884/1884/1884
f 1879/1879/1879 1884/1884/1884 1880/1880/1880
f 1677/1677/1677 1881/1881/1881 1885/1885/1885
f 1678/1678/1678 1886/1886/1886 1882/1882/1882
f 1883/1883/1883 1887/1887/1887 1888/1888/1888
f 1883/1883/1883 1888/1888/1888 1884/1884/1884
f 1677/1677/1677 1885/1885/1885 1889/1889/1889
f 1678/1678/1678 1890/1890/1890 1886/1886/1886
f 1887/1887/1887 1891/1891/1891 1892/1892/1892
f 1887/1887/1887 1892/1892/1892 1888/1888/1888
f 1677/1677/1677 1889/1889/1889 1893/1893/1893
f 1678/1678/1678 1894/1894/1894 1890/1890/1890
f 1891/1891/1891 1895/1895/1895 1896/1896/1896
f 1891/1891/1891 1896/1896/1896 1892/1892/1892
f 1677/1677/1677 1893/1893/1893 1897/1897/1897
f 1678/1678/1678 1898/1898/1898 1894/1894/1894
f 1895/1895/1895 1899/1899/1899 1900/1900/1900
f 1895/1895/1895 1900/1900/1900 1896/1896/1896
f 1677/1677/1677 1897/1897/1897 1901/1901/1901
f 1678/1678/1678 1902/1902/1902 1898/1898/1898
f 1899/1899/1899 1903/1903/1903 1904/1904/1904
f 1899/1899/1899 1904/1904/1904 1900/1900/1900
f 1677/1677/1677 1901/1901/1901 1905/1905/1905
f 1678/1678/1678 1906/1906/1906 1902/1902/1902
f 1903/1903/1903 1907/1907/1907 1908/1908/1908
f 1903/1903/1903 1908/1908/1908 1904/1904/1904
f 1677/1677/1677 1905/1905/1905 1909/1909/1909
f 1678/1678/1678 1910/1910/1910 1906/1906/1906
f 1907/1907/1907 1911/1911/1911 1912/1912/1912
f 1907/1907/1907 1912/1912/1912 1908/1908/1908
f 1677/1677/1677 1909/1909/1909 1913/1913/1913
f 1678/1678/1678 1914/1914/1914 1910/1910/1910
f 1911/1911/1911 1915/1915/1915 1916/1916/1916
f 1911/1911/1911 1916/1916/1916 1912/1912/1912
f 1677/1677/1677 1913/1913/1913 1917/1917/1917
f 1678/1678/1678 1918/1918/1918 1914/1914/1914
f 1915/1915/1915 1919/1919/1919 1920/1920/1920
f 1915/1915/1915 1920/1920/1920 1916/1916/1916
f 1677/1677/1677 1917/1917/1917 1921/1921/1921
f 1678/1678/1678 1922/1922/1922 1918/1918/1918
f 1919/1919/1919 1923/1923/1923 1924/1924/1924
f 1919/1919/1919 1924/1924/1924 1920/1920/1920
f 1677/1677/1677 1921/1921/1921 1925/1925/1925
f 1678/1678/1678 1926/1926/1926 1922/1922/1922
f 1923/1923/1923 1927/1927/1927 1928/1928/1928
f 1923/1923/1923 1928/1928/1928 1924/1924/1924
f 1677/1677/1677 1925/1925/1925 1929/1929/1929
f 1678/1678/1678 1930/1930/1930 1926/1926/1926
f 1927/1927/1927 1931/1931/1931 1932/1932/1932
f 1927/1927/1927 1932/1932/1932 1928/1928/1928
f 1677/1677/1677 1929/1929/1929 1933/1933/1933
f 1678/1678/1678 1934/1934/1934 1930/1930/1930
f 1931/1931/1931 1679/1679/1679 1680/1680/1680
f 1931/1931/1931 1680/1680/1680 1932/1932/1932
f 1677/1677/1677 1933/1933/1933 1681/1681/1681
f 1678/1678/1678 1682/1682/1682 1934/1934/1934
f 2031/2031/2031 2032/2032/2032 2033/2033/2033
f 2031/2031/2031 2033/2033/2033 2034/2034/2034
f 2035/2035/2035 2036/2036/2036 2037/2037/2037
f 2035/2035/2035 2037/2037/2037 2038/2038/2038
f 2039/2039/2039 2040/2040/2040 2041/2041/2041
f 2039/2039/2039 2041/2041/2041 2042/2042/2042
f 2043/2043/2043 2044/2044/2044 2045/2045/2045
f 2043/2043/2043 2045/2045/2045 2046/2046/2046
f 2047/2047/2047 2048/2048/2048 2049/2049/2049
f 2047/2047/2047 2049/2049/2049 2050/2050/2050
f 2051/2051/2051 2052/2052/2052 2053/2053/2053
f 2051/2051/2051 2053/2053/2053 2054/2054/2054
f 2079/2079/2079 2080/2080/2080 2081/2081/2081
f 2079/2079/2079 2081/2081/2081 2082/2082/2082
f 2083/2083/2083 2084/2084/2084 2085/2085/2085
f 2083/2083/2083 2085/2085/2085 2086/2086/2086
f 2087/2087/2087 2088/2088/2088 2089/2089/2089
f 2087/2087/2087 2089/2089/2089 2090/2090/2090
f 2091/2091/2091 2092/2092/2092 2093/2093/2093
f 2091/2091/2091 2093/2093/2093 2094/2094/2094
f 2095/2095/2095 2096/2096/2096 2097/2097/2097
f 2095/2095/2095 2097/2097/2097 2098/2098/2098
f 2099/2099/2099 2100/2100/2100 2101/2101/2101
f 2099/2099/2099 2101/2101/2101 2102/2102/2102
f 2127/2127/2127 2128/2128/2128 2129/2129/2129
f 2127/2127/2127 2129/2129/2129 2130/2130/2130
f 2131/2131/2131 2132/2132/2132 2133/2133/2133
f 2131/2131/2131 2133/2133/2133 2134/2134/2134
f 2135/2135/2135 2136/2136/2136 2137/2137/2137
f 2135/2135/2135 2137/2137/2137 2138/2138/2138
f 2139/2139/2139 2140/2140/2140 2141/2141/2141
f 2139/2139/2139 2141/2141/2141 2142/2142/2142
f 2143/2143/2143 2144/2144/2144 2145/2145/2145
f 2143/2143/2143 2145/2145/2145 2146/2146/2146
f 2147/2147/2147 2148/2148/2148 2149/2149/2149
f 2147/2147/2147 2149/2149/2149 2150/2150/2150
f 2175/2175/2175 2176/2176/2176 2177/2177/2177
f 2175/2175/2175 2177/2177/2177 2178/2178/2178
f 2179/2179/2179 2180/2180/2180 2181/2181/2181
f 2179/2179/2179 2181/2181/2181 2182/2182/2182
f 2183/2183/2183 2184/2184/2184 2185/2185/2185
f 2183/2183/2183 2185/2185/2185 2186/2186/2186
f 2187/2187/2187 2188/2188/2188 2189/2189/2189
f 2187/2187/2187 2189/2189/2189 2190/2190/2190
f 2191/2191/2191 2192/2192/2192 2193/2193/2193
f 2191/2191/2191 2193/2193/2193 2194/2194/2194
f 2195/2195/2195 2196/2196/2196 2197/2197/2197
f 2195/2195/2195 2197/2197/2197 2198/2198/2198
f 2223/2223/2223 2224/2224/2224 2225/2225/2225
f 2223/2223/2223 2225/2225/2225 2226/2226/2226
f 2227/2227/2227 2228/2228/2228 2229/2229/2229
f 2227/2227/2227 2229/2229/2229 2230/2230/2230
f 2231/2231/2231 2232/2232/2232 2233/2233/2233
f 2231/2231/2231 2233/2233/2233 2234/2234/2234
f 2235/2235/2235 2236/2236/2236 2237/2237/2237
f 2235/2235/2235 2237/2237/2237 2238/2238/2238
f 2239/2239/2239 2240/2240/2240 2241/2241/2241
f 2239/2239/2239 2241/2241/2241 2242/2242/2242
f 2243/2243/2243 2244/2244/2244 2245/2245/2245
f 2243/2243/2243 2245/2245/2245 2246/2246/2246
f 2271/2271/2271 2272/2272/2272 2273/2273/2273
f 2271/2271/2271 2273/2273/2273 2274/2274/2274
f 2275/2275/2275 2276/2276/2276 2277/2277/2277
f 2275/2275/2275 2277/2277/2277 2278/2278/2278
f 2279/2279/2279 2280/2280/2280 2281/2281/2281
f 2279/2279/2279 2281/2281/2281 2282/2282/2282
f 2283/2283/2283 2284/2284/2284 2285/2285/2285
f 2283/2283/2283 2285/2285/2285 2286/2286/2286
f 2287/2287/2287 2288/2288/2288 2289/2289/2289
f 2287/2287/2287 2289/2289/2289 2290/2290/2290
f 2291/2291/2291 2292/2292/2292 2293/2293/2293
f 2291/2291/2291 2293/2293/2293 2294/2294/2294
f 2319/2319/2319 2320/2320/2320 2321/2321/2321
f 2319/2319/2319 2321/2321/2321 2322/2322/2322
f 2323/2323/2323 2324/2324/2324 2325/2325/2325
f 2323/2323/2323 2325/2325/2325 2326/2326/2326
f 2327/2327/2327 2328/2328/2328 2329/2329/2329
f 2327/2327/2327 2329/2329/2329 2330/2330/2330
f 2331/2331/2331 2332/2332/2332 2333/2333/2333
f 2331/2331/2331 2333/2333/2333 2334/2334/2334
f 2335/2335/2335 2336/2336/2336 2337/2337/2337
f 2335/2335/2335 2337/2337/2337 2338/2338/2338
f 2339/2339/2339 2340/2340/2340 2341/2341/2341
f 2339/2339/2339 2341/2341/2341 2342/2342/2342
f 2367/2367/2367 2368/2368/2368 2369/2369/2369
f 2367/2367/2367 2369/2369/2369 2370/2370/2370
f 2371/2371/2371 2372/2372/2372 2373/2373/2373
f 2371/2371/2371 2373/2373/2373 2374/2374/2374
f 2375/2375/2375 2376/2376/2376 2377/2377/2377
f 2375/2375/2375 2377/2377/2377 2378/2378/2378
f 2379/2379/2379 2380/2380/2380 2381/2381/2381
f 2379/2379/2379 2381/2381/2381 2382/2382/2382
f 2383/2383/2383 2384/2384/2384 2385/2385/2385
f 2383/2383/2383 2385/2385/2385 2386/2386/2386
f 2387/2387/2387 2388/2388/2388 2389/2389/2389
f 2387/2387/2387 2389/2389/2389 2390/2390/2390
f 2415/2415/2415 2416/2416/2416 2417/2417/2417
f 2415/2415/2415 2417/2417/2417 2418/2418/2418
f 2419/2419/2419 2420/2420/2420 2421/2421/2421
f 2419/2419/2419 2421/2421/2421 2422/2422/2422
f 2423/2423/2423 2424/2424/2424 2425/2425/2425
f 2423/2423/2423 2425/2425/2425 2426/2426/2426
f 2427/2427/2427 2428/2428/2428 2429/2429/2429
f 2427/2427/2427 2429/2429/2429 2430/2430/2430
f 2431/2431/2431 2432/2432/2432 2433/2433/2433
f 2431/2431/2431 2433/2433/2433 2434/2434/2434
f 2435/2435/2435 2436/2436/2436 2437/2437/2437
f 2435/2435/2435 2437/2437/2437 2438/2438/2438
f 2463/2463/2463 2464/2464/2464 2465/2465/2465
f 2463/2463/2463 2465/2465/2465 2466/2466/2466
f 2467/2467/2467 2468/2468/2468 2469/2469/2469
f 2467/2467/2467 2469/2469/2469 2470/2470/2470
f 2471/2471/2471 2472/2472/2472 2473/2473/2473
f 2471/2471/2471 2473/2473/2473 2474/2474/2474
f 2475/2475/2475 2476/2476/2476 2477/2477/2477
f 2475/2475/2475 2477/2477/2477 2478/2478/2478
f 2479/2479/2479 2480/2480/2480 2481/2481/2481
f 2479/2479/2479 2481/2481/2481 2482/2482/2482
f 2483/2483/2483 2484/2484/2484 2485/2485/2485
f 2483/2483/2483 2485/2485/2485 2486/2486/2486
f 2699/2699/2699 2700/2700/2700 2701/2701/2701
f 2699/2699/2699 2701/2701/2701 2702/2702/2702
f 2703/2703/2703 2704/2704/2704 2705/2705/2705
f 2703/2703/2703 2705/2705/2705 2706/2706/2706
f 2707/2707/2707 2708/2708/2708 2709/2709/2709
f 2707/2707/2707 2709/2709/2709 2710/2710/2710
f 2711/2711/2711 2712/2712/2712 2713/2713/2713
f 2711/2711/2711 2713/2713/2713 2714/2714/2714
f 2715/2715/2715 2716/2716/2716 2717/2717/2717
f 2715/2715/2715 2717/2717/2717 2718/2718/2718
f 2719/2719/2719 2720/2720/2720 2721/2721/2721
f 2719/2719/2719 2721/2721/2721 2722/2722/2722
f 2795/2795/2795 2796/2796/2796 2797/2797/2797
f 2795/2795/2795 2797/2797/2797 2798/2798/2798
f 2799/2799/2799 2800/2800/2800 2801/2801/2801
f 2799/2799/2799 2801/2801/2801 2802/2802/2802
f 2803/2803/2803 2804/2804/2804 2805/2805/2805
f 2803/2803/2803 2805/2805/2805 2806/2806/2806
f 2807/2807/2807 2808/2808/2808 2809/2809/2809
f 2807/2807/2807 2809/2809/2809 2810/2810/2810
f 2811/2811/2811 2812/2812/2812 2813/2813/2813
f 2811/2811/2811 2813/2813/2813 2814/2814/2814
f 2815/2815/2815 2816/2816/2816 2817/2817/2817
f 2815/2815/2815 2817/2817/2817 2818/2818/2818
f 2939/2939/2939 2940/2940/2940 2941/2941/2941
f 2939/2939/2939 2941/2941/2941 2942/2942/2942
f 2943/2943/2943 2944/2944/2944 2945/2945/2945
f 2943/2943/2943 2945/2945/2945 2946/2946/2946
f 2947/2947/2947 2948/2948/2948 2949/2949/2949
f 2947/2947/2947 2949/2949/2949 2950/2950/2950
f 2951/2951/2951 2952/2952/2952 2953/2953/2953
f 2951/2951/2951 2953/2953/2953 2954/2954/2954
f 2955/2955/2955 2956/2956/2956 2957/2957/2957
f 2955/2955/2955 2957/2957/2957 2958/2958/2958
f 2959/2959/2959 2960/2960/2960 2961/2961/2961
f 2959/2959/2959 2961/2961/2961 2962/2962/2962
f 3035/3035/3035 3036/3036/3036 3037/3037/3037
f 3035/3035/3035 3037/3037/3037 3038/3038/3038
f 3039/3039/3039 3040/3040/3040 3041/3041/3041
f 3039/3039/3039 3041/3041/3041 3042/3042/3042
f 3043/3043/3043 3044/3044/3044 3045/3045/3045
f 3043/3043/3043 3045/3045/3045 3046/3046/3046
f 3047/3047/3047 3048/3048/3048 3049/3049/3049
f 3047/3047/3047 3049/3049/3049 3050/3050/3050
f 3051/3051/3051 3052/3052/3052 3053/3053/3053
f 3051/3051/3051 3053/3053/3053 3054/3054/3054
f 3055/3055/3055 3056/3056/3056 3057/3057/3057
f 3055/3055/3055 3057/3057/3057 3058/3058/3058
f 3179/3179/3179 3180/3180/3180 3181/3181/3181
f 3179/3179/3179 3181/3181/3181 3182/3182/3182
f 3183/3183/3183 3184/3184/3184 3185/3185/3185
f 3183/3183/3183 3185/3185/3185 3186/3186/3186
f 3187/3187/3187 3188/3188/3188 3189/3189/3189
f 3187/3187/3187 3189/3189/3189 3190/3190/3190
f 3191/3191/3191 3192/3192/3192 3193/3193/3193
f 3191/3191/3191 3193/3193/3193 3194/3194/3194
f 3195/3195/3195 3196/3196/3196 3197/3197/3197
f 3195/3195/3195 3197/3197/3197 3198/3198/3198
f 3199/3199/3199 3200/3200/3200 3201/3201/3201
f 3199/3199/3199 3201/3201/3201 3202/3202/3202
f 3275/3275/3275 3276/3276/3276 3277/3277/3277
f 3275/3275/3275 3277/3277/3277 3278/3278/3278
f 3279/3279/3279 3280/3280/3280 3281/3281/3281
f 3279/3279/3279 3281/3281/3281 3282/3282/3282
f 3283/3283/3283 3284/3284/3284 3285/3285/3285
f 3283/3283/3283 3285/3285/3285 3286/3286/3286
f 3287/3287/3287 3288/3288/3288 3289/3289/3289
f 3287/3287/3287 3289/3289/3289 3290/3290/3290
f 3291/3291/3291 3292/3292/3292 3293/3293/3293
f 3291/3291/3291 3293/3293/3293 3294/3294/3294
f 3295/3295/3295 3296/3296/3296 3297/3297/3297
f 3295/3295/3295 3297/3297/3297 3298/3298/3298
f 3419/3419/3419 3420/3420/3420 3421/3421/3421
f 3419/3419/3419 3421/3421/3421 3422/3422/3422
f 3423/3423/3423 3424/3424/3424 3425/3425/3425
f 3423/3423/3423 3425/3425/3425 3426/3426/3426
f 3427/3427/3427 3428/3428/3428 3429/3429/3429
f 3427/3427/3427 3429/3429/3429 3430/3430/3430
f 3431/3431/3431 3432/3432/3432 3433/3433/3433
f 3431/3431/3431 3433/3433/3433 3434/3434/3434
f 3435/3435/3435 3436/3436/3436 3437/3437/3437
f 3435/3435/3435 3437/3437/3437 3438/3438/3438
f 3439/3439/3439 3440/3440/3440 3441/3441/3441
f 3439/3439/3439 3441/3441/3441 3442/3442/3442
f 3515/3515/3515 3516/3516/3516 3517/3517/3517
f 3515/3515/3515 3517/3517/3517 3518/3518/3518
f 3519/3519/3519 3520/3520/3520 3521/3521/3521
f 3519/3519/3519 3521/3521/3521 3522/3522/3522
f 3523/3523/3523 3524/3524/3524 3525/3525/3525
f 3523/3523/3523 3525/3525/3525 3526/3526/3526
f 3527/3527/3527 3528/3528/3528 3529/3529/3529
f 3527/3527/3527 3529/3529/3529 3530/3530/3530
f 3531/3531/3531 3532/3532/3532 3533/3533/3533
f 3531/3531/3531 3533/3533/3533 3534/3534/3534
f 3535/3535/3535 3536/3536/3536 3537/3537/3537
f 3535/3535/3535 3537/3537/3537 3538/3538/3538
usemtl BackdropRune
s off
f 2496/2496/2496 2495/2495/2495 2497/2497/2497
f 2497/2497/2497 2494/2494/2494 2496/2496/2496
f 2497/2497/2497 2495/2495/2495 2498/2498/2498
f 2498/2498/2498 2494/2494/2494 2497/2497/2497
f 2498/2498/2498 2495/2495/2495 2499/2499/2499
f 2499/2499/2499 2494/2494/2494 2498/2498/2498
f 2499/2499/2499 2495/2495/2495 2500/2500/2500
f 2500/2500/2500 2494/2494/2494 2499/2499/2499
f 2500/2500/2500 2495/2495/2495 2496/2496/2496
f 2496/2496/2496 2494/2494/2494 2500/2500/2500
f 2531/2531/2531 2530/2530/2530 2532/2532/2532
f 2532/2532/2532 2529/2529/2529 2531/2531/2531
f 2532/2532/2532 2530/2530/2530 2533/2533/2533
f 2533/2533/2533 2529/2529/2529 2532/2532/2532
f 2533/2533/2533 2530/2530/2530 2534/2534/2534
f 2534/2534/2534 2529/2529/2529 2533/2533/2533
f 2534/2534/2534 2530/2530/2530 2535/2535/2535
f 2535/2535/2535 2529/2529/2529 2534/2534/2534
f 2535/2535/2535 2530/2530/2530 2531/2531/2531
f 2531/2531/2531 2529/2529/2529 2535/2535/2535
f 2566/2566/2566 2565/2565/2565 2567/2567/2567
f 2567/2567/2567 2564/2564/2564 2566/2566/2566
f 2567/2567/2567 2565/2565/2565 2568/2568/2568
f 2568/2568/2568 2564/2564/2564 2567/2567/2567
f 2568/2568/2568 2565/2565/2565 2569/2569/2569
f 2569/2569/2569 2564/2564/2564 2568/2568/2568
f 2569/2569/2569 2565/2565/2565 2570/2570/2570
f 2570/2570/2570 2564/2564/2564 2569/2569/2569
f 2570/2570/2570 2565/2565/2565 2566/2566/2566
f 2566/2566/2566 2564/2564/2564 2570/2570/2570
f 2601/2601/2601 2600/2600/2600 2602/2602/2602
f 2602/2602/2602 2599/2599/2599 2601/2601/2601
f 2602/2602/2602 2600/2600/2600 2603/2603/2603
f 2603/2603/2603 2599/2599/2599 2602/2602/2602
f 2603/2603/2603 2600/2600/2600 2604/2604/2604
f 2604/2604/2604 2599/2599/2599 2603/2603/2603
f 2604/2604/2604 2600/2600/2600 2605/2605/2605
f 2605/2605/2605 2599/2599/2599 2604/2604/2604
f 2605/2605/2605 2600/2600/2600 2601/2601/2601
f 2601/2601/2601 2599/2599/2599 2605/2605/2605
