# CG2 Stage 3 High Crown background
mtllib high_crown_background.mtl
o high_crown_horizon_citadel
v -118.0000000 -2.0000000 -108.0000000
v -118.0000000 -47.0000000 -108.0000000
v -90.0000000 -47.0000000 -108.0000000
v -111.2800000 -2.0000000 -108.0000000
v -111.2800000 -2.0000000 -108.0000000
v -90.0000000 -47.0000000 -108.0000000
v -93.7512887 -47.0000000 -97.0000000
v -112.1803093 -2.0000000 -105.3600000
v -112.1803093 -2.0000000 -105.3600000
v -93.7512887 -47.0000000 -97.0000000
v -104.0000000 -47.0000000 -88.9474411
v -114.6400000 -2.0000000 -103.4273859
v -114.6400000 -2.0000000 -103.4273859
v -104.0000000 -47.0000000 -88.9474411
v -118.0000000 -47.0000000 -86.0000000
v -118.0000000 -2.0000000 -102.7200000
v -118.0000000 -2.0000000 -102.7200000
v -118.0000000 -47.0000000 -86.0000000
v -132.0000000 -47.0000000 -88.9474411
v -121.3600000 -2.0000000 -103.4273859
v -121.3600000 -2.0000000 -103.4273859
v -132.0000000 -47.0000000 -88.9474411
v -142.2487113 -47.0000000 -97.0000000
v -123.8196907 -2.0000000 -105.3600000
v -123.8196907 -2.0000000 -105.3600000
v -142.2487113 -47.0000000 -97.0000000
v -146.0000000 -47.0000000 -108.0000000
v -124.7200000 -2.0000000 -108.0000000
v -124.7200000 -2.0000000 -108.0000000
v -146.0000000 -47.0000000 -108.0000000
v -142.2487113 -47.0000000 -119.0000000
v -123.8196907 -2.0000000 -110.6400000
v -123.8196907 -2.0000000 -110.6400000
v -142.2487113 -47.0000000 -119.0000000
v -132.0000000 -47.0000000 -127.0525589
v -121.3600000 -2.0000000 -112.5726141
v -121.3600000 -2.0000000 -112.5726141
v -132.0000000 -47.0000000 -127.0525589
v -118.0000000 -47.0000000 -130.0000000
v -118.0000000 -2.0000000 -113.2800000
v -118.0000000 -2.0000000 -113.2800000
v -118.0000000 -47.0000000 -130.0000000
v -104.0000000 -47.0000000 -127.0525589
v -114.6400000 -2.0000000 -112.5726141
v -114.6400000 -2.0000000 -112.5726141
v -104.0000000 -47.0000000 -127.0525589
v -93.7512887 -47.0000000 -119.0000000
v -112.1803093 -2.0000000 -110.6400000
v -112.1803093 -2.0000000 -110.6400000
v -93.7512887 -47.0000000 -119.0000000
v -127.5200000 -14.6000000 -106.2400000
v -127.5200000 -47.0000000 -106.2400000
v -107.9200000 -47.0000000 -106.2400000
v -124.3840000 -14.6000000 -106.2400000
v -124.3840000 -14.6000000 -106.2400000
v -107.9200000 -47.0000000 -106.2400000
v -112.5055289 -47.0000000 -98.6036832
v -125.1176846 -14.6000000 -105.0181893
v -125.1176846 -14.6000000 -105.0181893
v -112.5055289 -47.0000000 -98.6036832
v -124.1164957 -47.0000000 -94.5404839
v -126.9754393 -14.6000000 -104.3680774
v -126.9754393 -14.6000000 -104.3680774
v -124.1164957 -47.0000000 -94.5404839
v -137.3200000 -47.0000000 -95.9516182
v -129.0880000 -14.6000000 -104.5938589
v -129.0880000 -14.6000000 -104.5938589
v -137.3200000 -47.0000000 -95.9516182
v -145.9379754 -47.0000000 -102.1768007
v -130.4668761 -14.6000000 -105.5898881
v -130.4668761 -14.6000000 -105.5898881
v -145.9379754 -47.0000000 -102.1768007
v -145.9379754 -47.0000000 -110.3031993
v -130.4668761 -14.6000000 -106.8901119
v -130.4668761 -14.6000000 -106.8901119
v -145.9379754 -47.0000000 -110.3031993
v -137.3200000 -47.0000000 -116.5283818
v -129.0880000 -14.6000000 -107.8861411
v -129.0880000 -14.6000000 -107.8861411
v -137.3200000 -47.0000000 -116.5283818
v -124.1164957 -47.0000000 -117.9395161
v -126.9754393 -14.6000000 -108.1119226
v -126.9754393 -14.6000000 -108.1119226
v -124.1164957 -47.0000000 -117.9395161
v -112.5055289 -47.0000000 -113.8763168
v -125.1176846 -14.6000000 -107.4618107
v -125.1176846 -14.6000000 -107.4618107
v -112.5055289 -47.0000000 -113.8763168
v -109.3200000 -18.2000000 -110.4200000
v -109.3200000 -47.0000000 -110.4200000
v -91.9600000 -47.0000000 -110.4200000
v -106.5424000 -18.2000000 -110.4200000
v -106.5424000 -18.2000000 -110.4200000
v -91.9600000 -47.0000000 -110.4200000
v -96.0214685 -47.0000000 -101.9352036
v -107.1922350 -18.2000000 -109.0624326
v -107.1922350 -18.2000000 -109.0624326
v -96.0214685 -47.0000000 -101.9352036
v -106.3054676 -47.0000000 -97.4205377
v -108.8376748 -18.2000000 -108.3400860
v -108.8376748 -18.2000000 -108.3400860
v -106.3054676 -47.0000000 -97.4205377
v -118.0000000 -47.0000000 -98.9884647
v -110.7088000 -18.2000000 -108.5909543
v -110.7088000 -18.2000000 -108.5909543
v -118.0000000 -47.0000000 -98.9884647
v -125.6330639 -47.0000000 -105.9053341
v -111.9300902 -18.2000000 -109.6976535
v -111.9300902 -18.2000000 -109.6976535
v -125.6330639 -47.0000000 -105.9053341
v -125.6330639 -47.0000000 -114.9346659
v -111.9300902 -18.2000000 -111.1423465
v -111.9300902 -18.2000000 -111.1423465
v -125.6330639 -47.0000000 -114.9346659
v -118.0000000 -47.0000000 -121.8515353
v -110.7088000 -18.2000000 -112.2490457
v -110.7088000 -18.2000000 -112.2490457
v -118.0000000 -47.0000000 -121.8515353
v -106.3054676 -47.0000000 -123.4194623
v -108.8376748 -18.2000000 -112.4999140
v -108.8376748 -18.2000000 -112.4999140
v -106.3054676 -47.0000000 -123.4194623
v -96.0214685 -47.0000000 -118.9047964
v -107.1922350 -18.2000000 -111.7775674
v -107.1922350 -18.2000000 -111.7775674
v -96.0214685 -47.0000000 -118.9047964
v -117.4400000 -21.3500000 -100.5200000
v -117.4400000 -47.0000000 -100.5200000
v -102.3200000 -47.0000000 -100.5200000
v -115.0208000 -21.3500000 -100.5200000
v -115.0208000 -21.3500000 -100.5200000
v -102.3200000 -47.0000000 -100.5200000
v -105.8574080 -47.0000000 -93.7321628
v -115.5867853 -21.3500000 -99.4339461
v -115.5867853 -21.3500000 -99.4339461
v -105.8574080 -47.0000000 -93.7321628
v -114.8144396 -47.0000000 -90.1204301
v -117.0199103 -21.3500000 -98.8560688
v -117.0199103 -21.3500000 -98.8560688
v -114.8144396 -47.0000000 -90.1204301
v -125.0000000 -47.0000000 -91.3747717
v -118.6496000 -21.3500000 -99.0567635
v -118.6496000 -21.3500000 -99.0567635
v -125.0000000 -47.0000000 -91.3747717
v -131.6481524 -47.0000000 -96.9082673
v -119.7133044 -21.3500000 -99.9421228
v -119.7133044 -21.3500000 -99.9421228
v -131.6481524 -47.0000000 -96.9082673
v -131.6481524 -47.0000000 -104.1317327
v -119.7133044 -21.3500000 -101.0978772
v -119.7133044 -21.3500000 -101.0978772
v -131.6481524 -47.0000000 -104.1317327
v -125.0000000 -47.0000000 -109.6652283
v -118.6496000 -21.3500000 -101.9832365
v -118.6496000 -21.3500000 -101.9832365
v -125.0000000 -47.0000000 -109.6652283
v -114.8144396 -47.0000000 -110.9195699
v -117.0199103 -21.3500000 -102.1839312
v -117.0199103 -21.3500000 -102.1839312
v -114.8144396 -47.0000000 -110.9195699
v -105.8574080 -47.0000000 -107.3078372
v -115.5867853 -21.3500000 -101.6060539
v -115.5867853 -21.3500000 -101.6060539
v -105.8574080 -47.0000000 -107.3078372
v -118.0000000 -2.0000000 -108.0000000
v -118.0000000 -6.0000000 -108.0000000
v -106.2400000 -6.0000000 -108.0000000
v -110.1600000 -2.0000000 -108.0000000
v -110.1600000 -2.0000000 -108.0000000
v -106.2400000 -6.0000000 -108.0000000
v -107.8155413 -6.0000000 -103.3800000
v -111.2103608 -2.0000000 -104.9200000
v -111.2103608 -2.0000000 -104.9200000
v -107.8155413 -6.0000000 -103.3800000
v -112.1200000 -6.0000000 -99.9979253
v -114.0800000 -2.0000000 -102.6652835
v -114.0800000 -2.0000000 -102.6652835
v -112.1200000 -6.0000000 -99.9979253
v -118.0000000 -6.0000000 -98.7600000
v -118.0000000 -2.0000000 -101.8400000
v -118.0000000 -2.0000000 -101.8400000
v -118.0000000 -6.0000000 -98.7600000
v -123.8800000 -6.0000000 -99.9979253
v -121.9200000 -2.0000000 -102.6652835
v -121.9200000 -2.0000000 -102.6652835
v -123.8800000 -6.0000000 -99.9979253
v -128.1844587 -6.0000000 -103.3800000
v -124.7896392 -2.0000000 -104.9200000
v -124.7896392 -2.0000000 -104.9200000
v -128.1844587 -6.0000000 -103.3800000
v -129.7600000 -6.0000000 -108.0000000
v -125.8400000 -2.0000000 -108.0000000
v -125.8400000 -2.0000000 -108.0000000
v -129.7600000 -6.0000000 -108.0000000
v -128.1844587 -6.0000000 -112.6200000
v -124.7896392 -2.0000000 -111.0800000
v -124.7896392 -2.0000000 -111.0800000
v -128.1844587 -6.0000000 -112.6200000
v -123.8800000 -6.0000000 -116.0020747
v -121.9200000 -2.0000000 -113.3347165
v -121.9200000 -2.0000000 -113.3347165
v -123.8800000 -6.0000000 -116.0020747
v -118.0000000 -6.0000000 -117.2400000
v -118.0000000 -2.0000000 -114.1600000
v -118.0000000 -2.0000000 -114.1600000
v -118.0000000 -6.0000000 -117.2400000
v -112.1200000 -6.0000000 -116.0020747
v -114.0800000 -2.0000000 -113.3347165
v -114.0800000 -2.0000000 -113.3347165
v -112.1200000 -6.0000000 -116.0020747
v -107.8155413 -6.0000000 -112.6200000
v -111.2103608 -2.0000000 -111.0800000
v -111.2103608 -2.0000000 -111.0800000
v -107.8155413 -6.0000000 -112.6200000
v -118.0000000 -1.5000000 -108.0000000
v -118.0000000 -2.0000000 -108.0000000
v -109.8800000 -2.0000000 -108.0000000
v -109.8800000 -1.5000000 -108.0000000
v -109.8800000 -1.5000000 -108.0000000
v -109.8800000 -2.0000000 -108.0000000
v -110.4980982 -2.0000000 -105.5584797
v -110.4980982 -1.5000000 -105.5584797
v -110.4980982 -1.5000000 -105.5584797
v -110.4980982 -2.0000000 -105.5584797
v -112.2582929 -2.0000000 -103.4886587
v -112.2582929 -1.5000000 -103.4886587
v -112.2582929 -1.5000000 -103.4886587
v -112.2582929 -2.0000000 -103.4886587
v -114.8926105 -2.0000000 -102.1056486
v -114.8926105 -1.5000000 -102.1056486
v -114.8926105 -1.5000000 -102.1056486
v -114.8926105 -2.0000000 -102.1056486
v -118.0000000 -2.0000000 -101.6200000
v -118.0000000 -1.5000000 -101.6200000
v -118.0000000 -1.5000000 -101.6200000
v -118.0000000 -2.0000000 -101.6200000
v -121.1073895 -2.0000000 -102.1056486
v -121.1073895 -1.5000000 -102.1056486
v -121.1073895 -1.5000000 -102.1056486
v -121.1073895 -2.0000000 -102.1056486
v -123.7417071 -2.0000000 -103.4886587
v -123.7417071 -1.5000000 -103.4886587
v -123.7417071 -1.5000000 -103.4886587
v -123.7417071 -2.0000000 -103.4886587
v -125.5019018 -2.0000000 -105.5584797
v -125.5019018 -1.5000000 -105.5584797
v -125.5019018 -1.5000000 -105.5584797
v -125.5019018 -2.0000000 -105.5584797
v -126.1200000 -2.0000000 -108.0000000
v -126.1200000 -1.5000000 -108.0000000
v -126.1200000 -1.5000000 -108.0000000
v -126.1200000 -2.0000000 -108.0000000
v -125.5019018 -2.0000000 -110.4415203
v -125.5019018 -1.5000000 -110.4415203
v -125.5019018 -1.5000000 -110.4415203
v -125.5019018 -2.0000000 -110.4415203
v -123.7417071 -2.0000000 -112.5113413
v -123.7417071 -1.5000000 -112.5113413
v -123.7417071 -1.5000000 -112.5113413
v -123.7417071 -2.0000000 -112.5113413
v -121.1073895 -2.0000000 -113.8943514
v -121.1073895 -1.5000000 -113.8943514
v -121.1073895 -1.5000000 -113.8943514
v -121.1073895 -2.0000000 -113.8943514
v -118.0000000 -2.0000000 -114.3800000
v -118.0000000 -1.5000000 -114.3800000
v -118.0000000 -1.5000000 -114.3800000
v -118.0000000 -2.0000000 -114.3800000
v -114.8926105 -2.0000000 -113.8943514
v -114.8926105 -1.5000000 -113.8943514
v -114.8926105 -1.5000000 -113.8943514
v -114.8926105 -2.0000000 -113.8943514
v -112.2582929 -2.0000000 -112.5113413
v -112.2582929 -1.5000000 -112.5113413
v -112.2582929 -1.5000000 -112.5113413
v -112.2582929 -2.0000000 -112.5113413
v -110.4980982 -2.0000000 -110.4415203
v -110.4980982 -1.5000000 -110.4415203
v -110.4980982 -1.5000000 -110.4415203
v -110.4980982 -2.0000000 -110.4415203
v -118.0000000 -1.3300000 -108.0000000
v -118.0000000 -1.5100000 -108.0000000
v -109.6000000 -1.5100000 -108.0000000
v -109.6000000 -1.3300000 -108.0000000
v -109.6000000 -1.3300000 -108.0000000
v -109.6000000 -1.5100000 -108.0000000
v -110.2394119 -1.5100000 -105.4742893
v -110.2394119 -1.3300000 -105.4742893
v -110.2394119 -1.3300000 -105.4742893
v -110.2394119 -1.5100000 -105.4742893
v -112.0603030 -1.5100000 -103.3330952
v -112.0603030 -1.3300000 -103.3330952
v -112.0603030 -1.3300000 -103.3330952
v -112.0603030 -1.5100000 -103.3330952
v -114.7854592 -1.5100000 -101.9023951
v -114.7854592 -1.3300000 -101.9023951
v -114.7854592 -1.3300000 -101.9023951
v -114.7854592 -1.5100000 -101.9023951
v -118.0000000 -1.5100000 -101.4000000
v -118.0000000 -1.3300000 -101.4000000
v -118.0000000 -1.3300000 -101.4000000
v -118.0000000 -1.5100000 -101.4000000
v -121.2145408 -1.5100000 -101.9023951
v -121.2145408 -1.3300000 -101.9023951
v -121.2145408 -1.3300000 -101.9023951
v -121.2145408 -1.5100000 -101.9023951
v -123.9396970 -1.5100000 -103.3330952
v -123.9396970 -1.3300000 -103.3330952
v -123.9396970 -1.3300000 -103.3330952
v -123.9396970 -1.5100000 -103.3330952
v -125.7605881 -1.5100000 -105.4742893
v -125.7605881 -1.3300000 -105.4742893
v -125.7605881 -1.3300000 -105.4742893
v -125.7605881 -1.5100000 -105.4742893
v -126.4000000 -1.5100000 -108.0000000
v -126.4000000 -1.3300000 -108.0000000
v -126.4000000 -1.3300000 -108.0000000
v -126.4000000 -1.5100000 -108.0000000
v -125.7605881 -1.5100000 -110.5257107
v -125.7605881 -1.3300000 -110.5257107
v -125.7605881 -1.3300000 -110.5257107
v -125.7605881 -1.5100000 -110.5257107
v -123.9396970 -1.5100000 -112.6669048
v -123.9396970 -1.3300000 -112.6669048
v -123.9396970 -1.3300000 -112.6669048
v -123.9396970 -1.5100000 -112.6669048
v -121.2145408 -1.5100000 -114.0976049
v -121.2145408 -1.3300000 -114.0976049
v -121.2145408 -1.3300000 -114.0976049
v -121.2145408 -1.5100000 -114.0976049
v -118.0000000 -1.5100000 -114.6000000
v -118.0000000 -1.3300000 -114.6000000
v -118.0000000 -1.3300000 -114.6000000
v -118.0000000 -1.5100000 -114.6000000
v -114.7854592 -1.5100000 -114.0976049
v -114.7854592 -1.3300000 -114.0976049
v -114.7854592 -1.3300000 -114.0976049
v -114.7854592 -1.5100000 -114.0976049
v -112.0603030 -1.5100000 -112.6669048
v -112.0603030 -1.3300000 -112.6669048
v -112.0603030 -1.3300000 -112.6669048
v -112.0603030 -1.5100000 -112.6669048
v -110.2394119 -1.5100000 -110.5257107
v -110.2394119 -1.3300000 -110.5257107
v -110.2394119 -1.3300000 -110.5257107
v -110.2394119 -1.5100000 -110.5257107
v -120.8000000 -1.1600000 -105.2000000
v -115.2000000 -1.1600000 -105.2000000
v -115.2000000 8.8400000 -105.2000000
v -120.8000000 8.8400000 -105.2000000
v -115.2000000 -1.1600000 -110.8000000
v -120.8000000 -1.1600000 -110.8000000
v -120.8000000 8.8400000 -110.8000000
v -115.2000000 8.8400000 -110.8000000
v -115.2000000 -1.1600000 -105.2000000
v -115.2000000 -1.1600000 -110.8000000
v -115.2000000 8.8400000 -110.8000000
v -115.2000000 8.8400000 -105.2000000
v -120.8000000 -1.1600000 -110.8000000
v -120.8000000 -1.1600000 -105.2000000
v -120.8000000 8.8400000 -105.2000000
v -120.8000000 8.8400000 -110.8000000
v -120.8000000 8.8400000 -105.2000000
v -115.2000000 8.8400000 -105.2000000
v -115.2000000 8.8400000 -110.8000000
v -120.8000000 8.8400000 -110.8000000
v -120.8000000 -1.1600000 -110.8000000
v -115.2000000 -1.1600000 -110.8000000
v -115.2000000 -1.1600000 -105.2000000
v -120.8000000 -1.1600000 -105.2000000
v -121.3500000 8.8400000 -104.6500000
v -114.6500000 8.8400000 -104.6500000
v -114.6500000 9.4000000 -104.6500000
v -121.3500000 9.4000000 -104.6500000
v -114.6500000 8.8400000 -111.3500000
v -121.3500000 8.8400000 -111.3500000
v -121.3500000 9.4000000 -111.3500000
v -114.6500000 9.4000000 -111.3500000
v -114.6500000 8.8400000 -104.6500000
v -114.6500000 8.8400000 -111.3500000
v -114.6500000 9.4000000 -111.3500000
v -114.6500000 9.4000000 -104.6500000
v -121.3500000 8.8400000 -111.3500000
v -121.3500000 8.8400000 -104.6500000
v -121.3500000 9.4000000 -104.6500000
v -121.3500000 9.4000000 -111.3500000
v -121.3500000 9.4000000 -104.6500000
v -114.6500000 9.4000000 -104.6500000
v -114.6500000 9.4000000 -111.3500000
v -121.3500000 9.4000000 -111.3500000
v -121.3500000 8.8400000 -111.3500000
v -114.6500000 8.8400000 -111.3500000
v -114.6500000 8.8400000 -104.6500000
v -121.3500000 8.8400000 -104.6500000
v -120.0160000 7.3900000 -105.0000000
v -115.9840000 7.3900000 -105.0000000
v -115.9840000 7.7900000 -105.0000000
v -120.0160000 7.7900000 -105.0000000
v -115.9840000 7.3900000 -105.2400000
v -120.0160000 7.3900000 -105.2400000
v -120.0160000 7.7900000 -105.2400000
v -115.9840000 7.7900000 -105.2400000
v -115.9840000 7.3900000 -105.0000000
v -115.9840000 7.3900000 -105.2400000
v -115.9840000 7.7900000 -105.2400000
v -115.9840000 7.7900000 -105.0000000
v -120.0160000 7.3900000 -105.2400000
v -120.0160000 7.3900000 -105.0000000
v -120.0160000 7.7900000 -105.0000000
v -120.0160000 7.7900000 -105.2400000
v -120.0160000 7.7900000 -105.0000000
v -115.9840000 7.7900000 -105.0000000
v -115.9840000 7.7900000 -105.2400000
v -120.0160000 7.7900000 -105.2400000
v -120.0160000 7.3900000 -105.2400000
v -115.9840000 7.3900000 -105.2400000
v -115.9840000 7.3900000 -105.0000000
v -120.0160000 7.3900000 -105.0000000
v -118.0000000 9.4940000 -108.0000000
v -118.0000000 13.2940000 -108.0000000
v -116.7120000 11.0900000 -108.0000000
v -117.6019861 11.0900000 -106.7750392
v -119.0420139 11.0900000 -107.2429326
v -119.0420139 11.0900000 -108.7570674
v -117.6019861 11.0900000 -109.2249608
v -120.6000000 -0.4000000 -101.2800000
v -115.4000000 -0.4000000 -101.2800000
v -115.4000000 5.2000000 -101.2800000
v -120.6000000 5.2000000 -101.2800000
v -115.4000000 -0.4000000 -101.5200000
v -120.6000000 -0.4000000 -101.5200000
v -120.6000000 5.2000000 -101.5200000
v -115.4000000 5.2000000 -101.5200000
v -115.4000000 -0.4000000 -101.2800000
v -115.4000000 -0.4000000 -101.5200000
v -115.4000000 5.2000000 -101.5200000
v -115.4000000 5.2000000 -101.2800000
v -120.6000000 -0.4000000 -101.5200000
v -120.6000000 -0.4000000 -101.2800000
v -120.6000000 5.2000000 -101.2800000
v -120.6000000 5.2000000 -101.5200000
v -120.6000000 5.2000000 -101.2800000
v -115.4000000 5.2000000 -101.2800000
v -115.4000000 5.2000000 -101.5200000
v -120.6000000 5.2000000 -101.5200000
v -120.6000000 -0.4000000 -101.5200000
v -115.4000000 -0.4000000 -101.5200000
v -115.4000000 -0.4000000 -101.2800000
v -120.6000000 -0.4000000 -101.2800000
v 0.0000000 9.0000000 -150.0000000
v 0.0000000 -47.0000000 -150.0000000
v 43.0000000 -47.0000000 -150.0000000
v 10.3200000 9.0000000 -150.0000000
v 10.3200000 9.0000000 -150.0000000
v 43.0000000 -47.0000000 -150.0000000
v 37.2390924 -47.0000000 -134.5000000
v 8.9373822 9.0000000 -146.2800000
v 8.9373822 9.0000000 -146.2800000
v 37.2390924 -47.0000000 -134.5000000
v 21.5000000 -47.0000000 -123.1532125
v 5.1600000 9.0000000 -143.5567710
v 5.1600000 9.0000000 -143.5567710
v 21.5000000 -47.0000000 -123.1532125
v 0.0000000 -47.0000000 -119.0000000
v 0.0000000 9.0000000 -142.5600000
v 0.0000000 9.0000000 -142.5600000
v 0.0000000 -47.0000000 -119.0000000
v -21.5000000 -47.0000000 -123.1532125
v -5.1600000 9.0000000 -143.5567710
v -5.1600000 9.0000000 -143.5567710
v -21.5000000 -47.0000000 -123.1532125
v -37.2390924 -47.0000000 -134.5000000
v -8.9373822 9.0000000 -146.2800000
v -8.9373822 9.0000000 -146.2800000
v -37.2390924 -47.0000000 -134.5000000
v -43.0000000 -47.0000000 -150.0000000
v -10.3200000 9.0000000 -150.0000000
v -10.3200000 9.0000000 -150.0000000
v -43.0000000 -47.0000000 -150.0000000
v -37.2390924 -47.0000000 -165.5000000
v -8.9373822 9.0000000 -153.7200000
v -8.9373822 9.0000000 -153.7200000
v -37.2390924 -47.0000000 -165.5000000
v -21.5000000 -47.0000000 -176.8467875
v -5.1600000 9.0000000 -156.4432290
v -5.1600000 9.0000000 -156.4432290
v -21.5000000 -47.0000000 -176.8467875
v -0.0000000 -47.0000000 -181.0000000
v -0.0000000 9.0000000 -157.4400000
v -0.0000000 9.0000000 -157.4400000
v -0.0000000 -47.0000000 -181.0000000
v 21.5000000 -47.0000000 -176.8467875
v 5.1600000 9.0000000 -156.4432290
v 5.1600000 9.0000000 -156.4432290
v 21.5000000 -47.0000000 -176.8467875
v 37.2390924 -47.0000000 -165.5000000
v 8.9373822 9.0000000 -153.7200000
v 8.9373822 9.0000000 -153.7200000
v 37.2390924 -47.0000000 -165.5000000
v -14.6200000 -6.6800000 -147.5200000
v -14.6200000 -47.0000000 -147.5200000
v 15.4800000 -47.0000000 -147.5200000
v -9.8040000 -6.6800000 -147.5200000
v -9.8040000 -6.6800000 -147.5200000
v 15.4800000 -47.0000000 -147.5200000
v 8.4379377 -47.0000000 -136.7597354
v -10.9307300 -6.6800000 -145.7983577
v -10.9307300 -6.6800000 -145.7983577
v 8.4379377 -47.0000000 -136.7597354
v -9.3931899 -47.0000000 -131.0343182
v -13.7837104 -6.6800000 -144.8822909
v -13.7837104 -6.6800000 -144.8822909
v -9.3931899 -47.0000000 -131.0343182
v -29.6700000 -47.0000000 -133.0227347
v -17.0280000 -6.6800000 -145.2004376
v -17.0280000 -6.6800000 -145.2004376
v -29.6700000 -47.0000000 -133.0227347
v -42.9047479 -47.0000000 -141.7945828
v -19.1455597 -6.6800000 -146.6039332
v -19.1455597 -6.6800000 -146.6039332
v -42.9047479 -47.0000000 -141.7945828
v -42.9047479 -47.0000000 -153.2454172
v -19.1455597 -6.6800000 -148.4360668
v -19.1455597 -6.6800000 -148.4360668
v -42.9047479 -47.0000000 -153.2454172
v -29.6700000 -47.0000000 -162.0172653
v -17.0280000 -6.6800000 -149.8395624
v -17.0280000 -6.6800000 -149.8395624
v -29.6700000 -47.0000000 -162.0172653
v -9.3931899 -47.0000000 -164.0056818
v -13.7837104 -6.6800000 -150.1577091
v -13.7837104 -6.6800000 -150.1577091
v -9.3931899 -47.0000000 -164.0056818
v 8.4379377 -47.0000000 -158.2802646
v -10.9307300 -6.6800000 -149.2416423
v -10.9307300 -6.6800000 -149.2416423
v 8.4379377 -47.0000000 -158.2802646
v 13.3300000 -11.1600000 -153.4100000
v 13.3300000 -47.0000000 -153.4100000
v 39.9900000 -47.0000000 -153.4100000
v 17.5956000 -11.1600000 -153.4100000
v 17.5956000 -11.1600000 -153.4100000
v 39.9900000 -47.0000000 -153.4100000
v 33.7527449 -47.0000000 -141.4541505
v 16.5976392 -11.1600000 -151.4970641
v 16.5976392 -11.1600000 -151.4970641
v 33.7527449 -47.0000000 -141.4541505
v 17.9594604 -47.0000000 -135.0925758
v 14.0707137 -11.1600000 -150.4792121
v 14.0707137 -11.1600000 -150.4792121
v 17.9594604 -47.0000000 -135.0925758
v 0.0000000 -47.0000000 -137.3019275
v 11.1972000 -11.1600000 -150.8327084
v 11.1972000 -11.1600000 -150.8327084
v 0.0000000 -47.0000000 -137.3019275
v -11.7222053 -47.0000000 -147.0484253
v 9.3216472 -11.1600000 -152.3921481
v 9.3216472 -11.1600000 -152.3921481
v -11.7222053 -47.0000000 -147.0484253
v -11.7222053 -47.0000000 -159.7715747
v 9.3216472 -11.1600000 -154.4278519
v 9.3216472 -11.1600000 -154.4278519
v -11.7222053 -47.0000000 -159.7715747
v -0.0000000 -47.0000000 -169.5180725
v 11.1972000 -11.1600000 -155.9872916
v 11.1972000 -11.1600000 -155.9872916
v -0.0000000 -47.0000000 -169.5180725
v 17.9594604 -47.0000000 -171.7274242
v 14.0707137 -11.1600000 -156.3407879
v 14.0707137 -11.1600000 -156.3407879
v 17.9594604 -47.0000000 -171.7274242
v 33.7527449 -47.0000000 -165.3658495
v 16.5976392 -11.1600000 -155.3229359
v 16.5976392 -11.1600000 -155.3229359
v 33.7527449 -47.0000000 -165.3658495
v 0.8600000 -15.0800000 -139.4600000
v 0.8600000 -47.0000000 -139.4600000
v 24.0800000 -47.0000000 -139.4600000
v 4.5752000 -15.0800000 -139.4600000
v 4.5752000 -15.0800000 -139.4600000
v 24.0800000 -47.0000000 -139.4600000
v 18.6475520 -47.0000000 -129.8953204
v 3.7060083 -15.0800000 -137.9296513
v 3.7060083 -15.0800000 -137.9296513
v 18.6475520 -47.0000000 -129.8953204
v 4.8921107 -47.0000000 -124.8060606
v 1.5051377 -15.0800000 -137.1153697
v 1.5051377 -15.0800000 -137.1153697
v 4.8921107 -47.0000000 -124.8060606
v -10.7500000 -47.0000000 -126.5735420
v -0.9976000 -15.0800000 -137.3981667
v -0.9976000 -15.0800000 -137.3981667
v -10.7500000 -47.0000000 -126.5735420
v -20.9596627 -47.0000000 -134.3707403
v -2.6311460 -15.0800000 -138.6457184
v -2.6311460 -15.0800000 -138.6457184
v -20.9596627 -47.0000000 -134.3707403
v -20.9596627 -47.0000000 -144.5492597
v -2.6311460 -15.0800000 -140.2742816
v -2.6311460 -15.0800000 -140.2742816
v -20.9596627 -47.0000000 -144.5492597
v -10.7500000 -47.0000000 -152.3464580
v -0.9976000 -15.0800000 -141.5218333
v -0.9976000 -15.0800000 -141.5218333
v -10.7500000 -47.0000000 -152.3464580
v 4.8921107 -47.0000000 -154.1139394
v 1.5051377 -15.0800000 -141.8046303
v 1.5051377 -15.0800000 -141.8046303
v 4.8921107 -47.0000000 -154.1139394
v 18.6475520 -47.0000000 -149.0246796
v 3.7060083 -15.0800000 -140.9903487
v 3.7060083 -15.0800000 -140.9903487
v 18.6475520 -47.0000000 -149.0246796
v 0.0000000 9.0000000 -150.0000000
v 0.0000000 5.0000000 -150.0000000
v 18.0600000 5.0000000 -150.0000000
v 12.0400000 9.0000000 -150.0000000
v 12.0400000 9.0000000 -150.0000000
v 18.0600000 5.0000000 -150.0000000
v 15.6404188 5.0000000 -143.4900000
v 10.4269459 9.0000000 -145.6600000
v 10.4269459 9.0000000 -145.6600000
v 15.6404188 5.0000000 -143.4900000
v 9.0300000 5.0000000 -138.7243492
v 6.0200000 9.0000000 -142.4828995
v 6.0200000 9.0000000 -142.4828995
v 9.0300000 5.0000000 -138.7243492
v 0.0000000 5.0000000 -136.9800000
v 0.0000000 9.0000000 -141.3200000
v 0.0000000 9.0000000 -141.3200000
v 0.0000000 5.0000000 -136.9800000
v -9.0300000 5.0000000 -138.7243492
v -6.0200000 9.0000000 -142.4828995
v -6.0200000 9.0000000 -142.4828995
v -9.0300000 5.0000000 -138.7243492
v -15.6404188 5.0000000 -143.4900000
v -10.4269459 9.0000000 -145.6600000
v -10.4269459 9.0000000 -145.6600000
v -15.6404188 5.0000000 -143.4900000
v -18.0600000 5.0000000 -150.0000000
v -12.0400000 9.0000000 -150.0000000
v -12.0400000 9.0000000 -150.0000000
v -18.0600000 5.0000000 -150.0000000
v -15.6404188 5.0000000 -156.5100000
v -10.4269459 9.0000000 -154.3400000
v -10.4269459 9.0000000 -154.3400000
v -15.6404188 5.0000000 -156.5100000
v -9.0300000 5.0000000 -161.2756508
v -6.0200000 9.0000000 -157.5171005
v -6.0200000 9.0000000 -157.5171005
v -9.0300000 5.0000000 -161.2756508
v -0.0000000 5.0000000 -163.0200000
v -0.0000000 9.0000000 -158.6800000
v -0.0000000 9.0000000 -158.6800000
v -0.0000000 5.0000000 -163.0200000
v 9.0300000 5.0000000 -161.2756508
v 6.0200000 9.0000000 -157.5171005
v 6.0200000 9.0000000 -157.5171005
v 9.0300000 5.0000000 -161.2756508
v 15.6404188 5.0000000 -156.5100000
v 10.4269459 9.0000000 -154.3400000
v 10.4269459 9.0000000 -154.3400000
v 15.6404188 5.0000000 -156.5100000
v 0.0000000 9.5000000 -150.0000000
v 0.0000000 9.0000000 -150.0000000
v 12.4700000 9.0000000 -150.0000000
v 12.4700000 9.5000000 -150.0000000
v 12.4700000 9.5000000 -150.0000000
v 12.4700000 9.0000000 -150.0000000
v 11.5207778 9.0000000 -146.5596759
v 11.5207778 9.5000000 -146.5596759
v 11.5207778 9.5000000 -146.5596759
v 11.5207778 9.0000000 -146.5596759
v 8.8176216 9.0000000 -143.6431100
v 8.8176216 9.5000000 -143.6431100
v 8.8176216 9.5000000 -143.6431100
v 8.8176216 9.0000000 -143.6431100
v 4.7720624 9.0000000 -141.6943230
v 4.7720624 9.5000000 -141.6943230
v 4.7720624 9.5000000 -141.6943230
v 4.7720624 9.0000000 -141.6943230
v 0.0000000 9.0000000 -141.0100000
v 0.0000000 9.5000000 -141.0100000
v 0.0000000 9.5000000 -141.0100000
v 0.0000000 9.0000000 -141.0100000
v -4.7720624 9.0000000 -141.6943230
v -4.7720624 9.5000000 -141.6943230
v -4.7720624 9.5000000 -141.6943230
v -4.7720624 9.0000000 -141.6943230
v -8.8176216 9.0000000 -143.6431100
v -8.8176216 9.5000000 -143.6431100
v -8.8176216 9.5000000 -143.6431100
v -8.8176216 9.0000000 -143.6431100
v -11.5207778 9.0000000 -146.5596759
v -11.5207778 9.5000000 -146.5596759
v -11.5207778 9.5000000 -146.5596759
v -11.5207778 9.0000000 -146.5596759
v -12.4700000 9.0000000 -150.0000000
v -12.4700000 9.5000000 -150.0000000
v -12.4700000 9.5000000 -150.0000000
v -12.4700000 9.0000000 -150.0000000
v -11.5207778 9.0000000 -153.4403241
v -11.5207778 9.5000000 -153.4403241
v -11.5207778 9.5000000 -153.4403241
v -11.5207778 9.0000000 -153.4403241
v -8.8176216 9.0000000 -156.3568900
v -8.8176216 9.5000000 -156.3568900
v -8.8176216 9.5000000 -156.3568900
v -8.8176216 9.0000000 -156.3568900
v -4.7720624 9.0000000 -158.3056770
v -4.7720624 9.5000000 -158.3056770
v -4.7720624 9.5000000 -158.3056770
v -4.7720624 9.0000000 -158.3056770
v -0.0000000 9.0000000 -158.9900000
v -0.0000000 9.5000000 -158.9900000
v -0.0000000 9.5000000 -158.9900000
v -0.0000000 9.0000000 -158.9900000
v 4.7720624 9.0000000 -158.3056770
v 4.7720624 9.5000000 -158.3056770
v 4.7720624 9.5000000 -158.3056770
v 4.7720624 9.0000000 -158.3056770
v 8.8176216 9.0000000 -156.3568900
v 8.8176216 9.5000000 -156.3568900
v 8.8176216 9.5000000 -156.3568900
v 8.8176216 9.0000000 -156.3568900
v 11.5207778 9.0000000 -153.4403241
v 11.5207778 9.5000000 -153.4403241
v 11.5207778 9.5000000 -153.4403241
v 11.5207778 9.0000000 -153.4403241
v 0.0000000 9.6700000 -150.0000000
v 0.0000000 9.4900000 -150.0000000
v 12.9000000 9.4900000 -150.0000000
v 12.9000000 9.6700000 -150.0000000
v 12.9000000 9.6700000 -150.0000000
v 12.9000000 9.4900000 -150.0000000
v 11.9180460 9.4900000 -146.4410441
v 11.9180460 9.6700000 -146.4410441
v 11.9180460 9.6700000 -146.4410441
v 11.9180460 9.4900000 -146.4410441
v 9.1216775 9.4900000 -143.4239069
v 9.1216775 9.6700000 -143.4239069
v 9.1216775 9.6700000 -143.4239069
v 9.1216775 9.4900000 -143.4239069
v 4.9366163 9.4900000 -141.4079203
v 4.9366163 9.6700000 -141.4079203
v 4.9366163 9.6700000 -141.4079203
v 4.9366163 9.4900000 -141.4079203
v 0.0000000 9.4900000 -140.7000000
v 0.0000000 9.6700000 -140.7000000
v 0.0000000 9.6700000 -140.7000000
v 0.0000000 9.4900000 -140.7000000
v -4.9366163 9.4900000 -141.4079203
v -4.9366163 9.6700000 -141.4079203
v -4.9366163 9.6700000 -141.4079203
v -4.9366163 9.4900000 -141.4079203
v -9.1216775 9.4900000 -143.4239069
v -9.1216775 9.6700000 -143.4239069
v -9.1216775 9.6700000 -143.4239069
v -9.1216775 9.4900000 -143.4239069
v -11.9180460 9.4900000 -146.4410441
v -11.9180460 9.6700000 -146.4410441
v -11.9180460 9.6700000 -146.4410441
v -11.9180460 9.4900000 -146.4410441
v -12.9000000 9.4900000 -150.0000000
v -12.9000000 9.6700000 -150.0000000
v -12.9000000 9.6700000 -150.0000000
v -12.9000000 9.4900000 -150.0000000
v -11.9180460 9.4900000 -153.5589559
v -11.9180460 9.6700000 -153.5589559
v -11.9180460 9.6700000 -153.5589559
v -11.9180460 9.4900000 -153.5589559
v -9.1216775 9.4900000 -156.5760931
v -9.1216775 9.6700000 -156.5760931
v -9.1216775 9.6700000 -156.5760931
v -9.1216775 9.4900000 -156.5760931
v -4.9366163 9.4900000 -158.5920797
v -4.9366163 9.6700000 -158.5920797
v -4.9366163 9.6700000 -158.5920797
v -4.9366163 9.4900000 -158.5920797
v -0.0000000 9.4900000 -159.3000000
v -0.0000000 9.6700000 -159.3000000
v -0.0000000 9.6700000 -159.3000000
v -0.0000000 9.4900000 -159.3000000
v 4.9366163 9.4900000 -158.5920797
v 4.9366163 9.6700000 -158.5920797
v 4.9366163 9.6700000 -158.5920797
v 4.9366163 9.4900000 -158.5920797
v 9.1216775 9.4900000 -156.5760931
v 9.1216775 9.6700000 -156.5760931
v 9.1216775 9.6700000 -156.5760931
v 9.1216775 9.4900000 -156.5760931
v 11.9180460 9.4900000 -153.5589559
v 11.9180460 9.6700000 -153.5589559
v 11.9180460 9.6700000 -153.5589559
v 11.9180460 9.4900000 -153.5589559
v -20.6000000 9.8400000 -147.4000000
v -15.4000000 9.8400000 -147.4000000
v -15.4000000 27.0400000 -147.4000000
v -20.6000000 27.0400000 -147.4000000
v -15.4000000 9.8400000 -152.6000000
v -20.6000000 9.8400000 -152.6000000
v -20.6000000 27.0400000 -152.6000000
v -15.4000000 27.0400000 -152.6000000
v -15.4000000 9.8400000 -147.4000000
v -15.4000000 9.8400000 -152.6000000
v -15.4000000 27.0400000 -152.6000000
v -15.4000000 27.0400000 -147.4000000
v -20.6000000 9.8400000 -152.6000000
v -20.6000000 9.8400000 -147.4000000
v -20.6000000 27.0400000 -147.4000000
v -20.6000000 27.0400000 -152.6000000
v -20.6000000 27.0400000 -147.4000000
v -15.4000000 27.0400000 -147.4000000
v -15.4000000 27.0400000 -152.6000000
v -20.6000000 27.0400000 -152.6000000
v -20.6000000 9.8400000 -152.6000000
v -15.4000000 9.8400000 -152.6000000
v -15.4000000 9.8400000 -147.4000000
v -20.6000000 9.8400000 -147.4000000
v -21.1500000 27.0400000 -146.8500000
v -14.8500000 27.0400000 -146.8500000
v -14.8500000 27.6000000 -146.8500000
v -21.1500000 27.6000000 -146.8500000
v -14.8500000 27.0400000 -153.1500000
v -21.1500000 27.0400000 -153.1500000
v -21.1500000 27.6000000 -153.1500000
v -14.8500000 27.6000000 -153.1500000
v -14.8500000 27.0400000 -146.8500000
v -14.8500000 27.0400000 -153.1500000
v -14.8500000 27.6000000 -153.1500000
v -14.8500000 27.6000000 -146.8500000
v -21.1500000 27.0400000 -153.1500000
v -21.1500000 27.0400000 -146.8500000
v -21.1500000 27.6000000 -146.8500000
v -21.1500000 27.6000000 -153.1500000
v -21.1500000 27.6000000 -146.8500000
v -14.8500000 27.6000000 -146.8500000
v -14.8500000 27.6000000 -153.1500000
v -21.1500000 27.6000000 -153.1500000
v -21.1500000 27.0400000 -153.1500000
v -14.8500000 27.0400000 -153.1500000
v -14.8500000 27.0400000 -146.8500000
v -21.1500000 27.0400000 -146.8500000
v -19.8720000 25.5900000 -147.2000000
v -16.1280000 25.5900000 -147.2000000
v -16.1280000 25.9900000 -147.2000000
v -19.8720000 25.9900000 -147.2000000
v -16.1280000 25.5900000 -147.4400000
v -19.8720000 25.5900000 -147.4400000
v -19.8720000 25.9900000 -147.4400000
v -16.1280000 25.9900000 -147.4400000
v -16.1280000 25.5900000 -147.2000000
v -16.1280000 25.5900000 -147.4400000
v -16.1280000 25.9900000 -147.4400000
v -16.1280000 25.9900000 -147.2000000
v -19.8720000 25.5900000 -147.4400000
v -19.8720000 25.5900000 -147.2000000
v -19.8720000 25.9900000 -147.2000000
v -19.8720000 25.9900000 -147.4400000
v -19.8720000 25.9900000 -147.2000000
v -16.1280000 25.9900000 -147.2000000
v -16.1280000 25.9900000 -147.4400000
v -19.8720000 25.9900000 -147.4400000
v -19.8720000 25.5900000 -147.4400000
v -16.1280000 25.5900000 -147.4400000
v -16.1280000 25.5900000 -147.2000000
v -19.8720000 25.5900000 -147.2000000
v -18.0000000 27.0220000 -150.0000000
v -18.0000000 32.4220000 -150.0000000
v -16.8040000 29.2900000 -150.0000000
v -17.6304157 29.2900000 -148.8625364
v -18.9675843 29.2900000 -149.2970088
v -18.9675843 29.2900000 -150.7029912
v -17.6304157 29.2900000 -151.1374636
v -11.6000000 9.8400000 -147.4000000
v -6.4000000 9.8400000 -147.4000000
v -6.4000000 27.0400000 -147.4000000
v -11.6000000 27.0400000 -147.4000000
v -6.4000000 9.8400000 -152.6000000
v -11.6000000 9.8400000 -152.6000000
v -11.6000000 27.0400000 -152.6000000
v -6.4000000 27.0400000 -152.6000000
v -6.4000000 9.8400000 -147.4000000
v -6.4000000 9.8400000 -152.6000000
v -6.4000000 27.0400000 -152.6000000
v -6.4000000 27.0400000 -147.4000000
v -11.6000000 9.8400000 -152.6000000
v -11.6000000 9.8400000 -147.4000000
v -11.6000000 27.0400000 -147.4000000
v -11.6000000 27.0400000 -152.6000000
v -11.6000000 27.0400000 -147.4000000
v -6.4000000 27.0400000 -147.4000000
v -6.4000000 27.0400000 -152.6000000
v -11.6000000 27.0400000 -152.6000000
v -11.6000000 9.8400000 -152.6000000
v -6.4000000 9.8400000 -152.6000000
v -6.4000000 9.8400000 -147.4000000
v -11.6000000 9.8400000 -147.4000000
v -12.1500000 27.0400000 -146.8500000
v -5.8500000 27.0400000 -146.8500000
v -5.8500000 27.6000000 -146.8500000
v -12.1500000 27.6000000 -146.8500000
v -5.8500000 27.0400000 -153.1500000
v -12.1500000 27.0400000 -153.1500000
v -12.1500000 27.6000000 -153.1500000
v -5.8500000 27.6000000 -153.1500000
v -5.8500000 27.0400000 -146.8500000
v -5.8500000 27.0400000 -153.1500000
v -5.8500000 27.6000000 -153.1500000
v -5.8500000 27.6000000 -146.8500000
v -12.1500000 27.0400000 -153.1500000
v -12.1500000 27.0400000 -146.8500000
v -12.1500000 27.6000000 -146.8500000
v -12.1500000 27.6000000 -153.1500000
v -12.1500000 27.6000000 -146.8500000
v -5.8500000 27.6000000 -146.8500000
v -5.8500000 27.6000000 -153.1500000
v -12.1500000 27.6000000 -153.1500000
v -12.1500000 27.0400000 -153.1500000
v -5.8500000 27.0400000 -153.1500000
v -5.8500000 27.0400000 -146.8500000
v -12.1500000 27.0400000 -146.8500000
v -10.8720000 25.5900000 -147.2000000
v -7.1280000 25.5900000 -147.2000000
v -7.1280000 25.9900000 -147.2000000
v -10.8720000 25.9900000 -147.2000000
v -7.1280000 25.5900000 -147.4400000
v -10.8720000 25.5900000 -147.4400000
v -10.8720000 25.9900000 -147.4400000
v -7.1280000 25.9900000 -147.4400000
v -7.1280000 25.5900000 -147.2000000
v -7.1280000 25.5900000 -147.4400000
v -7.1280000 25.9900000 -147.4400000
v -7.1280000 25.9900000 -147.2000000
v -10.8720000 25.5900000 -147.4400000
v -10.8720000 25.5900000 -147.2000000
v -10.8720000 25.9900000 -147.2000000
v -10.8720000 25.9900000 -147.4400000
v -10.8720000 25.9900000 -147.2000000
v -7.1280000 25.9900000 -147.2000000
v -7.1280000 25.9900000 -147.4400000
v -10.8720000 25.9900000 -147.4400000
v -10.8720000 25.5900000 -147.4400000
v -7.1280000 25.5900000 -147.4400000
v -7.1280000 25.5900000 -147.2000000
v -10.8720000 25.5900000 -147.2000000
v -9.0000000 27.0220000 -150.0000000
v -9.0000000 32.4220000 -150.0000000
v -7.8040000 29.2900000 -150.0000000
v -8.6304157 29.2900000 -148.8625364
v -9.9675843 29.2900000 -149.2970088
v -9.9675843 29.2900000 -150.7029912
v -8.6304157 29.2900000 -151.1374636
v -3.3000000 9.8400000 -146.7000000
v 3.3000000 9.8400000 -146.7000000
v 3.3000000 31.8400000 -146.7000000
v -3.3000000 31.8400000 -146.7000000
v 3.3000000 9.8400000 -153.3000000
v -3.3000000 9.8400000 -153.3000000
v -3.3000000 31.8400000 -153.3000000
v 3.3000000 31.8400000 -153.3000000
v 3.3000000 9.8400000 -146.7000000
v 3.3000000 9.8400000 -153.3000000
v 3.3000000 31.8400000 -153.3000000
v 3.3000000 31.8400000 -146.7000000
v -3.3000000 9.8400000 -153.3000000
v -3.3000000 9.8400000 -146.7000000
v -3.3000000 31.8400000 -146.7000000
v -3.3000000 31.8400000 -153.3000000
v -3.3000000 31.8400000 -146.7000000
v 3.3000000 31.8400000 -146.7000000
v 3.3000000 31.8400000 -153.3000000
v -3.3000000 31.8400000 -153.3000000
v -3.3000000 9.8400000 -153.3000000
v 3.3000000 9.8400000 -153.3000000
v 3.3000000 9.8400000 -146.7000000
v -3.3000000 9.8400000 -146.7000000
v -3.8500000 31.8400000 -146.1500000
v 3.8500000 31.8400000 -146.1500000
v 3.8500000 32.4000000 -146.1500000
v -3.8500000 32.4000000 -146.1500000
v 3.8500000 31.8400000 -153.8500000
v -3.8500000 31.8400000 -153.8500000
v -3.8500000 32.4000000 -153.8500000
v 3.8500000 32.4000000 -153.8500000
v 3.8500000 31.8400000 -146.1500000
v 3.8500000 31.8400000 -153.8500000
v 3.8500000 32.4000000 -153.8500000
v 3.8500000 32.4000000 -146.1500000
v -3.8500000 31.8400000 -153.8500000
v -3.8500000 31.8400000 -146.1500000
v -3.8500000 32.4000000 -146.1500000
v -3.8500000 32.4000000 -153.8500000
v -3.8500000 32.4000000 -146.1500000
v 3.8500000 32.4000000 -146.1500000
v 3.8500000 32.4000000 -153.8500000
v -3.8500000 32.4000000 -153.8500000
v -3.8500000 31.8400000 -153.8500000
v 3.8500000 31.8400000 -153.8500000
v 3.8500000 31.8400000 -146.1500000
v -3.8500000 31.8400000 -146.1500000
v -2.3760000 30.3900000 -146.5000000
v 2.3760000 30.3900000 -146.5000000
v 2.3760000 30.7900000 -146.5000000
v -2.3760000 30.7900000 -146.5000000
v 2.3760000 30.3900000 -146.7400000
v -2.3760000 30.3900000 -146.7400000
v -2.3760000 30.7900000 -146.7400000
v 2.3760000 30.7900000 -146.7400000
v 2.3760000 30.3900000 -146.5000000
v 2.3760000 30.3900000 -146.7400000
v 2.3760000 30.7900000 -146.7400000
v 2.3760000 30.7900000 -146.5000000
v -2.3760000 30.3900000 -146.7400000
v -2.3760000 30.3900000 -146.5000000
v -2.3760000 30.7900000 -146.5000000
v -2.3760000 30.7900000 -146.7400000
v -2.3760000 30.7900000 -146.5000000
v 2.3760000 30.7900000 -146.5000000
v 2.3760000 30.7900000 -146.7400000
v -2.3760000 30.7900000 -146.7400000
v -2.3760000 30.3900000 -146.7400000
v 2.3760000 30.3900000 -146.7400000
v 2.3760000 30.3900000 -146.5000000
v -2.3760000 30.3900000 -146.5000000
v 0.0000000 31.8220000 -150.0000000
v 0.0000000 37.2220000 -150.0000000
v 1.5180000 34.0900000 -150.0000000
v 0.4690878 34.0900000 -148.5562962
v -1.2280878 34.0900000 -149.1077420
v -1.2280878 34.0900000 -150.8922580
v 0.4690878 34.0900000 -151.4437038
v 6.4000000 9.8400000 -147.4000000
v 11.6000000 9.8400000 -147.4000000
v 11.6000000 27.0400000 -147.4000000
v 6.4000000 27.0400000 -147.4000000
v 11.6000000 9.8400000 -152.6000000
v 6.4000000 9.8400000 -152.6000000
v 6.4000000 27.0400000 -152.6000000
v 11.6000000 27.0400000 -152.6000000
v 11.6000000 9.8400000 -147.4000000
v 11.6000000 9.8400000 -152.6000000
v 11.6000000 27.0400000 -152.6000000
v 11.6000000 27.0400000 -147.4000000
v 6.4000000 9.8400000 -152.6000000
v 6.4000000 9.8400000 -147.4000000
v 6.4000000 27.0400000 -147.4000000
v 6.4000000 27.0400000 -152.6000000
v 6.4000000 27.0400000 -147.4000000
v 11.6000000 27.0400000 -147.4000000
v 11.6000000 27.0400000 -152.6000000
v 6.4000000 27.0400000 -152.6000000
v 6.4000000 9.8400000 -152.6000000
v 11.6000000 9.8400000 -152.6000000
v 11.6000000 9.8400000 -147.4000000
v 6.4000000 9.8400000 -147.4000000
v 5.8500000 27.0400000 -146.8500000
v 12.1500000 27.0400000 -146.8500000
v 12.1500000 27.6000000 -146.8500000
v 5.8500000 27.6000000 -146.8500000
v 12.1500000 27.0400000 -153.1500000
v 5.8500000 27.0400000 -153.1500000
v 5.8500000 27.6000000 -153.1500000
v 12.1500000 27.6000000 -153.1500000
v 12.1500000 27.0400000 -146.8500000
v 12.1500000 27.0400000 -153.1500000
v 12.1500000 27.6000000 -153.1500000
v 12.1500000 27.6000000 -146.8500000
v 5.8500000 27.0400000 -153.1500000
v 5.8500000 27.0400000 -146.8500000
v 5.8500000 27.6000000 -146.8500000
v 5.8500000 27.6000000 -153.1500000
v 5.8500000 27.6000000 -146.8500000
v 12.1500000 27.6000000 -146.8500000
v 12.1500000 27.6000000 -153.1500000
v 5.8500000 27.6000000 -153.1500000
v 5.8500000 27.0400000 -153.1500000
v 12.1500000 27.0400000 -153.1500000
v 12.1500000 27.0400000 -146.8500000
v 5.8500000 27.0400000 -146.8500000
v 7.1280000 25.5900000 -147.2000000
v 10.8720000 25.5900000 -147.2000000
v 10.8720000 25.9900000 -147.2000000
v 7.1280000 25.9900000 -147.2000000
v 10.8720000 25.5900000 -147.4400000
v 7.1280000 25.5900000 -147.4400000
v 7.1280000 25.9900000 -147.4400000
v 10.8720000 25.9900000 -147.4400000
v 10.8720000 25.5900000 -147.2000000
v 10.8720000 25.5900000 -147.4400000
v 10.8720000 25.9900000 -147.4400000
v 10.8720000 25.9900000 -147.2000000
v 7.1280000 25.5900000 -147.4400000
v 7.1280000 25.5900000 -147.2000000
v 7.1280000 25.9900000 -147.2000000
v 7.1280000 25.9900000 -147.4400000
v 7.1280000 25.9900000 -147.2000000
v 10.8720000 25.9900000 -147.2000000
v 10.8720000 25.9900000 -147.4400000
v 7.1280000 25.9900000 -147.4400000
v 7.1280000 25.5900000 -147.4400000
v 10.8720000 25.5900000 -147.4400000
v 10.8720000 25.5900000 -147.2000000
v 7.1280000 25.5900000 -147.2000000
v 9.0000000 27.0220000 -150.0000000
v 9.0000000 32.4220000 -150.0000000
v 10.1960000 29.2900000 -150.0000000
v 9.3695843 29.2900000 -148.8625364
v 8.0324157 29.2900000 -149.2970088
v 8.0324157 29.2900000 -150.7029912
v 9.3695843 29.2900000 -151.1374636
v 15.4000000 9.8400000 -147.4000000
v 20.6000000 9.8400000 -147.4000000
v 20.6000000 27.0400000 -147.4000000
v 15.4000000 27.0400000 -147.4000000
v 20.6000000 9.8400000 -152.6000000
v 15.4000000 9.8400000 -152.6000000
v 15.4000000 27.0400000 -152.6000000
v 20.6000000 27.0400000 -152.6000000
v 20.6000000 9.8400000 -147.4000000
v 20.6000000 9.8400000 -152.6000000
v 20.6000000 27.0400000 -152.6000000
v 20.6000000 27.0400000 -147.4000000
v 15.4000000 9.8400000 -152.6000000
v 15.4000000 9.8400000 -147.4000000
v 15.4000000 27.0400000 -147.4000000
v 15.4000000 27.0400000 -152.6000000
v 15.4000000 27.0400000 -147.4000000
v 20.6000000 27.0400000 -147.4000000
v 20.6000000 27.0400000 -152.6000000
v 15.4000000 27.0400000 -152.6000000
v 15.4000000 9.8400000 -152.6000000
v 20.6000000 9.8400000 -152.6000000
v 20.6000000 9.8400000 -147.4000000
v 15.4000000 9.8400000 -147.4000000
v 14.8500000 27.0400000 -146.8500000
v 21.1500000 27.0400000 -146.8500000
v 21.1500000 27.6000000 -146.8500000
v 14.8500000 27.6000000 -146.8500000
v 21.1500000 27.0400000 -153.1500000
v 14.8500000 27.0400000 -153.1500000
v 14.8500000 27.6000000 -153.1500000
v 21.1500000 27.6000000 -153.1500000
v 21.1500000 27.0400000 -146.8500000
v 21.1500000 27.0400000 -153.1500000
v 21.1500000 27.6000000 -153.1500000
v 21.1500000 27.6000000 -146.8500000
v 14.8500000 27.0400000 -153.1500000
v 14.8500000 27.0400000 -146.8500000
v 14.8500000 27.6000000 -146.8500000
v 14.8500000 27.6000000 -153.1500000
v 14.8500000 27.6000000 -146.8500000
v 21.1500000 27.6000000 -146.8500000
v 21.1500000 27.6000000 -153.1500000
v 14.8500000 27.6000000 -153.1500000
v 14.8500000 27.0400000 -153.1500000
v 21.1500000 27.0400000 -153.1500000
v 21.1500000 27.0400000 -146.8500000
v 14.8500000 27.0400000 -146.8500000
v 16.1280000 25.5900000 -147.2000000
v 19.8720000 25.5900000 -147.2000000
v 19.8720000 25.9900000 -147.2000000
v 16.1280000 25.9900000 -147.2000000
v 19.8720000 25.5900000 -147.4400000
v 16.1280000 25.5900000 -147.4400000
v 16.1280000 25.9900000 -147.4400000
v 19.8720000 25.9900000 -147.4400000
v 19.8720000 25.5900000 -147.2000000
v 19.8720000 25.5900000 -147.4400000
v 19.8720000 25.9900000 -147.4400000
v 19.8720000 25.9900000 -147.2000000
v 16.1280000 25.5900000 -147.4400000
v 16.1280000 25.5900000 -147.2000000
v 16.1280000 25.9900000 -147.2000000
v 16.1280000 25.9900000 -147.4400000
v 16.1280000 25.9900000 -147.2000000
v 19.8720000 25.9900000 -147.2000000
v 19.8720000 25.9900000 -147.4400000
v 16.1280000 25.9900000 -147.4400000
v 16.1280000 25.5900000 -147.4400000
v 19.8720000 25.5900000 -147.4400000
v 19.8720000 25.5900000 -147.2000000
v 16.1280000 25.5900000 -147.2000000
v 18.0000000 27.0220000 -150.0000000
v 18.0000000 32.4220000 -150.0000000
v 19.1960000 29.2900000 -150.0000000
v 18.3695843 29.2900000 -148.8625364
v 17.0324157 29.2900000 -149.2970088
v 17.0324157 29.2900000 -150.7029912
v 18.3695843 29.2900000 -151.1374636
v -11.0000000 9.9000000 -148.9500000
v 11.0000000 9.9000000 -148.9500000
v 11.0000000 13.2000000 -148.9500000
v -11.0000000 13.2000000 -148.9500000
v 11.0000000 9.9000000 -151.0500000
v -11.0000000 9.9000000 -151.0500000
v -11.0000000 13.2000000 -151.0500000
v 11.0000000 13.2000000 -151.0500000
v 11.0000000 9.9000000 -148.9500000
v 11.0000000 9.9000000 -151.0500000
v 11.0000000 13.2000000 -151.0500000
v 11.0000000 13.2000000 -148.9500000
v -11.0000000 9.9000000 -151.0500000
v -11.0000000 9.9000000 -148.9500000
v -11.0000000 13.2000000 -148.9500000
v -11.0000000 13.2000000 -151.0500000
v -11.0000000 13.2000000 -148.9500000
v 11.0000000 13.2000000 -148.9500000
v 11.0000000 13.2000000 -151.0500000
v -11.0000000 13.2000000 -151.0500000
v -11.0000000 9.9000000 -151.0500000
v 11.0000000 9.9000000 -151.0500000
v 11.0000000 9.9000000 -148.9500000
v -11.0000000 9.9000000 -148.9500000
v -11.5500000 13.2000000 -148.8200000
v 11.5500000 13.2000000 -148.8200000
v 11.5500000 13.5400000 -148.8200000
v -11.5500000 13.5400000 -148.8200000
v 11.5500000 13.2000000 -151.1800000
v -11.5500000 13.2000000 -151.1800000
v -11.5500000 13.5400000 -151.1800000
v 11.5500000 13.5400000 -151.1800000
v 11.5500000 13.2000000 -148.8200000
v 11.5500000 13.2000000 -151.1800000
v 11.5500000 13.5400000 -151.1800000
v 11.5500000 13.5400000 -148.8200000
v -11.5500000 13.2000000 -151.1800000
v -11.5500000 13.2000000 -148.8200000
v -11.5500000 13.5400000 -148.8200000
v -11.5500000 13.5400000 -151.1800000
v -11.5500000 13.5400000 -148.8200000
v 11.5500000 13.5400000 -148.8200000
v 11.5500000 13.5400000 -151.1800000
v -11.5500000 13.5400000 -151.1800000
v -11.5500000 13.2000000 -151.1800000
v 11.5500000 13.2000000 -151.1800000
v 11.5500000 13.2000000 -148.8200000
v -11.5500000 13.2000000 -148.8200000
v -8.3400000 13.5500000 -148.7200000
v -7.5000000 13.5500000 -148.7200000
v -7.5000000 14.3900000 -148.7200000
v -8.3400000 14.3900000 -148.7200000
v -7.5000000 13.5500000 -149.0400000
v -8.3400000 13.5500000 -149.0400000
v -8.3400000 14.3900000 -149.0400000
v -7.5000000 14.3900000 -149.0400000
v -7.5000000 13.5500000 -148.7200000
v -7.5000000 13.5500000 -149.0400000
v -7.5000000 14.3900000 -149.0400000
v -7.5000000 14.3900000 -148.7200000
v -8.3400000 13.5500000 -149.0400000
v -8.3400000 13.5500000 -148.7200000
v -8.3400000 14.3900000 -148.7200000
v -8.3400000 14.3900000 -149.0400000
v -8.3400000 14.3900000 -148.7200000
v -7.5000000 14.3900000 -148.7200000
v -7.5000000 14.3900000 -149.0400000
v -8.3400000 14.3900000 -149.0400000
v -8.3400000 13.5500000 -149.0400000
v -7.5000000 13.5500000 -149.0400000
v -7.5000000 13.5500000 -148.7200000
v -8.3400000 13.5500000 -148.7200000
v -0.4200000 13.5500000 -148.7200000
v 0.4200000 13.5500000 -148.7200000
v 0.4200000 14.3900000 -148.7200000
v -0.4200000 14.3900000 -148.7200000
v 0.4200000 13.5500000 -149.0400000
v -0.4200000 13.5500000 -149.0400000
v -0.4200000 14.3900000 -149.0400000
v 0.4200000 14.3900000 -149.0400000
v 0.4200000 13.5500000 -148.7200000
v 0.4200000 13.5500000 -149.0400000
v 0.4200000 14.3900000 -149.0400000
v 0.4200000 14.3900000 -148.7200000
v -0.4200000 13.5500000 -149.0400000
v -0.4200000 13.5500000 -148.7200000
v -0.4200000 14.3900000 -148.7200000
v -0.4200000 14.3900000 -149.0400000
v -0.4200000 14.3900000 -148.7200000
v 0.4200000 14.3900000 -148.7200000
v 0.4200000 14.3900000 -149.0400000
v -0.4200000 14.3900000 -149.0400000
v -0.4200000 13.5500000 -149.0400000
v 0.4200000 13.5500000 -149.0400000
v 0.4200000 13.5500000 -148.7200000
v -0.4200000 13.5500000 -148.7200000
v 7.5000000 13.5500000 -148.7200000
v 8.3400000 13.5500000 -148.7200000
v 8.3400000 14.3900000 -148.7200000
v 7.5000000 14.3900000 -148.7200000
v 8.3400000 13.5500000 -149.0400000
v 7.5000000 13.5500000 -149.0400000
v 7.5000000 14.3900000 -149.0400000
v 8.3400000 14.3900000 -149.0400000
v 8.3400000 13.5500000 -148.7200000
v 8.3400000 13.5500000 -149.0400000
v 8.3400000 14.3900000 -149.0400000
v 8.3400000 14.3900000 -148.7200000
v 7.5000000 13.5500000 -149.0400000
v 7.5000000 13.5500000 -148.7200000
v 7.5000000 14.3900000 -148.7200000
v 7.5000000 14.3900000 -149.0400000
v 7.5000000 14.3900000 -148.7200000
v 8.3400000 14.3900000 -148.7200000
v 8.3400000 14.3900000 -149.0400000
v 7.5000000 14.3900000 -149.0400000
v 7.5000000 13.5500000 -149.0400000
v 8.3400000 13.5500000 -149.0400000
v 8.3400000 13.5500000 -148.7200000
v 7.5000000 13.5500000 -148.7200000
v -4.6000000 10.6000000 -140.5800000
v 4.6000000 10.6000000 -140.5800000
v 4.6000000 16.2000000 -140.5800000
v -4.6000000 16.2000000 -140.5800000
v 4.6000000 10.6000000 -140.8200000
v -4.6000000 10.6000000 -140.8200000
v -4.6000000 16.2000000 -140.8200000
v 4.6000000 16.2000000 -140.8200000
v 4.6000000 10.6000000 -140.5800000
v 4.6000000 10.6000000 -140.8200000
v 4.6000000 16.2000000 -140.8200000
v 4.6000000 16.2000000 -140.5800000
v -4.6000000 10.6000000 -140.8200000
v -4.6000000 10.6000000 -140.5800000
v -4.6000000 16.2000000 -140.5800000
v -4.6000000 16.2000000 -140.8200000
v -4.6000000 16.2000000 -140.5800000
v 4.6000000 16.2000000 -140.5800000
v 4.6000000 16.2000000 -140.8200000
v -4.6000000 16.2000000 -140.8200000
v -4.6000000 10.6000000 -140.8200000
v 4.6000000 10.6000000 -140.8200000
v 4.6000000 10.6000000 -140.5800000
v -4.6000000 10.6000000 -140.5800000
v 118.0000000 -4.0000000 -104.0000000
v 118.0000000 -47.0000000 -104.0000000
v 149.0000000 -47.0000000 -104.0000000
v 125.4400000 -4.0000000 -104.0000000
v 125.4400000 -4.0000000 -104.0000000
v 149.0000000 -47.0000000 -104.0000000
v 144.8467875 -47.0000000 -92.5000000
v 124.4432290 -4.0000000 -101.2400000
v 124.4432290 -4.0000000 -101.2400000
v 144.8467875 -47.0000000 -92.5000000
v 133.5000000 -47.0000000 -84.0814157
v 121.7200000 -4.0000000 -99.2195398
v 121.7200000 -4.0000000 -99.2195398
v 133.5000000 -47.0000000 -84.0814157
v 118.0000000 -47.0000000 -81.0000000
v 118.0000000 -4.0000000 -98.4800000
v 118.0000000 -4.0000000 -98.4800000
v 118.0000000 -47.0000000 -81.0000000
v 102.5000000 -47.0000000 -84.0814157
v 114.2800000 -4.0000000 -99.2195398
v 114.2800000 -4.0000000 -99.2195398
v 102.5000000 -47.0000000 -84.0814157
v 91.1532125 -47.0000000 -92.5000000
v 111.5567710 -4.0000000 -101.2400000
v 111.5567710 -4.0000000 -101.2400000
v 91.1532125 -47.0000000 -92.5000000
v 87.0000000 -47.0000000 -104.0000000
v 110.5600000 -4.0000000 -104.0000000
v 110.5600000 -4.0000000 -104.0000000
v 87.0000000 -47.0000000 -104.0000000
v 91.1532125 -47.0000000 -115.5000000
v 111.5567710 -4.0000000 -106.7600000
v 111.5567710 -4.0000000 -106.7600000
v 91.1532125 -47.0000000 -115.5000000
v 102.5000000 -47.0000000 -123.9185843
v 114.2800000 -4.0000000 -108.7804602
v 114.2800000 -4.0000000 -108.7804602
v 102.5000000 -47.0000000 -123.9185843
v 118.0000000 -47.0000000 -127.0000000
v 118.0000000 -4.0000000 -109.5200000
v 118.0000000 -4.0000000 -109.5200000
v 118.0000000 -47.0000000 -127.0000000
v 133.5000000 -47.0000000 -123.9185843
v 121.7200000 -4.0000000 -108.7804602
v 121.7200000 -4.0000000 -108.7804602
v 133.5000000 -47.0000000 -123.9185843
v 144.8467875 -47.0000000 -115.5000000
v 124.4432290 -4.0000000 -106.7600000
v 124.4432290 -4.0000000 -106.7600000
v 144.8467875 -47.0000000 -115.5000000
v 107.4600000 -16.0400000 -102.1600000
v 107.4600000 -47.0000000 -102.1600000
v 129.1600000 -47.0000000 -102.1600000
v 110.9320000 -16.0400000 -102.1600000
v 110.9320000 -16.0400000 -102.1600000
v 129.1600000 -47.0000000 -102.1600000
v 124.0831644 -47.0000000 -94.1765779
v 110.1197063 -16.0400000 -100.8826525
v 110.1197063 -16.0400000 -100.8826525
v 124.0831644 -47.0000000 -94.1765779
v 111.2281655 -47.0000000 -89.9286877
v 108.0629065 -16.0400000 -100.2029900
v 108.0629065 -16.0400000 -100.2029900
v 111.2281655 -47.0000000 -89.9286877
v 96.6100000 -47.0000000 -91.4039645
v 105.7240000 -16.0400000 -100.4390343
v 105.7240000 -16.0400000 -100.4390343
v 96.6100000 -47.0000000 -91.4039645
v 87.0686701 -47.0000000 -97.9121098
v 104.1973872 -16.0400000 -101.4803376
v 104.1973872 -16.0400000 -101.4803376
v 87.0686701 -47.0000000 -97.9121098
v 87.0686701 -47.0000000 -106.4078902
v 104.1973872 -16.0400000 -102.8396624
v 104.1973872 -16.0400000 -102.8396624
v 87.0686701 -47.0000000 -106.4078902
v 96.6100000 -47.0000000 -112.9160355
v 105.7240000 -16.0400000 -103.8809657
v 105.7240000 -16.0400000 -103.8809657
v 96.6100000 -47.0000000 -112.9160355
v 111.2281655 -47.0000000 -114.3913123
v 108.0629065 -16.0400000 -104.1170100
v 108.0629065 -16.0400000 -104.1170100
v 111.2281655 -47.0000000 -114.3913123
v 124.0831644 -47.0000000 -110.1434221
v 110.1197063 -16.0400000 -103.4373475
v 110.1197063 -16.0400000 -103.4373475
v 124.0831644 -47.0000000 -110.1434221
v 127.6100000 -19.4800000 -106.5300000
v 127.6100000 -47.0000000 -106.5300000
v 146.8300000 -47.0000000 -106.5300000
v 130.6852000 -19.4800000 -106.5300000
v 130.6852000 -19.4800000 -106.5300000
v 146.8300000 -47.0000000 -106.5300000
v 142.3333742 -47.0000000 -97.6595310
v 129.9657399 -19.4800000 -105.1107250
v 129.9657399 -19.4800000 -105.1107250
v 142.3333742 -47.0000000 -97.6595310
v 130.9475180 -47.0000000 -92.9396530
v 128.1440029 -19.4800000 -104.3555445
v 128.1440029 -19.4800000 -104.3555445
v 130.9475180 -47.0000000 -92.9396530
v 118.0000000 -47.0000000 -94.5788494
v 126.0724000 -19.4800000 -104.6178159
v 126.0724000 -19.4800000 -104.6178159
v 118.0000000 -47.0000000 -94.5788494
v 109.5491078 -47.0000000 -101.8101220
v 124.7202573 -19.4800000 -105.7748195
v 124.7202573 -19.4800000 -105.7748195
v 109.5491078 -47.0000000 -101.8101220
v 109.5491078 -47.0000000 -111.2498780
v 124.7202573 -19.4800000 -107.2851805
v 124.7202573 -19.4800000 -107.2851805
v 109.5491078 -47.0000000 -111.2498780
v 118.0000000 -47.0000000 -118.4811506
v 126.0724000 -19.4800000 -108.4421841
v 126.0724000 -19.4800000 -108.4421841
v 118.0000000 -47.0000000 -118.4811506
v 130.9475180 -47.0000000 -120.1203470
v 128.1440029 -19.4800000 -108.7044555
v 128.1440029 -19.4800000 -108.7044555
v 130.9475180 -47.0000000 -120.1203470
v 142.3333742 -47.0000000 -115.4004690
v 129.9657399 -19.4800000 -107.9492750
v 129.9657399 -19.4800000 -107.9492750
v 142.3333742 -47.0000000 -115.4004690
v 118.6200000 -22.4900000 -96.1800000
v 118.6200000 -47.0000000 -96.1800000
v 135.3600000 -47.0000000 -96.1800000
v 121.2984000 -22.4900000 -96.1800000
v 121.2984000 -22.4900000 -96.1800000
v 135.3600000 -47.0000000 -96.1800000
v 131.4435840 -47.0000000 -89.0836248
v 120.6717734 -22.4900000 -95.0445800
v 120.6717734 -22.4900000 -95.0445800
v 131.4435840 -47.0000000 -89.0836248
v 121.5268705 -47.0000000 -85.3077224
v 119.0850993 -22.4900000 -94.4404356
v 119.0850993 -22.4900000 -94.4404356
v 121.5268705 -47.0000000 -85.3077224
v 110.2500000 -47.0000000 -86.6190795
v 117.2808000 -22.4900000 -94.6502527
v 117.2808000 -22.4900000 -94.6502527
v 110.2500000 -47.0000000 -86.6190795
v 102.8895455 -47.0000000 -92.4040976
v 116.1031273 -22.4900000 -95.5758556
v 116.1031273 -22.4900000 -95.5758556
v 102.8895455 -47.0000000 -92.4040976
v 102.8895455 -47.0000000 -99.9559024
v 116.1031273 -22.4900000 -96.7841444
v 116.1031273 -22.4900000 -96.7841444
v 102.8895455 -47.0000000 -99.9559024
v 110.2500000 -47.0000000 -105.7409205
v 117.2808000 -22.4900000 -97.7097473
v 117.2808000 -22.4900000 -97.7097473
v 110.2500000 -47.0000000 -105.7409205
v 121.5268705 -47.0000000 -107.0522776
v 119.0850993 -22.4900000 -97.9195644
v 119.0850993 -22.4900000 -97.9195644
v 121.5268705 -47.0000000 -107.0522776
v 131.4435840 -47.0000000 -103.2763752
v 120.6717734 -22.4900000 -97.3154200
v 120.6717734 -22.4900000 -97.3154200
v 131.4435840 -47.0000000 -103.2763752
v 118.0000000 -4.0000000 -104.0000000
v 118.0000000 -8.0000000 -104.0000000
v 131.0200000 -8.0000000 -104.0000000
v 126.6800000 -4.0000000 -104.0000000
v 126.6800000 -4.0000000 -104.0000000
v 131.0200000 -8.0000000 -104.0000000
v 129.2756508 -8.0000000 -99.1700000
v 125.5171005 -4.0000000 -100.7800000
v 125.5171005 -4.0000000 -100.7800000
v 129.2756508 -8.0000000 -99.1700000
v 124.5100000 -8.0000000 -95.6341946
v 122.3400000 -4.0000000 -98.4227964
v 122.3400000 -4.0000000 -98.4227964
v 124.5100000 -8.0000000 -95.6341946
v 118.0000000 -8.0000000 -94.3400000
v 118.0000000 -4.0000000 -97.5600000
v 118.0000000 -4.0000000 -97.5600000
v 118.0000000 -8.0000000 -94.3400000
v 111.4900000 -8.0000000 -95.6341946
v 113.6600000 -4.0000000 -98.4227964
v 113.6600000 -4.0000000 -98.4227964
v 111.4900000 -8.0000000 -95.6341946
v 106.7243492 -8.0000000 -99.1700000
v 110.4828995 -4.0000000 -100.7800000
v 110.4828995 -4.0000000 -100.7800000
v 106.7243492 -8.0000000 -99.1700000
v 104.9800000 -8.0000000 -104.0000000
v 109.3200000 -4.0000000 -104.0000000
v 109.3200000 -4.0000000 -104.0000000
v 104.9800000 -8.0000000 -104.0000000
v 106.7243492 -8.0000000 -108.8300000
v 110.4828995 -4.0000000 -107.2200000
v 110.4828995 -4.0000000 -107.2200000
v 106.7243492 -8.0000000 -108.8300000
v 111.4900000 -8.0000000 -112.3658054
v 113.6600000 -4.0000000 -109.5772036
v 113.6600000 -4.0000000 -109.5772036
v 111.4900000 -8.0000000 -112.3658054
v 118.0000000 -8.0000000 -113.6600000
v 118.0000000 -4.0000000 -110.4400000
v 118.0000000 -4.0000000 -110.4400000
v 118.0000000 -8.0000000 -113.6600000
v 124.5100000 -8.0000000 -112.3658054
v 122.3400000 -4.0000000 -109.5772036
v 122.3400000 -4.0000000 -109.5772036
v 124.5100000 -8.0000000 -112.3658054
v 129.2756508 -8.0000000 -108.8300000
v 125.5171005 -4.0000000 -107.2200000
v 125.5171005 -4.0000000 -107.2200000
v 129.2756508 -8.0000000 -108.8300000
v 118.0000000 -3.5000000 -104.0000000
v 118.0000000 -4.0000000 -104.0000000
v 126.9900000 -4.0000000 -104.0000000
v 126.9900000 -3.5000000 -104.0000000
v 126.9900000 -3.5000000 -104.0000000
v 126.9900000 -4.0000000 -104.0000000
v 126.3056770 -4.0000000 -101.4475015
v 126.3056770 -3.5000000 -101.4475015
v 126.3056770 -3.5000000 -101.4475015
v 126.3056770 -4.0000000 -101.4475015
v 124.3568900 -4.0000000 -99.2835978
v 124.3568900 -3.5000000 -99.2835978
v 124.3568900 -3.5000000 -99.2835978
v 124.3568900 -4.0000000 -99.2835978
v 121.4403241 -4.0000000 -97.8377235
v 121.4403241 -3.5000000 -97.8377235
v 121.4403241 -3.5000000 -97.8377235
v 121.4403241 -4.0000000 -97.8377235
v 118.0000000 -4.0000000 -97.3300000
v 118.0000000 -3.5000000 -97.3300000
v 118.0000000 -3.5000000 -97.3300000
v 118.0000000 -4.0000000 -97.3300000
v 114.5596759 -4.0000000 -97.8377235
v 114.5596759 -3.5000000 -97.8377235
v 114.5596759 -3.5000000 -97.8377235
v 114.5596759 -4.0000000 -97.8377235
v 111.6431100 -4.0000000 -99.2835978
v 111.6431100 -3.5000000 -99.2835978
v 111.6431100 -3.5000000 -99.2835978
v 111.6431100 -4.0000000 -99.2835978
v 109.6943230 -4.0000000 -101.4475015
v 109.6943230 -3.5000000 -101.4475015
v 109.6943230 -3.5000000 -101.4475015
v 109.6943230 -4.0000000 -101.4475015
v 109.0100000 -4.0000000 -104.0000000
v 109.0100000 -3.5000000 -104.0000000
v 109.0100000 -3.5000000 -104.0000000
v 109.0100000 -4.0000000 -104.0000000
v 109.6943230 -4.0000000 -106.5524985
v 109.6943230 -3.5000000 -106.5524985
v 109.6943230 -3.5000000 -106.5524985
v 109.6943230 -4.0000000 -106.5524985
v 111.6431100 -4.0000000 -108.7164022
v 111.6431100 -3.5000000 -108.7164022
v 111.6431100 -3.5000000 -108.7164022
v 111.6431100 -4.0000000 -108.7164022
v 114.5596759 -4.0000000 -110.1622765
v 114.5596759 -3.5000000 -110.1622765
v 114.5596759 -3.5000000 -110.1622765
v 114.5596759 -4.0000000 -110.1622765
v 118.0000000 -4.0000000 -110.6700000
v 118.0000000 -3.5000000 -110.6700000
v 118.0000000 -3.5000000 -110.6700000
v 118.0000000 -4.0000000 -110.6700000
v 121.4403241 -4.0000000 -110.1622765
v 121.4403241 -3.5000000 -110.1622765
v 121.4403241 -3.5000000 -110.1622765
v 121.4403241 -4.0000000 -110.1622765
v 124.3568900 -4.0000000 -108.7164022
v 124.3568900 -3.5000000 -108.7164022
v 124.3568900 -3.5000000 -108.7164022
v 124.3568900 -4.0000000 -108.7164022
v 126.3056770 -4.0000000 -106.5524985
v 126.3056770 -3.5000000 -106.5524985
v 126.3056770 -3.5000000 -106.5524985
v 126.3056770 -4.0000000 -106.5524985
v 118.0000000 -3.3300000 -104.0000000
v 118.0000000 -3.5100000 -104.0000000
v 127.3000000 -3.5100000 -104.0000000
v 127.3000000 -3.3300000 -104.0000000
v 127.3000000 -3.3300000 -104.0000000
v 127.3000000 -3.5100000 -104.0000000
v 126.5920797 -3.5100000 -101.3594843
v 126.5920797 -3.3300000 -101.3594843
v 126.5920797 -3.3300000 -101.3594843
v 126.5920797 -3.5100000 -101.3594843
v 124.5760931 -3.5100000 -99.1209632
v 124.5760931 -3.3300000 -99.1209632
v 124.5760931 -3.3300000 -99.1209632
v 124.5760931 -3.5100000 -99.1209632
v 121.5589559 -3.5100000 -97.6252312
v 121.5589559 -3.3300000 -97.6252312
v 121.5589559 -3.3300000 -97.6252312
v 121.5589559 -3.5100000 -97.6252312
v 118.0000000 -3.5100000 -97.1000000
v 118.0000000 -3.3300000 -97.1000000
v 118.0000000 -3.3300000 -97.1000000
v 118.0000000 -3.5100000 -97.1000000
v 114.4410441 -3.5100000 -97.6252312
v 114.4410441 -3.3300000 -97.6252312
v 114.4410441 -3.3300000 -97.6252312
v 114.4410441 -3.5100000 -97.6252312
v 111.4239069 -3.5100000 -99.1209632
v 111.4239069 -3.3300000 -99.1209632
v 111.4239069 -3.3300000 -99.1209632
v 111.4239069 -3.5100000 -99.1209632
v 109.4079203 -3.5100000 -101.3594843
v 109.4079203 -3.3300000 -101.3594843
v 109.4079203 -3.3300000 -101.3594843
v 109.4079203 -3.5100000 -101.3594843
v 108.7000000 -3.5100000 -104.0000000
v 108.7000000 -3.3300000 -104.0000000
v 108.7000000 -3.3300000 -104.0000000
v 108.7000000 -3.5100000 -104.0000000
v 109.4079203 -3.5100000 -106.6405157
v 109.4079203 -3.3300000 -106.6405157
v 109.4079203 -3.3300000 -106.6405157
v 109.4079203 -3.5100000 -106.6405157
v 111.4239069 -3.5100000 -108.8790368
v 111.4239069 -3.3300000 -108.8790368
v 111.4239069 -3.3300000 -108.8790368
v 111.4239069 -3.5100000 -108.8790368
v 114.4410441 -3.5100000 -110.3747688
v 114.4410441 -3.3300000 -110.3747688
v 114.4410441 -3.3300000 -110.3747688
v 114.4410441 -3.5100000 -110.3747688
v 118.0000000 -3.5100000 -110.9000000
v 118.0000000 -3.3300000 -110.9000000
v 118.0000000 -3.3300000 -110.9000000
v 118.0000000 -3.5100000 -110.9000000
v 121.5589559 -3.5100000 -110.3747688
v 121.5589559 -3.3300000 -110.3747688
v 121.5589559 -3.3300000 -110.3747688
v 121.5589559 -3.5100000 -110.3747688
v 124.5760931 -3.5100000 -108.8790368
v 124.5760931 -3.3300000 -108.8790368
v 124.5760931 -3.3300000 -108.8790368
v 124.5760931 -3.5100000 -108.8790368
v 126.5920797 -3.5100000 -106.6405157
v 126.5920797 -3.3300000 -106.6405157
v 126.5920797 -3.3300000 -106.6405157
v 126.5920797 -3.5100000 -106.6405157
v 106.2000000 -3.1600000 -101.2000000
v 111.8000000 -3.1600000 -101.2000000
v 111.8000000 10.4400000 -101.2000000
v 106.2000000 10.4400000 -101.2000000
v 111.8000000 -3.1600000 -106.8000000
v 106.2000000 -3.1600000 -106.8000000
v 106.2000000 10.4400000 -106.8000000
v 111.8000000 10.4400000 -106.8000000
v 111.8000000 -3.1600000 -101.2000000
v 111.8000000 -3.1600000 -106.8000000
v 111.8000000 10.4400000 -106.8000000
v 111.8000000 10.4400000 -101.2000000
v 106.2000000 -3.1600000 -106.8000000
v 106.2000000 -3.1600000 -101.2000000
v 106.2000000 10.4400000 -101.2000000
v 106.2000000 10.4400000 -106.8000000
v 106.2000000 10.4400000 -101.2000000
v 111.8000000 10.4400000 -101.2000000
v 111.8000000 10.4400000 -106.8000000
v 106.2000000 10.4400000 -106.8000000
v 106.2000000 -3.1600000 -106.8000000
v 111.8000000 -3.1600000 -106.8000000
v 111.8000000 -3.1600000 -101.2000000
v 106.2000000 -3.1600000 -101.2000000
v 105.6500000 10.4400000 -100.6500000
v 112.3500000 10.4400000 -100.6500000
v 112.3500000 11.0000000 -100.6500000
v 105.6500000 11.0000000 -100.6500000
v 112.3500000 10.4400000 -107.3500000
v 105.6500000 10.4400000 -107.3500000
v 105.6500000 11.0000000 -107.3500000
v 112.3500000 11.0000000 -107.3500000
v 112.3500000 10.4400000 -100.6500000
v 112.3500000 10.4400000 -107.3500000
v 112.3500000 11.0000000 -107.3500000
v 112.3500000 11.0000000 -100.6500000
v 105.6500000 10.4400000 -107.3500000
v 105.6500000 10.4400000 -100.6500000
v 105.6500000 11.0000000 -100.6500000
v 105.6500000 11.0000000 -107.3500000
v 105.6500000 11.0000000 -100.6500000
v 112.3500000 11.0000000 -100.6500000
v 112.3500000 11.0000000 -107.3500000
v 105.6500000 11.0000000 -107.3500000
v 105.6500000 10.4400000 -107.3500000
v 112.3500000 10.4400000 -107.3500000
v 112.3500000 10.4400000 -100.6500000
v 105.6500000 10.4400000 -100.6500000
v 106.9840000 8.9900000 -101.0000000
v 111.0160000 8.9900000 -101.0000000
v 111.0160000 9.3900000 -101.0000000
v 106.9840000 9.3900000 -101.0000000
v 111.0160000 8.9900000 -101.2400000
v 106.9840000 8.9900000 -101.2400000
v 106.9840000 9.3900000 -101.2400000
v 111.0160000 9.3900000 -101.2400000
v 111.0160000 8.9900000 -101.0000000
v 111.0160000 8.9900000 -101.2400000
v 111.0160000 9.3900000 -101.2400000
v 111.0160000 9.3900000 -101.0000000
v 106.9840000 8.9900000 -101.2400000
v 106.9840000 8.9900000 -101.0000000
v 106.9840000 9.3900000 -101.0000000
v 106.9840000 9.3900000 -101.2400000
v 106.9840000 9.3900000 -101.0000000
v 111.0160000 9.3900000 -101.0000000
v 111.0160000 9.3900000 -101.2400000
v 106.9840000 9.3900000 -101.2400000
v 106.9840000 8.9900000 -101.2400000
v 111.0160000 8.9900000 -101.2400000
v 111.0160000 8.9900000 -101.0000000
v 106.9840000 8.9900000 -101.0000000
v 109.0000000 10.7580000 -104.0000000
v 109.0000000 15.3580000 -104.0000000
v 110.2880000 12.6900000 -104.0000000
v 109.3980139 12.6900000 -102.7750392
v 107.9579861 12.6900000 -103.2429326
v 107.9579861 12.6900000 -104.7570674
v 109.3980139 12.6900000 -105.2249608
v 115.2000000 -3.1600000 -101.2000000
v 120.8000000 -3.1600000 -101.2000000
v 120.8000000 10.4400000 -101.2000000
v 115.2000000 10.4400000 -101.2000000
v 120.8000000 -3.1600000 -106.8000000
v 115.2000000 -3.1600000 -106.8000000
v 115.2000000 10.4400000 -106.8000000
v 120.8000000 10.4400000 -106.8000000
v 120.8000000 -3.1600000 -101.2000000
v 120.8000000 -3.1600000 -106.8000000
v 120.8000000 10.4400000 -106.8000000
v 120.8000000 10.4400000 -101.2000000
v 115.2000000 -3.1600000 -106.8000000
v 115.2000000 -3.1600000 -101.2000000
v 115.2000000 10.4400000 -101.2000000
v 115.2000000 10.4400000 -106.8000000
v 115.2000000 10.4400000 -101.2000000
v 120.8000000 10.4400000 -101.2000000
v 120.8000000 10.4400000 -106.8000000
v 115.2000000 10.4400000 -106.8000000
v 115.2000000 -3.1600000 -106.8000000
v 120.8000000 -3.1600000 -106.8000000
v 120.8000000 -3.1600000 -101.2000000
v 115.2000000 -3.1600000 -101.2000000
v 114.6500000 10.4400000 -100.6500000
v 121.3500000 10.4400000 -100.6500000
v 121.3500000 11.0000000 -100.6500000
v 114.6500000 11.0000000 -100.6500000
v 121.3500000 10.4400000 -107.3500000
v 114.6500000 10.4400000 -107.3500000
v 114.6500000 11.0000000 -107.3500000
v 121.3500000 11.0000000 -107.3500000
v 121.3500000 10.4400000 -100.6500000
v 121.3500000 10.4400000 -107.3500000
v 121.3500000 11.0000000 -107.3500000
v 121.3500000 11.0000000 -100.6500000
v 114.6500000 10.4400000 -107.3500000
v 114.6500000 10.4400000 -100.6500000
v 114.6500000 11.0000000 -100.6500000
v 114.6500000 11.0000000 -107.3500000
v 114.6500000 11.0000000 -100.6500000
v 121.3500000 11.0000000 -100.6500000
v 121.3500000 11.0000000 -107.3500000
v 114.6500000 11.0000000 -107.3500000
v 114.6500000 10.4400000 -107.3500000
v 121.3500000 10.4400000 -107.3500000
v 121.3500000 10.4400000 -100.6500000
v 114.6500000 10.4400000 -100.6500000
v 115.9840000 8.9900000 -101.0000000
v 120.0160000 8.9900000 -101.0000000
v 120.0160000 9.3900000 -101.0000000
v 115.9840000 9.3900000 -101.0000000
v 120.0160000 8.9900000 -101.2400000
v 115.9840000 8.9900000 -101.2400000
v 115.9840000 9.3900000 -101.2400000
v 120.0160000 9.3900000 -101.2400000
v 120.0160000 8.9900000 -101.0000000
v 120.0160000 8.9900000 -101.2400000
v 120.0160000 9.3900000 -101.2400000
v 120.0160000 9.3900000 -101.0000000
v 115.9840000 8.9900000 -101.2400000
v 115.9840000 8.9900000 -101.0000000
v 115.9840000 9.3900000 -101.0000000
v 115.9840000 9.3900000 -101.2400000
v 115.9840000 9.3900000 -101.0000000
v 120.0160000 9.3900000 -101.0000000
v 120.0160000 9.3900000 -101.2400000
v 115.9840000 9.3900000 -101.2400000
v 115.9840000 8.9900000 -101.2400000
v 120.0160000 8.9900000 -101.2400000
v 120.0160000 8.9900000 -101.0000000
v 115.9840000 8.9900000 -101.0000000
v 118.0000000 10.7580000 -104.0000000
v 118.0000000 15.3580000 -104.0000000
v 119.2880000 12.6900000 -104.0000000
v 118.3980139 12.6900000 -102.7750392
v 116.9579861 12.6900000 -103.2429326
v 116.9579861 12.6900000 -104.7570674
v 118.3980139 12.6900000 -105.2249608
v 124.2000000 -3.1600000 -101.2000000
v 129.8000000 -3.1600000 -101.2000000
v 129.8000000 10.4400000 -101.2000000
v 124.2000000 10.4400000 -101.2000000
v 129.8000000 -3.1600000 -106.8000000
v 124.2000000 -3.1600000 -106.8000000
v 124.2000000 10.4400000 -106.8000000
v 129.8000000 10.4400000 -106.8000000
v 129.8000000 -3.1600000 -101.2000000
v 129.8000000 -3.1600000 -106.8000000
v 129.8000000 10.4400000 -106.8000000
v 129.8000000 10.4400000 -101.2000000
v 124.2000000 -3.1600000 -106.8000000
v 124.2000000 -3.1600000 -101.2000000
v 124.2000000 10.4400000 -101.2000000
v 124.2000000 10.4400000 -106.8000000
v 124.2000000 10.4400000 -101.2000000
v 129.8000000 10.4400000 -101.2000000
v 129.8000000 10.4400000 -106.8000000
v 124.2000000 10.4400000 -106.8000000
v 124.2000000 -3.1600000 -106.8000000
v 129.8000000 -3.1600000 -106.8000000
v 129.8000000 -3.1600000 -101.2000000
v 124.2000000 -3.1600000 -101.2000000
v 123.6500000 10.4400000 -100.6500000
v 130.3500000 10.4400000 -100.6500000
v 130.3500000 11.0000000 -100.6500000
v 123.6500000 11.0000000 -100.6500000
v 130.3500000 10.4400000 -107.3500000
v 123.6500000 10.4400000 -107.3500000
v 123.6500000 11.0000000 -107.3500000
v 130.3500000 11.0000000 -107.3500000
v 130.3500000 10.4400000 -100.6500000
v 130.3500000 10.4400000 -107.3500000
v 130.3500000 11.0000000 -107.3500000
v 130.3500000 11.0000000 -100.6500000
v 123.6500000 10.4400000 -107.3500000
v 123.6500000 10.4400000 -100.6500000
v 123.6500000 11.0000000 -100.6500000
v 123.6500000 11.0000000 -107.3500000
v 123.6500000 11.0000000 -100.6500000
v 130.3500000 11.0000000 -100.6500000
v 130.3500000 11.0000000 -107.3500000
v 123.6500000 11.0000000 -107.3500000
v 123.6500000 10.4400000 -107.3500000
v 130.3500000 10.4400000 -107.3500000
v 130.3500000 10.4400000 -100.6500000
v 123.6500000 10.4400000 -100.6500000
v 124.9840000 8.9900000 -101.0000000
v 129.0160000 8.9900000 -101.0000000
v 129.0160000 9.3900000 -101.0000000
v 124.9840000 9.3900000 -101.0000000
v 129.0160000 8.9900000 -101.2400000
v 124.9840000 8.9900000 -101.2400000
v 124.9840000 9.3900000 -101.2400000
v 129.0160000 9.3900000 -101.2400000
v 129.0160000 8.9900000 -101.0000000
v 129.0160000 8.9900000 -101.2400000
v 129.0160000 9.3900000 -101.2400000
v 129.0160000 9.3900000 -101.0000000
v 124.9840000 8.9900000 -101.2400000
v 124.9840000 8.9900000 -101.0000000
v 124.9840000 9.3900000 -101.0000000
v 124.9840000 9.3900000 -101.2400000
v 124.9840000 9.3900000 -101.0000000
v 129.0160000 9.3900000 -101.0000000
v 129.0160000 9.3900000 -101.2400000
v 124.9840000 9.3900000 -101.2400000
v 124.9840000 8.9900000 -101.2400000
v 129.0160000 8.9900000 -101.2400000
v 129.0160000 8.9900000 -101.0000000
v 124.9840000 8.9900000 -101.0000000
v 127.0000000 10.7580000 -104.0000000
v 127.0000000 15.3580000 -104.0000000
v 128.2880000 12.6900000 -104.0000000
v 127.3980139 12.6900000 -102.7750392
v 125.9579861 12.6900000 -103.2429326
v 125.9579861 12.6900000 -104.7570674
v 127.3980139 12.6900000 -105.2249608
v 107.0000000 -3.1000000 -102.9500000
v 129.0000000 -3.1000000 -102.9500000
v 129.0000000 0.2000000 -102.9500000
v 107.0000000 0.2000000 -102.9500000
v 129.0000000 -3.1000000 -105.0500000
v 107.0000000 -3.1000000 -105.0500000
v 107.0000000 0.2000000 -105.0500000
v 129.0000000 0.2000000 -105.0500000
v 129.0000000 -3.1000000 -102.9500000
v 129.0000000 -3.1000000 -105.0500000
v 129.0000000 0.2000000 -105.0500000
v 129.0000000 0.2000000 -102.9500000
v 107.0000000 -3.1000000 -105.0500000
v 107.0000000 -3.1000000 -102.9500000
v 107.0000000 0.2000000 -102.9500000
v 107.0000000 0.2000000 -105.0500000
v 107.0000000 0.2000000 -102.9500000
v 129.0000000 0.2000000 -102.9500000
v 129.0000000 0.2000000 -105.0500000
v 107.0000000 0.2000000 -105.0500000
v 107.0000000 -3.1000000 -105.0500000
v 129.0000000 -3.1000000 -105.0500000
v 129.0000000 -3.1000000 -102.9500000
v 107.0000000 -3.1000000 -102.9500000
v 106.4500000 0.2000000 -102.8200000
v 129.5500000 0.2000000 -102.8200000
v 129.5500000 0.5400000 -102.8200000
v 106.4500000 0.5400000 -102.8200000
v 129.5500000 0.2000000 -105.1800000
v 106.4500000 0.2000000 -105.1800000
v 106.4500000 0.5400000 -105.1800000
v 129.5500000 0.5400000 -105.1800000
v 129.5500000 0.2000000 -102.8200000
v 129.5500000 0.2000000 -105.1800000
v 129.5500000 0.5400000 -105.1800000
v 129.5500000 0.5400000 -102.8200000
v 106.4500000 0.2000000 -105.1800000
v 106.4500000 0.2000000 -102.8200000
v 106.4500000 0.5400000 -102.8200000
v 106.4500000 0.5400000 -105.1800000
v 106.4500000 0.5400000 -102.8200000
v 129.5500000 0.5400000 -102.8200000
v 129.5500000 0.5400000 -105.1800000
v 106.4500000 0.5400000 -105.1800000
v 106.4500000 0.2000000 -105.1800000
v 129.5500000 0.2000000 -105.1800000
v 129.5500000 0.2000000 -102.8200000
v 106.4500000 0.2000000 -102.8200000
v 109.6600000 0.5500000 -102.7200000
v 110.5000000 0.5500000 -102.7200000
v 110.5000000 1.3900000 -102.7200000
v 109.6600000 1.3900000 -102.7200000
v 110.5000000 0.5500000 -103.0400000
v 109.6600000 0.5500000 -103.0400000
v 109.6600000 1.3900000 -103.0400000
v 110.5000000 1.3900000 -103.0400000
v 110.5000000 0.5500000 -102.7200000
v 110.5000000 0.5500000 -103.0400000
v 110.5000000 1.3900000 -103.0400000
v 110.5000000 1.3900000 -102.7200000
v 109.6600000 0.5500000 -103.0400000
v 109.6600000 0.5500000 -102.7200000
v 109.6600000 1.3900000 -102.7200000
v 109.6600000 1.3900000 -103.0400000
v 109.6600000 1.3900000 -102.7200000
v 110.5000000 1.3900000 -102.7200000
v 110.5000000 1.3900000 -103.0400000
v 109.6600000 1.3900000 -103.0400000
v 109.6600000 0.5500000 -103.0400000
v 110.5000000 0.5500000 -103.0400000
v 110.5000000 0.5500000 -102.7200000
v 109.6600000 0.5500000 -102.7200000
v 117.5800000 0.5500000 -102.7200000
v 118.4200000 0.5500000 -102.7200000
v 118.4200000 1.3900000 -102.7200000
v 117.5800000 1.3900000 -102.7200000
v 118.4200000 0.5500000 -103.0400000
v 117.5800000 0.5500000 -103.0400000
v 117.5800000 1.3900000 -103.0400000
v 118.4200000 1.3900000 -103.0400000
v 118.4200000 0.5500000 -102.7200000
v 118.4200000 0.5500000 -103.0400000
v 118.4200000 1.3900000 -103.0400000
v 118.4200000 1.3900000 -102.7200000
v 117.5800000 0.5500000 -103.0400000
v 117.5800000 0.5500000 -102.7200000
v 117.5800000 1.3900000 -102.7200000
v 117.5800000 1.3900000 -103.0400000
v 117.5800000 1.3900000 -102.7200000
v 118.4200000 1.3900000 -102.7200000
v 118.4200000 1.3900000 -103.0400000
v 117.5800000 1.3900000 -103.0400000
v 117.5800000 0.5500000 -103.0400000
v 118.4200000 0.5500000 -103.0400000
v 118.4200000 0.5500000 -102.7200000
v 117.5800000 0.5500000 -102.7200000
v 125.5000000 0.5500000 -102.7200000
v 126.3400000 0.5500000 -102.7200000
v 126.3400000 1.3900000 -102.7200000
v 125.5000000 1.3900000 -102.7200000
v 126.3400000 0.5500000 -103.0400000
v 125.5000000 0.5500000 -103.0400000
v 125.5000000 1.3900000 -103.0400000
v 126.3400000 1.3900000 -103.0400000
v 126.3400000 0.5500000 -102.7200000
v 126.3400000 0.5500000 -103.0400000
v 126.3400000 1.3900000 -103.0400000
v 126.3400000 1.3900000 -102.7200000
v 125.5000000 0.5500000 -103.0400000
v 125.5000000 0.5500000 -102.7200000
v 125.5000000 1.3900000 -102.7200000
v 125.5000000 1.3900000 -103.0400000
v 125.5000000 1.3900000 -102.7200000
v 126.3400000 1.3900000 -102.7200000
v 126.3400000 1.3900000 -103.0400000
v 125.5000000 1.3900000 -103.0400000
v 125.5000000 0.5500000 -103.0400000
v 126.3400000 0.5500000 -103.0400000
v 126.3400000 0.5500000 -102.7200000
v 125.5000000 0.5500000 -102.7200000
v 114.4000000 -2.4000000 -96.9800000
v 121.6000000 -2.4000000 -96.9800000
v 121.6000000 3.2000000 -96.9800000
v 114.4000000 3.2000000 -96.9800000
v 121.6000000 -2.4000000 -97.2200000
v 114.4000000 -2.4000000 -97.2200000
v 114.4000000 3.2000000 -97.2200000
v 121.6000000 3.2000000 -97.2200000
v 121.6000000 -2.4000000 -96.9800000
v 121.6000000 -2.4000000 -97.2200000
v 121.6000000 3.2000000 -97.2200000
v 121.6000000 3.2000000 -96.9800000
v 114.4000000 -2.4000000 -97.2200000
v 114.4000000 -2.4000000 -96.9800000
v 114.4000000 3.2000000 -96.9800000
v 114.4000000 3.2000000 -97.2200000
v 114.4000000 3.2000000 -96.9800000
v 121.6000000 3.2000000 -96.9800000
v 121.6000000 3.2000000 -97.2200000
v 114.4000000 3.2000000 -97.2200000
v 114.4000000 -2.4000000 -97.2200000
v 121.6000000 -2.4000000 -97.2200000
v 121.6000000 -2.4000000 -96.9800000
v 114.4000000 -2.4000000 -96.9800000
v -154.0000000 -7.0000000 22.0000000
v -154.0000000 -47.0000000 22.0000000
v -117.0000000 -47.0000000 22.0000000
v -145.1200000 -7.0000000 22.0000000
v -145.1200000 -7.0000000 22.0000000
v -117.0000000 -47.0000000 22.0000000
v -121.9570601 -47.0000000 36.0000000
v -146.3096944 -7.0000000 25.3600000
v -146.3096944 -7.0000000 25.3600000
v -121.9570601 -47.0000000 36.0000000
v -135.5000000 -47.0000000 46.2487113
v -149.5600000 -7.0000000 27.8196907
v -149.5600000 -7.0000000 27.8196907
v -135.5000000 -47.0000000 46.2487113
v -154.0000000 -47.0000000 50.0000000
v -154.0000000 -7.0000000 28.7200000
v -154.0000000 -7.0000000 28.7200000
v -154.0000000 -47.0000000 50.0000000
v -172.5000000 -47.0000000 46.2487113
v -158.4400000 -7.0000000 27.8196907
v -158.4400000 -7.0000000 27.8196907
v -172.5000000 -47.0000000 46.2487113
v -186.0429399 -47.0000000 36.0000000
v -161.6903056 -7.0000000 25.3600000
v -161.6903056 -7.0000000 25.3600000
v -186.0429399 -47.0000000 36.0000000
v -191.0000000 -47.0000000 22.0000000
v -162.8800000 -7.0000000 22.0000000
v -162.8800000 -7.0000000 22.0000000
v -191.0000000 -47.0000000 22.0000000
v -186.0429399 -47.0000000 8.0000000
v -161.6903056 -7.0000000 18.6400000
v -161.6903056 -7.0000000 18.6400000
v -186.0429399 -47.0000000 8.0000000
v -172.5000000 -47.0000000 -2.2487113
v -158.4400000 -7.0000000 16.1803093
v -158.4400000 -7.0000000 16.1803093
v -172.5000000 -47.0000000 -2.2487113
v -154.0000000 -47.0000000 -6.0000000
v -154.0000000 -7.0000000 15.2800000
v -154.0000000 -7.0000000 15.2800000
v -154.0000000 -47.0000000 -6.0000000
v -135.5000000 -47.0000000 -2.2487113
v -149.5600000 -7.0000000 16.1803093
v -149.5600000 -7.0000000 16.1803093
v -135.5000000 -47.0000000 -2.2487113
v -121.9570601 -47.0000000 8.0000000
v -146.3096944 -7.0000000 18.6400000
v -146.3096944 -7.0000000 18.6400000
v -121.9570601 -47.0000000 8.0000000
v -166.5800000 -18.2000000 24.2400000
v -166.5800000 -47.0000000 24.2400000
v -140.6800000 -47.0000000 24.2400000
v -162.4360000 -18.2000000 24.2400000
v -162.4360000 -18.2000000 24.2400000
v -140.6800000 -47.0000000 24.2400000
v -146.7394489 -47.0000000 33.9589487
v -163.4055118 -18.2000000 25.7950318
v -163.4055118 -18.2000000 25.7950318
v -146.7394489 -47.0000000 33.9589487
v -162.0825122 -47.0000000 39.1302932
v -165.8604020 -18.2000000 26.6224469
v -165.8604020 -18.2000000 26.6224469
v -162.0825122 -47.0000000 39.1302932
v -179.5300000 -47.0000000 37.3343041
v -168.6520000 -18.2000000 26.3350887
v -168.6520000 -18.2000000 26.3350887
v -179.5300000 -47.0000000 37.3343041
v -190.9180389 -47.0000000 29.4113446
v -170.4740862 -18.2000000 25.0674151
v -170.4740862 -18.2000000 25.0674151
v -190.9180389 -47.0000000 29.4113446
v -190.9180389 -47.0000000 19.0686554
v -170.4740862 -18.2000000 23.4125849
v -170.4740862 -18.2000000 23.4125849
v -190.9180389 -47.0000000 19.0686554
v -179.5300000 -47.0000000 11.1456959
v -168.6520000 -18.2000000 22.1449113
v -168.6520000 -18.2000000 22.1449113
v -179.5300000 -47.0000000 11.1456959
v -162.0825122 -47.0000000 9.3497068
v -165.8604020 -18.2000000 21.8575531
v -165.8604020 -18.2000000 21.8575531
v -162.0825122 -47.0000000 9.3497068
v -146.7394489 -47.0000000 14.5210513
v -163.4055118 -18.2000000 22.6849682
v -163.4055118 -18.2000000 22.6849682
v -146.7394489 -47.0000000 14.5210513
v -142.5300000 -21.4000000 18.9200000
v -142.5300000 -47.0000000 18.9200000
v -119.5900000 -47.0000000 18.9200000
v -138.8596000 -21.4000000 18.9200000
v -138.8596000 -21.4000000 18.9200000
v -119.5900000 -47.0000000 18.9200000
v -124.9569405 -47.0000000 29.7188318
v -139.7183105 -21.4000000 20.6478131
v -139.7183105 -21.4000000 20.6478131
v -124.9569405 -47.0000000 29.7188318
v -138.5465108 -47.0000000 35.4647703
v -141.8926417 -21.4000000 21.5671632
v -141.8926417 -21.4000000 21.5671632
v -138.5465108 -47.0000000 35.4647703
v -154.0000000 -47.0000000 33.4692268
v -144.3652000 -21.4000000 21.2478763
v -144.3652000 -21.4000000 21.2478763
v -154.0000000 -47.0000000 33.4692268
v -164.0865487 -47.0000000 24.6659384
v -145.9790478 -21.4000000 19.8393501
v -145.9790478 -21.4000000 19.8393501
v -164.0865487 -47.0000000 24.6659384
v -164.0865487 -47.0000000 13.1740616
v -145.9790478 -21.4000000 18.0006499
v -145.9790478 -21.4000000 18.0006499
v -164.0865487 -47.0000000 13.1740616
v -154.0000000 -47.0000000 4.3707732
v -144.3652000 -21.4000000 16.5921237
v -144.3652000 -21.4000000 16.5921237
v -154.0000000 -47.0000000 4.3707732
v -138.5465108 -47.0000000 2.3752297
v -141.8926417 -21.4000000 16.2728368
v -141.8926417 -21.4000000 16.2728368
v -138.5465108 -47.0000000 2.3752297
v -124.9569405 -47.0000000 8.1211682
v -139.7183105 -21.4000000 17.1921869
v -139.7183105 -21.4000000 17.1921869
v -124.9569405 -47.0000000 8.1211682
v -153.2600000 -24.2000000 31.5200000
v -153.2600000 -47.0000000 31.5200000
v -133.2800000 -47.0000000 31.5200000
v -150.0632000 -24.2000000 31.5200000
v -150.0632000 -24.2000000 31.5200000
v -133.2800000 -47.0000000 31.5200000
v -137.9544320 -47.0000000 40.1590655
v -150.8111091 -24.2000000 32.9022505
v -150.8111091 -24.2000000 32.9022505
v -137.9544320 -47.0000000 40.1590655
v -149.7905094 -47.0000000 44.7558162
v -152.7048815 -24.2000000 33.6377306
v -152.7048815 -24.2000000 33.6377306
v -149.7905094 -47.0000000 44.7558162
v -163.2500000 -47.0000000 43.1593814
v -154.8584000 -24.2000000 33.3823010
v -154.8584000 -24.2000000 33.3823010
v -163.2500000 -47.0000000 43.1593814
v -172.0350586 -47.0000000 36.1167507
v -156.2640094 -24.2000000 32.2554801
v -156.2640094 -24.2000000 32.2554801
v -172.0350586 -47.0000000 36.1167507
v -172.0350586 -47.0000000 26.9232493
v -156.2640094 -24.2000000 30.7845199
v -156.2640094 -24.2000000 30.7845199
v -172.0350586 -47.0000000 26.9232493
v -163.2500000 -47.0000000 19.8806186
v -154.8584000 -24.2000000 29.6576990
v -154.8584000 -24.2000000 29.6576990
v -163.2500000 -47.0000000 19.8806186
v -149.7905094 -47.0000000 18.2841838
v -152.7048815 -24.2000000 29.4022694
v -152.7048815 -24.2000000 29.4022694
v -149.7905094 -47.0000000 18.2841838
v -137.9544320 -47.0000000 22.8809345
v -150.8111091 -24.2000000 30.1377495
v -150.8111091 -24.2000000 30.1377495
v -137.9544320 -47.0000000 22.8809345
v -154.0000000 -7.0000000 22.0000000
v -154.0000000 -11.0000000 22.0000000
v -138.4600000 -11.0000000 22.0000000
v -143.6400000 -7.0000000 22.0000000
v -143.6400000 -7.0000000 22.0000000
v -138.4600000 -11.0000000 22.0000000
v -140.5419652 -11.0000000 27.8800000
v -145.0279768 -7.0000000 25.9200000
v -145.0279768 -7.0000000 25.9200000
v -140.5419652 -11.0000000 27.8800000
v -146.2300000 -11.0000000 32.1844587
v -148.8200000 -7.0000000 28.7896392
v -148.8200000 -7.0000000 28.7896392
v -146.2300000 -11.0000000 32.1844587
v -154.0000000 -11.0000000 33.7600000
v -154.0000000 -7.0000000 29.8400000
v -154.0000000 -7.0000000 29.8400000
v -154.0000000 -11.0000000 33.7600000
v -161.7700000 -11.0000000 32.1844587
v -159.1800000 -7.0000000 28.7896392
v -159.1800000 -7.0000000 28.7896392
v -161.7700000 -11.0000000 32.1844587
v -167.4580348 -11.0000000 27.8800000
v -162.9720232 -7.0000000 25.9200000
v -162.9720232 -7.0000000 25.9200000
v -167.4580348 -11.0000000 27.8800000
v -169.5400000 -11.0000000 22.0000000
v -164.3600000 -7.0000000 22.0000000
v -164.3600000 -7.0000000 22.0000000
v -169.5400000 -11.0000000 22.0000000
v -167.4580348 -11.0000000 16.1200000
v -162.9720232 -7.0000000 18.0800000
v -162.9720232 -7.0000000 18.0800000
v -167.4580348 -11.0000000 16.1200000
v -161.7700000 -11.0000000 11.8155413
v -159.1800000 -7.0000000 15.2103608
v -159.1800000 -7.0000000 15.2103608
v -161.7700000 -11.0000000 11.8155413
v -154.0000000 -11.0000000 10.2400000
v -154.0000000 -7.0000000 14.1600000
v -154.0000000 -7.0000000 14.1600000
v -154.0000000 -11.0000000 10.2400000
v -146.2300000 -11.0000000 11.8155413
v -148.8200000 -7.0000000 15.2103608
v -148.8200000 -7.0000000 15.2103608
v -146.2300000 -11.0000000 11.8155413
v -140.5419652 -11.0000000 16.1200000
v -145.0279768 -7.0000000 18.0800000
v -145.0279768 -7.0000000 18.0800000
v -140.5419652 -11.0000000 16.1200000
v -154.0000000 -6.5000000 22.0000000
v -154.0000000 -7.0000000 22.0000000
v -143.2700000 -7.0000000 22.0000000
v -143.2700000 -6.5000000 22.0000000
v -143.2700000 -6.5000000 22.0000000
v -143.2700000 -7.0000000 22.0000000
v -144.0867726 -7.0000000 25.1073895
v -144.0867726 -6.5000000 25.1073895
v -144.0867726 -6.5000000 25.1073895
v -144.0867726 -7.0000000 25.1073895
v -146.4127442 -7.0000000 27.7417071
v -146.4127442 -6.5000000 27.7417071
v -146.4127442 -6.5000000 27.7417071
v -146.4127442 -7.0000000 27.7417071
v -149.8938068 -7.0000000 29.5019018
v -149.8938068 -6.5000000 29.5019018
v -149.8938068 -6.5000000 29.5019018
v -149.8938068 -7.0000000 29.5019018
v -154.0000000 -7.0000000 30.1200000
v -154.0000000 -6.5000000 30.1200000
v -154.0000000 -6.5000000 30.1200000
v -154.0000000 -7.0000000 30.1200000
v -158.1061932 -7.0000000 29.5019018
v -158.1061932 -6.5000000 29.5019018
v -158.1061932 -6.5000000 29.5019018
v -158.1061932 -7.0000000 29.5019018
v -161.5872558 -7.0000000 27.7417071
v -161.5872558 -6.5000000 27.7417071
v -161.5872558 -6.5000000 27.7417071
v -161.5872558 -7.0000000 27.7417071
v -163.9132274 -7.0000000 25.1073895
v -163.9132274 -6.5000000 25.1073895
v -163.9132274 -6.5000000 25.1073895
v -163.9132274 -7.0000000 25.1073895
v -164.7300000 -7.0000000 22.0000000
v -164.7300000 -6.5000000 22.0000000
v -164.7300000 -6.5000000 22.0000000
v -164.7300000 -7.0000000 22.0000000
v -163.9132274 -7.0000000 18.8926105
v -163.9132274 -6.5000000 18.8926105
v -163.9132274 -6.5000000 18.8926105
v -163.9132274 -7.0000000 18.8926105
v -161.5872558 -7.0000000 16.2582929
v -161.5872558 -6.5000000 16.2582929
v -161.5872558 -6.5000000 16.2582929
v -161.5872558 -7.0000000 16.2582929
v -158.1061932 -7.0000000 14.4980982
v -158.1061932 -6.5000000 14.4980982
v -158.1061932 -6.5000000 14.4980982
v -158.1061932 -7.0000000 14.4980982
v -154.0000000 -7.0000000 13.8800000
v -154.0000000 -6.5000000 13.8800000
v -154.0000000 -6.5000000 13.8800000
v -154.0000000 -7.0000000 13.8800000
v -149.8938068 -7.0000000 14.4980982
v -149.8938068 -6.5000000 14.4980982
v -149.8938068 -6.5000000 14.4980982
v -149.8938068 -7.0000000 14.4980982
v -146.4127442 -7.0000000 16.2582929
v -146.4127442 -6.5000000 16.2582929
v -146.4127442 -6.5000000 16.2582929
v -146.4127442 -7.0000000 16.2582929
v -144.0867726 -7.0000000 18.8926105
v -144.0867726 -6.5000000 18.8926105
v -144.0867726 -6.5000000 18.8926105
v -144.0867726 -7.0000000 18.8926105
v -154.0000000 -6.3300000 22.0000000
v -154.0000000 -6.5100000 22.0000000
v -142.9000000 -6.5100000 22.0000000
v -142.9000000 -6.3300000 22.0000000
v -142.9000000 -6.3300000 22.0000000
v -142.9000000 -6.5100000 22.0000000
v -143.7449372 -6.5100000 25.2145408
v -143.7449372 -6.3300000 25.2145408
v -143.7449372 -6.3300000 25.2145408
v -143.7449372 -6.5100000 25.2145408
v -146.1511147 -6.5100000 27.9396970
v -146.1511147 -6.3300000 27.9396970
v -146.1511147 -6.3300000 27.9396970
v -146.1511147 -6.5100000 27.9396970
v -149.7522139 -6.5100000 29.7605881
v -149.7522139 -6.3300000 29.7605881
v -149.7522139 -6.3300000 29.7605881
v -149.7522139 -6.5100000 29.7605881
v -154.0000000 -6.5100000 30.4000000
v -154.0000000 -6.3300000 30.4000000
v -154.0000000 -6.3300000 30.4000000
v -154.0000000 -6.5100000 30.4000000
v -158.2477861 -6.5100000 29.7605881
v -158.2477861 -6.3300000 29.7605881
v -158.2477861 -6.3300000 29.7605881
v -158.2477861 -6.5100000 29.7605881
v -161.8488853 -6.5100000 27.9396970
v -161.8488853 -6.3300000 27.9396970
v -161.8488853 -6.3300000 27.9396970
v -161.8488853 -6.5100000 27.9396970
v -164.2550628 -6.5100000 25.2145408
v -164.2550628 -6.3300000 25.2145408
v -164.2550628 -6.3300000 25.2145408
v -164.2550628 -6.5100000 25.2145408
v -165.1000000 -6.5100000 22.0000000
v -165.1000000 -6.3300000 22.0000000
v -165.1000000 -6.3300000 22.0000000
v -165.1000000 -6.5100000 22.0000000
v -164.2550628 -6.5100000 18.7854592
v -164.2550628 -6.3300000 18.7854592
v -164.2550628 -6.3300000 18.7854592
v -164.2550628 -6.5100000 18.7854592
v -161.8488853 -6.5100000 16.0603030
v -161.8488853 -6.3300000 16.0603030
v -161.8488853 -6.3300000 16.0603030
v -161.8488853 -6.5100000 16.0603030
v -158.2477861 -6.5100000 14.2394119
v -158.2477861 -6.3300000 14.2394119
v -158.2477861 -6.3300000 14.2394119
v -158.2477861 -6.5100000 14.2394119
v -154.0000000 -6.5100000 13.6000000
v -154.0000000 -6.3300000 13.6000000
v -154.0000000 -6.3300000 13.6000000
v -154.0000000 -6.5100000 13.6000000
v -149.7522139 -6.5100000 14.2394119
v -149.7522139 -6.3300000 14.2394119
v -149.7522139 -6.3300000 14.2394119
v -149.7522139 -6.5100000 14.2394119
v -146.1511147 -6.5100000 16.0603030
v -146.1511147 -6.3300000 16.0603030
v -146.1511147 -6.3300000 16.0603030
v -146.1511147 -6.5100000 16.0603030
v -143.7449372 -6.5100000 18.7854592
v -143.7449372 -6.3300000 18.7854592
v -143.7449372 -6.3300000 18.7854592
v -143.7449372 -6.5100000 18.7854592
v -165.8000000 -6.1600000 24.8000000
v -160.2000000 -6.1600000 24.8000000
v -160.2000000 7.4400000 24.8000000
v -165.8000000 7.4400000 24.8000000
v -160.2000000 -6.1600000 19.2000000
v -165.8000000 -6.1600000 19.2000000
v -165.8000000 7.4400000 19.2000000
v -160.2000000 7.4400000 19.2000000
v -160.2000000 -6.1600000 24.8000000
v -160.2000000 -6.1600000 19.2000000
v -160.2000000 7.4400000 19.2000000
v -160.2000000 7.4400000 24.8000000
v -165.8000000 -6.1600000 19.2000000
v -165.8000000 -6.1600000 24.8000000
v -165.8000000 7.4400000 24.8000000
v -165.8000000 7.4400000 19.2000000
v -165.8000000 7.4400000 24.8000000
v -160.2000000 7.4400000 24.8000000
v -160.2000000 7.4400000 19.2000000
v -165.8000000 7.4400000 19.2000000
v -165.8000000 -6.1600000 19.2000000
v -160.2000000 -6.1600000 19.2000000
v -160.2000000 -6.1600000 24.8000000
v -165.8000000 -6.1600000 24.8000000
v -166.3500000 7.4400000 25.3500000
v -159.6500000 7.4400000 25.3500000
v -159.6500000 8.0000000 25.3500000
v -166.3500000 8.0000000 25.3500000
v -159.6500000 7.4400000 18.6500000
v -166.3500000 7.4400000 18.6500000
v -166.3500000 8.0000000 18.6500000
v -159.6500000 8.0000000 18.6500000
v -159.6500000 7.4400000 25.3500000
v -159.6500000 7.4400000 18.6500000
v -159.6500000 8.0000000 18.6500000
v -159.6500000 8.0000000 25.3500000
v -166.3500000 7.4400000 18.6500000
v -166.3500000 7.4400000 25.3500000
v -166.3500000 8.0000000 25.3500000
v -166.3500000 8.0000000 18.6500000
v -166.3500000 8.0000000 25.3500000
v -159.6500000 8.0000000 25.3500000
v -159.6500000 8.0000000 18.6500000
v -166.3500000 8.0000000 18.6500000
v -166.3500000 7.4400000 18.6500000
v -159.6500000 7.4400000 18.6500000
v -159.6500000 7.4400000 25.3500000
v -166.3500000 7.4400000 25.3500000
v -165.0160000 5.9900000 25.0000000
v -160.9840000 5.9900000 25.0000000
v -160.9840000 6.3900000 25.0000000
v -165.0160000 6.3900000 25.0000000
v -160.9840000 5.9900000 24.7600000
v -165.0160000 5.9900000 24.7600000
v -165.0160000 6.3900000 24.7600000
v -160.9840000 6.3900000 24.7600000
v -160.9840000 5.9900000 25.0000000
v -160.9840000 5.9900000 24.7600000
v -160.9840000 6.3900000 24.7600000
v -160.9840000 6.3900000 25.0000000
v -165.0160000 5.9900000 24.7600000
v -165.0160000 5.9900000 25.0000000
v -165.0160000 6.3900000 25.0000000
v -165.0160000 6.3900000 24.7600000
v -165.0160000 6.3900000 25.0000000
v -160.9840000 6.3900000 25.0000000
v -160.9840000 6.3900000 24.7600000
v -165.0160000 6.3900000 24.7600000
v -165.0160000 5.9900000 24.7600000
v -160.9840000 5.9900000 24.7600000
v -160.9840000 5.9900000 25.0000000
v -165.0160000 5.9900000 25.0000000
v -163.0000000 7.7580000 22.0000000
v -163.0000000 12.3580000 22.0000000
v -161.7120000 9.6900000 22.0000000
v -162.6019861 9.6900000 23.2249608
v -164.0420139 9.6900000 22.7570674
v -164.0420139 9.6900000 21.2429326
v -162.6019861 9.6900000 20.7750392
v -156.8000000 -6.1600000 24.8000000
v -151.2000000 -6.1600000 24.8000000
v -151.2000000 7.4400000 24.8000000
v -156.8000000 7.4400000 24.8000000
v -151.2000000 -6.1600000 19.2000000
v -156.8000000 -6.1600000 19.2000000
v -156.8000000 7.4400000 19.2000000
v -151.2000000 7.4400000 19.2000000
v -151.2000000 -6.1600000 24.8000000
v -151.2000000 -6.1600000 19.2000000
v -151.2000000 7.4400000 19.2000000
v -151.2000000 7.4400000 24.8000000
v -156.8000000 -6.1600000 19.2000000
v -156.8000000 -6.1600000 24.8000000
v -156.8000000 7.4400000 24.8000000
v -156.8000000 7.4400000 19.2000000
v -156.8000000 7.4400000 24.8000000
v -151.2000000 7.4400000 24.8000000
v -151.2000000 7.4400000 19.2000000
v -156.8000000 7.4400000 19.2000000
v -156.8000000 -6.1600000 19.2000000
v -151.2000000 -6.1600000 19.2000000
v -151.2000000 -6.1600000 24.8000000
v -156.8000000 -6.1600000 24.8000000
v -157.3500000 7.4400000 25.3500000
v -150.6500000 7.4400000 25.3500000
v -150.6500000 8.0000000 25.3500000
v -157.3500000 8.0000000 25.3500000
v -150.6500000 7.4400000 18.6500000
v -157.3500000 7.4400000 18.6500000
v -157.3500000 8.0000000 18.6500000
v -150.6500000 8.0000000 18.6500000
v -150.6500000 7.4400000 25.3500000
v -150.6500000 7.4400000 18.6500000
v -150.6500000 8.0000000 18.6500000
v -150.6500000 8.0000000 25.3500000
v -157.3500000 7.4400000 18.6500000
v -157.3500000 7.4400000 25.3500000
v -157.3500000 8.0000000 25.3500000
v -157.3500000 8.0000000 18.6500000
v -157.3500000 8.0000000 25.3500000
v -150.6500000 8.0000000 25.3500000
v -150.6500000 8.0000000 18.6500000
v -157.3500000 8.0000000 18.6500000
v -157.3500000 7.4400000 18.6500000
v -150.6500000 7.4400000 18.6500000
v -150.6500000 7.4400000 25.3500000
v -157.3500000 7.4400000 25.3500000
v -156.0160000 5.9900000 25.0000000
v -151.9840000 5.9900000 25.0000000
v -151.9840000 6.3900000 25.0000000
v -156.0160000 6.3900000 25.0000000
v -151.9840000 5.9900000 24.7600000
v -156.0160000 5.9900000 24.7600000
v -156.0160000 6.3900000 24.7600000
v -151.9840000 6.3900000 24.7600000
v -151.9840000 5.9900000 25.0000000
v -151.9840000 5.9900000 24.7600000
v -151.9840000 6.3900000 24.7600000
v -151.9840000 6.3900000 25.0000000
v -156.0160000 5.9900000 24.7600000
v -156.0160000 5.9900000 25.0000000
v -156.0160000 6.3900000 25.0000000
v -156.0160000 6.3900000 24.7600000
v -156.0160000 6.3900000 25.0000000
v -151.9840000 6.3900000 25.0000000
v -151.9840000 6.3900000 24.7600000
v -156.0160000 6.3900000 24.7600000
v -156.0160000 5.9900000 24.7600000
v -151.9840000 5.9900000 24.7600000
v -151.9840000 5.9900000 25.0000000
v -156.0160000 5.9900000 25.0000000
v -154.0000000 7.7580000 22.0000000
v -154.0000000 12.3580000 22.0000000
v -152.7120000 9.6900000 22.0000000
v -153.6019861 9.6900000 23.2249608
v -155.0420139 9.6900000 22.7570674
v -155.0420139 9.6900000 21.2429326
v -153.6019861 9.6900000 20.7750392
v -147.8000000 -6.1600000 24.8000000
v -142.2000000 -6.1600000 24.8000000
v -142.2000000 7.4400000 24.8000000
v -147.8000000 7.4400000 24.8000000
v -142.2000000 -6.1600000 19.2000000
v -147.8000000 -6.1600000 19.2000000
v -147.8000000 7.4400000 19.2000000
v -142.2000000 7.4400000 19.2000000
v -142.2000000 -6.1600000 24.8000000
v -142.2000000 -6.1600000 19.2000000
v -142.2000000 7.4400000 19.2000000
v -142.2000000 7.4400000 24.8000000
v -147.8000000 -6.1600000 19.2000000
v -147.8000000 -6.1600000 24.8000000
v -147.8000000 7.4400000 24.8000000
v -147.8000000 7.4400000 19.2000000
v -147.8000000 7.4400000 24.8000000
v -142.2000000 7.4400000 24.8000000
v -142.2000000 7.4400000 19.2000000
v -147.8000000 7.4400000 19.2000000
v -147.8000000 -6.1600000 19.2000000
v -142.2000000 -6.1600000 19.2000000
v -142.2000000 -6.1600000 24.8000000
v -147.8000000 -6.1600000 24.8000000
v -148.3500000 7.4400000 25.3500000
v -141.6500000 7.4400000 25.3500000
v -141.6500000 8.0000000 25.3500000
v -148.3500000 8.0000000 25.3500000
v -141.6500000 7.4400000 18.6500000
v -148.3500000 7.4400000 18.6500000
v -148.3500000 8.0000000 18.6500000
v -141.6500000 8.0000000 18.6500000
v -141.6500000 7.4400000 25.3500000
v -141.6500000 7.4400000 18.6500000
v -141.6500000 8.0000000 18.6500000
v -141.6500000 8.0000000 25.3500000
v -148.3500000 7.4400000 18.6500000
v -148.3500000 7.4400000 25.3500000
v -148.3500000 8.0000000 25.3500000
v -148.3500000 8.0000000 18.6500000
v -148.3500000 8.0000000 25.3500000
v -141.6500000 8.0000000 25.3500000
v -141.6500000 8.0000000 18.6500000
v -148.3500000 8.0000000 18.6500000
v -148.3500000 7.4400000 18.6500000
v -141.6500000 7.4400000 18.6500000
v -141.6500000 7.4400000 25.3500000
v -148.3500000 7.4400000 25.3500000
v -147.0160000 5.9900000 25.0000000
v -142.9840000 5.9900000 25.0000000
v -142.9840000 6.3900000 25.0000000
v -147.0160000 6.3900000 25.0000000
v -142.9840000 5.9900000 24.7600000
v -147.0160000 5.9900000 24.7600000
v -147.0160000 6.3900000 24.7600000
v -142.9840000 6.3900000 24.7600000
v -142.9840000 5.9900000 25.0000000
v -142.9840000 5.9900000 24.7600000
v -142.9840000 6.3900000 24.7600000
v -142.9840000 6.3900000 25.0000000
v -147.0160000 5.9900000 24.7600000
v -147.0160000 5.9900000 25.0000000
v -147.0160000 6.3900000 25.0000000
v -147.0160000 6.3900000 24.7600000
v -147.0160000 6.3900000 25.0000000
v -142.9840000 6.3900000 25.0000000
v -142.9840000 6.3900000 24.7600000
v -147.0160000 6.3900000 24.7600000
v -147.0160000 5.9900000 24.7600000
v -142.9840000 5.9900000 24.7600000
v -142.9840000 5.9900000 25.0000000
v -147.0160000 5.9900000 25.0000000
v -145.0000000 7.7580000 22.0000000
v -145.0000000 12.3580000 22.0000000
v -143.7120000 9.6900000 22.0000000
v -144.6019861 9.6900000 23.2249608
v -146.0420139 9.6900000 22.7570674
v -146.0420139 9.6900000 21.2429326
v -144.6019861 9.6900000 20.7750392
v -165.0000000 -6.1000000 23.0500000
v -143.0000000 -6.1000000 23.0500000
v -143.0000000 -2.8000000 23.0500000
v -165.0000000 -2.8000000 23.0500000
v -143.0000000 -6.1000000 20.9500000
v -165.0000000 -6.1000000 20.9500000
v -165.0000000 -2.8000000 20.9500000
v -143.0000000 -2.8000000 20.9500000
v -143.0000000 -6.1000000 23.0500000
v -143.0000000 -6.1000000 20.9500000
v -143.0000000 -2.8000000 20.9500000
v -143.0000000 -2.8000000 23.0500000
v -165.0000000 -6.1000000 20.9500000
v -165.0000000 -6.1000000 23.0500000
v -165.0000000 -2.8000000 23.0500000
v -165.0000000 -2.8000000 20.9500000
v -165.0000000 -2.8000000 23.0500000
v -143.0000000 -2.8000000 23.0500000
v -143.0000000 -2.8000000 20.9500000
v -165.0000000 -2.8000000 20.9500000
v -165.0000000 -6.1000000 20.9500000
v -143.0000000 -6.1000000 20.9500000
v -143.0000000 -6.1000000 23.0500000
v -165.0000000 -6.1000000 23.0500000
v -165.5500000 -2.8000000 23.1800000
v -142.4500000 -2.8000000 23.1800000
v -142.4500000 -2.4600000 23.1800000
v -165.5500000 -2.4600000 23.1800000
v -142.4500000 -2.8000000 20.8200000
v -165.5500000 -2.8000000 20.8200000
v -165.5500000 -2.4600000 20.8200000
v -142.4500000 -2.4600000 20.8200000
v -142.4500000 -2.8000000 23.1800000
v -142.4500000 -2.8000000 20.8200000
v -142.4500000 -2.4600000 20.8200000
v -142.4500000 -2.4600000 23.1800000
v -165.5500000 -2.8000000 20.8200000
v -165.5500000 -2.8000000 23.1800000
v -165.5500000 -2.4600000 23.1800000
v -165.5500000 -2.4600000 20.8200000
v -165.5500000 -2.4600000 23.1800000
v -142.4500000 -2.4600000 23.1800000
v -142.4500000 -2.4600000 20.8200000
v -165.5500000 -2.4600000 20.8200000
v -165.5500000 -2.8000000 20.8200000
v -142.4500000 -2.8000000 20.8200000
v -142.4500000 -2.8000000 23.1800000
v -165.5500000 -2.8000000 23.1800000
v -162.3400000 -2.4500000 23.2800000
v -161.5000000 -2.4500000 23.2800000
v -161.5000000 -1.6100000 23.2800000
v -162.3400000 -1.6100000 23.2800000
v -161.5000000 -2.4500000 22.9600000
v -162.3400000 -2.4500000 22.9600000
v -162.3400000 -1.6100000 22.9600000
v -161.5000000 -1.6100000 22.9600000
v -161.5000000 -2.4500000 23.2800000
v -161.5000000 -2.4500000 22.9600000
v -161.5000000 -1.6100000 22.9600000
v -161.5000000 -1.6100000 23.2800000
v -162.3400000 -2.4500000 22.9600000
v -162.3400000 -2.4500000 23.2800000
v -162.3400000 -1.6100000 23.2800000
v -162.3400000 -1.6100000 22.9600000
v -162.3400000 -1.6100000 23.2800000
v -161.5000000 -1.6100000 23.2800000
v -161.5000000 -1.6100000 22.9600000
v -162.3400000 -1.6100000 22.9600000
v -162.3400000 -2.4500000 22.9600000
v -161.5000000 -2.4500000 22.9600000
v -161.5000000 -2.4500000 23.2800000
v -162.3400000 -2.4500000 23.2800000
v -154.4200000 -2.4500000 23.2800000
v -153.5800000 -2.4500000 23.2800000
v -153.5800000 -1.6100000 23.2800000
v -154.4200000 -1.6100000 23.2800000
v -153.5800000 -2.4500000 22.9600000
v -154.4200000 -2.4500000 22.9600000
v -154.4200000 -1.6100000 22.9600000
v -153.5800000 -1.6100000 22.9600000
v -153.5800000 -2.4500000 23.2800000
v -153.5800000 -2.4500000 22.9600000
v -153.5800000 -1.6100000 22.9600000
v -153.5800000 -1.6100000 23.2800000
v -154.4200000 -2.4500000 22.9600000
v -154.4200000 -2.4500000 23.2800000
v -154.4200000 -1.6100000 23.2800000
v -154.4200000 -1.6100000 22.9600000
v -154.4200000 -1.6100000 23.2800000
v -153.5800000 -1.6100000 23.2800000
v -153.5800000 -1.6100000 22.9600000
v -154.4200000 -1.6100000 22.9600000
v -154.4200000 -2.4500000 22.9600000
v -153.5800000 -2.4500000 22.9600000
v -153.5800000 -2.4500000 23.2800000
v -154.4200000 -2.4500000 23.2800000
v -146.5000000 -2.4500000 23.2800000
v -145.6600000 -2.4500000 23.2800000
v -145.6600000 -1.6100000 23.2800000
v -146.5000000 -1.6100000 23.2800000
v -145.6600000 -2.4500000 22.9600000
v -146.5000000 -2.4500000 22.9600000
v -146.5000000 -1.6100000 22.9600000
v -145.6600000 -1.6100000 22.9600000
v -145.6600000 -2.4500000 23.2800000
v -145.6600000 -2.4500000 22.9600000
v -145.6600000 -1.6100000 22.9600000
v -145.6600000 -1.6100000 23.2800000
v -146.5000000 -2.4500000 22.9600000
v -146.5000000 -2.4500000 23.2800000
v -146.5000000 -1.6100000 23.2800000
v -146.5000000 -1.6100000 22.9600000
v -146.5000000 -1.6100000 23.2800000
v -145.6600000 -1.6100000 23.2800000
v -145.6600000 -1.6100000 22.9600000
v -146.5000000 -1.6100000 22.9600000
v -146.5000000 -2.4500000 22.9600000
v -145.6600000 -2.4500000 22.9600000
v -145.6600000 -2.4500000 23.2800000
v -146.5000000 -2.4500000 23.2800000
v 158.0000000 -5.0000000 30.0000000
v 158.0000000 -47.0000000 30.0000000
v 193.0000000 -47.0000000 30.0000000
v 166.4000000 -5.0000000 30.0000000
v 166.4000000 -5.0000000 30.0000000
v 193.0000000 -47.0000000 30.0000000
v 188.3108891 -47.0000000 43.0000000
v 165.2746134 -5.0000000 33.1200000
v 165.2746134 -5.0000000 33.1200000
v 188.3108891 -47.0000000 43.0000000
v 175.5000000 -47.0000000 52.5166605
v 162.2000000 -5.0000000 35.4039985
v 162.2000000 -5.0000000 35.4039985
v 175.5000000 -47.0000000 52.5166605
v 158.0000000 -47.0000000 56.0000000
v 158.0000000 -5.0000000 36.2400000
v 158.0000000 -5.0000000 36.2400000
v 158.0000000 -47.0000000 56.0000000
v 140.5000000 -47.0000000 52.5166605
v 153.8000000 -5.0000000 35.4039985
v 153.8000000 -5.0000000 35.4039985
v 140.5000000 -47.0000000 52.5166605
v 127.6891109 -47.0000000 43.0000000
v 150.7253866 -5.0000000 33.1200000
v 150.7253866 -5.0000000 33.1200000
v 127.6891109 -47.0000000 43.0000000
v 123.0000000 -47.0000000 30.0000000
v 149.6000000 -5.0000000 30.0000000
v 149.6000000 -5.0000000 30.0000000
v 123.0000000 -47.0000000 30.0000000
v 127.6891109 -47.0000000 17.0000000
v 150.7253866 -5.0000000 26.8800000
v 150.7253866 -5.0000000 26.8800000
v 127.6891109 -47.0000000 17.0000000
v 140.5000000 -47.0000000 7.4833395
v 153.8000000 -5.0000000 24.5960015
v 153.8000000 -5.0000000 24.5960015
v 140.5000000 -47.0000000 7.4833395
v 158.0000000 -47.0000000 4.0000000
v 158.0000000 -5.0000000 23.7600000
v 158.0000000 -5.0000000 23.7600000
v 158.0000000 -47.0000000 4.0000000
v 175.5000000 -47.0000000 7.4833395
v 162.2000000 -5.0000000 24.5960015
v 162.2000000 -5.0000000 24.5960015
v 175.5000000 -47.0000000 7.4833395
v 188.3108891 -47.0000000 17.0000000
v 165.2746134 -5.0000000 26.8800000
v 165.2746134 -5.0000000 26.8800000
v 188.3108891 -47.0000000 17.0000000
v 146.1000000 -16.7600000 32.0800000
v 146.1000000 -47.0000000 32.0800000
v 170.6000000 -47.0000000 32.0800000
v 150.0200000 -16.7600000 32.0800000
v 150.0200000 -16.7600000 32.0800000
v 170.6000000 -47.0000000 32.0800000
v 164.8680889 -47.0000000 41.1047380
v 149.1028942 -16.7600000 33.5239581
v 149.1028942 -16.7600000 33.5239581
v 164.8680889 -47.0000000 41.1047380
v 150.3543804 -47.0000000 45.9067009
v 146.7807009 -16.7600000 34.2922721
v 146.7807009 -16.7600000 34.2922721
v 150.3543804 -47.0000000 45.9067009
v 133.8500000 -47.0000000 44.2389967
v 144.1400000 -16.7600000 34.0254395
v 144.1400000 -16.7600000 34.0254395
v 133.8500000 -47.0000000 44.2389967
v 123.0775308 -47.0000000 36.8819628
v 142.4164049 -16.7600000 32.8483140
v 142.4164049 -16.7600000 32.8483140
v 123.0775308 -47.0000000 36.8819628
v 123.0775308 -47.0000000 27.2780372
v 142.4164049 -16.7600000 31.3116860
v 142.4164049 -16.7600000 31.3116860
v 123.0775308 -47.0000000 27.2780372
v 133.8500000 -47.0000000 19.9210033
v 144.1400000 -16.7600000 30.1345605
v 144.1400000 -16.7600000 30.1345605
v 133.8500000 -47.0000000 19.9210033
v 150.3543804 -47.0000000 18.2532991
v 146.7807009 -16.7600000 29.8677279
v 146.7807009 -16.7600000 29.8677279
v 150.3543804 -47.0000000 18.2532991
v 164.8680889 -47.0000000 23.0552620
v 149.1028942 -16.7600000 30.6360419
v 149.1028942 -16.7600000 30.6360419
v 164.8680889 -47.0000000 23.0552620
v 168.8500000 -20.1200000 27.1400000
v 168.8500000 -47.0000000 27.1400000
v 190.5500000 -47.0000000 27.1400000
v 172.3220000 -20.1200000 27.1400000
v 172.3220000 -20.1200000 27.1400000
v 190.5500000 -47.0000000 27.1400000
v 185.4731644 -47.0000000 37.1674867
v 171.5097063 -20.1200000 28.7443979
v 171.5097063 -20.1200000 28.7443979
v 185.4731644 -47.0000000 37.1674867
v 172.6181655 -47.0000000 42.5030009
v 169.4529065 -20.1200000 29.5980802
v 169.4529065 -20.1200000 29.5980802
v 172.6181655 -47.0000000 42.5030009
v 158.0000000 -47.0000000 40.6499963
v 167.1140000 -20.1200000 29.3015994
v 167.1140000 -20.1200000 29.3015994
v 158.0000000 -47.0000000 40.6499963
v 148.4586701 -47.0000000 32.4755142
v 165.5873872 -20.1200000 27.9936823
v 165.5873872 -20.1200000 27.9936823
v 148.4586701 -47.0000000 32.4755142
v 148.4586701 -47.0000000 21.8044858
v 165.5873872 -20.1200000 26.2863177
v 165.5873872 -20.1200000 26.2863177
v 148.4586701 -47.0000000 21.8044858
v 158.0000000 -47.0000000 13.6300037
v 167.1140000 -20.1200000 24.9784006
v 167.1140000 -20.1200000 24.9784006
v 158.0000000 -47.0000000 13.6300037
v 172.6181655 -47.0000000 11.7769991
v 169.4529065 -20.1200000 24.6819198
v 169.4529065 -20.1200000 24.6819198
v 172.6181655 -47.0000000 11.7769991
v 185.4731644 -47.0000000 17.1125133
v 171.5097063 -20.1200000 25.5356021
v 171.5097063 -20.1200000 25.5356021
v 185.4731644 -47.0000000 17.1125133
v 158.7000000 -23.0600000 38.8400000
v 158.7000000 -47.0000000 38.8400000
v 177.6000000 -47.0000000 38.8400000
v 161.7240000 -23.0600000 38.8400000
v 161.7240000 -23.0600000 38.8400000
v 177.6000000 -47.0000000 38.8400000
v 173.1782400 -47.0000000 46.8619894
v 161.0165184 -23.0600000 40.1235183
v 161.0165184 -23.0600000 40.1235183
v 173.1782400 -47.0000000 46.8619894
v 161.9819506 -47.0000000 51.1304008
v 159.2251121 -23.0600000 40.8064641
v 159.2251121 -23.0600000 40.8064641
v 161.9819506 -47.0000000 51.1304008
v 149.2500000 -47.0000000 49.6479970
v 157.1880000 -23.0600000 40.5692795
v 157.1880000 -23.0600000 40.5692795
v 149.2500000 -47.0000000 49.6479970
v 140.9398095 -47.0000000 43.1084114
v 155.8583695 -23.0600000 39.5229458
v 155.8583695 -23.0600000 39.5229458
v 140.9398095 -47.0000000 43.1084114
v 140.9398095 -47.0000000 34.5715886
v 155.8583695 -23.0600000 38.1570542
v 155.8583695 -23.0600000 38.1570542
v 140.9398095 -47.0000000 34.5715886
v 149.2500000 -47.0000000 28.0320030
v 157.1880000 -23.0600000 37.1107205
v 157.1880000 -23.0600000 37.1107205
v 149.2500000 -47.0000000 28.0320030
v 161.9819506 -47.0000000 26.5495992
v 159.2251121 -23.0600000 36.8735359
v 159.2251121 -23.0600000 36.8735359
v 161.9819506 -47.0000000 26.5495992
v 173.1782400 -47.0000000 30.8180106
v 161.0165184 -23.0600000 37.5564817
v 161.0165184 -23.0600000 37.5564817
v 173.1782400 -47.0000000 30.8180106
v 158.0000000 -5.0000000 30.0000000
v 158.0000000 -9.0000000 30.0000000
v 172.7000000 -9.0000000 30.0000000
v 167.8000000 -5.0000000 30.0000000
v 167.8000000 -5.0000000 30.0000000
v 172.7000000 -9.0000000 30.0000000
v 170.7305734 -9.0000000 35.4600000
v 166.4870490 -5.0000000 33.6400000
v 166.4870490 -5.0000000 33.6400000
v 170.7305734 -9.0000000 35.4600000
v 165.3500000 -9.0000000 39.4569974
v 162.9000000 -5.0000000 36.3046649
v 162.9000000 -5.0000000 36.3046649
v 165.3500000 -9.0000000 39.4569974
v 158.0000000 -9.0000000 40.9200000
v 158.0000000 -5.0000000 37.2800000
v 158.0000000 -5.0000000 37.2800000
v 158.0000000 -9.0000000 40.9200000
v 150.6500000 -9.0000000 39.4569974
v 153.1000000 -5.0000000 36.3046649
v 153.1000000 -5.0000000 36.3046649
v 150.6500000 -9.0000000 39.4569974
v 145.2694266 -9.0000000 35.4600000
v 149.5129510 -5.0000000 33.6400000
v 149.5129510 -5.0000000 33.6400000
v 145.2694266 -9.0000000 35.4600000
v 143.3000000 -9.0000000 30.0000000
v 148.2000000 -5.0000000 30.0000000
v 148.2000000 -5.0000000 30.0000000
v 143.3000000 -9.0000000 30.0000000
v 145.2694266 -9.0000000 24.5400000
v 149.5129510 -5.0000000 26.3600000
v 149.5129510 -5.0000000 26.3600000
v 145.2694266 -9.0000000 24.5400000
v 150.6500000 -9.0000000 20.5430026
v 153.1000000 -5.0000000 23.6953351
v 153.1000000 -5.0000000 23.6953351
v 150.6500000 -9.0000000 20.5430026
v 158.0000000 -9.0000000 19.0800000
v 158.0000000 -5.0000000 22.7200000
v 158.0000000 -5.0000000 22.7200000
v 158.0000000 -9.0000000 19.0800000
v 165.3500000 -9.0000000 20.5430026
v 162.9000000 -5.0000000 23.6953351
v 162.9000000 -5.0000000 23.6953351
v 165.3500000 -9.0000000 20.5430026
v 170.7305734 -9.0000000 24.5400000
v 166.4870490 -5.0000000 26.3600000
v 166.4870490 -5.0000000 26.3600000
v 170.7305734 -9.0000000 24.5400000
v 158.0000000 -4.5000000 30.0000000
v 158.0000000 -5.0000000 30.0000000
v 168.1500000 -5.0000000 30.0000000
v 168.1500000 -4.5000000 30.0000000
v 168.1500000 -4.5000000 30.0000000
v 168.1500000 -5.0000000 30.0000000
v 167.3773773 -5.0000000 32.8854331
v 167.3773773 -4.5000000 32.8854331
v 167.3773773 -4.5000000 32.8854331
v 167.3773773 -5.0000000 32.8854331
v 165.1771338 -5.0000000 35.3315851
v 165.1771338 -4.5000000 35.3315851
v 165.1771338 -4.5000000 35.3315851
v 165.1771338 -5.0000000 35.3315851
v 161.8842368 -5.0000000 36.9660517
v 161.8842368 -4.5000000 36.9660517
v 161.8842368 -4.5000000 36.9660517
v 161.8842368 -5.0000000 36.9660517
v 158.0000000 -5.0000000 37.5400000
v 158.0000000 -4.5000000 37.5400000
v 158.0000000 -4.5000000 37.5400000
v 158.0000000 -5.0000000 37.5400000
v 154.1157632 -5.0000000 36.9660517
v 154.1157632 -4.5000000 36.9660517
v 154.1157632 -4.5000000 36.9660517
v 154.1157632 -5.0000000 36.9660517
v 150.8228662 -5.0000000 35.3315851
v 150.8228662 -4.5000000 35.3315851
v 150.8228662 -4.5000000 35.3315851
v 150.8228662 -5.0000000 35.3315851
v 148.6226227 -5.0000000 32.8854331
v 148.6226227 -4.5000000 32.8854331
v 148.6226227 -4.5000000 32.8854331
v 148.6226227 -5.0000000 32.8854331
v 147.8500000 -5.0000000 30.0000000
v 147.8500000 -4.5000000 30.0000000
v 147.8500000 -4.5000000 30.0000000
v 147.8500000 -5.0000000 30.0000000
v 148.6226227 -5.0000000 27.1145669
v 148.6226227 -4.5000000 27.1145669
v 148.6226227 -4.5000000 27.1145669
v 148.6226227 -5.0000000 27.1145669
v 150.8228662 -5.0000000 24.6684149
v 150.8228662 -4.5000000 24.6684149
v 150.8228662 -4.5000000 24.6684149
v 150.8228662 -5.0000000 24.6684149
v 154.1157632 -5.0000000 23.0339483
v 154.1157632 -4.5000000 23.0339483
v 154.1157632 -4.5000000 23.0339483
v 154.1157632 -5.0000000 23.0339483
v 158.0000000 -5.0000000 22.4600000
v 158.0000000 -4.5000000 22.4600000
v 158.0000000 -4.5000000 22.4600000
v 158.0000000 -5.0000000 22.4600000
v 161.8842368 -5.0000000 23.0339483
v 161.8842368 -4.5000000 23.0339483
v 161.8842368 -4.5000000 23.0339483
v 161.8842368 -5.0000000 23.0339483
v 165.1771338 -5.0000000 24.6684149
v 165.1771338 -4.5000000 24.6684149
v 165.1771338 -4.5000000 24.6684149
v 165.1771338 -5.0000000 24.6684149
v 167.3773773 -5.0000000 27.1145669
v 167.3773773 -4.5000000 27.1145669
v 167.3773773 -4.5000000 27.1145669
v 167.3773773 -5.0000000 27.1145669
v 158.0000000 -4.3300000 30.0000000
v 158.0000000 -4.5100000 30.0000000
v 168.5000000 -4.5100000 30.0000000
v 168.5000000 -4.3300000 30.0000000
v 168.5000000 -4.3300000 30.0000000
v 168.5000000 -4.5100000 30.0000000
v 167.7007351 -4.5100000 32.9849308
v 167.7007351 -4.3300000 32.9849308
v 167.7007351 -4.3300000 32.9849308
v 167.7007351 -4.5100000 32.9849308
v 165.4246212 -4.5100000 35.5154329
v 165.4246212 -4.3300000 35.5154329
v 165.4246212 -4.3300000 35.5154329
v 165.4246212 -4.5100000 35.5154329
v 162.0181760 -4.5100000 37.2062604
v 162.0181760 -4.3300000 37.2062604
v 162.0181760 -4.3300000 37.2062604
v 162.0181760 -4.5100000 37.2062604
v 158.0000000 -4.5100000 37.8000000
v 158.0000000 -4.3300000 37.8000000
v 158.0000000 -4.3300000 37.8000000
v 158.0000000 -4.5100000 37.8000000
v 153.9818240 -4.5100000 37.2062604
v 153.9818240 -4.3300000 37.2062604
v 153.9818240 -4.3300000 37.2062604
v 153.9818240 -4.5100000 37.2062604
v 150.5753788 -4.5100000 35.5154329
v 150.5753788 -4.3300000 35.5154329
v 150.5753788 -4.3300000 35.5154329
v 150.5753788 -4.5100000 35.5154329
v 148.2992649 -4.5100000 32.9849308
v 148.2992649 -4.3300000 32.9849308
v 148.2992649 -4.3300000 32.9849308
v 148.2992649 -4.5100000 32.9849308
v 147.5000000 -4.5100000 30.0000000
v 147.5000000 -4.3300000 30.0000000
v 147.5000000 -4.3300000 30.0000000
v 147.5000000 -4.5100000 30.0000000
v 148.2992649 -4.5100000 27.0150692
v 148.2992649 -4.3300000 27.0150692
v 148.2992649 -4.3300000 27.0150692
v 148.2992649 -4.5100000 27.0150692
v 150.5753788 -4.5100000 24.4845671
v 150.5753788 -4.3300000 24.4845671
v 150.5753788 -4.3300000 24.4845671
v 150.5753788 -4.5100000 24.4845671
v 153.9818240 -4.5100000 22.7937396
v 153.9818240 -4.3300000 22.7937396
v 153.9818240 -4.3300000 22.7937396
v 153.9818240 -4.5100000 22.7937396
v 158.0000000 -4.5100000 22.2000000
v 158.0000000 -4.3300000 22.2000000
v 158.0000000 -4.3300000 22.2000000
v 158.0000000 -4.5100000 22.2000000
v 162.0181760 -4.5100000 22.7937396
v 162.0181760 -4.3300000 22.7937396
v 162.0181760 -4.3300000 22.7937396
v 162.0181760 -4.5100000 22.7937396
v 165.4246212 -4.5100000 24.4845671
v 165.4246212 -4.3300000 24.4845671
v 165.4246212 -4.3300000 24.4845671
v 165.4246212 -4.5100000 24.4845671
v 167.7007351 -4.5100000 27.0150692
v 167.7007351 -4.3300000 27.0150692
v 167.7007351 -4.3300000 27.0150692
v 167.7007351 -4.5100000 27.0150692
v 155.2000000 -4.1600000 32.8000000
v 160.8000000 -4.1600000 32.8000000
v 160.8000000 5.8400000 32.8000000
v 155.2000000 5.8400000 32.8000000
v 160.8000000 -4.1600000 27.2000000
v 155.2000000 -4.1600000 27.2000000
v 155.2000000 5.8400000 27.2000000
v 160.8000000 5.8400000 27.2000000
v 160.8000000 -4.1600000 32.8000000
v 160.8000000 -4.1600000 27.2000000
v 160.8000000 5.8400000 27.2000000
v 160.8000000 5.8400000 32.8000000
v 155.2000000 -4.1600000 27.2000000
v 155.2000000 -4.1600000 32.8000000
v 155.2000000 5.8400000 32.8000000
v 155.2000000 5.8400000 27.2000000
v 155.2000000 5.8400000 32.8000000
v 160.8000000 5.8400000 32.8000000
v 160.8000000 5.8400000 27.2000000
v 155.2000000 5.8400000 27.2000000
v 155.2000000 -4.1600000 27.2000000
v 160.8000000 -4.1600000 27.2000000
v 160.8000000 -4.1600000 32.8000000
v 155.2000000 -4.1600000 32.8000000
v 154.6500000 5.8400000 33.3500000
v 161.3500000 5.8400000 33.3500000
v 161.3500000 6.4000000 33.3500000
v 154.6500000 6.4000000 33.3500000
v 161.3500000 5.8400000 26.6500000
v 154.6500000 5.8400000 26.6500000
v 154.6500000 6.4000000 26.6500000
v 161.3500000 6.4000000 26.6500000
v 161.3500000 5.8400000 33.3500000
v 161.3500000 5.8400000 26.6500000
v 161.3500000 6.4000000 26.6500000
v 161.3500000 6.4000000 33.3500000
v 154.6500000 5.8400000 26.6500000
v 154.6500000 5.8400000 33.3500000
v 154.6500000 6.4000000 33.3500000
v 154.6500000 6.4000000 26.6500000
v 154.6500000 6.4000000 33.3500000
v 161.3500000 6.4000000 33.3500000
v 161.3500000 6.4000000 26.6500000
v 154.6500000 6.4000000 26.6500000
v 154.6500000 5.8400000 26.6500000
v 161.3500000 5.8400000 26.6500000
v 161.3500000 5.8400000 33.3500000
v 154.6500000 5.8400000 33.3500000
v 155.9840000 4.3900000 33.0000000
v 160.0160000 4.3900000 33.0000000
v 160.0160000 4.7900000 33.0000000
v 155.9840000 4.7900000 33.0000000
v 160.0160000 4.3900000 32.7600000
v 155.9840000 4.3900000 32.7600000
v 155.9840000 4.7900000 32.7600000
v 160.0160000 4.7900000 32.7600000
v 160.0160000 4.3900000 33.0000000
v 160.0160000 4.3900000 32.7600000
v 160.0160000 4.7900000 32.7600000
v 160.0160000 4.7900000 33.0000000
v 155.9840000 4.3900000 32.7600000
v 155.9840000 4.3900000 33.0000000
v 155.9840000 4.7900000 33.0000000
v 155.9840000 4.7900000 32.7600000
v 155.9840000 4.7900000 33.0000000
v 160.0160000 4.7900000 33.0000000
v 160.0160000 4.7900000 32.7600000
v 155.9840000 4.7900000 32.7600000
v 155.9840000 4.3900000 32.7600000
v 160.0160000 4.3900000 32.7600000
v 160.0160000 4.3900000 33.0000000
v 155.9840000 4.3900000 33.0000000
v 158.0000000 6.4940000 30.0000000
v 158.0000000 10.2940000 30.0000000
v 159.2880000 8.0900000 30.0000000
v 158.3980139 8.0900000 31.2249608
v 156.9579861 8.0900000 30.7570674
v 156.9579861 8.0900000 29.2429326
v 158.3980139 8.0900000 28.7750392
v -92.0000000 -11.0000000 128.0000000
v -92.0000000 -47.0000000 128.0000000
v -63.0000000 -47.0000000 128.0000000
v -85.0400000 -11.0000000 128.0000000
v -85.0400000 -11.0000000 128.0000000
v -63.0000000 -47.0000000 128.0000000
v -66.8852633 -47.0000000 139.0000000
v -85.9724632 -11.0000000 130.6400000
v -85.9724632 -11.0000000 130.6400000
v -66.8852633 -47.0000000 139.0000000
v -77.5000000 -47.0000000 147.0525589
v -88.5200000 -11.0000000 132.5726141
v -88.5200000 -11.0000000 132.5726141
v -77.5000000 -47.0000000 147.0525589
v -92.0000000 -47.0000000 150.0000000
v -92.0000000 -11.0000000 133.2800000
v -92.0000000 -11.0000000 133.2800000
v -92.0000000 -47.0000000 150.0000000
v -106.5000000 -47.0000000 147.0525589
v -95.4800000 -11.0000000 132.5726141
v -95.4800000 -11.0000000 132.5726141
v -106.5000000 -47.0000000 147.0525589
v -117.1147367 -47.0000000 139.0000000
v -98.0275368 -11.0000000 130.6400000
v -98.0275368 -11.0000000 130.6400000
v -117.1147367 -47.0000000 139.0000000
v -121.0000000 -47.0000000 128.0000000
v -98.9600000 -11.0000000 128.0000000
v -98.9600000 -11.0000000 128.0000000
v -121.0000000 -47.0000000 128.0000000
v -117.1147367 -47.0000000 117.0000000
v -98.0275368 -11.0000000 125.3600000
v -98.0275368 -11.0000000 125.3600000
v -117.1147367 -47.0000000 117.0000000
v -106.5000000 -47.0000000 108.9474411
v -95.4800000 -11.0000000 123.4273859
v -95.4800000 -11.0000000 123.4273859
v -106.5000000 -47.0000000 108.9474411
v -92.0000000 -47.0000000 106.0000000
v -92.0000000 -11.0000000 122.7200000
v -92.0000000 -11.0000000 122.7200000
v -92.0000000 -47.0000000 106.0000000
v -77.5000000 -47.0000000 108.9474411
v -88.5200000 -11.0000000 123.4273859
v -88.5200000 -11.0000000 123.4273859
v -77.5000000 -47.0000000 108.9474411
v -66.8852633 -47.0000000 117.0000000
v -85.9724632 -11.0000000 125.3600000
v -85.9724632 -11.0000000 125.3600000
v -66.8852633 -47.0000000 117.0000000
v -101.8600000 -21.0800000 129.7600000
v -101.8600000 -47.0000000 129.7600000
v -81.5600000 -47.0000000 129.7600000
v -98.6120000 -21.0800000 129.7600000
v -98.6120000 -21.0800000 129.7600000
v -81.5600000 -47.0000000 129.7600000
v -86.3092978 -47.0000000 137.3963168
v -99.3718876 -21.0800000 130.9818107
v -99.3718876 -21.0800000 130.9818107
v -86.3092978 -47.0000000 137.3963168
v -98.3349420 -47.0000000 141.4595161
v -101.2959907 -21.0800000 131.6319226
v -101.2959907 -21.0800000 131.6319226
v -98.3349420 -47.0000000 141.4595161
v -112.0100000 -47.0000000 140.0483818
v -103.4840000 -21.0800000 131.4061411
v -103.4840000 -21.0800000 131.4061411
v -112.0100000 -47.0000000 140.0483818
v -120.9357602 -47.0000000 133.8231993
v -104.9121216 -21.0800000 130.4101119
v -104.9121216 -21.0800000 130.4101119
v -120.9357602 -47.0000000 133.8231993
v -120.9357602 -47.0000000 125.6968007
v -104.9121216 -21.0800000 129.1098881
v -104.9121216 -21.0800000 129.1098881
v -120.9357602 -47.0000000 125.6968007
v -112.0100000 -47.0000000 119.4716182
v -103.4840000 -21.0800000 128.1138589
v -103.4840000 -21.0800000 128.1138589
v -112.0100000 -47.0000000 119.4716182
v -98.3349420 -47.0000000 118.0604839
v -101.2959907 -21.0800000 127.8880774
v -101.2959907 -21.0800000 127.8880774
v -98.3349420 -47.0000000 118.0604839
v -86.3092978 -47.0000000 122.1236832
v -99.3718876 -21.0800000 128.5381893
v -99.3718876 -21.0800000 128.5381893
v -86.3092978 -47.0000000 122.1236832
v -83.0100000 -23.9600000 125.5800000
v -83.0100000 -47.0000000 125.5800000
v -65.0300000 -47.0000000 125.5800000
v -80.1332000 -23.9600000 125.5800000
v -80.1332000 -23.9600000 125.5800000
v -65.0300000 -47.0000000 125.5800000
v -69.2365209 -47.0000000 134.0647964
v -80.8062433 -23.9600000 126.9375674
v -80.8062433 -23.9600000 126.9375674
v -69.2365209 -47.0000000 134.0647964
v -79.8878058 -47.0000000 138.5794623
v -82.5104489 -23.9600000 127.6599140
v -82.5104489 -23.9600000 127.6599140
v -79.8878058 -47.0000000 138.5794623
v -92.0000000 -47.0000000 137.0115353
v -84.4484000 -23.9600000 127.4090457
v -84.4484000 -23.9600000 127.4090457
v -92.0000000 -47.0000000 137.0115353
v -99.9056733 -47.0000000 130.0946659
v -85.7133077 -23.9600000 126.3023465
v -85.7133077 -23.9600000 126.3023465
v -99.9056733 -47.0000000 130.0946659
v -99.9056733 -47.0000000 121.0653341
v -85.7133077 -23.9600000 124.8576535
v -85.7133077 -23.9600000 124.8576535
v -99.9056733 -47.0000000 121.0653341
v -92.0000000 -47.0000000 114.1484647
v -84.4484000 -23.9600000 123.7509543
v -84.4484000 -23.9600000 123.7509543
v -92.0000000 -47.0000000 114.1484647
v -79.8878058 -47.0000000 112.5805377
v -82.5104489 -23.9600000 123.5000860
v -82.5104489 -23.9600000 123.5000860
v -79.8878058 -47.0000000 112.5805377
v -69.2365209 -47.0000000 117.0952036
v -80.8062433 -23.9600000 124.2224326
v -80.8062433 -23.9600000 124.2224326
v -69.2365209 -47.0000000 117.0952036
v -91.4200000 -26.4800000 135.4800000
v -91.4200000 -47.0000000 135.4800000
v -75.7600000 -47.0000000 135.4800000
v -88.9144000 -26.4800000 135.4800000
v -88.9144000 -26.4800000 135.4800000
v -75.7600000 -47.0000000 135.4800000
v -79.4237440 -47.0000000 142.2678372
v -89.5005990 -26.4800000 136.5660539
v -89.5005990 -26.4800000 136.5660539
v -79.4237440 -47.0000000 142.2678372
v -88.7006695 -47.0000000 145.8795699
v -90.9849071 -26.4800000 137.1439312
v -90.9849071 -26.4800000 137.1439312
v -88.7006695 -47.0000000 145.8795699
v -99.2500000 -47.0000000 144.6252283
v -92.6728000 -26.4800000 136.9432365
v -92.6728000 -26.4800000 136.9432365
v -99.2500000 -47.0000000 144.6252283
v -106.1355864 -47.0000000 139.0917327
v -93.7744938 -26.4800000 136.0578772
v -93.7744938 -26.4800000 136.0578772
v -106.1355864 -47.0000000 139.0917327
v -106.1355864 -47.0000000 131.8682673
v -93.7744938 -26.4800000 134.9021228
v -93.7744938 -26.4800000 134.9021228
v -106.1355864 -47.0000000 131.8682673
v -99.2500000 -47.0000000 126.3347717
v -92.6728000 -26.4800000 134.0167635
v -92.6728000 -26.4800000 134.0167635
v -99.2500000 -47.0000000 126.3347717
v -88.7006695 -47.0000000 125.0804301
v -90.9849071 -26.4800000 133.8160688
v -90.9849071 -26.4800000 133.8160688
v -88.7006695 -47.0000000 125.0804301
v -79.4237440 -47.0000000 128.6921628
v -89.5005990 -26.4800000 134.3939461
v -89.5005990 -26.4800000 134.3939461
v -79.4237440 -47.0000000 128.6921628
v -92.0000000 -11.0000000 128.0000000
v -92.0000000 -15.0000000 128.0000000
v -79.8200000 -15.0000000 128.0000000
v -83.8800000 -11.0000000 128.0000000
v -83.8800000 -11.0000000 128.0000000
v -79.8200000 -15.0000000 128.0000000
v -81.4518106 -15.0000000 132.6200000
v -84.9678737 -11.0000000 131.0800000
v -84.9678737 -11.0000000 131.0800000
v -81.4518106 -15.0000000 132.6200000
v -85.9100000 -15.0000000 136.0020747
v -87.9400000 -11.0000000 133.3347165
v -87.9400000 -11.0000000 133.3347165
v -85.9100000 -15.0000000 136.0020747
v -92.0000000 -15.0000000 137.2400000
v -92.0000000 -11.0000000 134.1600000
v -92.0000000 -11.0000000 134.1600000
v -92.0000000 -15.0000000 137.2400000
v -98.0900000 -15.0000000 136.0020747
v -96.0600000 -11.0000000 133.3347165
v -96.0600000 -11.0000000 133.3347165
v -98.0900000 -15.0000000 136.0020747
v -102.5481894 -15.0000000 132.6200000
v -99.0321263 -11.0000000 131.0800000
v -99.0321263 -11.0000000 131.0800000
v -102.5481894 -15.0000000 132.6200000
v -104.1800000 -15.0000000 128.0000000
v -100.1200000 -11.0000000 128.0000000
v -100.1200000 -11.0000000 128.0000000
v -104.1800000 -15.0000000 128.0000000
v -102.5481894 -15.0000000 123.3800000
v -99.0321263 -11.0000000 124.9200000
v -99.0321263 -11.0000000 124.9200000
v -102.5481894 -15.0000000 123.3800000
v -98.0900000 -15.0000000 119.9979253
v -96.0600000 -11.0000000 122.6652835
v -96.0600000 -11.0000000 122.6652835
v -98.0900000 -15.0000000 119.9979253
v -92.0000000 -15.0000000 118.7600000
v -92.0000000 -11.0000000 121.8400000
v -92.0000000 -11.0000000 121.8400000
v -92.0000000 -15.0000000 118.7600000
v -85.9100000 -15.0000000 119.9979253
v -87.9400000 -11.0000000 122.6652835
v -87.9400000 -11.0000000 122.6652835
v -85.9100000 -15.0000000 119.9979253
v -81.4518106 -15.0000000 123.3800000
v -84.9678737 -11.0000000 124.9200000
v -84.9678737 -11.0000000 124.9200000
v -81.4518106 -15.0000000 123.3800000
v -92.0000000 -10.5000000 128.0000000
v -92.0000000 -11.0000000 128.0000000
v -83.5900000 -11.0000000 128.0000000
v -83.5900000 -10.5000000 128.0000000
v -83.5900000 -10.5000000 128.0000000
v -83.5900000 -11.0000000 128.0000000
v -84.2301731 -11.0000000 130.4415203
v -84.2301731 -10.5000000 130.4415203
v -84.2301731 -10.5000000 130.4415203
v -84.2301731 -11.0000000 130.4415203
v -86.0532320 -11.0000000 132.5113413
v -86.0532320 -10.5000000 132.5113413
v -86.0532320 -10.5000000 132.5113413
v -86.0532320 -11.0000000 132.5113413
v -88.7816323 -11.0000000 133.8943514
v -88.7816323 -10.5000000 133.8943514
v -88.7816323 -10.5000000 133.8943514
v -88.7816323 -11.0000000 133.8943514
v -92.0000000 -11.0000000 134.3800000
v -92.0000000 -10.5000000 134.3800000
v -92.0000000 -10.5000000 134.3800000
v -92.0000000 -11.0000000 134.3800000
v -95.2183677 -11.0000000 133.8943514
v -95.2183677 -10.5000000 133.8943514
v -95.2183677 -10.5000000 133.8943514
v -95.2183677 -11.0000000 133.8943514
v -97.9467680 -11.0000000 132.5113413
v -97.9467680 -10.5000000 132.5113413
v -97.9467680 -10.5000000 132.5113413
v -97.9467680 -11.0000000 132.5113413
v -99.7698269 -11.0000000 130.4415203
v -99.7698269 -10.5000000 130.4415203
v -99.7698269 -10.5000000 130.4415203
v -99.7698269 -11.0000000 130.4415203
v -100.4100000 -11.0000000 128.0000000
v -100.4100000 -10.5000000 128.0000000
v -100.4100000 -10.5000000 128.0000000
v -100.4100000 -11.0000000 128.0000000
v -99.7698269 -11.0000000 125.5584797
v -99.7698269 -10.5000000 125.5584797
v -99.7698269 -10.5000000 125.5584797
v -99.7698269 -11.0000000 125.5584797
v -97.9467680 -11.0000000 123.4886587
v -97.9467680 -10.5000000 123.4886587
v -97.9467680 -10.5000000 123.4886587
v -97.9467680 -11.0000000 123.4886587
v -95.2183677 -11.0000000 122.1056486
v -95.2183677 -10.5000000 122.1056486
v -95.2183677 -10.5000000 122.1056486
v -95.2183677 -11.0000000 122.1056486
v -92.0000000 -11.0000000 121.6200000
v -92.0000000 -10.5000000 121.6200000
v -92.0000000 -10.5000000 121.6200000
v -92.0000000 -11.0000000 121.6200000
v -88.7816323 -11.0000000 122.1056486
v -88.7816323 -10.5000000 122.1056486
v -88.7816323 -10.5000000 122.1056486
v -88.7816323 -11.0000000 122.1056486
v -86.0532320 -11.0000000 123.4886587
v -86.0532320 -10.5000000 123.4886587
v -86.0532320 -10.5000000 123.4886587
v -86.0532320 -11.0000000 123.4886587
v -84.2301731 -11.0000000 125.5584797
v -84.2301731 -10.5000000 125.5584797
v -84.2301731 -10.5000000 125.5584797
v -84.2301731 -11.0000000 125.5584797
v -92.0000000 -10.3300000 128.0000000
v -92.0000000 -10.5100000 128.0000000
v -83.3000000 -10.5100000 128.0000000
v -83.3000000 -10.3300000 128.0000000
v -83.3000000 -10.3300000 128.0000000
v -83.3000000 -10.5100000 128.0000000
v -83.9622481 -10.5100000 130.5257107
v -83.9622481 -10.3300000 130.5257107
v -83.9622481 -10.3300000 130.5257107
v -83.9622481 -10.5100000 130.5257107
v -85.8481710 -10.5100000 132.6669048
v -85.8481710 -10.3300000 132.6669048
v -85.8481710 -10.3300000 132.6669048
v -85.8481710 -10.5100000 132.6669048
v -88.6706541 -10.5100000 134.0976049
v -88.6706541 -10.3300000 134.0976049
v -88.6706541 -10.3300000 134.0976049
v -88.6706541 -10.5100000 134.0976049
v -92.0000000 -10.5100000 134.6000000
v -92.0000000 -10.3300000 134.6000000
v -92.0000000 -10.3300000 134.6000000
v -92.0000000 -10.5100000 134.6000000
v -95.3293459 -10.5100000 134.0976049
v -95.3293459 -10.3300000 134.0976049
v -95.3293459 -10.3300000 134.0976049
v -95.3293459 -10.5100000 134.0976049
v -98.1518290 -10.5100000 132.6669048
v -98.1518290 -10.3300000 132.6669048
v -98.1518290 -10.3300000 132.6669048
v -98.1518290 -10.5100000 132.6669048
v -100.0377519 -10.5100000 130.5257107
v -100.0377519 -10.3300000 130.5257107
v -100.0377519 -10.3300000 130.5257107
v -100.0377519 -10.5100000 130.5257107
v -100.7000000 -10.5100000 128.0000000
v -100.7000000 -10.3300000 128.0000000
v -100.7000000 -10.3300000 128.0000000
v -100.7000000 -10.5100000 128.0000000
v -100.0377519 -10.5100000 125.4742893
v -100.0377519 -10.3300000 125.4742893
v -100.0377519 -10.3300000 125.4742893
v -100.0377519 -10.5100000 125.4742893
v -98.1518290 -10.5100000 123.3330952
v -98.1518290 -10.3300000 123.3330952
v -98.1518290 -10.3300000 123.3330952
v -98.1518290 -10.5100000 123.3330952
v -95.3293459 -10.5100000 121.9023951
v -95.3293459 -10.3300000 121.9023951
v -95.3293459 -10.3300000 121.9023951
v -95.3293459 -10.5100000 121.9023951
v -92.0000000 -10.5100000 121.4000000
v -92.0000000 -10.3300000 121.4000000
v -92.0000000 -10.3300000 121.4000000
v -92.0000000 -10.5100000 121.4000000
v -88.6706541 -10.5100000 121.9023951
v -88.6706541 -10.3300000 121.9023951
v -88.6706541 -10.3300000 121.9023951
v -88.6706541 -10.5100000 121.9023951
v -85.8481710 -10.5100000 123.3330952
v -85.8481710 -10.3300000 123.3330952
v -85.8481710 -10.3300000 123.3330952
v -85.8481710 -10.5100000 123.3330952
v -83.9622481 -10.5100000 125.4742893
v -83.9622481 -10.3300000 125.4742893
v -83.9622481 -10.3300000 125.4742893
v -83.9622481 -10.5100000 125.4742893
v -94.8000000 -10.1600000 130.8000000
v -89.2000000 -10.1600000 130.8000000
v -89.2000000 -0.1600000 130.8000000
v -94.8000000 -0.1600000 130.8000000
v -89.2000000 -10.1600000 125.2000000
v -94.8000000 -10.1600000 125.2000000
v -94.8000000 -0.1600000 125.2000000
v -89.2000000 -0.1600000 125.2000000
v -89.2000000 -10.1600000 130.8000000
v -89.2000000 -10.1600000 125.2000000
v -89.2000000 -0.1600000 125.2000000
v -89.2000000 -0.1600000 130.8000000
v -94.8000000 -10.1600000 125.2000000
v -94.8000000 -10.1600000 130.8000000
v -94.8000000 -0.1600000 130.8000000
v -94.8000000 -0.1600000 125.2000000
v -94.8000000 -0.1600000 130.8000000
v -89.2000000 -0.1600000 130.8000000
v -89.2000000 -0.1600000 125.2000000
v -94.8000000 -0.1600000 125.2000000
v -94.8000000 -10.1600000 125.2000000
v -89.2000000 -10.1600000 125.2000000
v -89.2000000 -10.1600000 130.8000000
v -94.8000000 -10.1600000 130.8000000
v -95.3500000 -0.1600000 131.3500000
v -88.6500000 -0.1600000 131.3500000
v -88.6500000 0.4000000 131.3500000
v -95.3500000 0.4000000 131.3500000
v -88.6500000 -0.1600000 124.6500000
v -95.3500000 -0.1600000 124.6500000
v -95.3500000 0.4000000 124.6500000
v -88.6500000 0.4000000 124.6500000
v -88.6500000 -0.1600000 131.3500000
v -88.6500000 -0.1600000 124.6500000
v -88.6500000 0.4000000 124.6500000
v -88.6500000 0.4000000 131.3500000
v -95.3500000 -0.1600000 124.6500000
v -95.3500000 -0.1600000 131.3500000
v -95.3500000 0.4000000 131.3500000
v -95.3500000 0.4000000 124.6500000
v -95.3500000 0.4000000 131.3500000
v -88.6500000 0.4000000 131.3500000
v -88.6500000 0.4000000 124.6500000
v -95.3500000 0.4000000 124.6500000
v -95.3500000 -0.1600000 124.6500000
v -88.6500000 -0.1600000 124.6500000
v -88.6500000 -0.1600000 131.3500000
v -95.3500000 -0.1600000 131.3500000
v -94.0160000 -1.6100000 131.0000000
v -89.9840000 -1.6100000 131.0000000
v -89.9840000 -1.2100000 131.0000000
v -94.0160000 -1.2100000 131.0000000
v -89.9840000 -1.6100000 130.7600000
v -94.0160000 -1.6100000 130.7600000
v -94.0160000 -1.2100000 130.7600000
v -89.9840000 -1.2100000 130.7600000
v -89.9840000 -1.6100000 131.0000000
v -89.9840000 -1.6100000 130.7600000
v -89.9840000 -1.2100000 130.7600000
v -89.9840000 -1.2100000 131.0000000
v -94.0160000 -1.6100000 130.7600000
v -94.0160000 -1.6100000 131.0000000
v -94.0160000 -1.2100000 131.0000000
v -94.0160000 -1.2100000 130.7600000
v -94.0160000 -1.2100000 131.0000000
v -89.9840000 -1.2100000 131.0000000
v -89.9840000 -1.2100000 130.7600000
v -94.0160000 -1.2100000 130.7600000
v -94.0160000 -1.6100000 130.7600000
v -89.9840000 -1.6100000 130.7600000
v -89.9840000 -1.6100000 131.0000000
v -94.0160000 -1.6100000 131.0000000
v -92.0000000 0.4940000 128.0000000
v -92.0000000 4.2940000 128.0000000
v -90.7120000 2.0900000 128.0000000
v -91.6019861 2.0900000 129.2249608
v -93.0420139 2.0900000 128.7570674
v -93.0420139 2.0900000 127.2429326
v -91.6019861 2.0900000 126.7750392
v 96.0000000 -13.0000000 132.0000000
v 96.0000000 -47.0000000 132.0000000
v 122.0000000 -47.0000000 132.0000000
v 102.2400000 -13.0000000 132.0000000
v 102.2400000 -13.0000000 132.0000000
v 122.0000000 -47.0000000 132.0000000
v 118.5166605 -47.0000000 142.0000000
v 101.4039985 -13.0000000 134.4000000
v 101.4039985 -13.0000000 134.4000000
v 118.5166605 -47.0000000 142.0000000
v 109.0000000 -47.0000000 149.3205081
v 99.1200000 -13.0000000 136.1569219
v 99.1200000 -13.0000000 136.1569219
v 109.0000000 -47.0000000 149.3205081
v 96.0000000 -47.0000000 152.0000000
v 96.0000000 -13.0000000 136.8000000
v 96.0000000 -13.0000000 136.8000000
v 96.0000000 -47.0000000 152.0000000
v 83.0000000 -47.0000000 149.3205081
v 92.8800000 -13.0000000 136.1569219
v 92.8800000 -13.0000000 136.1569219
v 83.0000000 -47.0000000 149.3205081
v 73.4833395 -47.0000000 142.0000000
v 90.5960015 -13.0000000 134.4000000
v 90.5960015 -13.0000000 134.4000000
v 73.4833395 -47.0000000 142.0000000
v 70.0000000 -47.0000000 132.0000000
v 89.7600000 -13.0000000 132.0000000
v 89.7600000 -13.0000000 132.0000000
v 70.0000000 -47.0000000 132.0000000
v 73.4833395 -47.0000000 122.0000000
v 90.5960015 -13.0000000 129.6000000
v 90.5960015 -13.0000000 129.6000000
v 73.4833395 -47.0000000 122.0000000
v 83.0000000 -47.0000000 114.6794919
v 92.8800000 -13.0000000 127.8430781
v 92.8800000 -13.0000000 127.8430781
v 83.0000000 -47.0000000 114.6794919
v 96.0000000 -47.0000000 112.0000000
v 96.0000000 -13.0000000 127.2000000
v 96.0000000 -13.0000000 127.2000000
v 96.0000000 -47.0000000 112.0000000
v 109.0000000 -47.0000000 114.6794919
v 99.1200000 -13.0000000 127.8430781
v 99.1200000 -13.0000000 127.8430781
v 109.0000000 -47.0000000 114.6794919
v 118.5166605 -47.0000000 122.0000000
v 101.4039985 -13.0000000 129.6000000
v 101.4039985 -13.0000000 129.6000000
v 118.5166605 -47.0000000 122.0000000
v 87.1600000 -22.5200000 133.6000000
v 87.1600000 -47.0000000 133.6000000
v 105.3600000 -47.0000000 133.6000000
v 90.0720000 -22.5200000 133.6000000
v 90.0720000 -22.5200000 133.6000000
v 105.3600000 -47.0000000 133.6000000
v 101.1020089 -47.0000000 140.5421062
v 89.3907214 -22.5200000 134.7107370
v 89.3907214 -22.5200000 134.7107370
v 101.1020089 -47.0000000 140.5421062
v 90.3203968 -47.0000000 144.2359237
v 87.6656635 -22.5200000 135.3017478
v 87.6656635 -22.5200000 135.3017478
v 90.3203968 -47.0000000 144.2359237
v 78.0600000 -47.0000000 142.9530744
v 85.7040000 -22.5200000 135.0964919
v 85.7040000 -22.5200000 135.0964919
v 78.0600000 -47.0000000 142.9530744
v 70.0575943 -47.0000000 137.2938175
v 84.4236151 -22.5200000 134.1910108
v 84.4236151 -22.5200000 134.1910108
v 70.0575943 -47.0000000 137.2938175
v 70.0575943 -47.0000000 129.9061825
v 84.4236151 -22.5200000 133.0089892
v 84.4236151 -22.5200000 133.0089892
v 70.0575943 -47.0000000 129.9061825
v 78.0600000 -47.0000000 124.2469256
v 85.7040000 -22.5200000 132.1035081
v 85.7040000 -22.5200000 132.1035081
v 78.0600000 -47.0000000 124.2469256
v 90.3203968 -47.0000000 122.9640763
v 87.6656635 -22.5200000 131.8982522
v 87.6656635 -22.5200000 131.8982522
v 90.3203968 -47.0000000 122.9640763
v 101.1020089 -47.0000000 126.6578938
v 89.3907214 -22.5200000 132.4892630
v 89.3907214 -22.5200000 132.4892630
v 101.1020089 -47.0000000 126.6578938
v 104.0600000 -25.2400000 129.8000000
v 104.0600000 -47.0000000 129.8000000
v 120.1800000 -47.0000000 129.8000000
v 106.6392000 -25.2400000 129.8000000
v 106.6392000 -25.2400000 129.8000000
v 120.1800000 -47.0000000 129.8000000
v 116.4086364 -47.0000000 137.5134513
v 106.0357818 -25.2400000 131.0341522
v 106.0357818 -25.2400000 131.0341522
v 116.4086364 -47.0000000 137.5134513
v 106.8592086 -47.0000000 141.6176930
v 104.5078734 -25.2400000 131.6908309
v 104.5078734 -25.2400000 131.6908309
v 106.8592086 -47.0000000 141.6176930
v 96.0000000 -47.0000000 140.1923048
v 102.7704000 -25.2400000 131.4627688
v 102.7704000 -25.2400000 131.4627688
v 96.0000000 -47.0000000 140.1923048
v 88.9121550 -47.0000000 133.9042417
v 101.6363448 -25.2400000 130.4566787
v 101.6363448 -25.2400000 130.4566787
v 88.9121550 -47.0000000 133.9042417
v 88.9121550 -47.0000000 125.6957583
v 101.6363448 -25.2400000 129.1433213
v 101.6363448 -25.2400000 129.1433213
v 88.9121550 -47.0000000 125.6957583
v 96.0000000 -47.0000000 119.4076952
v 102.7704000 -25.2400000 128.1372312
v 102.7704000 -25.2400000 128.1372312
v 96.0000000 -47.0000000 119.4076952
v 106.8592086 -47.0000000 117.9823070
v 104.5078734 -25.2400000 127.9091691
v 104.5078734 -25.2400000 127.9091691
v 106.8592086 -47.0000000 117.9823070
v 116.4086364 -47.0000000 122.0865487
v 106.0357818 -25.2400000 128.5658478
v 106.0357818 -25.2400000 128.5658478
v 116.4086364 -47.0000000 122.0865487
v 96.5200000 -27.6200000 138.8000000
v 96.5200000 -47.0000000 138.8000000
v 110.5600000 -47.0000000 138.8000000
v 98.7664000 -27.6200000 138.8000000
v 98.7664000 -27.6200000 138.8000000
v 110.5600000 -47.0000000 138.8000000
v 107.2752640 -47.0000000 144.9707611
v 98.2408422 -27.6200000 139.7873218
v 98.2408422 -27.6200000 139.7873218
v 107.2752640 -47.0000000 144.9707611
v 98.9580204 -47.0000000 148.2541544
v 96.9100833 -27.6200000 140.3126647
v 96.9100833 -27.6200000 140.3126647
v 98.9580204 -47.0000000 148.2541544
v 89.5000000 -47.0000000 147.1138439
v 95.3968000 -27.6200000 140.1302150
v 95.3968000 -27.6200000 140.1302150
v 89.5000000 -47.0000000 147.1138439
v 83.3267156 -47.0000000 142.0833934
v 94.4090745 -27.6200000 139.3253429
v 94.4090745 -27.6200000 139.3253429
v 83.3267156 -47.0000000 142.0833934
v 83.3267156 -47.0000000 135.5166066
v 94.4090745 -27.6200000 138.2746571
v 94.4090745 -27.6200000 138.2746571
v 83.3267156 -47.0000000 135.5166066
v 89.5000000 -47.0000000 130.4861561
v 95.3968000 -27.6200000 137.4697850
v 95.3968000 -27.6200000 137.4697850
v 89.5000000 -47.0000000 130.4861561
v 98.9580204 -47.0000000 129.3458456
v 96.9100833 -27.6200000 137.2873353
v 96.9100833 -27.6200000 137.2873353
v 98.9580204 -47.0000000 129.3458456
v 107.2752640 -47.0000000 132.6292389
v 98.2408422 -27.6200000 137.8126782
v 98.2408422 -27.6200000 137.8126782
v 107.2752640 -47.0000000 132.6292389
v 96.0000000 -13.0000000 132.0000000
v 96.0000000 -17.0000000 132.0000000
v 106.9200000 -17.0000000 132.0000000
v 103.2800000 -13.0000000 132.0000000
v 103.2800000 -13.0000000 132.0000000
v 106.9200000 -17.0000000 132.0000000
v 105.4569974 -17.0000000 136.2000000
v 102.3046649 -13.0000000 134.8000000
v 102.3046649 -13.0000000 134.8000000
v 105.4569974 -17.0000000 136.2000000
v 101.4600000 -17.0000000 139.2746134
v 99.6400000 -13.0000000 136.8497423
v 99.6400000 -13.0000000 136.8497423
v 101.4600000 -17.0000000 139.2746134
v 96.0000000 -17.0000000 140.4000000
v 96.0000000 -13.0000000 137.6000000
v 96.0000000 -13.0000000 137.6000000
v 96.0000000 -17.0000000 140.4000000
v 90.5400000 -17.0000000 139.2746134
v 92.3600000 -13.0000000 136.8497423
v 92.3600000 -13.0000000 136.8497423
v 90.5400000 -17.0000000 139.2746134
v 86.5430026 -17.0000000 136.2000000
v 89.6953351 -13.0000000 134.8000000
v 89.6953351 -13.0000000 134.8000000
v 86.5430026 -17.0000000 136.2000000
v 85.0800000 -17.0000000 132.0000000
v 88.7200000 -13.0000000 132.0000000
v 88.7200000 -13.0000000 132.0000000
v 85.0800000 -17.0000000 132.0000000
v 86.5430026 -17.0000000 127.8000000
v 89.6953351 -13.0000000 129.2000000
v 89.6953351 -13.0000000 129.2000000
v 86.5430026 -17.0000000 127.8000000
v 90.5400000 -17.0000000 124.7253866
v 92.3600000 -13.0000000 127.1502577
v 92.3600000 -13.0000000 127.1502577
v 90.5400000 -17.0000000 124.7253866
v 96.0000000 -17.0000000 123.6000000
v 96.0000000 -13.0000000 126.4000000
v 96.0000000 -13.0000000 126.4000000
v 96.0000000 -17.0000000 123.6000000
v 101.4600000 -17.0000000 124.7253866
v 99.6400000 -13.0000000 127.1502577
v 99.6400000 -13.0000000 127.1502577
v 101.4600000 -17.0000000 124.7253866
v 105.4569974 -17.0000000 127.8000000
v 102.3046649 -13.0000000 129.2000000
v 102.3046649 -13.0000000 129.2000000
v 105.4569974 -17.0000000 127.8000000
v 96.0000000 -12.5000000 132.0000000
v 96.0000000 -13.0000000 132.0000000
v 103.5400000 -13.0000000 132.0000000
v 103.5400000 -12.5000000 132.0000000
v 103.5400000 -12.5000000 132.0000000
v 103.5400000 -13.0000000 132.0000000
v 102.9660517 -13.0000000 134.2195639
v 102.9660517 -12.5000000 134.2195639
v 102.9660517 -12.5000000 134.2195639
v 102.9660517 -13.0000000 134.2195639
v 101.3315851 -13.0000000 136.1012193
v 101.3315851 -12.5000000 136.1012193
v 101.3315851 -12.5000000 136.1012193
v 101.3315851 -13.0000000 136.1012193
v 98.8854331 -13.0000000 137.3585013
v 98.8854331 -12.5000000 137.3585013
v 98.8854331 -12.5000000 137.3585013
v 98.8854331 -13.0000000 137.3585013
v 96.0000000 -13.0000000 137.8000000
v 96.0000000 -12.5000000 137.8000000
v 96.0000000 -12.5000000 137.8000000
v 96.0000000 -13.0000000 137.8000000
v 93.1145669 -13.0000000 137.3585013
v 93.1145669 -12.5000000 137.3585013
v 93.1145669 -12.5000000 137.3585013
v 93.1145669 -13.0000000 137.3585013
v 90.6684149 -13.0000000 136.1012193
v 90.6684149 -12.5000000 136.1012193
v 90.6684149 -12.5000000 136.1012193
v 90.6684149 -13.0000000 136.1012193
v 89.0339483 -13.0000000 134.2195639
v 89.0339483 -12.5000000 134.2195639
v 89.0339483 -12.5000000 134.2195639
v 89.0339483 -13.0000000 134.2195639
v 88.4600000 -13.0000000 132.0000000
v 88.4600000 -12.5000000 132.0000000
v 88.4600000 -12.5000000 132.0000000
v 88.4600000 -13.0000000 132.0000000
v 89.0339483 -13.0000000 129.7804361
v 89.0339483 -12.5000000 129.7804361
v 89.0339483 -12.5000000 129.7804361
v 89.0339483 -13.0000000 129.7804361
v 90.6684149 -13.0000000 127.8987807
v 90.6684149 -12.5000000 127.8987807
v 90.6684149 -12.5000000 127.8987807
v 90.6684149 -13.0000000 127.8987807
v 93.1145669 -13.0000000 126.6414987
v 93.1145669 -12.5000000 126.6414987
v 93.1145669 -12.5000000 126.6414987
v 93.1145669 -13.0000000 126.6414987
v 96.0000000 -13.0000000 126.2000000
v 96.0000000 -12.5000000 126.2000000
v 96.0000000 -12.5000000 126.2000000
v 96.0000000 -13.0000000 126.2000000
v 98.8854331 -13.0000000 126.6414987
v 98.8854331 -12.5000000 126.6414987
v 98.8854331 -12.5000000 126.6414987
v 98.8854331 -13.0000000 126.6414987
v 101.3315851 -13.0000000 127.8987807
v 101.3315851 -12.5000000 127.8987807
v 101.3315851 -12.5000000 127.8987807
v 101.3315851 -13.0000000 127.8987807
v 102.9660517 -13.0000000 129.7804361
v 102.9660517 -12.5000000 129.7804361
v 102.9660517 -12.5000000 129.7804361
v 102.9660517 -13.0000000 129.7804361
v 96.0000000 -12.3300000 132.0000000
v 96.0000000 -12.5100000 132.0000000
v 103.8000000 -12.5100000 132.0000000
v 103.8000000 -12.3300000 132.0000000
v 103.8000000 -12.3300000 132.0000000
v 103.8000000 -12.5100000 132.0000000
v 103.2062604 -12.5100000 134.2961006
v 103.2062604 -12.3300000 134.2961006
v 103.2062604 -12.3300000 134.2961006
v 103.2062604 -12.5100000 134.2961006
v 101.5154329 -12.5100000 136.2426407
v 101.5154329 -12.3300000 136.2426407
v 101.5154329 -12.3300000 136.2426407
v 101.5154329 -12.5100000 136.2426407
v 98.9849308 -12.5100000 137.5432772
v 98.9849308 -12.3300000 137.5432772
v 98.9849308 -12.3300000 137.5432772
v 98.9849308 -12.5100000 137.5432772
v 96.0000000 -12.5100000 138.0000000
v 96.0000000 -12.3300000 138.0000000
v 96.0000000 -12.3300000 138.0000000
v 96.0000000 -12.5100000 138.0000000
v 93.0150692 -12.5100000 137.5432772
v 93.0150692 -12.3300000 137.5432772
v 93.0150692 -12.3300000 137.5432772
v 93.0150692 -12.5100000 137.5432772
v 90.4845671 -12.5100000 136.2426407
v 90.4845671 -12.3300000 136.2426407
v 90.4845671 -12.3300000 136.2426407
v 90.4845671 -12.5100000 136.2426407
v 88.7937396 -12.5100000 134.2961006
v 88.7937396 -12.3300000 134.2961006
v 88.7937396 -12.3300000 134.2961006
v 88.7937396 -12.5100000 134.2961006
v 88.2000000 -12.5100000 132.0000000
v 88.2000000 -12.3300000 132.0000000
v 88.2000000 -12.3300000 132.0000000
v 88.2000000 -12.5100000 132.0000000
v 88.7937396 -12.5100000 129.7038994
v 88.7937396 -12.3300000 129.7038994
v 88.7937396 -12.3300000 129.7038994
v 88.7937396 -12.5100000 129.7038994
v 90.4845671 -12.5100000 127.7573593
v 90.4845671 -12.3300000 127.7573593
v 90.4845671 -12.3300000 127.7573593
v 90.4845671 -12.5100000 127.7573593
v 93.0150692 -12.5100000 126.4567228
v 93.0150692 -12.3300000 126.4567228
v 93.0150692 -12.3300000 126.4567228
v 93.0150692 -12.5100000 126.4567228
v 96.0000000 -12.5100000 126.0000000
v 96.0000000 -12.3300000 126.0000000
v 96.0000000 -12.3300000 126.0000000
v 96.0000000 -12.5100000 126.0000000
v 98.9849308 -12.5100000 126.4567228
v 98.9849308 -12.3300000 126.4567228
v 98.9849308 -12.3300000 126.4567228
v 98.9849308 -12.5100000 126.4567228
v 101.5154329 -12.5100000 127.7573593
v 101.5154329 -12.3300000 127.7573593
v 101.5154329 -12.3300000 127.7573593
v 101.5154329 -12.5100000 127.7573593
v 103.2062604 -12.5100000 129.7038994
v 103.2062604 -12.3300000 129.7038994
v 103.2062604 -12.3300000 129.7038994
v 103.2062604 -12.5100000 129.7038994
v 84.3600000 -12.1600000 134.8000000
v 89.9600000 -12.1600000 134.8000000
v 89.9600000 1.4400000 134.8000000
v 84.3600000 1.4400000 134.8000000
v 89.9600000 -12.1600000 129.2000000
v 84.3600000 -12.1600000 129.2000000
v 84.3600000 1.4400000 129.2000000
v 89.9600000 1.4400000 129.2000000
v 89.9600000 -12.1600000 134.8000000
v 89.9600000 -12.1600000 129.2000000
v 89.9600000 1.4400000 129.2000000
v 89.9600000 1.4400000 134.8000000
v 84.3600000 -12.1600000 129.2000000
v 84.3600000 -12.1600000 134.8000000
v 84.3600000 1.4400000 134.8000000
v 84.3600000 1.4400000 129.2000000
v 84.3600000 1.4400000 134.8000000
v 89.9600000 1.4400000 134.8000000
v 89.9600000 1.4400000 129.2000000
v 84.3600000 1.4400000 129.2000000
v 84.3600000 -12.1600000 129.2000000
v 89.9600000 -12.1600000 129.2000000
v 89.9600000 -12.1600000 134.8000000
v 84.3600000 -12.1600000 134.8000000
v 83.8100000 1.4400000 135.3500000
v 90.5100000 1.4400000 135.3500000
v 90.5100000 2.0000000 135.3500000
v 83.8100000 2.0000000 135.3500000
v 90.5100000 1.4400000 128.6500000
v 83.8100000 1.4400000 128.6500000
v 83.8100000 2.0000000 128.6500000
v 90.5100000 2.0000000 128.6500000
v 90.5100000 1.4400000 135.3500000
v 90.5100000 1.4400000 128.6500000
v 90.5100000 2.0000000 128.6500000
v 90.5100000 2.0000000 135.3500000
v 83.8100000 1.4400000 128.6500000
v 83.8100000 1.4400000 135.3500000
v 83.8100000 2.0000000 135.3500000
v 83.8100000 2.0000000 128.6500000
v 83.8100000 2.0000000 135.3500000
v 90.5100000 2.0000000 135.3500000
v 90.5100000 2.0000000 128.6500000
v 83.8100000 2.0000000 128.6500000
v 83.8100000 1.4400000 128.6500000
v 90.5100000 1.4400000 128.6500000
v 90.5100000 1.4400000 135.3500000
v 83.8100000 1.4400000 135.3500000
v 85.1440000 -0.0100000 135.0000000
v 89.1760000 -0.0100000 135.0000000
v 89.1760000 0.3900000 135.0000000
v 85.1440000 0.3900000 135.0000000
v 89.1760000 -0.0100000 134.7600000
v 85.1440000 -0.0100000 134.7600000
v 85.1440000 0.3900000 134.7600000
v 89.1760000 0.3900000 134.7600000
v 89.1760000 -0.0100000 135.0000000
v 89.1760000 -0.0100000 134.7600000
v 89.1760000 0.3900000 134.7600000
v 89.1760000 0.3900000 135.0000000
v 85.1440000 -0.0100000 134.7600000
v 85.1440000 -0.0100000 135.0000000
v 85.1440000 0.3900000 135.0000000
v 85.1440000 0.3900000 134.7600000
v 85.1440000 0.3900000 135.0000000
v 89.1760000 0.3900000 135.0000000
v 89.1760000 0.3900000 134.7600000
v 85.1440000 0.3900000 134.7600000
v 85.1440000 -0.0100000 134.7600000
v 89.1760000 -0.0100000 134.7600000
v 89.1760000 -0.0100000 135.0000000
v 85.1440000 -0.0100000 135.0000000
v 87.1600000 1.7580000 132.0000000
v 87.1600000 6.3580000 132.0000000
v 88.4480000 3.6900000 132.0000000
v 87.5580139 3.6900000 133.2249608
v 86.1179861 3.6900000 132.7570674
v 86.1179861 3.6900000 131.2429326
v 87.5580139 3.6900000 130.7750392
v 93.2000000 -12.1600000 134.8000000
v 98.8000000 -12.1600000 134.8000000
v 98.8000000 1.4400000 134.8000000
v 93.2000000 1.4400000 134.8000000
v 98.8000000 -12.1600000 129.2000000
v 93.2000000 -12.1600000 129.2000000
v 93.2000000 1.4400000 129.2000000
v 98.8000000 1.4400000 129.2000000
v 98.8000000 -12.1600000 134.8000000
v 98.8000000 -12.1600000 129.2000000
v 98.8000000 1.4400000 129.2000000
v 98.8000000 1.4400000 134.8000000
v 93.2000000 -12.1600000 129.2000000
v 93.2000000 -12.1600000 134.8000000
v 93.2000000 1.4400000 134.8000000
v 93.2000000 1.4400000 129.2000000
v 93.2000000 1.4400000 134.8000000
v 98.8000000 1.4400000 134.8000000
v 98.8000000 1.4400000 129.2000000
v 93.2000000 1.4400000 129.2000000
v 93.2000000 -12.1600000 129.2000000
v 98.8000000 -12.1600000 129.2000000
v 98.8000000 -12.1600000 134.8000000
v 93.2000000 -12.1600000 134.8000000
v 92.6500000 1.4400000 135.3500000
v 99.3500000 1.4400000 135.3500000
v 99.3500000 2.0000000 135.3500000
v 92.6500000 2.0000000 135.3500000
v 99.3500000 1.4400000 128.6500000
v 92.6500000 1.4400000 128.6500000
v 92.6500000 2.0000000 128.6500000
v 99.3500000 2.0000000 128.6500000
v 99.3500000 1.4400000 135.3500000
v 99.3500000 1.4400000 128.6500000
v 99.3500000 2.0000000 128.6500000
v 99.3500000 2.0000000 135.3500000
v 92.6500000 1.4400000 128.6500000
v 92.6500000 1.4400000 135.3500000
v 92.6500000 2.0000000 135.3500000
v 92.6500000 2.0000000 128.6500000
v 92.6500000 2.0000000 135.3500000
v 99.3500000 2.0000000 135.3500000
v 99.3500000 2.0000000 128.6500000
v 92.6500000 2.0000000 128.6500000
v 92.6500000 1.4400000 128.6500000
v 99.3500000 1.4400000 128.6500000
v 99.3500000 1.4400000 135.3500000
v 92.6500000 1.4400000 135.3500000
v 93.9840000 -0.0100000 135.0000000
v 98.0160000 -0.0100000 135.0000000
v 98.0160000 0.3900000 135.0000000
v 93.9840000 0.3900000 135.0000000
v 98.0160000 -0.0100000 134.7600000
v 93.9840000 -0.0100000 134.7600000
v 93.9840000 0.3900000 134.7600000
v 98.0160000 0.3900000 134.7600000
v 98.0160000 -0.0100000 135.0000000
v 98.0160000 -0.0100000 134.7600000
v 98.0160000 0.3900000 134.7600000
v 98.0160000 0.3900000 135.0000000
v 93.9840000 -0.0100000 134.7600000
v 93.9840000 -0.0100000 135.0000000
v 93.9840000 0.3900000 135.0000000
v 93.9840000 0.3900000 134.7600000
v 93.9840000 0.3900000 135.0000000
v 98.0160000 0.3900000 135.0000000
v 98.0160000 0.3900000 134.7600000
v 93.9840000 0.3900000 134.7600000
v 93.9840000 -0.0100000 134.7600000
v 98.0160000 -0.0100000 134.7600000
v 98.0160000 -0.0100000 135.0000000
v 93.9840000 -0.0100000 135.0000000
v 96.0000000 1.7580000 132.0000000
v 96.0000000 6.3580000 132.0000000
v 97.2880000 3.6900000 132.0000000
v 96.3980139 3.6900000 133.2249608
v 94.9579861 3.6900000 132.7570674
v 94.9579861 3.6900000 131.2429326
v 96.3980139 3.6900000 130.7750392
v 102.0400000 -12.1600000 134.8000000
v 107.6400000 -12.1600000 134.8000000
v 107.6400000 1.4400000 134.8000000
v 102.0400000 1.4400000 134.8000000
v 107.6400000 -12.1600000 129.2000000
v 102.0400000 -12.1600000 129.2000000
v 102.0400000 1.4400000 129.2000000
v 107.6400000 1.4400000 129.2000000
v 107.6400000 -12.1600000 134.8000000
v 107.6400000 -12.1600000 129.2000000
v 107.6400000 1.4400000 129.2000000
v 107.6400000 1.4400000 134.8000000
v 102.0400000 -12.1600000 129.2000000
v 102.0400000 -12.1600000 134.8000000
v 102.0400000 1.4400000 134.8000000
v 102.0400000 1.4400000 129.2000000
v 102.0400000 1.4400000 134.8000000
v 107.6400000 1.4400000 134.8000000
v 107.6400000 1.4400000 129.2000000
v 102.0400000 1.4400000 129.2000000
v 102.0400000 -12.1600000 129.2000000
v 107.6400000 -12.1600000 129.2000000
v 107.6400000 -12.1600000 134.8000000
v 102.0400000 -12.1600000 134.8000000
v 101.4900000 1.4400000 135.3500000
v 108.1900000 1.4400000 135.3500000
v 108.1900000 2.0000000 135.3500000
v 101.4900000 2.0000000 135.3500000
v 108.1900000 1.4400000 128.6500000
v 101.4900000 1.4400000 128.6500000
v 101.4900000 2.0000000 128.6500000
v 108.1900000 2.0000000 128.6500000
v 108.1900000 1.4400000 135.3500000
v 108.1900000 1.4400000 128.6500000
v 108.1900000 2.0000000 128.6500000
v 108.1900000 2.0000000 135.3500000
v 101.4900000 1.4400000 128.6500000
v 101.4900000 1.4400000 135.3500000
v 101.4900000 2.0000000 135.3500000
v 101.4900000 2.0000000 128.6500000
v 101.4900000 2.0000000 135.3500000
v 108.1900000 2.0000000 135.3500000
v 108.1900000 2.0000000 128.6500000
v 101.4900000 2.0000000 128.6500000
v 101.4900000 1.4400000 128.6500000
v 108.1900000 1.4400000 128.6500000
v 108.1900000 1.4400000 135.3500000
v 101.4900000 1.4400000 135.3500000
v 102.8240000 -0.0100000 135.0000000
v 106.8560000 -0.0100000 135.0000000
v 106.8560000 0.3900000 135.0000000
v 102.8240000 0.3900000 135.0000000
v 106.8560000 -0.0100000 134.7600000
v 102.8240000 -0.0100000 134.7600000
v 102.8240000 0.3900000 134.7600000
v 106.8560000 0.3900000 134.7600000
v 106.8560000 -0.0100000 135.0000000
v 106.8560000 -0.0100000 134.7600000
v 106.8560000 0.3900000 134.7600000
v 106.8560000 0.3900000 135.0000000
v 102.8240000 -0.0100000 134.7600000
v 102.8240000 -0.0100000 135.0000000
v 102.8240000 0.3900000 135.0000000
v 102.8240000 0.3900000 134.7600000
v 102.8240000 0.3900000 135.0000000
v 106.8560000 0.3900000 135.0000000
v 106.8560000 0.3900000 134.7600000
v 102.8240000 0.3900000 134.7600000
v 102.8240000 -0.0100000 134.7600000
v 106.8560000 -0.0100000 134.7600000
v 106.8560000 -0.0100000 135.0000000
v 102.8240000 -0.0100000 135.0000000
v 104.8400000 1.7580000 132.0000000
v 104.8400000 6.3580000 132.0000000
v 106.1280000 3.6900000 132.0000000
v 105.2380139 3.6900000 133.2249608
v 103.7979861 3.6900000 132.7570674
v 103.7979861 3.6900000 131.2429326
v 105.2380139 3.6900000 130.7750392
v 85.0800000 -12.1000000 133.0500000
v 106.9200000 -12.1000000 133.0500000
v 106.9200000 -8.8000000 133.0500000
v 85.0800000 -8.8000000 133.0500000
v 106.9200000 -12.1000000 130.9500000
v 85.0800000 -12.1000000 130.9500000
v 85.0800000 -8.8000000 130.9500000
v 106.9200000 -8.8000000 130.9500000
v 106.9200000 -12.1000000 133.0500000
v 106.9200000 -12.1000000 130.9500000
v 106.9200000 -8.8000000 130.9500000
v 106.9200000 -8.8000000 133.0500000
v 85.0800000 -12.1000000 130.9500000
v 85.0800000 -12.1000000 133.0500000
v 85.0800000 -8.8000000 133.0500000
v 85.0800000 -8.8000000 130.9500000
v 85.0800000 -8.8000000 133.0500000
v 106.9200000 -8.8000000 133.0500000
v 106.9200000 -8.8000000 130.9500000
v 85.0800000 -8.8000000 130.9500000
v 85.0800000 -12.1000000 130.9500000
v 106.9200000 -12.1000000 130.9500000
v 106.9200000 -12.1000000 133.0500000
v 85.0800000 -12.1000000 133.0500000
v 84.5300000 -8.8000000 133.1800000
v 107.4700000 -8.8000000 133.1800000
v 107.4700000 -8.4600000 133.1800000
v 84.5300000 -8.4600000 133.1800000
v 107.4700000 -8.8000000 130.8200000
v 84.5300000 -8.8000000 130.8200000
v 84.5300000 -8.4600000 130.8200000
v 107.4700000 -8.4600000 130.8200000
v 107.4700000 -8.8000000 133.1800000
v 107.4700000 -8.8000000 130.8200000
v 107.4700000 -8.4600000 130.8200000
v 107.4700000 -8.4600000 133.1800000
v 84.5300000 -8.8000000 130.8200000
v 84.5300000 -8.8000000 133.1800000
v 84.5300000 -8.4600000 133.1800000
v 84.5300000 -8.4600000 130.8200000
v 84.5300000 -8.4600000 133.1800000
v 107.4700000 -8.4600000 133.1800000
v 107.4700000 -8.4600000 130.8200000
v 84.5300000 -8.4600000 130.8200000
v 84.5300000 -8.8000000 130.8200000
v 107.4700000 -8.8000000 130.8200000
v 107.4700000 -8.8000000 133.1800000
v 84.5300000 -8.8000000 133.1800000
v 87.7176000 -8.4500000 133.2800000
v 88.5576000 -8.4500000 133.2800000
v 88.5576000 -7.6100000 133.2800000
v 87.7176000 -7.6100000 133.2800000
v 88.5576000 -8.4500000 132.9600000
v 87.7176000 -8.4500000 132.9600000
v 87.7176000 -7.6100000 132.9600000
v 88.5576000 -7.6100000 132.9600000
v 88.5576000 -8.4500000 133.2800000
v 88.5576000 -8.4500000 132.9600000
v 88.5576000 -7.6100000 132.9600000
v 88.5576000 -7.6100000 133.2800000
v 87.7176000 -8.4500000 132.9600000
v 87.7176000 -8.4500000 133.2800000
v 87.7176000 -7.6100000 133.2800000
v 87.7176000 -7.6100000 132.9600000
v 87.7176000 -7.6100000 133.2800000
v 88.5576000 -7.6100000 133.2800000
v 88.5576000 -7.6100000 132.9600000
v 87.7176000 -7.6100000 132.9600000
v 87.7176000 -8.4500000 132.9600000
v 88.5576000 -8.4500000 132.9600000
v 88.5576000 -8.4500000 133.2800000
v 87.7176000 -8.4500000 133.2800000
v 95.5800000 -8.4500000 133.2800000
v 96.4200000 -8.4500000 133.2800000
v 96.4200000 -7.6100000 133.2800000
v 95.5800000 -7.6100000 133.2800000
v 96.4200000 -8.4500000 132.9600000
v 95.5800000 -8.4500000 132.9600000
v 95.5800000 -7.6100000 132.9600000
v 96.4200000 -7.6100000 132.9600000
v 96.4200000 -8.4500000 133.2800000
v 96.4200000 -8.4500000 132.9600000
v 96.4200000 -7.6100000 132.9600000
v 96.4200000 -7.6100000 133.2800000
v 95.5800000 -8.4500000 132.9600000
v 95.5800000 -8.4500000 133.2800000
v 95.5800000 -7.6100000 133.2800000
v 95.5800000 -7.6100000 132.9600000
v 95.5800000 -7.6100000 133.2800000
v 96.4200000 -7.6100000 133.2800000
v 96.4200000 -7.6100000 132.9600000
v 95.5800000 -7.6100000 132.9600000
v 95.5800000 -8.4500000 132.9600000
v 96.4200000 -8.4500000 132.9600000
v 96.4200000 -8.4500000 133.2800000
v 95.5800000 -8.4500000 133.2800000
v 103.4424000 -8.4500000 133.2800000
v 104.2824000 -8.4500000 133.2800000
v 104.2824000 -7.6100000 133.2800000
v 103.4424000 -7.6100000 133.2800000
v 104.2824000 -8.4500000 132.9600000
v 103.4424000 -8.4500000 132.9600000
v 103.4424000 -7.6100000 132.9600000
v 104.2824000 -7.6100000 132.9600000
v 104.2824000 -8.4500000 133.2800000
v 104.2824000 -8.4500000 132.9600000
v 104.2824000 -7.6100000 132.9600000
v 104.2824000 -7.6100000 133.2800000
v 103.4424000 -8.4500000 132.9600000
v 103.4424000 -8.4500000 133.2800000
v 103.4424000 -7.6100000 133.2800000
v 103.4424000 -7.6100000 132.9600000
v 103.4424000 -7.6100000 133.2800000
v 104.2824000 -7.6100000 133.2800000
v 104.2824000 -7.6100000 132.9600000
v 103.4424000 -7.6100000 132.9600000
v 103.4424000 -8.4500000 132.9600000
v 104.2824000 -8.4500000 132.9600000
v 104.2824000 -8.4500000 133.2800000
v 103.4424000 -8.4500000 133.2800000
vt 0.5000000 0.5000000
vt 0.5000000 0.5000000
vt 0.0000000 1.0000000
vt 0.0000000 0.0000000
vt 1.0000000 0.5000000
vt 1.0000000 0.5000000
vt 0.0833333 1.0000000
vt 0.0833333 0.0000000
vt 0.9330127 0.2500000
vt 0.9330127 0.7500000
vt 0.1666667 1.0000000
vt 0.1666667 0.0000000
vt 0.7500000 0.0669873
vt 0.7500000 0.9330127
vt 0.2500000 1.0000000
vt 0.2500000 0.0000000
vt 0.5000000 0.0000000
vt 0.5000000 1.0000000
vt 0.3333333 1.0000000
vt 0.3333333 0.0000000
vt 0.2500000 0.0669873
vt 0.2500000 0.9330127
vt 0.4166667 1.0000000
vt 0.4166667 0.0000000
vt 0.0669873 0.2500000
vt 0.0669873 0.7500000
vt 0.5000000 1.0000000
vt 0.5000000 0.0000000
vt 0.0000000 0.5000000
vt 0.0000000 0.5000000
vt 0.5833333 1.0000000
vt 0.5833333 0.0000000
vt 0.0669873 0.7500000
vt 0.0669873 0.2500000
vt 0.6666667 1.0000000
vt 0.6666667 0.0000000
vt 0.2500000 0.9330127
vt 0.2500000 0.0669873
vt 0.7500000 1.0000000
vt 0.7500000 0.0000000
vt 0.5000000 1.0000000
vt 0.5000000 0.0000000
vt 0.8333333 1.0000000
vt 0.8333333 0.0000000
vt 0.7500000 0.9330127
vt 0.7500000 0.0669873
vt 0.9166667 1.0000000
vt 0.9166667 0.0000000
vt 0.9330127 0.7500000
vt 0.9330127 0.2500000
vt 0.5000000 0.5000000
vt 0.5000000 0.5000000
vt 0.0000000 1.0000000
vt 0.0000000 0.0000000
vt 1.0000000 0.5000000
vt 1.0000000 0.5000000
vt 0.1111111 1.0000000
vt 0.1111111 0.0000000
vt 0.8830222 0.1786062
vt 0.8830222 0.8213938
vt 0.2222222 1.0000000
vt 0.2222222 0.0000000
vt 0.5868241 0.0075961
vt 0.5868241 0.9924039
vt 0.3333333 1.0000000
vt 0.3333333 0.0000000
vt 0.2500000 0.0669873
vt 0.2500000 0.9330127
vt 0.4444444 1.0000000
vt 0.4444444 0.0000000
vt 0.0301537 0.3289899
vt 0.0301537 0.6710101
vt 0.5555556 1.0000000
vt 0.5555556 0.0000000
vt 0.0301537 0.6710101
vt 0.0301537 0.3289899
vt 0.6666667 1.0000000
vt 0.6666667 0.0000000
vt 0.2500000 0.9330127
vt 0.2500000 0.0669873
vt 0.7777778 1.0000000
vt 0.7777778 0.0000000
vt 0.5868241 0.9924039
vt 0.5868241 0.0075961
vt 0.8888889 1.0000000
vt 0.8888889 0.0000000
vt 0.8830222 0.8213938
vt 0.8830222 0.1786062
vt 0.5000000 0.5000000
vt 0.5000000 0.5000000
vt 0.0000000 1.0000000
vt 0.0000000 0.0000000
vt 1.0000000 0.5000000
vt 1.0000000 0.5000000
vt 0.1111111 1.0000000
vt 0.1111111 0.0000000
vt 0.8830222 0.1786062
vt 0.8830222 0.8213938
vt 0.2222222 1.0000000
vt 0.2222222 0.0000000
vt 0.5868241 0.0075961
vt 0.5868241 0.9924039
vt 0.3333333 1.0000000
vt 0.3333333 0.0000000
vt 0.2500000 0.0669873
vt 0.2500000 0.9330127
vt 0.4444444 1.0000000
vt 0.4444444 0.0000000
vt 0.0301537 0.3289899
vt 0.0301537 0.6710101
vt 0.5555556 1.0000000
vt 0.5555556 0.0000000
vt 0.0301537 0.6710101
vt 0.0301537 0.3289899
vt 0.6666667 1.0000000
vt 0.6666667 0.0000000
vt 0.2500000 0.9330127
vt 0.2500000 0.0669873
vt 0.7777778 1.0000000
vt 0.7777778 0.0000000
vt 0.5868241 0.9924039
vt 0.5868241 0.0075961
vt 0.8888889 1.0000000
vt 0.8888889 0.0000000
vt 0.8830222 0.8213938
vt 0.8830222 0.1786062
vt 0.5000000 0.5000000
vt 0.5000000 0.5000000
vt 0.0000000 1.0000000
vt 0.0000000 0.0000000
vt 1.0000000 0.5000000
vt 1.0000000 0.5000000
vt 0.1111111 1.0000000
vt 0.1111111 0.0000000
vt 0.8830222 0.1786062
vt 0.8830222 0.8213938
vt 0.2222222 1.0000000
vt 0.2222222 0.0000000
vt 0.5868241 0.0075961
vt 0.5868241 0.9924039
vt 0.3333333 1.0000000
vt 0.3333333 0.0000000
vt 0.2500000 0.0669873
vt 0.2500000 0.9330127
vt 0.4444444 1.0000000
vt 0.4444444 0.0000000
vt 0.0301537 0.3289899
vt 0.0301537 0.6710101
vt 0.5555556 1.0000000
vt 0.5555556 0.0000000
vt 0.0301537 0.6710101
vt 0.0301537 0.3289899
vt 0.6666667 1.0000000
vt 0.6666667 0.0000000
vt 0.2500000 0.9330127
vt 0.2500000 0.0669873
vt 0.7777778 1.0000000
vt 0.7777778 0.0000000
vt 0.5868241 0.9924039
vt 0.5868241 0.0075961
vt 0.8888889 1.0000000
vt 0.8888889 0.0000000
vt 0.8830222 0.8213938
vt 0.8830222 0.1786062
vt 0.5000000 0.5000000
vt 0.5000000 0.5000000
vt 0.0000000 1.0000000
vt 0.0000000 0.0000000
vt 1.0000000 0.5000000
vt 1.0000000 0.5000000
vt 0.0833333 1.0000000
vt 0.0833333 0.0000000
vt 0.9330127 0.2500000
vt 0.9330127 0.7500000
vt 0.1666667 1.0000000
vt 0.1666667 0.0000000
vt 0.7500000 0.0669873
vt 0.7500000 0.9330127
vt 0.2500000 1.0000000
vt 0.2500000 0.0000000
vt 0.5000000 0.0000000
vt 0.5000000 1.0000000
vt 0.3333333 1.0000000
vt 0.3333333 0.0000000
vt 0.2500000 0.0669873
vt 0.2500000 0.9330127
vt 0.4166667 1.0000000
vt 0.4166667 0.0000000
vt 0.0669873 0.2500000
vt 0.0669873 0.7500000
vt 0.5000000 1.0000000
vt 0.5000000 0.0000000
vt 0.0000000 0.5000000
vt 0.0000000 0.5000000
vt 0.5833333 1.0000000
vt 0.5833333 0.0000000
vt 0.0669873 0.7500000
vt 0.0669873 0.2500000
vt 0.6666667 1.0000000
vt 0.6666667 0.0000000
vt 0.2500000 0.9330127
vt 0.2500000 0.0669873
vt 0.7500000 1.0000000
vt 0.7500000 0.0000000
vt 0.5000000 1.0000000
vt 0.5000000 0.0000000
vt 0.8333333 1.0000000
vt 0.8333333 0.0000000
vt 0.7500000 0.9330127
vt 0.7500000 0.0669873
vt 0.9166667 1.0000000
vt 0.9166667 0.0000000
vt 0.9330127 0.7500000
vt 0.9330127 0.2500000
vt 0.5000000 0.5000000
vt 0.5000000 0.5000000
vt 0.0000000 1.0000000
vt 0.0000000 0.0000000
vt 1.0000000 0.5000000
vt 1.0000000 0.5000000
vt 0.0625000 1.0000000
vt 0.0625000 0.0000000
vt 0.9619398 0.3086583
vt 0.9619398 0.6913417
vt 0.1250000 1.0000000
vt 0.1250000 0.0000000
vt 0.8535534 0.1464466
vt 0.8535534 0.8535534
vt 0.1875000 1.0000000
vt 0.1875000 0.0000000
vt 0.6913417 0.0380602
vt 0.6913417 0.9619398
vt 0.2500000 1.0000000
vt 0.2500000 0.0000000
vt 0.5000000 0.0000000
vt 0.5000000 1.0000000
vt 0.3125000 1.0000000
vt 0.3125000 0.0000000
vt 0.3086583 0.0380602
vt 0.3086583 0.9619398
vt 0.3750000 1.0000000
vt 0.3750000 0.0000000
vt 0.1464466 0.1464466
vt 0.1464466 0.8535534
vt 0.4375000 1.0000000
vt 0.4375000 0.0000000
vt 0.0380602 0.3086583
vt 0.0380602 0.6913417
vt 0.5000000 1.0000000
vt 0.5000000 0.0000000
vt 0.0000000 0.5000000
vt 0.0000000 0.5000000
vt 0.5625000 1.0000000
vt 0.5625000 0.0000000
vt 0.0380602 0.6913417
vt 0.0380602 0.3086583
vt 0.6250000 1.0000000
vt 0.6250000 0.0000000
vt 0.1464466 0.8535534
vt 0.1464466 0.1464466
vt 0.6875000 1.0000000
vt 0.6875000 0.0000000
vt 0.3086583 0.9619398
vt 0.3086583 0.0380602
vt 0.7500000 1.0000000
vt 0.7500000 0.0000000
vt 0.5000000 1.0000000
vt 0.5000000 0.0000000
vt 0.8125000 1.0000000
vt 0.8125000 0.0000000
vt 0.6913417 0.9619398
vt 0.6913417 0.0380602
vt 0.8750000 1.0000000
vt 0.8750000 0.0000000
vt 0.8535534 0.8535534
vt 0.8535534 0.1464466
vt 0.9375000 1.0000000
vt 0.9375000 0.0000000
vt 0.9619398 0.6913417
vt 0.9619398 0.3086583
vt 0.5000000 0.5000000
vt 0.5000000 0.5000000
vt 0.0000000 1.0000000
vt 0.0000000 0.0000000
vt 1.0000000 0.5000000
vt 1.0000000 0.5000000
vt 0.0625000 1.0000000
vt 0.0625000 0.0000000
vt 0.9619398 0.3086583
vt 0.9619398 0.6913417
vt 0.1250000 1.0000000
vt 0.1250000 0.0000000
vt 0.8535534 0.1464466
vt 0.8535534 0.8535534
vt 0.1875000 1.0000000
vt 0.1875000 0.0000000
vt 0.6913417 0.0380602
vt 0.6913417 0.9619398
vt 0.2500000 1.0000000
vt 0.2500000 0.0000000
vt 0.5000000 0.0000000
vt 0.5000000 1.0000000
vt 0.3125000 1.0000000
vt 0.3125000 0.0000000
vt 0.3086583 0.0380602
vt 0.3086583 0.9619398
vt 0.3750000 1.0000000
vt 0.3750000 0.0000000
vt 0.1464466 0.1464466
vt 0.1464466 0.8535534
vt 0.4375000 1.0000000
vt 0.4375000 0.0000000
vt 0.0380602 0.3086583
vt 0.0380602 0.6913417
vt 0.5000000 1.0000000
vt 0.5000000 0.0000000
vt 0.0000000 0.5000000
vt 0.0000000 0.5000000
vt 0.5625000 1.0000000
vt 0.5625000 0.0000000
vt 0.0380602 0.6913417
vt 0.0380602 0.3086583
vt 0.6250000 1.0000000
vt 0.6250000 0.0000000
vt 0.1464466 0.8535534
vt 0.1464466 0.1464466
vt 0.6875000 1.0000000
vt 0.6875000 0.0000000
vt 0.3086583 0.9619398
vt 0.3086583 0.0380602
vt 0.7500000 1.0000000
vt 0.7500000 0.0000000
vt 0.5000000 1.0000000
vt 0.5000000 0.0000000
vt 0.8125000 1.0000000
vt 0.8125000 0.0000000
vt 0.6913417 0.9619398
vt 0.6913417 0.0380602
vt 0.8750000 1.0000000
vt 0.8750000 0.0000000
vt 0.8535534 0.8535534
vt 0.8535534 0.1464466
vt 0.9375000 1.0000000
vt 0.9375000 0.0000000
vt 0.9619398 0.6913417
vt 0.9619398 0.3086583
vt 0.0000000 1.0000000
vt 1.0000000 1.0000000
vt 1.0000000 0.0000000
vt 0.0000000 0.0000000
vt 0.0000000 1.0000000
vt 1.0000000 1.0000000
vt 1.0000000 0.0000000
vt 0.0000000 0.0000000
vt 0.0000000 1.0000000
vt 1.0000000 1.0000000
vt 1.0000000 0.0000000
vt 0.0000000 0.0000000
vt 0.0000000 1.0000000
vt 1.0000000 1.0000000
vt 1.0000000 0.0000000
vt 0.0000000 0.0000000
vt 0.0000000 1.0000000
vt 1.0000000 1.0000000
vt 1.0000000 0.0000000
vt 0.0000000 0.0000000
vt 0.0000000 1.0000000
vt 1.0000000 1.0000000
vt 1.0000000 0.0000000
vt 0.0000000 0.0000000
vt 0.0000000 1.0000000
vt 1.0000000 1.0000000
vt 1.0000000 0.0000000
vt 0.0000000 0.0000000
vt 0.0000000 1.0000000
vt 1.0000000 1.0000000
vt 1.0000000 0.0000000
vt 0.0000000 0.0000000
vt 0.0000000 1.0000000
vt 1.0000000 1.0000000
vt 1.0000000 0.0000000
vt 0.0000000 0.0000000
vt 0.0000000 1.0000000
vt 1.0000000 1.0000000
vt 1.0000000 0.0000000
vt 0.0000000 0.0000000
vt 0.0000000 1.0000000
vt 1.0000000 1.0000000
vt 1.0000000 0.0000000
vt 0.0000000 0.0000000
vt 0.0000000 1.0000000
vt 1.0000000 1.0000000
vt 1.0000000 0.0000000
vt 0.0000000 0.0000000
vt 0.0000000 1.0000000
vt 1.0000000 1.0000000
vt 1.0000000 0.0000000
vt 0.0000000 0.0000000
vt 0.0000000 1.0000000
vt 1.0000000 1.0000000
vt 1.0000000 0.0000000
vt 0.0000000 0.0000000
vt 0.0000000 1.0000000
vt 1.0000000 1.0000000
vt 1.0000000 0.0000000
vt 0.0000000 0.0000000
vt 0.0000000 1.0000000
vt 1.0000000 1.0000000
vt 1.0000000 0.0000000
vt 0.0000000 0.0000000
vt 0.0000000 1.0000000
vt 1.0000000 1.0000000
vt 1.0000000 0.0000000
vt 0.0000000 0.0000000
vt 0.0000000 1.0000000
vt 1.0000000 1.0000000
vt 1.0000000 0.0000000
vt 0.0000000 0.0000000
vt 0.5000000 1.0000000
vt 0.5000000 0.0000000
vt 0.0000000 0.5000000
vt 0.2000000 0.5000000
vt 0.4000000 0.5000000
vt 0.6000000 0.5000000
vt 0.8000000 0.5000000
vt 0.0000000 1.0000000
vt 1.0000000 1.0000000
vt 1.0000000 0.0000000
vt 0.0000000 0.0000000
vt 0.0000000 1.0000000
vt 1.0000000 1.0000000
vt 1.0000000 0.0000000
vt 0.0000000 0.0000000
vt 0.0000000 1.0000000
vt 1.0000000 1.0000000
vt 1.0000000 0.0000000
vt 0.0000000 0.0000000
vt 0.0000000 1.0000000
vt 1.0000000 1.0000000
vt 1.0000000 0.0000000
vt 0.0000000 0.0000000
vt 0.0000000 1.0000000
vt 1.0000000 1.0000000
vt 1.0000000 0.0000000
vt 0.0000000 0.0000000
vt 0.0000000 1.0000000
vt 1.0000000 1.0000000
vt 1.0000000 0.0000000
vt 0.0000000 0.0000000
vt 0.5000000 0.5000000
vt 0.5000000 0.5000000
vt 0.0000000 1.0000000
vt 0.0000000 0.0000000
vt 1.0000000 0.5000000
vt 1.0000000 0.5000000
vt 0.0833333 1.0000000
vt 0.0833333 0.0000000
vt 0.9330127 0.2500000
vt 0.9330127 0.7500000
vt 0.1666667 1.0000000
vt 0.1666667 0.0000000
vt 0.7500000 0.0669873
vt 0.7500000 0.9330127
vt 0.2500000 1.0000000
vt 0.2500000 0.0000000
vt 0.5000000 0.0000000
vt 0.5000000 1.0000000
vt 0.3333333 1.0000000
vt 0.3333333 0.0000000
vt 0.2500000 0.0669873
vt 0.2500000 0.9330127
vt 0.4166667 1.0000000
vt 0.4166667 0.0000000
vt 0.0669873 0.2500000
vt 0.0669873 0.7500000
vt 0.5000000 1.0000000
vt 0.5000000 0.0000000
vt 0.0000000 0.5000000
vt 0.0000000 0.5000000
vt 0.5833333 1.0000000
vt 0.5833333 0.0000000
vt 0.0669873 0.7500000
vt 0.0669873 0.2500000
vt 0.6666667 1.0000000
vt 0.6666667 0.0000000
vt 0.2500000 0.9330127
vt 0.2500000 0.0669873
vt 0.7500000 1.0000000
vt 0.7500000 0.0000000
vt 0.5000000 1.0000000
vt 0.5000000 0.0000000
vt 0.8333333 1.0000000
vt 0.8333333 0.0000000
vt 0.7500000 0.9330127
vt 0.7500000 0.0669873
vt 0.9166667 1.0000000
vt 0.9166667 0.0000000
vt 0.9330127 0.7500000
vt 0.9330127 0.2500000
vt 0.5000000 0.5000000
vt 0.5000000 0.5000000
vt 0.0000000 1.0000000
vt 0.0000000 0.0000000
vt 1.0000000 0.5000000
vt 1.0000000 0.5000000
vt 0.1111111 1.0000000
vt 0.1111111 0.0000000
vt 0.8830222 0.1786062
vt 0.8830222 0.8213938
vt 0.2222222 1.0000000
vt 0.2222222 0.0000000
vt 0.5868241 0.0075961
vt 0.5868241 0.9924039
vt 0.3333333 1.0000000
vt 0.3333333 0.0000000
vt 0.2500000 0.0669873
vt 0.2500000 0.9330127
vt 0.4444444 1.0000000
vt 0.4444444 0.0000000
vt 0.0301537 0.3289899
vt 0.0301537 0.6710101
vt 0.5555556 1.0000000
vt 0.5555556 0.0000000
vt 0.0301537 0.6710101
vt 0.0301537 0.3289899
vt 0.6666667 1.0000000
vt 0.6666667 0.0000000
vt 0.2500000 0.9330127
vt 0.2500000 0.0669873
vt 0.7777778 1.0000000
vt 0.7777778 0.0000000
vt 0.5868241 0.9924039
vt 0.5868241 0.0075961
vt 0.8888889 1.0000000
vt 0.8888889 0.0000000
vt 0.8830222 0.8213938
vt 0.8830222 0.1786062
vt 0.5000000 0.5000000
vt 0.5000000 0.5000000
vt 0.0000000 1.0000000
vt 0.0000000 0.0000000
vt 1.0000000 0.5000000
vt 1.0000000 0.5000000
vt 0.1111111 1.0000000
vt 0.1111111 0.0000000
vt 0.8830222 0.1786062
vt 0.8830222 0.8213938
vt 0.2222222 1.0000000
vt 0.2222222 0.0000000
vt 0.5868241 0.0075961
vt 0.5868241 0.9924039
vt 0.3333333 1.0000000
vt 0.3333333 0.0000000
vt 0.2500000 0.0669873
vt 0.2500000 0.9330127
vt 0.4444444 1.0000000
vt 0.4444444 0.0000000
vt 0.0301537 0.3289899
vt 0.0301537 0.6710101
vt 0.5555556 1.0000000
vt 0.5555556 0.0000000
vt 0.0301537 0.6710101
vt 0.0301537 0.3289899
vt 0.6666667 1.0000000
vt 0.6666667 0.0000000
vt 0.2500000 0.9330127
vt 0.2500000 0.0669873
vt 0.7777778 1.0000000
vt 0.7777778 0.0000000
vt 0.5868241 0.9924039
vt 0.5868241 0.0075961
vt 0.8888889 1.0000000
vt 0.8888889 0.0000000
vt 0.8830222 0.8213938
vt 0.8830222 0.1786062
vt 0.5000000 0.5000000
vt 0.5000000 0.5000000
vt 0.0000000 1.0000000
vt 0.0000000 0.0000000
vt 1.0000000 0.5000000
vt 1.0000000 0.5000000
vt 0.1111111 1.0000000
vt 0.1111111 0.0000000
vt 0.8830222 0.1786062
vt 0.8830222 0.8213938
vt 0.2222222 1.0000000
vt 0.2222222 0.0000000
vt 0.5868241 0.0075961
vt 0.5868241 0.9924039
vt 0.3333333 1.0000000
vt 0.3333333 0.0000000
vt 0.2500000 0.0669873
vt 0.2500000 0.9330127
vt 0.4444444 1.0000000
vt 0.4444444 0.0000000
vt 0.0301537 0.3289899
vt 0.0301537 0.6710101
vt 0.5555556 1.0000000
vt 0.5555556 0.0000000
vt 0.0301537 0.6710101
vt 0.0301537 0.3289899
vt 0.6666667 1.0000000
vt 0.6666667 0.0000000
vt 0.2500000 0.9330127
vt 0.2500000 0.0669873
vt 0.7777778 1.0000000
vt 0.7777778 0.0000000
vt 0.5868241 0.9924039
vt 0.5868241 0.0075961
vt 0.8888889 1.0000000
vt 0.8888889 0.0000000
vt 0.8830222 0.8213938
vt 0.8830222 0.1786062
vt 0.5000000 0.5000000
vt 0.5000000 0.5000000
vt 0.0000000 1.0000000
vt 0.0000000 0.0000000
vt 1.0000000 0.5000000
vt 1.0000000 0.5000000
vt 0.0833333 1.0000000
vt 0.0833333 0.0000000
vt 0.9330127 0.2500000
vt 0.9330127 0.7500000
vt 0.1666667 1.0000000
vt 0.1666667 0.0000000
vt 0.7500000 0.0669873
vt 0.7500000 0.9330127
vt 0.2500000 1.0000000
vt 0.2500000 0.0000000
vt 0.5000000 0.0000000
vt 0.5000000 1.0000000
vt 0.3333333 1.0000000
vt 0.3333333 0.0000000
vt 0.2500000 0.0669873
vt 0.2500000 0.9330127
vt 0.4166667 1.0000000
vt 0.4166667 0.0000000
vt 0.0669873 0.2500000
vt 0.0669873 0.7500000
vt 0.5000000 1.0000000
vt 0.5000000 0.0000000
vt 0.0000000 0.5000000
vt 0.0000000 0.5000000
vt 0.5833333 1.0000000
vt 0.5833333 0.0000000
vt 0.0669873 0.7500000
vt 0.0669873 0.2500000
vt 0.6666667 1.0000000
vt 0.6666667 0.0000000
vt 0.2500000 0.9330127
vt 0.2500000 0.0669873
vt 0.7500000 1.0000000
vt 0.7500000 0.0000000
vt 0.5000000 1.0000000
vt 0.5000000 0.0000000
vt 0.8333333 1.0000000
vt 0.8333333 0.0000000
vt 0.7500000 0.9330127
vt 0.7500000 0.0669873
vt 0.9166667 1.0000000
vt 0.9166667 0.0000000
vt 0.9330127 0.7500000
vt 0.9330127 0.2500000
vt 0.5000000 0.5000000
vt 0.5000000 0.5000000
vt 0.0000000 1.0000000
vt 0.0000000 0.0000000
vt 1.0000000 0.5000000
vt 1.0000000 0.5000000
vt 0.0625000 1.0000000
vt 0.0625000 0.0000000
vt 0.9619398 0.3086583
vt 0.9619398 0.6913417
vt 0.1250000 1.0000000
vt 0.1250000 0.0000000
vt 0.8535534 0.1464466
vt 0.8535534 0.8535534
vt 0.1875000 1.0000000
vt 0.1875000 0.0000000
vt 0.6913417 0.0380602
vt 0.6913417 0.9619398
vt 0.2500000 1.0000000
vt 0.2500000 0.0000000
vt 0.5000000 0.0000000
vt 0.5000000 1.0000000
vt 0.3125000 1.0000000
vt 0.3125000 0.0000000
vt 0.3086583 0.0380602
vt 0.3086583 0.9619398
vt 0.3750000 1.0000000
vt 0.3750000 0.0000000
vt 0.1464466 0.1464466
vt 0.1464466 0.8535534
vt 0.4375000 1.0000000
vt 0.4375000 0.0000000
vt 0.0380602 0.3086583
vt 0.0380602 0.6913417
vt 0.5000000 1.0000000
vt 0.5000000 0.0000000
vt 0.0000000 0.5000000
vt 0.0000000 0.5000000
vt 0.5625000 1.0000000
vt 0.5625000 0.0000000
vt 0.0380602 0.6913417
vt 0.0380602 0.3086583
vt 0.6250000 1.0000000
vt 0.6250000 0.0000000
vt 0.1464466 0.8535534
vt 0.1464466 0.1464466
vt 0.6875000 1.0000000
vt 0.6875000 0.0000000
vt 0.3086583 0.9619398
vt 0.3086583 0.0380602
vt 0.7500000 1.0000000
vt 0.7500000 0.0000000
vt 0.5000000 1.0000000
vt 0.5000000 0.0000000
vt 0.8125000 1.0000000
vt 0.8125000 0.0000000
vt 0.6913417 0.9619398
vt 0.6913417 0.0380602
vt 0.8750000 1.0000000
vt 0.8750000 0.0000000
vt 0.8535534 0.8535534
vt 0.8535534 0.1464466
vt 0.9375000 1.0000000
vt 0.9375000 0.0000000
vt 0.9619398 0.6913417
vt 0.9619398 0.3086583
vt 0.5000000 0.5000000
vt 0.5000000 0.5000000
vt 0.0000000 1.0000000
vt 0.0000000 0.0000000
vt 1.0000000 0.5000000
vt 1.0000000 0.5000000
vt 0.0625000 1.0000000
vt 0.0625000 0.0000000
vt 0.9619398 0.3086583
vt 0.9619398 0.6913417
vt 0.1250000 1.0000000
vt 0.1250000 0.0000000
vt 0.8535534 0.1464466
vt 0.8535534 0.8535534
vt 0.1875000 1.0000000
vt 0.1875000 0.0000000
vt 0.6913417 0.0380602
vt 0.6913417 0.9619398
vt 0.2500000 1.0000000
vt 0.2500000 0.0000000
vt 0.5000000 0.0000000
vt 0.5000000 1.0000000
vt 0.3125000 1.0000000
vt 0.3125000 0.0000000
vt 0.3086583 0.0380602
vt 0.3086583 0.9619398
vt 0.3750000 1.0000000
vt 0.3750000 0.0000000
vt 0.1464466 0.1464466
vt 0.1464466 0.8535534
vt 0.4375000 1.0000000
vt 0.4375000 0.0000000
vt 0.0380602 0.3086583
vt 0.0380602 0.6913417
vt 0.5000000 1.0000000
vt 0.5000000 0.0000000
vt 0.0000000 0.5000000
vt 0.0000000 0.5000000
vt 0.5625000 1.0000000
vt 0.5625000 0.0000000
vt 0.0380602 0.6913417
vt 0.0380602 0.3086583
vt 0.6250000 1.0000000
vt 0.6250000 0.0000000
vt 0.1464466 0.8535534
vt 0.1464466 0.1464466
vt 0.6875000 1.0000000
vt 0.6875000 0.0000000
vt 0.3086583 0.9619398
vt 0.3086583 0.0380602
vt 0.7500000 1.0000000
vt 0.7500000 0.0000000
vt 0.5000000 1.0000000
vt 0.5000000 0.0000000
vt 0.8125000 1.0000000
vt 0.8125000 0.0000000
vt 0.6913417 0.9619398
vt 0.6913417 0.0380602
vt 0.8750000 1.0000000
vt 0.8750000 0.0000000
vt 0.8535534 0.8535534
vt 0.8535534 0.1464466
vt 0.9375000 1.0000000
vt 0.9375000 0.0000000
vt 0.9619398 0.6913417
vt 0.9619398 0.3086583
vt 0.0000000 1.0000000
vt 1.0000000 1.0000000
vt 1.0000000 0.0000000
vt 0.0000000 0.0000000
vt 0.0000000 1.0000000
vt 1.0000000 1.0000000
vt 1.0000000 0.0000000
vt 0.0000000 0.0000000
vt 0.0000000 1.0000000
vt 1.0000000 1.0000000
vt 1.0000000 0.0000000
vt 0.0000000 0.0000000
vt 0.0000000 1.0000000
vt 1.0000000 1.0000000
vt 1.0000000 0.0000000
vt 0.0000000 0.0000000
vt 0.0000000 1.0000000
vt 1.0000000 1.0000000
vt 1.0000000 0.0000000
vt 0.0000000 0.0000000
vt 0.0000000 1.0000000
vt 1.0000000 1.0000000
vt 1.0000000 0.0000000
vt 0.0000000 0.0000000
vt 0.0000000 1.0000000
vt 1.0000000 1.0000000
vt 1.0000000 0.0000000
vt 0.0000000 0.0000000
vt 0.0000000 1.0000000
vt 1.0000000 1.0000000
vt 1.0000000 0.0000000
vt 0.0000000 0.0000000
vt 0.0000000 1.0000000
vt 1.0000000 1.0000000
vt 1.0000000 0.0000000
vt 0.0000000 0.0000000
vt 0.0000000 1.0000000
vt 1.0000000 1.0000000
vt 1.0000000 0.0000000
vt 0.0000000 0.0000000
vt 0.0000000 1.0000000
vt 1.0000000 1.0000000
vt 1.0000000 0.0000000
vt 0.0000000 0.0000000
vt 0.0000000 1.0000000
vt 1.0000000 1.0000000
vt 1.0000000 0.0000000
vt 0.0000000 0.0000000
vt 0.0000000 1.0000000
vt 1.0000000 1.0000000
vt 1.0000000 0.0000000
vt 0.0000000 0.0000000
vt 0.0000000 1.0000000
vt 1.0000000 1.0000000
vt 1.0000000 0.0000000
vt 0.0000000 0.0000000
vt 0.0000000 1.0000000
vt 1.0000000 1.0000000
vt 1.0000000 0.0000000
vt 0.0000000 0.0000000
vt 0.0000000 1.0000000
vt 1.0000000 1.0000000
vt 1.0000000 0.0000000
vt 0.0000000 0.0000000
vt 0.0000000 1.0000000
vt 1.0000000 1.0000000
vt 1.0000000 0.0000000
vt 0.0000000 0.0000000
vt 0.0000000 1.0000000
vt 1.0000000 1.0000000
vt 1.0000000 0.0000000
vt 0.0000000 0.0000000
vt 0.5000000 1.0000000
vt 0.5000000 0.0000000
vt 0.0000000 0.5000000
vt 0.2000000 0.5000000
vt 0.4000000 0.5000000
vt 0.6000000 0.5000000
vt 0.8000000 0.5000000
vt 0.0000000 1.0000000
vt 1.0000000 1.0000000
vt 1.0000000 0.0000000
vt 0.0000000 0.0000000
vt 0.0000000 1.0000000
vt 1.0000000 1.0000000
vt 1.0000000 0.0000000
vt 0.0000000 0.0000000
vt 0.0000000 1.0000000
vt 1.0000000 1.0000000
vt 1.0000000 0.0000000
vt 0.0000000 0.0000000
vt 0.0000000 1.0000000
vt 1.0000000 1.0000000
vt 1.0000000 0.0000000
vt 0.0000000 0.0000000
vt 0.0000000 1.0000000
vt 1.0000000 1.0000000
vt 1.0000000 0.0000000
vt 0.0000000 0.0000000
vt 0.0000000 1.0000000
vt 1.0000000 1.0000000
vt 1.0000000 0.0000000
vt 0.0000000 0.0000000
vt 0.0000000 1.0000000
vt 1.0000000 1.0000000
vt 1.0000000 0.0000000
vt 0.0000000 0.0000000
vt 0.0000000 1.0000000
vt 1.0000000 1.0000000
vt 1.0000000 0.0000000
vt 0.0000000 0.0000000
vt 0.0000000 1.0000000
vt 1.0000000 1.0000000
vt 1.0000000 0.0000000
vt 0.0000000 0.0000000
vt 0.0000000 1.0000000
vt 1.0000000 1.0000000
vt 1.0000000 0.0000000
vt 0.0000000 0.0000000
vt 0.0000000 1.0000000
vt 1.0000000 1.0000000
vt 1.0000000 0.0000000
vt 0.0000000 0.0000000
vt 0.0000000 1.0000000
vt 1.0000000 1.0000000
vt 1.0000000 0.0000000
vt 0.0000000 0.0000000
vt 0.0000000 1.0000000
vt 1.0000000 1.0000000
vt 1.0000000 0.0000000
vt 0.0000000 0.0000000
vt 0.0000000 1.0000000
vt 1.0000000 1.0000000
vt 1.0000000 0.0000000
vt 0.0000000 0.0000000
vt 0.0000000 1.0000000
vt 1.0000000 1.0000000
vt 1.0000000 0.0000000
vt 0.0000000 0.0000000
vt 0.0000000 1.0000000
vt 1.0000000 1.0000000
vt 1.0000000 0.0000000
vt 0.0000000 0.0000000
vt 0.0000000 1.0000000
vt 1.0000000 1.0000000
vt 1.0000000 0.0000000
vt 0.0000000 0.0000000
vt 0.0000000 1.0000000
vt 1.0000000 1.0000000
vt 1.0000000 0.0000000
vt 0.0000000 0.0000000
vt 0.5000000 1.0000000
vt 0.5000000 0.0000000
vt 0.0000000 0.5000000
vt 0.2000000 0.5000000
vt 0.4000000 0.5000000
vt 0.6000000 0.5000000
vt 0.8000000 0.5000000
vt 0.0000000 1.0000000
vt 1.0000000 1.0000000
vt 1.0000000 0.0000000
vt 0.0000000 0.0000000
vt 0.0000000 1.0000000
vt 1.0000000 1.0000000
vt 1.0000000 0.0000000
vt 0.0000000 0.0000000
vt 0.0000000 1.0000000
vt 1.0000000 1.0000000
vt 1.0000000 0.0000000
vt 0.0000000 0.0000000
vt 0.0000000 1.0000000
vt 1.0000000 1.0000000
vt 1.0000000 0.0000000
vt 0.0000000 0.0000000
vt 0.0000000 1.0000000
vt 1.0000000 1.0000000
vt 1.0000000 0.0000000
vt 0.0000000 0.0000000
vt 0.0000000 1.0000000
vt 1.0000000 1.0000000
vt 1.0000000 0.0000000
vt 0.0000000 0.0000000
vt 0.0000000 1.0000000
vt 1.0000000 1.0000000
vt 1.0000000 0.0000000
vt 0.0000000 0.0000000
vt 0.0000000 1.0000000
vt 1.0000000 1.0000000
vt 1.0000000 0.0000000
vt 0.0000000 0.0000000
vt 0.0000000 1.0000000
vt 1.0000000 1.0000000
vt 1.0000000 0.0000000
vt 0.0000000 0.0000000
vt 0.0000000 1.0000000
vt 1.0000000 1.0000000
vt 1.0000000 0.0000000
vt 0.0000000 0.0000000
vt 0.0000000 1.0000000
vt 1.0000000 1.0000000
vt 1.0000000 0.0000000
vt 0.0000000 0.0000000
vt 0.0000000 1.0000000
vt 1.0000000 1.0000000
vt 1.0000000 0.0000000
vt 0.0000000 0.0000000
vt 0.0000000 1.0000000
vt 1.0000000 1.0000000
vt 1.0000000 0.0000000
vt 0.0000000 0.0000000
vt 0.0000000 1.0000000
vt 1.0000000 1.0000000
vt 1.0000000 0.0000000
vt 0.0000000 0.0000000
vt 0.0000000 1.0000000
vt 1.0000000 1.0000000
vt 1.0000000 0.0000000
vt 0.0000000 0.0000000
vt 0.0000000 1.0000000
vt 1.0000000 1.0000000
vt 1.0000000 0.0000000
vt 0.0000000 0.0000000
vt 0.0000000 1.0000000
vt 1.0000000 1.0000000
vt 1.0000000 0.0000000
vt 0.0000000 0.0000000
vt 0.0000000 1.0000000
vt 1.0000000 1.0000000
vt 1.0000000 0.0000000
vt 0.0000000 0.0000000
vt 0.5000000 1.0000000
vt 0.5000000 0.0000000
vt 0.0000000 0.5000000
vt 0.2000000 0.5000000
vt 0.4000000 0.5000000
vt 0.6000000 0.5000000
vt 0.8000000 0.5000000
vt 0.0000000 1.0000000
vt 1.0000000 1.0000000
vt 1.0000000 0.0000000
vt 0.0000000 0.0000000
vt 0.0000000 1.0000000
vt 1.0000000 1.0000000
vt 1.0000000 0.0000000
vt 0.0000000 0.0000000
vt 0.0000000 1.0000000
vt 1.0000000 1.0000000
vt 1.0000000 0.0000000
vt 0.0000000 0.0000000
vt 0.0000000 1.0000000
vt 1.0000000 1.0000000
vt 1.0000000 0.0000000
vt 0.0000000 0.0000000
vt 0.0000000 1.0000000
vt 1.0000000 1.0000000
vt 1.0000000 0.0000000
vt 0.0000000 0.0000000
vt 0.0000000 1.0000000
vt 1.0000000 1.0000000
vt 1.0000000 0.0000000
vt 0.0000000 0.0000000
vt 0.0000000 1.0000000
vt 1.0000000 1.0000000
vt 1.0000000 0.0000000
vt 0.0000000 0.0000000
vt 0.0000000 1.0000000
vt 1.0000000 1.0000000
vt 1.0000000 0.0000000
vt 0.0000000 0.0000000
vt 0.0000000 1.0000000
vt 1.0000000 1.0000000
vt 1.0000000 0.0000000
vt 0.0000000 0.0000000
vt 0.0000000 1.0000000
vt 1.0000000 1.0000000
vt 1.0000000 0.0000000
vt 0.0000000 0.0000000
vt 0.0000000 1.0000000
vt 1.0000000 1.0000000
vt 1.0000000 0.0000000
vt 0.0000000 0.0000000
vt 0.0000000 1.0000000
vt 1.0000000 1.0000000
vt 1.0000000 0.0000000
vt 0.0000000 0.0000000
vt 0.0000000 1.0000000
vt 1.0000000 1.0000000
vt 1.0000000 0.0000000
vt 0.0000000 0.0000000
vt 0.0000000 1.0000000
vt 1.0000000 1.0000000
vt 1.0000000 0.0000000
vt 0.0000000 0.0000000
vt 0.0000000 1.0000000
vt 1.0000000 1.0000000
vt 1.0000000 0.0000000
vt 0.0000000 0.0000000
vt 0.0000000 1.0000000
vt 1.0000000 1.0000000
vt 1.0000000 0.0000000
vt 0.0000000 0.0000000
vt 0.0000000 1.0000000
vt 1.0000000 1.0000000
vt 1.0000000 0.0000000
vt 0.0000000 0.0000000
vt 0.0000000 1.0000000
vt 1.0000000 1.0000000
vt 1.0000000 0.0000000
vt 0.0000000 0.0000000
vt 0.5000000 1.0000000
vt 0.5000000 0.0000000
vt 0.0000000 0.5000000
vt 0.2000000 0.5000000
vt 0.4000000 0.5000000
vt 0.6000000 0.5000000
vt 0.8000000 0.5000000
vt 0.0000000 1.0000000
vt 1.0000000 1.0000000
vt 1.0000000 0.0000000
vt 0.0000000 0.0000000
vt 0.0000000 1.0000000
vt 1.0000000 1.0000000
vt 1.0000000 0.0000000
vt 0.0000000 0.0000000
vt 0.0000000 1.0000000
vt 1.0000000 1.0000000
vt 1.0000000 0.0000000
vt 0.0000000 0.0000000
vt 0.0000000 1.0000000
vt 1.0000000 1.0000000
vt 1.0000000 0.0000000
vt 0.0000000 0.0000000
vt 0.0000000 1.0000000
vt 1.0000000 1.0000000
vt 1.0000000 0.0000000
vt 0.0000000 0.0000000
vt 0.0000000 1.0000000
vt 1.0000000 1.0000000
vt 1.0000000 0.0000000
vt 0.0000000 0.0000000
vt 0.0000000 1.0000000
vt 1.0000000 1.0000000
vt 1.0000000 0.0000000
vt 0.0000000 0.0000000
vt 0.0000000 1.0000000
vt 1.0000000 1.0000000
vt 1.0000000 0.0000000
vt 0.0000000 0.0000000
vt 0.0000000 1.0000000
vt 1.0000000 1.0000000
vt 1.0000000 0.0000000
vt 0.0000000 0.0000000
vt 0.0000000 1.0000000
vt 1.0000000 1.0000000
vt 1.0000000 0.0000000
vt 0.0000000 0.0000000
vt 0.0000000 1.0000000
vt 1.0000000 1.0000000
vt 1.0000000 0.0000000
vt 0.0000000 0.0000000
vt 0.0000000 1.0000000
vt 1.0000000 1.0000000
vt 1.0000000 0.0000000
vt 0.0000000 0.0000000
vt 0.0000000 1.0000000
vt 1.0000000 1.0000000
vt 1.0000000 0.0000000
vt 0.0000000 0.0000000
vt 0.0000000 1.0000000
vt 1.0000000 1.0000000
vt 1.0000000 0.0000000
vt 0.0000000 0.0000000
vt 0.0000000 1.0000000
vt 1.0000000 1.0000000
vt 1.0000000 0.0000000
vt 0.0000000 0.0000000
vt 0.0000000 1.0000000
vt 1.0000000 1.0000000
vt 1.0000000 0.0000000
vt 0.0000000 0.0000000
vt 0.0000000 1.0000000
vt 1.0000000 1.0000000
vt 1.0000000 0.0000000
vt 0.0000000 0.0000000
vt 0.0000000 1.0000000
vt 1.0000000 1.0000000
vt 1.0000000 0.0000000
vt 0.0000000 0.0000000
vt 0.5000000 1.0000000
vt 0.5000000 0.0000000
vt 0.0000000 0.5000000
vt 0.2000000 0.5000000
vt 0.4000000 0.5000000
vt 0.6000000 0.5000000
vt 0.8000000 0.5000000
vt 0.0000000 1.0000000
vt 1.0000000 1.0000000
vt 1.0000000 0.0000000
vt 0.0000000 0.0000000
vt 0.0000000 1.0000000
vt 1.0000000 1.0000000
vt 1.0000000 0.0000000
vt 0.0000000 0.0000000
vt 0.0000000 1.0000000
vt 1.0000000 1.0000000
vt 1.0000000 0.0000000
vt 0.0000000 0.0000000
vt 0.0000000 1.0000000
vt 1.0000000 1.0000000
vt 1.0000000 0.0000000
vt 0.0000000 0.0000000
vt 0.0000000 1.0000000
vt 1.0000000 1.0000000
vt 1.0000000 0.0000000
vt 0.0000000 0.0000000
vt 0.0000000 1.0000000
vt 1.0000000 1.0000000
vt 1.0000000 0.0000000
vt 0.0000000 0.0000000
vt 0.0000000 1.0000000
vt 1.0000000 1.0000000
vt 1.0000000 0.0000000
vt 0.0000000 0.0000000
vt 0.0000000 1.0000000
vt 1.0000000 1.0000000
vt 1.0000000 0.0000000
vt 0.0000000 0.0000000
vt 0.0000000 1.0000000
vt 1.0000000 1.0000000
vt 1.0000000 0.0000000
vt 0.0000000 0.0000000
vt 0.0000000 1.0000000
vt 1.0000000 1.0000000
vt 1.0000000 0.0000000
vt 0.0000000 0.0000000
vt 0.0000000 1.0000000
vt 1.0000000 1.0000000
vt 1.0000000 0.0000000
vt 0.0000000 0.0000000
vt 0.0000000 1.0000000
vt 1.0000000 1.0000000
vt 1.0000000 0.0000000
vt 0.0000000 0.0000000
vt 0.0000000 1.0000000
vt 1.0000000 1.0000000
vt 1.0000000 0.0000000
vt 0.0000000 0.0000000
vt 0.0000000 1.0000000
vt 1.0000000 1.0000000
vt 1.0000000 0.0000000
vt 0.0000000 0.0000000
vt 0.0000000 1.0000000
vt 1.0000000 1.0000000
vt 1.0000000 0.0000000
vt 0.0000000 0.0000000
vt 0.0000000 1.0000000
vt 1.0000000 1.0000000
vt 1.0000000 0.0000000
vt 0.0000000 0.0000000
vt 0.0000000 1.0000000
vt 1.0000000 1.0000000
vt 1.0000000 0.0000000
vt 0.0000000 0.0000000
vt 0.0000000 1.0000000
vt 1.0000000 1.0000000
vt 1.0000000 0.0000000
vt 0.0000000 0.0000000
vt 0.0000000 1.0000000
vt 1.0000000 1.0000000
vt 1.0000000 0.0000000
vt 0.0000000 0.0000000
vt 0.0000000 1.0000000
vt 1.0000000 1.0000000
vt 1.0000000 0.0000000
vt 0.0000000 0.0000000
vt 0.0000000 1.0000000
vt 1.0000000 1.0000000
vt 1.0000000 0.0000000
vt 0.0000000 0.0000000
vt 0.0000000 1.0000000
vt 1.0000000 1.0000000
vt 1.0000000 0.0000000
vt 0.0000000 0.0000000
vt 0.0000000 1.0000000
vt 1.0000000 1.0000000
vt 1.0000000 0.0000000
vt 0.0000000 0.0000000
vt 0.0000000 1.0000000
vt 1.0000000 1.0000000
vt 1.0000000 0.0000000
vt 0.0000000 0.0000000
vt 0.0000000 1.0000000
vt 1.0000000 1.0000000
vt 1.0000000 0.0000000
vt 0.0000000 0.0000000
vt 0.0000000 1.0000000
vt 1.0000000 1.0000000
vt 1.0000000 0.0000000
vt 0.0000000 0.0000000
vt 0.0000000 1.0000000
vt 1.0000000 1.0000000
vt 1.0000000 0.0000000
vt 0.0000000 0.0000000
vt 0.0000000 1.0000000
vt 1.0000000 1.0000000
vt 1.0000000 0.0000000
vt 0.0000000 0.0000000
vt 0.0000000 1.0000000
vt 1.0000000 1.0000000
vt 1.0000000 0.0000000
vt 0.0000000 0.0000000
vt 0.0000000 1.0000000
vt 1.0000000 1.0000000
vt 1.0000000 0.0000000
vt 0.0000000 0.0000000
vt 0.0000000 1.0000000
vt 1.0000000 1.0000000
vt 1.0000000 0.0000000
vt 0.0000000 0.0000000
vt 0.0000000 1.0000000
vt 1.0000000 1.0000000
vt 1.0000000 0.0000000
vt 0.0000000 0.0000000
vt 0.0000000 1.0000000
vt 1.0000000 1.0000000
vt 1.0000000 0.0000000
vt 0.0000000 0.0000000
vt 0.0000000 1.0000000
vt 1.0000000 1.0000000
vt 1.0000000 0.0000000
vt 0.0000000 0.0000000
vt 0.0000000 1.0000000
vt 1.0000000 1.0000000
vt 1.0000000 0.0000000
vt 0.0000000 0.0000000
vt 0.0000000 1.0000000
vt 1.0000000 1.0000000
vt 1.0000000 0.0000000
vt 0.0000000 0.0000000
vt 0.5000000 0.5000000
vt 0.5000000 0.5000000
vt 0.0000000 1.0000000
vt 0.0000000 0.0000000
vt 1.0000000 0.5000000
vt 1.0000000 0.5000000
vt 0.0833333 1.0000000
vt 0.0833333 0.0000000
vt 0.9330127 0.2500000
vt 0.9330127 0.7500000
vt 0.1666667 1.0000000
vt 0.1666667 0.0000000
vt 0.7500000 0.0669873
vt 0.7500000 0.9330127
vt 0.2500000 1.0000000
vt 0.2500000 0.0000000
vt 0.5000000 0.0000000
vt 0.5000000 1.0000000
vt 0.3333333 1.0000000
vt 0.3333333 0.0000000
vt 0.2500000 0.0669873
vt 0.2500000 0.9330127
vt 0.4166667 1.0000000
vt 0.4166667 0.0000000
vt 0.0669873 0.2500000
vt 0.0669873 0.7500000
vt 0.5000000 1.0000000
vt 0.5000000 0.0000000
vt 0.0000000 0.5000000
vt 0.0000000 0.5000000
vt 0.5833333 1.0000000
vt 0.5833333 0.0000000
vt 0.0669873 0.7500000
vt 0.0669873 0.2500000
vt 0.6666667 1.0000000
vt 0.6666667 0.0000000
vt 0.2500000 0.9330127
vt 0.2500000 0.0669873
vt 0.7500000 1.0000000
vt 0.7500000 0.0000000
vt 0.5000000 1.0000000
vt 0.5000000 0.0000000
vt 0.8333333 1.0000000
vt 0.8333333 0.0000000
vt 0.7500000 0.9330127
vt 0.7500000 0.0669873
vt 0.9166667 1.0000000
vt 0.9166667 0.0000000
vt 0.9330127 0.7500000
vt 0.9330127 0.2500000
vt 0.5000000 0.5000000
vt 0.5000000 0.5000000
vt 0.0000000 1.0000000
vt 0.0000000 0.0000000
vt 1.0000000 0.5000000
vt 1.0000000 0.5000000
vt 0.1111111 1.0000000
vt 0.1111111 0.0000000
vt 0.8830222 0.1786062
vt 0.8830222 0.8213938
vt 0.2222222 1.0000000
vt 0.2222222 0.0000000
vt 0.5868241 0.0075961
vt 0.5868241 0.9924039
vt 0.3333333 1.0000000
vt 0.3333333 0.0000000
vt 0.2500000 0.0669873
vt 0.2500000 0.9330127
vt 0.4444444 1.0000000
vt 0.4444444 0.0000000
vt 0.0301537 0.3289899
vt 0.0301537 0.6710101
vt 0.5555556 1.0000000
vt 0.5555556 0.0000000
vt 0.0301537 0.6710101
vt 0.0301537 0.3289899
vt 0.6666667 1.0000000
vt 0.6666667 0.0000000
vt 0.2500000 0.9330127
vt 0.2500000 0.0669873
vt 0.7777778 1.0000000
vt 0.7777778 0.0000000
vt 0.5868241 0.9924039
vt 0.5868241 0.0075961
vt 0.8888889 1.0000000
vt 0.8888889 0.0000000
vt 0.8830222 0.8213938
vt 0.8830222 0.1786062
vt 0.5000000 0.5000000
vt 0.5000000 0.5000000
vt 0.0000000 1.0000000
vt 0.0000000 0.0000000
vt 1.0000000 0.5000000
vt 1.0000000 0.5000000
vt 0.1111111 1.0000000
vt 0.1111111 0.0000000
vt 0.8830222 0.1786062
vt 0.8830222 0.8213938
vt 0.2222222 1.0000000
vt 0.2222222 0.0000000
vt 0.5868241 0.0075961
vt 0.5868241 0.9924039
vt 0.3333333 1.0000000
vt 0.3333333 0.0000000
vt 0.2500000 0.0669873
vt 0.2500000 0.9330127
vt 0.4444444 1.0000000
vt 0.4444444 0.0000000
vt 0.0301537 0.3289899
vt 0.0301537 0.6710101
vt 0.5555556 1.0000000
vt 0.5555556 0.0000000
vt 0.0301537 0.6710101
vt 0.0301537 0.3289899
vt 0.6666667 1.0000000
vt 0.6666667 0.0000000
vt 0.2500000 0.9330127
vt 0.2500000 0.0669873
vt 0.7777778 1.0000000
vt 0.7777778 0.0000000
vt 0.5868241 0.9924039
vt 0.5868241 0.0075961
vt 0.8888889 1.0000000
vt 0.8888889 0.0000000
vt 0.8830222 0.8213938
vt 0.8830222 0.1786062
vt 0.5000000 0.5000000
vt 0.5000000 0.5000000
vt 0.0000000 1.0000000
vt 0.0000000 0.0000000
vt 1.0000000 0.5000000
vt 1.0000000 0.5000000
vt 0.1111111 1.0000000
vt 0.1111111 0.0000000
vt 0.8830222 0.1786062
vt 0.8830222 0.8213938
vt 0.2222222 1.0000000
vt 0.2222222 0.0000000
vt 0.5868241 0.0075961
vt 0.5868241 0.9924039
vt 0.3333333 1.0000000
vt 0.3333333 0.0000000
vt 0.2500000 0.0669873
vt 0.2500000 0.9330127
vt 0.4444444 1.0000000
vt 0.4444444 0.0000000
vt 0.0301537 0.3289899
vt 0.0301537 0.6710101
vt 0.5555556 1.0000000
vt 0.5555556 0.0000000
vt 0.0301537 0.6710101
vt 0.0301537 0.3289899
vt 0.6666667 1.0000000
vt 0.6666667 0.0000000
vt 0.2500000 0.9330127
vt 0.2500000 0.0669873
vt 0.7777778 1.0000000
vt 0.7777778 0.0000000
vt 0.5868241 0.9924039
vt 0.5868241 0.0075961
vt 0.8888889 1.0000000
vt 0.8888889 0.0000000
vt 0.8830222 0.8213938
vt 0.8830222 0.1786062
vt 0.5000000 0.5000000
vt 0.5000000 0.5000000
vt 0.0000000 1.0000000
vt 0.0000000 0.0000000
vt 1.0000000 0.5000000
vt 1.0000000 0.5000000
vt 0.0833333 1.0000000
vt 0.0833333 0.0000000
vt 0.9330127 0.2500000
vt 0.9330127 0.7500000
vt 0.1666667 1.0000000
vt 0.1666667 0.0000000
vt 0.7500000 0.0669873
vt 0.7500000 0.9330127
vt 0.2500000 1.0000000
vt 0.2500000 0.0000000
vt 0.5000000 0.0000000
vt 0.5000000 1.0000000
vt 0.3333333 1.0000000
vt 0.3333333 0.0000000
vt 0.2500000 0.0669873
vt 0.2500000 0.9330127
vt 0.4166667 1.0000000
vt 0.4166667 0.0000000
vt 0.0669873 0.2500000
vt 0.0669873 0.7500000
vt 0.5000000 1.0000000
vt 0.5000000 0.0000000
vt 0.0000000 0.5000000
vt 0.0000000 0.5000000
vt 0.5833333 1.0000000
vt 0.5833333 0.0000000
vt 0.0669873 0.7500000
vt 0.0669873 0.2500000
vt 0.6666667 1.0000000
vt 0.6666667 0.0000000
vt 0.2500000 0.9330127
vt 0.2500000 0.0669873
vt 0.7500000 1.0000000
vt 0.7500000 0.0000000
vt 0.5000000 1.0000000
vt 0.5000000 0.0000000
vt 0.8333333 1.0000000
vt 0.8333333 0.0000000
vt 0.7500000 0.9330127
vt 0.7500000 0.0669873
vt 0.9166667 1.0000000
vt 0.9166667 0.0000000
vt 0.9330127 0.7500000
vt 0.9330127 0.2500000
vt 0.5000000 0.5000000
vt 0.5000000 0.5000000
vt 0.0000000 1.0000000
vt 0.0000000 0.0000000
vt 1.0000000 0.5000000
vt 1.0000000 0.5000000
vt 0.0625000 1.0000000
vt 0.0625000 0.0000000
vt 0.9619398 0.3086583
vt 0.9619398 0.6913417
vt 0.1250000 1.0000000
vt 0.1250000 0.0000000
vt 0.8535534 0.1464466
vt 0.8535534 0.8535534
vt 0.1875000 1.0000000
vt 0.1875000 0.0000000
vt 0.6913417 0.0380602
vt 0.6913417 0.9619398
vt 0.2500000 1.0000000
vt 0.2500000 0.0000000
vt 0.5000000 0.0000000
vt 0.5000000 1.0000000
vt 0.3125000 1.0000000
vt 0.3125000 0.0000000
vt 0.3086583 0.0380602
vt 0.3086583 0.9619398
vt 0.3750000 1.0000000
vt 0.3750000 0.0000000
vt 0.1464466 0.1464466
vt 0.1464466 0.8535534
vt 0.4375000 1.0000000
vt 0.4375000 0.0000000
vt 0.0380602 0.3086583
vt 0.0380602 0.6913417
vt 0.5000000 1.0000000
vt 0.5000000 0.0000000
vt 0.0000000 0.5000000
vt 0.0000000 0.5000000
vt 0.5625000 1.0000000
vt 0.5625000 0.0000000
vt 0.0380602 0.6913417
vt 0.0380602 0.3086583
vt 0.6250000 1.0000000
vt 0.6250000 0.0000000
vt 0.1464466 0.8535534
vt 0.1464466 0.1464466
vt 0.6875000 1.0000000
vt 0.6875000 0.0000000
vt 0.3086583 0.9619398
vt 0.3086583 0.0380602
vt 0.7500000 1.0000000
vt 0.7500000 0.0000000
vt 0.5000000 1.0000000
vt 0.5000000 0.0000000
vt 0.8125000 1.0000000
vt 0.8125000 0.0000000
vt 0.6913417 0.9619398
vt 0.6913417 0.0380602
vt 0.8750000 1.0000000
vt 0.8750000 0.0000000
vt 0.8535534 0.8535534
vt 0.8535534 0.1464466
vt 0.9375000 1.0000000
vt 0.9375000 0.0000000
vt 0.9619398 0.6913417
vt 0.9619398 0.3086583
vt 0.5000000 0.5000000
vt 0.5000000 0.5000000
vt 0.0000000 1.0000000
vt 0.0000000 0.0000000
vt 1.0000000 0.5000000
vt 1.0000000 0.5000000
vt 0.0625000 1.0000000
vt 0.0625000 0.0000000
vt 0.9619398 0.3086583
vt 0.9619398 0.6913417
vt 0.1250000 1.0000000
vt 0.1250000 0.0000000
vt 0.8535534 0.1464466
vt 0.8535534 0.8535534
vt 0.1875000 1.0000000
vt 0.1875000 0.0000000
vt 0.6913417 0.0380602
vt 0.6913417 0.9619398
vt 0.2500000 1.0000000
vt 0.2500000 0.0000000
vt 0.5000000 0.0000000
vt 0.5000000 1.0000000
vt 0.3125000 1.0000000
vt 0.3125000 0.0000000
vt 0.3086583 0.0380602
vt 0.3086583 0.9619398
vt 0.3750000 1.0000000
vt 0.3750000 0.0000000
vt 0.1464466 0.1464466
vt 0.1464466 0.8535534
vt 0.4375000 1.0000000
vt 0.4375000 0.0000000
vt 0.0380602 0.3086583
vt 0.0380602 0.6913417
vt 0.5000000 1.0000000
vt 0.5000000 0.0000000
vt 0.0000000 0.5000000
vt 0.0000000 0.5000000
vt 0.5625000 1.0000000
vt 0.5625000 0.0000000
vt 0.0380602 0.6913417
vt 0.0380602 0.3086583
vt 0.6250000 1.0000000
vt 0.6250000 0.0000000
vt 0.1464466 0.8535534
vt 0.1464466 0.1464466
vt 0.6875000 1.0000000
vt 0.6875000 0.0000000
vt 0.3086583 0.9619398
vt 0.3086583 0.0380602
vt 0.7500000 1.0000000
vt 0.7500000 0.0000000
vt 0.5000000 1.0000000
vt 0.5000000 0.0000000
vt 0.8125000 1.0000000
vt 0.8125000 0.0000000
vt 0.6913417 0.9619398
vt 0.6913417 0.0380602
vt 0.8750000 1.0000000
vt 0.8750000 0.0000000
vt 0.8535534 0.8535534
vt 0.8535534 0.1464466
vt 0.9375000 1.0000000
vt 0.9375000 0.0000000
vt 0.9619398 0.6913417
vt 0.9619398 0.3086583
vt 0.0000000 1.0000000
vt 1.0000000 1.0000000
vt 1.0000000 0.0000000
vt 0.0000000 0.0000000
vt 0.0000000 1.0000000
vt 1.0000000 1.0000000
vt 1.0000000 0.0000000
vt 0.0000000 0.0000000
vt 0.0000000 1.0000000
vt 1.0000000 1.0000000
vt 1.0000000 0.0000000
vt 0.0000000 0.0000000
vt 0.0000000 1.0000000
vt 1.0000000 1.0000000
vt 1.0000000 0.0000000
vt 0.0000000 0.0000000
vt 0.0000000 1.0000000
vt 1.0000000 1.0000000
vt 1.0000000 0.0000000
vt 0.0000000 0.0000000
vt 0.0000000 1.0000000
vt 1.0000000 1.0000000
vt 1.0000000 0.0000000
vt 0.0000000 0.0000000
vt 0.0000000 1.0000000
vt 1.0000000 1.0000000
vt 1.0000000 0.0000000
vt 0.0000000 0.0000000
vt 0.0000000 1.0000000
vt 1.0000000 1.0000000
vt 1.0000000 0.0000000
vt 0.0000000 0.0000000
vt 0.0000000 1.0000000
vt 1.0000000 1.0000000
vt 1.0000000 0.0000000
vt 0.0000000 0.0000000
vt 0.0000000 1.0000000
vt 1.0000000 1.0000000
vt 1.0000000 0.0000000
vt 0.0000000 0.0000000
vt 0.0000000 1.0000000
vt 1.0000000 1.0000000
vt 1.0000000 0.0000000
vt 0.0000000 0.0000000
vt 0.0000000 1.0000000
vt 1.0000000 1.0000000
vt 1.0000000 0.0000000
vt 0.0000000 0.0000000
vt 0.0000000 1.0000000
vt 1.0000000 1.0000000
vt 1.0000000 0.0000000
vt 0.0000000 0.0000000
vt 0.0000000 1.0000000
vt 1.0000000 1.0000000
vt 1.0000000 0.0000000
vt 0.0000000 0.0000000
vt 0.0000000 1.0000000
vt 1.0000000 1.0000000
vt 1.0000000 0.0000000
vt 0.0000000 0.0000000
vt 0.0000000 1.0000000
vt 1.0000000 1.0000000
vt 1.0000000 0.0000000
vt 0.0000000 0.0000000
vt 0.0000000 1.0000000
vt 1.0000000 1.0000000
vt 1.0000000 0.0000000
vt 0.0000000 0.0000000
vt 0.0000000 1.0000000
vt 1.0000000 1.0000000
vt 1.0000000 0.0000000
vt 0.0000000 0.0000000
vt 0.5000000 1.0000000
vt 0.5000000 0.0000000
vt 0.0000000 0.5000000
vt 0.2000000 0.5000000
vt 0.4000000 0.5000000
vt 0.6000000 0.5000000
vt 0.8000000 0.5000000
vt 0.0000000 1.0000000
vt 1.0000000 1.0000000
vt 1.0000000 0.0000000
vt 0.0000000 0.0000000
vt 0.0000000 1.0000000
vt 1.0000000 1.0000000
vt 1.0000000 0.0000000
vt 0.0000000 0.0000000
vt 0.0000000 1.0000000
vt 1.0000000 1.0000000
vt 1.0000000 0.0000000
vt 0.0000000 0.0000000
vt 0.0000000 1.0000000
vt 1.0000000 1.0000000
vt 1.0000000 0.0000000
vt 0.0000000 0.0000000
vt 0.0000000 1.0000000
vt 1.0000000 1.0000000
vt 1.0000000 0.0000000
vt 0.0000000 0.0000000
vt 0.0000000 1.0000000
vt 1.0000000 1.0000000
vt 1.0000000 0.0000000
vt 0.0000000 0.0000000
vt 0.0000000 1.0000000
vt 1.0000000 1.0000000
vt 1.0000000 0.0000000
vt 0.0000000 0.0000000
vt 0.0000000 1.0000000
vt 1.0000000 1.0000000
vt 1.0000000 0.0000000
vt 0.0000000 0.0000000
vt 0.0000000 1.0000000
vt 1.0000000 1.0000000
vt 1.0000000 0.0000000
vt 0.0000000 0.0000000
vt 0.0000000 1.0000000
vt 1.0000000 1.0000000
vt 1.0000000 0.0000000
vt 0.0000000 0.0000000
vt 0.0000000 1.0000000
vt 1.0000000 1.0000000
vt 1.0000000 0.0000000
vt 0.0000000 0.0000000
vt 0.0000000 1.0000000
vt 1.0000000 1.0000000
vt 1.0000000 0.0000000
vt 0.0000000 0.0000000
vt 0.0000000 1.0000000
vt 1.0000000 1.0000000
vt 1.0000000 0.0000000
vt 0.0000000 0.0000000
vt 0.0000000 1.0000000
vt 1.0000000 1.0000000
vt 1.0000000 0.0000000
vt 0.0000000 0.0000000
vt 0.0000000 1.0000000
vt 1.0000000 1.0000000
vt 1.0000000 0.0000000
vt 0.0000000 0.0000000
vt 0.0000000 1.0000000
vt 1.0000000 1.0000000
vt 1.0000000 0.0000000
vt 0.0000000 0.0000000
vt 0.0000000 1.0000000
vt 1.0000000 1.0000000
vt 1.0000000 0.0000000
vt 0.0000000 0.0000000
vt 0.0000000 1.0000000
vt 1.0000000 1.0000000
vt 1.0000000 0.0000000
vt 0.0000000 0.0000000
vt 0.5000000 1.0000000
vt 0.5000000 0.0000000
vt 0.0000000 0.5000000
vt 0.2000000 0.5000000
vt 0.4000000 0.5000000
vt 0.6000000 0.5000000
vt 0.8000000 0.5000000
vt 0.0000000 1.0000000
vt 1.0000000 1.0000000
vt 1.0000000 0.0000000
vt 0.0000000 0.0000000
vt 0.0000000 1.0000000
vt 1.0000000 1.0000000
vt 1.0000000 0.0000000
vt 0.0000000 0.0000000
vt 0.0000000 1.0000000
vt 1.0000000 1.0000000
vt 1.0000000 0.0000000
vt 0.0000000 0.0000000
vt 0.0000000 1.0000000
vt 1.0000000 1.0000000
vt 1.0000000 0.0000000
vt 0.0000000 0.0000000
vt 0.0000000 1.0000000
vt 1.0000000 1.0000000
vt 1.0000000 0.0000000
vt 0.0000000 0.0000000
vt 0.0000000 1.0000000
vt 1.0000000 1.0000000
vt 1.0000000 0.0000000
vt 0.0000000 0.0000000
vt 0.0000000 1.0000000
vt 1.0000000 1.0000000
vt 1.0000000 0.0000000
vt 0.0000000 0.0000000
vt 0.0000000 1.0000000
vt 1.0000000 1.0000000
vt 1.0000000 0.0000000
vt 0.0000000 0.0000000
vt 0.0000000 1.0000000
vt 1.0000000 1.0000000
vt 1.0000000 0.0000000
vt 0.0000000 0.0000000
vt 0.0000000 1.0000000
vt 1.0000000 1.0000000
vt 1.0000000 0.0000000
vt 0.0000000 0.0000000
vt 0.0000000 1.0000000
vt 1.0000000 1.0000000
vt 1.0000000 0.0000000
vt 0.0000000 0.0000000
vt 0.0000000 1.0000000
vt 1.0000000 1.0000000
vt 1.0000000 0.0000000
vt 0.0000000 0.0000000
vt 0.0000000 1.0000000
vt 1.0000000 1.0000000
vt 1.0000000 0.0000000
vt 0.0000000 0.0000000
vt 0.0000000 1.0000000
vt 1.0000000 1.0000000
vt 1.0000000 0.0000000
vt 0.0000000 0.0000000
vt 0.0000000 1.0000000
vt 1.0000000 1.0000000
vt 1.0000000 0.0000000
vt 0.0000000 0.0000000
vt 0.0000000 1.0000000
vt 1.0000000 1.0000000
vt 1.0000000 0.0000000
vt 0.0000000 0.0000000
vt 0.0000000 1.0000000
vt 1.0000000 1.0000000
vt 1.0000000 0.0000000
vt 0.0000000 0.0000000
vt 0.0000000 1.0000000
vt 1.0000000 1.0000000
vt 1.0000000 0.0000000
vt 0.0000000 0.0000000
vt 0.5000000 1.0000000
vt 0.5000000 0.0000000
vt 0.0000000 0.5000000
vt 0.2000000 0.5000000
vt 0.4000000 0.5000000
vt 0.6000000 0.5000000
vt 0.8000000 0.5000000
vt 0.0000000 1.0000000
vt 1.0000000 1.0000000
vt 1.0000000 0.0000000
vt 0.0000000 0.0000000
vt 0.0000000 1.0000000
vt 1.0000000 1.0000000
vt 1.0000000 0.0000000
vt 0.0000000 0.0000000
vt 0.0000000 1.0000000
vt 1.0000000 1.0000000
vt 1.0000000 0.0000000
vt 0.0000000 0.0000000
vt 0.0000000 1.0000000
vt 1.0000000 1.0000000
vt 1.0000000 0.0000000
vt 0.0000000 0.0000000
vt 0.0000000 1.0000000
vt 1.0000000 1.0000000
vt 1.0000000 0.0000000
vt 0.0000000 0.0000000
vt 0.0000000 1.0000000
vt 1.0000000 1.0000000
vt 1.0000000 0.0000000
vt 0.0000000 0.0000000
vt 0.0000000 1.0000000
vt 1.0000000 1.0000000
vt 1.0000000 0.0000000
vt 0.0000000 0.0000000
vt 0.0000000 1.0000000
vt 1.0000000 1.0000000
vt 1.0000000 0.0000000
vt 0.0000000 0.0000000
vt 0.0000000 1.0000000
vt 1.0000000 1.0000000
vt 1.0000000 0.0000000
vt 0.0000000 0.0000000
vt 0.0000000 1.0000000
vt 1.0000000 1.0000000
vt 1.0000000 0.0000000
vt 0.0000000 0.0000000
vt 0.0000000 1.0000000
vt 1.0000000 1.0000000
vt 1.0000000 0.0000000
vt 0.0000000 0.0000000
vt 0.0000000 1.0000000
vt 1.0000000 1.0000000
vt 1.0000000 0.0000000
vt 0.0000000 0.0000000
vt 0.0000000 1.0000000
vt 1.0000000 1.0000000
vt 1.0000000 0.0000000
vt 0.0000000 0.0000000
vt 0.0000000 1.0000000
vt 1.0000000 1.0000000
vt 1.0000000 0.0000000
vt 0.0000000 0.0000000
vt 0.0000000 1.0000000
vt 1.0000000 1.0000000
vt 1.0000000 0.0000000
vt 0.0000000 0.0000000
vt 0.0000000 1.0000000
vt 1.0000000 1.0000000
vt 1.0000000 0.0000000
vt 0.0000000 0.0000000
vt 0.0000000 1.0000000
vt 1.0000000 1.0000000
vt 1.0000000 0.0000000
vt 0.0000000 0.0000000
vt 0.0000000 1.0000000
vt 1.0000000 1.0000000
vt 1.0000000 0.0000000
vt 0.0000000 0.0000000
vt 0.0000000 1.0000000
vt 1.0000000 1.0000000
vt 1.0000000 0.0000000
vt 0.0000000 0.0000000
vt 0.0000000 1.0000000
vt 1.0000000 1.0000000
vt 1.0000000 0.0000000
vt 0.0000000 0.0000000
vt 0.0000000 1.0000000
vt 1.0000000 1.0000000
vt 1.0000000 0.0000000
vt 0.0000000 0.0000000
vt 0.0000000 1.0000000
vt 1.0000000 1.0000000
vt 1.0000000 0.0000000
vt 0.0000000 0.0000000
vt 0.0000000 1.0000000
vt 1.0000000 1.0000000
vt 1.0000000 0.0000000
vt 0.0000000 0.0000000
vt 0.0000000 1.0000000
vt 1.0000000 1.0000000
vt 1.0000000 0.0000000
vt 0.0000000 0.0000000
vt 0.0000000 1.0000000
vt 1.0000000 1.0000000
vt 1.0000000 0.0000000
vt 0.0000000 0.0000000
vt 0.0000000 1.0000000
vt 1.0000000 1.0000000
vt 1.0000000 0.0000000
vt 0.0000000 0.0000000
vt 0.0000000 1.0000000
vt 1.0000000 1.0000000
vt 1.0000000 0.0000000
vt 0.0000000 0.0000000
vt 0.0000000 1.0000000
vt 1.0000000 1.0000000
vt 1.0000000 0.0000000
vt 0.0000000 0.0000000
vt 0.0000000 1.0000000
vt 1.0000000 1.0000000
vt 1.0000000 0.0000000
vt 0.0000000 0.0000000
vt 0.0000000 1.0000000
vt 1.0000000 1.0000000
vt 1.0000000 0.0000000
vt 0.0000000 0.0000000
vt 0.0000000 1.0000000
vt 1.0000000 1.0000000
vt 1.0000000 0.0000000
vt 0.0000000 0.0000000
vt 0.0000000 1.0000000
vt 1.0000000 1.0000000
vt 1.0000000 0.0000000
vt 0.0000000 0.0000000
vt 0.0000000 1.0000000
vt 1.0000000 1.0000000
vt 1.0000000 0.0000000
vt 0.0000000 0.0000000
vt 0.0000000 1.0000000
vt 1.0000000 1.0000000
vt 1.0000000 0.0000000
vt 0.0000000 0.0000000
vt 0.0000000 1.0000000
vt 1.0000000 1.0000000
vt 1.0000000 0.0000000
vt 0.0000000 0.0000000
vt 0.0000000 1.0000000
vt 1.0000000 1.0000000
vt 1.0000000 0.0000000
vt 0.0000000 0.0000000
vt 0.5000000 0.5000000
vt 0.5000000 0.5000000
vt 0.0000000 1.0000000
vt 0.0000000 0.0000000
vt 1.0000000 0.5000000
vt 1.0000000 0.5000000
vt 0.0833333 1.0000000
vt 0.0833333 0.0000000
vt 0.9330127 0.2500000
vt 0.9330127 0.7500000
vt 0.1666667 1.0000000
vt 0.1666667 0.0000000
vt 0.7500000 0.0669873
vt 0.7500000 0.9330127
vt 0.2500000 1.0000000
vt 0.2500000 0.0000000
vt 0.5000000 0.0000000
vt 0.5000000 1.0000000
vt 0.3333333 1.0000000
vt 0.3333333 0.0000000
vt 0.2500000 0.0669873
vt 0.2500000 0.9330127
vt 0.4166667 1.0000000
vt 0.4166667 0.0000000
vt 0.0669873 0.2500000
vt 0.0669873 0.7500000
vt 0.5000000 1.0000000
vt 0.5000000 0.0000000
vt 0.0000000 0.5000000
vt 0.0000000 0.5000000
vt 0.5833333 1.0000000
vt 0.5833333 0.0000000
vt 0.0669873 0.7500000
vt 0.0669873 0.2500000
vt 0.6666667 1.0000000
vt 0.6666667 0.0000000
vt 0.2500000 0.9330127
vt 0.2500000 0.0669873
vt 0.7500000 1.0000000
vt 0.7500000 0.0000000
vt 0.5000000 1.0000000
vt 0.5000000 0.0000000
vt 0.8333333 1.0000000
vt 0.8333333 0.0000000
vt 0.7500000 0.9330127
vt 0.7500000 0.0669873
vt 0.9166667 1.0000000
vt 0.9166667 0.0000000
vt 0.9330127 0.7500000
vt 0.9330127 0.2500000
vt 0.5000000 0.5000000
vt 0.5000000 0.5000000
vt 0.0000000 1.0000000
vt 0.0000000 0.0000000
vt 1.0000000 0.5000000
vt 1.0000000 0.5000000
vt 0.1111111 1.0000000
vt 0.1111111 0.0000000
vt 0.8830222 0.1786062
vt 0.8830222 0.8213938
vt 0.2222222 1.0000000
vt 0.2222222 0.0000000
vt 0.5868241 0.0075961
vt 0.5868241 0.9924039
vt 0.3333333 1.0000000
vt 0.3333333 0.0000000
vt 0.2500000 0.0669873
vt 0.2500000 0.9330127
vt 0.4444444 1.0000000
vt 0.4444444 0.0000000
vt 0.0301537 0.3289899
vt 0.0301537 0.6710101
vt 0.5555556 1.0000000
vt 0.5555556 0.0000000
vt 0.0301537 0.6710101
vt 0.0301537 0.3289899
vt 0.6666667 1.0000000
vt 0.6666667 0.0000000
vt 0.2500000 0.9330127
vt 0.2500000 0.0669873
vt 0.7777778 1.0000000
vt 0.7777778 0.0000000
vt 0.5868241 0.9924039
vt 0.5868241 0.0075961
vt 0.8888889 1.0000000
vt 0.8888889 0.0000000
vt 0.8830222 0.8213938
vt 0.8830222 0.1786062
vt 0.5000000 0.5000000
vt 0.5000000 0.5000000
vt 0.0000000 1.0000000
vt 0.0000000 0.0000000
vt 1.0000000 0.5000000
vt 1.0000000 0.5000000
vt 0.1111111 1.0000000
vt 0.1111111 0.0000000
vt 0.8830222 0.1786062
vt 0.8830222 0.8213938
vt 0.2222222 1.0000000
vt 0.2222222 0.0000000
vt 0.5868241 0.0075961
vt 0.5868241 0.9924039
vt 0.3333333 1.0000000
vt 0.3333333 0.0000000
vt 0.2500000 0.0669873
vt 0.2500000 0.9330127
vt 0.4444444 1.0000000
vt 0.4444444 0.0000000
vt 0.0301537 0.3289899
vt 0.0301537 0.6710101
vt 0.5555556 1.0000000
vt 0.5555556 0.0000000
vt 0.0301537 0.6710101
vt 0.0301537 0.3289899
vt 0.6666667 1.0000000
vt 0.6666667 0.0000000
vt 0.2500000 0.9330127
vt 0.2500000 0.0669873
vt 0.7777778 1.0000000
vt 0.7777778 0.0000000
vt 0.5868241 0.9924039
vt 0.5868241 0.0075961
vt 0.8888889 1.0000000
vt 0.8888889 0.0000000
vt 0.8830222 0.8213938
vt 0.8830222 0.1786062
vt 0.5000000 0.5000000
vt 0.5000000 0.5000000
vt 0.0000000 1.0000000
vt 0.0000000 0.0000000
vt 1.0000000 0.5000000
vt 1.0000000 0.5000000
vt 0.1111111 1.0000000
vt 0.1111111 0.0000000
vt 0.8830222 0.1786062
vt 0.8830222 0.8213938
vt 0.2222222 1.0000000
vt 0.2222222 0.0000000
vt 0.5868241 0.0075961
vt 0.5868241 0.9924039
vt 0.3333333 1.0000000
vt 0.3333333 0.0000000
vt 0.2500000 0.0669873
vt 0.2500000 0.9330127
vt 0.4444444 1.0000000
vt 0.4444444 0.0000000
vt 0.0301537 0.3289899
vt 0.0301537 0.6710101
vt 0.5555556 1.0000000
vt 0.5555556 0.0000000
vt 0.0301537 0.6710101
vt 0.0301537 0.3289899
vt 0.6666667 1.0000000
vt 0.6666667 0.0000000
vt 0.2500000 0.9330127
vt 0.2500000 0.0669873
vt 0.7777778 1.0000000
vt 0.7777778 0.0000000
vt 0.5868241 0.9924039
vt 0.5868241 0.0075961
vt 0.8888889 1.0000000
vt 0.8888889 0.0000000
vt 0.8830222 0.8213938
vt 0.8830222 0.1786062
vt 0.5000000 0.5000000
vt 0.5000000 0.5000000
vt 0.0000000 1.0000000
vt 0.0000000 0.0000000
vt 1.0000000 0.5000000
vt 1.0000000 0.5000000
vt 0.0833333 1.0000000
vt 0.0833333 0.0000000
vt 0.9330127 0.2500000
vt 0.9330127 0.7500000
vt 0.1666667 1.0000000
vt 0.1666667 0.0000000
vt 0.7500000 0.0669873
vt 0.7500000 0.9330127
vt 0.2500000 1.0000000
vt 0.2500000 0.0000000
vt 0.5000000 0.0000000
vt 0.5000000 1.0000000
vt 0.3333333 1.0000000
vt 0.3333333 0.0000000
vt 0.2500000 0.0669873
vt 0.2500000 0.9330127
vt 0.4166667 1.0000000
vt 0.4166667 0.0000000
vt 0.0669873 0.2500000
vt 0.0669873 0.7500000
vt 0.5000000 1.0000000
vt 0.5000000 0.0000000
vt 0.0000000 0.5000000
vt 0.0000000 0.5000000
vt 0.5833333 1.0000000
vt 0.5833333 0.0000000
vt 0.0669873 0.7500000
vt 0.0669873 0.2500000
vt 0.6666667 1.0000000
vt 0.6666667 0.0000000
vt 0.2500000 0.9330127
vt 0.2500000 0.0669873
vt 0.7500000 1.0000000
vt 0.7500000 0.0000000
vt 0.5000000 1.0000000
vt 0.5000000 0.0000000
vt 0.8333333 1.0000000
vt 0.8333333 0.0000000
vt 0.7500000 0.9330127
vt 0.7500000 0.0669873
vt 0.9166667 1.0000000
vt 0.9166667 0.0000000
vt 0.9330127 0.7500000
vt 0.9330127 0.2500000
vt 0.5000000 0.5000000
vt 0.5000000 0.5000000
vt 0.0000000 1.0000000
vt 0.0000000 0.0000000
vt 1.0000000 0.5000000
vt 1.0000000 0.5000000
vt 0.0625000 1.0000000
vt 0.0625000 0.0000000
vt 0.9619398 0.3086583
vt 0.9619398 0.6913417
vt 0.1250000 1.0000000
vt 0.1250000 0.0000000
vt 0.8535534 0.1464466
vt 0.8535534 0.8535534
vt 0.1875000 1.0000000
vt 0.1875000 0.0000000
vt 0.6913417 0.0380602
vt 0.6913417 0.9619398
vt 0.2500000 1.0000000
vt 0.2500000 0.0000000
vt 0.5000000 0.0000000
vt 0.5000000 1.0000000
vt 0.3125000 1.0000000
vt 0.3125000 0.0000000
vt 0.3086583 0.0380602
vt 0.3086583 0.9619398
vt 0.3750000 1.0000000
vt 0.3750000 0.0000000
vt 0.1464466 0.1464466
vt 0.1464466 0.8535534
vt 0.4375000 1.0000000
vt 0.4375000 0.0000000
vt 0.0380602 0.3086583
vt 0.0380602 0.6913417
vt 0.5000000 1.0000000
vt 0.5000000 0.0000000
vt 0.0000000 0.5000000
vt 0.0000000 0.5000000
vt 0.5625000 1.0000000
vt 0.5625000 0.0000000
vt 0.0380602 0.6913417
vt 0.0380602 0.3086583
vt 0.6250000 1.0000000
vt 0.6250000 0.0000000
vt 0.1464466 0.8535534
vt 0.1464466 0.1464466
vt 0.6875000 1.0000000
vt 0.6875000 0.0000000
vt 0.3086583 0.9619398
vt 0.3086583 0.0380602
vt 0.7500000 1.0000000
vt 0.7500000 0.0000000
vt 0.5000000 1.0000000
vt 0.5000000 0.0000000
vt 0.8125000 1.0000000
vt 0.8125000 0.0000000
vt 0.6913417 0.9619398
vt 0.6913417 0.0380602
vt 0.8750000 1.0000000
vt 0.8750000 0.0000000
vt 0.8535534 0.8535534
vt 0.8535534 0.1464466
vt 0.9375000 1.0000000
vt 0.9375000 0.0000000
vt 0.9619398 0.6913417
vt 0.9619398 0.3086583
vt 0.5000000 0.5000000
vt 0.5000000 0.5000000
vt 0.0000000 1.0000000
vt 0.0000000 0.0000000
vt 1.0000000 0.5000000
vt 1.0000000 0.5000000
vt 0.0625000 1.0000000
vt 0.0625000 0.0000000
vt 0.9619398 0.3086583
vt 0.9619398 0.6913417
vt 0.1250000 1.0000000
vt 0.1250000 0.0000000
vt 0.8535534 0.1464466
vt 0.8535534 0.8535534
vt 0.1875000 1.0000000
vt 0.1875000 0.0000000
vt 0.6913417 0.0380602
vt 0.6913417 0.9619398
vt 0.2500000 1.0000000
vt 0.2500000 0.0000000
vt 0.5000000 0.0000000
vt 0.5000000 1.0000000
vt 0.3125000 1.0000000
vt 0.3125000 0.0000000
vt 0.3086583 0.0380602
vt 0.3086583 0.9619398
vt 0.3750000 1.0000000
vt 0.3750000 0.0000000
vt 0.1464466 0.1464466
vt 0.1464466 0.8535534
vt 0.4375000 1.0000000
vt 0.4375000 0.0000000
vt 0.0380602 0.3086583
vt 0.0380602 0.6913417
vt 0.5000000 1.0000000
vt 0.5000000 0.0000000
vt 0.0000000 0.5000000
vt 0.0000000 0.5000000
vt 0.5625000 1.0000000
vt 0.5625000 0.0000000
vt 0.0380602 0.6913417
vt 0.0380602 0.3086583
vt 0.6250000 1.0000000
vt 0.6250000 0.0000000
vt 0.1464466 0.8535534
vt 0.1464466 0.1464466
vt 0.6875000 1.0000000
vt 0.6875000 0.0000000
vt 0.3086583 0.9619398
vt 0.3086583 0.0380602
vt 0.7500000 1.0000000
vt 0.7500000 0.0000000
vt 0.5000000 1.0000000
vt 0.5000000 0.0000000
vt 0.8125000 1.0000000
vt 0.8125000 0.0000000
vt 0.6913417 0.9619398
vt 0.6913417 0.0380602
vt 0.8750000 1.0000000
vt 0.8750000 0.0000000
vt 0.8535534 0.8535534
vt 0.8535534 0.1464466
vt 0.9375000 1.0000000
vt 0.9375000 0.0000000
vt 0.9619398 0.6913417
vt 0.9619398 0.3086583
vt 0.0000000 1.0000000
vt 1.0000000 1.0000000
vt 1.0000000 0.0000000
vt 0.0000000 0.0000000
vt 0.0000000 1.0000000
vt 1.0000000 1.0000000
vt 1.0000000 0.0000000
vt 0.0000000 0.0000000
vt 0.0000000 1.0000000
vt 1.0000000 1.0000000
vt 1.0000000 0.0000000
vt 0.0000000 0.0000000
vt 0.0000000 1.0000000
vt 1.0000000 1.0000000
vt 1.0000000 0.0000000
vt 0.0000000 0.0000000
vt 0.0000000 1.0000000
vt 1.0000000 1.0000000
vt 1.0000000 0.0000000
vt 0.0000000 0.0000000
vt 0.0000000 1.0000000
vt 1.0000000 1.0000000
vt 1.0000000 0.0000000
vt 0.0000000 0.0000000
vt 0.0000000 1.0000000
vt 1.0000000 1.0000000
vt 1.0000000 0.0000000
vt 0.0000000 0.0000000
vt 0.0000000 1.0000000
vt 1.0000000 1.0000000
vt 1.0000000 0.0000000
vt 0.0000000 0.0000000
vt 0.0000000 1.0000000
vt 1.0000000 1.0000000
vt 1.0000000 0.0000000
vt 0.0000000 0.0000000
vt 0.0000000 1.0000000
vt 1.0000000 1.0000000
vt 1.0000000 0.0000000
vt 0.0000000 0.0000000
vt 0.0000000 1.0000000
vt 1.0000000 1.0000000
vt 1.0000000 0.0000000
vt 0.0000000 0.0000000
vt 0.0000000 1.0000000
vt 1.0000000 1.0000000
vt 1.0000000 0.0000000
vt 0.0000000 0.0000000
vt 0.0000000 1.0000000
vt 1.0000000 1.0000000
vt 1.0000000 0.0000000
vt 0.0000000 0.0000000
vt 0.0000000 1.0000000
vt 1.0000000 1.0000000
vt 1.0000000 0.0000000
vt 0.0000000 0.0000000
vt 0.0000000 1.0000000
vt 1.0000000 1.0000000
vt 1.0000000 0.0000000
vt 0.0000000 0.0000000
vt 0.0000000 1.0000000
vt 1.0000000 1.0000000
vt 1.0000000 0.0000000
vt 0.0000000 0.0000000
vt 0.0000000 1.0000000
vt 1.0000000 1.0000000
vt 1.0000000 0.0000000
vt 0.0000000 0.0000000
vt 0.0000000 1.0000000
vt 1.0000000 1.0000000
vt 1.0000000 0.0000000
vt 0.0000000 0.0000000
vt 0.5000000 1.0000000
vt 0.5000000 0.0000000
vt 0.0000000 0.5000000
vt 0.2000000 0.5000000
vt 0.4000000 0.5000000
vt 0.6000000 0.5000000
vt 0.8000000 0.5000000
vt 0.0000000 1.0000000
vt 1.0000000 1.0000000
vt 1.0000000 0.0000000
vt 0.0000000 0.0000000
vt 0.0000000 1.0000000
vt 1.0000000 1.0000000
vt 1.0000000 0.0000000
vt 0.0000000 0.0000000
vt 0.0000000 1.0000000
vt 1.0000000 1.0000000
vt 1.0000000 0.0000000
vt 0.0000000 0.0000000
vt 0.0000000 1.0000000
vt 1.0000000 1.0000000
vt 1.0000000 0.0000000
vt 0.0000000 0.0000000
vt 0.0000000 1.0000000
vt 1.0000000 1.0000000
vt 1.0000000 0.0000000
vt 0.0000000 0.0000000
vt 0.0000000 1.0000000
vt 1.0000000 1.0000000
vt 1.0000000 0.0000000
vt 0.0000000 0.0000000
vt 0.0000000 1.0000000
vt 1.0000000 1.0000000
vt 1.0000000 0.0000000
vt 0.0000000 0.0000000
vt 0.0000000 1.0000000
vt 1.0000000 1.0000000
vt 1.0000000 0.0000000
vt 0.0000000 0.0000000
vt 0.0000000 1.0000000
vt 1.0000000 1.0000000
vt 1.0000000 0.0000000
vt 0.0000000 0.0000000
vt 0.0000000 1.0000000
vt 1.0000000 1.0000000
vt 1.0000000 0.0000000
vt 0.0000000 0.0000000
vt 0.0000000 1.0000000
vt 1.0000000 1.0000000
vt 1.0000000 0.0000000
vt 0.0000000 0.0000000
vt 0.0000000 1.0000000
vt 1.0000000 1.0000000
vt 1.0000000 0.0000000
vt 0.0000000 0.0000000
vt 0.0000000 1.0000000
vt 1.0000000 1.0000000
vt 1.0000000 0.0000000
vt 0.0000000 0.0000000
vt 0.0000000 1.0000000
vt 1.0000000 1.0000000
vt 1.0000000 0.0000000
vt 0.0000000 0.0000000
vt 0.0000000 1.0000000
vt 1.0000000 1.0000000
vt 1.0000000 0.0000000
vt 0.0000000 0.0000000
vt 0.0000000 1.0000000
vt 1.0000000 1.0000000
vt 1.0000000 0.0000000
vt 0.0000000 0.0000000
vt 0.0000000 1.0000000
vt 1.0000000 1.0000000
vt 1.0000000 0.0000000
vt 0.0000000 0.0000000
vt 0.0000000 1.0000000
vt 1.0000000 1.0000000
vt 1.0000000 0.0000000
vt 0.0000000 0.0000000
vt 0.5000000 1.0000000
vt 0.5000000 0.0000000
vt 0.0000000 0.5000000
vt 0.2000000 0.5000000
vt 0.4000000 0.5000000
vt 0.6000000 0.5000000
vt 0.8000000 0.5000000
vt 0.0000000 1.0000000
vt 1.0000000 1.0000000
vt 1.0000000 0.0000000
vt 0.0000000 0.0000000
vt 0.0000000 1.0000000
vt 1.0000000 1.0000000
vt 1.0000000 0.0000000
vt 0.0000000 0.0000000
vt 0.0000000 1.0000000
vt 1.0000000 1.0000000
vt 1.0000000 0.0000000
vt 0.0000000 0.0000000
vt 0.0000000 1.0000000
vt 1.0000000 1.0000000
vt 1.0000000 0.0000000
vt 0.0000000 0.0000000
vt 0.0000000 1.0000000
vt 1.0000000 1.0000000
vt 1.0000000 0.0000000
vt 0.0000000 0.0000000
vt 0.0000000 1.0000000
vt 1.0000000 1.0000000
vt 1.0000000 0.0000000
vt 0.0000000 0.0000000
vt 0.0000000 1.0000000
vt 1.0000000 1.0000000
vt 1.0000000 0.0000000
vt 0.0000000 0.0000000
vt 0.0000000 1.0000000
vt 1.0000000 1.0000000
vt 1.0000000 0.0000000
vt 0.0000000 0.0000000
vt 0.0000000 1.0000000
vt 1.0000000 1.0000000
vt 1.0000000 0.0000000
vt 0.0000000 0.0000000
vt 0.0000000 1.0000000
vt 1.0000000 1.0000000
vt 1.0000000 0.0000000
vt 0.0000000 0.0000000
vt 0.0000000 1.0000000
vt 1.0000000 1.0000000
vt 1.0000000 0.0000000
vt 0.0000000 0.0000000
vt 0.0000000 1.0000000
vt 1.0000000 1.0000000
vt 1.0000000 0.0000000
vt 0.0000000 0.0000000
vt 0.0000000 1.0000000
vt 1.0000000 1.0000000
vt 1.0000000 0.0000000
vt 0.0000000 0.0000000
vt 0.0000000 1.0000000
vt 1.0000000 1.0000000
vt 1.0000000 0.0000000
vt 0.0000000 0.0000000
vt 0.0000000 1.0000000
vt 1.0000000 1.0000000
vt 1.0000000 0.0000000
vt 0.0000000 0.0000000
vt 0.0000000 1.0000000
vt 1.0000000 1.0000000
vt 1.0000000 0.0000000
vt 0.0000000 0.0000000
vt 0.0000000 1.0000000
vt 1.0000000 1.0000000
vt 1.0000000 0.0000000
vt 0.0000000 0.0000000
vt 0.0000000 1.0000000
vt 1.0000000 1.0000000
vt 1.0000000 0.0000000
vt 0.0000000 0.0000000
vt 0.5000000 1.0000000
vt 0.5000000 0.0000000
vt 0.0000000 0.5000000
vt 0.2000000 0.5000000
vt 0.4000000 0.5000000
vt 0.6000000 0.5000000
vt 0.8000000 0.5000000
vt 0.0000000 1.0000000
vt 1.0000000 1.0000000
vt 1.0000000 0.0000000
vt 0.0000000 0.0000000
vt 0.0000000 1.0000000
vt 1.0000000 1.0000000
vt 1.0000000 0.0000000
vt 0.0000000 0.0000000
vt 0.0000000 1.0000000
vt 1.0000000 1.0000000
vt 1.0000000 0.0000000
vt 0.0000000 0.0000000
vt 0.0000000 1.0000000
vt 1.0000000 1.0000000
vt 1.0000000 0.0000000
vt 0.0000000 0.0000000
vt 0.0000000 1.0000000
vt 1.0000000 1.0000000
vt 1.0000000 0.0000000
vt 0.0000000 0.0000000
vt 0.0000000 1.0000000
vt 1.0000000 1.0000000
vt 1.0000000 0.0000000
vt 0.0000000 0.0000000
vt 0.0000000 1.0000000
vt 1.0000000 1.0000000
vt 1.0000000 0.0000000
vt 0.0000000 0.0000000
vt 0.0000000 1.0000000
vt 1.0000000 1.0000000
vt 1.0000000 0.0000000
vt 0.0000000 0.0000000
vt 0.0000000 1.0000000
vt 1.0000000 1.0000000
vt 1.0000000 0.0000000
vt 0.0000000 0.0000000
vt 0.0000000 1.0000000
vt 1.0000000 1.0000000
vt 1.0000000 0.0000000
vt 0.0000000 0.0000000
vt 0.0000000 1.0000000
vt 1.0000000 1.0000000
vt 1.0000000 0.0000000
vt 0.0000000 0.0000000
vt 0.0000000 1.0000000
vt 1.0000000 1.0000000
vt 1.0000000 0.0000000
vt 0.0000000 0.0000000
vt 0.0000000 1.0000000
vt 1.0000000 1.0000000
vt 1.0000000 0.0000000
vt 0.0000000 0.0000000
vt 0.0000000 1.0000000
vt 1.0000000 1.0000000
vt 1.0000000 0.0000000
vt 0.0000000 0.0000000
vt 0.0000000 1.0000000
vt 1.0000000 1.0000000
vt 1.0000000 0.0000000
vt 0.0000000 0.0000000
vt 0.0000000 1.0000000
vt 1.0000000 1.0000000
vt 1.0000000 0.0000000
vt 0.0000000 0.0000000
vt 0.0000000 1.0000000
vt 1.0000000 1.0000000
vt 1.0000000 0.0000000
vt 0.0000000 0.0000000
vt 0.0000000 1.0000000
vt 1.0000000 1.0000000
vt 1.0000000 0.0000000
vt 0.0000000 0.0000000
vt 0.0000000 1.0000000
vt 1.0000000 1.0000000
vt 1.0000000 0.0000000
vt 0.0000000 0.0000000
vt 0.0000000 1.0000000
vt 1.0000000 1.0000000
vt 1.0000000 0.0000000
vt 0.0000000 0.0000000
vt 0.0000000 1.0000000
vt 1.0000000 1.0000000
vt 1.0000000 0.0000000
vt 0.0000000 0.0000000
vt 0.0000000 1.0000000
vt 1.0000000 1.0000000
vt 1.0000000 0.0000000
vt 0.0000000 0.0000000
vt 0.0000000 1.0000000
vt 1.0000000 1.0000000
vt 1.0000000 0.0000000
vt 0.0000000 0.0000000
vt 0.0000000 1.0000000
vt 1.0000000 1.0000000
vt 1.0000000 0.0000000
vt 0.0000000 0.0000000
vt 0.0000000 1.0000000
vt 1.0000000 1.0000000
vt 1.0000000 0.0000000
vt 0.0000000 0.0000000
vt 0.0000000 1.0000000
vt 1.0000000 1.0000000
vt 1.0000000 0.0000000
vt 0.0000000 0.0000000
vt 0.0000000 1.0000000
vt 1.0000000 1.0000000
vt 1.0000000 0.0000000
vt 0.0000000 0.0000000
vt 0.0000000 1.0000000
vt 1.0000000 1.0000000
vt 1.0000000 0.0000000
vt 0.0000000 0.0000000
vt 0.0000000 1.0000000
vt 1.0000000 1.0000000
vt 1.0000000 0.0000000
vt 0.0000000 0.0000000
vt 0.0000000 1.0000000
vt 1.0000000 1.0000000
vt 1.0000000 0.0000000
vt 0.0000000 0.0000000
vt 0.5000000 0.5000000
vt 0.5000000 0.5000000
vt 0.0000000 1.0000000
vt 0.0000000 0.0000000
vt 1.0000000 0.5000000
vt 1.0000000 0.5000000
vt 0.0833333 1.0000000
vt 0.0833333 0.0000000
vt 0.9330127 0.2500000
vt 0.9330127 0.7500000
vt 0.1666667 1.0000000
vt 0.1666667 0.0000000
vt 0.7500000 0.0669873
vt 0.7500000 0.9330127
vt 0.2500000 1.0000000
vt 0.2500000 0.0000000
vt 0.5000000 0.0000000
vt 0.5000000 1.0000000
vt 0.3333333 1.0000000
vt 0.3333333 0.0000000
vt 0.2500000 0.0669873
vt 0.2500000 0.9330127
vt 0.4166667 1.0000000
vt 0.4166667 0.0000000
vt 0.0669873 0.2500000
vt 0.0669873 0.7500000
vt 0.5000000 1.0000000
vt 0.5000000 0.0000000
vt 0.0000000 0.5000000
vt 0.0000000 0.5000000
vt 0.5833333 1.0000000
vt 0.5833333 0.0000000
vt 0.0669873 0.7500000
vt 0.0669873 0.2500000
vt 0.6666667 1.0000000
vt 0.6666667 0.0000000
vt 0.2500000 0.9330127
vt 0.2500000 0.0669873
vt 0.7500000 1.0000000
vt 0.7500000 0.0000000
vt 0.5000000 1.0000000
vt 0.5000000 0.0000000
vt 0.8333333 1.0000000
vt 0.8333333 0.0000000
vt 0.7500000 0.9330127
vt 0.7500000 0.0669873
vt 0.9166667 1.0000000
vt 0.9166667 0.0000000
vt 0.9330127 0.7500000
vt 0.9330127 0.2500000
vt 0.5000000 0.5000000
vt 0.5000000 0.5000000
vt 0.0000000 1.0000000
vt 0.0000000 0.0000000
vt 1.0000000 0.5000000
vt 1.0000000 0.5000000
vt 0.1111111 1.0000000
vt 0.1111111 0.0000000
vt 0.8830222 0.1786062
vt 0.8830222 0.8213938
vt 0.2222222 1.0000000
vt 0.2222222 0.0000000
vt 0.5868241 0.0075961
vt 0.5868241 0.9924039
vt 0.3333333 1.0000000
vt 0.3333333 0.0000000
vt 0.2500000 0.0669873
vt 0.2500000 0.9330127
vt 0.4444444 1.0000000
vt 0.4444444 0.0000000
vt 0.0301537 0.3289899
vt 0.0301537 0.6710101
vt 0.5555556 1.0000000
vt 0.5555556 0.0000000
vt 0.0301537 0.6710101
vt 0.0301537 0.3289899
vt 0.6666667 1.0000000
vt 0.6666667 0.0000000
vt 0.2500000 0.9330127
vt 0.2500000 0.0669873
vt 0.7777778 1.0000000
vt 0.7777778 0.0000000
vt 0.5868241 0.9924039
vt 0.5868241 0.0075961
vt 0.8888889 1.0000000
vt 0.8888889 0.0000000
vt 0.8830222 0.8213938
vt 0.8830222 0.1786062
vt 0.5000000 0.5000000
vt 0.5000000 0.5000000
vt 0.0000000 1.0000000
vt 0.0000000 0.0000000
vt 1.0000000 0.5000000
vt 1.0000000 0.5000000
vt 0.1111111 1.0000000
vt 0.1111111 0.0000000
vt 0.8830222 0.1786062
vt 0.8830222 0.8213938
vt 0.2222222 1.0000000
vt 0.2222222 0.0000000
vt 0.5868241 0.0075961
vt 0.5868241 0.9924039
vt 0.3333333 1.0000000
vt 0.3333333 0.0000000
vt 0.2500000 0.0669873
vt 0.2500000 0.9330127
vt 0.4444444 1.0000000
vt 0.4444444 0.0000000
vt 0.0301537 0.3289899
vt 0.0301537 0.6710101
vt 0.5555556 1.0000000
vt 0.5555556 0.0000000
vt 0.0301537 0.6710101
vt 0.0301537 0.3289899
vt 0.6666667 1.0000000
vt 0.6666667 0.0000000
vt 0.2500000 0.9330127
vt 0.2500000 0.0669873
vt 0.7777778 1.0000000
vt 0.7777778 0.0000000
vt 0.5868241 0.9924039
vt 0.5868241 0.0075961
vt 0.8888889 1.0000000
vt 0.8888889 0.0000000
vt 0.8830222 0.8213938
vt 0.8830222 0.1786062
vt 0.5000000 0.5000000
vt 0.5000000 0.5000000
vt 0.0000000 1.0000000
vt 0.0000000 0.0000000
vt 1.0000000 0.5000000
vt 1.0000000 0.5000000
vt 0.1111111 1.0000000
vt 0.1111111 0.0000000
vt 0.8830222 0.1786062
vt 0.8830222 0.8213938
vt 0.2222222 1.0000000
vt 0.2222222 0.0000000
vt 0.5868241 0.0075961
vt 0.5868241 0.9924039
vt 0.3333333 1.0000000
vt 0.3333333 0.0000000
vt 0.2500000 0.0669873
vt 0.2500000 0.9330127
vt 0.4444444 1.0000000
vt 0.4444444 0.0000000
vt 0.0301537 0.3289899
vt 0.0301537 0.6710101
vt 0.5555556 1.0000000
vt 0.5555556 0.0000000
vt 0.0301537 0.6710101
vt 0.0301537 0.3289899
vt 0.6666667 1.0000000
vt 0.6666667 0.0000000
vt 0.2500000 0.9330127
vt 0.2500000 0.0669873
vt 0.7777778 1.0000000
vt 0.7777778 0.0000000
vt 0.5868241 0.9924039
vt 0.5868241 0.0075961
vt 0.8888889 1.0000000
vt 0.8888889 0.0000000
vt 0.8830222 0.8213938
vt 0.8830222 0.1786062
vt 0.5000000 0.5000000
vt 0.5000000 0.5000000
vt 0.0000000 1.0000000
vt 0.0000000 0.0000000
vt 1.0000000 0.5000000
vt 1.0000000 0.5000000
vt 0.0833333 1.0000000
vt 0.0833333 0.0000000
vt 0.9330127 0.2500000
vt 0.9330127 0.7500000
vt 0.1666667 1.0000000
vt 0.1666667 0.0000000
vt 0.7500000 0.0669873
vt 0.7500000 0.9330127
vt 0.2500000 1.0000000
vt 0.2500000 0.0000000
vt 0.5000000 0.0000000
vt 0.5000000 1.0000000
vt 0.3333333 1.0000000
vt 0.3333333 0.0000000
vt 0.2500000 0.0669873
vt 0.2500000 0.9330127
vt 0.4166667 1.0000000
vt 0.4166667 0.0000000
vt 0.0669873 0.2500000
vt 0.0669873 0.7500000
vt 0.5000000 1.0000000
vt 0.5000000 0.0000000
vt 0.0000000 0.5000000
vt 0.0000000 0.5000000
vt 0.5833333 1.0000000
vt 0.5833333 0.0000000
vt 0.0669873 0.7500000
vt 0.0669873 0.2500000
vt 0.6666667 1.0000000
vt 0.6666667 0.0000000
vt 0.2500000 0.9330127
vt 0.2500000 0.0669873
vt 0.7500000 1.0000000
vt 0.7500000 0.0000000
vt 0.5000000 1.0000000
vt 0.5000000 0.0000000
vt 0.8333333 1.0000000
vt 0.8333333 0.0000000
vt 0.7500000 0.9330127
vt 0.7500000 0.0669873
vt 0.9166667 1.0000000
vt 0.9166667 0.0000000
vt 0.9330127 0.7500000
vt 0.9330127 0.2500000
vt 0.5000000 0.5000000
vt 0.5000000 0.5000000
vt 0.0000000 1.0000000
vt 0.0000000 0.0000000
vt 1.0000000 0.5000000
vt 1.0000000 0.5000000
vt 0.0625000 1.0000000
vt 0.0625000 0.0000000
vt 0.9619398 0.3086583
vt 0.9619398 0.6913417
vt 0.1250000 1.0000000
vt 0.1250000 0.0000000
vt 0.8535534 0.1464466
vt 0.8535534 0.8535534
vt 0.1875000 1.0000000
vt 0.1875000 0.0000000
vt 0.6913417 0.0380602
vt 0.6913417 0.9619398
vt 0.2500000 1.0000000
vt 0.2500000 0.0000000
vt 0.5000000 0.0000000
vt 0.5000000 1.0000000
vt 0.3125000 1.0000000
vt 0.3125000 0.0000000
vt 0.3086583 0.0380602
vt 0.3086583 0.9619398
vt 0.3750000 1.0000000
vt 0.3750000 0.0000000
vt 0.1464466 0.1464466
vt 0.1464466 0.8535534
vt 0.4375000 1.0000000
vt 0.4375000 0.0000000
vt 0.0380602 0.3086583
vt 0.0380602 0.6913417
vt 0.5000000 1.0000000
vt 0.5000000 0.0000000
vt 0.0000000 0.5000000
vt 0.0000000 0.5000000
vt 0.5625000 1.0000000
vt 0.5625000 0.0000000
vt 0.0380602 0.6913417
vt 0.0380602 0.3086583
vt 0.6250000 1.0000000
vt 0.6250000 0.0000000
vt 0.1464466 0.8535534
vt 0.1464466 0.1464466
vt 0.6875000 1.0000000
vt 0.6875000 0.0000000
vt 0.3086583 0.9619398
vt 0.3086583 0.0380602
vt 0.7500000 1.0000000
vt 0.7500000 0.0000000
vt 0.5000000 1.0000000
vt 0.5000000 0.0000000
vt 0.8125000 1.0000000
vt 0.8125000 0.0000000
vt 0.6913417 0.9619398
vt 0.6913417 0.0380602
vt 0.8750000 1.0000000
vt 0.8750000 0.0000000
vt 0.8535534 0.8535534
vt 0.8535534 0.1464466
vt 0.9375000 1.0000000
vt 0.9375000 0.0000000
vt 0.9619398 0.6913417
vt 0.9619398 0.3086583
vt 0.5000000 0.5000000
vt 0.5000000 0.5000000
vt 0.0000000 1.0000000
vt 0.0000000 0.0000000
vt 1.0000000 0.5000000
vt 1.0000000 0.5000000
vt 0.0625000 1.0000000
vt 0.0625000 0.0000000
vt 0.9619398 0.3086583
vt 0.9619398 0.6913417
vt 0.1250000 1.0000000
vt 0.1250000 0.0000000
vt 0.8535534 0.1464466
vt 0.8535534 0.8535534
vt 0.1875000 1.0000000
vt 0.1875000 0.0000000
vt 0.6913417 0.0380602
vt 0.6913417 0.9619398
vt 0.2500000 1.0000000
vt 0.2500000 0.0000000
vt 0.5000000 0.0000000
vt 0.5000000 1.0000000
vt 0.3125000 1.0000000
vt 0.3125000 0.0000000
vt 0.3086583 0.0380602
vt 0.3086583 0.9619398
vt 0.3750000 1.0000000
vt 0.3750000 0.0000000
vt 0.1464466 0.1464466
vt 0.1464466 0.8535534
vt 0.4375000 1.0000000
vt 0.4375000 0.0000000
vt 0.0380602 0.3086583
vt 0.0380602 0.6913417
vt 0.5000000 1.0000000
vt 0.5000000 0.0000000
vt 0.0000000 0.5000000
vt 0.0000000 0.5000000
vt 0.5625000 1.0000000
vt 0.5625000 0.0000000
vt 0.0380602 0.6913417
vt 0.0380602 0.3086583
vt 0.6250000 1.0000000
vt 0.6250000 0.0000000
vt 0.1464466 0.8535534
vt 0.1464466 0.1464466
vt 0.6875000 1.0000000
vt 0.6875000 0.0000000
vt 0.3086583 0.9619398
vt 0.3086583 0.0380602
vt 0.7500000 1.0000000
vt 0.7500000 0.0000000
vt 0.5000000 1.0000000
vt 0.5000000 0.0000000
vt 0.8125000 1.0000000
vt 0.8125000 0.0000000
vt 0.6913417 0.9619398
vt 0.6913417 0.0380602
vt 0.8750000 1.0000000
vt 0.8750000 0.0000000
vt 0.8535534 0.8535534
vt 0.8535534 0.1464466
vt 0.9375000 1.0000000
vt 0.9375000 0.0000000
vt 0.9619398 0.6913417
vt 0.9619398 0.3086583
vt 0.0000000 1.0000000
vt 1.0000000 1.0000000
vt 1.0000000 0.0000000
vt 0.0000000 0.0000000
vt 0.0000000 1.0000000
vt 1.0000000 1.0000000
vt 1.0000000 0.0000000
vt 0.0000000 0.0000000
vt 0.0000000 1.0000000
vt 1.0000000 1.0000000
vt 1.0000000 0.0000000
vt 0.0000000 0.0000000
vt 0.0000000 1.0000000
vt 1.0000000 1.0000000
vt 1.0000000 0.0000000
vt 0.0000000 0.0000000
vt 0.0000000 1.0000000
vt 1.0000000 1.0000000
vt 1.0000000 0.0000000
vt 0.0000000 0.0000000
vt 0.0000000 1.0000000
vt 1.0000000 1.0000000
vt 1.0000000 0.0000000
vt 0.0000000 0.0000000
vt 0.0000000 1.0000000
vt 1.0000000 1.0000000
vt 1.0000000 0.0000000
vt 0.0000000 0.0000000
vt 0.0000000 1.0000000
vt 1.0000000 1.0000000
vt 1.0000000 0.0000000
vt 0.0000000 0.0000000
vt 0.0000000 1.0000000
vt 1.0000000 1.0000000
vt 1.0000000 0.0000000
vt 0.0000000 0.0000000
vt 0.0000000 1.0000000
vt 1.0000000 1.0000000
vt 1.0000000 0.0000000
vt 0.0000000 0.0000000
vt 0.0000000 1.0000000
vt 1.0000000 1.0000000
vt 1.0000000 0.0000000
vt 0.0000000 0.0000000
vt 0.0000000 1.0000000
vt 1.0000000 1.0000000
vt 1.0000000 0.0000000
vt 0.0000000 0.0000000
vt 0.0000000 1.0000000
vt 1.0000000 1.0000000
vt 1.0000000 0.0000000
vt 0.0000000 0.0000000
vt 0.0000000 1.0000000
vt 1.0000000 1.0000000
vt 1.0000000 0.0000000
vt 0.0000000 0.0000000
vt 0.0000000 1.0000000
vt 1.0000000 1.0000000
vt 1.0000000 0.0000000
vt 0.0000000 0.0000000
vt 0.0000000 1.0000000
vt 1.0000000 1.0000000
vt 1.0000000 0.0000000
vt 0.0000000 0.0000000
vt 0.0000000 1.0000000
vt 1.0000000 1.0000000
vt 1.0000000 0.0000000
vt 0.0000000 0.0000000
vt 0.0000000 1.0000000
vt 1.0000000 1.0000000
vt 1.0000000 0.0000000
vt 0.0000000 0.0000000
vt 0.5000000 1.0000000
vt 0.5000000 0.0000000
vt 0.0000000 0.5000000
vt 0.2000000 0.5000000
vt 0.4000000 0.5000000
vt 0.6000000 0.5000000
vt 0.8000000 0.5000000
vt 0.5000000 0.5000000
vt 0.5000000 0.5000000
vt 0.0000000 1.0000000
vt 0.0000000 0.0000000
vt 1.0000000 0.5000000
vt 1.0000000 0.5000000
vt 0.0833333 1.0000000
vt 0.0833333 0.0000000
vt 0.9330127 0.2500000
vt 0.9330127 0.7500000
vt 0.1666667 1.0000000
vt 0.1666667 0.0000000
vt 0.7500000 0.0669873
vt 0.7500000 0.9330127
vt 0.2500000 1.0000000
vt 0.2500000 0.0000000
vt 0.5000000 0.0000000
vt 0.5000000 1.0000000
vt 0.3333333 1.0000000
vt 0.3333333 0.0000000
vt 0.2500000 0.0669873
vt 0.2500000 0.9330127
vt 0.4166667 1.0000000
vt 0.4166667 0.0000000
vt 0.0669873 0.2500000
vt 0.0669873 0.7500000
vt 0.5000000 1.0000000
vt 0.5000000 0.0000000
vt 0.0000000 0.5000000
vt 0.0000000 0.5000000
vt 0.5833333 1.0000000
vt 0.5833333 0.0000000
vt 0.0669873 0.7500000
vt 0.0669873 0.2500000
vt 0.6666667 1.0000000
vt 0.6666667 0.0000000
vt 0.2500000 0.9330127
vt 0.2500000 0.0669873
vt 0.7500000 1.0000000
vt 0.7500000 0.0000000
vt 0.5000000 1.0000000
vt 0.5000000 0.0000000
vt 0.8333333 1.0000000
vt 0.8333333 0.0000000
vt 0.7500000 0.9330127
vt 0.7500000 0.0669873
vt 0.9166667 1.0000000
vt 0.9166667 0.0000000
vt 0.9330127 0.7500000
vt 0.9330127 0.2500000
vt 0.5000000 0.5000000
vt 0.5000000 0.5000000
vt 0.0000000 1.0000000
vt 0.0000000 0.0000000
vt 1.0000000 0.5000000
vt 1.0000000 0.5000000
vt 0.1111111 1.0000000
vt 0.1111111 0.0000000
vt 0.8830222 0.1786062
vt 0.8830222 0.8213938
vt 0.2222222 1.0000000
vt 0.2222222 0.0000000
vt 0.5868241 0.0075961
vt 0.5868241 0.9924039
vt 0.3333333 1.0000000
vt 0.3333333 0.0000000
vt 0.2500000 0.0669873
vt 0.2500000 0.9330127
vt 0.4444444 1.0000000
vt 0.4444444 0.0000000
vt 0.0301537 0.3289899
vt 0.0301537 0.6710101
vt 0.5555556 1.0000000
vt 0.5555556 0.0000000
vt 0.0301537 0.6710101
vt 0.0301537 0.3289899
vt 0.6666667 1.0000000
vt 0.6666667 0.0000000
vt 0.2500000 0.9330127
vt 0.2500000 0.0669873
vt 0.7777778 1.0000000
vt 0.7777778 0.0000000
vt 0.5868241 0.9924039
vt 0.5868241 0.0075961
vt 0.8888889 1.0000000
vt 0.8888889 0.0000000
vt 0.8830222 0.8213938
vt 0.8830222 0.1786062
vt 0.5000000 0.5000000
vt 0.5000000 0.5000000
vt 0.0000000 1.0000000
vt 0.0000000 0.0000000
vt 1.0000000 0.5000000
vt 1.0000000 0.5000000
vt 0.1111111 1.0000000
vt 0.1111111 0.0000000
vt 0.8830222 0.1786062
vt 0.8830222 0.8213938
vt 0.2222222 1.0000000
vt 0.2222222 0.0000000
vt 0.5868241 0.0075961
vt 0.5868241 0.9924039
vt 0.3333333 1.0000000
vt 0.3333333 0.0000000
vt 0.2500000 0.0669873
vt 0.2500000 0.9330127
vt 0.4444444 1.0000000
vt 0.4444444 0.0000000
vt 0.0301537 0.3289899
vt 0.0301537 0.6710101
vt 0.5555556 1.0000000
vt 0.5555556 0.0000000
vt 0.0301537 0.6710101
vt 0.0301537 0.3289899
vt 0.6666667 1.0000000
vt 0.6666667 0.0000000
vt 0.2500000 0.9330127
vt 0.2500000 0.0669873
vt 0.7777778 1.0000000
vt 0.7777778 0.0000000
vt 0.5868241 0.9924039
vt 0.5868241 0.0075961
vt 0.8888889 1.0000000
vt 0.8888889 0.0000000
vt 0.8830222 0.8213938
vt 0.8830222 0.1786062
vt 0.5000000 0.5000000
vt 0.5000000 0.5000000
vt 0.0000000 1.0000000
vt 0.0000000 0.0000000
vt 1.0000000 0.5000000
vt 1.0000000 0.5000000
vt 0.1111111 1.0000000
vt 0.1111111 0.0000000
vt 0.8830222 0.1786062
vt 0.8830222 0.8213938
vt 0.2222222 1.0000000
vt 0.2222222 0.0000000
vt 0.5868241 0.0075961
vt 0.5868241 0.9924039
vt 0.3333333 1.0000000
vt 0.3333333 0.0000000
vt 0.2500000 0.0669873
vt 0.2500000 0.9330127
vt 0.4444444 1.0000000
vt 0.4444444 0.0000000
vt 0.0301537 0.3289899
vt 0.0301537 0.6710101
vt 0.5555556 1.0000000
vt 0.5555556 0.0000000
vt 0.0301537 0.6710101
vt 0.0301537 0.3289899
vt 0.6666667 1.0000000
vt 0.6666667 0.0000000
vt 0.2500000 0.9330127
vt 0.2500000 0.0669873
vt 0.7777778 1.0000000
vt 0.7777778 0.0000000
vt 0.5868241 0.9924039
vt 0.5868241 0.0075961
vt 0.8888889 1.0000000
vt 0.8888889 0.0000000
vt 0.8830222 0.8213938
vt 0.8830222 0.1786062
vt 0.5000000 0.5000000
vt 0.5000000 0.5000000
vt 0.0000000 1.0000000
vt 0.0000000 0.0000000
vt 1.0000000 0.5000000
vt 1.0000000 0.5000000
vt 0.0833333 1.0000000
vt 0.0833333 0.0000000
vt 0.9330127 0.2500000
vt 0.9330127 0.7500000
vt 0.1666667 1.0000000
vt 0.1666667 0.0000000
vt 0.7500000 0.0669873
vt 0.7500000 0.9330127
vt 0.2500000 1.0000000
vt 0.2500000 0.0000000
vt 0.5000000 0.0000000
vt 0.5000000 1.0000000
vt 0.3333333 1.0000000
vt 0.3333333 0.0000000
vt 0.2500000 0.0669873
vt 0.2500000 0.9330127
vt 0.4166667 1.0000000
vt 0.4166667 0.0000000
vt 0.0669873 0.2500000
vt 0.0669873 0.7500000
vt 0.5000000 1.0000000
vt 0.5000000 0.0000000
vt 0.0000000 0.5000000
vt 0.0000000 0.5000000
vt 0.5833333 1.0000000
vt 0.5833333 0.0000000
vt 0.0669873 0.7500000
vt 0.0669873 0.2500000
vt 0.6666667 1.0000000
vt 0.6666667 0.0000000
vt 0.2500000 0.9330127
vt 0.2500000 0.0669873
vt 0.7500000 1.0000000
vt 0.7500000 0.0000000
vt 0.5000000 1.0000000
vt 0.5000000 0.0000000
vt 0.8333333 1.0000000
vt 0.8333333 0.0000000
vt 0.7500000 0.9330127
vt 0.7500000 0.0669873
vt 0.9166667 1.0000000
vt 0.9166667 0.0000000
vt 0.9330127 0.7500000
vt 0.9330127 0.2500000
vt 0.5000000 0.5000000
vt 0.5000000 0.5000000
vt 0.0000000 1.0000000
vt 0.0000000 0.0000000
vt 1.0000000 0.5000000
vt 1.0000000 0.5000000
vt 0.0625000 1.0000000
vt 0.0625000 0.0000000
vt 0.9619398 0.3086583
vt 0.9619398 0.6913417
vt 0.1250000 1.0000000
vt 0.1250000 0.0000000
vt 0.8535534 0.1464466
vt 0.8535534 0.8535534
vt 0.1875000 1.0000000
vt 0.1875000 0.0000000
vt 0.6913417 0.0380602
vt 0.6913417 0.9619398
vt 0.2500000 1.0000000
vt 0.2500000 0.0000000
vt 0.5000000 0.0000000
vt 0.5000000 1.0000000
vt 0.3125000 1.0000000
vt 0.3125000 0.0000000
vt 0.3086583 0.0380602
vt 0.3086583 0.9619398
vt 0.3750000 1.0000000
vt 0.3750000 0.0000000
vt 0.1464466 0.1464466
vt 0.1464466 0.8535534
vt 0.4375000 1.0000000
vt 0.4375000 0.0000000
vt 0.0380602 0.3086583
vt 0.0380602 0.6913417
vt 0.5000000 1.0000000
vt 0.5000000 0.0000000
vt 0.0000000 0.5000000
vt 0.0000000 0.5000000
vt 0.5625000 1.0000000
vt 0.5625000 0.0000000
vt 0.0380602 0.6913417
vt 0.0380602 0.3086583
vt 0.6250000 1.0000000
vt 0.6250000 0.0000000
vt 0.1464466 0.8535534
vt 0.1464466 0.1464466
vt 0.6875000 1.0000000
vt 0.6875000 0.0000000
vt 0.3086583 0.9619398
vt 0.3086583 0.0380602
vt 0.7500000 1.0000000
vt 0.7500000 0.0000000
vt 0.5000000 1.0000000
vt 0.5000000 0.0000000
vt 0.8125000 1.0000000
vt 0.8125000 0.0000000
vt 0.6913417 0.9619398
vt 0.6913417 0.0380602
vt 0.8750000 1.0000000
vt 0.8750000 0.0000000
vt 0.8535534 0.8535534
vt 0.8535534 0.1464466
vt 0.9375000 1.0000000
vt 0.9375000 0.0000000
vt 0.9619398 0.6913417
vt 0.9619398 0.3086583
vt 0.5000000 0.5000000
vt 0.5000000 0.5000000
vt 0.0000000 1.0000000
vt 0.0000000 0.0000000
vt 1.0000000 0.5000000
vt 1.0000000 0.5000000
vt 0.0625000 1.0000000
vt 0.0625000 0.0000000
vt 0.9619398 0.3086583
vt 0.9619398 0.6913417
vt 0.1250000 1.0000000
vt 0.1250000 0.0000000
vt 0.8535534 0.1464466
vt 0.8535534 0.8535534
vt 0.1875000 1.0000000
vt 0.1875000 0.0000000
vt 0.6913417 0.0380602
vt 0.6913417 0.9619398
vt 0.2500000 1.0000000
vt 0.2500000 0.0000000
vt 0.5000000 0.0000000
vt 0.5000000 1.0000000
vt 0.3125000 1.0000000
vt 0.3125000 0.0000000
vt 0.3086583 0.0380602
vt 0.3086583 0.9619398
vt 0.3750000 1.0000000
vt 0.3750000 0.0000000
vt 0.1464466 0.1464466
vt 0.1464466 0.8535534
vt 0.4375000 1.0000000
vt 0.4375000 0.0000000
vt 0.0380602 0.3086583
vt 0.0380602 0.6913417
vt 0.5000000 1.0000000
vt 0.5000000 0.0000000
vt 0.0000000 0.5000000
vt 0.0000000 0.5000000
vt 0.5625000 1.0000000
vt 0.5625000 0.0000000
vt 0.0380602 0.6913417
vt 0.0380602 0.3086583
vt 0.6250000 1.0000000
vt 0.6250000 0.0000000
vt 0.1464466 0.8535534
vt 0.1464466 0.1464466
vt 0.6875000 1.0000000
vt 0.6875000 0.0000000
vt 0.3086583 0.9619398
vt 0.3086583 0.0380602
vt 0.7500000 1.0000000
vt 0.7500000 0.0000000
vt 0.5000000 1.0000000
vt 0.5000000 0.0000000
vt 0.8125000 1.0000000
vt 0.8125000 0.0000000
vt 0.6913417 0.9619398
vt 0.6913417 0.0380602
vt 0.8750000 1.0000000
vt 0.8750000 0.0000000
vt 0.8535534 0.8535534
vt 0.8535534 0.1464466
vt 0.9375000 1.0000000
vt 0.9375000 0.0000000
vt 0.9619398 0.6913417
vt 0.9619398 0.3086583
vt 0.0000000 1.0000000
vt 1.0000000 1.0000000
vt 1.0000000 0.0000000
vt 0.0000000 0.0000000
vt 0.0000000 1.0000000
vt 1.0000000 1.0000000
vt 1.0000000 0.0000000
vt 0.0000000 0.0000000
vt 0.0000000 1.0000000
vt 1.0000000 1.0000000
vt 1.0000000 0.0000000
vt 0.0000000 0.0000000
vt 0.0000000 1.0000000
vt 1.0000000 1.0000000
vt 1.0000000 0.0000000
vt 0.0000000 0.0000000
vt 0.0000000 1.0000000
vt 1.0000000 1.0000000
vt 1.0000000 0.0000000
vt 0.0000000 0.0000000
vt 0.0000000 1.0000000
vt 1.0000000 1.0000000
vt 1.0000000 0.0000000
vt 0.0000000 0.0000000
vt 0.0000000 1.0000000
vt 1.0000000 1.0000000
vt 1.0000000 0.0000000
vt 0.0000000 0.0000000
vt 0.0000000 1.0000000
vt 1.0000000 1.0000000
vt 1.0000000 0.0000000
vt 0.0000000 0.0000000
vt 0.0000000 1.0000000
vt 1.0000000 1.0000000
vt 1.0000000 0.0000000
vt 0.0000000 0.0000000
vt 0.0000000 1.0000000
vt 1.0000000 1.0000000
vt 1.0000000 0.0000000
vt 0.0000000 0.0000000
vt 0.0000000 1.0000000
vt 1.0000000 1.0000000
vt 1.0000000 0.0000000
vt 0.0000000 0.0000000
vt 0.0000000 1.0000000
vt 1.0000000 1.0000000
vt 1.0000000 0.0000000
vt 0.0000000 0.0000000
vt 0.0000000 1.0000000
vt 1.0000000 1.0000000
vt 1.0000000 0.0000000
vt 0.0000000 0.0000000
vt 0.0000000 1.0000000
vt 1.0000000 1.0000000
vt 1.0000000 0.0000000
vt 0.0000000 0.0000000
vt 0.0000000 1.0000000
vt 1.0000000 1.0000000
vt 1.0000000 0.0000000
vt 0.0000000 0.0000000
vt 0.0000000 1.0000000
vt 1.0000000 1.0000000
vt 1.0000000 0.0000000
vt 0.0000000 0.0000000
vt 0.0000000 1.0000000
vt 1.0000000 1.0000000
vt 1.0000000 0.0000000
vt 0.0000000 0.0000000
vt 0.0000000 1.0000000
vt 1.0000000 1.0000000
vt 1.0000000 0.0000000
vt 0.0000000 0.0000000
vt 0.5000000 1.0000000
vt 0.5000000 0.0000000
vt 0.0000000 0.5000000
vt 0.2000000 0.5000000
vt 0.4000000 0.5000000
vt 0.6000000 0.5000000
vt 0.8000000 0.5000000
vt 0.5000000 0.5000000
vt 0.5000000 0.5000000
vt 0.0000000 1.0000000
vt 0.0000000 0.0000000
vt 1.0000000 0.5000000
vt 1.0000000 0.5000000
vt 0.0833333 1.0000000
vt 0.0833333 0.0000000
vt 0.9330127 0.2500000
vt 0.9330127 0.7500000
vt 0.1666667 1.0000000
vt 0.1666667 0.0000000
vt 0.7500000 0.0669873
vt 0.7500000 0.9330127
vt 0.2500000 1.0000000
vt 0.2500000 0.0000000
vt 0.5000000 0.0000000
vt 0.5000000 1.0000000
vt 0.3333333 1.0000000
vt 0.3333333 0.0000000
vt 0.2500000 0.0669873
vt 0.2500000 0.9330127
vt 0.4166667 1.0000000
vt 0.4166667 0.0000000
vt 0.0669873 0.2500000
vt 0.0669873 0.7500000
vt 0.5000000 1.0000000
vt 0.5000000 0.0000000
vt 0.0000000 0.5000000
vt 0.0000000 0.5000000
vt 0.5833333 1.0000000
vt 0.5833333 0.0000000
vt 0.0669873 0.7500000
vt 0.0669873 0.2500000
vt 0.6666667 1.0000000
vt 0.6666667 0.0000000
vt 0.2500000 0.9330127
vt 0.2500000 0.0669873
vt 0.7500000 1.0000000
vt 0.7500000 0.0000000
vt 0.5000000 1.0000000
vt 0.5000000 0.0000000
vt 0.8333333 1.0000000
vt 0.8333333 0.0000000
vt 0.7500000 0.9330127
vt 0.7500000 0.0669873
vt 0.9166667 1.0000000
vt 0.9166667 0.0000000
vt 0.9330127 0.7500000
vt 0.9330127 0.2500000
vt 0.5000000 0.5000000
vt 0.5000000 0.5000000
vt 0.0000000 1.0000000
vt 0.0000000 0.0000000
vt 1.0000000 0.5000000
vt 1.0000000 0.5000000
vt 0.1111111 1.0000000
vt 0.1111111 0.0000000
vt 0.8830222 0.1786062
vt 0.8830222 0.8213938
vt 0.2222222 1.0000000
vt 0.2222222 0.0000000
vt 0.5868241 0.0075961
vt 0.5868241 0.9924039
vt 0.3333333 1.0000000
vt 0.3333333 0.0000000
vt 0.2500000 0.0669873
vt 0.2500000 0.9330127
vt 0.4444444 1.0000000
vt 0.4444444 0.0000000
vt 0.0301537 0.3289899
vt 0.0301537 0.6710101
vt 0.5555556 1.0000000
vt 0.5555556 0.0000000
vt 0.0301537 0.6710101
vt 0.0301537 0.3289899
vt 0.6666667 1.0000000
vt 0.6666667 0.0000000
vt 0.2500000 0.9330127
vt 0.2500000 0.0669873
vt 0.7777778 1.0000000
vt 0.7777778 0.0000000
vt 0.5868241 0.9924039
vt 0.5868241 0.0075961
vt 0.8888889 1.0000000
vt 0.8888889 0.0000000
vt 0.8830222 0.8213938
vt 0.8830222 0.1786062
vt 0.5000000 0.5000000
vt 0.5000000 0.5000000
vt 0.0000000 1.0000000
vt 0.0000000 0.0000000
vt 1.0000000 0.5000000
vt 1.0000000 0.5000000
vt 0.1111111 1.0000000
vt 0.1111111 0.0000000
vt 0.8830222 0.1786062
vt 0.8830222 0.8213938
vt 0.2222222 1.0000000
vt 0.2222222 0.0000000
vt 0.5868241 0.0075961
vt 0.5868241 0.9924039
vt 0.3333333 1.0000000
vt 0.3333333 0.0000000
vt 0.2500000 0.0669873
vt 0.2500000 0.9330127
vt 0.4444444 1.0000000
vt 0.4444444 0.0000000
vt 0.0301537 0.3289899
vt 0.0301537 0.6710101
vt 0.5555556 1.0000000
vt 0.5555556 0.0000000
vt 0.0301537 0.6710101
vt 0.0301537 0.3289899
vt 0.6666667 1.0000000
vt 0.6666667 0.0000000
vt 0.2500000 0.9330127
vt 0.2500000 0.0669873
vt 0.7777778 1.0000000
vt 0.7777778 0.0000000
vt 0.5868241 0.9924039
vt 0.5868241 0.0075961
vt 0.8888889 1.0000000
vt 0.8888889 0.0000000
vt 0.8830222 0.8213938
vt 0.8830222 0.1786062
vt 0.5000000 0.5000000
vt 0.5000000 0.5000000
vt 0.0000000 1.0000000
vt 0.0000000 0.0000000
vt 1.0000000 0.5000000
vt 1.0000000 0.5000000
vt 0.1111111 1.0000000
vt 0.1111111 0.0000000
vt 0.8830222 0.1786062
vt 0.8830222 0.8213938
vt 0.2222222 1.0000000
vt 0.2222222 0.0000000
vt 0.5868241 0.0075961
vt 0.5868241 0.9924039
vt 0.3333333 1.0000000
vt 0.3333333 0.0000000
vt 0.2500000 0.0669873
vt 0.2500000 0.9330127
vt 0.4444444 1.0000000
vt 0.4444444 0.0000000
vt 0.0301537 0.3289899
vt 0.0301537 0.6710101
vt 0.5555556 1.0000000
vt 0.5555556 0.0000000
vt 0.0301537 0.6710101
vt 0.0301537 0.3289899
vt 0.6666667 1.0000000
vt 0.6666667 0.0000000
vt 0.2500000 0.9330127
vt 0.2500000 0.0669873
vt 0.7777778 1.0000000
vt 0.7777778 0.0000000
vt 0.5868241 0.9924039
vt 0.5868241 0.0075961
vt 0.8888889 1.0000000
vt 0.8888889 0.0000000
vt 0.8830222 0.8213938
vt 0.8830222 0.1786062
vt 0.5000000 0.5000000
vt 0.5000000 0.5000000
vt 0.0000000 1.0000000
vt 0.0000000 0.0000000
vt 1.0000000 0.5000000
vt 1.0000000 0.5000000
vt 0.0833333 1.0000000
vt 0.0833333 0.0000000
vt 0.9330127 0.2500000
vt 0.9330127 0.7500000
vt 0.1666667 1.0000000
vt 0.1666667 0.0000000
vt 0.7500000 0.0669873
vt 0.7500000 0.9330127
vt 0.2500000 1.0000000
vt 0.2500000 0.0000000
vt 0.5000000 0.0000000
vt 0.5000000 1.0000000
vt 0.3333333 1.0000000
vt 0.3333333 0.0000000
vt 0.2500000 0.0669873
vt 0.2500000 0.9330127
vt 0.4166667 1.0000000
vt 0.4166667 0.0000000
vt 0.0669873 0.2500000
vt 0.0669873 0.7500000
vt 0.5000000 1.0000000
vt 0.5000000 0.0000000
vt 0.0000000 0.5000000
vt 0.0000000 0.5000000
vt 0.5833333 1.0000000
vt 0.5833333 0.0000000
vt 0.0669873 0.7500000
vt 0.0669873 0.2500000
vt 0.6666667 1.0000000
vt 0.6666667 0.0000000
vt 0.2500000 0.9330127
vt 0.2500000 0.0669873
vt 0.7500000 1.0000000
vt 0.7500000 0.0000000
vt 0.5000000 1.0000000
vt 0.5000000 0.0000000
vt 0.8333333 1.0000000
vt 0.8333333 0.0000000
vt 0.7500000 0.9330127
vt 0.7500000 0.0669873
vt 0.9166667 1.0000000
vt 0.9166667 0.0000000
vt 0.9330127 0.7500000
vt 0.9330127 0.2500000
vt 0.5000000 0.5000000
vt 0.5000000 0.5000000
vt 0.0000000 1.0000000
vt 0.0000000 0.0000000
vt 1.0000000 0.5000000
vt 1.0000000 0.5000000
vt 0.0625000 1.0000000
vt 0.0625000 0.0000000
vt 0.9619398 0.3086583
vt 0.9619398 0.6913417
vt 0.1250000 1.0000000
vt 0.1250000 0.0000000
vt 0.8535534 0.1464466
vt 0.8535534 0.8535534
vt 0.1875000 1.0000000
vt 0.1875000 0.0000000
vt 0.6913417 0.0380602
vt 0.6913417 0.9619398
vt 0.2500000 1.0000000
vt 0.2500000 0.0000000
vt 0.5000000 0.0000000
vt 0.5000000 1.0000000
vt 0.3125000 1.0000000
vt 0.3125000 0.0000000
vt 0.3086583 0.0380602
vt 0.3086583 0.9619398
vt 0.3750000 1.0000000
vt 0.3750000 0.0000000
vt 0.1464466 0.1464466
vt 0.1464466 0.8535534
vt 0.4375000 1.0000000
vt 0.4375000 0.0000000
vt 0.0380602 0.3086583
vt 0.0380602 0.6913417
vt 0.5000000 1.0000000
vt 0.5000000 0.0000000
vt 0.0000000 0.5000000
vt 0.0000000 0.5000000
vt 0.5625000 1.0000000
vt 0.5625000 0.0000000
vt 0.0380602 0.6913417
vt 0.0380602 0.3086583
vt 0.6250000 1.0000000
vt 0.6250000 0.0000000
vt 0.1464466 0.8535534
vt 0.1464466 0.1464466
vt 0.6875000 1.0000000
vt 0.6875000 0.0000000
vt 0.3086583 0.9619398
vt 0.3086583 0.0380602
vt 0.7500000 1.0000000
vt 0.7500000 0.0000000
vt 0.5000000 1.0000000
vt 0.5000000 0.0000000
vt 0.8125000 1.0000000
vt 0.8125000 0.0000000
vt 0.6913417 0.9619398
vt 0.6913417 0.0380602
vt 0.8750000 1.0000000
vt 0.8750000 0.0000000
vt 0.8535534 0.8535534
vt 0.8535534 0.1464466
vt 0.9375000 1.0000000
vt 0.9375000 0.0000000
vt 0.9619398 0.6913417
vt 0.9619398 0.3086583
vt 0.5000000 0.5000000
vt 0.5000000 0.5000000
vt 0.0000000 1.0000000
vt 0.0000000 0.0000000
vt 1.0000000 0.5000000
vt 1.0000000 0.5000000
vt 0.0625000 1.0000000
vt 0.0625000 0.0000000
vt 0.9619398 0.3086583
vt 0.9619398 0.6913417
vt 0.1250000 1.0000000
vt 0.1250000 0.0000000
vt 0.8535534 0.1464466
vt 0.8535534 0.8535534
vt 0.1875000 1.0000000
vt 0.1875000 0.0000000
vt 0.6913417 0.0380602
vt 0.6913417 0.9619398
vt 0.2500000 1.0000000
vt 0.2500000 0.0000000
vt 0.5000000 0.0000000
vt 0.5000000 1.0000000
vt 0.3125000 1.0000000
vt 0.3125000 0.0000000
vt 0.3086583 0.0380602
vt 0.3086583 0.9619398
vt 0.3750000 1.0000000
vt 0.3750000 0.0000000
vt 0.1464466 0.1464466
vt 0.1464466 0.8535534
vt 0.4375000 1.0000000
vt 0.4375000 0.0000000
vt 0.0380602 0.3086583
vt 0.0380602 0.6913417
vt 0.5000000 1.0000000
vt 0.5000000 0.0000000
vt 0.0000000 0.5000000
vt 0.0000000 0.5000000
vt 0.5625000 1.0000000
vt 0.5625000 0.0000000
vt 0.0380602 0.6913417
vt 0.0380602 0.3086583
vt 0.6250000 1.0000000
vt 0.6250000 0.0000000
vt 0.1464466 0.8535534
vt 0.1464466 0.1464466
vt 0.6875000 1.0000000
vt 0.6875000 0.0000000
vt 0.3086583 0.9619398
vt 0.3086583 0.0380602
vt 0.7500000 1.0000000
vt 0.7500000 0.0000000
vt 0.5000000 1.0000000
vt 0.5000000 0.0000000
vt 0.8125000 1.0000000
vt 0.8125000 0.0000000
vt 0.6913417 0.9619398
vt 0.6913417 0.0380602
vt 0.8750000 1.0000000
vt 0.8750000 0.0000000
vt 0.8535534 0.8535534
vt 0.8535534 0.1464466
vt 0.9375000 1.0000000
vt 0.9375000 0.0000000
vt 0.9619398 0.6913417
vt 0.9619398 0.3086583
vt 0.0000000 1.0000000
vt 1.0000000 1.0000000
vt 1.0000000 0.0000000
vt 0.0000000 0.0000000
vt 0.0000000 1.0000000
vt 1.0000000 1.0000000
vt 1.0000000 0.0000000
vt 0.0000000 0.0000000
vt 0.0000000 1.0000000
vt 1.0000000 1.0000000
vt 1.0000000 0.0000000
vt 0.0000000 0.0000000
vt 0.0000000 1.0000000
vt 1.0000000 1.0000000
vt 1.0000000 0.0000000
vt 0.0000000 0.0000000
vt 0.0000000 1.0000000
vt 1.0000000 1.0000000
vt 1.0000000 0.0000000
vt 0.0000000 0.0000000
vt 0.0000000 1.0000000
vt 1.0000000 1.0000000
vt 1.0000000 0.0000000
vt 0.0000000 0.0000000
vt 0.0000000 1.0000000
vt 1.0000000 1.0000000
vt 1.0000000 0.0000000
vt 0.0000000 0.0000000
vt 0.0000000 1.0000000
vt 1.0000000 1.0000000
vt 1.0000000 0.0000000
vt 0.0000000 0.0000000
vt 0.0000000 1.0000000
vt 1.0000000 1.0000000
vt 1.0000000 0.0000000
vt 0.0000000 0.0000000
vt 0.0000000 1.0000000
vt 1.0000000 1.0000000
vt 1.0000000 0.0000000
vt 0.0000000 0.0000000
vt 0.0000000 1.0000000
vt 1.0000000 1.0000000
vt 1.0000000 0.0000000
vt 0.0000000 0.0000000
vt 0.0000000 1.0000000
vt 1.0000000 1.0000000
vt 1.0000000 0.0000000
vt 0.0000000 0.0000000
vt 0.0000000 1.0000000
vt 1.0000000 1.0000000
vt 1.0000000 0.0000000
vt 0.0000000 0.0000000
vt 0.0000000 1.0000000
vt 1.0000000 1.0000000
vt 1.0000000 0.0000000
vt 0.0000000 0.0000000
vt 0.0000000 1.0000000
vt 1.0000000 1.0000000
vt 1.0000000 0.0000000
vt 0.0000000 0.0000000
vt 0.0000000 1.0000000
vt 1.0000000 1.0000000
vt 1.0000000 0.0000000
vt 0.0000000 0.0000000
vt 0.0000000 1.0000000
vt 1.0000000 1.0000000
vt 1.0000000 0.0000000
vt 0.0000000 0.0000000
vt 0.0000000 1.0000000
vt 1.0000000 1.0000000
vt 1.0000000 0.0000000
vt 0.0000000 0.0000000
vt 0.5000000 1.0000000
vt 0.5000000 0.0000000
vt 0.0000000 0.5000000
vt 0.2000000 0.5000000
vt 0.4000000 0.5000000
vt 0.6000000 0.5000000
vt 0.8000000 0.5000000
vt 0.0000000 1.0000000
vt 1.0000000 1.0000000
vt 1.0000000 0.0000000
vt 0.0000000 0.0000000
vt 0.0000000 1.0000000
vt 1.0000000 1.0000000
vt 1.0000000 0.0000000
vt 0.0000000 0.0000000
vt 0.0000000 1.0000000
vt 1.0000000 1.0000000
vt 1.0000000 0.0000000
vt 0.0000000 0.0000000
vt 0.0000000 1.0000000
vt 1.0000000 1.0000000
vt 1.0000000 0.0000000
vt 0.0000000 0.0000000
vt 0.0000000 1.0000000
vt 1.0000000 1.0000000
vt 1.0000000 0.0000000
vt 0.0000000 0.0000000
vt 0.0000000 1.0000000
vt 1.0000000 1.0000000
vt 1.0000000 0.0000000
vt 0.0000000 0.0000000
vt 0.0000000 1.0000000
vt 1.0000000 1.0000000
vt 1.0000000 0.0000000
vt 0.0000000 0.0000000
vt 0.0000000 1.0000000
vt 1.0000000 1.0000000
vt 1.0000000 0.0000000
vt 0.0000000 0.0000000
vt 0.0000000 1.0000000
vt 1.0000000 1.0000000
vt 1.0000000 0.0000000
vt 0.0000000 0.0000000
vt 0.0000000 1.0000000
vt 1.0000000 1.0000000
vt 1.0000000 0.0000000
vt 0.0000000 0.0000000
vt 0.0000000 1.0000000
vt 1.0000000 1.0000000
vt 1.0000000 0.0000000
vt 0.0000000 0.0000000
vt 0.0000000 1.0000000
vt 1.0000000 1.0000000
vt 1.0000000 0.0000000
vt 0.0000000 0.0000000
vt 0.0000000 1.0000000
vt 1.0000000 1.0000000
vt 1.0000000 0.0000000
vt 0.0000000 0.0000000
vt 0.0000000 1.0000000
vt 1.0000000 1.0000000
vt 1.0000000 0.0000000
vt 0.0000000 0.0000000
vt 0.0000000 1.0000000
vt 1.0000000 1.0000000
vt 1.0000000 0.0000000
vt 0.0000000 0.0000000
vt 0.0000000 1.0000000
vt 1.0000000 1.0000000
vt 1.0000000 0.0000000
vt 0.0000000 0.0000000
vt 0.0000000 1.0000000
vt 1.0000000 1.0000000
vt 1.0000000 0.0000000
vt 0.0000000 0.0000000
vt 0.0000000 1.0000000
vt 1.0000000 1.0000000
vt 1.0000000 0.0000000
vt 0.0000000 0.0000000
vt 0.5000000 1.0000000
vt 0.5000000 0.0000000
vt 0.0000000 0.5000000
vt 0.2000000 0.5000000
vt 0.4000000 0.5000000
vt 0.6000000 0.5000000
vt 0.8000000 0.5000000
vt 0.0000000 1.0000000
vt 1.0000000 1.0000000
vt 1.0000000 0.0000000
vt 0.0000000 0.0000000
vt 0.0000000 1.0000000
vt 1.0000000 1.0000000
vt 1.0000000 0.0000000
vt 0.0000000 0.0000000
vt 0.0000000 1.0000000
vt 1.0000000 1.0000000
vt 1.0000000 0.0000000
vt 0.0000000 0.0000000
vt 0.0000000 1.0000000
vt 1.0000000 1.0000000
vt 1.0000000 0.0000000
vt 0.0000000 0.0000000
vt 0.0000000 1.0000000
vt 1.0000000 1.0000000
vt 1.0000000 0.0000000
vt 0.0000000 0.0000000
vt 0.0000000 1.0000000
vt 1.0000000 1.0000000
vt 1.0000000 0.0000000
vt 0.0000000 0.0000000
vt 0.0000000 1.0000000
vt 1.0000000 1.0000000
vt 1.0000000 0.0000000
vt 0.0000000 0.0000000
vt 0.0000000 1.0000000
vt 1.0000000 1.0000000
vt 1.0000000 0.0000000
vt 0.0000000 0.0000000
vt 0.0000000 1.0000000
vt 1.0000000 1.0000000
vt 1.0000000 0.0000000
vt 0.0000000 0.0000000
vt 0.0000000 1.0000000
vt 1.0000000 1.0000000
vt 1.0000000 0.0000000
vt 0.0000000 0.0000000
vt 0.0000000 1.0000000
vt 1.0000000 1.0000000
vt 1.0000000 0.0000000
vt 0.0000000 0.0000000
vt 0.0000000 1.0000000
vt 1.0000000 1.0000000
vt 1.0000000 0.0000000
vt 0.0000000 0.0000000
vt 0.0000000 1.0000000
vt 1.0000000 1.0000000
vt 1.0000000 0.0000000
vt 0.0000000 0.0000000
vt 0.0000000 1.0000000
vt 1.0000000 1.0000000
vt 1.0000000 0.0000000
vt 0.0000000 0.0000000
vt 0.0000000 1.0000000
vt 1.0000000 1.0000000
vt 1.0000000 0.0000000
vt 0.0000000 0.0000000
vt 0.0000000 1.0000000
vt 1.0000000 1.0000000
vt 1.0000000 0.0000000
vt 0.0000000 0.0000000
vt 0.0000000 1.0000000
vt 1.0000000 1.0000000
vt 1.0000000 0.0000000
vt 0.0000000 0.0000000
vt 0.0000000 1.0000000
vt 1.0000000 1.0000000
vt 1.0000000 0.0000000
vt 0.0000000 0.0000000
vt 0.5000000 1.0000000
vt 0.5000000 0.0000000
vt 0.0000000 0.5000000
vt 0.2000000 0.5000000
vt 0.4000000 0.5000000
vt 0.6000000 0.5000000
vt 0.8000000 0.5000000
vt 0.0000000 1.0000000
vt 1.0000000 1.0000000
vt 1.0000000 0.0000000
vt 0.0000000 0.0000000
vt 0.0000000 1.0000000
vt 1.0000000 1.0000000
vt 1.0000000 0.0000000
vt 0.0000000 0.0000000
vt 0.0000000 1.0000000
vt 1.0000000 1.0000000
vt 1.0000000 0.0000000
vt 0.0000000 0.0000000
vt 0.0000000 1.0000000
vt 1.0000000 1.0000000
vt 1.0000000 0.0000000
vt 0.0000000 0.0000000
vt 0.0000000 1.0000000
vt 1.0000000 1.0000000
vt 1.0000000 0.0000000
vt 0.0000000 0.0000000
vt 0.0000000 1.0000000
vt 1.0000000 1.0000000
vt 1.0000000 0.0000000
vt 0.0000000 0.0000000
vt 0.0000000 1.0000000
vt 1.0000000 1.0000000
vt 1.0000000 0.0000000
vt 0.0000000 0.0000000
vt 0.0000000 1.0000000
vt 1.0000000 1.0000000
vt 1.0000000 0.0000000
vt 0.0000000 0.0000000
vt 0.0000000 1.0000000
vt 1.0000000 1.0000000
vt 1.0000000 0.0000000
vt 0.0000000 0.0000000
vt 0.0000000 1.0000000
vt 1.0000000 1.0000000
vt 1.0000000 0.0000000
vt 0.0000000 0.0000000
vt 0.0000000 1.0000000
vt 1.0000000 1.0000000
vt 1.0000000 0.0000000
vt 0.0000000 0.0000000
vt 0.0000000 1.0000000
vt 1.0000000 1.0000000
vt 1.0000000 0.0000000
vt 0.0000000 0.0000000
vt 0.0000000 1.0000000
vt 1.0000000 1.0000000
vt 1.0000000 0.0000000
vt 0.0000000 0.0000000
vt 0.0000000 1.0000000
vt 1.0000000 1.0000000
vt 1.0000000 0.0000000
vt 0.0000000 0.0000000
vt 0.0000000 1.0000000
vt 1.0000000 1.0000000
vt 1.0000000 0.0000000
vt 0.0000000 0.0000000
vt 0.0000000 1.0000000
vt 1.0000000 1.0000000
vt 1.0000000 0.0000000
vt 0.0000000 0.0000000
vt 0.0000000 1.0000000
vt 1.0000000 1.0000000
vt 1.0000000 0.0000000
vt 0.0000000 0.0000000
vt 0.0000000 1.0000000
vt 1.0000000 1.0000000
vt 1.0000000 0.0000000
vt 0.0000000 0.0000000
vt 0.0000000 1.0000000
vt 1.0000000 1.0000000
vt 1.0000000 0.0000000
vt 0.0000000 0.0000000
vt 0.0000000 1.0000000
vt 1.0000000 1.0000000
vt 1.0000000 0.0000000
vt 0.0000000 0.0000000
vt 0.0000000 1.0000000
vt 1.0000000 1.0000000
vt 1.0000000 0.0000000
vt 0.0000000 0.0000000
vt 0.0000000 1.0000000
vt 1.0000000 1.0000000
vt 1.0000000 0.0000000
vt 0.0000000 0.0000000
vt 0.0000000 1.0000000
vt 1.0000000 1.0000000
vt 1.0000000 0.0000000
vt 0.0000000 0.0000000
vt 0.0000000 1.0000000
vt 1.0000000 1.0000000
vt 1.0000000 0.0000000
vt 0.0000000 0.0000000
vt 0.0000000 1.0000000
vt 1.0000000 1.0000000
vt 1.0000000 0.0000000
vt 0.0000000 0.0000000
vt 0.0000000 1.0000000
vt 1.0000000 1.0000000
vt 1.0000000 0.0000000
vt 0.0000000 0.0000000
vt 0.0000000 1.0000000
vt 1.0000000 1.0000000
vt 1.0000000 0.0000000
vt 0.0000000 0.0000000
vt 0.0000000 1.0000000
vt 1.0000000 1.0000000
vt 1.0000000 0.0000000
vt 0.0000000 0.0000000
vt 0.0000000 1.0000000
vt 1.0000000 1.0000000
vt 1.0000000 0.0000000
vt 0.0000000 0.0000000
vt 0.0000000 1.0000000
vt 1.0000000 1.0000000
vt 1.0000000 0.0000000
vt 0.0000000 0.0000000
vn 0.0000000 1.0000000 0.0000000
vn 0.0000000 -1.0000000 0.0000000
vn 0.3001704 -0.9538856 0.0000000
vn 0.3001704 -0.9538856 0.0000000
vn 0.0000000 1.0000000 0.0000000
vn 0.0000000 -1.0000000 0.0000000
vn 0.2581592 -0.9472954 0.1896978
vn 0.2581592 -0.9472954 0.1896978
vn 0.0000000 1.0000000 0.0000000
vn 0.0000000 -1.0000000 0.0000000
vn 0.1470374 -0.9345146 0.3241333
vn 0.1470374 -0.9345146 0.3241333
vn 0.0000000 1.0000000 0.0000000
vn 0.0000000 -1.0000000 0.0000000
vn 0.0000000 -0.9283152 0.3717941
vn 0.0000000 -0.9283152 0.3717941
vn 0.0000000 1.0000000 0.0000000
vn 0.0000000 -1.0000000 0.0000000
vn -0.1470374 -0.9345146 0.3241333
vn -0.1470374 -0.9345146 0.3241333
vn 0.0000000 1.0000000 0.0000000
vn 0.0000000 -1.0000000 0.0000000
vn -0.2581592 -0.9472954 0.1896978
vn -0.2581592 -0.9472954 0.1896978
vn 0.0000000 1.0000000 0.0000000
vn 0.0000000 -1.0000000 0.0000000
vn -0.3001704 -0.9538856 0.0000000
vn -0.3001704 -0.9538856 0.0000000
vn 0.0000000 1.0000000 0.0000000
vn 0.0000000 -1.0000000 0.0000000
vn -0.2581592 -0.9472954 -0.1896978
vn -0.2581592 -0.9472954 -0.1896978
vn 0.0000000 1.0000000 0.0000000
vn 0.0000000 -1.0000000 0.0000000
vn -0.1470374 -0.9345146 -0.3241333
vn -0.1470374 -0.9345146 -0.3241333
vn 0.0000000 1.0000000 0.0000000
vn 0.0000000 -1.0000000 0.0000000
vn -0.0000000 -0.9283152 -0.3717941
vn -0.0000000 -0.9283152 -0.3717941
vn 0.0000000 1.0000000 0.0000000
vn 0.0000000 -1.0000000 0.0000000
vn 0.1470374 -0.9345146 -0.3241333
vn 0.1470374 -0.9345146 -0.3241333
vn 0.0000000 1.0000000 0.0000000
vn 0.0000000 -1.0000000 0.0000000
vn 0.2581592 -0.9472954 -0.1896978
vn 0.2581592 -0.9472954 -0.1896978
vn 0.0000000 1.0000000 0.0000000
vn 0.0000000 -1.0000000 0.0000000
vn 0.0000000 1.0000000 0.0000000
vn 0.0000000 -1.0000000 0.0000000
vn 0.5315383 -0.8470343 0.0000000
vn 0.5315383 -0.8470343 0.0000000
vn 0.0000000 1.0000000 0.0000000
vn 0.0000000 -1.0000000 0.0000000
vn 0.3715479 -0.7729069 0.5143609
vn 0.3715479 -0.7729069 0.5143609
vn 0.0000000 1.0000000 0.0000000
vn 0.0000000 -1.0000000 0.0000000
vn 0.0760808 -0.6981862 0.7118622
vn 0.0760808 -0.6981862 0.7118622
vn 0.0000000 1.0000000 0.0000000
vn 0.0000000 -1.0000000 0.0000000
vn -0.2274874 -0.7250264 0.6500663
vn -0.2274874 -0.7250264 0.6500663
vn 0.0000000 1.0000000 0.0000000
vn 0.0000000 -1.0000000 0.0000000
vn -0.4858490 -0.8239140 0.2917473
vn -0.4858490 -0.8239140 0.2917473
vn 0.0000000 1.0000000 0.0000000
vn 0.0000000 -1.0000000 0.0000000
vn -0.4858490 -0.8239140 -0.2917473
vn -0.4858490 -0.8239140 -0.2917473
vn 0.0000000 1.0000000 0.0000000
vn 0.0000000 -1.0000000 0.0000000
vn -0.2274874 -0.7250264 -0.6500663
vn -0.2274874 -0.7250264 -0.6500663
vn 0.0000000 1.0000000 0.0000000
vn 0.0000000 -1.0000000 0.0000000
vn 0.0760808 -0.6981862 -0.7118622
vn 0.0760808 -0.6981862 -0.7118622
vn 0.0000000 1.0000000 0.0000000
vn 0.0000000 -1.0000000 0.0000000
vn 0.3715479 -0.7729069 -0.5143609
vn 0.3715479 -0.7729069 -0.5143609
vn 0.0000000 1.0000000 0.0000000
vn 0.0000000 -1.0000000 0.0000000
vn 0.0000000 1.0000000 0.0000000
vn 0.0000000 -1.0000000 0.0000000
vn 0.5794851 -0.8149829 0.0000000
vn 0.5794851 -0.8149829 0.0000000
vn 0.0000000 1.0000000 0.0000000
vn 0.0000000 -1.0000000 0.0000000
vn 0.4230160 -0.7766208 0.4668164
vn 0.4230160 -0.7766208 0.4668164
vn 0.0000000 1.0000000 0.0000000
vn 0.0000000 -1.0000000 0.0000000
vn 0.0904521 -0.7325791 0.6746453
vn 0.0904521 -0.7325791 0.6746453
vn 0.0000000 1.0000000 0.0000000
vn 0.0000000 -1.0000000 0.0000000
vn -0.2663060 -0.7490609 0.6066209
vn -0.2663060 -0.7490609 0.6066209
vn 0.0000000 1.0000000 0.0000000
vn 0.0000000 -1.0000000 0.0000000
vn -0.5368983 -0.8035491 0.2570003
vn -0.5368983 -0.8035491 0.2570003
vn 0.0000000 1.0000000 0.0000000
vn 0.0000000 -1.0000000 0.0000000
vn -0.5368983 -0.8035491 -0.2570003
vn -0.5368983 -0.8035491 -0.2570003
vn 0.0000000 1.0000000 0.0000000
vn 0.0000000 -1.0000000 0.0000000
vn -0.2663060 -0.7490609 -0.6066209
vn -0.2663060 -0.7490609 -0.6066209
vn 0.0000000 1.0000000 0.0000000
vn 0.0000000 -1.0000000 0.0000000
vn 0.0904521 -0.7325791 -0.6746453
vn 0.0904521 -0.7325791 -0.6746453
vn 0.0000000 1.0000000 0.0000000
vn 0.0000000 -1.0000000 0.0000000
vn 0.4230160 -0.7766208 -0.4668164
vn 0.4230160 -0.7766208 -0.4668164
vn 0.0000000 1.0000000 0.0000000
vn 0.0000000 -1.0000000 0.0000000
vn 0.0000000 1.0000000 0.0000000
vn 0.0000000 -1.0000000 0.0000000
vn 0.6408504 -0.7676658 0.0000000
vn 0.6408504 -0.7676658 0.0000000
vn 0.0000000 1.0000000 0.0000000
vn 0.0000000 -1.0000000 0.0000000
vn 0.4522757 -0.7072366 0.5433812
vn 0.4522757 -0.7072366 0.5433812
vn 0.0000000 1.0000000 0.0000000
vn 0.0000000 -1.0000000 0.0000000
vn 0.0934434 -0.6446054 0.7587834
vn 0.0934434 -0.6446054 0.7587834
vn 0.0000000 1.0000000 0.0000000
vn 0.0000000 -1.0000000 0.0000000
vn -0.2785306 -0.6672959 0.6907509
vn -0.2785306 -0.6672959 0.6907509
vn 0.0000000 1.0000000 0.0000000
vn 0.0000000 -1.0000000 0.0000000
vn -0.5875639 -0.7490051 0.3062026
vn -0.5875639 -0.7490051 0.3062026
vn 0.0000000 1.0000000 0.0000000
vn 0.0000000 -1.0000000 0.0000000
vn -0.5875639 -0.7490051 -0.3062026
vn -0.5875639 -0.7490051 -0.3062026
vn 0.0000000 1.0000000 0.0000000
vn 0.0000000 -1.0000000 0.0000000
vn -0.2785306 -0.6672959 -0.6907509
vn -0.2785306 -0.6672959 -0.6907509
vn 0.0000000 1.0000000 0.0000000
vn 0.0000000 -1.0000000 0.0000000
vn 0.0934434 -0.6446054 -0.7587834
vn 0.0934434 -0.6446054 -0.7587834
vn 0.0000000 1.0000000 0.0000000
vn 0.0000000 -1.0000000 0.0000000
vn 0.4522757 -0.7072366 -0.5433812
vn 0.4522757 -0.7072366 -0.5433812
vn 0.0000000 1.0000000 0.0000000
vn 0.0000000 -1.0000000 0.0000000
vn 0.0000000 1.0000000 0.0000000
vn 0.0000000 -1.0000000 0.0000000
vn 0.1290655 -0.9916361 0.0000000
vn 0.1290655 -0.9916361 0.0000000
vn 0.0000000 1.0000000 0.0000000
vn 0.0000000 -1.0000000 0.0000000
vn 0.1116300 -0.9903587 0.0820268
vn 0.1116300 -0.9903587 0.0820268
vn 0.0000000 1.0000000 0.0000000
vn 0.0000000 -1.0000000 0.0000000
vn 0.0642843 -0.9878187 0.1417102
vn 0.0642843 -0.9878187 0.1417102
vn 0.0000000 1.0000000 0.0000000
vn 0.0000000 -1.0000000 0.0000000
vn 0.0000000 -0.9865560 0.1634237
vn 0.0000000 -0.9865560 0.1634237
vn 0.0000000 1.0000000 0.0000000
vn 0.0000000 -1.0000000 0.0000000
vn -0.0642843 -0.9878187 0.1417102
vn -0.0642843 -0.9878187 0.1417102
vn 0.0000000 1.0000000 0.0000000
vn 0.0000000 -1.0000000 0.0000000
vn -0.1116300 -0.9903587 0.0820268
vn -0.1116300 -0.9903587 0.0820268
vn 0.0000000 1.0000000 0.0000000
vn 0.0000000 -1.0000000 0.0000000
vn -0.1290655 -0.9916361 0.0000000
vn -0.1290655 -0.9916361 0.0000000
vn 0.0000000 1.0000000 0.0000000
vn 0.0000000 -1.0000000 0.0000000
vn -0.1116300 -0.9903587 -0.0820268
vn -0.1116300 -0.9903587 -0.0820268
vn 0.0000000 1.0000000 0.0000000
vn 0.0000000 -1.0000000 0.0000000
vn -0.0642843 -0.9878187 -0.1417102
vn -0.0642843 -0.9878187 -0.1417102
vn 0.0000000 1.0000000 0.0000000
vn 0.0000000 -1.0000000 0.0000000
vn -0.0000000 -0.9865560 -0.1634237
vn -0.0000000 -0.9865560 -0.1634237
vn 0.0000000 1.0000000 0.0000000
vn 0.0000000 -1.0000000 0.0000000
vn 0.0642843 -0.9878187 -0.1417102
vn 0.0642843 -0.9878187 -0.1417102
vn 0.0000000 1.0000000 0.0000000
vn 0.0000000 -1.0000000 0.0000000
vn 0.1116300 -0.9903587 -0.0820268
vn 0.1116300 -0.9903587 -0.0820268
vn 0.0000000 1.0000000 0.0000000
vn 0.0000000 -1.0000000 0.0000000
vn 0.0000000 1.0000000 0.0000000
vn 0.0000000 -1.0000000 0.0000000
vn 1.0000000 0.0000000 0.0000000
vn 1.0000000 0.0000000 0.0000000
vn 0.0000000 1.0000000 0.0000000
vn 0.0000000 -1.0000000 0.0000000
vn 0.8846026 0.0000000 0.4663456
vn 0.8846026 0.0000000 0.4663456
vn 0.0000000 1.0000000 0.0000000
vn 0.0000000 -1.0000000 0.0000000
vn 0.6178216 0.0000000 0.7863183
vn 0.6178216 0.0000000 0.7863183
vn 0.0000000 1.0000000 0.0000000
vn 0.0000000 -1.0000000 0.0000000
vn 0.3094761 0.0000000 0.9509072
vn 0.3094761 0.0000000 0.9509072
vn 0.0000000 1.0000000 0.0000000
vn 0.0000000 -1.0000000 0.0000000
vn 0.0000000 0.0000000 1.0000000
vn 0.0000000 0.0000000 1.0000000
vn 0.0000000 1.0000000 0.0000000
vn 0.0000000 -1.0000000 0.0000000
vn -0.3094761 0.0000000 0.9509072
vn -0.3094761 0.0000000 0.9509072
vn 0.0000000 1.0000000 0.0000000
vn 0.0000000 -1.0000000 0.0000000
vn -0.6178216 0.0000000 0.7863183
vn -0.6178216 0.0000000 0.7863183
vn 0.0000000 1.0000000 0.0000000
vn 0.0000000 -1.0000000 0.0000000
vn -0.8846026 0.0000000 0.4663456
vn -0.8846026 0.0000000 0.4663456
vn 0.0000000 1.0000000 0.0000000
vn 0.0000000 -1.0000000 0.0000000
vn -1.0000000 0.0000000 0.0000000
vn -1.0000000 0.0000000 0.0000000
vn 0.0000000 1.0000000 0.0000000
vn 0.0000000 -1.0000000 0.0000000
vn -0.8846026 0.0000000 -0.4663456
vn -0.8846026 0.0000000 -0.4663456
vn 0.0000000 1.0000000 0.0000000
vn 0.0000000 -1.0000000 0.0000000
vn -0.6178216 0.0000000 -0.7863183
vn -0.6178216 0.0000000 -0.7863183
vn 0.0000000 1.0000000 0.0000000
vn 0.0000000 -1.0000000 0.0000000
vn -0.3094761 0.0000000 -0.9509072
vn -0.3094761 0.0000000 -0.9509072
vn 0.0000000 1.0000000 0.0000000
vn 0.0000000 -1.0000000 0.0000000
vn -0.0000000 0.0000000 -1.0000000
vn -0.0000000 0.0000000 -1.0000000
vn 0.0000000 1.0000000 0.0000000
vn 0.0000000 -1.0000000 0.0000000
vn 0.3094761 0.0000000 -0.9509072
vn 0.3094761 0.0000000 -0.9509072
vn 0.0000000 1.0000000 0.0000000
vn 0.0000000 -1.0000000 0.0000000
vn 0.6178216 0.0000000 -0.7863183
vn 0.6178216 0.0000000 -0.7863183
vn 0.0000000 1.0000000 0.0000000
vn 0.0000000 -1.0000000 0.0000000
vn 0.8846026 0.0000000 -0.4663456
vn 0.8846026 0.0000000 -0.4663456
vn 0.0000000 1.0000000 0.0000000
vn 0.0000000 -1.0000000 0.0000000
vn 0.0000000 1.0000000 0.0000000
vn 0.0000000 -1.0000000 0.0000000
vn 1.0000000 0.0000000 0.0000000
vn 1.0000000 0.0000000 0.0000000
vn 0.0000000 1.0000000 0.0000000
vn 0.0000000 -1.0000000 0.0000000
vn 0.8846026 0.0000000 0.4663456
vn 0.8846026 0.0000000 0.4663456
vn 0.0000000 1.0000000 0.0000000
vn 0.0000000 -1.0000000 0.0000000
vn 0.6178216 0.0000000 0.7863183
vn 0.6178216 0.0000000 0.7863183
vn 0.0000000 1.0000000 0.0000000
vn 0.0000000 -1.0000000 0.0000000
vn 0.3094761 0.0000000 0.9509072
vn 0.3094761 0.0000000 0.9509072
vn 0.0000000 1.0000000 0.0000000
vn 0.0000000 -1.0000000 0.0000000
vn 0.0000000 0.0000000 1.0000000
vn 0.0000000 0.0000000 1.0000000
vn 0.0000000 1.0000000 0.0000000
vn 0.0000000 -1.0000000 0.0000000
vn -0.3094761 0.0000000 0.9509072
vn -0.3094761 0.0000000 0.9509072
vn 0.0000000 1.0000000 0.0000000
vn 0.0000000 -1.0000000 0.0000000
vn -0.6178216 0.0000000 0.7863183
vn -0.6178216 0.0000000 0.7863183
vn 0.0000000 1.0000000 0.0000000
vn 0.0000000 -1.0000000 0.0000000
vn -0.8846026 0.0000000 0.4663456
vn -0.8846026 0.0000000 0.4663456
vn 0.0000000 1.0000000 0.0000000
vn 0.0000000 -1.0000000 0.0000000
vn -1.0000000 0.0000000 0.0000000
vn -1.0000000 0.0000000 0.0000000
vn 0.0000000 1.0000000 0.0000000
vn 0.0000000 -1.0000000 0.0000000
vn -0.8846026 0.0000000 -0.4663456
vn -0.8846026 0.0000000 -0.4663456
vn 0.0000000 1.0000000 0.0000000
vn 0.0000000 -1.0000000 0.0000000
vn -0.6178216 0.0000000 -0.7863183
vn -0.6178216 0.0000000 -0.7863183
vn 0.0000000 1.0000000 0.0000000
vn 0.0000000 -1.0000000 0.0000000
vn -0.3094761 0.0000000 -0.9509072
vn -0.3094761 0.0000000 -0.9509072
vn 0.0000000 1.0000000 0.0000000
vn 0.0000000 -1.0000000 0.0000000
vn -0.0000000 0.0000000 -1.0000000
vn -0.0000000 0.0000000 -1.0000000
vn 0.0000000 1.0000000 0.0000000
vn 0.0000000 -1.0000000 0.0000000
vn 0.3094761 0.0000000 -0.9509072
vn 0.3094761 0.0000000 -0.9509072
vn 0.0000000 1.0000000 0.0000000
vn 0.0000000 -1.0000000 0.0000000
vn 0.6178216 0.0000000 -0.7863183
vn 0.6178216 0.0000000 -0.7863183
vn 0.0000000 1.0000000 0.0000000
vn 0.0000000 -1.0000000 0.0000000
vn 0.8846026 0.0000000 -0.4663456
vn 0.8846026 0.0000000 -0.4663456
vn 0.0000000 1.0000000 0.0000000
vn 0.0000000 -1.0000000 0.0000000
vn 0.0000000 0.0000000 1.0000000
vn 0.0000000 0.0000000 1.0000000
vn 0.0000000 0.0000000 1.0000000
vn 0.0000000 0.0000000 1.0000000
vn 0.0000000 0.0000000 -1.0000000
vn 0.0000000 0.0000000 -1.0000000
vn 0.0000000 0.0000000 -1.0000000
vn 0.0000000 0.0000000 -1.0000000
vn 1.0000000 0.0000000 0.0000000
vn 1.0000000 0.0000000 0.0000000
vn 1.0000000 0.0000000 0.0000000
vn 1.0000000 0.0000000 0.0000000
vn -1.0000000 0.0000000 0.0000000
vn -1.0000000 0.0000000 0.0000000
vn -1.0000000 0.0000000 0.0000000
vn -1.0000000 0.0000000 0.0000000
vn 0.0000000 1.0000000 0.0000000
vn 0.0000000 1.0000000 0.0000000
vn 0.0000000 1.0000000 0.0000000
vn 0.0000000 1.0000000 0.0000000
vn 0.0000000 -1.0000000 0.0000000
vn 0.0000000 -1.0000000 0.0000000
vn 0.0000000 -1.0000000 0.0000000
vn 0.0000000 -1.0000000 0.0000000
vn 0.0000000 0.0000000 1.0000000
vn 0.0000000 0.0000000 1.0000000
vn 0.0000000 0.0000000 1.0000000
vn 0.0000000 0.0000000 1.0000000
vn 0.0000000 0.0000000 -1.0000000
vn 0.0000000 0.0000000 -1.0000000
vn 0.0000000 0.0000000 -1.0000000
vn 0.0000000 0.0000000 -1.0000000
vn 1.0000000 0.0000000 0.0000000
vn 1.0000000 0.0000000 0.0000000
vn 1.0000000 0.0000000 0.0000000
vn 1.0000000 0.0000000 0.0000000
vn -1.0000000 0.0000000 0.0000000
vn -1.0000000 0.0000000 0.0000000
vn -1.0000000 0.0000000 0.0000000
vn -1.0000000 0.0000000 0.0000000
vn 0.0000000 1.0000000 0.0000000
vn 0.0000000 1.0000000 0.0000000
vn 0.0000000 1.0000000 0.0000000
vn 0.0000000 1.0000000 0.0000000
vn 0.0000000 -1.0000000 0.0000000
vn 0.0000000 -1.0000000 0.0000000
vn 0.0000000 -1.0000000 0.0000000
vn 0.0000000 -1.0000000 0.0000000
vn 0.0000000 0.0000000 1.0000000
vn 0.0000000 0.0000000 1.0000000
vn 0.0000000 0.0000000 1.0000000
vn 0.0000000 0.0000000 1.0000000
vn 0.0000000 0.0000000 -1.0000000
vn 0.0000000 0.0000000 -1.0000000
vn 0.0000000 0.0000000 -1.0000000
vn 0.0000000 0.0000000 -1.0000000
vn 1.0000000 0.0000000 0.0000000
vn 1.0000000 0.0000000 0.0000000
vn 1.0000000 0.0000000 0.0000000
vn 1.0000000 0.0000000 0.0000000
vn -1.0000000 0.0000000 0.0000000
vn -1.0000000 0.0000000 0.0000000
vn -1.0000000 0.0000000 0.0000000
vn -1.0000000 0.0000000 0.0000000
vn 0.0000000 1.0000000 0.0000000
vn 0.0000000 1.0000000 0.0000000
vn 0.0000000 1.0000000 0.0000000
vn 0.0000000 1.0000000 0.0000000
vn 0.0000000 -1.0000000 0.0000000
vn 0.0000000 -1.0000000 0.0000000
vn 0.0000000 -1.0000000 0.0000000
vn 0.0000000 -1.0000000 0.0000000
vn 0.0000000 -1.0000000 0.0000000
vn 0.0000000 1.0000000 0.0000000
vn 1.0000000 0.0000000 0.0000000
vn 0.3090170 0.0000000 0.9510565
vn -0.8090170 0.0000000 0.5877853
vn -0.8090170 0.0000000 -0.5877853
vn 0.3090170 0.0000000 -0.9510565
vn 0.0000000 0.0000000 1.0000000
vn 0.0000000 0.0000000 1.0000000
vn 0.0000000 0.0000000 1.0000000
vn 0.0000000 0.0000000 1.0000000
vn 0.0000000 0.0000000 -1.0000000
vn 0.0000000 0.0000000 -1.0000000
vn 0.0000000 0.0000000 -1.0000000
vn 0.0000000 0.0000000 -1.0000000
vn 1.0000000 0.0000000 0.0000000
vn 1.0000000 0.0000000 0.0000000
vn 1.0000000 0.0000000 0.0000000
vn 1.0000000 0.0000000 0.0000000
vn -1.0000000 0.0000000 0.0000000
vn -1.0000000 0.0000000 0.0000000
vn -1.0000000 0.0000000 0.0000000
vn -1.0000000 0.0000000 0.0000000
vn 0.0000000 1.0000000 0.0000000
vn 0.0000000 1.0000000 0.0000000
vn 0.0000000 1.0000000 0.0000000
vn 0.0000000 1.0000000 0.0000000
vn 0.0000000 -1.0000000 0.0000000
vn 0.0000000 -1.0000000 0.0000000
vn 0.0000000 -1.0000000 0.0000000
vn 0.0000000 -1.0000000 0.0000000
vn 0.0000000 1.0000000 0.0000000
vn 0.0000000 -1.0000000 0.0000000
vn 0.1638024 -0.9864932 0.0000000
vn 0.1638024 -0.9864932 0.0000000
vn 0.0000000 1.0000000 0.0000000
vn 0.0000000 -1.0000000 0.0000000
vn 0.1414195 -0.9834500 0.1132545
vn 0.1414195 -0.9834500 0.1132545
vn 0.0000000 1.0000000 0.0000000
vn 0.0000000 -1.0000000 0.0000000
vn 0.0811502 -0.9774473 0.1949652
vn 0.0811502 -0.9774473 0.1949652
vn 0.0000000 1.0000000 0.0000000
vn 0.0000000 -1.0000000 0.0000000
vn 0.0000000 -0.9744869 0.2244445
vn 0.0000000 -0.9744869 0.2244445
vn 0.0000000 1.0000000 0.0000000
vn 0.0000000 -1.0000000 0.0000000
vn -0.0811502 -0.9774473 0.1949652
vn -0.0811502 -0.9774473 0.1949652
vn 0.0000000 1.0000000 0.0000000
vn 0.0000000 -1.0000000 0.0000000
vn -0.1414195 -0.9834500 0.1132545
vn -0.1414195 -0.9834500 0.1132545
vn 0.0000000 1.0000000 0.0000000
vn 0.0000000 -1.0000000 0.0000000
vn -0.1638024 -0.9864932 0.0000000
vn -0.1638024 -0.9864932 0.0000000
vn 0.0000000 1.0000000 0.0000000
vn 0.0000000 -1.0000000 0.0000000
vn -0.1414195 -0.9834500 -0.1132545
vn -0.1414195 -0.9834500 -0.1132545
vn 0.0000000 1.0000000 0.0000000
vn 0.0000000 -1.0000000 0.0000000
vn -0.0811502 -0.9774473 -0.1949652
vn -0.0811502 -0.9774473 -0.1949652
vn 0.0000000 1.0000000 0.0000000
vn 0.0000000 -1.0000000 0.0000000
vn -0.0000000 -0.9744869 -0.2244445
vn -0.0000000 -0.9744869 -0.2244445
vn 0.0000000 1.0000000 0.0000000
vn 0.0000000 -1.0000000 0.0000000
vn 0.0811502 -0.9774473 -0.1949652
vn 0.0811502 -0.9774473 -0.1949652
vn 0.0000000 1.0000000 0.0000000
vn 0.0000000 -1.0000000 0.0000000
vn 0.1414195 -0.9834500 -0.1132545
vn 0.1414195 -0.9834500 -0.1132545
vn 0.0000000 1.0000000 0.0000000
vn 0.0000000 -1.0000000 0.0000000
vn 0.0000000 1.0000000 0.0000000
vn 0.0000000 -1.0000000 0.0000000
vn 0.3143380 -0.9493111 0.0000000
vn 0.3143380 -0.9493111 0.0000000
vn 0.0000000 1.0000000 0.0000000
vn 0.0000000 -1.0000000 0.0000000
vn 0.2305181 -0.9087885 0.3478000
vn 0.2305181 -0.9087885 0.3478000
vn 0.0000000 1.0000000 0.0000000
vn 0.0000000 -1.0000000 0.0000000
vn 0.0495402 -0.8615880 0.5051850
vn 0.0495402 -0.8615880 0.5051850
vn 0.0000000 1.0000000 0.0000000
vn 0.0000000 -1.0000000 0.0000000
vn -0.1455837 -0.8793355 0.4534032
vn -0.1455837 -0.8793355 0.4534032
vn 0.0000000 1.0000000 0.0000000
vn 0.0000000 -1.0000000 0.0000000
vn -0.2916412 -0.9372919 0.1908648
vn -0.2916412 -0.9372919 0.1908648
vn 0.0000000 1.0000000 0.0000000
vn 0.0000000 -1.0000000 0.0000000
vn -0.2916412 -0.9372919 -0.1908648
vn -0.2916412 -0.9372919 -0.1908648
vn 0.0000000 1.0000000 0.0000000
vn 0.0000000 -1.0000000 0.0000000
vn -0.1455837 -0.8793355 -0.4534032
vn -0.1455837 -0.8793355 -0.4534032
vn 0.0000000 1.0000000 0.0000000
vn 0.0000000 -1.0000000 0.0000000
vn 0.0495402 -0.8615880 -0.5051850
vn 0.0495402 -0.8615880 -0.5051850
vn 0.0000000 1.0000000 0.0000000
vn 0.0000000 -1.0000000 0.0000000
vn 0.2305181 -0.9087885 -0.3478000
vn 0.2305181 -0.9087885 -0.3478000
vn 0.0000000 1.0000000 0.0000000
vn 0.0000000 -1.0000000 0.0000000
vn 0.0000000 1.0000000 0.0000000
vn 0.0000000 -1.0000000 0.0000000
vn 0.3512774 -0.9362714 0.0000000
vn 0.3512774 -0.9362714 0.0000000
vn 0.0000000 1.0000000 0.0000000
vn 0.0000000 -1.0000000 0.0000000
vn 0.2621400 -0.9120758 0.3152783
vn 0.2621400 -0.9120758 0.3152783
vn 0.0000000 1.0000000 0.0000000
vn 0.0000000 -1.0000000 0.0000000
vn 0.0574797 -0.8822584 0.4672431
vn 0.0574797 -0.8822584 0.4672431
vn 0.0000000 1.0000000 0.0000000
vn 0.0000000 -1.0000000 0.0000000
vn -0.1676490 -0.8936811 0.4162065
vn -0.1676490 -0.8936811 0.4162065
vn 0.0000000 1.0000000 0.0000000
vn 0.0000000 -1.0000000 0.0000000
vn -0.3276090 -0.9292265 0.1709106
vn -0.3276090 -0.9292265 0.1709106
vn 0.0000000 1.0000000 0.0000000
vn 0.0000000 -1.0000000 0.0000000
vn -0.3276090 -0.9292265 -0.1709106
vn -0.3276090 -0.9292265 -0.1709106
vn 0.0000000 1.0000000 0.0000000
vn 0.0000000 -1.0000000 0.0000000
vn -0.1676490 -0.8936811 -0.4162065
vn -0.1676490 -0.8936811 -0.4162065
vn 0.0000000 1.0000000 0.0000000
vn 0.0000000 -1.0000000 0.0000000
vn 0.0574797 -0.8822584 -0.4672431
vn 0.0574797 -0.8822584 -0.4672431
vn 0.0000000 1.0000000 0.0000000
vn 0.0000000 -1.0000000 0.0000000
vn 0.2621400 -0.9120758 -0.3152783
vn 0.2621400 -0.9120758 -0.3152783
vn 0.0000000 1.0000000 0.0000000
vn 0.0000000 -1.0000000 0.0000000
vn 0.0000000 1.0000000 0.0000000
vn 0.0000000 -1.0000000 0.0000000
vn 0.4031167 -0.9151486 0.0000000
vn 0.4031167 -0.9151486 0.0000000
vn 0.0000000 1.0000000 0.0000000
vn 0.0000000 -1.0000000 0.0000000
vn 0.2949231 -0.8740085 0.3861728
vn 0.2949231 -0.8740085 0.3861728
vn 0.0000000 1.0000000 0.0000000
vn 0.0000000 -1.0000000 0.0000000
vn 0.0632156 -0.8264468 0.5594546
vn 0.0632156 -0.8264468 0.5594546
vn 0.0000000 1.0000000 0.0000000
vn 0.0000000 -1.0000000 0.0000000
vn -0.1859512 -0.8442864 0.5025959
vn -0.1859512 -0.8442864 0.5025959
vn 0.0000000 1.0000000 0.0000000
vn 0.0000000 -1.0000000 0.0000000
vn -0.3737422 -0.9029155 0.2122742
vn -0.3737422 -0.9029155 0.2122742
vn 0.0000000 1.0000000 0.0000000
vn 0.0000000 -1.0000000 0.0000000
vn -0.3737422 -0.9029155 -0.2122742
vn -0.3737422 -0.9029155 -0.2122742
vn 0.0000000 1.0000000 0.0000000
vn 0.0000000 -1.0000000 0.0000000
vn -0.1859512 -0.8442864 -0.5025959
vn -0.1859512 -0.8442864 -0.5025959
vn 0.0000000 1.0000000 0.0000000
vn 0.0000000 -1.0000000 0.0000000
vn 0.0632156 -0.8264468 -0.5594546
vn 0.0632156 -0.8264468 -0.5594546
vn 0.0000000 1.0000000 0.0000000
vn 0.0000000 -1.0000000 0.0000000
vn 0.2949231 -0.8740085 -0.3861728
vn 0.2949231 -0.8740085 -0.3861728
vn 0.0000000 1.0000000 0.0000000
vn 0.0000000 -1.0000000 0.0000000
vn 0.0000000 1.0000000 0.0000000
vn 0.0000000 -1.0000000 0.0000000
vn 0.0551032 -0.9984807 0.0000000
vn 0.0551032 -0.9984807 0.0000000
vn 0.0000000 1.0000000 0.0000000
vn 0.0000000 -1.0000000 0.0000000
vn 0.0477040 -0.9981307 0.0382033
vn 0.0477040 -0.9981307 0.0382033
vn 0.0000000 1.0000000 0.0000000
vn 0.0000000 -1.0000000 0.0000000
vn 0.0275226 -0.9974318 0.0661238
vn 0.0275226 -0.9974318 0.0661238
vn 0.0000000 1.0000000 0.0000000
vn 0.0000000 -1.0000000 0.0000000
vn 0.0000000 -0.9970829 0.0763264
vn 0.0000000 -0.9970829 0.0763264
vn 0.0000000 1.0000000 0.0000000
vn 0.0000000 -1.0000000 0.0000000
vn -0.0275226 -0.9974318 0.0661238
vn -0.0275226 -0.9974318 0.0661238
vn 0.0000000 1.0000000 0.0000000
vn 0.0000000 -1.0000000 0.0000000
vn -0.0477040 -0.9981307 0.0382033
vn -0.0477040 -0.9981307 0.0382033
vn 0.0000000 1.0000000 0.0000000
vn 0.0000000 -1.0000000 0.0000000
vn -0.0551032 -0.9984807 0.0000000
vn -0.0551032 -0.9984807 0.0000000
vn 0.0000000 1.0000000 0.0000000
vn 0.0000000 -1.0000000 0.0000000
vn -0.0477040 -0.9981307 -0.0382033
vn -0.0477040 -0.9981307 -0.0382033
vn 0.0000000 1.0000000 0.0000000
vn 0.0000000 -1.0000000 0.0000000
vn -0.0275226 -0.9974318 -0.0661238
vn -0.0275226 -0.9974318 -0.0661238
vn 0.0000000 1.0000000 0.0000000
vn 0.0000000 -1.0000000 0.0000000
vn -0.0000000 -0.9970829 -0.0763264
vn -0.0000000 -0.9970829 -0.0763264
vn 0.0000000 1.0000000 0.0000000
vn 0.0000000 -1.0000000 0.0000000
vn 0.0275226 -0.9974318 -0.0661238
vn 0.0275226 -0.9974318 -0.0661238
vn 0.0000000 1.0000000 0.0000000
vn 0.0000000 -1.0000000 0.0000000
vn 0.0477040 -0.9981307 -0.0382033
vn 0.0477040 -0.9981307 -0.0382033
vn 0.0000000 1.0000000 0.0000000
vn 0.0000000 -1.0000000 0.0000000
vn 0.0000000 1.0000000 0.0000000
vn 0.0000000 -1.0000000 0.0000000
vn 1.0000000 0.0000000 0.0000000
vn 1.0000000 0.0000000 0.0000000
vn 0.0000000 1.0000000 0.0000000
vn 0.0000000 -1.0000000 0.0000000
vn 0.8670733 0.0000000 0.4981807
vn 0.8670733 0.0000000 0.4981807
vn 0.0000000 1.0000000 0.0000000
vn 0.0000000 -1.0000000 0.0000000
vn 0.5848016 0.0000000 0.8111764
vn 0.5848016 0.0000000 0.8111764
vn 0.0000000 1.0000000 0.0000000
vn 0.0000000 -1.0000000 0.0000000
vn 0.2861337 0.0000000 0.9581897
vn 0.2861337 0.0000000 0.9581897
vn 0.0000000 1.0000000 0.0000000
vn 0.0000000 -1.0000000 0.0000000
vn 0.0000000 0.0000000 1.0000000
vn 0.0000000 0.0000000 1.0000000
vn 0.0000000 1.0000000 0.0000000
vn 0.0000000 -1.0000000 0.0000000
vn -0.2861337 0.0000000 0.9581897
vn -0.2861337 0.0000000 0.9581897
vn 0.0000000 1.0000000 0.0000000
vn 0.0000000 -1.0000000 0.0000000
vn -0.5848016 0.0000000 0.8111764
vn -0.5848016 0.0000000 0.8111764
vn 0.0000000 1.0000000 0.0000000
vn 0.0000000 -1.0000000 0.0000000
vn -0.8670733 0.0000000 0.4981807
vn -0.8670733 0.0000000 0.4981807
vn 0.0000000 1.0000000 0.0000000
vn 0.0000000 -1.0000000 0.0000000
vn -1.0000000 0.0000000 0.0000000
vn -1.0000000 0.0000000 0.0000000
vn 0.0000000 1.0000000 0.0000000
vn 0.0000000 -1.0000000 0.0000000
vn -0.8670733 0.0000000 -0.4981807
vn -0.8670733 0.0000000 -0.4981807
vn 0.0000000 1.0000000 0.0000000
vn 0.0000000 -1.0000000 0.0000000
vn -0.5848016 0.0000000 -0.8111764
vn -0.5848016 0.0000000 -0.8111764
vn 0.0000000 1.0000000 0.0000000
vn 0.0000000 -1.0000000 0.0000000
vn -0.2861337 0.0000000 -0.9581897
vn -0.2861337 0.0000000 -0.9581897
vn 0.0000000 1.0000000 0.0000000
vn 0.0000000 -1.0000000 0.0000000
vn -0.0000000 0.0000000 -1.0000000
vn -0.0000000 0.0000000 -1.0000000
vn 0.0000000 1.0000000 0.0000000
vn 0.0000000 -1.0000000 0.0000000
vn 0.2861337 0.0000000 -0.9581897
vn 0.2861337 0.0000000 -0.9581897
vn 0.0000000 1.0000000 0.0000000
vn 0.0000000 -1.0000000 0.0000000
vn 0.5848016 0.0000000 -0.8111764
vn 0.5848016 0.0000000 -0.8111764
vn 0.0000000 1.0000000 0.0000000
vn 0.0000000 -1.0000000 0.0000000
vn 0.8670733 0.0000000 -0.4981807
vn 0.8670733 0.0000000 -0.4981807
vn 0.0000000 1.0000000 0.0000000
vn 0.0000000 -1.0000000 0.0000000
vn 0.0000000 1.0000000 0.0000000
vn 0.0000000 -1.0000000 0.0000000
vn 1.0000000 0.0000000 0.0000000
vn 1.0000000 0.0000000 0.0000000
vn 0.0000000 1.0000000 0.0000000
vn 0.0000000 -1.0000000 0.0000000
vn 0.8670733 0.0000000 0.4981807
vn 0.8670733 0.0000000 0.4981807
vn 0.0000000 1.0000000 0.0000000
vn 0.0000000 -1.0000000 0.0000000
vn 0.5848016 0.0000000 0.8111764
vn 0.5848016 0.0000000 0.8111764
vn 0.0000000 1.0000000 0.0000000
vn 0.0000000 -1.0000000 0.0000000
vn 0.2861337 0.0000000 0.9581897
vn 0.2861337 0.0000000 0.9581897
vn 0.0000000 1.0000000 0.0000000
vn 0.0000000 -1.0000000 0.0000000
vn 0.0000000 0.0000000 1.0000000
vn 0.0000000 0.0000000 1.0000000
vn 0.0000000 1.0000000 0.0000000
vn 0.0000000 -1.0000000 0.0000000
vn -0.2861337 0.0000000 0.9581897
vn -0.2861337 0.0000000 0.9581897
vn 0.0000000 1.0000000 0.0000000
vn 0.0000000 -1.0000000 0.0000000
vn -0.5848016 0.0000000 0.8111764
vn -0.5848016 0.0000000 0.8111764
vn 0.0000000 1.0000000 0.0000000
vn 0.0000000 -1.0000000 0.0000000
vn -0.8670733 0.0000000 0.4981807
vn -0.8670733 0.0000000 0.4981807
vn 0.0000000 1.0000000 0.0000000
vn 0.0000000 -1.0000000 0.0000000
vn -1.0000000 0.0000000 0.0000000
vn -1.0000000 0.0000000 0.0000000
vn 0.0000000 1.0000000 0.0000000
vn 0.0000000 -1.0000000 0.0000000
vn -0.8670733 0.0000000 -0.4981807
vn -0.8670733 0.0000000 -0.4981807
vn 0.0000000 1.0000000 0.0000000
vn 0.0000000 -1.0000000 0.0000000
vn -0.5848016 0.0000000 -0.8111764
vn -0.5848016 0.0000000 -0.8111764
vn 0.0000000 1.0000000 0.0000000
vn 0.0000000 -1.0000000 0.0000000
vn -0.2861337 0.0000000 -0.9581897
vn -0.2861337 0.0000000 -0.9581897
vn 0.0000000 1.0000000 0.0000000
vn 0.0000000 -1.0000000 0.0000000
vn -0.0000000 0.0000000 -1.0000000
vn -0.0000000 0.0000000 -1.0000000
vn 0.0000000 1.0000000 0.0000000
vn 0.0000000 -1.0000000 0.0000000
vn 0.2861337 0.0000000 -0.9581897
vn 0.2861337 0.0000000 -0.9581897
vn 0.0000000 1.0000000 0.0000000
vn 0.0000000 -1.0000000 0.0000000
vn 0.5848016 0.0000000 -0.8111764
vn 0.5848016 0.0000000 -0.8111764
vn 0.0000000 1.0000000 0.0000000
vn 0.0000000 -1.0000000 0.0000000
vn 0.8670733 0.0000000 -0.4981807
vn 0.8670733 0.0000000 -0.4981807
vn 0.0000000 1.0000000 0.0000000
vn 0.0000000 -1.0000000 0.0000000
vn 0.0000000 0.0000000 1.0000000
vn 0.0000000 0.0000000 1.0000000
vn 0.0000000 0.0000000 1.0000000
vn 0.0000000 0.0000000 1.0000000
vn 0.0000000 0.0000000 -1.0000000
vn 0.0000000 0.0000000 -1.0000000
vn 0.0000000 0.0000000 -1.0000000
vn 0.0000000 0.0000000 -1.0000000
vn 1.0000000 0.0000000 0.0000000
vn 1.0000000 0.0000000 0.0000000
vn 1.0000000 0.0000000 0.0000000
vn 1.0000000 0.0000000 0.0000000
vn -1.0000000 0.0000000 0.0000000
vn -1.0000000 0.0000000 0.0000000
vn -1.0000000 0.0000000 0.0000000
vn -1.0000000 0.0000000 0.0000000
vn 0.0000000 1.0000000 0.0000000
vn 0.0000000 1.0000000 0.0000000
vn 0.0000000 1.0000000 0.0000000
vn 0.0000000 1.0000000 0.0000000
vn 0.0000000 -1.0000000 0.0000000
vn 0.0000000 -1.0000000 0.0000000
vn 0.0000000 -1.0000000 0.0000000
vn 0.0000000 -1.0000000 0.0000000
vn 0.0000000 0.0000000 1.0000000
vn 0.0000000 0.0000000 1.0000000
vn 0.0000000 0.0000000 1.0000000
vn 0.0000000 0.0000000 1.0000000
vn 0.0000000 0.0000000 -1.0000000
vn 0.0000000 0.0000000 -1.0000000
vn 0.0000000 0.0000000 -1.0000000
vn 0.0000000 0.0000000 -1.0000000
vn 1.0000000 0.0000000 0.0000000
vn 1.0000000 0.0000000 0.0000000
vn 1.0000000 0.0000000 0.0000000
vn 1.0000000 0.0000000 0.0000000
vn -1.0000000 0.0000000 0.0000000
vn -1.0000000 0.0000000 0.0000000
vn -1.0000000 0.0000000 0.0000000
vn -1.0000000 0.0000000 0.0000000
vn 0.0000000 1.0000000 0.0000000
vn 0.0000000 1.0000000 0.0000000
vn 0.0000000 1.0000000 0.0000000
vn 0.0000000 1.0000000 0.0000000
vn 0.0000000 -1.0000000 0.0000000
vn 0.0000000 -1.0000000 0.0000000
vn 0.0000000 -1.0000000 0.0000000
vn 0.0000000 -1.0000000 0.0000000
vn 0.0000000 0.0000000 1.0000000
vn 0.0000000 0.0000000 1.0000000
vn 0.0000000 0.0000000 1.0000000
vn 0.0000000 0.0000000 1.0000000
vn 0.0000000 0.0000000 -1.0000000
vn 0.0000000 0.0000000 -1.0000000
vn 0.0000000 0.0000000 -1.0000000
vn 0.0000000 0.0000000 -1.0000000
vn 1.0000000 0.0000000 0.0000000
vn 1.0000000 0.0000000 0.0000000
vn 1.0000000 0.0000000 0.0000000
vn 1.0000000 0.0000000 0.0000000
vn -1.0000000 0.0000000 0.0000000
vn -1.0000000 0.0000000 0.0000000
vn -1.0000000 0.0000000 0.0000000
vn -1.0000000 0.0000000 0.0000000
vn 0.0000000 1.0000000 0.0000000
vn 0.0000000 1.0000000 0.0000000
vn 0.0000000 1.0000000 0.0000000
vn 0.0000000 1.0000000 0.0000000
vn 0.0000000 -1.0000000 0.0000000
vn 0.0000000 -1.0000000 0.0000000
vn 0.0000000 -1.0000000 0.0000000
vn 0.0000000 -1.0000000 0.0000000
vn 0.0000000 -1.0000000 0.0000000
vn 0.0000000 1.0000000 0.0000000
vn 1.0000000 0.0000000 0.0000000
vn 0.3090170 0.0000000 0.9510565
vn -0.8090170 0.0000000 0.5877853
vn -0.8090170 0.0000000 -0.5877853
vn 0.3090170 0.0000000 -0.9510565
vn 0.0000000 0.0000000 1.0000000
vn 0.0000000 0.0000000 1.0000000
vn 0.0000000 0.0000000 1.0000000
vn 0.0000000 0.0000000 1.0000000
vn 0.0000000 0.0000000 -1.0000000
vn 0.0000000 0.0000000 -1.0000000
vn 0.0000000 0.0000000 -1.0000000
vn 0.0000000 0.0000000 -1.0000000
vn 1.0000000 0.0000000 0.0000000
vn 1.0000000 0.0000000 0.0000000
vn 1.0000000 0.0000000 0.0000000
vn 1.0000000 0.0000000 0.0000000
vn -1.0000000 0.0000000 0.0000000
vn -1.0000000 0.0000000 0.0000000
vn -1.0000000 0.0000000 0.0000000
vn -1.0000000 0.0000000 0.0000000
vn 0.0000000 1.0000000 0.0000000
vn 0.0000000 1.0000000 0.0000000
vn 0.0000000 1.0000000 0.0000000
vn 0.0000000 1.0000000 0.0000000
vn 0.0000000 -1.0000000 0.0000000
vn 0.0000000 -1.0000000 0.0000000
vn 0.0000000 -1.0000000 0.0000000
vn 0.0000000 -1.0000000 0.0000000
vn 0.0000000 0.0000000 1.0000000
vn 0.0000000 0.0000000 1.0000000
vn 0.0000000 0.0000000 1.0000000
vn 0.0000000 0.0000000 1.0000000
vn 0.0000000 0.0000000 -1.0000000
vn 0.0000000 0.0000000 -1.0000000
vn 0.0000000 0.0000000 -1.0000000
vn 0.0000000 0.0000000 -1.0000000
vn 1.0000000 0.0000000 0.0000000
vn 1.0000000 0.0000000 0.0000000
vn 1.0000000 0.0000000 0.0000000
vn 1.0000000 0.0000000 0.0000000
vn -1.0000000 0.0000000 0.0000000
vn -1.0000000 0.0000000 0.0000000
vn -1.0000000 0.0000000 0.0000000
vn -1.0000000 0.0000000 0.0000000
vn 0.0000000 1.0000000 0.0000000
vn 0.0000000 1.0000000 0.0000000
vn 0.0000000 1.0000000 0.0000000
vn 0.0000000 1.0000000 0.0000000
vn 0.0000000 -1.0000000 0.0000000
vn 0.0000000 -1.0000000 0.0000000
vn 0.0000000 -1.0000000 0.0000000
vn 0.0000000 -1.0000000 0.0000000
vn 0.0000000 0.0000000 1.0000000
vn 0.0000000 0.0000000 1.0000000
vn 0.0000000 0.0000000 1.0000000
vn 0.0000000 0.0000000 1.0000000
vn 0.0000000 0.0000000 -1.0000000
vn 0.0000000 0.0000000 -1.0000000
vn 0.0000000 0.0000000 -1.0000000
vn 0.0000000 0.0000000 -1.0000000
vn 1.0000000 0.0000000 0.0000000
vn 1.0000000 0.0000000 0.0000000
vn 1.0000000 0.0000000 0.0000000
vn 1.0000000 0.0000000 0.0000000
vn -1.0000000 0.0000000 0.0000000
vn -1.0000000 0.0000000 0.0000000
vn -1.0000000 0.0000000 0.0000000
vn -1.0000000 0.0000000 0.0000000
vn 0.0000000 1.0000000 0.0000000
vn 0.0000000 1.0000000 0.0000000
vn 0.0000000 1.0000000 0.0000000
vn 0.0000000 1.0000000 0.0000000
vn 0.0000000 -1.0000000 0.0000000
vn 0.0000000 -1.0000000 0.0000000
vn 0.0000000 -1.0000000 0.0000000
vn 0.0000000 -1.0000000 0.0000000
vn 0.0000000 -1.0000000 0.0000000
vn 0.0000000 1.0000000 0.0000000
vn 1.0000000 0.0000000 0.0000000
vn 0.3090170 0.0000000 0.9510565
vn -0.8090170 0.0000000 0.5877853
vn -0.8090170 0.0000000 -0.5877853
vn 0.3090170 0.0000000 -0.9510565
vn 0.0000000 0.0000000 1.0000000
vn 0.0000000 0.0000000 1.0000000
vn 0.0000000 0.0000000 1.0000000
vn 0.0000000 0.0000000 1.0000000
vn 0.0000000 0.0000000 -1.0000000
vn 0.0000000 0.0000000 -1.0000000
vn 0.0000000 0.0000000 -1.0000000
vn 0.0000000 0.0000000 -1.0000000
vn 1.0000000 0.0000000 0.0000000
vn 1.0000000 0.0000000 0.0000000
vn 1.0000000 0.0000000 0.0000000
vn 1.0000000 0.0000000 0.0000000
vn -1.0000000 0.0000000 0.0000000
vn -1.0000000 0.0000000 0.0000000
vn -1.0000000 0.0000000 0.0000000
vn -1.0000000 0.0000000 0.0000000
vn 0.0000000 1.0000000 0.0000000
vn 0.0000000 1.0000000 0.0000000
vn 0.0000000 1.0000000 0.0000000
vn 0.0000000 1.0000000 0.0000000
vn 0.0000000 -1.0000000 0.0000000
vn 0.0000000 -1.0000000 0.0000000
vn 0.0000000 -1.0000000 0.0000000
vn 0.0000000 -1.0000000 0.0000000
vn 0.0000000 0.0000000 1.0000000
vn 0.0000000 0.0000000 1.0000000
vn 0.0000000 0.0000000 1.0000000
vn 0.0000000 0.0000000 1.0000000
vn 0.0000000 0.0000000 -1.0000000
vn 0.0000000 0.0000000 -1.0000000
vn 0.0000000 0.0000000 -1.0000000
vn 0.0000000 0.0000000 -1.0000000
vn 1.0000000 0.0000000 0.0000000
vn 1.0000000 0.0000000 0.0000000
vn 1.0000000 0.0000000 0.0000000
vn 1.0000000 0.0000000 0.0000000
vn -1.0000000 0.0000000 0.0000000
vn -1.0000000 0.0000000 0.0000000
vn -1.0000000 0.0000000 0.0000000
vn -1.0000000 0.0000000 0.0000000
vn 0.0000000 1.0000000 0.0000000
vn 0.0000000 1.0000000 0.0000000
vn 0.0000000 1.0000000 0.0000000
vn 0.0000000 1.0000000 0.0000000
vn 0.0000000 -1.0000000 0.0000000
vn 0.0000000 -1.0000000 0.0000000
vn 0.0000000 -1.0000000 0.0000000
vn 0.0000000 -1.0000000 0.0000000
vn 0.0000000 0.0000000 1.0000000
vn 0.0000000 0.0000000 1.0000000
vn 0.0000000 0.0000000 1.0000000
vn 0.0000000 0.0000000 1.0000000
vn 0.0000000 0.0000000 -1.0000000
vn 0.0000000 0.0000000 -1.0000000
vn 0.0000000 0.0000000 -1.0000000
vn 0.0000000 0.0000000 -1.0000000
vn 1.0000000 0.0000000 0.0000000
vn 1.0000000 0.0000000 0.0000000
vn 1.0000000 0.0000000 0.0000000
vn 1.0000000 0.0000000 0.0000000
vn -1.0000000 0.0000000 0.0000000
vn -1.0000000 0.0000000 0.0000000
vn -1.0000000 0.0000000 0.0000000
vn -1.0000000 0.0000000 0.0000000
vn 0.0000000 1.0000000 0.0000000
vn 0.0000000 1.0000000 0.0000000
vn 0.0000000 1.0000000 0.0000000
vn 0.0000000 1.0000000 0.0000000
vn 0.0000000 -1.0000000 0.0000000
vn 0.0000000 -1.0000000 0.0000000
vn 0.0000000 -1.0000000 0.0000000
vn 0.0000000 -1.0000000 0.0000000
vn 0.0000000 -1.0000000 0.0000000
vn 0.0000000 1.0000000 0.0000000
vn 1.0000000 0.0000000 0.0000000
vn 0.3090170 0.0000000 0.9510565
vn -0.8090170 0.0000000 0.5877853
vn -0.8090170 0.0000000 -0.5877853
vn 0.3090170 0.0000000 -0.9510565
vn 0.0000000 0.0000000 1.0000000
vn 0.0000000 0.0000000 1.0000000
vn 0.0000000 0.0000000 1.0000000
vn 0.0000000 0.0000000 1.0000000
vn 0.0000000 0.0000000 -1.0000000
vn 0.0000000 0.0000000 -1.0000000
vn 0.0000000 0.0000000 -1.0000000
vn 0.0000000 0.0000000 -1.0000000
vn 1.0000000 0.0000000 0.0000000
vn 1.0000000 0.0000000 0.0000000
vn 1.0000000 0.0000000 0.0000000
vn 1.0000000 0.0000000 0.0000000
vn -1.0000000 0.0000000 0.0000000
vn -1.0000000 0.0000000 0.0000000
vn -1.0000000 0.0000000 0.0000000
vn -1.0000000 0.0000000 0.0000000
vn 0.0000000 1.0000000 0.0000000
vn 0.0000000 1.0000000 0.0000000
vn 0.0000000 1.0000000 0.0000000
vn 0.0000000 1.0000000 0.0000000
vn 0.0000000 -1.0000000 0.0000000
vn 0.0000000 -1.0000000 0.0000000
vn 0.0000000 -1.0000000 0.0000000
vn 0.0000000 -1.0000000 0.0000000
vn 0.0000000 0.0000000 1.0000000
vn 0.0000000 0.0000000 1.0000000
vn 0.0000000 0.0000000 1.0000000
vn 0.0000000 0.0000000 1.0000000
vn 0.0000000 0.0000000 -1.0000000
vn 0.0000000 0.0000000 -1.0000000
vn 0.0000000 0.0000000 -1.0000000
vn 0.0000000 0.0000000 -1.0000000
vn 1.0000000 0.0000000 0.0000000
vn 1.0000000 0.0000000 0.0000000
vn 1.0000000 0.0000000 0.0000000
vn 1.0000000 0.0000000 0.0000000
vn -1.0000000 0.0000000 0.0000000
vn -1.0000000 0.0000000 0.0000000
vn -1.0000000 0.0000000 0.0000000
vn -1.0000000 0.0000000 0.0000000
vn 0.0000000 1.0000000 0.0000000
vn 0.0000000 1.0000000 0.0000000
vn 0.0000000 1.0000000 0.0000000
vn 0.0000000 1.0000000 0.0000000
vn 0.0000000 -1.0000000 0.0000000
vn 0.0000000 -1.0000000 0.0000000
vn 0.0000000 -1.0000000 0.0000000
vn 0.0000000 -1.0000000 0.0000000
vn 0.0000000 0.0000000 1.0000000
vn 0.0000000 0.0000000 1.0000000
vn 0.0000000 0.0000000 1.0000000
vn 0.0000000 0.0000000 1.0000000
vn 0.0000000 0.0000000 -1.0000000
vn 0.0000000 0.0000000 -1.0000000
vn 0.0000000 0.0000000 -1.0000000
vn 0.0000000 0.0000000 -1.0000000
vn 1.0000000 0.0000000 0.0000000
vn 1.0000000 0.0000000 0.0000000
vn 1.0000000 0.0000000 0.0000000
vn 1.0000000 0.0000000 0.0000000
vn -1.0000000 0.0000000 0.0000000
vn -1.0000000 0.0000000 0.0000000
vn -1.0000000 0.0000000 0.0000000
vn -1.0000000 0.0000000 0.0000000
vn 0.0000000 1.0000000 0.0000000
vn 0.0000000 1.0000000 0.0000000
vn 0.0000000 1.0000000 0.0000000
vn 0.0000000 1.0000000 0.0000000
vn 0.0000000 -1.0000000 0.0000000
vn 0.0000000 -1.0000000 0.0000000
vn 0.0000000 -1.0000000 0.0000000
vn 0.0000000 -1.0000000 0.0000000
vn 0.0000000 -1.0000000 0.0000000
vn 0.0000000 1.0000000 0.0000000
vn 1.0000000 0.0000000 0.0000000
vn 0.3090170 0.0000000 0.9510565
vn -0.8090170 0.0000000 0.5877853
vn -0.8090170 0.0000000 -0.5877853
vn 0.3090170 0.0000000 -0.9510565
vn 0.0000000 0.0000000 1.0000000
vn 0.0000000 0.0000000 1.0000000
vn 0.0000000 0.0000000 1.0000000
vn 0.0000000 0.0000000 1.0000000
vn 0.0000000 0.0000000 -1.0000000
vn 0.0000000 0.0000000 -1.0000000
vn 0.0000000 0.0000000 -1.0000000
vn 0.0000000 0.0000000 -1.0000000
vn 1.0000000 0.0000000 0.0000000
vn 1.0000000 0.0000000 0.0000000
vn 1.0000000 0.0000000 0.0000000
vn 1.0000000 0.0000000 0.0000000
vn -1.0000000 0.0000000 0.0000000
vn -1.0000000 0.0000000 0.0000000
vn -1.0000000 0.0000000 0.0000000
vn -1.0000000 0.0000000 0.0000000
vn 0.0000000 1.0000000 0.0000000
vn 0.0000000 1.0000000 0.0000000
vn 0.0000000 1.0000000 0.0000000
vn 0.0000000 1.0000000 0.0000000
vn 0.0000000 -1.0000000 0.0000000
vn 0.0000000 -1.0000000 0.0000000
vn 0.0000000 -1.0000000 0.0000000
vn 0.0000000 -1.0000000 0.0000000
vn 0.0000000 0.0000000 1.0000000
vn 0.0000000 0.0000000 1.0000000
vn 0.0000000 0.0000000 1.0000000
vn 0.0000000 0.0000000 1.0000000
vn 0.0000000 0.0000000 -1.0000000
vn 0.0000000 0.0000000 -1.0000000
vn 0.0000000 0.0000000 -1.0000000
vn 0.0000000 0.0000000 -1.0000000
vn 1.0000000 0.0000000 0.0000000
vn 1.0000000 0.0000000 0.0000000
vn 1.0000000 0.0000000 0.0000000
vn 1.0000000 0.0000000 0.0000000
vn -1.0000000 0.0000000 0.0000000
vn -1.0000000 0.0000000 0.0000000
vn -1.0000000 0.0000000 0.0000000
vn -1.0000000 0.0000000 0.0000000
vn 0.0000000 1.0000000 0.0000000
vn 0.0000000 1.0000000 0.0000000
vn 0.0000000 1.0000000 0.0000000
vn 0.0000000 1.0000000 0.0000000
vn 0.0000000 -1.0000000 0.0000000
vn 0.0000000 -1.0000000 0.0000000
vn 0.0000000 -1.0000000 0.0000000
vn 0.0000000 -1.0000000 0.0000000
vn 0.0000000 0.0000000 1.0000000
vn 0.0000000 0.0000000 1.0000000
vn 0.0000000 0.0000000 1.0000000
vn 0.0000000 0.0000000 1.0000000
vn 0.0000000 0.0000000 -1.0000000
vn 0.0000000 0.0000000 -1.0000000
vn 0.0000000 0.0000000 -1.0000000
vn 0.0000000 0.0000000 -1.0000000
vn 1.0000000 0.0000000 0.0000000
vn 1.0000000 0.0000000 0.0000000
vn 1.0000000 0.0000000 0.0000000
vn 1.0000000 0.0000000 0.0000000
vn -1.0000000 0.0000000 0.0000000
vn -1.0000000 0.0000000 0.0000000
vn -1.0000000 0.0000000 0.0000000
vn -1.0000000 0.0000000 0.0000000
vn 0.0000000 1.0000000 0.0000000
vn 0.0000000 1.0000000 0.0000000
vn 0.0000000 1.0000000 0.0000000
vn 0.0000000 1.0000000 0.0000000
vn 0.0000000 -1.0000000 0.0000000
vn 0.0000000 -1.0000000 0.0000000
vn 0.0000000 -1.0000000 0.0000000
vn 0.0000000 -1.0000000 0.0000000
vn 0.0000000 -1.0000000 0.0000000
vn 0.0000000 1.0000000 0.0000000
vn 1.0000000 0.0000000 0.0000000
vn 0.3090170 0.0000000 0.9510565
vn -0.8090170 0.0000000 0.5877853
vn -0.8090170 0.0000000 -0.5877853
vn 0.3090170 0.0000000 -0.9510565
vn 0.0000000 0.0000000 1.0000000
vn 0.0000000 0.0000000 1.0000000
vn 0.0000000 0.0000000 1.0000000
vn 0.0000000 0.0000000 1.0000000
vn 0.0000000 0.0000000 -1.0000000
vn 0.0000000 0.0000000 -1.0000000
vn 0.0000000 0.0000000 -1.0000000
vn 0.0000000 0.0000000 -1.0000000
vn 1.0000000 0.0000000 0.0000000
vn 1.0000000 0.0000000 0.0000000
vn 1.0000000 0.0000000 0.0000000
vn 1.0000000 0.0000000 0.0000000
vn -1.0000000 0.0000000 0.0000000
vn -1.0000000 0.0000000 0.0000000
vn -1.0000000 0.0000000 0.0000000
vn -1.0000000 0.0000000 0.0000000
vn 0.0000000 1.0000000 0.0000000
vn 0.0000000 1.0000000 0.0000000
vn 0.0000000 1.0000000 0.0000000
vn 0.0000000 1.0000000 0.0000000
vn 0.0000000 -1.0000000 0.0000000
vn 0.0000000 -1.0000000 0.0000000
vn 0.0000000 -1.0000000 0.0000000
vn 0.0000000 -1.0000000 0.0000000
vn 0.0000000 0.0000000 1.0000000
vn 0.0000000 0.0000000 1.0000000
vn 0.0000000 0.0000000 1.0000000
vn 0.0000000 0.0000000 1.0000000
vn 0.0000000 0.0000000 -1.0000000
vn 0.0000000 0.0000000 -1.0000000
vn 0.0000000 0.0000000 -1.0000000
vn 0.0000000 0.0000000 -1.0000000
vn 1.0000000 0.0000000 0.0000000
vn 1.0000000 0.0000000 0.0000000
vn 1.0000000 0.0000000 0.0000000
vn 1.0000000 0.0000000 0.0000000
vn -1.0000000 0.0000000 0.0000000
vn -1.0000000 0.0000000 0.0000000
vn -1.0000000 0.0000000 0.0000000
vn -1.0000000 0.0000000 0.0000000
vn 0.0000000 1.0000000 0.0000000
vn 0.0000000 1.0000000 0.0000000
vn 0.0000000 1.0000000 0.0000000
vn 0.0000000 1.0000000 0.0000000
vn 0.0000000 -1.0000000 0.0000000
vn 0.0000000 -1.0000000 0.0000000
vn 0.0000000 -1.0000000 0.0000000
vn 0.0000000 -1.0000000 0.0000000
vn 0.0000000 0.0000000 1.0000000
vn 0.0000000 0.0000000 1.0000000
vn 0.0000000 0.0000000 1.0000000
vn 0.0000000 0.0000000 1.0000000
vn 0.0000000 0.0000000 -1.0000000
vn 0.0000000 0.0000000 -1.0000000
vn 0.0000000 0.0000000 -1.0000000
vn 0.0000000 0.0000000 -1.0000000
vn 1.0000000 0.0000000 0.0000000
vn 1.0000000 0.0000000 0.0000000
vn 1.0000000 0.0000000 0.0000000
vn 1.0000000 0.0000000 0.0000000
vn -1.0000000 0.0000000 0.0000000
vn -1.0000000 0.0000000 0.0000000
vn -1.0000000 0.0000000 0.0000000
vn -1.0000000 0.0000000 0.0000000
vn 0.0000000 1.0000000 0.0000000
vn 0.0000000 1.0000000 0.0000000
vn 0.0000000 1.0000000 0.0000000
vn 0.0000000 1.0000000 0.0000000
vn 0.0000000 -1.0000000 0.0000000
vn 0.0000000 -1.0000000 0.0000000
vn 0.0000000 -1.0000000 0.0000000
vn 0.0000000 -1.0000000 0.0000000
vn 0.0000000 0.0000000 1.0000000
vn 0.0000000 0.0000000 1.0000000
vn 0.0000000 0.0000000 1.0000000
vn 0.0000000 0.0000000 1.0000000
vn 0.0000000 0.0000000 -1.0000000
vn 0.0000000 0.0000000 -1.0000000
vn 0.0000000 0.0000000 -1.0000000
vn 0.0000000 0.0000000 -1.0000000
vn 1.0000000 0.0000000 0.0000000
vn 1.0000000 0.0000000 0.0000000
vn 1.0000000 0.0000000 0.0000000
vn 1.0000000 0.0000000 0.0000000
vn -1.0000000 0.0000000 0.0000000
vn -1.0000000 0.0000000 0.0000000
vn -1.0000000 0.0000000 0.0000000
vn -1.0000000 0.0000000 0.0000000
vn 0.0000000 1.0000000 0.0000000
vn 0.0000000 1.0000000 0.0000000
vn 0.0000000 1.0000000 0.0000000
vn 0.0000000 1.0000000 0.0000000
vn 0.0000000 -1.0000000 0.0000000
vn 0.0000000 -1.0000000 0.0000000
vn 0.0000000 -1.0000000 0.0000000
vn 0.0000000 -1.0000000 0.0000000
vn 0.0000000 0.0000000 1.0000000
vn 0.0000000 0.0000000 1.0000000
vn 0.0000000 0.0000000 1.0000000
vn 0.0000000 0.0000000 1.0000000
vn 0.0000000 0.0000000 -1.0000000
vn 0.0000000 0.0000000 -1.0000000
vn 0.0000000 0.0000000 -1.0000000
vn 0.0000000 0.0000000 -1.0000000
vn 1.0000000 0.0000000 0.0000000
vn 1.0000000 0.0000000 0.0000000
vn 1.0000000 0.0000000 0.0000000
vn 1.0000000 0.0000000 0.0000000
vn -1.0000000 0.0000000 0.0000000
vn -1.0000000 0.0000000 0.0000000
vn -1.0000000 0.0000000 0.0000000
vn -1.0000000 0.0000000 0.0000000
vn 0.0000000 1.0000000 0.0000000
vn 0.0000000 1.0000000 0.0000000
vn 0.0000000 1.0000000 0.0000000
vn 0.0000000 1.0000000 0.0000000
vn 0.0000000 -1.0000000 0.0000000
vn 0.0000000 -1.0000000 0.0000000
vn 0.0000000 -1.0000000 0.0000000
vn 0.0000000 -1.0000000 0.0000000
vn 0.0000000 0.0000000 1.0000000
vn 0.0000000 0.0000000 1.0000000
vn 0.0000000 0.0000000 1.0000000
vn 0.0000000 0.0000000 1.0000000
vn 0.0000000 0.0000000 -1.0000000
vn 0.0000000 0.0000000 -1.0000000
vn 0.0000000 0.0000000 -1.0000000
vn 0.0000000 0.0000000 -1.0000000
vn 1.0000000 0.0000000 0.0000000
vn 1.0000000 0.0000000 0.0000000
vn 1.0000000 0.0000000 0.0000000
vn 1.0000000 0.0000000 0.0000000
vn -1.0000000 0.0000000 0.0000000
vn -1.0000000 0.0000000 0.0000000
vn -1.0000000 0.0000000 0.0000000
vn -1.0000000 0.0000000 0.0000000
vn 0.0000000 1.0000000 0.0000000
vn 0.0000000 1.0000000 0.0000000
vn 0.0000000 1.0000000 0.0000000
vn 0.0000000 1.0000000 0.0000000
vn 0.0000000 -1.0000000 0.0000000
vn 0.0000000 -1.0000000 0.0000000
vn 0.0000000 -1.0000000 0.0000000
vn 0.0000000 -1.0000000 0.0000000
vn 0.0000000 1.0000000 0.0000000
vn 0.0000000 -1.0000000 0.0000000
vn 0.2382488 -0.9712041 0.0000000
vn 0.2382488 -0.9712041 0.0000000
vn 0.0000000 1.0000000 0.0000000
vn 0.0000000 -1.0000000 0.0000000
vn 0.2051443 -0.9656252 0.1596367
vn 0.2051443 -0.9656252 0.1596367
vn 0.0000000 1.0000000 0.0000000
vn 0.0000000 -1.0000000 0.0000000
vn 0.1171062 -0.9547497 0.2733847
vn 0.1171062 -0.9547497 0.2733847
vn 0.0000000 1.0000000 0.0000000
vn 0.0000000 -1.0000000 0.0000000
vn 0.0000000 -0.9494479 0.3139245
vn 0.0000000 -0.9494479 0.3139245
vn 0.0000000 1.0000000 0.0000000
vn 0.0000000 -1.0000000 0.0000000
vn -0.1171062 -0.9547497 0.2733847
vn -0.1171062 -0.9547497 0.2733847
vn 0.0000000 1.0000000 0.0000000
vn 0.0000000 -1.0000000 0.0000000
vn -0.2051443 -0.9656252 0.1596367
vn -0.2051443 -0.9656252 0.1596367
vn 0.0000000 1.0000000 0.0000000
vn 0.0000000 -1.0000000 0.0000000
vn -0.2382488 -0.9712041 0.0000000
vn -0.2382488 -0.9712041 0.0000000
vn 0.0000000 1.0000000 0.0000000
vn 0.0000000 -1.0000000 0.0000000
vn -0.2051443 -0.9656252 -0.1596367
vn -0.2051443 -0.9656252 -0.1596367
vn 0.0000000 1.0000000 0.0000000
vn 0.0000000 -1.0000000 0.0000000
vn -0.1171062 -0.9547497 -0.2733847
vn -0.1171062 -0.9547497 -0.2733847
vn 0.0000000 1.0000000 0.0000000
vn 0.0000000 -1.0000000 0.0000000
vn -0.0000000 -0.9494479 -0.3139245
vn -0.0000000 -0.9494479 -0.3139245
vn 0.0000000 1.0000000 0.0000000
vn 0.0000000 -1.0000000 0.0000000
vn 0.1171062 -0.9547497 -0.2733847
vn 0.1171062 -0.9547497 -0.2733847
vn 0.0000000 1.0000000 0.0000000
vn 0.0000000 -1.0000000 0.0000000
vn 0.2051443 -0.9656252 -0.1596367
vn 0.2051443 -0.9656252 -0.1596367
vn 0.0000000 1.0000000 0.0000000
vn 0.0000000 -1.0000000 0.0000000
vn 0.0000000 1.0000000 0.0000000
vn 0.0000000 -1.0000000 0.0000000
vn 0.4394322 -0.8982758 0.0000000
vn 0.4394322 -0.8982758 0.0000000
vn 0.0000000 1.0000000 0.0000000
vn 0.0000000 -1.0000000 0.0000000
vn 0.3120415 -0.8326763 0.4574715
vn 0.3120415 -0.8326763 0.4574715
vn 0.0000000 1.0000000 0.0000000
vn 0.0000000 -1.0000000 0.0000000
vn 0.0648528 -0.7634428 0.6426112
vn 0.0648528 -0.7634428 0.6426112
vn 0.0000000 1.0000000 0.0000000
vn 0.0000000 -1.0000000 0.0000000
vn -0.1929060 -0.7886669 0.5837738
vn -0.1929060 -0.7886669 0.5837738
vn 0.0000000 1.0000000 0.0000000
vn 0.0000000 -1.0000000 0.0000000
vn -0.4036787 -0.8781482 0.2567083
vn -0.4036787 -0.8781482 0.2567083
vn 0.0000000 1.0000000 0.0000000
vn 0.0000000 -1.0000000 0.0000000
vn -0.4036787 -0.8781482 -0.2567083
vn -0.4036787 -0.8781482 -0.2567083
vn 0.0000000 1.0000000 0.0000000
vn 0.0000000 -1.0000000 0.0000000
vn -0.1929060 -0.7886669 -0.5837738
vn -0.1929060 -0.7886669 -0.5837738
vn 0.0000000 1.0000000 0.0000000
vn 0.0000000 -1.0000000 0.0000000
vn 0.0648528 -0.7634428 -0.6426112
vn 0.0648528 -0.7634428 -0.6426112
vn 0.0000000 1.0000000 0.0000000
vn 0.0000000 -1.0000000 0.0000000
vn 0.3120415 -0.8326763 -0.4574715
vn 0.3120415 -0.8326763 -0.4574715
vn 0.0000000 1.0000000 0.0000000
vn 0.0000000 -1.0000000 0.0000000
vn 0.0000000 1.0000000 0.0000000
vn 0.0000000 -1.0000000 0.0000000
vn 0.4848014 -0.8746242 0.0000000
vn 0.4848014 -0.8746242 0.0000000
vn 0.0000000 1.0000000 0.0000000
vn 0.0000000 -1.0000000 0.0000000
vn 0.3555116 -0.8372543 0.4154718
vn 0.3555116 -0.8372543 0.4154718
vn 0.0000000 1.0000000 0.0000000
vn 0.0000000 -1.0000000 0.0000000
vn 0.0763988 -0.7937318 0.6034509
vn 0.0763988 -0.7937318 0.6034509
vn 0.0000000 1.0000000 0.0000000
vn 0.0000000 -1.0000000 0.0000000
vn -0.2245167 -0.8100957 0.5416062
vn -0.2245167 -0.8100957 0.5416062
vn 0.0000000 1.0000000 0.0000000
vn 0.0000000 -1.0000000 0.0000000
vn -0.4497907 -0.8635396 0.2280083
vn -0.4497907 -0.8635396 0.2280083
vn 0.0000000 1.0000000 0.0000000
vn 0.0000000 -1.0000000 0.0000000
vn -0.4497907 -0.8635396 -0.2280083
vn -0.4497907 -0.8635396 -0.2280083
vn 0.0000000 1.0000000 0.0000000
vn 0.0000000 -1.0000000 0.0000000
vn -0.2245167 -0.8100957 -0.5416062
vn -0.2245167 -0.8100957 -0.5416062
vn 0.0000000 1.0000000 0.0000000
vn 0.0000000 -1.0000000 0.0000000
vn 0.0763988 -0.7937318 -0.6034509
vn 0.0763988 -0.7937318 -0.6034509
vn 0.0000000 1.0000000 0.0000000
vn 0.0000000 -1.0000000 0.0000000
vn 0.3555116 -0.8372543 -0.4154718
vn 0.3555116 -0.8372543 -0.4154718
vn 0.0000000 1.0000000 0.0000000
vn 0.0000000 -1.0000000 0.0000000
vn 0.0000000 1.0000000 0.0000000
vn 0.0000000 -1.0000000 0.0000000
vn 0.5454469 -0.8381454 0.0000000
vn 0.5454469 -0.8381454 0.0000000
vn 0.0000000 1.0000000 0.0000000
vn 0.0000000 -1.0000000 0.0000000
vn 0.3880015 -0.7782986 0.4936660
vn 0.3880015 -0.7782986 0.4936660
vn 0.0000000 1.0000000 0.0000000
vn 0.0000000 -1.0000000 0.0000000
vn 0.0807779 -0.7148074 0.6946404
vn 0.0807779 -0.7148074 0.6946404
vn 0.0000000 1.0000000 0.0000000
vn 0.0000000 -1.0000000 0.0000000
vn -0.2401297 -0.7379769 0.6306566
vn -0.2401297 -0.7379769 0.6306566
vn 0.0000000 1.0000000 0.0000000
vn 0.0000000 -1.0000000 0.0000000
vn -0.5013437 -0.8198165 0.2766864
vn -0.5013437 -0.8198165 0.2766864
vn 0.0000000 1.0000000 0.0000000
vn 0.0000000 -1.0000000 0.0000000
vn -0.5013437 -0.8198165 -0.2766864
vn -0.5013437 -0.8198165 -0.2766864
vn 0.0000000 1.0000000 0.0000000
vn 0.0000000 -1.0000000 0.0000000
vn -0.2401297 -0.7379769 -0.6306566
vn -0.2401297 -0.7379769 -0.6306566
vn 0.0000000 1.0000000 0.0000000
vn 0.0000000 -1.0000000 0.0000000
vn 0.0807779 -0.7148074 -0.6946404
vn 0.0807779 -0.7148074 -0.6946404
vn 0.0000000 1.0000000 0.0000000
vn 0.0000000 -1.0000000 0.0000000
vn 0.3880015 -0.7782986 -0.4936660
vn 0.3880015 -0.7782986 -0.4936660
vn 0.0000000 1.0000000 0.0000000
vn 0.0000000 -1.0000000 0.0000000
vn 0.0000000 1.0000000 0.0000000
vn 0.0000000 -1.0000000 0.0000000
vn 0.1055883 -0.9944099 0.0000000
vn 0.1055883 -0.9944099 0.0000000
vn 0.0000000 1.0000000 0.0000000
vn 0.0000000 -1.0000000 0.0000000
vn 0.0913383 -0.9932801 0.0710765
vn 0.0913383 -0.9932801 0.0710765
vn 0.0000000 1.0000000 0.0000000
vn 0.0000000 -1.0000000 0.0000000
vn 0.0526148 -0.9910321 0.1228295
vn 0.0526148 -0.9910321 0.1228295
vn 0.0000000 1.0000000 0.0000000
vn 0.0000000 -1.0000000 0.0000000
vn 0.0000000 -0.9899138 0.1416713
vn 0.0000000 -0.9899138 0.1416713
vn 0.0000000 1.0000000 0.0000000
vn 0.0000000 -1.0000000 0.0000000
vn -0.0526148 -0.9910321 0.1228295
vn -0.0526148 -0.9910321 0.1228295
vn 0.0000000 1.0000000 0.0000000
vn 0.0000000 -1.0000000 0.0000000
vn -0.0913383 -0.9932801 0.0710765
vn -0.0913383 -0.9932801 0.0710765
vn 0.0000000 1.0000000 0.0000000
vn 0.0000000 -1.0000000 0.0000000
vn -0.1055883 -0.9944099 0.0000000
vn -0.1055883 -0.9944099 0.0000000
vn 0.0000000 1.0000000 0.0000000
vn 0.0000000 -1.0000000 0.0000000
vn -0.0913383 -0.9932801 -0.0710765
vn -0.0913383 -0.9932801 -0.0710765
vn 0.0000000 1.0000000 0.0000000
vn 0.0000000 -1.0000000 0.0000000
vn -0.0526148 -0.9910321 -0.1228295
vn -0.0526148 -0.9910321 -0.1228295
vn 0.0000000 1.0000000 0.0000000
vn 0.0000000 -1.0000000 0.0000000
vn -0.0000000 -0.9899138 -0.1416713
vn -0.0000000 -0.9899138 -0.1416713
vn 0.0000000 1.0000000 0.0000000
vn 0.0000000 -1.0000000 0.0000000
vn 0.0526148 -0.9910321 -0.1228295
vn 0.0526148 -0.9910321 -0.1228295
vn 0.0000000 1.0000000 0.0000000
vn 0.0000000 -1.0000000 0.0000000
vn 0.0913383 -0.9932801 -0.0710765
vn 0.0913383 -0.9932801 -0.0710765
vn 0.0000000 1.0000000 0.0000000
vn 0.0000000 -1.0000000 0.0000000
vn 0.0000000 1.0000000 0.0000000
vn 0.0000000 -1.0000000 0.0000000
vn 1.0000000 0.0000000 0.0000000
vn 1.0000000 0.0000000 0.0000000
vn 0.0000000 1.0000000 0.0000000
vn 0.0000000 -1.0000000 0.0000000
vn 0.8731426 0.0000000 0.4874649
vn 0.8731426 0.0000000 0.4874649
vn 0.0000000 1.0000000 0.0000000
vn 0.0000000 -1.0000000 0.0000000
vn 0.5958469 0.0000000 0.8030980
vn 0.5958469 0.0000000 0.8030980
vn 0.0000000 1.0000000 0.0000000
vn 0.0000000 -1.0000000 0.0000000
vn 0.2937605 0.0000000 0.9558791
vn 0.2937605 0.0000000 0.9558791
vn 0.0000000 1.0000000 0.0000000
vn 0.0000000 -1.0000000 0.0000000
vn 0.0000000 0.0000000 1.0000000
vn 0.0000000 0.0000000 1.0000000
vn 0.0000000 1.0000000 0.0000000
vn 0.0000000 -1.0000000 0.0000000
vn -0.2937605 0.0000000 0.9558791
vn -0.2937605 0.0000000 0.9558791
vn 0.0000000 1.0000000 0.0000000
vn 0.0000000 -1.0000000 0.0000000
vn -0.5958469 0.0000000 0.8030980
vn -0.5958469 0.0000000 0.8030980
vn 0.0000000 1.0000000 0.0000000
vn 0.0000000 -1.0000000 0.0000000
vn -0.8731426 0.0000000 0.4874649
vn -0.8731426 0.0000000 0.4874649
vn 0.0000000 1.0000000 0.0000000
vn 0.0000000 -1.0000000 0.0000000
vn -1.0000000 0.0000000 0.0000000
vn -1.0000000 0.0000000 0.0000000
vn 0.0000000 1.0000000 0.0000000
vn 0.0000000 -1.0000000 0.0000000
vn -0.8731426 0.0000000 -0.4874649
vn -0.8731426 0.0000000 -0.4874649
vn 0.0000000 1.0000000 0.0000000
vn 0.0000000 -1.0000000 0.0000000
vn -0.5958469 0.0000000 -0.8030980
vn -0.5958469 0.0000000 -0.8030980
vn 0.0000000 1.0000000 0.0000000
vn 0.0000000 -1.0000000 0.0000000
vn -0.2937605 0.0000000 -0.9558791
vn -0.2937605 0.0000000 -0.9558791
vn 0.0000000 1.0000000 0.0000000
vn 0.0000000 -1.0000000 0.0000000
vn -0.0000000 0.0000000 -1.0000000
vn -0.0000000 0.0000000 -1.0000000
vn 0.0000000 1.0000000 0.0000000
vn 0.0000000 -1.0000000 0.0000000
vn 0.2937605 0.0000000 -0.9558791
vn 0.2937605 0.0000000 -0.9558791
vn 0.0000000 1.0000000 0.0000000
vn 0.0000000 -1.0000000 0.0000000
vn 0.5958469 0.0000000 -0.8030980
vn 0.5958469 0.0000000 -0.8030980
vn 0.0000000 1.0000000 0.0000000
vn 0.0000000 -1.0000000 0.0000000
vn 0.8731426 0.0000000 -0.4874649
vn 0.8731426 0.0000000 -0.4874649
vn 0.0000000 1.0000000 0.0000000
vn 0.0000000 -1.0000000 0.0000000
vn 0.0000000 1.0000000 0.0000000
vn 0.0000000 -1.0000000 0.0000000
vn 1.0000000 0.0000000 0.0000000
vn 1.0000000 0.0000000 0.0000000
vn 0.0000000 1.0000000 0.0000000
vn 0.0000000 -1.0000000 0.0000000
vn 0.8731426 0.0000000 0.4874649
vn 0.8731426 0.0000000 0.4874649
vn 0.0000000 1.0000000 0.0000000
vn 0.0000000 -1.0000000 0.0000000
vn 0.5958469 0.0000000 0.8030980
vn 0.5958469 0.0000000 0.8030980
vn 0.0000000 1.0000000 0.0000000
vn 0.0000000 -1.0000000 0.0000000
vn 0.2937605 0.0000000 0.9558791
vn 0.2937605 0.0000000 0.9558791
vn 0.0000000 1.0000000 0.0000000
vn 0.0000000 -1.0000000 0.0000000
vn 0.0000000 0.0000000 1.0000000
vn 0.0000000 0.0000000 1.0000000
vn 0.0000000 1.0000000 0.0000000
vn 0.0000000 -1.0000000 0.0000000
vn -0.2937605 0.0000000 0.9558791
vn -0.2937605 0.0000000 0.9558791
vn 0.0000000 1.0000000 0.0000000
vn 0.0000000 -1.0000000 0.0000000
vn -0.5958469 0.0000000 0.8030980
vn -0.5958469 0.0000000 0.8030980
vn 0.0000000 1.0000000 0.0000000
vn 0.0000000 -1.0000000 0.0000000
vn -0.8731426 0.0000000 0.4874649
vn -0.8731426 0.0000000 0.4874649
vn 0.0000000 1.0000000 0.0000000
vn 0.0000000 -1.0000000 0.0000000
vn -1.0000000 0.0000000 0.0000000
vn -1.0000000 0.0000000 0.0000000
vn 0.0000000 1.0000000 0.0000000
vn 0.0000000 -1.0000000 0.0000000
vn -0.8731426 0.0000000 -0.4874649
vn -0.8731426 0.0000000 -0.4874649
vn 0.0000000 1.0000000 0.0000000
vn 0.0000000 -1.0000000 0.0000000
vn -0.5958469 0.0000000 -0.8030980
vn -0.5958469 0.0000000 -0.8030980
vn 0.0000000 1.0000000 0.0000000
vn 0.0000000 -1.0000000 0.0000000
vn -0.2937605 0.0000000 -0.9558791
vn -0.2937605 0.0000000 -0.9558791
vn 0.0000000 1.0000000 0.0000000
vn 0.0000000 -1.0000000 0.0000000
vn -0.0000000 0.0000000 -1.0000000
vn -0.0000000 0.0000000 -1.0000000
vn 0.0000000 1.0000000 0.0000000
vn 0.0000000 -1.0000000 0.0000000
vn 0.2937605 0.0000000 -0.9558791
vn 0.2937605 0.0000000 -0.9558791
vn 0.0000000 1.0000000 0.0000000
vn 0.0000000 -1.0000000 0.0000000
vn 0.5958469 0.0000000 -0.8030980
vn 0.5958469 0.0000000 -0.8030980
vn 0.0000000 1.0000000 0.0000000
vn 0.0000000 -1.0000000 0.0000000
vn 0.8731426 0.0000000 -0.4874649
vn 0.8731426 0.0000000 -0.4874649
vn 0.0000000 1.0000000 0.0000000
vn 0.0000000 -1.0000000 0.0000000
vn 0.0000000 0.0000000 1.0000000
vn 0.0000000 0.0000000 1.0000000
vn 0.0000000 0.0000000 1.0000000
vn 0.0000000 0.0000000 1.0000000
vn 0.0000000 0.0000000 -1.0000000
vn 0.0000000 0.0000000 -1.0000000
vn 0.0000000 0.0000000 -1.0000000
vn 0.0000000 0.0000000 -1.0000000
vn 1.0000000 0.0000000 0.0000000
vn 1.0000000 0.0000000 0.0000000
vn 1.0000000 0.0000000 0.0000000
vn 1.0000000 0.0000000 0.0000000
vn -1.0000000 0.0000000 0.0000000
vn -1.0000000 0.0000000 0.0000000
vn -1.0000000 0.0000000 0.0000000
vn -1.0000000 0.0000000 0.0000000
vn 0.0000000 1.0000000 0.0000000
vn 0.0000000 1.0000000 0.0000000
vn 0.0000000 1.0000000 0.0000000
vn 0.0000000 1.0000000 0.0000000
vn 0.0000000 -1.0000000 0.0000000
vn 0.0000000 -1.0000000 0.0000000
vn 0.0000000 -1.0000000 0.0000000
vn 0.0000000 -1.0000000 0.0000000
vn 0.0000000 0.0000000 1.0000000
vn 0.0000000 0.0000000 1.0000000
vn 0.0000000 0.0000000 1.0000000
vn 0.0000000 0.0000000 1.0000000
vn 0.0000000 0.0000000 -1.0000000
vn 0.0000000 0.0000000 -1.0000000
vn 0.0000000 0.0000000 -1.0000000
vn 0.0000000 0.0000000 -1.0000000
vn 1.0000000 0.0000000 0.0000000
vn 1.0000000 0.0000000 0.0000000
vn 1.0000000 0.0000000 0.0000000
vn 1.0000000 0.0000000 0.0000000
vn -1.0000000 0.0000000 0.0000000
vn -1.0000000 0.0000000 0.0000000
vn -1.0000000 0.0000000 0.0000000
vn -1.0000000 0.0000000 0.0000000
vn 0.0000000 1.0000000 0.0000000
vn 0.0000000 1.0000000 0.0000000
vn 0.0000000 1.0000000 0.0000000
vn 0.0000000 1.0000000 0.0000000
vn 0.0000000 -1.0000000 0.0000000
vn 0.0000000 -1.0000000 0.0000000
vn 0.0000000 -1.0000000 0.0000000
vn 0.0000000 -1.0000000 0.0000000
vn 0.0000000 0.0000000 1.0000000
vn 0.0000000 0.0000000 1.0000000
vn 0.0000000 0.0000000 1.0000000
vn 0.0000000 0.0000000 1.0000000
vn 0.0000000 0.0000000 -1.0000000
vn 0.0000000 0.0000000 -1.0000000
vn 0.0000000 0.0000000 -1.0000000
vn 0.0000000 0.0000000 -1.0000000
vn 1.0000000 0.0000000 0.0000000
vn 1.0000000 0.0000000 0.0000000
vn 1.0000000 0.0000000 0.0000000
vn 1.0000000 0.0000000 0.0000000
vn -1.0000000 0.0000000 0.0000000
vn -1.0000000 0.0000000 0.0000000
vn -1.0000000 0.0000000 0.0000000
vn -1.0000000 0.0000000 0.0000000
vn 0.0000000 1.0000000 0.0000000
vn 0.0000000 1.0000000 0.0000000
vn 0.0000000 1.0000000 0.0000000
vn 0.0000000 1.0000000 0.0000000
vn 0.0000000 -1.0000000 0.0000000
vn 0.0000000 -1.0000000 0.0000000
vn 0.0000000 -1.0000000 0.0000000
vn 0.0000000 -1.0000000 0.0000000
vn 0.0000000 -1.0000000 0.0000000
vn 0.0000000 1.0000000 0.0000000
vn 1.0000000 0.0000000 0.0000000
vn 0.3090170 0.0000000 0.9510565
vn -0.8090170 0.0000000 0.5877853
vn -0.8090170 0.0000000 -0.5877853
vn 0.3090170 0.0000000 -0.9510565
vn 0.0000000 0.0000000 1.0000000
vn 0.0000000 0.0000000 1.0000000
vn 0.0000000 0.0000000 1.0000000
vn 0.0000000 0.0000000 1.0000000
vn 0.0000000 0.0000000 -1.0000000
vn 0.0000000 0.0000000 -1.0000000
vn 0.0000000 0.0000000 -1.0000000
vn 0.0000000 0.0000000 -1.0000000
vn 1.0000000 0.0000000 0.0000000
vn 1.0000000 0.0000000 0.0000000
vn 1.0000000 0.0000000 0.0000000
vn 1.0000000 0.0000000 0.0000000
vn -1.0000000 0.0000000 0.0000000
vn -1.0000000 0.0000000 0.0000000
vn -1.0000000 0.0000000 0.0000000
vn -1.0000000 0.0000000 0.0000000
vn 0.0000000 1.0000000 0.0000000
vn 0.0000000 1.0000000 0.0000000
vn 0.0000000 1.0000000 0.0000000
vn 0.0000000 1.0000000 0.0000000
vn 0.0000000 -1.0000000 0.0000000
vn 0.0000000 -1.0000000 0.0000000
vn 0.0000000 -1.0000000 0.0000000
vn 0.0000000 -1.0000000 0.0000000
vn 0.0000000 0.0000000 1.0000000
vn 0.0000000 0.0000000 1.0000000
vn 0.0000000 0.0000000 1.0000000
vn 0.0000000 0.0000000 1.0000000
vn 0.0000000 0.0000000 -1.0000000
vn 0.0000000 0.0000000 -1.0000000
vn 0.0000000 0.0000000 -1.0000000
vn 0.0000000 0.0000000 -1.0000000
vn 1.0000000 0.0000000 0.0000000
vn 1.0000000 0.0000000 0.0000000
vn 1.0000000 0.0000000 0.0000000
vn 1.0000000 0.0000000 0.0000000
vn -1.0000000 0.0000000 0.0000000
vn -1.0000000 0.0000000 0.0000000
vn -1.0000000 0.0000000 0.0000000
vn -1.0000000 0.0000000 0.0000000
vn 0.0000000 1.0000000 0.0000000
vn 0.0000000 1.0000000 0.0000000
vn 0.0000000 1.0000000 0.0000000
vn 0.0000000 1.0000000 0.0000000
vn 0.0000000 -1.0000000 0.0000000
vn 0.0000000 -1.0000000 0.0000000
vn 0.0000000 -1.0000000 0.0000000
vn 0.0000000 -1.0000000 0.0000000
vn 0.0000000 0.0000000 1.0000000
vn 0.0000000 0.0000000 1.0000000
vn 0.0000000 0.0000000 1.0000000
vn 0.0000000 0.0000000 1.0000000
vn 0.0000000 0.0000000 -1.0000000
vn 0.0000000 0.0000000 -1.0000000
vn 0.0000000 0.0000000 -1.0000000
vn 0.0000000 0.0000000 -1.0000000
vn 1.0000000 0.0000000 0.0000000
vn 1.0000000 0.0000000 0.0000000
vn 1.0000000 0.0000000 0.0000000
vn 1.0000000 0.0000000 0.0000000
vn -1.0000000 0.0000000 0.0000000
vn -1.0000000 0.0000000 0.0000000
vn -1.0000000 0.0000000 0.0000000
vn -1.0000000 0.0000000 0.0000000
vn 0.0000000 1.0000000 0.0000000
vn 0.0000000 1.0000000 0.0000000
vn 0.0000000 1.0000000 0.0000000
vn 0.0000000 1.0000000 0.0000000
vn 0.0000000 -1.0000000 0.0000000
vn 0.0000000 -1.0000000 0.0000000
vn 0.0000000 -1.0000000 0.0000000
vn 0.0000000 -1.0000000 0.0000000
vn 0.0000000 -1.0000000 0.0000000
vn 0.0000000 1.0000000 0.0000000
vn 1.0000000 0.0000000 0.0000000
vn 0.3090170 0.0000000 0.9510565
vn -0.8090170 0.0000000 0.5877853
vn -0.8090170 0.0000000 -0.5877853
vn 0.3090170 0.0000000 -0.9510565
vn 0.0000000 0.0000000 1.0000000
vn 0.0000000 0.0000000 1.0000000
vn 0.0000000 0.0000000 1.0000000
vn 0.0000000 0.0000000 1.0000000
vn 0.0000000 0.0000000 -1.0000000
vn 0.0000000 0.0000000 -1.0000000
vn 0.0000000 0.0000000 -1.0000000
vn 0.0000000 0.0000000 -1.0000000
vn 1.0000000 0.0000000 0.0000000
vn 1.0000000 0.0000000 0.0000000
vn 1.0000000 0.0000000 0.0000000
vn 1.0000000 0.0000000 0.0000000
vn -1.0000000 0.0000000 0.0000000
vn -1.0000000 0.0000000 0.0000000
vn -1.0000000 0.0000000 0.0000000
vn -1.0000000 0.0000000 0.0000000
vn 0.0000000 1.0000000 0.0000000
vn 0.0000000 1.0000000 0.0000000
vn 0.0000000 1.0000000 0.0000000
vn 0.0000000 1.0000000 0.0000000
vn 0.0000000 -1.0000000 0.0000000
vn 0.0000000 -1.0000000 0.0000000
vn 0.0000000 -1.0000000 0.0000000
vn 0.0000000 -1.0000000 0.0000000
vn 0.0000000 0.0000000 1.0000000
vn 0.0000000 0.0000000 1.0000000
vn 0.0000000 0.0000000 1.0000000
vn 0.0000000 0.0000000 1.0000000
vn 0.0000000 0.0000000 -1.0000000
vn 0.0000000 0.0000000 -1.0000000
vn 0.0000000 0.0000000 -1.0000000
vn 0.0000000 0.0000000 -1.0000000
vn 1.0000000 0.0000000 0.0000000
vn 1.0000000 0.0000000 0.0000000
vn 1.0000000 0.0000000 0.0000000
vn 1.0000000 0.0000000 0.0000000
vn -1.0000000 0.0000000 0.0000000
vn -1.0000000 0.0000000 0.0000000
vn -1.0000000 0.0000000 0.0000000
vn -1.0000000 0.0000000 0.0000000
vn 0.0000000 1.0000000 0.0000000
vn 0.0000000 1.0000000 0.0000000
vn 0.0000000 1.0000000 0.0000000
vn 0.0000000 1.0000000 0.0000000
vn 0.0000000 -1.0000000 0.0000000
vn 0.0000000 -1.0000000 0.0000000
vn 0.0000000 -1.0000000 0.0000000
vn 0.0000000 -1.0000000 0.0000000
vn 0.0000000 0.0000000 1.0000000
vn 0.0000000 0.0000000 1.0000000
vn 0.0000000 0.0000000 1.0000000
vn 0.0000000 0.0000000 1.0000000
vn 0.0000000 0.0000000 -1.0000000
vn 0.0000000 0.0000000 -1.0000000
vn 0.0000000 0.0000000 -1.0000000
vn 0.0000000 0.0000000 -1.0000000
vn 1.0000000 0.0000000 0.0000000
vn 1.0000000 0.0000000 0.0000000
vn 1.0000000 0.0000000 0.0000000
vn 1.0000000 0.0000000 0.0000000
vn -1.0000000 0.0000000 0.0000000
vn -1.0000000 0.0000000 0.0000000
vn -1.0000000 0.0000000 0.0000000
vn -1.0000000 0.0000000 0.0000000
vn 0.0000000 1.0000000 0.0000000
vn 0.0000000 1.0000000 0.0000000
vn 0.0000000 1.0000000 0.0000000
vn 0.0000000 1.0000000 0.0000000
vn 0.0000000 -1.0000000 0.0000000
vn 0.0000000 -1.0000000 0.0000000
vn 0.0000000 -1.0000000 0.0000000
vn 0.0000000 -1.0000000 0.0000000
vn 0.0000000 -1.0000000 0.0000000
vn 0.0000000 1.0000000 0.0000000
vn 1.0000000 0.0000000 0.0000000
vn 0.3090170 0.0000000 0.9510565
vn -0.8090170 0.0000000 0.5877853
vn -0.8090170 0.0000000 -0.5877853
vn 0.3090170 0.0000000 -0.9510565
vn 0.0000000 0.0000000 1.0000000
vn 0.0000000 0.0000000 1.0000000
vn 0.0000000 0.0000000 1.0000000
vn 0.0000000 0.0000000 1.0000000
vn 0.0000000 0.0000000 -1.0000000
vn 0.0000000 0.0000000 -1.0000000
vn 0.0000000 0.0000000 -1.0000000
vn 0.0000000 0.0000000 -1.0000000
vn 1.0000000 0.0000000 0.0000000
vn 1.0000000 0.0000000 0.0000000
vn 1.0000000 0.0000000 0.0000000
vn 1.0000000 0.0000000 0.0000000
vn -1.0000000 0.0000000 0.0000000
vn -1.0000000 0.0000000 0.0000000
vn -1.0000000 0.0000000 0.0000000
vn -1.0000000 0.0000000 0.0000000
vn 0.0000000 1.0000000 0.0000000
vn 0.0000000 1.0000000 0.0000000
vn 0.0000000 1.0000000 0.0000000
vn 0.0000000 1.0000000 0.0000000
vn 0.0000000 -1.0000000 0.0000000
vn 0.0000000 -1.0000000 0.0000000
vn 0.0000000 -1.0000000 0.0000000
vn 0.0000000 -1.0000000 0.0000000
vn 0.0000000 0.0000000 1.0000000
vn 0.0000000 0.0000000 1.0000000
vn 0.0000000 0.0000000 1.0000000
vn 0.0000000 0.0000000 1.0000000
vn 0.0000000 0.0000000 -1.0000000
vn 0.0000000 0.0000000 -1.0000000
vn 0.0000000 0.0000000 -1.0000000
vn 0.0000000 0.0000000 -1.0000000
vn 1.0000000 0.0000000 0.0000000
vn 1.0000000 0.0000000 0.0000000
vn 1.0000000 0.0000000 0.0000000
vn 1.0000000 0.0000000 0.0000000
vn -1.0000000 0.0000000 0.0000000
vn -1.0000000 0.0000000 0.0000000
vn -1.0000000 0.0000000 0.0000000
vn -1.0000000 0.0000000 0.0000000
vn 0.0000000 1.0000000 0.0000000
vn 0.0000000 1.0000000 0.0000000
vn 0.0000000 1.0000000 0.0000000
vn 0.0000000 1.0000000 0.0000000
vn 0.0000000 -1.0000000 0.0000000
vn 0.0000000 -1.0000000 0.0000000
vn 0.0000000 -1.0000000 0.0000000
vn 0.0000000 -1.0000000 0.0000000
vn 0.0000000 0.0000000 1.0000000
vn 0.0000000 0.0000000 1.0000000
vn 0.0000000 0.0000000 1.0000000
vn 0.0000000 0.0000000 1.0000000
vn 0.0000000 0.0000000 -1.0000000
vn 0.0000000 0.0000000 -1.0000000
vn 0.0000000 0.0000000 -1.0000000
vn 0.0000000 0.0000000 -1.0000000
vn 1.0000000 0.0000000 0.0000000
vn 1.0000000 0.0000000 0.0000000
vn 1.0000000 0.0000000 0.0000000
vn 1.0000000 0.0000000 0.0000000
vn -1.0000000 0.0000000 0.0000000
vn -1.0000000 0.0000000 0.0000000
vn -1.0000000 0.0000000 0.0000000
vn -1.0000000 0.0000000 0.0000000
vn 0.0000000 1.0000000 0.0000000
vn 0.0000000 1.0000000 0.0000000
vn 0.0000000 1.0000000 0.0000000
vn 0.0000000 1.0000000 0.0000000
vn 0.0000000 -1.0000000 0.0000000
vn 0.0000000 -1.0000000 0.0000000
vn 0.0000000 -1.0000000 0.0000000
vn 0.0000000 -1.0000000 0.0000000
vn 0.0000000 0.0000000 1.0000000
vn 0.0000000 0.0000000 1.0000000
vn 0.0000000 0.0000000 1.0000000
vn 0.0000000 0.0000000 1.0000000
vn 0.0000000 0.0000000 -1.0000000
vn 0.0000000 0.0000000 -1.0000000
vn 0.0000000 0.0000000 -1.0000000
vn 0.0000000 0.0000000 -1.0000000
vn 1.0000000 0.0000000 0.0000000
vn 1.0000000 0.0000000 0.0000000
vn 1.0000000 0.0000000 0.0000000
vn 1.0000000 0.0000000 0.0000000
vn -1.0000000 0.0000000 0.0000000
vn -1.0000000 0.0000000 0.0000000
vn -1.0000000 0.0000000 0.0000000
vn -1.0000000 0.0000000 0.0000000
vn 0.0000000 1.0000000 0.0000000
vn 0.0000000 1.0000000 0.0000000
vn 0.0000000 1.0000000 0.0000000
vn 0.0000000 1.0000000 0.0000000
vn 0.0000000 -1.0000000 0.0000000
vn 0.0000000 -1.0000000 0.0000000
vn 0.0000000 -1.0000000 0.0000000
vn 0.0000000 -1.0000000 0.0000000
vn 0.0000000 0.0000000 1.0000000
vn 0.0000000 0.0000000 1.0000000
vn 0.0000000 0.0000000 1.0000000
vn 0.0000000 0.0000000 1.0000000
vn 0.0000000 0.0000000 -1.0000000
vn 0.0000000 0.0000000 -1.0000000
vn 0.0000000 0.0000000 -1.0000000
vn 0.0000000 0.0000000 -1.0000000
vn 1.0000000 0.0000000 0.0000000
vn 1.0000000 0.0000000 0.0000000
vn 1.0000000 0.0000000 0.0000000
vn 1.0000000 0.0000000 0.0000000
vn -1.0000000 0.0000000 0.0000000
vn -1.0000000 0.0000000 0.0000000
vn -1.0000000 0.0000000 0.0000000
vn -1.0000000 0.0000000 0.0000000
vn 0.0000000 1.0000000 0.0000000
vn 0.0000000 1.0000000 0.0000000
vn 0.0000000 1.0000000 0.0000000
vn 0.0000000 1.0000000 0.0000000
vn 0.0000000 -1.0000000 0.0000000
vn 0.0000000 -1.0000000 0.0000000
vn 0.0000000 -1.0000000 0.0000000
vn 0.0000000 -1.0000000 0.0000000
vn 0.0000000 0.0000000 1.0000000
vn 0.0000000 0.0000000 1.0000000
vn 0.0000000 0.0000000 1.0000000
vn 0.0000000 0.0000000 1.0000000
vn 0.0000000 0.0000000 -1.0000000
vn 0.0000000 0.0000000 -1.0000000
vn 0.0000000 0.0000000 -1.0000000
vn 0.0000000 0.0000000 -1.0000000
vn 1.0000000 0.0000000 0.0000000
vn 1.0000000 0.0000000 0.0000000
vn 1.0000000 0.0000000 0.0000000
vn 1.0000000 0.0000000 0.0000000
vn -1.0000000 0.0000000 0.0000000
vn -1.0000000 0.0000000 0.0000000
vn -1.0000000 0.0000000 0.0000000
vn -1.0000000 0.0000000 0.0000000
vn 0.0000000 1.0000000 0.0000000
vn 0.0000000 1.0000000 0.0000000
vn 0.0000000 1.0000000 0.0000000
vn 0.0000000 1.0000000 0.0000000
vn 0.0000000 -1.0000000 0.0000000
vn 0.0000000 -1.0000000 0.0000000
vn 0.0000000 -1.0000000 0.0000000
vn 0.0000000 -1.0000000 0.0000000
vn 0.0000000 1.0000000 0.0000000
vn 0.0000000 -1.0000000 0.0000000
vn 0.1581721 -0.9874116 0.0000000
vn 0.1581721 -0.9874116 0.0000000
vn 0.0000000 1.0000000 0.0000000
vn 0.0000000 -1.0000000 0.0000000
vn 0.1366625 -0.9851155 0.1042636
vn 0.1366625 -0.9851155 0.1042636
vn 0.0000000 1.0000000 0.0000000
vn 0.0000000 -1.0000000 0.0000000
vn 0.0785382 -0.9805709 0.1797567
vn 0.0785382 -0.9805709 0.1797567
vn 0.0000000 1.0000000 0.0000000
vn 0.0000000 -1.0000000 0.0000000
vn 0.0000000 -0.9783221 0.2070891
vn 0.0000000 -0.9783221 0.2070891
vn 0.0000000 1.0000000 0.0000000
vn 0.0000000 -1.0000000 0.0000000
vn -0.0785382 -0.9805709 0.1797567
vn -0.0785382 -0.9805709 0.1797567
vn 0.0000000 1.0000000 0.0000000
vn 0.0000000 -1.0000000 0.0000000
vn -0.1366625 -0.9851155 0.1042636
vn -0.1366625 -0.9851155 0.1042636
vn 0.0000000 1.0000000 0.0000000
vn 0.0000000 -1.0000000 0.0000000
vn -0.1581721 -0.9874116 0.0000000
vn -0.1581721 -0.9874116 0.0000000
vn 0.0000000 1.0000000 0.0000000
vn 0.0000000 -1.0000000 0.0000000
vn -0.1366625 -0.9851155 -0.1042636
vn -0.1366625 -0.9851155 -0.1042636
vn 0.0000000 1.0000000 0.0000000
vn 0.0000000 -1.0000000 0.0000000
vn -0.0785382 -0.9805709 -0.1797567
vn -0.0785382 -0.9805709 -0.1797567
vn 0.0000000 1.0000000 0.0000000
vn 0.0000000 -1.0000000 0.0000000
vn -0.0000000 -0.9783221 -0.2070891
vn -0.0000000 -0.9783221 -0.2070891
vn 0.0000000 1.0000000 0.0000000
vn 0.0000000 -1.0000000 0.0000000
vn 0.0785382 -0.9805709 -0.1797567
vn 0.0785382 -0.9805709 -0.1797567
vn 0.0000000 1.0000000 0.0000000
vn 0.0000000 -1.0000000 0.0000000
vn 0.1366625 -0.9851155 -0.1042636
vn 0.1366625 -0.9851155 -0.1042636
vn 0.0000000 1.0000000 0.0000000
vn 0.0000000 -1.0000000 0.0000000
vn 0.0000000 1.0000000 0.0000000
vn 0.0000000 -1.0000000 0.0000000
vn 0.3042946 -0.9525780 0.0000000
vn 0.3042946 -0.9525780 0.0000000
vn 0.0000000 1.0000000 0.0000000
vn 0.0000000 -1.0000000 0.0000000
vn 0.2249293 -0.9191752 0.3233013
vn 0.2249293 -0.9191752 0.3233013
vn 0.0000000 1.0000000 0.0000000
vn 0.0000000 -1.0000000 0.0000000
vn 0.0487737 -0.8792691 0.4738217
vn 0.0487737 -0.8792691 0.4738217
vn 0.0000000 1.0000000 0.0000000
vn 0.0000000 -1.0000000 0.0000000
vn -0.1428549 -0.8943995 0.4238419
vn -0.1428549 -0.8943995 0.4238419
vn 0.0000000 1.0000000 0.0000000
vn 0.0000000 -1.0000000 0.0000000
vn -0.2829943 -0.9427534 0.1764377
vn -0.2829943 -0.9427534 0.1764377
vn 0.0000000 1.0000000 0.0000000
vn 0.0000000 -1.0000000 0.0000000
vn -0.2829943 -0.9427534 -0.1764377
vn -0.2829943 -0.9427534 -0.1764377
vn 0.0000000 1.0000000 0.0000000
vn 0.0000000 -1.0000000 0.0000000
vn -0.1428549 -0.8943995 -0.4238419
vn -0.1428549 -0.8943995 -0.4238419
vn 0.0000000 1.0000000 0.0000000
vn 0.0000000 -1.0000000 0.0000000
vn 0.0487737 -0.8792691 -0.4738217
vn 0.0487737 -0.8792691 -0.4738217
vn 0.0000000 1.0000000 0.0000000
vn 0.0000000 -1.0000000 0.0000000
vn 0.2249293 -0.9191752 -0.3233013
vn 0.2249293 -0.9191752 -0.3233013
vn 0.0000000 1.0000000 0.0000000
vn 0.0000000 -1.0000000 0.0000000
vn 0.0000000 1.0000000 0.0000000
vn 0.0000000 -1.0000000 0.0000000
vn 0.3403458 -0.9403003 0.0000000
vn 0.3403458 -0.9403003 0.0000000
vn 0.0000000 1.0000000 0.0000000
vn 0.0000000 -1.0000000 0.0000000
vn 0.2554880 -0.9214308 0.2927307
vn 0.2554880 -0.9214308 0.2927307
vn 0.0000000 1.0000000 0.0000000
vn 0.0000000 -1.0000000 0.0000000
vn 0.0564239 -0.8977160 0.4369466
vn 0.0564239 -0.8977160 0.4369466
vn 0.0000000 1.0000000 0.0000000
vn 0.0000000 -1.0000000 0.0000000
vn -0.1641212 -0.9068611 0.3881588
vn -0.1641212 -0.9068611 0.3881588
vn 0.0000000 1.0000000 0.0000000
vn 0.0000000 -1.0000000 0.0000000
vn -0.3179635 -0.9348407 0.1580255
vn -0.3179635 -0.9348407 0.1580255
vn 0.0000000 1.0000000 0.0000000
vn 0.0000000 -1.0000000 0.0000000
vn -0.3179635 -0.9348407 -0.1580255
vn -0.3179635 -0.9348407 -0.1580255
vn 0.0000000 1.0000000 0.0000000
vn 0.0000000 -1.0000000 0.0000000
vn -0.1641212 -0.9068611 -0.3881588
vn -0.1641212 -0.9068611 -0.3881588
vn 0.0000000 1.0000000 0.0000000
vn 0.0000000 -1.0000000 0.0000000
vn 0.0564239 -0.8977160 -0.4369466
vn 0.0564239 -0.8977160 -0.4369466
vn 0.0000000 1.0000000 0.0000000
vn 0.0000000 -1.0000000 0.0000000
vn 0.2554880 -0.9214308 -0.2927307
vn 0.2554880 -0.9214308 -0.2927307
vn 0.0000000 1.0000000 0.0000000
vn 0.0000000 -1.0000000 0.0000000
vn 0.0000000 1.0000000 0.0000000
vn 0.0000000 -1.0000000 0.0000000
vn 0.3911068 -0.9203453 0.0000000
vn 0.3911068 -0.9203453 0.0000000
vn 0.0000000 1.0000000 0.0000000
vn 0.0000000 -1.0000000 0.0000000
vn 0.2887671 -0.8870520 0.3602114
vn 0.2887671 -0.8870520 0.3602114
vn 0.0000000 1.0000000 0.0000000
vn 0.0000000 -1.0000000 0.0000000
vn 0.0625339 -0.8474239 0.5272213
vn 0.0625339 -0.8474239 0.5272213
vn 0.0000000 1.0000000 0.0000000
vn 0.0000000 -1.0000000 0.0000000
vn -0.1832478 -0.8624305 0.4718409
vn -0.1832478 -0.8624305 0.4718409
vn 0.0000000 1.0000000 0.0000000
vn 0.0000000 -1.0000000 0.0000000
vn -0.3636051 -0.9105410 0.1967397
vn -0.3636051 -0.9105410 0.1967397
vn 0.0000000 1.0000000 0.0000000
vn 0.0000000 -1.0000000 0.0000000
vn -0.3636051 -0.9105410 -0.1967397
vn -0.3636051 -0.9105410 -0.1967397
vn 0.0000000 1.0000000 0.0000000
vn 0.0000000 -1.0000000 0.0000000
vn -0.1832478 -0.8624305 -0.4718409
vn -0.1832478 -0.8624305 -0.4718409
vn 0.0000000 1.0000000 0.0000000
vn 0.0000000 -1.0000000 0.0000000
vn 0.0625339 -0.8474239 -0.5272213
vn 0.0625339 -0.8474239 -0.5272213
vn 0.0000000 1.0000000 0.0000000
vn 0.0000000 -1.0000000 0.0000000
vn 0.2887671 -0.8870520 -0.3602114
vn 0.2887671 -0.8870520 -0.3602114
vn 0.0000000 1.0000000 0.0000000
vn 0.0000000 -1.0000000 0.0000000
vn 0.0000000 1.0000000 0.0000000
vn 0.0000000 -1.0000000 0.0000000
vn 0.0743306 -0.9972337 0.0000000
vn 0.0743306 -0.9972337 0.0000000
vn 0.0000000 1.0000000 0.0000000
vn 0.0000000 -1.0000000 0.0000000
vn 0.0643390 -0.9967202 0.0490860
vn 0.0643390 -0.9967202 0.0490860
vn 0.0000000 1.0000000 0.0000000
vn 0.0000000 -1.0000000 0.0000000
vn 0.0371080 -0.9956955 0.0849320
vn 0.0371080 -0.9956955 0.0849320
vn 0.0000000 1.0000000 0.0000000
vn 0.0000000 -1.0000000 0.0000000
vn 0.0000000 -0.9951844 0.0980207
vn 0.0000000 -0.9951844 0.0980207
vn 0.0000000 1.0000000 0.0000000
vn 0.0000000 -1.0000000 0.0000000
vn -0.0371080 -0.9956955 0.0849320
vn -0.0371080 -0.9956955 0.0849320
vn 0.0000000 1.0000000 0.0000000
vn 0.0000000 -1.0000000 0.0000000
vn -0.0643390 -0.9967202 0.0490860
vn -0.0643390 -0.9967202 0.0490860
vn 0.0000000 1.0000000 0.0000000
vn 0.0000000 -1.0000000 0.0000000
vn -0.0743306 -0.9972337 0.0000000
vn -0.0743306 -0.9972337 0.0000000
vn 0.0000000 1.0000000 0.0000000
vn 0.0000000 -1.0000000 0.0000000
vn -0.0643390 -0.9967202 -0.0490860
vn -0.0643390 -0.9967202 -0.0490860
vn 0.0000000 1.0000000 0.0000000
vn 0.0000000 -1.0000000 0.0000000
vn -0.0371080 -0.9956955 -0.0849320
vn -0.0371080 -0.9956955 -0.0849320
vn 0.0000000 1.0000000 0.0000000
vn 0.0000000 -1.0000000 0.0000000
vn -0.0000000 -0.9951844 -0.0980207
vn -0.0000000 -0.9951844 -0.0980207
vn 0.0000000 1.0000000 0.0000000
vn 0.0000000 -1.0000000 0.0000000
vn 0.0371080 -0.9956955 -0.0849320
vn 0.0371080 -0.9956955 -0.0849320
vn 0.0000000 1.0000000 0.0000000
vn 0.0000000 -1.0000000 0.0000000
vn 0.0643390 -0.9967202 -0.0490860
vn 0.0643390 -0.9967202 -0.0490860
vn 0.0000000 1.0000000 0.0000000
vn 0.0000000 -1.0000000 0.0000000
vn 0.0000000 1.0000000 0.0000000
vn 0.0000000 -1.0000000 0.0000000
vn 1.0000000 0.0000000 0.0000000
vn 1.0000000 0.0000000 0.0000000
vn 0.0000000 1.0000000 0.0000000
vn 0.0000000 -1.0000000 0.0000000
vn 0.8771943 0.0000000 0.4801355
vn 0.8771943 0.0000000 0.4801355
vn 0.0000000 1.0000000 0.0000000
vn 0.0000000 -1.0000000 0.0000000
vn 0.6034427 0.0000000 0.7974064
vn 0.6034427 0.0000000 0.7974064
vn 0.0000000 1.0000000 0.0000000
vn 0.0000000 -1.0000000 0.0000000
vn 0.2991085 0.0000000 0.9542191
vn 0.2991085 0.0000000 0.9542191
vn 0.0000000 1.0000000 0.0000000
vn 0.0000000 -1.0000000 0.0000000
vn 0.0000000 0.0000000 1.0000000
vn 0.0000000 0.0000000 1.0000000
vn 0.0000000 1.0000000 0.0000000
vn 0.0000000 -1.0000000 0.0000000
vn -0.2991085 0.0000000 0.9542191
vn -0.2991085 0.0000000 0.9542191
vn 0.0000000 1.0000000 0.0000000
vn 0.0000000 -1.0000000 0.0000000
vn -0.6034427 0.0000000 0.7974064
vn -0.6034427 0.0000000 0.7974064
vn 0.0000000 1.0000000 0.0000000
vn 0.0000000 -1.0000000 0.0000000
vn -0.8771943 0.0000000 0.4801355
vn -0.8771943 0.0000000 0.4801355
vn 0.0000000 1.0000000 0.0000000
vn 0.0000000 -1.0000000 0.0000000
vn -1.0000000 0.0000000 0.0000000
vn -1.0000000 0.0000000 0.0000000
vn 0.0000000 1.0000000 0.0000000
vn 0.0000000 -1.0000000 0.0000000
vn -0.8771943 0.0000000 -0.4801355
vn -0.8771943 0.0000000 -0.4801355
vn 0.0000000 1.0000000 0.0000000
vn 0.0000000 -1.0000000 0.0000000
vn -0.6034427 0.0000000 -0.7974064
vn -0.6034427 0.0000000 -0.7974064
vn 0.0000000 1.0000000 0.0000000
vn 0.0000000 -1.0000000 0.0000000
vn -0.2991085 0.0000000 -0.9542191
vn -0.2991085 0.0000000 -0.9542191
vn 0.0000000 1.0000000 0.0000000
vn 0.0000000 -1.0000000 0.0000000
vn -0.0000000 0.0000000 -1.0000000
vn -0.0000000 0.0000000 -1.0000000
vn 0.0000000 1.0000000 0.0000000
vn 0.0000000 -1.0000000 0.0000000
vn 0.2991085 0.0000000 -0.9542191
vn 0.2991085 0.0000000 -0.9542191
vn 0.0000000 1.0000000 0.0000000
vn 0.0000000 -1.0000000 0.0000000
vn 0.6034427 0.0000000 -0.7974064
vn 0.6034427 0.0000000 -0.7974064
vn 0.0000000 1.0000000 0.0000000
vn 0.0000000 -1.0000000 0.0000000
vn 0.8771943 0.0000000 -0.4801355
vn 0.8771943 0.0000000 -0.4801355
vn 0.0000000 1.0000000 0.0000000
vn 0.0000000 -1.0000000 0.0000000
vn 0.0000000 1.0000000 0.0000000
vn 0.0000000 -1.0000000 0.0000000
vn 1.0000000 0.0000000 0.0000000
vn 1.0000000 0.0000000 0.0000000
vn 0.0000000 1.0000000 0.0000000
vn 0.0000000 -1.0000000 0.0000000
vn 0.8771943 0.0000000 0.4801355
vn 0.8771943 0.0000000 0.4801355
vn 0.0000000 1.0000000 0.0000000
vn 0.0000000 -1.0000000 0.0000000
vn 0.6034427 0.0000000 0.7974064
vn 0.6034427 0.0000000 0.7974064
vn 0.0000000 1.0000000 0.0000000
vn 0.0000000 -1.0000000 0.0000000
vn 0.2991085 0.0000000 0.9542191
vn 0.2991085 0.0000000 0.9542191
vn 0.0000000 1.0000000 0.0000000
vn 0.0000000 -1.0000000 0.0000000
vn 0.0000000 0.0000000 1.0000000
vn 0.0000000 0.0000000 1.0000000
vn 0.0000000 1.0000000 0.0000000
vn 0.0000000 -1.0000000 0.0000000
vn -0.2991085 0.0000000 0.9542191
vn -0.2991085 0.0000000 0.9542191
vn 0.0000000 1.0000000 0.0000000
vn 0.0000000 -1.0000000 0.0000000
vn -0.6034427 0.0000000 0.7974064
vn -0.6034427 0.0000000 0.7974064
vn 0.0000000 1.0000000 0.0000000
vn 0.0000000 -1.0000000 0.0000000
vn -0.8771943 0.0000000 0.4801355
vn -0.8771943 0.0000000 0.4801355
vn 0.0000000 1.0000000 0.0000000
vn 0.0000000 -1.0000000 0.0000000
vn -1.0000000 0.0000000 0.0000000
vn -1.0000000 0.0000000 0.0000000
vn 0.0000000 1.0000000 0.0000000
vn 0.0000000 -1.0000000 0.0000000
vn -0.8771943 0.0000000 -0.4801355
vn -0.8771943 0.0000000 -0.4801355
vn 0.0000000 1.0000000 0.0000000
vn 0.0000000 -1.0000000 0.0000000
vn -0.6034427 0.0000000 -0.7974064
vn -0.6034427 0.0000000 -0.7974064
vn 0.0000000 1.0000000 0.0000000
vn 0.0000000 -1.0000000 0.0000000
vn -0.2991085 0.0000000 -0.9542191
vn -0.2991085 0.0000000 -0.9542191
vn 0.0000000 1.0000000 0.0000000
vn 0.0000000 -1.0000000 0.0000000
vn -0.0000000 0.0000000 -1.0000000
vn -0.0000000 0.0000000 -1.0000000
vn 0.0000000 1.0000000 0.0000000
vn 0.0000000 -1.0000000 0.0000000
vn 0.2991085 0.0000000 -0.9542191
vn 0.2991085 0.0000000 -0.9542191
vn 0.0000000 1.0000000 0.0000000
vn 0.0000000 -1.0000000 0.0000000
vn 0.6034427 0.0000000 -0.7974064
vn 0.6034427 0.0000000 -0.7974064
vn 0.0000000 1.0000000 0.0000000
vn 0.0000000 -1.0000000 0.0000000
vn 0.8771943 0.0000000 -0.4801355
vn 0.8771943 0.0000000 -0.4801355
vn 0.0000000 1.0000000 0.0000000
vn 0.0000000 -1.0000000 0.0000000
vn 0.0000000 0.0000000 1.0000000
vn 0.0000000 0.0000000 1.0000000
vn 0.0000000 0.0000000 1.0000000
vn 0.0000000 0.0000000 1.0000000
vn 0.0000000 0.0000000 -1.0000000
vn 0.0000000 0.0000000 -1.0000000
vn 0.0000000 0.0000000 -1.0000000
vn 0.0000000 0.0000000 -1.0000000
vn 1.0000000 0.0000000 0.0000000
vn 1.0000000 0.0000000 0.0000000
vn 1.0000000 0.0000000 0.0000000
vn 1.0000000 0.0000000 0.0000000
vn -1.0000000 0.0000000 0.0000000
vn -1.0000000 0.0000000 0.0000000
vn -1.0000000 0.0000000 0.0000000
vn -1.0000000 0.0000000 0.0000000
vn 0.0000000 1.0000000 0.0000000
vn 0.0000000 1.0000000 0.0000000
vn 0.0000000 1.0000000 0.0000000
vn 0.0000000 1.0000000 0.0000000
vn 0.0000000 -1.0000000 0.0000000
vn 0.0000000 -1.0000000 0.0000000
vn 0.0000000 -1.0000000 0.0000000
vn 0.0000000 -1.0000000 0.0000000
vn 0.0000000 0.0000000 1.0000000
vn 0.0000000 0.0000000 1.0000000
vn 0.0000000 0.0000000 1.0000000
vn 0.0000000 0.0000000 1.0000000
vn 0.0000000 0.0000000 -1.0000000
vn 0.0000000 0.0000000 -1.0000000
vn 0.0000000 0.0000000 -1.0000000
vn 0.0000000 0.0000000 -1.0000000
vn 1.0000000 0.0000000 0.0000000
vn 1.0000000 0.0000000 0.0000000
vn 1.0000000 0.0000000 0.0000000
vn 1.0000000 0.0000000 0.0000000
vn -1.0000000 0.0000000 0.0000000
vn -1.0000000 0.0000000 0.0000000
vn -1.0000000 0.0000000 0.0000000
vn -1.0000000 0.0000000 0.0000000
vn 0.0000000 1.0000000 0.0000000
vn 0.0000000 1.0000000 0.0000000
vn 0.0000000 1.0000000 0.0000000
vn 0.0000000 1.0000000 0.0000000
vn 0.0000000 -1.0000000 0.0000000
vn 0.0000000 -1.0000000 0.0000000
vn 0.0000000 -1.0000000 0.0000000
vn 0.0000000 -1.0000000 0.0000000
vn 0.0000000 0.0000000 1.0000000
vn 0.0000000 0.0000000 1.0000000
vn 0.0000000 0.0000000 1.0000000
vn 0.0000000 0.0000000 1.0000000
vn 0.0000000 0.0000000 -1.0000000
vn 0.0000000 0.0000000 -1.0000000
vn 0.0000000 0.0000000 -1.0000000
vn 0.0000000 0.0000000 -1.0000000
vn 1.0000000 0.0000000 0.0000000
vn 1.0000000 0.0000000 0.0000000
vn 1.0000000 0.0000000 0.0000000
vn 1.0000000 0.0000000 0.0000000
vn -1.0000000 0.0000000 0.0000000
vn -1.0000000 0.0000000 0.0000000
vn -1.0000000 0.0000000 0.0000000
vn -1.0000000 0.0000000 0.0000000
vn 0.0000000 1.0000000 0.0000000
vn 0.0000000 1.0000000 0.0000000
vn 0.0000000 1.0000000 0.0000000
vn 0.0000000 1.0000000 0.0000000
vn 0.0000000 -1.0000000 0.0000000
vn 0.0000000 -1.0000000 0.0000000
vn 0.0000000 -1.0000000 0.0000000
vn 0.0000000 -1.0000000 0.0000000
vn 0.0000000 -1.0000000 0.0000000
vn 0.0000000 1.0000000 0.0000000
vn 1.0000000 0.0000000 0.0000000
vn 0.3090170 0.0000000 0.9510565
vn -0.8090170 0.0000000 0.5877853
vn -0.8090170 0.0000000 -0.5877853
vn 0.3090170 0.0000000 -0.9510565
vn 0.0000000 0.0000000 1.0000000
vn 0.0000000 0.0000000 1.0000000
vn 0.0000000 0.0000000 1.0000000
vn 0.0000000 0.0000000 1.0000000
vn 0.0000000 0.0000000 -1.0000000
vn 0.0000000 0.0000000 -1.0000000
vn 0.0000000 0.0000000 -1.0000000
vn 0.0000000 0.0000000 -1.0000000
vn 1.0000000 0.0000000 0.0000000
vn 1.0000000 0.0000000 0.0000000
vn 1.0000000 0.0000000 0.0000000
vn 1.0000000 0.0000000 0.0000000
vn -1.0000000 0.0000000 0.0000000
vn -1.0000000 0.0000000 0.0000000
vn -1.0000000 0.0000000 0.0000000
vn -1.0000000 0.0000000 0.0000000
vn 0.0000000 1.0000000 0.0000000
vn 0.0000000 1.0000000 0.0000000
vn 0.0000000 1.0000000 0.0000000
vn 0.0000000 1.0000000 0.0000000
vn 0.0000000 -1.0000000 0.0000000
vn 0.0000000 -1.0000000 0.0000000
vn 0.0000000 -1.0000000 0.0000000
vn 0.0000000 -1.0000000 0.0000000
vn 0.0000000 0.0000000 1.0000000
vn 0.0000000 0.0000000 1.0000000
vn 0.0000000 0.0000000 1.0000000
vn 0.0000000 0.0000000 1.0000000
vn 0.0000000 0.0000000 -1.0000000
vn 0.0000000 0.0000000 -1.0000000
vn 0.0000000 0.0000000 -1.0000000
vn 0.0000000 0.0000000 -1.0000000
vn 1.0000000 0.0000000 0.0000000
vn 1.0000000 0.0000000 0.0000000
vn 1.0000000 0.0000000 0.0000000
vn 1.0000000 0.0000000 0.0000000
vn -1.0000000 0.0000000 0.0000000
vn -1.0000000 0.0000000 0.0000000
vn -1.0000000 0.0000000 0.0000000
vn -1.0000000 0.0000000 0.0000000
vn 0.0000000 1.0000000 0.0000000
vn 0.0000000 1.0000000 0.0000000
vn 0.0000000 1.0000000 0.0000000
vn 0.0000000 1.0000000 0.0000000
vn 0.0000000 -1.0000000 0.0000000
vn 0.0000000 -1.0000000 0.0000000
vn 0.0000000 -1.0000000 0.0000000
vn 0.0000000 -1.0000000 0.0000000
vn 0.0000000 0.0000000 1.0000000
vn 0.0000000 0.0000000 1.0000000
vn 0.0000000 0.0000000 1.0000000
vn 0.0000000 0.0000000 1.0000000
vn 0.0000000 0.0000000 -1.0000000
vn 0.0000000 0.0000000 -1.0000000
vn 0.0000000 0.0000000 -1.0000000
vn 0.0000000 0.0000000 -1.0000000
vn 1.0000000 0.0000000 0.0000000
vn 1.0000000 0.0000000 0.0000000
vn 1.0000000 0.0000000 0.0000000
vn 1.0000000 0.0000000 0.0000000
vn -1.0000000 0.0000000 0.0000000
vn -1.0000000 0.0000000 0.0000000
vn -1.0000000 0.0000000 0.0000000
vn -1.0000000 0.0000000 0.0000000
vn 0.0000000 1.0000000 0.0000000
vn 0.0000000 1.0000000 0.0000000
vn 0.0000000 1.0000000 0.0000000
vn 0.0000000 1.0000000 0.0000000
vn 0.0000000 -1.0000000 0.0000000
vn 0.0000000 -1.0000000 0.0000000
vn 0.0000000 -1.0000000 0.0000000
vn 0.0000000 -1.0000000 0.0000000
vn 0.0000000 -1.0000000 0.0000000
vn 0.0000000 1.0000000 0.0000000
vn 1.0000000 0.0000000 0.0000000
vn 0.3090170 0.0000000 0.9510565
vn -0.8090170 0.0000000 0.5877853
vn -0.8090170 0.0000000 -0.5877853
vn 0.3090170 0.0000000 -0.9510565
vn 0.0000000 0.0000000 1.0000000
vn 0.0000000 0.0000000 1.0000000
vn 0.0000000 0.0000000 1.0000000
vn 0.0000000 0.0000000 1.0000000
vn 0.0000000 0.0000000 -1.0000000
vn 0.0000000 0.0000000 -1.0000000
vn 0.0000000 0.0000000 -1.0000000
vn 0.0000000 0.0000000 -1.0000000
vn 1.0000000 0.0000000 0.0000000
vn 1.0000000 0.0000000 0.0000000
vn 1.0000000 0.0000000 0.0000000
vn 1.0000000 0.0000000 0.0000000
vn -1.0000000 0.0000000 0.0000000
vn -1.0000000 0.0000000 0.0000000
vn -1.0000000 0.0000000 0.0000000
vn -1.0000000 0.0000000 0.0000000
vn 0.0000000 1.0000000 0.0000000
vn 0.0000000 1.0000000 0.0000000
vn 0.0000000 1.0000000 0.0000000
vn 0.0000000 1.0000000 0.0000000
vn 0.0000000 -1.0000000 0.0000000
vn 0.0000000 -1.0000000 0.0000000
vn 0.0000000 -1.0000000 0.0000000
vn 0.0000000 -1.0000000 0.0000000
vn 0.0000000 0.0000000 1.0000000
vn 0.0000000 0.0000000 1.0000000
vn 0.0000000 0.0000000 1.0000000
vn 0.0000000 0.0000000 1.0000000
vn 0.0000000 0.0000000 -1.0000000
vn 0.0000000 0.0000000 -1.0000000
vn 0.0000000 0.0000000 -1.0000000
vn 0.0000000 0.0000000 -1.0000000
vn 1.0000000 0.0000000 0.0000000
vn 1.0000000 0.0000000 0.0000000
vn 1.0000000 0.0000000 0.0000000
vn 1.0000000 0.0000000 0.0000000
vn -1.0000000 0.0000000 0.0000000
vn -1.0000000 0.0000000 0.0000000
vn -1.0000000 0.0000000 0.0000000
vn -1.0000000 0.0000000 0.0000000
vn 0.0000000 1.0000000 0.0000000
vn 0.0000000 1.0000000 0.0000000
vn 0.0000000 1.0000000 0.0000000
vn 0.0000000 1.0000000 0.0000000
vn 0.0000000 -1.0000000 0.0000000
vn 0.0000000 -1.0000000 0.0000000
vn 0.0000000 -1.0000000 0.0000000
vn 0.0000000 -1.0000000 0.0000000
vn 0.0000000 0.0000000 1.0000000
vn 0.0000000 0.0000000 1.0000000
vn 0.0000000 0.0000000 1.0000000
vn 0.0000000 0.0000000 1.0000000
vn 0.0000000 0.0000000 -1.0000000
vn 0.0000000 0.0000000 -1.0000000
vn 0.0000000 0.0000000 -1.0000000
vn 0.0000000 0.0000000 -1.0000000
vn 1.0000000 0.0000000 0.0000000
vn 1.0000000 0.0000000 0.0000000
vn 1.0000000 0.0000000 0.0000000
vn 1.0000000 0.0000000 0.0000000
vn -1.0000000 0.0000000 0.0000000
vn -1.0000000 0.0000000 0.0000000
vn -1.0000000 0.0000000 0.0000000
vn -1.0000000 0.0000000 0.0000000
vn 0.0000000 1.0000000 0.0000000
vn 0.0000000 1.0000000 0.0000000
vn 0.0000000 1.0000000 0.0000000
vn 0.0000000 1.0000000 0.0000000
vn 0.0000000 -1.0000000 0.0000000
vn 0.0000000 -1.0000000 0.0000000
vn 0.0000000 -1.0000000 0.0000000
vn 0.0000000 -1.0000000 0.0000000
vn 0.0000000 -1.0000000 0.0000000
vn 0.0000000 1.0000000 0.0000000
vn 1.0000000 0.0000000 0.0000000
vn 0.3090170 0.0000000 0.9510565
vn -0.8090170 0.0000000 0.5877853
vn -0.8090170 0.0000000 -0.5877853
vn 0.3090170 0.0000000 -0.9510565
vn 0.0000000 0.0000000 1.0000000
vn 0.0000000 0.0000000 1.0000000
vn 0.0000000 0.0000000 1.0000000
vn 0.0000000 0.0000000 1.0000000
vn 0.0000000 0.0000000 -1.0000000
vn 0.0000000 0.0000000 -1.0000000
vn 0.0000000 0.0000000 -1.0000000
vn 0.0000000 0.0000000 -1.0000000
vn 1.0000000 0.0000000 0.0000000
vn 1.0000000 0.0000000 0.0000000
vn 1.0000000 0.0000000 0.0000000
vn 1.0000000 0.0000000 0.0000000
vn -1.0000000 0.0000000 0.0000000
vn -1.0000000 0.0000000 0.0000000
vn -1.0000000 0.0000000 0.0000000
vn -1.0000000 0.0000000 0.0000000
vn 0.0000000 1.0000000 0.0000000
vn 0.0000000 1.0000000 0.0000000
vn 0.0000000 1.0000000 0.0000000
vn 0.0000000 1.0000000 0.0000000
vn 0.0000000 -1.0000000 0.0000000
vn 0.0000000 -1.0000000 0.0000000
vn 0.0000000 -1.0000000 0.0000000
vn 0.0000000 -1.0000000 0.0000000
vn 0.0000000 0.0000000 1.0000000
vn 0.0000000 0.0000000 1.0000000
vn 0.0000000 0.0000000 1.0000000
vn 0.0000000 0.0000000 1.0000000
vn 0.0000000 0.0000000 -1.0000000
vn 0.0000000 0.0000000 -1.0000000
vn 0.0000000 0.0000000 -1.0000000
vn 0.0000000 0.0000000 -1.0000000
vn 1.0000000 0.0000000 0.0000000
vn 1.0000000 0.0000000 0.0000000
vn 1.0000000 0.0000000 0.0000000
vn 1.0000000 0.0000000 0.0000000
vn -1.0000000 0.0000000 0.0000000
vn -1.0000000 0.0000000 0.0000000
vn -1.0000000 0.0000000 0.0000000
vn -1.0000000 0.0000000 0.0000000
vn 0.0000000 1.0000000 0.0000000
vn 0.0000000 1.0000000 0.0000000
vn 0.0000000 1.0000000 0.0000000
vn 0.0000000 1.0000000 0.0000000
vn 0.0000000 -1.0000000 0.0000000
vn 0.0000000 -1.0000000 0.0000000
vn 0.0000000 -1.0000000 0.0000000
vn 0.0000000 -1.0000000 0.0000000
vn 0.0000000 0.0000000 1.0000000
vn 0.0000000 0.0000000 1.0000000
vn 0.0000000 0.0000000 1.0000000
vn 0.0000000 0.0000000 1.0000000
vn 0.0000000 0.0000000 -1.0000000
vn 0.0000000 0.0000000 -1.0000000
vn 0.0000000 0.0000000 -1.0000000
vn 0.0000000 0.0000000 -1.0000000
vn 1.0000000 0.0000000 0.0000000
vn 1.0000000 0.0000000 0.0000000
vn 1.0000000 0.0000000 0.0000000
vn 1.0000000 0.0000000 0.0000000
vn -1.0000000 0.0000000 0.0000000
vn -1.0000000 0.0000000 0.0000000
vn -1.0000000 0.0000000 0.0000000
vn -1.0000000 0.0000000 0.0000000
vn 0.0000000 1.0000000 0.0000000
vn 0.0000000 1.0000000 0.0000000
vn 0.0000000 1.0000000 0.0000000
vn 0.0000000 1.0000000 0.0000000
vn 0.0000000 -1.0000000 0.0000000
vn 0.0000000 -1.0000000 0.0000000
vn 0.0000000 -1.0000000 0.0000000
vn 0.0000000 -1.0000000 0.0000000
vn 0.0000000 0.0000000 1.0000000
vn 0.0000000 0.0000000 1.0000000
vn 0.0000000 0.0000000 1.0000000
vn 0.0000000 0.0000000 1.0000000
vn 0.0000000 0.0000000 -1.0000000
vn 0.0000000 0.0000000 -1.0000000
vn 0.0000000 0.0000000 -1.0000000
vn 0.0000000 0.0000000 -1.0000000
vn 1.0000000 0.0000000 0.0000000
vn 1.0000000 0.0000000 0.0000000
vn 1.0000000 0.0000000 0.0000000
vn 1.0000000 0.0000000 0.0000000
vn -1.0000000 0.0000000 0.0000000
vn -1.0000000 0.0000000 0.0000000
vn -1.0000000 0.0000000 0.0000000
vn -1.0000000 0.0000000 0.0000000
vn 0.0000000 1.0000000 0.0000000
vn 0.0000000 1.0000000 0.0000000
vn 0.0000000 1.0000000 0.0000000
vn 0.0000000 1.0000000 0.0000000
vn 0.0000000 -1.0000000 0.0000000
vn 0.0000000 -1.0000000 0.0000000
vn 0.0000000 -1.0000000 0.0000000
vn 0.0000000 -1.0000000 0.0000000
vn 0.0000000 0.0000000 1.0000000
vn 0.0000000 0.0000000 1.0000000
vn 0.0000000 0.0000000 1.0000000
vn 0.0000000 0.0000000 1.0000000
vn 0.0000000 0.0000000 -1.0000000
vn 0.0000000 0.0000000 -1.0000000
vn 0.0000000 0.0000000 -1.0000000
vn 0.0000000 0.0000000 -1.0000000
vn 1.0000000 0.0000000 0.0000000
vn 1.0000000 0.0000000 0.0000000
vn 1.0000000 0.0000000 0.0000000
vn 1.0000000 0.0000000 0.0000000
vn -1.0000000 0.0000000 0.0000000
vn -1.0000000 0.0000000 0.0000000
vn -1.0000000 0.0000000 0.0000000
vn -1.0000000 0.0000000 0.0000000
vn 0.0000000 1.0000000 0.0000000
vn 0.0000000 1.0000000 0.0000000
vn 0.0000000 1.0000000 0.0000000
vn 0.0000000 1.0000000 0.0000000
vn 0.0000000 -1.0000000 0.0000000
vn 0.0000000 -1.0000000 0.0000000
vn 0.0000000 -1.0000000 0.0000000
vn 0.0000000 -1.0000000 0.0000000
vn 0.0000000 1.0000000 0.0000000
vn 0.0000000 -1.0000000 0.0000000
vn 0.1847347 -0.9827884 0.0000000
vn 0.1847347 -0.9827884 0.0000000
vn 0.0000000 1.0000000 0.0000000
vn 0.0000000 -1.0000000 0.0000000
vn 0.1594335 -0.9794012 0.1239121
vn 0.1594335 -0.9794012 0.1239121
vn 0.0000000 1.0000000 0.0000000
vn 0.0000000 -1.0000000 0.0000000
vn 0.0914220 -0.9727305 0.2131603
vn 0.0914220 -0.9727305 0.2131603
vn 0.0000000 1.0000000 0.0000000
vn 0.0000000 -1.0000000 0.0000000
vn 0.0000000 -0.9694459 0.2453051
vn 0.0000000 -0.9694459 0.2453051
vn 0.0000000 1.0000000 0.0000000
vn 0.0000000 -1.0000000 0.0000000
vn -0.0914220 -0.9727305 0.2131603
vn -0.0914220 -0.9727305 0.2131603
vn 0.0000000 1.0000000 0.0000000
vn 0.0000000 -1.0000000 0.0000000
vn -0.1594335 -0.9794012 0.1239121
vn -0.1594335 -0.9794012 0.1239121
vn 0.0000000 1.0000000 0.0000000
vn 0.0000000 -1.0000000 0.0000000
vn -0.1847347 -0.9827884 0.0000000
vn -0.1847347 -0.9827884 0.0000000
vn 0.0000000 1.0000000 0.0000000
vn 0.0000000 -1.0000000 0.0000000
vn -0.1594335 -0.9794012 -0.1239121
vn -0.1594335 -0.9794012 -0.1239121
vn 0.0000000 1.0000000 0.0000000
vn 0.0000000 -1.0000000 0.0000000
vn -0.0914220 -0.9727305 -0.2131603
vn -0.0914220 -0.9727305 -0.2131603
vn 0.0000000 1.0000000 0.0000000
vn 0.0000000 -1.0000000 0.0000000
vn -0.0000000 -0.9694459 -0.2453051
vn -0.0000000 -0.9694459 -0.2453051
vn 0.0000000 1.0000000 0.0000000
vn 0.0000000 -1.0000000 0.0000000
vn 0.0914220 -0.9727305 -0.2131603
vn 0.0914220 -0.9727305 -0.2131603
vn 0.0000000 1.0000000 0.0000000
vn 0.0000000 -1.0000000 0.0000000
vn 0.1594335 -0.9794012 -0.1239121
vn 0.1594335 -0.9794012 -0.1239121
vn 0.0000000 1.0000000 0.0000000
vn 0.0000000 -1.0000000 0.0000000
vn 0.0000000 1.0000000 0.0000000
vn 0.0000000 -1.0000000 0.0000000
vn 0.3509952 -0.9363773 0.0000000
vn 0.3509952 -0.9363773 0.0000000
vn 0.0000000 1.0000000 0.0000000
vn 0.0000000 -1.0000000 0.0000000
vn 0.2558887 -0.8911419 0.3746827
vn 0.2558887 -0.8911419 0.3746827
vn 0.0000000 1.0000000 0.0000000
vn 0.0000000 -1.0000000 0.0000000
vn 0.0546386 -0.8394201 0.5407296
vn 0.0546386 -0.8394201 0.5407296
vn 0.0000000 1.0000000 0.0000000
vn 0.0000000 -1.0000000 0.0000000
vn -0.1609487 -0.8587505 0.4864598
vn -0.1609487 -0.8587505 0.4864598
vn 0.0000000 1.0000000 0.0000000
vn 0.0000000 -1.0000000 0.0000000
vn -0.3250721 -0.9228763 0.2064641
vn -0.3250721 -0.9228763 0.2064641
vn 0.0000000 1.0000000 0.0000000
vn 0.0000000 -1.0000000 0.0000000
vn -0.3250721 -0.9228763 -0.2064641
vn -0.3250721 -0.9228763 -0.2064641
vn 0.0000000 1.0000000 0.0000000
vn 0.0000000 -1.0000000 0.0000000
vn -0.1609487 -0.8587505 -0.4864598
vn -0.1609487 -0.8587505 -0.4864598
vn 0.0000000 1.0000000 0.0000000
vn 0.0000000 -1.0000000 0.0000000
vn 0.0546386 -0.8394201 -0.5407296
vn 0.0546386 -0.8394201 -0.5407296
vn 0.0000000 1.0000000 0.0000000
vn 0.0000000 -1.0000000 0.0000000
vn 0.2558887 -0.8911419 -0.3746827
vn 0.2558887 -0.8911419 -0.3746827
vn 0.0000000 1.0000000 0.0000000
vn 0.0000000 -1.0000000 0.0000000
vn 0.0000000 1.0000000 0.0000000
vn 0.0000000 -1.0000000 0.0000000
vn 0.3909283 -0.9204211 0.0000000
vn 0.3909283 -0.9204211 0.0000000
vn 0.0000000 1.0000000 0.0000000
vn 0.0000000 -1.0000000 0.0000000
vn 0.2910018 -0.8943987 0.3396599
vn 0.2910018 -0.8943987 0.3396599
vn 0.0000000 1.0000000 0.0000000
vn 0.0000000 -1.0000000 0.0000000
vn 0.0636189 -0.8625925 0.5018833
vn 0.0636189 -0.8625925 0.5018833
vn 0.0000000 1.0000000 0.0000000
vn 0.0000000 -1.0000000 0.0000000
vn -0.1857639 -0.8747436 0.4475660
vn -0.1857639 -0.8747436 0.4475660
vn 0.0000000 1.0000000 0.0000000
vn 0.0000000 -1.0000000 0.0000000
vn -0.3643204 -0.9128242 0.1844525
vn -0.3643204 -0.9128242 0.1844525
vn 0.0000000 1.0000000 0.0000000
vn 0.0000000 -1.0000000 0.0000000
vn -0.3643204 -0.9128242 -0.1844525
vn -0.3643204 -0.9128242 -0.1844525
vn 0.0000000 1.0000000 0.0000000
vn 0.0000000 -1.0000000 0.0000000
vn -0.1857639 -0.8747436 -0.4475660
vn -0.1857639 -0.8747436 -0.4475660
vn 0.0000000 1.0000000 0.0000000
vn 0.0000000 -1.0000000 0.0000000
vn 0.0636189 -0.8625925 -0.5018833
vn 0.0636189 -0.8625925 -0.5018833
vn 0.0000000 1.0000000 0.0000000
vn 0.0000000 -1.0000000 0.0000000
vn 0.2910018 -0.8943987 -0.3396599
vn 0.2910018 -0.8943987 -0.3396599
vn 0.0000000 1.0000000 0.0000000
vn 0.0000000 -1.0000000 0.0000000
vn 0.0000000 1.0000000 0.0000000
vn 0.0000000 -1.0000000 0.0000000
vn 0.4462513 -0.8949077 0.0000000
vn 0.4462513 -0.8949077 0.0000000
vn 0.0000000 1.0000000 0.0000000
vn 0.0000000 -1.0000000 0.0000000
vn 0.3249915 -0.8507791 0.4129836
vn 0.3249915 -0.8507791 0.4129836
vn 0.0000000 1.0000000 0.0000000
vn 0.0000000 -1.0000000 0.0000000
vn 0.0693149 -0.8004886 0.5953263
vn 0.0693149 -0.8004886 0.5953263
vn 0.0000000 1.0000000 0.0000000
vn 0.0000000 -1.0000000 0.0000000
vn -0.2042656 -0.8192640 0.5358004
vn -0.2042656 -0.8192640 0.5358004
vn 0.0000000 1.0000000 0.0000000
vn 0.0000000 -1.0000000 0.0000000
vn -0.4131607 -0.8817224 0.2277362
vn -0.4131607 -0.8817224 0.2277362
vn 0.0000000 1.0000000 0.0000000
vn 0.0000000 -1.0000000 0.0000000
vn -0.4131607 -0.8817224 -0.2277362
vn -0.4131607 -0.8817224 -0.2277362
vn 0.0000000 1.0000000 0.0000000
vn 0.0000000 -1.0000000 0.0000000
vn -0.2042656 -0.8192640 -0.5358004
vn -0.2042656 -0.8192640 -0.5358004
vn 0.0000000 1.0000000 0.0000000
vn 0.0000000 -1.0000000 0.0000000
vn 0.0693149 -0.8004886 -0.5953263
vn 0.0693149 -0.8004886 -0.5953263
vn 0.0000000 1.0000000 0.0000000
vn 0.0000000 -1.0000000 0.0000000
vn 0.3249915 -0.8507791 -0.4129836
vn 0.3249915 -0.8507791 -0.4129836
vn 0.0000000 1.0000000 0.0000000
vn 0.0000000 -1.0000000 0.0000000
vn 0.0000000 1.0000000 0.0000000
vn 0.0000000 -1.0000000 0.0000000
vn 0.0830111 -0.9965486 0.0000000
vn 0.0830111 -0.9965486 0.0000000
vn 0.0000000 1.0000000 0.0000000
vn 0.0000000 -1.0000000 0.0000000
vn 0.0718395 -0.9958522 0.0558338
vn 0.0718395 -0.9958522 0.0558338
vn 0.0000000 1.0000000 0.0000000
vn 0.0000000 -1.0000000 0.0000000
vn 0.0414187 -0.9944638 0.0965722
vn 0.0414187 -0.9944638 0.0965722
vn 0.0000000 1.0000000 0.0000000
vn 0.0000000 -1.0000000 0.0000000
vn 0.0000000 -0.9937718 0.1114344
vn 0.0000000 -0.9937718 0.1114344
vn 0.0000000 1.0000000 0.0000000
vn 0.0000000 -1.0000000 0.0000000
vn -0.0414187 -0.9944638 0.0965722
vn -0.0414187 -0.9944638 0.0965722
vn 0.0000000 1.0000000 0.0000000
vn 0.0000000 -1.0000000 0.0000000
vn -0.0718395 -0.9958522 0.0558338
vn -0.0718395 -0.9958522 0.0558338
vn 0.0000000 1.0000000 0.0000000
vn 0.0000000 -1.0000000 0.0000000
vn -0.0830111 -0.9965486 0.0000000
vn -0.0830111 -0.9965486 0.0000000
vn 0.0000000 1.0000000 0.0000000
vn 0.0000000 -1.0000000 0.0000000
vn -0.0718395 -0.9958522 -0.0558338
vn -0.0718395 -0.9958522 -0.0558338
vn 0.0000000 1.0000000 0.0000000
vn 0.0000000 -1.0000000 0.0000000
vn -0.0414187 -0.9944638 -0.0965722
vn -0.0414187 -0.9944638 -0.0965722
vn 0.0000000 1.0000000 0.0000000
vn 0.0000000 -1.0000000 0.0000000
vn -0.0000000 -0.9937718 -0.1114344
vn -0.0000000 -0.9937718 -0.1114344
vn 0.0000000 1.0000000 0.0000000
vn 0.0000000 -1.0000000 0.0000000
vn 0.0414187 -0.9944638 -0.0965722
vn 0.0414187 -0.9944638 -0.0965722
vn 0.0000000 1.0000000 0.0000000
vn 0.0000000 -1.0000000 0.0000000
vn 0.0718395 -0.9958522 -0.0558338
vn 0.0718395 -0.9958522 -0.0558338
vn 0.0000000 1.0000000 0.0000000
vn 0.0000000 -1.0000000 0.0000000
vn 0.0000000 1.0000000 0.0000000
vn 0.0000000 -1.0000000 0.0000000
vn 1.0000000 0.0000000 0.0000000
vn 1.0000000 0.0000000 0.0000000
vn 0.0000000 1.0000000 0.0000000
vn 0.0000000 -1.0000000 0.0000000
vn 0.8734000 0.0000000 0.4870036
vn 0.8734000 0.0000000 0.4870036
vn 0.0000000 1.0000000 0.0000000
vn 0.0000000 -1.0000000 0.0000000
vn 0.5963240 0.0000000 0.8027438
vn 0.5963240 0.0000000 0.8027438
vn 0.0000000 1.0000000 0.0000000
vn 0.0000000 -1.0000000 0.0000000
vn 0.2940939 0.0000000 0.9557765
vn 0.2940939 0.0000000 0.9557765
vn 0.0000000 1.0000000 0.0000000
vn 0.0000000 -1.0000000 0.0000000
vn 0.0000000 0.0000000 1.0000000
vn 0.0000000 0.0000000 1.0000000
vn 0.0000000 1.0000000 0.0000000
vn 0.0000000 -1.0000000 0.0000000
vn -0.2940939 0.0000000 0.9557765
vn -0.2940939 0.0000000 0.9557765
vn 0.0000000 1.0000000 0.0000000
vn 0.0000000 -1.0000000 0.0000000
vn -0.5963240 0.0000000 0.8027438
vn -0.5963240 0.0000000 0.8027438
vn 0.0000000 1.0000000 0.0000000
vn 0.0000000 -1.0000000 0.0000000
vn -0.8734000 0.0000000 0.4870036
vn -0.8734000 0.0000000 0.4870036
vn 0.0000000 1.0000000 0.0000000
vn 0.0000000 -1.0000000 0.0000000
vn -1.0000000 0.0000000 0.0000000
vn -1.0000000 0.0000000 0.0000000
vn 0.0000000 1.0000000 0.0000000
vn 0.0000000 -1.0000000 0.0000000
vn -0.8734000 0.0000000 -0.4870036
vn -0.8734000 0.0000000 -0.4870036
vn 0.0000000 1.0000000 0.0000000
vn 0.0000000 -1.0000000 0.0000000
vn -0.5963240 0.0000000 -0.8027438
vn -0.5963240 0.0000000 -0.8027438
vn 0.0000000 1.0000000 0.0000000
vn 0.0000000 -1.0000000 0.0000000
vn -0.2940939 0.0000000 -0.9557765
vn -0.2940939 0.0000000 -0.9557765
vn 0.0000000 1.0000000 0.0000000
vn 0.0000000 -1.0000000 0.0000000
vn -0.0000000 0.0000000 -1.0000000
vn -0.0000000 0.0000000 -1.0000000
vn 0.0000000 1.0000000 0.0000000
vn 0.0000000 -1.0000000 0.0000000
vn 0.2940939 0.0000000 -0.9557765
vn 0.2940939 0.0000000 -0.9557765
vn 0.0000000 1.0000000 0.0000000
vn 0.0000000 -1.0000000 0.0000000
vn 0.5963240 0.0000000 -0.8027438
vn 0.5963240 0.0000000 -0.8027438
vn 0.0000000 1.0000000 0.0000000
vn 0.0000000 -1.0000000 0.0000000
vn 0.8734000 0.0000000 -0.4870036
vn 0.8734000 0.0000000 -0.4870036
vn 0.0000000 1.0000000 0.0000000
vn 0.0000000 -1.0000000 0.0000000
vn 0.0000000 1.0000000 0.0000000
vn 0.0000000 -1.0000000 0.0000000
vn 1.0000000 0.0000000 0.0000000
vn 1.0000000 0.0000000 0.0000000
vn 0.0000000 1.0000000 0.0000000
vn 0.0000000 -1.0000000 0.0000000
vn 0.8734000 0.0000000 0.4870036
vn 0.8734000 0.0000000 0.4870036
vn 0.0000000 1.0000000 0.0000000
vn 0.0000000 -1.0000000 0.0000000
vn 0.5963240 0.0000000 0.8027438
vn 0.5963240 0.0000000 0.8027438
vn 0.0000000 1.0000000 0.0000000
vn 0.0000000 -1.0000000 0.0000000
vn 0.2940939 0.0000000 0.9557765
vn 0.2940939 0.0000000 0.9557765
vn 0.0000000 1.0000000 0.0000000
vn 0.0000000 -1.0000000 0.0000000
vn 0.0000000 0.0000000 1.0000000
vn 0.0000000 0.0000000 1.0000000
vn 0.0000000 1.0000000 0.0000000
vn 0.0000000 -1.0000000 0.0000000
vn -0.2940939 0.0000000 0.9557765
vn -0.2940939 0.0000000 0.9557765
vn 0.0000000 1.0000000 0.0000000
vn 0.0000000 -1.0000000 0.0000000
vn -0.5963240 0.0000000 0.8027438
vn -0.5963240 0.0000000 0.8027438
vn 0.0000000 1.0000000 0.0000000
vn 0.0000000 -1.0000000 0.0000000
vn -0.8734000 0.0000000 0.4870036
vn -0.8734000 0.0000000 0.4870036
vn 0.0000000 1.0000000 0.0000000
vn 0.0000000 -1.0000000 0.0000000
vn -1.0000000 0.0000000 0.0000000
vn -1.0000000 0.0000000 0.0000000
vn 0.0000000 1.0000000 0.0000000
vn 0.0000000 -1.0000000 0.0000000
vn -0.8734000 0.0000000 -0.4870036
vn -0.8734000 0.0000000 -0.4870036
vn 0.0000000 1.0000000 0.0000000
vn 0.0000000 -1.0000000 0.0000000
vn -0.5963240 0.0000000 -0.8027438
vn -0.5963240 0.0000000 -0.8027438
vn 0.0000000 1.0000000 0.0000000
vn 0.0000000 -1.0000000 0.0000000
vn -0.2940939 0.0000000 -0.9557765
vn -0.2940939 0.0000000 -0.9557765
vn 0.0000000 1.0000000 0.0000000
vn 0.0000000 -1.0000000 0.0000000
vn -0.0000000 0.0000000 -1.0000000
vn -0.0000000 0.0000000 -1.0000000
vn 0.0000000 1.0000000 0.0000000
vn 0.0000000 -1.0000000 0.0000000
vn 0.2940939 0.0000000 -0.9557765
vn 0.2940939 0.0000000 -0.9557765
vn 0.0000000 1.0000000 0.0000000
vn 0.0000000 -1.0000000 0.0000000
vn 0.5963240 0.0000000 -0.8027438
vn 0.5963240 0.0000000 -0.8027438
vn 0.0000000 1.0000000 0.0000000
vn 0.0000000 -1.0000000 0.0000000
vn 0.8734000 0.0000000 -0.4870036
vn 0.8734000 0.0000000 -0.4870036
vn 0.0000000 1.0000000 0.0000000
vn 0.0000000 -1.0000000 0.0000000
vn 0.0000000 0.0000000 1.0000000
vn 0.0000000 0.0000000 1.0000000
vn 0.0000000 0.0000000 1.0000000
vn 0.0000000 0.0000000 1.0000000
vn 0.0000000 0.0000000 -1.0000000
vn 0.0000000 0.0000000 -1.0000000
vn 0.0000000 0.0000000 -1.0000000
vn 0.0000000 0.0000000 -1.0000000
vn 1.0000000 0.0000000 0.0000000
vn 1.0000000 0.0000000 0.0000000
vn 1.0000000 0.0000000 0.0000000
vn 1.0000000 0.0000000 0.0000000
vn -1.0000000 0.0000000 0.0000000
vn -1.0000000 0.0000000 0.0000000
vn -1.0000000 0.0000000 0.0000000
vn -1.0000000 0.0000000 0.0000000
vn 0.0000000 1.0000000 0.0000000
vn 0.0000000 1.0000000 0.0000000
vn 0.0000000 1.0000000 0.0000000
vn 0.0000000 1.0000000 0.0000000
vn 0.0000000 -1.0000000 0.0000000
vn 0.0000000 -1.0000000 0.0000000
vn 0.0000000 -1.0000000 0.0000000
vn 0.0000000 -1.0000000 0.0000000
vn 0.0000000 0.0000000 1.0000000
vn 0.0000000 0.0000000 1.0000000
vn 0.0000000 0.0000000 1.0000000
vn 0.0000000 0.0000000 1.0000000
vn 0.0000000 0.0000000 -1.0000000
vn 0.0000000 0.0000000 -1.0000000
vn 0.0000000 0.0000000 -1.0000000
vn 0.0000000 0.0000000 -1.0000000
vn 1.0000000 0.0000000 0.0000000
vn 1.0000000 0.0000000 0.0000000
vn 1.0000000 0.0000000 0.0000000
vn 1.0000000 0.0000000 0.0000000
vn -1.0000000 0.0000000 0.0000000
vn -1.0000000 0.0000000 0.0000000
vn -1.0000000 0.0000000 0.0000000
vn -1.0000000 0.0000000 0.0000000
vn 0.0000000 1.0000000 0.0000000
vn 0.0000000 1.0000000 0.0000000
vn 0.0000000 1.0000000 0.0000000
vn 0.0000000 1.0000000 0.0000000
vn 0.0000000 -1.0000000 0.0000000
vn 0.0000000 -1.0000000 0.0000000
vn 0.0000000 -1.0000000 0.0000000
vn 0.0000000 -1.0000000 0.0000000
vn 0.0000000 0.0000000 1.0000000
vn 0.0000000 0.0000000 1.0000000
vn 0.0000000 0.0000000 1.0000000
vn 0.0000000 0.0000000 1.0000000
vn 0.0000000 0.0000000 -1.0000000
vn 0.0000000 0.0000000 -1.0000000
vn 0.0000000 0.0000000 -1.0000000
vn 0.0000000 0.0000000 -1.0000000
vn 1.0000000 0.0000000 0.0000000
vn 1.0000000 0.0000000 0.0000000
vn 1.0000000 0.0000000 0.0000000
vn 1.0000000 0.0000000 0.0000000
vn -1.0000000 0.0000000 0.0000000
vn -1.0000000 0.0000000 0.0000000
vn -1.0000000 0.0000000 0.0000000
vn -1.0000000 0.0000000 0.0000000
vn 0.0000000 1.0000000 0.0000000
vn 0.0000000 1.0000000 0.0000000
vn 0.0000000 1.0000000 0.0000000
vn 0.0000000 1.0000000 0.0000000
vn 0.0000000 -1.0000000 0.0000000
vn 0.0000000 -1.0000000 0.0000000
vn 0.0000000 -1.0000000 0.0000000
vn 0.0000000 -1.0000000 0.0000000
vn 0.0000000 -1.0000000 0.0000000
vn 0.0000000 1.0000000 0.0000000
vn 1.0000000 0.0000000 0.0000000
vn 0.3090170 0.0000000 0.9510565
vn -0.8090170 0.0000000 0.5877853
vn -0.8090170 0.0000000 -0.5877853
vn 0.3090170 0.0000000 -0.9510565
vn 0.0000000 1.0000000 0.0000000
vn 0.0000000 -1.0000000 0.0000000
vn 0.2284756 -0.9735496 0.0000000
vn 0.2284756 -0.9735496 0.0000000
vn 0.0000000 1.0000000 0.0000000
vn 0.0000000 -1.0000000 0.0000000
vn 0.1969202 -0.9688975 0.1498666
vn 0.1969202 -0.9688975 0.1498666
vn 0.0000000 1.0000000 0.0000000
vn 0.0000000 -1.0000000 0.0000000
vn 0.1126232 -0.9597900 0.2571366
vn 0.1126232 -0.9597900 0.2571366
vn 0.0000000 1.0000000 0.0000000
vn 0.0000000 -1.0000000 0.0000000
vn 0.0000000 -0.9553315 0.2955365
vn 0.0000000 -0.9553315 0.2955365
vn 0.0000000 1.0000000 0.0000000
vn 0.0000000 -1.0000000 0.0000000
vn -0.1126232 -0.9597900 0.2571366
vn -0.1126232 -0.9597900 0.2571366
vn 0.0000000 1.0000000 0.0000000
vn 0.0000000 -1.0000000 0.0000000
vn -0.1969202 -0.9688975 0.1498666
vn -0.1969202 -0.9688975 0.1498666
vn 0.0000000 1.0000000 0.0000000
vn 0.0000000 -1.0000000 0.0000000
vn -0.2284756 -0.9735496 0.0000000
vn -0.2284756 -0.9735496 0.0000000
vn 0.0000000 1.0000000 0.0000000
vn 0.0000000 -1.0000000 0.0000000
vn -0.1969202 -0.9688975 -0.1498666
vn -0.1969202 -0.9688975 -0.1498666
vn 0.0000000 1.0000000 0.0000000
vn 0.0000000 -1.0000000 0.0000000
vn -0.1126232 -0.9597900 -0.2571366
vn -0.1126232 -0.9597900 -0.2571366
vn 0.0000000 1.0000000 0.0000000
vn 0.0000000 -1.0000000 0.0000000
vn -0.0000000 -0.9553315 -0.2955365
vn -0.0000000 -0.9553315 -0.2955365
vn 0.0000000 1.0000000 0.0000000
vn 0.0000000 -1.0000000 0.0000000
vn 0.1126232 -0.9597900 -0.2571366
vn 0.1126232 -0.9597900 -0.2571366
vn 0.0000000 1.0000000 0.0000000
vn 0.0000000 -1.0000000 0.0000000
vn 0.1969202 -0.9688975 -0.1498666
vn 0.1969202 -0.9688975 -0.1498666
vn 0.0000000 1.0000000 0.0000000
vn 0.0000000 -1.0000000 0.0000000
vn 0.0000000 1.0000000 0.0000000
vn 0.0000000 -1.0000000 0.0000000
vn 0.4238751 -0.9057206 0.0000000
vn 0.4238751 -0.9057206 0.0000000
vn 0.0000000 1.0000000 0.0000000
vn 0.0000000 -1.0000000 0.0000000
vn 0.3037806 -0.8473490 0.4355651
vn 0.3037806 -0.8473490 0.4355651
vn 0.0000000 1.0000000 0.0000000
vn 0.0000000 -1.0000000 0.0000000
vn 0.0637152 -0.7840233 0.6174527
vn 0.0637152 -0.7840233 0.6174527
vn 0.0000000 1.0000000 0.0000000
vn 0.0000000 -1.0000000 0.0000000
vn -0.1889062 -0.8072955 0.5590961
vn -0.1889062 -0.8072955 0.5590961
vn 0.0000000 1.0000000 0.0000000
vn 0.0000000 -1.0000000 0.0000000
vn -0.3905116 -0.8879827 0.2428731
vn -0.3905116 -0.8879827 0.2428731
vn 0.0000000 1.0000000 0.0000000
vn 0.0000000 -1.0000000 0.0000000
vn -0.3905116 -0.8879827 -0.2428731
vn -0.3905116 -0.8879827 -0.2428731
vn 0.0000000 1.0000000 0.0000000
vn 0.0000000 -1.0000000 0.0000000
vn -0.1889062 -0.8072955 -0.5590961
vn -0.1889062 -0.8072955 -0.5590961
vn 0.0000000 1.0000000 0.0000000
vn 0.0000000 -1.0000000 0.0000000
vn 0.0637152 -0.7840233 -0.6174527
vn 0.0637152 -0.7840233 -0.6174527
vn 0.0000000 1.0000000 0.0000000
vn 0.0000000 -1.0000000 0.0000000
vn 0.3037806 -0.8473490 -0.4355651
vn 0.3037806 -0.8473490 -0.4355651
vn 0.0000000 1.0000000 0.0000000
vn 0.0000000 -1.0000000 0.0000000
vn 0.0000000 1.0000000 0.0000000
vn 0.0000000 -1.0000000 0.0000000
vn 0.4684856 -0.8834712 0.0000000
vn 0.4684856 -0.8834712 0.0000000
vn 0.0000000 1.0000000 0.0000000
vn 0.0000000 -1.0000000 0.0000000
vn 0.3457226 -0.8510792 0.3951455
vn 0.3457226 -0.8510792 0.3951455
vn 0.0000000 1.0000000 0.0000000
vn 0.0000000 -1.0000000 0.0000000
vn 0.0748245 -0.8125868 0.5780173
vn 0.0748245 -0.8125868 0.5780173
vn 0.0000000 1.0000000 0.0000000
vn 0.0000000 -1.0000000 0.0000000
vn -0.2193113 -0.8271555 0.5174131
vn -0.2193113 -0.8271555 0.5174131
vn 0.0000000 1.0000000 0.0000000
vn 0.0000000 -1.0000000 0.0000000
vn -0.4354766 -0.8739271 0.2158969
vn -0.4354766 -0.8739271 0.2158969
vn 0.0000000 1.0000000 0.0000000
vn 0.0000000 -1.0000000 0.0000000
vn -0.4354766 -0.8739271 -0.2158969
vn -0.4354766 -0.8739271 -0.2158969
vn 0.0000000 1.0000000 0.0000000
vn 0.0000000 -1.0000000 0.0000000
vn -0.2193113 -0.8271555 -0.5174131
vn -0.2193113 -0.8271555 -0.5174131
vn 0.0000000 1.0000000 0.0000000
vn 0.0000000 -1.0000000 0.0000000
vn 0.0748245 -0.8125868 -0.5780173
vn 0.0748245 -0.8125868 -0.5780173
vn 0.0000000 1.0000000 0.0000000
vn 0.0000000 -1.0000000 0.0000000
vn 0.3457226 -0.8510792 -0.3951455
vn 0.3457226 -0.8510792 -0.3951455
vn 0.0000000 1.0000000 0.0000000
vn 0.0000000 -1.0000000 0.0000000
vn 0.0000000 1.0000000 0.0000000
vn 0.0000000 -1.0000000 0.0000000
vn 0.5285203 -0.8489207 0.0000000
vn 0.5285203 -0.8489207 0.0000000
vn 0.0000000 1.0000000 0.0000000
vn 0.0000000 -1.0000000 0.0000000
vn 0.3794621 -0.7956459 0.4721823
vn 0.3794621 -0.7956459 0.4721823
vn 0.0000000 1.0000000 0.0000000
vn 0.0000000 -1.0000000 0.0000000
vn 0.0797345 -0.7375331 0.6705874
vn 0.0797345 -0.7375331 0.6705874
vn 0.0000000 1.0000000 0.0000000
vn 0.0000000 -1.0000000 0.0000000
vn -0.2362459 -0.7589265 0.6068100
vn -0.2362459 -0.7589265 0.6068100
vn 0.0000000 1.0000000 0.0000000
vn 0.0000000 -1.0000000 0.0000000
vn -0.4871934 -0.8327622 0.2629633
vn -0.4871934 -0.8327622 0.2629633
vn 0.0000000 1.0000000 0.0000000
vn 0.0000000 -1.0000000 0.0000000
vn -0.4871934 -0.8327622 -0.2629633
vn -0.4871934 -0.8327622 -0.2629633
vn 0.0000000 1.0000000 0.0000000
vn 0.0000000 -1.0000000 0.0000000
vn -0.2362459 -0.7589265 -0.6068100
vn -0.2362459 -0.7589265 -0.6068100
vn 0.0000000 1.0000000 0.0000000
vn 0.0000000 -1.0000000 0.0000000
vn 0.0797345 -0.7375331 -0.6705874
vn 0.0797345 -0.7375331 -0.6705874
vn 0.0000000 1.0000000 0.0000000
vn 0.0000000 -1.0000000 0.0000000
vn 0.3794621 -0.7956459 -0.4721823
vn 0.3794621 -0.7956459 -0.4721823
vn 0.0000000 1.0000000 0.0000000
vn 0.0000000 -1.0000000 0.0000000
vn 0.0000000 1.0000000 0.0000000
vn 0.0000000 -1.0000000 0.0000000
vn 0.1204494 -0.9927195 0.0000000
vn 0.1204494 -0.9927195 0.0000000
vn 0.0000000 1.0000000 0.0000000
vn 0.0000000 -1.0000000 0.0000000
vn 0.1041729 -0.9913942 0.0792811
vn 0.1041729 -0.9913942 0.0792811
vn 0.0000000 1.0000000 0.0000000
vn 0.0000000 -1.0000000 0.0000000
vn 0.0599844 -0.9887596 0.1369540
vn 0.0599844 -0.9887596 0.1369540
vn 0.0000000 1.0000000 0.0000000
vn 0.0000000 -1.0000000 0.0000000
vn 0.0000000 -0.9874501 0.1579314
vn 0.0000000 -0.9874501 0.1579314
vn 0.0000000 1.0000000 0.0000000
vn 0.0000000 -1.0000000 0.0000000
vn -0.0599844 -0.9887596 0.1369540
vn -0.0599844 -0.9887596 0.1369540
vn 0.0000000 1.0000000 0.0000000
vn 0.0000000 -1.0000000 0.0000000
vn -0.1041729 -0.9913942 0.0792811
vn -0.1041729 -0.9913942 0.0792811
vn 0.0000000 1.0000000 0.0000000
vn 0.0000000 -1.0000000 0.0000000
vn -0.1204494 -0.9927195 0.0000000
vn -0.1204494 -0.9927195 0.0000000
vn 0.0000000 1.0000000 0.0000000
vn 0.0000000 -1.0000000 0.0000000
vn -0.1041729 -0.9913942 -0.0792811
vn -0.1041729 -0.9913942 -0.0792811
vn 0.0000000 1.0000000 0.0000000
vn 0.0000000 -1.0000000 0.0000000
vn -0.0599844 -0.9887596 -0.1369540
vn -0.0599844 -0.9887596 -0.1369540
vn 0.0000000 1.0000000 0.0000000
vn 0.0000000 -1.0000000 0.0000000
vn -0.0000000 -0.9874501 -0.1579314
vn -0.0000000 -0.9874501 -0.1579314
vn 0.0000000 1.0000000 0.0000000
vn 0.0000000 -1.0000000 0.0000000
vn 0.0599844 -0.9887596 -0.1369540
vn 0.0599844 -0.9887596 -0.1369540
vn 0.0000000 1.0000000 0.0000000
vn 0.0000000 -1.0000000 0.0000000
vn 0.1041729 -0.9913942 -0.0792811
vn 0.1041729 -0.9913942 -0.0792811
vn 0.0000000 1.0000000 0.0000000
vn 0.0000000 -1.0000000 0.0000000
vn 0.0000000 1.0000000 0.0000000
vn 0.0000000 -1.0000000 0.0000000
vn 1.0000000 0.0000000 0.0000000
vn 1.0000000 0.0000000 0.0000000
vn 0.0000000 1.0000000 0.0000000
vn 0.0000000 -1.0000000 0.0000000
vn 0.8776910 0.0000000 0.4792270
vn 0.8776910 0.0000000 0.4792270
vn 0.0000000 1.0000000 0.0000000
vn 0.0000000 -1.0000000 0.0000000
vn 0.6043865 0.0000000 0.7966913
vn 0.6043865 0.0000000 0.7966913
vn 0.0000000 1.0000000 0.0000000
vn 0.0000000 -1.0000000 0.0000000
vn 0.2997791 0.0000000 0.9540087
vn 0.2997791 0.0000000 0.9540087
vn 0.0000000 1.0000000 0.0000000
vn 0.0000000 -1.0000000 0.0000000
vn 0.0000000 0.0000000 1.0000000
vn 0.0000000 0.0000000 1.0000000
vn 0.0000000 1.0000000 0.0000000
vn 0.0000000 -1.0000000 0.0000000
vn -0.2997791 0.0000000 0.9540087
vn -0.2997791 0.0000000 0.9540087
vn 0.0000000 1.0000000 0.0000000
vn 0.0000000 -1.0000000 0.0000000
vn -0.6043865 0.0000000 0.7966913
vn -0.6043865 0.0000000 0.7966913
vn 0.0000000 1.0000000 0.0000000
vn 0.0000000 -1.0000000 0.0000000
vn -0.8776910 0.0000000 0.4792270
vn -0.8776910 0.0000000 0.4792270
vn 0.0000000 1.0000000 0.0000000
vn 0.0000000 -1.0000000 0.0000000
vn -1.0000000 0.0000000 0.0000000
vn -1.0000000 0.0000000 0.0000000
vn 0.0000000 1.0000000 0.0000000
vn 0.0000000 -1.0000000 0.0000000
vn -0.8776910 0.0000000 -0.4792270
vn -0.8776910 0.0000000 -0.4792270
vn 0.0000000 1.0000000 0.0000000
vn 0.0000000 -1.0000000 0.0000000
vn -0.6043865 0.0000000 -0.7966913
vn -0.6043865 0.0000000 -0.7966913
vn 0.0000000 1.0000000 0.0000000
vn 0.0000000 -1.0000000 0.0000000
vn -0.2997791 0.0000000 -0.9540087
vn -0.2997791 0.0000000 -0.9540087
vn 0.0000000 1.0000000 0.0000000
vn 0.0000000 -1.0000000 0.0000000
vn -0.0000000 0.0000000 -1.0000000
vn -0.0000000 0.0000000 -1.0000000
vn 0.0000000 1.0000000 0.0000000
vn 0.0000000 -1.0000000 0.0000000
vn 0.2997791 0.0000000 -0.9540087
vn 0.2997791 0.0000000 -0.9540087
vn 0.0000000 1.0000000 0.0000000
vn 0.0000000 -1.0000000 0.0000000
vn 0.6043865 0.0000000 -0.7966913
vn 0.6043865 0.0000000 -0.7966913
vn 0.0000000 1.0000000 0.0000000
vn 0.0000000 -1.0000000 0.0000000
vn 0.8776910 0.0000000 -0.4792270
vn 0.8776910 0.0000000 -0.4792270
vn 0.0000000 1.0000000 0.0000000
vn 0.0000000 -1.0000000 0.0000000
vn 0.0000000 1.0000000 0.0000000
vn 0.0000000 -1.0000000 0.0000000
vn 1.0000000 0.0000000 0.0000000
vn 1.0000000 0.0000000 0.0000000
vn 0.0000000 1.0000000 0.0000000
vn 0.0000000 -1.0000000 0.0000000
vn 0.8776910 0.0000000 0.4792270
vn 0.8776910 0.0000000 0.4792270
vn 0.0000000 1.0000000 0.0000000
vn 0.0000000 -1.0000000 0.0000000
vn 0.6043865 0.0000000 0.7966913
vn 0.6043865 0.0000000 0.7966913
vn 0.0000000 1.0000000 0.0000000
vn 0.0000000 -1.0000000 0.0000000
vn 0.2997791 0.0000000 0.9540087
vn 0.2997791 0.0000000 0.9540087
vn 0.0000000 1.0000000 0.0000000
vn 0.0000000 -1.0000000 0.0000000
vn 0.0000000 0.0000000 1.0000000
vn 0.0000000 0.0000000 1.0000000
vn 0.0000000 1.0000000 0.0000000
vn 0.0000000 -1.0000000 0.0000000
vn -0.2997791 0.0000000 0.9540087
vn -0.2997791 0.0000000 0.9540087
vn 0.0000000 1.0000000 0.0000000
vn 0.0000000 -1.0000000 0.0000000
vn -0.6043865 0.0000000 0.7966913
vn -0.6043865 0.0000000 0.7966913
vn 0.0000000 1.0000000 0.0000000
vn 0.0000000 -1.0000000 0.0000000
vn -0.8776910 0.0000000 0.4792270
vn -0.8776910 0.0000000 0.4792270
vn 0.0000000 1.0000000 0.0000000
vn 0.0000000 -1.0000000 0.0000000
vn -1.0000000 0.0000000 0.0000000
vn -1.0000000 0.0000000 0.0000000
vn 0.0000000 1.0000000 0.0000000
vn 0.0000000 -1.0000000 0.0000000
vn -0.8776910 0.0000000 -0.4792270
vn -0.8776910 0.0000000 -0.4792270
vn 0.0000000 1.0000000 0.0000000
vn 0.0000000 -1.0000000 0.0000000
vn -0.6043865 0.0000000 -0.7966913
vn -0.6043865 0.0000000 -0.7966913
vn 0.0000000 1.0000000 0.0000000
vn 0.0000000 -1.0000000 0.0000000
vn -0.2997791 0.0000000 -0.9540087
vn -0.2997791 0.0000000 -0.9540087
vn 0.0000000 1.0000000 0.0000000
vn 0.0000000 -1.0000000 0.0000000
vn -0.0000000 0.0000000 -1.0000000
vn -0.0000000 0.0000000 -1.0000000
vn 0.0000000 1.0000000 0.0000000
vn 0.0000000 -1.0000000 0.0000000
vn 0.2997791 0.0000000 -0.9540087
vn 0.2997791 0.0000000 -0.9540087
vn 0.0000000 1.0000000 0.0000000
vn 0.0000000 -1.0000000 0.0000000
vn 0.6043865 0.0000000 -0.7966913
vn 0.6043865 0.0000000 -0.7966913
vn 0.0000000 1.0000000 0.0000000
vn 0.0000000 -1.0000000 0.0000000
vn 0.8776910 0.0000000 -0.4792270
vn 0.8776910 0.0000000 -0.4792270
vn 0.0000000 1.0000000 0.0000000
vn 0.0000000 -1.0000000 0.0000000
vn 0.0000000 0.0000000 1.0000000
vn 0.0000000 0.0000000 1.0000000
vn 0.0000000 0.0000000 1.0000000
vn 0.0000000 0.0000000 1.0000000
vn 0.0000000 0.0000000 -1.0000000
vn 0.0000000 0.0000000 -1.0000000
vn 0.0000000 0.0000000 -1.0000000
vn 0.0000000 0.0000000 -1.0000000
vn 1.0000000 0.0000000 0.0000000
vn 1.0000000 0.0000000 0.0000000
vn 1.0000000 0.0000000 0.0000000
vn 1.0000000 0.0000000 0.0000000
vn -1.0000000 0.0000000 0.0000000
vn -1.0000000 0.0000000 0.0000000
vn -1.0000000 0.0000000 0.0000000
vn -1.0000000 0.0000000 0.0000000
vn 0.0000000 1.0000000 0.0000000
vn 0.0000000 1.0000000 0.0000000
vn 0.0000000 1.0000000 0.0000000
vn 0.0000000 1.0000000 0.0000000
vn 0.0000000 -1.0000000 0.0000000
vn 0.0000000 -1.0000000 0.0000000
vn 0.0000000 -1.0000000 0.0000000
vn 0.0000000 -1.0000000 0.0000000
vn 0.0000000 0.0000000 1.0000000
vn 0.0000000 0.0000000 1.0000000
vn 0.0000000 0.0000000 1.0000000
vn 0.0000000 0.0000000 1.0000000
vn 0.0000000 0.0000000 -1.0000000
vn 0.0000000 0.0000000 -1.0000000
vn 0.0000000 0.0000000 -1.0000000
vn 0.0000000 0.0000000 -1.0000000
vn 1.0000000 0.0000000 0.0000000
vn 1.0000000 0.0000000 0.0000000
vn 1.0000000 0.0000000 0.0000000
vn 1.0000000 0.0000000 0.0000000
vn -1.0000000 0.0000000 0.0000000
vn -1.0000000 0.0000000 0.0000000
vn -1.0000000 0.0000000 0.0000000
vn -1.0000000 0.0000000 0.0000000
vn 0.0000000 1.0000000 0.0000000
vn 0.0000000 1.0000000 0.0000000
vn 0.0000000 1.0000000 0.0000000
vn 0.0000000 1.0000000 0.0000000
vn 0.0000000 -1.0000000 0.0000000
vn 0.0000000 -1.0000000 0.0000000
vn 0.0000000 -1.0000000 0.0000000
vn 0.0000000 -1.0000000 0.0000000
vn 0.0000000 0.0000000 1.0000000
vn 0.0000000 0.0000000 1.0000000
vn 0.0000000 0.0000000 1.0000000
vn 0.0000000 0.0000000 1.0000000
vn 0.0000000 0.0000000 -1.0000000
vn 0.0000000 0.0000000 -1.0000000
vn 0.0000000 0.0000000 -1.0000000
vn 0.0000000 0.0000000 -1.0000000
vn 1.0000000 0.0000000 0.0000000
vn 1.0000000 0.0000000 0.0000000
vn 1.0000000 0.0000000 0.0000000
vn 1.0000000 0.0000000 0.0000000
vn -1.0000000 0.0000000 0.0000000
vn -1.0000000 0.0000000 0.0000000
vn -1.0000000 0.0000000 0.0000000
vn -1.0000000 0.0000000 0.0000000
vn 0.0000000 1.0000000 0.0000000
vn 0.0000000 1.0000000 0.0000000
vn 0.0000000 1.0000000 0.0000000
vn 0.0000000 1.0000000 0.0000000
vn 0.0000000 -1.0000000 0.0000000
vn 0.0000000 -1.0000000 0.0000000
vn 0.0000000 -1.0000000 0.0000000
vn 0.0000000 -1.0000000 0.0000000
vn 0.0000000 -1.0000000 0.0000000
vn 0.0000000 1.0000000 0.0000000
vn 1.0000000 0.0000000 0.0000000
vn 0.3090170 0.0000000 0.9510565
vn -0.8090170 0.0000000 0.5877853
vn -0.8090170 0.0000000 -0.5877853
vn 0.3090170 0.0000000 -0.9510565
vn 0.0000000 1.0000000 0.0000000
vn 0.0000000 -1.0000000 0.0000000
vn 0.2658240 -0.9640216 0.0000000
vn 0.2658240 -0.9640216 0.0000000
vn 0.0000000 1.0000000 0.0000000
vn 0.0000000 -1.0000000 0.0000000
vn 0.2288200 -0.9581994 0.1717420
vn 0.2288200 -0.9581994 0.1717420
vn 0.0000000 1.0000000 0.0000000
vn 0.0000000 -1.0000000 0.0000000
vn 0.1305465 -0.9468647 0.2939472
vn 0.1305465 -0.9468647 0.2939472
vn 0.0000000 1.0000000 0.0000000
vn 0.0000000 -1.0000000 0.0000000
vn 0.0000000 -0.9413461 0.3374427
vn 0.0000000 -0.9413461 0.3374427
vn 0.0000000 1.0000000 0.0000000
vn 0.0000000 -1.0000000 0.0000000
vn -0.1305465 -0.9468647 0.2939472
vn -0.1305465 -0.9468647 0.2939472
vn 0.0000000 1.0000000 0.0000000
vn 0.0000000 -1.0000000 0.0000000
vn -0.2288200 -0.9581994 0.1717420
vn -0.2288200 -0.9581994 0.1717420
vn 0.0000000 1.0000000 0.0000000
vn 0.0000000 -1.0000000 0.0000000
vn -0.2658240 -0.9640216 0.0000000
vn -0.2658240 -0.9640216 0.0000000
vn 0.0000000 1.0000000 0.0000000
vn 0.0000000 -1.0000000 0.0000000
vn -0.2288200 -0.9581994 -0.1717420
vn -0.2288200 -0.9581994 -0.1717420
vn 0.0000000 1.0000000 0.0000000
vn 0.0000000 -1.0000000 0.0000000
vn -0.1305465 -0.9468647 -0.2939472
vn -0.1305465 -0.9468647 -0.2939472
vn 0.0000000 1.0000000 0.0000000
vn 0.0000000 -1.0000000 0.0000000
vn -0.0000000 -0.9413461 -0.3374427
vn -0.0000000 -0.9413461 -0.3374427
vn 0.0000000 1.0000000 0.0000000
vn 0.0000000 -1.0000000 0.0000000
vn 0.1305465 -0.9468647 -0.2939472
vn 0.1305465 -0.9468647 -0.2939472
vn 0.0000000 1.0000000 0.0000000
vn 0.0000000 -1.0000000 0.0000000
vn 0.2288200 -0.9581994 -0.1717420
vn 0.2288200 -0.9581994 -0.1717420
vn 0.0000000 1.0000000 0.0000000
vn 0.0000000 -1.0000000 0.0000000
vn 0.0000000 1.0000000 0.0000000
vn 0.0000000 -1.0000000 0.0000000
vn 0.4818392 -0.8762596 0.0000000
vn 0.4818392 -0.8762596 0.0000000
vn 0.0000000 1.0000000 0.0000000
vn 0.0000000 -1.0000000 0.0000000
vn 0.3403000 -0.8078646 0.4811972
vn 0.3403000 -0.8078646 0.4811972
vn 0.0000000 1.0000000 0.0000000
vn 0.0000000 -1.0000000 0.0000000
vn 0.0703567 -0.7368274 0.6724101
vn 0.0703567 -0.7368274 0.6724101
vn 0.0000000 1.0000000 0.0000000
vn 0.0000000 -1.0000000 0.0000000
vn -0.2096645 -0.7625801 0.6119742
vn -0.2096645 -0.7625801 0.6119742
vn 0.0000000 1.0000000 0.0000000
vn 0.0000000 -1.0000000 0.0000000
vn -0.4418756 -0.8551550 0.2710276
vn -0.4418756 -0.8551550 0.2710276
vn 0.0000000 1.0000000 0.0000000
vn 0.0000000 -1.0000000 0.0000000
vn -0.4418756 -0.8551550 -0.2710276
vn -0.4418756 -0.8551550 -0.2710276
vn 0.0000000 1.0000000 0.0000000
vn 0.0000000 -1.0000000 0.0000000
vn -0.2096645 -0.7625801 -0.6119742
vn -0.2096645 -0.7625801 -0.6119742
vn 0.0000000 1.0000000 0.0000000
vn 0.0000000 -1.0000000 0.0000000
vn 0.0703567 -0.7368274 -0.6724101
vn 0.0703567 -0.7368274 -0.6724101
vn 0.0000000 1.0000000 0.0000000
vn 0.0000000 -1.0000000 0.0000000
vn 0.3403000 -0.8078646 -0.4811972
vn 0.3403000 -0.8078646 -0.4811972
vn 0.0000000 1.0000000 0.0000000
vn 0.0000000 -1.0000000 0.0000000
vn 0.0000000 1.0000000 0.0000000
vn 0.0000000 -1.0000000 0.0000000
vn 0.5288141 -0.8487377 0.0000000
vn 0.5288141 -0.8487377 0.0000000
vn 0.0000000 1.0000000 0.0000000
vn 0.0000000 -1.0000000 0.0000000
vn 0.3874852 -0.8118421 0.4367696
vn 0.3874852 -0.8118421 0.4367696
vn 0.0000000 1.0000000 0.0000000
vn 0.0000000 -1.0000000 0.0000000
vn 0.0831981 -0.7689778 0.6338385
vn 0.0831981 -0.7689778 0.6338385
vn 0.0000000 1.0000000 0.0000000
vn 0.0000000 -1.0000000 0.0000000
vn -0.2445762 -0.7850812 0.5690606
vn -0.2445762 -0.7850812 0.5690606
vn 0.0000000 1.0000000 0.0000000
vn 0.0000000 -1.0000000 0.0000000
vn -0.4905099 -0.8377847 0.2398267
vn -0.4905099 -0.8377847 0.2398267
vn 0.0000000 1.0000000 0.0000000
vn 0.0000000 -1.0000000 0.0000000
vn -0.4905099 -0.8377847 -0.2398267
vn -0.4905099 -0.8377847 -0.2398267
vn 0.0000000 1.0000000 0.0000000
vn 0.0000000 -1.0000000 0.0000000
vn -0.2445762 -0.7850812 -0.5690606
vn -0.2445762 -0.7850812 -0.5690606
vn 0.0000000 1.0000000 0.0000000
vn 0.0000000 -1.0000000 0.0000000
vn 0.0831981 -0.7689778 -0.6338385
vn 0.0831981 -0.7689778 -0.6338385
vn 0.0000000 1.0000000 0.0000000
vn 0.0000000 -1.0000000 0.0000000
vn 0.3874852 -0.8118421 -0.4367696
vn 0.3874852 -0.8118421 -0.4367696
vn 0.0000000 1.0000000 0.0000000
vn 0.0000000 -1.0000000 0.0000000
vn 0.0000000 1.0000000 0.0000000
vn 0.0000000 -1.0000000 0.0000000
vn 0.5904063 -0.8071062 0.0000000
vn 0.5904063 -0.8071062 0.0000000
vn 0.0000000 1.0000000 0.0000000
vn 0.0000000 -1.0000000 0.0000000
vn 0.4192014 -0.7480808 0.5144369
vn 0.4192014 -0.7480808 0.5144369
vn 0.0000000 1.0000000 0.0000000
vn 0.0000000 -1.0000000 0.0000000
vn 0.0871148 -0.6858061 0.7225517
vn 0.0871148 -0.6858061 0.7225517
vn 0.0000000 1.0000000 0.0000000
vn 0.0000000 -1.0000000 0.0000000
vn -0.2591347 -0.7084925 0.6564203
vn -0.2591347 -0.7084925 0.6564203
vn 0.0000000 1.0000000 0.0000000
vn 0.0000000 -1.0000000 0.0000000
vn -0.5423499 -0.7889936 0.2886964
vn -0.5423499 -0.7889936 0.2886964
vn 0.0000000 1.0000000 0.0000000
vn 0.0000000 -1.0000000 0.0000000
vn -0.5423499 -0.7889936 -0.2886964
vn -0.5423499 -0.7889936 -0.2886964
vn 0.0000000 1.0000000 0.0000000
vn 0.0000000 -1.0000000 0.0000000
vn -0.2591347 -0.7084925 -0.6564203
vn -0.2591347 -0.7084925 -0.6564203
vn 0.0000000 1.0000000 0.0000000
vn 0.0000000 -1.0000000 0.0000000
vn 0.0871148 -0.6858061 -0.7225517
vn 0.0871148 -0.6858061 -0.7225517
vn 0.0000000 1.0000000 0.0000000
vn 0.0000000 -1.0000000 0.0000000
vn 0.4192014 -0.7480808 -0.5144369
vn 0.4192014 -0.7480808 -0.5144369
vn 0.0000000 1.0000000 0.0000000
vn 0.0000000 -1.0000000 0.0000000
vn 0.0000000 1.0000000 0.0000000
vn 0.0000000 -1.0000000 0.0000000
vn 0.1492571 -0.9887984 0.0000000
vn 0.1492571 -0.9887984 0.0000000
vn 0.0000000 1.0000000 0.0000000
vn 0.0000000 -1.0000000 0.0000000
vn 0.1290128 -0.9869040 0.0968312
vn 0.1290128 -0.9869040 0.0968312
vn 0.0000000 1.0000000 0.0000000
vn 0.0000000 -1.0000000 0.0000000
vn 0.0742020 -0.9831475 0.1670782
vn 0.0742020 -0.9831475 0.1670782
vn 0.0000000 1.0000000 0.0000000
vn 0.0000000 -1.0000000 0.0000000
vn 0.0000000 -0.9812852 0.1925599
vn 0.0000000 -0.9812852 0.1925599
vn 0.0000000 1.0000000 0.0000000
vn 0.0000000 -1.0000000 0.0000000
vn -0.0742020 -0.9831475 0.1670782
vn -0.0742020 -0.9831475 0.1670782
vn 0.0000000 1.0000000 0.0000000
vn 0.0000000 -1.0000000 0.0000000
vn -0.1290128 -0.9869040 0.0968312
vn -0.1290128 -0.9869040 0.0968312
vn 0.0000000 1.0000000 0.0000000
vn 0.0000000 -1.0000000 0.0000000
vn -0.1492571 -0.9887984 0.0000000
vn -0.1492571 -0.9887984 0.0000000
vn 0.0000000 1.0000000 0.0000000
vn 0.0000000 -1.0000000 0.0000000
vn -0.1290128 -0.9869040 -0.0968312
vn -0.1290128 -0.9869040 -0.0968312
vn 0.0000000 1.0000000 0.0000000
vn 0.0000000 -1.0000000 0.0000000
vn -0.0742020 -0.9831475 -0.1670782
vn -0.0742020 -0.9831475 -0.1670782
vn 0.0000000 1.0000000 0.0000000
vn 0.0000000 -1.0000000 0.0000000
vn -0.0000000 -0.9812852 -0.1925599
vn -0.0000000 -0.9812852 -0.1925599
vn 0.0000000 1.0000000 0.0000000
vn 0.0000000 -1.0000000 0.0000000
vn 0.0742020 -0.9831475 -0.1670782
vn 0.0742020 -0.9831475 -0.1670782
vn 0.0000000 1.0000000 0.0000000
vn 0.0000000 -1.0000000 0.0000000
vn 0.1290128 -0.9869040 -0.0968312
vn 0.1290128 -0.9869040 -0.0968312
vn 0.0000000 1.0000000 0.0000000
vn 0.0000000 -1.0000000 0.0000000
vn 0.0000000 1.0000000 0.0000000
vn 0.0000000 -1.0000000 0.0000000
vn 1.0000000 0.0000000 0.0000000
vn 1.0000000 0.0000000 0.0000000
vn 0.0000000 1.0000000 0.0000000
vn 0.0000000 -1.0000000 0.0000000
vn 0.8804652 0.0000000 0.4741108
vn 0.8804652 0.0000000 0.4741108
vn 0.0000000 1.0000000 0.0000000
vn 0.0000000 -1.0000000 0.0000000
vn 0.6097108 0.0000000 0.7926240
vn 0.6097108 0.0000000 0.7926240
vn 0.0000000 1.0000000 0.0000000
vn 0.0000000 -1.0000000 0.0000000
vn 0.3035878 0.0000000 0.9528035
vn 0.3035878 0.0000000 0.9528035
vn 0.0000000 1.0000000 0.0000000
vn 0.0000000 -1.0000000 0.0000000
vn 0.0000000 0.0000000 1.0000000
vn 0.0000000 0.0000000 1.0000000
vn 0.0000000 1.0000000 0.0000000
vn 0.0000000 -1.0000000 0.0000000
vn -0.3035878 0.0000000 0.9528035
vn -0.3035878 0.0000000 0.9528035
vn 0.0000000 1.0000000 0.0000000
vn 0.0000000 -1.0000000 0.0000000
vn -0.6097108 0.0000000 0.7926240
vn -0.6097108 0.0000000 0.7926240
vn 0.0000000 1.0000000 0.0000000
vn 0.0000000 -1.0000000 0.0000000
vn -0.8804652 0.0000000 0.4741108
vn -0.8804652 0.0000000 0.4741108
vn 0.0000000 1.0000000 0.0000000
vn 0.0000000 -1.0000000 0.0000000
vn -1.0000000 0.0000000 0.0000000
vn -1.0000000 0.0000000 0.0000000
vn 0.0000000 1.0000000 0.0000000
vn 0.0000000 -1.0000000 0.0000000
vn -0.8804652 0.0000000 -0.4741108
vn -0.8804652 0.0000000 -0.4741108
vn 0.0000000 1.0000000 0.0000000
vn 0.0000000 -1.0000000 0.0000000
vn -0.6097108 0.0000000 -0.7926240
vn -0.6097108 0.0000000 -0.7926240
vn 0.0000000 1.0000000 0.0000000
vn 0.0000000 -1.0000000 0.0000000
vn -0.3035878 0.0000000 -0.9528035
vn -0.3035878 0.0000000 -0.9528035
vn 0.0000000 1.0000000 0.0000000
vn 0.0000000 -1.0000000 0.0000000
vn -0.0000000 0.0000000 -1.0000000
vn -0.0000000 0.0000000 -1.0000000
vn 0.0000000 1.0000000 0.0000000
vn 0.0000000 -1.0000000 0.0000000
vn 0.3035878 0.0000000 -0.9528035
vn 0.3035878 0.0000000 -0.9528035
vn 0.0000000 1.0000000 0.0000000
vn 0.0000000 -1.0000000 0.0000000
vn 0.6097108 0.0000000 -0.7926240
vn 0.6097108 0.0000000 -0.7926240
vn 0.0000000 1.0000000 0.0000000
vn 0.0000000 -1.0000000 0.0000000
vn 0.8804652 0.0000000 -0.4741108
vn 0.8804652 0.0000000 -0.4741108
vn 0.0000000 1.0000000 0.0000000
vn 0.0000000 -1.0000000 0.0000000
vn 0.0000000 1.0000000 0.0000000
vn 0.0000000 -1.0000000 0.0000000
vn 1.0000000 0.0000000 0.0000000
vn 1.0000000 0.0000000 0.0000000
vn 0.0000000 1.0000000 0.0000000
vn 0.0000000 -1.0000000 0.0000000
vn 0.8804652 0.0000000 0.4741108
vn 0.8804652 0.0000000 0.4741108
vn 0.0000000 1.0000000 0.0000000
vn 0.0000000 -1.0000000 0.0000000
vn 0.6097108 0.0000000 0.7926240
vn 0.6097108 0.0000000 0.7926240
vn 0.0000000 1.0000000 0.0000000
vn 0.0000000 -1.0000000 0.0000000
vn 0.3035878 0.0000000 0.9528035
vn 0.3035878 0.0000000 0.9528035
vn 0.0000000 1.0000000 0.0000000
vn 0.0000000 -1.0000000 0.0000000
vn 0.0000000 0.0000000 1.0000000
vn 0.0000000 0.0000000 1.0000000
vn 0.0000000 1.0000000 0.0000000
vn 0.0000000 -1.0000000 0.0000000
vn -0.3035878 0.0000000 0.9528035
vn -0.3035878 0.0000000 0.9528035
vn 0.0000000 1.0000000 0.0000000
vn 0.0000000 -1.0000000 0.0000000
vn -0.6097108 0.0000000 0.7926240
vn -0.6097108 0.0000000 0.7926240
vn 0.0000000 1.0000000 0.0000000
vn 0.0000000 -1.0000000 0.0000000
vn -0.8804652 0.0000000 0.4741108
vn -0.8804652 0.0000000 0.4741108
vn 0.0000000 1.0000000 0.0000000
vn 0.0000000 -1.0000000 0.0000000
vn -1.0000000 0.0000000 0.0000000
vn -1.0000000 0.0000000 0.0000000
vn 0.0000000 1.0000000 0.0000000
vn 0.0000000 -1.0000000 0.0000000
vn -0.8804652 0.0000000 -0.4741108
vn -0.8804652 0.0000000 -0.4741108
vn 0.0000000 1.0000000 0.0000000
vn 0.0000000 -1.0000000 0.0000000
vn -0.6097108 0.0000000 -0.7926240
vn -0.6097108 0.0000000 -0.7926240
vn 0.0000000 1.0000000 0.0000000
vn 0.0000000 -1.0000000 0.0000000
vn -0.3035878 0.0000000 -0.9528035
vn -0.3035878 0.0000000 -0.9528035
vn 0.0000000 1.0000000 0.0000000
vn 0.0000000 -1.0000000 0.0000000
vn -0.0000000 0.0000000 -1.0000000
vn -0.0000000 0.0000000 -1.0000000
vn 0.0000000 1.0000000 0.0000000
vn 0.0000000 -1.0000000 0.0000000
vn 0.3035878 0.0000000 -0.9528035
vn 0.3035878 0.0000000 -0.9528035
vn 0.0000000 1.0000000 0.0000000
vn 0.0000000 -1.0000000 0.0000000
vn 0.6097108 0.0000000 -0.7926240
vn 0.6097108 0.0000000 -0.7926240
vn 0.0000000 1.0000000 0.0000000
vn 0.0000000 -1.0000000 0.0000000
vn 0.8804652 0.0000000 -0.4741108
vn 0.8804652 0.0000000 -0.4741108
vn 0.0000000 1.0000000 0.0000000
vn 0.0000000 -1.0000000 0.0000000
vn 0.0000000 0.0000000 1.0000000
vn 0.0000000 0.0000000 1.0000000
vn 0.0000000 0.0000000 1.0000000
vn 0.0000000 0.0000000 1.0000000
vn 0.0000000 0.0000000 -1.0000000
vn 0.0000000 0.0000000 -1.0000000
vn 0.0000000 0.0000000 -1.0000000
vn 0.0000000 0.0000000 -1.0000000
vn 1.0000000 0.0000000 0.0000000
vn 1.0000000 0.0000000 0.0000000
vn 1.0000000 0.0000000 0.0000000
vn 1.0000000 0.0000000 0.0000000
vn -1.0000000 0.0000000 0.0000000
vn -1.0000000 0.0000000 0.0000000
vn -1.0000000 0.0000000 0.0000000
vn -1.0000000 0.0000000 0.0000000
vn 0.0000000 1.0000000 0.0000000
vn 0.0000000 1.0000000 0.0000000
vn 0.0000000 1.0000000 0.0000000
vn 0.0000000 1.0000000 0.0000000
vn 0.0000000 -1.0000000 0.0000000
vn 0.0000000 -1.0000000 0.0000000
vn 0.0000000 -1.0000000 0.0000000
vn 0.0000000 -1.0000000 0.0000000
vn 0.0000000 0.0000000 1.0000000
vn 0.0000000 0.0000000 1.0000000
vn 0.0000000 0.0000000 1.0000000
vn 0.0000000 0.0000000 1.0000000
vn 0.0000000 0.0000000 -1.0000000
vn 0.0000000 0.0000000 -1.0000000
vn 0.0000000 0.0000000 -1.0000000
vn 0.0000000 0.0000000 -1.0000000
vn 1.0000000 0.0000000 0.0000000
vn 1.0000000 0.0000000 0.0000000
vn 1.0000000 0.0000000 0.0000000
vn 1.0000000 0.0000000 0.0000000
vn -1.0000000 0.0000000 0.0000000
vn -1.0000000 0.0000000 0.0000000
vn -1.0000000 0.0000000 0.0000000
vn -1.0000000 0.0000000 0.0000000
vn 0.0000000 1.0000000 0.0000000
vn 0.0000000 1.0000000 0.0000000
vn 0.0000000 1.0000000 0.0000000
vn 0.0000000 1.0000000 0.0000000
vn 0.0000000 -1.0000000 0.0000000
vn 0.0000000 -1.0000000 0.0000000
vn 0.0000000 -1.0000000 0.0000000
vn 0.0000000 -1.0000000 0.0000000
vn 0.0000000 0.0000000 1.0000000
vn 0.0000000 0.0000000 1.0000000
vn 0.0000000 0.0000000 1.0000000
vn 0.0000000 0.0000000 1.0000000
vn 0.0000000 0.0000000 -1.0000000
vn 0.0000000 0.0000000 -1.0000000
vn 0.0000000 0.0000000 -1.0000000
vn 0.0000000 0.0000000 -1.0000000
vn 1.0000000 0.0000000 0.0000000
vn 1.0000000 0.0000000 0.0000000
vn 1.0000000 0.0000000 0.0000000
vn 1.0000000 0.0000000 0.0000000
vn -1.0000000 0.0000000 0.0000000
vn -1.0000000 0.0000000 0.0000000
vn -1.0000000 0.0000000 0.0000000
vn -1.0000000 0.0000000 0.0000000
vn 0.0000000 1.0000000 0.0000000
vn 0.0000000 1.0000000 0.0000000
vn 0.0000000 1.0000000 0.0000000
vn 0.0000000 1.0000000 0.0000000
vn 0.0000000 -1.0000000 0.0000000
vn 0.0000000 -1.0000000 0.0000000
vn 0.0000000 -1.0000000 0.0000000
vn 0.0000000 -1.0000000 0.0000000
vn 0.0000000 -1.0000000 0.0000000
vn 0.0000000 1.0000000 0.0000000
vn 1.0000000 0.0000000 0.0000000
vn 0.3090170 0.0000000 0.9510565
vn -0.8090170 0.0000000 0.5877853
vn -0.8090170 0.0000000 -0.5877853
vn 0.3090170 0.0000000 -0.9510565
vn 0.0000000 0.0000000 1.0000000
vn 0.0000000 0.0000000 1.0000000
vn 0.0000000 0.0000000 1.0000000
vn 0.0000000 0.0000000 1.0000000
vn 0.0000000 0.0000000 -1.0000000
vn 0.0000000 0.0000000 -1.0000000
vn 0.0000000 0.0000000 -1.0000000
vn 0.0000000 0.0000000 -1.0000000
vn 1.0000000 0.0000000 0.0000000
vn 1.0000000 0.0000000 0.0000000
vn 1.0000000 0.0000000 0.0000000
vn 1.0000000 0.0000000 0.0000000
vn -1.0000000 0.0000000 0.0000000
vn -1.0000000 0.0000000 0.0000000
vn -1.0000000 0.0000000 0.0000000
vn -1.0000000 0.0000000 0.0000000
vn 0.0000000 1.0000000 0.0000000
vn 0.0000000 1.0000000 0.0000000
vn 0.0000000 1.0000000 0.0000000
vn 0.0000000 1.0000000 0.0000000
vn 0.0000000 -1.0000000 0.0000000
vn 0.0000000 -1.0000000 0.0000000
vn 0.0000000 -1.0000000 0.0000000
vn 0.0000000 -1.0000000 0.0000000
vn 0.0000000 0.0000000 1.0000000
vn 0.0000000 0.0000000 1.0000000
vn 0.0000000 0.0000000 1.0000000
vn 0.0000000 0.0000000 1.0000000
vn 0.0000000 0.0000000 -1.0000000
vn 0.0000000 0.0000000 -1.0000000
vn 0.0000000 0.0000000 -1.0000000
vn 0.0000000 0.0000000 -1.0000000
vn 1.0000000 0.0000000 0.0000000
vn 1.0000000 0.0000000 0.0000000
vn 1.0000000 0.0000000 0.0000000
vn 1.0000000 0.0000000 0.0000000
vn -1.0000000 0.0000000 0.0000000
vn -1.0000000 0.0000000 0.0000000
vn -1.0000000 0.0000000 0.0000000
vn -1.0000000 0.0000000 0.0000000
vn 0.0000000 1.0000000 0.0000000
vn 0.0000000 1.0000000 0.0000000
vn 0.0000000 1.0000000 0.0000000
vn 0.0000000 1.0000000 0.0000000
vn 0.0000000 -1.0000000 0.0000000
vn 0.0000000 -1.0000000 0.0000000
vn 0.0000000 -1.0000000 0.0000000
vn 0.0000000 -1.0000000 0.0000000
vn 0.0000000 0.0000000 1.0000000
vn 0.0000000 0.0000000 1.0000000
vn 0.0000000 0.0000000 1.0000000
vn 0.0000000 0.0000000 1.0000000
vn 0.0000000 0.0000000 -1.0000000
vn 0.0000000 0.0000000 -1.0000000
vn 0.0000000 0.0000000 -1.0000000
vn 0.0000000 0.0000000 -1.0000000
vn 1.0000000 0.0000000 0.0000000
vn 1.0000000 0.0000000 0.0000000
vn 1.0000000 0.0000000 0.0000000
vn 1.0000000 0.0000000 0.0000000
vn -1.0000000 0.0000000 0.0000000
vn -1.0000000 0.0000000 0.0000000
vn -1.0000000 0.0000000 0.0000000
vn -1.0000000 0.0000000 0.0000000
vn 0.0000000 1.0000000 0.0000000
vn 0.0000000 1.0000000 0.0000000
vn 0.0000000 1.0000000 0.0000000
vn 0.0000000 1.0000000 0.0000000
vn 0.0000000 -1.0000000 0.0000000
vn 0.0000000 -1.0000000 0.0000000
vn 0.0000000 -1.0000000 0.0000000
vn 0.0000000 -1.0000000 0.0000000
vn 0.0000000 -1.0000000 0.0000000
vn 0.0000000 1.0000000 0.0000000
vn 1.0000000 0.0000000 0.0000000
vn 0.3090170 0.0000000 0.9510565
vn -0.8090170 0.0000000 0.5877853
vn -0.8090170 0.0000000 -0.5877853
vn 0.3090170 0.0000000 -0.9510565
vn 0.0000000 0.0000000 1.0000000
vn 0.0000000 0.0000000 1.0000000
vn 0.0000000 0.0000000 1.0000000
vn 0.0000000 0.0000000 1.0000000
vn 0.0000000 0.0000000 -1.0000000
vn 0.0000000 0.0000000 -1.0000000
vn 0.0000000 0.0000000 -1.0000000
vn 0.0000000 0.0000000 -1.0000000
vn 1.0000000 0.0000000 0.0000000
vn 1.0000000 0.0000000 0.0000000
vn 1.0000000 0.0000000 0.0000000
vn 1.0000000 0.0000000 0.0000000
vn -1.0000000 0.0000000 0.0000000
vn -1.0000000 0.0000000 0.0000000
vn -1.0000000 0.0000000 0.0000000
vn -1.0000000 0.0000000 0.0000000
vn 0.0000000 1.0000000 0.0000000
vn 0.0000000 1.0000000 0.0000000
vn 0.0000000 1.0000000 0.0000000
vn 0.0000000 1.0000000 0.0000000
vn 0.0000000 -1.0000000 0.0000000
vn 0.0000000 -1.0000000 0.0000000
vn 0.0000000 -1.0000000 0.0000000
vn 0.0000000 -1.0000000 0.0000000
vn 0.0000000 0.0000000 1.0000000
vn 0.0000000 0.0000000 1.0000000
vn 0.0000000 0.0000000 1.0000000
vn 0.0000000 0.0000000 1.0000000
vn 0.0000000 0.0000000 -1.0000000
vn 0.0000000 0.0000000 -1.0000000
vn 0.0000000 0.0000000 -1.0000000
vn 0.0000000 0.0000000 -1.0000000
vn 1.0000000 0.0000000 0.0000000
vn 1.0000000 0.0000000 0.0000000
vn 1.0000000 0.0000000 0.0000000
vn 1.0000000 0.0000000 0.0000000
vn -1.0000000 0.0000000 0.0000000
vn -1.0000000 0.0000000 0.0000000
vn -1.0000000 0.0000000 0.0000000
vn -1.0000000 0.0000000 0.0000000
vn 0.0000000 1.0000000 0.0000000
vn 0.0000000 1.0000000 0.0000000
vn 0.0000000 1.0000000 0.0000000
vn 0.0000000 1.0000000 0.0000000
vn 0.0000000 -1.0000000 0.0000000
vn 0.0000000 -1.0000000 0.0000000
vn 0.0000000 -1.0000000 0.0000000
vn 0.0000000 -1.0000000 0.0000000
vn 0.0000000 0.0000000 1.0000000
vn 0.0000000 0.0000000 1.0000000
vn 0.0000000 0.0000000 1.0000000
vn 0.0000000 0.0000000 1.0000000
vn 0.0000000 0.0000000 -1.0000000
vn 0.0000000 0.0000000 -1.0000000
vn 0.0000000 0.0000000 -1.0000000
vn 0.0000000 0.0000000 -1.0000000
vn 1.0000000 0.0000000 0.0000000
vn 1.0000000 0.0000000 0.0000000
vn 1.0000000 0.0000000 0.0000000
vn 1.0000000 0.0000000 0.0000000
vn -1.0000000 0.0000000 0.0000000
vn -1.0000000 0.0000000 0.0000000
vn -1.0000000 0.0000000 0.0000000
vn -1.0000000 0.0000000 0.0000000
vn 0.0000000 1.0000000 0.0000000
vn 0.0000000 1.0000000 0.0000000
vn 0.0000000 1.0000000 0.0000000
vn 0.0000000 1.0000000 0.0000000
vn 0.0000000 -1.0000000 0.0000000
vn 0.0000000 -1.0000000 0.0000000
vn 0.0000000 -1.0000000 0.0000000
vn 0.0000000 -1.0000000 0.0000000
vn 0.0000000 -1.0000000 0.0000000
vn 0.0000000 1.0000000 0.0000000
vn 1.0000000 0.0000000 0.0000000
vn 0.3090170 0.0000000 0.9510565
vn -0.8090170 0.0000000 0.5877853
vn -0.8090170 0.0000000 -0.5877853
vn 0.3090170 0.0000000 -0.9510565
vn 0.0000000 0.0000000 1.0000000
vn 0.0000000 0.0000000 1.0000000
vn 0.0000000 0.0000000 1.0000000
vn 0.0000000 0.0000000 1.0000000
vn 0.0000000 0.0000000 -1.0000000
vn 0.0000000 0.0000000 -1.0000000
vn 0.0000000 0.0000000 -1.0000000
vn 0.0000000 0.0000000 -1.0000000
vn 1.0000000 0.0000000 0.0000000
vn 1.0000000 0.0000000 0.0000000
vn 1.0000000 0.0000000 0.0000000
vn 1.0000000 0.0000000 0.0000000
vn -1.0000000 0.0000000 0.0000000
vn -1.0000000 0.0000000 0.0000000
vn -1.0000000 0.0000000 0.0000000
vn -1.0000000 0.0000000 0.0000000
vn 0.0000000 1.0000000 0.0000000
vn 0.0000000 1.0000000 0.0000000
vn 0.0000000 1.0000000 0.0000000
vn 0.0000000 1.0000000 0.0000000
vn 0.0000000 -1.0000000 0.0000000
vn 0.0000000 -1.0000000 0.0000000
vn 0.0000000 -1.0000000 0.0000000
vn 0.0000000 -1.0000000 0.0000000
vn 0.0000000 0.0000000 1.0000000
vn 0.0000000 0.0000000 1.0000000
vn 0.0000000 0.0000000 1.0000000
vn 0.0000000 0.0000000 1.0000000
vn 0.0000000 0.0000000 -1.0000000
vn 0.0000000 0.0000000 -1.0000000
vn 0.0000000 0.0000000 -1.0000000
vn 0.0000000 0.0000000 -1.0000000
vn 1.0000000 0.0000000 0.0000000
vn 1.0000000 0.0000000 0.0000000
vn 1.0000000 0.0000000 0.0000000
vn 1.0000000 0.0000000 0.0000000
vn -1.0000000 0.0000000 0.0000000
vn -1.0000000 0.0000000 0.0000000
vn -1.0000000 0.0000000 0.0000000
vn -1.0000000 0.0000000 0.0000000
vn 0.0000000 1.0000000 0.0000000
vn 0.0000000 1.0000000 0.0000000
vn 0.0000000 1.0000000 0.0000000
vn 0.0000000 1.0000000 0.0000000
vn 0.0000000 -1.0000000 0.0000000
vn 0.0000000 -1.0000000 0.0000000
vn 0.0000000 -1.0000000 0.0000000
vn 0.0000000 -1.0000000 0.0000000
vn 0.0000000 0.0000000 1.0000000
vn 0.0000000 0.0000000 1.0000000
vn 0.0000000 0.0000000 1.0000000
vn 0.0000000 0.0000000 1.0000000
vn 0.0000000 0.0000000 -1.0000000
vn 0.0000000 0.0000000 -1.0000000
vn 0.0000000 0.0000000 -1.0000000
vn 0.0000000 0.0000000 -1.0000000
vn 1.0000000 0.0000000 0.0000000
vn 1.0000000 0.0000000 0.0000000
vn 1.0000000 0.0000000 0.0000000
vn 1.0000000 0.0000000 0.0000000
vn -1.0000000 0.0000000 0.0000000
vn -1.0000000 0.0000000 0.0000000
vn -1.0000000 0.0000000 0.0000000
vn -1.0000000 0.0000000 0.0000000
vn 0.0000000 1.0000000 0.0000000
vn 0.0000000 1.0000000 0.0000000
vn 0.0000000 1.0000000 0.0000000
vn 0.0000000 1.0000000 0.0000000
vn 0.0000000 -1.0000000 0.0000000
vn 0.0000000 -1.0000000 0.0000000
vn 0.0000000 -1.0000000 0.0000000
vn 0.0000000 -1.0000000 0.0000000
vn 0.0000000 0.0000000 1.0000000
vn 0.0000000 0.0000000 1.0000000
vn 0.0000000 0.0000000 1.0000000
vn 0.0000000 0.0000000 1.0000000
vn 0.0000000 0.0000000 -1.0000000
vn 0.0000000 0.0000000 -1.0000000
vn 0.0000000 0.0000000 -1.0000000
vn 0.0000000 0.0000000 -1.0000000
vn 1.0000000 0.0000000 0.0000000
vn 1.0000000 0.0000000 0.0000000
vn 1.0000000 0.0000000 0.0000000
vn 1.0000000 0.0000000 0.0000000
vn -1.0000000 0.0000000 0.0000000
vn -1.0000000 0.0000000 0.0000000
vn -1.0000000 0.0000000 0.0000000
vn -1.0000000 0.0000000 0.0000000
vn 0.0000000 1.0000000 0.0000000
vn 0.0000000 1.0000000 0.0000000
vn 0.0000000 1.0000000 0.0000000
vn 0.0000000 1.0000000 0.0000000
vn 0.0000000 -1.0000000 0.0000000
vn 0.0000000 -1.0000000 0.0000000
vn 0.0000000 -1.0000000 0.0000000
vn 0.0000000 -1.0000000 0.0000000
vn 0.0000000 0.0000000 1.0000000
vn 0.0000000 0.0000000 1.0000000
vn 0.0000000 0.0000000 1.0000000
vn 0.0000000 0.0000000 1.0000000
vn 0.0000000 0.0000000 -1.0000000
vn 0.0000000 0.0000000 -1.0000000
vn 0.0000000 0.0000000 -1.0000000
vn 0.0000000 0.0000000 -1.0000000
vn 1.0000000 0.0000000 0.0000000
vn 1.0000000 0.0000000 0.0000000
vn 1.0000000 0.0000000 0.0000000
vn 1.0000000 0.0000000 0.0000000
vn -1.0000000 0.0000000 0.0000000
vn -1.0000000 0.0000000 0.0000000
vn -1.0000000 0.0000000 0.0000000
vn -1.0000000 0.0000000 0.0000000
vn 0.0000000 1.0000000 0.0000000
vn 0.0000000 1.0000000 0.0000000
vn 0.0000000 1.0000000 0.0000000
vn 0.0000000 1.0000000 0.0000000
vn 0.0000000 -1.0000000 0.0000000
vn 0.0000000 -1.0000000 0.0000000
vn 0.0000000 -1.0000000 0.0000000
vn 0.0000000 -1.0000000 0.0000000
usemtl BackdropStoneDark
s 1
f 3/3/3 7/7/7 8/8/8
f 3/3/3 8/8/8 4/4/4
f 2/2/2 10/10/10 6/6/6
f 7/7/7 11/11/11 12/12/12
f 7/7/7 12/12/12 8/8/8
f 2/2/2 14/14/14 10/10/10
f 11/11/11 15/15/15 16/16/16
f 11/11/11 16/16/16 12/12/12
f 2/2/2 18/18/18 14/14/14
f 15/15/15 19/19/19 20/20/20
f 15/15/15 20/20/20 16/16/16
f 2/2/2 22/22/22 18/18/18
f 19/19/19 23/23/23 24/24/24
f 19/19/19 24/24/24 20/20/20
f 2/2/2 26/26/26 22/22/22
f 23/23/23 27/27/27 28/28/28
f 23/23/23 28/28/28 24/24/24
f 2/2/2 30/30/30 26/26/26
f 27/27/27 31/31/31 32/32/32
f 27/27/27 32/32/32 28/28/28
f 2/2/2 34/34/34 30/30/30
f 31/31/31 35/35/35 36/36/36
f 31/31/31 36/36/36 32/32/32
f 2/2/2 38/38/38 34/34/34
f 35/35/35 39/39/39 40/40/40
f 35/35/35 40/40/40 36/36/36
f 2/2/2 42/42/42 38/38/38
f 39/39/39 43/43/43 44/44/44
f 39/39/39 44/44/44 40/40/40
f 2/2/2 46/46/46 42/42/42
f 43/43/43 47/47/47 48/48/48
f 43/43/43 48/48/48 44/44/44
f 2/2/2 50/50/50 46/46/46
f 47/47/47 3/3/3 4/4/4
f 47/47/47 4/4/4 48/48/48
f 2/2/2 6/6/6 50/50/50
f 91/91/91 95/95/95 96/96/96
f 91/91/91 96/96/96 92/92/92
f 90/90/90 98/98/98 94/94/94
f 95/95/95 99/99/99 100/100/100
f 95/95/95 100/100/100 96/96/96
f 90/90/90 102/102/102 98/98/98
f 99/99/99 103/103/103 104/104/104
f 99/99/99 104/104/104 100/100/100
f 90/90/90 106/106/106 102/102/102
f 103/103/103 107/107/107 108/108/108
f 103/103/103 108/108/108 104/104/104
f 90/90/90 110/110/110 106/106/106
f 107/107/107 111/111/111 112/112/112
f 107/107/107 112/112/112 108/108/108
f 90/90/90 114/114/114 110/110/110
f 111/111/111 115/115/115 116/116/116
f 111/111/111 116/116/116 112/112/112
f 90/90/90 118/118/118 114/114/114
f 115/115/115 119/119/119 120/120/120
f 115/115/115 120/120/120 116/116/116
f 90/90/90 122/122/122 118/118/118
f 119/119/119 123/123/123 124/124/124
f 119/119/119 124/124/124 120/120/120
f 90/90/90 126/126/126 122/122/122
f 123/123/123 91/91/91 92/92/92
f 123/123/123 92/92/92 124/124/124
f 90/90/90 94/94/94 126/126/126
f 217/217/217 221/221/221 222/222/222
f 217/217/217 222/222/222 218/218/218
f 216/216/216 224/224/224 220/220/220
f 221/221/221 225/225/225 226/226/226
f 221/221/221 226/226/226 222/222/222
f 216/216/216 228/228/228 224/224/224
f 225/225/225 229/229/229 230/230/230
f 225/225/225 230/230/230 226/226/226
f 216/216/216 232/232/232 228/228/228
f 229/229/229 233/233/233 234/234/234
f 229/229/229 234/234/234 230/230/230
f 216/216/216 236/236/236 232/232/232
f 233/233/233 237/237/237 238/238/238
f 233/233/233 238/238/238 234/234/234
f 216/216/216 240/240/240 236/236/236
f 237/237/237 241/241/241 242/242/242
f 237/237/237 242/242/242 238/238/238
f 216/216/216 244/244/244 240/240/240
f 241/241/241 245/245/245 246/246/246
f 241/241/241 246/246/246 242/242/242
f 216/216/216 248/248/248 244/244/244
f 245/245/245 249/249/249 250/250/250
f 245/245/245 250/250/250 246/246/246
f 216/216/216 252/252/252 248/248/248
f 249/249/249 253/253/253 254/254/254
f 249/249/249 254/254/254 250/250/250
f 216/216/216 256/256/256 252/252/252
f 253/253/253 257/257/257 258/258/258
f 253/253/253 258/258/258 254/254/254
f 216/216/216 260/260/260 256/256/256
f 257/257/257 261/261/261 262/262/262
f 257/257/257 262/262/262 258/258/258
f 216/216/216 264/264/264 260/260/260
f 261/261/261 265/265/265 266/266/266
f 261/261/261 266/266/266 262/262/262
f 216/216/216 268/268/268 264/264/264
f 265/265/265 269/269/269 270/270/270
f 265/265/265 270/270/270 266/266/266
f 216/216/216 272/272/272 268/268/268
f 269/269/269 273/273/273 274/274/274
f 269/269/269 274/274/274 270/270/270
f 216/216/216 276/276/276 272/272/272
f 273/273/273 277/277/277 278/278/278
f 273/273/273 278/278/278 274/274/274
f 216/216/216 280/280/280 276/276/276
f 277/277/277 217/217/217 218/218/218
f 277/277/277 218/218/218 278/278/278
f 216/216/216 220/220/220 280/280/280
f 347/347/347 348/348/348 349/349/349
f 347/347/347 349/349/349 350/350/350
f 351/351/351 352/352/352 353/353/353
f 351/351/351 353/353/353 354/354/354
f 355/355/355 356/356/356 357/357/357
f 355/355/355 357/357/357 358/358/358
f 359/359/359 360/360/360 361/361/361
f 359/359/359 361/361/361 362/362/362
f 363/363/363 364/364/364 365/365/365
f 363/363/363 365/365/365 366/366/366
f 367/367/367 368/368/368 369/369/369
f 367/367/367 369/369/369 370/370/370
f 452/452/452 456/456/456 457/457/457
f 452/452/452 457/457/457 453/453/453
f 451/451/451 459/459/459 455/455/455
f 456/456/456 460/460/460 461/461/461
f 456/456/456 461/461/461 457/457/457
f 451/451/451 463/463/463 459/459/459
f 460/460/460 464/464/464 465/465/465
f 460/460/460 465/465/465 461/461/461
f 451/451/451 467/467/467 463/463/463
f 464/464/464 468/468/468 469/469/469
f 464/464/464 469/469/469 465/465/465
f 451/451/451 471/471/471 467/467/467
f 468/468/468 472/472/472 473/473/473
f 468/468/468 473/473/473 469/469/469
f 451/451/451 475/475/475 471/471/471
f 472/472/472 476/476/476 477/477/477
f 472/472/472 477/477/477 473/473/473
f 451/451/451 479/479/479 475/475/475
f 476/476/476 480/480/480 481/481/481
f 476/476/476 481/481/481 477/477/477
f 451/451/451 483/483/483 479/479/479
f 480/480/480 484/484/484 485/485/485
f 480/480/480 485/485/485 481/481/481
f 451/451/451 487/487/487 483/483/483
f 484/484/484 488/488/488 489/489/489
f 484/484/484 489/489/489 485/485/485
f 451/451/451 491/491/491 487/487/487
f 488/488/488 492/492/492 493/493/493
f 488/488/488 493/493/493 489/489/489
f 451/451/451 495/495/495 491/491/491
f 492/492/492 496/496/496 497/497/497
f 492/492/492 497/497/497 493/493/493
f 451/451/451 499/499/499 495/495/495
f 496/496/496 452/452/452 453/453/453
f 496/496/496 453/453/453 497/497/497
f 451/451/451 455/455/455 499/499/499
f 540/540/540 544/544/544 545/545/545
f 540/540/540 545/545/545 541/541/541
f 539/539/539 547/547/547 543/543/543
f 544/544/544 548/548/548 549/549/549
f 544/544/544 549/549/549 545/545/545
f 539/539/539 551/551/551 547/547/547
f 548/548/548 552/552/552 553/553/553
f 548/548/548 553/553/553 549/549/549
f 539/539/539 555/555/555 551/551/551
f 552/552/552 556/556/556 557/557/557
f 552/552/552 557/557/557 553/553/553
f 539/539/539 559/559/559 555/555/555
f 556/556/556 560/560/560 561/561/561
f 556/556/556 561/561/561 557/557/557
f 539/539/539 563/563/563 559/559/559
f 560/560/560 564/564/564 565/565/565
f 560/560/560 565/565/565 561/561/561
f 539/539/539 567/567/567 563/563/563
f 564/564/564 568/568/568 569/569/569
f 564/564/564 569/569/569 565/565/565
f 539/539/539 571/571/571 567/567/567
f 568/568/568 572/572/572 573/573/573
f 568/568/568 573/573/573 569/569/569
f 539/539/539 575/575/575 571/571/571
f 572/572/572 540/540/540 541/541/541
f 572/572/572 541/541/541 573/573/573
f 539/539/539 543/543/543 575/575/575
f 666/666/666 670/670/670 671/671/671
f 666/666/666 671/671/671 667/667/667
f 665/665/665 673/673/673 669/669/669
f 670/670/670 674/674/674 675/675/675
f 670/670/670 675/675/675 671/671/671
f 665/665/665 677/677/677 673/673/673
f 674/674/674 678/678/678 679/679/679
f 674/674/674 679/679/679 675/675/675
f 665/665/665 681/681/681 677/677/677
f 678/678/678 682/682/682 683/683/683
f 678/678/678 683/683/683 679/679/679
f 665/665/665 685/685/685 681/681/681
f 682/682/682 686/686/686 687/687/687
f 682/682/682 687/687/687 683/683/683
f 665/665/665 689/689/689 685/685/685
f 686/686/686 690/690/690 691/691/691
f 686/686/686 691/691/691 687/687/687
f 665/665/665 693/693/693 689/689/689
f 690/690/690 694/694/694 695/695/695
f 690/690/690 695/695/695 691/691/691
f 665/665/665 697/697/697 693/693/693
f 694/694/694 698/698/698 699/699/699
f 694/694/694 699/699/699 695/695/695
f 665/665/665 701/701/701 697/697/697
f 698/698/698 702/702/702 703/703/703
f 698/698/698 703/703/703 699/699/699
f 665/665/665 705/705/705 701/701/701
f 702/702/702 706/706/706 707/707/707
f 702/702/702 707/707/707 703/703/703
f 665/665/665 709/709/709 705/705/705
f 706/706/706 710/710/710 711/711/711
f 706/706/706 711/711/711 707/707/707
f 665/665/665 713/713/713 709/709/709
f 710/710/710 714/714/714 715/715/715
f 710/710/710 715/715/715 711/711/711
f 665/665/665 717/717/717 713/713/713
f 714/714/714 718/718/718 719/719/719
f 714/714/714 719/719/719 715/715/715
f 665/665/665 721/721/721 717/717/717
f 718/718/718 722/722/722 723/723/723
f 718/718/718 723/723/723 719/719/719
f 665/665/665 725/725/725 721/721/721
f 722/722/722 726/726/726 727/727/727
f 722/722/722 727/727/727 723/723/723
f 665/665/665 729/729/729 725/725/725
f 726/726/726 666/666/666 667/667/667
f 726/726/726 667/667/667 727/727/727
f 665/665/665 669/669/669 729/729/729
f 796/796/796 797/797/797 798/798/798
f 796/796/796 798/798/798 799/799/799
f 800/800/800 801/801/801 802/802/802
f 800/800/800 802/802/802 803/803/803
f 804/804/804 805/805/805 806/806/806
f 804/804/804 806/806/806 807/807/807
f 808/808/808 809/809/809 810/810/810
f 808/808/808 810/810/810 811/811/811
f 812/812/812 813/813/813 814/814/814
f 812/812/812 814/814/814 815/815/815
f 816/816/816 817/817/817 818/818/818
f 816/816/816 818/818/818 819/819/819
f 875/875/875 876/876/876 877/877/877
f 875/875/875 877/877/877 878/878/878
f 879/879/879 880/880/880 881/881/881
f 879/879/879 881/881/881 882/882/882
f 883/883/883 884/884/884 885/885/885
f 883/883/883 885/885/885 886/886/886
f 887/887/887 888/888/888 889/889/889
f 887/887/887 889/889/889 890/890/890
f 891/891/891 892/892/892 893/893/893
f 891/891/891 893/893/893 894/894/894
f 895/895/895 896/896/896 897/897/897
f 895/895/895 897/897/897 898/898/898
f 954/954/954 955/955/955 956/956/956
f 954/954/954 956/956/956 957/957/957
f 958/958/958 959/959/959 960/960/960
f 958/958/958 960/960/960 961/961/961
f 962/962/962 963/963/963 964/964/964
f 962/962/962 964/964/964 965/965/965
f 966/966/966 967/967/967 968/968/968
f 966/966/966 968/968/968 969/969/969
f 970/970/970 971/971/971 972/972/972
f 970/970/970 972/972/972 973/973/973
f 974/974/974 975/975/975 976/976/976
f 974/974/974 976/976/976 977/977/977
f 1033/1033/1033 1034/1034/1034 1035/1035/1035
f 1033/1033/1033 1035/1035/1035 1036/1036/1036
f 1037/1037/1037 1038/1038/1038 1039/1039/1039
f 1037/1037/1037 1039/1039/1039 1040/1040/1040
f 1041/1041/1041 1042/1042/1042 1043/1043/1043
f 1041/1041/1041 1043/1043/1043 1044/1044/1044
f 1045/1045/1045 1046/1046/1046 1047/1047/1047
f 1045/1045/1045 1047/1047/1047 1048/1048/1048
f 1049/1049/1049 1050/1050/1050 1051/1051/1051
f 1049/1049/1049 1051/1051/1051 1052/1052/1052
f 1053/1053/1053 1054/1054/1054 1055/1055/1055
f 1053/1053/1053 1055/1055/1055 1056/1056/1056
f 1112/1112/1112 1113/1113/1113 1114/1114/1114
f 1112/1112/1112 1114/1114/1114 1115/1115/1115
f 1116/1116/1116 1117/1117/1117 1118/1118/1118
f 1116/1116/1116 1118/1118/1118 1119/1119/1119
f 1120/1120/1120 1121/1121/1121 1122/1122/1122
f 1120/1120/1120 1122/1122/1122 1123/1123/1123
f 1124/1124/1124 1125/1125/1125 1126/1126/1126
f 1124/1124/1124 1126/1126/1126 1127/1127/1127
f 1128/1128/1128 1129/1129/1129 1130/1130/1130
f 1128/1128/1128 1130/1130/1130 1131/1131/1131
f 1132/1132/1132 1133/1133/1133 1134/1134/1134
f 1132/1132/1132 1134/1134/1134 1135/1135/1135
f 1337/1337/1337 1341/1341/1341 1342/1342/1342
f 1337/1337/1337 1342/1342/1342 1338/1338/1338
f 1336/1336/1336 1344/1344/1344 1340/1340/1340
f 1341/1341/1341 1345/1345/1345 1346/1346/1346
f 1341/1341/1341 1346/1346/1346 1342/1342/1342
f 1336/1336/1336 1348/1348/1348 1344/1344/1344
f 1345/1345/1345 1349/1349/1349 1350/1350/1350
f 1345/1345/1345 1350/1350/1350 1346/1346/1346
f 1336/1336/1336 1352/1352/1352 1348/1348/1348
f 1349/1349/1349 1353/1353/1353 1354/1354/1354
f 1349/1349/1349 1354/1354/1354 1350/1350/1350
f 1336/1336/1336 1356/1356/1356 1352/1352/1352
f 1353/1353/1353 1357/1357/1357 1358/1358/1358
f 1353/1353/1353 1358/1358/1358 1354/1354/1354
f 1336/1336/1336 1360/1360/1360 1356/1356/1356
f 1357/1357/1357 1361/1361/1361 1362/1362/1362
f 1357/1357/1357 1362/1362/1362 1358/1358/1358
f 1336/1336/1336 1364/1364/1364 1360/1360/1360
f 1361/1361/1361 1365/1365/1365 1366/1366/1366
f 1361/1361/1361 1366/1366/1366 1362/1362/1362
f 1336/1336/1336 1368/1368/1368 1364/1364/1364
f 1365/1365/1365 1369/1369/1369 1370/1370/1370
f 1365/1365/1365 1370/1370/1370 1366/1366/1366
f 1336/1336/1336 1372/1372/1372 1368/1368/1368
f 1369/1369/1369 1373/1373/1373 1374/1374/1374
f 1369/1369/1369 1374/1374/1374 1370/1370/1370
f 1336/1336/1336 1376/1376/1376 1372/1372/1372
f 1373/1373/1373 1377/1377/1377 1378/1378/1378
f 1373/1373/1373 1378/1378/1378 1374/1374/1374
f 1336/1336/1336 1380/1380/1380 1376/1376/1376
f 1377/1377/1377 1381/1381/1381 1382/1382/1382
f 1377/1377/1377 1382/1382/1382 1378/1378/1378
f 1336/1336/1336 1384/1384/1384 1380/1380/1380
f 1381/1381/1381 1337/1337/1337 1338/1338/1338
f 1381/1381/1381 1338/1338/1338 1382/1382/1382
f 1336/1336/1336 1340/1340/1340 1384/1384/1384
f 1425/1425/1425 1429/1429/1429 1430/1430/1430
f 1425/1425/1425 1430/1430/1430 1426/1426/1426
f 1424/1424/1424 1432/1432/1432 1428/1428/1428
f 1429/1429/1429 1433/1433/1433 1434/1434/1434
f 1429/1429/1429 1434/1434/1434 1430/1430/1430
f 1424/1424/1424 1436/1436/1436 1432/1432/1432
f 1433/1433/1433 1437/1437/1437 1438/1438/1438
f 1433/1433/1433 1438/1438/1438 1434/1434/1434
f 1424/1424/1424 1440/1440/1440 1436/1436/1436
f 1437/1437/1437 1441/1441/1441 1442/1442/1442
f 1437/1437/1437 1442/1442/1442 1438/1438/1438
f 1424/1424/1424 1444/1444/1444 1440/1440/1440
f 1441/1441/1441 1445/1445/1445 1446/1446/1446
f 1441/1441/1441 1446/1446/1446 1442/1442/1442
f 1424/1424/1424 1448/1448/1448 1444/1444/1444
f 1445/1445/1445 1449/1449/1449 1450/1450/1450
f 1445/1445/1445 1450/1450/1450 1446/1446/1446
f 1424/1424/1424 1452/1452/1452 1448/1448/1448
f 1449/1449/1449 1453/1453/1453 1454/1454/1454
f 1449/1449/1449 1454/1454/1454 1450/1450/1450
f 1424/1424/1424 1456/1456/1456 1452/1452/1452
f 1453/1453/1453 1457/1457/1457 1458/1458/1458
f 1453/1453/1453 1458/1458/1458 1454/1454/1454
f 1424/1424/1424 1460/1460/1460 1456/1456/1456
f 1457/1457/1457 1425/1425/1425 1426/1426/1426
f 1457/1457/1457 1426/1426/1426 1458/1458/1458
f 1424/1424/1424 1428/1428/1428 1460/1460/1460
f 1551/1551/1551 1555/1555/1555 1556/1556/1556
f 1551/1551/1551 1556/1556/1556 1552/1552/1552
f 1550/1550/1550 1558/1558/1558 1554/1554/1554
f 1555/1555/1555 1559/1559/1559 1560/1560/1560
f 1555/1555/1555 1560/1560/1560 1556/1556/1556
f 1550/1550/1550 1562/1562/1562 1558/1558/1558
f 1559/1559/1559 1563/1563/1563 1564/1564/1564
f 1559/1559/1559 1564/1564/1564 1560/1560/1560
f 1550/1550/1550 1566/1566/1566 1562/1562/1562
f 1563/1563/1563 1567/1567/1567 1568/1568/1568
f 1563/1563/1563 1568/1568/1568 1564/1564/1564
f 1550/1550/1550 1570/1570/1570 1566/1566/1566
f 1567/1567/1567 1571/1571/1571 1572/1572/1572
f 1567/1567/1567 1572/1572/1572 1568/1568/1568
f 1550/1550/1550 1574/1574/1574 1570/1570/1570
f 1571/1571/1571 1575/1575/1575 1576/1576/1576
f 1571/1571/1571 1576/1576/1576 1572/1572/1572
f 1550/1550/1550 1578/1578/1578 1574/1574/1574
f 1575/1575/1575 1579/1579/1579 1580/1580/1580
f 1575/1575/1575 1580/1580/1580 1576/1576/1576
f 1550/1550/1550 1582/1582/1582 1578/1578/1578
f 1579/1579/1579 1583/1583/1583 1584/1584/1584
f 1579/1579/1579 1584/1584/1584 1580/1580/1580
f 1550/1550/1550 1586/1586/1586 1582/1582/1582
f 1583/1583/1583 1587/1587/1587 1588/1588/1588
f 1583/1583/1583 1588/1588/1588 1584/1584/1584
f 1550/1550/1550 1590/1590/1590 1586/1586/1586
f 1587/1587/1587 1591/1591/1591 1592/1592/1592
f 1587/1587/1587 1592/1592/1592 1588/1588/1588
f 1550/1550/1550 1594/1594/1594 1590/1590/1590
f 1591/1591/1591 1595/1595/1595 1596/1596/1596
f 1591/1591/1591 1596/1596/1596 1592/1592/1592
f 1550/1550/1550 1598/1598/1598 1594/1594/1594
f 1595/1595/1595 1599/1599/1599 1600/1600/1600
f 1595/1595/1595 1600/1600/1600 1596/1596/1596
f 1550/1550/1550 1602/1602/1602 1598/1598/1598
f 1599/1599/1599 1603/1603/1603 1604/1604/1604
f 1599/1599/1599 1604/1604/1604 1600/1600/1600
f 1550/1550/1550 1606/1606/1606 1602/1602/1602
f 1603/1603/1603 1607/1607/1607 1608/1608/1608
f 1603/1603/1603 1608/1608/1608 1604/1604/1604
f 1550/1550/1550 1610/1610/1610 1606/1606/1606
f 1607/1607/1607 1611/1611/1611 1612/1612/1612
f 1607/1607/1607 1612/1612/1612 1608/1608/1608
f 1550/1550/1550 1614/1614/1614 1610/1610/1610
f 1611/1611/1611 1551/1551/1551 1552/1552/1552
f 1611/1611/1611 1552/1552/1552 1612/1612/1612
f 1550/1550/1550 1554/1554/1554 1614/1614/1614
f 1681/1681/1681 1682/1682/1682 1683/1683/1683
f 1681/1681/1681 1683/1683/1683 1684/1684/1684
f 1685/1685/1685 1686/1686/1686 1687/1687/1687
f 1685/1685/1685 1687/1687/1687 1688/1688/1688
f 1689/1689/1689 1690/1690/1690 1691/1691/1691
f 1689/1689/1689 1691/1691/1691 1692/1692/1692
f 1693/1693/1693 1694/1694/1694 1695/1695/1695
f 1693/1693/1693 1695/1695/1695 1696/1696/1696
f 1697/1697/1697 1698/1698/1698 1699/1699/1699
f 1697/1697/1697 1699/1699/1699 1700/1700/1700
f 1701/1701/1701 1702/1702/1702 1703/1703/1703
f 1701/1701/1701 1703/1703/1703 1704/1704/1704
f 1760/1760/1760 1761/1761/1761 1762/1762/1762
f 1760/1760/1760 1762/1762/1762 1763/1763/1763
f 1764/1764/1764 1765/1765/1765 1766/1766/1766
f 1764/1764/1764 1766/1766/1766 1767/1767/1767
f 1768/1768/1768 1769/1769/1769 1770/1770/1770
f 1768/1768/1768 1770/1770/1770 1771/1771/1771
f 1772/1772/1772 1773/1773/1773 1774/1774/1774
f 1772/1772/1772 1774/1774/1774 1775/1775/1775
f 1776/1776/1776 1777/1777/1777 1778/1778/1778
f 1776/1776/1776 1778/1778/1778 1779/1779/1779
f 1780/1780/1780 1781/1781/1781 1782/1782/1782
f 1780/1780/1780 1782/1782/1782 1783/1783/1783
f 1839/1839/1839 1840/1840/1840 1841/1841/1841
f 1839/1839/1839 1841/1841/1841 1842/1842/1842
f 1843/1843/1843 1844/1844/1844 1845/1845/1845
f 1843/1843/1843 1845/1845/1845 1846/1846/1846
f 1847/1847/1847 1848/1848/1848 1849/1849/1849
f 1847/1847/1847 1849/1849/1849 1850/1850/1850
f 1851/1851/1851 1852/1852/1852 1853/1853/1853
f 1851/1851/1851 1853/1853/1853 1854/1854/1854
f 1855/1855/1855 1856/1856/1856 1857/1857/1857
f 1855/1855/1855 1857/1857/1857 1858/1858/1858
f 1859/1859/1859 1860/1860/1860 1861/1861/1861
f 1859/1859/1859 1861/1861/1861 1862/1862/1862
f 2064/2064/2064 2068/2068/2068 2069/2069/2069
f 2064/2064/2064 2069/2069/2069 2065/2065/2065
f 2063/2063/2063 2071/2071/2071 2067/2067/2067
f 2068/2068/2068 2072/2072/2072 2073/2073/2073
f 2068/2068/2068 2073/2073/2073 2069/2069/2069
f 2063/2063/2063 2075/2075/2075 2071/2071/2071
f 2072/2072/2072 2076/2076/2076 2077/2077/2077
f 2072/2072/2072 2077/2077/2077 2073/2073/2073
f 2063/2063/2063 2079/2079/2079 2075/2075/2075
f 2076/2076/2076 2080/2080/2080 2081/2081/2081
f 2076/2076/2076 2081/2081/2081 2077/2077/2077
f 2063/2063/2063 2083/2083/2083 2079/2079/2079
f 2080/2080/2080 2084/2084/2084 2085/2085/2085
f 2080/2080/2080 2085/2085/2085 2081/2081/2081
f 2063/2063/2063 2087/2087/2087 2083/2083/2083
f 2084/2084/2084 2088/2088/2088 2089/2089/2089
f 2084/2084/2084 2089/2089/2089 2085/2085/2085
f 2063/2063/2063 2091/2091/2091 2087/2087/2087
f 2088/2088/2088 2092/2092/2092 2093/2093/2093
f 2088/2088/2088 2093/2093/2093 2089/2089/2089
f 2063/2063/2063 2095/2095/2095 2091/2091/2091
f 2092/2092/2092 2096/2096/2096 2097/2097/2097
f 2092/2092/2092 2097/2097/2097 2093/2093/2093
f 2063/2063/2063 2099/2099/2099 2095/2095/2095
f 2096/2096/2096 2100/2100/2100 2101/2101/2101
f 2096/2096/2096 2101/2101/2101 2097/2097/2097
f 2063/2063/2063 2103/2103/2103 2099/2099/2099
f 2100/2100/2100 2104/2104/2104 2105/2105/2105
f 2100/2100/2100 2105/2105/2105 2101/2101/2101
f 2063/2063/2063 2107/2107/2107 2103/2103/2103
f 2104/2104/2104 2108/2108/2108 2109/2109/2109
f 2104/2104/2104 2109/2109/2109 2105/2105/2105
f 2063/2063/2063 2111/2111/2111 2107/2107/2107
f 2108/2108/2108 2064/2064/2064 2065/2065/2065
f 2108/2108/2108 2065/2065/2065 2109/2109/2109
f 2063/2063/2063 2067/2067/2067 2111/2111/2111
f 2152/2152/2152 2156/2156/2156 2157/2157/2157
f 2152/2152/2152 2157/2157/2157 2153/2153/2153
f 2151/2151/2151 2159/2159/2159 2155/2155/2155
f 2156/2156/2156 2160/2160/2160 2161/2161/2161
f 2156/2156/2156 2161/2161/2161 2157/2157/2157
f 2151/2151/2151 2163/2163/2163 2159/2159/2159
f 2160/2160/2160 2164/2164/2164 2165/2165/2165
f 2160/2160/2160 2165/2165/2165 2161/2161/2161
f 2151/2151/2151 2167/2167/2167 2163/2163/2163
f 2164/2164/2164 2168/2168/2168 2169/2169/2169
f 2164/2164/2164 2169/2169/2169 2165/2165/2165
f 2151/2151/2151 2171/2171/2171 2167/2167/2167
f 2168/2168/2168 2172/2172/2172 2173/2173/2173
f 2168/2168/2168 2173/2173/2173 2169/2169/2169
f 2151/2151/2151 2175/2175/2175 2171/2171/2171
f 2172/2172/2172 2176/2176/2176 2177/2177/2177
f 2172/2172/2172 2177/2177/2177 2173/2173/2173
f 2151/2151/2151 2179/2179/2179 2175/2175/2175
f 2176/2176/2176 2180/2180/2180 2181/2181/2181
f 2176/2176/2176 2181/2181/2181 2177/2177/2177
f 2151/2151/2151 2183/2183/2183 2179/2179/2179
f 2180/2180/2180 2184/2184/2184 2185/2185/2185
f 2180/2180/2180 2185/2185/2185 2181/2181/2181
f 2151/2151/2151 2187/2187/2187 2183/2183/2183
f 2184/2184/2184 2152/2152/2152 2153/2153/2153
f 2184/2184/2184 2153/2153/2153 2185/2185/2185
f 2151/2151/2151 2155/2155/2155 2187/2187/2187
f 2278/2278/2278 2282/2282/2282 2283/2283/2283
f 2278/2278/2278 2283/2283/2283 2279/2279/2279
f 2277/2277/2277 2285/2285/2285 2281/2281/2281
f 2282/2282/2282 2286/2286/2286 2287/2287/2287
f 2282/2282/2282 2287/2287/2287 2283/2283/2283
f 2277/2277/2277 2289/2289/2289 2285/2285/2285
f 2286/2286/2286 2290/2290/2290 2291/2291/2291
f 2286/2286/2286 2291/2291/2291 2287/2287/2287
f 2277/2277/2277 2293/2293/2293 2289/2289/2289
f 2290/2290/2290 2294/2294/2294 2295/2295/2295
f 2290/2290/2290 2295/2295/2295 2291/2291/2291
f 2277/2277/2277 2297/2297/2297 2293/2293/2293
f 2294/2294/2294 2298/2298/2298 2299/2299/2299
f 2294/2294/2294 2299/2299/2299 2295/2295/2295
f 2277/2277/2277 2301/2301/2301 2297/2297/2297
f 2298/2298/2298 2302/2302/2302 2303/2303/2303
f 2298/2298/2298 2303/2303/2303 2299/2299/2299
f 2277/2277/2277 2305/2305/2305 2301/2301/2301
f 2302/2302/2302 2306/2306/2306 2307/2307/2307
f 2302/2302/2302 2307/2307/2307 2303/2303/2303
f 2277/2277/2277 2309/2309/2309 2305/2305/2305
f 2306/2306/2306 2310/2310/2310 2311/2311/2311
f 2306/2306/2306 2311/2311/2311 2307/2307/2307
f 2277/2277/2277 2313/2313/2313 2309/2309/2309
f 2310/2310/2310 2314/2314/2314 2315/2315/2315
f 2310/2310/2310 2315/2315/2315 2311/2311/2311
f 2277/2277/2277 2317/2317/2317 2313/2313/2313
f 2314/2314/2314 2318/2318/2318 2319/2319/2319
f 2314/2314/2314 2319/2319/2319 2315/2315/2315
f 2277/2277/2277 2321/2321/2321 2317/2317/2317
f 2318/2318/2318 2322/2322/2322 2323/2323/2323
f 2318/2318/2318 2323/2323/2323 2319/2319/2319
f 2277/2277/2277 2325/2325/2325 2321/2321/2321
f 2322/2322/2322 2326/2326/2326 2327/2327/2327
f 2322/2322/2322 2327/2327/2327 2323/2323/2323
f 2277/2277/2277 2329/2329/2329 2325/2325/2325
f 2326/2326/2326 2330/2330/2330 2331/2331/2331
f 2326/2326/2326 2331/2331/2331 2327/2327/2327
f 2277/2277/2277 2333/2333/2333 2329/2329/2329
f 2330/2330/2330 2334/2334/2334 2335/2335/2335
f 2330/2330/2330 2335/2335/2335 2331/2331/2331
f 2277/2277/2277 2337/2337/2337 2333/2333/2333
f 2334/2334/2334 2338/2338/2338 2339/2339/2339
f 2334/2334/2334 2339/2339/2339 2335/2335/2335
f 2277/2277/2277 2341/2341/2341 2337/2337/2337
f 2338/2338/2338 2278/2278/2278 2279/2279/2279
f 2338/2338/2338 2279/2279/2279 2339/2339/2339
f 2277/2277/2277 2281/2281/2281 2341/2341/2341
f 2408/2408/2408 2409/2409/2409 2410/2410/2410
f 2408/2408/2408 2410/2410/2410 2411/2411/2411
f 2412/2412/2412 2413/2413/2413 2414/2414/2414
f 2412/2412/2412 2414/2414/2414 2415/2415/2415
f 2416/2416/2416 2417/2417/2417 2418/2418/2418
f 2416/2416/2416 2418/2418/2418 2419/2419/2419
f 2420/2420/2420 2421/2421/2421 2422/2422/2422
f 2420/2420/2420 2422/2422/2422 2423/2423/2423
f 2424/2424/2424 2425/2425/2425 2426/2426/2426
f 2424/2424/2424 2426/2426/2426 2427/2427/2427
f 2428/2428/2428 2429/2429/2429 2430/2430/2430
f 2428/2428/2428 2430/2430/2430 2431/2431/2431
f 2487/2487/2487 2488/2488/2488 2489/2489/2489
f 2487/2487/2487 2489/2489/2489 2490/2490/2490
f 2491/2491/2491 2492/2492/2492 2493/2493/2493
f 2491/2491/2491 2493/2493/2493 2494/2494/2494
f 2495/2495/2495 2496/2496/2496 2497/2497/2497
f 2495/2495/2495 2497/2497/2497 2498/2498/2498
f 2499/2499/2499 2500/2500/2500 2501/2501/2501
f 2499/2499/2499 2501/2501/2501 2502/2502/2502
f 2503/2503/2503 2504/2504/2504 2505/2505/2505
f 2503/2503/2503 2505/2505/2505 2506/2506/2506
f 2507/2507/2507 2508/2508/2508 2509/2509/2509
f 2507/2507/2507 2509/2509/2509 2510/2510/2510
f 2566/2566/2566 2567/2567/2567 2568/2568/2568
f 2566/2566/2566 2568/2568/2568 2569/2569/2569
f 2570/2570/2570 2571/2571/2571 2572/2572/2572
f 2570/2570/2570 2572/2572/2572 2573/2573/2573
f 2574/2574/2574 2575/2575/2575 2576/2576/2576
f 2574/2574/2574 2576/2576/2576 2577/2577/2577
f 2578/2578/2578 2579/2579/2579 2580/2580/2580
f 2578/2578/2578 2580/2580/2580 2581/2581/2581
f 2582/2582/2582 2583/2583/2583 2584/2584/2584
f 2582/2582/2582 2584/2584/2584 2585/2585/2585
f 2586/2586/2586 2587/2587/2587 2588/2588/2588
f 2586/2586/2586 2588/2588/2588 2589/2589/2589
f 2767/2767/2767 2771/2771/2771 2772/2772/2772
f 2767/2767/2767 2772/2772/2772 2768/2768/2768
f 2766/2766/2766 2774/2774/2774 2770/2770/2770
f 2771/2771/2771 2775/2775/2775 2776/2776/2776
f 2771/2771/2771 2776/2776/2776 2772/2772/2772
f 2766/2766/2766 2778/2778/2778 2774/2774/2774
f 2775/2775/2775 2779/2779/2779 2780/2780/2780
f 2775/2775/2775 2780/2780/2780 2776/2776/2776
f 2766/2766/2766 2782/2782/2782 2778/2778/2778
f 2779/2779/2779 2783/2783/2783 2784/2784/2784
f 2779/2779/2779 2784/2784/2784 2780/2780/2780
f 2766/2766/2766 2786/2786/2786 2782/2782/2782
f 2783/2783/2783 2787/2787/2787 2788/2788/2788
f 2783/2783/2783 2788/2788/2788 2784/2784/2784
f 2766/2766/2766 2790/2790/2790 2786/2786/2786
f 2787/2787/2787 2791/2791/2791 2792/2792/2792
f 2787/2787/2787 2792/2792/2792 2788/2788/2788
f 2766/2766/2766 2794/2794/2794 2790/2790/2790
f 2791/2791/2791 2795/2795/2795 2796/2796/2796
f 2791/2791/2791 2796/2796/2796 2792/2792/2792
f 2766/2766/2766 2798/2798/2798 2794/2794/2794
f 2795/2795/2795 2799/2799/2799 2800/2800/2800
f 2795/2795/2795 2800/2800/2800 2796/2796/2796
f 2766/2766/2766 2802/2802/2802 2798/2798/2798
f 2799/2799/2799 2803/2803/2803 2804/2804/2804
f 2799/2799/2799 2804/2804/2804 2800/2800/2800
f 2766/2766/2766 2806/2806/2806 2802/2802/2802
f 2803/2803/2803 2807/2807/2807 2808/2808/2808
f 2803/2803/2803 2808/2808/2808 2804/2804/2804
f 2766/2766/2766 2810/2810/2810 2806/2806/2806
f 2807/2807/2807 2811/2811/2811 2812/2812/2812
f 2807/2807/2807 2812/2812/2812 2808/2808/2808
f 2766/2766/2766 2814/2814/2814 2810/2810/2810
f 2811/2811/2811 2767/2767/2767 2768/2768/2768
f 2811/2811/2811 2768/2768/2768 2812/2812/2812
f 2766/2766/2766 2770/2770/2770 2814/2814/2814
f 2855/2855/2855 2859/2859/2859 2860/2860/2860
f 2855/2855/2855 2860/2860/2860 2856/2856/2856
f 2854/2854/2854 2862/2862/2862 2858/2858/2858
f 2859/2859/2859 2863/2863/2863 2864/2864/2864
f 2859/2859/2859 2864/2864/2864 2860/2860/2860
f 2854/2854/2854 2866/2866/2866 2862/2862/2862
f 2863/2863/2863 2867/2867/2867 2868/2868/2868
f 2863/2863/2863 2868/2868/2868 2864/2864/2864
f 2854/2854/2854 2870/2870/2870 2866/2866/2866
f 2867/2867/2867 2871/2871/2871 2872/2872/2872
f 2867/2867/2867 2872/2872/2872 2868/2868/2868
f 2854/2854/2854 2874/2874/2874 2870/2870/2870
f 2871/2871/2871 2875/2875/2875 2876/2876/2876
f 2871/2871/2871 2876/2876/2876 2872/2872/2872
f 2854/2854/2854 2878/2878/2878 2874/2874/2874
f 2875/2875/2875 2879/2879/2879 2880/2880/2880
f 2875/2875/2875 2880/2880/2880 2876/2876/2876
f 2854/2854/2854 2882/2882/2882 2878/2878/2878
f 2879/2879/2879 2883/2883/2883 2884/2884/2884
f 2879/2879/2879 2884/2884/2884 2880/2880/2880
f 2854/2854/2854 2886/2886/2886 2882/2882/2882
f 2883/2883/2883 2887/2887/2887 2888/2888/2888
f 2883/2883/2883 2888/2888/2888 2884/2884/2884
f 2854/2854/2854 2890/2890/2890 2886/2886/2886
f 2887/2887/2887 2855/2855/2855 2856/2856/2856
f 2887/2887/2887 2856/2856/2856 2888/2888/2888
f 2854/2854/2854 2858/2858/2858 2890/2890/2890
f 2981/2981/2981 2985/2985/2985 2986/2986/2986
f 2981/2981/2981 2986/2986/2986 2982/2982/2982
f 2980/2980/2980 2988/2988/2988 2984/2984/2984
f 2985/2985/2985 2989/2989/2989 2990/2990/2990
f 2985/2985/2985 2990/2990/2990 2986/2986/2986
f 2980/2980/2980 2992/2992/2992 2988/2988/2988
f 2989/2989/2989 2993/2993/2993 2994/2994/2994
f 2989/2989/2989 2994/2994/2994 2990/2990/2990
f 2980/2980/2980 2996/2996/2996 2992/2992/2992
f 2993/2993/2993 2997/2997/2997 2998/2998/2998
f 2993/2993/2993 2998/2998/2998 2994/2994/2994
f 2980/2980/2980 3000/3000/3000 2996/2996/2996
f 2997/2997/2997 3001/3001/3001 3002/3002/3002
f 2997/2997/2997 3002/3002/3002 2998/2998/2998
f 2980/2980/2980 3004/3004/3004 3000/3000/3000
f 3001/3001/3001 3005/3005/3005 3006/3006/3006
f 3001/3001/3001 3006/3006/3006 3002/3002/3002
f 2980/2980/2980 3008/3008/3008 3004/3004/3004
f 3005/3005/3005 3009/3009/3009 3010/3010/3010
f 3005/3005/3005 3010/3010/3010 3006/3006/3006
f 2980/2980/2980 3012/3012/3012 3008/3008/3008
f 3009/3009/3009 3013/3013/3013 3014/3014/3014
f 3009/3009/3009 3014/3014/3014 3010/3010/3010
f 2980/2980/2980 3016/3016/3016 3012/3012/3012
f 3013/3013/3013 3017/3017/3017 3018/3018/3018
f 3013/3013/3013 3018/3018/3018 3014/3014/3014
f 2980/2980/2980 3020/3020/3020 3016/3016/3016
f 3017/3017/3017 3021/3021/3021 3022/3022/3022
f 3017/3017/3017 3022/3022/3022 3018/3018/3018
f 2980/2980/2980 3024/3024/3024 3020/3020/3020
f 3021/3021/3021 3025/3025/3025 3026/3026/3026
f 3021/3021/3021 3026/3026/3026 3022/3022/3022
f 2980/2980/2980 3028/3028/3028 3024/3024/3024
f 3025/3025/3025 3029/3029/3029 3030/3030/3030
f 3025/3025/3025 3030/3030/3030 3026/3026/3026
f 2980/2980/2980 3032/3032/3032 3028/3028/3028
f 3029/3029/3029 3033/3033/3033 3034/3034/3034
f 3029/3029/3029 3034/3034/3034 3030/3030/3030
f 2980/2980/2980 3036/3036/3036 3032/3032/3032
f 3033/3033/3033 3037/3037/3037 3038/3038/3038
f 3033/3033/3033 3038/3038/3038 3034/3034/3034
f 2980/2980/2980 3040/3040/3040 3036/3036/3036
f 3037/3037/3037 3041/3041/3041 3042/3042/3042
f 3037/3037/3037 3042/3042/3042 3038/3038/3038
f 2980/2980/2980 3044/3044/3044 3040/3040/3040
f 3041/3041/3041 2981/2981/2981 2982/2982/2982
f 3041/3041/3041 2982/2982/2982 3042/3042/3042
f 2980/2980/2980 2984/2984/2984 3044/3044/3044
f 3111/3111/3111 3112/3112/3112 3113/3113/3113
f 3111/3111/3111 3113/3113/3113 3114/3114/3114
f 3115/3115/3115 3116/3116/3116 3117/3117/3117
f 3115/3115/3115 3117/3117/3117 3118/3118/3118
f 3119/3119/3119 3120/3120/3120 3121/3121/3121
f 3119/3119/3119 3121/3121/3121 3122/3122/3122
f 3123/3123/3123 3124/3124/3124 3125/3125/3125
f 3123/3123/3123 3125/3125/3125 3126/3126/3126
f 3127/3127/3127 3128/3128/3128 3129/3129/3129
f 3127/3127/3127 3129/3129/3129 3130/3130/3130
f 3131/3131/3131 3132/3132/3132 3133/3133/3133
f 3131/3131/3131 3133/3133/3133 3134/3134/3134
f 3192/3192/3192 3196/3196/3196 3197/3197/3197
f 3192/3192/3192 3197/3197/3197 3193/3193/3193
f 3191/3191/3191 3199/3199/3199 3195/3195/3195
f 3196/3196/3196 3200/3200/3200 3201/3201/3201
f 3196/3196/3196 3201/3201/3201 3197/3197/3197
f 3191/3191/3191 3203/3203/3203 3199/3199/3199
f 3200/3200/3200 3204/3204/3204 3205/3205/3205
f 3200/3200/3200 3205/3205/3205 3201/3201/3201
f 3191/3191/3191 3207/3207/3207 3203/3203/3203
f 3204/3204/3204 3208/3208/3208 3209/3209/3209
f 3204/3204/3204 3209/3209/3209 3205/3205/3205
f 3191/3191/3191 3211/3211/3211 3207/3207/3207
f 3208/3208/3208 3212/3212/3212 3213/3213/3213
f 3208/3208/3208 3213/3213/3213 3209/3209/3209
f 3191/3191/3191 3215/3215/3215 3211/3211/3211
f 3212/3212/3212 3216/3216/3216 3217/3217/3217
f 3212/3212/3212 3217/3217/3217 3213/3213/3213
f 3191/3191/3191 3219/3219/3219 3215/3215/3215
f 3216/3216/3216 3220/3220/3220 3221/3221/3221
f 3216/3216/3216 3221/3221/3221 3217/3217/3217
f 3191/3191/3191 3223/3223/3223 3219/3219/3219
f 3220/3220/3220 3224/3224/3224 3225/3225/3225
f 3220/3220/3220 3225/3225/3225 3221/3221/3221
f 3191/3191/3191 3227/3227/3227 3223/3223/3223
f 3224/3224/3224 3228/3228/3228 3229/3229/3229
f 3224/3224/3224 3229/3229/3229 3225/3225/3225
f 3191/3191/3191 3231/3231/3231 3227/3227/3227
f 3228/3228/3228 3232/3232/3232 3233/3233/3233
f 3228/3228/3228 3233/3233/3233 3229/3229/3229
f 3191/3191/3191 3235/3235/3235 3231/3231/3231
f 3232/3232/3232 3236/3236/3236 3237/3237/3237
f 3232/3232/3232 3237/3237/3237 3233/3233/3233
f 3191/3191/3191 3239/3239/3239 3235/3235/3235
f 3236/3236/3236 3192/3192/3192 3193/3193/3193
f 3236/3236/3236 3193/3193/3193 3237/3237/3237
f 3191/3191/3191 3195/3195/3195 3239/3239/3239
f 3280/3280/3280 3284/3284/3284 3285/3285/3285
f 3280/3280/3280 3285/3285/3285 3281/3281/3281
f 3279/3279/3279 3287/3287/3287 3283/3283/3283
f 3284/3284/3284 3288/3288/3288 3289/3289/3289
f 3284/3284/3284 3289/3289/3289 3285/3285/3285
f 3279/3279/3279 3291/3291/3291 3287/3287/3287
f 3288/3288/3288 3292/3292/3292 3293/3293/3293
f 3288/3288/3288 3293/3293/3293 3289/3289/3289
f 3279/3279/3279 3295/3295/3295 3291/3291/3291
f 3292/3292/3292 3296/3296/3296 3297/3297/3297
f 3292/3292/3292 3297/3297/3297 3293/3293/3293
f 3279/3279/3279 3299/3299/3299 3295/3295/3295
f 3296/3296/3296 3300/3300/3300 3301/3301/3301
f 3296/3296/3296 3301/3301/3301 3297/3297/3297
f 3279/3279/3279 3303/3303/3303 3299/3299/3299
f 3300/3300/3300 3304/3304/3304 3305/3305/3305
f 3300/3300/3300 3305/3305/3305 3301/3301/3301
f 3279/3279/3279 3307/3307/3307 3303/3303/3303
f 3304/3304/3304 3308/3308/3308 3309/3309/3309
f 3304/3304/3304 3309/3309/3309 3305/3305/3305
f 3279/3279/3279 3311/3311/3311 3307/3307/3307
f 3308/3308/3308 3312/3312/3312 3313/3313/3313
f 3308/3308/3308 3313/3313/3313 3309/3309/3309
f 3279/3279/3279 3315/3315/3315 3311/3311/3311
f 3312/3312/3312 3280/3280/3280 3281/3281/3281
f 3312/3312/3312 3281/3281/3281 3313/3313/3313
f 3279/3279/3279 3283/3283/3283 3315/3315/3315
f 3406/3406/3406 3410/3410/3410 3411/3411/3411
f 3406/3406/3406 3411/3411/3411 3407/3407/3407
f 3405/3405/3405 3413/3413/3413 3409/3409/3409
f 3410/3410/3410 3414/3414/3414 3415/3415/3415
f 3410/3410/3410 3415/3415/3415 3411/3411/3411
f 3405/3405/3405 3417/3417/3417 3413/3413/3413
f 3414/3414/3414 3418/3418/3418 3419/3419/3419
f 3414/3414/3414 3419/3419/3419 3415/3415/3415
f 3405/3405/3405 3421/3421/3421 3417/3417/3417
f 3418/3418/3418 3422/3422/3422 3423/3423/3423
f 3418/3418/3418 3423/3423/3423 3419/3419/3419
f 3405/3405/3405 3425/3425/3425 3421/3421/3421
f 3422/3422/3422 3426/3426/3426 3427/3427/3427
f 3422/3422/3422 3427/3427/3427 3423/3423/3423
f 3405/3405/3405 3429/3429/3429 3425/3425/3425
f 3426/3426/3426 3430/3430/3430 3431/3431/3431
f 3426/3426/3426 3431/3431/3431 3427/3427/3427
f 3405/3405/3405 3433/3433/3433 3429/3429/3429
f 3430/3430/3430 3434/3434/3434 3435/3435/3435
f 3430/3430/3430 3435/3435/3435 3431/3431/3431
f 3405/3405/3405 3437/3437/3437 3433/3433/3433
f 3434/3434/3434 3438/3438/3438 3439/3439/3439
f 3434/3434/3434 3439/3439/3439 3435/3435/3435
f 3405/3405/3405 3441/3441/3441 3437/3437/3437
f 3438/3438/3438 3442/3442/3442 3443/3443/3443
f 3438/3438/3438 3443/3443/3443 3439/3439/3439
f 3405/3405/3405 3445/3445/3445 3441/3441/3441
f 3442/3442/3442 3446/3446/3446 3447/3447/3447
f 3442/3442/3442 3447/3447/3447 3443/3443/3443
f 3405/3405/3405 3449/3449/3449 3445/3445/3445
f 3446/3446/3446 3450/3450/3450 3451/3451/3451
f 3446/3446/3446 3451/3451/3451 3447/3447/3447
f 3405/3405/3405 3453/3453/3453 3449/3449/3449
f 3450/3450/3450 3454/3454/3454 3455/3455/3455
f 3450/3450/3450 3455/3455/3455 3451/3451/3451
f 3405/3405/3405 3457/3457/3457 3453/3453/3453
f 3454/3454/3454 3458/3458/3458 3459/3459/3459
f 3454/3454/3454 3459/3459/3459 3455/3455/3455
f 3405/3405/3405 3461/3461/3461 3457/3457/3457
f 3458/3458/3458 3462/3462/3462 3463/3463/3463
f 3458/3458/3458 3463/3463/3463 3459/3459/3459
f 3405/3405/3405 3465/3465/3465 3461/3461/3461
f 3462/3462/3462 3466/3466/3466 3467/3467/3467
f 3462/3462/3462 3467/3467/3467 3463/3463/3463
f 3405/3405/3405 3469/3469/3469 3465/3465/3465
f 3466/3466/3466 3406/3406/3406 3407/3407/3407
f 3466/3466/3466 3407/3407/3407 3467/3467/3467
f 3405/3405/3405 3409/3409/3409 3469/3469/3469
f 3536/3536/3536 3537/3537/3537 3538/3538/3538
f 3536/3536/3536 3538/3538/3538 3539/3539/3539
f 3540/3540/3540 3541/3541/3541 3542/3542/3542
f 3540/3540/3540 3542/3542/3542 3543/3543/3543
f 3544/3544/3544 3545/3545/3545 3546/3546/3546
f 3544/3544/3544 3546/3546/3546 3547/3547/3547
f 3548/3548/3548 3549/3549/3549 3550/3550/3550
f 3548/3548/3548 3550/3550/3550 3551/3551/3551
f 3552/3552/3552 3553/3553/3553 3554/3554/3554
f 3552/3552/3552 3554/3554/3554 3555/3555/3555
f 3556/3556/3556 3557/3557/3557 3558/3558/3558
f 3556/3556/3556 3558/3558/3558 3559/3559/3559
f 3617/3617/3617 3621/3621/3621 3622/3622/3622
f 3617/3617/3617 3622/3622/3622 3618/3618/3618
f 3616/3616/3616 3624/3624/3624 3620/3620/3620
f 3621/3621/3621 3625/3625/3625 3626/3626/3626
f 3621/3621/3621 3626/3626/3626 3622/3622/3622
f 3616/3616/3616 3628/3628/3628 3624/3624/3624
f 3625/3625/3625 3629/3629/3629 3630/3630/3630
f 3625/3625/3625 3630/3630/3630 3626/3626/3626
f 3616/3616/3616 3632/3632/3632 3628/3628/3628
f 3629/3629/3629 3633/3633/3633 3634/3634/3634
f 3629/3629/3629 3634/3634/3634 3630/3630/3630
f 3616/3616/3616 3636/3636/3636 3632/3632/3632
f 3633/3633/3633 3637/3637/3637 3638/3638/3638
f 3633/3633/3633 3638/3638/3638 3634/3634/3634
f 3616/3616/3616 3640/3640/3640 3636/3636/3636
f 3637/3637/3637 3641/3641/3641 3642/3642/3642
f 3637/3637/3637 3642/3642/3642 3638/3638/3638
f 3616/3616/3616 3644/3644/3644 3640/3640/3640
f 3641/3641/3641 3645/3645/3645 3646/3646/3646
f 3641/3641/3641 3646/3646/3646 3642/3642/3642
f 3616/3616/3616 3648/3648/3648 3644/3644/3644
f 3645/3645/3645 3649/3649/3649 3650/3650/3650
f 3645/3645/3645 3650/3650/3650 3646/3646/3646
f 3616/3616/3616 3652/3652/3652 3648/3648/3648
f 3649/3649/3649 3653/3653/3653 3654/3654/3654
f 3649/3649/3649 3654/3654/3654 3650/3650/3650
f 3616/3616/3616 3656/3656/3656 3652/3652/3652
f 3653/3653/3653 3657/3657/3657 3658/3658/3658
f 3653/3653/3653 3658/3658/3658 3654/3654/3654
f 3616/3616/3616 3660/3660/3660 3656/3656/3656
f 3657/3657/3657 3661/3661/3661 3662/3662/3662
f 3657/3657/3657 3662/3662/3662 3658/3658/3658
f 3616/3616/3616 3664/3664/3664 3660/3660/3660
f 3661/3661/3661 3617/3617/3617 3618/3618/3618
f 3661/3661/3661 3618/3618/3618 3662/3662/3662
f 3616/3616/3616 3620/3620/3620 3664/3664/3664
f 3705/3705/3705 3709/3709/3709 3710/3710/3710
f 3705/3705/3705 3710/3710/3710 3706/3706/3706
f 3704/3704/3704 3712/3712/3712 3708/3708/3708
f 3709/3709/3709 3713/3713/3713 3714/3714/3714
f 3709/3709/3709 3714/3714/3714 3710/3710/3710
f 3704/3704/3704 3716/3716/3716 3712/3712/3712
f 3713/3713/3713 3717/3717/3717 3718/3718/3718
f 3713/3713/3713 3718/3718/3718 3714/3714/3714
f 3704/3704/3704 3720/3720/3720 3716/3716/3716
f 3717/3717/3717 3721/3721/3721 3722/3722/3722
f 3717/3717/3717 3722/3722/3722 3718/3718/3718
f 3704/3704/3704 3724/3724/3724 3720/3720/3720
f 3721/3721/3721 3725/3725/3725 3726/3726/3726
f 3721/3721/3721 3726/3726/3726 3722/3722/3722
f 3704/3704/3704 3728/3728/3728 3724/3724/3724
f 3725/3725/3725 3729/3729/3729 3730/3730/3730
f 3725/3725/3725 3730/3730/3730 3726/3726/3726
f 3704/3704/3704 3732/3732/3732 3728/3728/3728
f 3729/3729/3729 3733/3733/3733 3734/3734/3734
f 3729/3729/3729 3734/3734/3734 3730/3730/3730
f 3704/3704/3704 3736/3736/3736 3732/3732/3732
f 3733/3733/3733 3737/3737/3737 3738/3738/3738
f 3733/3733/3733 3738/3738/3738 3734/3734/3734
f 3704/3704/3704 3740/3740/3740 3736/3736/3736
f 3737/3737/3737 3705/3705/3705 3706/3706/3706
f 3737/3737/3737 3706/3706/3706 3738/3738/3738
f 3704/3704/3704 3708/3708/3708 3740/3740/3740
f 3831/3831/3831 3835/3835/3835 3836/3836/3836
f 3831/3831/3831 3836/3836/3836 3832/3832/3832
f 3830/3830/3830 3838/3838/3838 3834/3834/3834
f 3835/3835/3835 3839/3839/3839 3840/3840/3840
f 3835/3835/3835 3840/3840/3840 3836/3836/3836
f 3830/3830/3830 3842/3842/3842 3838/3838/3838
f 3839/3839/3839 3843/3843/3843 3844/3844/3844
f 3839/3839/3839 3844/3844/3844 3840/3840/3840
f 3830/3830/3830 3846/3846/3846 3842/3842/3842
f 3843/3843/3843 3847/3847/3847 3848/3848/3848
f 3843/3843/3843 3848/3848/3848 3844/3844/3844
f 3830/3830/3830 3850/3850/3850 3846/3846/3846
f 3847/3847/3847 3851/3851/3851 3852/3852/3852
f 3847/3847/3847 3852/3852/3852 3848/3848/3848
f 3830/3830/3830 3854/3854/3854 3850/3850/3850
f 3851/3851/3851 3855/3855/3855 3856/3856/3856
f 3851/3851/3851 3856/3856/3856 3852/3852/3852
f 3830/3830/3830 3858/3858/3858 3854/3854/3854
f 3855/3855/3855 3859/3859/3859 3860/3860/3860
f 3855/3855/3855 3860/3860/3860 3856/3856/3856
f 3830/3830/3830 3862/3862/3862 3858/3858/3858
f 3859/3859/3859 3863/3863/3863 3864/3864/3864
f 3859/3859/3859 3864/3864/3864 3860/3860/3860
f 3830/3830/3830 3866/3866/3866 3862/3862/3862
f 3863/3863/3863 3867/3867/3867 3868/3868/3868
f 3863/3863/3863 3868/3868/3868 3864/3864/3864
f 3830/3830/3830 3870/3870/3870 3866/3866/3866
f 3867/3867/3867 3871/3871/3871 3872/3872/3872
f 3867/3867/3867 3872/3872/3872 3868/3868/3868
f 3830/3830/3830 3874/3874/3874 3870/3870/3870
f 3871/3871/3871 3875/3875/3875 3876/3876/3876
f 3871/3871/3871 3876/3876/3876 3872/3872/3872
f 3830/3830/3830 3878/3878/3878 3874/3874/3874
f 3875/3875/3875 3879/3879/3879 3880/3880/3880
f 3875/3875/3875 3880/3880/3880 3876/3876/3876
f 3830/3830/3830 3882/3882/3882 3878/3878/3878
f 3879/3879/3879 3883/3883/3883 3884/3884/3884
f 3879/3879/3879 3884/3884/3884 3880/3880/3880
f 3830/3830/3830 3886/3886/3886 3882/3882/3882
f 3883/3883/3883 3887/3887/3887 3888/3888/3888
f 3883/3883/3883 3888/3888/3888 3884/3884/3884
f 3830/3830/3830 3890/3890/3890 3886/3886/3886
f 3887/3887/3887 3891/3891/3891 3892/3892/3892
f 3887/3887/3887 3892/3892/3892 3888/3888/3888
f 3830/3830/3830 3894/3894/3894 3890/3890/3890
f 3891/3891/3891 3831/3831/3831 3832/3832/3832
f 3891/3891/3891 3832/3832/3832 3892/3892/3892
f 3830/3830/3830 3834/3834/3834 3894/3894/3894
f 3961/3961/3961 3962/3962/3962 3963/3963/3963
f 3961/3961/3961 3963/3963/3963 3964/3964/3964
f 3965/3965/3965 3966/3966/3966 3967/3967/3967
f 3965/3965/3965 3967/3967/3967 3968/3968/3968
f 3969/3969/3969 3970/3970/3970 3971/3971/3971
f 3969/3969/3969 3971/3971/3971 3972/3972/3972
f 3973/3973/3973 3974/3974/3974 3975/3975/3975
f 3973/3973/3973 3975/3975/3975 3976/3976/3976
f 3977/3977/3977 3978/3978/3978 3979/3979/3979
f 3977/3977/3977 3979/3979/3979 3980/3980/3980
f 3981/3981/3981 3982/3982/3982 3983/3983/3983
f 3981/3981/3981 3983/3983/3983 3984/3984/3984
f 4040/4040/4040 4041/4041/4041 4042/4042/4042
f 4040/4040/4040 4042/4042/4042 4043/4043/4043
f 4044/4044/4044 4045/4045/4045 4046/4046/4046
f 4044/4044/4044 4046/4046/4046 4047/4047/4047
f 4048/4048/4048 4049/4049/4049 4050/4050/4050
f 4048/4048/4048 4050/4050/4050 4051/4051/4051
f 4052/4052/4052 4053/4053/4053 4054/4054/4054
f 4052/4052/4052 4054/4054/4054 4055/4055/4055
f 4056/4056/4056 4057/4057/4057 4058/4058/4058
f 4056/4056/4056 4058/4058/4058 4059/4059/4059
f 4060/4060/4060 4061/4061/4061 4062/4062/4062
f 4060/4060/4060 4062/4062/4062 4063/4063/4063
f 4119/4119/4119 4120/4120/4120 4121/4121/4121
f 4119/4119/4119 4121/4121/4121 4122/4122/4122
f 4123/4123/4123 4124/4124/4124 4125/4125/4125
f 4123/4123/4123 4125/4125/4125 4126/4126/4126
f 4127/4127/4127 4128/4128/4128 4129/4129/4129
f 4127/4127/4127 4129/4129/4129 4130/4130/4130
f 4131/4131/4131 4132/4132/4132 4133/4133/4133
f 4131/4131/4131 4133/4133/4133 4134/4134/4134
f 4135/4135/4135 4136/4136/4136 4137/4137/4137
f 4135/4135/4135 4137/4137/4137 4138/4138/4138
f 4139/4139/4139 4140/4140/4140 4141/4141/4141
f 4139/4139/4139 4141/4141/4141 4142/4142/4142
usemtl BackdropStone
s 1
f 1/1/1 5/5/5 9/9/9
f 1/1/1 9/9/9 13/13/13
f 1/1/1 13/13/13 17/17/17
f 1/1/1 17/17/17 21/21/21
f 1/1/1 21/21/21 25/25/25
f 1/1/1 25/25/25 29/29/29
f 1/1/1 29/29/29 33/33/33
f 1/1/1 33/33/33 37/37/37
f 1/1/1 37/37/37 41/41/41
f 1/1/1 41/41/41 45/45/45
f 1/1/1 45/45/45 49/49/49
f 1/1/1 49/49/49 5/5/5
f 53/53/53 57/57/57 58/58/58
f 53/53/53 58/58/58 54/54/54
f 51/51/51 55/55/55 59/59/59
f 52/52/52 60/60/60 56/56/56
f 57/57/57 61/61/61 62/62/62
f 57/57/57 62/62/62 58/58/58
f 51/51/51 59/59/59 63/63/63
f 52/52/52 64/64/64 60/60/60
f 61/61/61 65/65/65 66/66/66
f 61/61/61 66/66/66 62/62/62
f 51/51/51 63/63/63 67/67/67
f 52/52/52 68/68/68 64/64/64
f 65/65/65 69/69/69 70/70/70
f 65/65/65 70/70/70 66/66/66
f 51/51/51 67/67/67 71/71/71
f 52/52/52 72/72/72 68/68/68
f 69/69/69 73/73/73 74/74/74
f 69/69/69 74/74/74 70/70/70
f 51/51/51 71/71/71 75/75/75
f 52/52/52 76/76/76 72/72/72
f 73/73/73 77/77/77 78/78/78
f 73/73/73 78/78/78 74/74/74
f 51/51/51 75/75/75 79/79/79
f 52/52/52 80/80/80 76/76/76
f 77/77/77 81/81/81 82/82/82
f 77/77/77 82/82/82 78/78/78
f 51/51/51 79/79/79 83/83/83
f 52/52/52 84/84/84 80/80/80
f 81/81/81 85/85/85 86/86/86
f 81/81/81 86/86/86 82/82/82
f 51/51/51 83/83/83 87/87/87
f 52/52/52 88/88/88 84/84/84
f 85/85/85 53/53/53 54/54/54
f 85/85/85 54/54/54 86/86/86
f 51/51/51 87/87/87 55/55/55
f 52/52/52 56/56/56 88/88/88
f 89/89/89 93/93/93 97/97/97
f 89/89/89 97/97/97 101/101/101
f 89/89/89 101/101/101 105/105/105
f 89/89/89 105/105/105 109/109/109
f 89/89/89 109/109/109 113/113/113
f 89/89/89 113/113/113 117/117/117
f 89/89/89 117/117/117 121/121/121
f 89/89/89 121/121/121 125/125/125
f 89/89/89 125/125/125 93/93/93
f 129/129/129 133/133/133 134/134/134
f 129/129/129 134/134/134 130/130/130
f 128/128/128 136/136/136 132/132/132
f 133/133/133 137/137/137 138/138/138
f 133/133/133 138/138/138 134/134/134
f 128/128/128 140/140/140 136/136/136
f 137/137/137 141/141/141 142/142/142
f 137/137/137 142/142/142 138/138/138
f 128/128/128 144/144/144 140/140/140
f 141/141/141 145/145/145 146/146/146
f 141/141/141 146/146/146 142/142/142
f 128/128/128 148/148/148 144/144/144
f 145/145/145 149/149/149 150/150/150
f 145/145/145 150/150/150 146/146/146
f 128/128/128 152/152/152 148/148/148
f 149/149/149 153/153/153 154/154/154
f 149/149/149 154/154/154 150/150/150
f 128/128/128 156/156/156 152/152/152
f 153/153/153 157/157/157 158/158/158
f 153/153/153 158/158/158 154/154/154
f 128/128/128 160/160/160 156/156/156
f 157/157/157 161/161/161 162/162/162
f 157/157/157 162/162/162 158/158/158
f 128/128/128 164/164/164 160/160/160
f 161/161/161 129/129/129 130/130/130
f 161/161/161 130/130/130 162/162/162
f 128/128/128 132/132/132 164/164/164
f 167/167/167 171/171/171 172/172/172
f 167/167/167 172/172/172 168/168/168
f 166/166/166 174/174/174 170/170/170
f 171/171/171 175/175/175 176/176/176
f 171/171/171 176/176/176 172/172/172
f 166/166/166 178/178/178 174/174/174
f 175/175/175 179/179/179 180/180/180
f 175/175/175 180/180/180 176/176/176
f 166/166/166 182/182/182 178/178/178
f 179/179/179 183/183/183 184/184/184
f 179/179/179 184/184/184 180/180/180
f 166/166/166 186/186/186 182/182/182
f 183/183/183 187/187/187 188/188/188
f 183/183/183 188/188/188 184/184/184
f 166/166/166 190/190/190 186/186/186
f 187/187/187 191/191/191 192/192/192
f 187/187/187 192/192/192 188/188/188
f 166/166/166 194/194/194 190/190/190
f 191/191/191 195/195/195 196/196/196
f 191/191/191 196/196/196 192/192/192
f 166/166/166 198/198/198 194/194/194
f 195/195/195 199/199/199 200/200/200
f 195/195/195 200/200/200 196/196/196
f 166/166/166 202/202/202 198/198/198
f 199/199/199 203/203/203 204/204/204
f 199/199/199 204/204/204 200/200/200
f 166/166/166 206/206/206 202/202/202
f 203/203/203 207/207/207 208/208/208
f 203/203/203 208/208/208 204/204/204
f 166/166/166 210/210/210 206/206/206
f 207/207/207 211/211/211 212/212/212
f 207/207/207 212/212/212 208/208/208
f 166/166/166 214/214/214 210/210/210
f 211/211/211 167/167/167 168/168/168
f 211/211/211 168/168/168 212/212/212
f 166/166/166 170/170/170 214/214/214
f 450/450/450 454/454/454 458/458/458
f 450/450/450 458/458/458 462/462/462
f 450/450/450 462/462/462 466/466/466
f 450/450/450 466/466/466 470/470/470
f 450/450/450 470/470/470 474/474/474
f 450/450/450 474/474/474 478/478/478
f 450/450/450 478/478/478 482/482/482
f 450/450/450 482/482/482 486/486/486
f 450/450/450 486/486/486 490/490/490
f 450/450/450 490/490/490 494/494/494
f 450/450/450 494/494/494 498/498/498
f 450/450/450 498/498/498 454/454/454
f 502/502/502 506/506/506 507/507/507
f 502/502/502 507/507/507 503/503/503
f 500/500/500 504/504/504 508/508/508
f 501/501/501 509/509/509 505/505/505
f 506/506/506 510/510/510 511/511/511
f 506/506/506 511/511/511 507/507/507
f 500/500/500 508/508/508 512/512/512
f 501/501/501 513/513/513 509/509/509
f 510/510/510 514/514/514 515/515/515
f 510/510/510 515/515/515 511/511/511
f 500/500/500 512/512/512 516/516/516
f 501/501/501 517/517/517 513/513/513
f 514/514/514 518/518/518 519/519/519
f 514/514/514 519/519/519 515/515/515
f 500/500/500 516/516/516 520/520/520
f 501/501/501 521/521/521 517/517/517
f 518/518/518 522/522/522 523/523/523
f 518/518/518 523/523/523 519/519/519
f 500/500/500 520/520/520 524/524/524
f 501/501/501 525/525/525 521/521/521
f 522/522/522 526/526/526 527/527/527
f 522/522/522 527/527/527 523/523/523
f 500/500/500 524/524/524 528/528/528
f 501/501/501 529/529/529 525/525/525
f 526/526/526 530/530/530 531/531/531
f 526/526/526 531/531/531 527/527/527
f 500/500/500 528/528/528 532/532/532
f 501/501/501 533/533/533 529/529/529
f 530/530/530 534/534/534 535/535/535
f 530/530/530 535/535/535 531/531/531
f 500/500/500 532/532/532 536/536/536
f 501/501/501 537/537/537 533/533/533
f 534/534/534 502/502/502 503/503/503
f 534/534/534 503/503/503 535/535/535
f 500/500/500 536/536/536 504/504/504
f 501/501/501 505/505/505 537/537/537
f 538/538/538 542/542/542 546/546/546
f 538/538/538 546/546/546 550/550/550
f 538/538/538 550/550/550 554/554/554
f 538/538/538 554/554/554 558/558/558
f 538/538/538 558/558/558 562/562/562
f 538/538/538 562/562/562 566/566/566
f 538/538/538 566/566/566 570/570/570
f 538/538/538 570/570/570 574/574/574
f 538/538/538 574/574/574 542/542/542
f 578/578/578 582/582/582 583/583/583
f 578/578/578 583/583/583 579/579/579
f 577/577/577 585/585/585 581/581/581
f 582/582/582 586/586/586 587/587/587
f 582/582/582 587/587/587 583/583/583
f 577/577/577 589/589/589 585/585/585
f 586/586/586 590/590/590 591/591/591
f 586/586/586 591/591/591 587/587/587
f 577/577/577 593/593/593 589/589/589
f 590/590/590 594/594/594 595/595/595
f 590/590/590 595/595/595 591/591/591
f 577/577/577 597/597/597 593/593/593
f 594/594/594 598/598/598 599/599/599
f 594/594/594 599/599/599 595/595/595
f 577/577/577 601/601/601 597/597/597
f 598/598/598 602/602/602 603/603/603
f 598/598/598 603/603/603 599/599/599
f 577/577/577 605/605/605 601/601/601
f 602/602/602 606/606/606 607/607/607
f 602/602/602 607/607/607 603/603/603
f 577/577/577 609/609/609 605/605/605
f 606/606/606 610/610/610 611/611/611
f 606/606/606 611/611/611 607/607/607
f 577/577/577 613/613/613 609/609/609
f 610/610/610 578/578/578 579/579/579
f 610/610/610 579/579/579 611/611/611
f 577/577/577 581/581/581 613/613/613
f 616/616/616 620/620/620 621/621/621
f 616/616/616 621/621/621 617/617/617
f 615/615/615 623/623/623 619/619/619
f 620/620/620 624/624/624 625/625/625
f 620/620/620 625/625/625 621/621/621
f 615/615/615 627/627/627 623/623/623
f 624/624/624 628/628/628 629/629/629
f 624/624/624 629/629/629 625/625/625
f 615/615/615 631/631/631 627/627/627
f 628/628/628 632/632/632 633/633/633
f 628/628/628 633/633/633 629/629/629
f 615/615/615 635/635/635 631/631/631
f 632/632/632 636/636/636 637/637/637
f 632/632/632 637/637/637 633/633/633
f 615/615/615 639/639/639 635/635/635
f 636/636/636 640/640/640 641/641/641
f 636/636/636 641/641/641 637/637/637
f 615/615/615 643/643/643 639/639/639
f 640/640/640 644/644/644 645/645/645
f 640/640/640 645/645/645 641/641/641
f 615/615/615 647/647/647 643/643/643
f 644/644/644 648/648/648 649/649/649
f 644/644/644 649/649/649 645/645/645
f 615/615/615 651/651/651 647/647/647
f 648/648/648 652/652/652 653/653/653
f 648/648/648 653/653/653 649/649/649
f 615/615/615 655/655/655 651/651/651
f 652/652/652 656/656/656 657/657/657
f 652/652/652 657/657/657 653/653/653
f 615/615/615 659/659/659 655/655/655
f 656/656/656 660/660/660 661/661/661
f 656/656/656 661/661/661 657/657/657
f 615/615/615 663/663/663 659/659/659
f 660/660/660 616/616/616 617/617/617
f 660/660/660 617/617/617 661/661/661
f 615/615/615 619/619/619 663/663/663
f 1191/1191/1191 1192/1192/1192 1193/1193/1193
f 1191/1191/1191 1193/1193/1193 1194/1194/1194
f 1195/1195/1195 1196/1196/1196 1197/1197/1197
f 1195/1195/1195 1197/1197/1197 1198/1198/1198
f 1199/1199/1199 1200/1200/1200 1201/1201/1201
f 1199/1199/1199 1201/1201/1201 1202/1202/1202
f 1203/1203/1203 1204/1204/1204 1205/1205/1205
f 1203/1203/1203 1205/1205/1205 1206/1206/1206
f 1207/1207/1207 1208/1208/1208 1209/1209/1209
f 1207/1207/1207 1209/1209/1209 1210/1210/1210
f 1211/1211/1211 1212/1212/1212 1213/1213/1213
f 1211/1211/1211 1213/1213/1213 1214/1214/1214
f 1335/1335/1335 1339/1339/1339 1343/1343/1343
f 1335/1335/1335 1343/1343/1343 1347/1347/1347
f 1335/1335/1335 1347/1347/1347 1351/1351/1351
f 1335/1335/1335 1351/1351/1351 1355/1355/1355
f 1335/1335/1335 1355/1355/1355 1359/1359/1359
f 1335/1335/1335 1359/1359/1359 1363/1363/1363
f 1335/1335/1335 1363/1363/1363 1367/1367/1367
f 1335/1335/1335 1367/1367/1367 1371/1371/1371
f 1335/1335/1335 1371/1371/1371 1375/1375/1375
f 1335/1335/1335 1375/1375/1375 1379/1379/1379
f 1335/1335/1335 1379/1379/1379 1383/1383/1383
f 1335/1335/1335 1383/1383/1383 1339/1339/1339
f 1387/1387/1387 1391/1391/1391 1392/1392/1392
f 1387/1387/1387 1392/1392/1392 1388/1388/1388
f 1385/1385/1385 1389/1389/1389 1393/1393/1393
f 1386/1386/1386 1394/1394/1394 1390/1390/1390
f 1391/1391/1391 1395/1395/1395 1396/1396/1396
f 1391/1391/1391 1396/1396/1396 1392/1392/1392
f 1385/1385/1385 1393/1393/1393 1397/1397/1397
f 1386/1386/1386 1398/1398/1398 1394/1394/1394
f 1395/1395/1395 1399/1399/1399 1400/1400/1400
f 1395/1395/1395 1400/1400/1400 1396/1396/1396
f 1385/1385/1385 1397/1397/1397 1401/1401/1401
f 1386/1386/1386 1402/1402/1402 1398/1398/1398
f 1399/1399/1399 1403/1403/1403 1404/1404/1404
f 1399/1399/1399 1404/1404/1404 1400/1400/1400
f 1385/1385/1385 1401/1401/1401 1405/1405/1405
f 1386/1386/1386 1406/1406/1406 1402/1402/1402
f 1403/1403/1403 1407/1407/1407 1408/1408/1408
f 1403/1403/1403 1408/1408/1408 1404/1404/1404
f 1385/1385/1385 1405/1405/1405 1409/1409/1409
f 1386/1386/1386 1410/1410/1410 1406/1406/1406
f 1407/1407/1407 1411/1411/1411 1412/1412/1412
f 1407/1407/1407 1412/1412/1412 1408/1408/1408
f 1385/1385/1385 1409/1409/1409 1413/1413/1413
f 1386/1386/1386 1414/1414/1414 1410/1410/1410
f 1411/1411/1411 1415/1415/1415 1416/1416/1416
f 1411/1411/1411 1416/1416/1416 1412/1412/1412
f 1385/1385/1385 1413/1413/1413 1417/1417/1417
f 1386/1386/1386 1418/1418/1418 1414/1414/1414
f 1415/1415/1415 1419/1419/1419 1420/1420/1420
f 1415/1415/1415 1420/1420/1420 1416/1416/1416
f 1385/1385/1385 1417/1417/1417 1421/1421/1421
f 1386/1386/1386 1422/1422/1422 1418/1418/1418
f 1419/1419/1419 1387/1387/1387 1388/1388/1388
f 1419/1419/1419 1388/1388/1388 1420/1420/1420
f 1385/1385/1385 1421/1421/1421 1389/1389/1389
f 1386/1386/1386 1390/1390/1390 1422/1422/1422
f 1423/1423/1423 1427/1427/1427 1431/1431/1431
f 1423/1423/1423 1431/1431/1431 1435/1435/1435
f 1423/1423/1423 1435/1435/1435 1439/1439/1439
f 1423/1423/1423 1439/1439/1439 1443/1443/1443
f 1423/1423/1423 1443/1443/1443 1447/1447/1447
f 1423/1423/1423 1447/1447/1447 1451/1451/1451
f 1423/1423/1423 1451/1451/1451 1455/1455/1455
f 1423/1423/1423 1455/1455/1455 1459/1459/1459
f 1423/1423/1423 1459/1459/1459 1427/1427/1427
f 1463/1463/1463 1467/1467/1467 1468/1468/1468
f 1463/1463/1463 1468/1468/1468 1464/1464/1464
f 1462/1462/1462 1470/1470/1470 1466/1466/1466
f 1467/1467/1467 1471/1471/1471 1472/1472/1472
f 1467/1467/1467 1472/1472/1472 1468/1468/1468
f 1462/1462/1462 1474/1474/1474 1470/1470/1470
f 1471/1471/1471 1475/1475/1475 1476/1476/1476
f 1471/1471/1471 1476/1476/1476 1472/1472/1472
f 1462/1462/1462 1478/1478/1478 1474/1474/1474
f 1475/1475/1475 1479/1479/1479 1480/1480/1480
f 1475/1475/1475 1480/1480/1480 1476/1476/1476
f 1462/1462/1462 1482/1482/1482 1478/1478/1478
f 1479/1479/1479 1483/1483/1483 1484/1484/1484
f 1479/1479/1479 1484/1484/1484 1480/1480/1480
f 1462/1462/1462 1486/1486/1486 1482/1482/1482
f 1483/1483/1483 1487/1487/1487 1488/1488/1488
f 1483/1483/1483 1488/1488/1488 1484/1484/1484
f 1462/1462/1462 1490/1490/1490 1486/1486/1486
f 1487/1487/1487 1491/1491/1491 1492/1492/1492
f 1487/1487/1487 1492/1492/1492 1488/1488/1488
f 1462/1462/1462 1494/1494/1494 1490/1490/1490
f 1491/1491/1491 1495/1495/1495 1496/1496/1496
f 1491/1491/1491 1496/1496/1496 1492/1492/1492
f 1462/1462/1462 1498/1498/1498 1494/1494/1494
f 1495/1495/1495 1463/1463/1463 1464/1464/1464
f 1495/1495/1495 1464/1464/1464 1496/1496/1496
f 1462/1462/1462 1466/1466/1466 1498/1498/1498
f 1501/1501/1501 1505/1505/1505 1506/1506/1506
f 1501/1501/1501 1506/1506/1506 1502/1502/1502
f 1500/1500/1500 1508/1508/1508 1504/1504/1504
f 1505/1505/1505 1509/1509/1509 1510/1510/1510
f 1505/1505/1505 1510/1510/1510 1506/1506/1506
f 1500/1500/1500 1512/1512/1512 1508/1508/1508
f 1509/1509/1509 1513/1513/1513 1514/1514/1514
f 1509/1509/1509 1514/1514/1514 1510/1510/1510
f 1500/1500/1500 1516/1516/1516 1512/1512/1512
f 1513/1513/1513 1517/1517/1517 1518/1518/1518
f 1513/1513/1513 1518/1518/1518 1514/1514/1514
f 1500/1500/1500 1520/1520/1520 1516/1516/1516
f 1517/1517/1517 1521/1521/1521 1522/1522/1522
f 1517/1517/1517 1522/1522/1522 1518/1518/1518
f 1500/1500/1500 1524/1524/1524 1520/1520/1520
f 1521/1521/1521 1525/1525/1525 1526/1526/1526
f 1521/1521/1521 1526/1526/1526 1522/1522/1522
f 1500/1500/1500 1528/1528/1528 1524/1524/1524
f 1525/1525/1525 1529/1529/1529 1530/1530/1530
f 1525/1525/1525 1530/1530/1530 1526/1526/1526
f 1500/1500/1500 1532/1532/1532 1528/1528/1528
f 1529/1529/1529 1533/1533/1533 1534/1534/1534
f 1529/1529/1529 1534/1534/1534 1530/1530/1530
f 1500/1500/1500 1536/1536/1536 1532/1532/1532
f 1533/1533/1533 1537/1537/1537 1538/1538/1538
f 1533/1533/1533 1538/1538/1538 1534/1534/1534
f 1500/1500/1500 1540/1540/1540 1536/1536/1536
f 1537/1537/1537 1541/1541/1541 1542/1542/1542
f 1537/1537/1537 1542/1542/1542 1538/1538/1538
f 1500/1500/1500 1544/1544/1544 1540/1540/1540
f 1541/1541/1541 1545/1545/1545 1546/1546/1546
f 1541/1541/1541 1546/1546/1546 1542/1542/1542
f 1500/1500/1500 1548/1548/1548 1544/1544/1544
f 1545/1545/1545 1501/1501/1501 1502/1502/1502
f 1545/1545/1545 1502/1502/1502 1546/1546/1546
f 1500/1500/1500 1504/1504/1504 1548/1548/1548
f 1918/1918/1918 1919/1919/1919 1920/1920/1920
f 1918/1918/1918 1920/1920/1920 1921/1921/1921
f 1922/1922/1922 1923/1923/1923 1924/1924/1924
f 1922/1922/1922 1924/1924/1924 1925/1925/1925
f 1926/1926/1926 1927/1927/1927 1928/1928/1928
f 1926/1926/1926 1928/1928/1928 1929/1929/1929
f 1930/1930/1930 1931/1931/1931 1932/1932/1932
f 1930/1930/1930 1932/1932/1932 1933/1933/1933
f 1934/1934/1934 1935/1935/1935 1936/1936/1936
f 1934/1934/1934 1936/1936/1936 1937/1937/1937
f 1938/1938/1938 1939/1939/1939 1940/1940/1940
f 1938/1938/1938 1940/1940/1940 1941/1941/1941
f 2062/2062/2062 2066/2066/2066 2070/2070/2070
f 2062/2062/2062 2070/2070/2070 2074/2074/2074
f 2062/2062/2062 2074/2074/2074 2078/2078/2078
f 2062/2062/2062 2078/2078/2078 2082/2082/2082
f 2062/2062/2062 2082/2082/2082 2086/2086/2086
f 2062/2062/2062 2086/2086/2086 2090/2090/2090
f 2062/2062/2062 2090/2090/2090 2094/2094/2094
f 2062/2062/2062 2094/2094/2094 2098/2098/2098
f 2062/2062/2062 2098/2098/2098 2102/2102/2102
f 2062/2062/2062 2102/2102/2102 2106/2106/2106
f 2062/2062/2062 2106/2106/2106 2110/2110/2110
f 2062/2062/2062 2110/2110/2110 2066/2066/2066
f 2114/2114/2114 2118/2118/2118 2119/2119/2119
f 2114/2114/2114 2119/2119/2119 2115/2115/2115
f 2112/2112/2112 2116/2116/2116 2120/2120/2120
f 2113/2113/2113 2121/2121/2121 2117/2117/2117
f 2118/2118/2118 2122/2122/2122 2123/2123/2123
f 2118/2118/2118 2123/2123/2123 2119/2119/2119
f 2112/2112/2112 2120/2120/2120 2124/2124/2124
f 2113/2113/2113 2125/2125/2125 2121/2121/2121
f 2122/2122/2122 2126/2126/2126 2127/2127/2127
f 2122/2122/2122 2127/2127/2127 2123/2123/2123
f 2112/2112/2112 2124/2124/2124 2128/2128/2128
f 2113/2113/2113 2129/2129/2129 2125/2125/2125
f 2126/2126/2126 2130/2130/2130 2131/2131/2131
f 2126/2126/2126 2131/2131/2131 2127/2127/2127
f 2112/2112/2112 2128/2128/2128 2132/2132/2132
f 2113/2113/2113 2133/2133/2133 2129/2129/2129
f 2130/2130/2130 2134/2134/2134 2135/2135/2135
f 2130/2130/2130 2135/2135/2135 2131/2131/2131
f 2112/2112/2112 2132/2132/2132 2136/2136/2136
f 2113/2113/2113 2137/2137/2137 2133/2133/2133
f 2134/2134/2134 2138/2138/2138 2139/2139/2139
f 2134/2134/2134 2139/2139/2139 2135/2135/2135
f 2112/2112/2112 2136/2136/2136 2140/2140/2140
f 2113/2113/2113 2141/2141/2141 2137/2137/2137
f 2138/2138/2138 2142/2142/2142 2143/2143/2143
f 2138/2138/2138 2143/2143/2143 2139/2139/2139
f 2112/2112/2112 2140/2140/2140 2144/2144/2144
f 2113/2113/2113 2145/2145/2145 2141/2141/2141
f 2142/2142/2142 2146/2146/2146 2147/2147/2147
f 2142/2142/2142 2147/2147/2147 2143/2143/2143
f 2112/2112/2112 2144/2144/2144 2148/2148/2148
f 2113/2113/2113 2149/2149/2149 2145/2145/2145
f 2146/2146/2146 2114/2114/2114 2115/2115/2115
f 2146/2146/2146 2115/2115/2115 2147/2147/2147
f 2112/2112/2112 2148/2148/2148 2116/2116/2116
f 2113/2113/2113 2117/2117/2117 2149/2149/2149
f 2150/2150/2150 2154/2154/2154 2158/2158/2158
f 2150/2150/2150 2158/2158/2158 2162/2162/2162
f 2150/2150/2150 2162/2162/2162 2166/2166/2166
f 2150/2150/2150 2166/2166/2166 2170/2170/2170
f 2150/2150/2150 2170/2170/2170 2174/2174/2174
f 2150/2150/2150 2174/2174/2174 2178/2178/2178
f 2150/2150/2150 2178/2178/2178 2182/2182/2182
f 2150/2150/2150 2182/2182/2182 2186/2186/2186
f 2150/2150/2150 2186/2186/2186 2154/2154/2154
f 2190/2190/2190 2194/2194/2194 2195/2195/2195
f 2190/2190/2190 2195/2195/2195 2191/2191/2191
f 2189/2189/2189 2197/2197/2197 2193/2193/2193
f 2194/2194/2194 2198/2198/2198 2199/2199/2199
f 2194/2194/2194 2199/2199/2199 2195/2195/2195
f 2189/2189/2189 2201/2201/2201 2197/2197/2197
f 2198/2198/2198 2202/2202/2202 2203/2203/2203
f 2198/2198/2198 2203/2203/2203 2199/2199/2199
f 2189/2189/2189 2205/2205/2205 2201/2201/2201
f 2202/2202/2202 2206/2206/2206 2207/2207/2207
f 2202/2202/2202 2207/2207/2207 2203/2203/2203
f 2189/2189/2189 2209/2209/2209 2205/2205/2205
f 2206/2206/2206 2210/2210/2210 2211/2211/2211
f 2206/2206/2206 2211/2211/2211 2207/2207/2207
f 2189/2189/2189 2213/2213/2213 2209/2209/2209
f 2210/2210/2210 2214/2214/2214 2215/2215/2215
f 2210/2210/2210 2215/2215/2215 2211/2211/2211
f 2189/2189/2189 2217/2217/2217 2213/2213/2213
f 2214/2214/2214 2218/2218/2218 2219/2219/2219
f 2214/2214/2214 2219/2219/2219 2215/2215/2215
f 2189/2189/2189 2221/2221/2221 2217/2217/2217
f 2218/2218/2218 2222/2222/2222 2223/2223/2223
f 2218/2218/2218 2223/2223/2223 2219/2219/2219
f 2189/2189/2189 2225/2225/2225 2221/2221/2221
f 2222/2222/2222 2190/2190/2190 2191/2191/2191
f 2222/2222/2222 2191/2191/2191 2223/2223/2223
f 2189/2189/2189 2193/2193/2193 2225/2225/2225
f 2228/2228/2228 2232/2232/2232 2233/2233/2233
f 2228/2228/2228 2233/2233/2233 2229/2229/2229
f 2227/2227/2227 2235/2235/2235 2231/2231/2231
f 2232/2232/2232 2236/2236/2236 2237/2237/2237
f 2232/2232/2232 2237/2237/2237 2233/2233/2233
f 2227/2227/2227 2239/2239/2239 2235/2235/2235
f 2236/2236/2236 2240/2240/2240 2241/2241/2241
f 2236/2236/2236 2241/2241/2241 2237/2237/2237
f 2227/2227/2227 2243/2243/2243 2239/2239/2239
f 2240/2240/2240 2244/2244/2244 2245/2245/2245
f 2240/2240/2240 2245/2245/2245 2241/2241/2241
f 2227/2227/2227 2247/2247/2247 2243/2243/2243
f 2244/2244/2244 2248/2248/2248 2249/2249/2249
f 2244/2244/2244 2249/2249/2249 2245/2245/2245
f 2227/2227/2227 2251/2251/2251 2247/2247/2247
f 2248/2248/2248 2252/2252/2252 2253/2253/2253
f 2248/2248/2248 2253/2253/2253 2249/2249/2249
f 2227/2227/2227 2255/2255/2255 2251/2251/2251
f 2252/2252/2252 2256/2256/2256 2257/2257/2257
f 2252/2252/2252 2257/2257/2257 2253/2253/2253
f 2227/2227/2227 2259/2259/2259 2255/2255/2255
f 2256/2256/2256 2260/2260/2260 2261/2261/2261
f 2256/2256/2256 2261/2261/2261 2257/2257/2257
f 2227/2227/2227 2263/2263/2263 2259/2259/2259
f 2260/2260/2260 2264/2264/2264 2265/2265/2265
f 2260/2260/2260 2265/2265/2265 2261/2261/2261
f 2227/2227/2227 2267/2267/2267 2263/2263/2263
f 2264/2264/2264 2268/2268/2268 2269/2269/2269
f 2264/2264/2264 2269/2269/2269 2265/2265/2265
f 2227/2227/2227 2271/2271/2271 2267/2267/2267
f 2268/2268/2268 2272/2272/2272 2273/2273/2273
f 2268/2268/2268 2273/2273/2273 2269/2269/2269
f 2227/2227/2227 2275/2275/2275 2271/2271/2271
f 2272/2272/2272 2228/2228/2228 2229/2229/2229
f 2272/2272/2272 2229/2229/2229 2273/2273/2273
f 2227/2227/2227 2231/2231/2231 2275/2275/2275
f 2645/2645/2645 2646/2646/2646 2647/2647/2647
f 2645/2645/2645 2647/2647/2647 2648/2648/2648
f 2649/2649/2649 2650/2650/2650 2651/2651/2651
f 2649/2649/2649 2651/2651/2651 2652/2652/2652
f 2653/2653/2653 2654/2654/2654 2655/2655/2655
f 2653/2653/2653 2655/2655/2655 2656/2656/2656
f 2657/2657/2657 2658/2658/2658 2659/2659/2659
f 2657/2657/2657 2659/2659/2659 2660/2660/2660
f 2661/2661/2661 2662/2662/2662 2663/2663/2663
f 2661/2661/2661 2663/2663/2663 2664/2664/2664
f 2665/2665/2665 2666/2666/2666 2667/2667/2667
f 2665/2665/2665 2667/2667/2667 2668/2668/2668
f 2765/2765/2765 2769/2769/2769 2773/2773/2773
f 2765/2765/2765 2773/2773/2773 2777/2777/2777
f 2765/2765/2765 2777/2777/2777 2781/2781/2781
f 2765/2765/2765 2781/2781/2781 2785/2785/2785
f 2765/2765/2765 2785/2785/2785 2789/2789/2789
f 2765/2765/2765 2789/2789/2789 2793/2793/2793
f 2765/2765/2765 2793/2793/2793 2797/2797/2797
f 2765/2765/2765 2797/2797/2797 2801/2801/2801
f 2765/2765/2765 2801/2801/2801 2805/2805/2805
f 2765/2765/2765 2805/2805/2805 2809/2809/2809
f 2765/2765/2765 2809/2809/2809 2813/2813/2813
f 2765/2765/2765 2813/2813/2813 2769/2769/2769
f 2817/2817/2817 2821/2821/2821 2822/2822/2822
f 2817/2817/2817 2822/2822/2822 2818/2818/2818
f 2815/2815/2815 2819/2819/2819 2823/2823/2823
f 2816/2816/2816 2824/2824/2824 2820/2820/2820
f 2821/2821/2821 2825/2825/2825 2826/2826/2826
f 2821/2821/2821 2826/2826/2826 2822/2822/2822
f 2815/2815/2815 2823/2823/2823 2827/2827/2827
f 2816/2816/2816 2828/2828/2828 2824/2824/2824
f 2825/2825/2825 2829/2829/2829 2830/2830/2830
f 2825/2825/2825 2830/2830/2830 2826/2826/2826
f 2815/2815/2815 2827/2827/2827 2831/2831/2831
f 2816/2816/2816 2832/2832/2832 2828/2828/2828
f 2829/2829/2829 2833/2833/2833 2834/2834/2834
f 2829/2829/2829 2834/2834/2834 2830/2830/2830
f 2815/2815/2815 2831/2831/2831 2835/2835/2835
f 2816/2816/2816 2836/2836/2836 2832/2832/2832
f 2833/2833/2833 2837/2837/2837 2838/2838/2838
f 2833/2833/2833 2838/2838/2838 2834/2834/2834
f 2815/2815/2815 2835/2835/2835 2839/2839/2839
f 2816/2816/2816 2840/2840/2840 2836/2836/2836
f 2837/2837/2837 2841/2841/2841 2842/2842/2842
f 2837/2837/2837 2842/2842/2842 2838/2838/2838
f 2815/2815/2815 2839/2839/2839 2843/2843/2843
f 2816/2816/2816 2844/2844/2844 2840/2840/2840
f 2841/2841/2841 2845/2845/2845 2846/2846/2846
f 2841/2841/2841 2846/2846/2846 2842/2842/2842
f 2815/2815/2815 2843/2843/2843 2847/2847/2847
f 2816/2816/2816 2848/2848/2848 2844/2844/2844
f 2845/2845/2845 2849/2849/2849 2850/2850/2850
f 2845/2845/2845 2850/2850/2850 2846/2846/2846
f 2815/2815/2815 2847/2847/2847 2851/2851/2851
f 2816/2816/2816 2852/2852/2852 2848/2848/2848
f 2849/2849/2849 2817/2817/2817 2818/2818/2818
f 2849/2849/2849 2818/2818/2818 2850/2850/2850
f 2815/2815/2815 2851/2851/2851 2819/2819/2819
f 2816/2816/2816 2820/2820/2820 2852/2852/2852
f 2853/2853/2853 2857/2857/2857 2861/2861/2861
f 2853/2853/2853 2861/2861/2861 2865/2865/2865
f 2853/2853/2853 2865/2865/2865 2869/2869/2869
f 2853/2853/2853 2869/2869/2869 2873/2873/2873
f 2853/2853/2853 2873/2873/2873 2877/2877/2877
f 2853/2853/2853 2877/2877/2877 2881/2881/2881
f 2853/2853/2853 2881/2881/2881 2885/2885/2885
f 2853/2853/2853 2885/2885/2885 2889/2889/2889
f 2853/2853/2853 2889/2889/2889 2857/2857/2857
f 2893/2893/2893 2897/2897/2897 2898/2898/2898
f 2893/2893/2893 2898/2898/2898 2894/2894/2894
f 2892/2892/2892 2900/2900/2900 2896/2896/2896
f 2897/2897/2897 2901/2901/2901 2902/2902/2902
f 2897/2897/2897 2902/2902/2902 2898/2898/2898
f 2892/2892/2892 2904/2904/2904 2900/2900/2900
f 2901/2901/2901 2905/2905/2905 2906/2906/2906
f 2901/2901/2901 2906/2906/2906 2902/2902/2902
f 2892/2892/2892 2908/2908/2908 2904/2904/2904
f 2905/2905/2905 2909/2909/2909 2910/2910/2910
f 2905/2905/2905 2910/2910/2910 2906/2906/2906
f 2892/2892/2892 2912/2912/2912 2908/2908/2908
f 2909/2909/2909 2913/2913/2913 2914/2914/2914
f 2909/2909/2909 2914/2914/2914 2910/2910/2910
f 2892/2892/2892 2916/2916/2916 2912/2912/2912
f 2913/2913/2913 2917/2917/2917 2918/2918/2918
f 2913/2913/2913 2918/2918/2918 2914/2914/2914
f 2892/2892/2892 2920/2920/2920 2916/2916/2916
f 2917/2917/2917 2921/2921/2921 2922/2922/2922
f 2917/2917/2917 2922/2922/2922 2918/2918/2918
f 2892/2892/2892 2924/2924/2924 2920/2920/2920
f 2921/2921/2921 2925/2925/2925 2926/2926/2926
f 2921/2921/2921 2926/2926/2926 2922/2922/2922
f 2892/2892/2892 2928/2928/2928 2924/2924/2924
f 2925/2925/2925 2893/2893/2893 2894/2894/2894
f 2925/2925/2925 2894/2894/2894 2926/2926/2926
f 2892/2892/2892 2896/2896/2896 2928/2928/2928
f 2931/2931/2931 2935/2935/2935 2936/2936/2936
f 2931/2931/2931 2936/2936/2936 2932/2932/2932
f 2930/2930/2930 2938/2938/2938 2934/2934/2934
f 2935/2935/2935 2939/2939/2939 2940/2940/2940
f 2935/2935/2935 2940/2940/2940 2936/2936/2936
f 2930/2930/2930 2942/2942/2942 2938/2938/2938
f 2939/2939/2939 2943/2943/2943 2944/2944/2944
f 2939/2939/2939 2944/2944/2944 2940/2940/2940
f 2930/2930/2930 2946/2946/2946 2942/2942/2942
f 2943/2943/2943 2947/2947/2947 2948/2948/2948
f 2943/2943/2943 2948/2948/2948 2944/2944/2944
f 2930/2930/2930 2950/2950/2950 2946/2946/2946
f 2947/2947/2947 2951/2951/2951 2952/2952/2952
f 2947/2947/2947 2952/2952/2952 2948/2948/2948
f 2930/2930/2930 2954/2954/2954 2950/2950/2950
f 2951/2951/2951 2955/2955/2955 2956/2956/2956
f 2951/2951/2951 2956/2956/2956 2952/2952/2952
f 2930/2930/2930 2958/2958/2958 2954/2954/2954
f 2955/2955/2955 2959/2959/2959 2960/2960/2960
f 2955/2955/2955 2960/2960/2960 2956/2956/2956
f 2930/2930/2930 2962/2962/2962 2958/2958/2958
f 2959/2959/2959 2963/2963/2963 2964/2964/2964
f 2959/2959/2959 2964/2964/2964 2960/2960/2960
f 2930/2930/2930 2966/2966/2966 2962/2962/2962
f 2963/2963/2963 2967/2967/2967 2968/2968/2968
f 2963/2963/2963 2968/2968/2968 2964/2964/2964
f 2930/2930/2930 2970/2970/2970 2966/2966/2966
f 2967/2967/2967 2971/2971/2971 2972/2972/2972
f 2967/2967/2967 2972/2972/2972 2968/2968/2968
f 2930/2930/2930 2974/2974/2974 2970/2970/2970
f 2971/2971/2971 2975/2975/2975 2976/2976/2976
f 2971/2971/2971 2976/2976/2976 2972/2972/2972
f 2930/2930/2930 2978/2978/2978 2974/2974/2974
f 2975/2975/2975 2931/2931/2931 2932/2932/2932
f 2975/2975/2975 2932/2932/2932 2976/2976/2976
f 2930/2930/2930 2934/2934/2934 2978/2978/2978
f 3190/3190/3190 3194/3194/3194 3198/3198/3198
f 3190/3190/3190 3198/3198/3198 3202/3202/3202
f 3190/3190/3190 3202/3202/3202 3206/3206/3206
f 3190/3190/3190 3206/3206/3206 3210/3210/3210
f 3190/3190/3190 3210/3210/3210 3214/3214/3214
f 3190/3190/3190 3214/3214/3214 3218/3218/3218
f 3190/3190/3190 3218/3218/3218 3222/3222/3222
f 3190/3190/3190 3222/3222/3222 3226/3226/3226
f 3190/3190/3190 3226/3226/3226 3230/3230/3230
f 3190/3190/3190 3230/3230/3230 3234/3234/3234
f 3190/3190/3190 3234/3234/3234 3238/3238/3238
f 3190/3190/3190 3238/3238/3238 3194/3194/3194
f 3242/3242/3242 3246/3246/3246 3247/3247/3247
f 3242/3242/3242 3247/3247/3247 3243/3243/3243
f 3240/3240/3240 3244/3244/3244 3248/3248/3248
f 3241/3241/3241 3249/3249/3249 3245/3245/3245
f 3246/3246/3246 3250/3250/3250 3251/3251/3251
f 3246/3246/3246 3251/3251/3251 3247/3247/3247
f 3240/3240/3240 3248/3248/3248 3252/3252/3252
f 3241/3241/3241 3253/3253/3253 3249/3249/3249
f 3250/3250/3250 3254/3254/3254 3255/3255/3255
f 3250/3250/3250 3255/3255/3255 3251/3251/3251
f 3240/3240/3240 3252/3252/3252 3256/3256/3256
f 3241/3241/3241 3257/3257/3257 3253/3253/3253
f 3254/3254/3254 3258/3258/3258 3259/3259/3259
f 3254/3254/3254 3259/3259/3259 3255/3255/3255
f 3240/3240/3240 3256/3256/3256 3260/3260/3260
f 3241/3241/3241 3261/3261/3261 3257/3257/3257
f 3258/3258/3258 3262/3262/3262 3263/3263/3263
f 3258/3258/3258 3263/3263/3263 3259/3259/3259
f 3240/3240/3240 3260/3260/3260 3264/3264/3264
f 3241/3241/3241 3265/3265/3265 3261/3261/3261
f 3262/3262/3262 3266/3266/3266 3267/3267/3267
f 3262/3262/3262 3267/3267/3267 3263/3263/3263
f 3240/3240/3240 3264/3264/3264 3268/3268/3268
f 3241/3241/3241 3269/3269/3269 3265/3265/3265
f 3266/3266/3266 3270/3270/3270 3271/3271/3271
f 3266/3266/3266 3271/3271/3271 3267/3267/3267
f 3240/3240/3240 3268/3268/3268 3272/3272/3272
f 3241/3241/3241 3273/3273/3273 3269/3269/3269
f 3270/3270/3270 3274/3274/3274 3275/3275/3275
f 3270/3270/3270 3275/3275/3275 3271/3271/3271
f 3240/3240/3240 3272/3272/3272 3276/3276/3276
f 3241/3241/3241 3277/3277/3277 3273/3273/3273
f 3274/3274/3274 3242/3242/3242 3243/3243/3243
f 3274/3274/3274 3243/3243/3243 3275/3275/3275
f 3240/3240/3240 3276/3276/3276 3244/3244/3244
f 3241/3241/3241 3245/3245/3245 3277/3277/3277
f 3278/3278/3278 3282/3282/3282 3286/3286/3286
f 3278/3278/3278 3286/3286/3286 3290/3290/3290
f 3278/3278/3278 3290/3290/3290 3294/3294/3294
f 3278/3278/3278 3294/3294/3294 3298/3298/3298
f 3278/3278/3278 3298/3298/3298 3302/3302/3302
f 3278/3278/3278 3302/3302/3302 3306/3306/3306
f 3278/3278/3278 3306/3306/3306 3310/3310/3310
f 3278/3278/3278 3310/3310/3310 3314/3314/3314
f 3278/3278/3278 3314/3314/3314 3282/3282/3282
f 3318/3318/3318 3322/3322/3322 3323/3323/3323
f 3318/3318/3318 3323/3323/3323 3319/3319/3319
f 3317/3317/3317 3325/3325/3325 3321/3321/3321
f 3322/3322/3322 3326/3326/3326 3327/3327/3327
f 3322/3322/3322 3327/3327/3327 3323/3323/3323
f 3317/3317/3317 3329/3329/3329 3325/3325/3325
f 3326/3326/3326 3330/3330/3330 3331/3331/3331
f 3326/3326/3326 3331/3331/3331 3327/3327/3327
f 3317/3317/3317 3333/3333/3333 3329/3329/3329
f 3330/3330/3330 3334/3334/3334 3335/3335/3335
f 3330/3330/3330 3335/3335/3335 3331/3331/3331
f 3317/3317/3317 3337/3337/3337 3333/3333/3333
f 3334/3334/3334 3338/3338/3338 3339/3339/3339
f 3334/3334/3334 3339/3339/3339 3335/3335/3335
f 3317/3317/3317 3341/3341/3341 3337/3337/3337
f 3338/3338/3338 3342/3342/3342 3343/3343/3343
f 3338/3338/3338 3343/3343/3343 3339/3339/3339
f 3317/3317/3317 3345/3345/3345 3341/3341/3341
f 3342/3342/3342 3346/3346/3346 3347/3347/3347
f 3342/3342/3342 3347/3347/3347 3343/3343/3343
f 3317/3317/3317 3349/3349/3349 3345/3345/3345
f 3346/3346/3346 3350/3350/3350 3351/3351/3351
f 3346/3346/3346 3351/3351/3351 3347/3347/3347
f 3317/3317/3317 3353/3353/3353 3349/3349/3349
f 3350/3350/3350 3318/3318/3318 3319/3319/3319
f 3350/3350/3350 3319/3319/3319 3351/3351/3351
f 3317/3317/3317 3321/3321/3321 3353/3353/3353
f 3356/3356/3356 3360/3360/3360 3361/3361/3361
f 3356/3356/3356 3361/3361/3361 3357/3357/3357
f 3355/3355/3355 3363/3363/3363 3359/3359/3359
f 3360/3360/3360 3364/3364/3364 3365/3365/3365
f 3360/3360/3360 3365/3365/3365 3361/3361/3361
f 3355/3355/3355 3367/3367/3367 3363/3363/3363
f 3364/3364/3364 3368/3368/3368 3369/3369/3369
f 3364/3364/3364 3369/3369/3369 3365/3365/3365
f 3355/3355/3355 3371/3371/3371 3367/3367/3367
f 3368/3368/3368 3372/3372/3372 3373/3373/3373
f 3368/3368/3368 3373/3373/3373 3369/3369/3369
f 3355/3355/3355 3375/3375/3375 3371/3371/3371
f 3372/3372/3372 3376/3376/3376 3377/3377/3377
f 3372/3372/3372 3377/3377/3377 3373/3373/3373
f 3355/3355/3355 3379/3379/3379 3375/3375/3375
f 3376/3376/3376 3380/3380/3380 3381/3381/3381
f 3376/3376/3376 3381/3381/3381 3377/3377/3377
f 3355/3355/3355 3383/3383/3383 3379/3379/3379
f 3380/3380/3380 3384/3384/3384 3385/3385/3385
f 3380/3380/3380 3385/3385/3385 3381/3381/3381
f 3355/3355/3355 3387/3387/3387 3383/3383/3383
f 3384/3384/3384 3388/3388/3388 3389/3389/3389
f 3384/3384/3384 3389/3389/3389 3385/3385/3385
f 3355/3355/3355 3391/3391/3391 3387/3387/3387
f 3388/3388/3388 3392/3392/3392 3393/3393/3393
f 3388/3388/3388 3393/3393/3393 3389/3389/3389
f 3355/3355/3355 3395/3395/3395 3391/3391/3391
f 3392/3392/3392 3396/3396/3396 3397/3397/3397
f 3392/3392/3392 3397/3397/3397 3393/3393/3393
f 3355/3355/3355 3399/3399/3399 3395/3395/3395
f 3396/3396/3396 3400/3400/3400 3401/3401/3401
f 3396/3396/3396 3401/3401/3401 3397/3397/3397
f 3355/3355/3355 3403/3403/3403 3399/3399/3399
f 3400/3400/3400 3356/3356/3356 3357/3357/3357
f 3400/3400/3400 3357/3357/3357 3401/3401/3401
f 3355/3355/3355 3359/3359/3359 3403/3403/3403
f 3615/3615/3615 3619/3619/3619 3623/3623/3623
f 3615/3615/3615 3623/3623/3623 3627/3627/3627
f 3615/3615/3615 3627/3627/3627 3631/3631/3631
f 3615/3615/3615 3631/3631/3631 3635/3635/3635
f 3615/3615/3615 3635/3635/3635 3639/3639/3639
f 3615/3615/3615 3639/3639/3639 3643/3643/3643
f 3615/3615/3615 3643/3643/3643 3647/3647/3647
f 3615/3615/3615 3647/3647/3647 3651/3651/3651
f 3615/3615/3615 3651/3651/3651 3655/3655/3655
f 3615/3615/3615 3655/3655/3655 3659/3659/3659
f 3615/3615/3615 3659/3659/3659 3663/3663/3663
f 3615/3615/3615 3663/3663/3663 3619/3619/3619
f 3667/3667/3667 3671/3671/3671 3672/3672/3672
f 3667/3667/3667 3672/3672/3672 3668/3668/3668
f 3665/3665/3665 3669/3669/3669 3673/3673/3673
f 3666/3666/3666 3674/3674/3674 3670/3670/3670
f 3671/3671/3671 3675/3675/3675 3676/3676/3676
f 3671/3671/3671 3676/3676/3676 3672/3672/3672
f 3665/3665/3665 3673/3673/3673 3677/3677/3677
f 3666/3666/3666 3678/3678/3678 3674/3674/3674
f 3675/3675/3675 3679/3679/3679 3680/3680/3680
f 3675/3675/3675 3680/3680/3680 3676/3676/3676
f 3665/3665/3665 3677/3677/3677 3681/3681/3681
f 3666/3666/3666 3682/3682/3682 3678/3678/3678
f 3679/3679/3679 3683/3683/3683 3684/3684/3684
f 3679/3679/3679 3684/3684/3684 3680/3680/3680
f 3665/3665/3665 3681/3681/3681 3685/3685/3685
f 3666/3666/3666 3686/3686/3686 3682/3682/3682
f 3683/3683/3683 3687/3687/3687 3688/3688/3688
f 3683/3683/3683 3688/3688/3688 3684/3684/3684
f 3665/3665/3665 3685/3685/3685 3689/3689/3689
f 3666/3666/3666 3690/3690/3690 3686/3686/3686
f 3687/3687/3687 3691/3691/3691 3692/3692/3692
f 3687/3687/3687 3692/3692/3692 3688/3688/3688
f 3665/3665/3665 3689/3689/3689 3693/3693/3693
f 3666/3666/3666 3694/3694/3694 3690/3690/3690
f 3691/3691/3691 3695/3695/3695 3696/3696/3696
f 3691/3691/3691 3696/3696/3696 3692/3692/3692
f 3665/3665/3665 3693/3693/3693 3697/3697/3697
f 3666/3666/3666 3698/3698/3698 3694/3694/3694
f 3695/3695/3695 3699/3699/3699 3700/3700/3700
f 3695/3695/3695 3700/3700/3700 3696/3696/3696
f 3665/3665/3665 3697/3697/3697 3701/3701/3701
f 3666/3666/3666 3702/3702/3702 3698/3698/3698
f 3699/3699/3699 3667/3667/3667 3668/3668/3668
f 3699/3699/3699 3668/3668/3668 3700/3700/3700
f 3665/3665/3665 3701/3701/3701 3669/3669/3669
f 3666/3666/3666 3670/3670/3670 3702/3702/3702
f 3703/3703/3703 3707/3707/3707 3711/3711/3711
f 3703/3703/3703 3711/3711/3711 3715/3715/3715
f 3703/3703/3703 3715/3715/3715 3719/3719/3719
f 3703/3703/3703 3719/3719/3719 3723/3723/3723
f 3703/3703/3703 3723/3723/3723 3727/3727/3727
f 3703/3703/3703 3727/3727/3727 3731/3731/3731
f 3703/3703/3703 3731/3731/3731 3735/3735/3735
f 3703/3703/3703 3735/3735/3735 3739/3739/3739
f 3703/3703/3703 3739/3739/3739 3707/3707/3707
f 3743/3743/3743 3747/3747/3747 3748/3748/3748
f 3743/3743/3743 3748/3748/3748 3744/3744/3744
f 3742/3742/3742 3750/3750/3750 3746/3746/3746
f 3747/3747/3747 3751/3751/3751 3752/3752/3752
f 3747/3747/3747 3752/3752/3752 3748/3748/3748
f 3742/3742/3742 3754/3754/3754 3750/3750/3750
f 3751/3751/3751 3755/3755/3755 3756/3756/3756
f 3751/3751/3751 3756/3756/3756 3752/3752/3752
f 3742/3742/3742 3758/3758/3758 3754/3754/3754
f 3755/3755/3755 3759/3759/3759 3760/3760/3760
f 3755/3755/3755 3760/3760/3760 3756/3756/3756
f 3742/3742/3742 3762/3762/3762 3758/3758/3758
f 3759/3759/3759 3763/3763/3763 3764/3764/3764
f 3759/3759/3759 3764/3764/3764 3760/3760/3760
f 3742/3742/3742 3766/3766/3766 3762/3762/3762
f 3763/3763/3763 3767/3767/3767 3768/3768/3768
f 3763/3763/3763 3768/3768/3768 3764/3764/3764
f 3742/3742/3742 3770/3770/3770 3766/3766/3766
f 3767/3767/3767 3771/3771/3771 3772/3772/3772
f 3767/3767/3767 3772/3772/3772 3768/3768/3768
f 3742/3742/3742 3774/3774/3774 3770/3770/3770
f 3771/3771/3771 3775/3775/3775 3776/3776/3776
f 3771/3771/3771 3776/3776/3776 3772/3772/3772
f 3742/3742/3742 3778/3778/3778 3774/3774/3774
f 3775/3775/3775 3743/3743/3743 3744/3744/3744
f 3775/3775/3775 3744/3744/3744 3776/3776/3776
f 3742/3742/3742 3746/3746/3746 3778/3778/3778
f 3781/3781/3781 3785/3785/3785 3786/3786/3786
f 3781/3781/3781 3786/3786/3786 3782/3782/3782
f 3780/3780/3780 3788/3788/3788 3784/3784/3784
f 3785/3785/3785 3789/3789/3789 3790/3790/3790
f 3785/3785/3785 3790/3790/3790 3786/3786/3786
f 3780/3780/3780 3792/3792/3792 3788/3788/3788
f 3789/3789/3789 3793/3793/3793 3794/3794/3794
f 3789/3789/3789 3794/3794/3794 3790/3790/3790
f 3780/3780/3780 3796/3796/3796 3792/3792/3792
f 3793/3793/3793 3797/3797/3797 3798/3798/3798
f 3793/3793/3793 3798/3798/3798 3794/3794/3794
f 3780/3780/3780 3800/3800/3800 3796/3796/3796
f 3797/3797/3797 3801/3801/3801 3802/3802/3802
f 3797/3797/3797 3802/3802/3802 3798/3798/3798
f 3780/3780/3780 3804/3804/3804 3800/3800/3800
f 3801/3801/3801 3805/3805/3805 3806/3806/3806
f 3801/3801/3801 3806/3806/3806 3802/3802/3802
f 3780/3780/3780 3808/3808/3808 3804/3804/3804
f 3805/3805/3805 3809/3809/3809 3810/3810/3810
f 3805/3805/3805 3810/3810/3810 3806/3806/3806
f 3780/3780/3780 3812/3812/3812 3808/3808/3808
f 3809/3809/3809 3813/3813/3813 3814/3814/3814
f 3809/3809/3809 3814/3814/3814 3810/3810/3810
f 3780/3780/3780 3816/3816/3816 3812/3812/3812
f 3813/3813/3813 3817/3817/3817 3818/3818/3818
f 3813/3813/3813 3818/3818/3818 3814/3814/3814
f 3780/3780/3780 3820/3820/3820 3816/3816/3816
f 3817/3817/3817 3821/3821/3821 3822/3822/3822
f 3817/3817/3817 3822/3822/3822 3818/3818/3818
f 3780/3780/3780 3824/3824/3824 3820/3820/3820
f 3821/3821/3821 3825/3825/3825 3826/3826/3826
f 3821/3821/3821 3826/3826/3826 3822/3822/3822
f 3780/3780/3780 3828/3828/3828 3824/3824/3824
f 3825/3825/3825 3781/3781/3781 3782/3782/3782
f 3825/3825/3825 3782/3782/3782 3826/3826/3826
f 3780/3780/3780 3784/3784/3784 3828/3828/3828
f 4198/4198/4198 4199/4199/4199 4200/4200/4200
f 4198/4198/4198 4200/4200/4200 4201/4201/4201
f 4202/4202/4202 4203/4203/4203 4204/4204/4204
f 4202/4202/4202 4204/4204/4204 4205/4205/4205
f 4206/4206/4206 4207/4207/4207 4208/4208/4208
f 4206/4206/4206 4208/4208/4208 4209/4209/4209
f 4210/4210/4210 4211/4211/4211 4212/4212/4212
f 4210/4210/4210 4212/4212/4212 4213/4213/4213
f 4214/4214/4214 4215/4215/4215 4216/4216/4216
f 4214/4214/4214 4216/4216/4216 4217/4217/4217
f 4218/4218/4218 4219/4219/4219 4220/4220/4220
f 4218/4218/4218 4220/4220/4220 4221/4221/4221
usemtl BackdropStoneLight
s off
f 127/127/127 131/131/131 135/135/135
f 127/127/127 135/135/135 139/139/139
f 127/127/127 139/139/139 143/143/143
f 127/127/127 143/143/143 147/147/147
f 127/127/127 147/147/147 151/151/151
f 127/127/127 151/151/151 155/155/155
f 127/127/127 155/155/155 159/159/159
f 127/127/127 159/159/159 163/163/163
f 127/127/127 163/163/163 131/131/131
f 165/165/165 169/169/169 173/173/173
f 165/165/165 173/173/173 177/177/177
f 165/165/165 177/177/177 181/181/181
f 165/165/165 181/181/181 185/185/185
f 165/165/165 185/185/185 189/189/189
f 165/165/165 189/189/189 193/193/193
f 165/165/165 193/193/193 197/197/197
f 165/165/165 197/197/197 201/201/201
f 165/165/165 201/201/201 205/205/205
f 165/165/165 205/205/205 209/209/209
f 165/165/165 209/209/209 213/213/213
f 165/165/165 213/213/213 169/169/169
f 215/215/215 219/219/219 223/223/223
f 215/215/215 223/223/223 227/227/227
f 215/215/215 227/227/227 231/231/231
f 215/215/215 231/231/231 235/235/235
f 215/215/215 235/235/235 239/239/239
f 215/215/215 239/239/239 243/243/243
f 215/215/215 243/243/243 247/247/247
f 215/215/215 247/247/247 251/251/251
f 215/215/215 251/251/251 255/255/255
f 215/215/215 255/255/255 259/259/259
f 215/215/215 259/259/259 263/263/263
f 215/215/215 263/263/263 267/267/267
f 215/215/215 267/267/267 271/271/271
f 215/215/215 271/271/271 275/275/275
f 215/215/215 275/275/275 279/279/279
f 215/215/215 279/279/279 219/219/219
f 371/371/371 372/372/372 373/373/373
f 371/371/371 373/373/373 374/374/374
f 375/375/375 376/376/376 377/377/377
f 375/375/375 377/377/377 378/378/378
f 379/379/379 380/380/380 381/381/381
f 379/379/379 381/381/381 382/382/382
f 383/383/383 384/384/384 385/385/385
f 383/383/383 385/385/385 386/386/386
f 387/387/387 388/388/388 389/389/389
f 387/387/387 389/389/389 390/390/390
f 391/391/391 392/392/392 393/393/393
f 391/391/391 393/393/393 394/394/394
f 576/576/576 580/580/580 584/584/584
f 576/576/576 584/584/584 588/588/588
f 576/576/576 588/588/588 592/592/592
f 576/576/576 592/592/592 596/596/596
f 576/576/576 596/596/596 600/600/600
f 576/576/576 600/600/600 604/604/604
f 576/576/576 604/604/604 608/608/608
f 576/576/576 608/608/608 612/612/612
f 576/576/576 612/612/612 580/580/580
f 614/614/614 618/618/618 622/622/622
f 614/614/614 622/622/622 626/626/626
f 614/614/614 626/626/626 630/630/630
f 614/614/614 630/630/630 634/634/634
f 614/614/614 634/634/634 638/638/638
f 614/614/614 638/638/638 642/642/642
f 614/614/614 642/642/642 646/646/646
f 614/614/614 646/646/646 650/650/650
f 614/614/614 650/650/650 654/654/654
f 614/614/614 654/654/654 658/658/658
f 614/614/614 658/658/658 662/662/662
f 614/614/614 662/662/662 618/618/618
f 664/664/664 668/668/668 672/672/672
f 664/664/664 672/672/672 676/676/676
f 664/664/664 676/676/676 680/680/680
f 664/664/664 680/680/680 684/684/684
f 664/664/664 684/684/684 688/688/688
f 664/664/664 688/688/688 692/692/692
f 664/664/664 692/692/692 696/696/696
f 664/664/664 696/696/696 700/700/700
f 664/664/664 700/700/700 704/704/704
f 664/664/664 704/704/704 708/708/708
f 664/664/664 708/708/708 712/712/712
f 664/664/664 712/712/712 716/716/716
f 664/664/664 716/716/716 720/720/720
f 664/664/664 720/720/720 724/724/724
f 664/664/664 724/724/724 728/728/728
f 664/664/664 728/728/728 668/668/668
f 820/820/820 821/821/821 822/822/822
f 820/820/820 822/822/822 823/823/823
f 824/824/824 825/825/825 826/826/826
f 824/824/824 826/826/826 827/827/827
f 828/828/828 829/829/829 830/830/830
f 828/828/828 830/830/830 831/831/831
f 832/832/832 833/833/833 834/834/834
f 832/832/832 834/834/834 835/835/835
f 836/836/836 837/837/837 838/838/838
f 836/836/836 838/838/838 839/839/839
f 840/840/840 841/841/841 842/842/842
f 840/840/840 842/842/842 843/843/843
f 899/899/899 900/900/900 901/901/901
f 899/899/899 901/901/901 902/902/902
f 903/903/903 904/904/904 905/905/905
f 903/903/903 905/905/905 906/906/906
f 907/907/907 908/908/908 909/909/909
f 907/907/907 909/909/909 910/910/910
f 911/911/911 912/912/912 913/913/913
f 911/911/911 913/913/913 914/914/914
f 915/915/915 916/916/916 917/917/917
f 915/915/915 917/917/917 918/918/918
f 919/919/919 920/920/920 921/921/921
f 919/919/919 921/921/921 922/922/922
f 949/949/949 948/948/948 950/950/950
f 950/950/950 947/947/947 949/949/949
f 950/950/950 948/948/948 951/951/951
f 951/951/951 947/947/947 950/950/950
f 951/951/951 948/948/948 952/952/952
f 952/952/952 947/947/947 951/951/951
f 952/952/952 948/948/948 953/953/953
f 953/953/953 947/947/947 952/952/952
f 953/953/953 948/948/948 949/949/949
f 949/949/949 947/947/947 953/953/953
f 978/978/978 979/979/979 980/980/980
f 978/978/978 980/980/980 981/981/981
f 982/982/982 983/983/983 984/984/984
f 982/982/982 984/984/984 985/985/985
f 986/986/986 987/987/987 988/988/988
f 986/986/986 988/988/988 989/989/989
f 990/990/990 991/991/991 992/992/992
f 990/990/990 992/992/992 993/993/993
f 994/994/994 995/995/995 996/996/996
f 994/994/994 996/996/996 997/997/997
f 998/998/998 999/999/999 1000/1000/1000
f 998/998/998 1000/1000/1000 1001/1001/1001
f 1057/1057/1057 1058/1058/1058 1059/1059/1059
f 1057/1057/1057 1059/1059/1059 1060/1060/1060
f 1061/1061/1061 1062/1062/1062 1063/1063/1063
f 1061/1061/1061 1063/1063/1063 1064/1064/1064
f 1065/1065/1065 1066/1066/1066 1067/1067/1067
f 1065/1065/1065 1067/1067/1067 1068/1068/1068
f 1069/1069/1069 1070/1070/1070 1071/1071/1071
f 1069/1069/1069 1071/1071/1071 1072/1072/1072
f 1073/1073/1073 1074/1074/1074 1075/1075/1075
f 1073/1073/1073 1075/1075/1075 1076/1076/1076
f 1077/1077/1077 1078/1078/1078 1079/1079/1079
f 1077/1077/1077 1079/1079/1079 1080/1080/1080
f 1107/1107/1107 1106/1106/1106 1108/1108/1108
f 1108/1108/1108 1105/1105/1105 1107/1107/1107
f 1108/1108/1108 1106/1106/1106 1109/1109/1109
f 1109/1109/1109 1105/1105/1105 1108/1108/1108
f 1109/1109/1109 1106/1106/1106 1110/1110/1110
f 1110/1110/1110 1105/1105/1105 1109/1109/1109
f 1110/1110/1110 1106/1106/1106 1111/1111/1111
f 1111/1111/1111 1105/1105/1105 1110/1110/1110
f 1111/1111/1111 1106/1106/1106 1107/1107/1107
f 1107/1107/1107 1105/1105/1105 1111/1111/1111
f 1136/1136/1136 1137/1137/1137 1138/1138/1138
f 1136/1136/1136 1138/1138/1138 1139/1139/1139
f 1140/1140/1140 1141/1141/1141 1142/1142/1142
f 1140/1140/1140 1142/1142/1142 1143/1143/1143
f 1144/1144/1144 1145/1145/1145 1146/1146/1146
f 1144/1144/1144 1146/1146/1146 1147/1147/1147
f 1148/1148/1148 1149/1149/1149 1150/1150/1150
f 1148/1148/1148 1150/1150/1150 1151/1151/1151
f 1152/1152/1152 1153/1153/1153 1154/1154/1154
f 1152/1152/1152 1154/1154/1154 1155/1155/1155
f 1156/1156/1156 1157/1157/1157 1158/1158/1158
f 1156/1156/1156 1158/1158/1158 1159/1159/1159
f 1215/1215/1215 1216/1216/1216 1217/1217/1217
f 1215/1215/1215 1217/1217/1217 1218/1218/1218
f 1219/1219/1219 1220/1220/1220 1221/1221/1221
f 1219/1219/1219 1221/1221/1221 1222/1222/1222
f 1223/1223/1223 1224/1224/1224 1225/1225/1225
f 1223/1223/1223 1225/1225/1225 1226/1226/1226
f 1227/1227/1227 1228/1228/1228 1229/1229/1229
f 1227/1227/1227 1229/1229/1229 1230/1230/1230
f 1231/1231/1231 1232/1232/1232 1233/1233/1233
f 1231/1231/1231 1233/1233/1233 1234/1234/1234
f 1235/1235/1235 1236/1236/1236 1237/1237/1237
f 1235/1235/1235 1237/1237/1237 1238/1238/1238
f 1461/1461/1461 1465/1465/1465 1469/1469/1469
f 1461/1461/1461 1469/1469/1469 1473/1473/1473
f 1461/1461/1461 1473/1473/1473 1477/1477/1477
f 1461/1461/1461 1477/1477/1477 1481/1481/1481
f 1461/1461/1461 1481/1481/1481 1485/1485/1485
f 1461/1461/1461 1485/1485/1485 1489/1489/1489
f 1461/1461/1461 1489/1489/1489 1493/1493/1493
f 1461/1461/1461 1493/1493/1493 1497/1497/1497
f 1461/1461/1461 1497/1497/1497 1465/1465/1465
f 1499/1499/1499 1503/1503/1503 1507/1507/1507
f 1499/1499/1499 1507/1507/1507 1511/1511/1511
f 1499/1499/1499 1511/1511/1511 1515/1515/1515
f 1499/1499/1499 1515/1515/1515 1519/1519/1519
f 1499/1499/1499 1519/1519/1519 1523/1523/1523
f 1499/1499/1499 1523/1523/1523 1527/1527/1527
f 1499/1499/1499 1527/1527/1527 1531/1531/1531
f 1499/1499/1499 1531/1531/1531 1535/1535/1535
f 1499/1499/1499 1535/1535/1535 1539/1539/1539
f 1499/1499/1499 1539/1539/1539 1543/1543/1543
f 1499/1499/1499 1543/1543/1543 1547/1547/1547
f 1499/1499/1499 1547/1547/1547 1503/1503/1503
f 1549/1549/1549 1553/1553/1553 1557/1557/1557
f 1549/1549/1549 1557/1557/1557 1561/1561/1561
f 1549/1549/1549 1561/1561/1561 1565/1565/1565
f 1549/1549/1549 1565/1565/1565 1569/1569/1569
f 1549/1549/1549 1569/1569/1569 1573/1573/1573
f 1549/1549/1549 1573/1573/1573 1577/1577/1577
f 1549/1549/1549 1577/1577/1577 1581/1581/1581
f 1549/1549/1549 1581/1581/1581 1585/1585/1585
f 1549/1549/1549 1585/1585/1585 1589/1589/1589
f 1549/1549/1549 1589/1589/1589 1593/1593/1593
f 1549/1549/1549 1593/1593/1593 1597/1597/1597
f 1549/1549/1549 1597/1597/1597 1601/1601/1601
f 1549/1549/1549 1601/1601/1601 1605/1605/1605
f 1549/1549/1549 1605/1605/1605 1609/1609/1609
f 1549/1549/1549 1609/1609/1609 1613/1613/1613
f 1549/1549/1549 1613/1613/1613 1553/1553/1553
f 1705/1705/1705 1706/1706/1706 1707/1707/1707
f 1705/1705/1705 1707/1707/1707 1708/1708/1708
f 1709/1709/1709 1710/1710/1710 1711/1711/1711
f 1709/1709/1709 1711/1711/1711 1712/1712/1712
f 1713/1713/1713 1714/1714/1714 1715/1715/1715
f 1713/1713/1713 1715/1715/1715 1716/1716/1716
f 1717/1717/1717 1718/1718/1718 1719/1719/1719
f 1717/1717/1717 1719/1719/1719 1720/1720/1720
f 1721/1721/1721 1722/1722/1722 1723/1723/1723
f 1721/1721/1721 1723/1723/1723 1724/1724/1724
f 1725/1725/1725 1726/1726/1726 1727/1727/1727
f 1725/1725/1725 1727/1727/1727 1728/1728/1728
f 1784/1784/1784 1785/1785/1785 1786/1786/1786
f 1784/1784/1784 1786/1786/1786 1787/1787/1787
f 1788/1788/1788 1789/1789/1789 1790/1790/1790
f 1788/1788/1788 1790/1790/1790 1791/1791/1791
f 1792/1792/1792 1793/1793/1793 1794/1794/1794
f 1792/1792/1792 1794/1794/1794 1795/1795/1795
f 1796/1796/1796 1797/1797/1797 1798/1798/1798
f 1796/1796/1796 1798/1798/1798 1799/1799/1799
f 1800/1800/1800 1801/1801/1801 1802/1802/1802
f 1800/1800/1800 1802/1802/1802 1803/1803/1803
f 1804/1804/1804 1805/1805/1805 1806/1806/1806
f 1804/1804/1804 1806/1806/1806 1807/1807/1807
f 1834/1834/1834 1833/1833/1833 1835/1835/1835
f 1835/1835/1835 1832/1832/1832 1834/1834/1834
f 1835/1835/1835 1833/1833/1833 1836/1836/1836
f 1836/1836/1836 1832/1832/1832 1835/1835/1835
f 1836/1836/1836 1833/1833/1833 1837/1837/1837
f 1837/1837/1837 1832/1832/1832 1836/1836/1836
f 1837/1837/1837 1833/1833/1833 1838/1838/1838
f 1838/1838/1838 1832/1832/1832 1837/1837/1837
f 1838/1838/1838 1833/1833/1833 1834/1834/1834
f 1834/1834/1834 1832/1832/1832 1838/1838/1838
f 1863/1863/1863 1864/1864/1864 1865/1865/1865
f 1863/1863/1863 1865/1865/1865 1866/1866/1866
f 1867/1867/1867 1868/1868/1868 1869/1869/1869
f 1867/1867/1867 1869/1869/1869 1870/1870/1870
f 1871/1871/1871 1872/1872/1872 1873/1873/1873
f 1871/1871/1871 1873/1873/1873 1874/1874/1874
f 1875/1875/1875 1876/1876/1876 1877/1877/1877
f 1875/1875/1875 1877/1877/1877 1878/1878/1878
f 1879/1879/1879 1880/1880/1880 1881/1881/1881
f 1879/1879/1879 1881/1881/1881 1882/1882/1882
f 1883/1883/1883 1884/1884/1884 1885/1885/1885
f 1883/1883/1883 1885/1885/1885 1886/1886/1886
f 1942/1942/1942 1943/1943/1943 1944/1944/1944
f 1942/1942/1942 1944/1944/1944 1945/1945/1945
f 1946/1946/1946 1947/1947/1947 1948/1948/1948
f 1946/1946/1946 1948/1948/1948 1949/1949/1949
f 1950/1950/1950 1951/1951/1951 1952/1952/1952
f 1950/1950/1950 1952/1952/1952 1953/1953/1953
f 1954/1954/1954 1955/1955/1955 1956/1956/1956
f 1954/1954/1954 1956/1956/1956 1957/1957/1957
f 1958/1958/1958 1959/1959/1959 1960/1960/1960
f 1958/1958/1958 1960/1960/1960 1961/1961/1961
f 1962/1962/1962 1963/1963/1963 1964/1964/1964
f 1962/1962/1962 1964/1964/1964 1965/1965/1965
f 2188/2188/2188 2192/2192/2192 2196/2196/2196
f 2188/2188/2188 2196/2196/2196 2200/2200/2200
f 2188/2188/2188 2200/2200/2200 2204/2204/2204
f 2188/2188/2188 2204/2204/2204 2208/2208/2208
f 2188/2188/2188 2208/2208/2208 2212/2212/2212
f 2188/2188/2188 2212/2212/2212 2216/2216/2216
f 2188/2188/2188 2216/2216/2216 2220/2220/2220
f 2188/2188/2188 2220/2220/2220 2224/2224/2224
f 2188/2188/2188 2224/2224/2224 2192/2192/2192
f 2226/2226/2226 2230/2230/2230 2234/2234/2234
f 2226/2226/2226 2234/2234/2234 2238/2238/2238
f 2226/2226/2226 2238/2238/2238 2242/2242/2242
f 2226/2226/2226 2242/2242/2242 2246/2246/2246
f 2226/2226/2226 2246/2246/2246 2250/2250/2250
f 2226/2226/2226 2250/2250/2250 2254/2254/2254
f 2226/2226/2226 2254/2254/2254 2258/2258/2258
f 2226/2226/2226 2258/2258/2258 2262/2262/2262
f 2226/2226/2226 2262/2262/2262 2266/2266/2266
f 2226/2226/2226 2266/2266/2266 2270/2270/2270
f 2226/2226/2226 2270/2270/2270 2274/2274/2274
f 2226/2226/2226 2274/2274/2274 2230/2230/2230
f 2276/2276/2276 2280/2280/2280 2284/2284/2284
f 2276/2276/2276 2284/2284/2284 2288/2288/2288
f 2276/2276/2276 2288/2288/2288 2292/2292/2292
f 2276/2276/2276 2292/2292/2292 2296/2296/2296
f 2276/2276/2276 2296/2296/2296 2300/2300/2300
f 2276/2276/2276 2300/2300/2300 2304/2304/2304
f 2276/2276/2276 2304/2304/2304 2308/2308/2308
f 2276/2276/2276 2308/2308/2308 2312/2312/2312
f 2276/2276/2276 2312/2312/2312 2316/2316/2316
f 2276/2276/2276 2316/2316/2316 2320/2320/2320
f 2276/2276/2276 2320/2320/2320 2324/2324/2324
f 2276/2276/2276 2324/2324/2324 2328/2328/2328
f 2276/2276/2276 2328/2328/2328 2332/2332/2332
f 2276/2276/2276 2332/2332/2332 2336/2336/2336
f 2276/2276/2276 2336/2336/2336 2340/2340/2340
f 2276/2276/2276 2340/2340/2340 2280/2280/2280
f 2432/2432/2432 2433/2433/2433 2434/2434/2434
f 2432/2432/2432 2434/2434/2434 2435/2435/2435
f 2436/2436/2436 2437/2437/2437 2438/2438/2438
f 2436/2436/2436 2438/2438/2438 2439/2439/2439
f 2440/2440/2440 2441/2441/2441 2442/2442/2442
f 2440/2440/2440 2442/2442/2442 2443/2443/2443
f 2444/2444/2444 2445/2445/2445 2446/2446/2446
f 2444/2444/2444 2446/2446/2446 2447/2447/2447
f 2448/2448/2448 2449/2449/2449 2450/2450/2450
f 2448/2448/2448 2450/2450/2450 2451/2451/2451
f 2452/2452/2452 2453/2453/2453 2454/2454/2454
f 2452/2452/2452 2454/2454/2454 2455/2455/2455
f 2511/2511/2511 2512/2512/2512 2513/2513/2513
f 2511/2511/2511 2513/2513/2513 2514/2514/2514
f 2515/2515/2515 2516/2516/2516 2517/2517/2517
f 2515/2515/2515 2517/2517/2517 2518/2518/2518
f 2519/2519/2519 2520/2520/2520 2521/2521/2521
f 2519/2519/2519 2521/2521/2521 2522/2522/2522
f 2523/2523/2523 2524/2524/2524 2525/2525/2525
f 2523/2523/2523 2525/2525/2525 2526/2526/2526
f 2527/2527/2527 2528/2528/2528 2529/2529/2529
f 2527/2527/2527 2529/2529/2529 2530/2530/2530
f 2531/2531/2531 2532/2532/2532 2533/2533/2533
f 2531/2531/2531 2533/2533/2533 2534/2534/2534
f 2561/2561/2561 2560/2560/2560 2562/2562/2562
f 2562/2562/2562 2559/2559/2559 2561/2561/2561
f 2562/2562/2562 2560/2560/2560 2563/2563/2563
f 2563/2563/2563 2559/2559/2559 2562/2562/2562
f 2563/2563/2563 2560/2560/2560 2564/2564/2564
f 2564/2564/2564 2559/2559/2559 2563/2563/2563
f 2564/2564/2564 2560/2560/2560 2565/2565/2565
f 2565/2565/2565 2559/2559/2559 2564/2564/2564
f 2565/2565/2565 2560/2560/2560 2561/2561/2561
f 2561/2561/2561 2559/2559/2559 2565/2565/2565
f 2590/2590/2590 2591/2591/2591 2592/2592/2592
f 2590/2590/2590 2592/2592/2592 2593/2593/2593
f 2594/2594/2594 2595/2595/2595 2596/2596/2596
f 2594/2594/2594 2596/2596/2596 2597/2597/2597
f 2598/2598/2598 2599/2599/2599 2600/2600/2600
f 2598/2598/2598 2600/2600/2600 2601/2601/2601
f 2602/2602/2602 2603/2603/2603 2604/2604/2604
f 2602/2602/2602 2604/2604/2604 2605/2605/2605
f 2606/2606/2606 2607/2607/2607 2608/2608/2608
f 2606/2606/2606 2608/2608/2608 2609/2609/2609
f 2610/2610/2610 2611/2611/2611 2612/2612/2612
f 2610/2610/2610 2612/2612/2612 2613/2613/2613
f 2669/2669/2669 2670/2670/2670 2671/2671/2671
f 2669/2669/2669 2671/2671/2671 2672/2672/2672
f 2673/2673/2673 2674/2674/2674 2675/2675/2675
f 2673/2673/2673 2675/2675/2675 2676/2676/2676
f 2677/2677/2677 2678/2678/2678 2679/2679/2679
f 2677/2677/2677 2679/2679/2679 2680/2680/2680
f 2681/2681/2681 2682/2682/2682 2683/2683/2683
f 2681/2681/2681 2683/2683/2683 2684/2684/2684
f 2685/2685/2685 2686/2686/2686 2687/2687/2687
f 2685/2685/2685 2687/2687/2687 2688/2688/2688
f 2689/2689/2689 2690/2690/2690 2691/2691/2691
f 2689/2689/2689 2691/2691/2691 2692/2692/2692
f 2891/2891/2891 2895/2895/2895 2899/2899/2899
f 2891/2891/2891 2899/2899/2899 2903/2903/2903
f 2891/2891/2891 2903/2903/2903 2907/2907/2907
f 2891/2891/2891 2907/2907/2907 2911/2911/2911
f 2891/2891/2891 2911/2911/2911 2915/2915/2915
f 2891/2891/2891 2915/2915/2915 2919/2919/2919
f 2891/2891/2891 2919/2919/2919 2923/2923/2923
f 2891/2891/2891 2923/2923/2923 2927/2927/2927
f 2891/2891/2891 2927/2927/2927 2895/2895/2895
f 2929/2929/2929 2933/2933/2933 2937/2937/2937
f 2929/2929/2929 2937/2937/2937 2941/2941/2941
f 2929/2929/2929 2941/2941/2941 2945/2945/2945
f 2929/2929/2929 2945/2945/2945 2949/2949/2949
f 2929/2929/2929 2949/2949/2949 2953/2953/2953
f 2929/2929/2929 2953/2953/2953 2957/2957/2957
f 2929/2929/2929 2957/2957/2957 2961/2961/2961
f 2929/2929/2929 2961/2961/2961 2965/2965/2965
f 2929/2929/2929 2965/2965/2965 2969/2969/2969
f 2929/2929/2929 2969/2969/2969 2973/2973/2973
f 2929/2929/2929 2973/2973/2973 2977/2977/2977
f 2929/2929/2929 2977/2977/2977 2933/2933/2933
f 2979/2979/2979 2983/2983/2983 2987/2987/2987
f 2979/2979/2979 2987/2987/2987 2991/2991/2991
f 2979/2979/2979 2991/2991/2991 2995/2995/2995
f 2979/2979/2979 2995/2995/2995 2999/2999/2999
f 2979/2979/2979 2999/2999/2999 3003/3003/3003
f 2979/2979/2979 3003/3003/3003 3007/3007/3007
f 2979/2979/2979 3007/3007/3007 3011/3011/3011
f 2979/2979/2979 3011/3011/3011 3015/3015/3015
f 2979/2979/2979 3015/3015/3015 3019/3019/3019
f 2979/2979/2979 3019/3019/3019 3023/3023/3023
f 2979/2979/2979 3023/3023/3023 3027/3027/3027
f 2979/2979/2979 3027/3027/3027 3031/3031/3031
f 2979/2979/2979 3031/3031/3031 3035/3035/3035
f 2979/2979/2979 3035/3035/3035 3039/3039/3039
f 2979/2979/2979 3039/3039/3039 3043/3043/3043
f 2979/2979/2979 3043/3043/3043 2983/2983/2983
f 3135/3135/3135 3136/3136/3136 3137/3137/3137
f 3135/3135/3135 3137/3137/3137 3138/3138/3138
f 3139/3139/3139 3140/3140/3140 3141/3141/3141
f 3139/3139/3139 3141/3141/3141 3142/3142/3142
f 3143/3143/3143 3144/3144/3144 3145/3145/3145
f 3143/3143/3143 3145/3145/3145 3146/3146/3146
f 3147/3147/3147 3148/3148/3148 3149/3149/3149
f 3147/3147/3147 3149/3149/3149 3150/3150/3150
f 3151/3151/3151 3152/3152/3152 3153/3153/3153
f 3151/3151/3151 3153/3153/3153 3154/3154/3154
f 3155/3155/3155 3156/3156/3156 3157/3157/3157
f 3155/3155/3155 3157/3157/3157 3158/3158/3158
f 3316/3316/3316 3320/3320/3320 3324/3324/3324
f 3316/3316/3316 3324/3324/3324 3328/3328/3328
f 3316/3316/3316 3328/3328/3328 3332/3332/3332
f 3316/3316/3316 3332/3332/3332 3336/3336/3336
f 3316/3316/3316 3336/3336/3336 3340/3340/3340
f 3316/3316/3316 3340/3340/3340 3344/3344/3344
f 3316/3316/3316 3344/3344/3344 3348/3348/3348
f 3316/3316/3316 3348/3348/3348 3352/3352/3352
f 3316/3316/3316 3352/3352/3352 3320/3320/3320
f 3354/3354/3354 3358/3358/3358 3362/3362/3362
f 3354/3354/3354 3362/3362/3362 3366/3366/3366
f 3354/3354/3354 3366/3366/3366 3370/3370/3370
f 3354/3354/3354 3370/3370/3370 3374/3374/3374
f 3354/3354/3354 3374/3374/3374 3378/3378/3378
f 3354/3354/3354 3378/3378/3378 3382/3382/3382
f 3354/3354/3354 3382/3382/3382 3386/3386/3386
f 3354/3354/3354 3386/3386/3386 3390/3390/3390
f 3354/3354/3354 3390/3390/3390 3394/3394/3394
f 3354/3354/3354 3394/3394/3394 3398/3398/3398
f 3354/3354/3354 3398/3398/3398 3402/3402/3402
f 3354/3354/3354 3402/3402/3402 3358/3358/3358
f 3404/3404/3404 3408/3408/3408 3412/3412/3412
f 3404/3404/3404 3412/3412/3412 3416/3416/3416
f 3404/3404/3404 3416/3416/3416 3420/3420/3420
f 3404/3404/3404 3420/3420/3420 3424/3424/3424
f 3404/3404/3404 3424/3424/3424 3428/3428/3428
f 3404/3404/3404 3428/3428/3428 3432/3432/3432
f 3404/3404/3404 3432/3432/3432 3436/3436/3436
f 3404/3404/3404 3436/3436/3436 3440/3440/3440
f 3404/3404/3404 3440/3440/3440 3444/3444/3444
f 3404/3404/3404 3444/3444/3444 3448/3448/3448
f 3404/3404/3404 3448/3448/3448 3452/3452/3452
f 3404/3404/3404 3452/3452/3452 3456/3456/3456
f 3404/3404/3404 3456/3456/3456 3460/3460/3460
f 3404/3404/3404 3460/3460/3460 3464/3464/3464
f 3404/3404/3404 3464/3464/3464 3468/3468/3468
f 3404/3404/3404 3468/3468/3468 3408/3408/3408
f 3560/3560/3560 3561/3561/3561 3562/3562/3562
f 3560/3560/3560 3562/3562/3562 3563/3563/3563
f 3564/3564/3564 3565/3565/3565 3566/3566/3566
f 3564/3564/3564 3566/3566/3566 3567/3567/3567
f 3568/3568/3568 3569/3569/3569 3570/3570/3570
f 3568/3568/3568 3570/3570/3570 3571/3571/3571
f 3572/3572/3572 3573/3573/3573 3574/3574/3574
f 3572/3572/3572 3574/3574/3574 3575/3575/3575
f 3576/3576/3576 3577/3577/3577 3578/3578/3578
f 3576/3576/3576 3578/3578/3578 3579/3579/3579
f 3580/3580/3580 3581/3581/3581 3582/3582/3582
f 3580/3580/3580 3582/3582/3582 3583/3583/3583
f 3741/3741/3741 3745/3745/3745 3749/3749/3749
f 3741/3741/3741 3749/3749/3749 3753/3753/3753
f 3741/3741/3741 3753/3753/3753 3757/3757/3757
f 3741/3741/3741 3757/3757/3757 3761/3761/3761
f 3741/3741/3741 3761/3761/3761 3765/3765/3765
f 3741/3741/3741 3765/3765/3765 3769/3769/3769
f 3741/3741/3741 3769/3769/3769 3773/3773/3773
f 3741/3741/3741 3773/3773/3773 3777/3777/3777
f 3741/3741/3741 3777/3777/3777 3745/3745/3745
f 3779/3779/3779 3783/3783/3783 3787/3787/3787
f 3779/3779/3779 3787/3787/3787 3791/3791/3791
f 3779/3779/3779 3791/3791/3791 3795/3795/3795
f 3779/3779/3779 3795/3795/3795 3799/3799/3799
f 3779/3779/3779 3799/3799/3799 3803/3803/3803
f 3779/3779/3779 3803/3803/3803 3807/3807/3807
f 3779/3779/3779 3807/3807/3807 3811/3811/3811
f 3779/3779/3779 3811/3811/3811 3815/3815/3815
f 3779/3779/3779 3815/3815/3815 3819/3819/3819
f 3779/3779/3779 3819/3819/3819 3823/3823/3823
f 3779/3779/3779 3823/3823/3823 3827/3827/3827
f 3779/3779/3779 3827/3827/3827 3783/3783/3783
f 3829/3829/3829 3833/3833/3833 3837/3837/3837
f 3829/3829/3829 3837/3837/3837 3841/3841/3841
f 3829/3829/3829 3841/3841/3841 3845/3845/3845
f 3829/3829/3829 3845/3845/3845 3849/3849/3849
f 3829/3829/3829 3849/3849/3849 3853/3853/3853
f 3829/3829/3829 3853/3853/3853 3857/3857/3857
f 3829/3829/3829 3857/3857/3857 3861/3861/3861
f 3829/3829/3829 3861/3861/3861 3865/3865/3865
f 3829/3829/3829 3865/3865/3865 3869/3869/3869
f 3829/3829/3829 3869/3869/3869 3873/3873/3873
f 3829/3829/3829 3873/3873/3873 3877/3877/3877
f 3829/3829/3829 3877/3877/3877 3881/3881/3881
f 3829/3829/3829 3881/3881/3881 3885/3885/3885
f 3829/3829/3829 3885/3885/3885 3889/3889/3889
f 3829/3829/3829 3889/3889/3889 3893/3893/3893
f 3829/3829/3829 3893/3893/3893 3833/3833/3833
f 3985/3985/3985 3986/3986/3986 3987/3987/3987
f 3985/3985/3985 3987/3987/3987 3988/3988/3988
f 3989/3989/3989 3990/3990/3990 3991/3991/3991
f 3989/3989/3989 3991/3991/3991 3992/3992/3992
f 3993/3993/3993 3994/3994/3994 3995/3995/3995
f 3993/3993/3993 3995/3995/3995 3996/3996/3996
f 3997/3997/3997 3998/3998/3998 3999/3999/3999
f 3997/3997/3997 3999/3999/3999 4000/4000/4000
f 4001/4001/4001 4002/4002/4002 4003/4003/4003
f 4001/4001/4001 4003/4003/4003 4004/4004/4004
f 4005/4005/4005 4006/4006/4006 4007/4007/4007
f 4005/4005/4005 4007/4007/4007 4008/4008/4008
f 4064/4064/4064 4065/4065/4065 4066/4066/4066
f 4064/4064/4064 4066/4066/4066 4067/4067/4067
f 4068/4068/4068 4069/4069/4069 4070/4070/4070
f 4068/4068/4068 4070/4070/4070 4071/4071/4071
f 4072/4072/4072 4073/4073/4073 4074/4074/4074
f 4072/4072/4072 4074/4074/4074 4075/4075/4075
f 4076/4076/4076 4077/4077/4077 4078/4078/4078
f 4076/4076/4076 4078/4078/4078 4079/4079/4079
f 4080/4080/4080 4081/4081/4081 4082/4082/4082
f 4080/4080/4080 4082/4082/4082 4083/4083/4083
f 4084/4084/4084 4085/4085/4085 4086/4086/4086
f 4084/4084/4084 4086/4086/4086 4087/4087/4087
f 4114/4114/4114 4113/4113/4113 4115/4115/4115
f 4115/4115/4115 4112/4112/4112 4114/4114/4114
f 4115/4115/4115 4113/4113/4113 4116/4116/4116
f 4116/4116/4116 4112/4112/4112 4115/4115/4115
f 4116/4116/4116 4113/4113/4113 4117/4117/4117
f 4117/4117/4117 4112/4112/4112 4116/4116/4116
f 4117/4117/4117 4113/4113/4113 4118/4118/4118
f 4118/4118/4118 4112/4112/4112 4117/4117/4117
f 4118/4118/4118 4113/4113/4113 4114/4114/4114
f 4114/4114/4114 4112/4112/4112 4118/4118/4118
f 4143/4143/4143 4144/4144/4144 4145/4145/4145
f 4143/4143/4143 4145/4145/4145 4146/4146/4146
f 4147/4147/4147 4148/4148/4148 4149/4149/4149
f 4147/4147/4147 4149/4149/4149 4150/4150/4150
f 4151/4151/4151 4152/4152/4152 4153/4153/4153
f 4151/4151/4151 4153/4153/4153 4154/4154/4154
f 4155/4155/4155 4156/4156/4156 4157/4157/4157
f 4155/4155/4155 4157/4157/4157 4158/4158/4158
f 4159/4159/4159 4160/4160/4160 4161/4161/4161
f 4159/4159/4159 4161/4161/4161 4162/4162/4162
f 4163/4163/4163 4164/4164/4164 4165/4165/4165
f 4163/4163/4163 4165/4165/4165 4166/4166/4166
f 4222/4222/4222 4223/4223/4223 4224/4224/4224
f 4222/4222/4222 4224/4224/4224 4225/4225/4225
f 4226/4226/4226 4227/4227/4227 4228/4228/4228
f 4226/4226/4226 4228/4228/4228 4229/4229/4229
f 4230/4230/4230 4231/4231/4231 4232/4232/4232
f 4230/4230/4230 4232/4232/4232 4233/4233/4233
f 4234/4234/4234 4235/4235/4235 4236/4236/4236
f 4234/4234/4234 4236/4236/4236 4237/4237/4237
f 4238/4238/4238 4239/4239/4239 4240/4240/4240
f 4238/4238/4238 4240/4240/4240 4241/4241/4241
f 4242/4242/4242 4243/4243/4243 4244/4244/4244
f 4242/4242/4242 4244/4244/4244 4245/4245/4245
usemtl BackdropGold
s 1
f 283/283/283 287/287/287 288/288/288
f 283/283/283 288/288/288 284/284/284
f 281/281/281 285/285/285 289/289/289
f 282/282/282 290/290/290 286/286/286
f 287/287/287 291/291/291 292/292/292
f 287/287/287 292/292/292 288/288/288
f 281/281/281 289/289/289 293/293/293
f 282/282/282 294/294/294 290/290/290
f 291/291/291 295/295/295 296/296/296
f 291/291/291 296/296/296 292/292/292
f 281/281/281 293/293/293 297/297/297
f 282/282/282 298/298/298 294/294/294
f 295/295/295 299/299/299 300/300/300
f 295/295/295 300/300/300 296/296/296
f 281/281/281 297/297/297 301/301/301
f 282/282/282 302/302/302 298/298/298
f 299/299/299 303/303/303 304/304/304
f 299/299/299 304/304/304 300/300/300
f 281/281/281 301/301/301 305/305/305
f 282/282/282 306/306/306 302/302/302
f 303/303/303 307/307/307 308/308/308
f 303/303/303 308/308/308 304/304/304
f 281/281/281 305/305/305 309/309/309
f 282/282/282 310/310/310 306/306/306
f 307/307/307 311/311/311 312/312/312
f 307/307/307 312/312/312 308/308/308
f 281/281/281 309/309/309 313/313/313
f 282/282/282 314/314/314 310/310/310
f 311/311/311 315/315/315 316/316/316
f 311/311/311 316/316/316 312/312/312
f 281/281/281 313/313/313 317/317/317
f 282/282/282 318/318/318 314/314/314
f 315/315/315 319/319/319 320/320/320
f 315/315/315 320/320/320 316/316/316
f 281/281/281 317/317/317 321/321/321
f 282/282/282 322/322/322 318/318/318
f 319/319/319 323/323/323 324/324/324
f 319/319/319 324/324/324 320/320/320
f 281/281/281 321/321/321 325/325/325
f 282/282/282 326/326/326 322/322/322
f 323/323/323 327/327/327 328/328/328
f 323/323/323 328/328/328 324/324/324
f 281/281/281 325/325/325 329/329/329
f 282/282/282 330/330/330 326/326/326
f 327/327/327 331/331/331 332/332/332
f 327/327/327 332/332/332 328/328/328
f 281/281/281 329/329/329 333/333/333
f 282/282/282 334/334/334 330/330/330
f 331/331/331 335/335/335 336/336/336
f 331/331/331 336/336/336 332/332/332
f 281/281/281 333/333/333 337/337/337
f 282/282/282 338/338/338 334/334/334
f 335/335/335 339/339/339 340/340/340
f 335/335/335 340/340/340 336/336/336
f 281/281/281 337/337/337 341/341/341
f 282/282/282 342/342/342 338/338/338
f 339/339/339 343/343/343 344/344/344
f 339/339/339 344/344/344 340/340/340
f 281/281/281 341/341/341 345/345/345
f 282/282/282 346/346/346 342/342/342
f 343/343/343 283/283/283 284/284/284
f 343/343/343 284/284/284 344/344/344
f 281/281/281 345/345/345 285/285/285
f 282/282/282 286/286/286 346/346/346
f 395/395/395 396/396/396 397/397/397
f 395/395/395 397/397/397 398/398/398
f 399/399/399 400/400/400 401/401/401
f 399/399/399 401/401/401 402/402/402
f 403/403/403 404/404/404 405/405/405
f 403/403/403 405/405/405 406/406/406
f 407/407/407 408/408/408 409/409/409
f 407/407/407 409/409/409 410/410/410
f 411/411/411 412/412/412 413/413/413
f 411/411/411 413/413/413 414/414/414
f 415/415/415 416/416/416 417/417/417
f 415/415/415 417/417/417 418/418/418
f 732/732/732 736/736/736 737/737/737
f 732/732/732 737/737/737 733/733/733
f 730/730/730 734/734/734 738/738/738
f 731/731/731 739/739/739 735/735/735
f 736/736/736 740/740/740 741/741/741
f 736/736/736 741/741/741 737/737/737
f 730/730/730 738/738/738 742/742/742
f 731/731/731 743/743/743 739/739/739
f 740/740/740 744/744/744 745/745/745
f 740/740/740 745/745/745 741/741/741
f 730/730/730 742/742/742 746/746/746
f 731/731/731 747/747/747 743/743/743
f 744/744/744 748/748/748 749/749/749
f 744/744/744 749/749/749 745/745/745
f 730/730/730 746/746/746 750/750/750
f 731/731/731 751/751/751 747/747/747
f 748/748/748 752/752/752 753/753/753
f 748/748/748 753/753/753 749/749/749
f 730/730/730 750/750/750 754/754/754
f 731/731/731 755/755/755 751/751/751
f 752/752/752 756/756/756 757/757/757
f 752/752/752 757/757/757 753/753/753
f 730/730/730 754/754/754 758/758/758
f 731/731/731 759/759/759 755/755/755
f 756/756/756 760/760/760 761/761/761
f 756/756/756 761/761/761 757/757/757
f 730/730/730 758/758/758 762/762/762
f 731/731/731 763/763/763 759/759/759
f 760/760/760 764/764/764 765/765/765
f 760/760/760 765/765/765 761/761/761
f 730/730/730 762/762/762 766/766/766
f 731/731/731 767/767/767 763/763/763
f 764/764/764 768/768/768 769/769/769
f 764/764/764 769/769/769 765/765/765
f 730/730/730 766/766/766 770/770/770
f 731/731/731 771/771/771 767/767/767
f 768/768/768 772/772/772 773/773/773
f 768/768/768 773/773/773 769/769/769
f 730/730/730 770/770/770 774/774/774
f 731/731/731 775/775/775 771/771/771
f 772/772/772 776/776/776 777/777/777
f 772/772/772 777/777/777 773/773/773
f 730/730/730 774/774/774 778/778/778
f 731/731/731 779/779/779 775/775/775
f 776/776/776 780/780/780 781/781/781
f 776/776/776 781/781/781 777/777/777
f 730/730/730 778/778/778 782/782/782
f 731/731/731 783/783/783 779/779/779
f 780/780/780 784/784/784 785/785/785
f 780/780/780 785/785/785 781/781/781
f 730/730/730 782/782/782 786/786/786
f 731/731/731 787/787/787 783/783/783
f 784/784/784 788/788/788 789/789/789
f 784/784/784 789/789/789 785/785/785
f 730/730/730 786/786/786 790/790/790
f 731/731/731 791/791/791 787/787/787
f 788/788/788 792/792/792 793/793/793
f 788/788/788 793/793/793 789/789/789
f 730/730/730 790/790/790 794/794/794
f 731/731/731 795/795/795 791/791/791
f 792/792/792 732/732/732 733/733/733
f 792/792/792 733/733/733 793/793/793
f 730/730/730 794/794/794 734/734/734
f 731/731/731 735/735/735 795/795/795
f 844/844/844 845/845/845 846/846/846
f 844/844/844 846/846/846 847/847/847
f 848/848/848 849/849/849 850/850/850
f 848/848/848 850/850/850 851/851/851
f 852/852/852 853/853/853 854/854/854
f 852/852/852 854/854/854 855/855/855
f 856/856/856 857/857/857 858/858/858
f 856/856/856 858/858/858 859/859/859
f 860/860/860 861/861/861 862/862/862
f 860/860/860 862/862/862 863/863/863
f 864/864/864 865/865/865 866/866/866
f 864/864/864 866/866/866 867/867/867
f 923/923/923 924/924/924 925/925/925
f 923/923/923 925/925/925 926/926/926
f 927/927/927 928/928/928 929/929/929
f 927/927/927 929/929/929 930/930/930
f 931/931/931 932/932/932 933/933/933
f 931/931/931 933/933/933 934/934/934
f 935/935/935 936/936/936 937/937/937
f 935/935/935 937/937/937 938/938/938
f 939/939/939 940/940/940 941/941/941
f 939/939/939 941/941/941 942/942/942
f 943/943/943 944/944/944 945/945/945
f 943/943/943 945/945/945 946/946/946
f 1002/1002/1002 1003/1003/1003 1004/1004/1004
f 1002/1002/1002 1004/1004/1004 1005/1005/1005
f 1006/1006/1006 1007/1007/1007 1008/1008/1008
f 1006/1006/1006 1008/1008/1008 1009/1009/1009
f 1010/1010/1010 1011/1011/1011 1012/1012/1012
f 1010/1010/1010 1012/1012/1012 1013/1013/1013
f 1014/1014/1014 1015/1015/1015 1016/1016/1016
f 1014/1014/1014 1016/1016/1016 1017/1017/1017
f 1018/1018/1018 1019/1019/1019 1020/1020/1020
f 1018/1018/1018 1020/1020/1020 1021/1021/1021
f 1022/1022/1022 1023/1023/1023 1024/1024/1024
f 1022/1022/1022 1024/1024/1024 1025/1025/1025
f 1081/1081/1081 1082/1082/1082 1083/1083/1083
f 1081/1081/1081 1083/1083/1083 1084/1084/1084
f 1085/1085/1085 1086/1086/1086 1087/1087/1087
f 1085/1085/1085 1087/1087/1087 1088/1088/1088
f 1089/1089/1089 1090/1090/1090 1091/1091/1091
f 1089/1089/1089 1091/1091/1091 1092/1092/1092
f 1093/1093/1093 1094/1094/1094 1095/1095/1095
f 1093/1093/1093 1095/1095/1095 1096/1096/1096
f 1097/1097/1097 1098/1098/1098 1099/1099/1099
f 1097/1097/1097 1099/1099/1099 1100/1100/1100
f 1101/1101/1101 1102/1102/1102 1103/1103/1103
f 1101/1101/1101 1103/1103/1103 1104/1104/1104
f 1160/1160/1160 1161/1161/1161 1162/1162/1162
f 1160/1160/1160 1162/1162/1162 1163/1163/1163
f 1164/1164/1164 1165/1165/1165 1166/1166/1166
f 1164/1164/1164 1166/1166/1166 1167/1167/1167
f 1168/1168/1168 1169/1169/1169 1170/1170/1170
f 1168/1168/1168 1170/1170/1170 1171/1171/1171
f 1172/1172/1172 1173/1173/1173 1174/1174/1174
f 1172/1172/1172 1174/1174/1174 1175/1175/1175
f 1176/1176/1176 1177/1177/1177 1178/1178/1178
f 1176/1176/1176 1178/1178/1178 1179/1179/1179
f 1180/1180/1180 1181/1181/1181 1182/1182/1182
f 1180/1180/1180 1182/1182/1182 1183/1183/1183
f 1239/1239/1239 1240/1240/1240 1241/1241/1241
f 1239/1239/1239 1241/1241/1241 1242/1242/1242
f 1243/1243/1243 1244/1244/1244 1245/1245/1245
f 1243/1243/1243 1245/1245/1245 1246/1246/1246
f 1247/1247/1247 1248/1248/1248 1249/1249/1249
f 1247/1247/1247 1249/1249/1249 1250/1250/1250
f 1251/1251/1251 1252/1252/1252 1253/1253/1253
f 1251/1251/1251 1253/1253/1253 1254/1254/1254
f 1255/1255/1255 1256/1256/1256 1257/1257/1257
f 1255/1255/1255 1257/1257/1257 1258/1258/1258
f 1259/1259/1259 1260/1260/1260 1261/1261/1261
f 1259/1259/1259 1261/1261/1261 1262/1262/1262
f 1263/1263/1263 1264/1264/1264 1265/1265/1265
f 1263/1263/1263 1265/1265/1265 1266/1266/1266
f 1267/1267/1267 1268/1268/1268 1269/1269/1269
f 1267/1267/1267 1269/1269/1269 1270/1270/1270
f 1271/1271/1271 1272/1272/1272 1273/1273/1273
f 1271/1271/1271 1273/1273/1273 1274/1274/1274
f 1275/1275/1275 1276/1276/1276 1277/1277/1277
f 1275/1275/1275 1277/1277/1277 1278/1278/1278
f 1279/1279/1279 1280/1280/1280 1281/1281/1281
f 1279/1279/1279 1281/1281/1281 1282/1282/1282
f 1283/1283/1283 1284/1284/1284 1285/1285/1285
f 1283/1283/1283 1285/1285/1285 1286/1286/1286
f 1287/1287/1287 1288/1288/1288 1289/1289/1289
f 1287/1287/1287 1289/1289/1289 1290/1290/1290
f 1291/1291/1291 1292/1292/1292 1293/1293/1293
f 1291/1291/1291 1293/1293/1293 1294/1294/1294
f 1295/1295/1295 1296/1296/1296 1297/1297/1297
f 1295/1295/1295 1297/1297/1297 1298/1298/1298
f 1299/1299/1299 1300/1300/1300 1301/1301/1301
f 1299/1299/1299 1301/1301/1301 1302/1302/1302
f 1303/1303/1303 1304/1304/1304 1305/1305/1305
f 1303/1303/1303 1305/1305/1305 1306/1306/1306
f 1307/1307/1307 1308/1308/1308 1309/1309/1309
f 1307/1307/1307 1309/1309/1309 1310/1310/1310
f 1617/1617/1617 1621/1621/1621 1622/1622/1622
f 1617/1617/1617 1622/1622/1622 1618/1618/1618
f 1615/1615/1615 1619/1619/1619 1623/1623/1623
f 1616/1616/1616 1624/1624/1624 1620/1620/1620
f 1621/1621/1621 1625/1625/1625 1626/1626/1626
f 1621/1621/1621 1626/1626/1626 1622/1622/1622
f 1615/1615/1615 1623/1623/1623 1627/1627/1627
f 1616/1616/1616 1628/1628/1628 1624/1624/1624
f 1625/1625/1625 1629/1629/1629 1630/1630/1630
f 1625/1625/1625 1630/1630/1630 1626/1626/1626
f 1615/1615/1615 1627/1627/1627 1631/1631/1631
f 1616/1616/1616 1632/1632/1632 1628/1628/1628
f 1629/1629/1629 1633/1633/1633 1634/1634/1634
f 1629/1629/1629 1634/1634/1634 1630/1630/1630
f 1615/1615/1615 1631/1631/1631 1635/1635/1635
f 1616/1616/1616 1636/1636/1636 1632/1632/1632
f 1633/1633/1633 1637/1637/1637 1638/1638/1638
f 1633/1633/1633 1638/1638/1638 1634/1634/1634
f 1615/1615/1615 1635/1635/1635 1639/1639/1639
f 1616/1616/1616 1640/1640/1640 1636/1636/1636
f 1637/1637/1637 1641/1641/1641 1642/1642/1642
f 1637/1637/1637 1642/1642/1642 1638/1638/1638
f 1615/1615/1615 1639/1639/1639 1643/1643/1643
f 1616/1616/1616 1644/1644/1644 1640/1640/1640
f 1641/1641/1641 1645/1645/1645 1646/1646/1646
f 1641/1641/1641 1646/1646/1646 1642/1642/1642
f 1615/1615/1615 1643/1643/1643 1647/1647/1647
f 1616/1616/1616 1648/1648/1648 1644/1644/1644
f 1645/1645/1645 1649/1649/1649 1650/1650/1650
f 1645/1645/1645 1650/1650/1650 1646/1646/1646
f 1615/1615/1615 1647/1647/1647 1651/1651/1651
f 1616/1616/1616 1652/1652/1652 1648/1648/1648
f 1649/1649/1649 1653/1653/1653 1654/1654/1654
f 1649/1649/1649 1654/1654/1654 1650/1650/1650
f 1615/1615/1615 1651/1651/1651 1655/1655/1655
f 1616/1616/1616 1656/1656/1656 1652/1652/1652
f 1653/1653/1653 1657/1657/1657 1658/1658/1658
f 1653/1653/1653 1658/1658/1658 1654/1654/1654
f 1615/1615/1615 1655/1655/1655 1659/1659/1659
f 1616/1616/1616 1660/1660/1660 1656/1656/1656
f 1657/1657/1657 1661/1661/1661 1662/1662/1662
f 1657/1657/1657 1662/1662/1662 1658/1658/1658
f 1615/1615/1615 1659/1659/1659 1663/1663/1663
f 1616/1616/1616 1664/1664/1664 1660/1660/1660
f 1661/1661/1661 1665/1665/1665 1666/1666/1666
f 1661/1661/1661 1666/1666/1666 1662/1662/1662
f 1615/1615/1615 1663/1663/1663 1667/1667/1667
f 1616/1616/1616 1668/1668/1668 1664/1664/1664
f 1665/1665/1665 1669/1669/1669 1670/1670/1670
f 1665/1665/1665 1670/1670/1670 1666/1666/1666
f 1615/1615/1615 1667/1667/1667 1671/1671/1671
f 1616/1616/1616 1672/1672/1672 1668/1668/1668
f 1669/1669/1669 1673/1673/1673 1674/1674/1674
f 1669/1669/1669 1674/1674/1674 1670/1670/1670
f 1615/1615/1615 1671/1671/1671 1675/1675/1675
f 1616/1616/1616 1676/1676/1676 1672/1672/1672
f 1673/1673/1673 1677/1677/1677 1678/1678/1678
f 1673/1673/1673 1678/1678/1678 1674/1674/1674
f 1615/1615/1615 1675/1675/1675 1679/1679/1679
f 1616/1616/1616 1680/1680/1680 1676/1676/1676
f 1677/1677/1677 1617/1617/1617 1618/1618/1618
f 1677/1677/1677 1618/1618/1618 1678/1678/1678
f 1615/1615/1615 1679/1679/1679 1619/1619/1619
f 1616/1616/1616 1620/1620/1620 1680/1680/1680
f 1729/1729/1729 1730/1730/1730 1731/1731/1731
f 1729/1729/1729 1731/1731/1731 1732/1732/1732
f 1733/1733/1733 1734/1734/1734 1735/1735/1735
f 1733/1733/1733 1735/1735/1735 1736/1736/1736
f 1737/1737/1737 1738/1738/1738 1739/1739/1739
f 1737/1737/1737 1739/1739/1739 1740/1740/1740
f 1741/1741/1741 1742/1742/1742 1743/1743/1743
f 1741/1741/1741 1743/1743/1743 1744/1744/1744
f 1745/1745/1745 1746/1746/1746 1747/1747/1747
f 1745/1745/1745 1747/1747/1747 1748/1748/1748
f 1749/1749/1749 1750/1750/1750 1751/1751/1751
f 1749/1749/1749 1751/1751/1751 1752/1752/1752
f 1808/1808/1808 1809/1809/1809 1810/1810/1810
f 1808/1808/1808 1810/1810/1810 1811/1811/1811
f 1812/1812/1812 1813/1813/1813 1814/1814/1814
f 1812/1812/1812 1814/1814/1814 1815/1815/1815
f 1816/1816/1816 1817/1817/1817 1818/1818/1818
f 1816/1816/1816 1818/1818/1818 1819/1819/1819
f 1820/1820/1820 1821/1821/1821 1822/1822/1822
f 1820/1820/1820 1822/1822/1822 1823/1823/1823
f 1824/1824/1824 1825/1825/1825 1826/1826/1826
f 1824/1824/1824 1826/1826/1826 1827/1827/1827
f 1828/1828/1828 1829/1829/1829 1830/1830/1830
f 1828/1828/1828 1830/1830/1830 1831/1831/1831
f 1887/1887/1887 1888/1888/1888 1889/1889/1889
f 1887/1887/1887 1889/1889/1889 1890/1890/1890
f 1891/1891/1891 1892/1892/1892 1893/1893/1893
f 1891/1891/1891 1893/1893/1893 1894/1894/1894
f 1895/1895/1895 1896/1896/1896 1897/1897/1897
f 1895/1895/1895 1897/1897/1897 1898/1898/1898
f 1899/1899/1899 1900/1900/1900 1901/1901/1901
f 1899/1899/1899 1901/1901/1901 1902/1902/1902
f 1903/1903/1903 1904/1904/1904 1905/1905/1905
f 1903/1903/1903 1905/1905/1905 1906/1906/1906
f 1907/1907/1907 1908/1908/1908 1909/1909/1909
f 1907/1907/1907 1909/1909/1909 1910/1910/1910
f 1966/1966/1966 1967/1967/1967 1968/1968/1968
f 1966/1966/1966 1968/1968/1968 1969/1969/1969
f 1970/1970/1970 1971/1971/1971 1972/1972/1972
f 1970/1970/1970 1972/1972/1972 1973/1973/1973
f 1974/1974/1974 1975/1975/1975 1976/1976/1976
f 1974/1974/1974 1976/1976/1976 1977/1977/1977
f 1978/1978/1978 1979/1979/1979 1980/1980/1980
f 1978/1978/1978 1980/1980/1980 1981/1981/1981
f 1982/1982/1982 1983/1983/1983 1984/1984/1984
f 1982/1982/1982 1984/1984/1984 1985/1985/1985
f 1986/1986/1986 1987/1987/1987 1988/1988/1988
f 1986/1986/1986 1988/1988/1988 1989/1989/1989
f 1990/1990/1990 1991/1991/1991 1992/1992/1992
f 1990/1990/1990 1992/1992/1992 1993/1993/1993
f 1994/1994/1994 1995/1995/1995 1996/1996/1996
f 1994/1994/1994 1996/1996/1996 1997/1997/1997
f 1998/1998/1998 1999/1999/1999 2000/2000/2000
f 1998/1998/1998 2000/2000/2000 2001/2001/2001
f 2002/2002/2002 2003/2003/2003 2004/2004/2004
f 2002/2002/2002 2004/2004/2004 2005/2005/2005
f 2006/2006/2006 2007/2007/2007 2008/2008/2008
f 2006/2006/2006 2008/2008/2008 2009/2009/2009
f 2010/2010/2010 2011/2011/2011 2012/2012/2012
f 2010/2010/2010 2012/2012/2012 2013/2013/2013
f 2014/2014/2014 2015/2015/2015 2016/2016/2016
f 2014/2014/2014 2016/2016/2016 2017/2017/2017
f 2018/2018/2018 2019/2019/2019 2020/2020/2020
f 2018/2018/2018 2020/2020/2020 2021/2021/2021
f 2022/2022/2022 2023/2023/2023 2024/2024/2024
f 2022/2022/2022 2024/2024/2024 2025/2025/2025
f 2026/2026/2026 2027/2027/2027 2028/2028/2028
f 2026/2026/2026 2028/2028/2028 2029/2029/2029
f 2030/2030/2030 2031/2031/2031 2032/2032/2032
f 2030/2030/2030 2032/2032/2032 2033/2033/2033
f 2034/2034/2034 2035/2035/2035 2036/2036/2036
f 2034/2034/2034 2036/2036/2036 2037/2037/2037
f 2344/2344/2344 2348/2348/2348 2349/2349/2349
f 2344/2344/2344 2349/2349/2349 2345/2345/2345
f 2342/2342/2342 2346/2346/2346 2350/2350/2350
f 2343/2343/2343 2351/2351/2351 2347/2347/2347
f 2348/2348/2348 2352/2352/2352 2353/2353/2353
f 2348/2348/2348 2353/2353/2353 2349/2349/2349
f 2342/2342/2342 2350/2350/2350 2354/2354/2354
f 2343/2343/2343 2355/2355/2355 2351/2351/2351
f 2352/2352/2352 2356/2356/2356 2357/2357/2357
f 2352/2352/2352 2357/2357/2357 2353/2353/2353
f 2342/2342/2342 2354/2354/2354 2358/2358/2358
f 2343/2343/2343 2359/2359/2359 2355/2355/2355
f 2356/2356/2356 2360/2360/2360 2361/2361/2361
f 2356/2356/2356 2361/2361/2361 2357/2357/2357
f 2342/2342/2342 2358/2358/2358 2362/2362/2362
f 2343/2343/2343 2363/2363/2363 2359/2359/2359
f 2360/2360/2360 2364/2364/2364 2365/2365/2365
f 2360/2360/2360 2365/2365/2365 2361/2361/2361
f 2342/2342/2342 2362/2362/2362 2366/2366/2366
f 2343/2343/2343 2367/2367/2367 2363/2363/2363
f 2364/2364/2364 2368/2368/2368 2369/2369/2369
f 2364/2364/2364 2369/2369/2369 2365/2365/2365
f 2342/2342/2342 2366/2366/2366 2370/2370/2370
f 2343/2343/2343 2371/2371/2371 2367/2367/2367
f 2368/2368/2368 2372/2372/2372 2373/2373/2373
f 2368/2368/2368 2373/2373/2373 2369/2369/2369
f 2342/2342/2342 2370/2370/2370 2374/2374/2374
f 2343/2343/2343 2375/2375/2375 2371/2371/2371
f 2372/2372/2372 2376/2376/2376 2377/2377/2377
f 2372/2372/2372 2377/2377/2377 2373/2373/2373
f 2342/2342/2342 2374/2374/2374 2378/2378/2378
f 2343/2343/2343 2379/2379/2379 2375/2375/2375
f 2376/2376/2376 2380/2380/2380 2381/2381/2381
f 2376/2376/2376 2381/2381/2381 2377/2377/2377
f 2342/2342/2342 2378/2378/2378 2382/2382/2382
f 2343/2343/2343 2383/2383/2383 2379/2379/2379
f 2380/2380/2380 2384/2384/2384 2385/2385/2385
f 2380/2380/2380 2385/2385/2385 2381/2381/2381
f 2342/2342/2342 2382/2382/2382 2386/2386/2386
f 2343/2343/2343 2387/2387/2387 2383/2383/2383
f 2384/2384/2384 2388/2388/2388 2389/2389/2389
f 2384/2384/2384 2389/2389/2389 2385/2385/2385
f 2342/2342/2342 2386/2386/2386 2390/2390/2390
f 2343/2343/2343 2391/2391/2391 2387/2387/2387
f 2388/2388/2388 2392/2392/2392 2393/2393/2393
f 2388/2388/2388 2393/2393/2393 2389/2389/2389
f 2342/2342/2342 2390/2390/2390 2394/2394/2394
f 2343/2343/2343 2395/2395/2395 2391/2391/2391
f 2392/2392/2392 2396/2396/2396 2397/2397/2397
f 2392/2392/2392 2397/2397/2397 2393/2393/2393
f 2342/2342/2342 2394/2394/2394 2398/2398/2398
f 2343/2343/2343 2399/2399/2399 2395/2395/2395
f 2396/2396/2396 2400/2400/2400 2401/2401/2401
f 2396/2396/2396 2401/2401/2401 2397/2397/2397
f 2342/2342/2342 2398/2398/2398 2402/2402/2402
f 2343/2343/2343 2403/2403/2403 2399/2399/2399
f 2400/2400/2400 2404/2404/2404 2405/2405/2405
f 2400/2400/2400 2405/2405/2405 2401/2401/2401
f 2342/2342/2342 2402/2402/2402 2406/2406/2406
f 2343/2343/2343 2407/2407/2407 2403/2403/2403
f 2404/2404/2404 2344/2344/2344 2345/2345/2345
f 2404/2404/2404 2345/2345/2345 2405/2405/2405
f 2342/2342/2342 2406/2406/2406 2346/2346/2346
f 2343/2343/2343 2347/2347/2347 2407/2407/2407
f 2456/2456/2456 2457/2457/2457 2458/2458/2458
f 2456/2456/2456 2458/2458/2458 2459/2459/2459
f 2460/2460/2460 2461/2461/2461 2462/2462/2462
f 2460/2460/2460 2462/2462/2462 2463/2463/2463
f 2464/2464/2464 2465/2465/2465 2466/2466/2466
f 2464/2464/2464 2466/2466/2466 2467/2467/2467
f 2468/2468/2468 2469/2469/2469 2470/2470/2470
f 2468/2468/2468 2470/2470/2470 2471/2471/2471
f 2472/2472/2472 2473/2473/2473 2474/2474/2474
f 2472/2472/2472 2474/2474/2474 2475/2475/2475
f 2476/2476/2476 2477/2477/2477 2478/2478/2478
f 2476/2476/2476 2478/2478/2478 2479/2479/2479
f 2535/2535/2535 2536/2536/2536 2537/2537/2537
f 2535/2535/2535 2537/2537/2537 2538/2538/2538
f 2539/2539/2539 2540/2540/2540 2541/2541/2541
f 2539/2539/2539 2541/2541/2541 2542/2542/2542
f 2543/2543/2543 2544/2544/2544 2545/2545/2545
f 2543/2543/2543 2545/2545/2545 2546/2546/2546
f 2547/2547/2547 2548/2548/2548 2549/2549/2549
f 2547/2547/2547 2549/2549/2549 2550/2550/2550
f 2551/2551/2551 2552/2552/2552 2553/2553/2553
f 2551/2551/2551 2553/2553/2553 2554/2554/2554
f 2555/2555/2555 2556/2556/2556 2557/2557/2557
f 2555/2555/2555 2557/2557/2557 2558/2558/2558
f 2614/2614/2614 2615/2615/2615 2616/2616/2616
f 2614/2614/2614 2616/2616/2616 2617/2617/2617
f 2618/2618/2618 2619/2619/2619 2620/2620/2620
f 2618/2618/2618 2620/2620/2620 2621/2621/2621
f 2622/2622/2622 2623/2623/2623 2624/2624/2624
f 2622/2622/2622 2624/2624/2624 2625/2625/2625
f 2626/2626/2626 2627/2627/2627 2628/2628/2628
f 2626/2626/2626 2628/2628/2628 2629/2629/2629
f 2630/2630/2630 2631/2631/2631 2632/2632/2632
f 2630/2630/2630 2632/2632/2632 2633/2633/2633
f 2634/2634/2634 2635/2635/2635 2636/2636/2636
f 2634/2634/2634 2636/2636/2636 2637/2637/2637
f 2693/2693/2693 2694/2694/2694 2695/2695/2695
f 2693/2693/2693 2695/2695/2695 2696/2696/2696
f 2697/2697/2697 2698/2698/2698 2699/2699/2699
f 2697/2697/2697 2699/2699/2699 2700/2700/2700
f 2701/2701/2701 2702/2702/2702 2703/2703/2703
f 2701/2701/2701 2703/2703/2703 2704/2704/2704
f 2705/2705/2705 2706/2706/2706 2707/2707/2707
f 2705/2705/2705 2707/2707/2707 2708/2708/2708
f 2709/2709/2709 2710/2710/2710 2711/2711/2711
f 2709/2709/2709 2711/2711/2711 2712/2712/2712
f 2713/2713/2713 2714/2714/2714 2715/2715/2715
f 2713/2713/2713 2715/2715/2715 2716/2716/2716
f 2717/2717/2717 2718/2718/2718 2719/2719/2719
f 2717/2717/2717 2719/2719/2719 2720/2720/2720
f 2721/2721/2721 2722/2722/2722 2723/2723/2723
f 2721/2721/2721 2723/2723/2723 2724/2724/2724
f 2725/2725/2725 2726/2726/2726 2727/2727/2727
f 2725/2725/2725 2727/2727/2727 2728/2728/2728
f 2729/2729/2729 2730/2730/2730 2731/2731/2731
f 2729/2729/2729 2731/2731/2731 2732/2732/2732
f 2733/2733/2733 2734/2734/2734 2735/2735/2735
f 2733/2733/2733 2735/2735/2735 2736/2736/2736
f 2737/2737/2737 2738/2738/2738 2739/2739/2739
f 2737/2737/2737 2739/2739/2739 2740/2740/2740
f 2741/2741/2741 2742/2742/2742 2743/2743/2743
f 2741/2741/2741 2743/2743/2743 2744/2744/2744
f 2745/2745/2745 2746/2746/2746 2747/2747/2747
f 2745/2745/2745 2747/2747/2747 2748/2748/2748
f 2749/2749/2749 2750/2750/2750 2751/2751/2751
f 2749/2749/2749 2751/2751/2751 2752/2752/2752
f 2753/2753/2753 2754/2754/2754 2755/2755/2755
f 2753/2753/2753 2755/2755/2755 2756/2756/2756
f 2757/2757/2757 2758/2758/2758 2759/2759/2759
f 2757/2757/2757 2759/2759/2759 2760/2760/2760
f 2761/2761/2761 2762/2762/2762 2763/2763/2763
f 2761/2761/2761 2763/2763/2763 2764/2764/2764
f 3047/3047/3047 3051/3051/3051 3052/3052/3052
f 3047/3047/3047 3052/3052/3052 3048/3048/3048
f 3045/3045/3045 3049/3049/3049 3053/3053/3053
f 3046/3046/3046 3054/3054/3054 3050/3050/3050
f 3051/3051/3051 3055/3055/3055 3056/3056/3056
f 3051/3051/3051 3056/3056/3056 3052/3052/3052
f 3045/3045/3045 3053/3053/3053 3057/3057/3057
f 3046/3046/3046 3058/3058/3058 3054/3054/3054
f 3055/3055/3055 3059/3059/3059 3060/3060/3060
f 3055/3055/3055 3060/3060/3060 3056/3056/3056
f 3045/3045/3045 3057/3057/3057 3061/3061/3061
f 3046/3046/3046 3062/3062/3062 3058/3058/3058
f 3059/3059/3059 3063/3063/3063 3064/3064/3064
f 3059/3059/3059 3064/3064/3064 3060/3060/3060
f 3045/3045/3045 3061/3061/3061 3065/3065/3065
f 3046/3046/3046 3066/3066/3066 3062/3062/3062
f 3063/3063/3063 3067/3067/3067 3068/3068/3068
f 3063/3063/3063 3068/3068/3068 3064/3064/3064
f 3045/3045/3045 3065/3065/3065 3069/3069/3069
f 3046/3046/3046 3070/3070/3070 3066/3066/3066
f 3067/3067/3067 3071/3071/3071 3072/3072/3072
f 3067/3067/3067 3072/3072/3072 3068/3068/3068
f 3045/3045/3045 3069/3069/3069 3073/3073/3073
f 3046/3046/3046 3074/3074/3074 3070/3070/3070
f 3071/3071/3071 3075/3075/3075 3076/3076/3076
f 3071/3071/3071 3076/3076/3076 3072/3072/3072
f 3045/3045/3045 3073/3073/3073 3077/3077/3077
f 3046/3046/3046 3078/3078/3078 3074/3074/3074
f 3075/3075/3075 3079/3079/3079 3080/3080/3080
f 3075/3075/3075 3080/3080/3080 3076/3076/3076
f 3045/3045/3045 3077/3077/3077 3081/3081/3081
f 3046/3046/3046 3082/3082/3082 3078/3078/3078
f 3079/3079/3079 3083/3083/3083 3084/3084/3084
f 3079/3079/3079 3084/3084/3084 3080/3080/3080
f 3045/3045/3045 3081/3081/3081 3085/3085/3085
f 3046/3046/3046 3086/3086/3086 3082/3082/3082
f 3083/3083/3083 3087/3087/3087 3088/3088/3088
f 3083/3083/3083 3088/3088/3088 3084/3084/3084
f 3045/3045/3045 3085/3085/3085 3089/3089/3089
f 3046/3046/3046 3090/3090/3090 3086/3086/3086
f 3087/3087/3087 3091/3091/3091 3092/3092/3092
f 3087/3087/3087 3092/3092/3092 3088/3088/3088
f 3045/3045/3045 3089/3089/3089 3093/3093/3093
f 3046/3046/3046 3094/3094/3094 3090/3090/3090
f 3091/3091/3091 3095/3095/3095 3096/3096/3096
f 3091/3091/3091 3096/3096/3096 3092/3092/3092
f 3045/3045/3045 3093/3093/3093 3097/3097/3097
f 3046/3046/3046 3098/3098/3098 3094/3094/3094
f 3095/3095/3095 3099/3099/3099 3100/3100/3100
f 3095/3095/3095 3100/3100/3100 3096/3096/3096
f 3045/3045/3045 3097/3097/3097 3101/3101/3101
f 3046/3046/3046 3102/3102/3102 3098/3098/3098
f 3099/3099/3099 3103/3103/3103 3104/3104/3104
f 3099/3099/3099 3104/3104/3104 3100/3100/3100
f 3045/3045/3045 3101/3101/3101 3105/3105/3105
f 3046/3046/3046 3106/3106/3106 3102/3102/3102
f 3103/3103/3103 3107/3107/3107 3108/3108/3108
f 3103/3103/3103 3108/3108/3108 3104/3104/3104
f 3045/3045/3045 3105/3105/3105 3109/3109/3109
f 3046/3046/3046 3110/3110/3110 3106/3106/3106
f 3107/3107/3107 3047/3047/3047 3048/3048/3048
f 3107/3107/3107 3048/3048/3048 3108/3108/3108
f 3045/3045/3045 3109/3109/3109 3049/3049/3049
f 3046/3046/3046 3050/3050/3050 3110/3110/3110
f 3159/3159/3159 3160/3160/3160 3161/3161/3161
f 3159/3159/3159 3161/3161/3161 3162/3162/3162
f 3163/3163/3163 3164/3164/3164 3165/3165/3165
f 3163/3163/3163 3165/3165/3165 3166/3166/3166
f 3167/3167/3167 3168/3168/3168 3169/3169/3169
f 3167/3167/3167 3169/3169/3169 3170/3170/3170
f 3171/3171/3171 3172/3172/3172 3173/3173/3173
f 3171/3171/3171 3173/3173/3173 3174/3174/3174
f 3175/3175/3175 3176/3176/3176 3177/3177/3177
f 3175/3175/3175 3177/3177/3177 3178/3178/3178
f 3179/3179/3179 3180/3180/3180 3181/3181/3181
f 3179/3179/3179 3181/3181/3181 3182/3182/3182
f 3472/3472/3472 3476/3476/3476 3477/3477/3477
f 3472/3472/3472 3477/3477/3477 3473/3473/3473
f 3470/3470/3470 3474/3474/3474 3478/3478/3478
f 3471/3471/3471 3479/3479/3479 3475/3475/3475
f 3476/3476/3476 3480/3480/3480 3481/3481/3481
f 3476/3476/3476 3481/3481/3481 3477/3477/3477
f 3470/3470/3470 3478/3478/3478 3482/3482/3482
f 3471/3471/3471 3483/3483/3483 3479/3479/3479
f 3480/3480/3480 3484/3484/3484 3485/3485/3485
f 3480/3480/3480 3485/3485/3485 3481/3481/3481
f 3470/3470/3470 3482/3482/3482 3486/3486/3486
f 3471/3471/3471 3487/3487/3487 3483/3483/3483
f 3484/3484/3484 3488/3488/3488 3489/3489/3489
f 3484/3484/3484 3489/3489/3489 3485/3485/3485
f 3470/3470/3470 3486/3486/3486 3490/3490/3490
f 3471/3471/3471 3491/3491/3491 3487/3487/3487
f 3488/3488/3488 3492/3492/3492 3493/3493/3493
f 3488/3488/3488 3493/3493/3493 3489/3489/3489
f 3470/3470/3470 3490/3490/3490 3494/3494/3494
f 3471/3471/3471 3495/3495/3495 3491/3491/3491
f 3492/3492/3492 3496/3496/3496 3497/3497/3497
f 3492/3492/3492 3497/3497/3497 3493/3493/3493
f 3470/3470/3470 3494/3494/3494 3498/3498/3498
f 3471/3471/3471 3499/3499/3499 3495/3495/3495
f 3496/3496/3496 3500/3500/3500 3501/3501/3501
f 3496/3496/3496 3501/3501/3501 3497/3497/3497
f 3470/3470/3470 3498/3498/3498 3502/3502/3502
f 3471/3471/3471 3503/3503/3503 3499/3499/3499
f 3500/3500/3500 3504/3504/3504 3505/3505/3505
f 3500/3500/3500 3505/3505/3505 3501/3501/3501
f 3470/3470/3470 3502/3502/3502 3506/3506/3506
f 3471/3471/3471 3507/3507/3507 3503/3503/3503
f 3504/3504/3504 3508/3508/3508 3509/3509/3509
f 3504/3504/3504 3509/3509/3509 3505/3505/3505
f 3470/3470/3470 3506/3506/3506 3510/3510/3510
f 3471/3471/3471 3511/3511/3511 3507/3507/3507
f 3508/3508/3508 3512/3512/3512 3513/3513/3513
f 3508/3508/3508 3513/3513/3513 3509/3509/3509
f 3470/3470/3470 3510/3510/3510 3514/3514/3514
f 3471/3471/3471 3515/3515/3515 3511/3511/3511
f 3512/3512/3512 3516/3516/3516 3517/3517/3517
f 3512/3512/3512 3517/3517/3517 3513/3513/3513
f 3470/3470/3470 3514/3514/3514 3518/3518/3518
f 3471/3471/3471 3519/3519/3519 3515/3515/3515
f 3516/3516/3516 3520/3520/3520 3521/3521/3521
f 3516/3516/3516 3521/3521/3521 3517/3517/3517
f 3470/3470/3470 3518/3518/3518 3522/3522/3522
f 3471/3471/3471 3523/3523/3523 3519/3519/3519
f 3520/3520/3520 3524/3524/3524 3525/3525/3525
f 3520/3520/3520 3525/3525/3525 3521/3521/3521
f 3470/3470/3470 3522/3522/3522 3526/3526/3526
f 3471/3471/3471 3527/3527/3527 3523/3523/3523
f 3524/3524/3524 3528/3528/3528 3529/3529/3529
f 3524/3524/3524 3529/3529/3529 3525/3525/3525
f 3470/3470/3470 3526/3526/3526 3530/3530/3530
f 3471/3471/3471 3531/3531/3531 3527/3527/3527
f 3528/3528/3528 3532/3532/3532 3533/3533/3533
f 3528/3528/3528 3533/3533/3533 3529/3529/3529
f 3470/3470/3470 3530/3530/3530 3534/3534/3534
f 3471/3471/3471 3535/3535/3535 3531/3531/3531
f 3532/3532/3532 3472/3472/3472 3473/3473/3473
f 3532/3532/3532 3473/3473/3473 3533/3533/3533
f 3470/3470/3470 3534/3534/3534 3474/3474/3474
f 3471/3471/3471 3475/3475/3475 3535/3535/3535
f 3584/3584/3584 3585/3585/3585 3586/3586/3586
f 3584/3584/3584 3586/3586/3586 3587/3587/3587
f 3588/3588/3588 3589/3589/3589 3590/3590/3590
f 3588/3588/3588 3590/3590/3590 3591/3591/3591
f 3592/3592/3592 3593/3593/3593 3594/3594/3594
f 3592/3592/3592 3594/3594/3594 3595/3595/3595
f 3596/3596/3596 3597/3597/3597 3598/3598/3598
f 3596/3596/3596 3598/3598/3598 3599/3599/3599
f 3600/3600/3600 3601/3601/3601 3602/3602/3602
f 3600/3600/3600 3602/3602/3602 3603/3603/3603
f 3604/3604/3604 3605/3605/3605 3606/3606/3606
f 3604/3604/3604 3606/3606/3606 3607/3607/3607
f 3897/3897/3897 3901/3901/3901 3902/3902/3902
f 3897/3897/3897 3902/3902/3902 3898/3898/3898
f 3895/3895/3895 3899/3899/3899 3903/3903/3903
f 3896/3896/3896 3904/3904/3904 3900/3900/3900
f 3901/3901/3901 3905/3905/3905 3906/3906/3906
f 3901/3901/3901 3906/3906/3906 3902/3902/3902
f 3895/3895/3895 3903/3903/3903 3907/3907/3907
f 3896/3896/3896 3908/3908/3908 3904/3904/3904
f 3905/3905/3905 3909/3909/3909 3910/3910/3910
f 3905/3905/3905 3910/3910/3910 3906/3906/3906
f 3895/3895/3895 3907/3907/3907 3911/3911/3911
f 3896/3896/3896 3912/3912/3912 3908/3908/3908
f 3909/3909/3909 3913/3913/3913 3914/3914/3914
f 3909/3909/3909 3914/3914/3914 3910/3910/3910
f 3895/3895/3895 3911/3911/3911 3915/3915/3915
f 3896/3896/3896 3916/3916/3916 3912/3912/3912
f 3913/3913/3913 3917/3917/3917 3918/3918/3918
f 3913/3913/3913 3918/3918/3918 3914/3914/3914
f 3895/3895/3895 3915/3915/3915 3919/3919/3919
f 3896/3896/3896 3920/3920/3920 3916/3916/3916
f 3917/3917/3917 3921/3921/3921 3922/3922/3922
f 3917/3917/3917 3922/3922/3922 3918/3918/3918
f 3895/3895/3895 3919/3919/3919 3923/3923/3923
f 3896/3896/3896 3924/3924/3924 3920/3920/3920
f 3921/3921/3921 3925/3925/3925 3926/3926/3926
f 3921/3921/3921 3926/3926/3926 3922/3922/3922
f 3895/3895/3895 3923/3923/3923 3927/3927/3927
f 3896/3896/3896 3928/3928/3928 3924/3924/3924
f 3925/3925/3925 3929/3929/3929 3930/3930/3930
f 3925/3925/3925 3930/3930/3930 3926/3926/3926
f 3895/3895/3895 3927/3927/3927 3931/3931/3931
f 3896/3896/3896 3932/3932/3932 3928/3928/3928
f 3929/3929/3929 3933/3933/3933 3934/3934/3934
f 3929/3929/3929 3934/3934/3934 3930/3930/3930
f 3895/3895/3895 3931/3931/3931 3935/3935/3935
f 3896/3896/3896 3936/3936/3936 3932/3932/3932
f 3933/3933/3933 3937/3937/3937 3938/3938/3938
f 3933/3933/3933 3938/3938/3938 3934/3934/3934
f 3895/3895/3895 3935/3935/3935 3939/3939/3939
f 3896/3896/3896 3940/3940/3940 3936/3936/3936
f 3937/3937/3937 3941/3941/3941 3942/3942/3942
f 3937/3937/3937 3942/3942/3942 3938/3938/3938
f 3895/3895/3895 3939/3939/3939 3943/3943/3943
f 3896/3896/3896 3944/3944/3944 3940/3940/3940
f 3941/3941/3941 3945/3945/3945 3946/3946/3946
f 3941/3941/3941 3946/3946/3946 3942/3942/3942
f 3895/3895/3895 3943/3943/3943 3947/3947/3947
f 3896/3896/3896 3948/3948/3948 3944/3944/3944
f 3945/3945/3945 3949/3949/3949 3950/3950/3950
f 3945/3945/3945 3950/3950/3950 3946/3946/3946
f 3895/3895/3895 3947/3947/3947 3951/3951/3951
f 3896/3896/3896 3952/3952/3952 3948/3948/3948
f 3949/3949/3949 3953/3953/3953 3954/3954/3954
f 3949/3949/3949 3954/3954/3954 3950/3950/3950
f 3895/3895/3895 3951/3951/3951 3955/3955/3955
f 3896/3896/3896 3956/3956/3956 3952/3952/3952
f 3953/3953/3953 3957/3957/3957 3958/3958/3958
f 3953/3953/3953 3958/3958/3958 3954/3954/3954
f 3895/3895/3895 3955/3955/3955 3959/3959/3959
f 3896/3896/3896 3960/3960/3960 3956/3956/3956
f 3957/3957/3957 3897/3897/3897 3898/3898/3898
f 3957/3957/3957 3898/3898/3898 3958/3958/3958
f 3895/3895/3895 3959/3959/3959 3899/3899/3899
f 3896/3896/3896 3900/3900/3900 3960/3960/3960
f 4009/4009/4009 4010/4010/4010 4011/4011/4011
f 4009/4009/4009 4011/4011/4011 4012/4012/4012
f 4013/4013/4013 4014/4014/4014 4015/4015/4015
f 4013/4013/4013 4015/4015/4015 4016/4016/4016
f 4017/4017/4017 4018/4018/4018 4019/4019/4019
f 4017/4017/4017 4019/4019/4019 4020/4020/4020
f 4021/4021/4021 4022/4022/4022 4023/4023/4023
f 4021/4021/4021 4023/4023/4023 4024/4024/4024
f 4025/4025/4025 4026/4026/4026 4027/4027/4027
f 4025/4025/4025 4027/4027/4027 4028/4028/4028
f 4029/4029/4029 4030/4030/4030 4031/4031/4031
f 4029/4029/4029 4031/4031/4031 4032/4032/4032
f 4088/4088/4088 4089/4089/4089 4090/4090/4090
f 4088/4088/4088 4090/4090/4090 4091/4091/4091
f 4092/4092/4092 4093/4093/4093 4094/4094/4094
f 4092/4092/4092 4094/4094/4094 4095/4095/4095
f 4096/4096/4096 4097/4097/4097 4098/4098/4098
f 4096/4096/4096 4098/4098/4098 4099/4099/4099
f 4100/4100/4100 4101/4101/4101 4102/4102/4102
f 4100/4100/4100 4102/4102/4102 4103/4103/4103
f 4104/4104/4104 4105/4105/4105 4106/4106/4106
f 4104/4104/4104 4106/4106/4106 4107/4107/4107
f 4108/4108/4108 4109/4109/4109 4110/4110/4110
f 4108/4108/4108 4110/4110/4110 4111/4111/4111
f 4167/4167/4167 4168/4168/4168 4169/4169/4169
f 4167/4167/4167 4169/4169/4169 4170/4170/4170
f 4171/4171/4171 4172/4172/4172 4173/4173/4173
f 4171/4171/4171 4173/4173/4173 4174/4174/4174
f 4175/4175/4175 4176/4176/4176 4177/4177/4177
f 4175/4175/4175 4177/4177/4177 4178/4178/4178
f 4179/4179/4179 4180/4180/4180 4181/4181/4181
f 4179/4179/4179 4181/4181/4181 4182/4182/4182
f 4183/4183/4183 4184/4184/4184 4185/4185/4185
f 4183/4183/4183 4185/4185/4185 4186/4186/4186
f 4187/4187/4187 4188/4188/4188 4189/4189/4189
f 4187/4187/4187 4189/4189/4189 4190/4190/4190
f 4246/4246/4246 4247/4247/4247 4248/4248/4248
f 4246/4246/4246 4248/4248/4248 4249/4249/4249
f 4250/4250/4250 4251/4251/4251 4252/4252/4252
f 4250/4250/4250 4252/4252/4252 4253/4253/4253
f 4254/4254/4254 4255/4255/4255 4256/4256/4256
f 4254/4254/4254 4256/4256/4256 4257/4257/4257
f 4258/4258/4258 4259/4259/4259 4260/4260/4260
f 4258/4258/4258 4260/4260/4260 4261/4261/4261
f 4262/4262/4262 4263/4263/4263 4264/4264/4264
f 4262/4262/4262 4264/4264/4264 4265/4265/4265
f 4266/4266/4266 4267/4267/4267 4268/4268/4268
f 4266/4266/4266 4268/4268/4268 4269/4269/4269
f 4270/4270/4270 4271/4271/4271 4272/4272/4272
f 4270/4270/4270 4272/4272/4272 4273/4273/4273
f 4274/4274/4274 4275/4275/4275 4276/4276/4276
f 4274/4274/4274 4276/4276/4276 4277/4277/4277
f 4278/4278/4278 4279/4279/4279 4280/4280/4280
f 4278/4278/4278 4280/4280/4280 4281/4281/4281
f 4282/4282/4282 4283/4283/4283 4284/4284/4284
f 4282/4282/4282 4284/4284/4284 4285/4285/4285
f 4286/4286/4286 4287/4287/4287 4288/4288/4288
f 4286/4286/4286 4288/4288/4288 4289/4289/4289
f 4290/4290/4290 4291/4291/4291 4292/4292/4292
f 4290/4290/4290 4292/4292/4292 4293/4293/4293
f 4294/4294/4294 4295/4295/4295 4296/4296/4296
f 4294/4294/4294 4296/4296/4296 4297/4297/4297
f 4298/4298/4298 4299/4299/4299 4300/4300/4300
f 4298/4298/4298 4300/4300/4300 4301/4301/4301
f 4302/4302/4302 4303/4303/4303 4304/4304/4304
f 4302/4302/4302 4304/4304/4304 4305/4305/4305
f 4306/4306/4306 4307/4307/4307 4308/4308/4308
f 4306/4306/4306 4308/4308/4308 4309/4309/4309
f 4310/4310/4310 4311/4311/4311 4312/4312/4312
f 4310/4310/4310 4312/4312/4312 4313/4313/4313
f 4314/4314/4314 4315/4315/4315 4316/4316/4316
f 4314/4314/4314 4316/4316/4316 4317/4317/4317
usemtl BackdropRune
s off
f 421/421/421 420/420/420 422/422/422
f 422/422/422 419/419/419 421/421/421
f 422/422/422 420/420/420 423/423/423
f 423/423/423 419/419/419 422/422/422
f 423/423/423 420/420/420 424/424/424
f 424/424/424 419/419/419 423/423/423
f 424/424/424 420/420/420 425/425/425
f 425/425/425 419/419/419 424/424/424
f 425/425/425 420/420/420 421/421/421
f 421/421/421 419/419/419 425/425/425
f 870/870/870 869/869/869 871/871/871
f 871/871/871 868/868/868 870/870/870
f 871/871/871 869/869/869 872/872/872
f 872/872/872 868/868/868 871/871/871
f 872/872/872 869/869/869 873/873/873
f 873/873/873 868/868/868 872/872/872
f 873/873/873 869/869/869 874/874/874
f 874/874/874 868/868/868 873/873/873
f 874/874/874 869/869/869 870/870/870
f 870/870/870 868/868/868 874/874/874
f 1028/1028/1028 1027/1027/1027 1029/1029/1029
f 1029/1029/1029 1026/1026/1026 1028/1028/1028
f 1029/1029/1029 1027/1027/1027 1030/1030/1030
f 1030/1030/1030 1026/1026/1026 1029/1029/1029
f 1030/1030/1030 1027/1027/1027 1031/1031/1031
f 1031/1031/1031 1026/1026/1026 1030/1030/1030
f 1031/1031/1031 1027/1027/1027 1032/1032/1032
f 1032/1032/1032 1026/1026/1026 1031/1031/1031
f 1032/1032/1032 1027/1027/1027 1028/1028/1028
f 1028/1028/1028 1026/1026/1026 1032/1032/1032
f 1186/1186/1186 1185/1185/1185 1187/1187/1187
f 1187/1187/1187 1184/1184/1184 1186/1186/1186
f 1187/1187/1187 1185/1185/1185 1188/1188/1188
f 1188/1188/1188 1184/1184/1184 1187/1187/1187
f 1188/1188/1188 1185/1185/1185 1189/1189/1189
f 1189/1189/1189 1184/1184/1184 1188/1188/1188
f 1189/1189/1189 1185/1185/1185 1190/1190/1190
f 1190/1190/1190 1184/1184/1184 1189/1189/1189
f 1190/1190/1190 1185/1185/1185 1186/1186/1186
f 1186/1186/1186 1184/1184/1184 1190/1190/1190
f 1755/1755/1755 1754/1754/1754 1756/1756/1756
f 1756/1756/1756 1753/1753/1753 1755/1755/1755
f 1756/1756/1756 1754/1754/1754 1757/1757/1757
f 1757/1757/1757 1753/1753/1753 1756/1756/1756
f 1757/1757/1757 1754/1754/1754 1758/1758/1758
f 1758/1758/1758 1753/1753/1753 1757/1757/1757
f 1758/1758/1758 1754/1754/1754 1759/1759/1759
f 1759/1759/1759 1753/1753/1753 1758/1758/1758
f 1759/1759/1759 1754/1754/1754 1755/1755/1755
f 1755/1755/1755 1753/1753/1753 1759/1759/1759
f 1913/1913/1913 1912/1912/1912 1914/1914/1914
f 1914/1914/1914 1911/1911/1911 1913/1913/1913
f 1914/1914/1914 1912/1912/1912 1915/1915/1915
f 1915/1915/1915 1911/1911/1911 1914/1914/1914
f 1915/1915/1915 1912/1912/1912 1916/1916/1916
f 1916/1916/1916 1911/1911/1911 1915/1915/1915
f 1916/1916/1916 1912/1912/1912 1917/1917/1917
f 1917/1917/1917 1911/1911/1911 1916/1916/1916
f 1917/1917/1917 1912/1912/1912 1913/1913/1913
f 1913/1913/1913 1911/1911/1911 1917/1917/1917
f 2482/2482/2482 2481/2481/2481 2483/2483/2483
f 2483/2483/2483 2480/2480/2480 2482/2482/2482
f 2483/2483/2483 2481/2481/2481 2484/2484/2484
f 2484/2484/2484 2480/2480/2480 2483/2483/2483
f 2484/2484/2484 2481/2481/2481 2485/2485/2485
f 2485/2485/2485 2480/2480/2480 2484/2484/2484
f 2485/2485/2485 2481/2481/2481 2486/2486/2486
f 2486/2486/2486 2480/2480/2480 2485/2485/2485
f 2486/2486/2486 2481/2481/2481 2482/2482/2482
f 2482/2482/2482 2480/2480/2480 2486/2486/2486
f 2640/2640/2640 2639/2639/2639 2641/2641/2641
f 2641/2641/2641 2638/2638/2638 2640/2640/2640
f 2641/2641/2641 2639/2639/2639 2642/2642/2642
f 2642/2642/2642 2638/2638/2638 2641/2641/2641
f 2642/2642/2642 2639/2639/2639 2643/2643/2643
f 2643/2643/2643 2638/2638/2638 2642/2642/2642
f 2643/2643/2643 2639/2639/2639 2644/2644/2644
f 2644/2644/2644 2638/2638/2638 2643/2643/2643
f 2644/2644/2644 2639/2639/2639 2640/2640/2640
f 2640/2640/2640 2638/2638/2638 2644/2644/2644
f 3185/3185/3185 3184/3184/3184 3186/3186/3186
f 3186/3186/3186 3183/3183/3183 3185/3185/3185
f 3186/3186/3186 3184/3184/3184 3187/3187/3187
f 3187/3187/3187 3183/3183/3183 3186/3186/3186
f 3187/3187/3187 3184/3184/3184 3188/3188/3188
f 3188/3188/3188 3183/3183/3183 3187/3187/3187
f 3188/3188/3188 3184/3184/3184 3189/3189/3189
f 3189/3189/3189 3183/3183/3183 3188/3188/3188
f 3189/3189/3189 3184/3184/3184 3185/3185/3185
f 3185/3185/3185 3183/3183/3183 3189/3189/3189
f 3610/3610/3610 3609/3609/3609 3611/3611/3611
f 3611/3611/3611 3608/3608/3608 3610/3610/3610
f 3611/3611/3611 3609/3609/3609 3612/3612/3612
f 3612/3612/3612 3608/3608/3608 3611/3611/3611
f 3612/3612/3612 3609/3609/3609 3613/3613/3613
f 3613/3613/3613 3608/3608/3608 3612/3612/3612
f 3613/3613/3613 3609/3609/3609 3614/3614/3614
f 3614/3614/3614 3608/3608/3608 3613/3613/3613
f 3614/3614/3614 3609/3609/3609 3610/3610/3610
f 3610/3610/3610 3608/3608/3608 3614/3614/3614
f 4035/4035/4035 4034/4034/4034 4036/4036/4036
f 4036/4036/4036 4033/4033/4033 4035/4035/4035
f 4036/4036/4036 4034/4034/4034 4037/4037/4037
f 4037/4037/4037 4033/4033/4033 4036/4036/4036
f 4037/4037/4037 4034/4034/4034 4038/4038/4038
f 4038/4038/4038 4033/4033/4033 4037/4037/4037
f 4038/4038/4038 4034/4034/4034 4039/4039/4039
f 4039/4039/4039 4033/4033/4033 4038/4038/4038
f 4039/4039/4039 4034/4034/4034 4035/4035/4035
f 4035/4035/4035 4033/4033/4033 4039/4039/4039
f 4193/4193/4193 4192/4192/4192 4194/4194/4194
f 4194/4194/4194 4191/4191/4191 4193/4193/4193
f 4194/4194/4194 4192/4192/4192 4195/4195/4195
f 4195/4195/4195 4191/4191/4191 4194/4194/4194
f 4195/4195/4195 4192/4192/4192 4196/4196/4196
f 4196/4196/4196 4191/4191/4191 4195/4195/4195
f 4196/4196/4196 4192/4192/4192 4197/4197/4197
f 4197/4197/4197 4191/4191/4191 4196/4196/4196
f 4197/4197/4197 4192/4192/4192 4193/4193/4193
f 4193/4193/4193 4191/4191/4191 4197/4197/4197
usemtl BackdropBanner
s off
f 426/426/426 427/427/427 428/428/428
f 426/426/426 428/428/428 429/429/429
f 430/430/430 431/431/431 432/432/432
f 430/430/430 432/432/432 433/433/433
f 434/434/434 435/435/435 436/436/436
f 434/434/434 436/436/436 437/437/437
f 438/438/438 439/439/439 440/440/440
f 438/438/438 440/440/440 441/441/441
f 442/442/442 443/443/443 444/444/444
f 442/442/442 444/444/444 445/445/445
f 446/446/446 447/447/447 448/448/448
f 446/446/446 448/448/448 449/449/449
f 1311/1311/1311 1312/1312/1312 1313/1313/1313
f 1311/1311/1311 1313/1313/1313 1314/1314/1314
f 1315/1315/1315 1316/1316/1316 1317/1317/1317
f 1315/1315/1315 1317/1317/1317 1318/1318/1318
f 1319/1319/1319 1320/1320/1320 1321/1321/1321
f 1319/1319/1319 1321/1321/1321 1322/1322/1322
f 1323/1323/1323 1324/1324/1324 1325/1325/1325
f 1323/1323/1323 1325/1325/1325 1326/1326/1326
f 1327/1327/1327 1328/1328/1328 1329/1329/1329
f 1327/1327/1327 1329/1329/1329 1330/1330/1330
f 1331/1331/1331 1332/1332/1332 1333/1333/1333
f 1331/1331/1331 1333/1333/1333 1334/1334/1334
f 2038/2038/2038 2039/2039/2039 2040/2040/2040
f 2038/2038/2038 2040/2040/2040 2041/2041/2041
f 2042/2042/2042 2043/2043/2043 2044/2044/2044
f 2042/2042/2042 2044/2044/2044 2045/2045/2045
f 2046/2046/2046 2047/2047/2047 2048/2048/2048
f 2046/2046/2046 2048/2048/2048 2049/2049/2049
f 2050/2050/2050 2051/2051/2051 2052/2052/2052
f 2050/2050/2050 2052/2052/2052 2053/2053/2053
f 2054/2054/2054 2055/2055/2055 2056/2056/2056
f 2054/2054/2054 2056/2056/2056 2057/2057/2057
f 2058/2058/2058 2059/2059/2059 2060/2060/2060
f 2058/2058/2058 2060/2060/2060 2061/2061/2061
