# Blender 4.4.1
# www.blender.org
mtllib map_wall_04.mtl
o 立方体.002
v 5.100000 22.834995 114.848938
v 5.100000 44.472240 114.848938
v 5.100000 22.834995 111.848938
v 5.100000 44.472240 111.848938
v 8.100000 22.834995 114.848938
v 8.100000 44.472240 114.848938
v 8.099999 22.834995 111.848938
v 8.099999 44.472240 111.848938
v -5.100002 22.834993 111.848938
v -5.100002 44.472237 111.848938
v -5.100002 22.834993 114.848938
v -5.100002 44.472237 114.848938
v -8.100002 22.834993 111.848938
v -8.100002 44.472237 111.848938
v -8.100002 22.834993 114.848938
v -8.100002 44.472237 114.848938
v 87.523941 75.917862 75.357262
v 86.036072 75.917862 74.080872
v 89.232239 75.917862 76.318855
v 91.095314 75.917862 76.928696
v 93.041557 75.917862 77.163361
v 94.996185 75.917862 77.013817
v 96.884087 75.917862 76.485825
v 98.632706 75.917862 75.599655
v 100.174835 75.917862 74.389381
v 101.451225 75.917862 72.901512
v 102.412819 75.917862 71.193207
v 103.022667 75.917862 69.330139
v 103.257317 75.917862 67.383888
v 103.107773 75.917862 65.429260
v 102.579773 75.917862 63.541359
v 101.693611 75.917862 61.792740
v 100.483337 75.917862 60.250610
v 98.995461 75.917862 58.974220
v 97.287170 75.917862 58.012627
v 95.424095 75.917862 57.402779
v 97.287170 80.917862 58.012627
v 95.424095 80.917862 57.402779
v 93.477844 80.917862 57.168121
v 91.523216 80.917862 57.317661
v 93.477844 75.917862 57.168121
v 91.523216 75.917862 57.317661
v 89.635323 75.917862 57.845669
v 87.886703 75.917862 58.731827
v 89.635323 80.917862 57.845669
v 87.886703 80.917862 58.731827
v 86.344574 80.917862 59.942101
v 85.068176 80.917862 61.429977
v 86.344574 75.917862 59.942101
v 85.068176 75.917862 61.429977
v 84.106590 75.917862 63.138275
v 83.496742 75.917862 65.001343
v 84.106590 80.917862 63.138275
v 83.496742 80.917862 65.001343
v 83.262085 80.917862 66.947594
v 83.411621 80.917862 68.902222
v 83.262085 75.917862 66.947594
v 83.411621 75.917862 68.902222
v 83.939629 75.917862 70.790115
v 84.825790 75.917862 72.538734
v 83.939629 80.917862 70.790115
v 84.825790 80.917862 72.538734
v 87.523949 -20.264755 75.357269
v 86.036079 -20.264755 74.080872
v 84.825798 -25.264755 72.538742
v 84.825798 -20.264755 72.538742
v 83.939644 -25.264755 70.790131
v 83.939644 -20.264755 70.790131
v 83.411629 -25.264755 68.902229
v 83.411629 -20.264755 68.902229
v 83.262093 -25.264755 66.947601
v 83.262093 -20.264755 66.947601
v 83.496750 -25.264755 65.001350
v 83.496750 -20.264755 65.001350
v 84.106598 -25.264755 63.138283
v 84.106598 -20.264755 63.138283
v 85.068192 -25.264755 61.429981
v 85.068192 -20.264755 61.429981
v 86.344582 -25.264755 59.942108
v 86.344582 -20.264755 59.942108
v 87.886711 -25.264755 58.731831
v 87.886711 -20.264755 58.731831
v 89.635330 -25.264755 57.845669
v 89.635330 -20.264755 57.845669
v 91.523232 -25.264755 57.317673
v 91.523232 -20.264755 57.317673
v 93.477859 -25.264755 57.168129
v 93.477859 -20.264755 57.168129
v 95.424110 -25.264755 57.402782
v 95.424110 -20.264755 57.402782
v 97.287170 -25.264755 58.012634
v 97.287170 -20.264755 58.012634
v 98.995476 -20.264755 58.974228
v 100.483345 -20.264755 60.250618
v 101.693634 -20.264755 61.792755
v 102.579788 -20.264755 63.541370
v 103.107788 -20.264755 65.429268
v 103.257324 -20.264755 67.383896
v 103.022667 -20.264755 69.330139
v 102.412834 -20.264755 71.193214
v 101.451225 -20.264755 72.901512
v 100.174843 -20.264755 74.389389
v 98.632713 -20.264755 75.599663
v 96.884094 -20.264755 76.485825
v 94.996201 -20.264755 77.013824
v 93.041565 -20.264755 77.163368
v 91.095322 -20.264755 76.928711
v 89.232246 -20.264755 76.318863
v 87.523941 18.211472 75.357262
v 86.036072 18.211472 74.080872
v 89.232239 18.211472 76.318855
v 91.095314 18.211472 76.928696
v 93.041557 18.211472 77.163361
v 94.996185 18.211472 77.013817
v 96.884087 18.211472 76.485825
v 98.632706 18.211472 75.599655
v 100.174835 18.211472 74.389381
v 101.451225 18.211472 72.901512
v 102.412819 18.211472 71.193207
v 103.022667 18.211472 69.330139
v 103.257317 18.211472 67.383888
v 103.107773 18.211472 65.429260
v 102.579773 18.211472 63.541359
v 101.693611 18.211472 61.792740
v 100.483337 18.211472 60.250610
v 98.995461 18.211472 58.974220
v 97.287170 18.211472 58.012627
v 95.424095 18.211472 57.402779
v 97.287170 23.211473 58.012627
v 95.424095 23.211473 57.402779
v 93.477844 23.211473 57.168121
v 93.477844 18.211472 57.168121
v 91.523216 18.211472 57.317661
v 89.635323 18.211472 57.845669
v 87.886703 18.211472 58.731827
v 89.635323 23.211473 57.845669
v 87.886703 23.211473 58.731827
v 86.344574 23.211473 59.942101
v 85.068176 23.211473 61.429977
v 86.344574 18.211472 59.942101
v 85.068176 18.211472 61.429977
v 84.106590 18.211472 63.138275
v 83.496742 18.211472 65.001343
v 84.106590 23.211473 63.138275
v 83.496742 23.211473 65.001343
v 83.262085 23.211473 66.947594
v 83.411621 23.211473 68.902222
v 83.262085 18.211472 66.947594
v 83.411621 18.211472 68.902222
v 83.939629 18.211472 70.790115
v 84.825790 18.211472 72.538734
v 83.939629 23.211473 70.790115
v 84.825790 23.211473 72.538734
v 87.523941 32.799774 75.357262
v 86.036072 32.799774 74.080872
v 87.523941 37.799774 75.357262
v 89.232239 32.799774 76.318855
v 91.095314 32.799774 76.928696
v 89.232239 37.799774 76.318855
v 91.095314 37.799774 76.928696
v 93.041557 37.799774 77.163361
v 94.996185 37.799774 77.013817
v 93.041557 32.799774 77.163361
v 94.996185 32.799774 77.013817
v 96.884087 32.799774 76.485825
v 98.632706 32.799774 75.599655
v 96.884087 37.799774 76.485825
v 98.632706 37.799774 75.599655
v 100.174835 37.799774 74.389381
v 101.451225 37.799774 72.901512
v 100.174835 32.799774 74.389381
v 101.451225 32.799774 72.901512
v 102.412819 32.799774 71.193207
v 103.022667 32.799774 69.330139
v 102.412819 37.799774 71.193207
v 103.022667 37.799774 69.330139
v 103.257317 37.799774 67.383888
v 103.107773 37.799774 65.429260
v 103.257317 32.799774 67.383888
v 103.107773 32.799774 65.429260
v 102.579773 32.799774 63.541359
v 101.693611 32.799774 61.792740
v 102.579773 37.799774 63.541359
v 101.693611 37.799774 61.792740
v 100.483337 37.799774 60.250610
v 98.995461 37.799774 58.974220
v 100.483337 32.799774 60.250610
v 98.995461 32.799774 58.974220
v 97.287170 32.799774 58.012627
v 95.424095 32.799774 57.402779
v 97.287170 37.799774 58.012627
v 95.424095 37.799774 57.402779
v 93.477844 37.799774 57.168121
v 91.523216 37.799774 57.317661
v 93.477844 32.799774 57.168121
v 91.523216 32.799774 57.317661
v 89.635323 32.799774 57.845669
v 87.886703 32.799774 58.731827
v 89.635323 37.799774 57.845669
v 87.886703 37.799774 58.731827
v 86.344574 37.799774 59.942101
v 85.068176 37.799774 61.429977
v 86.344574 32.799774 59.942101
v 85.068176 32.799774 61.429977
v 84.106590 32.799774 63.138275
v 83.496742 32.799774 65.001343
v 84.106590 37.799774 63.138275
v 83.496742 37.799774 65.001343
v 83.262085 37.799774 66.947594
v 83.411621 37.799774 68.902222
v 83.262085 32.799774 66.947594
v 83.411621 32.799774 68.902222
v 83.939629 32.799774 70.790115
v 84.825790 32.799774 72.538734
v 83.939629 37.799774 70.790115
v 84.825790 37.799774 72.538734
v 86.036072 37.799774 74.080872
v 87.523941 -5.676453 75.357262
v 89.232239 -5.676453 76.318855
v 91.095314 -5.676453 76.928696
v 93.041557 -5.676453 77.163361
v 94.996185 -5.676453 77.013817
v 96.884087 -5.676453 76.485825
v 98.632706 -5.676453 75.599655
v 100.174835 -5.676453 74.389381
v 101.451225 -5.676453 72.901512
v 102.412819 -5.676453 71.193207
v 103.022667 -5.676453 69.330139
v 103.257317 -5.676453 67.383888
v 103.107773 -5.676453 65.429260
v 102.579773 -5.676453 63.541359
v 101.693611 -5.676453 61.792740
v 100.483337 -5.676453 60.250610
v 98.995461 -5.676453 58.974220
v 97.287170 -10.676453 58.012627
v 95.424095 -10.676453 57.402779
v 97.287170 -5.676453 58.012627
v 95.424095 -5.676453 57.402779
v 93.477844 -5.676453 57.168121
v 91.523216 -5.676453 57.317661
v 93.477844 -10.676453 57.168121
v 91.523216 -10.676453 57.317661
v 89.635323 -10.676453 57.845669
v 87.886703 -10.676453 58.731827
v 89.635323 -5.676453 57.845669
v 87.886703 -5.676453 58.731827
v 86.344574 -5.676453 59.942101
v 85.068176 -5.676453 61.429977
v 86.344574 -10.676453 59.942101
v 85.068176 -10.676453 61.429977
v 84.106590 -10.676453 63.138275
v 83.496742 -10.676453 65.001343
v 84.106590 -5.676453 63.138275
v 83.496742 -5.676453 65.001343
v 83.262085 -5.676453 66.947594
v 83.411621 -5.676453 68.902222
v 83.262085 -10.676453 66.947594
v 83.411621 -10.676453 68.902222
v 83.939629 -10.676453 70.790115
v 84.825790 -10.676453 72.538734
v 83.939629 -5.676453 70.790115
v 84.825790 -5.676453 72.538734
v 86.036072 -5.676453 74.080872
v 118.662666 -20.264755 9.900795
v 116.711769 -20.264755 9.708649
v 114.835831 -25.264755 9.139595
v 114.835831 -20.264755 9.139595
v 113.106972 -25.264755 8.215492
v 113.106972 -20.264755 8.215492
v 111.591599 -25.264755 6.971863
v 111.591599 -20.264755 6.971863
v 110.347977 -25.264755 5.456505
v 110.347977 -20.264755 5.456505
v 109.423874 -25.264755 3.727638
v 109.423874 -20.264755 3.727638
v 108.854813 -25.264755 1.851707
v 108.854813 -20.264755 1.851707
v 108.662674 -25.264755 -0.099205
v 108.662674 -20.264755 -0.099205
v 108.854813 -25.264755 -2.050110
v 108.854813 -20.264755 -2.050110
v 109.423874 -25.264755 -3.926033
v 109.423874 -20.264755 -3.926033
v 110.347977 -25.264755 -5.654907
v 110.347977 -20.264755 -5.654907
v 111.591599 -25.264755 -7.170265
v 111.591599 -20.264755 -7.170265
v 113.106972 -25.264755 -8.413895
v 113.106972 -20.264755 -8.413895
v 114.835831 -25.264755 -9.338005
v 114.835831 -20.264755 -9.338005
v 116.711769 -20.264755 -9.907051
v 118.662666 -20.264755 -10.099197
v 120.613564 -20.264755 -9.907051
v 122.489502 -20.264755 -9.338005
v 124.218384 -20.264755 -8.413895
v 125.733742 -20.264755 -7.170265
v 126.977356 -20.264755 -5.654900
v 127.901474 -20.264755 -3.926033
v 128.470535 -20.264755 -2.050102
v 128.662659 -20.264755 -0.099205
v 128.470535 -20.264755 1.851707
v 127.901459 -20.264755 3.727646
v 126.977356 -20.264755 5.456505
v 125.733742 -20.264755 6.971863
v 124.218369 -20.264755 8.215492
v 122.489502 -20.264755 9.139595
v 120.613564 -20.264755 9.708649
v 103.668037 -20.264755 -59.715103
v 102.012405 -20.264755 -58.665421
v 100.183807 -25.264755 -57.958908
v 100.183807 -20.264755 -57.958908
v 98.252510 -25.264755 -57.622711
v 98.252510 -20.264755 -57.622711
v 96.292725 -25.264755 -57.669739
v 96.292725 -20.264755 -57.669739
v 94.379776 -25.264755 -58.098206
v 94.379776 -20.264755 -58.098206
v 92.587189 -25.264755 -58.891632
v 92.587189 -20.264755 -58.891632
v 90.983833 -25.264755 -60.019531
v 90.983833 -20.264755 -60.019531
v 89.631325 -25.264755 -61.438568
v 89.631325 -20.264755 -61.438568
v 88.581635 -25.264755 -63.094208
v 88.581635 -20.264755 -63.094208
v 87.875114 -25.264755 -64.922806
v 87.875114 -20.264755 -64.922806
v 87.538933 -25.264755 -66.854095
v 87.538933 -20.264755 -66.854095
v 87.585960 -25.264755 -68.813873
v 87.585960 -20.264755 -68.813873
v 88.014435 -25.264755 -70.726837
v 88.014435 -20.264755 -70.726837
v 88.807861 -25.264755 -72.519440
v 88.807861 -20.264755 -72.519440
v 89.935776 -20.264755 -74.122803
v 91.354813 -20.264755 -75.475311
v 93.010437 -20.264755 -76.524979
v 94.839035 -20.264755 -77.231522
v 96.770348 -20.264755 -77.567703
v 98.730118 -20.264755 -77.520660
v 100.643059 -20.264755 -77.092178
v 102.435661 -20.264755 -76.298752
v 104.039024 -20.264755 -75.170853
v 105.391518 -20.264755 -73.751816
v 106.441216 -20.264755 -72.096191
v 107.147728 -20.264755 -70.267593
v 107.483925 -20.264755 -68.336288
v 107.436874 -20.264755 -66.376511
v 107.008408 -20.264755 -64.463562
v 106.214973 -20.264755 -62.670959
v 105.087074 -20.264755 -61.067596
v 50.465366 -20.264755 -104.903351
v 49.774841 -20.264755 -103.068634
v 48.739643 -25.264755 -101.403931
v 48.739643 -20.264755 -101.403931
v 47.399574 -25.264755 -99.973145
v 47.399574 -20.264755 -99.973145
v 45.806118 -25.264755 -98.831268
v 45.806118 -20.264755 -98.831268
v 44.020512 -25.264755 -98.022217
v 44.020512 -20.264755 -98.022217
v 42.111362 -25.264755 -97.577072
v 42.111362 -20.264755 -97.577072
v 40.152081 -25.264755 -97.512939
v 40.152081 -20.264755 -97.512939
v 38.217911 -25.264755 -97.832275
v 38.217911 -20.264755 -97.832275
v 36.383236 -25.264755 -98.522812
v 36.383236 -20.264755 -98.522812
v 34.718502 -25.264755 -99.557999
v 34.718502 -20.264755 -99.557999
v 33.287712 -25.264755 -100.898071
v 33.287712 -20.264755 -100.898071
v 32.145855 -25.264755 -102.491531
v 32.145855 -20.264755 -102.491531
v 31.336809 -25.264755 -104.277130
v 31.336809 -20.264755 -104.277130
v 30.891668 -25.264755 -106.186279
v 30.891668 -20.264755 -106.186279
v 30.827518 -25.264755 -108.145554
v 30.827518 -20.264755 -108.145554
v 31.146849 -20.264755 -110.079712
v 31.837391 -20.264755 -111.914413
v 32.872581 -20.264755 -113.579163
v 34.212646 -20.264755 -115.009918
v 35.806114 -20.264755 -116.151794
v 37.591717 -20.264755 -116.960815
v 39.500839 -20.264755 -117.405975
v 41.460148 -20.264755 -117.470108
v 43.394299 -20.264755 -117.150787
v 45.228992 -20.264755 -116.460281
v 46.893719 -20.264755 -115.425079
v 48.324512 -20.264755 -114.084991
v 49.466354 -20.264755 -112.491516
v 50.275417 -20.264755 -110.705917
v 50.720562 -20.264755 -108.796814
v 50.784691 -20.264755 -106.837494
v -24.045586 -20.264755 -111.734863
v -23.557690 -20.264755 -109.836182
v -23.449589 -25.264755 -107.878845
v -23.449589 -20.264755 -107.878845
v -23.725437 -25.264755 -105.937988
v -23.725437 -20.264755 -105.937988
v -24.374603 -25.264755 -104.088257
v -24.374603 -20.264755 -104.088257
v -25.372185 -25.264755 -102.400711
v -25.372185 -20.264755 -102.400711
v -26.679789 -25.264755 -100.940216
v -26.679789 -20.264755 -100.940216
v -28.247217 -25.264755 -99.762894
v -28.247217 -20.264755 -99.762894
v -30.014215 -25.264755 -98.913940
v -30.014215 -20.264755 -98.913940
v -31.912874 -25.264755 -98.426056
v -31.912874 -20.264755 -98.426056
v -33.870235 -25.264755 -98.317963
v -33.870235 -20.264755 -98.317963
v -35.811077 -25.264755 -98.593811
v -35.811077 -20.264755 -98.593811
v -37.660816 -25.264755 -99.242981
v -37.660816 -20.264755 -99.242981
v -39.348354 -25.264755 -100.240540
v -39.348354 -20.264755 -100.240540
v -40.808872 -25.264755 -101.548172
v -40.808872 -20.264755 -101.548172
v -41.986195 -25.264755 -103.115601
v -41.986195 -20.264755 -103.115601
v -42.835117 -20.264755 -104.882614
v -43.323002 -20.264755 -106.781250
v -43.431126 -20.264755 -108.738617
v -43.155262 -20.264755 -110.679459
v -42.506100 -20.264755 -112.529190
v -41.508518 -20.264755 -114.216736
v -40.200893 -20.264755 -115.677231
v -38.633472 -20.264755 -116.854553
v -36.866474 -20.264755 -117.703476
v -34.967808 -20.264755 -118.191360
v -33.010456 -20.264755 -118.299484
v -31.069605 -20.264755 -118.023636
v -29.219896 -20.264755 -117.374451
v -27.532335 -20.264755 -116.376892
v -26.071840 -20.264755 -115.069275
v -24.894508 -20.264755 -113.501846
v -87.936195 -20.264755 -75.241867
v -86.459702 -20.264755 -73.952332
v -85.263168 -25.264755 -72.399521
v -85.263168 -20.264755 -72.399521
v -84.392555 -25.264755 -70.643127
v -84.392555 -20.264755 -70.643127
v -83.881317 -25.264755 -68.750610
v -83.881317 -20.264755 -68.750610
v -83.749123 -25.264755 -66.794739
v -83.749123 -20.264755 -66.794739
v -84.001030 -25.264755 -64.850632
v -84.001030 -20.264755 -64.850632
v -84.627388 -25.264755 -62.993057
v -84.627388 -20.264755 -62.993057
v -85.604111 -25.264755 -61.293350
v -85.604111 -20.264755 -61.293350
v -86.893639 -25.264755 -59.816864
v -86.893639 -20.264755 -59.816864
v -88.446442 -25.264755 -58.620316
v -88.446442 -20.264755 -58.620316
v -90.202866 -25.264755 -57.749710
v -90.202866 -20.264755 -57.749710
v -92.095375 -25.264755 -57.238480
v -92.095375 -20.264755 -57.238480
v -94.051239 -25.264755 -57.106277
v -94.051239 -20.264755 -57.106277
v -95.995338 -25.264755 -57.358200
v -95.995338 -20.264755 -57.358200
v -97.852921 -25.264755 -57.984543
v -97.852921 -20.264755 -57.984543
v -99.552620 -20.264755 -58.961258
v -101.029114 -20.264755 -60.250793
v -102.225662 -20.264755 -61.803589
v -103.096260 -20.264755 -63.560013
v -103.607491 -20.264755 -65.452499
v -103.739693 -20.264755 -67.408401
v -103.487785 -20.264755 -69.352478
v -102.861450 -20.264755 -71.210083
v -101.884720 -20.264755 -72.909775
v -100.595200 -20.264755 -74.386276
v -99.042374 -20.264755 -75.582809
v -97.285957 -20.264755 -76.453430
v -95.393448 -20.264755 -76.964676
v -93.437561 -20.264755 -77.096863
v -91.493484 -20.264755 -76.844940
v -89.635902 -20.264755 -76.218597
v -119.327774 -20.264755 -9.278847
v -117.380058 -20.264755 -9.056625
v -115.513115 -25.264755 -8.458672
v -115.513115 -20.264755 -8.458672
v -113.798721 -25.264755 -7.508011
v -113.798721 -20.264755 -7.508011
v -112.302727 -25.264755 -6.241158
v -112.302727 -20.264755 -6.241158
v -111.082626 -25.264755 -4.706779
v -111.082626 -20.264755 -4.706779
v -110.185318 -25.264755 -2.963860
v -110.185318 -20.264755 -2.963860
v -109.645271 -25.264755 -1.079384
v -109.645271 -20.264755 -1.079384
v -109.483246 -25.264755 0.874260
v -109.483246 -20.264755 0.874260
v -109.705467 -25.264755 2.821976
v -109.705467 -20.264755 2.821976
v -110.303398 -25.264755 4.688896
v -110.303398 -20.264755 4.688896
v -111.254082 -25.264755 6.403290
v -111.254082 -20.264755 6.403290
v -112.520920 -25.264755 7.899300
v -112.520920 -20.264755 7.899300
v -114.055298 -25.264755 9.119392
v -114.055298 -20.264755 9.119392
v -115.798233 -25.264755 10.016716
v -115.798233 -20.264755 10.016716
v -117.682709 -20.264755 10.556740
v -119.636353 -20.264755 10.718773
v -121.584053 -20.264755 10.496544
v -123.450996 -20.264755 9.898636
v -125.165413 -20.264755 8.947960
v -126.661385 -20.264755 7.681099
v -127.881493 -20.264755 6.146721
v -128.778809 -20.264755 4.403809
v -129.318832 -20.264755 2.519310
v -129.480850 -20.264755 0.565689
v -129.258636 -20.264755 -1.382027
v -128.660706 -20.264755 -3.248962
v -127.710045 -20.264755 -4.963364
v -126.443169 -20.264755 -6.459358
v -124.908806 -20.264755 -7.679459
v -123.165901 -20.264755 -8.576775
v -121.281395 -20.264755 -9.116821
v -103.865524 -20.264755 59.044868
v -102.207458 -20.264755 57.998989
v -100.377228 -25.264755 57.296692
v -100.377228 -20.264755 57.296692
v -98.445168 -25.264755 56.964947
v -98.445168 -20.264755 56.964947
v -96.485504 -25.264755 57.016502
v -96.485504 -20.264755 57.016502
v -94.573540 -25.264755 57.449379
v -94.573540 -20.264755 57.449379
v -92.782791 -25.264755 58.246933
v -92.782791 -20.264755 58.246933
v -91.182037 -25.264755 59.378532
v -91.182037 -20.264755 59.378532
v -89.832802 -25.264755 60.800686
v -89.832802 -20.264755 60.800686
v -88.786934 -25.264755 62.458725
v -88.786934 -20.264755 62.458725
v -88.084633 -25.264755 64.288940
v -88.084633 -20.264755 64.288940
v -87.752892 -25.264755 66.221024
v -87.752892 -20.264755 66.221024
v -87.804436 -25.264755 68.180687
v -87.804436 -20.264755 68.180687
v -88.237312 -25.264755 70.092628
v -88.237312 -20.264755 70.092628
v -89.034859 -25.264755 71.883400
v -89.034859 -20.264755 71.883400
v -90.166458 -20.264755 73.484161
v -91.588593 -20.264755 74.833397
v -93.246658 -20.264755 75.879257
v -95.076866 -20.264755 76.581566
v -97.008949 -20.264755 76.913315
v -98.968613 -20.264755 76.861755
v -100.880554 -20.264755 76.428879
v -102.671326 -20.264755 75.631317
v -104.272102 -20.264755 74.499725
v -105.621315 -20.264755 73.077576
v -106.667191 -20.264755 71.419540
v -107.369499 -20.264755 69.589310
v -107.701218 -20.264755 67.657242
v -107.649696 -20.264755 65.697571
v -107.216812 -20.264755 63.785633
v -106.419250 -20.264755 61.994862
v -105.287659 -20.264755 60.394108
v -50.940422 -20.264755 104.499435
v -50.254333 -20.264755 102.663071
v -49.223167 -25.264755 100.995842
v -49.223167 -20.264755 100.995842
v -47.886566 -25.264755 99.561821
v -47.886566 -20.264755 99.561821
v -46.295860 -25.264755 98.416122
v -46.295860 -20.264755 98.416122
v -44.512230 -25.264755 97.602745
v -44.512230 -20.264755 97.602745
v -42.604179 -25.264755 97.152977
v -42.604179 -20.264755 97.152977
v -40.645042 -25.264755 97.084099
v -40.645042 -20.264755 97.084099
v -38.710121 -25.264755 97.398750
v -38.710121 -20.264755 97.398750
v -36.873756 -25.264755 98.084839
v -36.873756 -20.264755 98.084839
v -35.206535 -25.264755 99.115997
v -35.206535 -20.264755 99.115997
v -33.772499 -25.264755 100.452614
v -33.772499 -20.264755 100.452614
v -32.626793 -25.264755 102.043304
v -32.626793 -20.264755 102.043304
v -31.813429 -25.264755 103.826958
v -31.813429 -20.264755 103.826958
v -31.363661 -25.264755 105.735001
v -31.363661 -20.264755 105.735001
v -31.294783 -25.264755 107.694130
v -31.294783 -20.264755 107.694130
v -31.609434 -20.264755 109.629059
v -32.295525 -20.264755 111.465416
v -33.326691 -20.264755 113.132645
v -34.663292 -20.264755 114.566666
v -36.253990 -20.264755 115.712372
v -38.037643 -20.264755 116.525734
v -39.945679 -20.264755 116.975510
v -41.904831 -20.264755 117.044388
v -43.839752 -20.264755 116.729729
v -45.676117 -20.264755 116.043648
v -47.343338 -20.264755 115.012482
v -48.777351 -20.264755 113.675880
v -49.923065 -20.264755 112.085175
v -50.736420 -20.264755 110.301544
v -51.186195 -20.264755 108.393494
v -51.255074 -20.264755 106.434357
v 27.545395 75.917862 115.670624
v 26.057526 75.917862 114.394234
v 29.253695 75.917862 116.632217
v 31.116764 75.917862 117.242058
v 33.063007 75.917862 117.476723
v 35.017643 75.917862 117.327179
v 36.905540 75.917862 116.799179
v 38.654156 75.917862 115.913017
v 40.196289 75.917862 114.702736
v 41.472687 75.917862 113.214867
v 42.434273 75.917862 111.506561
v 43.044121 75.917862 109.643494
v 43.278778 75.917862 107.697250
v 43.129234 75.917862 105.742615
v 42.601242 75.917862 103.854713
v 41.715080 75.917862 102.106102
v 41.715080 80.917862 102.106102
v 40.504803 80.917862 100.563965
v 39.016922 80.917862 99.287582
v 40.504803 75.917862 100.563965
v 39.016922 75.917862 99.287582
v 37.308632 75.917862 98.325989
v 35.445557 75.917862 97.716133
v 37.308632 80.917862 98.325989
v 35.445557 80.917862 97.716133
v 33.499306 80.917862 97.481476
v 31.544680 80.917862 97.631020
v 33.499306 75.917862 97.481476
v 31.544680 75.917862 97.631020
v 29.656782 75.917862 98.159019
v 27.908171 75.917862 99.045181
v 29.656782 80.917862 98.159019
v 27.908171 80.917862 99.045181
v 26.366034 80.917862 100.255463
v 25.089640 80.917862 101.743332
v 26.366034 75.917862 100.255463
v 25.089640 75.917862 101.743332
v 24.128052 75.917862 103.451637
v 23.518208 75.917862 105.314705
v 24.128052 80.917862 103.451637
v 23.518208 80.917862 105.314705
v 23.283546 80.917862 107.260956
v 23.283546 75.917862 107.260956
v 23.433086 75.917862 109.215576
v 23.961082 75.917862 111.103477
v 24.847244 75.917862 112.852089
v 27.545406 -20.264755 115.670624
v 26.057531 -20.264755 114.394241
v 24.847256 -20.264755 112.852104
v 23.961094 -20.264755 111.103493
v 23.433098 -25.264755 109.215591
v 23.433098 -20.264755 109.215591
v 23.283552 -25.264755 107.260963
v 23.283552 -20.264755 107.260963
v 23.518208 -25.264755 105.314713
v 23.518208 -20.264755 105.314713
v 24.128057 -25.264755 103.451637
v 24.128057 -20.264755 103.451637
v 25.089651 -25.264755 101.743340
v 25.089651 -20.264755 101.743340
v 26.366045 -25.264755 100.255463
v 26.366045 -20.264755 100.255463
v 27.908171 -25.264755 99.045189
v 27.908171 -20.264755 99.045189
v 29.656794 -25.264755 98.159027
v 29.656794 -20.264755 98.159027
v 31.544691 -25.264755 97.631027
v 31.544691 -20.264755 97.631027
v 33.499317 -25.264755 97.481483
v 33.499317 -20.264755 97.481483
v 35.445568 -25.264755 97.716141
v 35.445568 -20.264755 97.716141
v 37.308640 -25.264755 98.325989
v 37.308640 -20.264755 98.325989
v 39.016933 -25.264755 99.287590
v 39.016933 -20.264755 99.287590
v 40.504807 -25.264755 100.563972
v 40.504807 -20.264755 100.563972
v 41.715088 -25.264755 102.106110
v 41.715088 -20.264755 102.106110
v 42.601250 -20.264755 103.854721
v 43.129250 -20.264755 105.742622
v 43.278786 -20.264755 107.697250
v 43.044128 -20.264755 109.643501
v 42.434280 -20.264755 111.506577
v 41.472687 -20.264755 113.214867
v 40.196297 -20.264755 114.702751
v 38.654160 -20.264755 115.913017
v 36.905544 -20.264755 116.799179
v 35.017654 -20.264755 117.327179
v 33.063019 -20.264755 117.476730
v 31.116776 -20.264755 117.242065
v 29.253700 -20.264755 116.632225
v 27.545395 18.211472 115.670624
v 26.057526 18.211472 114.394234
v 27.545395 23.211473 115.670624
v 29.253695 18.211472 116.632217
v 31.116764 18.211472 117.242058
v 29.253695 23.211473 116.632217
v 31.116764 23.211473 117.242058
v 33.063007 23.211473 117.476723
v 35.017643 23.211473 117.327179
v 33.063007 18.211472 117.476723
v 35.017643 18.211472 117.327179
v 36.905540 18.211472 116.799179
v 38.654156 18.211472 115.913017
v 36.905540 23.211473 116.799179
v 38.654156 23.211473 115.913017
v 40.196289 23.211473 114.702736
v 41.472687 23.211473 113.214867
v 40.196289 18.211472 114.702736
v 41.472687 18.211472 113.214867
v 42.434273 18.211472 111.506561
v 43.044121 18.211472 109.643494
v 42.434273 23.211473 111.506561
v 43.044121 23.211473 109.643494
v 43.278778 23.211473 107.697250
v 43.129234 23.211473 105.742615
v 43.278778 18.211472 107.697250
v 43.129234 18.211472 105.742615
v 42.601242 18.211472 103.854713
v 41.715080 18.211472 102.106102
v 42.601242 23.211473 103.854713
v 41.715080 23.211473 102.106102
v 40.504803 23.211473 100.563965
v 39.016922 23.211473 99.287582
v 40.504803 18.211472 100.563965
v 39.016922 18.211472 99.287582
v 37.308632 18.211472 98.325989
v 35.445557 18.211472 97.716133
v 37.308632 23.211473 98.325989
v 35.445557 23.211473 97.716133
v 33.499306 23.211473 97.481476
v 31.544680 23.211473 97.631020
v 33.499306 18.211472 97.481476
v 31.544680 18.211472 97.631020
v 29.656782 18.211472 98.159019
v 27.908171 18.211472 99.045181
v 29.656782 23.211473 98.159019
v 27.908171 23.211473 99.045181
v 26.366034 23.211473 100.255463
v 25.089640 23.211473 101.743332
v 26.366034 18.211472 100.255463
v 25.089640 18.211472 101.743332
v 24.128052 18.211472 103.451637
v 23.518208 18.211472 105.314705
v 24.128052 23.211473 103.451637
v 23.518208 23.211473 105.314705
v 23.283546 23.211473 107.260956
v 23.433086 23.211473 109.215576
v 23.283546 18.211472 107.260956
v 23.433086 18.211472 109.215576
v 23.961082 18.211472 111.103477
v 24.847244 18.211472 112.852089
v 23.961082 23.211473 111.103477
v 24.847244 23.211473 112.852089
v 26.057526 23.211473 114.394234
v 27.545395 32.799774 115.670624
v 26.057526 32.799774 114.394234
v 27.545395 37.799774 115.670624
v 29.253695 32.799774 116.632217
v 31.116764 32.799774 117.242058
v 29.253695 37.799774 116.632217
v 31.116764 37.799774 117.242058
v 33.063007 37.799774 117.476723
v 35.017643 37.799774 117.327179
v 33.063007 32.799774 117.476723
v 35.017643 32.799774 117.327179
v 36.905540 32.799774 116.799179
v 38.654156 32.799774 115.913017
v 36.905540 37.799774 116.799179
v 38.654156 37.799774 115.913017
v 40.196289 37.799774 114.702736
v 41.472687 37.799774 113.214867
v 40.196289 32.799774 114.702736
v 41.472687 32.799774 113.214867
v 42.434273 32.799774 111.506561
v 43.044121 32.799774 109.643494
v 42.434273 37.799774 111.506561
v 43.044121 37.799774 109.643494
v 43.278778 37.799774 107.697250
v 43.129234 37.799774 105.742615
v 43.278778 32.799774 107.697250
v 43.129234 32.799774 105.742615
v 42.601242 32.799774 103.854713
v 41.715080 32.799774 102.106102
v 42.601242 37.799774 103.854713
v 41.715080 37.799774 102.106102
v 40.504803 37.799774 100.563965
v 39.016922 37.799774 99.287582
v 40.504803 32.799774 100.563965
v 39.016922 32.799774 99.287582
v 37.308632 32.799774 98.325989
v 35.445557 32.799774 97.716133
v 37.308632 37.799774 98.325989
v 35.445557 37.799774 97.716133
v 33.499306 37.799774 97.481476
v 31.544680 37.799774 97.631020
v 33.499306 32.799774 97.481476
v 31.544680 32.799774 97.631020
v 29.656782 32.799774 98.159019
v 27.908171 32.799774 99.045181
v 29.656782 37.799774 98.159019
v 27.908171 37.799774 99.045181
v 26.366034 37.799774 100.255463
v 25.089640 37.799774 101.743332
v 26.366034 32.799774 100.255463
v 25.089640 32.799774 101.743332
v 24.128052 32.799774 103.451637
v 23.518208 32.799774 105.314705
v 24.128052 37.799774 103.451637
v 23.518208 37.799774 105.314705
v 23.283546 37.799774 107.260956
v 23.433086 37.799774 109.215576
v 23.283546 32.799774 107.260956
v 23.433086 32.799774 109.215576
v 23.961082 32.799774 111.103477
v 24.847244 32.799774 112.852089
v 23.961082 37.799774 111.103477
v 24.847244 37.799774 112.852089
v 26.057526 37.799774 114.394234
v 27.545395 -5.676453 115.670624
v 29.253695 -5.676453 116.632217
v 31.116764 -5.676453 117.242058
v 33.063007 -5.676453 117.476723
v 35.017643 -5.676453 117.327179
v 36.905540 -5.676453 116.799179
v 38.654156 -5.676453 115.913017
v 40.196289 -5.676453 114.702736
v 41.472687 -5.676453 113.214867
v 42.434273 -5.676453 111.506561
v 43.044121 -5.676453 109.643494
v 43.278778 -5.676453 107.697250
v 43.129234 -5.676453 105.742615
v 41.715080 -10.676453 102.106102
v 42.601242 -5.676453 103.854713
v 41.715080 -5.676453 102.106102
v 40.504803 -5.676453 100.563965
v 39.016922 -5.676453 99.287582
v 40.504803 -10.676453 100.563965
v 39.016922 -10.676453 99.287582
v 37.308632 -10.676453 98.325989
v 35.445557 -10.676453 97.716133
v 37.308632 -5.676453 98.325989
v 35.445557 -5.676453 97.716133
v 33.499306 -5.676453 97.481476
v 31.544680 -5.676453 97.631020
v 33.499306 -10.676453 97.481476
v 31.544680 -10.676453 97.631020
v 29.656782 -10.676453 98.159019
v 27.908171 -10.676453 99.045181
v 29.656782 -5.676453 98.159019
v 27.908171 -5.676453 99.045181
v 26.366034 -5.676453 100.255463
v 25.089640 -5.676453 101.743332
v 26.366034 -10.676453 100.255463
v 25.089640 -10.676453 101.743332
v 24.128052 -10.676453 103.451637
v 23.518208 -10.676453 105.314705
v 24.128052 -5.676453 103.451637
v 23.518208 -5.676453 105.314705
v 23.283546 -5.676453 107.260956
v 23.433086 -5.676453 109.215576
v 23.283546 -10.676453 107.260956
v 23.433086 -10.676453 109.215576
v 23.961082 -5.676453 111.103477
v 24.847244 -5.676453 112.852089
v 26.057526 -5.676453 114.394234
v 118.662659 18.211472 9.900795
v 116.711761 18.211472 9.708649
v 118.662659 23.211473 9.900795
v 120.613564 18.211472 9.708649
v 122.489487 18.211472 9.139595
v 120.613564 23.211473 9.708649
v 122.489487 23.211473 9.139595
v 124.218361 23.211473 8.215492
v 125.733719 23.211473 6.971863
v 124.218361 18.211472 8.215492
v 125.733719 18.211472 6.971863
v 126.977348 18.211472 5.456505
v 127.901459 18.211472 3.727646
v 126.977348 23.211473 5.456505
v 127.901459 23.211473 3.727646
v 128.470520 23.211473 1.851707
v 128.662659 23.211473 -0.099205
v 128.470520 18.211472 1.851707
v 128.662659 18.211472 -0.099205
v 128.470520 18.211472 -2.050110
v 127.901459 18.211472 -3.926033
v 128.470520 23.211473 -2.050110
v 127.901459 23.211473 -3.926033
v 126.977356 23.211473 -5.654907
v 125.733719 23.211473 -7.170265
v 126.977356 18.211472 -5.654907
v 125.733719 18.211472 -7.170265
v 124.218361 18.211472 -8.413895
v 122.489502 18.211472 -9.338005
v 124.218361 23.211473 -8.413895
v 122.489502 23.211473 -9.338005
v 120.613564 23.211473 -9.907051
v 118.662659 23.211473 -10.099197
v 120.613564 18.211472 -9.907051
v 118.662659 18.211472 -10.099197
v 116.711761 18.211472 -9.907051
v 114.835815 18.211472 -9.338005
v 116.711761 23.211473 -9.907051
v 114.835815 23.211473 -9.338005
v 113.106949 23.211473 -8.413895
v 111.591591 23.211473 -7.170265
v 113.106949 18.211472 -8.413895
v 111.591591 18.211472 -7.170265
v 110.347977 18.211472 -5.654907
v 109.423859 18.211472 -3.926033
v 110.347977 23.211473 -5.654907
v 109.423859 23.211473 -3.926033
v 108.854805 23.211473 -2.050110
v 108.662659 23.211473 -0.099205
v 108.854805 18.211472 -2.050110
v 108.662659 18.211472 -0.099205
v 108.854805 18.211472 1.851707
v 109.423859 18.211472 3.727638
v 108.854805 23.211473 1.851707
v 109.423859 23.211473 3.727638
v 110.347961 23.211473 5.456505
v 111.591591 23.211473 6.971863
v 110.347961 18.211472 5.456505
v 111.591591 18.211472 6.971863
v 113.106949 18.211472 8.215492
v 114.835815 18.211472 9.139595
v 113.106949 23.211473 8.215492
v 114.835815 23.211473 9.139595
v 116.711761 23.211473 9.708649
v 118.662659 32.799774 9.900795
v 116.711761 32.799774 9.708649
v 118.662659 37.799774 9.900795
v 120.613564 32.799774 9.708649
v 122.489487 32.799774 9.139595
v 120.613564 37.799774 9.708649
v 122.489487 37.799774 9.139595
v 124.218361 37.799774 8.215492
v 125.733719 37.799774 6.971863
v 124.218361 32.799774 8.215492
v 125.733719 32.799774 6.971863
v 126.977348 32.799774 5.456505
v 127.901459 32.799774 3.727646
v 126.977348 37.799774 5.456505
v 127.901459 37.799774 3.727646
v 128.470520 37.799774 1.851707
v 128.662659 37.799774 -0.099205
v 128.470520 32.799774 1.851707
v 128.662659 32.799774 -0.099205
v 128.470520 32.799774 -2.050110
v 127.901459 32.799774 -3.926033
v 128.470520 37.799774 -2.050110
v 127.901459 37.799774 -3.926033
v 126.977356 37.799774 -5.654907
v 125.733719 37.799774 -7.170265
v 126.977356 32.799774 -5.654907
v 125.733719 32.799774 -7.170265
v 124.218361 32.799774 -8.413895
v 122.489502 32.799774 -9.338005
v 124.218361 37.799774 -8.413895
v 122.489502 37.799774 -9.338005
v 120.613564 37.799774 -9.907051
v 118.662659 37.799774 -10.099197
v 120.613564 32.799774 -9.907051
v 118.662659 32.799774 -10.099197
v 116.711761 32.799774 -9.907051
v 114.835815 32.799774 -9.338005
v 116.711761 37.799774 -9.907051
v 114.835815 37.799774 -9.338005
v 113.106949 37.799774 -8.413895
v 111.591591 37.799774 -7.170265
v 113.106949 32.799774 -8.413895
v 111.591591 32.799774 -7.170265
v 110.347977 32.799774 -5.654907
v 109.423859 32.799774 -3.926033
v 110.347977 37.799774 -5.654907
v 109.423859 37.799774 -3.926033
v 108.854805 37.799774 -2.050110
v 108.662659 37.799774 -0.099205
v 108.854805 32.799774 -2.050110
v 108.662659 32.799774 -0.099205
v 108.854805 32.799774 1.851707
v 109.423859 32.799774 3.727638
v 108.854805 37.799774 1.851707
v 109.423859 37.799774 3.727638
v 110.347961 37.799774 5.456505
v 111.591591 37.799774 6.971863
v 110.347961 32.799774 5.456505
v 111.591591 32.799774 6.971863
v 113.106949 32.799774 8.215492
v 114.835815 32.799774 9.139595
v 113.106949 37.799774 8.215492
v 114.835815 37.799774 9.139595
v 116.711761 37.799774 9.708649
v 118.662659 -5.676453 9.900795
v 120.613564 -5.676453 9.708649
v 122.489487 -5.676453 9.139595
v 124.218361 -5.676453 8.215492
v 125.733719 -5.676453 6.971863
v 126.977348 -5.676453 5.456505
v 127.901459 -5.676453 3.727646
v 128.470520 -5.676453 1.851707
v 128.662659 -5.676453 -0.099205
v 128.470520 -5.676453 -2.050110
v 127.901459 -5.676453 -3.926033
v 126.977356 -5.676453 -5.654907
v 125.733719 -5.676453 -7.170265
v 124.218361 -5.676453 -8.413895
v 122.489502 -5.676453 -9.338005
v 120.613564 -5.676453 -9.907051
v 118.662659 -5.676453 -10.099197
v 114.835815 -10.676453 -9.338005
v 116.711761 -5.676453 -9.907051
v 114.835815 -5.676453 -9.338005
v 113.106949 -5.676453 -8.413895
v 111.591591 -5.676453 -7.170265
v 113.106949 -10.676453 -8.413895
v 111.591591 -10.676453 -7.170265
v 110.347977 -10.676453 -5.654907
v 109.423859 -10.676453 -3.926033
v 110.347977 -5.676453 -5.654907
v 109.423859 -5.676453 -3.926033
v 108.854805 -5.676453 -2.050110
v 108.662659 -5.676453 -0.099205
v 108.854805 -10.676453 -2.050110
v 108.662659 -10.676453 -0.099205
v 108.854805 -10.676453 1.851707
v 109.423859 -10.676453 3.727638
v 108.854805 -5.676453 1.851707
v 109.423859 -5.676453 3.727638
v 110.347961 -5.676453 5.456505
v 111.591591 -5.676453 6.971863
v 110.347961 -10.676453 5.456505
v 111.591591 -10.676453 6.971863
v 113.106949 -10.676453 8.215492
v 114.835815 -10.676453 9.139595
v 113.106949 -5.676453 8.215492
v 114.835815 -5.676453 9.139595
v 116.711761 -5.676453 9.708649
v 118.662659 75.917862 9.900795
v 116.711761 75.917862 9.708649
v 120.613564 75.917862 9.708649
v 122.489487 75.917862 9.139595
v 124.218361 75.917862 8.215492
v 125.733719 75.917862 6.971863
v 126.977348 75.917862 5.456505
v 127.901459 75.917862 3.727646
v 128.470520 75.917862 1.851707
v 128.662659 75.917862 -0.099205
v 128.470520 75.917862 -2.050110
v 127.901459 75.917862 -3.926033
v 126.977356 75.917862 -5.654907
v 125.733719 75.917862 -7.170265
v 124.218361 75.917862 -8.413895
v 122.489502 75.917862 -9.338005
v 120.613564 75.917862 -9.907051
v 118.662659 75.917862 -10.099197
v 116.711761 75.917862 -9.907051
v 114.835815 75.917862 -9.338005
v 114.835815 80.917862 -9.338005
v 113.106949 80.917862 -8.413895
v 111.591591 80.917862 -7.170265
v 113.106949 75.917862 -8.413895
v 111.591591 75.917862 -7.170265
v 110.347977 75.917862 -5.654907
v 109.423859 75.917862 -3.926033
v 110.347977 80.917862 -5.654907
v 109.423859 80.917862 -3.926033
v 108.854805 80.917862 -2.050110
v 108.662659 80.917862 -0.099205
v 108.854805 75.917862 -2.050110
v 108.662659 75.917862 -0.099205
v 108.854805 75.917862 1.851707
v 109.423859 75.917862 3.727638
v 108.854805 80.917862 1.851707
v 109.423859 80.917862 3.727638
v 110.347961 80.917862 5.456505
v 111.591591 80.917862 6.971863
v 110.347961 75.917862 5.456505
v 111.591591 75.917862 6.971863
v 113.106949 75.917862 8.215492
v 114.835815 75.917862 9.139595
v 113.106949 80.917862 8.215492
v 114.835815 80.917862 9.139595
v 103.668037 18.211472 -59.715088
v 102.012405 18.211472 -58.665421
v 103.668037 23.211473 -59.715088
v 105.087059 18.211472 -61.067596
v 106.214966 18.211472 -62.670959
v 105.087059 23.211473 -61.067596
v 106.214966 23.211473 -62.670959
v 107.008408 23.211473 -64.463547
v 107.436874 23.211473 -66.376495
v 107.008408 18.211472 -64.463547
v 107.436874 18.211472 -66.376495
v 107.483910 18.211472 -68.336273
v 107.147728 18.211472 -70.267563
v 107.483910 23.211473 -68.336273
v 107.147728 23.211473 -70.267563
v 106.441200 23.211473 -72.096176
v 105.391518 23.211473 -73.751816
v 106.441200 18.211472 -72.096176
v 105.391518 18.211472 -73.751816
v 104.039009 18.211472 -75.170837
v 102.435654 18.211472 -76.298752
v 104.039009 23.211473 -75.170837
v 102.435654 23.211473 -76.298752
v 100.643051 23.211473 -77.092178
v 98.730110 23.211473 -77.520660
v 100.643051 18.211472 -77.092178
v 98.730110 18.211472 -77.520660
v 96.770332 18.211472 -77.567688
v 94.839027 18.211472 -77.231506
v 96.770332 23.211473 -77.567688
v 94.839027 23.211473 -77.231506
v 93.010429 23.211473 -76.524963
v 91.354797 23.211473 -75.475296
v 93.010429 18.211472 -76.524963
v 91.354797 18.211472 -75.475296
v 89.935768 18.211472 -74.122787
v 88.807854 18.211472 -72.519409
v 89.935768 23.211473 -74.122787
v 88.807854 23.211473 -72.519409
v 88.014420 23.211473 -70.726822
v 87.585953 23.211473 -68.813873
v 88.014420 18.211472 -70.726822
v 87.585953 18.211472 -68.813873
v 87.538918 18.211472 -66.854095
v 87.875107 18.211472 -64.922791
v 87.538918 23.211473 -66.854095
v 87.875107 23.211473 -64.922791
v 88.581627 23.211473 -63.094193
v 89.631302 23.211473 -61.438568
v 88.581627 18.211472 -63.094193
v 89.631302 18.211472 -61.438568
v 90.983810 18.211472 -60.019531
v 92.587181 18.211472 -58.891632
v 90.983810 23.211473 -60.019531
v 92.587181 23.211473 -58.891632
v 94.379768 23.211473 -58.098190
v 96.292709 23.211473 -57.669724
v 94.379768 18.211472 -58.098190
v 96.292709 18.211472 -57.669724
v 98.252495 18.211472 -57.622696
v 100.183792 18.211472 -57.958893
v 98.252495 23.211473 -57.622696
v 100.183792 23.211473 -57.958893
v 102.012405 23.211473 -58.665421
v 103.668037 32.799774 -59.715088
v 102.012405 32.799774 -58.665421
v 103.668037 37.799774 -59.715088
v 105.087059 32.799774 -61.067596
v 106.214966 32.799774 -62.670959
v 105.087059 37.799774 -61.067596
v 106.214966 37.799774 -62.670959
v 107.008408 37.799774 -64.463547
v 107.436874 37.799774 -66.376495
v 107.008408 32.799774 -64.463547
v 107.436874 32.799774 -66.376495
v 107.483910 32.799774 -68.336273
v 107.147728 32.799774 -70.267563
v 107.483910 37.799774 -68.336273
v 107.147728 37.799774 -70.267563
v 106.441200 37.799774 -72.096176
v 105.391518 37.799774 -73.751816
v 106.441200 32.799774 -72.096176
v 105.391518 32.799774 -73.751816
v 104.039009 32.799774 -75.170837
v 102.435654 32.799774 -76.298752
v 104.039009 37.799774 -75.170837
v 102.435654 37.799774 -76.298752
v 100.643051 37.799774 -77.092178
v 98.730110 37.799774 -77.520660
v 100.643051 32.799774 -77.092178
v 98.730110 32.799774 -77.520660
v 96.770332 32.799774 -77.567688
v 94.839027 32.799774 -77.231506
v 96.770332 37.799774 -77.567688
v 94.839027 37.799774 -77.231506
v 93.010429 37.799774 -76.524963
v 91.354797 37.799774 -75.475296
v 93.010429 32.799774 -76.524963
v 91.354797 32.799774 -75.475296
v 89.935768 32.799774 -74.122787
v 88.807854 32.799774 -72.519409
v 89.935768 37.799774 -74.122787
v 88.807854 37.799774 -72.519409
v 88.014420 37.799774 -70.726822
v 87.585953 37.799774 -68.813873
v 88.014420 32.799774 -70.726822
v 87.585953 32.799774 -68.813873
v 87.538918 32.799774 -66.854095
v 87.875107 32.799774 -64.922791
v 87.538918 37.799774 -66.854095
v 87.875107 37.799774 -64.922791
v 88.581627 37.799774 -63.094193
v 89.631302 37.799774 -61.438568
v 88.581627 32.799774 -63.094193
v 89.631302 32.799774 -61.438568
v 90.983810 32.799774 -60.019531
v 92.587181 32.799774 -58.891632
v 90.983810 37.799774 -60.019531
v 92.587181 37.799774 -58.891632
v 94.379768 37.799774 -58.098190
v 96.292709 37.799774 -57.669724
v 94.379768 32.799774 -58.098190
v 96.292709 32.799774 -57.669724
v 98.252495 32.799774 -57.622696
v 100.183792 32.799774 -57.958893
v 98.252495 37.799774 -57.622696
v 100.183792 37.799774 -57.958893
v 102.012405 37.799774 -58.665421
v 103.668037 -5.676453 -59.715088
v 105.087059 -5.676453 -61.067596
v 106.214966 -5.676453 -62.670959
v 107.008408 -5.676453 -64.463547
v 107.436874 -5.676453 -66.376495
v 107.483910 -5.676453 -68.336273
v 107.147728 -5.676453 -70.267563
v 106.441200 -5.676453 -72.096176
v 105.391518 -5.676453 -73.751816
v 104.039009 -5.676453 -75.170837
v 102.435654 -5.676453 -76.298752
v 100.643051 -5.676453 -77.092178
v 98.730110 -5.676453 -77.520660
v 96.770332 -5.676453 -77.567688
v 94.839027 -5.676453 -77.231506
v 93.010429 -5.676453 -76.524963
v 91.354797 -5.676453 -75.475296
v 88.807854 -10.676453 -72.519409
v 89.935768 -5.676453 -74.122787
v 88.807854 -5.676453 -72.519409
v 88.014420 -5.676453 -70.726822
v 87.585953 -5.676453 -68.813873
v 88.014420 -10.676453 -70.726822
v 87.585953 -10.676453 -68.813873
v 87.538918 -10.676453 -66.854095
v 87.875107 -10.676453 -64.922791
v 87.538918 -5.676453 -66.854095
v 87.875107 -5.676453 -64.922791
v 88.581627 -5.676453 -63.094193
v 89.631302 -5.676453 -61.438568
v 88.581627 -10.676453 -63.094193
v 89.631302 -10.676453 -61.438568
v 90.983810 -10.676453 -60.019531
v 92.587181 -10.676453 -58.891632
v 90.983810 -5.676453 -60.019531
v 92.587181 -5.676453 -58.891632
v 94.379768 -5.676453 -58.098190
v 96.292709 -5.676453 -57.669724
v 94.379768 -10.676453 -58.098190
v 96.292709 -10.676453 -57.669724
v 98.252495 -10.676453 -57.622696
v 100.183792 -10.676453 -57.958893
v 98.252495 -5.676453 -57.622696
v 100.183792 -5.676453 -57.958893
v 102.012405 -5.676453 -58.665421
v 103.668037 75.917862 -59.715088
v 102.012405 75.917862 -58.665421
v 105.087059 75.917862 -61.067596
v 106.214966 75.917862 -62.670959
v 107.008408 75.917862 -64.463547
v 107.436874 75.917862 -66.376495
v 107.483910 75.917862 -68.336273
v 107.147728 75.917862 -70.267563
v 106.441200 75.917862 -72.096176
v 105.391518 75.917862 -73.751816
v 104.039009 75.917862 -75.170837
v 102.435654 75.917862 -76.298752
v 100.643051 75.917862 -77.092178
v 98.730110 75.917862 -77.520660
v 96.770332 75.917862 -77.567688
v 94.839027 75.917862 -77.231506
v 93.010429 75.917862 -76.524963
v 91.354797 75.917862 -75.475296
v 89.935768 75.917862 -74.122787
v 88.807854 75.917862 -72.519409
v 88.807854 80.917862 -72.519409
v 88.014420 80.917862 -70.726822
v 87.585953 80.917862 -68.813873
v 88.014420 75.917862 -70.726822
v 87.585953 75.917862 -68.813873
v 87.538918 75.917862 -66.854095
v 87.875107 75.917862 -64.922791
v 87.538918 80.917862 -66.854095
v 87.875107 80.917862 -64.922791
v 88.581627 80.917862 -63.094193
v 89.631302 80.917862 -61.438568
v 88.581627 75.917862 -63.094193
v 89.631302 75.917862 -61.438568
v 90.983810 75.917862 -60.019531
v 92.587181 75.917862 -58.891632
v 90.983810 80.917862 -60.019531
v 92.587181 80.917862 -58.891632
v 94.379768 80.917862 -58.098190
v 96.292709 80.917862 -57.669724
v 94.379768 75.917862 -58.098190
v 96.292709 75.917862 -57.669724
v 98.252495 75.917862 -57.622696
v 100.183792 75.917862 -57.958893
v 98.252495 80.917862 -57.622696
v 100.183792 80.917862 -57.958893
v 50.465359 18.211472 -104.903320
v 49.774837 18.211472 -103.068634
v 50.465359 23.211473 -104.903320
v 50.784691 18.211472 -106.837494
v 50.720554 18.211472 -108.796783
v 50.784691 23.211473 -106.837494
v 50.720554 23.211473 -108.796783
v 50.275410 23.211473 -110.705917
v 49.466354 23.211473 -112.491516
v 50.275410 18.211472 -110.705917
v 49.466354 18.211472 -112.491516
v 48.324505 18.211472 -114.084991
v 46.893726 18.211472 -115.425049
v 48.324505 23.211473 -114.084991
v 46.893726 23.211473 -115.425049
v 45.228996 23.211473 -116.460236
v 43.394299 23.211473 -117.150787
v 45.228996 18.211472 -116.460236
v 43.394299 18.211472 -117.150787
v 41.460136 18.211472 -117.470108
v 39.500839 18.211472 -117.405975
v 41.460136 23.211473 -117.470108
v 39.500839 23.211473 -117.405975
v 37.591713 23.211473 -116.960815
v 35.806103 23.211473 -116.151764
v 37.591713 18.211472 -116.960815
v 35.806103 18.211472 -116.151764
v 34.212658 18.211472 -115.009903
v 32.872578 18.211472 -113.579132
v 34.212658 23.211473 -115.009903
v 32.872578 23.211473 -113.579132
v 31.837391 23.211473 -111.914413
v 31.146860 23.211473 -110.079697
v 31.837391 18.211472 -111.914413
v 31.146860 18.211472 -110.079697
v 30.827513 18.211472 -108.145554
v 30.891657 18.211472 -106.186249
v 30.827513 23.211473 -108.145554
v 30.891657 23.211473 -106.186249
v 31.336815 23.211473 -104.277130
v 32.145847 23.211473 -102.491531
v 31.336815 18.211472 -104.277130
v 32.145847 18.211472 -102.491531
v 33.287704 18.211472 -100.898071
v 34.718498 18.211472 -99.557999
v 33.287704 23.211473 -100.898071
v 34.718498 23.211473 -99.557999
v 36.383228 23.211473 -98.522797
v 38.217918 23.211473 -97.832245
v 36.383228 18.211472 -98.522797
v 38.217918 18.211472 -97.832245
v 40.152077 18.211472 -97.512939
v 42.111362 18.211472 -97.577072
v 40.152077 23.211473 -97.512939
v 42.111362 23.211473 -97.577072
v 44.020512 23.211473 -98.022217
v 45.806103 23.211473 -98.831268
v 44.020512 18.211472 -98.022217
v 45.806103 18.211472 -98.831268
v 47.399570 18.211472 -99.973114
v 48.739635 18.211472 -101.403900
v 47.399570 23.211473 -99.973114
v 48.739635 23.211473 -101.403900
v 49.774837 23.211473 -103.068634
v 50.465359 32.799774 -104.903320
v 49.774837 32.799774 -103.068634
v 50.465359 37.799774 -104.903320
v 50.784691 32.799774 -106.837494
v 50.720554 32.799774 -108.796783
v 50.784691 37.799774 -106.837494
v 50.720554 37.799774 -108.796783
v 50.275410 37.799774 -110.705917
v 49.466354 37.799774 -112.491516
v 50.275410 32.799774 -110.705917
v 49.466354 32.799774 -112.491516
v 48.324505 32.799774 -114.084991
v 46.893726 32.799774 -115.425049
v 48.324505 37.799774 -114.084991
v 46.893726 37.799774 -115.425049
v 45.228996 37.799774 -116.460236
v 43.394299 37.799774 -117.150787
v 45.228996 32.799774 -116.460236
v 43.394299 32.799774 -117.150787
v 41.460136 32.799774 -117.470108
v 39.500839 32.799774 -117.405975
v 41.460136 37.799774 -117.470108
v 39.500839 37.799774 -117.405975
v 37.591713 37.799774 -116.960815
v 35.806103 37.799774 -116.151764
v 37.591713 32.799774 -116.960815
v 35.806103 32.799774 -116.151764
v 34.212658 32.799774 -115.009903
v 32.872578 32.799774 -113.579132
v 34.212658 37.799774 -115.009903
v 32.872578 37.799774 -113.579132
v 31.837391 37.799774 -111.914413
v 31.146860 37.799774 -110.079697
v 31.837391 32.799774 -111.914413
v 31.146860 32.799774 -110.079697
v 30.827513 32.799774 -108.145554
v 30.891657 32.799774 -106.186249
v 30.827513 37.799774 -108.145554
v 30.891657 37.799774 -106.186249
v 31.336815 37.799774 -104.277130
v 32.145847 37.799774 -102.491531
v 31.336815 32.799774 -104.277130
v 32.145847 32.799774 -102.491531
v 33.287704 32.799774 -100.898071
v 34.718498 32.799774 -99.557999
v 33.287704 37.799774 -100.898071
v 34.718498 37.799774 -99.557999
v 36.383228 37.799774 -98.522797
v 38.217918 37.799774 -97.832245
v 36.383228 32.799774 -98.522797
v 38.217918 32.799774 -97.832245
v 40.152077 32.799774 -97.512939
v 42.111362 32.799774 -97.577072
v 40.152077 37.799774 -97.512939
v 42.111362 37.799774 -97.577072
v 44.020512 37.799774 -98.022217
v 45.806103 37.799774 -98.831268
v 44.020512 32.799774 -98.022217
v 45.806103 32.799774 -98.831268
v 47.399570 32.799774 -99.973114
v 48.739635 32.799774 -101.403900
v 47.399570 37.799774 -99.973114
v 48.739635 37.799774 -101.403900
v 49.774837 37.799774 -103.068634
v 50.465359 -5.676453 -104.903320
v 50.784691 -5.676453 -106.837494
v 50.720554 -5.676453 -108.796783
v 50.275410 -5.676453 -110.705917
v 49.466354 -5.676453 -112.491516
v 48.324505 -5.676453 -114.084991
v 46.893726 -5.676453 -115.425049
v 45.228996 -5.676453 -116.460236
v 43.394299 -5.676453 -117.150787
v 41.460136 -5.676453 -117.470108
v 39.500839 -5.676453 -117.405975
v 37.591713 -5.676453 -116.960815
v 35.806103 -5.676453 -116.151764
v 34.212658 -5.676453 -115.009903
v 32.872578 -5.676453 -113.579132
v 31.837391 -5.676453 -111.914413
v 31.146860 -5.676453 -110.079697
v 30.827513 -10.676453 -108.145554
v 30.891657 -10.676453 -106.186249
v 30.827513 -5.676453 -108.145554
v 30.891657 -5.676453 -106.186249
v 31.336815 -5.676453 -104.277130
v 32.145847 -5.676453 -102.491531
v 31.336815 -10.676453 -104.277130
v 32.145847 -10.676453 -102.491531
v 33.287704 -10.676453 -100.898071
v 34.718498 -10.676453 -99.557999
v 33.287704 -5.676453 -100.898071
v 34.718498 -5.676453 -99.557999
v 36.383228 -5.676453 -98.522797
v 38.217918 -5.676453 -97.832245
v 36.383228 -10.676453 -98.522797
v 38.217918 -10.676453 -97.832245
v 40.152077 -10.676453 -97.512939
v 42.111362 -10.676453 -97.577072
v 40.152077 -5.676453 -97.512939
v 42.111362 -5.676453 -97.577072
v 44.020512 -5.676453 -98.022217
v 45.806103 -5.676453 -98.831268
v 44.020512 -10.676453 -98.022217
v 45.806103 -10.676453 -98.831268
v 47.399570 -10.676453 -99.973114
v 48.739635 -10.676453 -101.403900
v 47.399570 -5.676453 -99.973114
v 48.739635 -5.676453 -101.403900
v 49.774837 -5.676453 -103.068634
v 50.465359 75.917862 -104.903320
v 49.774837 75.917862 -103.068634
v 50.784691 75.917862 -106.837494
v 50.720554 75.917862 -108.796783
v 50.275410 75.917862 -110.705917
v 49.466354 75.917862 -112.491516
v 48.324505 75.917862 -114.084991
v 46.893726 75.917862 -115.425049
v 45.228996 75.917862 -116.460236
v 43.394299 75.917862 -117.150787
v 41.460136 75.917862 -117.470108
v 39.500839 75.917862 -117.405975
v 37.591713 75.917862 -116.960815
v 35.806103 75.917862 -116.151764
v 34.212658 75.917862 -115.009903
v 32.872578 75.917862 -113.579132
v 31.837391 75.917862 -111.914413
v 31.146860 75.917862 -110.079697
v 30.827513 75.917862 -108.145554
v 30.891657 75.917862 -106.186249
v 30.827513 80.917862 -108.145554
v 30.891657 80.917862 -106.186249
v 31.336815 80.917862 -104.277130
v 32.145847 80.917862 -102.491531
v 31.336815 75.917862 -104.277130
v 32.145847 75.917862 -102.491531
v 33.287704 75.917862 -100.898071
v 34.718498 75.917862 -99.557999
v 33.287704 80.917862 -100.898071
v 34.718498 80.917862 -99.557999
v 36.383228 80.917862 -98.522797
v 38.217918 80.917862 -97.832245
v 36.383228 75.917862 -98.522797
v 38.217918 75.917862 -97.832245
v 40.152077 75.917862 -97.512939
v 42.111362 75.917862 -97.577072
v 40.152077 80.917862 -97.512939
v 42.111362 80.917862 -97.577072
v 44.020512 80.917862 -98.022217
v 45.806103 80.917862 -98.831268
v 44.020512 75.917862 -98.022217
v 45.806103 75.917862 -98.831268
v 47.399570 75.917862 -99.973114
v 48.739635 75.917862 -101.403900
v 47.399570 80.917862 -99.973114
v 48.739635 80.917862 -101.403900
v -24.045586 18.211472 -111.734833
v -23.557690 18.211472 -109.836182
v -24.045586 23.211473 -111.734833
v -24.894497 18.211472 -113.501831
v -26.071833 18.211472 -115.069275
v -24.894497 23.211473 -113.501831
v -26.071833 23.211473 -115.069275
v -27.532335 23.211473 -116.376877
v -29.219881 23.211473 -117.374451
v -27.532335 18.211472 -116.376877
v -29.219881 18.211472 -117.374451
v -31.069613 18.211472 -118.023636
v -33.010456 18.211472 -118.299484
v -31.069613 23.211473 -118.023636
v -33.010456 23.211473 -118.299484
v -34.967808 23.211473 -118.191360
v -36.866474 23.211473 -117.703476
v -34.967808 18.211472 -118.191360
v -36.866474 18.211472 -117.703476
v -38.633465 18.211472 -116.854553
v -40.200901 18.211472 -115.677231
v -38.633465 23.211473 -116.854553
v -40.200901 23.211473 -115.677231
v -41.508518 23.211473 -114.216736
v -42.506100 23.211473 -112.529175
v -41.508518 18.211472 -114.216736
v -42.506100 18.211472 -112.529175
v -43.155254 18.211472 -110.679443
v -43.431103 18.211472 -108.738586
v -43.155254 23.211473 -110.679443
v -43.431103 23.211473 -108.738586
v -43.322987 23.211473 -106.781235
v -42.835117 23.211473 -104.882599
v -43.322987 18.211472 -106.781235
v -42.835117 18.211472 -104.882599
v -41.986195 18.211472 -103.115601
v -40.808857 18.211472 -101.548172
v -41.986195 23.211473 -103.115601
v -40.808857 23.211473 -101.548172
v -39.348354 23.211473 -100.240540
v -37.660816 23.211473 -99.242966
v -39.348354 18.211472 -100.240540
v -37.660816 18.211472 -99.242966
v -35.811077 18.211472 -98.593781
v -33.870235 18.211472 -98.317963
v -35.811077 23.211473 -98.593781
v -33.870235 23.211473 -98.317963
v -31.912874 23.211473 -98.426056
v -30.014208 23.211473 -98.913940
v -31.912874 18.211472 -98.426056
v -30.014208 18.211472 -98.913940
v -28.247217 18.211472 -99.762878
v -26.679789 18.211472 -100.940186
v -28.247217 23.211473 -99.762878
v -26.679789 23.211473 -100.940186
v -25.372162 23.211473 -102.400711
v -24.374603 23.211473 -104.088257
v -25.372162 18.211472 -102.400711
v -24.374603 18.211472 -104.088257
v -23.725426 18.211472 -105.937958
v -23.449589 18.211472 -107.878815
v -23.725426 23.211473 -105.937958
v -23.449589 23.211473 -107.878815
v -23.557690 23.211473 -109.836182
v -24.045586 32.799774 -111.734833
v -23.557690 32.799774 -109.836182
v -24.045586 37.799774 -111.734833
v -24.894497 32.799774 -113.501831
v -26.071833 32.799774 -115.069275
v -24.894497 37.799774 -113.501831
v -26.071833 37.799774 -115.069275
v -27.532335 37.799774 -116.376877
v -29.219881 37.799774 -117.374451
v -27.532335 32.799774 -116.376877
v -29.219881 32.799774 -117.374451
v -31.069613 32.799774 -118.023636
v -33.010456 32.799774 -118.299484
v -31.069613 37.799774 -118.023636
v -33.010456 37.799774 -118.299484
v -34.967808 37.799774 -118.191360
v -36.866474 37.799774 -117.703476
v -34.967808 32.799774 -118.191360
v -36.866474 32.799774 -117.703476
v -38.633465 32.799774 -116.854553
v -40.200901 32.799774 -115.677231
v -38.633465 37.799774 -116.854553
v -40.200901 37.799774 -115.677231
v -41.508518 37.799774 -114.216736
v -42.506100 37.799774 -112.529175
v -41.508518 32.799774 -114.216736
v -42.506100 32.799774 -112.529175
v -43.155254 32.799774 -110.679443
v -43.431103 32.799774 -108.738586
v -43.155254 37.799774 -110.679443
v -43.431103 37.799774 -108.738586
v -43.322987 37.799774 -106.781235
v -42.835117 37.799774 -104.882599
v -43.322987 32.799774 -106.781235
v -42.835117 32.799774 -104.882599
v -41.986195 32.799774 -103.115601
v -40.808857 32.799774 -101.548172
v -41.986195 37.799774 -103.115601
v -40.808857 37.799774 -101.548172
v -39.348354 37.799774 -100.240540
v -37.660816 37.799774 -99.242966
v -39.348354 32.799774 -100.240540
v -37.660816 32.799774 -99.242966
v -35.811077 32.799774 -98.593781
v -33.870235 32.799774 -98.317963
v -35.811077 37.799774 -98.593781
v -33.870235 37.799774 -98.317963
v -31.912874 37.799774 -98.426056
v -30.014208 37.799774 -98.913940
v -31.912874 32.799774 -98.426056
v -30.014208 32.799774 -98.913940
v -28.247217 32.799774 -99.762878
v -26.679789 32.799774 -100.940186
v -28.247217 37.799774 -99.762878
v -26.679789 37.799774 -100.940186
v -25.372162 37.799774 -102.400711
v -24.374603 37.799774 -104.088257
v -25.372162 32.799774 -102.400711
v -24.374603 32.799774 -104.088257
v -23.725426 32.799774 -105.937958
v -23.449589 32.799774 -107.878815
v -23.725426 37.799774 -105.937958
v -23.449589 37.799774 -107.878815
v -23.557690 37.799774 -109.836182
v -24.045586 -5.676453 -111.734833
v -24.894497 -5.676453 -113.501831
v -26.071833 -5.676453 -115.069275
v -27.532335 -5.676453 -116.376877
v -29.219881 -5.676453 -117.374451
v -31.069613 -5.676453 -118.023636
v -33.010456 -5.676453 -118.299484
v -34.967808 -5.676453 -118.191360
v -36.866474 -5.676453 -117.703476
v -38.633465 -5.676453 -116.854553
v -40.200901 -5.676453 -115.677231
v -41.508518 -5.676453 -114.216736
v -42.506100 -5.676453 -112.529175
v -43.155254 -5.676453 -110.679443
v -43.431103 -5.676453 -108.738586
v -43.322987 -5.676453 -106.781235
v -42.835117 -5.676453 -104.882599
v -41.986195 -10.676453 -103.115601
v -40.808857 -10.676453 -101.548172
v -41.986195 -5.676453 -103.115601
v -40.808857 -5.676453 -101.548172
v -39.348354 -5.676453 -100.240540
v -37.660816 -5.676453 -99.242966
v -39.348354 -10.676453 -100.240540
v -37.660816 -10.676453 -99.242966
v -35.811077 -10.676453 -98.593781
v -33.870235 -10.676453 -98.317963
v -35.811077 -5.676453 -98.593781
v -33.870235 -5.676453 -98.317963
v -31.912874 -5.676453 -98.426056
v -30.014208 -5.676453 -98.913940
v -31.912874 -10.676453 -98.426056
v -30.014208 -10.676453 -98.913940
v -28.247217 -10.676453 -99.762878
v -26.679789 -10.676453 -100.940186
v -28.247217 -5.676453 -99.762878
v -26.679789 -5.676453 -100.940186
v -25.372162 -5.676453 -102.400711
v -24.374603 -5.676453 -104.088257
v -25.372162 -10.676453 -102.400711
v -24.374603 -10.676453 -104.088257
v -23.725426 -10.676453 -105.937958
v -23.449589 -10.676453 -107.878815
v -23.725426 -5.676453 -105.937958
v -23.449589 -5.676453 -107.878815
v -23.557690 -5.676453 -109.836182
v -24.045586 75.917862 -111.734833
v -23.557690 75.917862 -109.836182
v -24.894497 75.917862 -113.501831
v -26.071833 75.917862 -115.069275
v -27.532335 75.917862 -116.376877
v -29.219881 75.917862 -117.374451
v -31.069613 75.917862 -118.023636
v -33.010456 75.917862 -118.299484
v -34.967808 75.917862 -118.191360
v -36.866474 75.917862 -117.703476
v -38.633465 75.917862 -116.854553
v -40.200901 75.917862 -115.677231
v -41.508518 75.917862 -114.216736
v -42.506100 75.917862 -112.529175
v -43.155254 75.917862 -110.679443
v -43.431103 75.917862 -108.738586
v -43.322987 75.917862 -106.781235
v -42.835117 75.917862 -104.882599
v -41.986195 75.917862 -103.115601
v -40.808857 75.917862 -101.548172
v -40.808857 80.917862 -101.548172
v -39.348354 80.917862 -100.240540
v -37.660816 80.917862 -99.242966
v -39.348354 75.917862 -100.240540
v -37.660816 75.917862 -99.242966
v -35.811077 75.917862 -98.593781
v -33.870235 75.917862 -98.317963
v -35.811077 80.917862 -98.593781
v -33.870235 80.917862 -98.317963
v -31.912874 80.917862 -98.426056
v -30.014208 80.917862 -98.913940
v -31.912874 75.917862 -98.426056
v -30.014208 75.917862 -98.913940
v -28.247217 75.917862 -99.762878
v -26.679789 75.917862 -100.940186
v -28.247217 80.917862 -99.762878
v -26.679789 80.917862 -100.940186
v -25.372162 80.917862 -102.400711
v -24.374603 80.917862 -104.088257
v -25.372162 75.917862 -102.400711
v -24.374603 75.917862 -104.088257
v -23.725426 75.917862 -105.937958
v -23.449589 75.917862 -107.878815
v -23.725426 80.917862 -105.937958
v -23.449589 80.917862 -107.878815
v -87.936188 18.211472 -75.241867
v -86.459702 18.211472 -73.952332
v -87.936188 23.211473 -75.241867
v -89.635880 18.211472 -76.218582
v -91.493484 18.211472 -76.844925
v -89.635880 23.211473 -76.218582
v -91.493484 23.211473 -76.844925
v -93.437561 23.211473 -77.096848
v -95.393425 23.211473 -76.964661
v -93.437561 18.211472 -77.096848
v -95.393425 18.211472 -76.964661
v -97.285957 18.211472 -76.453430
v -99.042351 18.211472 -75.582809
v -97.285957 23.211473 -76.453430
v -99.042351 23.211473 -75.582809
v -100.595177 23.211473 -74.386276
v -101.884720 23.211473 -72.909775
v -100.595177 18.211472 -74.386276
v -101.884720 18.211472 -72.909775
v -102.861427 18.211472 -71.210068
v -103.487762 18.211472 -69.352478
v -102.861427 23.211473 -71.210068
v -103.487762 23.211473 -69.352478
v -103.739693 23.211473 -67.408401
v -103.607491 23.211473 -65.452499
v -103.739693 18.211472 -67.408401
v -103.607491 18.211472 -65.452499
v -103.096260 18.211472 -63.560013
v -102.225639 18.211472 -61.803589
v -103.096260 23.211473 -63.560013
v -102.225639 23.211473 -61.803589
v -101.029114 23.211473 -60.250793
v -99.552597 23.211473 -58.961243
v -101.029114 18.211472 -60.250793
v -99.552597 18.211472 -58.961243
v -97.852921 18.211472 -57.984543
v -95.995316 18.211472 -57.358185
v -97.852921 23.211473 -57.984543
v -95.995316 23.211473 -57.358185
v -94.051239 23.211473 -57.106277
v -92.095352 23.211473 -57.238464
v -94.051239 18.211472 -57.106277
v -92.095352 18.211472 -57.238464
v -90.202866 18.211472 -57.749695
v -88.446434 18.211472 -58.620300
v -90.202866 23.211473 -57.749695
v -88.446434 23.211473 -58.620300
v -86.893639 23.211473 -59.816864
v -85.604088 23.211473 -61.293350
v -86.893639 18.211472 -59.816864
v -85.604088 18.211472 -61.293350
v -84.627380 18.211472 -62.993057
v -84.001030 18.211472 -64.850632
v -84.627380 23.211473 -62.993057
v -84.001030 23.211473 -64.850632
v -83.749115 23.211473 -66.794724
v -83.881302 23.211473 -68.750595
v -83.749115 18.211472 -66.794724
v -83.881302 18.211472 -68.750595
v -84.392548 18.211472 -70.643112
v -85.263153 18.211472 -72.399521
v -84.392548 23.211473 -70.643112
v -85.263153 23.211473 -72.399521
v -86.459702 23.211473 -73.952332
v -87.936188 37.799774 -75.241867
v -89.635880 37.799774 -76.218582
v -91.493484 37.799774 -76.844925
v -93.437561 37.799774 -77.096848
v -95.393425 37.799774 -76.964661
v -97.285957 37.799774 -76.453430
v -99.042351 37.799774 -75.582809
v -100.595177 37.799774 -74.386276
v -101.884720 37.799774 -72.909775
v -102.861427 37.799774 -71.210068
v -103.487762 37.799774 -69.352478
v -103.739693 37.799774 -67.408401
v -103.607491 37.799774 -65.452499
v -103.096260 37.799774 -63.560013
v -102.225639 37.799774 -61.803589
v -101.029114 37.799774 -60.250793
v -99.552597 37.799774 -58.961243
v -97.852921 32.799774 -57.984543
v -95.995316 32.799774 -57.358185
v -97.852921 37.799774 -57.984543
v -95.995316 37.799774 -57.358185
v -94.051239 37.799774 -57.106277
v -92.095352 37.799774 -57.238464
v -94.051239 32.799774 -57.106277
v -92.095352 32.799774 -57.238464
v -90.202866 32.799774 -57.749695
v -88.446434 32.799774 -58.620300
v -90.202866 37.799774 -57.749695
v -88.446434 37.799774 -58.620300
v -86.893639 37.799774 -59.816864
v -85.604088 37.799774 -61.293350
v -86.893639 32.799774 -59.816864
v -85.604088 32.799774 -61.293350
v -84.627380 32.799774 -62.993057
v -84.001030 32.799774 -64.850632
v -84.627380 37.799774 -62.993057
v -84.001030 37.799774 -64.850632
v -83.749115 37.799774 -66.794724
v -83.881302 37.799774 -68.750595
v -83.749115 32.799774 -66.794724
v -83.881302 32.799774 -68.750595
v -84.392548 32.799774 -70.643112
v -85.263153 32.799774 -72.399521
v -84.392548 37.799774 -70.643112
v -85.263153 37.799774 -72.399521
v -86.459702 37.799774 -73.952332
v -87.936188 -5.676453 -75.241867
v -89.635880 -5.676453 -76.218582
v -91.493484 -5.676453 -76.844925
v -93.437561 -5.676453 -77.096848
v -95.393425 -5.676453 -76.964661
v -97.285957 -5.676453 -76.453430
v -99.042351 -5.676453 -75.582809
v -100.595177 -5.676453 -74.386276
v -101.884720 -5.676453 -72.909775
v -102.861427 -5.676453 -71.210068
v -103.487762 -5.676453 -69.352478
v -103.739693 -5.676453 -67.408401
v -103.607491 -5.676453 -65.452499
v -103.096260 -5.676453 -63.560013
v -102.225639 -5.676453 -61.803589
v -101.029114 -5.676453 -60.250793
v -99.552597 -5.676453 -58.961243
v -97.852921 -10.676453 -57.984543
v -95.995316 -10.676453 -57.358185
v -97.852921 -5.676453 -57.984543
v -95.995316 -5.676453 -57.358185
v -94.051239 -5.676453 -57.106277
v -92.095352 -5.676453 -57.238464
v -94.051239 -10.676453 -57.106277
v -92.095352 -10.676453 -57.238464
v -90.202866 -10.676453 -57.749695
v -88.446434 -10.676453 -58.620300
v -90.202866 -5.676453 -57.749695
v -88.446434 -5.676453 -58.620300
v -86.893639 -5.676453 -59.816864
v -85.604088 -5.676453 -61.293350
v -86.893639 -10.676453 -59.816864
v -85.604088 -10.676453 -61.293350
v -84.627380 -10.676453 -62.993057
v -84.001030 -10.676453 -64.850632
v -84.627380 -5.676453 -62.993057
v -84.001030 -5.676453 -64.850632
v -83.749115 -5.676453 -66.794724
v -83.881302 -5.676453 -68.750595
v -83.749115 -10.676453 -66.794724
v -83.881302 -10.676453 -68.750595
v -84.392548 -10.676453 -70.643112
v -85.263153 -10.676453 -72.399521
v -84.392548 -5.676453 -70.643112
v -85.263153 -5.676453 -72.399521
v -86.459702 -5.676453 -73.952332
v -87.936188 75.917862 -75.241867
v -86.459702 75.917862 -73.952332
v -89.635880 75.917862 -76.218582
v -91.493484 75.917862 -76.844925
v -93.437561 75.917862 -77.096848
v -95.393425 75.917862 -76.964661
v -97.285957 75.917862 -76.453430
v -99.042351 75.917862 -75.582809
v -100.595177 75.917862 -74.386276
v -101.884720 75.917862 -72.909775
v -102.861427 75.917862 -71.210068
v -103.487762 75.917862 -69.352478
v -103.739693 75.917862 -67.408401
v -103.607491 75.917862 -65.452499
v -103.096260 75.917862 -63.560013
v -102.225639 75.917862 -61.803589
v -101.029114 75.917862 -60.250793
v -99.552597 75.917862 -58.961243
v -97.852921 75.917862 -57.984543
v -95.995316 75.917862 -57.358185
v -95.995316 80.917862 -57.358185
v -94.051239 80.917862 -57.106277
v -92.095352 80.917862 -57.238464
v -94.051239 75.917862 -57.106277
v -92.095352 75.917862 -57.238464
v -90.202866 75.917862 -57.749695
v -88.446434 75.917862 -58.620300
v -90.202866 80.917862 -57.749695
v -88.446434 80.917862 -58.620300
v -86.893639 80.917862 -59.816864
v -85.604088 80.917862 -61.293350
v -86.893639 75.917862 -59.816864
v -85.604088 75.917862 -61.293350
v -84.627380 75.917862 -62.993057
v -84.001030 75.917862 -64.850632
v -84.627380 80.917862 -62.993057
v -84.001030 80.917862 -64.850632
v -83.749115 80.917862 -66.794724
v -83.881302 80.917862 -68.750595
v -83.749115 75.917862 -66.794724
v -83.881302 75.917862 -68.750595
v -84.392548 75.917862 -70.643112
v -85.263153 75.917862 -72.399521
v -84.392548 80.917862 -70.643112
v -119.327751 18.211472 -9.278847
v -117.380035 18.211472 -9.056602
v -119.327751 23.211473 -9.278847
v -121.281372 18.211472 -9.116821
v -123.165886 18.211472 -8.576775
v -121.281372 23.211473 -9.116821
v -123.165886 23.211473 -8.576775
v -124.908791 23.211473 -7.679459
v -126.443169 23.211473 -6.459358
v -124.908791 18.211472 -7.679459
v -126.443169 18.211472 -6.459358
v -127.710030 18.211472 -4.963348
v -128.660706 18.211472 -3.248970
v -127.710030 23.211473 -4.963348
v -128.660706 23.211473 -3.248970
v -129.258636 23.211473 -1.382027
v -129.480850 23.211473 0.565689
v -129.258636 18.211472 -1.382027
v -129.480850 18.211472 0.565689
v -129.318832 18.211472 2.519310
v -128.778809 18.211472 4.403809
v -129.318832 23.211473 2.519310
v -128.778809 23.211473 4.403809
v -127.881462 23.211473 6.146721
v -126.661385 23.211473 7.681099
v -127.881462 18.211472 6.146721
v -126.661385 18.211472 7.681099
v -125.165367 18.211472 8.947960
v -123.450996 18.211472 9.898613
v -125.165367 23.211473 8.947960
v -123.450996 23.211473 9.898613
v -121.584053 23.211473 10.496544
v -119.636330 23.211473 10.718773
v -121.584053 18.211472 10.496544
v -119.636330 18.211472 10.718773
v -117.682709 18.211472 10.556763
v -115.798210 18.211472 10.016701
v -117.682709 23.211473 10.556763
v -115.798210 23.211473 10.016701
v -114.055298 23.211473 9.119385
v -112.520920 23.211473 7.899284
v -114.055298 18.211472 9.119385
v -112.520920 18.211472 7.899284
v -111.254059 18.211472 6.403297
v -110.303398 18.211472 4.688896
v -111.254059 23.211473 6.403297
v -110.303398 23.211473 4.688896
v -109.705467 23.211473 2.821968
v -109.483223 23.211473 0.874260
v -109.705467 18.211472 2.821968
v -109.483223 18.211472 0.874260
v -109.645271 18.211472 -1.079384
v -110.185295 18.211472 -2.963875
v -109.645271 23.211473 -1.079384
v -110.185295 23.211473 -2.963875
v -111.082626 23.211473 -4.706795
v -112.302727 23.211473 -6.241150
v -111.082626 18.211472 -4.706795
v -112.302727 18.211472 -6.241150
v -113.798698 18.211472 -7.508011
v -115.513115 18.211472 -8.458687
v -113.798698 23.211473 -7.508011
v -115.513115 23.211473 -8.458687
v -117.380035 23.211473 -9.056602
v -119.327751 32.799774 -9.278847
v -117.380035 32.799774 -9.056602
v -119.327751 37.799774 -9.278847
v -121.281372 32.799774 -9.116821
v -123.165886 32.799774 -8.576775
v -121.281372 37.799774 -9.116821
v -123.165886 37.799774 -8.576775
v -124.908791 37.799774 -7.679459
v -126.443169 37.799774 -6.459358
v -124.908791 32.799774 -7.679459
v -126.443169 32.799774 -6.459358
v -127.710030 32.799774 -4.963348
v -128.660706 32.799774 -3.248970
v -127.710030 37.799774 -4.963348
v -128.660706 37.799774 -3.248970
v -129.258636 37.799774 -1.382027
v -129.480850 37.799774 0.565689
v -129.258636 32.799774 -1.382027
v -129.480850 32.799774 0.565689
v -129.318832 32.799774 2.519310
v -128.778809 32.799774 4.403809
v -129.318832 37.799774 2.519310
v -128.778809 37.799774 4.403809
v -127.881462 37.799774 6.146721
v -126.661385 37.799774 7.681099
v -127.881462 32.799774 6.146721
v -126.661385 32.799774 7.681099
v -125.165367 32.799774 8.947960
v -123.450996 32.799774 9.898613
v -125.165367 37.799774 8.947960
v -123.450996 37.799774 9.898613
v -121.584053 37.799774 10.496544
v -119.636330 37.799774 10.718773
v -121.584053 32.799774 10.496544
v -119.636330 32.799774 10.718773
v -117.682709 32.799774 10.556763
v -115.798210 32.799774 10.016701
v -117.682709 37.799774 10.556763
v -115.798210 37.799774 10.016701
v -114.055298 37.799774 9.119385
v -112.520920 37.799774 7.899284
v -114.055298 32.799774 9.119385
v -112.520920 32.799774 7.899284
v -111.254059 32.799774 6.403297
v -110.303398 32.799774 4.688896
v -111.254059 37.799774 6.403297
v -110.303398 37.799774 4.688896
v -109.705467 37.799774 2.821968
v -109.483223 37.799774 0.874260
v -109.705467 32.799774 2.821968
v -109.483223 32.799774 0.874260
v -109.645271 32.799774 -1.079384
v -110.185295 32.799774 -2.963875
v -109.645271 37.799774 -1.079384
v -110.185295 37.799774 -2.963875
v -111.082626 37.799774 -4.706795
v -112.302727 37.799774 -6.241150
v -111.082626 32.799774 -4.706795
v -112.302727 32.799774 -6.241150
v -113.798698 32.799774 -7.508011
v -115.513115 32.799774 -8.458687
v -113.798698 37.799774 -7.508011
v -115.513115 37.799774 -8.458687
v -117.380035 37.799774 -9.056602
v -119.327751 -5.676453 -9.278847
v -121.281372 -5.676453 -9.116821
v -123.165886 -5.676453 -8.576775
v -124.908791 -5.676453 -7.679459
v -126.443169 -5.676453 -6.459358
v -127.710030 -5.676453 -4.963348
v -128.660706 -5.676453 -3.248970
v -129.258636 -5.676453 -1.382027
v -129.480850 -5.676453 0.565689
v -129.318832 -5.676453 2.519310
v -128.778809 -5.676453 4.403809
v -127.881462 -5.676453 6.146721
v -126.661385 -5.676453 7.681099
v -125.165367 -5.676453 8.947960
v -123.450996 -5.676453 9.898613
v -121.584053 -5.676453 10.496544
v -119.636330 -5.676453 10.718773
v -115.798210 -10.676453 10.016701
v -117.682709 -5.676453 10.556763
v -115.798210 -5.676453 10.016701
v -114.055298 -5.676453 9.119385
v -112.520920 -5.676453 7.899284
v -114.055298 -10.676453 9.119385
v -112.520920 -10.676453 7.899284
v -111.254059 -10.676453 6.403297
v -110.303398 -10.676453 4.688896
v -111.254059 -5.676453 6.403297
v -110.303398 -5.676453 4.688896
v -109.705467 -5.676453 2.821968
v -109.483223 -5.676453 0.874260
v -109.705467 -10.676453 2.821968
v -109.483223 -10.676453 0.874260
v -109.645271 -10.676453 -1.079384
v -110.185295 -10.676453 -2.963875
v -109.645271 -5.676453 -1.079384
v -110.185295 -5.676453 -2.963875
v -111.082626 -5.676453 -4.706795
v -112.302727 -5.676453 -6.241150
v -111.082626 -10.676453 -4.706795
v -112.302727 -10.676453 -6.241150
v -113.798698 -10.676453 -7.508011
v -113.798698 -5.676453 -7.508011
v -115.513115 -5.676453 -8.458687
v -117.380035 -5.676453 -9.056602
v -119.327751 75.917862 -9.278847
v -117.380035 75.917862 -9.056602
v -121.281372 75.917862 -9.116821
v -123.165886 75.917862 -8.576775
v -124.908791 75.917862 -7.679459
v -126.443169 75.917862 -6.459358
v -127.710030 75.917862 -4.963348
v -128.660706 75.917862 -3.248970
v -129.258636 75.917862 -1.382027
v -129.480850 75.917862 0.565689
v -129.318832 75.917862 2.519310
v -128.778809 75.917862 4.403809
v -127.881462 75.917862 6.146721
v -126.661385 75.917862 7.681099
v -125.165367 75.917862 8.947960
v -123.450996 75.917862 9.898613
v -121.584053 75.917862 10.496544
v -119.636330 75.917862 10.718773
v -117.682709 75.917862 10.556763
v -115.798210 75.917862 10.016701
v -115.798210 80.917862 10.016701
v -114.055298 80.917862 9.119385
v -112.520920 80.917862 7.899284
v -114.055298 75.917862 9.119385
v -112.520920 75.917862 7.899284
v -111.254059 75.917862 6.403297
v -110.303398 75.917862 4.688896
v -111.254059 80.917862 6.403297
v -110.303398 80.917862 4.688896
v -109.705467 80.917862 2.821968
v -109.483223 80.917862 0.874260
v -109.705467 75.917862 2.821968
v -109.483223 75.917862 0.874260
v -109.645271 75.917862 -1.079384
v -110.185295 75.917862 -2.963875
v -109.645271 80.917862 -1.079384
v -110.185295 80.917862 -2.963875
v -111.082626 80.917862 -4.706795
v -112.302727 80.917862 -6.241150
v -111.082626 75.917862 -4.706795
v -112.302727 75.917862 -6.241150
v -113.798698 75.917862 -7.508011
v -115.513115 75.917862 -8.458687
v -113.798698 80.917862 -7.508011
v -103.865501 18.211472 59.044857
v -102.207458 18.211472 57.998993
v -103.865501 23.211473 59.044857
v -105.287636 18.211472 60.394104
v -106.419250 18.211472 61.994846
v -105.287636 23.211473 60.394104
v -106.419250 23.211473 61.994846
v -107.216812 23.211473 63.785625
v -107.649673 23.211473 65.697571
v -107.216812 18.211472 63.785625
v -107.649673 18.211472 65.697571
v -107.701218 18.211472 67.657242
v -107.369476 18.211472 69.589294
v -107.701218 23.211473 67.657242
v -107.369476 23.211473 69.589294
v -106.667168 23.211473 71.419540
v -105.621315 23.211473 73.077576
v -106.667168 18.211472 71.419540
v -105.621315 18.211472 73.077576
v -104.272079 18.211472 74.499725
v -102.671303 18.211472 75.631317
v -104.272079 23.211473 74.499725
v -102.671303 23.211473 75.631317
v -100.880531 23.211473 76.428879
v -98.968590 23.211473 76.861748
v -100.880531 18.211472 76.428879
v -98.968590 18.211472 76.861748
v -97.008926 18.211472 76.913300
v -95.076866 18.211472 76.581558
v -97.008926 23.211473 76.913300
v -95.076866 23.211473 76.581558
v -93.246635 23.211473 75.879257
v -91.588593 23.211473 74.833389
v -93.246635 18.211472 75.879257
v -91.588593 18.211472 74.833389
v -90.166458 18.211472 73.484154
v -89.034851 18.211472 71.883392
v -90.166458 23.211473 73.484154
v -89.034851 23.211473 71.883392
v -88.237297 23.211473 70.092621
v -87.804436 23.211473 68.180679
v -88.237297 18.211472 70.092621
v -87.804436 18.211472 68.180679
v -87.752876 18.211472 66.221016
v -88.084618 18.211472 64.288940
v -87.752876 23.211473 66.221016
v -88.084618 23.211473 64.288940
v -88.786934 23.211473 62.458717
v -89.832779 23.211473 60.800674
v -88.786934 18.211472 62.458717
v -89.832779 18.211472 60.800674
v -91.182037 18.211472 59.378529
v -92.782791 18.211472 58.246918
v -91.182037 23.211473 59.378529
v -92.782791 23.211473 58.246918
v -94.573540 23.211473 57.449375
v -96.485504 23.211473 57.016491
v -94.573540 18.211472 57.449375
v -96.485504 18.211472 57.016491
v -98.445168 18.211472 56.964943
v -100.377228 18.211472 57.296688
v -98.445168 23.211473 56.964943
v -100.377228 23.211473 57.296688
v -102.207458 23.211473 57.998993
v -103.865501 32.799774 59.044857
v -102.207458 32.799774 57.998993
v -103.865501 37.799774 59.044857
v -105.287636 32.799774 60.394104
v -106.419250 32.799774 61.994846
v -105.287636 37.799774 60.394104
v -106.419250 37.799774 61.994846
v -107.216812 37.799774 63.785625
v -107.649673 37.799774 65.697571
v -107.216812 32.799774 63.785625
v -107.649673 32.799774 65.697571
v -107.701218 32.799774 67.657242
v -107.369476 32.799774 69.589294
v -107.701218 37.799774 67.657242
v -107.369476 37.799774 69.589294
v -106.667168 37.799774 71.419540
v -105.621315 37.799774 73.077576
v -106.667168 32.799774 71.419540
v -105.621315 32.799774 73.077576
v -104.272079 32.799774 74.499725
v -102.671303 32.799774 75.631317
v -104.272079 37.799774 74.499725
v -102.671303 37.799774 75.631317
v -100.880531 37.799774 76.428879
v -98.968590 37.799774 76.861748
v -100.880531 32.799774 76.428879
v -98.968590 32.799774 76.861748
v -97.008926 32.799774 76.913300
v -95.076866 32.799774 76.581558
v -97.008926 37.799774 76.913300
v -95.076866 37.799774 76.581558
v -93.246635 37.799774 75.879257
v -91.588593 37.799774 74.833389
v -93.246635 32.799774 75.879257
v -91.588593 32.799774 74.833389
v -90.166458 32.799774 73.484154
v -89.034851 32.799774 71.883392
v -90.166458 37.799774 73.484154
v -89.034851 37.799774 71.883392
v -88.237297 37.799774 70.092621
v -87.804436 37.799774 68.180679
v -88.237297 32.799774 70.092621
v -87.804436 32.799774 68.180679
v -87.752876 32.799774 66.221016
v -88.084618 32.799774 64.288940
v -87.752876 37.799774 66.221016
v -88.084618 37.799774 64.288940
v -88.786934 37.799774 62.458717
v -89.832779 37.799774 60.800674
v -88.786934 32.799774 62.458717
v -89.832779 32.799774 60.800674
v -91.182037 32.799774 59.378529
v -92.782791 32.799774 58.246918
v -91.182037 37.799774 59.378529
v -92.782791 37.799774 58.246918
v -94.573540 37.799774 57.449375
v -96.485504 37.799774 57.016491
v -94.573540 32.799774 57.449375
v -96.485504 32.799774 57.016491
v -98.445168 32.799774 56.964943
v -100.377228 32.799774 57.296688
v -98.445168 37.799774 56.964943
v -100.377228 37.799774 57.296688
v -102.207458 37.799774 57.998993
v -103.865501 -5.676453 59.044857
v -105.287636 -5.676453 60.394104
v -106.419250 -5.676453 61.994846
v -107.216812 -5.676453 63.785625
v -107.649673 -5.676453 65.697571
v -107.701218 -5.676453 67.657242
v -107.369476 -5.676453 69.589294
v -106.667168 -5.676453 71.419540
v -105.621315 -5.676453 73.077576
v -104.272079 -5.676453 74.499725
v -102.671303 -5.676453 75.631317
v -100.880531 -5.676453 76.428879
v -98.968590 -5.676453 76.861748
v -97.008926 -5.676453 76.913300
v -95.076866 -5.676453 76.581558
v -93.246635 -5.676453 75.879257
v -91.588593 -5.676453 74.833389
v -89.034851 -10.676453 71.883392
v -90.166458 -5.676453 73.484154
v -89.034851 -5.676453 71.883392
v -88.237297 -5.676453 70.092621
v -87.804436 -5.676453 68.180679
v -88.237297 -10.676453 70.092621
v -87.804436 -10.676453 68.180679
v -87.752876 -10.676453 66.221016
v -88.084618 -10.676453 64.288940
v -87.752876 -5.676453 66.221016
v -88.084618 -5.676453 64.288940
v -88.786934 -5.676453 62.458717
v -89.832779 -5.676453 60.800674
v -88.786934 -10.676453 62.458717
v -89.832779 -10.676453 60.800674
v -91.182037 -10.676453 59.378529
v -92.782791 -10.676453 58.246918
v -91.182037 -5.676453 59.378529
v -92.782791 -5.676453 58.246918
v -94.573540 -5.676453 57.449375
v -96.485504 -5.676453 57.016491
v -94.573540 -10.676453 57.449375
v -96.485504 -10.676453 57.016491
v -98.445168 -10.676453 56.964943
v -100.377228 -10.676453 57.296688
v -98.445168 -5.676453 56.964943
v -100.377228 -5.676453 57.296688
v -102.207458 -5.676453 57.998993
v -103.865501 75.917862 59.044857
v -102.207458 75.917862 57.998993
v -105.287636 75.917862 60.394104
v -106.419250 75.917862 61.994846
v -107.216812 75.917862 63.785625
v -107.649673 75.917862 65.697571
v -107.701218 75.917862 67.657242
v -107.369476 75.917862 69.589294
v -106.667168 75.917862 71.419540
v -105.621315 75.917862 73.077576
v -104.272079 75.917862 74.499725
v -102.671303 75.917862 75.631317
v -100.880531 75.917862 76.428879
v -98.968590 75.917862 76.861748
v -97.008926 75.917862 76.913300
v -95.076866 75.917862 76.581558
v -93.246635 75.917862 75.879257
v -91.588593 75.917862 74.833389
v -90.166458 75.917862 73.484154
v -89.034851 75.917862 71.883392
v -89.034851 80.917862 71.883392
v -88.237297 80.917862 70.092621
v -87.804436 80.917862 68.180679
v -88.237297 75.917862 70.092621
v -87.804436 75.917862 68.180679
v -87.752876 75.917862 66.221016
v -88.084618 75.917862 64.288940
v -87.752876 80.917862 66.221016
v -88.084618 80.917862 64.288940
v -88.786934 80.917862 62.458717
v -89.832779 80.917862 60.800674
v -88.786934 75.917862 62.458717
v -89.832779 75.917862 60.800674
v -91.182037 75.917862 59.378529
v -92.782791 75.917862 58.246918
v -91.182037 80.917862 59.378529
v -92.782791 80.917862 58.246918
v -94.573540 80.917862 57.449375
v -96.485504 80.917862 57.016491
v -94.573540 75.917862 57.449375
v -96.485504 75.917862 57.016491
v -98.445168 75.917862 56.964943
v -100.377228 75.917862 57.296688
v -98.445168 80.917862 56.964943
v -100.377228 80.917862 57.296688
v -50.940422 32.799774 104.499420
v -50.254326 32.799774 102.663071
v -50.940422 37.799774 104.499420
v -51.255066 32.799774 106.434349
v -51.186195 32.799774 108.393478
v -51.255066 37.799774 106.434349
v -51.186195 37.799774 108.393478
v -50.736420 37.799774 110.301521
v -49.923065 37.799774 112.085175
v -50.736420 32.799774 110.301521
v -49.923065 32.799774 112.085175
v -48.777351 32.799774 113.675858
v -47.343338 32.799774 115.012482
v -48.777351 37.799774 113.675858
v -47.343338 37.799774 115.012482
v -45.676094 37.799774 116.043640
v -43.839752 37.799774 116.729729
v -45.676094 32.799774 116.043640
v -43.839752 32.799774 116.729729
v -41.904816 32.799774 117.044380
v -39.945671 32.799774 116.975510
v -41.904816 37.799774 117.044380
v -39.945671 37.799774 116.975510
v -38.037628 37.799774 116.525726
v -36.253990 37.799774 115.712357
v -38.037628 32.799774 116.525726
v -36.253990 32.799774 115.712357
v -34.663292 32.799774 114.566650
v -33.326683 32.799774 113.132637
v -34.663292 37.799774 114.566650
v -33.326683 37.799774 113.132637
v -32.295525 37.799774 111.465408
v -31.609434 37.799774 109.629044
v -32.295525 32.799774 111.465408
v -31.609434 32.799774 109.629044
v -31.294783 32.799774 107.694122
v -31.363653 32.799774 105.734985
v -31.294783 37.799774 107.694122
v -31.363653 37.799774 105.734985
v -31.813429 37.799774 103.826942
v -32.626785 37.799774 102.043289
v -31.813429 32.799774 103.826942
v -32.626785 32.799774 102.043289
v -33.772499 32.799774 100.452606
v -35.206520 32.799774 99.115997
v -33.772499 37.799774 100.452606
v -35.206520 37.799774 99.115997
v -36.873756 37.799774 98.084839
v -38.710121 37.799774 97.398743
v -36.873756 32.799774 98.084839
v -38.710121 32.799774 97.398743
v -40.645042 32.799774 97.084091
v -42.604179 32.799774 97.152969
v -40.645042 37.799774 97.084091
v -42.604179 37.799774 97.152969
v -44.512215 37.799774 97.602745
v -46.295860 37.799774 98.416100
v -44.512215 32.799774 97.602745
v -46.295860 32.799774 98.416100
v -47.886566 32.799774 99.561813
v -49.223167 32.799774 100.995827
v -47.886566 37.799774 99.561813
v -49.223167 37.799774 100.995827
v -50.254326 37.799774 102.663071
v -50.940422 -5.676453 104.499420
v -51.255066 -5.676453 106.434349
v -51.186195 -5.676453 108.393478
v -50.736420 -5.676453 110.301521
v -49.923065 -5.676453 112.085175
v -48.777351 -5.676453 113.675858
v -47.343338 -5.676453 115.012482
v -45.676094 -5.676453 116.043640
v -43.839752 -5.676453 116.729729
v -41.904816 -5.676453 117.044380
v -39.945671 -5.676453 116.975510
v -38.037628 -5.676453 116.525726
v -36.253990 -5.676453 115.712357
v -34.663292 -5.676453 114.566650
v -33.326683 -5.676453 113.132637
v -32.295525 -5.676453 111.465408
v -31.609434 -5.676453 109.629044
v -31.294783 -10.676453 107.694122
v -31.363653 -10.676453 105.734985
v -31.294783 -5.676453 107.694122
v -31.363653 -5.676453 105.734985
v -31.813429 -5.676453 103.826942
v -32.626785 -5.676453 102.043289
v -31.813429 -10.676453 103.826942
v -32.626785 -10.676453 102.043289
v -33.772499 -10.676453 100.452606
v -35.206520 -10.676453 99.115997
v -33.772499 -5.676453 100.452606
v -35.206520 -5.676453 99.115997
v -36.873756 -5.676453 98.084839
v -38.710121 -5.676453 97.398743
v -36.873756 -10.676453 98.084839
v -38.710121 -10.676453 97.398743
v -40.645042 -10.676453 97.084091
v -42.604179 -10.676453 97.152969
v -40.645042 -5.676453 97.084091
v -42.604179 -5.676453 97.152969
v -44.512215 -5.676453 97.602745
v -46.295860 -5.676453 98.416100
v -44.512215 -10.676453 97.602745
v -46.295860 -10.676453 98.416100
v -47.886566 -10.676453 99.561813
v -49.223167 -10.676453 100.995827
v -47.886566 -5.676453 99.561813
v -49.223167 -5.676453 100.995827
v -50.254326 -5.676453 102.663071
v -50.940422 75.917862 104.499420
v -50.254326 75.917862 102.663071
v -51.255066 75.917862 106.434349
v -51.186195 75.917862 108.393478
v -50.736420 75.917862 110.301521
v -49.923065 75.917862 112.085175
v -48.777351 75.917862 113.675858
v -47.343338 75.917862 115.012482
v -45.676094 75.917862 116.043640
v -43.839752 75.917862 116.729729
v -41.904816 75.917862 117.044380
v -39.945671 75.917862 116.975510
v -38.037628 75.917862 116.525726
v -36.253990 75.917862 115.712357
v -34.663292 75.917862 114.566650
v -33.326683 75.917862 113.132637
v -32.295525 75.917862 111.465408
v -31.609434 75.917862 109.629044
v -31.294783 75.917862 107.694122
v -31.363653 75.917862 105.734985
v -31.294783 80.917862 107.694122
v -31.363653 80.917862 105.734985
v -31.813429 80.917862 103.826942
v -32.626785 80.917862 102.043289
v -31.813429 75.917862 103.826942
v -32.626785 75.917862 102.043289
v -33.772499 75.917862 100.452606
v -35.206520 75.917862 99.115997
v -33.772499 80.917862 100.452606
v -35.206520 80.917862 99.115997
v -36.873756 80.917862 98.084839
v -38.710121 80.917862 97.398743
v -36.873756 75.917862 98.084839
v -38.710121 75.917862 97.398743
v -40.645042 75.917862 97.084091
v -42.604179 75.917862 97.152969
v -40.645042 80.917862 97.084091
v -42.604179 80.917862 97.152969
v -44.512215 80.917862 97.602745
v -46.295860 80.917862 98.416100
v -44.512215 75.917862 97.602745
v -46.295860 75.917862 98.416100
v -47.886566 75.917862 99.561813
v -49.223167 75.917862 100.995827
v -47.886566 80.917862 99.561813
v -49.223167 80.917862 100.995827
v -50.940422 18.211472 104.499420
v -50.254326 18.211472 102.663071
v -50.940422 23.211473 104.499420
v -51.255066 18.211472 106.434349
v -51.186195 18.211472 108.393478
v -51.255066 23.211473 106.434349
v -51.186195 23.211473 108.393478
v -50.736420 23.211473 110.301521
v -49.923065 23.211473 112.085175
v -50.736420 18.211472 110.301521
v -49.923065 18.211472 112.085175
v -48.777351 18.211472 113.675858
v -47.343338 18.211472 115.012482
v -48.777351 23.211473 113.675858
v -47.343338 23.211473 115.012482
v -45.676094 23.211473 116.043640
v -43.839752 23.211473 116.729729
v -45.676094 18.211472 116.043640
v -43.839752 18.211472 116.729729
v -41.904816 18.211472 117.044380
v -39.945671 18.211472 116.975510
v -41.904816 23.211473 117.044380
v -39.945671 23.211473 116.975510
v -38.037628 23.211473 116.525726
v -36.253990 23.211473 115.712357
v -38.037628 18.211472 116.525726
v -36.253990 18.211472 115.712357
v -34.663292 18.211472 114.566650
v -33.326683 18.211472 113.132637
v -34.663292 23.211473 114.566650
v -33.326683 23.211473 113.132637
v -32.295525 23.211473 111.465408
v -31.609434 23.211473 109.629044
v -32.295525 18.211472 111.465408
v -31.609434 18.211472 109.629044
v -31.294783 18.211472 107.694122
v -31.363653 18.211472 105.734985
v -31.294783 23.211473 107.694122
v -31.363653 23.211473 105.734985
v -31.813429 23.211473 103.826942
v -32.626785 23.211473 102.043289
v -31.813429 18.211472 103.826942
v -32.626785 18.211472 102.043289
v -33.772499 18.211472 100.452606
v -35.206520 18.211472 99.115997
v -33.772499 23.211473 100.452606
v -35.206520 23.211473 99.115997
v -36.873756 23.211473 98.084839
v -38.710121 23.211473 97.398743
v -36.873756 18.211472 98.084839
v -38.710121 18.211472 97.398743
v -40.645042 18.211472 97.084091
v -42.604179 18.211472 97.152969
v -40.645042 23.211473 97.084091
v -42.604179 23.211473 97.152969
v -44.512215 23.211473 97.602745
v -46.295860 23.211473 98.416100
v -44.512215 18.211472 97.602745
v -46.295860 18.211472 98.416100
v -47.886566 18.211472 99.561813
v -49.223167 18.211472 100.995827
v -47.886566 23.211473 99.561813
v -49.223167 23.211473 100.995827
v -50.254326 23.211473 102.663071
v 91.556587 23.211473 57.326515
vn -1.0000 -0.0000 -0.0000
vn -0.0000 -0.0000 -1.0000
vn -0.0000 -0.0000 1.0000
vn -0.0000 1.0000 -0.0000
vn 1.0000 -0.0000 -0.0000
vn -0.0000 -1.0000 -0.0000
vn 0.2164 -0.0000 -0.9763
vn 0.3111 -0.0000 -0.9504
vn 0.0218 -0.0000 -0.9998
vn -0.1737 -0.0000 -0.9848
vn -0.1736 -0.0000 -0.9848
vn -0.3624 -0.0000 -0.9320
vn -0.5373 -0.0000 -0.8434
vn -0.6915 -0.0000 -0.7224
vn -0.8192 -0.0000 -0.5736
vn -0.9153 -0.0000 -0.4027
vn -0.9153 -0.0000 -0.4028
vn -0.9763 -0.0000 -0.2164
vn -0.9998 -0.0000 -0.0218
vn -0.9848 -0.0000 0.1737
vn -0.9848 -0.0000 0.1736
vn -0.9320 -0.0000 0.3624
vn -0.8920 -0.0000 0.4520
vn -0.8920 -0.0000 0.4521
vn -0.8191 -0.0000 -0.5736
vn 0.0189 -0.0000 -0.9998
vn 0.0211 0.0009 -0.9998
vn -0.4714 -0.0000 0.8819
vn -0.5556 -0.0000 0.8315
vn -0.7071 -0.0000 0.7071
vn -0.8315 -0.0000 0.5556
vn -0.9239 -0.0000 0.3827
vn -0.9808 -0.0000 0.1951
vn -0.9808 -0.0000 -0.1951
vn -0.9239 -0.0000 -0.3827
vn -0.8315 -0.0000 -0.5556
vn -0.7071 -0.0000 -0.7071
vn -0.5556 -0.0000 -0.8315
vn -0.4714 -0.0000 -0.8819
vn 0.1715 -0.0000 0.9852
vn 0.0741 -0.0000 0.9973
vn 0.0741 -0.0000 0.9972
vn -0.1219 -0.0000 0.9925
vn -0.3132 -0.0000 0.9497
vn -0.4924 -0.0000 0.8704
vn -0.6528 -0.0000 0.7576
vn -0.7880 -0.0000 0.6157
vn -0.8930 -0.0000 0.4501
vn -0.9636 -0.0000 0.2672
vn -0.9973 -0.0000 0.0741
vn -0.9925 -0.0000 -0.1219
vn -0.9497 -0.0000 -0.3132
vn -0.9144 -0.0000 -0.4047
vn 0.7299 -0.0000 0.6836
vn 0.6593 -0.0000 0.7518
vn 0.6594 -0.0000 0.7518
vn 0.5000 -0.0000 0.8660
vn 0.3214 -0.0000 0.9469
vn 0.1305 -0.0000 0.9914
vn -0.0654 -0.0000 0.9979
vn -0.2588 -0.0000 0.9659
vn -0.4423 -0.0000 0.8969
vn -0.6088 -0.0000 0.7934
vn -0.7518 -0.0000 0.6593
vn -0.8660 -0.0000 0.5000
vn -0.9469 -0.0000 0.3214
vn -0.9914 -0.0000 0.1305
vn -0.9995 -0.0000 0.0327
vn 0.9901 -0.0000 0.1407
vn 0.9715 -0.0000 0.2371
vn 0.9066 -0.0000 0.4220
vn 0.8068 -0.0000 0.5908
vn 0.6761 -0.0000 0.7369
vn 0.6761 -0.0000 0.7368
vn 0.5193 -0.0000 0.8546
vn 0.3426 -0.0000 0.9395
vn 0.1527 -0.0000 0.9883
vn -0.0430 -0.0000 0.9991
vn -0.2371 -0.0000 0.9715
vn -0.4220 -0.0000 0.9066
vn -0.5908 -0.0000 0.8068
vn -0.7369 -0.0000 0.6761
vn -0.7996 -0.0000 0.6006
vn 0.8960 -0.0000 -0.4441
vn 0.9352 -0.0000 -0.3542
vn 0.9863 -0.0000 -0.1649
vn 0.9995 -0.0000 0.0307
vn 0.9743 -0.0000 0.2251
vn 0.9117 -0.0000 0.4109
vn 0.8140 -0.0000 0.5808
vn 0.6851 -0.0000 0.7285
vn 0.5298 -0.0000 0.8481
vn 0.3541 -0.0000 0.9352
vn 0.3542 -0.0000 0.9352
vn 0.1649 -0.0000 0.9863
vn -0.0307 -0.0000 0.9995
vn -0.2251 -0.0000 0.9743
vn -0.3195 -0.0000 0.9476
vn 0.4850 -0.0000 -0.8745
vn 0.5683 -0.0000 -0.8228
vn 0.4849 -0.0000 -0.8745
vn 0.7179 -0.0000 -0.6961
vn 0.8399 -0.0000 -0.5427
vn 0.9297 -0.0000 -0.3684
vn 0.9837 -0.0000 -0.1799
vn 0.9999 -0.0000 0.0154
vn 0.9777 -0.0000 0.2102
vn 0.9179 -0.0000 0.3969
vn 0.8228 -0.0000 0.5683
vn 0.6961 -0.0000 0.7179
vn 0.5427 -0.0000 0.8399
vn 0.4577 -0.0000 0.8891
vn -0.1692 -0.0000 -0.9856
vn -0.0718 -0.0000 -0.9974
vn 0.1242 -0.0000 -0.9923
vn 0.3154 -0.0000 -0.9490
vn 0.3153 -0.0000 -0.9490
vn 0.4944 -0.0000 -0.8692
vn 0.6545 -0.0000 -0.7561
vn 0.7894 -0.0000 -0.6138
vn 0.8940 -0.0000 -0.4480
vn 0.9642 -0.0000 -0.2650
vn 0.9974 -0.0000 -0.0718
vn 0.9923 -0.0000 0.1242
vn 0.9490 -0.0000 0.3153
vn 0.9135 -0.0000 0.4068
vn -0.7315 -0.0000 -0.6818
vn -0.6612 -0.0000 -0.7502
vn -0.5021 -0.0000 -0.8648
vn -0.3237 -0.0000 -0.9461
vn -0.1329 -0.0000 -0.9911
vn 0.0630 -0.0000 -0.9980
vn 0.2565 -0.0000 -0.9665
vn 0.4401 -0.0000 -0.8979
vn 0.6068 -0.0000 -0.7948
vn 0.7502 -0.0000 -0.6612
vn 0.8648 -0.0000 -0.5021
vn 0.9462 -0.0000 -0.3237
vn 0.9461 -0.0000 -0.3237
vn 0.9911 -0.0000 -0.1329
vn 0.9994 -0.0000 -0.0351
vn 0.7224 -0.0000 -0.6915
vn 0.7867 -0.0000 -0.6174
vn 0.5736 -0.0000 -0.8192
vn 0.4027 -0.0000 -0.9153
vn 0.4028 -0.0000 -0.9153
vn -0.9928 -0.0000 -0.1197
vn -0.9971 -0.0000 0.0763
vn -0.9972 -0.0000 0.0741
vn 0.0327 -0.0000 0.9995
vn 0.5825 -0.0000 0.8129
vn -0.4221 -0.0000 0.9066
vn -0.6670 -0.0000 0.7450
vn 0.9066 -0.0000 0.4221
vn 0.9117 -0.0000 0.4108
vn -0.1285 -0.0000 0.9917
vn 0.9654 -0.0000 -0.2608
vn 0.6463 -0.0000 -0.7631
vn 0.9490 -0.0000 0.3154
vn -0.3237 -0.0000 -0.9462
vn -0.1712 0.0020 -0.9852
vn -0.3593 0.0013 -0.9332
vn -0.1730 0.0016 -0.9849
vt 0.625000 0.000000
vt 0.375000 0.250000
vt 0.375000 0.000000
vt 0.625000 0.250000
vt 0.375000 0.500000
vt 0.625000 0.750000
vt 0.375000 1.000000
vt 0.375000 0.750000
vt 0.625000 1.000000
vt 0.625000 0.500000
vt 0.616663 0.050447
vt 0.514612 0.203178
vt 0.703178 0.485388
vt 0.562500 1.000000
vt 0.531250 0.500000
vt 0.562500 0.500000
vt 0.593750 1.000000
vt 0.593750 0.500000
vt 0.656250 1.000000
vt 0.656250 0.500000
vt 0.687500 1.000000
vt 0.687500 0.500000
vt 0.718750 1.000000
vt 0.718750 0.500000
vt 0.750000 1.000000
vt 0.750000 0.500000
vt 0.781250 1.000000
vt 0.781250 0.500000
vt 0.812500 1.000000
vt 0.812500 0.500000
vt 0.843750 1.000000
vt 0.843750 0.500000
vt 0.875000 1.000000
vt 0.875000 0.500000
vt 0.906250 1.000000
vt 0.906250 0.500000
vt 0.937500 1.000000
vt 0.937500 0.500000
vt 0.158156 0.028269
vt 0.471731 0.158156
vt 0.341844 0.471731
vt 0.471731 0.341844
vt 0.028269 0.341844
vt 0.341844 0.028269
vt 0.985388 0.296822
vt 0.796822 0.014612
vt 0.468750 1.000000
vt 0.437500 0.500000
vt 0.468750 0.500000
vt 0.500000 1.000000
vt 0.500000 0.500000
vt 0.531250 1.000000
vt 0.550447 0.383337
vt 0.883337 0.050447
vt 0.000000 0.000000
vt 0.919706 0.080294
vt 0.750000 0.490000
vt 0.796822 0.485388
vt 0.841844 0.471731
vt 0.883337 0.449553
vt 0.919706 0.419706
vt 0.949553 0.383337
vt 0.971731 0.341844
vt 0.990000 0.250000
vt 0.985388 0.203178
vt 0.971731 0.158156
vt 0.949553 0.116663
vt 0.841844 0.028269
vt 0.750000 0.010000
vt 0.703178 0.014612
vt 0.658156 0.028269
vt 0.580294 0.080294
vt 0.550447 0.116663
vt 0.528269 0.158156
vt 0.510000 0.250000
vt 0.514612 0.296822
vt 0.528269 0.341844
vt 0.580294 0.419706
vt 0.658156 0.471731
vt 0.616663 0.449553
vt 0.296822 0.485388
vt 0.158156 0.471731
vt 0.250000 0.490000
vt 0.203178 0.485388
vt 0.116663 0.449553
vt 0.080294 0.419706
vt 0.050447 0.383337
vt 0.014612 0.296822
vt 0.010000 0.250000
vt 0.014612 0.203178
vt 0.028269 0.158156
vt 0.050447 0.116663
vt 0.116663 0.050447
vt 0.080294 0.080294
vt 0.203178 0.014612
vt 0.296822 0.014612
vt 0.250000 0.010000
vt 0.383337 0.050447
vt 0.419706 0.080294
vt 0.449553 0.116663
vt 0.485388 0.203178
vt 0.490000 0.250000
vt 0.485388 0.296822
vt 0.449553 0.383337
vt 0.383337 0.449553
vt 0.419706 0.419706
vt 0.437500 1.000000
s 0
f 2/1/1 3/2/1 1/3/1
f 4/4/2 7/5/2 3/2/2
f 6/6/3 1/7/3 5/8/3
f 2/9/4 8/10/4 4/4/4
f 10/1/5 11/2/5 9/3/5
f 12/4/3 15/5/3 11/2/3
f 14/6/2 9/7/2 13/8/2
f 10/9/4 16/10/4 12/4/4
f 31/11/6 27/12/6 19/13/6
s 1
f 38/14/7 35/15/8 36/16/7
f 39/17/9 36/16/7 41/18/9
f 40/9/10 41/18/9 42/10/11
f 45/19/12 42/10/11 43/20/12
f 46/21/13 43/20/12 44/22/13
f 47/23/14 44/22/13 49/24/14
f 48/25/15 49/24/14 50/26/15
f 53/27/16 50/26/15 51/28/17
f 54/29/18 51/28/17 52/30/18
f 55/31/19 52/30/18 57/32/19
f 56/33/20 57/32/19 58/34/21
f 61/35/22 58/34/21 59/36/22
f 62/37/23 59/36/22 60/38/24
f 66/37/23 67/36/22 65/38/23
f 68/35/22 69/34/21 67/36/22
f 70/33/20 71/32/19 69/34/21
f 72/31/19 73/30/18 71/32/19
f 74/29/18 75/28/16 73/30/18
f 76/27/16 77/26/25 75/28/16
f 78/25/15 79/24/14 77/26/25
f 80/23/14 81/22/13 79/24/14
f 82/21/13 83/20/12 81/22/13
f 84/19/12 85/10/11 83/20/12
f 86/9/10 87/18/9 85/10/11
f 88/17/9 89/16/7 87/18/9
f 90/14/7 91/15/8 89/16/7
s 0
f 95/39/4 82/40/4 66/41/4
f 123/11/6 119/12/6 111/13/6
s 1
f 130/14/7 127/15/8 128/16/7
f 131/17/26 128/16/7 132/18/27
f 137/21/13 134/20/12 135/22/13
f 138/23/14 135/22/13 140/24/14
f 139/25/15 140/24/14 141/26/25
f 144/27/16 141/26/25 142/28/17
f 145/29/18 142/28/17 143/30/18
f 146/31/19 143/30/18 148/32/19
f 147/33/20 148/32/19 149/34/21
f 152/35/22 149/34/21 150/36/22
f 153/37/23 150/36/22 151/38/23
s 0
f 181/11/6 173/12/6 157/13/6
f 208/42/4 216/41/4 184/39/4
s 1
f 192/14/7 189/15/8 190/16/7
f 193/17/9 190/16/7 195/18/9
f 194/9/10 195/18/9 196/10/11
f 199/19/12 196/10/11 197/20/12
f 200/21/13 197/20/12 198/22/13
f 201/23/14 198/22/13 203/24/14
f 202/25/15 203/24/14 204/26/15
f 207/27/16 204/26/15 205/28/17
f 208/29/18 205/28/17 206/30/18
f 209/31/19 206/30/18 211/32/19
f 210/33/20 211/32/19 212/34/21
f 215/35/22 212/34/21 213/36/22
f 216/37/23 213/36/22 214/38/24
s 0
f 254/42/4 262/41/4 232/39/4
s 1
f 238/14/7 235/15/8 236/16/7
f 239/17/9 236/16/7 241/18/9
f 240/9/10 241/18/9 242/10/11
f 245/19/12 242/10/11 243/20/12
f 246/21/13 243/20/12 244/22/13
f 247/23/14 244/22/13 249/24/14
f 248/25/15 249/24/14 250/26/15
f 253/27/16 250/26/15 251/28/17
f 254/29/18 251/28/17 252/30/18
f 255/31/19 252/30/18 257/32/19
f 256/33/20 257/32/19 258/34/21
f 261/35/22 258/34/21 259/36/22
f 262/37/23 259/36/22 260/38/24
f 267/37/28 268/36/29 266/38/28
f 269/35/29 270/34/30 268/36/29
f 271/33/30 272/32/31 270/34/30
f 273/31/31 274/30/32 272/32/31
f 275/29/32 276/28/33 274/30/32
f 277/27/33 278/26/1 276/28/33
f 279/25/1 280/24/34 278/26/1
f 281/23/34 282/22/35 280/24/34
f 283/21/35 284/20/36 282/22/35
f 285/19/36 286/10/37 284/20/36
f 287/9/37 288/18/38 286/10/37
f 289/17/38 290/16/39 288/18/38
s 0
f 303/43/4 295/39/4 283/40/4
s 1
f 312/37/40 313/36/41 311/38/40
f 314/35/42 315/34/43 313/36/41
f 316/33/43 317/32/44 315/34/43
f 318/31/44 319/30/45 317/32/44
f 320/29/45 321/28/46 319/30/45
f 322/27/46 323/26/47 321/28/46
f 324/25/47 325/24/48 323/26/47
f 326/23/48 327/22/49 325/24/48
f 328/21/49 329/20/50 327/22/49
f 330/19/50 331/10/51 329/20/50
f 332/9/51 333/18/52 331/10/51
f 334/17/52 335/16/53 333/18/52
s 0
f 336/44/4 328/40/4 312/41/4
s 1
f 357/37/54 358/36/55 356/38/54
f 359/35/56 360/34/57 358/36/55
f 361/33/57 362/32/58 360/34/57
f 363/31/58 364/30/59 362/32/58
f 365/29/59 366/28/60 364/30/59
f 367/27/60 368/26/61 366/28/60
f 369/25/61 370/24/62 368/26/61
f 371/23/62 372/22/63 370/24/62
f 373/21/63 374/20/64 372/22/63
f 375/19/64 376/10/65 374/20/64
f 377/9/65 378/18/66 376/10/65
f 379/17/66 380/16/67 378/18/66
f 381/14/67 382/15/68 380/16/67
s 0
f 373/40/4 365/42/4 357/41/4
s 1
f 403/37/69 404/36/70 402/38/69
f 405/35/70 406/34/71 404/36/70
f 407/33/71 408/32/72 406/34/71
f 409/31/72 410/30/73 408/32/72
f 411/29/74 412/28/75 410/30/73
f 413/27/75 414/26/76 412/28/75
f 415/25/76 416/24/77 414/26/76
f 417/23/77 418/22/78 416/24/77
f 419/21/78 420/20/79 418/22/78
f 421/19/79 422/10/80 420/20/79
f 423/9/80 424/18/81 422/10/80
f 425/17/81 426/16/82 424/18/81
f 427/14/82 428/15/83 426/16/82
s 0
f 432/39/4 419/40/4 403/41/4
s 1
f 449/37/84 450/36/85 448/38/84
f 451/35/85 452/34/86 450/36/85
f 453/33/86 454/32/87 452/34/86
f 455/31/87 456/30/88 454/32/87
f 457/29/88 458/28/89 456/30/88
f 459/27/89 460/26/90 458/28/89
f 461/25/90 462/24/91 460/26/90
f 463/23/91 464/22/92 462/24/91
f 465/21/92 466/20/93 464/22/92
f 467/19/94 468/10/95 466/20/93
f 469/9/95 470/18/96 468/10/95
f 471/17/96 472/16/97 470/18/96
f 473/14/97 474/15/98 472/16/97
s 0
f 449/41/4 486/43/4 478/39/4
s 1
f 495/37/99 496/36/100 494/38/101
f 497/35/100 498/34/102 496/36/100
f 499/33/102 500/32/103 498/34/102
f 501/31/103 502/30/104 500/32/103
f 503/29/104 504/28/105 502/30/104
f 505/27/105 506/26/106 504/28/105
f 507/25/106 508/24/107 506/26/106
f 509/23/107 510/22/108 508/24/107
f 511/21/108 512/20/109 510/22/108
f 513/19/109 514/10/110 512/20/109
f 515/9/110 516/18/111 514/10/110
f 517/17/111 518/16/112 516/18/111
s 0
f 495/41/4 531/43/4 523/39/4
s 1
f 540/37/113 541/36/114 539/38/113
f 542/35/114 543/34/115 541/36/114
f 544/33/115 545/32/116 543/34/115
f 546/31/117 547/30/118 545/32/116
f 548/29/118 549/28/119 547/30/118
f 550/27/119 551/26/120 549/28/119
f 552/25/120 553/24/121 551/26/120
f 554/23/121 555/22/122 553/24/121
f 556/21/122 557/20/123 555/22/122
f 558/19/123 559/10/124 557/20/123
f 560/9/124 561/18/125 559/10/124
f 562/17/125 563/16/126 561/18/125
s 0
f 568/39/4 556/40/4 540/41/4
s 1
f 585/37/127 586/36/128 584/38/127
f 587/35/128 588/34/129 586/36/128
f 589/33/129 590/32/130 588/34/129
f 591/31/130 592/30/131 590/32/130
f 593/29/131 594/28/132 592/30/131
f 595/27/132 596/26/133 594/28/132
f 597/25/133 598/24/134 596/26/133
f 599/23/134 600/22/135 598/24/134
f 601/21/135 602/20/136 600/22/135
f 603/19/136 604/10/137 602/20/136
f 605/9/137 606/18/138 604/10/137
f 607/17/139 608/16/140 606/18/138
f 609/14/140 610/15/141 608/16/140
s 0
f 614/39/4 601/40/4 585/41/4
f 665/45/6 649/46/6 638/12/6
s 1
f 645/47/142 643/48/143 647/49/142
f 646/50/144 647/49/142 648/51/144
f 651/52/145 648/51/144 649/15/146
f 652/14/7 649/15/146 650/16/7
f 653/17/9 650/16/7 655/18/9
f 654/9/10 655/18/9 656/10/11
f 659/19/12 656/10/11 657/20/12
f 660/21/13 657/20/12 658/22/13
f 661/23/14 658/22/13 663/24/14
f 662/25/15 663/24/14 664/26/15
f 667/27/16 664/26/15 665/28/16
f 668/29/18 665/28/16 666/30/18
f 669/31/147 666/30/18 670/32/147
f 679/33/148 680/32/19 678/34/148
f 681/31/19 682/30/18 680/32/19
f 683/29/18 684/28/16 682/30/18
f 685/27/16 686/26/15 684/28/16
f 687/25/15 688/24/14 686/26/15
f 689/23/14 690/22/13 688/24/14
f 691/21/13 692/20/12 690/22/13
f 693/19/12 694/10/11 692/20/12
f 695/9/10 696/18/9 694/10/11
f 697/17/9 698/16/7 696/18/9
f 699/14/7 700/15/146 698/16/7
f 701/52/145 702/51/144 700/15/146
f 703/50/144 704/49/142 702/51/144
f 705/47/142 706/48/143 704/49/142
s 0
f 715/43/4 707/39/4 691/40/4
f 772/45/6 756/46/6 740/12/6
f 775/42/4 783/41/4 751/39/4
s 1
f 752/47/142 749/48/143 754/49/142
f 753/50/144 754/49/142 755/51/144
f 758/52/145 755/51/144 756/15/146
f 759/14/7 756/15/146 757/16/7
f 760/17/9 757/16/7 762/18/9
f 761/9/10 762/18/9 763/10/11
f 766/19/12 763/10/11 764/20/12
f 767/21/13 764/20/12 765/22/13
f 768/23/14 765/22/13 770/24/14
f 769/25/15 770/24/14 771/26/15
f 774/27/16 771/26/15 772/28/16
f 775/29/18 772/28/16 773/30/18
f 776/31/19 773/30/18 778/32/19
f 777/33/148 778/32/19 779/34/148
s 0
f 836/45/6 820/46/6 804/12/6
f 839/42/4 847/41/4 815/39/4
s 1
f 816/47/142 813/48/143 818/49/142
f 817/50/144 818/49/142 819/51/144
f 822/52/145 819/51/144 820/15/146
f 823/14/7 820/15/146 821/16/7
f 824/17/9 821/16/7 826/18/9
f 825/9/10 826/18/9 827/10/11
f 830/19/12 827/10/11 828/20/12
f 831/21/13 828/20/12 829/22/13
f 832/23/14 829/22/13 834/24/14
f 833/25/15 834/24/14 835/26/15
f 838/27/16 835/26/15 836/28/16
f 839/29/18 836/28/16 837/30/18
f 840/31/19 837/30/18 842/32/19
f 841/33/148 842/32/19 843/34/148
s 0
f 888/42/4 894/41/4 864/39/4
s 1
f 865/47/142 862/48/143 867/49/142
f 866/50/144 867/49/142 868/51/144
f 871/52/145 868/51/144 869/15/146
f 872/14/7 869/15/146 870/16/7
f 873/17/9 870/16/7 875/18/9
f 874/9/10 875/18/9 876/10/11
f 879/19/12 876/10/11 877/20/12
f 880/21/13 877/20/12 878/22/13
f 881/23/14 878/22/13 883/24/14
f 882/25/15 883/24/14 884/26/15
f 887/27/16 884/26/15 885/28/16
f 888/29/18 885/28/16 886/30/18
f 889/31/19 886/30/18 891/32/19
f 890/33/148 891/32/19 892/34/148
s 0
f 915/12/6 907/53/6 899/13/6
f 926/39/4 942/40/4 958/41/4
s 1
f 935/17/38 932/16/39 937/18/38
f 936/9/37 937/18/38 938/10/37
f 941/19/36 938/10/37 939/20/36
f 942/21/35 939/20/36 940/22/35
f 943/23/34 940/22/35 945/24/34
f 944/25/1 945/24/34 946/26/1
f 949/27/33 946/26/1 947/28/33
f 951/31/31 948/30/32 953/32/31
f 952/33/30 953/32/31 954/34/30
f 957/35/29 954/34/30 955/36/29
f 958/37/28 955/36/29 956/38/28
s 0
f 979/12/6 971/53/6 963/13/6
f 990/39/4 1006/40/4 1022/41/4
s 1
f 999/17/38 996/16/39 1001/18/38
f 1000/9/37 1001/18/38 1002/10/37
f 1005/19/36 1002/10/37 1003/20/36
f 1006/21/35 1003/20/36 1004/22/35
f 1007/23/34 1004/22/35 1009/24/34
f 1008/25/1 1009/24/34 1010/26/1
f 1013/27/33 1010/26/1 1011/28/33
f 1014/29/32 1011/28/33 1012/30/32
f 1015/31/31 1012/30/32 1017/32/31
f 1016/33/30 1017/32/31 1018/34/30
f 1021/35/29 1018/34/30 1019/36/29
f 1022/37/28 1019/36/29 1020/38/28
s 0
f 1038/39/4 1051/40/4 1067/41/4
s 1
f 1044/17/38 1041/16/39 1046/18/38
f 1045/9/37 1046/18/38 1047/10/37
f 1050/19/36 1047/10/37 1048/20/36
f 1051/21/35 1048/20/36 1049/22/35
f 1052/23/34 1049/22/35 1054/24/34
f 1053/25/1 1054/24/34 1055/26/1
f 1058/27/33 1055/26/1 1056/28/33
f 1059/29/32 1056/28/33 1057/30/32
f 1060/31/31 1057/30/32 1062/32/31
f 1061/33/30 1062/32/31 1063/34/30
f 1066/35/29 1063/34/30 1064/36/29
f 1067/37/28 1064/36/29 1065/38/28
s 0
f 1079/12/6 1075/53/6 1071/13/6
s 1
f 1090/17/38 1088/16/39 1092/18/38
f 1091/9/37 1092/18/38 1093/10/37
f 1096/19/36 1093/10/37 1094/20/36
f 1097/21/35 1094/20/36 1095/22/35
f 1098/23/34 1095/22/35 1100/24/34
f 1099/25/1 1100/24/34 1101/26/1
f 1104/27/33 1101/26/1 1102/28/33
f 1105/29/32 1102/28/33 1103/30/32
f 1106/31/31 1103/30/32 1108/32/31
f 1107/33/30 1108/32/31 1109/34/30
f 1112/35/29 1109/34/30 1110/36/29
f 1113/37/28 1110/36/29 1111/38/28
s 0
f 1125/53/6 1117/13/6 1149/46/6
f 1160/40/4 1168/42/4 1176/41/4
s 1
f 1153/17/52 1150/16/53 1155/18/52
f 1154/9/51 1155/18/52 1156/10/51
f 1159/19/50 1156/10/51 1157/20/50
f 1160/21/49 1157/20/50 1158/22/49
f 1161/23/48 1158/22/49 1163/24/48
f 1162/25/47 1163/24/48 1164/26/47
f 1167/27/46 1164/26/47 1165/28/46
f 1168/29/45 1165/28/46 1166/30/45
f 1169/31/44 1166/30/45 1171/32/44
f 1170/33/43 1171/32/44 1172/34/43
f 1175/35/42 1172/34/43 1173/36/41
f 1176/37/40 1173/36/41 1174/38/40
s 0
f 1189/53/6 1181/13/6 1213/46/6
f 1224/40/4 1232/42/4 1240/41/4
s 1
f 1217/17/52 1214/16/53 1219/18/52
f 1218/9/51 1219/18/52 1220/10/51
f 1223/19/149 1220/10/51 1221/20/50
f 1224/21/49 1221/20/50 1222/22/49
f 1225/23/48 1222/22/49 1227/24/48
f 1226/25/47 1227/24/48 1228/26/47
f 1231/27/46 1228/26/47 1229/28/46
f 1232/29/45 1229/28/46 1230/30/45
f 1233/31/44 1230/30/45 1235/32/44
f 1234/33/43 1235/32/44 1236/34/43
f 1239/35/42 1236/34/43 1237/36/41
f 1240/37/40 1237/36/41 1238/38/40
s 0
f 1269/40/4 1277/42/4 1285/41/4
s 1
f 1262/17/52 1259/16/53 1264/18/52
f 1263/9/51 1264/18/52 1265/10/51
f 1268/19/149 1265/10/51 1266/20/50
f 1269/21/49 1266/20/50 1267/22/49
f 1270/23/48 1267/22/49 1272/24/48
f 1271/25/47 1272/24/48 1273/26/47
f 1276/27/46 1273/26/47 1274/28/46
f 1277/29/45 1274/28/46 1275/30/45
f 1278/31/44 1275/30/45 1280/32/44
f 1279/33/43 1280/32/44 1281/34/43
f 1284/35/42 1281/34/43 1282/36/41
f 1285/37/40 1282/36/41 1283/38/40
s 0
f 1293/53/6 1289/13/6 1305/46/6
s 1
f 1308/17/52 1306/16/53 1310/18/52
f 1309/9/51 1310/18/52 1311/10/51
f 1314/19/149 1311/10/51 1312/20/50
f 1315/21/49 1312/20/50 1313/22/49
f 1316/23/48 1313/22/49 1318/24/48
f 1317/25/47 1318/24/48 1319/26/47
f 1322/27/46 1319/26/47 1320/28/46
f 1323/29/45 1320/28/46 1321/30/45
f 1324/31/44 1321/30/45 1326/32/44
f 1325/33/43 1326/32/44 1327/34/43
f 1330/35/42 1327/34/43 1328/36/41
f 1331/37/40 1328/36/41 1329/38/40
s 0
f 1335/13/6 1383/45/6 1367/46/6
f 1346/43/4 1362/39/4 1378/40/4
s 1
f 1370/14/67 1367/15/68 1368/16/67
f 1371/17/66 1368/16/67 1373/18/66
f 1372/9/65 1373/18/66 1374/10/65
f 1377/19/64 1374/10/65 1375/20/64
f 1378/21/63 1375/20/64 1376/22/63
f 1379/23/62 1376/22/63 1381/24/62
f 1380/25/61 1381/24/62 1382/26/61
f 1385/27/60 1382/26/61 1383/28/60
f 1386/29/59 1383/28/60 1384/30/59
f 1387/31/58 1384/30/59 1389/32/58
f 1388/33/57 1389/32/58 1390/34/57
f 1393/35/55 1390/34/57 1391/36/55
f 1394/37/54 1391/36/55 1392/38/54
s 0
f 1399/13/6 1447/45/6 1431/46/6
f 1410/43/4 1426/39/4 1442/40/4
s 1
f 1434/14/67 1431/15/68 1432/16/67
f 1435/17/66 1432/16/67 1437/18/66
f 1436/9/65 1437/18/66 1438/10/65
f 1441/19/64 1438/10/65 1439/20/64
f 1442/21/63 1439/20/64 1440/22/63
f 1443/23/62 1440/22/63 1445/24/62
f 1444/25/61 1445/24/62 1446/26/61
f 1449/27/60 1446/26/61 1447/28/60
f 1450/29/150 1447/28/60 1448/30/150
f 1457/35/55 1454/34/151 1455/36/55
f 1458/37/54 1455/36/55 1456/38/54
s 0
f 1466/43/4 1474/39/4 1488/40/4
s 1
f 1480/14/67 1477/15/68 1478/16/67
f 1481/17/66 1478/16/67 1483/18/66
f 1482/9/65 1483/18/66 1484/10/65
f 1487/19/64 1484/10/65 1485/20/64
f 1488/21/63 1485/20/64 1486/22/63
f 1489/23/62 1486/22/63 1491/24/62
f 1490/25/61 1491/24/62 1492/26/61
f 1495/27/60 1492/26/61 1493/28/60
f 1496/29/59 1493/28/60 1494/30/59
f 1497/31/58 1494/30/59 1499/32/58
f 1498/33/57 1499/32/58 1500/34/57
f 1503/35/55 1500/34/57 1501/36/55
f 1504/37/54 1501/36/55 1502/38/54
s 0
f 1508/13/6 1540/45/6 1524/46/6
s 1
f 1527/14/67 1524/15/68 1525/16/67
f 1528/17/66 1525/16/67 1530/18/66
f 1529/9/65 1530/18/66 1531/10/65
f 1534/19/64 1531/10/65 1532/20/64
f 1535/21/63 1532/20/64 1533/22/63
f 1536/23/62 1533/22/63 1538/24/62
f 1537/25/61 1538/24/62 1539/26/61
f 1542/27/60 1539/26/61 1540/28/60
f 1543/29/59 1540/28/60 1541/30/59
f 1544/31/58 1541/30/59 1546/32/58
f 1545/33/57 1546/32/58 1547/34/57
f 1550/35/55 1547/34/57 1548/36/55
f 1551/37/54 1548/36/55 1549/38/54
s 0
f 1603/45/6 1587/46/6 1571/12/6
f 1614/41/4 1566/43/4 1582/39/4
s 1
f 1590/14/82 1587/15/83 1588/16/82
f 1591/17/81 1588/16/82 1593/18/81
f 1592/9/80 1593/18/81 1594/10/152
f 1597/19/79 1594/10/152 1595/20/79
f 1598/21/78 1595/20/79 1596/22/78
f 1599/23/77 1596/22/78 1601/24/77
f 1600/25/76 1601/24/77 1602/26/76
f 1605/27/75 1602/26/76 1603/28/75
f 1606/29/73 1603/28/75 1604/30/73
f 1607/31/72 1604/30/73 1609/32/72
f 1608/33/71 1609/32/72 1610/34/71
f 1613/35/70 1610/34/71 1611/36/70
f 1614/37/69 1611/36/70 1612/38/69
s 0
f 1667/45/6 1651/46/6 1635/12/6
f 1678/41/4 1630/43/4 1646/39/4
s 1
f 1655/17/81 1652/16/153 1657/18/81
f 1656/9/80 1657/18/81 1658/10/152
f 1661/19/79 1658/10/152 1659/20/79
f 1662/21/78 1659/20/79 1660/22/78
f 1663/23/77 1660/22/78 1665/24/77
f 1664/25/76 1665/24/77 1666/26/76
f 1669/27/75 1666/26/76 1667/28/75
f 1670/29/73 1667/28/75 1668/30/73
f 1671/31/72 1668/30/73 1673/32/72
f 1672/33/71 1673/32/72 1674/34/71
f 1677/35/70 1674/34/71 1675/36/70
f 1678/37/69 1675/36/70 1676/38/69
s 0
f 1724/41/4 1686/43/4 1694/39/4
s 1
f 1700/14/82 1697/15/83 1698/16/82
f 1701/17/81 1698/16/82 1703/18/81
f 1702/9/80 1703/18/81 1704/10/152
f 1707/19/79 1704/10/152 1705/20/79
f 1708/21/78 1705/20/79 1706/22/78
f 1709/23/77 1706/22/78 1711/24/77
f 1710/25/76 1711/24/77 1712/26/76
f 1715/27/75 1712/26/76 1713/28/75
f 1716/29/73 1713/28/75 1714/30/73
f 1717/31/72 1714/30/73 1719/32/72
f 1718/33/71 1719/32/72 1720/34/71
f 1723/35/70 1720/34/71 1721/36/70
f 1724/37/69 1721/36/70 1722/38/69
s 0
f 1759/45/6 1744/46/6 1736/12/6
s 1
f 1747/17/81 1745/16/153 1749/18/81
f 1748/9/80 1749/18/81 1750/10/152
f 1753/19/79 1750/10/152 1751/20/79
f 1754/21/78 1751/20/79 1752/22/78
f 1755/23/77 1752/22/78 1757/24/77
f 1756/25/76 1757/24/77 1758/26/76
f 1761/27/75 1758/26/76 1759/28/75
f 1762/29/73 1759/28/75 1760/30/73
f 1763/31/72 1760/30/73 1765/32/72
f 1764/33/71 1765/32/72 1766/34/154
f 1769/35/70 1766/34/154 1767/36/70
f 1770/37/69 1767/36/70 1768/38/69
s 0
f 1790/12/6 1782/53/6 1774/13/6
f 1825/42/4 1833/41/4 1801/39/4
s 1
f 1809/14/97 1806/15/98 1807/16/97
f 1810/17/96 1807/16/97 1812/18/96
f 1811/9/95 1812/18/96 1813/10/95
f 1816/19/94 1813/10/95 1814/20/93
f 1817/21/92 1814/20/93 1815/22/92
f 1818/23/91 1815/22/92 1820/24/91
f 1819/25/90 1820/24/91 1821/26/90
f 1824/27/155 1821/26/90 1822/28/89
f 1825/29/88 1822/28/89 1823/30/88
f 1826/31/87 1823/30/88 1828/32/87
f 1827/33/86 1828/32/87 1829/34/86
f 1832/35/85 1829/34/86 1830/36/85
f 1833/37/84 1830/36/85 1831/38/84
s 0
f 1871/42/4 1879/41/4 1849/39/4
s 1
f 1855/14/97 1852/15/98 1853/16/97
f 1856/17/96 1853/16/97 1858/18/96
f 1857/9/95 1858/18/96 1859/10/95
f 1862/19/94 1859/10/95 1860/20/94
f 1863/21/92 1860/20/94 1861/22/92
f 1864/23/91 1861/22/92 1866/24/91
f 1865/25/90 1866/24/91 1867/26/90
f 1870/27/155 1867/26/90 1868/28/89
f 1871/29/88 1868/28/89 1869/30/88
f 1872/31/87 1869/30/88 1874/32/87
f 1873/33/86 1874/32/87 1875/34/86
f 1878/35/85 1875/34/86 1876/36/85
f 1879/37/84 1876/36/85 1877/38/84
s 0
f 1917/42/4 1925/41/4 1895/39/4
s 1
f 1901/14/97 1898/15/98 1899/16/97
f 1902/17/96 1899/16/97 1904/18/96
f 1903/9/95 1904/18/96 1905/10/95
f 1908/19/94 1905/10/95 1906/20/94
f 1909/21/92 1906/20/94 1907/22/92
f 1910/23/91 1907/22/92 1912/24/91
f 1911/25/90 1912/24/91 1913/26/90
f 1916/27/155 1913/26/90 1914/28/89
f 1917/29/88 1914/28/89 1915/30/88
f 1918/31/87 1915/30/88 1920/32/87
f 1919/33/86 1920/32/87 1921/34/86
f 1924/35/85 1921/34/86 1922/36/85
f 1925/37/84 1922/36/85 1923/38/84
s 0
f 1937/12/6 1933/53/6 1929/13/6
s 1
f 1948/17/96 1946/16/156 1950/18/96
f 1949/9/95 1950/18/96 1951/10/95
f 1954/19/94 1951/10/95 1952/20/94
f 1955/21/92 1952/20/94 1953/22/92
f 1956/23/91 1953/22/92 1958/24/91
f 1957/25/90 1958/24/91 1959/26/90
f 1962/27/155 1959/26/90 1960/28/89
f 1963/29/88 1960/28/89 1961/30/88
f 1964/31/87 1961/30/88 1966/32/87
f 1965/33/86 1966/32/87 1967/34/86
f 1970/35/157 1967/34/86 1968/36/157
s 0
f 2022/45/6 2006/46/6 1990/12/6
f 2009/44/4 2017/40/4 2033/41/4
s 1
f 2010/17/111 2007/16/112 2012/18/111
f 2011/9/110 2012/18/111 2013/10/110
f 2016/19/109 2013/10/110 2014/20/109
f 2017/21/108 2014/20/109 2015/22/108
f 2018/23/107 2015/22/108 2020/24/107
f 2019/25/106 2020/24/107 2021/26/106
f 2024/27/105 2021/26/106 2022/28/105
f 2025/29/104 2022/28/105 2023/30/104
f 2026/31/103 2023/30/104 2028/32/103
f 2027/33/102 2028/32/103 2029/34/102
f 2032/35/100 2029/34/102 2030/36/100
f 2033/37/99 2030/36/100 2031/38/101
s 0
f 2086/45/6 2070/46/6 2054/12/6
f 2073/44/4 2081/40/4 2097/41/4
s 1
f 2074/17/111 2071/16/112 2076/18/111
f 2075/9/110 2076/18/111 2077/10/110
f 2080/19/109 2077/10/110 2078/20/109
f 2081/21/108 2078/20/109 2079/22/108
f 2082/23/107 2079/22/108 2084/24/107
f 2083/25/106 2084/24/107 2085/26/106
f 2088/27/105 2085/26/106 2086/28/105
f 2089/29/104 2086/28/105 2087/30/104
f 2090/31/103 2087/30/104 2092/32/103
f 2091/33/102 2092/32/103 2093/34/102
f 2096/35/100 2093/34/102 2094/36/100
f 2097/37/101 2094/36/100 2095/38/99
s 0
f 2118/44/4 2126/40/4 2141/41/4
s 1
f 2119/17/111 2116/16/112 2121/18/111
f 2120/9/110 2121/18/111 2122/10/110
f 2125/19/109 2122/10/110 2123/20/109
f 2126/21/108 2123/20/109 2124/22/108
f 2127/23/107 2124/22/108 2129/24/107
f 2128/25/106 2129/24/107 2130/26/106
f 2133/27/105 2130/26/106 2131/28/105
f 2134/29/104 2131/28/105 2132/30/104
f 2135/31/103 2132/30/104 2137/32/103
f 2136/33/102 2137/32/103 2138/34/102
f 2140/35/158 2138/34/102 2139/36/158
s 0
f 2176/45/6 2161/46/6 2153/12/6
s 1
f 2164/17/111 2162/16/112 2166/18/111
f 2165/9/110 2166/18/111 2167/10/110
f 2170/19/109 2167/10/110 2168/20/109
f 2171/21/108 2168/20/109 2169/22/108
f 2172/23/107 2169/22/108 2174/24/107
f 2173/25/106 2174/24/107 2175/26/106
f 2178/27/105 2175/26/106 2176/28/105
f 2179/29/104 2176/28/105 2177/30/104
f 2180/31/103 2177/30/104 2182/32/103
f 2181/33/102 2182/32/103 2183/34/102
f 2186/35/158 2183/34/102 2184/36/158
s 0
f 2190/13/6 2238/45/6 2222/46/6
f 2201/43/4 2217/39/4 2233/40/4
s 1
f 2226/17/125 2223/16/126 2228/18/159
f 2227/9/124 2228/18/159 2229/10/124
f 2232/19/123 2229/10/124 2230/20/123
f 2233/21/122 2230/20/123 2231/22/122
f 2234/23/121 2231/22/122 2236/24/121
f 2235/25/120 2236/24/121 2237/26/120
f 2240/27/119 2237/26/120 2238/28/119
f 2241/29/118 2238/28/119 2239/30/118
f 2242/31/117 2239/30/118 2244/32/116
f 2243/33/115 2244/32/116 2245/34/115
f 2248/35/114 2245/34/115 2246/36/114
f 2249/37/113 2246/36/114 2247/38/113
s 0
f 2254/13/6 2302/45/6 2286/46/6
f 2265/43/4 2281/39/4 2297/40/4
s 1
f 2290/17/125 2287/16/126 2292/18/125
f 2291/9/124 2292/18/125 2293/10/124
f 2296/19/123 2293/10/124 2294/20/123
f 2297/21/122 2294/20/123 2295/22/122
f 2298/23/121 2295/22/122 2300/24/121
f 2299/25/120 2300/24/121 2301/26/120
f 2304/27/119 2301/26/120 2302/28/119
f 2305/29/118 2302/28/119 2303/30/118
f 2306/31/117 2303/30/118 2308/32/116
f 2307/33/115 2308/32/116 2309/34/115
f 2312/35/114 2309/34/115 2310/36/114
f 2313/37/113 2310/36/114 2311/38/113
s 0
f 2321/43/4 2329/39/4 2342/40/4
s 1
f 2335/17/125 2332/16/126 2337/18/125
f 2336/9/124 2337/18/125 2338/10/124
f 2341/19/123 2338/10/124 2339/20/123
f 2342/21/122 2339/20/123 2340/22/122
f 2343/23/121 2340/22/122 2345/24/121
f 2344/25/120 2345/24/121 2346/26/120
f 2349/27/119 2346/26/120 2347/28/119
f 2350/29/118 2347/28/119 2348/30/118
f 2351/31/117 2348/30/118 2353/32/116
f 2352/33/115 2353/32/116 2354/34/115
f 2357/35/114 2354/34/115 2355/36/114
f 2358/37/113 2355/36/114 2356/38/113
s 0
f 2362/13/6 2393/45/6 2378/46/6
s 1
f 2381/17/125 2379/16/126 2383/18/125
f 2382/9/124 2383/18/125 2384/10/124
f 2387/19/123 2384/10/124 2385/20/123
f 2388/21/122 2385/20/123 2386/22/122
f 2389/23/121 2386/22/122 2391/24/121
f 2390/25/120 2391/24/121 2392/26/120
f 2395/27/119 2392/26/120 2393/28/119
f 2396/29/118 2393/28/119 2394/30/118
f 2397/31/117 2394/30/118 2399/32/116
f 2398/33/115 2399/32/116 2400/34/115
f 2403/35/114 2400/34/115 2401/36/114
f 2404/37/113 2401/36/114 2402/38/113
s 0
f 2408/13/6 2456/45/6 2440/46/6
f 2435/39/4 2451/40/4 2467/41/4
s 1
f 2443/14/140 2440/15/141 2441/16/140
f 2444/17/139 2441/16/140 2446/18/138
f 2445/9/137 2446/18/138 2447/10/137
f 2450/19/136 2447/10/137 2448/20/136
f 2451/21/135 2448/20/136 2449/22/135
f 2452/23/134 2449/22/135 2454/24/134
f 2453/25/133 2454/24/134 2455/26/133
f 2458/27/132 2455/26/133 2456/28/132
f 2459/29/131 2456/28/132 2457/30/131
f 2460/31/130 2457/30/131 2462/32/160
f 2461/33/129 2462/32/160 2463/34/129
f 2466/35/128 2463/34/129 2464/36/128
f 2467/37/127 2464/36/128 2465/38/127
s 0
f 2483/39/4 2497/40/4 2513/41/4
s 1
f 2489/14/140 2486/15/141 2487/16/140
f 2490/17/139 2487/16/140 2492/18/138
f 2491/9/137 2492/18/138 2493/10/137
f 2496/19/136 2493/10/137 2494/20/136
f 2497/21/135 2494/20/136 2495/22/135
f 2498/23/134 2495/22/135 2500/24/134
f 2499/25/133 2500/24/134 2501/26/133
f 2504/27/132 2501/26/133 2502/28/132
f 2505/29/131 2502/28/132 2503/30/131
f 2506/31/130 2503/30/131 2508/32/160
f 2507/33/129 2508/32/160 2509/34/129
f 2512/35/128 2509/34/129 2510/36/128
f 2513/37/127 2510/36/128 2511/38/127
s 0
f 2517/13/6 2549/45/6 2533/46/6
s 1
f 2536/14/140 2533/15/141 2534/16/140
f 2537/17/139 2534/16/140 2539/18/138
f 2538/9/137 2539/18/138 2540/10/137
f 2543/19/136 2540/10/137 2541/20/136
f 2544/21/135 2541/20/136 2542/22/135
f 2545/23/134 2542/22/135 2547/24/134
f 2546/25/133 2547/24/134 2548/26/133
f 2551/27/132 2548/26/133 2549/28/132
f 2552/29/131 2549/28/132 2550/30/131
f 2553/31/130 2550/30/131 2555/32/160
f 2554/33/129 2555/32/160 2556/34/129
f 2559/35/128 2556/34/129 2557/36/128
f 2560/37/127 2557/36/128 2558/38/127
s 0
f 2564/13/6 2612/45/6 2596/46/6
f 2591/39/4 2607/40/4 2623/41/4
s 1
f 2599/14/140 2596/15/141 2597/16/140
f 2600/17/139 2597/16/140 2602/18/138
f 2601/9/137 2602/18/138 2603/10/137
f 2606/19/136 2603/10/137 2604/20/136
f 2607/21/135 2604/20/136 2605/22/135
f 2608/23/134 2605/22/135 2610/24/134
f 2609/25/133 2610/24/134 2611/26/133
f 2614/27/132 2611/26/133 2612/28/132
f 2615/29/131 2612/28/132 2613/30/131
f 2616/31/130 2613/30/131 2618/32/160
f 2617/33/129 2618/32/160 2619/34/129
f 2622/35/128 2619/34/129 2620/36/128
f 2623/37/127 2620/36/128 2621/38/127
f 132/54/27 2625/55/161 131/17/26
f 136/19/162 133/56/163 134/20/12
f 950/29/32 947/28/33 948/30/32
s 0
f 2/1/1 4/4/1 3/2/1
f 4/4/2 8/10/2 7/5/2
f 6/6/3 2/9/3 1/7/3
f 2/9/4 6/6/4 8/10/4
f 10/1/5 12/4/5 11/2/5
f 12/4/3 16/10/3 15/5/3
f 14/6/2 10/9/2 9/7/2
f 10/9/4 14/6/4 16/10/4
f 19/13/6 17/57/6 18/58/6
f 18/58/6 60/59/6 59/60/6
f 59/60/6 58/61/6 57/62/6
f 57/62/6 52/63/6 51/45/6
f 51/45/6 50/64/6 49/65/6
f 49/65/6 44/66/6 43/67/6
f 43/67/6 42/56/6 41/54/6
f 41/54/6 36/68/6 35/46/6
f 35/46/6 34/69/6 31/11/6
f 34/69/6 33/70/6 31/11/6
f 33/70/6 32/71/6 31/11/6
f 31/11/6 30/72/6 29/73/6
f 29/73/6 28/74/6 27/12/6
f 27/12/6 26/75/6 25/76/6
f 25/76/6 24/77/6 23/53/6
f 23/53/6 22/78/6 20/79/6
f 22/78/6 21/80/6 20/79/6
f 20/79/6 19/13/6 23/53/6
f 19/13/6 18/58/6 51/45/6
f 18/58/6 59/60/6 51/45/6
f 59/60/6 57/62/6 51/45/6
f 51/45/6 49/65/6 43/67/6
f 43/67/6 41/54/6 35/46/6
f 31/11/6 29/73/6 27/12/6
f 27/12/6 25/76/6 19/13/6
f 25/76/6 23/53/6 19/13/6
f 51/45/6 43/67/6 19/13/6
f 43/67/6 35/46/6 19/13/6
f 35/46/6 31/11/6 19/13/6
s 1
f 38/14/7 37/52/8 35/15/8
f 39/17/9 38/14/7 36/16/7
f 40/9/10 39/17/9 41/18/9
f 45/19/12 40/9/10 42/10/11
f 46/21/13 45/19/12 43/20/12
f 47/23/14 46/21/13 44/22/13
f 48/25/15 47/23/14 49/24/14
f 53/27/16 48/25/15 50/26/15
f 54/29/18 53/27/16 51/28/17
f 55/31/19 54/29/18 52/30/18
f 56/33/20 55/31/19 57/32/19
f 61/35/22 56/33/20 58/34/21
f 62/37/23 61/35/22 59/36/22
f 66/37/23 68/35/22 67/36/22
f 68/35/22 70/33/20 69/34/21
f 70/33/20 72/31/19 71/32/19
f 72/31/19 74/29/18 73/30/18
f 74/29/18 76/27/16 75/28/16
f 76/27/16 78/25/15 77/26/25
f 78/25/15 80/23/14 79/24/14
f 80/23/14 82/21/13 81/22/13
f 82/21/13 84/19/12 83/20/12
f 84/19/12 86/9/10 85/10/11
f 86/9/10 88/17/9 87/18/9
f 88/17/9 90/14/7 89/16/7
f 90/14/7 92/52/8 91/15/8
s 0
f 66/41/4 64/81/4 107/82/4
f 64/81/4 63/83/4 108/84/4
f 107/82/4 64/81/4 108/84/4
f 107/82/4 106/85/4 105/86/4
f 105/86/4 104/87/4 103/43/4
f 103/43/4 102/88/4 101/89/4
f 101/89/4 100/90/4 99/91/4
f 99/91/4 98/92/4 96/93/4
f 98/92/4 97/94/4 96/93/4
f 96/93/4 95/39/4 99/91/4
f 95/39/4 94/95/4 92/96/4
f 94/95/4 93/97/4 92/96/4
f 92/96/4 90/44/4 95/39/4
f 90/44/4 88/98/4 86/99/4
f 86/99/4 84/100/4 82/40/4
f 82/40/4 80/101/4 74/42/4
f 80/101/4 78/102/4 74/42/4
f 78/102/4 76/103/4 74/42/4
f 74/42/4 72/104/4 68/105/4
f 72/104/4 70/106/4 68/105/4
f 68/105/4 66/41/4 74/42/4
f 107/82/4 105/86/4 66/41/4
f 105/86/4 103/43/4 66/41/4
f 103/43/4 101/89/4 99/91/4
f 90/44/4 86/99/4 95/39/4
f 86/99/4 82/40/4 95/39/4
f 103/43/4 99/91/4 66/41/4
f 99/91/4 95/39/4 66/41/4
f 82/40/4 74/42/4 66/41/4
f 111/13/6 109/57/6 110/58/6
f 110/58/6 151/59/6 150/60/6
f 150/60/6 149/61/6 148/62/6
f 148/62/6 143/63/6 142/45/6
f 142/45/6 141/64/6 140/65/6
f 140/65/6 135/66/6 134/67/6
f 134/67/6 133/56/6 132/54/6
f 132/54/6 128/68/6 127/46/6
f 127/46/6 126/69/6 123/11/6
f 126/69/6 125/70/6 123/11/6
f 125/70/6 124/71/6 123/11/6
f 123/11/6 122/72/6 121/73/6
f 121/73/6 120/74/6 119/12/6
f 119/12/6 118/75/6 117/76/6
f 117/76/6 116/77/6 115/53/6
f 115/53/6 114/78/6 112/79/6
f 114/78/6 113/80/6 112/79/6
f 112/79/6 111/13/6 115/53/6
f 111/13/6 110/58/6 142/45/6
f 110/58/6 150/60/6 142/45/6
f 150/60/6 148/62/6 142/45/6
f 142/45/6 140/65/6 134/67/6
f 134/67/6 132/54/6 127/46/6
f 123/11/6 121/73/6 119/12/6
f 119/12/6 117/76/6 111/13/6
f 117/76/6 115/53/6 111/13/6
f 142/45/6 134/67/6 111/13/6
f 134/67/6 127/46/6 111/13/6
f 127/46/6 123/11/6 111/13/6
s 1
f 130/14/7 129/52/8 127/15/8
f 131/17/26 130/14/7 128/16/7
f 137/21/13 136/19/162 134/20/12
f 138/23/14 137/21/13 135/22/13
f 139/25/15 138/23/14 140/24/14
f 144/27/16 139/25/15 141/26/25
f 145/29/18 144/27/16 142/28/17
f 146/31/19 145/29/18 143/30/18
f 147/33/20 146/31/19 148/32/19
f 152/35/22 147/33/20 149/34/21
f 153/37/23 152/35/22 150/36/22
s 0
f 157/13/6 154/57/6 155/58/6
f 155/58/6 214/59/6 213/60/6
f 213/60/6 212/61/6 211/62/6
f 211/62/6 206/63/6 205/45/6
f 205/45/6 204/64/6 203/65/6
f 203/65/6 198/66/6 197/67/6
f 197/67/6 196/56/6 195/54/6
f 195/54/6 190/68/6 189/46/6
f 189/46/6 188/69/6 181/11/6
f 188/69/6 187/70/6 181/11/6
f 187/70/6 182/71/6 181/11/6
f 181/11/6 180/72/6 179/73/6
f 179/73/6 174/74/6 173/12/6
f 173/12/6 172/75/6 171/76/6
f 171/76/6 166/77/6 165/53/6
f 165/53/6 164/78/6 158/79/6
f 164/78/6 163/80/6 158/79/6
f 158/79/6 157/13/6 165/53/6
f 157/13/6 155/58/6 205/45/6
f 155/58/6 213/60/6 205/45/6
f 213/60/6 211/62/6 205/45/6
f 205/45/6 203/65/6 197/67/6
f 197/67/6 195/54/6 189/46/6
f 181/11/6 179/73/6 173/12/6
f 173/12/6 171/76/6 157/13/6
f 171/76/6 165/53/6 157/13/6
f 205/45/6 197/67/6 157/13/6
f 197/67/6 189/46/6 157/13/6
f 189/46/6 181/11/6 157/13/6
f 216/41/4 217/81/4 160/82/4
f 217/81/4 156/83/4 160/82/4
f 156/83/4 159/84/4 160/82/4
f 160/82/4 161/85/4 162/86/4
f 162/86/4 167/87/4 168/43/4
f 168/43/4 169/88/4 175/90/4
f 169/88/4 170/89/4 175/90/4
f 175/90/4 176/91/4 168/43/4
f 176/91/4 177/92/4 178/94/4
f 178/94/4 183/93/4 184/39/4
f 184/39/4 185/95/4 186/97/4
f 186/97/4 191/96/4 192/44/4
f 192/44/4 193/98/4 199/100/4
f 193/98/4 194/99/4 199/100/4
f 199/100/4 200/40/4 192/44/4
f 200/40/4 201/101/4 207/103/4
f 201/101/4 202/102/4 207/103/4
f 207/103/4 208/42/4 200/40/4
f 208/42/4 209/104/4 215/105/4
f 209/104/4 210/106/4 215/105/4
f 215/105/4 216/41/4 208/42/4
f 160/82/4 162/86/4 168/43/4
f 176/91/4 178/94/4 168/43/4
f 178/94/4 184/39/4 168/43/4
f 184/39/4 186/97/4 200/40/4
f 186/97/4 192/44/4 200/40/4
f 216/41/4 160/82/4 184/39/4
f 160/82/4 168/43/4 184/39/4
f 200/40/4 208/42/4 184/39/4
s 1
f 192/14/7 191/52/8 189/15/8
f 193/17/9 192/14/7 190/16/7
f 194/9/10 193/17/9 195/18/9
f 199/19/12 194/9/10 196/10/11
f 200/21/13 199/19/12 197/20/12
f 201/23/14 200/21/13 198/22/13
f 202/25/15 201/23/14 203/24/14
f 207/27/16 202/25/15 204/26/15
f 208/29/18 207/27/16 205/28/17
f 209/31/19 208/29/18 206/30/18
f 210/33/20 209/31/19 211/32/19
f 215/35/22 210/33/20 212/34/21
f 216/37/23 215/35/22 213/36/22
s 0
f 262/41/4 263/81/4 220/82/4
f 263/81/4 218/83/4 220/82/4
f 218/83/4 219/84/4 220/82/4
f 220/82/4 221/85/4 222/86/4
f 222/86/4 223/87/4 224/43/4
f 224/43/4 225/88/4 227/90/4
f 225/88/4 226/89/4 227/90/4
f 227/90/4 228/91/4 224/43/4
f 228/91/4 229/92/4 230/94/4
f 230/94/4 231/93/4 232/39/4
f 232/39/4 233/95/4 234/97/4
f 234/97/4 237/96/4 238/44/4
f 238/44/4 239/98/4 245/100/4
f 239/98/4 240/99/4 245/100/4
f 245/100/4 246/40/4 238/44/4
f 246/40/4 247/101/4 253/103/4
f 247/101/4 248/102/4 253/103/4
f 253/103/4 254/42/4 246/40/4
f 254/42/4 255/104/4 261/105/4
f 255/104/4 256/106/4 261/105/4
f 261/105/4 262/41/4 254/42/4
f 220/82/4 222/86/4 224/43/4
f 228/91/4 230/94/4 224/43/4
f 230/94/4 232/39/4 224/43/4
f 232/39/4 234/97/4 246/40/4
f 234/97/4 238/44/4 246/40/4
f 262/41/4 220/82/4 232/39/4
f 220/82/4 224/43/4 232/39/4
f 246/40/4 254/42/4 232/39/4
s 1
f 238/14/7 237/52/8 235/15/8
f 239/17/9 238/14/7 236/16/7
f 240/9/10 239/17/9 241/18/9
f 245/19/12 240/9/10 242/10/11
f 246/21/13 245/19/12 243/20/12
f 247/23/14 246/21/13 244/22/13
f 248/25/15 247/23/14 249/24/14
f 253/27/16 248/25/15 250/26/15
f 254/29/18 253/27/16 251/28/17
f 255/31/19 254/29/18 252/30/18
f 256/33/20 255/31/19 257/32/19
f 261/35/22 256/33/20 258/34/21
f 262/37/23 261/35/22 259/36/22
f 267/37/28 269/35/29 268/36/29
f 269/35/29 271/33/30 270/34/30
f 271/33/30 273/31/31 272/32/31
f 273/31/31 275/29/32 274/30/32
f 275/29/32 277/27/33 276/28/33
f 277/27/33 279/25/1 278/26/1
f 279/25/1 281/23/34 280/24/34
f 281/23/34 283/21/35 282/22/35
f 283/21/35 285/19/36 284/20/36
f 285/19/36 287/9/37 286/10/37
f 287/9/37 289/17/38 288/18/38
f 289/17/38 291/14/39 290/16/39
s 0
f 267/41/4 265/81/4 264/83/4
f 264/83/4 308/84/4 307/82/4
f 307/82/4 306/85/4 304/87/4
f 306/85/4 305/86/4 304/87/4
f 304/87/4 303/43/4 307/82/4
f 303/43/4 302/88/4 301/89/4
f 301/89/4 300/90/4 299/91/4
f 299/91/4 298/92/4 301/89/4
f 298/92/4 297/94/4 295/39/4
f 297/94/4 296/93/4 295/39/4
f 295/39/4 294/95/4 293/97/4
f 293/97/4 292/96/4 289/98/4
f 292/96/4 291/44/4 289/98/4
f 289/98/4 287/99/4 283/40/4
f 287/99/4 285/100/4 283/40/4
f 283/40/4 281/101/4 279/102/4
f 279/102/4 277/103/4 275/42/4
f 275/42/4 273/104/4 271/106/4
f 271/106/4 269/105/4 275/42/4
f 269/105/4 267/41/4 275/42/4
f 267/41/4 264/83/4 303/43/4
f 264/83/4 307/82/4 303/43/4
f 303/43/4 301/89/4 295/39/4
f 295/39/4 301/89/4 298/92/4
f 295/39/4 293/97/4 283/40/4
f 283/40/4 293/97/4 289/98/4
f 283/40/4 279/102/4 267/41/4
f 279/102/4 275/42/4 267/41/4
f 267/41/4 303/43/4 283/40/4
s 1
f 312/37/40 314/35/42 313/36/41
f 314/35/42 316/33/43 315/34/43
f 316/33/43 318/31/44 317/32/44
f 318/31/44 320/29/45 319/30/45
f 320/29/45 322/27/46 321/28/46
f 322/27/46 324/25/47 323/26/47
f 324/25/47 326/23/48 325/24/48
f 326/23/48 328/21/49 327/22/49
f 328/21/49 330/19/50 329/20/50
f 330/19/50 332/9/51 331/10/51
f 332/9/51 334/17/52 333/18/52
f 334/17/52 336/14/53 335/16/53
s 0
f 312/41/4 310/81/4 309/83/4
f 309/83/4 353/84/4 352/82/4
f 352/82/4 351/85/4 350/86/4
f 350/86/4 349/87/4 348/43/4
f 348/43/4 347/88/4 346/89/4
f 346/89/4 345/90/4 344/91/4
f 344/91/4 343/92/4 340/39/4
f 343/92/4 342/94/4 341/93/4
f 340/39/4 343/92/4 341/93/4
f 340/39/4 339/95/4 336/44/4
f 339/95/4 338/97/4 337/96/4
f 336/44/4 339/95/4 337/96/4
f 336/44/4 334/98/4 330/100/4
f 334/98/4 332/99/4 330/100/4
f 330/100/4 328/40/4 336/44/4
f 328/40/4 326/101/4 324/102/4
f 324/102/4 322/103/4 320/42/4
f 320/42/4 318/104/4 316/106/4
f 316/106/4 314/105/4 320/42/4
f 314/105/4 312/41/4 320/42/4
f 312/41/4 309/83/4 352/82/4
f 352/82/4 350/86/4 312/41/4
f 350/86/4 348/43/4 312/41/4
f 348/43/4 346/89/4 344/91/4
f 328/40/4 324/102/4 312/41/4
f 324/102/4 320/42/4 312/41/4
f 348/43/4 344/91/4 312/41/4
f 344/91/4 340/39/4 312/41/4
f 340/39/4 336/44/4 312/41/4
s 1
f 357/37/54 359/35/56 358/36/55
f 359/35/56 361/33/57 360/34/57
f 361/33/57 363/31/58 362/32/58
f 363/31/58 365/29/59 364/30/59
f 365/29/59 367/27/60 366/28/60
f 367/27/60 369/25/61 368/26/61
f 369/25/61 371/23/62 370/24/62
f 371/23/62 373/21/63 372/22/63
f 373/21/63 375/19/64 374/20/64
f 375/19/64 377/9/65 376/10/65
f 377/9/65 379/17/66 378/18/66
f 379/17/66 381/14/67 380/16/67
f 381/14/67 383/52/68 382/15/68
s 0
f 357/41/4 355/81/4 354/83/4
f 354/83/4 399/84/4 357/41/4
f 399/84/4 398/82/4 396/86/4
f 357/41/4 399/84/4 396/86/4
f 398/82/4 397/85/4 396/86/4
f 396/86/4 395/87/4 394/43/4
f 394/43/4 393/88/4 392/89/4
f 392/89/4 391/90/4 394/43/4
f 391/90/4 390/91/4 394/43/4
f 390/91/4 389/92/4 386/39/4
f 389/92/4 388/94/4 387/93/4
f 386/39/4 389/92/4 387/93/4
f 386/39/4 385/95/4 381/44/4
f 385/95/4 384/97/4 381/44/4
f 384/97/4 383/96/4 381/44/4
f 381/44/4 379/98/4 377/99/4
f 377/99/4 375/100/4 373/40/4
f 373/40/4 371/101/4 365/42/4
f 371/101/4 369/102/4 367/103/4
f 365/42/4 371/101/4 367/103/4
f 365/42/4 363/104/4 361/106/4
f 361/106/4 359/105/4 365/42/4
f 359/105/4 357/41/4 365/42/4
f 396/86/4 394/43/4 357/41/4
f 381/44/4 377/99/4 373/40/4
f 394/43/4 390/91/4 357/41/4
f 390/91/4 386/39/4 357/41/4
f 386/39/4 381/44/4 357/41/4
f 381/44/4 373/40/4 357/41/4
s 1
f 403/37/69 405/35/70 404/36/70
f 405/35/70 407/33/71 406/34/71
f 407/33/71 409/31/72 408/32/72
f 409/31/72 411/29/74 410/30/73
f 411/29/74 413/27/75 412/28/75
f 413/27/75 415/25/76 414/26/76
f 415/25/76 417/23/77 416/24/77
f 417/23/77 419/21/78 418/22/78
f 419/21/78 421/19/79 420/20/79
f 421/19/79 423/9/80 422/10/80
f 423/9/80 425/17/81 424/18/81
f 425/17/81 427/14/82 426/16/82
f 427/14/82 429/52/83 428/15/83
s 0
f 403/41/4 401/81/4 400/83/4
f 400/83/4 445/84/4 403/41/4
f 445/84/4 444/82/4 403/41/4
f 444/82/4 443/85/4 442/86/4
f 442/86/4 441/87/4 440/43/4
f 440/43/4 439/88/4 436/91/4
f 439/88/4 438/89/4 436/91/4
f 438/89/4 437/90/4 436/91/4
f 436/91/4 435/92/4 433/93/4
f 435/92/4 434/94/4 433/93/4
f 433/93/4 432/39/4 436/91/4
f 432/39/4 431/95/4 430/97/4
f 430/97/4 429/96/4 427/44/4
f 427/44/4 425/98/4 423/99/4
f 423/99/4 421/100/4 427/44/4
f 421/100/4 419/40/4 427/44/4
f 419/40/4 417/101/4 413/103/4
f 417/101/4 415/102/4 413/103/4
f 413/103/4 411/42/4 419/40/4
f 411/42/4 409/104/4 403/41/4
f 409/104/4 407/106/4 405/105/4
f 403/41/4 409/104/4 405/105/4
f 444/82/4 442/86/4 403/41/4
f 442/86/4 440/43/4 403/41/4
f 432/39/4 430/97/4 419/40/4
f 430/97/4 427/44/4 419/40/4
f 440/43/4 436/91/4 403/41/4
f 436/91/4 432/39/4 403/41/4
f 419/40/4 411/42/4 403/41/4
s 1
f 449/37/84 451/35/85 450/36/85
f 451/35/85 453/33/86 452/34/86
f 453/33/86 455/31/87 454/32/87
f 455/31/87 457/29/88 456/30/88
f 457/29/88 459/27/89 458/28/89
f 459/27/89 461/25/90 460/26/90
f 461/25/90 463/23/91 462/24/91
f 463/23/91 465/21/92 464/22/92
f 465/21/92 467/19/94 466/20/93
f 467/19/94 469/9/95 468/10/95
f 469/9/95 471/17/96 470/18/96
f 471/17/96 473/14/97 472/16/97
f 473/14/97 475/52/98 474/15/98
s 0
f 449/41/4 447/81/4 446/83/4
f 446/83/4 491/84/4 490/82/4
f 490/82/4 489/85/4 487/87/4
f 489/85/4 488/86/4 487/87/4
f 487/87/4 486/43/4 490/82/4
f 486/43/4 485/88/4 484/89/4
f 484/89/4 483/90/4 482/91/4
f 482/91/4 481/92/4 480/94/4
f 480/94/4 479/93/4 478/39/4
f 478/39/4 477/95/4 473/44/4
f 477/95/4 476/97/4 473/44/4
f 476/97/4 475/96/4 473/44/4
f 473/44/4 471/98/4 469/99/4
f 469/99/4 467/100/4 473/44/4
f 467/100/4 465/40/4 473/44/4
f 465/40/4 463/101/4 461/102/4
f 461/102/4 459/103/4 457/42/4
f 457/42/4 455/104/4 449/41/4
f 455/104/4 453/106/4 449/41/4
f 453/106/4 451/105/4 449/41/4
f 449/41/4 446/83/4 486/43/4
f 446/83/4 490/82/4 486/43/4
f 486/43/4 484/89/4 482/91/4
f 482/91/4 480/94/4 486/43/4
f 480/94/4 478/39/4 486/43/4
f 465/40/4 461/102/4 449/41/4
f 461/102/4 457/42/4 449/41/4
f 478/39/4 473/44/4 449/41/4
f 473/44/4 465/40/4 449/41/4
s 1
f 495/37/99 497/35/100 496/36/100
f 497/35/100 499/33/102 498/34/102
f 499/33/102 501/31/103 500/32/103
f 501/31/103 503/29/104 502/30/104
f 503/29/104 505/27/105 504/28/105
f 505/27/105 507/25/106 506/26/106
f 507/25/106 509/23/107 508/24/107
f 509/23/107 511/21/108 510/22/108
f 511/21/108 513/19/109 512/20/109
f 513/19/109 515/9/110 514/10/110
f 515/9/110 517/17/111 516/18/111
f 517/17/111 519/14/112 518/16/112
s 0
f 495/41/4 493/81/4 492/83/4
f 492/83/4 536/84/4 495/41/4
f 536/84/4 535/82/4 495/41/4
f 535/82/4 534/85/4 533/86/4
f 533/86/4 532/87/4 531/43/4
f 531/43/4 530/88/4 529/89/4
f 529/89/4 528/90/4 525/94/4
f 528/90/4 527/91/4 526/92/4
f 525/94/4 528/90/4 526/92/4
f 525/94/4 524/93/4 523/39/4
f 523/39/4 522/95/4 519/44/4
f 522/95/4 521/97/4 520/96/4
f 519/44/4 522/95/4 520/96/4
f 519/44/4 517/98/4 513/100/4
f 517/98/4 515/99/4 513/100/4
f 513/100/4 511/40/4 519/44/4
f 511/40/4 509/101/4 507/102/4
f 507/102/4 505/103/4 503/42/4
f 503/42/4 501/104/4 499/106/4
f 499/106/4 497/105/4 503/42/4
f 497/105/4 495/41/4 503/42/4
f 535/82/4 533/86/4 495/41/4
f 533/86/4 531/43/4 495/41/4
f 531/43/4 529/89/4 523/39/4
f 523/39/4 529/89/4 525/94/4
f 511/40/4 507/102/4 495/41/4
f 507/102/4 503/42/4 495/41/4
f 523/39/4 519/44/4 495/41/4
f 519/44/4 511/40/4 495/41/4
s 1
f 540/37/113 542/35/114 541/36/114
f 542/35/114 544/33/115 543/34/115
f 544/33/115 546/31/117 545/32/116
f 546/31/117 548/29/118 547/30/118
f 548/29/118 550/27/119 549/28/119
f 550/27/119 552/25/120 551/26/120
f 552/25/120 554/23/121 553/24/121
f 554/23/121 556/21/122 555/22/122
f 556/21/122 558/19/123 557/20/123
f 558/19/123 560/9/124 559/10/124
f 560/9/124 562/17/125 561/18/125
f 562/17/125 564/14/126 563/16/126
s 0
f 540/41/4 538/81/4 537/83/4
f 537/83/4 581/84/4 540/41/4
f 581/84/4 580/82/4 540/41/4
f 580/82/4 579/85/4 577/87/4
f 579/85/4 578/86/4 577/87/4
f 577/87/4 576/43/4 580/82/4
f 576/43/4 575/88/4 574/89/4
f 574/89/4 573/90/4 572/91/4
f 572/91/4 571/92/4 568/39/4
f 571/92/4 570/94/4 568/39/4
f 570/94/4 569/93/4 568/39/4
f 568/39/4 567/95/4 564/44/4
f 567/95/4 566/97/4 565/96/4
f 564/44/4 567/95/4 565/96/4
f 564/44/4 562/98/4 558/100/4
f 562/98/4 560/99/4 558/100/4
f 558/100/4 556/40/4 564/44/4
f 556/40/4 554/101/4 552/102/4
f 552/102/4 550/103/4 548/42/4
f 548/42/4 546/104/4 544/106/4
f 544/106/4 542/105/4 540/41/4
f 576/43/4 574/89/4 572/91/4
f 556/40/4 552/102/4 540/41/4
f 552/102/4 548/42/4 540/41/4
f 548/42/4 544/106/4 540/41/4
f 540/41/4 580/82/4 576/43/4
f 576/43/4 572/91/4 540/41/4
f 572/91/4 568/39/4 540/41/4
f 568/39/4 564/44/4 556/40/4
s 1
f 585/37/127 587/35/128 586/36/128
f 587/35/128 589/33/129 588/34/129
f 589/33/129 591/31/130 590/32/130
f 591/31/130 593/29/131 592/30/131
f 593/29/131 595/27/132 594/28/132
f 595/27/132 597/25/133 596/26/133
f 597/25/133 599/23/134 598/24/134
f 599/23/134 601/21/135 600/22/135
f 601/21/135 603/19/136 602/20/136
f 603/19/136 605/9/137 604/10/137
f 605/9/137 607/17/139 606/18/138
f 607/17/139 609/14/140 608/16/140
f 609/14/140 611/52/141 610/15/141
s 0
f 585/41/4 583/81/4 582/83/4
f 582/83/4 627/84/4 626/82/4
f 626/82/4 625/85/4 622/43/4
f 625/85/4 624/86/4 622/43/4
f 624/86/4 623/87/4 622/43/4
f 622/43/4 621/88/4 620/89/4
f 620/89/4 619/90/4 618/91/4
f 618/91/4 617/92/4 614/39/4
f 617/92/4 616/94/4 614/39/4
f 616/94/4 615/93/4 614/39/4
f 614/39/4 613/95/4 612/97/4
f 612/97/4 611/96/4 609/44/4
f 609/44/4 607/98/4 601/40/4
f 607/98/4 605/99/4 601/40/4
f 605/99/4 603/100/4 601/40/4
f 601/40/4 599/101/4 597/102/4
f 597/102/4 595/103/4 593/42/4
f 593/42/4 591/104/4 589/106/4
f 589/106/4 587/105/4 585/41/4
f 585/41/4 582/83/4 622/43/4
f 582/83/4 626/82/4 622/43/4
f 622/43/4 620/89/4 614/39/4
f 620/89/4 618/91/4 614/39/4
f 614/39/4 612/97/4 601/40/4
f 612/97/4 609/44/4 601/40/4
f 601/40/4 597/102/4 593/42/4
f 593/42/4 589/106/4 601/40/4
f 589/106/4 585/41/4 601/40/4
f 585/41/4 622/43/4 614/39/4
f 630/13/6 628/57/6 629/58/6
f 629/58/6 673/59/6 672/60/6
f 672/60/6 671/61/6 665/45/6
f 671/61/6 670/62/6 665/45/6
f 670/62/6 666/63/6 665/45/6
f 665/45/6 664/64/6 663/65/6
f 663/65/6 658/66/6 657/67/6
f 657/67/6 656/56/6 649/46/6
f 656/56/6 655/54/6 649/46/6
f 655/54/6 650/68/6 649/46/6
f 649/46/6 648/69/6 642/11/6
f 648/69/6 647/70/6 642/11/6
f 647/70/6 643/71/6 642/11/6
f 642/11/6 641/72/6 640/73/6
f 640/73/6 639/74/6 638/12/6
f 638/12/6 637/75/6 636/76/6
f 636/76/6 635/77/6 634/53/6
f 634/53/6 633/78/6 632/80/6
f 632/80/6 631/79/6 634/53/6
f 631/79/6 630/13/6 634/53/6
f 630/13/6 629/58/6 665/45/6
f 629/58/6 672/60/6 665/45/6
f 665/45/6 663/65/6 649/46/6
f 663/65/6 657/67/6 649/46/6
f 642/11/6 640/73/6 649/46/6
f 640/73/6 638/12/6 649/46/6
f 638/12/6 636/76/6 630/13/6
f 636/76/6 634/53/6 630/13/6
f 630/13/6 665/45/6 638/12/6
s 1
f 645/47/142 644/107/143 643/48/143
f 646/50/144 645/47/142 647/49/142
f 651/52/145 646/50/144 648/51/144
f 652/14/7 651/52/145 649/15/146
f 653/17/9 652/14/7 650/16/7
f 654/9/10 653/17/9 655/18/9
f 659/19/12 654/9/10 656/10/11
f 660/21/13 659/19/12 657/20/12
f 661/23/14 660/21/13 658/22/13
f 662/25/15 661/23/14 663/24/14
f 667/27/16 662/25/15 664/26/15
f 668/29/18 667/27/16 665/28/16
f 669/31/147 668/29/18 666/30/18
f 679/33/148 681/31/19 680/32/19
f 681/31/19 683/29/18 682/30/18
f 683/29/18 685/27/16 684/28/16
f 685/27/16 687/25/15 686/26/15
f 687/25/15 689/23/14 688/24/14
f 689/23/14 691/21/13 690/22/13
f 691/21/13 693/19/12 692/20/12
f 693/19/12 695/9/10 694/10/11
f 695/9/10 697/17/9 696/18/9
f 697/17/9 699/14/7 698/16/7
f 699/14/7 701/52/145 700/15/146
f 701/52/145 703/50/144 702/51/144
f 703/50/144 705/47/142 704/49/142
f 705/47/142 707/107/143 706/48/143
s 0
f 676/41/4 675/81/4 674/83/4
f 674/83/4 720/84/4 719/82/4
f 719/82/4 718/85/4 717/86/4
f 717/86/4 716/87/4 719/82/4
f 716/87/4 715/43/4 719/82/4
f 715/43/4 714/88/4 713/89/4
f 713/89/4 712/90/4 711/91/4
f 711/91/4 710/92/4 707/39/4
f 710/92/4 709/94/4 707/39/4
f 709/94/4 708/93/4 707/39/4
f 707/39/4 705/95/4 703/97/4
f 703/97/4 701/96/4 699/44/4
f 699/44/4 697/98/4 695/99/4
f 695/99/4 693/100/4 699/44/4
f 693/100/4 691/40/4 699/44/4
f 691/40/4 689/101/4 683/42/4
f 689/101/4 687/102/4 683/42/4
f 687/102/4 685/103/4 683/42/4
f 683/42/4 681/104/4 679/106/4
f 679/106/4 677/105/4 676/41/4
f 676/41/4 674/83/4 715/43/4
f 674/83/4 719/82/4 715/43/4
f 715/43/4 713/89/4 707/39/4
f 713/89/4 711/91/4 707/39/4
f 707/39/4 703/97/4 691/40/4
f 703/97/4 699/44/4 691/40/4
f 683/42/4 679/106/4 691/40/4
f 679/106/4 676/41/4 691/40/4
f 676/41/4 715/43/4 691/40/4
f 724/13/6 721/57/6 722/58/6
f 722/58/6 781/59/6 780/60/6
f 780/60/6 779/61/6 772/45/6
f 779/61/6 778/62/6 772/45/6
f 778/62/6 773/63/6 772/45/6
f 772/45/6 771/64/6 770/65/6
f 770/65/6 765/66/6 764/67/6
f 764/67/6 763/56/6 756/46/6
f 763/56/6 762/54/6 756/46/6
f 762/54/6 757/68/6 756/46/6
f 756/46/6 755/69/6 748/11/6
f 755/69/6 754/70/6 748/11/6
f 754/70/6 749/71/6 748/11/6
f 748/11/6 747/72/6 746/73/6
f 746/73/6 741/74/6 740/12/6
f 740/12/6 739/75/6 738/76/6
f 738/76/6 733/77/6 732/53/6
f 732/53/6 731/78/6 730/80/6
f 730/80/6 725/79/6 732/53/6
f 725/79/6 724/13/6 732/53/6
f 724/13/6 722/58/6 772/45/6
f 722/58/6 780/60/6 772/45/6
f 772/45/6 770/65/6 756/46/6
f 770/65/6 764/67/6 756/46/6
f 748/11/6 746/73/6 756/46/6
f 746/73/6 740/12/6 756/46/6
f 740/12/6 738/76/6 724/13/6
f 738/76/6 732/53/6 724/13/6
f 724/13/6 772/45/6 740/12/6
f 783/41/4 784/81/4 727/82/4
f 784/81/4 723/83/4 727/82/4
f 723/83/4 726/84/4 727/82/4
f 727/82/4 728/85/4 729/86/4
f 729/86/4 734/87/4 727/82/4
f 734/87/4 735/43/4 727/82/4
f 735/43/4 736/88/4 743/91/4
f 736/88/4 737/89/4 742/90/4
f 743/91/4 736/88/4 742/90/4
f 743/91/4 744/92/4 745/94/4
f 745/94/4 750/93/4 751/39/4
f 751/39/4 752/95/4 753/97/4
f 753/97/4 758/96/4 759/44/4
f 759/44/4 760/98/4 767/40/4
f 760/98/4 761/99/4 767/40/4
f 761/99/4 766/100/4 767/40/4
f 767/40/4 768/101/4 775/42/4
f 768/101/4 769/102/4 774/103/4
f 775/42/4 768/101/4 774/103/4
f 775/42/4 776/104/4 783/41/4
f 776/104/4 777/106/4 783/41/4
f 777/106/4 782/105/4 783/41/4
f 743/91/4 745/94/4 735/43/4
f 745/94/4 751/39/4 735/43/4
f 751/39/4 753/97/4 767/40/4
f 753/97/4 759/44/4 767/40/4
f 783/41/4 727/82/4 751/39/4
f 727/82/4 735/43/4 751/39/4
f 767/40/4 775/42/4 751/39/4
s 1
f 752/47/142 751/107/143 749/48/143
f 753/50/144 752/47/142 754/49/142
f 758/52/145 753/50/144 755/51/144
f 759/14/7 758/52/145 756/15/146
f 760/17/9 759/14/7 757/16/7
f 761/9/10 760/17/9 762/18/9
f 766/19/12 761/9/10 763/10/11
f 767/21/13 766/19/12 764/20/12
f 768/23/14 767/21/13 765/22/13
f 769/25/15 768/23/14 770/24/14
f 774/27/16 769/25/15 771/26/15
f 775/29/18 774/27/16 772/28/16
f 776/31/19 775/29/18 773/30/18
f 777/33/148 776/31/19 778/32/19
s 0
f 788/13/6 785/57/6 786/58/6
f 786/58/6 845/59/6 844/60/6
f 844/60/6 843/61/6 836/45/6
f 843/61/6 842/62/6 836/45/6
f 842/62/6 837/63/6 836/45/6
f 836/45/6 835/64/6 834/65/6
f 834/65/6 829/66/6 828/67/6
f 828/67/6 827/56/6 820/46/6
f 827/56/6 826/54/6 820/46/6
f 826/54/6 821/68/6 820/46/6
f 820/46/6 819/69/6 812/11/6
f 819/69/6 818/70/6 812/11/6
f 818/70/6 813/71/6 812/11/6
f 812/11/6 811/72/6 810/73/6
f 810/73/6 805/74/6 804/12/6
f 804/12/6 803/75/6 802/76/6
f 802/76/6 797/77/6 796/53/6
f 796/53/6 795/78/6 794/80/6
f 794/80/6 789/79/6 796/53/6
f 789/79/6 788/13/6 796/53/6
f 788/13/6 786/58/6 836/45/6
f 786/58/6 844/60/6 836/45/6
f 836/45/6 834/65/6 820/46/6
f 834/65/6 828/67/6 820/46/6
f 812/11/6 810/73/6 820/46/6
f 810/73/6 804/12/6 820/46/6
f 804/12/6 802/76/6 788/13/6
f 802/76/6 796/53/6 788/13/6
f 788/13/6 836/45/6 804/12/6
f 847/41/4 848/81/4 791/82/4
f 848/81/4 787/83/4 791/82/4
f 787/83/4 790/84/4 791/82/4
f 791/82/4 792/85/4 793/86/4
f 793/86/4 798/87/4 791/82/4
f 798/87/4 799/43/4 791/82/4
f 799/43/4 800/88/4 807/91/4
f 800/88/4 801/89/4 806/90/4
f 807/91/4 800/88/4 806/90/4
f 807/91/4 808/92/4 809/94/4
f 809/94/4 814/93/4 815/39/4
f 815/39/4 816/95/4 817/97/4
f 817/97/4 822/96/4 823/44/4
f 823/44/4 824/98/4 831/40/4
f 824/98/4 825/99/4 831/40/4
f 825/99/4 830/100/4 831/40/4
f 831/40/4 832/101/4 839/42/4
f 832/101/4 833/102/4 838/103/4
f 839/42/4 832/101/4 838/103/4
f 839/42/4 840/104/4 847/41/4
f 840/104/4 841/106/4 847/41/4
f 841/106/4 846/105/4 847/41/4
f 807/91/4 809/94/4 799/43/4
f 809/94/4 815/39/4 799/43/4
f 815/39/4 817/97/4 831/40/4
f 817/97/4 823/44/4 831/40/4
f 847/41/4 791/82/4 815/39/4
f 791/82/4 799/43/4 815/39/4
f 831/40/4 839/42/4 815/39/4
s 1
f 816/47/142 815/107/143 813/48/143
f 817/50/144 816/47/142 818/49/142
f 822/52/145 817/50/144 819/51/144
f 823/14/7 822/52/145 820/15/146
f 824/17/9 823/14/7 821/16/7
f 825/9/10 824/17/9 826/18/9
f 830/19/12 825/9/10 827/10/11
f 831/21/13 830/19/12 828/20/12
f 832/23/14 831/21/13 829/22/13
f 833/25/15 832/23/14 834/24/14
f 838/27/16 833/25/15 835/26/15
f 839/29/18 838/27/16 836/28/16
f 840/31/19 839/29/18 837/30/18
f 841/33/148 840/31/19 842/32/19
s 0
f 894/41/4 895/81/4 851/82/4
f 895/81/4 849/83/4 851/82/4
f 849/83/4 850/84/4 851/82/4
f 851/82/4 852/85/4 853/86/4
f 853/86/4 854/87/4 851/82/4
f 854/87/4 855/43/4 851/82/4
f 855/43/4 856/88/4 859/91/4
f 856/88/4 857/89/4 858/90/4
f 859/91/4 856/88/4 858/90/4
f 859/91/4 860/92/4 861/94/4
f 861/94/4 863/93/4 864/39/4
f 864/39/4 865/95/4 866/97/4
f 866/97/4 871/96/4 872/44/4
f 872/44/4 873/98/4 880/40/4
f 873/98/4 874/99/4 880/40/4
f 874/99/4 879/100/4 880/40/4
f 880/40/4 881/101/4 888/42/4
f 881/101/4 882/102/4 887/103/4
f 888/42/4 881/101/4 887/103/4
f 888/42/4 889/104/4 894/41/4
f 889/104/4 890/106/4 894/41/4
f 890/106/4 893/105/4 894/41/4
f 859/91/4 861/94/4 855/43/4
f 861/94/4 864/39/4 855/43/4
f 864/39/4 866/97/4 880/40/4
f 866/97/4 872/44/4 880/40/4
f 894/41/4 851/82/4 864/39/4
f 851/82/4 855/43/4 864/39/4
f 880/40/4 888/42/4 864/39/4
s 1
f 865/47/142 864/107/143 862/48/143
f 866/50/144 865/47/142 867/49/142
f 871/52/145 866/50/144 868/51/144
f 872/14/7 871/52/145 869/15/146
f 873/17/9 872/14/7 870/16/7
f 874/9/10 873/17/9 875/18/9
f 879/19/12 874/9/10 876/10/11
f 880/21/13 879/19/12 877/20/12
f 881/23/14 880/21/13 878/22/13
f 882/25/15 881/23/14 883/24/14
f 887/27/16 882/25/15 884/26/15
f 888/29/18 887/27/16 885/28/16
f 889/31/19 888/29/18 886/30/18
f 890/33/148 889/31/19 891/32/19
s 0
f 899/13/6 896/57/6 897/58/6
f 897/58/6 956/59/6 955/60/6
f 955/60/6 954/61/6 947/45/6
f 954/61/6 953/62/6 947/45/6
f 953/62/6 948/63/6 947/45/6
f 947/45/6 946/64/6 939/67/6
f 946/64/6 945/65/6 939/67/6
f 945/65/6 940/66/6 939/67/6
f 939/67/6 938/56/6 931/46/6
f 938/56/6 937/54/6 931/46/6
f 937/54/6 932/68/6 931/46/6
f 931/46/6 930/69/6 923/11/6
f 930/69/6 929/70/6 923/11/6
f 929/70/6 924/71/6 923/11/6
f 923/11/6 922/72/6 915/12/6
f 922/72/6 921/73/6 916/74/6
f 915/12/6 922/72/6 916/74/6
f 915/12/6 914/75/6 907/53/6
f 914/75/6 913/76/6 907/53/6
f 913/76/6 908/77/6 907/53/6
f 907/53/6 906/78/6 899/13/6
f 906/78/6 905/80/6 899/13/6
f 905/80/6 900/79/6 899/13/6
f 899/13/6 897/58/6 947/45/6
f 897/58/6 955/60/6 947/45/6
f 947/45/6 939/67/6 899/13/6
f 939/67/6 931/46/6 899/13/6
f 931/46/6 923/11/6 899/13/6
f 923/11/6 915/12/6 899/13/6
f 958/41/4 959/81/4 902/82/4
f 959/81/4 898/83/4 902/82/4
f 898/83/4 901/84/4 902/82/4
f 902/82/4 903/85/4 904/86/4
f 904/86/4 909/87/4 910/43/4
f 910/43/4 911/88/4 912/89/4
f 912/89/4 917/90/4 918/91/4
f 918/91/4 919/92/4 920/94/4
f 920/94/4 925/93/4 926/39/4
f 926/39/4 927/95/4 928/97/4
f 928/97/4 933/96/4 934/44/4
f 934/44/4 935/98/4 936/99/4
f 936/99/4 941/100/4 934/44/4
f 941/100/4 942/40/4 934/44/4
f 942/40/4 943/101/4 944/102/4
f 944/102/4 949/103/4 942/40/4
f 949/103/4 950/42/4 942/40/4
f 950/42/4 951/104/4 952/106/4
f 952/106/4 957/105/4 958/41/4
f 902/82/4 904/86/4 958/41/4
f 904/86/4 910/43/4 958/41/4
f 910/43/4 912/89/4 918/91/4
f 918/91/4 920/94/4 910/43/4
f 920/94/4 926/39/4 910/43/4
f 926/39/4 928/97/4 942/40/4
f 928/97/4 934/44/4 942/40/4
f 950/42/4 952/106/4 942/40/4
f 952/106/4 958/41/4 942/40/4
f 958/41/4 910/43/4 926/39/4
s 1
f 935/17/38 934/14/39 932/16/39
f 936/9/37 935/17/38 937/18/38
f 941/19/36 936/9/37 938/10/37
f 942/21/35 941/19/36 939/20/36
f 943/23/34 942/21/35 940/22/35
f 944/25/1 943/23/34 945/24/34
f 949/27/33 944/25/1 946/26/1
f 951/31/31 950/29/32 948/30/32
f 952/33/30 951/31/31 953/32/31
f 957/35/29 952/33/30 954/34/30
f 958/37/28 957/35/29 955/36/29
s 0
f 963/13/6 960/57/6 961/58/6
f 961/58/6 1020/59/6 1019/60/6
f 1019/60/6 1018/61/6 1011/45/6
f 1018/61/6 1017/62/6 1011/45/6
f 1017/62/6 1012/63/6 1011/45/6
f 1011/45/6 1010/64/6 1003/67/6
f 1010/64/6 1009/65/6 1003/67/6
f 1009/65/6 1004/66/6 1003/67/6
f 1003/67/6 1002/56/6 995/46/6
f 1002/56/6 1001/54/6 995/46/6
f 1001/54/6 996/68/6 995/46/6
f 995/46/6 994/69/6 987/11/6
f 994/69/6 993/70/6 987/11/6
f 993/70/6 988/71/6 987/11/6
f 987/11/6 986/72/6 979/12/6
f 986/72/6 985/73/6 980/74/6
f 979/12/6 986/72/6 980/74/6
f 979/12/6 978/75/6 971/53/6
f 978/75/6 977/76/6 971/53/6
f 977/76/6 972/77/6 971/53/6
f 971/53/6 970/78/6 963/13/6
f 970/78/6 969/80/6 963/13/6
f 969/80/6 964/79/6 963/13/6
f 963/13/6 961/58/6 1011/45/6
f 961/58/6 1019/60/6 1011/45/6
f 1011/45/6 1003/67/6 963/13/6
f 1003/67/6 995/46/6 963/13/6
f 995/46/6 987/11/6 963/13/6
f 987/11/6 979/12/6 963/13/6
f 1022/41/4 1023/81/4 966/82/4
f 1023/81/4 962/83/4 966/82/4
f 962/83/4 965/84/4 966/82/4
f 966/82/4 967/85/4 968/86/4
f 968/86/4 973/87/4 974/43/4
f 974/43/4 975/88/4 976/89/4
f 976/89/4 981/90/4 982/91/4
f 982/91/4 983/92/4 984/94/4
f 984/94/4 989/93/4 990/39/4
f 990/39/4 991/95/4 992/97/4
f 992/97/4 997/96/4 998/44/4
f 998/44/4 999/98/4 1000/99/4
f 1000/99/4 1005/100/4 998/44/4
f 1005/100/4 1006/40/4 998/44/4
f 1006/40/4 1007/101/4 1008/102/4
f 1008/102/4 1013/103/4 1006/40/4
f 1013/103/4 1014/42/4 1006/40/4
f 1014/42/4 1015/104/4 1016/106/4
f 1016/106/4 1021/105/4 1022/41/4
f 966/82/4 968/86/4 1022/41/4
f 968/86/4 974/43/4 1022/41/4
f 974/43/4 976/89/4 982/91/4
f 982/91/4 984/94/4 974/43/4
f 984/94/4 990/39/4 974/43/4
f 990/39/4 992/97/4 1006/40/4
f 992/97/4 998/44/4 1006/40/4
f 1014/42/4 1016/106/4 1006/40/4
f 1016/106/4 1022/41/4 1006/40/4
f 1022/41/4 974/43/4 990/39/4
s 1
f 999/17/38 998/14/39 996/16/39
f 1000/9/37 999/17/38 1001/18/38
f 1005/19/36 1000/9/37 1002/10/37
f 1006/21/35 1005/19/36 1003/20/36
f 1007/23/34 1006/21/35 1004/22/35
f 1008/25/1 1007/23/34 1009/24/34
f 1013/27/33 1008/25/1 1010/26/1
f 1014/29/32 1013/27/33 1011/28/33
f 1015/31/31 1014/29/32 1012/30/32
f 1016/33/30 1015/31/31 1017/32/31
f 1021/35/29 1016/33/30 1018/34/30
f 1022/37/28 1021/35/29 1019/36/29
s 0
f 1067/41/4 1068/81/4 1026/82/4
f 1068/81/4 1024/83/4 1026/82/4
f 1024/83/4 1025/84/4 1026/82/4
f 1026/82/4 1027/85/4 1028/86/4
f 1028/86/4 1029/87/4 1030/43/4
f 1030/43/4 1031/88/4 1032/89/4
f 1032/89/4 1033/90/4 1034/91/4
f 1034/91/4 1035/92/4 1036/94/4
f 1036/94/4 1037/93/4 1038/39/4
f 1038/39/4 1039/95/4 1040/97/4
f 1040/97/4 1042/96/4 1043/44/4
f 1043/44/4 1044/98/4 1045/99/4
f 1045/99/4 1050/100/4 1043/44/4
f 1050/100/4 1051/40/4 1043/44/4
f 1051/40/4 1052/101/4 1053/102/4
f 1053/102/4 1058/103/4 1051/40/4
f 1058/103/4 1059/42/4 1051/40/4
f 1059/42/4 1060/104/4 1061/106/4
f 1061/106/4 1066/105/4 1067/41/4
f 1026/82/4 1028/86/4 1067/41/4
f 1028/86/4 1030/43/4 1067/41/4
f 1030/43/4 1032/89/4 1034/91/4
f 1034/91/4 1036/94/4 1030/43/4
f 1036/94/4 1038/39/4 1030/43/4
f 1038/39/4 1040/97/4 1051/40/4
f 1040/97/4 1043/44/4 1051/40/4
f 1059/42/4 1061/106/4 1051/40/4
f 1061/106/4 1067/41/4 1051/40/4
f 1067/41/4 1030/43/4 1038/39/4
s 1
f 1044/17/38 1043/14/39 1041/16/39
f 1045/9/37 1044/17/38 1046/18/38
f 1050/19/36 1045/9/37 1047/10/37
f 1051/21/35 1050/19/36 1048/20/36
f 1052/23/34 1051/21/35 1049/22/35
f 1053/25/1 1052/23/34 1054/24/34
f 1058/27/33 1053/25/1 1055/26/1
f 1059/29/32 1058/27/33 1056/28/33
f 1060/31/31 1059/29/32 1057/30/32
f 1061/33/30 1060/31/31 1062/32/31
f 1066/35/29 1061/33/30 1063/34/30
f 1067/37/28 1066/35/29 1064/36/29
s 0
f 1071/13/6 1069/57/6 1070/58/6
f 1070/58/6 1111/59/6 1110/60/6
f 1110/60/6 1109/61/6 1102/45/6
f 1109/61/6 1108/62/6 1102/45/6
f 1108/62/6 1103/63/6 1102/45/6
f 1102/45/6 1101/64/6 1094/67/6
f 1101/64/6 1100/65/6 1094/67/6
f 1100/65/6 1095/66/6 1094/67/6
f 1094/67/6 1093/56/6 1087/46/6
f 1093/56/6 1092/54/6 1087/46/6
f 1092/54/6 1088/68/6 1087/46/6
f 1087/46/6 1086/69/6 1083/11/6
f 1086/69/6 1085/70/6 1083/11/6
f 1085/70/6 1084/71/6 1083/11/6
f 1083/11/6 1082/72/6 1079/12/6
f 1082/72/6 1081/73/6 1080/74/6
f 1079/12/6 1082/72/6 1080/74/6
f 1079/12/6 1078/75/6 1075/53/6
f 1078/75/6 1077/76/6 1075/53/6
f 1077/76/6 1076/77/6 1075/53/6
f 1075/53/6 1074/78/6 1071/13/6
f 1074/78/6 1073/80/6 1071/13/6
f 1073/80/6 1072/79/6 1071/13/6
f 1071/13/6 1070/58/6 1102/45/6
f 1070/58/6 1110/60/6 1102/45/6
f 1102/45/6 1094/67/6 1071/13/6
f 1094/67/6 1087/46/6 1071/13/6
f 1087/46/6 1083/11/6 1071/13/6
f 1083/11/6 1079/12/6 1071/13/6
s 1
f 1090/17/38 1089/14/39 1088/16/39
f 1091/9/37 1090/17/38 1092/18/38
f 1096/19/36 1091/9/37 1093/10/37
f 1097/21/35 1096/19/36 1094/20/36
f 1098/23/34 1097/21/35 1095/22/35
f 1099/25/1 1098/23/34 1100/24/34
f 1104/27/33 1099/25/1 1101/26/1
f 1105/29/32 1104/27/33 1102/28/33
f 1106/31/31 1105/29/32 1103/30/32
f 1107/33/30 1106/31/31 1108/32/31
f 1112/35/29 1107/33/30 1109/34/30
f 1113/37/28 1112/35/29 1110/36/29
s 0
f 1117/13/6 1114/57/6 1115/58/6
f 1115/58/6 1174/59/6 1173/60/6
f 1173/60/6 1172/61/6 1171/62/6
f 1171/62/6 1166/63/6 1173/60/6
f 1166/63/6 1165/45/6 1173/60/6
f 1165/45/6 1164/64/6 1163/65/6
f 1163/65/6 1158/66/6 1157/67/6
f 1157/67/6 1156/56/6 1155/54/6
f 1155/54/6 1150/68/6 1157/67/6
f 1150/68/6 1149/46/6 1157/67/6
f 1149/46/6 1148/69/6 1147/70/6
f 1147/70/6 1142/71/6 1141/11/6
f 1141/11/6 1140/72/6 1139/73/6
f 1139/73/6 1134/74/6 1133/12/6
f 1133/12/6 1132/75/6 1131/76/6
f 1131/76/6 1126/77/6 1125/53/6
f 1125/53/6 1124/78/6 1118/79/6
f 1124/78/6 1123/80/6 1118/79/6
f 1118/79/6 1117/13/6 1125/53/6
f 1117/13/6 1115/58/6 1173/60/6
f 1165/45/6 1163/65/6 1157/67/6
f 1149/46/6 1147/70/6 1133/12/6
f 1147/70/6 1141/11/6 1133/12/6
f 1141/11/6 1139/73/6 1133/12/6
f 1133/12/6 1131/76/6 1125/53/6
f 1117/13/6 1173/60/6 1149/46/6
f 1173/60/6 1165/45/6 1149/46/6
f 1165/45/6 1157/67/6 1149/46/6
f 1133/12/6 1125/53/6 1149/46/6
f 1176/41/4 1177/81/4 1120/82/4
f 1177/81/4 1116/83/4 1119/84/4
f 1120/82/4 1177/81/4 1119/84/4
f 1120/82/4 1121/85/4 1122/86/4
f 1122/86/4 1127/87/4 1120/82/4
f 1127/87/4 1128/43/4 1120/82/4
f 1128/43/4 1129/88/4 1135/90/4
f 1129/88/4 1130/89/4 1135/90/4
f 1135/90/4 1136/91/4 1128/43/4
f 1136/91/4 1137/92/4 1143/93/4
f 1137/92/4 1138/94/4 1143/93/4
f 1143/93/4 1144/39/4 1136/91/4
f 1144/39/4 1145/95/4 1152/44/4
f 1145/95/4 1146/97/4 1151/96/4
f 1152/44/4 1145/95/4 1151/96/4
f 1152/44/4 1153/98/4 1154/99/4
f 1154/99/4 1159/100/4 1152/44/4
f 1159/100/4 1160/40/4 1152/44/4
f 1160/40/4 1161/101/4 1168/42/4
f 1161/101/4 1162/102/4 1168/42/4
f 1162/102/4 1167/103/4 1168/42/4
f 1168/42/4 1169/104/4 1170/106/4
f 1170/106/4 1175/105/4 1168/42/4
f 1175/105/4 1176/41/4 1168/42/4
f 1176/41/4 1120/82/4 1128/43/4
f 1128/43/4 1136/91/4 1176/41/4
f 1136/91/4 1144/39/4 1176/41/4
f 1144/39/4 1152/44/4 1176/41/4
f 1152/44/4 1160/40/4 1176/41/4
s 1
f 1153/17/52 1152/14/53 1150/16/53
f 1154/9/51 1153/17/52 1155/18/52
f 1159/19/50 1154/9/51 1156/10/51
f 1160/21/49 1159/19/50 1157/20/50
f 1161/23/48 1160/21/49 1158/22/49
f 1162/25/47 1161/23/48 1163/24/48
f 1167/27/46 1162/25/47 1164/26/47
f 1168/29/45 1167/27/46 1165/28/46
f 1169/31/44 1168/29/45 1166/30/45
f 1170/33/43 1169/31/44 1171/32/44
f 1175/35/42 1170/33/43 1172/34/43
f 1176/37/40 1175/35/42 1173/36/41
s 0
f 1181/13/6 1178/57/6 1179/58/6
f 1179/58/6 1238/59/6 1237/60/6
f 1237/60/6 1236/61/6 1235/62/6
f 1235/62/6 1230/63/6 1237/60/6
f 1230/63/6 1229/45/6 1237/60/6
f 1229/45/6 1228/64/6 1227/65/6
f 1227/65/6 1222/66/6 1221/67/6
f 1221/67/6 1220/56/6 1219/54/6
f 1219/54/6 1214/68/6 1221/67/6
f 1214/68/6 1213/46/6 1221/67/6
f 1213/46/6 1212/69/6 1211/70/6
f 1211/70/6 1206/71/6 1205/11/6
f 1205/11/6 1204/72/6 1203/73/6
f 1203/73/6 1198/74/6 1197/12/6
f 1197/12/6 1196/75/6 1195/76/6
f 1195/76/6 1190/77/6 1189/53/6
f 1189/53/6 1188/78/6 1182/79/6
f 1188/78/6 1187/80/6 1182/79/6
f 1182/79/6 1181/13/6 1189/53/6
f 1181/13/6 1179/58/6 1237/60/6
f 1229/45/6 1227/65/6 1221/67/6
f 1213/46/6 1211/70/6 1197/12/6
f 1211/70/6 1205/11/6 1197/12/6
f 1205/11/6 1203/73/6 1197/12/6
f 1197/12/6 1195/76/6 1189/53/6
f 1181/13/6 1237/60/6 1213/46/6
f 1237/60/6 1229/45/6 1213/46/6
f 1229/45/6 1221/67/6 1213/46/6
f 1197/12/6 1189/53/6 1213/46/6
f 1240/41/4 1241/81/4 1184/82/4
f 1241/81/4 1180/83/4 1183/84/4
f 1184/82/4 1241/81/4 1183/84/4
f 1184/82/4 1185/85/4 1186/86/4
f 1186/86/4 1191/87/4 1184/82/4
f 1191/87/4 1192/43/4 1184/82/4
f 1192/43/4 1193/88/4 1199/90/4
f 1193/88/4 1194/89/4 1199/90/4
f 1199/90/4 1200/91/4 1192/43/4
f 1200/91/4 1201/92/4 1207/93/4
f 1201/92/4 1202/94/4 1207/93/4
f 1207/93/4 1208/39/4 1200/91/4
f 1208/39/4 1209/95/4 1216/44/4
f 1209/95/4 1210/97/4 1215/96/4
f 1216/44/4 1209/95/4 1215/96/4
f 1216/44/4 1217/98/4 1218/99/4
f 1218/99/4 1223/100/4 1216/44/4
f 1223/100/4 1224/40/4 1216/44/4
f 1224/40/4 1225/101/4 1232/42/4
f 1225/101/4 1226/102/4 1232/42/4
f 1226/102/4 1231/103/4 1232/42/4
f 1232/42/4 1233/104/4 1234/106/4
f 1234/106/4 1239/105/4 1232/42/4
f 1239/105/4 1240/41/4 1232/42/4
f 1240/41/4 1184/82/4 1192/43/4
f 1192/43/4 1200/91/4 1240/41/4
f 1200/91/4 1208/39/4 1240/41/4
f 1208/39/4 1216/44/4 1240/41/4
f 1216/44/4 1224/40/4 1240/41/4
s 1
f 1217/17/52 1216/14/53 1214/16/53
f 1218/9/51 1217/17/52 1219/18/52
f 1223/19/149 1218/9/51 1220/10/51
f 1224/21/49 1223/19/149 1221/20/50
f 1225/23/48 1224/21/49 1222/22/49
f 1226/25/47 1225/23/48 1227/24/48
f 1231/27/46 1226/25/47 1228/26/47
f 1232/29/45 1231/27/46 1229/28/46
f 1233/31/44 1232/29/45 1230/30/45
f 1234/33/43 1233/31/44 1235/32/44
f 1239/35/42 1234/33/43 1236/34/43
f 1240/37/40 1239/35/42 1237/36/41
s 0
f 1285/41/4 1286/81/4 1244/82/4
f 1286/81/4 1242/83/4 1243/84/4
f 1244/82/4 1286/81/4 1243/84/4
f 1244/82/4 1245/85/4 1246/86/4
f 1246/86/4 1247/87/4 1244/82/4
f 1247/87/4 1248/43/4 1244/82/4
f 1248/43/4 1249/88/4 1251/90/4
f 1249/88/4 1250/89/4 1251/90/4
f 1251/90/4 1252/91/4 1248/43/4
f 1252/91/4 1253/92/4 1255/93/4
f 1253/92/4 1254/94/4 1255/93/4
f 1255/93/4 1256/39/4 1252/91/4
f 1256/39/4 1257/95/4 1261/44/4
f 1257/95/4 1258/97/4 1260/96/4
f 1261/44/4 1257/95/4 1260/96/4
f 1261/44/4 1262/98/4 1263/99/4
f 1263/99/4 1268/100/4 1261/44/4
f 1268/100/4 1269/40/4 1261/44/4
f 1269/40/4 1270/101/4 1277/42/4
f 1270/101/4 1271/102/4 1277/42/4
f 1271/102/4 1276/103/4 1277/42/4
f 1277/42/4 1278/104/4 1279/106/4
f 1279/106/4 1284/105/4 1277/42/4
f 1284/105/4 1285/41/4 1277/42/4
f 1285/41/4 1244/82/4 1248/43/4
f 1248/43/4 1252/91/4 1285/41/4
f 1252/91/4 1256/39/4 1285/41/4
f 1256/39/4 1261/44/4 1285/41/4
f 1261/44/4 1269/40/4 1285/41/4
s 1
f 1262/17/52 1261/14/53 1259/16/53
f 1263/9/51 1262/17/52 1264/18/52
f 1268/19/149 1263/9/51 1265/10/51
f 1269/21/49 1268/19/149 1266/20/50
f 1270/23/48 1269/21/49 1267/22/49
f 1271/25/47 1270/23/48 1272/24/48
f 1276/27/46 1271/25/47 1273/26/47
f 1277/29/45 1276/27/46 1274/28/46
f 1278/31/44 1277/29/45 1275/30/45
f 1279/33/43 1278/31/44 1280/32/44
f 1284/35/42 1279/33/43 1281/34/43
f 1285/37/40 1284/35/42 1282/36/41
s 0
f 1289/13/6 1287/57/6 1288/58/6
f 1288/58/6 1329/59/6 1328/60/6
f 1328/60/6 1327/61/6 1326/62/6
f 1326/62/6 1321/63/6 1328/60/6
f 1321/63/6 1320/45/6 1328/60/6
f 1320/45/6 1319/64/6 1318/65/6
f 1318/65/6 1313/66/6 1312/67/6
f 1312/67/6 1311/56/6 1310/54/6
f 1310/54/6 1306/68/6 1312/67/6
f 1306/68/6 1305/46/6 1312/67/6
f 1305/46/6 1304/69/6 1303/70/6
f 1303/70/6 1302/71/6 1301/11/6
f 1301/11/6 1300/72/6 1299/73/6
f 1299/73/6 1298/74/6 1297/12/6
f 1297/12/6 1296/75/6 1295/76/6
f 1295/76/6 1294/77/6 1293/53/6
f 1293/53/6 1292/78/6 1290/79/6
f 1292/78/6 1291/80/6 1290/79/6
f 1290/79/6 1289/13/6 1293/53/6
f 1289/13/6 1288/58/6 1328/60/6
f 1320/45/6 1318/65/6 1312/67/6
f 1305/46/6 1303/70/6 1297/12/6
f 1303/70/6 1301/11/6 1297/12/6
f 1301/11/6 1299/73/6 1297/12/6
f 1297/12/6 1295/76/6 1293/53/6
f 1289/13/6 1328/60/6 1305/46/6
f 1328/60/6 1320/45/6 1305/46/6
f 1320/45/6 1312/67/6 1305/46/6
f 1297/12/6 1293/53/6 1305/46/6
s 1
f 1308/17/52 1307/14/53 1306/16/53
f 1309/9/51 1308/17/52 1310/18/52
f 1314/19/149 1309/9/51 1311/10/51
f 1315/21/49 1314/19/149 1312/20/50
f 1316/23/48 1315/21/49 1313/22/49
f 1317/25/47 1316/23/48 1318/24/48
f 1322/27/46 1317/25/47 1319/26/47
f 1323/29/45 1322/27/46 1320/28/46
f 1324/31/44 1323/29/45 1321/30/45
f 1325/33/43 1324/31/44 1326/32/44
f 1330/35/42 1325/33/43 1327/34/43
f 1331/37/40 1330/35/42 1328/36/41
s 0
f 1335/13/6 1332/57/6 1392/59/6
f 1332/57/6 1333/58/6 1392/59/6
f 1392/59/6 1391/60/6 1335/13/6
f 1391/60/6 1390/61/6 1383/45/6
f 1390/61/6 1389/62/6 1384/63/6
f 1383/45/6 1390/61/6 1384/63/6
f 1383/45/6 1382/64/6 1381/65/6
f 1381/65/6 1376/66/6 1383/45/6
f 1376/66/6 1375/67/6 1383/45/6
f 1375/67/6 1374/56/6 1373/54/6
f 1373/54/6 1368/68/6 1367/46/6
f 1367/46/6 1366/69/6 1359/11/6
f 1366/69/6 1365/70/6 1359/11/6
f 1365/70/6 1360/71/6 1359/11/6
f 1359/11/6 1358/72/6 1357/73/6
f 1357/73/6 1352/74/6 1351/12/6
f 1351/12/6 1350/75/6 1349/76/6
f 1349/76/6 1344/77/6 1342/78/6
f 1344/77/6 1343/53/6 1342/78/6
f 1342/78/6 1341/80/6 1335/13/6
f 1341/80/6 1336/79/6 1335/13/6
f 1375/67/6 1373/54/6 1383/45/6
f 1373/54/6 1367/46/6 1383/45/6
f 1359/11/6 1357/73/6 1351/12/6
f 1351/12/6 1349/76/6 1335/13/6
f 1335/13/6 1349/76/6 1342/78/6
f 1335/13/6 1391/60/6 1383/45/6
f 1367/46/6 1359/11/6 1335/13/6
f 1359/11/6 1351/12/6 1335/13/6
f 1394/41/4 1395/81/4 1334/83/4
f 1334/83/4 1337/84/4 1394/41/4
f 1337/84/4 1338/82/4 1394/41/4
f 1338/82/4 1339/85/4 1340/86/4
f 1340/86/4 1345/87/4 1346/43/4
f 1346/43/4 1347/88/4 1354/91/4
f 1347/88/4 1348/89/4 1353/90/4
f 1354/91/4 1347/88/4 1353/90/4
f 1354/91/4 1355/92/4 1356/94/4
f 1356/94/4 1361/93/4 1362/39/4
f 1362/39/4 1363/95/4 1364/97/4
f 1364/97/4 1369/96/4 1370/44/4
f 1370/44/4 1371/98/4 1378/40/4
f 1371/98/4 1372/99/4 1378/40/4
f 1372/99/4 1377/100/4 1378/40/4
f 1378/40/4 1379/101/4 1385/103/4
f 1379/101/4 1380/102/4 1385/103/4
f 1385/103/4 1386/42/4 1378/40/4
f 1386/42/4 1387/104/4 1388/106/4
f 1388/106/4 1393/105/4 1394/41/4
f 1338/82/4 1340/86/4 1394/41/4
f 1340/86/4 1346/43/4 1394/41/4
f 1354/91/4 1356/94/4 1346/43/4
f 1356/94/4 1362/39/4 1346/43/4
f 1362/39/4 1364/97/4 1378/40/4
f 1364/97/4 1370/44/4 1378/40/4
f 1386/42/4 1388/106/4 1378/40/4
f 1388/106/4 1394/41/4 1378/40/4
f 1394/41/4 1346/43/4 1378/40/4
s 1
f 1370/14/67 1369/52/68 1367/15/68
f 1371/17/66 1370/14/67 1368/16/67
f 1372/9/65 1371/17/66 1373/18/66
f 1377/19/64 1372/9/65 1374/10/65
f 1378/21/63 1377/19/64 1375/20/64
f 1379/23/62 1378/21/63 1376/22/63
f 1380/25/61 1379/23/62 1381/24/62
f 1385/27/60 1380/25/61 1382/26/61
f 1386/29/59 1385/27/60 1383/28/60
f 1387/31/58 1386/29/59 1384/30/59
f 1388/33/57 1387/31/58 1389/32/58
f 1393/35/55 1388/33/57 1390/34/57
f 1394/37/54 1393/35/55 1391/36/55
s 0
f 1399/13/6 1396/57/6 1456/59/6
f 1396/57/6 1397/58/6 1456/59/6
f 1456/59/6 1455/60/6 1399/13/6
f 1455/60/6 1454/61/6 1447/45/6
f 1454/61/6 1453/62/6 1448/63/6
f 1447/45/6 1454/61/6 1448/63/6
f 1447/45/6 1446/64/6 1445/65/6
f 1445/65/6 1440/66/6 1447/45/6
f 1440/66/6 1439/67/6 1447/45/6
f 1439/67/6 1438/56/6 1437/54/6
f 1437/54/6 1432/68/6 1431/46/6
f 1431/46/6 1430/69/6 1423/11/6
f 1430/69/6 1429/70/6 1423/11/6
f 1429/70/6 1424/71/6 1423/11/6
f 1423/11/6 1422/72/6 1421/73/6
f 1421/73/6 1416/74/6 1415/12/6
f 1415/12/6 1414/75/6 1413/76/6
f 1413/76/6 1408/77/6 1406/78/6
f 1408/77/6 1407/53/6 1406/78/6
f 1406/78/6 1405/80/6 1399/13/6
f 1405/80/6 1400/79/6 1399/13/6
f 1439/67/6 1437/54/6 1447/45/6
f 1437/54/6 1431/46/6 1447/45/6
f 1423/11/6 1421/73/6 1415/12/6
f 1415/12/6 1413/76/6 1399/13/6
f 1399/13/6 1413/76/6 1406/78/6
f 1399/13/6 1455/60/6 1447/45/6
f 1431/46/6 1423/11/6 1399/13/6
f 1423/11/6 1415/12/6 1399/13/6
f 1458/41/4 1459/81/4 1398/83/4
f 1398/83/4 1401/84/4 1458/41/4
f 1401/84/4 1402/82/4 1458/41/4
f 1402/82/4 1403/85/4 1404/86/4
f 1404/86/4 1409/87/4 1410/43/4
f 1410/43/4 1411/88/4 1418/91/4
f 1411/88/4 1412/89/4 1417/90/4
f 1418/91/4 1411/88/4 1417/90/4
f 1418/91/4 1419/92/4 1420/94/4
f 1420/94/4 1425/93/4 1426/39/4
f 1426/39/4 1427/95/4 1428/97/4
f 1428/97/4 1433/96/4 1434/44/4
f 1434/44/4 1435/98/4 1442/40/4
f 1435/98/4 1436/99/4 1442/40/4
f 1436/99/4 1441/100/4 1442/40/4
f 1442/40/4 1443/101/4 1449/103/4
f 1443/101/4 1444/102/4 1449/103/4
f 1449/103/4 1450/42/4 1442/40/4
f 1450/42/4 1451/104/4 1452/106/4
f 1452/106/4 1457/105/4 1458/41/4
f 1402/82/4 1404/86/4 1458/41/4
f 1404/86/4 1410/43/4 1458/41/4
f 1418/91/4 1420/94/4 1410/43/4
f 1420/94/4 1426/39/4 1410/43/4
f 1426/39/4 1428/97/4 1442/40/4
f 1428/97/4 1434/44/4 1442/40/4
f 1450/42/4 1452/106/4 1442/40/4
f 1452/106/4 1458/41/4 1442/40/4
f 1458/41/4 1410/43/4 1442/40/4
s 1
f 1434/14/67 1433/52/68 1431/15/68
f 1435/17/66 1434/14/67 1432/16/67
f 1436/9/65 1435/17/66 1437/18/66
f 1441/19/64 1436/9/65 1438/10/65
f 1442/21/63 1441/19/64 1439/20/64
f 1443/23/62 1442/21/63 1440/22/63
f 1444/25/61 1443/23/62 1445/24/62
f 1449/27/60 1444/25/61 1446/26/61
f 1450/29/150 1449/27/60 1447/28/60
f 1457/35/55 1452/33/151 1454/34/151
f 1458/37/54 1457/35/55 1455/36/55
s 0
f 1504/41/4 1505/81/4 1460/83/4
f 1460/83/4 1461/84/4 1504/41/4
f 1461/84/4 1462/82/4 1504/41/4
f 1462/82/4 1463/85/4 1464/86/4
f 1464/86/4 1465/87/4 1466/43/4
f 1466/43/4 1467/88/4 1470/91/4
f 1467/88/4 1468/89/4 1469/90/4
f 1470/91/4 1467/88/4 1469/90/4
f 1470/91/4 1471/92/4 1472/94/4
f 1472/94/4 1473/93/4 1474/39/4
f 1474/39/4 1475/95/4 1476/97/4
f 1476/97/4 1479/96/4 1480/44/4
f 1480/44/4 1481/98/4 1488/40/4
f 1481/98/4 1482/99/4 1488/40/4
f 1482/99/4 1487/100/4 1488/40/4
f 1488/40/4 1489/101/4 1495/103/4
f 1489/101/4 1490/102/4 1495/103/4
f 1495/103/4 1496/42/4 1488/40/4
f 1496/42/4 1497/104/4 1498/106/4
f 1498/106/4 1503/105/4 1504/41/4
f 1462/82/4 1464/86/4 1504/41/4
f 1464/86/4 1466/43/4 1504/41/4
f 1470/91/4 1472/94/4 1466/43/4
f 1472/94/4 1474/39/4 1466/43/4
f 1474/39/4 1476/97/4 1488/40/4
f 1476/97/4 1480/44/4 1488/40/4
f 1496/42/4 1498/106/4 1488/40/4
f 1498/106/4 1504/41/4 1488/40/4
f 1504/41/4 1466/43/4 1488/40/4
s 1
f 1480/14/67 1479/52/68 1477/15/68
f 1481/17/66 1480/14/67 1478/16/67
f 1482/9/65 1481/17/66 1483/18/66
f 1487/19/64 1482/9/65 1484/10/65
f 1488/21/63 1487/19/64 1485/20/64
f 1489/23/62 1488/21/63 1486/22/63
f 1490/25/61 1489/23/62 1491/24/62
f 1495/27/60 1490/25/61 1492/26/61
f 1496/29/59 1495/27/60 1493/28/60
f 1497/31/58 1496/29/59 1494/30/59
f 1498/33/57 1497/31/58 1499/32/58
f 1503/35/55 1498/33/57 1500/34/57
f 1504/37/54 1503/35/55 1501/36/55
s 0
f 1508/13/6 1506/57/6 1549/59/6
f 1506/57/6 1507/58/6 1549/59/6
f 1549/59/6 1548/60/6 1508/13/6
f 1548/60/6 1547/61/6 1540/45/6
f 1547/61/6 1546/62/6 1541/63/6
f 1540/45/6 1547/61/6 1541/63/6
f 1540/45/6 1539/64/6 1538/65/6
f 1538/65/6 1533/66/6 1540/45/6
f 1533/66/6 1532/67/6 1540/45/6
f 1532/67/6 1531/56/6 1530/54/6
f 1530/54/6 1525/68/6 1524/46/6
f 1524/46/6 1523/69/6 1520/11/6
f 1523/69/6 1522/70/6 1520/11/6
f 1522/70/6 1521/71/6 1520/11/6
f 1520/11/6 1519/72/6 1518/73/6
f 1518/73/6 1517/74/6 1516/12/6
f 1516/12/6 1515/75/6 1514/76/6
f 1514/76/6 1513/77/6 1511/78/6
f 1513/77/6 1512/53/6 1511/78/6
f 1511/78/6 1510/80/6 1508/13/6
f 1510/80/6 1509/79/6 1508/13/6
f 1532/67/6 1530/54/6 1540/45/6
f 1530/54/6 1524/46/6 1540/45/6
f 1520/11/6 1518/73/6 1516/12/6
f 1516/12/6 1514/76/6 1508/13/6
f 1508/13/6 1514/76/6 1511/78/6
f 1508/13/6 1548/60/6 1540/45/6
f 1524/46/6 1520/11/6 1508/13/6
f 1520/11/6 1516/12/6 1508/13/6
s 1
f 1527/14/67 1526/52/68 1524/15/68
f 1528/17/66 1527/14/67 1525/16/67
f 1529/9/65 1528/17/66 1530/18/66
f 1534/19/64 1529/9/65 1531/10/65
f 1535/21/63 1534/19/64 1532/20/64
f 1536/23/62 1535/21/63 1533/22/63
f 1537/25/61 1536/23/62 1538/24/62
f 1542/27/60 1537/25/61 1539/26/61
f 1543/29/59 1542/27/60 1540/28/60
f 1544/31/58 1543/29/59 1541/30/59
f 1545/33/57 1544/31/58 1546/32/58
f 1550/35/55 1545/33/57 1547/34/57
f 1551/37/54 1550/35/55 1548/36/55
s 0
f 1555/13/6 1552/57/6 1611/60/6
f 1552/57/6 1553/58/6 1612/59/6
f 1611/60/6 1552/57/6 1612/59/6
f 1611/60/6 1610/61/6 1603/45/6
f 1610/61/6 1609/62/6 1603/45/6
f 1609/62/6 1604/63/6 1603/45/6
f 1603/45/6 1602/64/6 1601/65/6
f 1601/65/6 1596/66/6 1603/45/6
f 1596/66/6 1595/67/6 1594/56/6
f 1603/45/6 1596/66/6 1593/54/6
f 1594/56/6 1593/54/6 1596/66/6
f 1593/54/6 1588/68/6 1587/46/6
f 1587/46/6 1586/69/6 1585/70/6
f 1585/70/6 1580/71/6 1579/11/6
f 1579/11/6 1578/72/6 1577/73/6
f 1577/73/6 1572/74/6 1571/12/6
f 1571/12/6 1570/75/6 1569/76/6
f 1569/76/6 1564/77/6 1563/53/6
f 1563/53/6 1562/78/6 1561/80/6
f 1561/80/6 1556/79/6 1555/13/6
f 1593/54/6 1587/46/6 1603/45/6
f 1587/46/6 1585/70/6 1571/12/6
f 1585/70/6 1579/11/6 1571/12/6
f 1579/11/6 1577/73/6 1571/12/6
f 1571/12/6 1569/76/6 1563/53/6
f 1563/53/6 1561/80/6 1571/12/6
f 1561/80/6 1555/13/6 1571/12/6
f 1555/13/6 1611/60/6 1603/45/6
f 1555/13/6 1603/45/6 1571/12/6
f 1614/41/4 1615/81/4 1554/83/4
f 1554/83/4 1557/84/4 1559/85/4
f 1557/84/4 1558/82/4 1559/85/4
f 1559/85/4 1560/86/4 1614/41/4
f 1560/86/4 1565/87/4 1566/43/4
f 1566/43/4 1567/88/4 1568/89/4
f 1568/89/4 1573/90/4 1574/91/4
f 1574/91/4 1575/92/4 1581/93/4
f 1575/92/4 1576/94/4 1581/93/4
f 1581/93/4 1582/39/4 1574/91/4
f 1582/39/4 1583/95/4 1590/44/4
f 1583/95/4 1584/97/4 1590/44/4
f 1584/97/4 1589/96/4 1590/44/4
f 1590/44/4 1591/98/4 1598/40/4
f 1591/98/4 1592/99/4 1598/40/4
f 1592/99/4 1597/100/4 1598/40/4
f 1598/40/4 1599/101/4 1605/103/4
f 1599/101/4 1600/102/4 1605/103/4
f 1605/103/4 1606/42/4 1607/104/4
f 1598/40/4 1605/103/4 1608/106/4
f 1607/104/4 1608/106/4 1605/103/4
f 1608/106/4 1613/105/4 1614/41/4
f 1614/41/4 1554/83/4 1559/85/4
f 1560/86/4 1566/43/4 1614/41/4
f 1566/43/4 1568/89/4 1582/39/4
f 1568/89/4 1574/91/4 1582/39/4
f 1608/106/4 1614/41/4 1598/40/4
f 1582/39/4 1590/44/4 1614/41/4
f 1590/44/4 1598/40/4 1614/41/4
s 1
f 1590/14/82 1589/52/83 1587/15/83
f 1591/17/81 1590/14/82 1588/16/82
f 1592/9/80 1591/17/81 1593/18/81
f 1597/19/79 1592/9/80 1594/10/152
f 1598/21/78 1597/19/79 1595/20/79
f 1599/23/77 1598/21/78 1596/22/78
f 1600/25/76 1599/23/77 1601/24/77
f 1605/27/75 1600/25/76 1602/26/76
f 1606/29/73 1605/27/75 1603/28/75
f 1607/31/72 1606/29/73 1604/30/73
f 1608/33/71 1607/31/72 1609/32/72
f 1613/35/70 1608/33/71 1610/34/71
f 1614/37/69 1613/35/70 1611/36/70
s 0
f 1619/13/6 1616/57/6 1675/60/6
f 1616/57/6 1617/58/6 1676/59/6
f 1675/60/6 1616/57/6 1676/59/6
f 1675/60/6 1674/61/6 1667/45/6
f 1674/61/6 1673/62/6 1667/45/6
f 1673/62/6 1668/63/6 1667/45/6
f 1667/45/6 1666/64/6 1665/65/6
f 1665/65/6 1660/66/6 1667/45/6
f 1660/66/6 1659/67/6 1658/56/6
f 1667/45/6 1660/66/6 1657/54/6
f 1658/56/6 1657/54/6 1660/66/6
f 1657/54/6 1652/68/6 1651/46/6
f 1651/46/6 1650/69/6 1649/70/6
f 1649/70/6 1644/71/6 1643/11/6
f 1643/11/6 1642/72/6 1641/73/6
f 1641/73/6 1636/74/6 1635/12/6
f 1635/12/6 1634/75/6 1633/76/6
f 1633/76/6 1628/77/6 1627/53/6
f 1627/53/6 1626/78/6 1625/80/6
f 1625/80/6 1620/79/6 1619/13/6
f 1657/54/6 1651/46/6 1667/45/6
f 1651/46/6 1649/70/6 1635/12/6
f 1649/70/6 1643/11/6 1635/12/6
f 1643/11/6 1641/73/6 1635/12/6
f 1635/12/6 1633/76/6 1627/53/6
f 1627/53/6 1625/80/6 1635/12/6
f 1625/80/6 1619/13/6 1635/12/6
f 1619/13/6 1675/60/6 1667/45/6
f 1619/13/6 1667/45/6 1635/12/6
f 1678/41/4 1679/81/4 1618/83/4
f 1618/83/4 1621/84/4 1623/85/4
f 1621/84/4 1622/82/4 1623/85/4
f 1623/85/4 1624/86/4 1678/41/4
f 1624/86/4 1629/87/4 1630/43/4
f 1630/43/4 1631/88/4 1632/89/4
f 1632/89/4 1637/90/4 1638/91/4
f 1638/91/4 1639/92/4 1645/93/4
f 1639/92/4 1640/94/4 1645/93/4
f 1645/93/4 1646/39/4 1638/91/4
f 1646/39/4 1647/95/4 1654/44/4
f 1647/95/4 1648/97/4 1654/44/4
f 1648/97/4 1653/96/4 1654/44/4
f 1654/44/4 1655/98/4 1662/40/4
f 1655/98/4 1656/99/4 1662/40/4
f 1656/99/4 1661/100/4 1662/40/4
f 1662/40/4 1663/101/4 1669/103/4
f 1663/101/4 1664/102/4 1669/103/4
f 1669/103/4 1670/42/4 1671/104/4
f 1662/40/4 1669/103/4 1672/106/4
f 1671/104/4 1672/106/4 1669/103/4
f 1672/106/4 1677/105/4 1678/41/4
f 1678/41/4 1618/83/4 1623/85/4
f 1624/86/4 1630/43/4 1678/41/4
f 1630/43/4 1632/89/4 1646/39/4
f 1632/89/4 1638/91/4 1646/39/4
f 1672/106/4 1678/41/4 1662/40/4
f 1646/39/4 1654/44/4 1678/41/4
f 1654/44/4 1662/40/4 1678/41/4
s 1
f 1655/17/81 1654/14/153 1652/16/153
f 1656/9/80 1655/17/81 1657/18/81
f 1661/19/79 1656/9/80 1658/10/152
f 1662/21/78 1661/19/79 1659/20/79
f 1663/23/77 1662/21/78 1660/22/78
f 1664/25/76 1663/23/77 1665/24/77
f 1669/27/75 1664/25/76 1666/26/76
f 1670/29/73 1669/27/75 1667/28/75
f 1671/31/72 1670/29/73 1668/30/73
f 1672/33/71 1671/31/72 1673/32/72
f 1677/35/70 1672/33/71 1674/34/71
f 1678/37/69 1677/35/70 1675/36/70
s 0
f 1724/41/4 1725/81/4 1680/83/4
f 1680/83/4 1681/84/4 1683/85/4
f 1681/84/4 1682/82/4 1683/85/4
f 1683/85/4 1684/86/4 1724/41/4
f 1684/86/4 1685/87/4 1686/43/4
f 1686/43/4 1687/88/4 1688/89/4
f 1688/89/4 1689/90/4 1690/91/4
f 1690/91/4 1691/92/4 1693/93/4
f 1691/92/4 1692/94/4 1693/93/4
f 1693/93/4 1694/39/4 1690/91/4
f 1694/39/4 1695/95/4 1700/44/4
f 1695/95/4 1696/97/4 1700/44/4
f 1696/97/4 1699/96/4 1700/44/4
f 1700/44/4 1701/98/4 1708/40/4
f 1701/98/4 1702/99/4 1708/40/4
f 1702/99/4 1707/100/4 1708/40/4
f 1708/40/4 1709/101/4 1715/103/4
f 1709/101/4 1710/102/4 1715/103/4
f 1715/103/4 1716/42/4 1717/104/4
f 1708/40/4 1715/103/4 1718/106/4
f 1717/104/4 1718/106/4 1715/103/4
f 1718/106/4 1723/105/4 1724/41/4
f 1724/41/4 1680/83/4 1683/85/4
f 1684/86/4 1686/43/4 1724/41/4
f 1686/43/4 1688/89/4 1694/39/4
f 1688/89/4 1690/91/4 1694/39/4
f 1718/106/4 1724/41/4 1708/40/4
f 1694/39/4 1700/44/4 1724/41/4
f 1700/44/4 1708/40/4 1724/41/4
s 1
f 1700/14/82 1699/52/83 1697/15/83
f 1701/17/81 1700/14/82 1698/16/82
f 1702/9/80 1701/17/81 1703/18/81
f 1707/19/79 1702/9/80 1704/10/152
f 1708/21/78 1707/19/79 1705/20/79
f 1709/23/77 1708/21/78 1706/22/78
f 1710/25/76 1709/23/77 1711/24/77
f 1715/27/75 1710/25/76 1712/26/76
f 1716/29/73 1715/27/75 1713/28/75
f 1717/31/72 1716/29/73 1714/30/73
f 1718/33/71 1717/31/72 1719/32/72
f 1723/35/70 1718/33/71 1720/34/71
f 1724/37/69 1723/35/70 1721/36/70
s 0
f 1728/13/6 1726/57/6 1767/60/6
f 1726/57/6 1727/58/6 1768/59/6
f 1767/60/6 1726/57/6 1768/59/6
f 1767/60/6 1766/61/6 1759/45/6
f 1766/61/6 1765/62/6 1759/45/6
f 1765/62/6 1760/63/6 1759/45/6
f 1759/45/6 1758/64/6 1757/65/6
f 1757/65/6 1752/66/6 1759/45/6
f 1752/66/6 1751/67/6 1750/56/6
f 1759/45/6 1752/66/6 1749/54/6
f 1750/56/6 1749/54/6 1752/66/6
f 1749/54/6 1745/68/6 1744/46/6
f 1744/46/6 1743/69/6 1742/70/6
f 1742/70/6 1741/71/6 1740/11/6
f 1740/11/6 1739/72/6 1738/73/6
f 1738/73/6 1737/74/6 1736/12/6
f 1736/12/6 1735/75/6 1734/76/6
f 1734/76/6 1733/77/6 1732/53/6
f 1732/53/6 1731/78/6 1730/80/6
f 1730/80/6 1729/79/6 1728/13/6
f 1749/54/6 1744/46/6 1759/45/6
f 1744/46/6 1742/70/6 1736/12/6
f 1742/70/6 1740/11/6 1736/12/6
f 1740/11/6 1738/73/6 1736/12/6
f 1736/12/6 1734/76/6 1732/53/6
f 1732/53/6 1730/80/6 1736/12/6
f 1730/80/6 1728/13/6 1736/12/6
f 1728/13/6 1767/60/6 1759/45/6
f 1728/13/6 1759/45/6 1736/12/6
s 1
f 1747/17/81 1746/14/153 1745/16/153
f 1748/9/80 1747/17/81 1749/18/81
f 1753/19/79 1748/9/80 1750/10/152
f 1754/21/78 1753/19/79 1751/20/79
f 1755/23/77 1754/21/78 1752/22/78
f 1756/25/76 1755/23/77 1757/24/77
f 1761/27/75 1756/25/76 1758/26/76
f 1762/29/73 1761/27/75 1759/28/75
f 1763/31/72 1762/29/73 1760/30/73
f 1764/33/71 1763/31/72 1765/32/72
f 1769/35/70 1764/33/71 1766/34/154
f 1770/37/69 1769/35/70 1767/36/70
s 0
f 1774/13/6 1771/57/6 1830/60/6
f 1771/57/6 1772/58/6 1830/60/6
f 1772/58/6 1831/59/6 1830/60/6
f 1830/60/6 1829/61/6 1828/62/6
f 1828/62/6 1823/63/6 1822/45/6
f 1822/45/6 1821/64/6 1820/65/6
f 1820/65/6 1815/66/6 1814/67/6
f 1814/67/6 1813/56/6 1812/54/6
f 1812/54/6 1807/68/6 1806/46/6
f 1806/46/6 1805/69/6 1798/11/6
f 1805/69/6 1804/70/6 1799/71/6
f 1798/11/6 1805/69/6 1799/71/6
f 1798/11/6 1797/72/6 1791/74/6
f 1797/72/6 1796/73/6 1791/74/6
f 1791/74/6 1790/12/6 1798/11/6
f 1790/12/6 1789/75/6 1783/77/6
f 1789/75/6 1788/76/6 1783/77/6
f 1783/77/6 1782/53/6 1790/12/6
f 1782/53/6 1781/78/6 1780/80/6
f 1780/80/6 1775/79/6 1782/53/6
f 1775/79/6 1774/13/6 1782/53/6
f 1830/60/6 1828/62/6 1822/45/6
f 1822/45/6 1820/65/6 1806/46/6
f 1820/65/6 1814/67/6 1806/46/6
f 1814/67/6 1812/54/6 1806/46/6
f 1774/13/6 1830/60/6 1806/46/6
f 1830/60/6 1822/45/6 1806/46/6
f 1806/46/6 1798/11/6 1774/13/6
f 1798/11/6 1790/12/6 1774/13/6
f 1833/41/4 1834/81/4 1777/82/4
f 1834/81/4 1773/83/4 1777/82/4
f 1773/83/4 1776/84/4 1777/82/4
f 1777/82/4 1778/85/4 1785/43/4
f 1778/85/4 1779/86/4 1785/43/4
f 1779/86/4 1784/87/4 1785/43/4
f 1785/43/4 1786/88/4 1787/89/4
f 1787/89/4 1792/90/4 1785/43/4
f 1792/90/4 1793/91/4 1785/43/4
f 1793/91/4 1794/92/4 1795/94/4
f 1795/94/4 1800/93/4 1793/91/4
f 1800/93/4 1801/39/4 1793/91/4
f 1801/39/4 1802/95/4 1803/97/4
f 1803/97/4 1808/96/4 1801/39/4
f 1808/96/4 1809/44/4 1801/39/4
f 1809/44/4 1810/98/4 1816/100/4
f 1810/98/4 1811/99/4 1816/100/4
f 1816/100/4 1817/40/4 1809/44/4
f 1817/40/4 1818/101/4 1825/42/4
f 1818/101/4 1819/102/4 1824/103/4
f 1825/42/4 1818/101/4 1824/103/4
f 1825/42/4 1826/104/4 1832/105/4
f 1826/104/4 1827/106/4 1832/105/4
f 1832/105/4 1833/41/4 1825/42/4
f 1833/41/4 1777/82/4 1785/43/4
f 1785/43/4 1793/91/4 1833/41/4
f 1793/91/4 1801/39/4 1833/41/4
f 1801/39/4 1809/44/4 1817/40/4
f 1817/40/4 1825/42/4 1801/39/4
s 1
f 1809/14/97 1808/52/98 1806/15/98
f 1810/17/96 1809/14/97 1807/16/97
f 1811/9/95 1810/17/96 1812/18/96
f 1816/19/94 1811/9/95 1813/10/95
f 1817/21/92 1816/19/94 1814/20/93
f 1818/23/91 1817/21/92 1815/22/92
f 1819/25/90 1818/23/91 1820/24/91
f 1824/27/155 1819/25/90 1821/26/90
f 1825/29/88 1824/27/155 1822/28/89
f 1826/31/87 1825/29/88 1823/30/88
f 1827/33/86 1826/31/87 1828/32/87
f 1832/35/85 1827/33/86 1829/34/86
f 1833/37/84 1832/35/85 1830/36/85
s 0
f 1879/41/4 1880/81/4 1837/82/4
f 1880/81/4 1835/83/4 1837/82/4
f 1835/83/4 1836/84/4 1837/82/4
f 1837/82/4 1838/85/4 1841/43/4
f 1838/85/4 1839/86/4 1841/43/4
f 1839/86/4 1840/87/4 1841/43/4
f 1841/43/4 1842/88/4 1843/89/4
f 1843/89/4 1844/90/4 1841/43/4
f 1844/90/4 1845/91/4 1841/43/4
f 1845/91/4 1846/92/4 1847/94/4
f 1847/94/4 1848/93/4 1845/91/4
f 1848/93/4 1849/39/4 1845/91/4
f 1849/39/4 1850/95/4 1851/97/4
f 1851/97/4 1854/96/4 1849/39/4
f 1854/96/4 1855/44/4 1849/39/4
f 1855/44/4 1856/98/4 1862/100/4
f 1856/98/4 1857/99/4 1862/100/4
f 1862/100/4 1863/40/4 1855/44/4
f 1863/40/4 1864/101/4 1871/42/4
f 1864/101/4 1865/102/4 1870/103/4
f 1871/42/4 1864/101/4 1870/103/4
f 1871/42/4 1872/104/4 1878/105/4
f 1872/104/4 1873/106/4 1878/105/4
f 1878/105/4 1879/41/4 1871/42/4
f 1879/41/4 1837/82/4 1841/43/4
f 1841/43/4 1845/91/4 1879/41/4
f 1845/91/4 1849/39/4 1879/41/4
f 1849/39/4 1855/44/4 1863/40/4
f 1863/40/4 1871/42/4 1849/39/4
s 1
f 1855/14/97 1854/52/98 1852/15/98
f 1856/17/96 1855/14/97 1853/16/97
f 1857/9/95 1856/17/96 1858/18/96
f 1862/19/94 1857/9/95 1859/10/95
f 1863/21/92 1862/19/94 1860/20/94
f 1864/23/91 1863/21/92 1861/22/92
f 1865/25/90 1864/23/91 1866/24/91
f 1870/27/155 1865/25/90 1867/26/90
f 1871/29/88 1870/27/155 1868/28/89
f 1872/31/87 1871/29/88 1869/30/88
f 1873/33/86 1872/31/87 1874/32/87
f 1878/35/85 1873/33/86 1875/34/86
f 1879/37/84 1878/35/85 1876/36/85
s 0
f 1925/41/4 1926/81/4 1883/82/4
f 1926/81/4 1881/83/4 1883/82/4
f 1881/83/4 1882/84/4 1883/82/4
f 1883/82/4 1884/85/4 1887/43/4
f 1884/85/4 1885/86/4 1887/43/4
f 1885/86/4 1886/87/4 1887/43/4
f 1887/43/4 1888/88/4 1889/89/4
f 1889/89/4 1890/90/4 1887/43/4
f 1890/90/4 1891/91/4 1887/43/4
f 1891/91/4 1892/92/4 1893/94/4
f 1893/94/4 1894/93/4 1891/91/4
f 1894/93/4 1895/39/4 1891/91/4
f 1895/39/4 1896/95/4 1897/97/4
f 1897/97/4 1900/96/4 1895/39/4
f 1900/96/4 1901/44/4 1895/39/4
f 1901/44/4 1902/98/4 1908/100/4
f 1902/98/4 1903/99/4 1908/100/4
f 1908/100/4 1909/40/4 1901/44/4
f 1909/40/4 1910/101/4 1917/42/4
f 1910/101/4 1911/102/4 1916/103/4
f 1917/42/4 1910/101/4 1916/103/4
f 1917/42/4 1918/104/4 1924/105/4
f 1918/104/4 1919/106/4 1924/105/4
f 1924/105/4 1925/41/4 1917/42/4
f 1925/41/4 1883/82/4 1887/43/4
f 1887/43/4 1891/91/4 1925/41/4
f 1891/91/4 1895/39/4 1925/41/4
f 1895/39/4 1901/44/4 1909/40/4
f 1909/40/4 1917/42/4 1895/39/4
s 1
f 1901/14/97 1900/52/98 1898/15/98
f 1902/17/96 1901/14/97 1899/16/97
f 1903/9/95 1902/17/96 1904/18/96
f 1908/19/94 1903/9/95 1905/10/95
f 1909/21/92 1908/19/94 1906/20/94
f 1910/23/91 1909/21/92 1907/22/92
f 1911/25/90 1910/23/91 1912/24/91
f 1916/27/155 1911/25/90 1913/26/90
f 1917/29/88 1916/27/155 1914/28/89
f 1918/31/87 1917/29/88 1915/30/88
f 1919/33/86 1918/31/87 1920/32/87
f 1924/35/85 1919/33/86 1921/34/86
f 1925/37/84 1924/35/85 1922/36/85
s 0
f 1929/13/6 1927/57/6 1968/60/6
f 1927/57/6 1928/58/6 1968/60/6
f 1928/58/6 1969/59/6 1968/60/6
f 1968/60/6 1967/61/6 1966/62/6
f 1966/62/6 1961/63/6 1960/45/6
f 1960/45/6 1959/64/6 1958/65/6
f 1958/65/6 1953/66/6 1952/67/6
f 1952/67/6 1951/56/6 1950/54/6
f 1950/54/6 1946/68/6 1945/46/6
f 1945/46/6 1944/69/6 1941/11/6
f 1944/69/6 1943/70/6 1942/71/6
f 1941/11/6 1944/69/6 1942/71/6
f 1941/11/6 1940/72/6 1938/74/6
f 1940/72/6 1939/73/6 1938/74/6
f 1938/74/6 1937/12/6 1941/11/6
f 1937/12/6 1936/75/6 1934/77/6
f 1936/75/6 1935/76/6 1934/77/6
f 1934/77/6 1933/53/6 1937/12/6
f 1933/53/6 1932/78/6 1931/80/6
f 1931/80/6 1930/79/6 1933/53/6
f 1930/79/6 1929/13/6 1933/53/6
f 1968/60/6 1966/62/6 1960/45/6
f 1960/45/6 1958/65/6 1945/46/6
f 1958/65/6 1952/67/6 1945/46/6
f 1952/67/6 1950/54/6 1945/46/6
f 1929/13/6 1968/60/6 1945/46/6
f 1968/60/6 1960/45/6 1945/46/6
f 1945/46/6 1941/11/6 1929/13/6
f 1941/11/6 1937/12/6 1929/13/6
s 1
f 1948/17/96 1947/14/156 1946/16/156
f 1949/9/95 1948/17/96 1950/18/96
f 1954/19/94 1949/9/95 1951/10/95
f 1955/21/92 1954/19/94 1952/20/94
f 1956/23/91 1955/21/92 1953/22/92
f 1957/25/90 1956/23/91 1958/24/91
f 1962/27/155 1957/25/90 1959/26/90
f 1963/29/88 1962/27/155 1960/28/89
f 1964/31/87 1963/29/88 1961/30/88
f 1965/33/86 1964/31/87 1966/32/87
f 1970/35/157 1965/33/86 1967/34/86
s 0
f 1974/13/6 1971/57/6 1972/58/6
f 1972/58/6 2031/59/6 2030/60/6
f 2030/60/6 2029/61/6 1972/58/6
f 2029/61/6 2028/62/6 2022/45/6
f 2028/62/6 2023/63/6 2022/45/6
f 2022/45/6 2021/64/6 2020/65/6
f 2020/65/6 2015/66/6 2014/67/6
f 2014/67/6 2013/56/6 2012/54/6
f 2012/54/6 2007/68/6 2006/46/6
f 2006/46/6 2005/69/6 2004/70/6
f 2004/70/6 1999/71/6 1998/11/6
f 1998/11/6 1997/72/6 1996/73/6
f 1996/73/6 1991/74/6 1990/12/6
f 1990/12/6 1989/75/6 1982/53/6
f 1989/75/6 1988/76/6 1982/53/6
f 1988/76/6 1983/77/6 1982/53/6
f 1982/53/6 1981/78/6 1980/80/6
f 1980/80/6 1975/79/6 1974/13/6
f 1974/13/6 1972/58/6 2022/45/6
f 2022/45/6 1972/58/6 2029/61/6
f 2022/45/6 2020/65/6 2014/67/6
f 2014/67/6 2012/54/6 2022/45/6
f 2012/54/6 2006/46/6 2022/45/6
f 2006/46/6 2004/70/6 1990/12/6
f 2004/70/6 1998/11/6 1990/12/6
f 1998/11/6 1996/73/6 1990/12/6
f 1982/53/6 1980/80/6 1974/13/6
f 1990/12/6 1982/53/6 1974/13/6
f 1974/13/6 2022/45/6 1990/12/6
f 2033/41/4 2034/81/4 1977/82/4
f 2034/81/4 1973/83/4 1976/84/4
f 1977/82/4 2034/81/4 1976/84/4
f 1977/82/4 1978/85/4 1984/87/4
f 1978/85/4 1979/86/4 1984/87/4
f 1984/87/4 1985/43/4 1977/82/4
f 1985/43/4 1986/88/4 1987/89/4
f 1987/89/4 1992/90/4 1994/92/4
f 1992/90/4 1993/91/4 1994/92/4
f 1994/92/4 1995/94/4 2000/93/4
f 2001/39/4 1994/92/4 2000/93/4
f 2001/39/4 2002/95/4 2009/44/4
f 2002/95/4 2003/97/4 2009/44/4
f 2003/97/4 2008/96/4 2009/44/4
f 2009/44/4 2010/98/4 2017/40/4
f 2010/98/4 2011/99/4 2017/40/4
f 2011/99/4 2016/100/4 2017/40/4
f 2017/40/4 2018/101/4 2024/103/4
f 2018/101/4 2019/102/4 2024/103/4
f 2024/103/4 2025/42/4 2026/104/4
f 2017/40/4 2024/103/4 2027/106/4
f 2026/104/4 2027/106/4 2024/103/4
f 2027/106/4 2032/105/4 2033/41/4
f 1985/43/4 1987/89/4 2001/39/4
f 2001/39/4 1987/89/4 1994/92/4
f 2027/106/4 2033/41/4 2017/40/4
f 2033/41/4 1977/82/4 2001/39/4
f 1977/82/4 1985/43/4 2001/39/4
f 2001/39/4 2009/44/4 2033/41/4
s 1
f 2010/17/111 2009/14/112 2007/16/112
f 2011/9/110 2010/17/111 2012/18/111
f 2016/19/109 2011/9/110 2013/10/110
f 2017/21/108 2016/19/109 2014/20/109
f 2018/23/107 2017/21/108 2015/22/108
f 2019/25/106 2018/23/107 2020/24/107
f 2024/27/105 2019/25/106 2021/26/106
f 2025/29/104 2024/27/105 2022/28/105
f 2026/31/103 2025/29/104 2023/30/104
f 2027/33/102 2026/31/103 2028/32/103
f 2032/35/100 2027/33/102 2029/34/102
f 2033/37/99 2032/35/100 2030/36/100
s 0
f 2038/13/6 2035/57/6 2036/58/6
f 2036/58/6 2095/59/6 2094/60/6
f 2094/60/6 2093/61/6 2036/58/6
f 2093/61/6 2092/62/6 2086/45/6
f 2092/62/6 2087/63/6 2086/45/6
f 2086/45/6 2085/64/6 2084/65/6
f 2084/65/6 2079/66/6 2078/67/6
f 2078/67/6 2077/56/6 2076/54/6
f 2076/54/6 2071/68/6 2070/46/6
f 2070/46/6 2069/69/6 2068/70/6
f 2068/70/6 2063/71/6 2062/11/6
f 2062/11/6 2061/72/6 2060/73/6
f 2060/73/6 2055/74/6 2054/12/6
f 2054/12/6 2053/75/6 2046/53/6
f 2053/75/6 2052/76/6 2046/53/6
f 2052/76/6 2047/77/6 2046/53/6
f 2046/53/6 2045/78/6 2044/80/6
f 2044/80/6 2039/79/6 2038/13/6
f 2038/13/6 2036/58/6 2086/45/6
f 2086/45/6 2036/58/6 2093/61/6
f 2086/45/6 2084/65/6 2078/67/6
f 2078/67/6 2076/54/6 2086/45/6
f 2076/54/6 2070/46/6 2086/45/6
f 2070/46/6 2068/70/6 2054/12/6
f 2068/70/6 2062/11/6 2054/12/6
f 2062/11/6 2060/73/6 2054/12/6
f 2046/53/6 2044/80/6 2038/13/6
f 2054/12/6 2046/53/6 2038/13/6
f 2038/13/6 2086/45/6 2054/12/6
f 2097/41/4 2098/81/4 2041/82/4
f 2098/81/4 2037/83/4 2040/84/4
f 2041/82/4 2098/81/4 2040/84/4
f 2041/82/4 2042/85/4 2048/87/4
f 2042/85/4 2043/86/4 2048/87/4
f 2048/87/4 2049/43/4 2041/82/4
f 2049/43/4 2050/88/4 2051/89/4
f 2051/89/4 2056/90/4 2058/92/4
f 2056/90/4 2057/91/4 2058/92/4
f 2058/92/4 2059/94/4 2064/93/4
f 2065/39/4 2058/92/4 2064/93/4
f 2065/39/4 2066/95/4 2073/44/4
f 2066/95/4 2067/97/4 2073/44/4
f 2067/97/4 2072/96/4 2073/44/4
f 2073/44/4 2074/98/4 2081/40/4
f 2074/98/4 2075/99/4 2081/40/4
f 2075/99/4 2080/100/4 2081/40/4
f 2081/40/4 2082/101/4 2088/103/4
f 2082/101/4 2083/102/4 2088/103/4
f 2088/103/4 2089/42/4 2090/104/4
f 2081/40/4 2088/103/4 2091/106/4
f 2090/104/4 2091/106/4 2088/103/4
f 2091/106/4 2096/105/4 2097/41/4
f 2049/43/4 2051/89/4 2065/39/4
f 2065/39/4 2051/89/4 2058/92/4
f 2091/106/4 2097/41/4 2081/40/4
f 2097/41/4 2041/82/4 2065/39/4
f 2041/82/4 2049/43/4 2065/39/4
f 2065/39/4 2073/44/4 2097/41/4
s 1
f 2074/17/111 2073/14/112 2071/16/112
f 2075/9/110 2074/17/111 2076/18/111
f 2080/19/109 2075/9/110 2077/10/110
f 2081/21/108 2080/19/109 2078/20/109
f 2082/23/107 2081/21/108 2079/22/108
f 2083/25/106 2082/23/107 2084/24/107
f 2088/27/105 2083/25/106 2085/26/106
f 2089/29/104 2088/27/105 2086/28/105
f 2090/31/103 2089/29/104 2087/30/104
f 2091/33/102 2090/31/103 2092/32/103
f 2096/35/100 2091/33/102 2093/34/102
f 2097/37/101 2096/35/100 2094/36/100
s 0
f 2141/41/4 2142/81/4 2101/82/4
f 2142/81/4 2099/83/4 2100/84/4
f 2101/82/4 2142/81/4 2100/84/4
f 2101/82/4 2102/85/4 2104/87/4
f 2102/85/4 2103/86/4 2104/87/4
f 2104/87/4 2105/43/4 2101/82/4
f 2105/43/4 2106/88/4 2107/89/4
f 2107/89/4 2108/90/4 2110/92/4
f 2108/90/4 2109/91/4 2110/92/4
f 2110/92/4 2111/94/4 2112/93/4
f 2113/39/4 2110/92/4 2112/93/4
f 2113/39/4 2114/95/4 2118/44/4
f 2114/95/4 2115/97/4 2118/44/4
f 2115/97/4 2117/96/4 2118/44/4
f 2118/44/4 2119/98/4 2126/40/4
f 2119/98/4 2120/99/4 2126/40/4
f 2120/99/4 2125/100/4 2126/40/4
f 2126/40/4 2127/101/4 2133/103/4
f 2127/101/4 2128/102/4 2133/103/4
f 2133/103/4 2134/42/4 2135/104/4
f 2126/40/4 2133/103/4 2136/106/4
f 2135/104/4 2136/106/4 2133/103/4
f 2136/106/4 2140/105/4 2141/41/4
f 2105/43/4 2107/89/4 2113/39/4
f 2113/39/4 2107/89/4 2110/92/4
f 2136/106/4 2141/41/4 2126/40/4
f 2141/41/4 2101/82/4 2113/39/4
f 2101/82/4 2105/43/4 2113/39/4
f 2113/39/4 2118/44/4 2141/41/4
s 1
f 2119/17/111 2118/14/112 2116/16/112
f 2120/9/110 2119/17/111 2121/18/111
f 2125/19/109 2120/9/110 2122/10/110
f 2126/21/108 2125/19/109 2123/20/109
f 2127/23/107 2126/21/108 2124/22/108
f 2128/25/106 2127/23/107 2129/24/107
f 2133/27/105 2128/25/106 2130/26/106
f 2134/29/104 2133/27/105 2131/28/105
f 2135/31/103 2134/29/104 2132/30/104
f 2136/33/102 2135/31/103 2137/32/103
f 2140/35/158 2136/33/102 2138/34/102
s 0
f 2145/13/6 2143/57/6 2144/58/6
f 2144/58/6 2185/59/6 2184/60/6
f 2184/60/6 2183/61/6 2144/58/6
f 2183/61/6 2182/62/6 2176/45/6
f 2182/62/6 2177/63/6 2176/45/6
f 2176/45/6 2175/64/6 2174/65/6
f 2174/65/6 2169/66/6 2168/67/6
f 2168/67/6 2167/56/6 2166/54/6
f 2166/54/6 2162/68/6 2161/46/6
f 2161/46/6 2160/69/6 2159/70/6
f 2159/70/6 2158/71/6 2157/11/6
f 2157/11/6 2156/72/6 2155/73/6
f 2155/73/6 2154/74/6 2153/12/6
f 2153/12/6 2152/75/6 2149/53/6
f 2152/75/6 2151/76/6 2149/53/6
f 2151/76/6 2150/77/6 2149/53/6
f 2149/53/6 2148/78/6 2147/80/6
f 2147/80/6 2146/79/6 2145/13/6
f 2145/13/6 2144/58/6 2176/45/6
f 2176/45/6 2144/58/6 2183/61/6
f 2176/45/6 2174/65/6 2168/67/6
f 2168/67/6 2166/54/6 2176/45/6
f 2166/54/6 2161/46/6 2176/45/6
f 2161/46/6 2159/70/6 2153/12/6
f 2159/70/6 2157/11/6 2153/12/6
f 2157/11/6 2155/73/6 2153/12/6
f 2149/53/6 2147/80/6 2145/13/6
f 2153/12/6 2149/53/6 2145/13/6
f 2145/13/6 2176/45/6 2153/12/6
s 1
f 2164/17/111 2163/14/112 2162/16/112
f 2165/9/110 2164/17/111 2166/18/111
f 2170/19/109 2165/9/110 2167/10/110
f 2171/21/108 2170/19/109 2168/20/109
f 2172/23/107 2171/21/108 2169/22/108
f 2173/25/106 2172/23/107 2174/24/107
f 2178/27/105 2173/25/106 2175/26/106
f 2179/29/104 2178/27/105 2176/28/105
f 2180/31/103 2179/29/104 2177/30/104
f 2181/33/102 2180/31/103 2182/32/103
f 2186/35/158 2181/33/102 2183/34/102
s 0
f 2190/13/6 2187/57/6 2188/58/6
f 2188/58/6 2247/59/6 2190/13/6
f 2247/59/6 2246/60/6 2190/13/6
f 2246/60/6 2245/61/6 2244/62/6
f 2244/62/6 2239/63/6 2238/45/6
f 2238/45/6 2237/64/6 2236/65/6
f 2236/65/6 2231/66/6 2230/67/6
f 2230/67/6 2229/56/6 2222/46/6
f 2229/56/6 2228/54/6 2222/46/6
f 2228/54/6 2223/68/6 2222/46/6
f 2222/46/6 2221/69/6 2220/70/6
f 2220/70/6 2215/71/6 2222/46/6
f 2215/71/6 2214/11/6 2222/46/6
f 2214/11/6 2213/72/6 2212/73/6
f 2212/73/6 2207/74/6 2214/11/6
f 2207/74/6 2206/12/6 2214/11/6
f 2206/12/6 2205/75/6 2204/76/6
f 2204/76/6 2199/77/6 2198/53/6
f 2198/53/6 2197/78/6 2190/13/6
f 2197/78/6 2196/80/6 2190/13/6
f 2196/80/6 2191/79/6 2190/13/6
f 2246/60/6 2244/62/6 2238/45/6
f 2238/45/6 2236/65/6 2222/46/6
f 2236/65/6 2230/67/6 2222/46/6
f 2206/12/6 2204/76/6 2198/53/6
f 2190/13/6 2246/60/6 2238/45/6
f 2222/46/6 2214/11/6 2206/12/6
f 2206/12/6 2198/53/6 2222/46/6
f 2198/53/6 2190/13/6 2222/46/6
f 2249/41/4 2250/81/4 2192/84/4
f 2250/81/4 2189/83/4 2192/84/4
f 2192/84/4 2193/82/4 2194/85/4
f 2249/41/4 2192/84/4 2195/86/4
f 2194/85/4 2195/86/4 2192/84/4
f 2195/86/4 2200/87/4 2201/43/4
f 2201/43/4 2202/88/4 2209/91/4
f 2202/88/4 2203/89/4 2209/91/4
f 2203/89/4 2208/90/4 2209/91/4
f 2209/91/4 2210/92/4 2211/94/4
f 2211/94/4 2216/93/4 2209/91/4
f 2216/93/4 2217/39/4 2209/91/4
f 2217/39/4 2218/95/4 2219/97/4
f 2219/97/4 2224/96/4 2217/39/4
f 2224/96/4 2225/44/4 2217/39/4
f 2225/44/4 2226/98/4 2227/99/4
f 2227/99/4 2232/100/4 2233/40/4
f 2233/40/4 2234/101/4 2240/103/4
f 2234/101/4 2235/102/4 2240/103/4
f 2240/103/4 2241/42/4 2233/40/4
f 2241/42/4 2242/104/4 2249/41/4
f 2242/104/4 2243/106/4 2248/105/4
f 2249/41/4 2242/104/4 2248/105/4
f 2195/86/4 2201/43/4 2249/41/4
f 2225/44/4 2227/99/4 2217/39/4
f 2227/99/4 2233/40/4 2217/39/4
f 2201/43/4 2209/91/4 2217/39/4
f 2233/40/4 2241/42/4 2249/41/4
f 2249/41/4 2201/43/4 2233/40/4
s 1
f 2226/17/125 2225/14/126 2223/16/126
f 2227/9/124 2226/17/125 2228/18/159
f 2232/19/123 2227/9/124 2229/10/124
f 2233/21/122 2232/19/123 2230/20/123
f 2234/23/121 2233/21/122 2231/22/122
f 2235/25/120 2234/23/121 2236/24/121
f 2240/27/119 2235/25/120 2237/26/120
f 2241/29/118 2240/27/119 2238/28/119
f 2242/31/117 2241/29/118 2239/30/118
f 2243/33/115 2242/31/117 2244/32/116
f 2248/35/114 2243/33/115 2245/34/115
f 2249/37/113 2248/35/114 2246/36/114
s 0
f 2254/13/6 2251/57/6 2252/58/6
f 2252/58/6 2311/59/6 2254/13/6
f 2311/59/6 2310/60/6 2254/13/6
f 2310/60/6 2309/61/6 2308/62/6
f 2308/62/6 2303/63/6 2302/45/6
f 2302/45/6 2301/64/6 2300/65/6
f 2300/65/6 2295/66/6 2294/67/6
f 2294/67/6 2293/56/6 2286/46/6
f 2293/56/6 2292/54/6 2286/46/6
f 2292/54/6 2287/68/6 2286/46/6
f 2286/46/6 2285/69/6 2284/70/6
f 2284/70/6 2279/71/6 2286/46/6
f 2279/71/6 2278/11/6 2286/46/6
f 2278/11/6 2277/72/6 2276/73/6
f 2276/73/6 2271/74/6 2278/11/6
f 2271/74/6 2270/12/6 2278/11/6
f 2270/12/6 2269/75/6 2268/76/6
f 2268/76/6 2263/77/6 2262/53/6
f 2262/53/6 2261/78/6 2254/13/6
f 2261/78/6 2260/80/6 2254/13/6
f 2260/80/6 2255/79/6 2254/13/6
f 2310/60/6 2308/62/6 2302/45/6
f 2302/45/6 2300/65/6 2286/46/6
f 2300/65/6 2294/67/6 2286/46/6
f 2270/12/6 2268/76/6 2262/53/6
f 2254/13/6 2310/60/6 2302/45/6
f 2286/46/6 2278/11/6 2270/12/6
f 2270/12/6 2262/53/6 2286/46/6
f 2262/53/6 2254/13/6 2286/46/6
f 2313/41/4 2314/81/4 2256/84/4
f 2314/81/4 2253/83/4 2256/84/4
f 2256/84/4 2257/82/4 2258/85/4
f 2313/41/4 2256/84/4 2259/86/4
f 2258/85/4 2259/86/4 2256/84/4
f 2259/86/4 2264/87/4 2265/43/4
f 2265/43/4 2266/88/4 2273/91/4
f 2266/88/4 2267/89/4 2273/91/4
f 2267/89/4 2272/90/4 2273/91/4
f 2273/91/4 2274/92/4 2275/94/4
f 2275/94/4 2280/93/4 2273/91/4
f 2280/93/4 2281/39/4 2273/91/4
f 2281/39/4 2282/95/4 2283/97/4
f 2283/97/4 2288/96/4 2281/39/4
f 2288/96/4 2289/44/4 2281/39/4
f 2289/44/4 2290/98/4 2291/99/4
f 2291/99/4 2296/100/4 2297/40/4
f 2297/40/4 2298/101/4 2304/103/4
f 2298/101/4 2299/102/4 2304/103/4
f 2304/103/4 2305/42/4 2297/40/4
f 2305/42/4 2306/104/4 2313/41/4
f 2306/104/4 2307/106/4 2312/105/4
f 2313/41/4 2306/104/4 2312/105/4
f 2259/86/4 2265/43/4 2313/41/4
f 2289/44/4 2291/99/4 2281/39/4
f 2291/99/4 2297/40/4 2281/39/4
f 2265/43/4 2273/91/4 2281/39/4
f 2297/40/4 2305/42/4 2313/41/4
f 2313/41/4 2265/43/4 2297/40/4
s 1
f 2290/17/125 2289/14/126 2287/16/126
f 2291/9/124 2290/17/125 2292/18/125
f 2296/19/123 2291/9/124 2293/10/124
f 2297/21/122 2296/19/123 2294/20/123
f 2298/23/121 2297/21/122 2295/22/122
f 2299/25/120 2298/23/121 2300/24/121
f 2304/27/119 2299/25/120 2301/26/120
f 2305/29/118 2304/27/119 2302/28/119
f 2306/31/117 2305/29/118 2303/30/118
f 2307/33/115 2306/31/117 2308/32/116
f 2312/35/114 2307/33/115 2309/34/115
f 2313/37/113 2312/35/114 2310/36/114
s 0
f 2358/41/4 2359/81/4 2316/84/4
f 2359/81/4 2315/83/4 2316/84/4
f 2316/84/4 2317/82/4 2318/85/4
f 2358/41/4 2316/84/4 2319/86/4
f 2318/85/4 2319/86/4 2316/84/4
f 2319/86/4 2320/87/4 2321/43/4
f 2321/43/4 2322/88/4 2325/91/4
f 2322/88/4 2323/89/4 2325/91/4
f 2323/89/4 2324/90/4 2325/91/4
f 2325/91/4 2326/92/4 2327/94/4
f 2327/94/4 2328/93/4 2325/91/4
f 2328/93/4 2329/39/4 2325/91/4
f 2329/39/4 2330/95/4 2331/97/4
f 2331/97/4 2333/96/4 2329/39/4
f 2333/96/4 2334/44/4 2329/39/4
f 2334/44/4 2335/98/4 2336/99/4
f 2336/99/4 2341/100/4 2342/40/4
f 2342/40/4 2343/101/4 2349/103/4
f 2343/101/4 2344/102/4 2349/103/4
f 2349/103/4 2350/42/4 2342/40/4
f 2350/42/4 2351/104/4 2358/41/4
f 2351/104/4 2352/106/4 2357/105/4
f 2358/41/4 2351/104/4 2357/105/4
f 2319/86/4 2321/43/4 2358/41/4
f 2334/44/4 2336/99/4 2329/39/4
f 2336/99/4 2342/40/4 2329/39/4
f 2321/43/4 2325/91/4 2329/39/4
f 2342/40/4 2350/42/4 2358/41/4
f 2358/41/4 2321/43/4 2342/40/4
s 1
f 2335/17/125 2334/14/126 2332/16/126
f 2336/9/124 2335/17/125 2337/18/125
f 2341/19/123 2336/9/124 2338/10/124
f 2342/21/122 2341/19/123 2339/20/123
f 2343/23/121 2342/21/122 2340/22/122
f 2344/25/120 2343/23/121 2345/24/121
f 2349/27/119 2344/25/120 2346/26/120
f 2350/29/118 2349/27/119 2347/28/119
f 2351/31/117 2350/29/118 2348/30/118
f 2352/33/115 2351/31/117 2353/32/116
f 2357/35/114 2352/33/115 2354/34/115
f 2358/37/113 2357/35/114 2355/36/114
s 0
f 2362/13/6 2360/57/6 2361/58/6
f 2361/58/6 2402/59/6 2362/13/6
f 2402/59/6 2401/60/6 2362/13/6
f 2401/60/6 2400/61/6 2399/62/6
f 2399/62/6 2394/63/6 2393/45/6
f 2393/45/6 2392/64/6 2391/65/6
f 2391/65/6 2386/66/6 2385/67/6
f 2385/67/6 2384/56/6 2378/46/6
f 2384/56/6 2383/54/6 2378/46/6
f 2383/54/6 2379/68/6 2378/46/6
f 2378/46/6 2377/69/6 2376/70/6
f 2376/70/6 2375/71/6 2378/46/6
f 2375/71/6 2374/11/6 2378/46/6
f 2374/11/6 2373/72/6 2372/73/6
f 2372/73/6 2371/74/6 2374/11/6
f 2371/74/6 2370/12/6 2374/11/6
f 2370/12/6 2369/75/6 2368/76/6
f 2368/76/6 2367/77/6 2366/53/6
f 2366/53/6 2365/78/6 2362/13/6
f 2365/78/6 2364/80/6 2362/13/6
f 2364/80/6 2363/79/6 2362/13/6
f 2401/60/6 2399/62/6 2393/45/6
f 2393/45/6 2391/65/6 2378/46/6
f 2391/65/6 2385/67/6 2378/46/6
f 2370/12/6 2368/76/6 2366/53/6
f 2362/13/6 2401/60/6 2393/45/6
f 2378/46/6 2374/11/6 2370/12/6
f 2370/12/6 2366/53/6 2378/46/6
f 2366/53/6 2362/13/6 2378/46/6
s 1
f 2381/17/125 2380/14/126 2379/16/126
f 2382/9/124 2381/17/125 2383/18/125
f 2387/19/123 2382/9/124 2384/10/124
f 2388/21/122 2387/19/123 2385/20/123
f 2389/23/121 2388/21/122 2386/22/122
f 2390/25/120 2389/23/121 2391/24/121
f 2395/27/119 2390/25/120 2392/26/120
f 2396/29/118 2395/27/119 2393/28/119
f 2397/31/117 2396/29/118 2394/30/118
f 2398/33/115 2397/31/117 2399/32/116
f 2403/35/114 2398/33/115 2400/34/115
f 2404/37/113 2403/35/114 2401/36/114
s 0
f 2408/13/6 2405/57/6 2406/58/6
f 2406/58/6 2465/59/6 2464/60/6
f 2464/60/6 2463/61/6 2462/62/6
f 2462/62/6 2457/63/6 2456/45/6
f 2456/45/6 2455/64/6 2454/65/6
f 2454/65/6 2449/66/6 2448/67/6
f 2448/67/6 2447/56/6 2446/54/6
f 2446/54/6 2441/68/6 2440/46/6
f 2440/46/6 2439/69/6 2432/11/6
f 2439/69/6 2438/70/6 2432/11/6
f 2438/70/6 2433/71/6 2432/11/6
f 2432/11/6 2431/72/6 2424/12/6
f 2431/72/6 2430/73/6 2424/12/6
f 2430/73/6 2425/74/6 2424/12/6
f 2424/12/6 2423/75/6 2422/76/6
f 2422/76/6 2417/77/6 2416/53/6
f 2416/53/6 2415/78/6 2414/80/6
f 2414/80/6 2409/79/6 2408/13/6
f 2408/13/6 2406/58/6 2464/60/6
f 2464/60/6 2462/62/6 2408/13/6
f 2462/62/6 2456/45/6 2408/13/6
f 2456/45/6 2454/65/6 2440/46/6
f 2454/65/6 2448/67/6 2440/46/6
f 2448/67/6 2446/54/6 2440/46/6
f 2424/12/6 2422/76/6 2416/53/6
f 2416/53/6 2414/80/6 2424/12/6
f 2414/80/6 2408/13/6 2424/12/6
f 2440/46/6 2432/11/6 2408/13/6
f 2432/11/6 2424/12/6 2408/13/6
f 2467/41/4 2468/81/4 2411/82/4
f 2468/81/4 2407/83/4 2410/84/4
f 2411/82/4 2468/81/4 2410/84/4
f 2411/82/4 2412/85/4 2418/87/4
f 2412/85/4 2413/86/4 2418/87/4
f 2418/87/4 2419/43/4 2411/82/4
f 2419/43/4 2420/88/4 2427/91/4
f 2420/88/4 2421/89/4 2426/90/4
f 2427/91/4 2420/88/4 2426/90/4
f 2427/91/4 2428/92/4 2429/94/4
f 2429/94/4 2434/93/4 2435/39/4
f 2435/39/4 2436/95/4 2437/97/4
f 2437/97/4 2442/96/4 2443/44/4
f 2443/44/4 2444/98/4 2451/40/4
f 2444/98/4 2445/99/4 2450/100/4
f 2451/40/4 2444/98/4 2450/100/4
f 2451/40/4 2452/101/4 2459/42/4
f 2452/101/4 2453/102/4 2459/42/4
f 2453/102/4 2458/103/4 2459/42/4
f 2459/42/4 2460/104/4 2467/41/4
f 2460/104/4 2461/106/4 2467/41/4
f 2461/106/4 2466/105/4 2467/41/4
f 2427/91/4 2429/94/4 2419/43/4
f 2429/94/4 2435/39/4 2419/43/4
f 2435/39/4 2437/97/4 2451/40/4
f 2437/97/4 2443/44/4 2451/40/4
f 2467/41/4 2411/82/4 2435/39/4
f 2411/82/4 2419/43/4 2435/39/4
f 2451/40/4 2459/42/4 2467/41/4
s 1
f 2443/14/140 2442/52/141 2440/15/141
f 2444/17/139 2443/14/140 2441/16/140
f 2445/9/137 2444/17/139 2446/18/138
f 2450/19/136 2445/9/137 2447/10/137
f 2451/21/135 2450/19/136 2448/20/136
f 2452/23/134 2451/21/135 2449/22/135
f 2453/25/133 2452/23/134 2454/24/134
f 2458/27/132 2453/25/133 2455/26/133
f 2459/29/131 2458/27/132 2456/28/132
f 2460/31/130 2459/29/131 2457/30/131
f 2461/33/129 2460/31/130 2462/32/160
f 2466/35/128 2461/33/129 2463/34/129
f 2467/37/127 2466/35/128 2464/36/128
s 0
f 2513/41/4 2514/81/4 2471/82/4
f 2514/81/4 2469/83/4 2470/84/4
f 2471/82/4 2514/81/4 2470/84/4
f 2471/82/4 2472/85/4 2474/87/4
f 2472/85/4 2473/86/4 2474/87/4
f 2474/87/4 2475/43/4 2471/82/4
f 2475/43/4 2476/88/4 2479/91/4
f 2476/88/4 2477/89/4 2478/90/4
f 2479/91/4 2476/88/4 2478/90/4
f 2479/91/4 2480/92/4 2481/94/4
f 2481/94/4 2482/93/4 2483/39/4
f 2483/39/4 2484/95/4 2485/97/4
f 2485/97/4 2488/96/4 2489/44/4
f 2489/44/4 2490/98/4 2497/40/4
f 2490/98/4 2491/99/4 2496/100/4
f 2497/40/4 2490/98/4 2496/100/4
f 2497/40/4 2498/101/4 2505/42/4
f 2498/101/4 2499/102/4 2505/42/4
f 2499/102/4 2504/103/4 2505/42/4
f 2505/42/4 2506/104/4 2513/41/4
f 2506/104/4 2507/106/4 2513/41/4
f 2507/106/4 2512/105/4 2513/41/4
f 2479/91/4 2481/94/4 2475/43/4
f 2481/94/4 2483/39/4 2475/43/4
f 2483/39/4 2485/97/4 2497/40/4
f 2485/97/4 2489/44/4 2497/40/4
f 2513/41/4 2471/82/4 2483/39/4
f 2471/82/4 2475/43/4 2483/39/4
f 2497/40/4 2505/42/4 2513/41/4
s 1
f 2489/14/140 2488/52/141 2486/15/141
f 2490/17/139 2489/14/140 2487/16/140
f 2491/9/137 2490/17/139 2492/18/138
f 2496/19/136 2491/9/137 2493/10/137
f 2497/21/135 2496/19/136 2494/20/136
f 2498/23/134 2497/21/135 2495/22/135
f 2499/25/133 2498/23/134 2500/24/134
f 2504/27/132 2499/25/133 2501/26/133
f 2505/29/131 2504/27/132 2502/28/132
f 2506/31/130 2505/29/131 2503/30/131
f 2507/33/129 2506/31/130 2508/32/160
f 2512/35/128 2507/33/129 2509/34/129
f 2513/37/127 2512/35/128 2510/36/128
s 0
f 2517/13/6 2515/57/6 2516/58/6
f 2516/58/6 2558/59/6 2557/60/6
f 2557/60/6 2556/61/6 2555/62/6
f 2555/62/6 2550/63/6 2549/45/6
f 2549/45/6 2548/64/6 2547/65/6
f 2547/65/6 2542/66/6 2541/67/6
f 2541/67/6 2540/56/6 2539/54/6
f 2539/54/6 2534/68/6 2533/46/6
f 2533/46/6 2532/69/6 2529/11/6
f 2532/69/6 2531/70/6 2529/11/6
f 2531/70/6 2530/71/6 2529/11/6
f 2529/11/6 2528/72/6 2525/12/6
f 2528/72/6 2527/73/6 2525/12/6
f 2527/73/6 2526/74/6 2525/12/6
f 2525/12/6 2524/75/6 2523/76/6
f 2523/76/6 2522/77/6 2521/53/6
f 2521/53/6 2520/78/6 2519/80/6
f 2519/80/6 2518/79/6 2517/13/6
f 2517/13/6 2516/58/6 2557/60/6
f 2557/60/6 2555/62/6 2517/13/6
f 2555/62/6 2549/45/6 2517/13/6
f 2549/45/6 2547/65/6 2533/46/6
f 2547/65/6 2541/67/6 2533/46/6
f 2541/67/6 2539/54/6 2533/46/6
f 2525/12/6 2523/76/6 2521/53/6
f 2521/53/6 2519/80/6 2525/12/6
f 2519/80/6 2517/13/6 2525/12/6
f 2533/46/6 2529/11/6 2517/13/6
f 2529/11/6 2525/12/6 2517/13/6
s 1
f 2536/14/140 2535/52/141 2533/15/141
f 2537/17/139 2536/14/140 2534/16/140
f 2538/9/137 2537/17/139 2539/18/138
f 2543/19/136 2538/9/137 2540/10/137
f 2544/21/135 2543/19/136 2541/20/136
f 2545/23/134 2544/21/135 2542/22/135
f 2546/25/133 2545/23/134 2547/24/134
f 2551/27/132 2546/25/133 2548/26/133
f 2552/29/131 2551/27/132 2549/28/132
f 2553/31/130 2552/29/131 2550/30/131
f 2554/33/129 2553/31/130 2555/32/160
f 2559/35/128 2554/33/129 2556/34/129
f 2560/37/127 2559/35/128 2557/36/128
s 0
f 2564/13/6 2561/57/6 2562/58/6
f 2562/58/6 2621/59/6 2620/60/6
f 2620/60/6 2619/61/6 2618/62/6
f 2618/62/6 2613/63/6 2612/45/6
f 2612/45/6 2611/64/6 2610/65/6
f 2610/65/6 2605/66/6 2604/67/6
f 2604/67/6 2603/56/6 2602/54/6
f 2602/54/6 2597/68/6 2596/46/6
f 2596/46/6 2595/69/6 2588/11/6
f 2595/69/6 2594/70/6 2588/11/6
f 2594/70/6 2589/71/6 2588/11/6
f 2588/11/6 2587/72/6 2580/12/6
f 2587/72/6 2586/73/6 2580/12/6
f 2586/73/6 2581/74/6 2580/12/6
f 2580/12/6 2579/75/6 2578/76/6
f 2578/76/6 2573/77/6 2572/53/6
f 2572/53/6 2571/78/6 2570/80/6
f 2570/80/6 2565/79/6 2564/13/6
f 2564/13/6 2562/58/6 2620/60/6
f 2620/60/6 2618/62/6 2564/13/6
f 2618/62/6 2612/45/6 2564/13/6
f 2612/45/6 2610/65/6 2596/46/6
f 2610/65/6 2604/67/6 2596/46/6
f 2604/67/6 2602/54/6 2596/46/6
f 2580/12/6 2578/76/6 2572/53/6
f 2572/53/6 2570/80/6 2580/12/6
f 2570/80/6 2564/13/6 2580/12/6
f 2596/46/6 2588/11/6 2564/13/6
f 2588/11/6 2580/12/6 2564/13/6
f 2623/41/4 2624/81/4 2567/82/4
f 2624/81/4 2563/83/4 2566/84/4
f 2567/82/4 2624/81/4 2566/84/4
f 2567/82/4 2568/85/4 2574/87/4
f 2568/85/4 2569/86/4 2574/87/4
f 2574/87/4 2575/43/4 2567/82/4
f 2575/43/4 2576/88/4 2583/91/4
f 2576/88/4 2577/89/4 2582/90/4
f 2583/91/4 2576/88/4 2582/90/4
f 2583/91/4 2584/92/4 2585/94/4
f 2585/94/4 2590/93/4 2591/39/4
f 2591/39/4 2592/95/4 2593/97/4
f 2593/97/4 2598/96/4 2599/44/4
f 2599/44/4 2600/98/4 2607/40/4
f 2600/98/4 2601/99/4 2606/100/4
f 2607/40/4 2600/98/4 2606/100/4
f 2607/40/4 2608/101/4 2615/42/4
f 2608/101/4 2609/102/4 2615/42/4
f 2609/102/4 2614/103/4 2615/42/4
f 2615/42/4 2616/104/4 2623/41/4
f 2616/104/4 2617/106/4 2623/41/4
f 2617/106/4 2622/105/4 2623/41/4
f 2583/91/4 2585/94/4 2575/43/4
f 2585/94/4 2591/39/4 2575/43/4
f 2591/39/4 2593/97/4 2607/40/4
f 2593/97/4 2599/44/4 2607/40/4
f 2623/41/4 2567/82/4 2591/39/4
f 2567/82/4 2575/43/4 2591/39/4
f 2607/40/4 2615/42/4 2623/41/4
s 1
f 2599/14/140 2598/52/141 2596/15/141
f 2600/17/139 2599/14/140 2597/16/140
f 2601/9/137 2600/17/139 2602/18/138
f 2606/19/136 2601/9/137 2603/10/137
f 2607/21/135 2606/19/136 2604/20/136
f 2608/23/134 2607/21/135 2605/22/135
f 2609/25/133 2608/23/134 2610/24/134
f 2614/27/132 2609/25/133 2611/26/133
f 2615/29/131 2614/27/132 2612/28/132
f 2616/31/130 2615/29/131 2613/30/131
f 2617/33/129 2616/31/130 2618/32/160
f 2622/35/128 2617/33/129 2619/34/129
f 2623/37/127 2622/35/128 2620/36/128
f 132/54/27 133/56/163 2625/55/161
f 136/19/162 2625/55/161 133/56/163
f 950/29/32 949/103/33 947/28/33
