mtllib bomb_slime.mtl
o BombSlime
v 0.000000 1.140000 0.000000
v 0.000000 1.140000 0.000000
v 0.000000 1.140000 0.000000
v 0.000000 1.140000 0.000000
v 0.000000 1.140000 0.000000
v 0.000000 1.140000 0.000000
v 0.000000 1.140000 0.000000
v 0.000000 1.140000 0.000000
v 0.000000 1.140000 0.000000
v 0.000000 1.140000 0.000000
v 0.000000 1.140000 0.000000
v 0.000000 1.140000 0.000000
v 0.000000 1.140000 0.000000
v 0.000000 1.140000 0.000000
v 0.000000 1.140000 0.000000
v 0.000000 1.140000 0.000000
v 0.000000 1.140000 0.000000
v 0.000000 1.140000 0.000000
v 0.000000 1.140000 0.000000
v 0.000000 1.140000 0.000000
v 0.000000 1.140000 0.000000
v 0.000000 1.140000 0.000000
v 0.000000 1.140000 0.000000
v 0.000000 1.140000 0.000000
v 0.000000 1.140000 0.000000
v 0.000000 1.140000 0.000000
v 0.000000 1.140000 0.000000
v 0.000000 1.140000 0.000000
v 0.000000 1.140000 0.000000
v 0.000000 1.140000 0.000000
v 0.000000 1.140000 0.000000
v 0.000000 1.140000 0.000000
v 0.000000 1.140000 0.000000
v 0.000000 1.140000 0.000000
v 0.000000 1.140000 0.000000
v 0.000000 1.140000 0.000000
v 0.000000 1.140000 0.000000
v 0.000000 1.140000 0.000000
v 0.000000 1.140000 0.000000
v 0.000000 1.140000 0.000000
v 0.000000 1.140000 0.000000
v 0.000000 1.140000 0.000000
v 0.000000 1.140000 0.000000
v 0.000000 1.140000 0.000000
v 0.000000 1.140000 0.000000
v 0.000000 1.140000 0.000000
v 0.000000 1.140000 0.000000
v 0.000000 1.140000 0.000000
v 0.000000 1.140000 0.000000
v 0.000000 1.140000 0.000000
v 0.000000 1.140000 0.000000
v 0.000000 1.140000 0.000000
v 0.000000 1.140000 0.000000
v 0.000000 1.140000 0.000000
v 0.000000 1.140000 0.000000
v 0.000000 1.140000 0.000000
v 0.000000 1.140000 0.000000
v 0.150105 1.135209 0.000000
v 0.149161 1.135209 0.012861
v 0.146342 1.135209 0.025559
v 0.141682 1.135209 0.037937
v 0.135240 1.135209 0.049837
v 0.127098 1.135209 0.061111
v 0.117357 1.135209 0.071616
v 0.106140 1.135209 0.081220
v 0.093589 1.135209 0.089804
v 0.079861 1.135209 0.097257
v 0.065128 1.135209 0.103488
v 0.049577 1.135209 0.108417
v 0.033402 1.135209 0.111983
v 0.016806 1.135209 0.114141
v 0.000000 1.135209 0.114863
v -0.016806 1.135209 0.114141
v -0.033402 1.135209 0.111983
v -0.049577 1.135209 0.108417
v -0.065128 1.135209 0.103488
v -0.079861 1.135209 0.097257
v -0.093589 1.135209 0.089804
v -0.106140 1.135209 0.081220
v -0.117357 1.135209 0.071616
v -0.127098 1.135209 0.061111
v -0.135240 1.135209 0.049837
v -0.141682 1.135209 0.037937
v -0.146342 1.135209 0.025559
v -0.149161 1.135209 0.012861
v -0.150105 1.135209 0.000000
v -0.149161 1.135209 -0.012861
v -0.146342 1.135209 -0.025559
v -0.141682 1.135209 -0.037937
v -0.135240 1.135209 -0.049837
v -0.127098 1.135209 -0.061111
v -0.117357 1.135209 -0.071616
v -0.106140 1.135209 -0.081220
v -0.093589 1.135209 -0.089804
v -0.079861 1.135209 -0.097257
v -0.065128 1.135209 -0.103488
v -0.049577 1.135209 -0.108417
v -0.033402 1.135209 -0.111983
v -0.016806 1.135209 -0.114141
v -0.000000 1.135209 -0.114863
v 0.016806 1.135209 -0.114141
v 0.033402 1.135209 -0.111983
v 0.049577 1.135209 -0.108417
v 0.065128 1.135209 -0.103488
v 0.079861 1.135209 -0.097257
v 0.093589 1.135209 -0.089804
v 0.106140 1.135209 -0.081220
v 0.117357 1.135209 -0.071616
v 0.127098 1.135209 -0.061111
v 0.135240 1.135209 -0.049837
v 0.141682 1.135209 -0.037937
v 0.146342 1.135209 -0.025559
v 0.149161 1.135209 -0.012861
v 0.150105 1.135209 -0.000000
v 0.297642 1.120918 0.000000
v 0.295770 1.120918 0.025501
v 0.290179 1.120918 0.050682
v 0.280939 1.120918 0.075225
v 0.268166 1.120918 0.098822
v 0.252021 1.120918 0.121176
v 0.232706 1.120918 0.142007
v 0.210465 1.120918 0.161051
v 0.185577 1.120918 0.178071
v 0.158355 1.120918 0.192851
v 0.129142 1.120918 0.205205
v 0.098305 1.120918 0.214980
v 0.066232 1.120918 0.222050
v 0.033325 1.120918 0.226329
v 0.000000 1.120918 0.227761
v -0.033325 1.120918 0.226329
v -0.066232 1.120918 0.222050
v -0.098305 1.120918 0.214980
v -0.129142 1.120918 0.205205
v -0.158355 1.120918 0.192851
v -0.185577 1.120918 0.178071
v -0.210465 1.120918 0.161051
v -0.232706 1.120918 0.142007
v -0.252021 1.120918 0.121176
v -0.268166 1.120918 0.098822
v -0.280939 1.120918 0.075225
v -0.290179 1.120918 0.050682
v -0.295770 1.120918 0.025501
v -0.297642 1.120918 0.000000
v -0.295770 1.120918 -0.025501
v -0.290179 1.120918 -0.050682
v -0.280939 1.120918 -0.075225
v -0.268166 1.120918 -0.098822
v -0.252021 1.120918 -0.121176
v -0.232706 1.120918 -0.142007
v -0.210465 1.120918 -0.161051
v -0.185577 1.120918 -0.178071
v -0.158355 1.120918 -0.192851
v -0.129142 1.120918 -0.205205
v -0.098305 1.120918 -0.214980
v -0.066232 1.120918 -0.222050
v -0.033325 1.120918 -0.226329
v -0.000000 1.120918 -0.227761
v 0.033325 1.120918 -0.226329
v 0.066232 1.120918 -0.222050
v 0.098305 1.120918 -0.214980
v 0.129142 1.120918 -0.205205
v 0.158355 1.120918 -0.192851
v 0.185577 1.120918 -0.178071
v 0.210465 1.120918 -0.161051
v 0.232706 1.120918 -0.142007
v 0.252021 1.120918 -0.121176
v 0.268166 1.120918 -0.098822
v 0.280939 1.120918 -0.075225
v 0.290179 1.120918 -0.050682
v 0.295770 1.120918 -0.025501
v 0.297642 1.120918 -0.000000
v 0.440086 1.097373 0.000000
v 0.437319 1.097373 0.037705
v 0.429052 1.097373 0.074936
v 0.415390 1.097373 0.111225
v 0.396504 1.097373 0.146115
v 0.372631 1.097373 0.179168
v 0.344073 1.097373 0.209967
v 0.311188 1.097373 0.238126
v 0.274389 1.097373 0.263291
v 0.234140 1.097373 0.285144
v 0.190946 1.097373 0.303412
v 0.145351 1.097373 0.317863
v 0.097928 1.097373 0.328318
v 0.049274 1.097373 0.334644
v 0.000000 1.097373 0.336761
v -0.049274 1.097373 0.334644
v -0.097928 1.097373 0.328318
v -0.145351 1.097373 0.317863
v -0.190946 1.097373 0.303412
v -0.234140 1.097373 0.285144
v -0.274389 1.097373 0.263291
v -0.311188 1.097373 0.238126
v -0.344073 1.097373 0.209967
v -0.372631 1.097373 0.179168
v -0.396504 1.097373 0.146115
v -0.415390 1.097373 0.111225
v -0.429052 1.097373 0.074936
v -0.437319 1.097373 0.037705
v -0.440086 1.097373 0.000000
v -0.437319 1.097373 -0.037705
v -0.429052 1.097373 -0.074936
v -0.415390 1.097373 -0.111225
v -0.396504 1.097373 -0.146115
v -0.372631 1.097373 -0.179168
v -0.344073 1.097373 -0.209967
v -0.311188 1.097373 -0.238126
v -0.274389 1.097373 -0.263291
v -0.234140 1.097373 -0.285144
v -0.190946 1.097373 -0.303412
v -0.145351 1.097373 -0.317863
v -0.097928 1.097373 -0.328318
v -0.049274 1.097373 -0.334644
v -0.000000 1.097373 -0.336761
v 0.049274 1.097373 -0.334644
v 0.097928 1.097373 -0.328318
v 0.145351 1.097373 -0.317863
v 0.190946 1.097373 -0.303412
v 0.234140 1.097373 -0.285144
v 0.274389 1.097373 -0.263291
v 0.311188 1.097373 -0.238126
v 0.344073 1.097373 -0.209967
v 0.372631 1.097373 -0.179168
v 0.396504 1.097373 -0.146115
v 0.415390 1.097373 -0.111225
v 0.429052 1.097373 -0.074936
v 0.437319 1.097373 -0.037705
v 0.440086 1.097373 -0.000000
v 0.575000 1.064974 0.000000
v 0.571385 1.064974 0.049264
v 0.560584 1.064974 0.097909
v 0.542733 1.064974 0.145323
v 0.518057 1.064974 0.190909
v 0.486866 1.064974 0.234094
v 0.449553 1.064974 0.274336
v 0.406586 1.064974 0.311127
v 0.358507 1.064974 0.344006
v 0.305918 1.064974 0.372559
v 0.249483 1.064974 0.396426
v 0.189910 1.064974 0.415309
v 0.127950 1.064974 0.428968
v 0.064380 1.064974 0.437233
v 0.000000 1.064974 0.440000
v -0.064380 1.064974 0.437233
v -0.127950 1.064974 0.428968
v -0.189910 1.064974 0.415309
v -0.249483 1.064974 0.396426
v -0.305918 1.064974 0.372559
v -0.358507 1.064974 0.344006
v -0.406586 1.064974 0.311127
v -0.449553 1.064974 0.274336
v -0.486866 1.064974 0.234094
v -0.518057 1.064974 0.190909
v -0.542733 1.064974 0.145323
v -0.560584 1.064974 0.097909
v -0.571385 1.064974 0.049264
v -0.575000 1.064974 0.000000
v -0.571385 1.064974 -0.049264
v -0.560584 1.064974 -0.097909
v -0.542733 1.064974 -0.145323
v -0.518057 1.064974 -0.190909
v -0.486866 1.064974 -0.234094
v -0.449553 1.064974 -0.274336
v -0.406586 1.064974 -0.311127
v -0.358507 1.064974 -0.344006
v -0.305918 1.064974 -0.372559
v -0.249483 1.064974 -0.396426
v -0.189910 1.064974 -0.415309
v -0.127950 1.064974 -0.428968
v -0.064380 1.064974 -0.437233
v -0.000000 1.064974 -0.440000
v 0.064380 1.064974 -0.437233
v 0.127950 1.064974 -0.428968
v 0.189910 1.064974 -0.415309
v 0.249483 1.064974 -0.396426
v 0.305918 1.064974 -0.372559
v 0.358507 1.064974 -0.344006
v 0.406586 1.064974 -0.311127
v 0.449553 1.064974 -0.274336
v 0.486866 1.064974 -0.234094
v 0.518057 1.064974 -0.190909
v 0.542733 1.064974 -0.145323
v 0.560584 1.064974 -0.097909
v 0.571385 1.064974 -0.049264
v 0.575000 1.064974 -0.000000
v 0.700076 1.024278 0.000000
v 0.695674 1.024278 0.059980
v 0.682523 1.024278 0.119207
v 0.660790 1.024278 0.176934
v 0.630746 1.024278 0.232436
v 0.592771 1.024278 0.285015
v 0.547341 1.024278 0.334010
v 0.495028 1.024278 0.378804
v 0.436490 1.024278 0.418835
v 0.372463 1.024278 0.453599
v 0.303751 1.024278 0.482658
v 0.231220 1.024278 0.505648
v 0.155781 1.024278 0.522279
v 0.078384 1.024278 0.532342
v 0.000000 1.024278 0.535710
v -0.078384 1.024278 0.532342
v -0.155781 1.024278 0.522279
v -0.231220 1.024278 0.505648
v -0.303751 1.024278 0.482658
v -0.372463 1.024278 0.453599
v -0.436490 1.024278 0.418835
v -0.495028 1.024278 0.378804
v -0.547341 1.024278 0.334010
v -0.592771 1.024278 0.285015
v -0.630746 1.024278 0.232436
v -0.660790 1.024278 0.176934
v -0.682523 1.024278 0.119207
v -0.695674 1.024278 0.059980
v -0.700076 1.024278 0.000000
v -0.695674 1.024278 -0.059980
v -0.682523 1.024278 -0.119207
v -0.660790 1.024278 -0.176934
v -0.630746 1.024278 -0.232436
v -0.592771 1.024278 -0.285015
v -0.547341 1.024278 -0.334010
v -0.495028 1.024278 -0.378804
v -0.436490 1.024278 -0.418835
v -0.372463 1.024278 -0.453599
v -0.303751 1.024278 -0.482658
v -0.231220 1.024278 -0.505648
v -0.155781 1.024278 -0.522279
v -0.078384 1.024278 -0.532342
v -0.000000 1.024278 -0.535710
v 0.078384 1.024278 -0.532342
v 0.155781 1.024278 -0.522279
v 0.231220 1.024278 -0.505648
v 0.303751 1.024278 -0.482658
v 0.372463 1.024278 -0.453599
v 0.436490 1.024278 -0.418835
v 0.495028 1.024278 -0.378804
v 0.547341 1.024278 -0.334010
v 0.592771 1.024278 -0.285015
v 0.630746 1.024278 -0.232436
v 0.660790 1.024278 -0.176934
v 0.682523 1.024278 -0.119207
v 0.695674 1.024278 -0.059980
v 0.700076 1.024278 -0.000000
v 0.813173 0.975980 0.000000
v 0.808060 0.975980 0.069670
v 0.792785 0.975980 0.138465
v 0.767540 0.975980 0.205517
v 0.732643 0.975980 0.269986
v 0.688533 0.975980 0.331059
v 0.635764 0.975980 0.387969
v 0.575000 0.975980 0.440000
v 0.507005 0.975980 0.486498
v 0.432634 0.975980 0.526877
v 0.352822 0.975980 0.560631
v 0.268574 0.975980 0.587335
v 0.180948 0.975980 0.606653
v 0.091046 0.975980 0.618341
v 0.000000 0.975980 0.622254
v -0.091046 0.975980 0.618341
v -0.180948 0.975980 0.606653
v -0.268574 0.975980 0.587335
v -0.352822 0.975980 0.560631
v -0.432634 0.975980 0.526877
v -0.507005 0.975980 0.486498
v -0.575000 0.975980 0.440000
v -0.635764 0.975980 0.387969
v -0.688533 0.975980 0.331059
v -0.732643 0.975980 0.269986
v -0.767540 0.975980 0.205517
v -0.792785 0.975980 0.138465
v -0.808060 0.975980 0.069670
v -0.813173 0.975980 0.000000
v -0.808060 0.975980 -0.069670
v -0.792785 0.975980 -0.138465
v -0.767540 0.975980 -0.205517
v -0.732643 0.975980 -0.269986
v -0.688533 0.975980 -0.331059
v -0.635764 0.975980 -0.387969
v -0.575000 0.975980 -0.440000
v -0.507005 0.975980 -0.486498
v -0.432634 0.975980 -0.526877
v -0.352822 0.975980 -0.560631
v -0.268574 0.975980 -0.587335
v -0.180948 0.975980 -0.606653
v -0.091046 0.975980 -0.618341
v -0.000000 0.975980 -0.622254
v 0.091046 0.975980 -0.618341
v 0.180948 0.975980 -0.606653
v 0.268574 0.975980 -0.587335
v 0.352822 0.975980 -0.560631
v 0.432634 0.975980 -0.526877
v 0.507005 0.975980 -0.486498
v 0.575000 0.975980 -0.440000
v 0.635764 0.975980 -0.387969
v 0.688533 0.975980 -0.331059
v 0.732643 0.975980 -0.269986
v 0.767540 0.975980 -0.205517
v 0.792785 0.975980 -0.138465
v 0.808060 0.975980 -0.069670
v 0.813173 0.975980 -0.000000
v 0.912356 0.920906 0.000000
v 0.906620 0.920906 0.078168
v 0.889482 0.920906 0.155353
v 0.861158 0.920906 0.230585
v 0.822005 0.920906 0.302916
v 0.772514 0.920906 0.371439
v 0.713309 0.920906 0.435290
v 0.645133 0.920906 0.493667
v 0.568845 0.920906 0.545836
v 0.485403 0.920906 0.591141
v 0.395857 0.920906 0.629012
v 0.301332 0.920906 0.658973
v 0.203018 0.920906 0.680647
v 0.102151 0.920906 0.693761
v 0.000000 0.920906 0.698151
v -0.102151 0.920906 0.693761
v -0.203018 0.920906 0.680647
v -0.301332 0.920906 0.658973
v -0.395857 0.920906 0.629012
v -0.485403 0.920906 0.591141
v -0.568845 0.920906 0.545836
v -0.645133 0.920906 0.493667
v -0.713309 0.920906 0.435290
v -0.772514 0.920906 0.371439
v -0.822005 0.920906 0.302916
v -0.861158 0.920906 0.230585
v -0.889482 0.920906 0.155353
v -0.906620 0.920906 0.078168
v -0.912356 0.920906 0.000000
v -0.906620 0.920906 -0.078168
v -0.889482 0.920906 -0.155353
v -0.861158 0.920906 -0.230585
v -0.822005 0.920906 -0.302916
v -0.772514 0.920906 -0.371439
v -0.713309 0.920906 -0.435290
v -0.645133 0.920906 -0.493667
v -0.568845 0.920906 -0.545836
v -0.485403 0.920906 -0.591141
v -0.395857 0.920906 -0.629012
v -0.301332 0.920906 -0.658973
v -0.203018 0.920906 -0.680647
v -0.102151 0.920906 -0.693761
v -0.000000 0.920906 -0.698151
v 0.102151 0.920906 -0.693761
v 0.203018 0.920906 -0.680647
v 0.301332 0.920906 -0.658973
v 0.395857 0.920906 -0.629012
v 0.485403 0.920906 -0.591141
v 0.568845 0.920906 -0.545836
v 0.645133 0.920906 -0.493667
v 0.713309 0.920906 -0.435290
v 0.772514 0.920906 -0.371439
v 0.822005 0.920906 -0.302916
v 0.861158 0.920906 -0.230585
v 0.889482 0.920906 -0.155353
v 0.906620 0.920906 -0.078168
v 0.912356 0.920906 -0.000000
v 0.995929 0.860000 0.000000
v 0.989667 0.860000 0.085328
v 0.970959 0.860000 0.169584
v 0.940041 0.860000 0.251706
v 0.897301 0.860000 0.330664
v 0.843277 0.860000 0.405463
v 0.778649 0.860000 0.475163
v 0.704228 0.860000 0.538888
v 0.620952 0.860000 0.595836
v 0.529866 0.860000 0.645291
v 0.432117 0.860000 0.686630
v 0.328935 0.860000 0.719336
v 0.221615 0.860000 0.742995
v 0.111509 0.860000 0.757310
v 0.000000 0.860000 0.762102
v -0.111509 0.860000 0.757310
v -0.221615 0.860000 0.742995
v -0.328935 0.860000 0.719336
v -0.432117 0.860000 0.686630
v -0.529866 0.860000 0.645291
v -0.620952 0.860000 0.595836
v -0.704228 0.860000 0.538888
v -0.778649 0.860000 0.475163
v -0.843277 0.860000 0.405463
v -0.897301 0.860000 0.330664
v -0.940041 0.860000 0.251706
v -0.970959 0.860000 0.169584
v -0.989667 0.860000 0.085328
v -0.995929 0.860000 0.000000
v -0.989667 0.860000 -0.085328
v -0.970959 0.860000 -0.169584
v -0.940041 0.860000 -0.251706
v -0.897301 0.860000 -0.330664
v -0.843277 0.860000 -0.405463
v -0.778649 0.860000 -0.475163
v -0.704228 0.860000 -0.538888
v -0.620952 0.860000 -0.595836
v -0.529866 0.860000 -0.645291
v -0.432117 0.860000 -0.686630
v -0.328935 0.860000 -0.719336
v -0.221615 0.860000 -0.742995
v -0.111509 0.860000 -0.757310
v -0.000000 0.860000 -0.762102
v 0.111509 0.860000 -0.757310
v 0.221615 0.860000 -0.742995
v 0.328935 0.860000 -0.719336
v 0.432117 0.860000 -0.686630
v 0.529866 0.860000 -0.645291
v 0.620952 0.860000 -0.595836
v 0.704228 0.860000 -0.538888
v 0.778649 0.860000 -0.475163
v 0.843277 0.860000 -0.405463
v 0.897301 0.860000 -0.330664
v 0.940041 0.860000 -0.251706
v 0.970959 0.860000 -0.169584
v 0.989667 0.860000 -0.085328
v 0.995929 0.860000 -0.000000
v 1.062461 0.794303 0.000000
v 1.055781 0.794303 0.091029
v 1.035823 0.794303 0.180913
v 1.002840 0.794303 0.268521
v 0.957245 0.794303 0.352754
v 0.899612 0.794303 0.432550
v 0.830666 0.794303 0.506906
v 0.751274 0.794303 0.574888
v 0.662434 0.794303 0.635640
v 0.565264 0.794303 0.688399
v 0.460985 0.794303 0.732500
v 0.350909 0.794303 0.767390
v 0.236420 0.794303 0.792630
v 0.118958 0.794303 0.807902
v 0.000000 0.794303 0.813014
v -0.118958 0.794303 0.807902
v -0.236420 0.794303 0.792630
v -0.350909 0.794303 0.767390
v -0.460985 0.794303 0.732500
v -0.565264 0.794303 0.688399
v -0.662434 0.794303 0.635640
v -0.751274 0.794303 0.574888
v -0.830666 0.794303 0.506906
v -0.899612 0.794303 0.432550
v -0.957245 0.794303 0.352754
v -1.002840 0.794303 0.268521
v -1.035823 0.794303 0.180913
v -1.055781 0.794303 0.091029
v -1.062461 0.794303 0.000000
v -1.055781 0.794303 -0.091029
v -1.035823 0.794303 -0.180913
v -1.002840 0.794303 -0.268521
v -0.957245 0.794303 -0.352754
v -0.899612 0.794303 -0.432550
v -0.830666 0.794303 -0.506906
v -0.751274 0.794303 -0.574888
v -0.662434 0.794303 -0.635640
v -0.565264 0.794303 -0.688399
v -0.460985 0.794303 -0.732500
v -0.350909 0.794303 -0.767390
v -0.236420 0.794303 -0.792630
v -0.118958 0.794303 -0.807902
v -0.000000 0.794303 -0.813014
v 0.118958 0.794303 -0.807902
v 0.236420 0.794303 -0.792630
v 0.350909 0.794303 -0.767390
v 0.460985 0.794303 -0.732500
v 0.565264 0.794303 -0.688399
v 0.662434 0.794303 -0.635640
v 0.751274 0.794303 -0.574888
v 0.830666 0.794303 -0.506906
v 0.899612 0.794303 -0.432550
v 0.957245 0.794303 -0.352754
v 1.002840 0.794303 -0.268521
v 1.035823 0.794303 -0.180913
v 1.055781 0.794303 -0.091029
v 1.062461 0.794303 -0.000000
v 1.110815 0.724939 0.000000
v 1.103830 0.724939 0.095171
v 1.082964 0.724939 0.189146
v 1.048479 0.724939 0.280742
v 1.000809 0.724939 0.368808
v 0.940554 0.724939 0.452235
v 0.868470 0.724939 0.529976
v 0.785465 0.724939 0.601051
v 0.692582 0.724939 0.664568
v 0.590989 0.724939 0.719728
v 0.481964 0.724939 0.765837
v 0.366879 0.724939 0.802315
v 0.247180 0.724939 0.828703
v 0.124372 0.724939 0.844670
v 0.000000 0.724939 0.850015
v -0.124372 0.724939 0.844670
v -0.247180 0.724939 0.828703
v -0.366879 0.724939 0.802315
v -0.481964 0.724939 0.765837
v -0.590989 0.724939 0.719728
v -0.692582 0.724939 0.664568
v -0.785465 0.724939 0.601051
v -0.868470 0.724939 0.529976
v -0.940554 0.724939 0.452235
v -1.000809 0.724939 0.368808
v -1.048479 0.724939 0.280742
v -1.082964 0.724939 0.189146
v -1.103830 0.724939 0.095171
v -1.110815 0.724939 0.000000
v -1.103830 0.724939 -0.095171
v -1.082964 0.724939 -0.189146
v -1.048479 0.724939 -0.280742
v -1.000809 0.724939 -0.368808
v -0.940554 0.724939 -0.452235
v -0.868470 0.724939 -0.529976
v -0.785465 0.724939 -0.601051
v -0.692582 0.724939 -0.664568
v -0.590989 0.724939 -0.719728
v -0.481964 0.724939 -0.765837
v -0.366879 0.724939 -0.802315
v -0.247180 0.724939 -0.828703
v -0.124372 0.724939 -0.844670
v -0.000000 0.724939 -0.850015
v 0.124372 0.724939 -0.844670
v 0.247180 0.724939 -0.828703
v 0.366879 0.724939 -0.802315
v 0.481964 0.724939 -0.765837
v 0.590989 0.724939 -0.719728
v 0.692582 0.724939 -0.664568
v 0.785465 0.724939 -0.601051
v 0.868470 0.724939 -0.529976
v 0.940554 0.724939 -0.452235
v 1.000809 0.724939 -0.368808
v 1.048479 0.724939 -0.280742
v 1.082964 0.724939 -0.189146
v 1.103830 0.724939 -0.095171
v 1.110815 0.724939 -0.000000
v 1.140162 0.653095 0.000000
v 1.132992 0.653095 0.097686
v 1.111575 0.653095 0.194143
v 1.076180 0.653095 0.288159
v 1.027250 0.653095 0.378551
v 0.965402 0.653095 0.464183
v 0.891414 0.653095 0.543977
v 0.806216 0.653095 0.616930
v 0.710879 0.653095 0.682126
v 0.606603 0.653095 0.738743
v 0.494698 0.653095 0.786070
v 0.376572 0.653095 0.823511
v 0.253710 0.653095 0.850597
v 0.127658 0.653095 0.866986
v 0.000000 0.653095 0.872471
v -0.127658 0.653095 0.866986
v -0.253710 0.653095 0.850597
v -0.376572 0.653095 0.823511
v -0.494698 0.653095 0.786070
v -0.606603 0.653095 0.738743
v -0.710879 0.653095 0.682126
v -0.806216 0.653095 0.616930
v -0.891414 0.653095 0.543977
v -0.965402 0.653095 0.464183
v -1.027250 0.653095 0.378551
v -1.076180 0.653095 0.288159
v -1.111575 0.653095 0.194143
v -1.132992 0.653095 0.097686
v -1.140162 0.653095 0.000000
v -1.132992 0.653095 -0.097686
v -1.111575 0.653095 -0.194143
v -1.076180 0.653095 -0.288159
v -1.027250 0.653095 -0.378551
v -0.965402 0.653095 -0.464183
v -0.891414 0.653095 -0.543977
v -0.806216 0.653095 -0.616930
v -0.710879 0.653095 -0.682126
v -0.606603 0.653095 -0.738743
v -0.494698 0.653095 -0.786070
v -0.376572 0.653095 -0.823511
v -0.253710 0.653095 -0.850597
v -0.127658 0.653095 -0.866986
v -0.000000 0.653095 -0.872471
v 0.127658 0.653095 -0.866986
v 0.253710 0.653095 -0.850597
v 0.376572 0.653095 -0.823511
v 0.494698 0.653095 -0.786070
v 0.606603 0.653095 -0.738743
v 0.710879 0.653095 -0.682126
v 0.806216 0.653095 -0.616930
v 0.891414 0.653095 -0.543977
v 0.965402 0.653095 -0.464183
v 1.027250 0.653095 -0.378551
v 1.076180 0.653095 -0.288159
v 1.111575 0.653095 -0.194143
v 1.132992 0.653095 -0.097686
v 1.140162 0.653095 -0.000000
v 1.150000 0.580000 0.000000
v 1.142769 0.580000 0.098529
v 1.121167 0.580000 0.195818
v 1.085466 0.580000 0.290646
v 1.036114 0.580000 0.381818
v 0.973733 0.580000 0.468188
v 0.899106 0.580000 0.548671
v 0.813173 0.580000 0.622254
v 0.717013 0.580000 0.688012
v 0.611837 0.580000 0.745117
v 0.498966 0.580000 0.792853
v 0.379821 0.580000 0.830617
v 0.255899 0.580000 0.857937
v 0.128759 0.580000 0.874467
v 0.000000 0.580000 0.880000
v -0.128759 0.580000 0.874467
v -0.255899 0.580000 0.857937
v -0.379821 0.580000 0.830617
v -0.498966 0.580000 0.792853
v -0.611837 0.580000 0.745117
v -0.717013 0.580000 0.688012
v -0.813173 0.580000 0.622254
v -0.899106 0.580000 0.548671
v -0.973733 0.580000 0.468188
v -1.036114 0.580000 0.381818
v -1.085466 0.580000 0.290646
v -1.121167 0.580000 0.195818
v -1.142769 0.580000 0.098529
v -1.150000 0.580000 0.000000
v -1.142769 0.580000 -0.098529
v -1.121167 0.580000 -0.195818
v -1.085466 0.580000 -0.290646
v -1.036114 0.580000 -0.381818
v -0.973733 0.580000 -0.468188
v -0.899106 0.580000 -0.548671
v -0.813173 0.580000 -0.622254
v -0.717013 0.580000 -0.688012
v -0.611837 0.580000 -0.745117
v -0.498966 0.580000 -0.792853
v -0.379821 0.580000 -0.830617
v -0.255899 0.580000 -0.857937
v -0.128759 0.580000 -0.874467
v -0.000000 0.580000 -0.880000
v 0.128759 0.580000 -0.874467
v 0.255899 0.580000 -0.857937
v 0.379821 0.580000 -0.830617
v 0.498966 0.580000 -0.792853
v 0.611837 0.580000 -0.745117
v 0.717013 0.580000 -0.688012
v 0.813173 0.580000 -0.622254
v 0.899106 0.580000 -0.548671
v 0.973733 0.580000 -0.468188
v 1.036114 0.580000 -0.381818
v 1.085466 0.580000 -0.290646
v 1.121167 0.580000 -0.195818
v 1.142769 0.580000 -0.098529
v 1.150000 0.580000 -0.000000
v 1.140162 0.506905 0.000000
v 1.132992 0.506905 0.097686
v 1.111575 0.506905 0.194143
v 1.076180 0.506905 0.288159
v 1.027250 0.506905 0.378551
v 0.965402 0.506905 0.464183
v 0.891414 0.506905 0.543977
v 0.806216 0.506905 0.616930
v 0.710879 0.506905 0.682126
v 0.606603 0.506905 0.738743
v 0.494698 0.506905 0.786070
v 0.376572 0.506905 0.823511
v 0.253710 0.506905 0.850597
v 0.127658 0.506905 0.866986
v 0.000000 0.506905 0.872471
v -0.127658 0.506905 0.866986
v -0.253710 0.506905 0.850597
v -0.376572 0.506905 0.823511
v -0.494698 0.506905 0.786070
v -0.606603 0.506905 0.738743
v -0.710879 0.506905 0.682126
v -0.806216 0.506905 0.616930
v -0.891414 0.506905 0.543977
v -0.965402 0.506905 0.464183
v -1.027250 0.506905 0.378551
v -1.076180 0.506905 0.288159
v -1.111575 0.506905 0.194143
v -1.132992 0.506905 0.097686
v -1.140162 0.506905 0.000000
v -1.132992 0.506905 -0.097686
v -1.111575 0.506905 -0.194143
v -1.076180 0.506905 -0.288159
v -1.027250 0.506905 -0.378551
v -0.965402 0.506905 -0.464183
v -0.891414 0.506905 -0.543977
v -0.806216 0.506905 -0.616930
v -0.710879 0.506905 -0.682126
v -0.606603 0.506905 -0.738743
v -0.494698 0.506905 -0.786070
v -0.376572 0.506905 -0.823511
v -0.253710 0.506905 -0.850597
v -0.127658 0.506905 -0.866986
v -0.000000 0.506905 -0.872471
v 0.127658 0.506905 -0.866986
v 0.253710 0.506905 -0.850597
v 0.376572 0.506905 -0.823511
v 0.494698 0.506905 -0.786070
v 0.606603 0.506905 -0.738743
v 0.710879 0.506905 -0.682126
v 0.806216 0.506905 -0.616930
v 0.891414 0.506905 -0.543977
v 0.965402 0.506905 -0.464183
v 1.027250 0.506905 -0.378551
v 1.076180 0.506905 -0.288159
v 1.111575 0.506905 -0.194143
v 1.132992 0.506905 -0.097686
v 1.140162 0.506905 -0.000000
v 1.110815 0.435061 0.000000
v 1.103830 0.435061 0.095171
v 1.082964 0.435061 0.189146
v 1.048479 0.435061 0.280742
v 1.000809 0.435061 0.368808
v 0.940554 0.435061 0.452235
v 0.868470 0.435061 0.529976
v 0.785465 0.435061 0.601051
v 0.692582 0.435061 0.664568
v 0.590989 0.435061 0.719728
v 0.481964 0.435061 0.765837
v 0.366879 0.435061 0.802315
v 0.247180 0.435061 0.828703
v 0.124372 0.435061 0.844670
v 0.000000 0.435061 0.850015
v -0.124372 0.435061 0.844670
v -0.247180 0.435061 0.828703
v -0.366879 0.435061 0.802315
v -0.481964 0.435061 0.765837
v -0.590989 0.435061 0.719728
v -0.692582 0.435061 0.664568
v -0.785465 0.435061 0.601051
v -0.868470 0.435061 0.529976
v -0.940554 0.435061 0.452235
v -1.000809 0.435061 0.368808
v -1.048479 0.435061 0.280742
v -1.082964 0.435061 0.189146
v -1.103830 0.435061 0.095171
v -1.110815 0.435061 0.000000
v -1.103830 0.435061 -0.095171
v -1.082964 0.435061 -0.189146
v -1.048479 0.435061 -0.280742
v -1.000809 0.435061 -0.368808
v -0.940554 0.435061 -0.452235
v -0.868470 0.435061 -0.529976
v -0.785465 0.435061 -0.601051
v -0.692582 0.435061 -0.664568
v -0.590989 0.435061 -0.719728
v -0.481964 0.435061 -0.765837
v -0.366879 0.435061 -0.802315
v -0.247180 0.435061 -0.828703
v -0.124372 0.435061 -0.844670
v -0.000000 0.435061 -0.850015
v 0.124372 0.435061 -0.844670
v 0.247180 0.435061 -0.828703
v 0.366879 0.435061 -0.802315
v 0.481964 0.435061 -0.765837
v 0.590989 0.435061 -0.719728
v 0.692582 0.435061 -0.664568
v 0.785465 0.435061 -0.601051
v 0.868470 0.435061 -0.529976
v 0.940554 0.435061 -0.452235
v 1.000809 0.435061 -0.368808
v 1.048479 0.435061 -0.280742
v 1.082964 0.435061 -0.189146
v 1.103830 0.435061 -0.095171
v 1.110815 0.435061 -0.000000
v 1.062461 0.365697 0.000000
v 1.055781 0.365697 0.091029
v 1.035823 0.365697 0.180913
v 1.002840 0.365697 0.268521
v 0.957245 0.365697 0.352754
v 0.899612 0.365697 0.432550
v 0.830666 0.365697 0.506906
v 0.751274 0.365697 0.574888
v 0.662434 0.365697 0.635640
v 0.565264 0.365697 0.688399
v 0.460985 0.365697 0.732500
v 0.350909 0.365697 0.767390
v 0.236420 0.365697 0.792630
v 0.118958 0.365697 0.807902
v 0.000000 0.365697 0.813014
v -0.118958 0.365697 0.807902
v -0.236420 0.365697 0.792630
v -0.350909 0.365697 0.767390
v -0.460985 0.365697 0.732500
v -0.565264 0.365697 0.688399
v -0.662434 0.365697 0.635640
v -0.751274 0.365697 0.574888
v -0.830666 0.365697 0.506906
v -0.899612 0.365697 0.432550
v -0.957245 0.365697 0.352754
v -1.002840 0.365697 0.268521
v -1.035823 0.365697 0.180913
v -1.055781 0.365697 0.091029
v -1.062461 0.365697 0.000000
v -1.055781 0.365697 -0.091029
v -1.035823 0.365697 -0.180913
v -1.002840 0.365697 -0.268521
v -0.957245 0.365697 -0.352754
v -0.899612 0.365697 -0.432550
v -0.830666 0.365697 -0.506906
v -0.751274 0.365697 -0.574888
v -0.662434 0.365697 -0.635640
v -0.565264 0.365697 -0.688399
v -0.460985 0.365697 -0.732500
v -0.350909 0.365697 -0.767390
v -0.236420 0.365697 -0.792630
v -0.118958 0.365697 -0.807902
v -0.000000 0.365697 -0.813014
v 0.118958 0.365697 -0.807902
v 0.236420 0.365697 -0.792630
v 0.350909 0.365697 -0.767390
v 0.460985 0.365697 -0.732500
v 0.565264 0.365697 -0.688399
v 0.662434 0.365697 -0.635640
v 0.751274 0.365697 -0.574888
v 0.830666 0.365697 -0.506906
v 0.899612 0.365697 -0.432550
v 0.957245 0.365697 -0.352754
v 1.002840 0.365697 -0.268521
v 1.035823 0.365697 -0.180913
v 1.055781 0.365697 -0.091029
v 1.062461 0.365697 -0.000000
v 0.995929 0.300000 0.000000
v 0.989667 0.300000 0.085328
v 0.970959 0.300000 0.169584
v 0.940041 0.300000 0.251706
v 0.897301 0.300000 0.330664
v 0.843277 0.300000 0.405463
v 0.778649 0.300000 0.475163
v 0.704228 0.300000 0.538888
v 0.620952 0.300000 0.595836
v 0.529866 0.300000 0.645291
v 0.432117 0.300000 0.686630
v 0.328935 0.300000 0.719336
v 0.221615 0.300000 0.742995
v 0.111509 0.300000 0.757310
v 0.000000 0.300000 0.762102
v -0.111509 0.300000 0.757310
v -0.221615 0.300000 0.742995
v -0.328935 0.300000 0.719336
v -0.432117 0.300000 0.686630
v -0.529866 0.300000 0.645291
v -0.620952 0.300000 0.595836
v -0.704228 0.300000 0.538888
v -0.778649 0.300000 0.475163
v -0.843277 0.300000 0.405463
v -0.897301 0.300000 0.330664
v -0.940041 0.300000 0.251706
v -0.970959 0.300000 0.169584
v -0.989667 0.300000 0.085328
v -0.995929 0.300000 0.000000
v -0.989667 0.300000 -0.085328
v -0.970959 0.300000 -0.169584
v -0.940041 0.300000 -0.251706
v -0.897301 0.300000 -0.330664
v -0.843277 0.300000 -0.405463
v -0.778649 0.300000 -0.475163
v -0.704228 0.300000 -0.538888
v -0.620952 0.300000 -0.595836
v -0.529866 0.300000 -0.645291
v -0.432117 0.300000 -0.686630
v -0.328935 0.300000 -0.719336
v -0.221615 0.300000 -0.742995
v -0.111509 0.300000 -0.757310
v -0.000000 0.300000 -0.762102
v 0.111509 0.300000 -0.757310
v 0.221615 0.300000 -0.742995
v 0.328935 0.300000 -0.719336
v 0.432117 0.300000 -0.686630
v 0.529866 0.300000 -0.645291
v 0.620952 0.300000 -0.595836
v 0.704228 0.300000 -0.538888
v 0.778649 0.300000 -0.475163
v 0.843277 0.300000 -0.405463
v 0.897301 0.300000 -0.330664
v 0.940041 0.300000 -0.251706
v 0.970959 0.300000 -0.169584
v 0.989667 0.300000 -0.085328
v 0.995929 0.300000 -0.000000
v 0.912356 0.239094 0.000000
v 0.906620 0.239094 0.078168
v 0.889482 0.239094 0.155353
v 0.861158 0.239094 0.230585
v 0.822005 0.239094 0.302916
v 0.772514 0.239094 0.371439
v 0.713309 0.239094 0.435290
v 0.645133 0.239094 0.493667
v 0.568845 0.239094 0.545836
v 0.485403 0.239094 0.591141
v 0.395857 0.239094 0.629012
v 0.301332 0.239094 0.658973
v 0.203018 0.239094 0.680647
v 0.102151 0.239094 0.693761
v 0.000000 0.239094 0.698151
v -0.102151 0.239094 0.693761
v -0.203018 0.239094 0.680647
v -0.301332 0.239094 0.658973
v -0.395857 0.239094 0.629012
v -0.485403 0.239094 0.591141
v -0.568845 0.239094 0.545836
v -0.645133 0.239094 0.493667
v -0.713309 0.239094 0.435290
v -0.772514 0.239094 0.371439
v -0.822005 0.239094 0.302916
v -0.861158 0.239094 0.230585
v -0.889482 0.239094 0.155353
v -0.906620 0.239094 0.078168
v -0.912356 0.239094 0.000000
v -0.906620 0.239094 -0.078168
v -0.889482 0.239094 -0.155353
v -0.861158 0.239094 -0.230585
v -0.822005 0.239094 -0.302916
v -0.772514 0.239094 -0.371439
v -0.713309 0.239094 -0.435290
v -0.645133 0.239094 -0.493667
v -0.568845 0.239094 -0.545836
v -0.485403 0.239094 -0.591141
v -0.395857 0.239094 -0.629012
v -0.301332 0.239094 -0.658973
v -0.203018 0.239094 -0.680647
v -0.102151 0.239094 -0.693761
v -0.000000 0.239094 -0.698151
v 0.102151 0.239094 -0.693761
v 0.203018 0.239094 -0.680647
v 0.301332 0.239094 -0.658973
v 0.395857 0.239094 -0.629012
v 0.485403 0.239094 -0.591141
v 0.568845 0.239094 -0.545836
v 0.645133 0.239094 -0.493667
v 0.713309 0.239094 -0.435290
v 0.772514 0.239094 -0.371439
v 0.822005 0.239094 -0.302916
v 0.861158 0.239094 -0.230585
v 0.889482 0.239094 -0.155353
v 0.906620 0.239094 -0.078168
v 0.912356 0.239094 -0.000000
v 0.813173 0.184020 0.000000
v 0.808060 0.184020 0.069670
v 0.792785 0.184020 0.138465
v 0.767540 0.184020 0.205517
v 0.732643 0.184020 0.269986
v 0.688533 0.184020 0.331059
v 0.635764 0.184020 0.387969
v 0.575000 0.184020 0.440000
v 0.507005 0.184020 0.486498
v 0.432634 0.184020 0.526877
v 0.352822 0.184020 0.560631
v 0.268574 0.184020 0.587335
v 0.180948 0.184020 0.606653
v 0.091046 0.184020 0.618341
v 0.000000 0.184020 0.622254
v -0.091046 0.184020 0.618341
v -0.180948 0.184020 0.606653
v -0.268574 0.184020 0.587335
v -0.352822 0.184020 0.560631
v -0.432634 0.184020 0.526877
v -0.507005 0.184020 0.486498
v -0.575000 0.184020 0.440000
v -0.635764 0.184020 0.387969
v -0.688533 0.184020 0.331059
v -0.732643 0.184020 0.269986
v -0.767540 0.184020 0.205517
v -0.792785 0.184020 0.138465
v -0.808060 0.184020 0.069670
v -0.813173 0.184020 0.000000
v -0.808060 0.184020 -0.069670
v -0.792785 0.184020 -0.138465
v -0.767540 0.184020 -0.205517
v -0.732643 0.184020 -0.269986
v -0.688533 0.184020 -0.331059
v -0.635764 0.184020 -0.387969
v -0.575000 0.184020 -0.440000
v -0.507005 0.184020 -0.486498
v -0.432634 0.184020 -0.526877
v -0.352822 0.184020 -0.560631
v -0.268574 0.184020 -0.587335
v -0.180948 0.184020 -0.606653
v -0.091046 0.184020 -0.618341
v -0.000000 0.184020 -0.622254
v 0.091046 0.184020 -0.618341
v 0.180948 0.184020 -0.606653
v 0.268574 0.184020 -0.587335
v 0.352822 0.184020 -0.560631
v 0.432634 0.184020 -0.526877
v 0.507005 0.184020 -0.486498
v 0.575000 0.184020 -0.440000
v 0.635764 0.184020 -0.387969
v 0.688533 0.184020 -0.331059
v 0.732643 0.184020 -0.269986
v 0.767540 0.184020 -0.205517
v 0.792785 0.184020 -0.138465
v 0.808060 0.184020 -0.069670
v 0.813173 0.184020 -0.000000
v 0.700076 0.135722 0.000000
v 0.695674 0.135722 0.059980
v 0.682523 0.135722 0.119207
v 0.660790 0.135722 0.176934
v 0.630746 0.135722 0.232436
v 0.592771 0.135722 0.285015
v 0.547341 0.135722 0.334010
v 0.495028 0.135722 0.378804
v 0.436490 0.135722 0.418835
v 0.372463 0.135722 0.453599
v 0.303751 0.135722 0.482658
v 0.231220 0.135722 0.505648
v 0.155781 0.135722 0.522279
v 0.078384 0.135722 0.532342
v 0.000000 0.135722 0.535710
v -0.078384 0.135722 0.532342
v -0.155781 0.135722 0.522279
v -0.231220 0.135722 0.505648
v -0.303751 0.135722 0.482658
v -0.372463 0.135722 0.453599
v -0.436490 0.135722 0.418835
v -0.495028 0.135722 0.378804
v -0.547341 0.135722 0.334010
v -0.592771 0.135722 0.285015
v -0.630746 0.135722 0.232436
v -0.660790 0.135722 0.176934
v -0.682523 0.135722 0.119207
v -0.695674 0.135722 0.059980
v -0.700076 0.135722 0.000000
v -0.695674 0.135722 -0.059980
v -0.682523 0.135722 -0.119207
v -0.660790 0.135722 -0.176934
v -0.630746 0.135722 -0.232436
v -0.592771 0.135722 -0.285015
v -0.547341 0.135722 -0.334010
v -0.495028 0.135722 -0.378804
v -0.436490 0.135722 -0.418835
v -0.372463 0.135722 -0.453599
v -0.303751 0.135722 -0.482658
v -0.231220 0.135722 -0.505648
v -0.155781 0.135722 -0.522279
v -0.078384 0.135722 -0.532342
v -0.000000 0.135722 -0.535710
v 0.078384 0.135722 -0.532342
v 0.155781 0.135722 -0.522279
v 0.231220 0.135722 -0.505648
v 0.303751 0.135722 -0.482658
v 0.372463 0.135722 -0.453599
v 0.436490 0.135722 -0.418835
v 0.495028 0.135722 -0.378804
v 0.547341 0.135722 -0.334010
v 0.592771 0.135722 -0.285015
v 0.630746 0.135722 -0.232436
v 0.660790 0.135722 -0.176934
v 0.682523 0.135722 -0.119207
v 0.695674 0.135722 -0.059980
v 0.700076 0.135722 -0.000000
v 0.575000 0.095026 0.000000
v 0.571385 0.095026 0.049264
v 0.560584 0.095026 0.097909
v 0.542733 0.095026 0.145323
v 0.518057 0.095026 0.190909
v 0.486866 0.095026 0.234094
v 0.449553 0.095026 0.274336
v 0.406586 0.095026 0.311127
v 0.358507 0.095026 0.344006
v 0.305918 0.095026 0.372559
v 0.249483 0.095026 0.396426
v 0.189910 0.095026 0.415309
v 0.127950 0.095026 0.428968
v 0.064380 0.095026 0.437233
v 0.000000 0.095026 0.440000
v -0.064380 0.095026 0.437233
v -0.127950 0.095026 0.428968
v -0.189910 0.095026 0.415309
v -0.249483 0.095026 0.396426
v -0.305918 0.095026 0.372559
v -0.358507 0.095026 0.344006
v -0.406586 0.095026 0.311127
v -0.449553 0.095026 0.274336
v -0.486866 0.095026 0.234094
v -0.518057 0.095026 0.190909
v -0.542733 0.095026 0.145323
v -0.560584 0.095026 0.097909
v -0.571385 0.095026 0.049264
v -0.575000 0.095026 0.000000
v -0.571385 0.095026 -0.049264
v -0.560584 0.095026 -0.097909
v -0.542733 0.095026 -0.145323
v -0.518057 0.095026 -0.190909
v -0.486866 0.095026 -0.234094
v -0.449553 0.095026 -0.274336
v -0.406586 0.095026 -0.311127
v -0.358507 0.095026 -0.344006
v -0.305918 0.095026 -0.372559
v -0.249483 0.095026 -0.396426
v -0.189910 0.095026 -0.415309
v -0.127950 0.095026 -0.428968
v -0.064380 0.095026 -0.437233
v -0.000000 0.095026 -0.440000
v 0.064380 0.095026 -0.437233
v 0.127950 0.095026 -0.428968
v 0.189910 0.095026 -0.415309
v 0.249483 0.095026 -0.396426
v 0.305918 0.095026 -0.372559
v 0.358507 0.095026 -0.344006
v 0.406586 0.095026 -0.311127
v 0.449553 0.095026 -0.274336
v 0.486866 0.095026 -0.234094
v 0.518057 0.095026 -0.190909
v 0.542733 0.095026 -0.145323
v 0.560584 0.095026 -0.097909
v 0.571385 0.095026 -0.049264
v 0.575000 0.095026 -0.000000
v 0.440086 0.062627 0.000000
v 0.437319 0.062627 0.037705
v 0.429052 0.062627 0.074936
v 0.415390 0.062627 0.111225
v 0.396504 0.062627 0.146115
v 0.372631 0.062627 0.179168
v 0.344073 0.062627 0.209967
v 0.311188 0.062627 0.238126
v 0.274389 0.062627 0.263291
v 0.234140 0.062627 0.285144
v 0.190946 0.062627 0.303412
v 0.145351 0.062627 0.317863
v 0.097928 0.062627 0.328318
v 0.049274 0.062627 0.334644
v 0.000000 0.062627 0.336761
v -0.049274 0.062627 0.334644
v -0.097928 0.062627 0.328318
v -0.145351 0.062627 0.317863
v -0.190946 0.062627 0.303412
v -0.234140 0.062627 0.285144
v -0.274389 0.062627 0.263291
v -0.311188 0.062627 0.238126
v -0.344073 0.062627 0.209967
v -0.372631 0.062627 0.179168
v -0.396504 0.062627 0.146115
v -0.415390 0.062627 0.111225
v -0.429052 0.062627 0.074936
v -0.437319 0.062627 0.037705
v -0.440086 0.062627 0.000000
v -0.437319 0.062627 -0.037705
v -0.429052 0.062627 -0.074936
v -0.415390 0.062627 -0.111225
v -0.396504 0.062627 -0.146115
v -0.372631 0.062627 -0.179168
v -0.344073 0.062627 -0.209967
v -0.311188 0.062627 -0.238126
v -0.274389 0.062627 -0.263291
v -0.234140 0.062627 -0.285144
v -0.190946 0.062627 -0.303412
v -0.145351 0.062627 -0.317863
v -0.097928 0.062627 -0.328318
v -0.049274 0.062627 -0.334644
v -0.000000 0.062627 -0.336761
v 0.049274 0.062627 -0.334644
v 0.097928 0.062627 -0.328318
v 0.145351 0.062627 -0.317863
v 0.190946 0.062627 -0.303412
v 0.234140 0.062627 -0.285144
v 0.274389 0.062627 -0.263291
v 0.311188 0.062627 -0.238126
v 0.344073 0.062627 -0.209967
v 0.372631 0.062627 -0.179168
v 0.396504 0.062627 -0.146115
v 0.415390 0.062627 -0.111225
v 0.429052 0.062627 -0.074936
v 0.437319 0.062627 -0.037705
v 0.440086 0.062627 -0.000000
v 0.297642 0.039082 0.000000
v 0.295770 0.039082 0.025501
v 0.290179 0.039082 0.050682
v 0.280939 0.039082 0.075225
v 0.268166 0.039082 0.098822
v 0.252021 0.039082 0.121176
v 0.232706 0.039082 0.142007
v 0.210465 0.039082 0.161051
v 0.185577 0.039082 0.178071
v 0.158355 0.039082 0.192851
v 0.129142 0.039082 0.205205
v 0.098305 0.039082 0.214980
v 0.066232 0.039082 0.222050
v 0.033325 0.039082 0.226329
v 0.000000 0.039082 0.227761
v -0.033325 0.039082 0.226329
v -0.066232 0.039082 0.222050
v -0.098305 0.039082 0.214980
v -0.129142 0.039082 0.205205
v -0.158355 0.039082 0.192851
v -0.185577 0.039082 0.178071
v -0.210465 0.039082 0.161051
v -0.232706 0.039082 0.142007
v -0.252021 0.039082 0.121176
v -0.268166 0.039082 0.098822
v -0.280939 0.039082 0.075225
v -0.290179 0.039082 0.050682
v -0.295770 0.039082 0.025501
v -0.297642 0.039082 0.000000
v -0.295770 0.039082 -0.025501
v -0.290179 0.039082 -0.050682
v -0.280939 0.039082 -0.075225
v -0.268166 0.039082 -0.098822
v -0.252021 0.039082 -0.121176
v -0.232706 0.039082 -0.142007
v -0.210465 0.039082 -0.161051
v -0.185577 0.039082 -0.178071
v -0.158355 0.039082 -0.192851
v -0.129142 0.039082 -0.205205
v -0.098305 0.039082 -0.214980
v -0.066232 0.039082 -0.222050
v -0.033325 0.039082 -0.226329
v -0.000000 0.039082 -0.227761
v 0.033325 0.039082 -0.226329
v 0.066232 0.039082 -0.222050
v 0.098305 0.039082 -0.214980
v 0.129142 0.039082 -0.205205
v 0.158355 0.039082 -0.192851
v 0.185577 0.039082 -0.178071
v 0.210465 0.039082 -0.161051
v 0.232706 0.039082 -0.142007
v 0.252021 0.039082 -0.121176
v 0.268166 0.039082 -0.098822
v 0.280939 0.039082 -0.075225
v 0.290179 0.039082 -0.050682
v 0.295770 0.039082 -0.025501
v 0.297642 0.039082 -0.000000
v 0.150105 0.024791 0.000000
v 0.149161 0.024791 0.012861
v 0.146342 0.024791 0.025559
v 0.141682 0.024791 0.037937
v 0.135240 0.024791 0.049837
v 0.127098 0.024791 0.061111
v 0.117357 0.024791 0.071616
v 0.106140 0.024791 0.081220
v 0.093589 0.024791 0.089804
v 0.079861 0.024791 0.097257
v 0.065128 0.024791 0.103488
v 0.049577 0.024791 0.108417
v 0.033402 0.024791 0.111983
v 0.016806 0.024791 0.114141
v 0.000000 0.024791 0.114863
v -0.016806 0.024791 0.114141
v -0.033402 0.024791 0.111983
v -0.049577 0.024791 0.108417
v -0.065128 0.024791 0.103488
v -0.079861 0.024791 0.097257
v -0.093589 0.024791 0.089804
v -0.106140 0.024791 0.081220
v -0.117357 0.024791 0.071616
v -0.127098 0.024791 0.061111
v -0.135240 0.024791 0.049837
v -0.141682 0.024791 0.037937
v -0.146342 0.024791 0.025559
v -0.149161 0.024791 0.012861
v -0.150105 0.024791 0.000000
v -0.149161 0.024791 -0.012861
v -0.146342 0.024791 -0.025559
v -0.141682 0.024791 -0.037937
v -0.135240 0.024791 -0.049837
v -0.127098 0.024791 -0.061111
v -0.117357 0.024791 -0.071616
v -0.106140 0.024791 -0.081220
v -0.093589 0.024791 -0.089804
v -0.079861 0.024791 -0.097257
v -0.065128 0.024791 -0.103488
v -0.049577 0.024791 -0.108417
v -0.033402 0.024791 -0.111983
v -0.016806 0.024791 -0.114141
v -0.000000 0.024791 -0.114863
v 0.016806 0.024791 -0.114141
v 0.033402 0.024791 -0.111983
v 0.049577 0.024791 -0.108417
v 0.065128 0.024791 -0.103488
v 0.079861 0.024791 -0.097257
v 0.093589 0.024791 -0.089804
v 0.106140 0.024791 -0.081220
v 0.117357 0.024791 -0.071616
v 0.127098 0.024791 -0.061111
v 0.135240 0.024791 -0.049837
v 0.141682 0.024791 -0.037937
v 0.146342 0.024791 -0.025559
v 0.149161 0.024791 -0.012861
v 0.150105 0.024791 -0.000000
v 0.000000 0.020000 0.000000
v 0.000000 0.020000 0.000000
v 0.000000 0.020000 0.000000
v 0.000000 0.020000 0.000000
v 0.000000 0.020000 0.000000
v 0.000000 0.020000 0.000000
v 0.000000 0.020000 0.000000
v 0.000000 0.020000 0.000000
v 0.000000 0.020000 0.000000
v 0.000000 0.020000 0.000000
v 0.000000 0.020000 0.000000
v 0.000000 0.020000 0.000000
v 0.000000 0.020000 0.000000
v 0.000000 0.020000 0.000000
v 0.000000 0.020000 0.000000
v -0.000000 0.020000 0.000000
v -0.000000 0.020000 0.000000
v -0.000000 0.020000 0.000000
v -0.000000 0.020000 0.000000
v -0.000000 0.020000 0.000000
v -0.000000 0.020000 0.000000
v -0.000000 0.020000 0.000000
v -0.000000 0.020000 0.000000
v -0.000000 0.020000 0.000000
v -0.000000 0.020000 0.000000
v -0.000000 0.020000 0.000000
v -0.000000 0.020000 0.000000
v -0.000000 0.020000 0.000000
v -0.000000 0.020000 0.000000
v -0.000000 0.020000 -0.000000
v -0.000000 0.020000 -0.000000
v -0.000000 0.020000 -0.000000
v -0.000000 0.020000 -0.000000
v -0.000000 0.020000 -0.000000
v -0.000000 0.020000 -0.000000
v -0.000000 0.020000 -0.000000
v -0.000000 0.020000 -0.000000
v -0.000000 0.020000 -0.000000
v -0.000000 0.020000 -0.000000
v -0.000000 0.020000 -0.000000
v -0.000000 0.020000 -0.000000
v -0.000000 0.020000 -0.000000
v -0.000000 0.020000 -0.000000
v 0.000000 0.020000 -0.000000
v 0.000000 0.020000 -0.000000
v 0.000000 0.020000 -0.000000
v 0.000000 0.020000 -0.000000
v 0.000000 0.020000 -0.000000
v 0.000000 0.020000 -0.000000
v 0.000000 0.020000 -0.000000
v 0.000000 0.020000 -0.000000
v 0.000000 0.020000 -0.000000
v 0.000000 0.020000 -0.000000
v 0.000000 0.020000 -0.000000
v 0.000000 0.020000 -0.000000
v 0.000000 0.020000 -0.000000
v 0.000000 0.020000 -0.000000
v 0.000000 1.250000 -0.040000
v 0.000000 1.250000 -0.040000
v 0.000000 1.250000 -0.040000
v 0.000000 1.250000 -0.040000
v 0.000000 1.250000 -0.040000
v 0.000000 1.250000 -0.040000
v 0.000000 1.250000 -0.040000
v 0.000000 1.250000 -0.040000
v 0.000000 1.250000 -0.040000
v 0.000000 1.250000 -0.040000
v 0.000000 1.250000 -0.040000
v 0.000000 1.250000 -0.040000
v 0.000000 1.250000 -0.040000
v 0.000000 1.250000 -0.040000
v 0.000000 1.250000 -0.040000
v 0.000000 1.250000 -0.040000
v 0.000000 1.250000 -0.040000
v 0.000000 1.250000 -0.040000
v 0.000000 1.250000 -0.040000
v 0.000000 1.250000 -0.040000
v 0.000000 1.250000 -0.040000
v 0.000000 1.250000 -0.040000
v 0.000000 1.250000 -0.040000
v 0.000000 1.250000 -0.040000
v 0.000000 1.250000 -0.040000
v 0.000000 1.250000 -0.040000
v 0.000000 1.250000 -0.040000
v 0.000000 1.250000 -0.040000
v 0.000000 1.250000 -0.040000
v 0.000000 1.250000 -0.040000
v 0.000000 1.250000 -0.040000
v 0.000000 1.250000 -0.040000
v 0.000000 1.250000 -0.040000
v 0.000000 1.250000 -0.040000
v 0.000000 1.250000 -0.040000
v 0.000000 1.250000 -0.040000
v 0.000000 1.250000 -0.040000
v 0.000000 1.250000 -0.040000
v 0.000000 1.250000 -0.040000
v 0.000000 1.250000 -0.040000
v 0.000000 1.250000 -0.040000
v 0.000000 1.250000 -0.040000
v 0.000000 1.250000 -0.040000
v 0.000000 1.250000 -0.040000
v 0.000000 1.250000 -0.040000
v 0.000000 1.250000 -0.040000
v 0.000000 1.250000 -0.040000
v 0.000000 1.250000 -0.040000
v 0.000000 1.250000 -0.040000
v 0.113717 1.247101 -0.040000
v 0.112744 1.247101 -0.029863
v 0.109842 1.247101 -0.019900
v 0.105061 1.247101 -0.010281
v 0.098482 1.247101 -0.001170
v 0.090218 1.247101 0.007277
v 0.080410 1.247101 0.014914
v 0.069227 1.247101 0.021612
v 0.056859 1.247101 0.027256
v 0.043518 1.247101 0.031749
v 0.029432 1.247101 0.035014
v 0.014843 1.247101 0.036996
v 0.000000 1.247101 0.037660
v -0.014843 1.247101 0.036996
v -0.029432 1.247101 0.035014
v -0.043518 1.247101 0.031749
v -0.056859 1.247101 0.027256
v -0.069227 1.247101 0.021612
v -0.080410 1.247101 0.014914
v -0.090218 1.247101 0.007277
v -0.098482 1.247101 -0.001170
v -0.105061 1.247101 -0.010281
v -0.109842 1.247101 -0.019900
v -0.112744 1.247101 -0.029863
v -0.113717 1.247101 -0.040000
v -0.112744 1.247101 -0.050137
v -0.109842 1.247101 -0.060100
v -0.105061 1.247101 -0.069719
v -0.098482 1.247101 -0.078830
v -0.090218 1.247101 -0.087277
v -0.080410 1.247101 -0.094914
v -0.069227 1.247101 -0.101612
v -0.056859 1.247101 -0.107256
v -0.043518 1.247101 -0.111749
v -0.029432 1.247101 -0.115014
v -0.014843 1.247101 -0.116996
v -0.000000 1.247101 -0.117660
v 0.014843 1.247101 -0.116996
v 0.029432 1.247101 -0.115014
v 0.043518 1.247101 -0.111749
v 0.056859 1.247101 -0.107256
v 0.069227 1.247101 -0.101612
v 0.080410 1.247101 -0.094914
v 0.090218 1.247101 -0.087277
v 0.098482 1.247101 -0.078830
v 0.105061 1.247101 -0.069719
v 0.109842 1.247101 -0.060100
v 0.112744 1.247101 -0.050137
v 0.113717 1.247101 -0.040000
v 0.225236 1.238461 -0.040000
v 0.223309 1.238461 -0.019922
v 0.217562 1.238461 -0.000188
v 0.208091 1.238461 0.018864
v 0.195060 1.238461 0.036910
v 0.178692 1.238461 0.053640
v 0.159266 1.238461 0.068767
v 0.137115 1.238461 0.082034
v 0.112618 1.238461 0.093212
v 0.086194 1.238461 0.102111
v 0.058295 1.238461 0.108579
v 0.029399 1.238461 0.112504
v 0.000000 1.238461 0.113820
v -0.029399 1.238461 0.112504
v -0.058295 1.238461 0.108579
v -0.086194 1.238461 0.102111
v -0.112618 1.238461 0.093212
v -0.137115 1.238461 0.082034
v -0.159266 1.238461 0.068767
v -0.178692 1.238461 0.053640
v -0.195060 1.238461 0.036910
v -0.208091 1.238461 0.018864
v -0.217562 1.238461 -0.000188
v -0.223309 1.238461 -0.019922
v -0.225236 1.238461 -0.040000
v -0.223309 1.238461 -0.060078
v -0.217562 1.238461 -0.079812
v -0.208091 1.238461 -0.098864
v -0.195060 1.238461 -0.116910
v -0.178692 1.238461 -0.133640
v -0.159266 1.238461 -0.148767
v -0.137115 1.238461 -0.162034
v -0.112618 1.238461 -0.173212
v -0.086194 1.238461 -0.182111
v -0.058295 1.238461 -0.188579
v -0.029399 1.238461 -0.192504
v -0.000000 1.238461 -0.193820
v 0.029399 1.238461 -0.192504
v 0.058295 1.238461 -0.188579
v 0.086194 1.238461 -0.182111
v 0.112618 1.238461 -0.173212
v 0.137115 1.238461 -0.162034
v 0.159266 1.238461 -0.148767
v 0.178692 1.238461 -0.133640
v 0.195060 1.238461 -0.116910
v 0.208091 1.238461 -0.098864
v 0.217562 1.238461 -0.079812
v 0.223309 1.238461 -0.060078
v 0.225236 1.238461 -0.040000
v 0.332403 1.224246 -0.040000
v 0.329559 1.224246 -0.010370
v 0.321077 1.224246 0.018754
v 0.307100 1.224246 0.046872
v 0.287869 1.224246 0.073503
v 0.263713 1.224246 0.098193
v 0.235044 1.224246 0.120518
v 0.202354 1.224246 0.140097
v 0.166202 1.224246 0.156594
v 0.127205 1.224246 0.169727
v 0.086032 1.224246 0.179272
v 0.043387 1.224246 0.185065
v 0.000000 1.224246 0.187007
v -0.043387 1.224246 0.185065
v -0.086032 1.224246 0.179272
v -0.127205 1.224246 0.169727
v -0.166202 1.224246 0.156594
v -0.202354 1.224246 0.140097
v -0.235044 1.224246 0.120518
v -0.263713 1.224246 0.098193
v -0.287869 1.224246 0.073503
v -0.307100 1.224246 0.046872
v -0.321077 1.224246 0.018754
v -0.329559 1.224246 -0.010370
v -0.332403 1.224246 -0.040000
v -0.329559 1.224246 -0.069630
v -0.321077 1.224246 -0.098754
v -0.307100 1.224246 -0.126872
v -0.287869 1.224246 -0.153503
v -0.263713 1.224246 -0.178193
v -0.235044 1.224246 -0.200518
v -0.202354 1.224246 -0.220097
v -0.166202 1.224246 -0.236594
v -0.127205 1.224246 -0.249727
v -0.086032 1.224246 -0.259272
v -0.043387 1.224246 -0.265065
v -0.000000 1.224246 -0.267007
v 0.043387 1.224246 -0.265065
v 0.086032 1.224246 -0.259272
v 0.127205 1.224246 -0.249727
v 0.166202 1.224246 -0.236594
v 0.202354 1.224246 -0.220097
v 0.235044 1.224246 -0.200518
v 0.263713 1.224246 -0.178193
v 0.287869 1.224246 -0.153503
v 0.307100 1.224246 -0.126872
v 0.321077 1.224246 -0.098754
v 0.329559 1.224246 -0.069630
v 0.332403 1.224246 -0.040000
v 0.433146 1.204731 -0.040000
v 0.429440 1.204731 -0.001389
v 0.418387 1.204731 0.036560
v 0.400175 1.204731 0.073200
v 0.375115 1.204731 0.107903
v 0.343638 1.204731 0.140076
v 0.306280 1.204731 0.169167
v 0.263682 1.204731 0.194679
v 0.216573 1.204731 0.216176
v 0.165758 1.204731 0.233290
v 0.112106 1.204731 0.245728
v 0.056537 1.204731 0.253276
v 0.000000 1.204731 0.255807
v -0.056537 1.204731 0.253276
v -0.112106 1.204731 0.245728
v -0.165758 1.204731 0.233290
v -0.216573 1.204731 0.216176
v -0.263682 1.204731 0.194679
v -0.306280 1.204731 0.169167
v -0.343638 1.204731 0.140076
v -0.375115 1.204731 0.107903
v -0.400175 1.204731 0.073200
v -0.418387 1.204731 0.036560
v -0.429440 1.204731 -0.001389
v -0.433146 1.204731 -0.040000
v -0.429440 1.204731 -0.078611
v -0.418387 1.204731 -0.116560
v -0.400175 1.204731 -0.153200
v -0.375115 1.204731 -0.187903
v -0.343638 1.204731 -0.220076
v -0.306280 1.204731 -0.249167
v -0.263682 1.204731 -0.274679
v -0.216573 1.204731 -0.296176
v -0.165758 1.204731 -0.313290
v -0.112106 1.204731 -0.325728
v -0.056537 1.204731 -0.333276
v -0.000000 1.204731 -0.335807
v 0.056537 1.204731 -0.333276
v 0.112106 1.204731 -0.325728
v 0.165758 1.204731 -0.313290
v 0.216573 1.204731 -0.296176
v 0.263682 1.204731 -0.274679
v 0.306280 1.204731 -0.249167
v 0.343638 1.204731 -0.220076
v 0.375115 1.204731 -0.187903
v 0.400175 1.204731 -0.153200
v 0.418387 1.204731 -0.116560
v 0.429440 1.204731 -0.078611
v 0.433146 1.204731 -0.040000
v 0.525518 1.180293 -0.040000
v 0.521022 1.180293 0.006845
v 0.507611 1.180293 0.052888
v 0.485515 1.180293 0.097341
v 0.455112 1.180293 0.139445
v 0.416921 1.180293 0.178479
v 0.371597 1.180293 0.213774
v 0.319915 1.180293 0.244727
v 0.262759 1.180293 0.270808
v 0.201107 1.180293 0.291571
v 0.136014 1.180293 0.306661
v 0.068594 1.180293 0.315820
v 0.000000 1.180293 0.318890
v -0.068594 1.180293 0.315820
v -0.136014 1.180293 0.306661
v -0.201107 1.180293 0.291571
v -0.262759 1.180293 0.270808
v -0.319915 1.180293 0.244727
v -0.371597 1.180293 0.213774
v -0.416921 1.180293 0.178479
v -0.455112 1.180293 0.139445
v -0.485515 1.180293 0.097341
v -0.507611 1.180293 0.052888
v -0.521022 1.180293 0.006845
v -0.525518 1.180293 -0.040000
v -0.521022 1.180293 -0.086845
v -0.507611 1.180293 -0.132888
v -0.485515 1.180293 -0.177341
v -0.455112 1.180293 -0.219445
v -0.416921 1.180293 -0.258479
v -0.371597 1.180293 -0.293774
v -0.319915 1.180293 -0.324727
v -0.262759 1.180293 -0.350808
v -0.201107 1.180293 -0.371571
v -0.136014 1.180293 -0.386661
v -0.068594 1.180293 -0.395820
v -0.000000 1.180293 -0.398890
v 0.068594 1.180293 -0.395820
v 0.136014 1.180293 -0.386661
v 0.201107 1.180293 -0.371571
v 0.262759 1.180293 -0.350808
v 0.319915 1.180293 -0.324727
v 0.371597 1.180293 -0.293774
v 0.416921 1.180293 -0.258479
v 0.455112 1.180293 -0.219445
v 0.485515 1.180293 -0.177341
v 0.507611 1.180293 -0.132888
v 0.521022 1.180293 -0.086845
v 0.525518 1.180293 -0.040000
v 0.607734 1.151405 -0.040000
v 0.602535 1.151405 0.014173
v 0.587026 1.151405 0.067420
v 0.561473 1.151405 0.118828
v 0.526313 1.151405 0.167519
v 0.482148 1.151405 0.212659
v 0.429733 1.151405 0.253476
v 0.369965 1.151405 0.289272
v 0.303867 1.151405 0.319434
v 0.232570 1.151405 0.343445
v 0.157293 1.151405 0.360896
v 0.079325 1.151405 0.371487
v 0.000000 1.151405 0.375038
v -0.079325 1.151405 0.371487
v -0.157293 1.151405 0.360896
v -0.232570 1.151405 0.343445
v -0.303867 1.151405 0.319434
v -0.369965 1.151405 0.289272
v -0.429733 1.151405 0.253476
v -0.482148 1.151405 0.212659
v -0.526313 1.151405 0.167519
v -0.561473 1.151405 0.118828
v -0.587026 1.151405 0.067420
v -0.602535 1.151405 0.014173
v -0.607734 1.151405 -0.040000
v -0.602535 1.151405 -0.094173
v -0.587026 1.151405 -0.147420
v -0.561473 1.151405 -0.198828
v -0.526313 1.151405 -0.247519
v -0.482148 1.151405 -0.292659
v -0.429733 1.151405 -0.333476
v -0.369965 1.151405 -0.369272
v -0.303867 1.151405 -0.399434
v -0.232570 1.151405 -0.423445
v -0.157293 1.151405 -0.440896
v -0.079325 1.151405 -0.451487
v -0.000000 1.151405 -0.455038
v 0.079325 1.151405 -0.451487
v 0.157293 1.151405 -0.440896
v 0.232570 1.151405 -0.423445
v 0.303867 1.151405 -0.399434
v 0.369965 1.151405 -0.369272
v 0.429733 1.151405 -0.333476
v 0.482148 1.151405 -0.292659
v 0.526313 1.151405 -0.247519
v 0.561473 1.151405 -0.198828
v 0.587026 1.151405 -0.147420
v 0.602535 1.151405 -0.094173
v 0.607734 1.151405 -0.040000
v 0.678206 1.118625 -0.040000
v 0.672404 1.118625 0.020455
v 0.655097 1.118625 0.079876
v 0.626581 1.118625 0.137246
v 0.587344 1.118625 0.191583
v 0.538057 1.118625 0.241957
v 0.479564 1.118625 0.287507
v 0.412866 1.118625 0.327454
v 0.339103 1.118625 0.361113
v 0.259538 1.118625 0.387909
v 0.175533 1.118625 0.407383
v 0.088524 1.118625 0.419203
v 0.000000 1.118625 0.423165
v -0.088524 1.118625 0.419203
v -0.175533 1.118625 0.407383
v -0.259538 1.118625 0.387909
v -0.339103 1.118625 0.361113
v -0.412866 1.118625 0.327454
v -0.479564 1.118625 0.287507
v -0.538057 1.118625 0.241957
v -0.587344 1.118625 0.191583
v -0.626581 1.118625 0.137246
v -0.655097 1.118625 0.079876
v -0.672404 1.118625 0.020455
v -0.678206 1.118625 -0.040000
v -0.672404 1.118625 -0.100455
v -0.655097 1.118625 -0.159876
v -0.626581 1.118625 -0.217246
v -0.587344 1.118625 -0.271583
v -0.538057 1.118625 -0.321957
v -0.479564 1.118625 -0.367507
v -0.412866 1.118625 -0.407454
v -0.339103 1.118625 -0.441113
v -0.259538 1.118625 -0.467909
v -0.175533 1.118625 -0.487383
v -0.088524 1.118625 -0.499203
v -0.000000 1.118625 -0.503165
v 0.088524 1.118625 -0.499203
v 0.175533 1.118625 -0.487383
v 0.259538 1.118625 -0.467909
v 0.339103 1.118625 -0.441113
v 0.412866 1.118625 -0.407454
v 0.479564 1.118625 -0.367507
v 0.538057 1.118625 -0.321957
v 0.587344 1.118625 -0.271583
v 0.626581 1.118625 -0.217246
v 0.655097 1.118625 -0.159876
v 0.672404 1.118625 -0.100455
v 0.678206 1.118625 -0.040000
v 0.735571 1.082586 -0.040000
v 0.729278 1.082586 0.025569
v 0.710507 1.082586 0.090016
v 0.679579 1.082586 0.152238
v 0.637023 1.082586 0.211171
v 0.583568 1.082586 0.265806
v 0.520127 1.082586 0.315209
v 0.447787 1.082586 0.358534
v 0.367786 1.082586 0.395040
v 0.281491 1.082586 0.424103
v 0.190380 1.082586 0.445224
v 0.096011 1.082586 0.458044
v 0.000000 1.082586 0.462341
v -0.096011 1.082586 0.458044
v -0.190380 1.082586 0.445224
v -0.281491 1.082586 0.424103
v -0.367786 1.082586 0.395040
v -0.447787 1.082586 0.358534
v -0.520127 1.082586 0.315209
v -0.583568 1.082586 0.265806
v -0.637023 1.082586 0.211171
v -0.679579 1.082586 0.152238
v -0.710507 1.082586 0.090016
v -0.729278 1.082586 0.025569
v -0.735571 1.082586 -0.040000
v -0.729278 1.082586 -0.105569
v -0.710507 1.082586 -0.170016
v -0.679579 1.082586 -0.232238
v -0.637023 1.082586 -0.291171
v -0.583568 1.082586 -0.345806
v -0.520127 1.082586 -0.395209
v -0.447787 1.082586 -0.438534
v -0.367786 1.082586 -0.475040
v -0.281491 1.082586 -0.504103
v -0.190380 1.082586 -0.525224
v -0.096011 1.082586 -0.538044
v -0.000000 1.082586 -0.542341
v 0.096011 1.082586 -0.538044
v 0.190380 1.082586 -0.525224
v 0.281491 1.082586 -0.504103
v 0.367786 1.082586 -0.475040
v 0.447787 1.082586 -0.438534
v 0.520127 1.082586 -0.395209
v 0.583568 1.082586 -0.345806
v 0.637023 1.082586 -0.291171
v 0.679579 1.082586 -0.232238
v 0.710507 1.082586 -0.170016
v 0.729278 1.082586 -0.105569
v 0.735571 1.082586 -0.040000
v 0.778721 1.043985 -0.040000
v 0.772059 1.043985 0.029415
v 0.752187 1.043985 0.097642
v 0.719445 1.043985 0.163515
v 0.674392 1.043985 0.225905
v 0.617801 1.043985 0.283745
v 0.550639 1.043985 0.336046
v 0.474055 1.043985 0.381913
v 0.389361 1.043985 0.420561
v 0.298004 1.043985 0.451328
v 0.201548 1.043985 0.473689
v 0.101644 1.043985 0.487260
v 0.000000 1.043985 0.491810
v -0.101644 1.043985 0.487260
v -0.201548 1.043985 0.473689
v -0.298004 1.043985 0.451328
v -0.389361 1.043985 0.420561
v -0.474055 1.043985 0.381913
v -0.550639 1.043985 0.336046
v -0.617801 1.043985 0.283745
v -0.674392 1.043985 0.225905
v -0.719445 1.043985 0.163515
v -0.752187 1.043985 0.097642
v -0.772059 1.043985 0.029415
v -0.778721 1.043985 -0.040000
v -0.772059 1.043985 -0.109415
v -0.752187 1.043985 -0.177642
v -0.719445 1.043985 -0.243515
v -0.674392 1.043985 -0.305905
v -0.617801 1.043985 -0.363745
v -0.550639 1.043985 -0.416046
v -0.474055 1.043985 -0.461913
v -0.389361 1.043985 -0.500561
v -0.298004 1.043985 -0.531328
v -0.201548 1.043985 -0.553689
v -0.101644 1.043985 -0.567260
v -0.000000 1.043985 -0.571810
v 0.101644 1.043985 -0.567260
v 0.201548 1.043985 -0.553689
v 0.298004 1.043985 -0.531328
v 0.389361 1.043985 -0.500561
v 0.474055 1.043985 -0.461913
v 0.550639 1.043985 -0.416046
v 0.617801 1.043985 -0.363745
v 0.674392 1.043985 -0.305905
v 0.719445 1.043985 -0.243515
v 0.752187 1.043985 -0.177642
v 0.772059 1.043985 -0.109415
v 0.778721 1.043985 -0.040000
v 0.806822 1.003567 -0.040000
v 0.799920 1.003567 0.031920
v 0.779330 1.003567 0.102609
v 0.745407 1.003567 0.170859
v 0.698729 1.003567 0.235500
v 0.640095 1.003567 0.295428
v 0.570509 1.003567 0.349616
v 0.491162 1.003567 0.397138
v 0.403411 1.003567 0.437180
v 0.308758 1.003567 0.469058
v 0.208821 1.003567 0.492226
v 0.105311 1.003567 0.506287
v 0.000000 1.003567 0.511001
v -0.105311 1.003567 0.506287
v -0.208821 1.003567 0.492226
v -0.308758 1.003567 0.469058
v -0.403411 1.003567 0.437180
v -0.491162 1.003567 0.397138
v -0.570509 1.003567 0.349616
v -0.640095 1.003567 0.295428
v -0.698729 1.003567 0.235500
v -0.745407 1.003567 0.170859
v -0.779330 1.003567 0.102609
v -0.799920 1.003567 0.031920
v -0.806822 1.003567 -0.040000
v -0.799920 1.003567 -0.111920
v -0.779330 1.003567 -0.182609
v -0.745407 1.003567 -0.250859
v -0.698729 1.003567 -0.315500
v -0.640095 1.003567 -0.375428
v -0.570509 1.003567 -0.429616
v -0.491162 1.003567 -0.477138
v -0.403411 1.003567 -0.517180
v -0.308758 1.003567 -0.549058
v -0.208821 1.003567 -0.572226
v -0.105311 1.003567 -0.586287
v -0.000000 1.003567 -0.591001
v 0.105311 1.003567 -0.586287
v 0.208821 1.003567 -0.572226
v 0.308758 1.003567 -0.549058
v 0.403411 1.003567 -0.517180
v 0.491162 1.003567 -0.477138
v 0.570509 1.003567 -0.429616
v 0.640095 1.003567 -0.375428
v 0.698729 1.003567 -0.315500
v 0.745407 1.003567 -0.250859
v 0.779330 1.003567 -0.182609
v 0.799920 1.003567 -0.111920
v 0.806822 1.003567 -0.040000
v 0.819331 0.962114 -0.040000
v 0.812322 0.962114 0.033035
v 0.791413 0.962114 0.104820
v 0.756963 0.962114 0.174128
v 0.709562 0.962114 0.239772
v 0.650019 0.962114 0.300628
v 0.579355 0.962114 0.355657
v 0.498777 0.962114 0.403915
v 0.409666 0.962114 0.444579
v 0.313544 0.962114 0.476951
v 0.212059 0.962114 0.500477
v 0.106944 0.962114 0.514756
v 0.000000 0.962114 0.519543
v -0.106944 0.962114 0.514756
v -0.212059 0.962114 0.500477
v -0.313544 0.962114 0.476951
v -0.409666 0.962114 0.444579
v -0.498777 0.962114 0.403915
v -0.579355 0.962114 0.355657
v -0.650019 0.962114 0.300628
v -0.709562 0.962114 0.239772
v -0.756963 0.962114 0.174128
v -0.791413 0.962114 0.104820
v -0.812322 0.962114 0.033035
v -0.819331 0.962114 -0.040000
v -0.812322 0.962114 -0.113035
v -0.791413 0.962114 -0.184820
v -0.756963 0.962114 -0.254128
v -0.709562 0.962114 -0.319772
v -0.650019 0.962114 -0.380628
v -0.579355 0.962114 -0.435657
v -0.498777 0.962114 -0.483915
v -0.409666 0.962114 -0.524579
v -0.313544 0.962114 -0.556951
v -0.212059 0.962114 -0.580477
v -0.106944 0.962114 -0.594756
v -0.000000 0.962114 -0.599543
v 0.106944 0.962114 -0.594756
v 0.212059 0.962114 -0.580477
v 0.313544 0.962114 -0.556951
v 0.409666 0.962114 -0.524579
v 0.498777 0.962114 -0.483915
v 0.579355 0.962114 -0.435657
v 0.650019 0.962114 -0.380628
v 0.709562 0.962114 -0.319772
v 0.756963 0.962114 -0.254128
v 0.791413 0.962114 -0.184820
v 0.812322 0.962114 -0.113035
v 0.819331 0.962114 -0.040000
v 0.816006 0.920427 -0.040000
v 0.809025 0.920427 0.032739
v 0.788202 0.920427 0.104233
v 0.753891 0.920427 0.173259
v 0.706682 0.920427 0.238636
v 0.647381 0.920427 0.299246
v 0.577004 0.920427 0.354051
v 0.496753 0.920427 0.402114
v 0.408003 0.920427 0.442612
v 0.312272 0.920427 0.474853
v 0.211198 0.920427 0.498284
v 0.106510 0.920427 0.512505
v 0.000000 0.920427 0.517273
v -0.106510 0.920427 0.512505
v -0.211198 0.920427 0.498284
v -0.312272 0.920427 0.474853
v -0.408003 0.920427 0.442612
v -0.496753 0.920427 0.402114
v -0.577004 0.920427 0.354051
v -0.647381 0.920427 0.299246
v -0.706682 0.920427 0.238636
v -0.753891 0.920427 0.173259
v -0.788202 0.920427 0.104233
v -0.809025 0.920427 0.032739
v -0.816006 0.920427 -0.040000
v -0.809025 0.920427 -0.112739
v -0.788202 0.920427 -0.184233
v -0.753891 0.920427 -0.253259
v -0.706682 0.920427 -0.318636
v -0.647381 0.920427 -0.379246
v -0.577004 0.920427 -0.434051
v -0.496753 0.920427 -0.482114
v -0.408003 0.920427 -0.522612
v -0.312272 0.920427 -0.554853
v -0.211198 0.920427 -0.578284
v -0.106510 0.920427 -0.592505
v -0.000000 0.920427 -0.597273
v 0.106510 0.920427 -0.592505
v 0.211198 0.920427 -0.578284
v 0.312272 0.920427 -0.554853
v 0.408003 0.920427 -0.522612
v 0.496753 0.920427 -0.482114
v 0.577004 0.920427 -0.434051
v 0.647381 0.920427 -0.379246
v 0.706682 0.920427 -0.318636
v 0.753891 0.920427 -0.253259
v 0.788202 0.920427 -0.184233
v 0.809025 0.920427 -0.112739
v 0.816006 0.920427 -0.040000
v 0.796912 0.879312 -0.040000
v 0.790094 0.879312 0.031037
v 0.769758 0.879312 0.100858
v 0.736250 0.879312 0.168269
v 0.690146 0.879312 0.232116
v 0.632233 0.879312 0.291308
v 0.563502 0.879312 0.344830
v 0.485129 0.879312 0.391769
v 0.398456 0.879312 0.431319
v 0.304965 0.879312 0.462805
v 0.206256 0.879312 0.485688
v 0.104018 0.879312 0.499576
v 0.000000 0.879312 0.504232
v -0.104018 0.879312 0.499576
v -0.206256 0.879312 0.485688
v -0.304965 0.879312 0.462805
v -0.398456 0.879312 0.431319
v -0.485129 0.879312 0.391769
v -0.563502 0.879312 0.344830
v -0.632233 0.879312 0.291308
v -0.690146 0.879312 0.232116
v -0.736250 0.879312 0.168269
v -0.769758 0.879312 0.100858
v -0.790094 0.879312 0.031037
v -0.796912 0.879312 -0.040000
v -0.790094 0.879312 -0.111037
v -0.769758 0.879312 -0.180858
v -0.736250 0.879312 -0.248269
v -0.690146 0.879312 -0.312116
v -0.632233 0.879312 -0.371308
v -0.563502 0.879312 -0.424830
v -0.485129 0.879312 -0.471769
v -0.398456 0.879312 -0.511319
v -0.304965 0.879312 -0.542805
v -0.206256 0.879312 -0.565688
v -0.104018 0.879312 -0.579576
v -0.000000 0.879312 -0.584232
v 0.104018 0.879312 -0.579576
v 0.206256 0.879312 -0.565688
v 0.304965 0.879312 -0.542805
v 0.398456 0.879312 -0.511319
v 0.485129 0.879312 -0.471769
v 0.563502 0.879312 -0.424830
v 0.632233 0.879312 -0.371308
v 0.690146 0.879312 -0.312116
v 0.736250 0.879312 -0.248269
v 0.769758 0.879312 -0.180858
v 0.790094 0.879312 -0.111037
v 0.796912 0.879312 -0.040000
v 0.762417 0.839563 -0.040000
v 0.755894 0.839563 0.027962
v 0.736438 0.839563 0.094761
v 0.704381 0.839563 0.159254
v 0.660272 0.839563 0.220337
v 0.604866 0.839563 0.276967
v 0.539110 0.839563 0.328173
v 0.464130 0.839563 0.373079
v 0.381208 0.839563 0.410918
v 0.291764 0.839563 0.441041
v 0.197328 0.839563 0.462933
v 0.099515 0.839563 0.476220
v 0.000000 0.839563 0.480675
v -0.099515 0.839563 0.476220
v -0.197328 0.839563 0.462933
v -0.291764 0.839563 0.441041
v -0.381208 0.839563 0.410918
v -0.464130 0.839563 0.373079
v -0.539110 0.839563 0.328173
v -0.604866 0.839563 0.276967
v -0.660272 0.839563 0.220337
v -0.704381 0.839563 0.159254
v -0.736438 0.839563 0.094761
v -0.755894 0.839563 0.027962
v -0.762417 0.839563 -0.040000
v -0.755894 0.839563 -0.107962
v -0.736438 0.839563 -0.174761
v -0.704381 0.839563 -0.239254
v -0.660272 0.839563 -0.300337
v -0.604866 0.839563 -0.356967
v -0.539110 0.839563 -0.408173
v -0.464130 0.839563 -0.453079
v -0.381208 0.839563 -0.490918
v -0.291764 0.839563 -0.521041
v -0.197328 0.839563 -0.542933
v -0.099515 0.839563 -0.556220
v -0.000000 0.839563 -0.560675
v 0.099515 0.839563 -0.556220
v 0.197328 0.839563 -0.542933
v 0.291764 0.839563 -0.521041
v 0.381208 0.839563 -0.490918
v 0.464130 0.839563 -0.453079
v 0.539110 0.839563 -0.408173
v 0.604866 0.839563 -0.356967
v 0.660272 0.839563 -0.300337
v 0.704381 0.839563 -0.239254
v 0.736438 0.839563 -0.174761
v 0.755894 0.839563 -0.107962
v 0.762417 0.839563 -0.040000
v 0.875000 0.870000 -0.040000
v 0.864749 0.894749 -0.040000
v 0.840000 0.905000 -0.040000
v 0.815251 0.894749 -0.040000
v 0.805000 0.870000 -0.040000
v 0.815251 0.845251 -0.040000
v 0.840000 0.835000 -0.040000
v 0.864749 0.845251 -0.040000
v 0.875000 0.870000 -0.040000
v 0.869246 0.870000 0.029553
v 0.859133 0.894749 0.027874
v 0.834718 0.905000 0.023820
v 0.810304 0.894749 0.019766
v 0.800191 0.870000 0.018087
v 0.810304 0.845251 0.019766
v 0.834718 0.835000 0.023820
v 0.859133 0.845251 0.027874
v 0.869246 0.870000 0.029553
v 0.852113 0.870000 0.097995
v 0.842397 0.894749 0.094727
v 0.818939 0.905000 0.086837
v 0.795482 0.894749 0.078947
v 0.785766 0.870000 0.075679
v 0.795482 0.845251 0.078947
v 0.818939 0.835000 0.086837
v 0.842397 0.845251 0.094727
v 0.852113 0.870000 0.097995
v 0.823970 0.870000 0.164300
v 0.814858 0.894749 0.159602
v 0.792862 0.905000 0.148259
v 0.770866 0.894749 0.136916
v 0.761754 0.870000 0.132218
v 0.770866 0.845251 0.136916
v 0.792862 0.835000 0.148259
v 0.814858 0.845251 0.159602
v 0.823970 0.870000 0.164300
v 0.785356 0.870000 0.227570
v 0.776997 0.894749 0.221637
v 0.756814 0.905000 0.207314
v 0.736631 0.894749 0.192990
v 0.728271 0.870000 0.187057
v 0.736631 0.845251 0.192990
v 0.756814 0.835000 0.207314
v 0.776997 0.845251 0.221637
v 0.785356 0.870000 0.227570
v 0.736929 0.870000 0.287038
v 0.729408 0.894749 0.280073
v 0.711248 0.905000 0.263258
v 0.693089 0.894749 0.246443
v 0.685567 0.870000 0.239478
v 0.693089 0.845251 0.246443
v 0.711248 0.835000 0.263258
v 0.729408 0.845251 0.280073
v 0.736929 0.870000 0.287038
v 0.679420 0.870000 0.342045
v 0.672777 0.894749 0.334238
v 0.656738 0.905000 0.315389
v 0.640700 0.894749 0.296541
v 0.634057 0.870000 0.288733
v 0.640700 0.845251 0.296541
v 0.656738 0.835000 0.315389
v 0.672777 0.845251 0.334238
v 0.679420 0.870000 0.342045
v 0.613622 0.870000 0.392013
v 0.607866 0.894749 0.383530
v 0.593970 0.905000 0.363051
v 0.580073 0.894749 0.342572
v 0.574317 0.870000 0.334089
v 0.580073 0.845251 0.342572
v 0.593970 0.835000 0.363051
v 0.607866 0.845251 0.383530
v 0.613622 0.870000 0.392013
v 0.540389 0.870000 0.436426
v 0.535510 0.894749 0.427410
v 0.523731 0.905000 0.405644
v 0.511953 0.894749 0.383878
v 0.507074 0.870000 0.374862
v 0.511953 0.845251 0.383878
v 0.523731 0.835000 0.405644
v 0.535510 0.845251 0.427410
v 0.540389 0.870000 0.436426
v 0.460634 0.870000 0.474828
v 0.456614 0.894749 0.465399
v 0.446907 0.905000 0.442633
v 0.437200 0.894749 0.419867
v 0.433180 0.870000 0.410437
v 0.437200 0.845251 0.419867
v 0.446907 0.835000 0.442633
v 0.456614 0.845251 0.465399
v 0.460634 0.870000 0.474828
v 0.375334 0.870000 0.506821
v 0.372150 0.894749 0.497077
v 0.364462 0.905000 0.473552
v 0.356775 0.894749 0.450028
v 0.353591 0.870000 0.440284
v 0.356775 0.845251 0.450028
v 0.364462 0.835000 0.473552
v 0.372150 0.845251 0.497077
v 0.375334 0.870000 0.506821
v 0.285520 0.870000 0.532067
v 0.283152 0.894749 0.522093
v 0.277434 0.905000 0.498013
v 0.271717 0.894749 0.473934
v 0.269349 0.870000 0.463960
v 0.271717 0.845251 0.473934
v 0.277434 0.835000 0.498013
v 0.283152 0.845251 0.522093
v 0.285520 0.870000 0.532067
v 0.192274 0.870000 0.550297
v 0.190705 0.894749 0.540166
v 0.186918 0.905000 0.515709
v 0.183130 0.894749 0.491252
v 0.181561 0.870000 0.481121
v 0.183130 0.845251 0.491252
v 0.186918 0.835000 0.515709
v 0.190705 0.845251 0.540166
v 0.192274 0.870000 0.550297
v 0.096718 0.870000 0.561314
v 0.095937 0.894749 0.551093
v 0.094050 0.905000 0.526416
v 0.092163 0.894749 0.501739
v 0.091382 0.870000 0.491518
v 0.092163 0.845251 0.501739
v 0.094050 0.835000 0.526416
v 0.095937 0.845251 0.551093
v 0.096718 0.870000 0.561314
v 0.000000 0.870000 0.565000
v 0.000000 0.894749 0.554749
v 0.000000 0.905000 0.530000
v 0.000000 0.894749 0.505251
v 0.000000 0.870000 0.495000
v 0.000000 0.845251 0.505251
v 0.000000 0.835000 0.530000
v 0.000000 0.845251 0.554749
v 0.000000 0.870000 0.565000
v -0.096718 0.870000 0.561314
v -0.095937 0.894749 0.551093
v -0.094050 0.905000 0.526416
v -0.092163 0.894749 0.501739
v -0.091382 0.870000 0.491518
v -0.092163 0.845251 0.501739
v -0.094050 0.835000 0.526416
v -0.095937 0.845251 0.551093
v -0.096718 0.870000 0.561314
v -0.192274 0.870000 0.550297
v -0.190705 0.894749 0.540166
v -0.186918 0.905000 0.515709
v -0.183130 0.894749 0.491252
v -0.181561 0.870000 0.481121
v -0.183130 0.845251 0.491252
v -0.186918 0.835000 0.515709
v -0.190705 0.845251 0.540166
v -0.192274 0.870000 0.550297
v -0.285520 0.870000 0.532067
v -0.283152 0.894749 0.522093
v -0.277434 0.905000 0.498013
v -0.271717 0.894749 0.473934
v -0.269349 0.870000 0.463960
v -0.271717 0.845251 0.473934
v -0.277434 0.835000 0.498013
v -0.283152 0.845251 0.522093
v -0.285520 0.870000 0.532067
v -0.375334 0.870000 0.506821
v -0.372150 0.894749 0.497077
v -0.364462 0.905000 0.473552
v -0.356775 0.894749 0.450028
v -0.353591 0.870000 0.440284
v -0.356775 0.845251 0.450028
v -0.364462 0.835000 0.473552
v -0.372150 0.845251 0.497077
v -0.375334 0.870000 0.506821
v -0.460634 0.870000 0.474828
v -0.456614 0.894749 0.465399
v -0.446907 0.905000 0.442633
v -0.437200 0.894749 0.419867
v -0.433180 0.870000 0.410437
v -0.437200 0.845251 0.419867
v -0.446907 0.835000 0.442633
v -0.456614 0.845251 0.465399
v -0.460634 0.870000 0.474828
v -0.540389 0.870000 0.436426
v -0.535510 0.894749 0.427410
v -0.523731 0.905000 0.405644
v -0.511953 0.894749 0.383878
v -0.507074 0.870000 0.374862
v -0.511953 0.845251 0.383878
v -0.523731 0.835000 0.405644
v -0.535510 0.845251 0.427410
v -0.540389 0.870000 0.436426
v -0.613622 0.870000 0.392013
v -0.607866 0.894749 0.383530
v -0.593970 0.905000 0.363051
v -0.580073 0.894749 0.342572
v -0.574317 0.870000 0.334089
v -0.580073 0.845251 0.342572
v -0.593970 0.835000 0.363051
v -0.607866 0.845251 0.383530
v -0.613622 0.870000 0.392013
v -0.679420 0.870000 0.342045
v -0.672777 0.894749 0.334238
v -0.656738 0.905000 0.315389
v -0.640700 0.894749 0.296541
v -0.634057 0.870000 0.288733
v -0.640700 0.845251 0.296541
v -0.656738 0.835000 0.315389
v -0.672777 0.845251 0.334238
v -0.679420 0.870000 0.342045
v -0.736929 0.870000 0.287038
v -0.729408 0.894749 0.280073
v -0.711248 0.905000 0.263258
v -0.693089 0.894749 0.246443
v -0.685567 0.870000 0.239478
v -0.693089 0.845251 0.246443
v -0.711248 0.835000 0.263258
v -0.729408 0.845251 0.280073
v -0.736929 0.870000 0.287038
v -0.785356 0.870000 0.227570
v -0.776997 0.894749 0.221637
v -0.756814 0.905000 0.207314
v -0.736631 0.894749 0.192990
v -0.728271 0.870000 0.187057
v -0.736631 0.845251 0.192990
v -0.756814 0.835000 0.207314
v -0.776997 0.845251 0.221637
v -0.785356 0.870000 0.227570
v -0.823970 0.870000 0.164300
v -0.814858 0.894749 0.159602
v -0.792862 0.905000 0.148259
v -0.770866 0.894749 0.136916
v -0.761754 0.870000 0.132218
v -0.770866 0.845251 0.136916
v -0.792862 0.835000 0.148259
v -0.814858 0.845251 0.159602
v -0.823970 0.870000 0.164300
v -0.852113 0.870000 0.097995
v -0.842397 0.894749 0.094727
v -0.818939 0.905000 0.086837
v -0.795482 0.894749 0.078947
v -0.785766 0.870000 0.075679
v -0.795482 0.845251 0.078947
v -0.818939 0.835000 0.086837
v -0.842397 0.845251 0.094727
v -0.852113 0.870000 0.097995
v -0.869246 0.870000 0.029553
v -0.859133 0.894749 0.027874
v -0.834718 0.905000 0.023820
v -0.810304 0.894749 0.019766
v -0.800191 0.870000 0.018087
v -0.810304 0.845251 0.019766
v -0.834718 0.835000 0.023820
v -0.859133 0.845251 0.027874
v -0.869246 0.870000 0.029553
v -0.875000 0.870000 -0.040000
v -0.864749 0.894749 -0.040000
v -0.840000 0.905000 -0.040000
v -0.815251 0.894749 -0.040000
v -0.805000 0.870000 -0.040000
v -0.815251 0.845251 -0.040000
v -0.840000 0.835000 -0.040000
v -0.864749 0.845251 -0.040000
v -0.875000 0.870000 -0.040000
v -0.869246 0.870000 -0.109553
v -0.859133 0.894749 -0.107874
v -0.834718 0.905000 -0.103820
v -0.810304 0.894749 -0.099766
v -0.800191 0.870000 -0.098087
v -0.810304 0.845251 -0.099766
v -0.834718 0.835000 -0.103820
v -0.859133 0.845251 -0.107874
v -0.869246 0.870000 -0.109553
v -0.852113 0.870000 -0.177995
v -0.842397 0.894749 -0.174727
v -0.818939 0.905000 -0.166837
v -0.795482 0.894749 -0.158947
v -0.785766 0.870000 -0.155679
v -0.795482 0.845251 -0.158947
v -0.818939 0.835000 -0.166837
v -0.842397 0.845251 -0.174727
v -0.852113 0.870000 -0.177995
v -0.823970 0.870000 -0.244300
v -0.814858 0.894749 -0.239602
v -0.792862 0.905000 -0.228259
v -0.770866 0.894749 -0.216916
v -0.761754 0.870000 -0.212218
v -0.770866 0.845251 -0.216916
v -0.792862 0.835000 -0.228259
v -0.814858 0.845251 -0.239602
v -0.823970 0.870000 -0.244300
v -0.785356 0.870000 -0.307570
v -0.776997 0.894749 -0.301637
v -0.756814 0.905000 -0.287314
v -0.736631 0.894749 -0.272990
v -0.728271 0.870000 -0.267057
v -0.736631 0.845251 -0.272990
v -0.756814 0.835000 -0.287314
v -0.776997 0.845251 -0.301637
v -0.785356 0.870000 -0.307570
v -0.736929 0.870000 -0.367038
v -0.729408 0.894749 -0.360073
v -0.711248 0.905000 -0.343258
v -0.693089 0.894749 -0.326443
v -0.685567 0.870000 -0.319478
v -0.693089 0.845251 -0.326443
v -0.711248 0.835000 -0.343258
v -0.729408 0.845251 -0.360073
v -0.736929 0.870000 -0.367038
v -0.679420 0.870000 -0.422045
v -0.672777 0.894749 -0.414238
v -0.656738 0.905000 -0.395389
v -0.640700 0.894749 -0.376541
v -0.634057 0.870000 -0.368733
v -0.640700 0.845251 -0.376541
v -0.656738 0.835000 -0.395389
v -0.672777 0.845251 -0.414238
v -0.679420 0.870000 -0.422045
v -0.613622 0.870000 -0.472013
v -0.607866 0.894749 -0.463530
v -0.593970 0.905000 -0.443051
v -0.580073 0.894749 -0.422572
v -0.574317 0.870000 -0.414089
v -0.580073 0.845251 -0.422572
v -0.593970 0.835000 -0.443051
v -0.607866 0.845251 -0.463530
v -0.613622 0.870000 -0.472013
v -0.540389 0.870000 -0.516426
v -0.535510 0.894749 -0.507410
v -0.523731 0.905000 -0.485644
v -0.511953 0.894749 -0.463878
v -0.507074 0.870000 -0.454862
v -0.511953 0.845251 -0.463878
v -0.523731 0.835000 -0.485644
v -0.535510 0.845251 -0.507410
v -0.540389 0.870000 -0.516426
v -0.460634 0.870000 -0.554828
v -0.456614 0.894749 -0.545399
v -0.446907 0.905000 -0.522633
v -0.437200 0.894749 -0.499867
v -0.433180 0.870000 -0.490437
v -0.437200 0.845251 -0.499867
v -0.446907 0.835000 -0.522633
v -0.456614 0.845251 -0.545399
v -0.460634 0.870000 -0.554828
v -0.375334 0.870000 -0.586821
v -0.372150 0.894749 -0.577077
v -0.364462 0.905000 -0.553552
v -0.356775 0.894749 -0.530028
v -0.353591 0.870000 -0.520284
v -0.356775 0.845251 -0.530028
v -0.364462 0.835000 -0.553552
v -0.372150 0.845251 -0.577077
v -0.375334 0.870000 -0.586821
v -0.285520 0.870000 -0.612067
v -0.283152 0.894749 -0.602093
v -0.277434 0.905000 -0.578013
v -0.271717 0.894749 -0.553934
v -0.269349 0.870000 -0.543960
v -0.271717 0.845251 -0.553934
v -0.277434 0.835000 -0.578013
v -0.283152 0.845251 -0.602093
v -0.285520 0.870000 -0.612067
v -0.192274 0.870000 -0.630297
v -0.190705 0.894749 -0.620166
v -0.186918 0.905000 -0.595709
v -0.183130 0.894749 -0.571252
v -0.181561 0.870000 -0.561121
v -0.183130 0.845251 -0.571252
v -0.186918 0.835000 -0.595709
v -0.190705 0.845251 -0.620166
v -0.192274 0.870000 -0.630297
v -0.096718 0.870000 -0.641314
v -0.095937 0.894749 -0.631093
v -0.094050 0.905000 -0.606416
v -0.092163 0.894749 -0.581739
v -0.091382 0.870000 -0.571518
v -0.092163 0.845251 -0.581739
v -0.094050 0.835000 -0.606416
v -0.095937 0.845251 -0.631093
v -0.096718 0.870000 -0.641314
v -0.000000 0.870000 -0.645000
v -0.000000 0.894749 -0.634749
v -0.000000 0.905000 -0.610000
v -0.000000 0.894749 -0.585251
v -0.000000 0.870000 -0.575000
v -0.000000 0.845251 -0.585251
v -0.000000 0.835000 -0.610000
v -0.000000 0.845251 -0.634749
v -0.000000 0.870000 -0.645000
v 0.096718 0.870000 -0.641314
v 0.095937 0.894749 -0.631093
v 0.094050 0.905000 -0.606416
v 0.092163 0.894749 -0.581739
v 0.091382 0.870000 -0.571518
v 0.092163 0.845251 -0.581739
v 0.094050 0.835000 -0.606416
v 0.095937 0.845251 -0.631093
v 0.096718 0.870000 -0.641314
v 0.192274 0.870000 -0.630297
v 0.190705 0.894749 -0.620166
v 0.186918 0.905000 -0.595709
v 0.183130 0.894749 -0.571252
v 0.181561 0.870000 -0.561121
v 0.183130 0.845251 -0.571252
v 0.186918 0.835000 -0.595709
v 0.190705 0.845251 -0.620166
v 0.192274 0.870000 -0.630297
v 0.285520 0.870000 -0.612067
v 0.283152 0.894749 -0.602093
v 0.277434 0.905000 -0.578013
v 0.271717 0.894749 -0.553934
v 0.269349 0.870000 -0.543960
v 0.271717 0.845251 -0.553934
v 0.277434 0.835000 -0.578013
v 0.283152 0.845251 -0.602093
v 0.285520 0.870000 -0.612067
v 0.375334 0.870000 -0.586821
v 0.372150 0.894749 -0.577077
v 0.364462 0.905000 -0.553552
v 0.356775 0.894749 -0.530028
v 0.353591 0.870000 -0.520284
v 0.356775 0.845251 -0.530028
v 0.364462 0.835000 -0.553552
v 0.372150 0.845251 -0.577077
v 0.375334 0.870000 -0.586821
v 0.460634 0.870000 -0.554828
v 0.456614 0.894749 -0.545399
v 0.446907 0.905000 -0.522633
v 0.437200 0.894749 -0.499867
v 0.433180 0.870000 -0.490437
v 0.437200 0.845251 -0.499867
v 0.446907 0.835000 -0.522633
v 0.456614 0.845251 -0.545399
v 0.460634 0.870000 -0.554828
v 0.540389 0.870000 -0.516426
v 0.535510 0.894749 -0.507410
v 0.523731 0.905000 -0.485644
v 0.511953 0.894749 -0.463878
v 0.507074 0.870000 -0.454862
v 0.511953 0.845251 -0.463878
v 0.523731 0.835000 -0.485644
v 0.535510 0.845251 -0.507410
v 0.540389 0.870000 -0.516426
v 0.613622 0.870000 -0.472013
v 0.607866 0.894749 -0.463530
v 0.593970 0.905000 -0.443051
v 0.580073 0.894749 -0.422572
v 0.574317 0.870000 -0.414089
v 0.580073 0.845251 -0.422572
v 0.593970 0.835000 -0.443051
v 0.607866 0.845251 -0.463530
v 0.613622 0.870000 -0.472013
v 0.679420 0.870000 -0.422045
v 0.672777 0.894749 -0.414238
v 0.656738 0.905000 -0.395389
v 0.640700 0.894749 -0.376541
v 0.634057 0.870000 -0.368733
v 0.640700 0.845251 -0.376541
v 0.656738 0.835000 -0.395389
v 0.672777 0.845251 -0.414238
v 0.679420 0.870000 -0.422045
v 0.736929 0.870000 -0.367038
v 0.729408 0.894749 -0.360073
v 0.711248 0.905000 -0.343258
v 0.693089 0.894749 -0.326443
v 0.685567 0.870000 -0.319478
v 0.693089 0.845251 -0.326443
v 0.711248 0.835000 -0.343258
v 0.729408 0.845251 -0.360073
v 0.736929 0.870000 -0.367038
v 0.785356 0.870000 -0.307570
v 0.776997 0.894749 -0.301637
v 0.756814 0.905000 -0.287314
v 0.736631 0.894749 -0.272990
v 0.728271 0.870000 -0.267057
v 0.736631 0.845251 -0.272990
v 0.756814 0.835000 -0.287314
v 0.776997 0.845251 -0.301637
v 0.785356 0.870000 -0.307570
v 0.823970 0.870000 -0.244300
v 0.814858 0.894749 -0.239602
v 0.792862 0.905000 -0.228259
v 0.770866 0.894749 -0.216916
v 0.761754 0.870000 -0.212218
v 0.770866 0.845251 -0.216916
v 0.792862 0.835000 -0.228259
v 0.814858 0.845251 -0.239602
v 0.823970 0.870000 -0.244300
v 0.852113 0.870000 -0.177995
v 0.842397 0.894749 -0.174727
v 0.818939 0.905000 -0.166837
v 0.795482 0.894749 -0.158947
v 0.785766 0.870000 -0.155679
v 0.795482 0.845251 -0.158947
v 0.818939 0.835000 -0.166837
v 0.842397 0.845251 -0.174727
v 0.852113 0.870000 -0.177995
v 0.869246 0.870000 -0.109553
v 0.859133 0.894749 -0.107874
v 0.834718 0.905000 -0.103820
v 0.810304 0.894749 -0.099766
v 0.800191 0.870000 -0.098087
v 0.810304 0.845251 -0.099766
v 0.834718 0.835000 -0.103820
v 0.859133 0.845251 -0.107874
v 0.869246 0.870000 -0.109553
v 0.875000 0.870000 -0.040000
v 0.864749 0.894749 -0.040000
v 0.840000 0.905000 -0.040000
v 0.815251 0.894749 -0.040000
v 0.805000 0.870000 -0.040000
v 0.815251 0.845251 -0.040000
v 0.840000 0.835000 -0.040000
v 0.864749 0.845251 -0.040000
v 0.875000 0.870000 -0.040000
v 1.120000 0.500000 0.000000
v 1.105355 0.535355 0.000000
v 1.070000 0.550000 0.000000
v 1.034645 0.535355 0.000000
v 1.020000 0.500000 0.000000
v 1.034645 0.464645 0.000000
v 1.070000 0.450000 0.000000
v 1.105355 0.464645 0.000000
v 1.120000 0.500000 0.000000
v 1.114430 0.500000 0.085845
v 1.099908 0.535355 0.083955
v 1.064848 0.550000 0.079394
v 1.029788 0.535355 0.074832
v 1.015266 0.500000 0.072943
v 1.029788 0.464645 0.074832
v 1.064848 0.450000 0.079394
v 1.099908 0.464645 0.083955
v 1.114430 0.500000 0.085845
v 1.097799 0.500000 0.170730
v 1.083635 0.535355 0.167008
v 1.049440 0.550000 0.158023
v 1.015246 0.535355 0.149038
v 1.001082 0.500000 0.145316
v 1.015246 0.464645 0.149038
v 1.049440 0.450000 0.158023
v 1.083635 0.464645 0.167008
v 1.097799 0.500000 0.170730
v 1.070339 0.500000 0.253729
v 1.056745 0.535355 0.248282
v 1.023926 0.550000 0.235131
v 0.991108 0.535355 0.221980
v 0.977514 0.500000 0.216532
v 0.991108 0.464645 0.221980
v 1.023926 0.450000 0.235131
v 1.056745 0.464645 0.248282
v 1.070339 0.500000 0.253729
v 1.032414 0.500000 0.333974
v 1.019567 0.535355 0.326945
v 0.988551 0.550000 0.309974
v 0.957535 0.535355 0.293003
v 0.944688 0.500000 0.285973
v 0.957535 0.464645 0.293003
v 0.988551 0.450000 0.309974
v 1.019567 0.464645 0.326945
v 1.032414 0.500000 0.333974
v 0.984500 0.500000 0.410671
v 0.972537 0.535355 0.402224
v 0.943656 0.550000 0.381831
v 0.914774 0.535355 0.361439
v 0.902811 0.500000 0.352992
v 0.914774 0.464645 0.361439
v 0.943656 0.450000 0.381831
v 0.972537 0.464645 0.402224
v 0.984500 0.500000 0.410671
v 0.927159 0.500000 0.483099
v 0.916179 0.535355 0.473408
v 0.889672 0.550000 0.450012
v 0.863166 0.535355 0.426616
v 0.852186 0.500000 0.416924
v 0.863166 0.464645 0.426616
v 0.889672 0.450000 0.450012
v 0.916179 0.464645 0.473408
v 0.927159 0.500000 0.483099
v 0.861022 0.500000 0.550611
v 0.851093 0.535355 0.539846
v 0.827121 0.550000 0.513859
v 0.803150 0.535355 0.487871
v 0.793220 0.500000 0.477106
v 0.803150 0.464645 0.487871
v 0.827121 0.450000 0.513859
v 0.851093 0.464645 0.539846
v 0.861022 0.500000 0.550611
v 0.786783 0.500000 0.612622
v 0.777944 0.535355 0.600946
v 0.756604 0.550000 0.572756
v 0.735265 0.535355 0.544567
v 0.726426 0.500000 0.532891
v 0.735265 0.464645 0.544567
v 0.756604 0.450000 0.572756
v 0.777944 0.464645 0.600946
v 0.786783 0.500000 0.612622
v 0.705186 0.500000 0.668610
v 0.697458 0.535355 0.656170
v 0.678801 0.550000 0.626138
v 0.660143 0.535355 0.596107
v 0.652415 0.500000 0.583667
v 0.660143 0.464645 0.596107
v 0.678801 0.450000 0.626138
v 0.697458 0.464645 0.656170
v 0.705186 0.500000 0.668610
v 0.617028 0.500000 0.718107
v 0.610418 0.535355 0.705039
v 0.594460 0.550000 0.673490
v 0.578502 0.535355 0.641941
v 0.571892 0.500000 0.628873
v 0.578502 0.464645 0.641941
v 0.594460 0.450000 0.673490
v 0.610418 0.464645 0.705039
v 0.617028 0.500000 0.718107
v 0.523149 0.500000 0.760706
v 0.517656 0.535355 0.747130
v 0.504395 0.550000 0.714356
v 0.491133 0.535355 0.681582
v 0.485640 0.500000 0.668007
v 0.491133 0.464645 0.681582
v 0.504395 0.450000 0.714356
v 0.517656 0.464645 0.747130
v 0.523149 0.500000 0.760706
v 0.424431 0.500000 0.796052
v 0.420050 0.535355 0.782078
v 0.409471 0.550000 0.748342
v 0.398893 0.535355 0.714607
v 0.394511 0.500000 0.700633
v 0.398893 0.464645 0.714607
v 0.409471 0.450000 0.748342
v 0.420050 0.464645 0.782078
v 0.424431 0.500000 0.796052
v 0.321795 0.500000 0.823853
v 0.318518 0.535355 0.809580
v 0.310605 0.550000 0.775122
v 0.302692 0.535355 0.740663
v 0.299414 0.500000 0.726390
v 0.302692 0.464645 0.740663
v 0.310605 0.450000 0.775122
v 0.318518 0.464645 0.809580
v 0.321795 0.500000 0.823853
v 0.216192 0.500000 0.843879
v 0.214011 0.535355 0.829397
v 0.208747 0.550000 0.794436
v 0.203482 0.535355 0.759475
v 0.201302 0.500000 0.744993
v 0.203482 0.464645 0.759475
v 0.208747 0.450000 0.794436
v 0.214011 0.464645 0.829397
v 0.216192 0.500000 0.843879
v 0.108596 0.500000 0.855961
v 0.107507 0.535355 0.841357
v 0.104878 0.550000 0.806100
v 0.102250 0.535355 0.770842
v 0.101161 0.500000 0.756238
v 0.102250 0.464645 0.770842
v 0.104878 0.450000 0.806100
v 0.107507 0.464645 0.841357
v 0.108596 0.500000 0.855961
v 0.000000 0.500000 0.860000
v 0.000000 0.535355 0.845355
v 0.000000 0.550000 0.810000
v 0.000000 0.535355 0.774645
v 0.000000 0.500000 0.760000
v 0.000000 0.464645 0.774645
v 0.000000 0.450000 0.810000
v 0.000000 0.464645 0.845355
v 0.000000 0.500000 0.860000
v -0.108596 0.500000 0.855961
v -0.107507 0.535355 0.841357
v -0.104878 0.550000 0.806100
v -0.102250 0.535355 0.770842
v -0.101161 0.500000 0.756238
v -0.102250 0.464645 0.770842
v -0.104878 0.450000 0.806100
v -0.107507 0.464645 0.841357
v -0.108596 0.500000 0.855961
v -0.216192 0.500000 0.843879
v -0.214011 0.535355 0.829397
v -0.208747 0.550000 0.794436
v -0.203482 0.535355 0.759475
v -0.201302 0.500000 0.744993
v -0.203482 0.464645 0.759475
v -0.208747 0.450000 0.794436
v -0.214011 0.464645 0.829397
v -0.216192 0.500000 0.843879
v -0.321795 0.500000 0.823853
v -0.318518 0.535355 0.809580
v -0.310605 0.550000 0.775122
v -0.302692 0.535355 0.740663
v -0.299414 0.500000 0.726390
v -0.302692 0.464645 0.740663
v -0.310605 0.450000 0.775122
v -0.318518 0.464645 0.809580
v -0.321795 0.500000 0.823853
v -0.424431 0.500000 0.796052
v -0.420050 0.535355 0.782078
v -0.409471 0.550000 0.748342
v -0.398893 0.535355 0.714607
v -0.394511 0.500000 0.700633
v -0.398893 0.464645 0.714607
v -0.409471 0.450000 0.748342
v -0.420050 0.464645 0.782078
v -0.424431 0.500000 0.796052
v -0.523149 0.500000 0.760706
v -0.517656 0.535355 0.747130
v -0.504395 0.550000 0.714356
v -0.491133 0.535355 0.681582
v -0.485640 0.500000 0.668007
v -0.491133 0.464645 0.681582
v -0.504395 0.450000 0.714356
v -0.517656 0.464645 0.747130
v -0.523149 0.500000 0.760706
v -0.617028 0.500000 0.718107
v -0.610418 0.535355 0.705039
v -0.594460 0.550000 0.673490
v -0.578502 0.535355 0.641941
v -0.571892 0.500000 0.628873
v -0.578502 0.464645 0.641941
v -0.594460 0.450000 0.673490
v -0.610418 0.464645 0.705039
v -0.617028 0.500000 0.718107
v -0.705186 0.500000 0.668610
v -0.697458 0.535355 0.656170
v -0.678801 0.550000 0.626138
v -0.660143 0.535355 0.596107
v -0.652415 0.500000 0.583667
v -0.660143 0.464645 0.596107
v -0.678801 0.450000 0.626138
v -0.697458 0.464645 0.656170
v -0.705186 0.500000 0.668610
v -0.786783 0.500000 0.612622
v -0.777944 0.535355 0.600946
v -0.756604 0.550000 0.572756
v -0.735265 0.535355 0.544567
v -0.726426 0.500000 0.532891
v -0.735265 0.464645 0.544567
v -0.756604 0.450000 0.572756
v -0.777944 0.464645 0.600946
v -0.786783 0.500000 0.612622
v -0.861022 0.500000 0.550611
v -0.851093 0.535355 0.539846
v -0.827121 0.550000 0.513859
v -0.803150 0.535355 0.487871
v -0.793220 0.500000 0.477106
v -0.803150 0.464645 0.487871
v -0.827121 0.450000 0.513859
v -0.851093 0.464645 0.539846
v -0.861022 0.500000 0.550611
v -0.927159 0.500000 0.483099
v -0.916179 0.535355 0.473408
v -0.889672 0.550000 0.450012
v -0.863166 0.535355 0.426616
v -0.852186 0.500000 0.416924
v -0.863166 0.464645 0.426616
v -0.889672 0.450000 0.450012
v -0.916179 0.464645 0.473408
v -0.927159 0.500000 0.483099
v -0.984500 0.500000 0.410671
v -0.972537 0.535355 0.402224
v -0.943656 0.550000 0.381831
v -0.914774 0.535355 0.361439
v -0.902811 0.500000 0.352992
v -0.914774 0.464645 0.361439
v -0.943656 0.450000 0.381831
v -0.972537 0.464645 0.402224
v -0.984500 0.500000 0.410671
v -1.032414 0.500000 0.333974
v -1.019567 0.535355 0.326945
v -0.988551 0.550000 0.309974
v -0.957535 0.535355 0.293003
v -0.944688 0.500000 0.285973
v -0.957535 0.464645 0.293003
v -0.988551 0.450000 0.309974
v -1.019567 0.464645 0.326945
v -1.032414 0.500000 0.333974
v -1.070339 0.500000 0.253729
v -1.056745 0.535355 0.248282
v -1.023926 0.550000 0.235131
v -0.991108 0.535355 0.221980
v -0.977514 0.500000 0.216532
v -0.991108 0.464645 0.221980
v -1.023926 0.450000 0.235131
v -1.056745 0.464645 0.248282
v -1.070339 0.500000 0.253729
v -1.097799 0.500000 0.170730
v -1.083635 0.535355 0.167008
v -1.049440 0.550000 0.158023
v -1.015246 0.535355 0.149038
v -1.001082 0.500000 0.145316
v -1.015246 0.464645 0.149038
v -1.049440 0.450000 0.158023
v -1.083635 0.464645 0.167008
v -1.097799 0.500000 0.170730
v -1.114430 0.500000 0.085845
v -1.099908 0.535355 0.083955
v -1.064848 0.550000 0.079394
v -1.029788 0.535355 0.074832
v -1.015266 0.500000 0.072943
v -1.029788 0.464645 0.074832
v -1.064848 0.450000 0.079394
v -1.099908 0.464645 0.083955
v -1.114430 0.500000 0.085845
v -1.120000 0.500000 0.000000
v -1.105355 0.535355 0.000000
v -1.070000 0.550000 0.000000
v -1.034645 0.535355 0.000000
v -1.020000 0.500000 0.000000
v -1.034645 0.464645 0.000000
v -1.070000 0.450000 0.000000
v -1.105355 0.464645 0.000000
v -1.120000 0.500000 0.000000
v -1.114430 0.500000 -0.085845
v -1.099908 0.535355 -0.083955
v -1.064848 0.550000 -0.079394
v -1.029788 0.535355 -0.074832
v -1.015266 0.500000 -0.072943
v -1.029788 0.464645 -0.074832
v -1.064848 0.450000 -0.079394
v -1.099908 0.464645 -0.083955
v -1.114430 0.500000 -0.085845
v -1.097799 0.500000 -0.170730
v -1.083635 0.535355 -0.167008
v -1.049440 0.550000 -0.158023
v -1.015246 0.535355 -0.149038
v -1.001082 0.500000 -0.145316
v -1.015246 0.464645 -0.149038
v -1.049440 0.450000 -0.158023
v -1.083635 0.464645 -0.167008
v -1.097799 0.500000 -0.170730
v -1.070339 0.500000 -0.253729
v -1.056745 0.535355 -0.248282
v -1.023926 0.550000 -0.235131
v -0.991108 0.535355 -0.221980
v -0.977514 0.500000 -0.216532
v -0.991108 0.464645 -0.221980
v -1.023926 0.450000 -0.235131
v -1.056745 0.464645 -0.248282
v -1.070339 0.500000 -0.253729
v -1.032414 0.500000 -0.333974
v -1.019567 0.535355 -0.326945
v -0.988551 0.550000 -0.309974
v -0.957535 0.535355 -0.293003
v -0.944688 0.500000 -0.285973
v -0.957535 0.464645 -0.293003
v -0.988551 0.450000 -0.309974
v -1.019567 0.464645 -0.326945
v -1.032414 0.500000 -0.333974
v -0.984500 0.500000 -0.410671
v -0.972537 0.535355 -0.402224
v -0.943656 0.550000 -0.381831
v -0.914774 0.535355 -0.361439
v -0.902811 0.500000 -0.352992
v -0.914774 0.464645 -0.361439
v -0.943656 0.450000 -0.381831
v -0.972537 0.464645 -0.402224
v -0.984500 0.500000 -0.410671
v -0.927159 0.500000 -0.483099
v -0.916179 0.535355 -0.473408
v -0.889672 0.550000 -0.450012
v -0.863166 0.535355 -0.426616
v -0.852186 0.500000 -0.416924
v -0.863166 0.464645 -0.426616
v -0.889672 0.450000 -0.450012
v -0.916179 0.464645 -0.473408
v -0.927159 0.500000 -0.483099
v -0.861022 0.500000 -0.550611
v -0.851093 0.535355 -0.539846
v -0.827121 0.550000 -0.513859
v -0.803150 0.535355 -0.487871
v -0.793220 0.500000 -0.477106
v -0.803150 0.464645 -0.487871
v -0.827121 0.450000 -0.513859
v -0.851093 0.464645 -0.539846
v -0.861022 0.500000 -0.550611
v -0.786783 0.500000 -0.612622
v -0.777944 0.535355 -0.600946
v -0.756604 0.550000 -0.572756
v -0.735265 0.535355 -0.544567
v -0.726426 0.500000 -0.532891
v -0.735265 0.464645 -0.544567
v -0.756604 0.450000 -0.572756
v -0.777944 0.464645 -0.600946
v -0.786783 0.500000 -0.612622
v -0.705186 0.500000 -0.668610
v -0.697458 0.535355 -0.656170
v -0.678801 0.550000 -0.626138
v -0.660143 0.535355 -0.596107
v -0.652415 0.500000 -0.583667
v -0.660143 0.464645 -0.596107
v -0.678801 0.450000 -0.626138
v -0.697458 0.464645 -0.656170
v -0.705186 0.500000 -0.668610
v -0.617028 0.500000 -0.718107
v -0.610418 0.535355 -0.705039
v -0.594460 0.550000 -0.673490
v -0.578502 0.535355 -0.641941
v -0.571892 0.500000 -0.628873
v -0.578502 0.464645 -0.641941
v -0.594460 0.450000 -0.673490
v -0.610418 0.464645 -0.705039
v -0.617028 0.500000 -0.718107
v -0.523149 0.500000 -0.760706
v -0.517656 0.535355 -0.747130
v -0.504395 0.550000 -0.714356
v -0.491133 0.535355 -0.681582
v -0.485640 0.500000 -0.668007
v -0.491133 0.464645 -0.681582
v -0.504395 0.450000 -0.714356
v -0.517656 0.464645 -0.747130
v -0.523149 0.500000 -0.760706
v -0.424431 0.500000 -0.796052
v -0.420050 0.535355 -0.782078
v -0.409471 0.550000 -0.748342
v -0.398893 0.535355 -0.714607
v -0.394511 0.500000 -0.700633
v -0.398893 0.464645 -0.714607
v -0.409471 0.450000 -0.748342
v -0.420050 0.464645 -0.782078
v -0.424431 0.500000 -0.796052
v -0.321795 0.500000 -0.823853
v -0.318518 0.535355 -0.809580
v -0.310605 0.550000 -0.775122
v -0.302692 0.535355 -0.740663
v -0.299414 0.500000 -0.726390
v -0.302692 0.464645 -0.740663
v -0.310605 0.450000 -0.775122
v -0.318518 0.464645 -0.809580
v -0.321795 0.500000 -0.823853
v -0.216192 0.500000 -0.843879
v -0.214011 0.535355 -0.829397
v -0.208747 0.550000 -0.794436
v -0.203482 0.535355 -0.759475
v -0.201302 0.500000 -0.744993
v -0.203482 0.464645 -0.759475
v -0.208747 0.450000 -0.794436
v -0.214011 0.464645 -0.829397
v -0.216192 0.500000 -0.843879
v -0.108596 0.500000 -0.855961
v -0.107507 0.535355 -0.841357
v -0.104878 0.550000 -0.806100
v -0.102250 0.535355 -0.770842
v -0.101161 0.500000 -0.756238
v -0.102250 0.464645 -0.770842
v -0.104878 0.450000 -0.806100
v -0.107507 0.464645 -0.841357
v -0.108596 0.500000 -0.855961
v -0.000000 0.500000 -0.860000
v -0.000000 0.535355 -0.845355
v -0.000000 0.550000 -0.810000
v -0.000000 0.535355 -0.774645
v -0.000000 0.500000 -0.760000
v -0.000000 0.464645 -0.774645
v -0.000000 0.450000 -0.810000
v -0.000000 0.464645 -0.845355
v -0.000000 0.500000 -0.860000
v 0.108596 0.500000 -0.855961
v 0.107507 0.535355 -0.841357
v 0.104878 0.550000 -0.806100
v 0.102250 0.535355 -0.770842
v 0.101161 0.500000 -0.756238
v 0.102250 0.464645 -0.770842
v 0.104878 0.450000 -0.806100
v 0.107507 0.464645 -0.841357
v 0.108596 0.500000 -0.855961
v 0.216192 0.500000 -0.843879
v 0.214011 0.535355 -0.829397
v 0.208747 0.550000 -0.794436
v 0.203482 0.535355 -0.759475
v 0.201302 0.500000 -0.744993
v 0.203482 0.464645 -0.759475
v 0.208747 0.450000 -0.794436
v 0.214011 0.464645 -0.829397
v 0.216192 0.500000 -0.843879
v 0.321795 0.500000 -0.823853
v 0.318518 0.535355 -0.809580
v 0.310605 0.550000 -0.775122
v 0.302692 0.535355 -0.740663
v 0.299414 0.500000 -0.726390
v 0.302692 0.464645 -0.740663
v 0.310605 0.450000 -0.775122
v 0.318518 0.464645 -0.809580
v 0.321795 0.500000 -0.823853
v 0.424431 0.500000 -0.796052
v 0.420050 0.535355 -0.782078
v 0.409471 0.550000 -0.748342
v 0.398893 0.535355 -0.714607
v 0.394511 0.500000 -0.700633
v 0.398893 0.464645 -0.714607
v 0.409471 0.450000 -0.748342
v 0.420050 0.464645 -0.782078
v 0.424431 0.500000 -0.796052
v 0.523149 0.500000 -0.760706
v 0.517656 0.535355 -0.747130
v 0.504395 0.550000 -0.714356
v 0.491133 0.535355 -0.681582
v 0.485640 0.500000 -0.668007
v 0.491133 0.464645 -0.681582
v 0.504395 0.450000 -0.714356
v 0.517656 0.464645 -0.747130
v 0.523149 0.500000 -0.760706
v 0.617028 0.500000 -0.718107
v 0.610418 0.535355 -0.705039
v 0.594460 0.550000 -0.673490
v 0.578502 0.535355 -0.641941
v 0.571892 0.500000 -0.628873
v 0.578502 0.464645 -0.641941
v 0.594460 0.450000 -0.673490
v 0.610418 0.464645 -0.705039
v 0.617028 0.500000 -0.718107
v 0.705186 0.500000 -0.668610
v 0.697458 0.535355 -0.656170
v 0.678801 0.550000 -0.626138
v 0.660143 0.535355 -0.596107
v 0.652415 0.500000 -0.583667
v 0.660143 0.464645 -0.596107
v 0.678801 0.450000 -0.626138
v 0.697458 0.464645 -0.656170
v 0.705186 0.500000 -0.668610
v 0.786783 0.500000 -0.612622
v 0.777944 0.535355 -0.600946
v 0.756604 0.550000 -0.572756
v 0.735265 0.535355 -0.544567
v 0.726426 0.500000 -0.532891
v 0.735265 0.464645 -0.544567
v 0.756604 0.450000 -0.572756
v 0.777944 0.464645 -0.600946
v 0.786783 0.500000 -0.612622
v 0.861022 0.500000 -0.550611
v 0.851093 0.535355 -0.539846
v 0.827121 0.550000 -0.513859
v 0.803150 0.535355 -0.487871
v 0.793220 0.500000 -0.477106
v 0.803150 0.464645 -0.487871
v 0.827121 0.450000 -0.513859
v 0.851093 0.464645 -0.539846
v 0.861022 0.500000 -0.550611
v 0.927159 0.500000 -0.483099
v 0.916179 0.535355 -0.473408
v 0.889672 0.550000 -0.450012
v 0.863166 0.535355 -0.426616
v 0.852186 0.500000 -0.416924
v 0.863166 0.464645 -0.426616
v 0.889672 0.450000 -0.450012
v 0.916179 0.464645 -0.473408
v 0.927159 0.500000 -0.483099
v 0.984500 0.500000 -0.410671
v 0.972537 0.535355 -0.402224
v 0.943656 0.550000 -0.381831
v 0.914774 0.535355 -0.361439
v 0.902811 0.500000 -0.352992
v 0.914774 0.464645 -0.361439
v 0.943656 0.450000 -0.381831
v 0.972537 0.464645 -0.402224
v 0.984500 0.500000 -0.410671
v 1.032414 0.500000 -0.333974
v 1.019567 0.535355 -0.326945
v 0.988551 0.550000 -0.309974
v 0.957535 0.535355 -0.293003
v 0.944688 0.500000 -0.285973
v 0.957535 0.464645 -0.293003
v 0.988551 0.450000 -0.309974
v 1.019567 0.464645 -0.326945
v 1.032414 0.500000 -0.333974
v 1.070339 0.500000 -0.253729
v 1.056745 0.535355 -0.248282
v 1.023926 0.550000 -0.235131
v 0.991108 0.535355 -0.221980
v 0.977514 0.500000 -0.216532
v 0.991108 0.464645 -0.221980
v 1.023926 0.450000 -0.235131
v 1.056745 0.464645 -0.248282
v 1.070339 0.500000 -0.253729
v 1.097799 0.500000 -0.170730
v 1.083635 0.535355 -0.167008
v 1.049440 0.550000 -0.158023
v 1.015246 0.535355 -0.149038
v 1.001082 0.500000 -0.145316
v 1.015246 0.464645 -0.149038
v 1.049440 0.450000 -0.158023
v 1.083635 0.464645 -0.167008
v 1.097799 0.500000 -0.170730
v 1.114430 0.500000 -0.085845
v 1.099908 0.535355 -0.083955
v 1.064848 0.550000 -0.079394
v 1.029788 0.535355 -0.074832
v 1.015266 0.500000 -0.072943
v 1.029788 0.464645 -0.074832
v 1.064848 0.450000 -0.079394
v 1.099908 0.464645 -0.083955
v 1.114430 0.500000 -0.085845
v 1.120000 0.500000 -0.000000
v 1.105355 0.535355 -0.000000
v 1.070000 0.550000 -0.000000
v 1.034645 0.535355 -0.000000
v 1.020000 0.500000 -0.000000
v 1.034645 0.464645 -0.000000
v 1.070000 0.450000 -0.000000
v 1.105355 0.464645 -0.000000
v 1.120000 0.500000 -0.000000
v 0.852000 0.360000 0.000000
v 0.842627 0.382627 0.000000
v 0.820000 0.392000 0.000000
v 0.797373 0.382627 0.000000
v 0.788000 0.360000 0.000000
v 0.797373 0.337373 0.000000
v 0.820000 0.328000 0.000000
v 0.842627 0.337373 0.000000
v 0.852000 0.360000 0.000000
v 0.846535 0.360000 0.078333
v 0.837253 0.382627 0.077034
v 0.814844 0.392000 0.073897
v 0.792435 0.382627 0.070760
v 0.783153 0.360000 0.069460
v 0.792435 0.337373 0.070760
v 0.814844 0.328000 0.073897
v 0.837253 0.337373 0.077034
v 0.846535 0.360000 0.078333
v 0.830227 0.360000 0.155594
v 0.821210 0.382627 0.153037
v 0.799441 0.392000 0.146864
v 0.777672 0.382627 0.140691
v 0.768655 0.360000 0.138134
v 0.777672 0.337373 0.140691
v 0.799441 0.328000 0.146864
v 0.821210 0.337373 0.153037
v 0.830227 0.360000 0.155594
v 0.803331 0.360000 0.230742
v 0.794736 0.382627 0.227006
v 0.773984 0.392000 0.217984
v 0.753233 0.382627 0.208963
v 0.744638 0.360000 0.205226
v 0.753233 0.337373 0.208963
v 0.773984 0.328000 0.217984
v 0.794736 0.337373 0.227006
v 0.803331 0.360000 0.230742
v 0.766255 0.360000 0.302793
v 0.758212 0.382627 0.297981
v 0.738794 0.392000 0.286363
v 0.719377 0.382627 0.274746
v 0.711334 0.360000 0.269933
v 0.719377 0.337373 0.274746
v 0.738794 0.328000 0.286363
v 0.758212 0.337373 0.297981
v 0.766255 0.360000 0.302793
v 0.719538 0.360000 0.370833
v 0.712150 0.382627 0.365065
v 0.694314 0.392000 0.351141
v 0.676478 0.382627 0.337217
v 0.669090 0.360000 0.331450
v 0.676478 0.337373 0.337217
v 0.694314 0.328000 0.351141
v 0.712150 0.337373 0.365065
v 0.719538 0.360000 0.370833
v 0.663834 0.360000 0.434026
v 0.657176 0.382627 0.427429
v 0.641102 0.392000 0.411503
v 0.625028 0.382627 0.395577
v 0.618370 0.360000 0.388981
v 0.625028 0.337373 0.395577
v 0.641102 0.328000 0.411503
v 0.657176 0.337373 0.427429
v 0.663834 0.360000 0.434026
v 0.599892 0.360000 0.491619
v 0.594015 0.382627 0.484317
v 0.579828 0.392000 0.466690
v 0.565640 0.382627 0.449063
v 0.559763 0.360000 0.441762
v 0.565640 0.337373 0.449063
v 0.579828 0.328000 0.466690
v 0.594015 0.337373 0.484317
v 0.599892 0.360000 0.491619
v 0.528547 0.360000 0.542939
v 0.523484 0.382627 0.535051
v 0.511262 0.392000 0.516009
v 0.499039 0.382627 0.496967
v 0.493976 0.360000 0.489079
v 0.499039 0.337373 0.496967
v 0.511262 0.328000 0.516009
v 0.523484 0.337373 0.535051
v 0.528547 0.360000 0.542939
v 0.450708 0.360000 0.587394
v 0.446478 0.382627 0.579030
v 0.436266 0.392000 0.558838
v 0.426054 0.382627 0.538646
v 0.421825 0.360000 0.530282
v 0.426054 0.337373 0.538646
v 0.436266 0.328000 0.558838
v 0.446478 0.337373 0.579030
v 0.450708 0.360000 0.587394
v 0.367350 0.360000 0.624476
v 0.363962 0.382627 0.615737
v 0.355785 0.392000 0.594639
v 0.347607 0.382627 0.573541
v 0.344220 0.360000 0.564802
v 0.347607 0.337373 0.573541
v 0.355785 0.328000 0.594639
v 0.363962 0.337373 0.615737
v 0.367350 0.360000 0.624476
v 0.279504 0.360000 0.653765
v 0.276963 0.382627 0.644743
v 0.270829 0.392000 0.622963
v 0.264695 0.382627 0.601183
v 0.262154 0.360000 0.592161
v 0.264695 0.337373 0.601183
v 0.270829 0.328000 0.622963
v 0.276963 0.337373 0.644743
v 0.279504 0.360000 0.653765
v 0.188249 0.360000 0.674926
v 0.186556 0.382627 0.665707
v 0.182467 0.392000 0.643452
v 0.178379 0.382627 0.621197
v 0.176685 0.360000 0.611979
v 0.178379 0.337373 0.621197
v 0.182467 0.328000 0.643452
v 0.186556 0.337373 0.665707
v 0.188249 0.360000 0.674926
v 0.094701 0.360000 0.687719
v 0.093855 0.382627 0.678385
v 0.091811 0.392000 0.655850
v 0.089767 0.382627 0.633315
v 0.088921 0.360000 0.623981
v 0.089767 0.337373 0.633315
v 0.091811 0.328000 0.655850
v 0.093855 0.337373 0.678385
v 0.094701 0.360000 0.687719
v 0.000000 0.360000 0.692000
v 0.000000 0.382627 0.682627
v 0.000000 0.392000 0.660000
v 0.000000 0.382627 0.637373
v 0.000000 0.360000 0.628000
v 0.000000 0.337373 0.637373
v 0.000000 0.328000 0.660000
v 0.000000 0.337373 0.682627
v 0.000000 0.360000 0.692000
v -0.094701 0.360000 0.687719
v -0.093855 0.382627 0.678385
v -0.091811 0.392000 0.655850
v -0.089767 0.382627 0.633315
v -0.088921 0.360000 0.623981
v -0.089767 0.337373 0.633315
v -0.091811 0.328000 0.655850
v -0.093855 0.337373 0.678385
v -0.094701 0.360000 0.687719
v -0.188249 0.360000 0.674926
v -0.186556 0.382627 0.665707
v -0.182467 0.392000 0.643452
v -0.178379 0.382627 0.621197
v -0.176685 0.360000 0.611979
v -0.178379 0.337373 0.621197
v -0.182467 0.328000 0.643452
v -0.186556 0.337373 0.665707
v -0.188249 0.360000 0.674926
v -0.279504 0.360000 0.653765
v -0.276963 0.382627 0.644743
v -0.270829 0.392000 0.622963
v -0.264695 0.382627 0.601183
v -0.262154 0.360000 0.592161
v -0.264695 0.337373 0.601183
v -0.270829 0.328000 0.622963
v -0.276963 0.337373 0.644743
v -0.279504 0.360000 0.653765
v -0.367350 0.360000 0.624476
v -0.363962 0.382627 0.615737
v -0.355785 0.392000 0.594639
v -0.347607 0.382627 0.573541
v -0.344220 0.360000 0.564802
v -0.347607 0.337373 0.573541
v -0.355785 0.328000 0.594639
v -0.363962 0.337373 0.615737
v -0.367350 0.360000 0.624476
v -0.450708 0.360000 0.587394
v -0.446478 0.382627 0.579030
v -0.436266 0.392000 0.558838
v -0.426054 0.382627 0.538646
v -0.421825 0.360000 0.530282
v -0.426054 0.337373 0.538646
v -0.436266 0.328000 0.558838
v -0.446478 0.337373 0.579030
v -0.450708 0.360000 0.587394
v -0.528547 0.360000 0.542939
v -0.523484 0.382627 0.535051
v -0.511262 0.392000 0.516009
v -0.499039 0.382627 0.496967
v -0.493976 0.360000 0.489079
v -0.499039 0.337373 0.496967
v -0.511262 0.328000 0.516009
v -0.523484 0.337373 0.535051
v -0.528547 0.360000 0.542939
v -0.599892 0.360000 0.491619
v -0.594015 0.382627 0.484317
v -0.579828 0.392000 0.466690
v -0.565640 0.382627 0.449063
v -0.559763 0.360000 0.441762
v -0.565640 0.337373 0.449063
v -0.579828 0.328000 0.466690
v -0.594015 0.337373 0.484317
v -0.599892 0.360000 0.491619
v -0.663834 0.360000 0.434026
v -0.657176 0.382627 0.427429
v -0.641102 0.392000 0.411503
v -0.625028 0.382627 0.395577
v -0.618370 0.360000 0.388981
v -0.625028 0.337373 0.395577
v -0.641102 0.328000 0.411503
v -0.657176 0.337373 0.427429
v -0.663834 0.360000 0.434026
v -0.719538 0.360000 0.370833
v -0.712150 0.382627 0.365065
v -0.694314 0.392000 0.351141
v -0.676478 0.382627 0.337217
v -0.669090 0.360000 0.331450
v -0.676478 0.337373 0.337217
v -0.694314 0.328000 0.351141
v -0.712150 0.337373 0.365065
v -0.719538 0.360000 0.370833
v -0.766255 0.360000 0.302793
v -0.758212 0.382627 0.297981
v -0.738794 0.392000 0.286363
v -0.719377 0.382627 0.274746
v -0.711334 0.360000 0.269933
v -0.719377 0.337373 0.274746
v -0.738794 0.328000 0.286363
v -0.758212 0.337373 0.297981
v -0.766255 0.360000 0.302793
v -0.803331 0.360000 0.230742
v -0.794736 0.382627 0.227006
v -0.773984 0.392000 0.217984
v -0.753233 0.382627 0.208963
v -0.744638 0.360000 0.205226
v -0.753233 0.337373 0.208963
v -0.773984 0.328000 0.217984
v -0.794736 0.337373 0.227006
v -0.803331 0.360000 0.230742
v -0.830227 0.360000 0.155594
v -0.821210 0.382627 0.153037
v -0.799441 0.392000 0.146864
v -0.777672 0.382627 0.140691
v -0.768655 0.360000 0.138134
v -0.777672 0.337373 0.140691
v -0.799441 0.328000 0.146864
v -0.821210 0.337373 0.153037
v -0.830227 0.360000 0.155594
v -0.846535 0.360000 0.078333
v -0.837253 0.382627 0.077034
v -0.814844 0.392000 0.073897
v -0.792435 0.382627 0.070760
v -0.783153 0.360000 0.069460
v -0.792435 0.337373 0.070760
v -0.814844 0.328000 0.073897
v -0.837253 0.337373 0.077034
v -0.846535 0.360000 0.078333
v -0.852000 0.360000 0.000000
v -0.842627 0.382627 0.000000
v -0.820000 0.392000 0.000000
v -0.797373 0.382627 0.000000
v -0.788000 0.360000 0.000000
v -0.797373 0.337373 0.000000
v -0.820000 0.328000 0.000000
v -0.842627 0.337373 0.000000
v -0.852000 0.360000 0.000000
v -0.846535 0.360000 -0.078333
v -0.837253 0.382627 -0.077034
v -0.814844 0.392000 -0.073897
v -0.792435 0.382627 -0.070760
v -0.783153 0.360000 -0.069460
v -0.792435 0.337373 -0.070760
v -0.814844 0.328000 -0.073897
v -0.837253 0.337373 -0.077034
v -0.846535 0.360000 -0.078333
v -0.830227 0.360000 -0.155594
v -0.821210 0.382627 -0.153037
v -0.799441 0.392000 -0.146864
v -0.777672 0.382627 -0.140691
v -0.768655 0.360000 -0.138134
v -0.777672 0.337373 -0.140691
v -0.799441 0.328000 -0.146864
v -0.821210 0.337373 -0.153037
v -0.830227 0.360000 -0.155594
v -0.803331 0.360000 -0.230742
v -0.794736 0.382627 -0.227006
v -0.773984 0.392000 -0.217984
v -0.753233 0.382627 -0.208963
v -0.744638 0.360000 -0.205226
v -0.753233 0.337373 -0.208963
v -0.773984 0.328000 -0.217984
v -0.794736 0.337373 -0.227006
v -0.803331 0.360000 -0.230742
v -0.766255 0.360000 -0.302793
v -0.758212 0.382627 -0.297981
v -0.738794 0.392000 -0.286363
v -0.719377 0.382627 -0.274746
v -0.711334 0.360000 -0.269933
v -0.719377 0.337373 -0.274746
v -0.738794 0.328000 -0.286363
v -0.758212 0.337373 -0.297981
v -0.766255 0.360000 -0.302793
v -0.719538 0.360000 -0.370833
v -0.712150 0.382627 -0.365065
v -0.694314 0.392000 -0.351141
v -0.676478 0.382627 -0.337217
v -0.669090 0.360000 -0.331450
v -0.676478 0.337373 -0.337217
v -0.694314 0.328000 -0.351141
v -0.712150 0.337373 -0.365065
v -0.719538 0.360000 -0.370833
v -0.663834 0.360000 -0.434026
v -0.657176 0.382627 -0.427429
v -0.641102 0.392000 -0.411503
v -0.625028 0.382627 -0.395577
v -0.618370 0.360000 -0.388981
v -0.625028 0.337373 -0.395577
v -0.641102 0.328000 -0.411503
v -0.657176 0.337373 -0.427429
v -0.663834 0.360000 -0.434026
v -0.599892 0.360000 -0.491619
v -0.594015 0.382627 -0.484317
v -0.579828 0.392000 -0.466690
v -0.565640 0.382627 -0.449063
v -0.559763 0.360000 -0.441762
v -0.565640 0.337373 -0.449063
v -0.579828 0.328000 -0.466690
v -0.594015 0.337373 -0.484317
v -0.599892 0.360000 -0.491619
v -0.528547 0.360000 -0.542939
v -0.523484 0.382627 -0.535051
v -0.511262 0.392000 -0.516009
v -0.499039 0.382627 -0.496967
v -0.493976 0.360000 -0.489079
v -0.499039 0.337373 -0.496967
v -0.511262 0.328000 -0.516009
v -0.523484 0.337373 -0.535051
v -0.528547 0.360000 -0.542939
v -0.450708 0.360000 -0.587394
v -0.446478 0.382627 -0.579030
v -0.436266 0.392000 -0.558838
v -0.426054 0.382627 -0.538646
v -0.421825 0.360000 -0.530282
v -0.426054 0.337373 -0.538646
v -0.436266 0.328000 -0.558838
v -0.446478 0.337373 -0.579030
v -0.450708 0.360000 -0.587394
v -0.367350 0.360000 -0.624476
v -0.363962 0.382627 -0.615737
v -0.355785 0.392000 -0.594639
v -0.347607 0.382627 -0.573541
v -0.344220 0.360000 -0.564802
v -0.347607 0.337373 -0.573541
v -0.355785 0.328000 -0.594639
v -0.363962 0.337373 -0.615737
v -0.367350 0.360000 -0.624476
v -0.279504 0.360000 -0.653765
v -0.276963 0.382627 -0.644743
v -0.270829 0.392000 -0.622963
v -0.264695 0.382627 -0.601183
v -0.262154 0.360000 -0.592161
v -0.264695 0.337373 -0.601183
v -0.270829 0.328000 -0.622963
v -0.276963 0.337373 -0.644743
v -0.279504 0.360000 -0.653765
v -0.188249 0.360000 -0.674926
v -0.186556 0.382627 -0.665707
v -0.182467 0.392000 -0.643452
v -0.178379 0.382627 -0.621197
v -0.176685 0.360000 -0.611979
v -0.178379 0.337373 -0.621197
v -0.182467 0.328000 -0.643452
v -0.186556 0.337373 -0.665707
v -0.188249 0.360000 -0.674926
v -0.094701 0.360000 -0.687719
v -0.093855 0.382627 -0.678385
v -0.091811 0.392000 -0.655850
v -0.089767 0.382627 -0.633315
v -0.088921 0.360000 -0.623981
v -0.089767 0.337373 -0.633315
v -0.091811 0.328000 -0.655850
v -0.093855 0.337373 -0.678385
v -0.094701 0.360000 -0.687719
v -0.000000 0.360000 -0.692000
v -0.000000 0.382627 -0.682627
v -0.000000 0.392000 -0.660000
v -0.000000 0.382627 -0.637373
v -0.000000 0.360000 -0.628000
v -0.000000 0.337373 -0.637373
v -0.000000 0.328000 -0.660000
v -0.000000 0.337373 -0.682627
v -0.000000 0.360000 -0.692000
v 0.094701 0.360000 -0.687719
v 0.093855 0.382627 -0.678385
v 0.091811 0.392000 -0.655850
v 0.089767 0.382627 -0.633315
v 0.088921 0.360000 -0.623981
v 0.089767 0.337373 -0.633315
v 0.091811 0.328000 -0.655850
v 0.093855 0.337373 -0.678385
v 0.094701 0.360000 -0.687719
v 0.188249 0.360000 -0.674926
v 0.186556 0.382627 -0.665707
v 0.182467 0.392000 -0.643452
v 0.178379 0.382627 -0.621197
v 0.176685 0.360000 -0.611979
v 0.178379 0.337373 -0.621197
v 0.182467 0.328000 -0.643452
v 0.186556 0.337373 -0.665707
v 0.188249 0.360000 -0.674926
v 0.279504 0.360000 -0.653765
v 0.276963 0.382627 -0.644743
v 0.270829 0.392000 -0.622963
v 0.264695 0.382627 -0.601183
v 0.262154 0.360000 -0.592161
v 0.264695 0.337373 -0.601183
v 0.270829 0.328000 -0.622963
v 0.276963 0.337373 -0.644743
v 0.279504 0.360000 -0.653765
v 0.367350 0.360000 -0.624476
v 0.363962 0.382627 -0.615737
v 0.355785 0.392000 -0.594639
v 0.347607 0.382627 -0.573541
v 0.344220 0.360000 -0.564802
v 0.347607 0.337373 -0.573541
v 0.355785 0.328000 -0.594639
v 0.363962 0.337373 -0.615737
v 0.367350 0.360000 -0.624476
v 0.450708 0.360000 -0.587394
v 0.446478 0.382627 -0.579030
v 0.436266 0.392000 -0.558838
v 0.426054 0.382627 -0.538646
v 0.421825 0.360000 -0.530282
v 0.426054 0.337373 -0.538646
v 0.436266 0.328000 -0.558838
v 0.446478 0.337373 -0.579030
v 0.450708 0.360000 -0.587394
v 0.528547 0.360000 -0.542939
v 0.523484 0.382627 -0.535051
v 0.511262 0.392000 -0.516009
v 0.499039 0.382627 -0.496967
v 0.493976 0.360000 -0.489079
v 0.499039 0.337373 -0.496967
v 0.511262 0.328000 -0.516009
v 0.523484 0.337373 -0.535051
v 0.528547 0.360000 -0.542939
v 0.599892 0.360000 -0.491619
v 0.594015 0.382627 -0.484317
v 0.579828 0.392000 -0.466690
v 0.565640 0.382627 -0.449063
v 0.559763 0.360000 -0.441762
v 0.565640 0.337373 -0.449063
v 0.579828 0.328000 -0.466690
v 0.594015 0.337373 -0.484317
v 0.599892 0.360000 -0.491619
v 0.663834 0.360000 -0.434026
v 0.657176 0.382627 -0.427429
v 0.641102 0.392000 -0.411503
v 0.625028 0.382627 -0.395577
v 0.618370 0.360000 -0.388981
v 0.625028 0.337373 -0.395577
v 0.641102 0.328000 -0.411503
v 0.657176 0.337373 -0.427429
v 0.663834 0.360000 -0.434026
v 0.719538 0.360000 -0.370833
v 0.712150 0.382627 -0.365065
v 0.694314 0.392000 -0.351141
v 0.676478 0.382627 -0.337217
v 0.669090 0.360000 -0.331450
v 0.676478 0.337373 -0.337217
v 0.694314 0.328000 -0.351141
v 0.712150 0.337373 -0.365065
v 0.719538 0.360000 -0.370833
v 0.766255 0.360000 -0.302793
v 0.758212 0.382627 -0.297981
v 0.738794 0.392000 -0.286363
v 0.719377 0.382627 -0.274746
v 0.711334 0.360000 -0.269933
v 0.719377 0.337373 -0.274746
v 0.738794 0.328000 -0.286363
v 0.758212 0.337373 -0.297981
v 0.766255 0.360000 -0.302793
v 0.803331 0.360000 -0.230742
v 0.794736 0.382627 -0.227006
v 0.773984 0.392000 -0.217984
v 0.753233 0.382627 -0.208963
v 0.744638 0.360000 -0.205226
v 0.753233 0.337373 -0.208963
v 0.773984 0.328000 -0.217984
v 0.794736 0.337373 -0.227006
v 0.803331 0.360000 -0.230742
v 0.830227 0.360000 -0.155594
v 0.821210 0.382627 -0.153037
v 0.799441 0.392000 -0.146864
v 0.777672 0.382627 -0.140691
v 0.768655 0.360000 -0.138134
v 0.777672 0.337373 -0.140691
v 0.799441 0.328000 -0.146864
v 0.821210 0.337373 -0.153037
v 0.830227 0.360000 -0.155594
v 0.846535 0.360000 -0.078333
v 0.837253 0.382627 -0.077034
v 0.814844 0.392000 -0.073897
v 0.792435 0.382627 -0.070760
v 0.783153 0.360000 -0.069460
v 0.792435 0.337373 -0.070760
v 0.814844 0.328000 -0.073897
v 0.837253 0.337373 -0.077034
v 0.846535 0.360000 -0.078333
v 0.852000 0.360000 -0.000000
v 0.842627 0.382627 -0.000000
v 0.820000 0.392000 -0.000000
v 0.797373 0.382627 -0.000000
v 0.788000 0.360000 -0.000000
v 0.797373 0.337373 -0.000000
v 0.820000 0.328000 -0.000000
v 0.842627 0.337373 -0.000000
v 0.852000 0.360000 -0.000000
v -0.340000 0.780000 0.800000
v -0.340000 0.780000 0.800000
v -0.340000 0.780000 0.800000
v -0.340000 0.780000 0.800000
v -0.340000 0.780000 0.800000
v -0.340000 0.780000 0.800000
v -0.340000 0.780000 0.800000
v -0.340000 0.780000 0.800000
v -0.340000 0.780000 0.800000
v -0.340000 0.780000 0.800000
v -0.340000 0.780000 0.800000
v -0.340000 0.780000 0.800000
v -0.340000 0.780000 0.800000
v -0.340000 0.780000 0.800000
v -0.340000 0.780000 0.800000
v -0.340000 0.780000 0.800000
v -0.340000 0.780000 0.800000
v -0.340000 0.780000 0.800000
v -0.340000 0.780000 0.800000
v -0.307553 0.774127 0.800000
v -0.309510 0.774127 0.804756
v -0.315144 0.774127 0.808938
v -0.323777 0.774127 0.812043
v -0.334366 0.774127 0.813695
v -0.345634 0.774127 0.813695
v -0.356223 0.774127 0.812043
v -0.364856 0.774127 0.808938
v -0.370490 0.774127 0.804756
v -0.372447 0.774127 0.800000
v -0.370490 0.774127 0.795244
v -0.364856 0.774127 0.791062
v -0.356223 0.774127 0.787957
v -0.345634 0.774127 0.786305
v -0.334366 0.774127 0.786305
v -0.323777 0.774127 0.787957
v -0.315144 0.774127 0.791062
v -0.309510 0.774127 0.795244
v -0.307553 0.774127 0.800000
v -0.278283 0.757082 0.800000
v -0.282005 0.757082 0.809047
v -0.292722 0.757082 0.817002
v -0.309141 0.757082 0.822907
v -0.329283 0.757082 0.826048
v -0.350717 0.757082 0.826048
v -0.370859 0.757082 0.822907
v -0.387278 0.757082 0.817002
v -0.397995 0.757082 0.809047
v -0.401717 0.757082 0.800000
v -0.397995 0.757082 0.790953
v -0.387278 0.757082 0.782998
v -0.370859 0.757082 0.777093
v -0.350717 0.757082 0.773952
v -0.329283 0.757082 0.773952
v -0.309141 0.757082 0.777093
v -0.292722 0.757082 0.782998
v -0.282005 0.757082 0.790953
v -0.278283 0.757082 0.800000
v -0.255053 0.730534 0.800000
v -0.260176 0.730534 0.812452
v -0.274927 0.730534 0.823401
v -0.297527 0.730534 0.831528
v -0.325249 0.730534 0.835853
v -0.354751 0.730534 0.835853
v -0.382473 0.730534 0.831528
v -0.405073 0.730534 0.823401
v -0.419824 0.730534 0.812452
v -0.424947 0.730534 0.800000
v -0.419824 0.730534 0.787548
v -0.405073 0.730534 0.776599
v -0.382473 0.730534 0.768472
v -0.354751 0.730534 0.764147
v -0.325249 0.730534 0.764147
v -0.297527 0.730534 0.768472
v -0.274927 0.730534 0.776599
v -0.260176 0.730534 0.787548
v -0.255053 0.730534 0.800000
v -0.240139 0.697082 0.800000
v -0.246161 0.697082 0.814638
v -0.263502 0.697082 0.827510
v -0.290070 0.697082 0.837064
v -0.322659 0.697082 0.842147
v -0.357341 0.697082 0.842147
v -0.389930 0.697082 0.837064
v -0.416498 0.697082 0.827510
v -0.433839 0.697082 0.814638
v -0.439861 0.697082 0.800000
v -0.433839 0.697082 0.785362
v -0.416498 0.697082 0.772490
v -0.389930 0.697082 0.762936
v -0.357341 0.697082 0.757853
v -0.322659 0.697082 0.757853
v -0.290070 0.697082 0.762936
v -0.263502 0.697082 0.772490
v -0.246161 0.697082 0.785362
v -0.240139 0.697082 0.800000
v -0.235000 0.660000 0.800000
v -0.241332 0.660000 0.815391
v -0.259565 0.660000 0.828925
v -0.287500 0.660000 0.838971
v -0.321767 0.660000 0.844316
v -0.358233 0.660000 0.844316
v -0.392500 0.660000 0.838971
v -0.420435 0.660000 0.828925
v -0.438668 0.660000 0.815391
v -0.445000 0.660000 0.800000
v -0.438668 0.660000 0.784609
v -0.420435 0.660000 0.771075
v -0.392500 0.660000 0.761029
v -0.358233 0.660000 0.755684
v -0.321767 0.660000 0.755684
v -0.287500 0.660000 0.761029
v -0.259565 0.660000 0.771075
v -0.241332 0.660000 0.784609
v -0.235000 0.660000 0.800000
v -0.240139 0.622918 0.800000
v -0.246161 0.622918 0.814638
v -0.263502 0.622918 0.827510
v -0.290070 0.622918 0.837064
v -0.322659 0.622918 0.842147
v -0.357341 0.622918 0.842147
v -0.389930 0.622918 0.837064
v -0.416498 0.622918 0.827510
v -0.433839 0.622918 0.814638
v -0.439861 0.622918 0.800000
v -0.433839 0.622918 0.785362
v -0.416498 0.622918 0.772490
v -0.389930 0.622918 0.762936
v -0.357341 0.622918 0.757853
v -0.322659 0.622918 0.757853
v -0.290070 0.622918 0.762936
v -0.263502 0.622918 0.772490
v -0.246161 0.622918 0.785362
v -0.240139 0.622918 0.800000
v -0.255053 0.589466 0.800000
v -0.260176 0.589466 0.812452
v -0.274927 0.589466 0.823401
v -0.297527 0.589466 0.831528
v -0.325249 0.589466 0.835853
v -0.354751 0.589466 0.835853
v -0.382473 0.589466 0.831528
v -0.405073 0.589466 0.823401
v -0.419824 0.589466 0.812452
v -0.424947 0.589466 0.800000
v -0.419824 0.589466 0.787548
v -0.405073 0.589466 0.776599
v -0.382473 0.589466 0.768472
v -0.354751 0.589466 0.764147
v -0.325249 0.589466 0.764147
v -0.297527 0.589466 0.768472
v -0.274927 0.589466 0.776599
v -0.260176 0.589466 0.787548
v -0.255053 0.589466 0.800000
v -0.278283 0.562918 0.800000
v -0.282005 0.562918 0.809047
v -0.292722 0.562918 0.817002
v -0.309141 0.562918 0.822907
v -0.329283 0.562918 0.826048
v -0.350717 0.562918 0.826048
v -0.370859 0.562918 0.822907
v -0.387278 0.562918 0.817002
v -0.397995 0.562918 0.809047
v -0.401717 0.562918 0.800000
v -0.397995 0.562918 0.790953
v -0.387278 0.562918 0.782998
v -0.370859 0.562918 0.777093
v -0.350717 0.562918 0.773952
v -0.329283 0.562918 0.773952
v -0.309141 0.562918 0.777093
v -0.292722 0.562918 0.782998
v -0.282005 0.562918 0.790953
v -0.278283 0.562918 0.800000
v -0.307553 0.545873 0.800000
v -0.309510 0.545873 0.804756
v -0.315144 0.545873 0.808938
v -0.323777 0.545873 0.812043
v -0.334366 0.545873 0.813695
v -0.345634 0.545873 0.813695
v -0.356223 0.545873 0.812043
v -0.364856 0.545873 0.808938
v -0.370490 0.545873 0.804756
v -0.372447 0.545873 0.800000
v -0.370490 0.545873 0.795244
v -0.364856 0.545873 0.791062
v -0.356223 0.545873 0.787957
v -0.345634 0.545873 0.786305
v -0.334366 0.545873 0.786305
v -0.323777 0.545873 0.787957
v -0.315144 0.545873 0.791062
v -0.309510 0.545873 0.795244
v -0.307553 0.545873 0.800000
v -0.340000 0.540000 0.800000
v -0.340000 0.540000 0.800000
v -0.340000 0.540000 0.800000
v -0.340000 0.540000 0.800000
v -0.340000 0.540000 0.800000
v -0.340000 0.540000 0.800000
v -0.340000 0.540000 0.800000
v -0.340000 0.540000 0.800000
v -0.340000 0.540000 0.800000
v -0.340000 0.540000 0.800000
v -0.340000 0.540000 0.800000
v -0.340000 0.540000 0.800000
v -0.340000 0.540000 0.800000
v -0.340000 0.540000 0.800000
v -0.340000 0.540000 0.800000
v -0.340000 0.540000 0.800000
v -0.340000 0.540000 0.800000
v -0.340000 0.540000 0.800000
v -0.340000 0.540000 0.800000
v 0.340000 0.780000 0.800000
v 0.340000 0.780000 0.800000
v 0.340000 0.780000 0.800000
v 0.340000 0.780000 0.800000
v 0.340000 0.780000 0.800000
v 0.340000 0.780000 0.800000
v 0.340000 0.780000 0.800000
v 0.340000 0.780000 0.800000
v 0.340000 0.780000 0.800000
v 0.340000 0.780000 0.800000
v 0.340000 0.780000 0.800000
v 0.340000 0.780000 0.800000
v 0.340000 0.780000 0.800000
v 0.340000 0.780000 0.800000
v 0.340000 0.780000 0.800000
v 0.340000 0.780000 0.800000
v 0.340000 0.780000 0.800000
v 0.340000 0.780000 0.800000
v 0.340000 0.780000 0.800000
v 0.372447 0.774127 0.800000
v 0.370490 0.774127 0.804756
v 0.364856 0.774127 0.808938
v 0.356223 0.774127 0.812043
v 0.345634 0.774127 0.813695
v 0.334366 0.774127 0.813695
v 0.323777 0.774127 0.812043
v 0.315144 0.774127 0.808938
v 0.309510 0.774127 0.804756
v 0.307553 0.774127 0.800000
v 0.309510 0.774127 0.795244
v 0.315144 0.774127 0.791062
v 0.323777 0.774127 0.787957
v 0.334366 0.774127 0.786305
v 0.345634 0.774127 0.786305
v 0.356223 0.774127 0.787957
v 0.364856 0.774127 0.791062
v 0.370490 0.774127 0.795244
v 0.372447 0.774127 0.800000
v 0.401717 0.757082 0.800000
v 0.397995 0.757082 0.809047
v 0.387278 0.757082 0.817002
v 0.370859 0.757082 0.822907
v 0.350717 0.757082 0.826048
v 0.329283 0.757082 0.826048
v 0.309141 0.757082 0.822907
v 0.292722 0.757082 0.817002
v 0.282005 0.757082 0.809047
v 0.278283 0.757082 0.800000
v 0.282005 0.757082 0.790953
v 0.292722 0.757082 0.782998
v 0.309141 0.757082 0.777093
v 0.329283 0.757082 0.773952
v 0.350717 0.757082 0.773952
v 0.370859 0.757082 0.777093
v 0.387278 0.757082 0.782998
v 0.397995 0.757082 0.790953
v 0.401717 0.757082 0.800000
v 0.424947 0.730534 0.800000
v 0.419824 0.730534 0.812452
v 0.405073 0.730534 0.823401
v 0.382473 0.730534 0.831528
v 0.354751 0.730534 0.835853
v 0.325249 0.730534 0.835853
v 0.297527 0.730534 0.831528
v 0.274927 0.730534 0.823401
v 0.260176 0.730534 0.812452
v 0.255053 0.730534 0.800000
v 0.260176 0.730534 0.787548
v 0.274927 0.730534 0.776599
v 0.297527 0.730534 0.768472
v 0.325249 0.730534 0.764147
v 0.354751 0.730534 0.764147
v 0.382473 0.730534 0.768472
v 0.405073 0.730534 0.776599
v 0.419824 0.730534 0.787548
v 0.424947 0.730534 0.800000
v 0.439861 0.697082 0.800000
v 0.433839 0.697082 0.814638
v 0.416498 0.697082 0.827510
v 0.389930 0.697082 0.837064
v 0.357341 0.697082 0.842147
v 0.322659 0.697082 0.842147
v 0.290070 0.697082 0.837064
v 0.263502 0.697082 0.827510
v 0.246161 0.697082 0.814638
v 0.240139 0.697082 0.800000
v 0.246161 0.697082 0.785362
v 0.263502 0.697082 0.772490
v 0.290070 0.697082 0.762936
v 0.322659 0.697082 0.757853
v 0.357341 0.697082 0.757853
v 0.389930 0.697082 0.762936
v 0.416498 0.697082 0.772490
v 0.433839 0.697082 0.785362
v 0.439861 0.697082 0.800000
v 0.445000 0.660000 0.800000
v 0.438668 0.660000 0.815391
v 0.420435 0.660000 0.828925
v 0.392500 0.660000 0.838971
v 0.358233 0.660000 0.844316
v 0.321767 0.660000 0.844316
v 0.287500 0.660000 0.838971
v 0.259565 0.660000 0.828925
v 0.241332 0.660000 0.815391
v 0.235000 0.660000 0.800000
v 0.241332 0.660000 0.784609
v 0.259565 0.660000 0.771075
v 0.287500 0.660000 0.761029
v 0.321767 0.660000 0.755684
v 0.358233 0.660000 0.755684
v 0.392500 0.660000 0.761029
v 0.420435 0.660000 0.771075
v 0.438668 0.660000 0.784609
v 0.445000 0.660000 0.800000
v 0.439861 0.622918 0.800000
v 0.433839 0.622918 0.814638
v 0.416498 0.622918 0.827510
v 0.389930 0.622918 0.837064
v 0.357341 0.622918 0.842147
v 0.322659 0.622918 0.842147
v 0.290070 0.622918 0.837064
v 0.263502 0.622918 0.827510
v 0.246161 0.622918 0.814638
v 0.240139 0.622918 0.800000
v 0.246161 0.622918 0.785362
v 0.263502 0.622918 0.772490
v 0.290070 0.622918 0.762936
v 0.322659 0.622918 0.757853
v 0.357341 0.622918 0.757853
v 0.389930 0.622918 0.762936
v 0.416498 0.622918 0.772490
v 0.433839 0.622918 0.785362
v 0.439861 0.622918 0.800000
v 0.424947 0.589466 0.800000
v 0.419824 0.589466 0.812452
v 0.405073 0.589466 0.823401
v 0.382473 0.589466 0.831528
v 0.354751 0.589466 0.835853
v 0.325249 0.589466 0.835853
v 0.297527 0.589466 0.831528
v 0.274927 0.589466 0.823401
v 0.260176 0.589466 0.812452
v 0.255053 0.589466 0.800000
v 0.260176 0.589466 0.787548
v 0.274927 0.589466 0.776599
v 0.297527 0.589466 0.768472
v 0.325249 0.589466 0.764147
v 0.354751 0.589466 0.764147
v 0.382473 0.589466 0.768472
v 0.405073 0.589466 0.776599
v 0.419824 0.589466 0.787548
v 0.424947 0.589466 0.800000
v 0.401717 0.562918 0.800000
v 0.397995 0.562918 0.809047
v 0.387278 0.562918 0.817002
v 0.370859 0.562918 0.822907
v 0.350717 0.562918 0.826048
v 0.329283 0.562918 0.826048
v 0.309141 0.562918 0.822907
v 0.292722 0.562918 0.817002
v 0.282005 0.562918 0.809047
v 0.278283 0.562918 0.800000
v 0.282005 0.562918 0.790953
v 0.292722 0.562918 0.782998
v 0.309141 0.562918 0.777093
v 0.329283 0.562918 0.773952
v 0.350717 0.562918 0.773952
v 0.370859 0.562918 0.777093
v 0.387278 0.562918 0.782998
v 0.397995 0.562918 0.790953
v 0.401717 0.562918 0.800000
v 0.372447 0.545873 0.800000
v 0.370490 0.545873 0.804756
v 0.364856 0.545873 0.808938
v 0.356223 0.545873 0.812043
v 0.345634 0.545873 0.813695
v 0.334366 0.545873 0.813695
v 0.323777 0.545873 0.812043
v 0.315144 0.545873 0.808938
v 0.309510 0.545873 0.804756
v 0.307553 0.545873 0.800000
v 0.309510 0.545873 0.795244
v 0.315144 0.545873 0.791062
v 0.323777 0.545873 0.787957
v 0.334366 0.545873 0.786305
v 0.345634 0.545873 0.786305
v 0.356223 0.545873 0.787957
v 0.364856 0.545873 0.791062
v 0.370490 0.545873 0.795244
v 0.372447 0.545873 0.800000
v 0.340000 0.540000 0.800000
v 0.340000 0.540000 0.800000
v 0.340000 0.540000 0.800000
v 0.340000 0.540000 0.800000
v 0.340000 0.540000 0.800000
v 0.340000 0.540000 0.800000
v 0.340000 0.540000 0.800000
v 0.340000 0.540000 0.800000
v 0.340000 0.540000 0.800000
v 0.340000 0.540000 0.800000
v 0.340000 0.540000 0.800000
v 0.340000 0.540000 0.800000
v 0.340000 0.540000 0.800000
v 0.340000 0.540000 0.800000
v 0.340000 0.540000 0.800000
v 0.340000 0.540000 0.800000
v 0.340000 0.540000 0.800000
v 0.340000 0.540000 0.800000
v 0.340000 0.540000 0.800000
v -0.375000 0.740000 0.835000
v -0.375000 0.740000 0.835000
v -0.375000 0.740000 0.835000
v -0.375000 0.740000 0.835000
v -0.375000 0.740000 0.835000
v -0.375000 0.740000 0.835000
v -0.375000 0.740000 0.835000
v -0.375000 0.740000 0.835000
v -0.375000 0.740000 0.835000
v -0.375000 0.740000 0.835000
v -0.375000 0.740000 0.835000
v -0.375000 0.740000 0.835000
v -0.375000 0.740000 0.835000
v -0.362000 0.735981 0.835000
v -0.363742 0.735981 0.838000
v -0.368500 0.735981 0.840196
v -0.375000 0.735981 0.841000
v -0.381500 0.735981 0.840196
v -0.386258 0.735981 0.838000
v -0.388000 0.735981 0.835000
v -0.386258 0.735981 0.832000
v -0.381500 0.735981 0.829804
v -0.375000 0.735981 0.829000
v -0.368500 0.735981 0.829804
v -0.363742 0.735981 0.832000
v -0.362000 0.735981 0.835000
v -0.352483 0.725000 0.835000
v -0.355500 0.725000 0.840196
v -0.363742 0.725000 0.844000
v -0.375000 0.725000 0.845392
v -0.386258 0.725000 0.844000
v -0.394500 0.725000 0.840196
v -0.397517 0.725000 0.835000
v -0.394500 0.725000 0.829804
v -0.386258 0.725000 0.826000
v -0.375000 0.725000 0.824608
v -0.363742 0.725000 0.826000
v -0.355500 0.725000 0.829804
v -0.352483 0.725000 0.835000
v -0.349000 0.710000 0.835000
v -0.352483 0.710000 0.841000
v -0.362000 0.710000 0.845392
v -0.375000 0.710000 0.847000
v -0.388000 0.710000 0.845392
v -0.397517 0.710000 0.841000
v -0.401000 0.710000 0.835000
v -0.397517 0.710000 0.829000
v -0.388000 0.710000 0.824608
v -0.375000 0.710000 0.823000
v -0.362000 0.710000 0.824608
v -0.352483 0.710000 0.829000
v -0.349000 0.710000 0.835000
v -0.352483 0.695000 0.835000
v -0.355500 0.695000 0.840196
v -0.363742 0.695000 0.844000
v -0.375000 0.695000 0.845392
v -0.386258 0.695000 0.844000
v -0.394500 0.695000 0.840196
v -0.397517 0.695000 0.835000
v -0.394500 0.695000 0.829804
v -0.386258 0.695000 0.826000
v -0.375000 0.695000 0.824608
v -0.363742 0.695000 0.826000
v -0.355500 0.695000 0.829804
v -0.352483 0.695000 0.835000
v -0.362000 0.684019 0.835000
v -0.363742 0.684019 0.838000
v -0.368500 0.684019 0.840196
v -0.375000 0.684019 0.841000
v -0.381500 0.684019 0.840196
v -0.386258 0.684019 0.838000
v -0.388000 0.684019 0.835000
v -0.386258 0.684019 0.832000
v -0.381500 0.684019 0.829804
v -0.375000 0.684019 0.829000
v -0.368500 0.684019 0.829804
v -0.363742 0.684019 0.832000
v -0.362000 0.684019 0.835000
v -0.375000 0.680000 0.835000
v -0.375000 0.680000 0.835000
v -0.375000 0.680000 0.835000
v -0.375000 0.680000 0.835000
v -0.375000 0.680000 0.835000
v -0.375000 0.680000 0.835000
v -0.375000 0.680000 0.835000
v -0.375000 0.680000 0.835000
v -0.375000 0.680000 0.835000
v -0.375000 0.680000 0.835000
v -0.375000 0.680000 0.835000
v -0.375000 0.680000 0.835000
v -0.375000 0.680000 0.835000
v 0.305000 0.740000 0.835000
v 0.305000 0.740000 0.835000
v 0.305000 0.740000 0.835000
v 0.305000 0.740000 0.835000
v 0.305000 0.740000 0.835000
v 0.305000 0.740000 0.835000
v 0.305000 0.740000 0.835000
v 0.305000 0.740000 0.835000
v 0.305000 0.740000 0.835000
v 0.305000 0.740000 0.835000
v 0.305000 0.740000 0.835000
v 0.305000 0.740000 0.835000
v 0.305000 0.740000 0.835000
v 0.318000 0.735981 0.835000
v 0.316258 0.735981 0.838000
v 0.311500 0.735981 0.840196
v 0.305000 0.735981 0.841000
v 0.298500 0.735981 0.840196
v 0.293742 0.735981 0.838000
v 0.292000 0.735981 0.835000
v 0.293742 0.735981 0.832000
v 0.298500 0.735981 0.829804
v 0.305000 0.735981 0.829000
v 0.311500 0.735981 0.829804
v 0.316258 0.735981 0.832000
v 0.318000 0.735981 0.835000
v 0.327517 0.725000 0.835000
v 0.324500 0.725000 0.840196
v 0.316258 0.725000 0.844000
v 0.305000 0.725000 0.845392
v 0.293742 0.725000 0.844000
v 0.285500 0.725000 0.840196
v 0.282483 0.725000 0.835000
v 0.285500 0.725000 0.829804
v 0.293742 0.725000 0.826000
v 0.305000 0.725000 0.824608
v 0.316258 0.725000 0.826000
v 0.324500 0.725000 0.829804
v 0.327517 0.725000 0.835000
v 0.331000 0.710000 0.835000
v 0.327517 0.710000 0.841000
v 0.318000 0.710000 0.845392
v 0.305000 0.710000 0.847000
v 0.292000 0.710000 0.845392
v 0.282483 0.710000 0.841000
v 0.279000 0.710000 0.835000
v 0.282483 0.710000 0.829000
v 0.292000 0.710000 0.824608
v 0.305000 0.710000 0.823000
v 0.318000 0.710000 0.824608
v 0.327517 0.710000 0.829000
v 0.331000 0.710000 0.835000
v 0.327517 0.695000 0.835000
v 0.324500 0.695000 0.840196
v 0.316258 0.695000 0.844000
v 0.305000 0.695000 0.845392
v 0.293742 0.695000 0.844000
v 0.285500 0.695000 0.840196
v 0.282483 0.695000 0.835000
v 0.285500 0.695000 0.829804
v 0.293742 0.695000 0.826000
v 0.305000 0.695000 0.824608
v 0.316258 0.695000 0.826000
v 0.324500 0.695000 0.829804
v 0.327517 0.695000 0.835000
v 0.318000 0.684019 0.835000
v 0.316258 0.684019 0.838000
v 0.311500 0.684019 0.840196
v 0.305000 0.684019 0.841000
v 0.298500 0.684019 0.840196
v 0.293742 0.684019 0.838000
v 0.292000 0.684019 0.835000
v 0.293742 0.684019 0.832000
v 0.298500 0.684019 0.829804
v 0.305000 0.684019 0.829000
v 0.311500 0.684019 0.829804
v 0.316258 0.684019 0.832000
v 0.318000 0.684019 0.835000
v 0.305000 0.680000 0.835000
v 0.305000 0.680000 0.835000
v 0.305000 0.680000 0.835000
v 0.305000 0.680000 0.835000
v 0.305000 0.680000 0.835000
v 0.305000 0.680000 0.835000
v 0.305000 0.680000 0.835000
v 0.305000 0.680000 0.835000
v 0.305000 0.680000 0.835000
v 0.305000 0.680000 0.835000
v 0.305000 0.680000 0.835000
v 0.305000 0.680000 0.835000
v 0.305000 0.680000 0.835000
v -0.550000 0.535000 0.800000
v -0.550000 0.535000 0.800000
v -0.550000 0.535000 0.800000
v -0.550000 0.535000 0.800000
v -0.550000 0.535000 0.800000
v -0.550000 0.535000 0.800000
v -0.550000 0.535000 0.800000
v -0.550000 0.535000 0.800000
v -0.550000 0.535000 0.800000
v -0.550000 0.535000 0.800000
v -0.550000 0.535000 0.800000
v -0.550000 0.535000 0.800000
v -0.550000 0.535000 0.800000
v -0.507500 0.530311 0.800000
v -0.513194 0.530311 0.804500
v -0.528750 0.530311 0.807794
v -0.550000 0.530311 0.809000
v -0.571250 0.530311 0.807794
v -0.586806 0.530311 0.804500
v -0.592500 0.530311 0.800000
v -0.586806 0.530311 0.795500
v -0.571250 0.530311 0.792206
v -0.550000 0.530311 0.791000
v -0.528750 0.530311 0.792206
v -0.513194 0.530311 0.795500
v -0.507500 0.530311 0.800000
v -0.476388 0.517500 0.800000
v -0.486250 0.517500 0.807794
v -0.513194 0.517500 0.813500
v -0.550000 0.517500 0.815588
v -0.586806 0.517500 0.813500
v -0.613750 0.517500 0.807794
v -0.623612 0.517500 0.800000
v -0.613750 0.517500 0.792206
v -0.586806 0.517500 0.786500
v -0.550000 0.517500 0.784412
v -0.513194 0.517500 0.786500
v -0.486250 0.517500 0.792206
v -0.476388 0.517500 0.800000
v -0.465000 0.500000 0.800000
v -0.476388 0.500000 0.809000
v -0.507500 0.500000 0.815588
v -0.550000 0.500000 0.818000
v -0.592500 0.500000 0.815588
v -0.623612 0.500000 0.809000
v -0.635000 0.500000 0.800000
v -0.623612 0.500000 0.791000
v -0.592500 0.500000 0.784412
v -0.550000 0.500000 0.782000
v -0.507500 0.500000 0.784412
v -0.476388 0.500000 0.791000
v -0.465000 0.500000 0.800000
v -0.476388 0.482500 0.800000
v -0.486250 0.482500 0.807794
v -0.513194 0.482500 0.813500
v -0.550000 0.482500 0.815588
v -0.586806 0.482500 0.813500
v -0.613750 0.482500 0.807794
v -0.623612 0.482500 0.800000
v -0.613750 0.482500 0.792206
v -0.586806 0.482500 0.786500
v -0.550000 0.482500 0.784412
v -0.513194 0.482500 0.786500
v -0.486250 0.482500 0.792206
v -0.476388 0.482500 0.800000
v -0.507500 0.469689 0.800000
v -0.513194 0.469689 0.804500
v -0.528750 0.469689 0.807794
v -0.550000 0.469689 0.809000
v -0.571250 0.469689 0.807794
v -0.586806 0.469689 0.804500
v -0.592500 0.469689 0.800000
v -0.586806 0.469689 0.795500
v -0.571250 0.469689 0.792206
v -0.550000 0.469689 0.791000
v -0.528750 0.469689 0.792206
v -0.513194 0.469689 0.795500
v -0.507500 0.469689 0.800000
v -0.550000 0.465000 0.800000
v -0.550000 0.465000 0.800000
v -0.550000 0.465000 0.800000
v -0.550000 0.465000 0.800000
v -0.550000 0.465000 0.800000
v -0.550000 0.465000 0.800000
v -0.550000 0.465000 0.800000
v -0.550000 0.465000 0.800000
v -0.550000 0.465000 0.800000
v -0.550000 0.465000 0.800000
v -0.550000 0.465000 0.800000
v -0.550000 0.465000 0.800000
v -0.550000 0.465000 0.800000
v 0.550000 0.535000 0.800000
v 0.550000 0.535000 0.800000
v 0.550000 0.535000 0.800000
v 0.550000 0.535000 0.800000
v 0.550000 0.535000 0.800000
v 0.550000 0.535000 0.800000
v 0.550000 0.535000 0.800000
v 0.550000 0.535000 0.800000
v 0.550000 0.535000 0.800000
v 0.550000 0.535000 0.800000
v 0.550000 0.535000 0.800000
v 0.550000 0.535000 0.800000
v 0.550000 0.535000 0.800000
v 0.592500 0.530311 0.800000
v 0.586806 0.530311 0.804500
v 0.571250 0.530311 0.807794
v 0.550000 0.530311 0.809000
v 0.528750 0.530311 0.807794
v 0.513194 0.530311 0.804500
v 0.507500 0.530311 0.800000
v 0.513194 0.530311 0.795500
v 0.528750 0.530311 0.792206
v 0.550000 0.530311 0.791000
v 0.571250 0.530311 0.792206
v 0.586806 0.530311 0.795500
v 0.592500 0.530311 0.800000
v 0.623612 0.517500 0.800000
v 0.613750 0.517500 0.807794
v 0.586806 0.517500 0.813500
v 0.550000 0.517500 0.815588
v 0.513194 0.517500 0.813500
v 0.486250 0.517500 0.807794
v 0.476388 0.517500 0.800000
v 0.486250 0.517500 0.792206
v 0.513194 0.517500 0.786500
v 0.550000 0.517500 0.784412
v 0.586806 0.517500 0.786500
v 0.613750 0.517500 0.792206
v 0.623612 0.517500 0.800000
v 0.635000 0.500000 0.800000
v 0.623612 0.500000 0.809000
v 0.592500 0.500000 0.815588
v 0.550000 0.500000 0.818000
v 0.507500 0.500000 0.815588
v 0.476388 0.500000 0.809000
v 0.465000 0.500000 0.800000
v 0.476388 0.500000 0.791000
v 0.507500 0.500000 0.784412
v 0.550000 0.500000 0.782000
v 0.592500 0.500000 0.784412
v 0.623612 0.500000 0.791000
v 0.635000 0.500000 0.800000
v 0.623612 0.482500 0.800000
v 0.613750 0.482500 0.807794
v 0.586806 0.482500 0.813500
v 0.550000 0.482500 0.815588
v 0.513194 0.482500 0.813500
v 0.486250 0.482500 0.807794
v 0.476388 0.482500 0.800000
v 0.486250 0.482500 0.792206
v 0.513194 0.482500 0.786500
v 0.550000 0.482500 0.784412
v 0.586806 0.482500 0.786500
v 0.613750 0.482500 0.792206
v 0.623612 0.482500 0.800000
v 0.592500 0.469689 0.800000
v 0.586806 0.469689 0.804500
v 0.571250 0.469689 0.807794
v 0.550000 0.469689 0.809000
v 0.528750 0.469689 0.807794
v 0.513194 0.469689 0.804500
v 0.507500 0.469689 0.800000
v 0.513194 0.469689 0.795500
v 0.528750 0.469689 0.792206
v 0.550000 0.469689 0.791000
v 0.571250 0.469689 0.792206
v 0.586806 0.469689 0.795500
v 0.592500 0.469689 0.800000
v 0.550000 0.465000 0.800000
v 0.550000 0.465000 0.800000
v 0.550000 0.465000 0.800000
v 0.550000 0.465000 0.800000
v 0.550000 0.465000 0.800000
v 0.550000 0.465000 0.800000
v 0.550000 0.465000 0.800000
v 0.550000 0.465000 0.800000
v 0.550000 0.465000 0.800000
v 0.550000 0.465000 0.800000
v 0.550000 0.465000 0.800000
v 0.550000 0.465000 0.800000
v 0.550000 0.465000 0.800000
v 0.000000 0.519500 0.898000
v -0.170000 0.229500 0.898000
v 0.170000 0.229500 0.898000
v -0.880000 0.600000 0.380000
v -0.880000 0.600000 0.380000
v -0.880000 0.600000 0.380000
v -0.880000 0.600000 0.380000
v -0.880000 0.600000 0.380000
v -0.880000 0.600000 0.380000
v -0.880000 0.600000 0.380000
v -0.880000 0.600000 0.380000
v -0.880000 0.600000 0.380000
v -0.880000 0.600000 0.380000
v -0.880000 0.600000 0.380000
v -0.880000 0.600000 0.380000
v -0.880000 0.600000 0.380000
v -0.880000 0.600000 0.380000
v -0.880000 0.600000 0.380000
v -0.880000 0.600000 0.380000
v -0.880000 0.600000 0.380000
v -0.880000 0.600000 0.380000
v -0.880000 0.600000 0.380000
v -0.824377 0.593637 0.380000
v -0.827731 0.593637 0.395854
v -0.837390 0.593637 0.409795
v -0.852188 0.593637 0.420142
v -0.870341 0.593637 0.425648
v -0.889659 0.593637 0.425648
v -0.907812 0.593637 0.420142
v -0.922610 0.593637 0.409795
v -0.932269 0.593637 0.395854
v -0.935623 0.593637 0.380000
v -0.932269 0.593637 0.364146
v -0.922610 0.593637 0.350205
v -0.907812 0.593637 0.339858
v -0.889659 0.593637 0.334352
v -0.870341 0.593637 0.334352
v -0.852188 0.593637 0.339858
v -0.837390 0.593637 0.350205
v -0.827731 0.593637 0.364146
v -0.824377 0.593637 0.380000
v -0.774199 0.575172 0.380000
v -0.780579 0.575172 0.410155
v -0.798951 0.575172 0.436673
v -0.827099 0.575172 0.456356
v -0.861628 0.575172 0.466828
v -0.898372 0.575172 0.466828
v -0.932901 0.575172 0.456356
v -0.961049 0.575172 0.436673
v -0.979421 0.575172 0.410155
v -0.985801 0.575172 0.380000
v -0.979421 0.575172 0.349845
v -0.961049 0.575172 0.323327
v -0.932901 0.575172 0.303644
v -0.898372 0.575172 0.293172
v -0.861628 0.575172 0.293172
v -0.827099 0.575172 0.303644
v -0.798951 0.575172 0.323327
v -0.780579 0.575172 0.349845
v -0.774199 0.575172 0.380000
v -0.734377 0.546412 0.380000
v -0.743159 0.546412 0.421505
v -0.768446 0.546412 0.458004
v -0.807188 0.546412 0.485094
v -0.854713 0.546412 0.499509
v -0.905287 0.546412 0.499509
v -0.952812 0.546412 0.485094
v -0.991554 0.546412 0.458004
v -1.016841 0.546412 0.421505
v -1.025623 0.546412 0.380000
v -1.016841 0.546412 0.338495
v -0.991554 0.546412 0.301996
v -0.952812 0.546412 0.274906
v -0.905287 0.546412 0.260491
v -0.854713 0.546412 0.260491
v -0.807188 0.546412 0.274906
v -0.768446 0.546412 0.301996
v -0.743159 0.546412 0.338495
v -0.734377 0.546412 0.380000
v -0.708810 0.510172 0.380000
v -0.719134 0.510172 0.428792
v -0.748861 0.510172 0.471699
v -0.794405 0.510172 0.503546
v -0.850273 0.510172 0.520491
v -0.909727 0.510172 0.520491
v -0.965595 0.510172 0.503546
v -1.011139 0.510172 0.471699
v -1.040866 0.510172 0.428792
v -1.051190 0.510172 0.380000
v -1.040866 0.510172 0.331208
v -1.011139 0.510172 0.288301
v -0.965595 0.510172 0.256454
v -0.909727 0.510172 0.239509
v -0.850273 0.510172 0.239509
v -0.794405 0.510172 0.256454
v -0.748861 0.510172 0.288301
v -0.719134 0.510172 0.331208
v -0.708810 0.510172 0.380000
v -0.700000 0.470000 0.380000
v -0.710855 0.470000 0.431303
v -0.742112 0.470000 0.476418
v -0.790000 0.470000 0.509904
v -0.848743 0.470000 0.527721
v -0.911257 0.470000 0.527721
v -0.970000 0.470000 0.509904
v -1.017888 0.470000 0.476418
v -1.049145 0.470000 0.431303
v -1.060000 0.470000 0.380000
v -1.049145 0.470000 0.328697
v -1.017888 0.470000 0.283582
v -0.970000 0.470000 0.250096
v -0.911257 0.470000 0.232279
v -0.848743 0.470000 0.232279
v -0.790000 0.470000 0.250096
v -0.742112 0.470000 0.283582
v -0.710855 0.470000 0.328697
v -0.700000 0.470000 0.380000
v -0.708810 0.429828 0.380000
v -0.719134 0.429828 0.428792
v -0.748861 0.429828 0.471699
v -0.794405 0.429828 0.503546
v -0.850273 0.429828 0.520491
v -0.909727 0.429828 0.520491
v -0.965595 0.429828 0.503546
v -1.011139 0.429828 0.471699
v -1.040866 0.429828 0.428792
v -1.051190 0.429828 0.380000
v -1.040866 0.429828 0.331208
v -1.011139 0.429828 0.288301
v -0.965595 0.429828 0.256454
v -0.909727 0.429828 0.239509
v -0.850273 0.429828 0.239509
v -0.794405 0.429828 0.256454
v -0.748861 0.429828 0.288301
v -0.719134 0.429828 0.331208
v -0.708810 0.429828 0.380000
v -0.734377 0.393588 0.380000
v -0.743159 0.393588 0.421505
v -0.768446 0.393588 0.458004
v -0.807188 0.393588 0.485094
v -0.854713 0.393588 0.499509
v -0.905287 0.393588 0.499509
v -0.952812 0.393588 0.485094
v -0.991554 0.393588 0.458004
v -1.016841 0.393588 0.421505
v -1.025623 0.393588 0.380000
v -1.016841 0.393588 0.338495
v -0.991554 0.393588 0.301996
v -0.952812 0.393588 0.274906
v -0.905287 0.393588 0.260491
v -0.854713 0.393588 0.260491
v -0.807188 0.393588 0.274906
v -0.768446 0.393588 0.301996
v -0.743159 0.393588 0.338495
v -0.734377 0.393588 0.380000
v -0.774199 0.364828 0.380000
v -0.780579 0.364828 0.410155
v -0.798951 0.364828 0.436673
v -0.827099 0.364828 0.456356
v -0.861628 0.364828 0.466828
v -0.898372 0.364828 0.466828
v -0.932901 0.364828 0.456356
v -0.961049 0.364828 0.436673
v -0.979421 0.364828 0.410155
v -0.985801 0.364828 0.380000
v -0.979421 0.364828 0.349845
v -0.961049 0.364828 0.323327
v -0.932901 0.364828 0.303644
v -0.898372 0.364828 0.293172
v -0.861628 0.364828 0.293172
v -0.827099 0.364828 0.303644
v -0.798951 0.364828 0.323327
v -0.780579 0.364828 0.349845
v -0.774199 0.364828 0.380000
v -0.824377 0.346363 0.380000
v -0.827731 0.346363 0.395854
v -0.837390 0.346363 0.409795
v -0.852188 0.346363 0.420142
v -0.870341 0.346363 0.425648
v -0.889659 0.346363 0.425648
v -0.907812 0.346363 0.420142
v -0.922610 0.346363 0.409795
v -0.932269 0.346363 0.395854
v -0.935623 0.346363 0.380000
v -0.932269 0.346363 0.364146
v -0.922610 0.346363 0.350205
v -0.907812 0.346363 0.339858
v -0.889659 0.346363 0.334352
v -0.870341 0.346363 0.334352
v -0.852188 0.346363 0.339858
v -0.837390 0.346363 0.350205
v -0.827731 0.346363 0.364146
v -0.824377 0.346363 0.380000
v -0.880000 0.340000 0.380000
v -0.880000 0.340000 0.380000
v -0.880000 0.340000 0.380000
v -0.880000 0.340000 0.380000
v -0.880000 0.340000 0.380000
v -0.880000 0.340000 0.380000
v -0.880000 0.340000 0.380000
v -0.880000 0.340000 0.380000
v -0.880000 0.340000 0.380000
v -0.880000 0.340000 0.380000
v -0.880000 0.340000 0.380000
v -0.880000 0.340000 0.380000
v -0.880000 0.340000 0.380000
v -0.880000 0.340000 0.380000
v -0.880000 0.340000 0.380000
v -0.880000 0.340000 0.380000
v -0.880000 0.340000 0.380000
v -0.880000 0.340000 0.380000
v -0.880000 0.340000 0.380000
v 0.880000 0.600000 0.380000
v 0.880000 0.600000 0.380000
v 0.880000 0.600000 0.380000
v 0.880000 0.600000 0.380000
v 0.880000 0.600000 0.380000
v 0.880000 0.600000 0.380000
v 0.880000 0.600000 0.380000
v 0.880000 0.600000 0.380000
v 0.880000 0.600000 0.380000
v 0.880000 0.600000 0.380000
v 0.880000 0.600000 0.380000
v 0.880000 0.600000 0.380000
v 0.880000 0.600000 0.380000
v 0.880000 0.600000 0.380000
v 0.880000 0.600000 0.380000
v 0.880000 0.600000 0.380000
v 0.880000 0.600000 0.380000
v 0.880000 0.600000 0.380000
v 0.880000 0.600000 0.380000
v 0.935623 0.593637 0.380000
v 0.932269 0.593637 0.395854
v 0.922610 0.593637 0.409795
v 0.907812 0.593637 0.420142
v 0.889659 0.593637 0.425648
v 0.870341 0.593637 0.425648
v 0.852188 0.593637 0.420142
v 0.837390 0.593637 0.409795
v 0.827731 0.593637 0.395854
v 0.824377 0.593637 0.380000
v 0.827731 0.593637 0.364146
v 0.837390 0.593637 0.350205
v 0.852188 0.593637 0.339858
v 0.870341 0.593637 0.334352
v 0.889659 0.593637 0.334352
v 0.907812 0.593637 0.339858
v 0.922610 0.593637 0.350205
v 0.932269 0.593637 0.364146
v 0.935623 0.593637 0.380000
v 0.985801 0.575172 0.380000
v 0.979421 0.575172 0.410155
v 0.961049 0.575172 0.436673
v 0.932901 0.575172 0.456356
v 0.898372 0.575172 0.466828
v 0.861628 0.575172 0.466828
v 0.827099 0.575172 0.456356
v 0.798951 0.575172 0.436673
v 0.780579 0.575172 0.410155
v 0.774199 0.575172 0.380000
v 0.780579 0.575172 0.349845
v 0.798951 0.575172 0.323327
v 0.827099 0.575172 0.303644
v 0.861628 0.575172 0.293172
v 0.898372 0.575172 0.293172
v 0.932901 0.575172 0.303644
v 0.961049 0.575172 0.323327
v 0.979421 0.575172 0.349845
v 0.985801 0.575172 0.380000
v 1.025623 0.546412 0.380000
v 1.016841 0.546412 0.421505
v 0.991554 0.546412 0.458004
v 0.952812 0.546412 0.485094
v 0.905287 0.546412 0.499509
v 0.854713 0.546412 0.499509
v 0.807188 0.546412 0.485094
v 0.768446 0.546412 0.458004
v 0.743159 0.546412 0.421505
v 0.734377 0.546412 0.380000
v 0.743159 0.546412 0.338495
v 0.768446 0.546412 0.301996
v 0.807188 0.546412 0.274906
v 0.854713 0.546412 0.260491
v 0.905287 0.546412 0.260491
v 0.952812 0.546412 0.274906
v 0.991554 0.546412 0.301996
v 1.016841 0.546412 0.338495
v 1.025623 0.546412 0.380000
v 1.051190 0.510172 0.380000
v 1.040866 0.510172 0.428792
v 1.011139 0.510172 0.471699
v 0.965595 0.510172 0.503546
v 0.909727 0.510172 0.520491
v 0.850273 0.510172 0.520491
v 0.794405 0.510172 0.503546
v 0.748861 0.510172 0.471699
v 0.719134 0.510172 0.428792
v 0.708810 0.510172 0.380000
v 0.719134 0.510172 0.331208
v 0.748861 0.510172 0.288301
v 0.794405 0.510172 0.256454
v 0.850273 0.510172 0.239509
v 0.909727 0.510172 0.239509
v 0.965595 0.510172 0.256454
v 1.011139 0.510172 0.288301
v 1.040866 0.510172 0.331208
v 1.051190 0.510172 0.380000
v 1.060000 0.470000 0.380000
v 1.049145 0.470000 0.431303
v 1.017888 0.470000 0.476418
v 0.970000 0.470000 0.509904
v 0.911257 0.470000 0.527721
v 0.848743 0.470000 0.527721
v 0.790000 0.470000 0.509904
v 0.742112 0.470000 0.476418
v 0.710855 0.470000 0.431303
v 0.700000 0.470000 0.380000
v 0.710855 0.470000 0.328697
v 0.742112 0.470000 0.283582
v 0.790000 0.470000 0.250096
v 0.848743 0.470000 0.232279
v 0.911257 0.470000 0.232279
v 0.970000 0.470000 0.250096
v 1.017888 0.470000 0.283582
v 1.049145 0.470000 0.328697
v 1.060000 0.470000 0.380000
v 1.051190 0.429828 0.380000
v 1.040866 0.429828 0.428792
v 1.011139 0.429828 0.471699
v 0.965595 0.429828 0.503546
v 0.909727 0.429828 0.520491
v 0.850273 0.429828 0.520491
v 0.794405 0.429828 0.503546
v 0.748861 0.429828 0.471699
v 0.719134 0.429828 0.428792
v 0.708810 0.429828 0.380000
v 0.719134 0.429828 0.331208
v 0.748861 0.429828 0.288301
v 0.794405 0.429828 0.256454
v 0.850273 0.429828 0.239509
v 0.909727 0.429828 0.239509
v 0.965595 0.429828 0.256454
v 1.011139 0.429828 0.288301
v 1.040866 0.429828 0.331208
v 1.051190 0.429828 0.380000
v 1.025623 0.393588 0.380000
v 1.016841 0.393588 0.421505
v 0.991554 0.393588 0.458004
v 0.952812 0.393588 0.485094
v 0.905287 0.393588 0.499509
v 0.854713 0.393588 0.499509
v 0.807188 0.393588 0.485094
v 0.768446 0.393588 0.458004
v 0.743159 0.393588 0.421505
v 0.734377 0.393588 0.380000
v 0.743159 0.393588 0.338495
v 0.768446 0.393588 0.301996
v 0.807188 0.393588 0.274906
v 0.854713 0.393588 0.260491
v 0.905287 0.393588 0.260491
v 0.952812 0.393588 0.274906
v 0.991554 0.393588 0.301996
v 1.016841 0.393588 0.338495
v 1.025623 0.393588 0.380000
v 0.985801 0.364828 0.380000
v 0.979421 0.364828 0.410155
v 0.961049 0.364828 0.436673
v 0.932901 0.364828 0.456356
v 0.898372 0.364828 0.466828
v 0.861628 0.364828 0.466828
v 0.827099 0.364828 0.456356
v 0.798951 0.364828 0.436673
v 0.780579 0.364828 0.410155
v 0.774199 0.364828 0.380000
v 0.780579 0.364828 0.349845
v 0.798951 0.364828 0.323327
v 0.827099 0.364828 0.303644
v 0.861628 0.364828 0.293172
v 0.898372 0.364828 0.293172
v 0.932901 0.364828 0.303644
v 0.961049 0.364828 0.323327
v 0.979421 0.364828 0.349845
v 0.985801 0.364828 0.380000
v 0.935623 0.346363 0.380000
v 0.932269 0.346363 0.395854
v 0.922610 0.346363 0.409795
v 0.907812 0.346363 0.420142
v 0.889659 0.346363 0.425648
v 0.870341 0.346363 0.425648
v 0.852188 0.346363 0.420142
v 0.837390 0.346363 0.409795
v 0.827731 0.346363 0.395854
v 0.824377 0.346363 0.380000
v 0.827731 0.346363 0.364146
v 0.837390 0.346363 0.350205
v 0.852188 0.346363 0.339858
v 0.870341 0.346363 0.334352
v 0.889659 0.346363 0.334352
v 0.907812 0.346363 0.339858
v 0.922610 0.346363 0.350205
v 0.932269 0.346363 0.364146
v 0.935623 0.346363 0.380000
v 0.880000 0.340000 0.380000
v 0.880000 0.340000 0.380000
v 0.880000 0.340000 0.380000
v 0.880000 0.340000 0.380000
v 0.880000 0.340000 0.380000
v 0.880000 0.340000 0.380000
v 0.880000 0.340000 0.380000
v 0.880000 0.340000 0.380000
v 0.880000 0.340000 0.380000
v 0.880000 0.340000 0.380000
v 0.880000 0.340000 0.380000
v 0.880000 0.340000 0.380000
v 0.880000 0.340000 0.380000
v 0.880000 0.340000 0.380000
v 0.880000 0.340000 0.380000
v 0.880000 0.340000 0.380000
v 0.880000 0.340000 0.380000
v 0.880000 0.340000 0.380000
v 0.880000 0.340000 0.380000
v 0.000000 1.210523 -0.075252
v 0.000000 1.320523 -0.045252
v 0.029849 1.208961 -0.069523
v 0.029849 1.318961 -0.039523
v 0.055154 1.204512 -0.053211
v 0.055154 1.314512 -0.023211
v 0.072063 1.197854 -0.028798
v 0.072063 1.307854 0.001202
v 0.078000 1.190000 -0.000000
v 0.078000 1.300000 0.030000
v 0.072063 1.182146 0.028798
v 0.072063 1.292146 0.058798
v 0.055154 1.175488 0.053211
v 0.055154 1.285488 0.083211
v 0.029849 1.171039 0.069523
v 0.029849 1.281039 0.099523
v 0.000000 1.169477 0.075252
v 0.000000 1.279477 0.105252
v -0.029849 1.171039 0.069523
v -0.029849 1.281039 0.099523
v -0.055154 1.175488 0.053211
v -0.055154 1.285488 0.083211
v -0.072063 1.182146 0.028798
v -0.072063 1.292146 0.058798
v -0.078000 1.190000 0.000000
v -0.078000 1.300000 0.030000
v -0.072063 1.197854 -0.028798
v -0.072063 1.307854 0.001202
v -0.055154 1.204512 -0.053211
v -0.055154 1.314512 -0.023211
v -0.029849 1.208961 -0.069523
v -0.029849 1.318961 -0.039523
v -0.000000 1.210523 -0.075252
v -0.000000 1.320523 -0.045252
v -0.016921 1.290000 0.049741
v 0.053079 1.390000 0.109741
v -0.022220 1.300359 0.038658
v 0.047780 1.400359 0.098658
v -0.019032 1.306761 0.024269
v 0.050968 1.406761 0.084269
v -0.008575 1.306761 0.012068
v 0.061425 1.406761 0.072068
v 0.005158 1.300359 0.006717
v 0.075158 1.400359 0.066717
v 0.016921 1.290000 0.010259
v 0.086921 1.390000 0.070259
v 0.022220 1.279641 0.021342
v 0.092220 1.379641 0.081342
v 0.019032 1.273239 0.035731
v 0.089032 1.373239 0.095731
v 0.008575 1.273239 0.047932
v 0.078575 1.373239 0.107932
v -0.005158 1.279641 0.053283
v 0.064842 1.379641 0.113283
v -0.016921 1.290000 0.049741
v 0.053079 1.390000 0.109741
v 0.074651 1.390000 0.115581
v 0.184651 1.450000 0.095581
v 0.066653 1.403466 0.111988
v 0.176653 1.463466 0.091988
v 0.059933 1.411788 0.099997
v 0.169933 1.471788 0.079997
v 0.057059 1.411788 0.084187
v 0.167059 1.471788 0.064187
v 0.059127 1.403466 0.070598
v 0.169127 1.463466 0.050598
v 0.065349 1.390000 0.064419
v 0.175349 1.450000 0.044419
v 0.073347 1.376534 0.068012
v 0.183347 1.436534 0.048012
v 0.080067 1.368212 0.080003
v 0.190067 1.428212 0.060003
v 0.082941 1.368212 0.095813
v 0.192941 1.428212 0.075813
v 0.080873 1.376534 0.109402
v 0.190873 1.436534 0.089402
v 0.074651 1.390000 0.115581
v 0.184651 1.450000 0.095581
v 0.164400 1.450000 0.090800
v 0.244400 1.520000 0.150800
v 0.160368 1.462520 0.081569
v 0.240368 1.532520 0.141569
v 0.163835 1.470258 0.067919
v 0.243835 1.540258 0.127919
v 0.173476 1.470258 0.055064
v 0.253476 1.540258 0.115064
v 0.185610 1.462520 0.047914
v 0.265610 1.532520 0.107914
v 0.195600 1.450000 0.049200
v 0.275600 1.520000 0.109200
v 0.199632 1.437480 0.058431
v 0.279632 1.507480 0.118431
v 0.196165 1.429742 0.072081
v 0.276165 1.499742 0.132081
v 0.186524 1.429742 0.084936
v 0.266524 1.499742 0.144936
v 0.174390 1.437480 0.092086
v 0.254390 1.507480 0.152086
v 0.164400 1.450000 0.090800
v 0.244400 1.520000 0.150800
v 0.300000 1.560000 0.160000
v 0.345500 1.560000 0.160000
v 0.420104 1.609749 0.175000
v 0.300000 1.560000 0.160000
v 0.332173 1.592173 0.160000
v 0.349749 1.680104 0.175000
v 0.300000 1.560000 0.160000
v 0.300000 1.605500 0.160000
v 0.250251 1.680104 0.175000
v 0.300000 1.560000 0.160000
v 0.267827 1.592173 0.160000
v 0.179896 1.609749 0.175000
v 0.300000 1.560000 0.160000
v 0.254500 1.560000 0.160000
v 0.179896 1.510251 0.175000
v 0.300000 1.560000 0.160000
v 0.267827 1.527827 0.160000
v 0.250251 1.439896 0.175000
v 0.300000 1.560000 0.160000
v 0.300000 1.514500 0.160000
v 0.349749 1.439896 0.175000
v 0.300000 1.560000 0.160000
v 0.332173 1.527827 0.160000
v 0.420104 1.510251 0.175000
v -0.280000 1.062000 0.360000
v -0.280000 1.062000 0.360000
v -0.280000 1.062000 0.360000
v -0.280000 1.062000 0.360000
v -0.280000 1.062000 0.360000
v -0.280000 1.062000 0.360000
v -0.280000 1.062000 0.360000
v -0.280000 1.062000 0.360000
v -0.280000 1.062000 0.360000
v -0.280000 1.062000 0.360000
v -0.280000 1.062000 0.360000
v -0.280000 1.062000 0.360000
v -0.280000 1.062000 0.360000
v -0.280000 1.062000 0.360000
v -0.280000 1.062000 0.360000
v -0.220000 1.057713 0.360000
v -0.225942 1.057713 0.363905
v -0.242591 1.057713 0.367036
v -0.266649 1.057713 0.368774
v -0.293351 1.057713 0.368774
v -0.317409 1.057713 0.367036
v -0.334058 1.057713 0.363905
v -0.340000 1.057713 0.360000
v -0.334058 1.057713 0.356095
v -0.317409 1.057713 0.352964
v -0.293351 1.057713 0.351226
v -0.266649 1.057713 0.351226
v -0.242591 1.057713 0.352964
v -0.225942 1.057713 0.356095
v -0.220000 1.057713 0.360000
v -0.176077 1.046000 0.360000
v -0.186369 1.046000 0.366764
v -0.215205 1.046000 0.372188
v -0.256875 1.046000 0.375198
v -0.303125 1.046000 0.375198
v -0.344795 1.046000 0.372188
v -0.373631 1.046000 0.366764
v -0.383923 1.046000 0.360000
v -0.373631 1.046000 0.353236
v -0.344795 1.046000 0.347812
v -0.303125 1.046000 0.344802
v -0.256875 1.046000 0.344802
v -0.215205 1.046000 0.347812
v -0.186369 1.046000 0.353236
v -0.176077 1.046000 0.360000
v -0.160000 1.030000 0.360000
v -0.171884 1.030000 0.367810
v -0.205181 1.030000 0.374073
v -0.253297 1.030000 0.377549
v -0.306703 1.030000 0.377549
v -0.354819 1.030000 0.374073
v -0.388116 1.030000 0.367810
v -0.400000 1.030000 0.360000
v -0.388116 1.030000 0.352190
v -0.354819 1.030000 0.345927
v -0.306703 1.030000 0.342451
v -0.253297 1.030000 0.342451
v -0.205181 1.030000 0.345927
v -0.171884 1.030000 0.352190
v -0.160000 1.030000 0.360000
v -0.176077 1.014000 0.360000
v -0.186369 1.014000 0.366764
v -0.215205 1.014000 0.372188
v -0.256875 1.014000 0.375198
v -0.303125 1.014000 0.375198
v -0.344795 1.014000 0.372188
v -0.373631 1.014000 0.366764
v -0.383923 1.014000 0.360000
v -0.373631 1.014000 0.353236
v -0.344795 1.014000 0.347812
v -0.303125 1.014000 0.344802
v -0.256875 1.014000 0.344802
v -0.215205 1.014000 0.347812
v -0.186369 1.014000 0.353236
v -0.176077 1.014000 0.360000
v -0.220000 1.002287 0.360000
v -0.225942 1.002287 0.363905
v -0.242591 1.002287 0.367036
v -0.266649 1.002287 0.368774
v -0.293351 1.002287 0.368774
v -0.317409 1.002287 0.367036
v -0.334058 1.002287 0.363905
v -0.340000 1.002287 0.360000
v -0.334058 1.002287 0.356095
v -0.317409 1.002287 0.352964
v -0.293351 1.002287 0.351226
v -0.266649 1.002287 0.351226
v -0.242591 1.002287 0.352964
v -0.225942 1.002287 0.356095
v -0.220000 1.002287 0.360000
v -0.280000 0.998000 0.360000
v -0.280000 0.998000 0.360000
v -0.280000 0.998000 0.360000
v -0.280000 0.998000 0.360000
v -0.280000 0.998000 0.360000
v -0.280000 0.998000 0.360000
v -0.280000 0.998000 0.360000
v -0.280000 0.998000 0.360000
v -0.280000 0.998000 0.360000
v -0.280000 0.998000 0.360000
v -0.280000 0.998000 0.360000
v -0.280000 0.998000 0.360000
v -0.280000 0.998000 0.360000
v -0.280000 0.998000 0.360000
v -0.280000 0.998000 0.360000
v 0.280000 1.062000 0.360000
v 0.280000 1.062000 0.360000
v 0.280000 1.062000 0.360000
v 0.280000 1.062000 0.360000
v 0.280000 1.062000 0.360000
v 0.280000 1.062000 0.360000
v 0.280000 1.062000 0.360000
v 0.280000 1.062000 0.360000
v 0.280000 1.062000 0.360000
v 0.280000 1.062000 0.360000
v 0.280000 1.062000 0.360000
v 0.280000 1.062000 0.360000
v 0.280000 1.062000 0.360000
v 0.280000 1.062000 0.360000
v 0.280000 1.062000 0.360000
v 0.340000 1.057713 0.360000
v 0.334058 1.057713 0.363905
v 0.317409 1.057713 0.367036
v 0.293351 1.057713 0.368774
v 0.266649 1.057713 0.368774
v 0.242591 1.057713 0.367036
v 0.225942 1.057713 0.363905
v 0.220000 1.057713 0.360000
v 0.225942 1.057713 0.356095
v 0.242591 1.057713 0.352964
v 0.266649 1.057713 0.351226
v 0.293351 1.057713 0.351226
v 0.317409 1.057713 0.352964
v 0.334058 1.057713 0.356095
v 0.340000 1.057713 0.360000
v 0.383923 1.046000 0.360000
v 0.373631 1.046000 0.366764
v 0.344795 1.046000 0.372188
v 0.303125 1.046000 0.375198
v 0.256875 1.046000 0.375198
v 0.215205 1.046000 0.372188
v 0.186369 1.046000 0.366764
v 0.176077 1.046000 0.360000
v 0.186369 1.046000 0.353236
v 0.215205 1.046000 0.347812
v 0.256875 1.046000 0.344802
v 0.303125 1.046000 0.344802
v 0.344795 1.046000 0.347812
v 0.373631 1.046000 0.353236
v 0.383923 1.046000 0.360000
v 0.400000 1.030000 0.360000
v 0.388116 1.030000 0.367810
v 0.354819 1.030000 0.374073
v 0.306703 1.030000 0.377549
v 0.253297 1.030000 0.377549
v 0.205181 1.030000 0.374073
v 0.171884 1.030000 0.367810
v 0.160000 1.030000 0.360000
v 0.171884 1.030000 0.352190
v 0.205181 1.030000 0.345927
v 0.253297 1.030000 0.342451
v 0.306703 1.030000 0.342451
v 0.354819 1.030000 0.345927
v 0.388116 1.030000 0.352190
v 0.400000 1.030000 0.360000
v 0.383923 1.014000 0.360000
v 0.373631 1.014000 0.366764
v 0.344795 1.014000 0.372188
v 0.303125 1.014000 0.375198
v 0.256875 1.014000 0.375198
v 0.215205 1.014000 0.372188
v 0.186369 1.014000 0.366764
v 0.176077 1.014000 0.360000
v 0.186369 1.014000 0.353236
v 0.215205 1.014000 0.347812
v 0.256875 1.014000 0.344802
v 0.303125 1.014000 0.344802
v 0.344795 1.014000 0.347812
v 0.373631 1.014000 0.353236
v 0.383923 1.014000 0.360000
v 0.340000 1.002287 0.360000
v 0.334058 1.002287 0.363905
v 0.317409 1.002287 0.367036
v 0.293351 1.002287 0.368774
v 0.266649 1.002287 0.368774
v 0.242591 1.002287 0.367036
v 0.225942 1.002287 0.363905
v 0.220000 1.002287 0.360000
v 0.225942 1.002287 0.356095
v 0.242591 1.002287 0.352964
v 0.266649 1.002287 0.351226
v 0.293351 1.002287 0.351226
v 0.317409 1.002287 0.352964
v 0.334058 1.002287 0.356095
v 0.340000 1.002287 0.360000
v 0.280000 0.998000 0.360000
v 0.280000 0.998000 0.360000
v 0.280000 0.998000 0.360000
v 0.280000 0.998000 0.360000
v 0.280000 0.998000 0.360000
v 0.280000 0.998000 0.360000
v 0.280000 0.998000 0.360000
v 0.280000 0.998000 0.360000
v 0.280000 0.998000 0.360000
v 0.280000 0.998000 0.360000
v 0.280000 0.998000 0.360000
v 0.280000 0.998000 0.360000
v 0.280000 0.998000 0.360000
v 0.280000 0.998000 0.360000
v 0.280000 0.998000 0.360000
vt 0.000000 0.000000
vt 0.017857 0.000000
vt 0.035714 0.000000
vt 0.053571 0.000000
vt 0.071429 0.000000
vt 0.089286 0.000000
vt 0.107143 0.000000
vt 0.125000 0.000000
vt 0.142857 0.000000
vt 0.160714 0.000000
vt 0.178571 0.000000
vt 0.196429 0.000000
vt 0.214286 0.000000
vt 0.232143 0.000000
vt 0.250000 0.000000
vt 0.267857 0.000000
vt 0.285714 0.000000
vt 0.303571 0.000000
vt 0.321429 0.000000
vt 0.339286 0.000000
vt 0.357143 0.000000
vt 0.375000 0.000000
vt 0.392857 0.000000
vt 0.410714 0.000000
vt 0.428571 0.000000
vt 0.446429 0.000000
vt 0.464286 0.000000
vt 0.482143 0.000000
vt 0.500000 0.000000
vt 0.517857 0.000000
vt 0.535714 0.000000
vt 0.553571 0.000000
vt 0.571429 0.000000
vt 0.589286 0.000000
vt 0.607143 0.000000
vt 0.625000 0.000000
vt 0.642857 0.000000
vt 0.660714 0.000000
vt 0.678571 0.000000
vt 0.696429 0.000000
vt 0.714286 0.000000
vt 0.732143 0.000000
vt 0.750000 0.000000
vt 0.767857 0.000000
vt 0.785714 0.000000
vt 0.803571 0.000000
vt 0.821429 0.000000
vt 0.839286 0.000000
vt 0.857143 0.000000
vt 0.875000 0.000000
vt 0.892857 0.000000
vt 0.910714 0.000000
vt 0.928571 0.000000
vt 0.946429 0.000000
vt 0.964286 0.000000
vt 0.982143 0.000000
vt 1.000000 0.000000
vt 0.000000 0.041667
vt 0.017857 0.041667
vt 0.035714 0.041667
vt 0.053571 0.041667
vt 0.071429 0.041667
vt 0.089286 0.041667
vt 0.107143 0.041667
vt 0.125000 0.041667
vt 0.142857 0.041667
vt 0.160714 0.041667
vt 0.178571 0.041667
vt 0.196429 0.041667
vt 0.214286 0.041667
vt 0.232143 0.041667
vt 0.250000 0.041667
vt 0.267857 0.041667
vt 0.285714 0.041667
vt 0.303571 0.041667
vt 0.321429 0.041667
vt 0.339286 0.041667
vt 0.357143 0.041667
vt 0.375000 0.041667
vt 0.392857 0.041667
vt 0.410714 0.041667
vt 0.428571 0.041667
vt 0.446429 0.041667
vt 0.464286 0.041667
vt 0.482143 0.041667
vt 0.500000 0.041667
vt 0.517857 0.041667
vt 0.535714 0.041667
vt 0.553571 0.041667
vt 0.571429 0.041667
vt 0.589286 0.041667
vt 0.607143 0.041667
vt 0.625000 0.041667
vt 0.642857 0.041667
vt 0.660714 0.041667
vt 0.678571 0.041667
vt 0.696429 0.041667
vt 0.714286 0.041667
vt 0.732143 0.041667
vt 0.750000 0.041667
vt 0.767857 0.041667
vt 0.785714 0.041667
vt 0.803571 0.041667
vt 0.821429 0.041667
vt 0.839286 0.041667
vt 0.857143 0.041667
vt 0.875000 0.041667
vt 0.892857 0.041667
vt 0.910714 0.041667
vt 0.928571 0.041667
vt 0.946429 0.041667
vt 0.964286 0.041667
vt 0.982143 0.041667
vt 1.000000 0.041667
vt 0.000000 0.083333
vt 0.017857 0.083333
vt 0.035714 0.083333
vt 0.053571 0.083333
vt 0.071429 0.083333
vt 0.089286 0.083333
vt 0.107143 0.083333
vt 0.125000 0.083333
vt 0.142857 0.083333
vt 0.160714 0.083333
vt 0.178571 0.083333
vt 0.196429 0.083333
vt 0.214286 0.083333
vt 0.232143 0.083333
vt 0.250000 0.083333
vt 0.267857 0.083333
vt 0.285714 0.083333
vt 0.303571 0.083333
vt 0.321429 0.083333
vt 0.339286 0.083333
vt 0.357143 0.083333
vt 0.375000 0.083333
vt 0.392857 0.083333
vt 0.410714 0.083333
vt 0.428571 0.083333
vt 0.446429 0.083333
vt 0.464286 0.083333
vt 0.482143 0.083333
vt 0.500000 0.083333
vt 0.517857 0.083333
vt 0.535714 0.083333
vt 0.553571 0.083333
vt 0.571429 0.083333
vt 0.589286 0.083333
vt 0.607143 0.083333
vt 0.625000 0.083333
vt 0.642857 0.083333
vt 0.660714 0.083333
vt 0.678571 0.083333
vt 0.696429 0.083333
vt 0.714286 0.083333
vt 0.732143 0.083333
vt 0.750000 0.083333
vt 0.767857 0.083333
vt 0.785714 0.083333
vt 0.803571 0.083333
vt 0.821429 0.083333
vt 0.839286 0.083333
vt 0.857143 0.083333
vt 0.875000 0.083333
vt 0.892857 0.083333
vt 0.910714 0.083333
vt 0.928571 0.083333
vt 0.946429 0.083333
vt 0.964286 0.083333
vt 0.982143 0.083333
vt 1.000000 0.083333
vt 0.000000 0.125000
vt 0.017857 0.125000
vt 0.035714 0.125000
vt 0.053571 0.125000
vt 0.071429 0.125000
vt 0.089286 0.125000
vt 0.107143 0.125000
vt 0.125000 0.125000
vt 0.142857 0.125000
vt 0.160714 0.125000
vt 0.178571 0.125000
vt 0.196429 0.125000
vt 0.214286 0.125000
vt 0.232143 0.125000
vt 0.250000 0.125000
vt 0.267857 0.125000
vt 0.285714 0.125000
vt 0.303571 0.125000
vt 0.321429 0.125000
vt 0.339286 0.125000
vt 0.357143 0.125000
vt 0.375000 0.125000
vt 0.392857 0.125000
vt 0.410714 0.125000
vt 0.428571 0.125000
vt 0.446429 0.125000
vt 0.464286 0.125000
vt 0.482143 0.125000
vt 0.500000 0.125000
vt 0.517857 0.125000
vt 0.535714 0.125000
vt 0.553571 0.125000
vt 0.571429 0.125000
vt 0.589286 0.125000
vt 0.607143 0.125000
vt 0.625000 0.125000
vt 0.642857 0.125000
vt 0.660714 0.125000
vt 0.678571 0.125000
vt 0.696429 0.125000
vt 0.714286 0.125000
vt 0.732143 0.125000
vt 0.750000 0.125000
vt 0.767857 0.125000
vt 0.785714 0.125000
vt 0.803571 0.125000
vt 0.821429 0.125000
vt 0.839286 0.125000
vt 0.857143 0.125000
vt 0.875000 0.125000
vt 0.892857 0.125000
vt 0.910714 0.125000
vt 0.928571 0.125000
vt 0.946429 0.125000
vt 0.964286 0.125000
vt 0.982143 0.125000
vt 1.000000 0.125000
vt 0.000000 0.166667
vt 0.017857 0.166667
vt 0.035714 0.166667
vt 0.053571 0.166667
vt 0.071429 0.166667
vt 0.089286 0.166667
vt 0.107143 0.166667
vt 0.125000 0.166667
vt 0.142857 0.166667
vt 0.160714 0.166667
vt 0.178571 0.166667
vt 0.196429 0.166667
vt 0.214286 0.166667
vt 0.232143 0.166667
vt 0.250000 0.166667
vt 0.267857 0.166667
vt 0.285714 0.166667
vt 0.303571 0.166667
vt 0.321429 0.166667
vt 0.339286 0.166667
vt 0.357143 0.166667
vt 0.375000 0.166667
vt 0.392857 0.166667
vt 0.410714 0.166667
vt 0.428571 0.166667
vt 0.446429 0.166667
vt 0.464286 0.166667
vt 0.482143 0.166667
vt 0.500000 0.166667
vt 0.517857 0.166667
vt 0.535714 0.166667
vt 0.553571 0.166667
vt 0.571429 0.166667
vt 0.589286 0.166667
vt 0.607143 0.166667
vt 0.625000 0.166667
vt 0.642857 0.166667
vt 0.660714 0.166667
vt 0.678571 0.166667
vt 0.696429 0.166667
vt 0.714286 0.166667
vt 0.732143 0.166667
vt 0.750000 0.166667
vt 0.767857 0.166667
vt 0.785714 0.166667
vt 0.803571 0.166667
vt 0.821429 0.166667
vt 0.839286 0.166667
vt 0.857143 0.166667
vt 0.875000 0.166667
vt 0.892857 0.166667
vt 0.910714 0.166667
vt 0.928571 0.166667
vt 0.946429 0.166667
vt 0.964286 0.166667
vt 0.982143 0.166667
vt 1.000000 0.166667
vt 0.000000 0.208333
vt 0.017857 0.208333
vt 0.035714 0.208333
vt 0.053571 0.208333
vt 0.071429 0.208333
vt 0.089286 0.208333
vt 0.107143 0.208333
vt 0.125000 0.208333
vt 0.142857 0.208333
vt 0.160714 0.208333
vt 0.178571 0.208333
vt 0.196429 0.208333
vt 0.214286 0.208333
vt 0.232143 0.208333
vt 0.250000 0.208333
vt 0.267857 0.208333
vt 0.285714 0.208333
vt 0.303571 0.208333
vt 0.321429 0.208333
vt 0.339286 0.208333
vt 0.357143 0.208333
vt 0.375000 0.208333
vt 0.392857 0.208333
vt 0.410714 0.208333
vt 0.428571 0.208333
vt 0.446429 0.208333
vt 0.464286 0.208333
vt 0.482143 0.208333
vt 0.500000 0.208333
vt 0.517857 0.208333
vt 0.535714 0.208333
vt 0.553571 0.208333
vt 0.571429 0.208333
vt 0.589286 0.208333
vt 0.607143 0.208333
vt 0.625000 0.208333
vt 0.642857 0.208333
vt 0.660714 0.208333
vt 0.678571 0.208333
vt 0.696429 0.208333
vt 0.714286 0.208333
vt 0.732143 0.208333
vt 0.750000 0.208333
vt 0.767857 0.208333
vt 0.785714 0.208333
vt 0.803571 0.208333
vt 0.821429 0.208333
vt 0.839286 0.208333
vt 0.857143 0.208333
vt 0.875000 0.208333
vt 0.892857 0.208333
vt 0.910714 0.208333
vt 0.928571 0.208333
vt 0.946429 0.208333
vt 0.964286 0.208333
vt 0.982143 0.208333
vt 1.000000 0.208333
vt 0.000000 0.250000
vt 0.017857 0.250000
vt 0.035714 0.250000
vt 0.053571 0.250000
vt 0.071429 0.250000
vt 0.089286 0.250000
vt 0.107143 0.250000
vt 0.125000 0.250000
vt 0.142857 0.250000
vt 0.160714 0.250000
vt 0.178571 0.250000
vt 0.196429 0.250000
vt 0.214286 0.250000
vt 0.232143 0.250000
vt 0.250000 0.250000
vt 0.267857 0.250000
vt 0.285714 0.250000
vt 0.303571 0.250000
vt 0.321429 0.250000
vt 0.339286 0.250000
vt 0.357143 0.250000
vt 0.375000 0.250000
vt 0.392857 0.250000
vt 0.410714 0.250000
vt 0.428571 0.250000
vt 0.446429 0.250000
vt 0.464286 0.250000
vt 0.482143 0.250000
vt 0.500000 0.250000
vt 0.517857 0.250000
vt 0.535714 0.250000
vt 0.553571 0.250000
vt 0.571429 0.250000
vt 0.589286 0.250000
vt 0.607143 0.250000
vt 0.625000 0.250000
vt 0.642857 0.250000
vt 0.660714 0.250000
vt 0.678571 0.250000
vt 0.696429 0.250000
vt 0.714286 0.250000
vt 0.732143 0.250000
vt 0.750000 0.250000
vt 0.767857 0.250000
vt 0.785714 0.250000
vt 0.803571 0.250000
vt 0.821429 0.250000
vt 0.839286 0.250000
vt 0.857143 0.250000
vt 0.875000 0.250000
vt 0.892857 0.250000
vt 0.910714 0.250000
vt 0.928571 0.250000
vt 0.946429 0.250000
vt 0.964286 0.250000
vt 0.982143 0.250000
vt 1.000000 0.250000
vt 0.000000 0.291667
vt 0.017857 0.291667
vt 0.035714 0.291667
vt 0.053571 0.291667
vt 0.071429 0.291667
vt 0.089286 0.291667
vt 0.107143 0.291667
vt 0.125000 0.291667
vt 0.142857 0.291667
vt 0.160714 0.291667
vt 0.178571 0.291667
vt 0.196429 0.291667
vt 0.214286 0.291667
vt 0.232143 0.291667
vt 0.250000 0.291667
vt 0.267857 0.291667
vt 0.285714 0.291667
vt 0.303571 0.291667
vt 0.321429 0.291667
vt 0.339286 0.291667
vt 0.357143 0.291667
vt 0.375000 0.291667
vt 0.392857 0.291667
vt 0.410714 0.291667
vt 0.428571 0.291667
vt 0.446429 0.291667
vt 0.464286 0.291667
vt 0.482143 0.291667
vt 0.500000 0.291667
vt 0.517857 0.291667
vt 0.535714 0.291667
vt 0.553571 0.291667
vt 0.571429 0.291667
vt 0.589286 0.291667
vt 0.607143 0.291667
vt 0.625000 0.291667
vt 0.642857 0.291667
vt 0.660714 0.291667
vt 0.678571 0.291667
vt 0.696429 0.291667
vt 0.714286 0.291667
vt 0.732143 0.291667
vt 0.750000 0.291667
vt 0.767857 0.291667
vt 0.785714 0.291667
vt 0.803571 0.291667
vt 0.821429 0.291667
vt 0.839286 0.291667
vt 0.857143 0.291667
vt 0.875000 0.291667
vt 0.892857 0.291667
vt 0.910714 0.291667
vt 0.928571 0.291667
vt 0.946429 0.291667
vt 0.964286 0.291667
vt 0.982143 0.291667
vt 1.000000 0.291667
vt 0.000000 0.333333
vt 0.017857 0.333333
vt 0.035714 0.333333
vt 0.053571 0.333333
vt 0.071429 0.333333
vt 0.089286 0.333333
vt 0.107143 0.333333
vt 0.125000 0.333333
vt 0.142857 0.333333
vt 0.160714 0.333333
vt 0.178571 0.333333
vt 0.196429 0.333333
vt 0.214286 0.333333
vt 0.232143 0.333333
vt 0.250000 0.333333
vt 0.267857 0.333333
vt 0.285714 0.333333
vt 0.303571 0.333333
vt 0.321429 0.333333
vt 0.339286 0.333333
vt 0.357143 0.333333
vt 0.375000 0.333333
vt 0.392857 0.333333
vt 0.410714 0.333333
vt 0.428571 0.333333
vt 0.446429 0.333333
vt 0.464286 0.333333
vt 0.482143 0.333333
vt 0.500000 0.333333
vt 0.517857 0.333333
vt 0.535714 0.333333
vt 0.553571 0.333333
vt 0.571429 0.333333
vt 0.589286 0.333333
vt 0.607143 0.333333
vt 0.625000 0.333333
vt 0.642857 0.333333
vt 0.660714 0.333333
vt 0.678571 0.333333
vt 0.696429 0.333333
vt 0.714286 0.333333
vt 0.732143 0.333333
vt 0.750000 0.333333
vt 0.767857 0.333333
vt 0.785714 0.333333
vt 0.803571 0.333333
vt 0.821429 0.333333
vt 0.839286 0.333333
vt 0.857143 0.333333
vt 0.875000 0.333333
vt 0.892857 0.333333
vt 0.910714 0.333333
vt 0.928571 0.333333
vt 0.946429 0.333333
vt 0.964286 0.333333
vt 0.982143 0.333333
vt 1.000000 0.333333
vt 0.000000 0.375000
vt 0.017857 0.375000
vt 0.035714 0.375000
vt 0.053571 0.375000
vt 0.071429 0.375000
vt 0.089286 0.375000
vt 0.107143 0.375000
vt 0.125000 0.375000
vt 0.142857 0.375000
vt 0.160714 0.375000
vt 0.178571 0.375000
vt 0.196429 0.375000
vt 0.214286 0.375000
vt 0.232143 0.375000
vt 0.250000 0.375000
vt 0.267857 0.375000
vt 0.285714 0.375000
vt 0.303571 0.375000
vt 0.321429 0.375000
vt 0.339286 0.375000
vt 0.357143 0.375000
vt 0.375000 0.375000
vt 0.392857 0.375000
vt 0.410714 0.375000
vt 0.428571 0.375000
vt 0.446429 0.375000
vt 0.464286 0.375000
vt 0.482143 0.375000
vt 0.500000 0.375000
vt 0.517857 0.375000
vt 0.535714 0.375000
vt 0.553571 0.375000
vt 0.571429 0.375000
vt 0.589286 0.375000
vt 0.607143 0.375000
vt 0.625000 0.375000
vt 0.642857 0.375000
vt 0.660714 0.375000
vt 0.678571 0.375000
vt 0.696429 0.375000
vt 0.714286 0.375000
vt 0.732143 0.375000
vt 0.750000 0.375000
vt 0.767857 0.375000
vt 0.785714 0.375000
vt 0.803571 0.375000
vt 0.821429 0.375000
vt 0.839286 0.375000
vt 0.857143 0.375000
vt 0.875000 0.375000
vt 0.892857 0.375000
vt 0.910714 0.375000
vt 0.928571 0.375000
vt 0.946429 0.375000
vt 0.964286 0.375000
vt 0.982143 0.375000
vt 1.000000 0.375000
vt 0.000000 0.416667
vt 0.017857 0.416667
vt 0.035714 0.416667
vt 0.053571 0.416667
vt 0.071429 0.416667
vt 0.089286 0.416667
vt 0.107143 0.416667
vt 0.125000 0.416667
vt 0.142857 0.416667
vt 0.160714 0.416667
vt 0.178571 0.416667
vt 0.196429 0.416667
vt 0.214286 0.416667
vt 0.232143 0.416667
vt 0.250000 0.416667
vt 0.267857 0.416667
vt 0.285714 0.416667
vt 0.303571 0.416667
vt 0.321429 0.416667
vt 0.339286 0.416667
vt 0.357143 0.416667
vt 0.375000 0.416667
vt 0.392857 0.416667
vt 0.410714 0.416667
vt 0.428571 0.416667
vt 0.446429 0.416667
vt 0.464286 0.416667
vt 0.482143 0.416667
vt 0.500000 0.416667
vt 0.517857 0.416667
vt 0.535714 0.416667
vt 0.553571 0.416667
vt 0.571429 0.416667
vt 0.589286 0.416667
vt 0.607143 0.416667
vt 0.625000 0.416667
vt 0.642857 0.416667
vt 0.660714 0.416667
vt 0.678571 0.416667
vt 0.696429 0.416667
vt 0.714286 0.416667
vt 0.732143 0.416667
vt 0.750000 0.416667
vt 0.767857 0.416667
vt 0.785714 0.416667
vt 0.803571 0.416667
vt 0.821429 0.416667
vt 0.839286 0.416667
vt 0.857143 0.416667
vt 0.875000 0.416667
vt 0.892857 0.416667
vt 0.910714 0.416667
vt 0.928571 0.416667
vt 0.946429 0.416667
vt 0.964286 0.416667
vt 0.982143 0.416667
vt 1.000000 0.416667
vt 0.000000 0.458333
vt 0.017857 0.458333
vt 0.035714 0.458333
vt 0.053571 0.458333
vt 0.071429 0.458333
vt 0.089286 0.458333
vt 0.107143 0.458333
vt 0.125000 0.458333
vt 0.142857 0.458333
vt 0.160714 0.458333
vt 0.178571 0.458333
vt 0.196429 0.458333
vt 0.214286 0.458333
vt 0.232143 0.458333
vt 0.250000 0.458333
vt 0.267857 0.458333
vt 0.285714 0.458333
vt 0.303571 0.458333
vt 0.321429 0.458333
vt 0.339286 0.458333
vt 0.357143 0.458333
vt 0.375000 0.458333
vt 0.392857 0.458333
vt 0.410714 0.458333
vt 0.428571 0.458333
vt 0.446429 0.458333
vt 0.464286 0.458333
vt 0.482143 0.458333
vt 0.500000 0.458333
vt 0.517857 0.458333
vt 0.535714 0.458333
vt 0.553571 0.458333
vt 0.571429 0.458333
vt 0.589286 0.458333
vt 0.607143 0.458333
vt 0.625000 0.458333
vt 0.642857 0.458333
vt 0.660714 0.458333
vt 0.678571 0.458333
vt 0.696429 0.458333
vt 0.714286 0.458333
vt 0.732143 0.458333
vt 0.750000 0.458333
vt 0.767857 0.458333
vt 0.785714 0.458333
vt 0.803571 0.458333
vt 0.821429 0.458333
vt 0.839286 0.458333
vt 0.857143 0.458333
vt 0.875000 0.458333
vt 0.892857 0.458333
vt 0.910714 0.458333
vt 0.928571 0.458333
vt 0.946429 0.458333
vt 0.964286 0.458333
vt 0.982143 0.458333
vt 1.000000 0.458333
vt 0.000000 0.500000
vt 0.017857 0.500000
vt 0.035714 0.500000
vt 0.053571 0.500000
vt 0.071429 0.500000
vt 0.089286 0.500000
vt 0.107143 0.500000
vt 0.125000 0.500000
vt 0.142857 0.500000
vt 0.160714 0.500000
vt 0.178571 0.500000
vt 0.196429 0.500000
vt 0.214286 0.500000
vt 0.232143 0.500000
vt 0.250000 0.500000
vt 0.267857 0.500000
vt 0.285714 0.500000
vt 0.303571 0.500000
vt 0.321429 0.500000
vt 0.339286 0.500000
vt 0.357143 0.500000
vt 0.375000 0.500000
vt 0.392857 0.500000
vt 0.410714 0.500000
vt 0.428571 0.500000
vt 0.446429 0.500000
vt 0.464286 0.500000
vt 0.482143 0.500000
vt 0.500000 0.500000
vt 0.517857 0.500000
vt 0.535714 0.500000
vt 0.553571 0.500000
vt 0.571429 0.500000
vt 0.589286 0.500000
vt 0.607143 0.500000
vt 0.625000 0.500000
vt 0.642857 0.500000
vt 0.660714 0.500000
vt 0.678571 0.500000
vt 0.696429 0.500000
vt 0.714286 0.500000
vt 0.732143 0.500000
vt 0.750000 0.500000
vt 0.767857 0.500000
vt 0.785714 0.500000
vt 0.803571 0.500000
vt 0.821429 0.500000
vt 0.839286 0.500000
vt 0.857143 0.500000
vt 0.875000 0.500000
vt 0.892857 0.500000
vt 0.910714 0.500000
vt 0.928571 0.500000
vt 0.946429 0.500000
vt 0.964286 0.500000
vt 0.982143 0.500000
vt 1.000000 0.500000
vt 0.000000 0.541667
vt 0.017857 0.541667
vt 0.035714 0.541667
vt 0.053571 0.541667
vt 0.071429 0.541667
vt 0.089286 0.541667
vt 0.107143 0.541667
vt 0.125000 0.541667
vt 0.142857 0.541667
vt 0.160714 0.541667
vt 0.178571 0.541667
vt 0.196429 0.541667
vt 0.214286 0.541667
vt 0.232143 0.541667
vt 0.250000 0.541667
vt 0.267857 0.541667
vt 0.285714 0.541667
vt 0.303571 0.541667
vt 0.321429 0.541667
vt 0.339286 0.541667
vt 0.357143 0.541667
vt 0.375000 0.541667
vt 0.392857 0.541667
vt 0.410714 0.541667
vt 0.428571 0.541667
vt 0.446429 0.541667
vt 0.464286 0.541667
vt 0.482143 0.541667
vt 0.500000 0.541667
vt 0.517857 0.541667
vt 0.535714 0.541667
vt 0.553571 0.541667
vt 0.571429 0.541667
vt 0.589286 0.541667
vt 0.607143 0.541667
vt 0.625000 0.541667
vt 0.642857 0.541667
vt 0.660714 0.541667
vt 0.678571 0.541667
vt 0.696429 0.541667
vt 0.714286 0.541667
vt 0.732143 0.541667
vt 0.750000 0.541667
vt 0.767857 0.541667
vt 0.785714 0.541667
vt 0.803571 0.541667
vt 0.821429 0.541667
vt 0.839286 0.541667
vt 0.857143 0.541667
vt 0.875000 0.541667
vt 0.892857 0.541667
vt 0.910714 0.541667
vt 0.928571 0.541667
vt 0.946429 0.541667
vt 0.964286 0.541667
vt 0.982143 0.541667
vt 1.000000 0.541667
vt 0.000000 0.583333
vt 0.017857 0.583333
vt 0.035714 0.583333
vt 0.053571 0.583333
vt 0.071429 0.583333
vt 0.089286 0.583333
vt 0.107143 0.583333
vt 0.125000 0.583333
vt 0.142857 0.583333
vt 0.160714 0.583333
vt 0.178571 0.583333
vt 0.196429 0.583333
vt 0.214286 0.583333
vt 0.232143 0.583333
vt 0.250000 0.583333
vt 0.267857 0.583333
vt 0.285714 0.583333
vt 0.303571 0.583333
vt 0.321429 0.583333
vt 0.339286 0.583333
vt 0.357143 0.583333
vt 0.375000 0.583333
vt 0.392857 0.583333
vt 0.410714 0.583333
vt 0.428571 0.583333
vt 0.446429 0.583333
vt 0.464286 0.583333
vt 0.482143 0.583333
vt 0.500000 0.583333
vt 0.517857 0.583333
vt 0.535714 0.583333
vt 0.553571 0.583333
vt 0.571429 0.583333
vt 0.589286 0.583333
vt 0.607143 0.583333
vt 0.625000 0.583333
vt 0.642857 0.583333
vt 0.660714 0.583333
vt 0.678571 0.583333
vt 0.696429 0.583333
vt 0.714286 0.583333
vt 0.732143 0.583333
vt 0.750000 0.583333
vt 0.767857 0.583333
vt 0.785714 0.583333
vt 0.803571 0.583333
vt 0.821429 0.583333
vt 0.839286 0.583333
vt 0.857143 0.583333
vt 0.875000 0.583333
vt 0.892857 0.583333
vt 0.910714 0.583333
vt 0.928571 0.583333
vt 0.946429 0.583333
vt 0.964286 0.583333
vt 0.982143 0.583333
vt 1.000000 0.583333
vt 0.000000 0.625000
vt 0.017857 0.625000
vt 0.035714 0.625000
vt 0.053571 0.625000
vt 0.071429 0.625000
vt 0.089286 0.625000
vt 0.107143 0.625000
vt 0.125000 0.625000
vt 0.142857 0.625000
vt 0.160714 0.625000
vt 0.178571 0.625000
vt 0.196429 0.625000
vt 0.214286 0.625000
vt 0.232143 0.625000
vt 0.250000 0.625000
vt 0.267857 0.625000
vt 0.285714 0.625000
vt 0.303571 0.625000
vt 0.321429 0.625000
vt 0.339286 0.625000
vt 0.357143 0.625000
vt 0.375000 0.625000
vt 0.392857 0.625000
vt 0.410714 0.625000
vt 0.428571 0.625000
vt 0.446429 0.625000
vt 0.464286 0.625000
vt 0.482143 0.625000
vt 0.500000 0.625000
vt 0.517857 0.625000
vt 0.535714 0.625000
vt 0.553571 0.625000
vt 0.571429 0.625000
vt 0.589286 0.625000
vt 0.607143 0.625000
vt 0.625000 0.625000
vt 0.642857 0.625000
vt 0.660714 0.625000
vt 0.678571 0.625000
vt 0.696429 0.625000
vt 0.714286 0.625000
vt 0.732143 0.625000
vt 0.750000 0.625000
vt 0.767857 0.625000
vt 0.785714 0.625000
vt 0.803571 0.625000
vt 0.821429 0.625000
vt 0.839286 0.625000
vt 0.857143 0.625000
vt 0.875000 0.625000
vt 0.892857 0.625000
vt 0.910714 0.625000
vt 0.928571 0.625000
vt 0.946429 0.625000
vt 0.964286 0.625000
vt 0.982143 0.625000
vt 1.000000 0.625000
vt 0.000000 0.666667
vt 0.017857 0.666667
vt 0.035714 0.666667
vt 0.053571 0.666667
vt 0.071429 0.666667
vt 0.089286 0.666667
vt 0.107143 0.666667
vt 0.125000 0.666667
vt 0.142857 0.666667
vt 0.160714 0.666667
vt 0.178571 0.666667
vt 0.196429 0.666667
vt 0.214286 0.666667
vt 0.232143 0.666667
vt 0.250000 0.666667
vt 0.267857 0.666667
vt 0.285714 0.666667
vt 0.303571 0.666667
vt 0.321429 0.666667
vt 0.339286 0.666667
vt 0.357143 0.666667
vt 0.375000 0.666667
vt 0.392857 0.666667
vt 0.410714 0.666667
vt 0.428571 0.666667
vt 0.446429 0.666667
vt 0.464286 0.666667
vt 0.482143 0.666667
vt 0.500000 0.666667
vt 0.517857 0.666667
vt 0.535714 0.666667
vt 0.553571 0.666667
vt 0.571429 0.666667
vt 0.589286 0.666667
vt 0.607143 0.666667
vt 0.625000 0.666667
vt 0.642857 0.666667
vt 0.660714 0.666667
vt 0.678571 0.666667
vt 0.696429 0.666667
vt 0.714286 0.666667
vt 0.732143 0.666667
vt 0.750000 0.666667
vt 0.767857 0.666667
vt 0.785714 0.666667
vt 0.803571 0.666667
vt 0.821429 0.666667
vt 0.839286 0.666667
vt 0.857143 0.666667
vt 0.875000 0.666667
vt 0.892857 0.666667
vt 0.910714 0.666667
vt 0.928571 0.666667
vt 0.946429 0.666667
vt 0.964286 0.666667
vt 0.982143 0.666667
vt 1.000000 0.666667
vt 0.000000 0.708333
vt 0.017857 0.708333
vt 0.035714 0.708333
vt 0.053571 0.708333
vt 0.071429 0.708333
vt 0.089286 0.708333
vt 0.107143 0.708333
vt 0.125000 0.708333
vt 0.142857 0.708333
vt 0.160714 0.708333
vt 0.178571 0.708333
vt 0.196429 0.708333
vt 0.214286 0.708333
vt 0.232143 0.708333
vt 0.250000 0.708333
vt 0.267857 0.708333
vt 0.285714 0.708333
vt 0.303571 0.708333
vt 0.321429 0.708333
vt 0.339286 0.708333
vt 0.357143 0.708333
vt 0.375000 0.708333
vt 0.392857 0.708333
vt 0.410714 0.708333
vt 0.428571 0.708333
vt 0.446429 0.708333
vt 0.464286 0.708333
vt 0.482143 0.708333
vt 0.500000 0.708333
vt 0.517857 0.708333
vt 0.535714 0.708333
vt 0.553571 0.708333
vt 0.571429 0.708333
vt 0.589286 0.708333
vt 0.607143 0.708333
vt 0.625000 0.708333
vt 0.642857 0.708333
vt 0.660714 0.708333
vt 0.678571 0.708333
vt 0.696429 0.708333
vt 0.714286 0.708333
vt 0.732143 0.708333
vt 0.750000 0.708333
vt 0.767857 0.708333
vt 0.785714 0.708333
vt 0.803571 0.708333
vt 0.821429 0.708333
vt 0.839286 0.708333
vt 0.857143 0.708333
vt 0.875000 0.708333
vt 0.892857 0.708333
vt 0.910714 0.708333
vt 0.928571 0.708333
vt 0.946429 0.708333
vt 0.964286 0.708333
vt 0.982143 0.708333
vt 1.000000 0.708333
vt 0.000000 0.750000
vt 0.017857 0.750000
vt 0.035714 0.750000
vt 0.053571 0.750000
vt 0.071429 0.750000
vt 0.089286 0.750000
vt 0.107143 0.750000
vt 0.125000 0.750000
vt 0.142857 0.750000
vt 0.160714 0.750000
vt 0.178571 0.750000
vt 0.196429 0.750000
vt 0.214286 0.750000
vt 0.232143 0.750000
vt 0.250000 0.750000
vt 0.267857 0.750000
vt 0.285714 0.750000
vt 0.303571 0.750000
vt 0.321429 0.750000
vt 0.339286 0.750000
vt 0.357143 0.750000
vt 0.375000 0.750000
vt 0.392857 0.750000
vt 0.410714 0.750000
vt 0.428571 0.750000
vt 0.446429 0.750000
vt 0.464286 0.750000
vt 0.482143 0.750000
vt 0.500000 0.750000
vt 0.517857 0.750000
vt 0.535714 0.750000
vt 0.553571 0.750000
vt 0.571429 0.750000
vt 0.589286 0.750000
vt 0.607143 0.750000
vt 0.625000 0.750000
vt 0.642857 0.750000
vt 0.660714 0.750000
vt 0.678571 0.750000
vt 0.696429 0.750000
vt 0.714286 0.750000
vt 0.732143 0.750000
vt 0.750000 0.750000
vt 0.767857 0.750000
vt 0.785714 0.750000
vt 0.803571 0.750000
vt 0.821429 0.750000
vt 0.839286 0.750000
vt 0.857143 0.750000
vt 0.875000 0.750000
vt 0.892857 0.750000
vt 0.910714 0.750000
vt 0.928571 0.750000
vt 0.946429 0.750000
vt 0.964286 0.750000
vt 0.982143 0.750000
vt 1.000000 0.750000
vt 0.000000 0.791667
vt 0.017857 0.791667
vt 0.035714 0.791667
vt 0.053571 0.791667
vt 0.071429 0.791667
vt 0.089286 0.791667
vt 0.107143 0.791667
vt 0.125000 0.791667
vt 0.142857 0.791667
vt 0.160714 0.791667
vt 0.178571 0.791667
vt 0.196429 0.791667
vt 0.214286 0.791667
vt 0.232143 0.791667
vt 0.250000 0.791667
vt 0.267857 0.791667
vt 0.285714 0.791667
vt 0.303571 0.791667
vt 0.321429 0.791667
vt 0.339286 0.791667
vt 0.357143 0.791667
vt 0.375000 0.791667
vt 0.392857 0.791667
vt 0.410714 0.791667
vt 0.428571 0.791667
vt 0.446429 0.791667
vt 0.464286 0.791667
vt 0.482143 0.791667
vt 0.500000 0.791667
vt 0.517857 0.791667
vt 0.535714 0.791667
vt 0.553571 0.791667
vt 0.571429 0.791667
vt 0.589286 0.791667
vt 0.607143 0.791667
vt 0.625000 0.791667
vt 0.642857 0.791667
vt 0.660714 0.791667
vt 0.678571 0.791667
vt 0.696429 0.791667
vt 0.714286 0.791667
vt 0.732143 0.791667
vt 0.750000 0.791667
vt 0.767857 0.791667
vt 0.785714 0.791667
vt 0.803571 0.791667
vt 0.821429 0.791667
vt 0.839286 0.791667
vt 0.857143 0.791667
vt 0.875000 0.791667
vt 0.892857 0.791667
vt 0.910714 0.791667
vt 0.928571 0.791667
vt 0.946429 0.791667
vt 0.964286 0.791667
vt 0.982143 0.791667
vt 1.000000 0.791667
vt 0.000000 0.833333
vt 0.017857 0.833333
vt 0.035714 0.833333
vt 0.053571 0.833333
vt 0.071429 0.833333
vt 0.089286 0.833333
vt 0.107143 0.833333
vt 0.125000 0.833333
vt 0.142857 0.833333
vt 0.160714 0.833333
vt 0.178571 0.833333
vt 0.196429 0.833333
vt 0.214286 0.833333
vt 0.232143 0.833333
vt 0.250000 0.833333
vt 0.267857 0.833333
vt 0.285714 0.833333
vt 0.303571 0.833333
vt 0.321429 0.833333
vt 0.339286 0.833333
vt 0.357143 0.833333
vt 0.375000 0.833333
vt 0.392857 0.833333
vt 0.410714 0.833333
vt 0.428571 0.833333
vt 0.446429 0.833333
vt 0.464286 0.833333
vt 0.482143 0.833333
vt 0.500000 0.833333
vt 0.517857 0.833333
vt 0.535714 0.833333
vt 0.553571 0.833333
vt 0.571429 0.833333
vt 0.589286 0.833333
vt 0.607143 0.833333
vt 0.625000 0.833333
vt 0.642857 0.833333
vt 0.660714 0.833333
vt 0.678571 0.833333
vt 0.696429 0.833333
vt 0.714286 0.833333
vt 0.732143 0.833333
vt 0.750000 0.833333
vt 0.767857 0.833333
vt 0.785714 0.833333
vt 0.803571 0.833333
vt 0.821429 0.833333
vt 0.839286 0.833333
vt 0.857143 0.833333
vt 0.875000 0.833333
vt 0.892857 0.833333
vt 0.910714 0.833333
vt 0.928571 0.833333
vt 0.946429 0.833333
vt 0.964286 0.833333
vt 0.982143 0.833333
vt 1.000000 0.833333
vt 0.000000 0.875000
vt 0.017857 0.875000
vt 0.035714 0.875000
vt 0.053571 0.875000
vt 0.071429 0.875000
vt 0.089286 0.875000
vt 0.107143 0.875000
vt 0.125000 0.875000
vt 0.142857 0.875000
vt 0.160714 0.875000
vt 0.178571 0.875000
vt 0.196429 0.875000
vt 0.214286 0.875000
vt 0.232143 0.875000
vt 0.250000 0.875000
vt 0.267857 0.875000
vt 0.285714 0.875000
vt 0.303571 0.875000
vt 0.321429 0.875000
vt 0.339286 0.875000
vt 0.357143 0.875000
vt 0.375000 0.875000
vt 0.392857 0.875000
vt 0.410714 0.875000
vt 0.428571 0.875000
vt 0.446429 0.875000
vt 0.464286 0.875000
vt 0.482143 0.875000
vt 0.500000 0.875000
vt 0.517857 0.875000
vt 0.535714 0.875000
vt 0.553571 0.875000
vt 0.571429 0.875000
vt 0.589286 0.875000
vt 0.607143 0.875000
vt 0.625000 0.875000
vt 0.642857 0.875000
vt 0.660714 0.875000
vt 0.678571 0.875000
vt 0.696429 0.875000
vt 0.714286 0.875000
vt 0.732143 0.875000
vt 0.750000 0.875000
vt 0.767857 0.875000
vt 0.785714 0.875000
vt 0.803571 0.875000
vt 0.821429 0.875000
vt 0.839286 0.875000
vt 0.857143 0.875000
vt 0.875000 0.875000
vt 0.892857 0.875000
vt 0.910714 0.875000
vt 0.928571 0.875000
vt 0.946429 0.875000
vt 0.964286 0.875000
vt 0.982143 0.875000
vt 1.000000 0.875000
vt 0.000000 0.916667
vt 0.017857 0.916667
vt 0.035714 0.916667
vt 0.053571 0.916667
vt 0.071429 0.916667
vt 0.089286 0.916667
vt 0.107143 0.916667
vt 0.125000 0.916667
vt 0.142857 0.916667
vt 0.160714 0.916667
vt 0.178571 0.916667
vt 0.196429 0.916667
vt 0.214286 0.916667
vt 0.232143 0.916667
vt 0.250000 0.916667
vt 0.267857 0.916667
vt 0.285714 0.916667
vt 0.303571 0.916667
vt 0.321429 0.916667
vt 0.339286 0.916667
vt 0.357143 0.916667
vt 0.375000 0.916667
vt 0.392857 0.916667
vt 0.410714 0.916667
vt 0.428571 0.916667
vt 0.446429 0.916667
vt 0.464286 0.916667
vt 0.482143 0.916667
vt 0.500000 0.916667
vt 0.517857 0.916667
vt 0.535714 0.916667
vt 0.553571 0.916667
vt 0.571429 0.916667
vt 0.589286 0.916667
vt 0.607143 0.916667
vt 0.625000 0.916667
vt 0.642857 0.916667
vt 0.660714 0.916667
vt 0.678571 0.916667
vt 0.696429 0.916667
vt 0.714286 0.916667
vt 0.732143 0.916667
vt 0.750000 0.916667
vt 0.767857 0.916667
vt 0.785714 0.916667
vt 0.803571 0.916667
vt 0.821429 0.916667
vt 0.839286 0.916667
vt 0.857143 0.916667
vt 0.875000 0.916667
vt 0.892857 0.916667
vt 0.910714 0.916667
vt 0.928571 0.916667
vt 0.946429 0.916667
vt 0.964286 0.916667
vt 0.982143 0.916667
vt 1.000000 0.916667
vt 0.000000 0.958333
vt 0.017857 0.958333
vt 0.035714 0.958333
vt 0.053571 0.958333
vt 0.071429 0.958333
vt 0.089286 0.958333
vt 0.107143 0.958333
vt 0.125000 0.958333
vt 0.142857 0.958333
vt 0.160714 0.958333
vt 0.178571 0.958333
vt 0.196429 0.958333
vt 0.214286 0.958333
vt 0.232143 0.958333
vt 0.250000 0.958333
vt 0.267857 0.958333
vt 0.285714 0.958333
vt 0.303571 0.958333
vt 0.321429 0.958333
vt 0.339286 0.958333
vt 0.357143 0.958333
vt 0.375000 0.958333
vt 0.392857 0.958333
vt 0.410714 0.958333
vt 0.428571 0.958333
vt 0.446429 0.958333
vt 0.464286 0.958333
vt 0.482143 0.958333
vt 0.500000 0.958333
vt 0.517857 0.958333
vt 0.535714 0.958333
vt 0.553571 0.958333
vt 0.571429 0.958333
vt 0.589286 0.958333
vt 0.607143 0.958333
vt 0.625000 0.958333
vt 0.642857 0.958333
vt 0.660714 0.958333
vt 0.678571 0.958333
vt 0.696429 0.958333
vt 0.714286 0.958333
vt 0.732143 0.958333
vt 0.750000 0.958333
vt 0.767857 0.958333
vt 0.785714 0.958333
vt 0.803571 0.958333
vt 0.821429 0.958333
vt 0.839286 0.958333
vt 0.857143 0.958333
vt 0.875000 0.958333
vt 0.892857 0.958333
vt 0.910714 0.958333
vt 0.928571 0.958333
vt 0.946429 0.958333
vt 0.964286 0.958333
vt 0.982143 0.958333
vt 1.000000 0.958333
vt 0.000000 1.000000
vt 0.017857 1.000000
vt 0.035714 1.000000
vt 0.053571 1.000000
vt 0.071429 1.000000
vt 0.089286 1.000000
vt 0.107143 1.000000
vt 0.125000 1.000000
vt 0.142857 1.000000
vt 0.160714 1.000000
vt 0.178571 1.000000
vt 0.196429 1.000000
vt 0.214286 1.000000
vt 0.232143 1.000000
vt 0.250000 1.000000
vt 0.267857 1.000000
vt 0.285714 1.000000
vt 0.303571 1.000000
vt 0.321429 1.000000
vt 0.339286 1.000000
vt 0.357143 1.000000
vt 0.375000 1.000000
vt 0.392857 1.000000
vt 0.410714 1.000000
vt 0.428571 1.000000
vt 0.446429 1.000000
vt 0.464286 1.000000
vt 0.482143 1.000000
vt 0.500000 1.000000
vt 0.517857 1.000000
vt 0.535714 1.000000
vt 0.553571 1.000000
vt 0.571429 1.000000
vt 0.589286 1.000000
vt 0.607143 1.000000
vt 0.625000 1.000000
vt 0.642857 1.000000
vt 0.660714 1.000000
vt 0.678571 1.000000
vt 0.696429 1.000000
vt 0.714286 1.000000
vt 0.732143 1.000000
vt 0.750000 1.000000
vt 0.767857 1.000000
vt 0.785714 1.000000
vt 0.803571 1.000000
vt 0.821429 1.000000
vt 0.839286 1.000000
vt 0.857143 1.000000
vt 0.875000 1.000000
vt 0.892857 1.000000
vt 0.910714 1.000000
vt 0.928571 1.000000
vt 0.946429 1.000000
vt 0.964286 1.000000
vt 0.982143 1.000000
vt 1.000000 1.000000
vt 0.000000 0.000000
vt 0.020833 0.000000
vt 0.041667 0.000000
vt 0.062500 0.000000
vt 0.083333 0.000000
vt 0.104167 0.000000
vt 0.125000 0.000000
vt 0.145833 0.000000
vt 0.166667 0.000000
vt 0.187500 0.000000
vt 0.208333 0.000000
vt 0.229167 0.000000
vt 0.250000 0.000000
vt 0.270833 0.000000
vt 0.291667 0.000000
vt 0.312500 0.000000
vt 0.333333 0.000000
vt 0.354167 0.000000
vt 0.375000 0.000000
vt 0.395833 0.000000
vt 0.416667 0.000000
vt 0.437500 0.000000
vt 0.458333 0.000000
vt 0.479167 0.000000
vt 0.500000 0.000000
vt 0.520833 0.000000
vt 0.541667 0.000000
vt 0.562500 0.000000
vt 0.583333 0.000000
vt 0.604167 0.000000
vt 0.625000 0.000000
vt 0.645833 0.000000
vt 0.666667 0.000000
vt 0.687500 0.000000
vt 0.708333 0.000000
vt 0.729167 0.000000
vt 0.750000 0.000000
vt 0.770833 0.000000
vt 0.791667 0.000000
vt 0.812500 0.000000
vt 0.833333 0.000000
vt 0.854167 0.000000
vt 0.875000 0.000000
vt 0.895833 0.000000
vt 0.916667 0.000000
vt 0.937500 0.000000
vt 0.958333 0.000000
vt 0.979167 0.000000
vt 1.000000 0.000000
vt 0.000000 0.071429
vt 0.020833 0.071429
vt 0.041667 0.071429
vt 0.062500 0.071429
vt 0.083333 0.071429
vt 0.104167 0.071429
vt 0.125000 0.071429
vt 0.145833 0.071429
vt 0.166667 0.071429
vt 0.187500 0.071429
vt 0.208333 0.071429
vt 0.229167 0.071429
vt 0.250000 0.071429
vt 0.270833 0.071429
vt 0.291667 0.071429
vt 0.312500 0.071429
vt 0.333333 0.071429
vt 0.354167 0.071429
vt 0.375000 0.071429
vt 0.395833 0.071429
vt 0.416667 0.071429
vt 0.437500 0.071429
vt 0.458333 0.071429
vt 0.479167 0.071429
vt 0.500000 0.071429
vt 0.520833 0.071429
vt 0.541667 0.071429
vt 0.562500 0.071429
vt 0.583333 0.071429
vt 0.604167 0.071429
vt 0.625000 0.071429
vt 0.645833 0.071429
vt 0.666667 0.071429
vt 0.687500 0.071429
vt 0.708333 0.071429
vt 0.729167 0.071429
vt 0.750000 0.071429
vt 0.770833 0.071429
vt 0.791667 0.071429
vt 0.812500 0.071429
vt 0.833333 0.071429
vt 0.854167 0.071429
vt 0.875000 0.071429
vt 0.895833 0.071429
vt 0.916667 0.071429
vt 0.937500 0.071429
vt 0.958333 0.071429
vt 0.979167 0.071429
vt 1.000000 0.071429
vt 0.000000 0.142857
vt 0.020833 0.142857
vt 0.041667 0.142857
vt 0.062500 0.142857
vt 0.083333 0.142857
vt 0.104167 0.142857
vt 0.125000 0.142857
vt 0.145833 0.142857
vt 0.166667 0.142857
vt 0.187500 0.142857
vt 0.208333 0.142857
vt 0.229167 0.142857
vt 0.250000 0.142857
vt 0.270833 0.142857
vt 0.291667 0.142857
vt 0.312500 0.142857
vt 0.333333 0.142857
vt 0.354167 0.142857
vt 0.375000 0.142857
vt 0.395833 0.142857
vt 0.416667 0.142857
vt 0.437500 0.142857
vt 0.458333 0.142857
vt 0.479167 0.142857
vt 0.500000 0.142857
vt 0.520833 0.142857
vt 0.541667 0.142857
vt 0.562500 0.142857
vt 0.583333 0.142857
vt 0.604167 0.142857
vt 0.625000 0.142857
vt 0.645833 0.142857
vt 0.666667 0.142857
vt 0.687500 0.142857
vt 0.708333 0.142857
vt 0.729167 0.142857
vt 0.750000 0.142857
vt 0.770833 0.142857
vt 0.791667 0.142857
vt 0.812500 0.142857
vt 0.833333 0.142857
vt 0.854167 0.142857
vt 0.875000 0.142857
vt 0.895833 0.142857
vt 0.916667 0.142857
vt 0.937500 0.142857
vt 0.958333 0.142857
vt 0.979167 0.142857
vt 1.000000 0.142857
vt 0.000000 0.214286
vt 0.020833 0.214286
vt 0.041667 0.214286
vt 0.062500 0.214286
vt 0.083333 0.214286
vt 0.104167 0.214286
vt 0.125000 0.214286
vt 0.145833 0.214286
vt 0.166667 0.214286
vt 0.187500 0.214286
vt 0.208333 0.214286
vt 0.229167 0.214286
vt 0.250000 0.214286
vt 0.270833 0.214286
vt 0.291667 0.214286
vt 0.312500 0.214286
vt 0.333333 0.214286
vt 0.354167 0.214286
vt 0.375000 0.214286
vt 0.395833 0.214286
vt 0.416667 0.214286
vt 0.437500 0.214286
vt 0.458333 0.214286
vt 0.479167 0.214286
vt 0.500000 0.214286
vt 0.520833 0.214286
vt 0.541667 0.214286
vt 0.562500 0.214286
vt 0.583333 0.214286
vt 0.604167 0.214286
vt 0.625000 0.214286
vt 0.645833 0.214286
vt 0.666667 0.214286
vt 0.687500 0.214286
vt 0.708333 0.214286
vt 0.729167 0.214286
vt 0.750000 0.214286
vt 0.770833 0.214286
vt 0.791667 0.214286
vt 0.812500 0.214286
vt 0.833333 0.214286
vt 0.854167 0.214286
vt 0.875000 0.214286
vt 0.895833 0.214286
vt 0.916667 0.214286
vt 0.937500 0.214286
vt 0.958333 0.214286
vt 0.979167 0.214286
vt 1.000000 0.214286
vt 0.000000 0.285714
vt 0.020833 0.285714
vt 0.041667 0.285714
vt 0.062500 0.285714
vt 0.083333 0.285714
vt 0.104167 0.285714
vt 0.125000 0.285714
vt 0.145833 0.285714
vt 0.166667 0.285714
vt 0.187500 0.285714
vt 0.208333 0.285714
vt 0.229167 0.285714
vt 0.250000 0.285714
vt 0.270833 0.285714
vt 0.291667 0.285714
vt 0.312500 0.285714
vt 0.333333 0.285714
vt 0.354167 0.285714
vt 0.375000 0.285714
vt 0.395833 0.285714
vt 0.416667 0.285714
vt 0.437500 0.285714
vt 0.458333 0.285714
vt 0.479167 0.285714
vt 0.500000 0.285714
vt 0.520833 0.285714
vt 0.541667 0.285714
vt 0.562500 0.285714
vt 0.583333 0.285714
vt 0.604167 0.285714
vt 0.625000 0.285714
vt 0.645833 0.285714
vt 0.666667 0.285714
vt 0.687500 0.285714
vt 0.708333 0.285714
vt 0.729167 0.285714
vt 0.750000 0.285714
vt 0.770833 0.285714
vt 0.791667 0.285714
vt 0.812500 0.285714
vt 0.833333 0.285714
vt 0.854167 0.285714
vt 0.875000 0.285714
vt 0.895833 0.285714
vt 0.916667 0.285714
vt 0.937500 0.285714
vt 0.958333 0.285714
vt 0.979167 0.285714
vt 1.000000 0.285714
vt 0.000000 0.357143
vt 0.020833 0.357143
vt 0.041667 0.357143
vt 0.062500 0.357143
vt 0.083333 0.357143
vt 0.104167 0.357143
vt 0.125000 0.357143
vt 0.145833 0.357143
vt 0.166667 0.357143
vt 0.187500 0.357143
vt 0.208333 0.357143
vt 0.229167 0.357143
vt 0.250000 0.357143
vt 0.270833 0.357143
vt 0.291667 0.357143
vt 0.312500 0.357143
vt 0.333333 0.357143
vt 0.354167 0.357143
vt 0.375000 0.357143
vt 0.395833 0.357143
vt 0.416667 0.357143
vt 0.437500 0.357143
vt 0.458333 0.357143
vt 0.479167 0.357143
vt 0.500000 0.357143
vt 0.520833 0.357143
vt 0.541667 0.357143
vt 0.562500 0.357143
vt 0.583333 0.357143
vt 0.604167 0.357143
vt 0.625000 0.357143
vt 0.645833 0.357143
vt 0.666667 0.357143
vt 0.687500 0.357143
vt 0.708333 0.357143
vt 0.729167 0.357143
vt 0.750000 0.357143
vt 0.770833 0.357143
vt 0.791667 0.357143
vt 0.812500 0.357143
vt 0.833333 0.357143
vt 0.854167 0.357143
vt 0.875000 0.357143
vt 0.895833 0.357143
vt 0.916667 0.357143
vt 0.937500 0.357143
vt 0.958333 0.357143
vt 0.979167 0.357143
vt 1.000000 0.357143
vt 0.000000 0.428571
vt 0.020833 0.428571
vt 0.041667 0.428571
vt 0.062500 0.428571
vt 0.083333 0.428571
vt 0.104167 0.428571
vt 0.125000 0.428571
vt 0.145833 0.428571
vt 0.166667 0.428571
vt 0.187500 0.428571
vt 0.208333 0.428571
vt 0.229167 0.428571
vt 0.250000 0.428571
vt 0.270833 0.428571
vt 0.291667 0.428571
vt 0.312500 0.428571
vt 0.333333 0.428571
vt 0.354167 0.428571
vt 0.375000 0.428571
vt 0.395833 0.428571
vt 0.416667 0.428571
vt 0.437500 0.428571
vt 0.458333 0.428571
vt 0.479167 0.428571
vt 0.500000 0.428571
vt 0.520833 0.428571
vt 0.541667 0.428571
vt 0.562500 0.428571
vt 0.583333 0.428571
vt 0.604167 0.428571
vt 0.625000 0.428571
vt 0.645833 0.428571
vt 0.666667 0.428571
vt 0.687500 0.428571
vt 0.708333 0.428571
vt 0.729167 0.428571
vt 0.750000 0.428571
vt 0.770833 0.428571
vt 0.791667 0.428571
vt 0.812500 0.428571
vt 0.833333 0.428571
vt 0.854167 0.428571
vt 0.875000 0.428571
vt 0.895833 0.428571
vt 0.916667 0.428571
vt 0.937500 0.428571
vt 0.958333 0.428571
vt 0.979167 0.428571
vt 1.000000 0.428571
vt 0.000000 0.500000
vt 0.020833 0.500000
vt 0.041667 0.500000
vt 0.062500 0.500000
vt 0.083333 0.500000
vt 0.104167 0.500000
vt 0.125000 0.500000
vt 0.145833 0.500000
vt 0.166667 0.500000
vt 0.187500 0.500000
vt 0.208333 0.500000
vt 0.229167 0.500000
vt 0.250000 0.500000
vt 0.270833 0.500000
vt 0.291667 0.500000
vt 0.312500 0.500000
vt 0.333333 0.500000
vt 0.354167 0.500000
vt 0.375000 0.500000
vt 0.395833 0.500000
vt 0.416667 0.500000
vt 0.437500 0.500000
vt 0.458333 0.500000
vt 0.479167 0.500000
vt 0.500000 0.500000
vt 0.520833 0.500000
vt 0.541667 0.500000
vt 0.562500 0.500000
vt 0.583333 0.500000
vt 0.604167 0.500000
vt 0.625000 0.500000
vt 0.645833 0.500000
vt 0.666667 0.500000
vt 0.687500 0.500000
vt 0.708333 0.500000
vt 0.729167 0.500000
vt 0.750000 0.500000
vt 0.770833 0.500000
vt 0.791667 0.500000
vt 0.812500 0.500000
vt 0.833333 0.500000
vt 0.854167 0.500000
vt 0.875000 0.500000
vt 0.895833 0.500000
vt 0.916667 0.500000
vt 0.937500 0.500000
vt 0.958333 0.500000
vt 0.979167 0.500000
vt 1.000000 0.500000
vt 0.000000 0.571429
vt 0.020833 0.571429
vt 0.041667 0.571429
vt 0.062500 0.571429
vt 0.083333 0.571429
vt 0.104167 0.571429
vt 0.125000 0.571429
vt 0.145833 0.571429
vt 0.166667 0.571429
vt 0.187500 0.571429
vt 0.208333 0.571429
vt 0.229167 0.571429
vt 0.250000 0.571429
vt 0.270833 0.571429
vt 0.291667 0.571429
vt 0.312500 0.571429
vt 0.333333 0.571429
vt 0.354167 0.571429
vt 0.375000 0.571429
vt 0.395833 0.571429
vt 0.416667 0.571429
vt 0.437500 0.571429
vt 0.458333 0.571429
vt 0.479167 0.571429
vt 0.500000 0.571429
vt 0.520833 0.571429
vt 0.541667 0.571429
vt 0.562500 0.571429
vt 0.583333 0.571429
vt 0.604167 0.571429
vt 0.625000 0.571429
vt 0.645833 0.571429
vt 0.666667 0.571429
vt 0.687500 0.571429
vt 0.708333 0.571429
vt 0.729167 0.571429
vt 0.750000 0.571429
vt 0.770833 0.571429
vt 0.791667 0.571429
vt 0.812500 0.571429
vt 0.833333 0.571429
vt 0.854167 0.571429
vt 0.875000 0.571429
vt 0.895833 0.571429
vt 0.916667 0.571429
vt 0.937500 0.571429
vt 0.958333 0.571429
vt 0.979167 0.571429
vt 1.000000 0.571429
vt 0.000000 0.642857
vt 0.020833 0.642857
vt 0.041667 0.642857
vt 0.062500 0.642857
vt 0.083333 0.642857
vt 0.104167 0.642857
vt 0.125000 0.642857
vt 0.145833 0.642857
vt 0.166667 0.642857
vt 0.187500 0.642857
vt 0.208333 0.642857
vt 0.229167 0.642857
vt 0.250000 0.642857
vt 0.270833 0.642857
vt 0.291667 0.642857
vt 0.312500 0.642857
vt 0.333333 0.642857
vt 0.354167 0.642857
vt 0.375000 0.642857
vt 0.395833 0.642857
vt 0.416667 0.642857
vt 0.437500 0.642857
vt 0.458333 0.642857
vt 0.479167 0.642857
vt 0.500000 0.642857
vt 0.520833 0.642857
vt 0.541667 0.642857
vt 0.562500 0.642857
vt 0.583333 0.642857
vt 0.604167 0.642857
vt 0.625000 0.642857
vt 0.645833 0.642857
vt 0.666667 0.642857
vt 0.687500 0.642857
vt 0.708333 0.642857
vt 0.729167 0.642857
vt 0.750000 0.642857
vt 0.770833 0.642857
vt 0.791667 0.642857
vt 0.812500 0.642857
vt 0.833333 0.642857
vt 0.854167 0.642857
vt 0.875000 0.642857
vt 0.895833 0.642857
vt 0.916667 0.642857
vt 0.937500 0.642857
vt 0.958333 0.642857
vt 0.979167 0.642857
vt 1.000000 0.642857
vt 0.000000 0.714286
vt 0.020833 0.714286
vt 0.041667 0.714286
vt 0.062500 0.714286
vt 0.083333 0.714286
vt 0.104167 0.714286
vt 0.125000 0.714286
vt 0.145833 0.714286
vt 0.166667 0.714286
vt 0.187500 0.714286
vt 0.208333 0.714286
vt 0.229167 0.714286
vt 0.250000 0.714286
vt 0.270833 0.714286
vt 0.291667 0.714286
vt 0.312500 0.714286
vt 0.333333 0.714286
vt 0.354167 0.714286
vt 0.375000 0.714286
vt 0.395833 0.714286
vt 0.416667 0.714286
vt 0.437500 0.714286
vt 0.458333 0.714286
vt 0.479167 0.714286
vt 0.500000 0.714286
vt 0.520833 0.714286
vt 0.541667 0.714286
vt 0.562500 0.714286
vt 0.583333 0.714286
vt 0.604167 0.714286
vt 0.625000 0.714286
vt 0.645833 0.714286
vt 0.666667 0.714286
vt 0.687500 0.714286
vt 0.708333 0.714286
vt 0.729167 0.714286
vt 0.750000 0.714286
vt 0.770833 0.714286
vt 0.791667 0.714286
vt 0.812500 0.714286
vt 0.833333 0.714286
vt 0.854167 0.714286
vt 0.875000 0.714286
vt 0.895833 0.714286
vt 0.916667 0.714286
vt 0.937500 0.714286
vt 0.958333 0.714286
vt 0.979167 0.714286
vt 1.000000 0.714286
vt 0.000000 0.785714
vt 0.020833 0.785714
vt 0.041667 0.785714
vt 0.062500 0.785714
vt 0.083333 0.785714
vt 0.104167 0.785714
vt 0.125000 0.785714
vt 0.145833 0.785714
vt 0.166667 0.785714
vt 0.187500 0.785714
vt 0.208333 0.785714
vt 0.229167 0.785714
vt 0.250000 0.785714
vt 0.270833 0.785714
vt 0.291667 0.785714
vt 0.312500 0.785714
vt 0.333333 0.785714
vt 0.354167 0.785714
vt 0.375000 0.785714
vt 0.395833 0.785714
vt 0.416667 0.785714
vt 0.437500 0.785714
vt 0.458333 0.785714
vt 0.479167 0.785714
vt 0.500000 0.785714
vt 0.520833 0.785714
vt 0.541667 0.785714
vt 0.562500 0.785714
vt 0.583333 0.785714
vt 0.604167 0.785714
vt 0.625000 0.785714
vt 0.645833 0.785714
vt 0.666667 0.785714
vt 0.687500 0.785714
vt 0.708333 0.785714
vt 0.729167 0.785714
vt 0.750000 0.785714
vt 0.770833 0.785714
vt 0.791667 0.785714
vt 0.812500 0.785714
vt 0.833333 0.785714
vt 0.854167 0.785714
vt 0.875000 0.785714
vt 0.895833 0.785714
vt 0.916667 0.785714
vt 0.937500 0.785714
vt 0.958333 0.785714
vt 0.979167 0.785714
vt 1.000000 0.785714
vt 0.000000 0.857143
vt 0.020833 0.857143
vt 0.041667 0.857143
vt 0.062500 0.857143
vt 0.083333 0.857143
vt 0.104167 0.857143
vt 0.125000 0.857143
vt 0.145833 0.857143
vt 0.166667 0.857143
vt 0.187500 0.857143
vt 0.208333 0.857143
vt 0.229167 0.857143
vt 0.250000 0.857143
vt 0.270833 0.857143
vt 0.291667 0.857143
vt 0.312500 0.857143
vt 0.333333 0.857143
vt 0.354167 0.857143
vt 0.375000 0.857143
vt 0.395833 0.857143
vt 0.416667 0.857143
vt 0.437500 0.857143
vt 0.458333 0.857143
vt 0.479167 0.857143
vt 0.500000 0.857143
vt 0.520833 0.857143
vt 0.541667 0.857143
vt 0.562500 0.857143
vt 0.583333 0.857143
vt 0.604167 0.857143
vt 0.625000 0.857143
vt 0.645833 0.857143
vt 0.666667 0.857143
vt 0.687500 0.857143
vt 0.708333 0.857143
vt 0.729167 0.857143
vt 0.750000 0.857143
vt 0.770833 0.857143
vt 0.791667 0.857143
vt 0.812500 0.857143
vt 0.833333 0.857143
vt 0.854167 0.857143
vt 0.875000 0.857143
vt 0.895833 0.857143
vt 0.916667 0.857143
vt 0.937500 0.857143
vt 0.958333 0.857143
vt 0.979167 0.857143
vt 1.000000 0.857143
vt 0.000000 0.928571
vt 0.020833 0.928571
vt 0.041667 0.928571
vt 0.062500 0.928571
vt 0.083333 0.928571
vt 0.104167 0.928571
vt 0.125000 0.928571
vt 0.145833 0.928571
vt 0.166667 0.928571
vt 0.187500 0.928571
vt 0.208333 0.928571
vt 0.229167 0.928571
vt 0.250000 0.928571
vt 0.270833 0.928571
vt 0.291667 0.928571
vt 0.312500 0.928571
vt 0.333333 0.928571
vt 0.354167 0.928571
vt 0.375000 0.928571
vt 0.395833 0.928571
vt 0.416667 0.928571
vt 0.437500 0.928571
vt 0.458333 0.928571
vt 0.479167 0.928571
vt 0.500000 0.928571
vt 0.520833 0.928571
vt 0.541667 0.928571
vt 0.562500 0.928571
vt 0.583333 0.928571
vt 0.604167 0.928571
vt 0.625000 0.928571
vt 0.645833 0.928571
vt 0.666667 0.928571
vt 0.687500 0.928571
vt 0.708333 0.928571
vt 0.729167 0.928571
vt 0.750000 0.928571
vt 0.770833 0.928571
vt 0.791667 0.928571
vt 0.812500 0.928571
vt 0.833333 0.928571
vt 0.854167 0.928571
vt 0.875000 0.928571
vt 0.895833 0.928571
vt 0.916667 0.928571
vt 0.937500 0.928571
vt 0.958333 0.928571
vt 0.979167 0.928571
vt 1.000000 0.928571
vt 0.000000 1.000000
vt 0.020833 1.000000
vt 0.041667 1.000000
vt 0.062500 1.000000
vt 0.083333 1.000000
vt 0.104167 1.000000
vt 0.125000 1.000000
vt 0.145833 1.000000
vt 0.166667 1.000000
vt 0.187500 1.000000
vt 0.208333 1.000000
vt 0.229167 1.000000
vt 0.250000 1.000000
vt 0.270833 1.000000
vt 0.291667 1.000000
vt 0.312500 1.000000
vt 0.333333 1.000000
vt 0.354167 1.000000
vt 0.375000 1.000000
vt 0.395833 1.000000
vt 0.416667 1.000000
vt 0.437500 1.000000
vt 0.458333 1.000000
vt 0.479167 1.000000
vt 0.500000 1.000000
vt 0.520833 1.000000
vt 0.541667 1.000000
vt 0.562500 1.000000
vt 0.583333 1.000000
vt 0.604167 1.000000
vt 0.625000 1.000000
vt 0.645833 1.000000
vt 0.666667 1.000000
vt 0.687500 1.000000
vt 0.708333 1.000000
vt 0.729167 1.000000
vt 0.750000 1.000000
vt 0.770833 1.000000
vt 0.791667 1.000000
vt 0.812500 1.000000
vt 0.833333 1.000000
vt 0.854167 1.000000
vt 0.875000 1.000000
vt 0.895833 1.000000
vt 0.916667 1.000000
vt 0.937500 1.000000
vt 0.958333 1.000000
vt 0.979167 1.000000
vt 1.000000 1.000000
vt 0.000000 0.000000
vt 0.000000 0.125000
vt 0.000000 0.250000
vt 0.000000 0.375000
vt 0.000000 0.500000
vt 0.000000 0.625000
vt 0.000000 0.750000
vt 0.000000 0.875000
vt 0.000000 1.000000
vt 0.017857 0.000000
vt 0.017857 0.125000
vt 0.017857 0.250000
vt 0.017857 0.375000
vt 0.017857 0.500000
vt 0.017857 0.625000
vt 0.017857 0.750000
vt 0.017857 0.875000
vt 0.017857 1.000000
vt 0.035714 0.000000
vt 0.035714 0.125000
vt 0.035714 0.250000
vt 0.035714 0.375000
vt 0.035714 0.500000
vt 0.035714 0.625000
vt 0.035714 0.750000
vt 0.035714 0.875000
vt 0.035714 1.000000
vt 0.053571 0.000000
vt 0.053571 0.125000
vt 0.053571 0.250000
vt 0.053571 0.375000
vt 0.053571 0.500000
vt 0.053571 0.625000
vt 0.053571 0.750000
vt 0.053571 0.875000
vt 0.053571 1.000000
vt 0.071429 0.000000
vt 0.071429 0.125000
vt 0.071429 0.250000
vt 0.071429 0.375000
vt 0.071429 0.500000
vt 0.071429 0.625000
vt 0.071429 0.750000
vt 0.071429 0.875000
vt 0.071429 1.000000
vt 0.089286 0.000000
vt 0.089286 0.125000
vt 0.089286 0.250000
vt 0.089286 0.375000
vt 0.089286 0.500000
vt 0.089286 0.625000
vt 0.089286 0.750000
vt 0.089286 0.875000
vt 0.089286 1.000000
vt 0.107143 0.000000
vt 0.107143 0.125000
vt 0.107143 0.250000
vt 0.107143 0.375000
vt 0.107143 0.500000
vt 0.107143 0.625000
vt 0.107143 0.750000
vt 0.107143 0.875000
vt 0.107143 1.000000
vt 0.125000 0.000000
vt 0.125000 0.125000
vt 0.125000 0.250000
vt 0.125000 0.375000
vt 0.125000 0.500000
vt 0.125000 0.625000
vt 0.125000 0.750000
vt 0.125000 0.875000
vt 0.125000 1.000000
vt 0.142857 0.000000
vt 0.142857 0.125000
vt 0.142857 0.250000
vt 0.142857 0.375000
vt 0.142857 0.500000
vt 0.142857 0.625000
vt 0.142857 0.750000
vt 0.142857 0.875000
vt 0.142857 1.000000
vt 0.160714 0.000000
vt 0.160714 0.125000
vt 0.160714 0.250000
vt 0.160714 0.375000
vt 0.160714 0.500000
vt 0.160714 0.625000
vt 0.160714 0.750000
vt 0.160714 0.875000
vt 0.160714 1.000000
vt 0.178571 0.000000
vt 0.178571 0.125000
vt 0.178571 0.250000
vt 0.178571 0.375000
vt 0.178571 0.500000
vt 0.178571 0.625000
vt 0.178571 0.750000
vt 0.178571 0.875000
vt 0.178571 1.000000
vt 0.196429 0.000000
vt 0.196429 0.125000
vt 0.196429 0.250000
vt 0.196429 0.375000
vt 0.196429 0.500000
vt 0.196429 0.625000
vt 0.196429 0.750000
vt 0.196429 0.875000
vt 0.196429 1.000000
vt 0.214286 0.000000
vt 0.214286 0.125000
vt 0.214286 0.250000
vt 0.214286 0.375000
vt 0.214286 0.500000
vt 0.214286 0.625000
vt 0.214286 0.750000
vt 0.214286 0.875000
vt 0.214286 1.000000
vt 0.232143 0.000000
vt 0.232143 0.125000
vt 0.232143 0.250000
vt 0.232143 0.375000
vt 0.232143 0.500000
vt 0.232143 0.625000
vt 0.232143 0.750000
vt 0.232143 0.875000
vt 0.232143 1.000000
vt 0.250000 0.000000
vt 0.250000 0.125000
vt 0.250000 0.250000
vt 0.250000 0.375000
vt 0.250000 0.500000
vt 0.250000 0.625000
vt 0.250000 0.750000
vt 0.250000 0.875000
vt 0.250000 1.000000
vt 0.267857 0.000000
vt 0.267857 0.125000
vt 0.267857 0.250000
vt 0.267857 0.375000
vt 0.267857 0.500000
vt 0.267857 0.625000
vt 0.267857 0.750000
vt 0.267857 0.875000
vt 0.267857 1.000000
vt 0.285714 0.000000
vt 0.285714 0.125000
vt 0.285714 0.250000
vt 0.285714 0.375000
vt 0.285714 0.500000
vt 0.285714 0.625000
vt 0.285714 0.750000
vt 0.285714 0.875000
vt 0.285714 1.000000
vt 0.303571 0.000000
vt 0.303571 0.125000
vt 0.303571 0.250000
vt 0.303571 0.375000
vt 0.303571 0.500000
vt 0.303571 0.625000
vt 0.303571 0.750000
vt 0.303571 0.875000
vt 0.303571 1.000000
vt 0.321429 0.000000
vt 0.321429 0.125000
vt 0.321429 0.250000
vt 0.321429 0.375000
vt 0.321429 0.500000
vt 0.321429 0.625000
vt 0.321429 0.750000
vt 0.321429 0.875000
vt 0.321429 1.000000
vt 0.339286 0.000000
vt 0.339286 0.125000
vt 0.339286 0.250000
vt 0.339286 0.375000
vt 0.339286 0.500000
vt 0.339286 0.625000
vt 0.339286 0.750000
vt 0.339286 0.875000
vt 0.339286 1.000000
vt 0.357143 0.000000
vt 0.357143 0.125000
vt 0.357143 0.250000
vt 0.357143 0.375000
vt 0.357143 0.500000
vt 0.357143 0.625000
vt 0.357143 0.750000
vt 0.357143 0.875000
vt 0.357143 1.000000
vt 0.375000 0.000000
vt 0.375000 0.125000
vt 0.375000 0.250000
vt 0.375000 0.375000
vt 0.375000 0.500000
vt 0.375000 0.625000
vt 0.375000 0.750000
vt 0.375000 0.875000
vt 0.375000 1.000000
vt 0.392857 0.000000
vt 0.392857 0.125000
vt 0.392857 0.250000
vt 0.392857 0.375000
vt 0.392857 0.500000
vt 0.392857 0.625000
vt 0.392857 0.750000
vt 0.392857 0.875000
vt 0.392857 1.000000
vt 0.410714 0.000000
vt 0.410714 0.125000
vt 0.410714 0.250000
vt 0.410714 0.375000
vt 0.410714 0.500000
vt 0.410714 0.625000
vt 0.410714 0.750000
vt 0.410714 0.875000
vt 0.410714 1.000000
vt 0.428571 0.000000
vt 0.428571 0.125000
vt 0.428571 0.250000
vt 0.428571 0.375000
vt 0.428571 0.500000
vt 0.428571 0.625000
vt 0.428571 0.750000
vt 0.428571 0.875000
vt 0.428571 1.000000
vt 0.446429 0.000000
vt 0.446429 0.125000
vt 0.446429 0.250000
vt 0.446429 0.375000
vt 0.446429 0.500000
vt 0.446429 0.625000
vt 0.446429 0.750000
vt 0.446429 0.875000
vt 0.446429 1.000000
vt 0.464286 0.000000
vt 0.464286 0.125000
vt 0.464286 0.250000
vt 0.464286 0.375000
vt 0.464286 0.500000
vt 0.464286 0.625000
vt 0.464286 0.750000
vt 0.464286 0.875000
vt 0.464286 1.000000
vt 0.482143 0.000000
vt 0.482143 0.125000
vt 0.482143 0.250000
vt 0.482143 0.375000
vt 0.482143 0.500000
vt 0.482143 0.625000
vt 0.482143 0.750000
vt 0.482143 0.875000
vt 0.482143 1.000000
vt 0.500000 0.000000
vt 0.500000 0.125000
vt 0.500000 0.250000
vt 0.500000 0.375000
vt 0.500000 0.500000
vt 0.500000 0.625000
vt 0.500000 0.750000
vt 0.500000 0.875000
vt 0.500000 1.000000
vt 0.517857 0.000000
vt 0.517857 0.125000
vt 0.517857 0.250000
vt 0.517857 0.375000
vt 0.517857 0.500000
vt 0.517857 0.625000
vt 0.517857 0.750000
vt 0.517857 0.875000
vt 0.517857 1.000000
vt 0.535714 0.000000
vt 0.535714 0.125000
vt 0.535714 0.250000
vt 0.535714 0.375000
vt 0.535714 0.500000
vt 0.535714 0.625000
vt 0.535714 0.750000
vt 0.535714 0.875000
vt 0.535714 1.000000
vt 0.553571 0.000000
vt 0.553571 0.125000
vt 0.553571 0.250000
vt 0.553571 0.375000
vt 0.553571 0.500000
vt 0.553571 0.625000
vt 0.553571 0.750000
vt 0.553571 0.875000
vt 0.553571 1.000000
vt 0.571429 0.000000
vt 0.571429 0.125000
vt 0.571429 0.250000
vt 0.571429 0.375000
vt 0.571429 0.500000
vt 0.571429 0.625000
vt 0.571429 0.750000
vt 0.571429 0.875000
vt 0.571429 1.000000
vt 0.589286 0.000000
vt 0.589286 0.125000
vt 0.589286 0.250000
vt 0.589286 0.375000
vt 0.589286 0.500000
vt 0.589286 0.625000
vt 0.589286 0.750000
vt 0.589286 0.875000
vt 0.589286 1.000000
vt 0.607143 0.000000
vt 0.607143 0.125000
vt 0.607143 0.250000
vt 0.607143 0.375000
vt 0.607143 0.500000
vt 0.607143 0.625000
vt 0.607143 0.750000
vt 0.607143 0.875000
vt 0.607143 1.000000
vt 0.625000 0.000000
vt 0.625000 0.125000
vt 0.625000 0.250000
vt 0.625000 0.375000
vt 0.625000 0.500000
vt 0.625000 0.625000
vt 0.625000 0.750000
vt 0.625000 0.875000
vt 0.625000 1.000000
vt 0.642857 0.000000
vt 0.642857 0.125000
vt 0.642857 0.250000
vt 0.642857 0.375000
vt 0.642857 0.500000
vt 0.642857 0.625000
vt 0.642857 0.750000
vt 0.642857 0.875000
vt 0.642857 1.000000
vt 0.660714 0.000000
vt 0.660714 0.125000
vt 0.660714 0.250000
vt 0.660714 0.375000
vt 0.660714 0.500000
vt 0.660714 0.625000
vt 0.660714 0.750000
vt 0.660714 0.875000
vt 0.660714 1.000000
vt 0.678571 0.000000
vt 0.678571 0.125000
vt 0.678571 0.250000
vt 0.678571 0.375000
vt 0.678571 0.500000
vt 0.678571 0.625000
vt 0.678571 0.750000
vt 0.678571 0.875000
vt 0.678571 1.000000
vt 0.696429 0.000000
vt 0.696429 0.125000
vt 0.696429 0.250000
vt 0.696429 0.375000
vt 0.696429 0.500000
vt 0.696429 0.625000
vt 0.696429 0.750000
vt 0.696429 0.875000
vt 0.696429 1.000000
vt 0.714286 0.000000
vt 0.714286 0.125000
vt 0.714286 0.250000
vt 0.714286 0.375000
vt 0.714286 0.500000
vt 0.714286 0.625000
vt 0.714286 0.750000
vt 0.714286 0.875000
vt 0.714286 1.000000
vt 0.732143 0.000000
vt 0.732143 0.125000
vt 0.732143 0.250000
vt 0.732143 0.375000
vt 0.732143 0.500000
vt 0.732143 0.625000
vt 0.732143 0.750000
vt 0.732143 0.875000
vt 0.732143 1.000000
vt 0.750000 0.000000
vt 0.750000 0.125000
vt 0.750000 0.250000
vt 0.750000 0.375000
vt 0.750000 0.500000
vt 0.750000 0.625000
vt 0.750000 0.750000
vt 0.750000 0.875000
vt 0.750000 1.000000
vt 0.767857 0.000000
vt 0.767857 0.125000
vt 0.767857 0.250000
vt 0.767857 0.375000
vt 0.767857 0.500000
vt 0.767857 0.625000
vt 0.767857 0.750000
vt 0.767857 0.875000
vt 0.767857 1.000000
vt 0.785714 0.000000
vt 0.785714 0.125000
vt 0.785714 0.250000
vt 0.785714 0.375000
vt 0.785714 0.500000
vt 0.785714 0.625000
vt 0.785714 0.750000
vt 0.785714 0.875000
vt 0.785714 1.000000
vt 0.803571 0.000000
vt 0.803571 0.125000
vt 0.803571 0.250000
vt 0.803571 0.375000
vt 0.803571 0.500000
vt 0.803571 0.625000
vt 0.803571 0.750000
vt 0.803571 0.875000
vt 0.803571 1.000000
vt 0.821429 0.000000
vt 0.821429 0.125000
vt 0.821429 0.250000
vt 0.821429 0.375000
vt 0.821429 0.500000
vt 0.821429 0.625000
vt 0.821429 0.750000
vt 0.821429 0.875000
vt 0.821429 1.000000
vt 0.839286 0.000000
vt 0.839286 0.125000
vt 0.839286 0.250000
vt 0.839286 0.375000
vt 0.839286 0.500000
vt 0.839286 0.625000
vt 0.839286 0.750000
vt 0.839286 0.875000
vt 0.839286 1.000000
vt 0.857143 0.000000
vt 0.857143 0.125000
vt 0.857143 0.250000
vt 0.857143 0.375000
vt 0.857143 0.500000
vt 0.857143 0.625000
vt 0.857143 0.750000
vt 0.857143 0.875000
vt 0.857143 1.000000
vt 0.875000 0.000000
vt 0.875000 0.125000
vt 0.875000 0.250000
vt 0.875000 0.375000
vt 0.875000 0.500000
vt 0.875000 0.625000
vt 0.875000 0.750000
vt 0.875000 0.875000
vt 0.875000 1.000000
vt 0.892857 0.000000
vt 0.892857 0.125000
vt 0.892857 0.250000
vt 0.892857 0.375000
vt 0.892857 0.500000
vt 0.892857 0.625000
vt 0.892857 0.750000
vt 0.892857 0.875000
vt 0.892857 1.000000
vt 0.910714 0.000000
vt 0.910714 0.125000
vt 0.910714 0.250000
vt 0.910714 0.375000
vt 0.910714 0.500000
vt 0.910714 0.625000
vt 0.910714 0.750000
vt 0.910714 0.875000
vt 0.910714 1.000000
vt 0.928571 0.000000
vt 0.928571 0.125000
vt 0.928571 0.250000
vt 0.928571 0.375000
vt 0.928571 0.500000
vt 0.928571 0.625000
vt 0.928571 0.750000
vt 0.928571 0.875000
vt 0.928571 1.000000
vt 0.946429 0.000000
vt 0.946429 0.125000
vt 0.946429 0.250000
vt 0.946429 0.375000
vt 0.946429 0.500000
vt 0.946429 0.625000
vt 0.946429 0.750000
vt 0.946429 0.875000
vt 0.946429 1.000000
vt 0.964286 0.000000
vt 0.964286 0.125000
vt 0.964286 0.250000
vt 0.964286 0.375000
vt 0.964286 0.500000
vt 0.964286 0.625000
vt 0.964286 0.750000
vt 0.964286 0.875000
vt 0.964286 1.000000
vt 0.982143 0.000000
vt 0.982143 0.125000
vt 0.982143 0.250000
vt 0.982143 0.375000
vt 0.982143 0.500000
vt 0.982143 0.625000
vt 0.982143 0.750000
vt 0.982143 0.875000
vt 0.982143 1.000000
vt 1.000000 0.000000
vt 1.000000 0.125000
vt 1.000000 0.250000
vt 1.000000 0.375000
vt 1.000000 0.500000
vt 1.000000 0.625000
vt 1.000000 0.750000
vt 1.000000 0.875000
vt 1.000000 1.000000
vt 0.000000 0.000000
vt 0.000000 0.125000
vt 0.000000 0.250000
vt 0.000000 0.375000
vt 0.000000 0.500000
vt 0.000000 0.625000
vt 0.000000 0.750000
vt 0.000000 0.875000
vt 0.000000 1.000000
vt 0.015625 0.000000
vt 0.015625 0.125000
vt 0.015625 0.250000
vt 0.015625 0.375000
vt 0.015625 0.500000
vt 0.015625 0.625000
vt 0.015625 0.750000
vt 0.015625 0.875000
vt 0.015625 1.000000
vt 0.031250 0.000000
vt 0.031250 0.125000
vt 0.031250 0.250000
vt 0.031250 0.375000
vt 0.031250 0.500000
vt 0.031250 0.625000
vt 0.031250 0.750000
vt 0.031250 0.875000
vt 0.031250 1.000000
vt 0.046875 0.000000
vt 0.046875 0.125000
vt 0.046875 0.250000
vt 0.046875 0.375000
vt 0.046875 0.500000
vt 0.046875 0.625000
vt 0.046875 0.750000
vt 0.046875 0.875000
vt 0.046875 1.000000
vt 0.062500 0.000000
vt 0.062500 0.125000
vt 0.062500 0.250000
vt 0.062500 0.375000
vt 0.062500 0.500000
vt 0.062500 0.625000
vt 0.062500 0.750000
vt 0.062500 0.875000
vt 0.062500 1.000000
vt 0.078125 0.000000
vt 0.078125 0.125000
vt 0.078125 0.250000
vt 0.078125 0.375000
vt 0.078125 0.500000
vt 0.078125 0.625000
vt 0.078125 0.750000
vt 0.078125 0.875000
vt 0.078125 1.000000
vt 0.093750 0.000000
vt 0.093750 0.125000
vt 0.093750 0.250000
vt 0.093750 0.375000
vt 0.093750 0.500000
vt 0.093750 0.625000
vt 0.093750 0.750000
vt 0.093750 0.875000
vt 0.093750 1.000000
vt 0.109375 0.000000
vt 0.109375 0.125000
vt 0.109375 0.250000
vt 0.109375 0.375000
vt 0.109375 0.500000
vt 0.109375 0.625000
vt 0.109375 0.750000
vt 0.109375 0.875000
vt 0.109375 1.000000
vt 0.125000 0.000000
vt 0.125000 0.125000
vt 0.125000 0.250000
vt 0.125000 0.375000
vt 0.125000 0.500000
vt 0.125000 0.625000
vt 0.125000 0.750000
vt 0.125000 0.875000
vt 0.125000 1.000000
vt 0.140625 0.000000
vt 0.140625 0.125000
vt 0.140625 0.250000
vt 0.140625 0.375000
vt 0.140625 0.500000
vt 0.140625 0.625000
vt 0.140625 0.750000
vt 0.140625 0.875000
vt 0.140625 1.000000
vt 0.156250 0.000000
vt 0.156250 0.125000
vt 0.156250 0.250000
vt 0.156250 0.375000
vt 0.156250 0.500000
vt 0.156250 0.625000
vt 0.156250 0.750000
vt 0.156250 0.875000
vt 0.156250 1.000000
vt 0.171875 0.000000
vt 0.171875 0.125000
vt 0.171875 0.250000
vt 0.171875 0.375000
vt 0.171875 0.500000
vt 0.171875 0.625000
vt 0.171875 0.750000
vt 0.171875 0.875000
vt 0.171875 1.000000
vt 0.187500 0.000000
vt 0.187500 0.125000
vt 0.187500 0.250000
vt 0.187500 0.375000
vt 0.187500 0.500000
vt 0.187500 0.625000
vt 0.187500 0.750000
vt 0.187500 0.875000
vt 0.187500 1.000000
vt 0.203125 0.000000
vt 0.203125 0.125000
vt 0.203125 0.250000
vt 0.203125 0.375000
vt 0.203125 0.500000
vt 0.203125 0.625000
vt 0.203125 0.750000
vt 0.203125 0.875000
vt 0.203125 1.000000
vt 0.218750 0.000000
vt 0.218750 0.125000
vt 0.218750 0.250000
vt 0.218750 0.375000
vt 0.218750 0.500000
vt 0.218750 0.625000
vt 0.218750 0.750000
vt 0.218750 0.875000
vt 0.218750 1.000000
vt 0.234375 0.000000
vt 0.234375 0.125000
vt 0.234375 0.250000
vt 0.234375 0.375000
vt 0.234375 0.500000
vt 0.234375 0.625000
vt 0.234375 0.750000
vt 0.234375 0.875000
vt 0.234375 1.000000
vt 0.250000 0.000000
vt 0.250000 0.125000
vt 0.250000 0.250000
vt 0.250000 0.375000
vt 0.250000 0.500000
vt 0.250000 0.625000
vt 0.250000 0.750000
vt 0.250000 0.875000
vt 0.250000 1.000000
vt 0.265625 0.000000
vt 0.265625 0.125000
vt 0.265625 0.250000
vt 0.265625 0.375000
vt 0.265625 0.500000
vt 0.265625 0.625000
vt 0.265625 0.750000
vt 0.265625 0.875000
vt 0.265625 1.000000
vt 0.281250 0.000000
vt 0.281250 0.125000
vt 0.281250 0.250000
vt 0.281250 0.375000
vt 0.281250 0.500000
vt 0.281250 0.625000
vt 0.281250 0.750000
vt 0.281250 0.875000
vt 0.281250 1.000000
vt 0.296875 0.000000
vt 0.296875 0.125000
vt 0.296875 0.250000
vt 0.296875 0.375000
vt 0.296875 0.500000
vt 0.296875 0.625000
vt 0.296875 0.750000
vt 0.296875 0.875000
vt 0.296875 1.000000
vt 0.312500 0.000000
vt 0.312500 0.125000
vt 0.312500 0.250000
vt 0.312500 0.375000
vt 0.312500 0.500000
vt 0.312500 0.625000
vt 0.312500 0.750000
vt 0.312500 0.875000
vt 0.312500 1.000000
vt 0.328125 0.000000
vt 0.328125 0.125000
vt 0.328125 0.250000
vt 0.328125 0.375000
vt 0.328125 0.500000
vt 0.328125 0.625000
vt 0.328125 0.750000
vt 0.328125 0.875000
vt 0.328125 1.000000
vt 0.343750 0.000000
vt 0.343750 0.125000
vt 0.343750 0.250000
vt 0.343750 0.375000
vt 0.343750 0.500000
vt 0.343750 0.625000
vt 0.343750 0.750000
vt 0.343750 0.875000
vt 0.343750 1.000000
vt 0.359375 0.000000
vt 0.359375 0.125000
vt 0.359375 0.250000
vt 0.359375 0.375000
vt 0.359375 0.500000
vt 0.359375 0.625000
vt 0.359375 0.750000
vt 0.359375 0.875000
vt 0.359375 1.000000
vt 0.375000 0.000000
vt 0.375000 0.125000
vt 0.375000 0.250000
vt 0.375000 0.375000
vt 0.375000 0.500000
vt 0.375000 0.625000
vt 0.375000 0.750000
vt 0.375000 0.875000
vt 0.375000 1.000000
vt 0.390625 0.000000
vt 0.390625 0.125000
vt 0.390625 0.250000
vt 0.390625 0.375000
vt 0.390625 0.500000
vt 0.390625 0.625000
vt 0.390625 0.750000
vt 0.390625 0.875000
vt 0.390625 1.000000
vt 0.406250 0.000000
vt 0.406250 0.125000
vt 0.406250 0.250000
vt 0.406250 0.375000
vt 0.406250 0.500000
vt 0.406250 0.625000
vt 0.406250 0.750000
vt 0.406250 0.875000
vt 0.406250 1.000000
vt 0.421875 0.000000
vt 0.421875 0.125000
vt 0.421875 0.250000
vt 0.421875 0.375000
vt 0.421875 0.500000
vt 0.421875 0.625000
vt 0.421875 0.750000
vt 0.421875 0.875000
vt 0.421875 1.000000
vt 0.437500 0.000000
vt 0.437500 0.125000
vt 0.437500 0.250000
vt 0.437500 0.375000
vt 0.437500 0.500000
vt 0.437500 0.625000
vt 0.437500 0.750000
vt 0.437500 0.875000
vt 0.437500 1.000000
vt 0.453125 0.000000
vt 0.453125 0.125000
vt 0.453125 0.250000
vt 0.453125 0.375000
vt 0.453125 0.500000
vt 0.453125 0.625000
vt 0.453125 0.750000
vt 0.453125 0.875000
vt 0.453125 1.000000
vt 0.468750 0.000000
vt 0.468750 0.125000
vt 0.468750 0.250000
vt 0.468750 0.375000
vt 0.468750 0.500000
vt 0.468750 0.625000
vt 0.468750 0.750000
vt 0.468750 0.875000
vt 0.468750 1.000000
vt 0.484375 0.000000
vt 0.484375 0.125000
vt 0.484375 0.250000
vt 0.484375 0.375000
vt 0.484375 0.500000
vt 0.484375 0.625000
vt 0.484375 0.750000
vt 0.484375 0.875000
vt 0.484375 1.000000
vt 0.500000 0.000000
vt 0.500000 0.125000
vt 0.500000 0.250000
vt 0.500000 0.375000
vt 0.500000 0.500000
vt 0.500000 0.625000
vt 0.500000 0.750000
vt 0.500000 0.875000
vt 0.500000 1.000000
vt 0.515625 0.000000
vt 0.515625 0.125000
vt 0.515625 0.250000
vt 0.515625 0.375000
vt 0.515625 0.500000
vt 0.515625 0.625000
vt 0.515625 0.750000
vt 0.515625 0.875000
vt 0.515625 1.000000
vt 0.531250 0.000000
vt 0.531250 0.125000
vt 0.531250 0.250000
vt 0.531250 0.375000
vt 0.531250 0.500000
vt 0.531250 0.625000
vt 0.531250 0.750000
vt 0.531250 0.875000
vt 0.531250 1.000000
vt 0.546875 0.000000
vt 0.546875 0.125000
vt 0.546875 0.250000
vt 0.546875 0.375000
vt 0.546875 0.500000
vt 0.546875 0.625000
vt 0.546875 0.750000
vt 0.546875 0.875000
vt 0.546875 1.000000
vt 0.562500 0.000000
vt 0.562500 0.125000
vt 0.562500 0.250000
vt 0.562500 0.375000
vt 0.562500 0.500000
vt 0.562500 0.625000
vt 0.562500 0.750000
vt 0.562500 0.875000
vt 0.562500 1.000000
vt 0.578125 0.000000
vt 0.578125 0.125000
vt 0.578125 0.250000
vt 0.578125 0.375000
vt 0.578125 0.500000
vt 0.578125 0.625000
vt 0.578125 0.750000
vt 0.578125 0.875000
vt 0.578125 1.000000
vt 0.593750 0.000000
vt 0.593750 0.125000
vt 0.593750 0.250000
vt 0.593750 0.375000
vt 0.593750 0.500000
vt 0.593750 0.625000
vt 0.593750 0.750000
vt 0.593750 0.875000
vt 0.593750 1.000000
vt 0.609375 0.000000
vt 0.609375 0.125000
vt 0.609375 0.250000
vt 0.609375 0.375000
vt 0.609375 0.500000
vt 0.609375 0.625000
vt 0.609375 0.750000
vt 0.609375 0.875000
vt 0.609375 1.000000
vt 0.625000 0.000000
vt 0.625000 0.125000
vt 0.625000 0.250000
vt 0.625000 0.375000
vt 0.625000 0.500000
vt 0.625000 0.625000
vt 0.625000 0.750000
vt 0.625000 0.875000
vt 0.625000 1.000000
vt 0.640625 0.000000
vt 0.640625 0.125000
vt 0.640625 0.250000
vt 0.640625 0.375000
vt 0.640625 0.500000
vt 0.640625 0.625000
vt 0.640625 0.750000
vt 0.640625 0.875000
vt 0.640625 1.000000
vt 0.656250 0.000000
vt 0.656250 0.125000
vt 0.656250 0.250000
vt 0.656250 0.375000
vt 0.656250 0.500000
vt 0.656250 0.625000
vt 0.656250 0.750000
vt 0.656250 0.875000
vt 0.656250 1.000000
vt 0.671875 0.000000
vt 0.671875 0.125000
vt 0.671875 0.250000
vt 0.671875 0.375000
vt 0.671875 0.500000
vt 0.671875 0.625000
vt 0.671875 0.750000
vt 0.671875 0.875000
vt 0.671875 1.000000
vt 0.687500 0.000000
vt 0.687500 0.125000
vt 0.687500 0.250000
vt 0.687500 0.375000
vt 0.687500 0.500000
vt 0.687500 0.625000
vt 0.687500 0.750000
vt 0.687500 0.875000
vt 0.687500 1.000000
vt 0.703125 0.000000
vt 0.703125 0.125000
vt 0.703125 0.250000
vt 0.703125 0.375000
vt 0.703125 0.500000
vt 0.703125 0.625000
vt 0.703125 0.750000
vt 0.703125 0.875000
vt 0.703125 1.000000
vt 0.718750 0.000000
vt 0.718750 0.125000
vt 0.718750 0.250000
vt 0.718750 0.375000
vt 0.718750 0.500000
vt 0.718750 0.625000
vt 0.718750 0.750000
vt 0.718750 0.875000
vt 0.718750 1.000000
vt 0.734375 0.000000
vt 0.734375 0.125000
vt 0.734375 0.250000
vt 0.734375 0.375000
vt 0.734375 0.500000
vt 0.734375 0.625000
vt 0.734375 0.750000
vt 0.734375 0.875000
vt 0.734375 1.000000
vt 0.750000 0.000000
vt 0.750000 0.125000
vt 0.750000 0.250000
vt 0.750000 0.375000
vt 0.750000 0.500000
vt 0.750000 0.625000
vt 0.750000 0.750000
vt 0.750000 0.875000
vt 0.750000 1.000000
vt 0.765625 0.000000
vt 0.765625 0.125000
vt 0.765625 0.250000
vt 0.765625 0.375000
vt 0.765625 0.500000
vt 0.765625 0.625000
vt 0.765625 0.750000
vt 0.765625 0.875000
vt 0.765625 1.000000
vt 0.781250 0.000000
vt 0.781250 0.125000
vt 0.781250 0.250000
vt 0.781250 0.375000
vt 0.781250 0.500000
vt 0.781250 0.625000
vt 0.781250 0.750000
vt 0.781250 0.875000
vt 0.781250 1.000000
vt 0.796875 0.000000
vt 0.796875 0.125000
vt 0.796875 0.250000
vt 0.796875 0.375000
vt 0.796875 0.500000
vt 0.796875 0.625000
vt 0.796875 0.750000
vt 0.796875 0.875000
vt 0.796875 1.000000
vt 0.812500 0.000000
vt 0.812500 0.125000
vt 0.812500 0.250000
vt 0.812500 0.375000
vt 0.812500 0.500000
vt 0.812500 0.625000
vt 0.812500 0.750000
vt 0.812500 0.875000
vt 0.812500 1.000000
vt 0.828125 0.000000
vt 0.828125 0.125000
vt 0.828125 0.250000
vt 0.828125 0.375000
vt 0.828125 0.500000
vt 0.828125 0.625000
vt 0.828125 0.750000
vt 0.828125 0.875000
vt 0.828125 1.000000
vt 0.843750 0.000000
vt 0.843750 0.125000
vt 0.843750 0.250000
vt 0.843750 0.375000
vt 0.843750 0.500000
vt 0.843750 0.625000
vt 0.843750 0.750000
vt 0.843750 0.875000
vt 0.843750 1.000000
vt 0.859375 0.000000
vt 0.859375 0.125000
vt 0.859375 0.250000
vt 0.859375 0.375000
vt 0.859375 0.500000
vt 0.859375 0.625000
vt 0.859375 0.750000
vt 0.859375 0.875000
vt 0.859375 1.000000
vt 0.875000 0.000000
vt 0.875000 0.125000
vt 0.875000 0.250000
vt 0.875000 0.375000
vt 0.875000 0.500000
vt 0.875000 0.625000
vt 0.875000 0.750000
vt 0.875000 0.875000
vt 0.875000 1.000000
vt 0.890625 0.000000
vt 0.890625 0.125000
vt 0.890625 0.250000
vt 0.890625 0.375000
vt 0.890625 0.500000
vt 0.890625 0.625000
vt 0.890625 0.750000
vt 0.890625 0.875000
vt 0.890625 1.000000
vt 0.906250 0.000000
vt 0.906250 0.125000
vt 0.906250 0.250000
vt 0.906250 0.375000
vt 0.906250 0.500000
vt 0.906250 0.625000
vt 0.906250 0.750000
vt 0.906250 0.875000
vt 0.906250 1.000000
vt 0.921875 0.000000
vt 0.921875 0.125000
vt 0.921875 0.250000
vt 0.921875 0.375000
vt 0.921875 0.500000
vt 0.921875 0.625000
vt 0.921875 0.750000
vt 0.921875 0.875000
vt 0.921875 1.000000
vt 0.937500 0.000000
vt 0.937500 0.125000
vt 0.937500 0.250000
vt 0.937500 0.375000
vt 0.937500 0.500000
vt 0.937500 0.625000
vt 0.937500 0.750000
vt 0.937500 0.875000
vt 0.937500 1.000000
vt 0.953125 0.000000
vt 0.953125 0.125000
vt 0.953125 0.250000
vt 0.953125 0.375000
vt 0.953125 0.500000
vt 0.953125 0.625000
vt 0.953125 0.750000
vt 0.953125 0.875000
vt 0.953125 1.000000
vt 0.968750 0.000000
vt 0.968750 0.125000
vt 0.968750 0.250000
vt 0.968750 0.375000
vt 0.968750 0.500000
vt 0.968750 0.625000
vt 0.968750 0.750000
vt 0.968750 0.875000
vt 0.968750 1.000000
vt 0.984375 0.000000
vt 0.984375 0.125000
vt 0.984375 0.250000
vt 0.984375 0.375000
vt 0.984375 0.500000
vt 0.984375 0.625000
vt 0.984375 0.750000
vt 0.984375 0.875000
vt 0.984375 1.000000
vt 1.000000 0.000000
vt 1.000000 0.125000
vt 1.000000 0.250000
vt 1.000000 0.375000
vt 1.000000 0.500000
vt 1.000000 0.625000
vt 1.000000 0.750000
vt 1.000000 0.875000
vt 1.000000 1.000000
vt 0.000000 0.000000
vt 0.000000 0.125000
vt 0.000000 0.250000
vt 0.000000 0.375000
vt 0.000000 0.500000
vt 0.000000 0.625000
vt 0.000000 0.750000
vt 0.000000 0.875000
vt 0.000000 1.000000
vt 0.017857 0.000000
vt 0.017857 0.125000
vt 0.017857 0.250000
vt 0.017857 0.375000
vt 0.017857 0.500000
vt 0.017857 0.625000
vt 0.017857 0.750000
vt 0.017857 0.875000
vt 0.017857 1.000000
vt 0.035714 0.000000
vt 0.035714 0.125000
vt 0.035714 0.250000
vt 0.035714 0.375000
vt 0.035714 0.500000
vt 0.035714 0.625000
vt 0.035714 0.750000
vt 0.035714 0.875000
vt 0.035714 1.000000
vt 0.053571 0.000000
vt 0.053571 0.125000
vt 0.053571 0.250000
vt 0.053571 0.375000
vt 0.053571 0.500000
vt 0.053571 0.625000
vt 0.053571 0.750000
vt 0.053571 0.875000
vt 0.053571 1.000000
vt 0.071429 0.000000
vt 0.071429 0.125000
vt 0.071429 0.250000
vt 0.071429 0.375000
vt 0.071429 0.500000
vt 0.071429 0.625000
vt 0.071429 0.750000
vt 0.071429 0.875000
vt 0.071429 1.000000
vt 0.089286 0.000000
vt 0.089286 0.125000
vt 0.089286 0.250000
vt 0.089286 0.375000
vt 0.089286 0.500000
vt 0.089286 0.625000
vt 0.089286 0.750000
vt 0.089286 0.875000
vt 0.089286 1.000000
vt 0.107143 0.000000
vt 0.107143 0.125000
vt 0.107143 0.250000
vt 0.107143 0.375000
vt 0.107143 0.500000
vt 0.107143 0.625000
vt 0.107143 0.750000
vt 0.107143 0.875000
vt 0.107143 1.000000
vt 0.125000 0.000000
vt 0.125000 0.125000
vt 0.125000 0.250000
vt 0.125000 0.375000
vt 0.125000 0.500000
vt 0.125000 0.625000
vt 0.125000 0.750000
vt 0.125000 0.875000
vt 0.125000 1.000000
vt 0.142857 0.000000
vt 0.142857 0.125000
vt 0.142857 0.250000
vt 0.142857 0.375000
vt 0.142857 0.500000
vt 0.142857 0.625000
vt 0.142857 0.750000
vt 0.142857 0.875000
vt 0.142857 1.000000
vt 0.160714 0.000000
vt 0.160714 0.125000
vt 0.160714 0.250000
vt 0.160714 0.375000
vt 0.160714 0.500000
vt 0.160714 0.625000
vt 0.160714 0.750000
vt 0.160714 0.875000
vt 0.160714 1.000000
vt 0.178571 0.000000
vt 0.178571 0.125000
vt 0.178571 0.250000
vt 0.178571 0.375000
vt 0.178571 0.500000
vt 0.178571 0.625000
vt 0.178571 0.750000
vt 0.178571 0.875000
vt 0.178571 1.000000
vt 0.196429 0.000000
vt 0.196429 0.125000
vt 0.196429 0.250000
vt 0.196429 0.375000
vt 0.196429 0.500000
vt 0.196429 0.625000
vt 0.196429 0.750000
vt 0.196429 0.875000
vt 0.196429 1.000000
vt 0.214286 0.000000
vt 0.214286 0.125000
vt 0.214286 0.250000
vt 0.214286 0.375000
vt 0.214286 0.500000
vt 0.214286 0.625000
vt 0.214286 0.750000
vt 0.214286 0.875000
vt 0.214286 1.000000
vt 0.232143 0.000000
vt 0.232143 0.125000
vt 0.232143 0.250000
vt 0.232143 0.375000
vt 0.232143 0.500000
vt 0.232143 0.625000
vt 0.232143 0.750000
vt 0.232143 0.875000
vt 0.232143 1.000000
vt 0.250000 0.000000
vt 0.250000 0.125000
vt 0.250000 0.250000
vt 0.250000 0.375000
vt 0.250000 0.500000
vt 0.250000 0.625000
vt 0.250000 0.750000
vt 0.250000 0.875000
vt 0.250000 1.000000
vt 0.267857 0.000000
vt 0.267857 0.125000
vt 0.267857 0.250000
vt 0.267857 0.375000
vt 0.267857 0.500000
vt 0.267857 0.625000
vt 0.267857 0.750000
vt 0.267857 0.875000
vt 0.267857 1.000000
vt 0.285714 0.000000
vt 0.285714 0.125000
vt 0.285714 0.250000
vt 0.285714 0.375000
vt 0.285714 0.500000
vt 0.285714 0.625000
vt 0.285714 0.750000
vt 0.285714 0.875000
vt 0.285714 1.000000
vt 0.303571 0.000000
vt 0.303571 0.125000
vt 0.303571 0.250000
vt 0.303571 0.375000
vt 0.303571 0.500000
vt 0.303571 0.625000
vt 0.303571 0.750000
vt 0.303571 0.875000
vt 0.303571 1.000000
vt 0.321429 0.000000
vt 0.321429 0.125000
vt 0.321429 0.250000
vt 0.321429 0.375000
vt 0.321429 0.500000
vt 0.321429 0.625000
vt 0.321429 0.750000
vt 0.321429 0.875000
vt 0.321429 1.000000
vt 0.339286 0.000000
vt 0.339286 0.125000
vt 0.339286 0.250000
vt 0.339286 0.375000
vt 0.339286 0.500000
vt 0.339286 0.625000
vt 0.339286 0.750000
vt 0.339286 0.875000
vt 0.339286 1.000000
vt 0.357143 0.000000
vt 0.357143 0.125000
vt 0.357143 0.250000
vt 0.357143 0.375000
vt 0.357143 0.500000
vt 0.357143 0.625000
vt 0.357143 0.750000
vt 0.357143 0.875000
vt 0.357143 1.000000
vt 0.375000 0.000000
vt 0.375000 0.125000
vt 0.375000 0.250000
vt 0.375000 0.375000
vt 0.375000 0.500000
vt 0.375000 0.625000
vt 0.375000 0.750000
vt 0.375000 0.875000
vt 0.375000 1.000000
vt 0.392857 0.000000
vt 0.392857 0.125000
vt 0.392857 0.250000
vt 0.392857 0.375000
vt 0.392857 0.500000
vt 0.392857 0.625000
vt 0.392857 0.750000
vt 0.392857 0.875000
vt 0.392857 1.000000
vt 0.410714 0.000000
vt 0.410714 0.125000
vt 0.410714 0.250000
vt 0.410714 0.375000
vt 0.410714 0.500000
vt 0.410714 0.625000
vt 0.410714 0.750000
vt 0.410714 0.875000
vt 0.410714 1.000000
vt 0.428571 0.000000
vt 0.428571 0.125000
vt 0.428571 0.250000
vt 0.428571 0.375000
vt 0.428571 0.500000
vt 0.428571 0.625000
vt 0.428571 0.750000
vt 0.428571 0.875000
vt 0.428571 1.000000
vt 0.446429 0.000000
vt 0.446429 0.125000
vt 0.446429 0.250000
vt 0.446429 0.375000
vt 0.446429 0.500000
vt 0.446429 0.625000
vt 0.446429 0.750000
vt 0.446429 0.875000
vt 0.446429 1.000000
vt 0.464286 0.000000
vt 0.464286 0.125000
vt 0.464286 0.250000
vt 0.464286 0.375000
vt 0.464286 0.500000
vt 0.464286 0.625000
vt 0.464286 0.750000
vt 0.464286 0.875000
vt 0.464286 1.000000
vt 0.482143 0.000000
vt 0.482143 0.125000
vt 0.482143 0.250000
vt 0.482143 0.375000
vt 0.482143 0.500000
vt 0.482143 0.625000
vt 0.482143 0.750000
vt 0.482143 0.875000
vt 0.482143 1.000000
vt 0.500000 0.000000
vt 0.500000 0.125000
vt 0.500000 0.250000
vt 0.500000 0.375000
vt 0.500000 0.500000
vt 0.500000 0.625000
vt 0.500000 0.750000
vt 0.500000 0.875000
vt 0.500000 1.000000
vt 0.517857 0.000000
vt 0.517857 0.125000
vt 0.517857 0.250000
vt 0.517857 0.375000
vt 0.517857 0.500000
vt 0.517857 0.625000
vt 0.517857 0.750000
vt 0.517857 0.875000
vt 0.517857 1.000000
vt 0.535714 0.000000
vt 0.535714 0.125000
vt 0.535714 0.250000
vt 0.535714 0.375000
vt 0.535714 0.500000
vt 0.535714 0.625000
vt 0.535714 0.750000
vt 0.535714 0.875000
vt 0.535714 1.000000
vt 0.553571 0.000000
vt 0.553571 0.125000
vt 0.553571 0.250000
vt 0.553571 0.375000
vt 0.553571 0.500000
vt 0.553571 0.625000
vt 0.553571 0.750000
vt 0.553571 0.875000
vt 0.553571 1.000000
vt 0.571429 0.000000
vt 0.571429 0.125000
vt 0.571429 0.250000
vt 0.571429 0.375000
vt 0.571429 0.500000
vt 0.571429 0.625000
vt 0.571429 0.750000
vt 0.571429 0.875000
vt 0.571429 1.000000
vt 0.589286 0.000000
vt 0.589286 0.125000
vt 0.589286 0.250000
vt 0.589286 0.375000
vt 0.589286 0.500000
vt 0.589286 0.625000
vt 0.589286 0.750000
vt 0.589286 0.875000
vt 0.589286 1.000000
vt 0.607143 0.000000
vt 0.607143 0.125000
vt 0.607143 0.250000
vt 0.607143 0.375000
vt 0.607143 0.500000
vt 0.607143 0.625000
vt 0.607143 0.750000
vt 0.607143 0.875000
vt 0.607143 1.000000
vt 0.625000 0.000000
vt 0.625000 0.125000
vt 0.625000 0.250000
vt 0.625000 0.375000
vt 0.625000 0.500000
vt 0.625000 0.625000
vt 0.625000 0.750000
vt 0.625000 0.875000
vt 0.625000 1.000000
vt 0.642857 0.000000
vt 0.642857 0.125000
vt 0.642857 0.250000
vt 0.642857 0.375000
vt 0.642857 0.500000
vt 0.642857 0.625000
vt 0.642857 0.750000
vt 0.642857 0.875000
vt 0.642857 1.000000
vt 0.660714 0.000000
vt 0.660714 0.125000
vt 0.660714 0.250000
vt 0.660714 0.375000
vt 0.660714 0.500000
vt 0.660714 0.625000
vt 0.660714 0.750000
vt 0.660714 0.875000
vt 0.660714 1.000000
vt 0.678571 0.000000
vt 0.678571 0.125000
vt 0.678571 0.250000
vt 0.678571 0.375000
vt 0.678571 0.500000
vt 0.678571 0.625000
vt 0.678571 0.750000
vt 0.678571 0.875000
vt 0.678571 1.000000
vt 0.696429 0.000000
vt 0.696429 0.125000
vt 0.696429 0.250000
vt 0.696429 0.375000
vt 0.696429 0.500000
vt 0.696429 0.625000
vt 0.696429 0.750000
vt 0.696429 0.875000
vt 0.696429 1.000000
vt 0.714286 0.000000
vt 0.714286 0.125000
vt 0.714286 0.250000
vt 0.714286 0.375000
vt 0.714286 0.500000
vt 0.714286 0.625000
vt 0.714286 0.750000
vt 0.714286 0.875000
vt 0.714286 1.000000
vt 0.732143 0.000000
vt 0.732143 0.125000
vt 0.732143 0.250000
vt 0.732143 0.375000
vt 0.732143 0.500000
vt 0.732143 0.625000
vt 0.732143 0.750000
vt 0.732143 0.875000
vt 0.732143 1.000000
vt 0.750000 0.000000
vt 0.750000 0.125000
vt 0.750000 0.250000
vt 0.750000 0.375000
vt 0.750000 0.500000
vt 0.750000 0.625000
vt 0.750000 0.750000
vt 0.750000 0.875000
vt 0.750000 1.000000
vt 0.767857 0.000000
vt 0.767857 0.125000
vt 0.767857 0.250000
vt 0.767857 0.375000
vt 0.767857 0.500000
vt 0.767857 0.625000
vt 0.767857 0.750000
vt 0.767857 0.875000
vt 0.767857 1.000000
vt 0.785714 0.000000
vt 0.785714 0.125000
vt 0.785714 0.250000
vt 0.785714 0.375000
vt 0.785714 0.500000
vt 0.785714 0.625000
vt 0.785714 0.750000
vt 0.785714 0.875000
vt 0.785714 1.000000
vt 0.803571 0.000000
vt 0.803571 0.125000
vt 0.803571 0.250000
vt 0.803571 0.375000
vt 0.803571 0.500000
vt 0.803571 0.625000
vt 0.803571 0.750000
vt 0.803571 0.875000
vt 0.803571 1.000000
vt 0.821429 0.000000
vt 0.821429 0.125000
vt 0.821429 0.250000
vt 0.821429 0.375000
vt 0.821429 0.500000
vt 0.821429 0.625000
vt 0.821429 0.750000
vt 0.821429 0.875000
vt 0.821429 1.000000
vt 0.839286 0.000000
vt 0.839286 0.125000
vt 0.839286 0.250000
vt 0.839286 0.375000
vt 0.839286 0.500000
vt 0.839286 0.625000
vt 0.839286 0.750000
vt 0.839286 0.875000
vt 0.839286 1.000000
vt 0.857143 0.000000
vt 0.857143 0.125000
vt 0.857143 0.250000
vt 0.857143 0.375000
vt 0.857143 0.500000
vt 0.857143 0.625000
vt 0.857143 0.750000
vt 0.857143 0.875000
vt 0.857143 1.000000
vt 0.875000 0.000000
vt 0.875000 0.125000
vt 0.875000 0.250000
vt 0.875000 0.375000
vt 0.875000 0.500000
vt 0.875000 0.625000
vt 0.875000 0.750000
vt 0.875000 0.875000
vt 0.875000 1.000000
vt 0.892857 0.000000
vt 0.892857 0.125000
vt 0.892857 0.250000
vt 0.892857 0.375000
vt 0.892857 0.500000
vt 0.892857 0.625000
vt 0.892857 0.750000
vt 0.892857 0.875000
vt 0.892857 1.000000
vt 0.910714 0.000000
vt 0.910714 0.125000
vt 0.910714 0.250000
vt 0.910714 0.375000
vt 0.910714 0.500000
vt 0.910714 0.625000
vt 0.910714 0.750000
vt 0.910714 0.875000
vt 0.910714 1.000000
vt 0.928571 0.000000
vt 0.928571 0.125000
vt 0.928571 0.250000
vt 0.928571 0.375000
vt 0.928571 0.500000
vt 0.928571 0.625000
vt 0.928571 0.750000
vt 0.928571 0.875000
vt 0.928571 1.000000
vt 0.946429 0.000000
vt 0.946429 0.125000
vt 0.946429 0.250000
vt 0.946429 0.375000
vt 0.946429 0.500000
vt 0.946429 0.625000
vt 0.946429 0.750000
vt 0.946429 0.875000
vt 0.946429 1.000000
vt 0.964286 0.000000
vt 0.964286 0.125000
vt 0.964286 0.250000
vt 0.964286 0.375000
vt 0.964286 0.500000
vt 0.964286 0.625000
vt 0.964286 0.750000
vt 0.964286 0.875000
vt 0.964286 1.000000
vt 0.982143 0.000000
vt 0.982143 0.125000
vt 0.982143 0.250000
vt 0.982143 0.375000
vt 0.982143 0.500000
vt 0.982143 0.625000
vt 0.982143 0.750000
vt 0.982143 0.875000
vt 0.982143 1.000000
vt 1.000000 0.000000
vt 1.000000 0.125000
vt 1.000000 0.250000
vt 1.000000 0.375000
vt 1.000000 0.500000
vt 1.000000 0.625000
vt 1.000000 0.750000
vt 1.000000 0.875000
vt 1.000000 1.000000
vt 0.000000 0.000000
vt 0.055556 0.000000
vt 0.111111 0.000000
vt 0.166667 0.000000
vt 0.222222 0.000000
vt 0.277778 0.000000
vt 0.333333 0.000000
vt 0.388889 0.000000
vt 0.444444 0.000000
vt 0.500000 0.000000
vt 0.555556 0.000000
vt 0.611111 0.000000
vt 0.666667 0.000000
vt 0.722222 0.000000
vt 0.777778 0.000000
vt 0.833333 0.000000
vt 0.888889 0.000000
vt 0.944444 0.000000
vt 1.000000 0.000000
vt 0.000000 0.100000
vt 0.055556 0.100000
vt 0.111111 0.100000
vt 0.166667 0.100000
vt 0.222222 0.100000
vt 0.277778 0.100000
vt 0.333333 0.100000
vt 0.388889 0.100000
vt 0.444444 0.100000
vt 0.500000 0.100000
vt 0.555556 0.100000
vt 0.611111 0.100000
vt 0.666667 0.100000
vt 0.722222 0.100000
vt 0.777778 0.100000
vt 0.833333 0.100000
vt 0.888889 0.100000
vt 0.944444 0.100000
vt 1.000000 0.100000
vt 0.000000 0.200000
vt 0.055556 0.200000
vt 0.111111 0.200000
vt 0.166667 0.200000
vt 0.222222 0.200000
vt 0.277778 0.200000
vt 0.333333 0.200000
vt 0.388889 0.200000
vt 0.444444 0.200000
vt 0.500000 0.200000
vt 0.555556 0.200000
vt 0.611111 0.200000
vt 0.666667 0.200000
vt 0.722222 0.200000
vt 0.777778 0.200000
vt 0.833333 0.200000
vt 0.888889 0.200000
vt 0.944444 0.200000
vt 1.000000 0.200000
vt 0.000000 0.300000
vt 0.055556 0.300000
vt 0.111111 0.300000
vt 0.166667 0.300000
vt 0.222222 0.300000
vt 0.277778 0.300000
vt 0.333333 0.300000
vt 0.388889 0.300000
vt 0.444444 0.300000
vt 0.500000 0.300000
vt 0.555556 0.300000
vt 0.611111 0.300000
vt 0.666667 0.300000
vt 0.722222 0.300000
vt 0.777778 0.300000
vt 0.833333 0.300000
vt 0.888889 0.300000
vt 0.944444 0.300000
vt 1.000000 0.300000
vt 0.000000 0.400000
vt 0.055556 0.400000
vt 0.111111 0.400000
vt 0.166667 0.400000
vt 0.222222 0.400000
vt 0.277778 0.400000
vt 0.333333 0.400000
vt 0.388889 0.400000
vt 0.444444 0.400000
vt 0.500000 0.400000
vt 0.555556 0.400000
vt 0.611111 0.400000
vt 0.666667 0.400000
vt 0.722222 0.400000
vt 0.777778 0.400000
vt 0.833333 0.400000
vt 0.888889 0.400000
vt 0.944444 0.400000
vt 1.000000 0.400000
vt 0.000000 0.500000
vt 0.055556 0.500000
vt 0.111111 0.500000
vt 0.166667 0.500000
vt 0.222222 0.500000
vt 0.277778 0.500000
vt 0.333333 0.500000
vt 0.388889 0.500000
vt 0.444444 0.500000
vt 0.500000 0.500000
vt 0.555556 0.500000
vt 0.611111 0.500000
vt 0.666667 0.500000
vt 0.722222 0.500000
vt 0.777778 0.500000
vt 0.833333 0.500000
vt 0.888889 0.500000
vt 0.944444 0.500000
vt 1.000000 0.500000
vt 0.000000 0.600000
vt 0.055556 0.600000
vt 0.111111 0.600000
vt 0.166667 0.600000
vt 0.222222 0.600000
vt 0.277778 0.600000
vt 0.333333 0.600000
vt 0.388889 0.600000
vt 0.444444 0.600000
vt 0.500000 0.600000
vt 0.555556 0.600000
vt 0.611111 0.600000
vt 0.666667 0.600000
vt 0.722222 0.600000
vt 0.777778 0.600000
vt 0.833333 0.600000
vt 0.888889 0.600000
vt 0.944444 0.600000
vt 1.000000 0.600000
vt 0.000000 0.700000
vt 0.055556 0.700000
vt 0.111111 0.700000
vt 0.166667 0.700000
vt 0.222222 0.700000
vt 0.277778 0.700000
vt 0.333333 0.700000
vt 0.388889 0.700000
vt 0.444444 0.700000
vt 0.500000 0.700000
vt 0.555556 0.700000
vt 0.611111 0.700000
vt 0.666667 0.700000
vt 0.722222 0.700000
vt 0.777778 0.700000
vt 0.833333 0.700000
vt 0.888889 0.700000
vt 0.944444 0.700000
vt 1.000000 0.700000
vt 0.000000 0.800000
vt 0.055556 0.800000
vt 0.111111 0.800000
vt 0.166667 0.800000
vt 0.222222 0.800000
vt 0.277778 0.800000
vt 0.333333 0.800000
vt 0.388889 0.800000
vt 0.444444 0.800000
vt 0.500000 0.800000
vt 0.555556 0.800000
vt 0.611111 0.800000
vt 0.666667 0.800000
vt 0.722222 0.800000
vt 0.777778 0.800000
vt 0.833333 0.800000
vt 0.888889 0.800000
vt 0.944444 0.800000
vt 1.000000 0.800000
vt 0.000000 0.900000
vt 0.055556 0.900000
vt 0.111111 0.900000
vt 0.166667 0.900000
vt 0.222222 0.900000
vt 0.277778 0.900000
vt 0.333333 0.900000
vt 0.388889 0.900000
vt 0.444444 0.900000
vt 0.500000 0.900000
vt 0.555556 0.900000
vt 0.611111 0.900000
vt 0.666667 0.900000
vt 0.722222 0.900000
vt 0.777778 0.900000
vt 0.833333 0.900000
vt 0.888889 0.900000
vt 0.944444 0.900000
vt 1.000000 0.900000
vt 0.000000 1.000000
vt 0.055556 1.000000
vt 0.111111 1.000000
vt 0.166667 1.000000
vt 0.222222 1.000000
vt 0.277778 1.000000
vt 0.333333 1.000000
vt 0.388889 1.000000
vt 0.444444 1.000000
vt 0.500000 1.000000
vt 0.555556 1.000000
vt 0.611111 1.000000
vt 0.666667 1.000000
vt 0.722222 1.000000
vt 0.777778 1.000000
vt 0.833333 1.000000
vt 0.888889 1.000000
vt 0.944444 1.000000
vt 1.000000 1.000000
vt 0.000000 0.000000
vt 0.055556 0.000000
vt 0.111111 0.000000
vt 0.166667 0.000000
vt 0.222222 0.000000
vt 0.277778 0.000000
vt 0.333333 0.000000
vt 0.388889 0.000000
vt 0.444444 0.000000
vt 0.500000 0.000000
vt 0.555556 0.000000
vt 0.611111 0.000000
vt 0.666667 0.000000
vt 0.722222 0.000000
vt 0.777778 0.000000
vt 0.833333 0.000000
vt 0.888889 0.000000
vt 0.944444 0.000000
vt 1.000000 0.000000
vt 0.000000 0.100000
vt 0.055556 0.100000
vt 0.111111 0.100000
vt 0.166667 0.100000
vt 0.222222 0.100000
vt 0.277778 0.100000
vt 0.333333 0.100000
vt 0.388889 0.100000
vt 0.444444 0.100000
vt 0.500000 0.100000
vt 0.555556 0.100000
vt 0.611111 0.100000
vt 0.666667 0.100000
vt 0.722222 0.100000
vt 0.777778 0.100000
vt 0.833333 0.100000
vt 0.888889 0.100000
vt 0.944444 0.100000
vt 1.000000 0.100000
vt 0.000000 0.200000
vt 0.055556 0.200000
vt 0.111111 0.200000
vt 0.166667 0.200000
vt 0.222222 0.200000
vt 0.277778 0.200000
vt 0.333333 0.200000
vt 0.388889 0.200000
vt 0.444444 0.200000
vt 0.500000 0.200000
vt 0.555556 0.200000
vt 0.611111 0.200000
vt 0.666667 0.200000
vt 0.722222 0.200000
vt 0.777778 0.200000
vt 0.833333 0.200000
vt 0.888889 0.200000
vt 0.944444 0.200000
vt 1.000000 0.200000
vt 0.000000 0.300000
vt 0.055556 0.300000
vt 0.111111 0.300000
vt 0.166667 0.300000
vt 0.222222 0.300000
vt 0.277778 0.300000
vt 0.333333 0.300000
vt 0.388889 0.300000
vt 0.444444 0.300000
vt 0.500000 0.300000
vt 0.555556 0.300000
vt 0.611111 0.300000
vt 0.666667 0.300000
vt 0.722222 0.300000
vt 0.777778 0.300000
vt 0.833333 0.300000
vt 0.888889 0.300000
vt 0.944444 0.300000
vt 1.000000 0.300000
vt 0.000000 0.400000
vt 0.055556 0.400000
vt 0.111111 0.400000
vt 0.166667 0.400000
vt 0.222222 0.400000
vt 0.277778 0.400000
vt 0.333333 0.400000
vt 0.388889 0.400000
vt 0.444444 0.400000
vt 0.500000 0.400000
vt 0.555556 0.400000
vt 0.611111 0.400000
vt 0.666667 0.400000
vt 0.722222 0.400000
vt 0.777778 0.400000
vt 0.833333 0.400000
vt 0.888889 0.400000
vt 0.944444 0.400000
vt 1.000000 0.400000
vt 0.000000 0.500000
vt 0.055556 0.500000
vt 0.111111 0.500000
vt 0.166667 0.500000
vt 0.222222 0.500000
vt 0.277778 0.500000
vt 0.333333 0.500000
vt 0.388889 0.500000
vt 0.444444 0.500000
vt 0.500000 0.500000
vt 0.555556 0.500000
vt 0.611111 0.500000
vt 0.666667 0.500000
vt 0.722222 0.500000
vt 0.777778 0.500000
vt 0.833333 0.500000
vt 0.888889 0.500000
vt 0.944444 0.500000
vt 1.000000 0.500000
vt 0.000000 0.600000
vt 0.055556 0.600000
vt 0.111111 0.600000
vt 0.166667 0.600000
vt 0.222222 0.600000
vt 0.277778 0.600000
vt 0.333333 0.600000
vt 0.388889 0.600000
vt 0.444444 0.600000
vt 0.500000 0.600000
vt 0.555556 0.600000
vt 0.611111 0.600000
vt 0.666667 0.600000
vt 0.722222 0.600000
vt 0.777778 0.600000
vt 0.833333 0.600000
vt 0.888889 0.600000
vt 0.944444 0.600000
vt 1.000000 0.600000
vt 0.000000 0.700000
vt 0.055556 0.700000
vt 0.111111 0.700000
vt 0.166667 0.700000
vt 0.222222 0.700000
vt 0.277778 0.700000
vt 0.333333 0.700000
vt 0.388889 0.700000
vt 0.444444 0.700000
vt 0.500000 0.700000
vt 0.555556 0.700000
vt 0.611111 0.700000
vt 0.666667 0.700000
vt 0.722222 0.700000
vt 0.777778 0.700000
vt 0.833333 0.700000
vt 0.888889 0.700000
vt 0.944444 0.700000
vt 1.000000 0.700000
vt 0.000000 0.800000
vt 0.055556 0.800000
vt 0.111111 0.800000
vt 0.166667 0.800000
vt 0.222222 0.800000
vt 0.277778 0.800000
vt 0.333333 0.800000
vt 0.388889 0.800000
vt 0.444444 0.800000
vt 0.500000 0.800000
vt 0.555556 0.800000
vt 0.611111 0.800000
vt 0.666667 0.800000
vt 0.722222 0.800000
vt 0.777778 0.800000
vt 0.833333 0.800000
vt 0.888889 0.800000
vt 0.944444 0.800000
vt 1.000000 0.800000
vt 0.000000 0.900000
vt 0.055556 0.900000
vt 0.111111 0.900000
vt 0.166667 0.900000
vt 0.222222 0.900000
vt 0.277778 0.900000
vt 0.333333 0.900000
vt 0.388889 0.900000
vt 0.444444 0.900000
vt 0.500000 0.900000
vt 0.555556 0.900000
vt 0.611111 0.900000
vt 0.666667 0.900000
vt 0.722222 0.900000
vt 0.777778 0.900000
vt 0.833333 0.900000
vt 0.888889 0.900000
vt 0.944444 0.900000
vt 1.000000 0.900000
vt 0.000000 1.000000
vt 0.055556 1.000000
vt 0.111111 1.000000
vt 0.166667 1.000000
vt 0.222222 1.000000
vt 0.277778 1.000000
vt 0.333333 1.000000
vt 0.388889 1.000000
vt 0.444444 1.000000
vt 0.500000 1.000000
vt 0.555556 1.000000
vt 0.611111 1.000000
vt 0.666667 1.000000
vt 0.722222 1.000000
vt 0.777778 1.000000
vt 0.833333 1.000000
vt 0.888889 1.000000
vt 0.944444 1.000000
vt 1.000000 1.000000
vt 0.000000 0.000000
vt 0.083333 0.000000
vt 0.166667 0.000000
vt 0.250000 0.000000
vt 0.333333 0.000000
vt 0.416667 0.000000
vt 0.500000 0.000000
vt 0.583333 0.000000
vt 0.666667 0.000000
vt 0.750000 0.000000
vt 0.833333 0.000000
vt 0.916667 0.000000
vt 1.000000 0.000000
vt 0.000000 0.166667
vt 0.083333 0.166667
vt 0.166667 0.166667
vt 0.250000 0.166667
vt 0.333333 0.166667
vt 0.416667 0.166667
vt 0.500000 0.166667
vt 0.583333 0.166667
vt 0.666667 0.166667
vt 0.750000 0.166667
vt 0.833333 0.166667
vt 0.916667 0.166667
vt 1.000000 0.166667
vt 0.000000 0.333333
vt 0.083333 0.333333
vt 0.166667 0.333333
vt 0.250000 0.333333
vt 0.333333 0.333333
vt 0.416667 0.333333
vt 0.500000 0.333333
vt 0.583333 0.333333
vt 0.666667 0.333333
vt 0.750000 0.333333
vt 0.833333 0.333333
vt 0.916667 0.333333
vt 1.000000 0.333333
vt 0.000000 0.500000
vt 0.083333 0.500000
vt 0.166667 0.500000
vt 0.250000 0.500000
vt 0.333333 0.500000
vt 0.416667 0.500000
vt 0.500000 0.500000
vt 0.583333 0.500000
vt 0.666667 0.500000
vt 0.750000 0.500000
vt 0.833333 0.500000
vt 0.916667 0.500000
vt 1.000000 0.500000
vt 0.000000 0.666667
vt 0.083333 0.666667
vt 0.166667 0.666667
vt 0.250000 0.666667
vt 0.333333 0.666667
vt 0.416667 0.666667
vt 0.500000 0.666667
vt 0.583333 0.666667
vt 0.666667 0.666667
vt 0.750000 0.666667
vt 0.833333 0.666667
vt 0.916667 0.666667
vt 1.000000 0.666667
vt 0.000000 0.833333
vt 0.083333 0.833333
vt 0.166667 0.833333
vt 0.250000 0.833333
vt 0.333333 0.833333
vt 0.416667 0.833333
vt 0.500000 0.833333
vt 0.583333 0.833333
vt 0.666667 0.833333
vt 0.750000 0.833333
vt 0.833333 0.833333
vt 0.916667 0.833333
vt 1.000000 0.833333
vt 0.000000 1.000000
vt 0.083333 1.000000
vt 0.166667 1.000000
vt 0.250000 1.000000
vt 0.333333 1.000000
vt 0.416667 1.000000
vt 0.500000 1.000000
vt 0.583333 1.000000
vt 0.666667 1.000000
vt 0.750000 1.000000
vt 0.833333 1.000000
vt 0.916667 1.000000
vt 1.000000 1.000000
vt 0.000000 0.000000
vt 0.083333 0.000000
vt 0.166667 0.000000
vt 0.250000 0.000000
vt 0.333333 0.000000
vt 0.416667 0.000000
vt 0.500000 0.000000
vt 0.583333 0.000000
vt 0.666667 0.000000
vt 0.750000 0.000000
vt 0.833333 0.000000
vt 0.916667 0.000000
vt 1.000000 0.000000
vt 0.000000 0.166667
vt 0.083333 0.166667
vt 0.166667 0.166667
vt 0.250000 0.166667
vt 0.333333 0.166667
vt 0.416667 0.166667
vt 0.500000 0.166667
vt 0.583333 0.166667
vt 0.666667 0.166667
vt 0.750000 0.166667
vt 0.833333 0.166667
vt 0.916667 0.166667
vt 1.000000 0.166667
vt 0.000000 0.333333
vt 0.083333 0.333333
vt 0.166667 0.333333
vt 0.250000 0.333333
vt 0.333333 0.333333
vt 0.416667 0.333333
vt 0.500000 0.333333
vt 0.583333 0.333333
vt 0.666667 0.333333
vt 0.750000 0.333333
vt 0.833333 0.333333
vt 0.916667 0.333333
vt 1.000000 0.333333
vt 0.000000 0.500000
vt 0.083333 0.500000
vt 0.166667 0.500000
vt 0.250000 0.500000
vt 0.333333 0.500000
vt 0.416667 0.500000
vt 0.500000 0.500000
vt 0.583333 0.500000
vt 0.666667 0.500000
vt 0.750000 0.500000
vt 0.833333 0.500000
vt 0.916667 0.500000
vt 1.000000 0.500000
vt 0.000000 0.666667
vt 0.083333 0.666667
vt 0.166667 0.666667
vt 0.250000 0.666667
vt 0.333333 0.666667
vt 0.416667 0.666667
vt 0.500000 0.666667
vt 0.583333 0.666667
vt 0.666667 0.666667
vt 0.750000 0.666667
vt 0.833333 0.666667
vt 0.916667 0.666667
vt 1.000000 0.666667
vt 0.000000 0.833333
vt 0.083333 0.833333
vt 0.166667 0.833333
vt 0.250000 0.833333
vt 0.333333 0.833333
vt 0.416667 0.833333
vt 0.500000 0.833333
vt 0.583333 0.833333
vt 0.666667 0.833333
vt 0.750000 0.833333
vt 0.833333 0.833333
vt 0.916667 0.833333
vt 1.000000 0.833333
vt 0.000000 1.000000
vt 0.083333 1.000000
vt 0.166667 1.000000
vt 0.250000 1.000000
vt 0.333333 1.000000
vt 0.416667 1.000000
vt 0.500000 1.000000
vt 0.583333 1.000000
vt 0.666667 1.000000
vt 0.750000 1.000000
vt 0.833333 1.000000
vt 0.916667 1.000000
vt 1.000000 1.000000
vt 0.000000 0.000000
vt 0.083333 0.000000
vt 0.166667 0.000000
vt 0.250000 0.000000
vt 0.333333 0.000000
vt 0.416667 0.000000
vt 0.500000 0.000000
vt 0.583333 0.000000
vt 0.666667 0.000000
vt 0.750000 0.000000
vt 0.833333 0.000000
vt 0.916667 0.000000
vt 1.000000 0.000000
vt 0.000000 0.166667
vt 0.083333 0.166667
vt 0.166667 0.166667
vt 0.250000 0.166667
vt 0.333333 0.166667
vt 0.416667 0.166667
vt 0.500000 0.166667
vt 0.583333 0.166667
vt 0.666667 0.166667
vt 0.750000 0.166667
vt 0.833333 0.166667
vt 0.916667 0.166667
vt 1.000000 0.166667
vt 0.000000 0.333333
vt 0.083333 0.333333
vt 0.166667 0.333333
vt 0.250000 0.333333
vt 0.333333 0.333333
vt 0.416667 0.333333
vt 0.500000 0.333333
vt 0.583333 0.333333
vt 0.666667 0.333333
vt 0.750000 0.333333
vt 0.833333 0.333333
vt 0.916667 0.333333
vt 1.000000 0.333333
vt 0.000000 0.500000
vt 0.083333 0.500000
vt 0.166667 0.500000
vt 0.250000 0.500000
vt 0.333333 0.500000
vt 0.416667 0.500000
vt 0.500000 0.500000
vt 0.583333 0.500000
vt 0.666667 0.500000
vt 0.750000 0.500000
vt 0.833333 0.500000
vt 0.916667 0.500000
vt 1.000000 0.500000
vt 0.000000 0.666667
vt 0.083333 0.666667
vt 0.166667 0.666667
vt 0.250000 0.666667
vt 0.333333 0.666667
vt 0.416667 0.666667
vt 0.500000 0.666667
vt 0.583333 0.666667
vt 0.666667 0.666667
vt 0.750000 0.666667
vt 0.833333 0.666667
vt 0.916667 0.666667
vt 1.000000 0.666667
vt 0.000000 0.833333
vt 0.083333 0.833333
vt 0.166667 0.833333
vt 0.250000 0.833333
vt 0.333333 0.833333
vt 0.416667 0.833333
vt 0.500000 0.833333
vt 0.583333 0.833333
vt 0.666667 0.833333
vt 0.750000 0.833333
vt 0.833333 0.833333
vt 0.916667 0.833333
vt 1.000000 0.833333
vt 0.000000 1.000000
vt 0.083333 1.000000
vt 0.166667 1.000000
vt 0.250000 1.000000
vt 0.333333 1.000000
vt 0.416667 1.000000
vt 0.500000 1.000000
vt 0.583333 1.000000
vt 0.666667 1.000000
vt 0.750000 1.000000
vt 0.833333 1.000000
vt 0.916667 1.000000
vt 1.000000 1.000000
vt 0.000000 0.000000
vt 0.083333 0.000000
vt 0.166667 0.000000
vt 0.250000 0.000000
vt 0.333333 0.000000
vt 0.416667 0.000000
vt 0.500000 0.000000
vt 0.583333 0.000000
vt 0.666667 0.000000
vt 0.750000 0.000000
vt 0.833333 0.000000
vt 0.916667 0.000000
vt 1.000000 0.000000
vt 0.000000 0.166667
vt 0.083333 0.166667
vt 0.166667 0.166667
vt 0.250000 0.166667
vt 0.333333 0.166667
vt 0.416667 0.166667
vt 0.500000 0.166667
vt 0.583333 0.166667
vt 0.666667 0.166667
vt 0.750000 0.166667
vt 0.833333 0.166667
vt 0.916667 0.166667
vt 1.000000 0.166667
vt 0.000000 0.333333
vt 0.083333 0.333333
vt 0.166667 0.333333
vt 0.250000 0.333333
vt 0.333333 0.333333
vt 0.416667 0.333333
vt 0.500000 0.333333
vt 0.583333 0.333333
vt 0.666667 0.333333
vt 0.750000 0.333333
vt 0.833333 0.333333
vt 0.916667 0.333333
vt 1.000000 0.333333
vt 0.000000 0.500000
vt 0.083333 0.500000
vt 0.166667 0.500000
vt 0.250000 0.500000
vt 0.333333 0.500000
vt 0.416667 0.500000
vt 0.500000 0.500000
vt 0.583333 0.500000
vt 0.666667 0.500000
vt 0.750000 0.500000
vt 0.833333 0.500000
vt 0.916667 0.500000
vt 1.000000 0.500000
vt 0.000000 0.666667
vt 0.083333 0.666667
vt 0.166667 0.666667
vt 0.250000 0.666667
vt 0.333333 0.666667
vt 0.416667 0.666667
vt 0.500000 0.666667
vt 0.583333 0.666667
vt 0.666667 0.666667
vt 0.750000 0.666667
vt 0.833333 0.666667
vt 0.916667 0.666667
vt 1.000000 0.666667
vt 0.000000 0.833333
vt 0.083333 0.833333
vt 0.166667 0.833333
vt 0.250000 0.833333
vt 0.333333 0.833333
vt 0.416667 0.833333
vt 0.500000 0.833333
vt 0.583333 0.833333
vt 0.666667 0.833333
vt 0.750000 0.833333
vt 0.833333 0.833333
vt 0.916667 0.833333
vt 1.000000 0.833333
vt 0.000000 1.000000
vt 0.083333 1.000000
vt 0.166667 1.000000
vt 0.250000 1.000000
vt 0.333333 1.000000
vt 0.416667 1.000000
vt 0.500000 1.000000
vt 0.583333 1.000000
vt 0.666667 1.000000
vt 0.750000 1.000000
vt 0.833333 1.000000
vt 0.916667 1.000000
vt 1.000000 1.000000
vt 0.500000 0.000000
vt 0.000000 1.000000
vt 1.000000 1.000000
vt 0.000000 0.000000
vt 0.055556 0.000000
vt 0.111111 0.000000
vt 0.166667 0.000000
vt 0.222222 0.000000
vt 0.277778 0.000000
vt 0.333333 0.000000
vt 0.388889 0.000000
vt 0.444444 0.000000
vt 0.500000 0.000000
vt 0.555556 0.000000
vt 0.611111 0.000000
vt 0.666667 0.000000
vt 0.722222 0.000000
vt 0.777778 0.000000
vt 0.833333 0.000000
vt 0.888889 0.000000
vt 0.944444 0.000000
vt 1.000000 0.000000
vt 0.000000 0.100000
vt 0.055556 0.100000
vt 0.111111 0.100000
vt 0.166667 0.100000
vt 0.222222 0.100000
vt 0.277778 0.100000
vt 0.333333 0.100000
vt 0.388889 0.100000
vt 0.444444 0.100000
vt 0.500000 0.100000
vt 0.555556 0.100000
vt 0.611111 0.100000
vt 0.666667 0.100000
vt 0.722222 0.100000
vt 0.777778 0.100000
vt 0.833333 0.100000
vt 0.888889 0.100000
vt 0.944444 0.100000
vt 1.000000 0.100000
vt 0.000000 0.200000
vt 0.055556 0.200000
vt 0.111111 0.200000
vt 0.166667 0.200000
vt 0.222222 0.200000
vt 0.277778 0.200000
vt 0.333333 0.200000
vt 0.388889 0.200000
vt 0.444444 0.200000
vt 0.500000 0.200000
vt 0.555556 0.200000
vt 0.611111 0.200000
vt 0.666667 0.200000
vt 0.722222 0.200000
vt 0.777778 0.200000
vt 0.833333 0.200000
vt 0.888889 0.200000
vt 0.944444 0.200000
vt 1.000000 0.200000
vt 0.000000 0.300000
vt 0.055556 0.300000
vt 0.111111 0.300000
vt 0.166667 0.300000
vt 0.222222 0.300000
vt 0.277778 0.300000
vt 0.333333 0.300000
vt 0.388889 0.300000
vt 0.444444 0.300000
vt 0.500000 0.300000
vt 0.555556 0.300000
vt 0.611111 0.300000
vt 0.666667 0.300000
vt 0.722222 0.300000
vt 0.777778 0.300000
vt 0.833333 0.300000
vt 0.888889 0.300000
vt 0.944444 0.300000
vt 1.000000 0.300000
vt 0.000000 0.400000
vt 0.055556 0.400000
vt 0.111111 0.400000
vt 0.166667 0.400000
vt 0.222222 0.400000
vt 0.277778 0.400000
vt 0.333333 0.400000
vt 0.388889 0.400000
vt 0.444444 0.400000
vt 0.500000 0.400000
vt 0.555556 0.400000
vt 0.611111 0.400000
vt 0.666667 0.400000
vt 0.722222 0.400000
vt 0.777778 0.400000
vt 0.833333 0.400000
vt 0.888889 0.400000
vt 0.944444 0.400000
vt 1.000000 0.400000
vt 0.000000 0.500000
vt 0.055556 0.500000
vt 0.111111 0.500000
vt 0.166667 0.500000
vt 0.222222 0.500000
vt 0.277778 0.500000
vt 0.333333 0.500000
vt 0.388889 0.500000
vt 0.444444 0.500000
vt 0.500000 0.500000
vt 0.555556 0.500000
vt 0.611111 0.500000
vt 0.666667 0.500000
vt 0.722222 0.500000
vt 0.777778 0.500000
vt 0.833333 0.500000
vt 0.888889 0.500000
vt 0.944444 0.500000
vt 1.000000 0.500000
vt 0.000000 0.600000
vt 0.055556 0.600000
vt 0.111111 0.600000
vt 0.166667 0.600000
vt 0.222222 0.600000
vt 0.277778 0.600000
vt 0.333333 0.600000
vt 0.388889 0.600000
vt 0.444444 0.600000
vt 0.500000 0.600000
vt 0.555556 0.600000
vt 0.611111 0.600000
vt 0.666667 0.600000
vt 0.722222 0.600000
vt 0.777778 0.600000
vt 0.833333 0.600000
vt 0.888889 0.600000
vt 0.944444 0.600000
vt 1.000000 0.600000
vt 0.000000 0.700000
vt 0.055556 0.700000
vt 0.111111 0.700000
vt 0.166667 0.700000
vt 0.222222 0.700000
vt 0.277778 0.700000
vt 0.333333 0.700000
vt 0.388889 0.700000
vt 0.444444 0.700000
vt 0.500000 0.700000
vt 0.555556 0.700000
vt 0.611111 0.700000
vt 0.666667 0.700000
vt 0.722222 0.700000
vt 0.777778 0.700000
vt 0.833333 0.700000
vt 0.888889 0.700000
vt 0.944444 0.700000
vt 1.000000 0.700000
vt 0.000000 0.800000
vt 0.055556 0.800000
vt 0.111111 0.800000
vt 0.166667 0.800000
vt 0.222222 0.800000
vt 0.277778 0.800000
vt 0.333333 0.800000
vt 0.388889 0.800000
vt 0.444444 0.800000
vt 0.500000 0.800000
vt 0.555556 0.800000
vt 0.611111 0.800000
vt 0.666667 0.800000
vt 0.722222 0.800000
vt 0.777778 0.800000
vt 0.833333 0.800000
vt 0.888889 0.800000
vt 0.944444 0.800000
vt 1.000000 0.800000
vt 0.000000 0.900000
vt 0.055556 0.900000
vt 0.111111 0.900000
vt 0.166667 0.900000
vt 0.222222 0.900000
vt 0.277778 0.900000
vt 0.333333 0.900000
vt 0.388889 0.900000
vt 0.444444 0.900000
vt 0.500000 0.900000
vt 0.555556 0.900000
vt 0.611111 0.900000
vt 0.666667 0.900000
vt 0.722222 0.900000
vt 0.777778 0.900000
vt 0.833333 0.900000
vt 0.888889 0.900000
vt 0.944444 0.900000
vt 1.000000 0.900000
vt 0.000000 1.000000
vt 0.055556 1.000000
vt 0.111111 1.000000
vt 0.166667 1.000000
vt 0.222222 1.000000
vt 0.277778 1.000000
vt 0.333333 1.000000
vt 0.388889 1.000000
vt 0.444444 1.000000
vt 0.500000 1.000000
vt 0.555556 1.000000
vt 0.611111 1.000000
vt 0.666667 1.000000
vt 0.722222 1.000000
vt 0.777778 1.000000
vt 0.833333 1.000000
vt 0.888889 1.000000
vt 0.944444 1.000000
vt 1.000000 1.000000
vt 0.000000 0.000000
vt 0.055556 0.000000
vt 0.111111 0.000000
vt 0.166667 0.000000
vt 0.222222 0.000000
vt 0.277778 0.000000
vt 0.333333 0.000000
vt 0.388889 0.000000
vt 0.444444 0.000000
vt 0.500000 0.000000
vt 0.555556 0.000000
vt 0.611111 0.000000
vt 0.666667 0.000000
vt 0.722222 0.000000
vt 0.777778 0.000000
vt 0.833333 0.000000
vt 0.888889 0.000000
vt 0.944444 0.000000
vt 1.000000 0.000000
vt 0.000000 0.100000
vt 0.055556 0.100000
vt 0.111111 0.100000
vt 0.166667 0.100000
vt 0.222222 0.100000
vt 0.277778 0.100000
vt 0.333333 0.100000
vt 0.388889 0.100000
vt 0.444444 0.100000
vt 0.500000 0.100000
vt 0.555556 0.100000
vt 0.611111 0.100000
vt 0.666667 0.100000
vt 0.722222 0.100000
vt 0.777778 0.100000
vt 0.833333 0.100000
vt 0.888889 0.100000
vt 0.944444 0.100000
vt 1.000000 0.100000
vt 0.000000 0.200000
vt 0.055556 0.200000
vt 0.111111 0.200000
vt 0.166667 0.200000
vt 0.222222 0.200000
vt 0.277778 0.200000
vt 0.333333 0.200000
vt 0.388889 0.200000
vt 0.444444 0.200000
vt 0.500000 0.200000
vt 0.555556 0.200000
vt 0.611111 0.200000
vt 0.666667 0.200000
vt 0.722222 0.200000
vt 0.777778 0.200000
vt 0.833333 0.200000
vt 0.888889 0.200000
vt 0.944444 0.200000
vt 1.000000 0.200000
vt 0.000000 0.300000
vt 0.055556 0.300000
vt 0.111111 0.300000
vt 0.166667 0.300000
vt 0.222222 0.300000
vt 0.277778 0.300000
vt 0.333333 0.300000
vt 0.388889 0.300000
vt 0.444444 0.300000
vt 0.500000 0.300000
vt 0.555556 0.300000
vt 0.611111 0.300000
vt 0.666667 0.300000
vt 0.722222 0.300000
vt 0.777778 0.300000
vt 0.833333 0.300000
vt 0.888889 0.300000
vt 0.944444 0.300000
vt 1.000000 0.300000
vt 0.000000 0.400000
vt 0.055556 0.400000
vt 0.111111 0.400000
vt 0.166667 0.400000
vt 0.222222 0.400000
vt 0.277778 0.400000
vt 0.333333 0.400000
vt 0.388889 0.400000
vt 0.444444 0.400000
vt 0.500000 0.400000
vt 0.555556 0.400000
vt 0.611111 0.400000
vt 0.666667 0.400000
vt 0.722222 0.400000
vt 0.777778 0.400000
vt 0.833333 0.400000
vt 0.888889 0.400000
vt 0.944444 0.400000
vt 1.000000 0.400000
vt 0.000000 0.500000
vt 0.055556 0.500000
vt 0.111111 0.500000
vt 0.166667 0.500000
vt 0.222222 0.500000
vt 0.277778 0.500000
vt 0.333333 0.500000
vt 0.388889 0.500000
vt 0.444444 0.500000
vt 0.500000 0.500000
vt 0.555556 0.500000
vt 0.611111 0.500000
vt 0.666667 0.500000
vt 0.722222 0.500000
vt 0.777778 0.500000
vt 0.833333 0.500000
vt 0.888889 0.500000
vt 0.944444 0.500000
vt 1.000000 0.500000
vt 0.000000 0.600000
vt 0.055556 0.600000
vt 0.111111 0.600000
vt 0.166667 0.600000
vt 0.222222 0.600000
vt 0.277778 0.600000
vt 0.333333 0.600000
vt 0.388889 0.600000
vt 0.444444 0.600000
vt 0.500000 0.600000
vt 0.555556 0.600000
vt 0.611111 0.600000
vt 0.666667 0.600000
vt 0.722222 0.600000
vt 0.777778 0.600000
vt 0.833333 0.600000
vt 0.888889 0.600000
vt 0.944444 0.600000
vt 1.000000 0.600000
vt 0.000000 0.700000
vt 0.055556 0.700000
vt 0.111111 0.700000
vt 0.166667 0.700000
vt 0.222222 0.700000
vt 0.277778 0.700000
vt 0.333333 0.700000
vt 0.388889 0.700000
vt 0.444444 0.700000
vt 0.500000 0.700000
vt 0.555556 0.700000
vt 0.611111 0.700000
vt 0.666667 0.700000
vt 0.722222 0.700000
vt 0.777778 0.700000
vt 0.833333 0.700000
vt 0.888889 0.700000
vt 0.944444 0.700000
vt 1.000000 0.700000
vt 0.000000 0.800000
vt 0.055556 0.800000
vt 0.111111 0.800000
vt 0.166667 0.800000
vt 0.222222 0.800000
vt 0.277778 0.800000
vt 0.333333 0.800000
vt 0.388889 0.800000
vt 0.444444 0.800000
vt 0.500000 0.800000
vt 0.555556 0.800000
vt 0.611111 0.800000
vt 0.666667 0.800000
vt 0.722222 0.800000
vt 0.777778 0.800000
vt 0.833333 0.800000
vt 0.888889 0.800000
vt 0.944444 0.800000
vt 1.000000 0.800000
vt 0.000000 0.900000
vt 0.055556 0.900000
vt 0.111111 0.900000
vt 0.166667 0.900000
vt 0.222222 0.900000
vt 0.277778 0.900000
vt 0.333333 0.900000
vt 0.388889 0.900000
vt 0.444444 0.900000
vt 0.500000 0.900000
vt 0.555556 0.900000
vt 0.611111 0.900000
vt 0.666667 0.900000
vt 0.722222 0.900000
vt 0.777778 0.900000
vt 0.833333 0.900000
vt 0.888889 0.900000
vt 0.944444 0.900000
vt 1.000000 0.900000
vt 0.000000 1.000000
vt 0.055556 1.000000
vt 0.111111 1.000000
vt 0.166667 1.000000
vt 0.222222 1.000000
vt 0.277778 1.000000
vt 0.333333 1.000000
vt 0.388889 1.000000
vt 0.444444 1.000000
vt 0.500000 1.000000
vt 0.555556 1.000000
vt 0.611111 1.000000
vt 0.666667 1.000000
vt 0.722222 1.000000
vt 0.777778 1.000000
vt 0.833333 1.000000
vt 0.888889 1.000000
vt 0.944444 1.000000
vt 1.000000 1.000000
vt 0.000000 1.000000
vt 0.000000 0.000000
vt 0.062500 1.000000
vt 0.062500 0.000000
vt 0.125000 1.000000
vt 0.125000 0.000000
vt 0.187500 1.000000
vt 0.187500 0.000000
vt 0.250000 1.000000
vt 0.250000 0.000000
vt 0.312500 1.000000
vt 0.312500 0.000000
vt 0.375000 1.000000
vt 0.375000 0.000000
vt 0.437500 1.000000
vt 0.437500 0.000000
vt 0.500000 1.000000
vt 0.500000 0.000000
vt 0.562500 1.000000
vt 0.562500 0.000000
vt 0.625000 1.000000
vt 0.625000 0.000000
vt 0.687500 1.000000
vt 0.687500 0.000000
vt 0.750000 1.000000
vt 0.750000 0.000000
vt 0.812500 1.000000
vt 0.812500 0.000000
vt 0.875000 1.000000
vt 0.875000 0.000000
vt 0.937500 1.000000
vt 0.937500 0.000000
vt 1.000000 1.000000
vt 1.000000 0.000000
vt 0.000000 1.000000
vt 0.000000 0.000000
vt 0.100000 1.000000
vt 0.100000 0.000000
vt 0.200000 1.000000
vt 0.200000 0.000000
vt 0.300000 1.000000
vt 0.300000 0.000000
vt 0.400000 1.000000
vt 0.400000 0.000000
vt 0.500000 1.000000
vt 0.500000 0.000000
vt 0.600000 1.000000
vt 0.600000 0.000000
vt 0.700000 1.000000
vt 0.700000 0.000000
vt 0.800000 1.000000
vt 0.800000 0.000000
vt 0.900000 1.000000
vt 0.900000 0.000000
vt 1.000000 1.000000
vt 1.000000 0.000000
vt 0.000000 1.000000
vt 0.000000 0.000000
vt 0.100000 1.000000
vt 0.100000 0.000000
vt 0.200000 1.000000
vt 0.200000 0.000000
vt 0.300000 1.000000
vt 0.300000 0.000000
vt 0.400000 1.000000
vt 0.400000 0.000000
vt 0.500000 1.000000
vt 0.500000 0.000000
vt 0.600000 1.000000
vt 0.600000 0.000000
vt 0.700000 1.000000
vt 0.700000 0.000000
vt 0.800000 1.000000
vt 0.800000 0.000000
vt 0.900000 1.000000
vt 0.900000 0.000000
vt 1.000000 1.000000
vt 1.000000 0.000000
vt 0.000000 1.000000
vt 0.000000 0.000000
vt 0.100000 1.000000
vt 0.100000 0.000000
vt 0.200000 1.000000
vt 0.200000 0.000000
vt 0.300000 1.000000
vt 0.300000 0.000000
vt 0.400000 1.000000
vt 0.400000 0.000000
vt 0.500000 1.000000
vt 0.500000 0.000000
vt 0.600000 1.000000
vt 0.600000 0.000000
vt 0.700000 1.000000
vt 0.700000 0.000000
vt 0.800000 1.000000
vt 0.800000 0.000000
vt 0.900000 1.000000
vt 0.900000 0.000000
vt 1.000000 1.000000
vt 1.000000 0.000000
vt 0.500000 0.500000
vt 0.000000 1.000000
vt 1.000000 0.000000
vt 0.500000 0.500000
vt 0.000000 1.000000
vt 1.000000 0.000000
vt 0.500000 0.500000
vt 0.000000 1.000000
vt 1.000000 0.000000
vt 0.500000 0.500000
vt 0.000000 1.000000
vt 1.000000 0.000000
vt 0.500000 0.500000
vt 0.000000 1.000000
vt 1.000000 0.000000
vt 0.500000 0.500000
vt 0.000000 1.000000
vt 1.000000 0.000000
vt 0.500000 0.500000
vt 0.000000 1.000000
vt 1.000000 0.000000
vt 0.500000 0.500000
vt 0.000000 1.000000
vt 1.000000 0.000000
vt 0.000000 0.000000
vt 0.071429 0.000000
vt 0.142857 0.000000
vt 0.214286 0.000000
vt 0.285714 0.000000
vt 0.357143 0.000000
vt 0.428571 0.000000
vt 0.500000 0.000000
vt 0.571429 0.000000
vt 0.642857 0.000000
vt 0.714286 0.000000
vt 0.785714 0.000000
vt 0.857143 0.000000
vt 0.928571 0.000000
vt 1.000000 0.000000
vt 0.000000 0.166667
vt 0.071429 0.166667
vt 0.142857 0.166667
vt 0.214286 0.166667
vt 0.285714 0.166667
vt 0.357143 0.166667
vt 0.428571 0.166667
vt 0.500000 0.166667
vt 0.571429 0.166667
vt 0.642857 0.166667
vt 0.714286 0.166667
vt 0.785714 0.166667
vt 0.857143 0.166667
vt 0.928571 0.166667
vt 1.000000 0.166667
vt 0.000000 0.333333
vt 0.071429 0.333333
vt 0.142857 0.333333
vt 0.214286 0.333333
vt 0.285714 0.333333
vt 0.357143 0.333333
vt 0.428571 0.333333
vt 0.500000 0.333333
vt 0.571429 0.333333
vt 0.642857 0.333333
vt 0.714286 0.333333
vt 0.785714 0.333333
vt 0.857143 0.333333
vt 0.928571 0.333333
vt 1.000000 0.333333
vt 0.000000 0.500000
vt 0.071429 0.500000
vt 0.142857 0.500000
vt 0.214286 0.500000
vt 0.285714 0.500000
vt 0.357143 0.500000
vt 0.428571 0.500000
vt 0.500000 0.500000
vt 0.571429 0.500000
vt 0.642857 0.500000
vt 0.714286 0.500000
vt 0.785714 0.500000
vt 0.857143 0.500000
vt 0.928571 0.500000
vt 1.000000 0.500000
vt 0.000000 0.666667
vt 0.071429 0.666667
vt 0.142857 0.666667
vt 0.214286 0.666667
vt 0.285714 0.666667
vt 0.357143 0.666667
vt 0.428571 0.666667
vt 0.500000 0.666667
vt 0.571429 0.666667
vt 0.642857 0.666667
vt 0.714286 0.666667
vt 0.785714 0.666667
vt 0.857143 0.666667
vt 0.928571 0.666667
vt 1.000000 0.666667
vt 0.000000 0.833333
vt 0.071429 0.833333
vt 0.142857 0.833333
vt 0.214286 0.833333
vt 0.285714 0.833333
vt 0.357143 0.833333
vt 0.428571 0.833333
vt 0.500000 0.833333
vt 0.571429 0.833333
vt 0.642857 0.833333
vt 0.714286 0.833333
vt 0.785714 0.833333
vt 0.857143 0.833333
vt 0.928571 0.833333
vt 1.000000 0.833333
vt 0.000000 1.000000
vt 0.071429 1.000000
vt 0.142857 1.000000
vt 0.214286 1.000000
vt 0.285714 1.000000
vt 0.357143 1.000000
vt 0.428571 1.000000
vt 0.500000 1.000000
vt 0.571429 1.000000
vt 0.642857 1.000000
vt 0.714286 1.000000
vt 0.785714 1.000000
vt 0.857143 1.000000
vt 0.928571 1.000000
vt 1.000000 1.000000
vt 0.000000 0.000000
vt 0.071429 0.000000
vt 0.142857 0.000000
vt 0.214286 0.000000
vt 0.285714 0.000000
vt 0.357143 0.000000
vt 0.428571 0.000000
vt 0.500000 0.000000
vt 0.571429 0.000000
vt 0.642857 0.000000
vt 0.714286 0.000000
vt 0.785714 0.000000
vt 0.857143 0.000000
vt 0.928571 0.000000
vt 1.000000 0.000000
vt 0.000000 0.166667
vt 0.071429 0.166667
vt 0.142857 0.166667
vt 0.214286 0.166667
vt 0.285714 0.166667
vt 0.357143 0.166667
vt 0.428571 0.166667
vt 0.500000 0.166667
vt 0.571429 0.166667
vt 0.642857 0.166667
vt 0.714286 0.166667
vt 0.785714 0.166667
vt 0.857143 0.166667
vt 0.928571 0.166667
vt 1.000000 0.166667
vt 0.000000 0.333333
vt 0.071429 0.333333
vt 0.142857 0.333333
vt 0.214286 0.333333
vt 0.285714 0.333333
vt 0.357143 0.333333
vt 0.428571 0.333333
vt 0.500000 0.333333
vt 0.571429 0.333333
vt 0.642857 0.333333
vt 0.714286 0.333333
vt 0.785714 0.333333
vt 0.857143 0.333333
vt 0.928571 0.333333
vt 1.000000 0.333333
vt 0.000000 0.500000
vt 0.071429 0.500000
vt 0.142857 0.500000
vt 0.214286 0.500000
vt 0.285714 0.500000
vt 0.357143 0.500000
vt 0.428571 0.500000
vt 0.500000 0.500000
vt 0.571429 0.500000
vt 0.642857 0.500000
vt 0.714286 0.500000
vt 0.785714 0.500000
vt 0.857143 0.500000
vt 0.928571 0.500000
vt 1.000000 0.500000
vt 0.000000 0.666667
vt 0.071429 0.666667
vt 0.142857 0.666667
vt 0.214286 0.666667
vt 0.285714 0.666667
vt 0.357143 0.666667
vt 0.428571 0.666667
vt 0.500000 0.666667
vt 0.571429 0.666667
vt 0.642857 0.666667
vt 0.714286 0.666667
vt 0.785714 0.666667
vt 0.857143 0.666667
vt 0.928571 0.666667
vt 1.000000 0.666667
vt 0.000000 0.833333
vt 0.071429 0.833333
vt 0.142857 0.833333
vt 0.214286 0.833333
vt 0.285714 0.833333
vt 0.357143 0.833333
vt 0.428571 0.833333
vt 0.500000 0.833333
vt 0.571429 0.833333
vt 0.642857 0.833333
vt 0.714286 0.833333
vt 0.785714 0.833333
vt 0.857143 0.833333
vt 0.928571 0.833333
vt 1.000000 0.833333
vt 0.000000 1.000000
vt 0.071429 1.000000
vt 0.142857 1.000000
vt 0.214286 1.000000
vt 0.285714 1.000000
vt 0.357143 1.000000
vt 0.428571 1.000000
vt 0.500000 1.000000
vt 0.571429 1.000000
vt 0.642857 1.000000
vt 0.714286 1.000000
vt 0.785714 1.000000
vt 0.857143 1.000000
vt 0.928571 1.000000
vt 1.000000 1.000000
vn 0.000000 1.000000 0.000000
vn 0.000000 1.000000 0.000000
vn 0.000000 1.000000 0.000000
vn 0.000000 1.000000 0.000000
vn 0.000000 1.000000 0.000000
vn 0.000000 1.000000 0.000000
vn 0.000000 1.000000 0.000000
vn 0.000000 1.000000 0.000000
vn 0.000000 1.000000 0.000000
vn 0.000000 1.000000 0.000000
vn 0.000000 1.000000 0.000000
vn 0.000000 1.000000 0.000000
vn 0.000000 1.000000 0.000000
vn 0.000000 1.000000 0.000000
vn 0.000000 1.000000 0.000000
vn -0.000000 1.000000 0.000000
vn -0.000000 1.000000 0.000000
vn -0.000000 1.000000 0.000000
vn -0.000000 1.000000 0.000000
vn -0.000000 1.000000 0.000000
vn -0.000000 1.000000 0.000000
vn -0.000000 1.000000 0.000000
vn -0.000000 1.000000 0.000000
vn -0.000000 1.000000 0.000000
vn -0.000000 1.000000 0.000000
vn -0.000000 1.000000 0.000000
vn -0.000000 1.000000 0.000000
vn -0.000000 1.000000 0.000000
vn -0.000000 1.000000 0.000000
vn -0.000000 1.000000 -0.000000
vn -0.000000 1.000000 -0.000000
vn -0.000000 1.000000 -0.000000
vn -0.000000 1.000000 -0.000000
vn -0.000000 1.000000 -0.000000
vn -0.000000 1.000000 -0.000000
vn -0.000000 1.000000 -0.000000
vn -0.000000 1.000000 -0.000000
vn -0.000000 1.000000 -0.000000
vn -0.000000 1.000000 -0.000000
vn -0.000000 1.000000 -0.000000
vn -0.000000 1.000000 -0.000000
vn -0.000000 1.000000 -0.000000
vn -0.000000 1.000000 -0.000000
vn 0.000000 1.000000 -0.000000
vn 0.000000 1.000000 -0.000000
vn 0.000000 1.000000 -0.000000
vn 0.000000 1.000000 -0.000000
vn 0.000000 1.000000 -0.000000
vn 0.000000 1.000000 -0.000000
vn 0.000000 1.000000 -0.000000
vn 0.000000 1.000000 -0.000000
vn 0.000000 1.000000 -0.000000
vn 0.000000 1.000000 -0.000000
vn 0.000000 1.000000 -0.000000
vn 0.000000 1.000000 -0.000000
vn 0.000000 1.000000 -0.000000
vn 0.000000 1.000000 -0.000000
vn 0.063978 0.997951 0.000000
vn 0.063574 0.997933 0.009361
vn 0.062369 0.997880 0.018603
vn 0.060378 0.997794 0.027609
vn 0.057626 0.997679 0.036266
vn 0.054149 0.997542 0.044463
vn 0.049992 0.997390 0.052099
vn 0.045206 0.997229 0.059076
vn 0.039854 0.997069 0.065309
vn 0.034003 0.996917 0.070719
vn 0.027726 0.996780 0.075239
vn 0.021103 0.996666 0.078814
vn 0.014217 0.996580 0.081399
vn 0.007153 0.996527 0.082963
vn 0.000000 0.996509 0.083486
vn -0.007153 0.996527 0.082963
vn -0.014217 0.996580 0.081399
vn -0.021103 0.996666 0.078814
vn -0.027726 0.996780 0.075239
vn -0.034003 0.996917 0.070719
vn -0.039854 0.997069 0.065309
vn -0.045206 0.997229 0.059076
vn -0.049992 0.997390 0.052099
vn -0.054149 0.997542 0.044463
vn -0.057626 0.997679 0.036266
vn -0.060378 0.997794 0.027609
vn -0.062369 0.997880 0.018603
vn -0.063574 0.997933 0.009361
vn -0.063978 0.997951 0.000000
vn -0.063574 0.997933 -0.009361
vn -0.062369 0.997880 -0.018603
vn -0.060378 0.997794 -0.027609
vn -0.057626 0.997679 -0.036266
vn -0.054149 0.997542 -0.044463
vn -0.049992 0.997390 -0.052099
vn -0.045206 0.997229 -0.059076
vn -0.039854 0.997069 -0.065309
vn -0.034003 0.996917 -0.070719
vn -0.027726 0.996780 -0.075239
vn -0.021103 0.996666 -0.078814
vn -0.014217 0.996580 -0.081399
vn -0.007153 0.996527 -0.082963
vn -0.000000 0.996509 -0.083486
vn 0.007153 0.996527 -0.082963
vn 0.014217 0.996580 -0.081399
vn 0.021103 0.996666 -0.078814
vn 0.027726 0.996780 -0.075239
vn 0.034003 0.996917 -0.070719
vn 0.039854 0.997069 -0.065309
vn 0.045206 0.997229 -0.059076
vn 0.049992 0.997390 -0.052099
vn 0.054149 0.997542 -0.044463
vn 0.057626 0.997679 -0.036266
vn 0.060378 0.997794 -0.027609
vn 0.062369 0.997880 -0.018603
vn 0.063574 0.997933 -0.009361
vn 0.063978 0.997951 -0.000000
vn 0.129383 0.991595 0.000000
vn 0.128560 0.991521 0.018930
vn 0.126102 0.991304 0.037613
vn 0.122044 0.990955 0.055808
vn 0.116440 0.990491 0.073279
vn 0.109368 0.989936 0.089805
vn 0.100923 0.989319 0.105178
vn 0.091218 0.988671 0.119205
vn 0.080378 0.988023 0.131716
vn 0.068545 0.987410 0.142560
vn 0.055869 0.986860 0.151608
vn 0.042509 0.986402 0.158756
vn 0.028630 0.986058 0.163920
vn 0.014402 0.985845 0.167042
vn 0.000000 0.985772 0.168087
vn -0.014402 0.985845 0.167042
vn -0.028630 0.986058 0.163920
vn -0.042509 0.986402 0.158756
vn -0.055869 0.986860 0.151608
vn -0.068545 0.987410 0.142560
vn -0.080378 0.988023 0.131716
vn -0.091218 0.988671 0.119205
vn -0.100923 0.989319 0.105178
vn -0.109368 0.989936 0.089805
vn -0.116440 0.990491 0.073279
vn -0.122044 0.990955 0.055808
vn -0.126102 0.991304 0.037613
vn -0.128560 0.991521 0.018930
vn -0.129383 0.991595 0.000000
vn -0.128560 0.991521 -0.018930
vn -0.126102 0.991304 -0.037613
vn -0.122044 0.990955 -0.055808
vn -0.116440 0.990491 -0.073279
vn -0.109368 0.989936 -0.089805
vn -0.100923 0.989319 -0.105178
vn -0.091218 0.988671 -0.119205
vn -0.080378 0.988023 -0.131716
vn -0.068545 0.987410 -0.142560
vn -0.055869 0.986860 -0.151608
vn -0.042509 0.986402 -0.158756
vn -0.028630 0.986058 -0.163920
vn -0.014402 0.985845 -0.167042
vn -0.000000 0.985772 -0.168087
vn 0.014402 0.985845 -0.167042
vn 0.028630 0.986058 -0.163920
vn 0.042509 0.986402 -0.158756
vn 0.055869 0.986860 -0.151608
vn 0.068545 0.987410 -0.142560
vn 0.080378 0.988023 -0.131716
vn 0.091218 0.988671 -0.119205
vn 0.100923 0.989319 -0.105178
vn 0.109368 0.989936 -0.089805
vn 0.116440 0.990491 -0.073279
vn 0.122044 0.990955 -0.055808
vn 0.126102 0.991304 -0.037613
vn 0.128560 0.991521 -0.018930
vn 0.129383 0.991595 -0.000000
vn 0.197722 0.980258 0.000000
vn 0.196445 0.980088 0.028925
vn 0.192633 0.979587 0.057457
vn 0.186345 0.978782 0.085211
vn 0.177679 0.977715 0.111819
vn 0.166764 0.976442 0.136935
vn 0.153761 0.975028 0.160242
vn 0.138853 0.973547 0.181456
vn 0.122248 0.972072 0.200328
vn 0.104166 0.970677 0.216644
vn 0.084841 0.969432 0.230227
vn 0.064513 0.968395 0.240935
vn 0.043430 0.967617 0.248660
vn 0.021841 0.967135 0.253325
vn 0.000000 0.966972 0.254884
vn -0.021841 0.967135 0.253325
vn -0.043430 0.967617 0.248660
vn -0.064513 0.968395 0.240935
vn -0.084841 0.969432 0.230227
vn -0.104166 0.970677 0.216644
vn -0.122248 0.972072 0.200328
vn -0.138853 0.973547 0.181456
vn -0.153761 0.975028 0.160242
vn -0.166764 0.976442 0.136935
vn -0.177679 0.977715 0.111819
vn -0.186345 0.978782 0.085211
vn -0.192633 0.979587 0.057457
vn -0.196445 0.980088 0.028925
vn -0.197722 0.980258 0.000000
vn -0.196445 0.980088 -0.028925
vn -0.192633 0.979587 -0.057457
vn -0.186345 0.978782 -0.085211
vn -0.177679 0.977715 -0.111819
vn -0.166764 0.976442 -0.136935
vn -0.153761 0.975028 -0.160242
vn -0.138853 0.973547 -0.181456
vn -0.122248 0.972072 -0.200328
vn -0.104166 0.970677 -0.216644
vn -0.084841 0.969432 -0.230227
vn -0.064513 0.968395 -0.240935
vn -0.043430 0.967617 -0.248660
vn -0.021841 0.967135 -0.253325
vn -0.000000 0.966972 -0.254884
vn 0.021841 0.967135 -0.253325
vn 0.043430 0.967617 -0.248660
vn 0.064513 0.968395 -0.240935
vn 0.084841 0.969432 -0.230227
vn 0.104166 0.970677 -0.216644
vn 0.122248 0.972072 -0.200328
vn 0.138853 0.973547 -0.181456
vn 0.153761 0.975028 -0.160242
vn 0.166764 0.976442 -0.136935
vn 0.177679 0.977715 -0.111819
vn 0.186345 0.978782 -0.085211
vn 0.192633 0.979587 -0.057457
vn 0.196445 0.980088 -0.028925
vn 0.197722 0.980258 -0.000000
vn 0.270651 0.962677 0.000000
vn 0.268862 0.962365 0.039588
vn 0.263528 0.961444 0.078603
vn 0.254744 0.959967 0.116488
vn 0.242667 0.958014 0.152718
vn 0.227504 0.955690 0.186810
vn 0.209503 0.953120 0.218334
vn 0.188946 0.950437 0.246918
vn 0.166136 0.947776 0.272247
vn 0.141391 0.945270 0.294064
vn 0.115036 0.943038 0.312165
vn 0.087395 0.941186 0.326391
vn 0.058794 0.939800 0.336630
vn 0.029556 0.938942 0.342803
vn 0.000000 0.938652 0.344865
vn -0.029556 0.938942 0.342803
vn -0.058794 0.939800 0.336630
vn -0.087395 0.941186 0.326391
vn -0.115036 0.943038 0.312165
vn -0.141391 0.945270 0.294064
vn -0.166136 0.947776 0.272247
vn -0.188946 0.950437 0.246918
vn -0.209503 0.953120 0.218334
vn -0.227504 0.955690 0.186810
vn -0.242667 0.958014 0.152718
vn -0.254744 0.959967 0.116488
vn -0.263528 0.961444 0.078603
vn -0.268862 0.962365 0.039588
vn -0.270651 0.962677 0.000000
vn -0.268862 0.962365 -0.039588
vn -0.263528 0.961444 -0.078603
vn -0.254744 0.959967 -0.116488
vn -0.242667 0.958014 -0.152718
vn -0.227504 0.955690 -0.186810
vn -0.209503 0.953120 -0.218334
vn -0.188946 0.950437 -0.246918
vn -0.166136 0.947776 -0.272247
vn -0.141391 0.945270 -0.294064
vn -0.115036 0.943038 -0.312165
vn -0.087395 0.941186 -0.326391
vn -0.058794 0.939800 -0.336630
vn -0.029556 0.938942 -0.342803
vn -0.000000 0.938652 -0.344865
vn 0.029556 0.938942 -0.342803
vn 0.058794 0.939800 -0.336630
vn 0.087395 0.941186 -0.326391
vn 0.115036 0.943038 -0.312165
vn 0.141391 0.945270 -0.294064
vn 0.166136 0.947776 -0.272247
vn 0.188946 0.950437 -0.246918
vn 0.209503 0.953120 -0.218334
vn 0.227504 0.955690 -0.186810
vn 0.242667 0.958014 -0.152718
vn 0.254744 0.959967 -0.116488
vn 0.263528 0.961444 -0.078603
vn 0.268862 0.962365 -0.039588
vn 0.270651 0.962677 -0.000000
vn 0.350019 0.936743 0.000000
vn 0.347629 0.936234 0.051186
vn 0.340513 0.934738 0.101566
vn 0.328825 0.932344 0.150364
vn 0.312813 0.929189 0.196863
vn 0.292798 0.925454 0.240424
vn 0.269157 0.921343 0.280502
vn 0.242304 0.917074 0.316647
vn 0.212670 0.912863 0.348501
vn 0.180689 0.908916 0.375796
vn 0.146789 0.905419 0.398332
vn 0.111382 0.902530 0.415974
vn 0.074863 0.900374 0.428629
vn 0.037612 0.899043 0.436242
vn 0.000000 0.898593 0.438782
vn -0.037612 0.899043 0.436242
vn -0.074863 0.900374 0.428629
vn -0.111382 0.902530 0.415974
vn -0.146789 0.905419 0.398332
vn -0.180689 0.908916 0.375796
vn -0.212670 0.912863 0.348501
vn -0.242304 0.917074 0.316647
vn -0.269157 0.921343 0.280502
vn -0.292798 0.925454 0.240424
vn -0.312813 0.929189 0.196863
vn -0.328825 0.932344 0.150364
vn -0.340513 0.934738 0.101566
vn -0.347629 0.936234 0.051186
vn -0.350019 0.936743 0.000000
vn -0.347629 0.936234 -0.051186
vn -0.340513 0.934738 -0.101566
vn -0.328825 0.932344 -0.150364
vn -0.312813 0.929189 -0.196863
vn -0.292798 0.925454 -0.240424
vn -0.269157 0.921343 -0.280502
vn -0.242304 0.917074 -0.316647
vn -0.212670 0.912863 -0.348501
vn -0.180689 0.908916 -0.375796
vn -0.146789 0.905419 -0.398332
vn -0.111382 0.902530 -0.415974
vn -0.074863 0.900374 -0.428629
vn -0.037612 0.899043 -0.436242
vn -0.000000 0.898593 -0.438782
vn 0.037612 0.899043 -0.436242
vn 0.074863 0.900374 -0.428629
vn 0.111382 0.902530 -0.415974
vn 0.146789 0.905419 -0.398332
vn 0.180689 0.908916 -0.375796
vn 0.212670 0.912863 -0.348501
vn 0.242304 0.917074 -0.316647
vn 0.269157 0.921343 -0.280502
vn 0.292798 0.925454 -0.240424
vn 0.312813 0.929189 -0.196863
vn 0.328825 0.932344 -0.150364
vn 0.340513 0.934738 -0.101566
vn 0.347629 0.936234 -0.051186
vn 0.350019 0.936743 -0.000000
vn 0.437807 0.899069 0.000000
vn 0.434685 0.898305 0.064004
vn 0.425404 0.896064 0.126886
vn 0.410215 0.892489 0.187581
vn 0.389508 0.887803 0.245129
vn 0.363783 0.882288 0.298713
vn 0.333608 0.876260 0.347670
vn 0.299583 0.870045 0.391500
vn 0.262309 0.863960 0.429845
vn 0.222365 0.858297 0.462472
vn 0.180290 0.853311 0.489240
vn 0.136580 0.849213 0.510082
vn 0.091689 0.846168 0.524970
vn 0.046032 0.844294 0.533900
vn 0.000000 0.843661 0.536875
vn -0.046032 0.844294 0.533900
vn -0.091689 0.846168 0.524970
vn -0.136580 0.849213 0.510082
vn -0.180290 0.853311 0.489240
vn -0.222365 0.858297 0.462472
vn -0.262309 0.863960 0.429845
vn -0.299583 0.870045 0.391500
vn -0.333608 0.876260 0.347670
vn -0.363783 0.882288 0.298713
vn -0.389508 0.887803 0.245129
vn -0.410215 0.892489 0.187581
vn -0.425404 0.896064 0.126886
vn -0.434685 0.898305 0.064004
vn -0.437807 0.899069 0.000000
vn -0.434685 0.898305 -0.064004
vn -0.425404 0.896064 -0.126886
vn -0.410215 0.892489 -0.187581
vn -0.389508 0.887803 -0.245129
vn -0.363783 0.882288 -0.298713
vn -0.333608 0.876260 -0.347670
vn -0.299583 0.870045 -0.391500
vn -0.262309 0.863960 -0.429845
vn -0.222365 0.858297 -0.462472
vn -0.180290 0.853311 -0.489240
vn -0.136580 0.849213 -0.510082
vn -0.091689 0.846168 -0.524970
vn -0.046032 0.844294 -0.533900
vn -0.000000 0.843661 -0.536875
vn 0.046032 0.844294 -0.533900
vn 0.091689 0.846168 -0.524970
vn 0.136580 0.849213 -0.510082
vn 0.180290 0.853311 -0.489240
vn 0.222365 0.858297 -0.462472
vn 0.262309 0.863960 -0.429845
vn 0.299583 0.870045 -0.391500
vn 0.333608 0.876260 -0.347670
vn 0.363783 0.882288 -0.298713
vn 0.389508 0.887803 -0.245129
vn 0.410215 0.892489 -0.187581
vn 0.425404 0.896064 -0.126886
vn 0.434685 0.898305 -0.064004
vn 0.437807 0.899069 -0.000000
vn 0.535824 0.844330 0.000000
vn 0.531778 0.843257 0.078301
vn 0.519781 0.840114 0.155036
vn 0.500241 0.835125 0.228748
vn 0.473783 0.828629 0.298166
vn 0.441184 0.821047 0.362269
vn 0.403297 0.812835 0.420297
vn 0.360989 0.804451 0.471747
vn 0.315085 0.796321 0.516328
vn 0.266334 0.788822 0.553919
vn 0.215398 0.782273 0.584511
vn 0.162844 0.776926 0.608167
vn 0.109156 0.772975 0.624975
vn 0.054751 0.770553 0.635021
vn 0.000000 0.769736 0.638362
vn -0.054751 0.770553 0.635021
vn -0.109156 0.772975 0.624975
vn -0.162844 0.776926 0.608167
vn -0.215398 0.782273 0.584511
vn -0.266334 0.788822 0.553919
vn -0.315085 0.796321 0.516328
vn -0.360989 0.804451 0.471747
vn -0.403297 0.812835 0.420297
vn -0.441184 0.821047 0.362269
vn -0.473783 0.828629 0.298166
vn -0.500241 0.835125 0.228748
vn -0.519781 0.840114 0.155036
vn -0.531778 0.843257 0.078301
vn -0.535824 0.844330 0.000000
vn -0.531778 0.843257 -0.078301
vn -0.519781 0.840114 -0.155036
vn -0.500241 0.835125 -0.228748
vn -0.473783 0.828629 -0.298166
vn -0.441184 0.821047 -0.362269
vn -0.403297 0.812835 -0.420297
vn -0.360989 0.804451 -0.471747
vn -0.315085 0.796321 -0.516328
vn -0.266334 0.788822 -0.553919
vn -0.215398 0.782273 -0.584511
vn -0.162844 0.776926 -0.608167
vn -0.109156 0.772975 -0.624975
vn -0.054751 0.770553 -0.635021
vn -0.000000 0.769736 -0.638362
vn 0.054751 0.770553 -0.635021
vn 0.109156 0.772975 -0.624975
vn 0.162844 0.776926 -0.608167
vn 0.215398 0.782273 -0.584511
vn 0.266334 0.788822 -0.553919
vn 0.315085 0.796321 -0.516328
vn 0.360989 0.804451 -0.471747
vn 0.403297 0.812835 -0.420297
vn 0.441184 0.821047 -0.362269
vn 0.473783 0.828629 -0.298166
vn 0.500241 0.835125 -0.228748
vn 0.519781 0.840114 -0.155036
vn 0.531778 0.843257 -0.078301
vn 0.535824 0.844330 -0.000000
vn 0.644730 0.764411 0.000000
vn 0.639497 0.763005 0.094162
vn 0.624036 0.758903 0.186133
vn 0.599013 0.752432 0.273914
vn 0.565434 0.744083 0.355845
vn 0.524505 0.734441 0.430686
vn 0.477503 0.724123 0.497631
vn 0.425659 0.713716 0.556259
vn 0.370080 0.703746 0.606450
vn 0.311714 0.694653 0.648299
vn 0.251332 0.686788 0.682022
vn 0.189544 0.680421 0.707884
vn 0.126825 0.675746 0.726143
vn 0.063544 0.672891 0.737007
vn 0.000000 0.671932 0.740613
vn -0.063544 0.672891 0.737007
vn -0.126825 0.675746 0.726143
vn -0.189544 0.680421 0.707884
vn -0.251332 0.686788 0.682022
vn -0.311714 0.694653 0.648299
vn -0.370080 0.703746 0.606450
vn -0.425659 0.713716 0.556259
vn -0.477503 0.724123 0.497631
vn -0.524505 0.734441 0.430686
vn -0.565434 0.744083 0.355845
vn -0.599013 0.752432 0.273914
vn -0.624036 0.758903 0.186133
vn -0.639497 0.763005 0.094162
vn -0.644730 0.764411 0.000000
vn -0.639497 0.763005 -0.094162
vn -0.624036 0.758903 -0.186133
vn -0.599013 0.752432 -0.273914
vn -0.565434 0.744083 -0.355845
vn -0.524505 0.734441 -0.430686
vn -0.477503 0.724123 -0.497631
vn -0.425659 0.713716 -0.556259
vn -0.370080 0.703746 -0.606450
vn -0.311714 0.694653 -0.648299
vn -0.251332 0.686788 -0.682022
vn -0.189544 0.680421 -0.707884
vn -0.126825 0.675746 -0.726143
vn -0.063544 0.672891 -0.737007
vn -0.000000 0.671932 -0.740613
vn 0.063544 0.672891 -0.737007
vn 0.126825 0.675746 -0.726143
vn 0.189544 0.680421 -0.707884
vn 0.251332 0.686788 -0.682022
vn 0.311714 0.694653 -0.648299
vn 0.370080 0.703746 -0.606450
vn 0.425659 0.713716 -0.556259
vn 0.477503 0.724123 -0.497631
vn 0.524505 0.734441 -0.430686
vn 0.565434 0.744083 -0.355845
vn 0.599013 0.752432 -0.273914
vn 0.624036 0.758903 -0.186133
vn 0.639497 0.763005 -0.094162
vn 0.644730 0.764411 -0.000000
vn 0.761707 0.647921 0.000000
vn 0.754977 0.646260 0.111165
vn 0.735173 0.641433 0.219282
vn 0.703381 0.633879 0.321639
vn 0.661193 0.624241 0.416109
vn 0.610452 0.613259 0.501260
vn 0.553020 0.601674 0.576331
vn 0.490593 0.590161 0.641116
vn 0.424606 0.579284 0.695802
vn 0.356197 0.569490 0.740814
vn 0.286214 0.561114 0.776680
vn 0.215262 0.554396 0.803932
vn 0.143748 0.549497 0.823037
vn 0.071937 0.546521 0.834350
vn 0.000000 0.545523 0.838096
vn -0.071937 0.546521 0.834350
vn -0.143748 0.549497 0.823037
vn -0.215262 0.554396 0.803932
vn -0.286214 0.561114 0.776680
vn -0.356197 0.569490 0.740814
vn -0.424606 0.579284 0.695802
vn -0.490593 0.590161 0.641116
vn -0.553020 0.601674 0.576331
vn -0.610452 0.613259 0.501260
vn -0.661193 0.624241 0.416109
vn -0.703381 0.633879 0.321639
vn -0.735173 0.641433 0.219282
vn -0.754977 0.646260 0.111165
vn -0.761707 0.647921 0.000000
vn -0.754977 0.646260 -0.111165
vn -0.735173 0.641433 -0.219282
vn -0.703381 0.633879 -0.321639
vn -0.661193 0.624241 -0.416109
vn -0.610452 0.613259 -0.501260
vn -0.553020 0.601674 -0.576331
vn -0.490593 0.590161 -0.641116
vn -0.424606 0.579284 -0.695802
vn -0.356197 0.569490 -0.740814
vn -0.286214 0.561114 -0.776680
vn -0.215262 0.554396 -0.803932
vn -0.143748 0.549497 -0.823037
vn -0.071937 0.546521 -0.834350
vn -0.000000 0.545523 -0.838096
vn 0.071937 0.546521 -0.834350
vn 0.143748 0.549497 -0.823037
vn 0.215262 0.554396 -0.803932
vn 0.286214 0.561114 -0.776680
vn 0.356197 0.569490 -0.740814
vn 0.424606 0.579284 -0.695802
vn 0.490593 0.590161 -0.641116
vn 0.553020 0.601674 -0.576331
vn 0.610452 0.613259 -0.501260
vn 0.661193 0.624241 -0.416109
vn 0.703381 0.633879 -0.321639
vn 0.735173 0.641433 -0.219282
vn 0.754977 0.646260 -0.111165
vn 0.761707 0.647921 -0.000000
vn 0.876122 0.482089 0.000000
vn 0.867664 0.480455 0.127757
vn 0.842894 0.475732 0.251412
vn 0.803491 0.468409 0.367417
vn 0.751847 0.459179 0.473160
vn 0.690630 0.448813 0.567096
vn 0.622402 0.438046 0.648638
vn 0.549373 0.427509 0.717931
vn 0.473291 0.417697 0.775581
vn 0.395433 0.408976 0.822418
vn 0.316669 0.401601 0.859324
vn 0.237534 0.395738 0.887113
vn 0.158319 0.391492 0.906460
vn 0.079138 0.388924 0.917864
vn 0.000000 0.388065 0.921632
vn -0.079138 0.388924 0.917864
vn -0.158319 0.391492 0.906460
vn -0.237534 0.395738 0.887113
vn -0.316669 0.401601 0.859324
vn -0.395433 0.408976 0.822418
vn -0.473291 0.417697 0.775581
vn -0.549373 0.427509 0.717931
vn -0.622402 0.438046 0.648638
vn -0.690630 0.448813 0.567096
vn -0.751847 0.459179 0.473160
vn -0.803491 0.468409 0.367417
vn -0.842894 0.475732 0.251412
vn -0.867664 0.480455 0.127757
vn -0.876122 0.482089 0.000000
vn -0.867664 0.480455 -0.127757
vn -0.842894 0.475732 -0.251412
vn -0.803491 0.468409 -0.367417
vn -0.751847 0.459179 -0.473160
vn -0.690630 0.448813 -0.567096
vn -0.622402 0.438046 -0.648638
vn -0.549373 0.427509 -0.717931
vn -0.473291 0.417697 -0.775581
vn -0.395433 0.408976 -0.822418
vn -0.316669 0.401601 -0.859324
vn -0.237534 0.395738 -0.887113
vn -0.158319 0.391492 -0.906460
vn -0.079138 0.388924 -0.917864
vn -0.000000 0.388065 -0.921632
vn 0.079138 0.388924 -0.917864
vn 0.158319 0.391492 -0.906460
vn 0.237534 0.395738 -0.887113
vn 0.316669 0.401601 -0.859324
vn 0.395433 0.408976 -0.822418
vn 0.473291 0.417697 -0.775581
vn 0.549373 0.427509 -0.717931
vn 0.622402 0.438046 -0.648638
vn 0.690630 0.448813 -0.567096
vn 0.751847 0.459179 -0.473160
vn 0.803491 0.468409 -0.367417
vn 0.842894 0.475732 -0.251412
vn 0.867664 0.480455 -0.127757
vn 0.876122 0.482089 -0.000000
vn 0.965342 0.260988 0.000000
vn 0.955331 0.259915 0.140666
vn 0.926137 0.256828 0.276241
vn 0.880061 0.252077 0.402430
vn 0.820306 0.246153 0.516243
vn 0.750332 0.239580 0.616119
vn 0.673334 0.232839 0.701717
vn 0.591938 0.226324 0.773555
vn 0.508108 0.220326 0.832636
vn 0.423192 0.215049 0.880149
vn 0.338021 0.210625 0.917267
vn 0.253040 0.207132 0.945022
vn 0.168411 0.204616 0.964246
vn 0.084110 0.203099 0.975539
vn 0.000000 0.202592 0.979263
vn -0.084110 0.203099 0.975539
vn -0.168411 0.204616 0.964246
vn -0.253040 0.207132 0.945022
vn -0.338021 0.210625 0.917267
vn -0.423192 0.215049 0.880149
vn -0.508108 0.220326 0.832636
vn -0.591938 0.226324 0.773555
vn -0.673334 0.232839 0.701717
vn -0.750332 0.239580 0.616119
vn -0.820306 0.246153 0.516243
vn -0.880061 0.252077 0.402430
vn -0.926137 0.256828 0.276241
vn -0.955331 0.259915 0.140666
vn -0.965342 0.260988 0.000000
vn -0.955331 0.259915 -0.140666
vn -0.926137 0.256828 -0.276241
vn -0.880061 0.252077 -0.402430
vn -0.820306 0.246153 -0.516243
vn -0.750332 0.239580 -0.616119
vn -0.673334 0.232839 -0.701717
vn -0.591938 0.226324 -0.773555
vn -0.508108 0.220326 -0.832636
vn -0.423192 0.215049 -0.880149
vn -0.338021 0.210625 -0.917267
vn -0.253040 0.207132 -0.945022
vn -0.168411 0.204616 -0.964246
vn -0.084110 0.203099 -0.975539
vn -0.000000 0.202592 -0.979263
vn 0.084110 0.203099 -0.975539
vn 0.168411 0.204616 -0.964246
vn 0.253040 0.207132 -0.945022
vn 0.338021 0.210625 -0.917267
vn 0.423192 0.215049 -0.880149
vn 0.508108 0.220326 -0.832636
vn 0.591938 0.226324 -0.773555
vn 0.673334 0.232839 -0.701717
vn 0.750332 0.239580 -0.616119
vn 0.820306 0.246153 -0.516243
vn 0.880061 0.252077 -0.402430
vn 0.926137 0.256828 -0.276241
vn 0.955331 0.259915 -0.140666
vn 0.965342 0.260988 -0.000000
vn 1.000000 0.000000 0.000000
vn 0.989333 0.000000 0.145672
vn 0.958281 0.000000 0.285829
vn 0.909429 0.000000 0.415860
vn 0.846347 0.000000 0.532632
vn 0.772840 0.000000 0.634601
vn 0.692364 0.000000 0.721549
vn 0.607706 0.000000 0.794162
vn 0.520909 0.000000 0.853612
vn 0.433330 0.000000 0.901235
vn 0.345778 0.000000 0.938316
vn 0.258650 0.000000 0.965971
vn 0.172051 0.000000 0.985088
vn 0.085901 0.000000 0.996304
vn 0.000000 0.000000 1.000000
vn -0.085901 0.000000 0.996304
vn -0.172051 0.000000 0.985088
vn -0.258650 0.000000 0.965971
vn -0.345778 0.000000 0.938316
vn -0.433330 0.000000 0.901235
vn -0.520909 0.000000 0.853612
vn -0.607706 0.000000 0.794162
vn -0.692364 0.000000 0.721549
vn -0.772840 0.000000 0.634601
vn -0.846347 0.000000 0.532632
vn -0.909429 0.000000 0.415860
vn -0.958281 0.000000 0.285829
vn -0.989333 0.000000 0.145672
vn -1.000000 0.000000 0.000000
vn -0.989333 0.000000 -0.145672
vn -0.958281 0.000000 -0.285829
vn -0.909429 0.000000 -0.415860
vn -0.846347 0.000000 -0.532632
vn -0.772840 0.000000 -0.634601
vn -0.692364 0.000000 -0.721549
vn -0.607706 0.000000 -0.794162
vn -0.520909 0.000000 -0.853612
vn -0.433330 0.000000 -0.901235
vn -0.345778 0.000000 -0.938316
vn -0.258650 0.000000 -0.965971
vn -0.172051 0.000000 -0.985088
vn -0.085901 0.000000 -0.996304
vn -0.000000 0.000000 -1.000000
vn 0.085901 0.000000 -0.996304
vn 0.172051 0.000000 -0.985088
vn 0.258650 0.000000 -0.965971
vn 0.345778 0.000000 -0.938316
vn 0.433330 0.000000 -0.901235
vn 0.520909 0.000000 -0.853612
vn 0.607706 0.000000 -0.794162
vn 0.692364 0.000000 -0.721549
vn 0.772840 0.000000 -0.634601
vn 0.846347 0.000000 -0.532632
vn 0.909429 0.000000 -0.415860
vn 0.958281 0.000000 -0.285829
vn 0.989333 0.000000 -0.145672
vn 1.000000 0.000000 -0.000000
vn 0.965342 -0.260988 0.000000
vn 0.955331 -0.259915 0.140666
vn 0.926137 -0.256828 0.276241
vn 0.880061 -0.252077 0.402430
vn 0.820306 -0.246153 0.516243
vn 0.750332 -0.239580 0.616119
vn 0.673334 -0.232839 0.701717
vn 0.591938 -0.226324 0.773555
vn 0.508108 -0.220326 0.832636
vn 0.423192 -0.215049 0.880149
vn 0.338021 -0.210625 0.917267
vn 0.253040 -0.207132 0.945022
vn 0.168411 -0.204616 0.964246
vn 0.084110 -0.203099 0.975539
vn 0.000000 -0.202592 0.979263
vn -0.084110 -0.203099 0.975539
vn -0.168411 -0.204616 0.964246
vn -0.253040 -0.207132 0.945022
vn -0.338021 -0.210625 0.917267
vn -0.423192 -0.215049 0.880149
vn -0.508108 -0.220326 0.832636
vn -0.591938 -0.226324 0.773555
vn -0.673334 -0.232839 0.701717
vn -0.750332 -0.239580 0.616119
vn -0.820306 -0.246153 0.516243
vn -0.880061 -0.252077 0.402430
vn -0.926137 -0.256828 0.276241
vn -0.955331 -0.259915 0.140666
vn -0.965342 -0.260988 0.000000
vn -0.955331 -0.259915 -0.140666
vn -0.926137 -0.256828 -0.276241
vn -0.880061 -0.252077 -0.402430
vn -0.820306 -0.246153 -0.516243
vn -0.750332 -0.239580 -0.616119
vn -0.673334 -0.232839 -0.701717
vn -0.591938 -0.226324 -0.773555
vn -0.508108 -0.220326 -0.832636
vn -0.423192 -0.215049 -0.880149
vn -0.338021 -0.210625 -0.917267
vn -0.253040 -0.207132 -0.945022
vn -0.168411 -0.204616 -0.964246
vn -0.084110 -0.203099 -0.975539
vn -0.000000 -0.202592 -0.979263
vn 0.084110 -0.203099 -0.975539
vn 0.168411 -0.204616 -0.964246
vn 0.253040 -0.207132 -0.945022
vn 0.338021 -0.210625 -0.917267
vn 0.423192 -0.215049 -0.880149
vn 0.508108 -0.220326 -0.832636
vn 0.591938 -0.226324 -0.773555
vn 0.673334 -0.232839 -0.701717
vn 0.750332 -0.239580 -0.616119
vn 0.820306 -0.246153 -0.516243
vn 0.880061 -0.252077 -0.402430
vn 0.926137 -0.256828 -0.276241
vn 0.955331 -0.259915 -0.140666
vn 0.965342 -0.260988 -0.000000
vn 0.876122 -0.482089 0.000000
vn 0.867664 -0.480455 0.127757
vn 0.842894 -0.475732 0.251412
vn 0.803491 -0.468409 0.367417
vn 0.751847 -0.459179 0.473160
vn 0.690630 -0.448813 0.567096
vn 0.622402 -0.438046 0.648638
vn 0.549373 -0.427509 0.717931
vn 0.473291 -0.417697 0.775581
vn 0.395433 -0.408976 0.822418
vn 0.316669 -0.401601 0.859324
vn 0.237534 -0.395738 0.887113
vn 0.158319 -0.391492 0.906460
vn 0.079138 -0.388924 0.917864
vn 0.000000 -0.388065 0.921632
vn -0.079138 -0.388924 0.917864
vn -0.158319 -0.391492 0.906460
vn -0.237534 -0.395738 0.887113
vn -0.316669 -0.401601 0.859324
vn -0.395433 -0.408976 0.822418
vn -0.473291 -0.417697 0.775581
vn -0.549373 -0.427509 0.717931
vn -0.622402 -0.438046 0.648638
vn -0.690630 -0.448813 0.567096
vn -0.751847 -0.459179 0.473160
vn -0.803491 -0.468409 0.367417
vn -0.842894 -0.475732 0.251412
vn -0.867664 -0.480455 0.127757
vn -0.876122 -0.482089 0.000000
vn -0.867664 -0.480455 -0.127757
vn -0.842894 -0.475732 -0.251412
vn -0.803491 -0.468409 -0.367417
vn -0.751847 -0.459179 -0.473160
vn -0.690630 -0.448813 -0.567096
vn -0.622402 -0.438046 -0.648638
vn -0.549373 -0.427509 -0.717931
vn -0.473291 -0.417697 -0.775581
vn -0.395433 -0.408976 -0.822418
vn -0.316669 -0.401601 -0.859324
vn -0.237534 -0.395738 -0.887113
vn -0.158319 -0.391492 -0.906460
vn -0.079138 -0.388924 -0.917864
vn -0.000000 -0.388065 -0.921632
vn 0.079138 -0.388924 -0.917864
vn 0.158319 -0.391492 -0.906460
vn 0.237534 -0.395738 -0.887113
vn 0.316669 -0.401601 -0.859324
vn 0.395433 -0.408976 -0.822418
vn 0.473291 -0.417697 -0.775581
vn 0.549373 -0.427509 -0.717931
vn 0.622402 -0.438046 -0.648638
vn 0.690630 -0.448813 -0.567096
vn 0.751847 -0.459179 -0.473160
vn 0.803491 -0.468409 -0.367417
vn 0.842894 -0.475732 -0.251412
vn 0.867664 -0.480455 -0.127757
vn 0.876122 -0.482089 -0.000000
vn 0.761707 -0.647921 0.000000
vn 0.754977 -0.646260 0.111165
vn 0.735173 -0.641433 0.219282
vn 0.703381 -0.633879 0.321639
vn 0.661193 -0.624241 0.416109
vn 0.610452 -0.613259 0.501260
vn 0.553020 -0.601674 0.576331
vn 0.490593 -0.590161 0.641116
vn 0.424606 -0.579284 0.695802
vn 0.356197 -0.569490 0.740814
vn 0.286214 -0.561114 0.776680
vn 0.215262 -0.554396 0.803932
vn 0.143748 -0.549497 0.823037
vn 0.071937 -0.546521 0.834350
vn 0.000000 -0.545523 0.838096
vn -0.071937 -0.546521 0.834350
vn -0.143748 -0.549497 0.823037
vn -0.215262 -0.554396 0.803932
vn -0.286214 -0.561114 0.776680
vn -0.356197 -0.569490 0.740814
vn -0.424606 -0.579284 0.695802
vn -0.490593 -0.590161 0.641116
vn -0.553020 -0.601674 0.576331
vn -0.610452 -0.613259 0.501260
vn -0.661193 -0.624241 0.416109
vn -0.703381 -0.633879 0.321639
vn -0.735173 -0.641433 0.219282
vn -0.754977 -0.646260 0.111165
vn -0.761707 -0.647921 0.000000
vn -0.754977 -0.646260 -0.111165
vn -0.735173 -0.641433 -0.219282
vn -0.703381 -0.633879 -0.321639
vn -0.661193 -0.624241 -0.416109
vn -0.610452 -0.613259 -0.501260
vn -0.553020 -0.601674 -0.576331
vn -0.490593 -0.590161 -0.641116
vn -0.424606 -0.579284 -0.695802
vn -0.356197 -0.569490 -0.740814
vn -0.286214 -0.561114 -0.776680
vn -0.215262 -0.554396 -0.803932
vn -0.143748 -0.549497 -0.823037
vn -0.071937 -0.546521 -0.834350
vn -0.000000 -0.545523 -0.838096
vn 0.071937 -0.546521 -0.834350
vn 0.143748 -0.549497 -0.823037
vn 0.215262 -0.554396 -0.803932
vn 0.286214 -0.561114 -0.776680
vn 0.356197 -0.569490 -0.740814
vn 0.424606 -0.579284 -0.695802
vn 0.490593 -0.590161 -0.641116
vn 0.553020 -0.601674 -0.576331
vn 0.610452 -0.613259 -0.501260
vn 0.661193 -0.624241 -0.416109
vn 0.703381 -0.633879 -0.321639
vn 0.735173 -0.641433 -0.219282
vn 0.754977 -0.646260 -0.111165
vn 0.761707 -0.647921 -0.000000
vn 0.644730 -0.764411 0.000000
vn 0.639497 -0.763005 0.094162
vn 0.624036 -0.758903 0.186133
vn 0.599013 -0.752432 0.273914
vn 0.565434 -0.744083 0.355845
vn 0.524505 -0.734441 0.430686
vn 0.477503 -0.724123 0.497631
vn 0.425659 -0.713716 0.556259
vn 0.370080 -0.703746 0.606450
vn 0.311714 -0.694653 0.648299
vn 0.251332 -0.686788 0.682022
vn 0.189544 -0.680421 0.707884
vn 0.126825 -0.675746 0.726143
vn 0.063544 -0.672891 0.737007
vn 0.000000 -0.671932 0.740613
vn -0.063544 -0.672891 0.737007
vn -0.126825 -0.675746 0.726143
vn -0.189544 -0.680421 0.707884
vn -0.251332 -0.686788 0.682022
vn -0.311714 -0.694653 0.648299
vn -0.370080 -0.703746 0.606450
vn -0.425659 -0.713716 0.556259
vn -0.477503 -0.724123 0.497631
vn -0.524505 -0.734441 0.430686
vn -0.565434 -0.744083 0.355845
vn -0.599013 -0.752432 0.273914
vn -0.624036 -0.758903 0.186133
vn -0.639497 -0.763005 0.094162
vn -0.644730 -0.764411 0.000000
vn -0.639497 -0.763005 -0.094162
vn -0.624036 -0.758903 -0.186133
vn -0.599013 -0.752432 -0.273914
vn -0.565434 -0.744083 -0.355845
vn -0.524505 -0.734441 -0.430686
vn -0.477503 -0.724123 -0.497631
vn -0.425659 -0.713716 -0.556259
vn -0.370080 -0.703746 -0.606450
vn -0.311714 -0.694653 -0.648299
vn -0.251332 -0.686788 -0.682022
vn -0.189544 -0.680421 -0.707884
vn -0.126825 -0.675746 -0.726143
vn -0.063544 -0.672891 -0.737007
vn -0.000000 -0.671932 -0.740613
vn 0.063544 -0.672891 -0.737007
vn 0.126825 -0.675746 -0.726143
vn 0.189544 -0.680421 -0.707884
vn 0.251332 -0.686788 -0.682022
vn 0.311714 -0.694653 -0.648299
vn 0.370080 -0.703746 -0.606450
vn 0.425659 -0.713716 -0.556259
vn 0.477503 -0.724123 -0.497631
vn 0.524505 -0.734441 -0.430686
vn 0.565434 -0.744083 -0.355845
vn 0.599013 -0.752432 -0.273914
vn 0.624036 -0.758903 -0.186133
vn 0.639497 -0.763005 -0.094162
vn 0.644730 -0.764411 -0.000000
vn 0.535824 -0.844330 0.000000
vn 0.531778 -0.843257 0.078301
vn 0.519781 -0.840114 0.155036
vn 0.500241 -0.835125 0.228748
vn 0.473783 -0.828629 0.298166
vn 0.441184 -0.821047 0.362269
vn 0.403297 -0.812835 0.420297
vn 0.360989 -0.804451 0.471747
vn 0.315085 -0.796321 0.516328
vn 0.266334 -0.788822 0.553919
vn 0.215398 -0.782273 0.584511
vn 0.162844 -0.776926 0.608167
vn 0.109156 -0.772975 0.624975
vn 0.054751 -0.770553 0.635021
vn 0.000000 -0.769736 0.638362
vn -0.054751 -0.770553 0.635021
vn -0.109156 -0.772975 0.624975
vn -0.162844 -0.776926 0.608167
vn -0.215398 -0.782273 0.584511
vn -0.266334 -0.788822 0.553919
vn -0.315085 -0.796321 0.516328
vn -0.360989 -0.804451 0.471747
vn -0.403297 -0.812835 0.420297
vn -0.441184 -0.821047 0.362269
vn -0.473783 -0.828629 0.298166
vn -0.500241 -0.835125 0.228748
vn -0.519781 -0.840114 0.155036
vn -0.531778 -0.843257 0.078301
vn -0.535824 -0.844330 0.000000
vn -0.531778 -0.843257 -0.078301
vn -0.519781 -0.840114 -0.155036
vn -0.500241 -0.835125 -0.228748
vn -0.473783 -0.828629 -0.298166
vn -0.441184 -0.821047 -0.362269
vn -0.403297 -0.812835 -0.420297
vn -0.360989 -0.804451 -0.471747
vn -0.315085 -0.796321 -0.516328
vn -0.266334 -0.788822 -0.553919
vn -0.215398 -0.782273 -0.584511
vn -0.162844 -0.776926 -0.608167
vn -0.109156 -0.772975 -0.624975
vn -0.054751 -0.770553 -0.635021
vn -0.000000 -0.769736 -0.638362
vn 0.054751 -0.770553 -0.635021
vn 0.109156 -0.772975 -0.624975
vn 0.162844 -0.776926 -0.608167
vn 0.215398 -0.782273 -0.584511
vn 0.266334 -0.788822 -0.553919
vn 0.315085 -0.796321 -0.516328
vn 0.360989 -0.804451 -0.471747
vn 0.403297 -0.812835 -0.420297
vn 0.441184 -0.821047 -0.362269
vn 0.473783 -0.828629 -0.298166
vn 0.500241 -0.835125 -0.228748
vn 0.519781 -0.840114 -0.155036
vn 0.531778 -0.843257 -0.078301
vn 0.535824 -0.844330 -0.000000
vn 0.437807 -0.899069 0.000000
vn 0.434685 -0.898305 0.064004
vn 0.425404 -0.896064 0.126886
vn 0.410215 -0.892489 0.187581
vn 0.389508 -0.887803 0.245129
vn 0.363783 -0.882288 0.298713
vn 0.333608 -0.876260 0.347670
vn 0.299583 -0.870045 0.391500
vn 0.262309 -0.863960 0.429845
vn 0.222365 -0.858297 0.462472
vn 0.180290 -0.853311 0.489240
vn 0.136580 -0.849213 0.510082
vn 0.091689 -0.846168 0.524970
vn 0.046032 -0.844294 0.533900
vn 0.000000 -0.843661 0.536875
vn -0.046032 -0.844294 0.533900
vn -0.091689 -0.846168 0.524970
vn -0.136580 -0.849213 0.510082
vn -0.180290 -0.853311 0.489240
vn -0.222365 -0.858297 0.462472
vn -0.262309 -0.863960 0.429845
vn -0.299583 -0.870045 0.391500
vn -0.333608 -0.876260 0.347670
vn -0.363783 -0.882288 0.298713
vn -0.389508 -0.887803 0.245129
vn -0.410215 -0.892489 0.187581
vn -0.425404 -0.896064 0.126886
vn -0.434685 -0.898305 0.064004
vn -0.437807 -0.899069 0.000000
vn -0.434685 -0.898305 -0.064004
vn -0.425404 -0.896064 -0.126886
vn -0.410215 -0.892489 -0.187581
vn -0.389508 -0.887803 -0.245129
vn -0.363783 -0.882288 -0.298713
vn -0.333608 -0.876260 -0.347670
vn -0.299583 -0.870045 -0.391500
vn -0.262309 -0.863960 -0.429845
vn -0.222365 -0.858297 -0.462472
vn -0.180290 -0.853311 -0.489240
vn -0.136580 -0.849213 -0.510082
vn -0.091689 -0.846168 -0.524970
vn -0.046032 -0.844294 -0.533900
vn -0.000000 -0.843661 -0.536875
vn 0.046032 -0.844294 -0.533900
vn 0.091689 -0.846168 -0.524970
vn 0.136580 -0.849213 -0.510082
vn 0.180290 -0.853311 -0.489240
vn 0.222365 -0.858297 -0.462472
vn 0.262309 -0.863960 -0.429845
vn 0.299583 -0.870045 -0.391500
vn 0.333608 -0.876260 -0.347670
vn 0.363783 -0.882288 -0.298713
vn 0.389508 -0.887803 -0.245129
vn 0.410215 -0.892489 -0.187581
vn 0.425404 -0.896064 -0.126886
vn 0.434685 -0.898305 -0.064004
vn 0.437807 -0.899069 -0.000000
vn 0.350019 -0.936743 0.000000
vn 0.347629 -0.936234 0.051186
vn 0.340513 -0.934738 0.101566
vn 0.328825 -0.932344 0.150364
vn 0.312813 -0.929189 0.196863
vn 0.292798 -0.925454 0.240424
vn 0.269157 -0.921343 0.280502
vn 0.242304 -0.917074 0.316647
vn 0.212670 -0.912863 0.348501
vn 0.180689 -0.908916 0.375796
vn 0.146789 -0.905419 0.398332
vn 0.111382 -0.902530 0.415974
vn 0.074863 -0.900374 0.428629
vn 0.037612 -0.899043 0.436242
vn 0.000000 -0.898593 0.438782
vn -0.037612 -0.899043 0.436242
vn -0.074863 -0.900374 0.428629
vn -0.111382 -0.902530 0.415974
vn -0.146789 -0.905419 0.398332
vn -0.180689 -0.908916 0.375796
vn -0.212670 -0.912863 0.348501
vn -0.242304 -0.917074 0.316647
vn -0.269157 -0.921343 0.280502
vn -0.292798 -0.925454 0.240424
vn -0.312813 -0.929189 0.196863
vn -0.328825 -0.932344 0.150364
vn -0.340513 -0.934738 0.101566
vn -0.347629 -0.936234 0.051186
vn -0.350019 -0.936743 0.000000
vn -0.347629 -0.936234 -0.051186
vn -0.340513 -0.934738 -0.101566
vn -0.328825 -0.932344 -0.150364
vn -0.312813 -0.929189 -0.196863
vn -0.292798 -0.925454 -0.240424
vn -0.269157 -0.921343 -0.280502
vn -0.242304 -0.917074 -0.316647
vn -0.212670 -0.912863 -0.348501
vn -0.180689 -0.908916 -0.375796
vn -0.146789 -0.905419 -0.398332
vn -0.111382 -0.902530 -0.415974
vn -0.074863 -0.900374 -0.428629
vn -0.037612 -0.899043 -0.436242
vn -0.000000 -0.898593 -0.438782
vn 0.037612 -0.899043 -0.436242
vn 0.074863 -0.900374 -0.428629
vn 0.111382 -0.902530 -0.415974
vn 0.146789 -0.905419 -0.398332
vn 0.180689 -0.908916 -0.375796
vn 0.212670 -0.912863 -0.348501
vn 0.242304 -0.917074 -0.316647
vn 0.269157 -0.921343 -0.280502
vn 0.292798 -0.925454 -0.240424
vn 0.312813 -0.929189 -0.196863
vn 0.328825 -0.932344 -0.150364
vn 0.340513 -0.934738 -0.101566
vn 0.347629 -0.936234 -0.051186
vn 0.350019 -0.936743 -0.000000
vn 0.270651 -0.962677 0.000000
vn 0.268862 -0.962365 0.039588
vn 0.263528 -0.961444 0.078603
vn 0.254744 -0.959967 0.116488
vn 0.242667 -0.958014 0.152718
vn 0.227504 -0.955690 0.186810
vn 0.209503 -0.953120 0.218334
vn 0.188946 -0.950437 0.246918
vn 0.166136 -0.947776 0.272247
vn 0.141391 -0.945270 0.294064
vn 0.115036 -0.943038 0.312165
vn 0.087395 -0.941186 0.326391
vn 0.058794 -0.939800 0.336630
vn 0.029556 -0.938942 0.342803
vn 0.000000 -0.938652 0.344865
vn -0.029556 -0.938942 0.342803
vn -0.058794 -0.939800 0.336630
vn -0.087395 -0.941186 0.326391
vn -0.115036 -0.943038 0.312165
vn -0.141391 -0.945270 0.294064
vn -0.166136 -0.947776 0.272247
vn -0.188946 -0.950437 0.246918
vn -0.209503 -0.953120 0.218334
vn -0.227504 -0.955690 0.186810
vn -0.242667 -0.958014 0.152718
vn -0.254744 -0.959967 0.116488
vn -0.263528 -0.961444 0.078603
vn -0.268862 -0.962365 0.039588
vn -0.270651 -0.962677 0.000000
vn -0.268862 -0.962365 -0.039588
vn -0.263528 -0.961444 -0.078603
vn -0.254744 -0.959967 -0.116488
vn -0.242667 -0.958014 -0.152718
vn -0.227504 -0.955690 -0.186810
vn -0.209503 -0.953120 -0.218334
vn -0.188946 -0.950437 -0.246918
vn -0.166136 -0.947776 -0.272247
vn -0.141391 -0.945270 -0.294064
vn -0.115036 -0.943038 -0.312165
vn -0.087395 -0.941186 -0.326391
vn -0.058794 -0.939800 -0.336630
vn -0.029556 -0.938942 -0.342803
vn -0.000000 -0.938652 -0.344865
vn 0.029556 -0.938942 -0.342803
vn 0.058794 -0.939800 -0.336630
vn 0.087395 -0.941186 -0.326391
vn 0.115036 -0.943038 -0.312165
vn 0.141391 -0.945270 -0.294064
vn 0.166136 -0.947776 -0.272247
vn 0.188946 -0.950437 -0.246918
vn 0.209503 -0.953120 -0.218334
vn 0.227504 -0.955690 -0.186810
vn 0.242667 -0.958014 -0.152718
vn 0.254744 -0.959967 -0.116488
vn 0.263528 -0.961444 -0.078603
vn 0.268862 -0.962365 -0.039588
vn 0.270651 -0.962677 -0.000000
vn 0.197722 -0.980258 0.000000
vn 0.196445 -0.980088 0.028925
vn 0.192633 -0.979587 0.057457
vn 0.186345 -0.978782 0.085211
vn 0.177679 -0.977715 0.111819
vn 0.166764 -0.976442 0.136935
vn 0.153761 -0.975028 0.160242
vn 0.138853 -0.973547 0.181456
vn 0.122248 -0.972072 0.200328
vn 0.104166 -0.970677 0.216644
vn 0.084841 -0.969432 0.230227
vn 0.064513 -0.968395 0.240935
vn 0.043430 -0.967617 0.248660
vn 0.021841 -0.967135 0.253325
vn 0.000000 -0.966972 0.254884
vn -0.021841 -0.967135 0.253325
vn -0.043430 -0.967617 0.248660
vn -0.064513 -0.968395 0.240935
vn -0.084841 -0.969432 0.230227
vn -0.104166 -0.970677 0.216644
vn -0.122248 -0.972072 0.200328
vn -0.138853 -0.973547 0.181456
vn -0.153761 -0.975028 0.160242
vn -0.166764 -0.976442 0.136935
vn -0.177679 -0.977715 0.111819
vn -0.186345 -0.978782 0.085211
vn -0.192633 -0.979587 0.057457
vn -0.196445 -0.980088 0.028925
vn -0.197722 -0.980258 0.000000
vn -0.196445 -0.980088 -0.028925
vn -0.192633 -0.979587 -0.057457
vn -0.186345 -0.978782 -0.085211
vn -0.177679 -0.977715 -0.111819
vn -0.166764 -0.976442 -0.136935
vn -0.153761 -0.975028 -0.160242
vn -0.138853 -0.973547 -0.181456
vn -0.122248 -0.972072 -0.200328
vn -0.104166 -0.970677 -0.216644
vn -0.084841 -0.969432 -0.230227
vn -0.064513 -0.968395 -0.240935
vn -0.043430 -0.967617 -0.248660
vn -0.021841 -0.967135 -0.253325
vn -0.000000 -0.966972 -0.254884
vn 0.021841 -0.967135 -0.253325
vn 0.043430 -0.967617 -0.248660
vn 0.064513 -0.968395 -0.240935
vn 0.084841 -0.969432 -0.230227
vn 0.104166 -0.970677 -0.216644
vn 0.122248 -0.972072 -0.200328
vn 0.138853 -0.973547 -0.181456
vn 0.153761 -0.975028 -0.160242
vn 0.166764 -0.976442 -0.136935
vn 0.177679 -0.977715 -0.111819
vn 0.186345 -0.978782 -0.085211
vn 0.192633 -0.979587 -0.057457
vn 0.196445 -0.980088 -0.028925
vn 0.197722 -0.980258 -0.000000
vn 0.129383 -0.991595 0.000000
vn 0.128560 -0.991521 0.018930
vn 0.126102 -0.991304 0.037613
vn 0.122044 -0.990955 0.055808
vn 0.116440 -0.990491 0.073279
vn 0.109368 -0.989936 0.089805
vn 0.100923 -0.989319 0.105178
vn 0.091218 -0.988671 0.119205
vn 0.080378 -0.988023 0.131716
vn 0.068545 -0.987410 0.142560
vn 0.055869 -0.986860 0.151608
vn 0.042509 -0.986402 0.158756
vn 0.028630 -0.986058 0.163920
vn 0.014402 -0.985845 0.167042
vn 0.000000 -0.985772 0.168087
vn -0.014402 -0.985845 0.167042
vn -0.028630 -0.986058 0.163920
vn -0.042509 -0.986402 0.158756
vn -0.055869 -0.986860 0.151608
vn -0.068545 -0.987410 0.142560
vn -0.080378 -0.988023 0.131716
vn -0.091218 -0.988671 0.119205
vn -0.100923 -0.989319 0.105178
vn -0.109368 -0.989936 0.089805
vn -0.116440 -0.990491 0.073279
vn -0.122044 -0.990955 0.055808
vn -0.126102 -0.991304 0.037613
vn -0.128560 -0.991521 0.018930
vn -0.129383 -0.991595 0.000000
vn -0.128560 -0.991521 -0.018930
vn -0.126102 -0.991304 -0.037613
vn -0.122044 -0.990955 -0.055808
vn -0.116440 -0.990491 -0.073279
vn -0.109368 -0.989936 -0.089805
vn -0.100923 -0.989319 -0.105178
vn -0.091218 -0.988671 -0.119205
vn -0.080378 -0.988023 -0.131716
vn -0.068545 -0.987410 -0.142560
vn -0.055869 -0.986860 -0.151608
vn -0.042509 -0.986402 -0.158756
vn -0.028630 -0.986058 -0.163920
vn -0.014402 -0.985845 -0.167042
vn -0.000000 -0.985772 -0.168087
vn 0.014402 -0.985845 -0.167042
vn 0.028630 -0.986058 -0.163920
vn 0.042509 -0.986402 -0.158756
vn 0.055869 -0.986860 -0.151608
vn 0.068545 -0.987410 -0.142560
vn 0.080378 -0.988023 -0.131716
vn 0.091218 -0.988671 -0.119205
vn 0.100923 -0.989319 -0.105178
vn 0.109368 -0.989936 -0.089805
vn 0.116440 -0.990491 -0.073279
vn 0.122044 -0.990955 -0.055808
vn 0.126102 -0.991304 -0.037613
vn 0.128560 -0.991521 -0.018930
vn 0.129383 -0.991595 -0.000000
vn 0.063978 -0.997951 0.000000
vn 0.063574 -0.997933 0.009361
vn 0.062369 -0.997880 0.018603
vn 0.060378 -0.997794 0.027609
vn 0.057626 -0.997679 0.036266
vn 0.054149 -0.997542 0.044463
vn 0.049992 -0.997390 0.052099
vn 0.045206 -0.997229 0.059076
vn 0.039854 -0.997069 0.065309
vn 0.034003 -0.996917 0.070719
vn 0.027726 -0.996780 0.075239
vn 0.021103 -0.996666 0.078814
vn 0.014217 -0.996580 0.081399
vn 0.007153 -0.996527 0.082963
vn 0.000000 -0.996509 0.083486
vn -0.007153 -0.996527 0.082963
vn -0.014217 -0.996580 0.081399
vn -0.021103 -0.996666 0.078814
vn -0.027726 -0.996780 0.075239
vn -0.034003 -0.996917 0.070719
vn -0.039854 -0.997069 0.065309
vn -0.045206 -0.997229 0.059076
vn -0.049992 -0.997390 0.052099
vn -0.054149 -0.997542 0.044463
vn -0.057626 -0.997679 0.036266
vn -0.060378 -0.997794 0.027609
vn -0.062369 -0.997880 0.018603
vn -0.063574 -0.997933 0.009361
vn -0.063978 -0.997951 0.000000
vn -0.063574 -0.997933 -0.009361
vn -0.062369 -0.997880 -0.018603
vn -0.060378 -0.997794 -0.027609
vn -0.057626 -0.997679 -0.036266
vn -0.054149 -0.997542 -0.044463
vn -0.049992 -0.997390 -0.052099
vn -0.045206 -0.997229 -0.059076
vn -0.039854 -0.997069 -0.065309
vn -0.034003 -0.996917 -0.070719
vn -0.027726 -0.996780 -0.075239
vn -0.021103 -0.996666 -0.078814
vn -0.014217 -0.996580 -0.081399
vn -0.007153 -0.996527 -0.082963
vn -0.000000 -0.996509 -0.083486
vn 0.007153 -0.996527 -0.082963
vn 0.014217 -0.996580 -0.081399
vn 0.021103 -0.996666 -0.078814
vn 0.027726 -0.996780 -0.075239
vn 0.034003 -0.996917 -0.070719
vn 0.039854 -0.997069 -0.065309
vn 0.045206 -0.997229 -0.059076
vn 0.049992 -0.997390 -0.052099
vn 0.054149 -0.997542 -0.044463
vn 0.057626 -0.997679 -0.036266
vn 0.060378 -0.997794 -0.027609
vn 0.062369 -0.997880 -0.018603
vn 0.063574 -0.997933 -0.009361
vn 0.063978 -0.997951 -0.000000
vn 0.000000 -1.000000 0.000000
vn 0.000000 -1.000000 0.000000
vn 0.000000 -1.000000 0.000000
vn 0.000000 -1.000000 0.000000
vn 0.000000 -1.000000 0.000000
vn 0.000000 -1.000000 0.000000
vn 0.000000 -1.000000 0.000000
vn 0.000000 -1.000000 0.000000
vn 0.000000 -1.000000 0.000000
vn 0.000000 -1.000000 0.000000
vn 0.000000 -1.000000 0.000000
vn 0.000000 -1.000000 0.000000
vn 0.000000 -1.000000 0.000000
vn 0.000000 -1.000000 0.000000
vn 0.000000 -1.000000 0.000000
vn -0.000000 -1.000000 0.000000
vn -0.000000 -1.000000 0.000000
vn -0.000000 -1.000000 0.000000
vn -0.000000 -1.000000 0.000000
vn -0.000000 -1.000000 0.000000
vn -0.000000 -1.000000 0.000000
vn -0.000000 -1.000000 0.000000
vn -0.000000 -1.000000 0.000000
vn -0.000000 -1.000000 0.000000
vn -0.000000 -1.000000 0.000000
vn -0.000000 -1.000000 0.000000
vn -0.000000 -1.000000 0.000000
vn -0.000000 -1.000000 0.000000
vn -0.000000 -1.000000 0.000000
vn -0.000000 -1.000000 -0.000000
vn -0.000000 -1.000000 -0.000000
vn -0.000000 -1.000000 -0.000000
vn -0.000000 -1.000000 -0.000000
vn -0.000000 -1.000000 -0.000000
vn -0.000000 -1.000000 -0.000000
vn -0.000000 -1.000000 -0.000000
vn -0.000000 -1.000000 -0.000000
vn -0.000000 -1.000000 -0.000000
vn -0.000000 -1.000000 -0.000000
vn -0.000000 -1.000000 -0.000000
vn -0.000000 -1.000000 -0.000000
vn -0.000000 -1.000000 -0.000000
vn -0.000000 -1.000000 -0.000000
vn 0.000000 -1.000000 -0.000000
vn 0.000000 -1.000000 -0.000000
vn 0.000000 -1.000000 -0.000000
vn 0.000000 -1.000000 -0.000000
vn 0.000000 -1.000000 -0.000000
vn 0.000000 -1.000000 -0.000000
vn 0.000000 -1.000000 -0.000000
vn 0.000000 -1.000000 -0.000000
vn 0.000000 -1.000000 -0.000000
vn 0.000000 -1.000000 -0.000000
vn 0.000000 -1.000000 -0.000000
vn 0.000000 -1.000000 -0.000000
vn 0.000000 -1.000000 -0.000000
vn 0.000000 -1.000000 -0.000000
vn 0.000000 1.000000 0.000000
vn 0.000000 1.000000 0.000000
vn 0.000000 1.000000 0.000000
vn 0.000000 1.000000 0.000000
vn 0.000000 1.000000 0.000000
vn 0.000000 1.000000 0.000000
vn 0.000000 1.000000 0.000000
vn 0.000000 1.000000 0.000000
vn 0.000000 1.000000 0.000000
vn 0.000000 1.000000 0.000000
vn 0.000000 1.000000 0.000000
vn 0.000000 1.000000 0.000000
vn 0.000000 1.000000 0.000000
vn -0.000000 1.000000 0.000000
vn -0.000000 1.000000 0.000000
vn -0.000000 1.000000 0.000000
vn -0.000000 1.000000 0.000000
vn -0.000000 1.000000 0.000000
vn -0.000000 1.000000 0.000000
vn -0.000000 1.000000 0.000000
vn -0.000000 1.000000 0.000000
vn -0.000000 1.000000 0.000000
vn -0.000000 1.000000 0.000000
vn -0.000000 1.000000 0.000000
vn -0.000000 1.000000 0.000000
vn -0.000000 1.000000 -0.000000
vn -0.000000 1.000000 -0.000000
vn -0.000000 1.000000 -0.000000
vn -0.000000 1.000000 -0.000000
vn -0.000000 1.000000 -0.000000
vn -0.000000 1.000000 -0.000000
vn -0.000000 1.000000 -0.000000
vn -0.000000 1.000000 -0.000000
vn -0.000000 1.000000 -0.000000
vn -0.000000 1.000000 -0.000000
vn -0.000000 1.000000 -0.000000
vn -0.000000 1.000000 -0.000000
vn 0.000000 1.000000 -0.000000
vn 0.000000 1.000000 -0.000000
vn 0.000000 1.000000 -0.000000
vn 0.000000 1.000000 -0.000000
vn 0.000000 1.000000 -0.000000
vn 0.000000 1.000000 -0.000000
vn 0.000000 1.000000 -0.000000
vn 0.000000 1.000000 -0.000000
vn 0.000000 1.000000 -0.000000
vn 0.000000 1.000000 -0.000000
vn 0.000000 1.000000 -0.000000
vn 0.000000 1.000000 -0.000000
vn 0.051164 0.998690 0.000000
vn 0.050725 0.998665 0.009779
vn 0.049416 0.998590 0.019389
vn 0.047259 0.998471 0.028664
vn 0.044293 0.998317 0.037446
vn 0.040569 0.998136 0.045583
vn 0.036152 0.997943 0.052936
vn 0.031118 0.997750 0.059381
vn 0.025553 0.997570 0.064809
vn 0.019555 0.997416 0.069128
vn 0.013224 0.997298 0.072265
vn 0.006668 0.997223 0.074169
vn 0.000000 0.997198 0.074807
vn -0.006668 0.997223 0.074169
vn -0.013224 0.997298 0.072265
vn -0.019555 0.997416 0.069128
vn -0.025553 0.997570 0.064809
vn -0.031118 0.997750 0.059381
vn -0.036152 0.997943 0.052936
vn -0.040569 0.998136 0.045583
vn -0.044293 0.998317 0.037446
vn -0.047259 0.998471 0.028664
vn -0.049416 0.998590 0.019389
vn -0.050725 0.998665 0.009779
vn -0.051164 0.998690 0.000000
vn -0.050725 0.998665 -0.009779
vn -0.049416 0.998590 -0.019389
vn -0.047259 0.998471 -0.028664
vn -0.044293 0.998317 -0.037446
vn -0.040569 0.998136 -0.045583
vn -0.036152 0.997943 -0.052936
vn -0.031118 0.997750 -0.059381
vn -0.025553 0.997570 -0.064809
vn -0.019555 0.997416 -0.069128
vn -0.013224 0.997298 -0.072265
vn -0.006668 0.997223 -0.074169
vn -0.000000 0.997198 -0.074807
vn 0.006668 0.997223 -0.074169
vn 0.013224 0.997298 -0.072265
vn 0.019555 0.997416 -0.069128
vn 0.025553 0.997570 -0.064809
vn 0.031118 0.997750 -0.059381
vn 0.036152 0.997943 -0.052936
vn 0.040569 0.998136 -0.045583
vn 0.044293 0.998317 -0.037446
vn 0.047259 0.998471 -0.028664
vn 0.049416 0.998590 -0.019389
vn 0.050725 0.998665 -0.009779
vn 0.051164 0.998690 -0.000000
vn 0.103946 0.994583 0.000000
vn 0.103046 0.994478 0.019865
vn 0.100363 0.994171 0.039378
vn 0.095947 0.993684 0.058194
vn 0.089881 0.993050 0.075986
vn 0.082278 0.992313 0.092446
vn 0.073275 0.991523 0.107295
vn 0.063034 0.990736 0.120287
vn 0.051734 0.990004 0.131208
vn 0.039570 0.989377 0.139884
vn 0.026749 0.988896 0.146180
vn 0.013486 0.988595 0.149996
vn 0.000000 0.988492 0.151274
vn -0.013486 0.988595 0.149996
vn -0.026749 0.988896 0.146180
vn -0.039570 0.989377 0.139884
vn -0.051734 0.990004 0.131208
vn -0.063034 0.990736 0.120287
vn -0.073275 0.991523 0.107295
vn -0.082278 0.992313 0.092446
vn -0.089881 0.993050 0.075986
vn -0.095947 0.993684 0.058194
vn -0.100363 0.994171 0.039378
vn -0.103046 0.994478 0.019865
vn -0.103946 0.994583 0.000000
vn -0.103046 0.994478 -0.019865
vn -0.100363 0.994171 -0.039378
vn -0.095947 0.993684 -0.058194
vn -0.089881 0.993050 -0.075986
vn -0.082278 0.992313 -0.092446
vn -0.073275 0.991523 -0.107295
vn -0.063034 0.990736 -0.120287
vn -0.051734 0.990004 -0.131208
vn -0.039570 0.989377 -0.139884
vn -0.026749 0.988896 -0.146180
vn -0.013486 0.988595 -0.149996
vn -0.000000 0.988492 -0.151274
vn 0.013486 0.988595 -0.149996
vn 0.026749 0.988896 -0.146180
vn 0.039570 0.989377 -0.139884
vn 0.051734 0.990004 -0.131208
vn 0.063034 0.990736 -0.120287
vn 0.073275 0.991523 -0.107295
vn 0.082278 0.992313 -0.092446
vn 0.089881 0.993050 -0.075986
vn 0.095947 0.993684 -0.058194
vn 0.100363 0.994171 -0.039378
vn 0.103046 0.994478 -0.019865
vn 0.103946 0.994583 -0.000000
vn 0.160139 0.987094 0.000000
vn 0.158730 0.986848 0.030599
vn 0.154531 0.986126 0.060631
vn 0.147633 0.984981 0.089543
vn 0.138179 0.983494 0.116817
vn 0.126362 0.981771 0.141979
vn 0.112414 0.979933 0.164606
vn 0.096599 0.978104 0.184339
vn 0.079203 0.976410 0.200876
vn 0.060529 0.974961 0.213978
vn 0.040891 0.973855 0.223462
vn 0.020607 0.973161 0.229202
vn 0.000000 0.972924 0.231124
vn -0.020607 0.973161 0.229202
vn -0.040891 0.973855 0.223462
vn -0.060529 0.974961 0.213978
vn -0.079203 0.976410 0.200876
vn -0.096599 0.978104 0.184339
vn -0.112414 0.979933 0.164606
vn -0.126362 0.981771 0.141979
vn -0.138179 0.983494 0.116817
vn -0.147633 0.984981 0.089543
vn -0.154531 0.986126 0.060631
vn -0.158730 0.986848 0.030599
vn -0.160139 0.987094 0.000000
vn -0.158730 0.986848 -0.030599
vn -0.154531 0.986126 -0.060631
vn -0.147633 0.984981 -0.089543
vn -0.138179 0.983494 -0.116817
vn -0.126362 0.981771 -0.141979
vn -0.112414 0.979933 -0.164606
vn -0.096599 0.978104 -0.184339
vn -0.079203 0.976410 -0.200876
vn -0.060529 0.974961 -0.213978
vn -0.040891 0.973855 -0.223462
vn -0.020607 0.973161 -0.229202
vn -0.000000 0.972924 -0.231124
vn 0.020607 0.973161 -0.229202
vn 0.040891 0.973855 -0.223462
vn 0.060529 0.974961 -0.213978
vn 0.079203 0.976410 -0.200876
vn 0.096599 0.978104 -0.184339
vn 0.112414 0.979933 -0.164606
vn 0.126362 0.981771 -0.141979
vn 0.138179 0.983494 -0.116817
vn 0.147633 0.984981 -0.089543
vn 0.154531 0.986126 -0.060631
vn 0.158730 0.986848 -0.030599
vn 0.160139 0.987094 -0.000000
vn 0.221922 0.975064 0.000000
vn 0.219918 0.974597 0.042395
vn 0.213957 0.973229 0.083947
vn 0.204188 0.971066 0.123846
vn 0.190851 0.968268 0.161346
vn 0.174253 0.965040 0.195788
vn 0.154758 0.961612 0.226609
vn 0.132764 0.958220 0.253352
vn 0.108688 0.955092 0.275657
vn 0.082954 0.952429 0.293252
vn 0.055985 0.950402 0.305945
vn 0.028196 0.949133 0.313609
vn 0.000000 0.948702 0.316172
vn -0.028196 0.949133 0.313609
vn -0.055985 0.950402 0.305945
vn -0.082954 0.952429 0.293252
vn -0.108688 0.955092 0.275657
vn -0.132764 0.958220 0.253352
vn -0.154758 0.961612 0.226609
vn -0.174253 0.965040 0.195788
vn -0.190851 0.968268 0.161346
vn -0.204188 0.971066 0.123846
vn -0.213957 0.973229 0.083947
vn -0.219918 0.974597 0.042395
vn -0.221922 0.975064 0.000000
vn -0.219918 0.974597 -0.042395
vn -0.213957 0.973229 -0.083947
vn -0.204188 0.971066 -0.123846
vn -0.190851 0.968268 -0.161346
vn -0.174253 0.965040 -0.195788
vn -0.154758 0.961612 -0.226609
vn -0.132764 0.958220 -0.253352
vn -0.108688 0.955092 -0.275657
vn -0.082954 0.952429 -0.293252
vn -0.055985 0.950402 -0.305945
vn -0.028196 0.949133 -0.313609
vn -0.000000 0.948702 -0.316172
vn 0.028196 0.949133 -0.313609
vn 0.055985 0.950402 -0.305945
vn 0.082954 0.952429 -0.293252
vn 0.108688 0.955092 -0.275657
vn 0.132764 0.958220 -0.253352
vn 0.154758 0.961612 -0.226609
vn 0.174253 0.965040 -0.195788
vn 0.190851 0.968268 -0.161346
vn 0.204188 0.971066 -0.123846
vn 0.213957 0.973229 -0.083947
vn 0.219918 0.974597 -0.042395
vn 0.221922 0.975064 -0.000000
vn 0.292114 0.956383 0.000000
vn 0.289375 0.955589 0.055785
vn 0.281243 0.953271 0.110347
vn 0.267970 0.949619 0.162531
vn 0.249947 0.944921 0.211306
vn 0.227668 0.939538 0.255804
vn 0.201692 0.933862 0.295335
vn 0.172604 0.928287 0.329379
vn 0.140987 0.923182 0.357573
vn 0.107402 0.918864 0.379676
vn 0.072380 0.915592 0.395542
vn 0.036421 0.913552 0.405087
vn 0.000000 0.912860 0.408273
vn -0.036421 0.913552 0.405087
vn -0.072380 0.915592 0.395542
vn -0.107402 0.918864 0.379676
vn -0.140987 0.923182 0.357573
vn -0.172604 0.928287 0.329379
vn -0.201692 0.933862 0.295335
vn -0.227668 0.939538 0.255804
vn -0.249947 0.944921 0.211306
vn -0.267970 0.949619 0.162531
vn -0.281243 0.953271 0.110347
vn -0.289375 0.955589 0.055785
vn -0.292114 0.956383 0.000000
vn -0.289375 0.955589 -0.055785
vn -0.281243 0.953271 -0.110347
vn -0.267970 0.949619 -0.162531
vn -0.249947 0.944921 -0.211306
vn -0.227668 0.939538 -0.255804
vn -0.201692 0.933862 -0.295335
vn -0.172604 0.928287 -0.329379
vn -0.140987 0.923182 -0.357573
vn -0.107402 0.918864 -0.379676
vn -0.072380 0.915592 -0.395542
vn -0.036421 0.913552 -0.405087
vn -0.000000 0.912860 -0.408273
vn 0.036421 0.913552 -0.405087
vn 0.072380 0.915592 -0.395542
vn 0.107402 0.918864 -0.379676
vn 0.140987 0.923182 -0.357573
vn 0.172604 0.928287 -0.329379
vn 0.201692 0.933862 -0.295335
vn 0.227668 0.939538 -0.255804
vn 0.249947 0.944921 -0.211306
vn 0.267970 0.949619 -0.162531
vn 0.281243 0.953271 -0.110347
vn 0.289375 0.955589 -0.055785
vn 0.292114 0.956383 -0.000000
vn 0.374494 0.927229 0.000000
vn 0.370784 0.925965 0.071479
vn 0.359805 0.922286 0.141171
vn 0.341992 0.916523 0.207428
vn 0.318006 0.909173 0.268844
vn 0.288648 0.900832 0.324321
vn 0.254784 0.892132 0.373076
vn 0.217270 0.883679 0.414615
vn 0.176905 0.876015 0.448668
vn 0.134404 0.869590 0.475131
vn 0.090395 0.864755 0.493992
vn 0.045430 0.861756 0.505285
vn 0.000000 0.860740 0.509044
vn -0.045430 0.861756 0.505285
vn -0.090395 0.864755 0.493992
vn -0.134404 0.869590 0.475131
vn -0.176905 0.876015 0.448668
vn -0.217270 0.883679 0.414615
vn -0.254784 0.892132 0.373076
vn -0.288648 0.900832 0.324321
vn -0.318006 0.909173 0.268844
vn -0.341992 0.916523 0.207428
vn -0.359805 0.922286 0.141171
vn -0.370784 0.925965 0.071479
vn -0.374494 0.927229 0.000000
vn -0.370784 0.925965 -0.071479
vn -0.359805 0.922286 -0.141171
vn -0.341992 0.916523 -0.207428
vn -0.318006 0.909173 -0.268844
vn -0.288648 0.900832 -0.324321
vn -0.254784 0.892132 -0.373076
vn -0.217270 0.883679 -0.414615
vn -0.176905 0.876015 -0.448668
vn -0.134404 0.869590 -0.475131
vn -0.090395 0.864755 -0.493992
vn -0.045430 0.861756 -0.505285
vn -0.000000 0.860740 -0.509044
vn 0.045430 0.861756 -0.505285
vn 0.090395 0.864755 -0.493992
vn 0.134404 0.869590 -0.475131
vn 0.176905 0.876015 -0.448668
vn 0.217270 0.883679 -0.414615
vn 0.254784 0.892132 -0.373076
vn 0.288648 0.900832 -0.324321
vn 0.318006 0.909173 -0.268844
vn 0.341992 0.916523 -0.207428
vn 0.359805 0.922286 -0.141171
vn 0.370784 0.925965 -0.071479
vn 0.374494 0.927229 -0.000000
vn 0.474015 0.880517 0.000000
vn 0.468934 0.878595 0.090400
vn 0.453971 0.873032 0.178117
vn 0.429915 0.864396 0.260755
vn 0.397921 0.853517 0.336405
vn 0.359334 0.841351 0.403743
vn 0.315514 0.828857 0.462003
vn 0.267715 0.816904 0.510879
vn 0.217009 0.806218 0.550381
vn 0.164268 0.797369 0.580705
vn 0.110180 0.790774 0.602111
vn 0.055280 0.786710 0.614842
vn 0.000000 0.785339 0.619066
vn -0.055280 0.786710 0.614842
vn -0.110180 0.790774 0.602111
vn -0.164268 0.797369 0.580705
vn -0.217009 0.806218 0.550381
vn -0.267715 0.816904 0.510879
vn -0.315514 0.828857 0.462003
vn -0.359334 0.841351 0.403743
vn -0.397921 0.853517 0.336405
vn -0.429915 0.864396 0.260755
vn -0.453971 0.873032 0.178117
vn -0.468934 0.878595 0.090400
vn -0.474015 0.880517 0.000000
vn -0.468934 0.878595 -0.090400
vn -0.453971 0.873032 -0.178117
vn -0.429915 0.864396 -0.260755
vn -0.397921 0.853517 -0.336405
vn -0.359334 0.841351 -0.403743
vn -0.315514 0.828857 -0.462003
vn -0.267715 0.816904 -0.510879
vn -0.217009 0.806218 -0.550381
vn -0.164268 0.797369 -0.580705
vn -0.110180 0.790774 -0.602111
vn -0.055280 0.786710 -0.614842
vn -0.000000 0.785339 -0.619066
vn 0.055280 0.786710 -0.614842
vn 0.110180 0.790774 -0.602111
vn 0.164268 0.797369 -0.580705
vn 0.217009 0.806218 -0.550381
vn 0.267715 0.816904 -0.510879
vn 0.315514 0.828857 -0.462003
vn 0.359334 0.841351 -0.403743
vn 0.397921 0.853517 -0.336405
vn 0.429915 0.864396 -0.260755
vn 0.453971 0.873032 -0.178117
vn 0.468934 0.878595 -0.090400
vn 0.474015 0.880517 -0.000000
vn 0.596179 0.802851 0.000000
vn 0.589042 0.800084 0.113554
vn 0.568178 0.792134 0.222927
vn 0.535095 0.779962 0.324550
vn 0.491907 0.764910 0.415861
vn 0.440922 0.748434 0.495414
vn 0.384299 0.731885 0.562724
vn 0.323845 0.716387 0.617991
vn 0.260941 0.702798 0.661804
vn 0.196569 0.691726 0.694892
vn 0.131379 0.683576 0.717957
vn 0.065774 0.678598 0.731559
vn 0.000000 0.676925 0.736052
vn -0.065774 0.678598 0.731559
vn -0.131379 0.683576 0.717957
vn -0.196569 0.691726 0.694892
vn -0.260941 0.702798 0.661804
vn -0.323845 0.716387 0.617991
vn -0.384299 0.731885 0.562724
vn -0.440922 0.748434 0.495414
vn -0.491907 0.764910 0.415861
vn -0.535095 0.779962 0.324550
vn -0.568178 0.792134 0.222927
vn -0.589042 0.800084 0.113554
vn -0.596179 0.802851 0.000000
vn -0.589042 0.800084 -0.113554
vn -0.568178 0.792134 -0.222927
vn -0.535095 0.779962 -0.324550
vn -0.491907 0.764910 -0.415861
vn -0.440922 0.748434 -0.495414
vn -0.384299 0.731885 -0.562724
vn -0.323845 0.716387 -0.617991
vn -0.260941 0.702798 -0.661804
vn -0.196569 0.691726 -0.694892
vn -0.131379 0.683576 -0.717957
vn -0.065774 0.678598 -0.731559
vn -0.000000 0.676925 -0.736052
vn 0.065774 0.678598 -0.731559
vn 0.131379 0.683576 -0.717957
vn 0.196569 0.691726 -0.694892
vn 0.260941 0.702798 -0.661804
vn 0.323845 0.716387 -0.617991
vn 0.384299 0.731885 -0.562724
vn 0.440922 0.748434 -0.495414
vn 0.491907 0.764910 -0.415861
vn 0.535095 0.779962 -0.324550
vn 0.568178 0.792134 -0.222927
vn 0.589042 0.800084 -0.113554
vn 0.596179 0.802851 -0.000000
vn 0.742668 0.669660 0.000000
vn 0.732387 0.666089 0.141187
vn 0.702664 0.655940 0.275693
vn 0.656471 0.640709 0.398168
vn 0.597744 0.622364 0.505336
vn 0.530430 0.602867 0.595983
vn 0.457857 0.583855 0.670433
vn 0.382484 0.566535 0.729893
vn 0.305929 0.551710 0.775902
vn 0.229122 0.539867 0.809967
vn 0.152496 0.531279 0.833359
vn 0.076154 0.526086 0.847015
vn 0.000000 0.524349 0.851503
vn -0.076154 0.526086 0.847015
vn -0.152496 0.531279 0.833359
vn -0.229122 0.539867 0.809967
vn -0.305929 0.551710 0.775902
vn -0.382484 0.566535 0.729893
vn -0.457857 0.583855 0.670433
vn -0.530430 0.602867 0.595983
vn -0.597744 0.622364 0.505336
vn -0.656471 0.640709 0.398168
vn -0.702664 0.655940 0.275693
vn -0.732387 0.666089 0.141187
vn -0.742668 0.669660 0.000000
vn -0.732387 0.666089 -0.141187
vn -0.702664 0.655940 -0.275693
vn -0.656471 0.640709 -0.398168
vn -0.597744 0.622364 -0.505336
vn -0.530430 0.602867 -0.595983
vn -0.457857 0.583855 -0.670433
vn -0.382484 0.566535 -0.729893
vn -0.305929 0.551710 -0.775902
vn -0.229122 0.539867 -0.809967
vn -0.152496 0.531279 -0.833359
vn -0.076154 0.526086 -0.847015
vn -0.000000 0.524349 -0.851503
vn 0.076154 0.526086 -0.847015
vn 0.152496 0.531279 -0.833359
vn 0.229122 0.539867 -0.809967
vn 0.305929 0.551710 -0.775902
vn 0.382484 0.566535 -0.729893
vn 0.457857 0.583855 -0.670433
vn 0.530430 0.602867 -0.595983
vn 0.597744 0.622364 -0.505336
vn 0.656471 0.640709 -0.398168
vn 0.702664 0.655940 -0.275693
vn 0.732387 0.666089 -0.141187
vn 0.742668 0.669660 -0.000000
vn 0.895846 0.444364 0.000000
vn 0.881316 0.440928 0.169897
vn 0.839877 0.431298 0.329529
vn 0.777056 0.417198 0.471306
vn 0.699666 0.400742 0.591501
vn 0.613907 0.383832 0.689777
vn 0.524415 0.367871 0.767893
vn 0.434147 0.353748 0.828480
vn 0.344693 0.341954 0.874216
vn 0.256689 0.332715 0.907420
vn 0.170160 0.326112 0.929890
vn 0.084774 0.322158 0.942883
vn 0.000000 0.320841 0.947133
vn -0.084774 0.322158 0.942883
vn -0.170160 0.326112 0.929890
vn -0.256689 0.332715 0.907420
vn -0.344693 0.341954 0.874216
vn -0.434147 0.353748 0.828480
vn -0.524415 0.367871 0.767893
vn -0.613907 0.383832 0.689777
vn -0.699666 0.400742 0.591501
vn -0.777056 0.417198 0.471306
vn -0.839877 0.431298 0.329529
vn -0.881316 0.440928 0.169897
vn -0.895846 0.444364 0.000000
vn -0.881316 0.440928 -0.169897
vn -0.839877 0.431298 -0.329529
vn -0.777056 0.417198 -0.471306
vn -0.699666 0.400742 -0.591501
vn -0.613907 0.383832 -0.689777
vn -0.524415 0.367871 -0.767893
vn -0.434147 0.353748 -0.828480
vn -0.344693 0.341954 -0.874216
vn -0.256689 0.332715 -0.907420
vn -0.170160 0.326112 -0.929890
vn -0.084774 0.322158 -0.942883
vn -0.000000 0.320841 -0.947133
vn 0.084774 0.322158 -0.942883
vn 0.170160 0.326112 -0.929890
vn 0.256689 0.332715 -0.907420
vn 0.344693 0.341954 -0.874216
vn 0.434147 0.353748 -0.828480
vn 0.524415 0.367871 -0.767893
vn 0.613907 0.383832 -0.689777
vn 0.699666 0.400742 -0.591501
vn 0.777056 0.417198 -0.471306
vn 0.839877 0.431298 -0.329529
vn 0.881316 0.440928 -0.169897
vn 0.895846 0.444364 -0.000000
vn 0.993954 0.109797 0.000000
vn 0.976097 0.108755 0.188169
vn 0.925680 0.105862 0.363194
vn 0.850588 0.101701 0.515904
vn 0.760070 0.096950 0.642568
vn 0.662000 0.092175 0.743814
vn 0.561786 0.087762 0.822615
vn 0.462521 0.083928 0.882627
vn 0.365607 0.080773 0.927258
vn 0.271360 0.078330 0.959285
vn 0.179472 0.076599 0.980776
vn 0.089292 0.075568 0.993135
vn 0.000000 0.075226 0.997167
vn -0.089292 0.075568 0.993135
vn -0.179472 0.076599 0.980776
vn -0.271360 0.078330 0.959285
vn -0.365607 0.080773 0.927258
vn -0.462521 0.083928 0.882627
vn -0.561786 0.087762 0.822615
vn -0.662000 0.092175 0.743814
vn -0.760070 0.096950 0.642568
vn -0.850588 0.101701 0.515904
vn -0.925680 0.105862 0.363194
vn -0.976097 0.108755 0.188169
vn -0.993954 0.109797 0.000000
vn -0.976097 0.108755 -0.188169
vn -0.925680 0.105862 -0.363194
vn -0.850588 0.101701 -0.515904
vn -0.760070 0.096950 -0.642568
vn -0.662000 0.092175 -0.743814
vn -0.561786 0.087762 -0.822615
vn -0.462521 0.083928 -0.882627
vn -0.365607 0.080773 -0.927258
vn -0.271360 0.078330 -0.959285
vn -0.179472 0.076599 -0.980776
vn -0.089292 0.075568 -0.993135
vn -0.000000 0.075226 -0.997167
vn 0.089292 0.075568 -0.993135
vn 0.179472 0.076599 -0.980776
vn 0.271360 0.078330 -0.959285
vn 0.365607 0.080773 -0.927258
vn 0.462521 0.083928 -0.882627
vn 0.561786 0.087762 -0.822615
vn 0.662000 0.092175 -0.743814
vn 0.760070 0.096950 -0.642568
vn 0.850588 0.101701 -0.515904
vn 0.925680 0.105862 -0.363194
vn 0.976097 0.108755 -0.188169
vn 0.993954 0.109797 -0.000000
vn 0.965245 -0.261348 0.000000
vn 0.948413 -0.259007 0.182832
vn 0.900749 -0.252489 0.353413
vn 0.829379 -0.243063 0.503041
vn 0.742790 -0.232229 0.627959
vn 0.648351 -0.221271 0.728478
vn 0.551255 -0.211081 0.807195
vn 0.454573 -0.202180 0.867460
vn 0.359777 -0.194825 0.912471
vn 0.267285 -0.189111 0.944879
vn 0.176892 -0.185052 0.966677
vn 0.088042 -0.182630 0.979232
vn 0.000000 -0.181826 0.983331
vn -0.088042 -0.182630 0.979232
vn -0.176892 -0.185052 0.966677
vn -0.267285 -0.189111 0.944879
vn -0.359777 -0.194825 0.912471
vn -0.454573 -0.202180 0.867460
vn -0.551255 -0.211081 0.807195
vn -0.648351 -0.221271 0.728478
vn -0.742790 -0.232229 0.627959
vn -0.829379 -0.243063 0.503041
vn -0.900749 -0.252489 0.353413
vn -0.948413 -0.259007 0.182832
vn -0.965245 -0.261348 0.000000
vn -0.948413 -0.259007 -0.182832
vn -0.900749 -0.252489 -0.353413
vn -0.829379 -0.243063 -0.503041
vn -0.742790 -0.232229 -0.627959
vn -0.648351 -0.221271 -0.728478
vn -0.551255 -0.211081 -0.807195
vn -0.454573 -0.202180 -0.867460
vn -0.359777 -0.194825 -0.912471
vn -0.267285 -0.189111 -0.944879
vn -0.176892 -0.185052 -0.966677
vn -0.088042 -0.182630 -0.979232
vn -0.000000 -0.181826 -0.983331
vn 0.088042 -0.182630 -0.979232
vn 0.176892 -0.185052 -0.966677
vn 0.267285 -0.189111 -0.944879
vn 0.359777 -0.194825 -0.912471
vn 0.454573 -0.202180 -0.867460
vn 0.551255 -0.211081 -0.807195
vn 0.648351 -0.221271 -0.728478
vn 0.742790 -0.232229 -0.627959
vn 0.829379 -0.243063 -0.503041
vn 0.900749 -0.252489 -0.353413
vn 0.948413 -0.259007 -0.182832
vn 0.965245 -0.261348 -0.000000
vn 0.833571 -0.552412 0.000000
vn 0.820899 -0.548709 0.158250
vn 0.784548 -0.538266 0.307821
vn 0.728859 -0.522816 0.442073
vn 0.659340 -0.504545 0.557410
vn 0.581218 -0.485504 0.653048
vn 0.498600 -0.467292 0.730093
vn 0.414276 -0.450987 0.790561
vn 0.329885 -0.437234 0.836661
vn 0.246214 -0.426377 0.870391
vn 0.163474 -0.418574 0.893349
vn 0.081518 -0.413883 0.906673
vn 0.000000 -0.412318 0.911040
vn -0.081518 -0.413883 0.906673
vn -0.163474 -0.418574 0.893349
vn -0.246214 -0.426377 0.870391
vn -0.329885 -0.437234 0.836661
vn -0.414276 -0.450987 0.790561
vn -0.498600 -0.467292 0.730093
vn -0.581218 -0.485504 0.653048
vn -0.659340 -0.504545 0.557410
vn -0.728859 -0.522816 0.442073
vn -0.784548 -0.538266 0.307821
vn -0.820899 -0.548709 0.158250
vn -0.833571 -0.552412 0.000000
vn -0.820899 -0.548709 -0.158250
vn -0.784548 -0.538266 -0.307821
vn -0.728859 -0.522816 -0.442073
vn -0.659340 -0.504545 -0.557410
vn -0.581218 -0.485504 -0.653048
vn -0.498600 -0.467292 -0.730093
vn -0.414276 -0.450987 -0.790561
vn -0.329885 -0.437234 -0.836661
vn -0.246214 -0.426377 -0.870391
vn -0.163474 -0.418574 -0.893349
vn -0.081518 -0.413883 -0.906673
vn -0.000000 -0.412318 -0.911040
vn 0.081518 -0.413883 -0.906673
vn 0.163474 -0.418574 -0.893349
vn 0.246214 -0.426377 -0.870391
vn 0.329885 -0.437234 -0.836661
vn 0.414276 -0.450987 -0.790561
vn 0.498600 -0.467292 -0.730093
vn 0.581218 -0.485504 -0.653048
vn 0.659340 -0.504545 -0.557410
vn 0.728859 -0.522816 -0.442073
vn 0.784548 -0.538266 -0.307821
vn 0.820899 -0.548709 -0.158250
vn 0.833571 -0.552412 -0.000000
vn 0.678662 -0.734450 0.000000
vn 0.669856 -0.731176 0.129133
vn 0.644265 -0.721821 0.252780
vn 0.604124 -0.707652 0.366418
vn 0.552472 -0.690381 0.467063
vn 0.492475 -0.671778 0.553338
vn 0.426927 -0.653398 0.625143
vn 0.358015 -0.636448 0.683198
vn 0.287277 -0.621785 0.728598
vn 0.215695 -0.609971 0.762503
vn 0.143818 -0.601349 0.785936
vn 0.071898 -0.596112 0.799675
vn 0.000000 -0.594357 0.804201
vn -0.071898 -0.596112 0.799675
vn -0.143818 -0.601349 0.785936
vn -0.215695 -0.609971 0.762503
vn -0.287277 -0.621785 0.728598
vn -0.358015 -0.636448 0.683198
vn -0.426927 -0.653398 0.625143
vn -0.492475 -0.671778 0.553338
vn -0.552472 -0.690381 0.467063
vn -0.604124 -0.707652 0.366418
vn -0.644265 -0.721821 0.252780
vn -0.669856 -0.731176 0.129133
vn -0.678662 -0.734450 0.000000
vn -0.669856 -0.731176 -0.129133
vn -0.644265 -0.721821 -0.252780
vn -0.604124 -0.707652 -0.366418
vn -0.552472 -0.690381 -0.467063
vn -0.492475 -0.671778 -0.553338
vn -0.426927 -0.653398 -0.625143
vn -0.358015 -0.636448 -0.683198
vn -0.287277 -0.621785 -0.728598
vn -0.215695 -0.609971 -0.762503
vn -0.143818 -0.601349 -0.785936
vn -0.071898 -0.596112 -0.799675
vn -0.000000 -0.594357 -0.804201
vn 0.071898 -0.596112 -0.799675
vn 0.143818 -0.601349 -0.785936
vn 0.215695 -0.609971 -0.762503
vn 0.287277 -0.621785 -0.728598
vn 0.358015 -0.636448 -0.683198
vn 0.426927 -0.653398 -0.625143
vn 0.492475 -0.671778 -0.553338
vn 0.552472 -0.690381 -0.467063
vn 0.604124 -0.707652 -0.366418
vn 0.644265 -0.721821 -0.252780
vn 0.669856 -0.731176 -0.129133
vn 0.678662 -0.734450 -0.000000
vn 1.000000 0.000000 0.000000
vn 0.707107 0.707107 0.000000
vn 0.000000 1.000000 0.000000
vn -0.707107 0.707107 0.000000
vn -1.000000 0.000000 0.000000
vn -0.707107 -0.707107 -0.000000
vn -0.000000 -1.000000 -0.000000
vn 0.707107 -0.707107 0.000000
vn 1.000000 -0.000000 0.000000
vn 0.986493 0.000000 0.163802
vn 0.697556 0.707107 0.115825
vn 0.000000 1.000000 0.000000
vn -0.697556 0.707107 -0.115825
vn -0.986493 0.000000 -0.163802
vn -0.697556 -0.707107 -0.115825
vn -0.000000 -1.000000 -0.000000
vn 0.697556 -0.707107 0.115825
vn 0.986493 -0.000000 0.163802
vn 0.947820 0.000000 0.318807
vn 0.670210 0.707107 0.225431
vn 0.000000 1.000000 0.000000
vn -0.670210 0.707107 -0.225431
vn -0.947820 0.000000 -0.318807
vn -0.670210 -0.707107 -0.225431
vn -0.000000 -1.000000 -0.000000
vn 0.670210 -0.707107 0.225431
vn 0.947820 -0.000000 0.318807
vn 0.888789 0.000000 0.458317
vn 0.628469 0.707107 0.324079
vn 0.000000 1.000000 0.000000
vn -0.628469 0.707107 -0.324079
vn -0.888789 0.000000 -0.458317
vn -0.628469 -0.707107 -0.324079
vn -0.000000 -1.000000 -0.000000
vn 0.628469 -0.707107 0.324079
vn 0.888789 -0.000000 0.458317
vn 0.815503 0.000000 0.578753
vn 0.576648 0.707107 0.409240
vn 0.000000 1.000000 0.000000
vn -0.576648 0.707107 -0.409240
vn -0.815503 0.000000 -0.578753
vn -0.576648 -0.707107 -0.409240
vn -0.000000 -1.000000 -0.000000
vn 0.576648 -0.707107 0.409240
vn 0.815503 -0.000000 0.578753
vn 0.733742 0.000000 0.679428
vn 0.518834 0.707107 0.480428
vn 0.000000 1.000000 0.000000
vn -0.518834 0.707107 -0.480428
vn -0.733742 0.000000 -0.679428
vn -0.518834 -0.707107 -0.480428
vn -0.000000 -1.000000 -0.000000
vn 0.518834 -0.707107 0.480428
vn 0.733742 -0.000000 0.679428
vn 0.648047 0.000000 0.761600
vn 0.458238 0.707107 0.538533
vn 0.000000 1.000000 0.000000
vn -0.458238 0.707107 -0.538533
vn -0.648047 0.000000 -0.761600
vn -0.458238 -0.707107 -0.538533
vn -0.000000 -1.000000 -0.000000
vn 0.458238 -0.707107 0.538533
vn 0.648047 -0.000000 0.761600
vn 0.561501 0.000000 0.827476
vn 0.397041 0.707107 0.585114
vn 0.000000 1.000000 0.000000
vn -0.397041 0.707107 -0.585114
vn -0.561501 0.000000 -0.827476
vn -0.397041 -0.707107 -0.585114
vn -0.000000 -1.000000 -0.000000
vn 0.397041 -0.707107 0.585114
vn 0.561501 -0.000000 0.827476
vn 0.475927 0.000000 0.879485
vn 0.336531 0.707107 0.621890
vn 0.000000 1.000000 0.000000
vn -0.336531 0.707107 -0.621890
vn -0.475927 0.000000 -0.879485
vn -0.336531 -0.707107 -0.621890
vn -0.000000 -1.000000 -0.000000
vn 0.336531 -0.707107 0.621890
vn 0.475927 -0.000000 0.879485
vn 0.392211 0.000000 0.919875
vn 0.277335 0.707107 0.650450
vn 0.000000 1.000000 0.000000
vn -0.277335 0.707107 -0.650450
vn -0.392211 0.000000 -0.919875
vn -0.277335 -0.707107 -0.650450
vn -0.000000 -1.000000 -0.000000
vn 0.277335 -0.707107 0.650450
vn 0.392211 -0.000000 0.919875
vn 0.310618 0.000000 0.950535
vn 0.219640 0.707107 0.672130
vn 0.000000 1.000000 0.000000
vn -0.219640 0.707107 -0.672130
vn -0.310618 0.000000 -0.950535
vn -0.219640 -0.707107 -0.672130
vn -0.000000 -1.000000 -0.000000
vn 0.219640 -0.707107 0.672130
vn 0.310618 -0.000000 0.950535
vn 0.231019 0.000000 0.972949
vn 0.163355 0.707107 0.687979
vn 0.000000 1.000000 0.000000
vn -0.163355 0.707107 -0.687979
vn -0.231019 0.000000 -0.972949
vn -0.163355 -0.707107 -0.687979
vn -0.000000 -1.000000 -0.000000
vn 0.163355 -0.707107 0.687979
vn 0.231019 -0.000000 0.972949
vn 0.153055 0.000000 0.988218
vn 0.108226 0.707107 0.698775
vn 0.000000 1.000000 0.000000
vn -0.108226 0.707107 -0.698775
vn -0.153055 0.000000 -0.988218
vn -0.108226 -0.707107 -0.698775
vn -0.000000 -1.000000 -0.000000
vn 0.108226 -0.707107 0.698775
vn 0.153055 -0.000000 0.988218
vn 0.076234 0.000000 0.997090
vn 0.053906 0.707107 0.705049
vn 0.000000 1.000000 0.000000
vn -0.053906 0.707107 -0.705049
vn -0.076234 0.000000 -0.997090
vn -0.053906 -0.707107 -0.705049
vn -0.000000 -1.000000 -0.000000
vn 0.053906 -0.707107 0.705049
vn 0.076234 -0.000000 0.997090
vn 0.000000 0.000000 1.000000
vn 0.000000 0.707107 0.707107
vn 0.000000 1.000000 0.000000
vn -0.000000 0.707107 -0.707107
vn -0.000000 0.000000 -1.000000
vn -0.000000 -0.707107 -0.707107
vn -0.000000 -1.000000 -0.000000
vn 0.000000 -0.707107 0.707107
vn 0.000000 -0.000000 1.000000
vn -0.076234 0.000000 0.997090
vn -0.053906 0.707107 0.705049
vn -0.000000 1.000000 0.000000
vn 0.053906 0.707107 -0.705049
vn 0.076234 0.000000 -0.997090
vn 0.053906 -0.707107 -0.705049
vn 0.000000 -1.000000 -0.000000
vn -0.053906 -0.707107 0.705049
vn -0.076234 -0.000000 0.997090
vn -0.153055 0.000000 0.988218
vn -0.108226 0.707107 0.698775
vn -0.000000 1.000000 0.000000
vn 0.108226 0.707107 -0.698775
vn 0.153055 0.000000 -0.988218
vn 0.108226 -0.707107 -0.698775
vn 0.000000 -1.000000 -0.000000
vn -0.108226 -0.707107 0.698775
vn -0.153055 -0.000000 0.988218
vn -0.231019 0.000000 0.972949
vn -0.163355 0.707107 0.687979
vn -0.000000 1.000000 0.000000
vn 0.163355 0.707107 -0.687979
vn 0.231019 0.000000 -0.972949
vn 0.163355 -0.707107 -0.687979
vn 0.000000 -1.000000 -0.000000
vn -0.163355 -0.707107 0.687979
vn -0.231019 -0.000000 0.972949
vn -0.310618 0.000000 0.950535
vn -0.219640 0.707107 0.672130
vn -0.000000 1.000000 0.000000
vn 0.219640 0.707107 -0.672130
vn 0.310618 0.000000 -0.950535
vn 0.219640 -0.707107 -0.672130
vn 0.000000 -1.000000 -0.000000
vn -0.219640 -0.707107 0.672130
vn -0.310618 -0.000000 0.950535
vn -0.392211 0.000000 0.919875
vn -0.277335 0.707107 0.650450
vn -0.000000 1.000000 0.000000
vn 0.277335 0.707107 -0.650450
vn 0.392211 0.000000 -0.919875
vn 0.277335 -0.707107 -0.650450
vn 0.000000 -1.000000 -0.000000
vn -0.277335 -0.707107 0.650450
vn -0.392211 -0.000000 0.919875
vn -0.475927 0.000000 0.879485
vn -0.336531 0.707107 0.621890
vn -0.000000 1.000000 0.000000
vn 0.336531 0.707107 -0.621890
vn 0.475927 0.000000 -0.879485
vn 0.336531 -0.707107 -0.621890
vn 0.000000 -1.000000 -0.000000
vn -0.336531 -0.707107 0.621890
vn -0.475927 -0.000000 0.879485
vn -0.561501 0.000000 0.827476
vn -0.397041 0.707107 0.585114
vn -0.000000 1.000000 0.000000
vn 0.397041 0.707107 -0.585114
vn 0.561501 0.000000 -0.827476
vn 0.397041 -0.707107 -0.585114
vn 0.000000 -1.000000 -0.000000
vn -0.397041 -0.707107 0.585114
vn -0.561501 -0.000000 0.827476
vn -0.648047 0.000000 0.761600
vn -0.458238 0.707107 0.538533
vn -0.000000 1.000000 0.000000
vn 0.458238 0.707107 -0.538533
vn 0.648047 0.000000 -0.761600
vn 0.458238 -0.707107 -0.538533
vn 0.000000 -1.000000 -0.000000
vn -0.458238 -0.707107 0.538533
vn -0.648047 -0.000000 0.761600
vn -0.733742 0.000000 0.679428
vn -0.518834 0.707107 0.480428
vn -0.000000 1.000000 0.000000
vn 0.518834 0.707107 -0.480428
vn 0.733742 0.000000 -0.679428
vn 0.518834 -0.707107 -0.480428
vn 0.000000 -1.000000 -0.000000
vn -0.518834 -0.707107 0.480428
vn -0.733742 -0.000000 0.679428
vn -0.815503 0.000000 0.578753
vn -0.576648 0.707107 0.409240
vn -0.000000 1.000000 0.000000
vn 0.576648 0.707107 -0.409240
vn 0.815503 0.000000 -0.578753
vn 0.576648 -0.707107 -0.409240
vn 0.000000 -1.000000 -0.000000
vn -0.576648 -0.707107 0.409240
vn -0.815503 -0.000000 0.578753
vn -0.888789 0.000000 0.458317
vn -0.628469 0.707107 0.324079
vn -0.000000 1.000000 0.000000
vn 0.628469 0.707107 -0.324079
vn 0.888789 0.000000 -0.458317
vn 0.628469 -0.707107 -0.324079
vn 0.000000 -1.000000 -0.000000
vn -0.628469 -0.707107 0.324079
vn -0.888789 -0.000000 0.458317
vn -0.947820 0.000000 0.318807
vn -0.670210 0.707107 0.225431
vn -0.000000 1.000000 0.000000
vn 0.670210 0.707107 -0.225431
vn 0.947820 0.000000 -0.318807
vn 0.670210 -0.707107 -0.225431
vn 0.000000 -1.000000 -0.000000
vn -0.670210 -0.707107 0.225431
vn -0.947820 -0.000000 0.318807
vn -0.986493 0.000000 0.163802
vn -0.697556 0.707107 0.115825
vn -0.000000 1.000000 0.000000
vn 0.697556 0.707107 -0.115825
vn 0.986493 0.000000 -0.163802
vn 0.697556 -0.707107 -0.115825
vn 0.000000 -1.000000 -0.000000
vn -0.697556 -0.707107 0.115825
vn -0.986493 -0.000000 0.163802
vn -1.000000 0.000000 0.000000
vn -0.707107 0.707107 0.000000
vn -0.000000 1.000000 0.000000
vn 0.707107 0.707107 -0.000000
vn 1.000000 0.000000 -0.000000
vn 0.707107 -0.707107 -0.000000
vn 0.000000 -1.000000 -0.000000
vn -0.707107 -0.707107 0.000000
vn -1.000000 -0.000000 0.000000
vn -0.986493 0.000000 -0.163802
vn -0.697556 0.707107 -0.115825
vn -0.000000 1.000000 -0.000000
vn 0.697556 0.707107 0.115825
vn 0.986493 0.000000 0.163802
vn 0.697556 -0.707107 0.115825
vn 0.000000 -1.000000 0.000000
vn -0.697556 -0.707107 -0.115825
vn -0.986493 -0.000000 -0.163802
vn -0.947820 0.000000 -0.318807
vn -0.670210 0.707107 -0.225431
vn -0.000000 1.000000 -0.000000
vn 0.670210 0.707107 0.225431
vn 0.947820 0.000000 0.318807
vn 0.670210 -0.707107 0.225431
vn 0.000000 -1.000000 0.000000
vn -0.670210 -0.707107 -0.225431
vn -0.947820 -0.000000 -0.318807
vn -0.888789 0.000000 -0.458317
vn -0.628469 0.707107 -0.324079
vn -0.000000 1.000000 -0.000000
vn 0.628469 0.707107 0.324079
vn 0.888789 0.000000 0.458317
vn 0.628469 -0.707107 0.324079
vn 0.000000 -1.000000 0.000000
vn -0.628469 -0.707107 -0.324079
vn -0.888789 -0.000000 -0.458317
vn -0.815503 0.000000 -0.578753
vn -0.576648 0.707107 -0.409240
vn -0.000000 1.000000 -0.000000
vn 0.576648 0.707107 0.409240
vn 0.815503 0.000000 0.578753
vn 0.576648 -0.707107 0.409240
vn 0.000000 -1.000000 0.000000
vn -0.576648 -0.707107 -0.409240
vn -0.815503 -0.000000 -0.578753
vn -0.733742 0.000000 -0.679428
vn -0.518834 0.707107 -0.480428
vn -0.000000 1.000000 -0.000000
vn 0.518834 0.707107 0.480428
vn 0.733742 0.000000 0.679428
vn 0.518834 -0.707107 0.480428
vn 0.000000 -1.000000 0.000000
vn -0.518834 -0.707107 -0.480428
vn -0.733742 -0.000000 -0.679428
vn -0.648047 0.000000 -0.761600
vn -0.458238 0.707107 -0.538533
vn -0.000000 1.000000 -0.000000
vn 0.458238 0.707107 0.538533
vn 0.648047 0.000000 0.761600
vn 0.458238 -0.707107 0.538533
vn 0.000000 -1.000000 0.000000
vn -0.458238 -0.707107 -0.538533
vn -0.648047 -0.000000 -0.761600
vn -0.561501 0.000000 -0.827476
vn -0.397041 0.707107 -0.585114
vn -0.000000 1.000000 -0.000000
vn 0.397041 0.707107 0.585114
vn 0.561501 0.000000 0.827476
vn 0.397041 -0.707107 0.585114
vn 0.000000 -1.000000 0.000000
vn -0.397041 -0.707107 -0.585114
vn -0.561501 -0.000000 -0.827476
vn -0.475927 0.000000 -0.879485
vn -0.336531 0.707107 -0.621890
vn -0.000000 1.000000 -0.000000
vn 0.336531 0.707107 0.621890
vn 0.475927 0.000000 0.879485
vn 0.336531 -0.707107 0.621890
vn 0.000000 -1.000000 0.000000
vn -0.336531 -0.707107 -0.621890
vn -0.475927 -0.000000 -0.879485
vn -0.392211 0.000000 -0.919875
vn -0.277335 0.707107 -0.650450
vn -0.000000 1.000000 -0.000000
vn 0.277335 0.707107 0.650450
vn 0.392211 0.000000 0.919875
vn 0.277335 -0.707107 0.650450
vn 0.000000 -1.000000 0.000000
vn -0.277335 -0.707107 -0.650450
vn -0.392211 -0.000000 -0.919875
vn -0.310618 0.000000 -0.950535
vn -0.219640 0.707107 -0.672130
vn -0.000000 1.000000 -0.000000
vn 0.219640 0.707107 0.672130
vn 0.310618 0.000000 0.950535
vn 0.219640 -0.707107 0.672130
vn 0.000000 -1.000000 0.000000
vn -0.219640 -0.707107 -0.672130
vn -0.310618 -0.000000 -0.950535
vn -0.231019 0.000000 -0.972949
vn -0.163355 0.707107 -0.687979
vn -0.000000 1.000000 -0.000000
vn 0.163355 0.707107 0.687979
vn 0.231019 0.000000 0.972949
vn 0.163355 -0.707107 0.687979
vn 0.000000 -1.000000 0.000000
vn -0.163355 -0.707107 -0.687979
vn -0.231019 -0.000000 -0.972949
vn -0.153055 0.000000 -0.988218
vn -0.108226 0.707107 -0.698775
vn -0.000000 1.000000 -0.000000
vn 0.108226 0.707107 0.698775
vn 0.153055 0.000000 0.988218
vn 0.108226 -0.707107 0.698775
vn 0.000000 -1.000000 0.000000
vn -0.108226 -0.707107 -0.698775
vn -0.153055 -0.000000 -0.988218
vn -0.076234 0.000000 -0.997090
vn -0.053906 0.707107 -0.705049
vn -0.000000 1.000000 -0.000000
vn 0.053906 0.707107 0.705049
vn 0.076234 0.000000 0.997090
vn 0.053906 -0.707107 0.705049
vn 0.000000 -1.000000 0.000000
vn -0.053906 -0.707107 -0.705049
vn -0.076234 -0.000000 -0.997090
vn -0.000000 0.000000 -1.000000
vn -0.000000 0.707107 -0.707107
vn -0.000000 1.000000 -0.000000
vn 0.000000 0.707107 0.707107
vn 0.000000 0.000000 1.000000
vn 0.000000 -0.707107 0.707107
vn 0.000000 -1.000000 0.000000
vn -0.000000 -0.707107 -0.707107
vn -0.000000 -0.000000 -1.000000
vn 0.076234 0.000000 -0.997090
vn 0.053906 0.707107 -0.705049
vn 0.000000 1.000000 -0.000000
vn -0.053906 0.707107 0.705049
vn -0.076234 0.000000 0.997090
vn -0.053906 -0.707107 0.705049
vn -0.000000 -1.000000 0.000000
vn 0.053906 -0.707107 -0.705049
vn 0.076234 -0.000000 -0.997090
vn 0.153055 0.000000 -0.988218
vn 0.108226 0.707107 -0.698775
vn 0.000000 1.000000 -0.000000
vn -0.108226 0.707107 0.698775
vn -0.153055 0.000000 0.988218
vn -0.108226 -0.707107 0.698775
vn -0.000000 -1.000000 0.000000
vn 0.108226 -0.707107 -0.698775
vn 0.153055 -0.000000 -0.988218
vn 0.231019 0.000000 -0.972949
vn 0.163355 0.707107 -0.687979
vn 0.000000 1.000000 -0.000000
vn -0.163355 0.707107 0.687979
vn -0.231019 0.000000 0.972949
vn -0.163355 -0.707107 0.687979
vn -0.000000 -1.000000 0.000000
vn 0.163355 -0.707107 -0.687979
vn 0.231019 -0.000000 -0.972949
vn 0.310618 0.000000 -0.950535
vn 0.219640 0.707107 -0.672130
vn 0.000000 1.000000 -0.000000
vn -0.219640 0.707107 0.672130
vn -0.310618 0.000000 0.950535
vn -0.219640 -0.707107 0.672130
vn -0.000000 -1.000000 0.000000
vn 0.219640 -0.707107 -0.672130
vn 0.310618 -0.000000 -0.950535
vn 0.392211 0.000000 -0.919875
vn 0.277335 0.707107 -0.650450
vn 0.000000 1.000000 -0.000000
vn -0.277335 0.707107 0.650450
vn -0.392211 0.000000 0.919875
vn -0.277335 -0.707107 0.650450
vn -0.000000 -1.000000 0.000000
vn 0.277335 -0.707107 -0.650450
vn 0.392211 -0.000000 -0.919875
vn 0.475927 0.000000 -0.879485
vn 0.336531 0.707107 -0.621890
vn 0.000000 1.000000 -0.000000
vn -0.336531 0.707107 0.621890
vn -0.475927 0.000000 0.879485
vn -0.336531 -0.707107 0.621890
vn -0.000000 -1.000000 0.000000
vn 0.336531 -0.707107 -0.621890
vn 0.475927 -0.000000 -0.879485
vn 0.561501 0.000000 -0.827476
vn 0.397041 0.707107 -0.585114
vn 0.000000 1.000000 -0.000000
vn -0.397041 0.707107 0.585114
vn -0.561501 0.000000 0.827476
vn -0.397041 -0.707107 0.585114
vn -0.000000 -1.000000 0.000000
vn 0.397041 -0.707107 -0.585114
vn 0.561501 -0.000000 -0.827476
vn 0.648047 0.000000 -0.761600
vn 0.458238 0.707107 -0.538533
vn 0.000000 1.000000 -0.000000
vn -0.458238 0.707107 0.538533
vn -0.648047 0.000000 0.761600
vn -0.458238 -0.707107 0.538533
vn -0.000000 -1.000000 0.000000
vn 0.458238 -0.707107 -0.538533
vn 0.648047 -0.000000 -0.761600
vn 0.733742 0.000000 -0.679428
vn 0.518834 0.707107 -0.480428
vn 0.000000 1.000000 -0.000000
vn -0.518834 0.707107 0.480428
vn -0.733742 0.000000 0.679428
vn -0.518834 -0.707107 0.480428
vn -0.000000 -1.000000 0.000000
vn 0.518834 -0.707107 -0.480428
vn 0.733742 -0.000000 -0.679428
vn 0.815503 0.000000 -0.578753
vn 0.576648 0.707107 -0.409240
vn 0.000000 1.000000 -0.000000
vn -0.576648 0.707107 0.409240
vn -0.815503 0.000000 0.578753
vn -0.576648 -0.707107 0.409240
vn -0.000000 -1.000000 0.000000
vn 0.576648 -0.707107 -0.409240
vn 0.815503 -0.000000 -0.578753
vn 0.888789 0.000000 -0.458317
vn 0.628469 0.707107 -0.324079
vn 0.000000 1.000000 -0.000000
vn -0.628469 0.707107 0.324079
vn -0.888789 0.000000 0.458317
vn -0.628469 -0.707107 0.324079
vn -0.000000 -1.000000 0.000000
vn 0.628469 -0.707107 -0.324079
vn 0.888789 -0.000000 -0.458317
vn 0.947820 0.000000 -0.318807
vn 0.670210 0.707107 -0.225431
vn 0.000000 1.000000 -0.000000
vn -0.670210 0.707107 0.225431
vn -0.947820 0.000000 0.318807
vn -0.670210 -0.707107 0.225431
vn -0.000000 -1.000000 0.000000
vn 0.670210 -0.707107 -0.225431
vn 0.947820 -0.000000 -0.318807
vn 0.986493 0.000000 -0.163802
vn 0.697556 0.707107 -0.115825
vn 0.000000 1.000000 -0.000000
vn -0.697556 0.707107 0.115825
vn -0.986493 0.000000 0.163802
vn -0.697556 -0.707107 0.115825
vn -0.000000 -1.000000 0.000000
vn 0.697556 -0.707107 -0.115825
vn 0.986493 -0.000000 -0.163802
vn 1.000000 0.000000 -0.000000
vn 0.707107 0.707107 -0.000000
vn 0.000000 1.000000 -0.000000
vn -0.707107 0.707107 0.000000
vn -1.000000 0.000000 0.000000
vn -0.707107 -0.707107 0.000000
vn -0.000000 -1.000000 0.000000
vn 0.707107 -0.707107 -0.000000
vn 1.000000 -0.000000 -0.000000
vn 1.000000 0.000000 0.000000
vn 0.707107 0.707107 0.000000
vn 0.000000 1.000000 0.000000
vn -0.707107 0.707107 0.000000
vn -1.000000 0.000000 0.000000
vn -0.707107 -0.707107 -0.000000
vn -0.000000 -1.000000 -0.000000
vn 0.707107 -0.707107 0.000000
vn 1.000000 -0.000000 0.000000
vn 0.991642 0.000000 0.129019
vn 0.701197 0.707107 0.091230
vn 0.000000 1.000000 0.000000
vn -0.701197 0.707107 -0.091230
vn -0.991642 0.000000 -0.129019
vn -0.701197 -0.707107 -0.091230
vn -0.000000 -1.000000 -0.000000
vn 0.701197 -0.707107 0.091230
vn 0.991642 -0.000000 0.129019
vn 0.967169 0.000000 0.254134
vn 0.683892 0.707107 0.179700
vn 0.000000 1.000000 0.000000
vn -0.683892 0.707107 -0.179700
vn -0.967169 0.000000 -0.254134
vn -0.683892 -0.707107 -0.179700
vn -0.000000 -1.000000 -0.000000
vn 0.683892 -0.707107 0.179700
vn 0.967169 -0.000000 0.254134
vn 0.928247 0.000000 0.371965
vn 0.656370 0.707107 0.263019
vn 0.000000 1.000000 0.000000
vn -0.656370 0.707107 -0.263019
vn -0.928247 0.000000 -0.371965
vn -0.656370 -0.707107 -0.263019
vn -0.000000 -1.000000 -0.000000
vn 0.656370 -0.707107 0.263019
vn 0.928247 -0.000000 0.371965
vn 0.877262 0.000000 0.480012
vn 0.620318 0.707107 0.339420
vn 0.000000 1.000000 0.000000
vn -0.620318 0.707107 -0.339420
vn -0.877262 0.000000 -0.480012
vn -0.620318 -0.707107 -0.339420
vn -0.000000 -1.000000 -0.000000
vn 0.620318 -0.707107 0.339420
vn 0.877262 -0.000000 0.480012
vn 0.816891 0.000000 0.576792
vn 0.577629 0.707107 0.407854
vn 0.000000 1.000000 0.000000
vn -0.577629 0.707107 -0.407854
vn -0.816891 0.000000 -0.576792
vn -0.577629 -0.707107 -0.407854
vn -0.000000 -1.000000 -0.000000
vn 0.577629 -0.707107 0.407854
vn 0.816891 -0.000000 0.576792
vn 0.749725 0.000000 0.661749
vn 0.530136 0.707107 0.467927
vn 0.000000 1.000000 0.000000
vn -0.530136 0.707107 -0.467927
vn -0.749725 0.000000 -0.661749
vn -0.530136 -0.707107 -0.467927
vn -0.000000 -1.000000 -0.000000
vn 0.530136 -0.707107 0.467927
vn 0.749725 -0.000000 0.661749
vn 0.678019 0.000000 0.735045
vn 0.479432 0.707107 0.519755
vn 0.000000 1.000000 0.000000
vn -0.479432 0.707107 -0.519755
vn -0.678019 0.000000 -0.735045
vn -0.479432 -0.707107 -0.519755
vn -0.000000 -1.000000 -0.000000
vn 0.479432 -0.707107 0.519755
vn 0.678019 -0.000000 0.735045
vn 0.603571 0.000000 0.797309
vn 0.426789 0.707107 0.563783
vn 0.000000 1.000000 0.000000
vn -0.426789 0.707107 -0.563783
vn -0.603571 0.000000 -0.797309
vn -0.426789 -0.707107 -0.563783
vn -0.000000 -1.000000 -0.000000
vn 0.426789 -0.707107 0.563783
vn 0.603571 -0.000000 0.797309
vn 0.527713 0.000000 0.849422
vn 0.373150 0.707107 0.600632
vn 0.000000 1.000000 0.000000
vn -0.373150 0.707107 -0.600632
vn -0.527713 0.000000 -0.849422
vn -0.373150 -0.707107 -0.600632
vn -0.000000 -1.000000 -0.000000
vn 0.373150 -0.707107 0.600632
vn 0.527713 -0.000000 0.849422
vn 0.451362 0.000000 0.892341
vn 0.319161 0.707107 0.630980
vn 0.000000 1.000000 0.000000
vn -0.319161 0.707107 -0.630980
vn -0.451362 0.000000 -0.892341
vn -0.319161 -0.707107 -0.630980
vn -0.000000 -1.000000 -0.000000
vn 0.319161 -0.707107 0.630980
vn 0.451362 -0.000000 0.892341
vn 0.375088 0.000000 0.926989
vn 0.265227 0.707107 0.655480
vn 0.000000 1.000000 0.000000
vn -0.265227 0.707107 -0.655480
vn -0.375088 0.000000 -0.926989
vn -0.265227 -0.707107 -0.655480
vn -0.000000 -1.000000 -0.000000
vn 0.265227 -0.707107 0.655480
vn 0.375088 -0.000000 0.926989
vn 0.299199 0.000000 0.954191
vn 0.211566 0.707107 0.674715
vn 0.000000 1.000000 0.000000
vn -0.211566 0.707107 -0.674715
vn -0.299199 0.000000 -0.954191
vn -0.211566 -0.707107 -0.674715
vn -0.000000 -1.000000 -0.000000
vn 0.211566 -0.707107 0.674715
vn 0.299199 -0.000000 0.954191
vn 0.223811 0.000000 0.974633
vn 0.158258 0.707107 0.689169
vn 0.000000 1.000000 0.000000
vn -0.158258 0.707107 -0.689169
vn -0.223811 0.000000 -0.974633
vn -0.158258 -0.707107 -0.689169
vn -0.000000 -1.000000 -0.000000
vn 0.158258 -0.707107 0.689169
vn 0.223811 -0.000000 0.974633
vn 0.148900 0.000000 0.988852
vn 0.105288 0.707107 0.699224
vn 0.000000 1.000000 0.000000
vn -0.105288 0.707107 -0.699224
vn -0.148900 0.000000 -0.988852
vn -0.105288 -0.707107 -0.699224
vn -0.000000 -1.000000 -0.000000
vn 0.105288 -0.707107 0.699224
vn 0.148900 -0.000000 0.988852
vn 0.074353 0.000000 0.997232
vn 0.052575 0.707107 0.705150
vn 0.000000 1.000000 0.000000
vn -0.052575 0.707107 -0.705150
vn -0.074353 0.000000 -0.997232
vn -0.052575 -0.707107 -0.705150
vn -0.000000 -1.000000 -0.000000
vn 0.052575 -0.707107 0.705150
vn 0.074353 -0.000000 0.997232
vn 0.000000 0.000000 1.000000
vn 0.000000 0.707107 0.707107
vn 0.000000 1.000000 0.000000
vn -0.000000 0.707107 -0.707107
vn -0.000000 0.000000 -1.000000
vn -0.000000 -0.707107 -0.707107
vn -0.000000 -1.000000 -0.000000
vn 0.000000 -0.707107 0.707107
vn 0.000000 -0.000000 1.000000
vn -0.074353 0.000000 0.997232
vn -0.052575 0.707107 0.705150
vn -0.000000 1.000000 0.000000
vn 0.052575 0.707107 -0.705150
vn 0.074353 0.000000 -0.997232
vn 0.052575 -0.707107 -0.705150
vn 0.000000 -1.000000 -0.000000
vn -0.052575 -0.707107 0.705150
vn -0.074353 -0.000000 0.997232
vn -0.148900 0.000000 0.988852
vn -0.105288 0.707107 0.699224
vn -0.000000 1.000000 0.000000
vn 0.105288 0.707107 -0.699224
vn 0.148900 0.000000 -0.988852
vn 0.105288 -0.707107 -0.699224
vn 0.000000 -1.000000 -0.000000
vn -0.105288 -0.707107 0.699224
vn -0.148900 -0.000000 0.988852
vn -0.223811 0.000000 0.974633
vn -0.158258 0.707107 0.689169
vn -0.000000 1.000000 0.000000
vn 0.158258 0.707107 -0.689169
vn 0.223811 0.000000 -0.974633
vn 0.158258 -0.707107 -0.689169
vn 0.000000 -1.000000 -0.000000
vn -0.158258 -0.707107 0.689169
vn -0.223811 -0.000000 0.974633
vn -0.299199 0.000000 0.954191
vn -0.211566 0.707107 0.674715
vn -0.000000 1.000000 0.000000
vn 0.211566 0.707107 -0.674715
vn 0.299199 0.000000 -0.954191
vn 0.211566 -0.707107 -0.674715
vn 0.000000 -1.000000 -0.000000
vn -0.211566 -0.707107 0.674715
vn -0.299199 -0.000000 0.954191
vn -0.375088 0.000000 0.926989
vn -0.265227 0.707107 0.655480
vn -0.000000 1.000000 0.000000
vn 0.265227 0.707107 -0.655480
vn 0.375088 0.000000 -0.926989
vn 0.265227 -0.707107 -0.655480
vn 0.000000 -1.000000 -0.000000
vn -0.265227 -0.707107 0.655480
vn -0.375088 -0.000000 0.926989
vn -0.451362 0.000000 0.892341
vn -0.319161 0.707107 0.630980
vn -0.000000 1.000000 0.000000
vn 0.319161 0.707107 -0.630980
vn 0.451362 0.000000 -0.892341
vn 0.319161 -0.707107 -0.630980
vn 0.000000 -1.000000 -0.000000
vn -0.319161 -0.707107 0.630980
vn -0.451362 -0.000000 0.892341
vn -0.527713 0.000000 0.849422
vn -0.373150 0.707107 0.600632
vn -0.000000 1.000000 0.000000
vn 0.373150 0.707107 -0.600632
vn 0.527713 0.000000 -0.849422
vn 0.373150 -0.707107 -0.600632
vn 0.000000 -1.000000 -0.000000
vn -0.373150 -0.707107 0.600632
vn -0.527713 -0.000000 0.849422
vn -0.603571 0.000000 0.797309
vn -0.426789 0.707107 0.563783
vn -0.000000 1.000000 0.000000
vn 0.426789 0.707107 -0.563783
vn 0.603571 0.000000 -0.797309
vn 0.426789 -0.707107 -0.563783
vn 0.000000 -1.000000 -0.000000
vn -0.426789 -0.707107 0.563783
vn -0.603571 -0.000000 0.797309
vn -0.678019 0.000000 0.735045
vn -0.479432 0.707107 0.519755
vn -0.000000 1.000000 0.000000
vn 0.479432 0.707107 -0.519755
vn 0.678019 0.000000 -0.735045
vn 0.479432 -0.707107 -0.519755
vn 0.000000 -1.000000 -0.000000
vn -0.479432 -0.707107 0.519755
vn -0.678019 -0.000000 0.735045
vn -0.749725 0.000000 0.661749
vn -0.530136 0.707107 0.467927
vn -0.000000 1.000000 0.000000
vn 0.530136 0.707107 -0.467927
vn 0.749725 0.000000 -0.661749
vn 0.530136 -0.707107 -0.467927
vn 0.000000 -1.000000 -0.000000
vn -0.530136 -0.707107 0.467927
vn -0.749725 -0.000000 0.661749
vn -0.816891 0.000000 0.576792
vn -0.577629 0.707107 0.407854
vn -0.000000 1.000000 0.000000
vn 0.577629 0.707107 -0.407854
vn 0.816891 0.000000 -0.576792
vn 0.577629 -0.707107 -0.407854
vn 0.000000 -1.000000 -0.000000
vn -0.577629 -0.707107 0.407854
vn -0.816891 -0.000000 0.576792
vn -0.877262 0.000000 0.480012
vn -0.620318 0.707107 0.339420
vn -0.000000 1.000000 0.000000
vn 0.620318 0.707107 -0.339420
vn 0.877262 0.000000 -0.480012
vn 0.620318 -0.707107 -0.339420
vn 0.000000 -1.000000 -0.000000
vn -0.620318 -0.707107 0.339420
vn -0.877262 -0.000000 0.480012
vn -0.928247 0.000000 0.371965
vn -0.656370 0.707107 0.263019
vn -0.000000 1.000000 0.000000
vn 0.656370 0.707107 -0.263019
vn 0.928247 0.000000 -0.371965
vn 0.656370 -0.707107 -0.263019
vn 0.000000 -1.000000 -0.000000
vn -0.656370 -0.707107 0.263019
vn -0.928247 -0.000000 0.371965
vn -0.967169 0.000000 0.254134
vn -0.683892 0.707107 0.179700
vn -0.000000 1.000000 0.000000
vn 0.683892 0.707107 -0.179700
vn 0.967169 0.000000 -0.254134
vn 0.683892 -0.707107 -0.179700
vn 0.000000 -1.000000 -0.000000
vn -0.683892 -0.707107 0.179700
vn -0.967169 -0.000000 0.254134
vn -0.991642 0.000000 0.129019
vn -0.701197 0.707107 0.091230
vn -0.000000 1.000000 0.000000
vn 0.701197 0.707107 -0.091230
vn 0.991642 0.000000 -0.129019
vn 0.701197 -0.707107 -0.091230
vn 0.000000 -1.000000 -0.000000
vn -0.701197 -0.707107 0.091230
vn -0.991642 -0.000000 0.129019
vn -1.000000 0.000000 0.000000
vn -0.707107 0.707107 0.000000
vn -0.000000 1.000000 0.000000
vn 0.707107 0.707107 -0.000000
vn 1.000000 0.000000 -0.000000
vn 0.707107 -0.707107 -0.000000
vn 0.000000 -1.000000 -0.000000
vn -0.707107 -0.707107 0.000000
vn -1.000000 -0.000000 0.000000
vn -0.991642 0.000000 -0.129019
vn -0.701197 0.707107 -0.091230
vn -0.000000 1.000000 -0.000000
vn 0.701197 0.707107 0.091230
vn 0.991642 0.000000 0.129019
vn 0.701197 -0.707107 0.091230
vn 0.000000 -1.000000 0.000000
vn -0.701197 -0.707107 -0.091230
vn -0.991642 -0.000000 -0.129019
vn -0.967169 0.000000 -0.254134
vn -0.683892 0.707107 -0.179700
vn -0.000000 1.000000 -0.000000
vn 0.683892 0.707107 0.179700
vn 0.967169 0.000000 0.254134
vn 0.683892 -0.707107 0.179700
vn 0.000000 -1.000000 0.000000
vn -0.683892 -0.707107 -0.179700
vn -0.967169 -0.000000 -0.254134
vn -0.928247 0.000000 -0.371965
vn -0.656370 0.707107 -0.263019
vn -0.000000 1.000000 -0.000000
vn 0.656370 0.707107 0.263019
vn 0.928247 0.000000 0.371965
vn 0.656370 -0.707107 0.263019
vn 0.000000 -1.000000 0.000000
vn -0.656370 -0.707107 -0.263019
vn -0.928247 -0.000000 -0.371965
vn -0.877262 0.000000 -0.480012
vn -0.620318 0.707107 -0.339420
vn -0.000000 1.000000 -0.000000
vn 0.620318 0.707107 0.339420
vn 0.877262 0.000000 0.480012
vn 0.620318 -0.707107 0.339420
vn 0.000000 -1.000000 0.000000
vn -0.620318 -0.707107 -0.339420
vn -0.877262 -0.000000 -0.480012
vn -0.816891 0.000000 -0.576792
vn -0.577629 0.707107 -0.407854
vn -0.000000 1.000000 -0.000000
vn 0.577629 0.707107 0.407854
vn 0.816891 0.000000 0.576792
vn 0.577629 -0.707107 0.407854
vn 0.000000 -1.000000 0.000000
vn -0.577629 -0.707107 -0.407854
vn -0.816891 -0.000000 -0.576792
vn -0.749725 0.000000 -0.661749
vn -0.530136 0.707107 -0.467927
vn -0.000000 1.000000 -0.000000
vn 0.530136 0.707107 0.467927
vn 0.749725 0.000000 0.661749
vn 0.530136 -0.707107 0.467927
vn 0.000000 -1.000000 0.000000
vn -0.530136 -0.707107 -0.467927
vn -0.749725 -0.000000 -0.661749
vn -0.678019 0.000000 -0.735045
vn -0.479432 0.707107 -0.519755
vn -0.000000 1.000000 -0.000000
vn 0.479432 0.707107 0.519755
vn 0.678019 0.000000 0.735045
vn 0.479432 -0.707107 0.519755
vn 0.000000 -1.000000 0.000000
vn -0.479432 -0.707107 -0.519755
vn -0.678019 -0.000000 -0.735045
vn -0.603571 0.000000 -0.797309
vn -0.426789 0.707107 -0.563783
vn -0.000000 1.000000 -0.000000
vn 0.426789 0.707107 0.563783
vn 0.603571 0.000000 0.797309
vn 0.426789 -0.707107 0.563783
vn 0.000000 -1.000000 0.000000
vn -0.426789 -0.707107 -0.563783
vn -0.603571 -0.000000 -0.797309
vn -0.527713 0.000000 -0.849422
vn -0.373150 0.707107 -0.600632
vn -0.000000 1.000000 -0.000000
vn 0.373150 0.707107 0.600632
vn 0.527713 0.000000 0.849422
vn 0.373150 -0.707107 0.600632
vn 0.000000 -1.000000 0.000000
vn -0.373150 -0.707107 -0.600632
vn -0.527713 -0.000000 -0.849422
vn -0.451362 0.000000 -0.892341
vn -0.319161 0.707107 -0.630980
vn -0.000000 1.000000 -0.000000
vn 0.319161 0.707107 0.630980
vn 0.451362 0.000000 0.892341
vn 0.319161 -0.707107 0.630980
vn 0.000000 -1.000000 0.000000
vn -0.319161 -0.707107 -0.630980
vn -0.451362 -0.000000 -0.892341
vn -0.375088 0.000000 -0.926989
vn -0.265227 0.707107 -0.655480
vn -0.000000 1.000000 -0.000000
vn 0.265227 0.707107 0.655480
vn 0.375088 0.000000 0.926989
vn 0.265227 -0.707107 0.655480
vn 0.000000 -1.000000 0.000000
vn -0.265227 -0.707107 -0.655480
vn -0.375088 -0.000000 -0.926989
vn -0.299199 0.000000 -0.954191
vn -0.211566 0.707107 -0.674715
vn -0.000000 1.000000 -0.000000
vn 0.211566 0.707107 0.674715
vn 0.299199 0.000000 0.954191
vn 0.211566 -0.707107 0.674715
vn 0.000000 -1.000000 0.000000
vn -0.211566 -0.707107 -0.674715
vn -0.299199 -0.000000 -0.954191
vn -0.223811 0.000000 -0.974633
vn -0.158258 0.707107 -0.689169
vn -0.000000 1.000000 -0.000000
vn 0.158258 0.707107 0.689169
vn 0.223811 0.000000 0.974633
vn 0.158258 -0.707107 0.689169
vn 0.000000 -1.000000 0.000000
vn -0.158258 -0.707107 -0.689169
vn -0.223811 -0.000000 -0.974633
vn -0.148900 0.000000 -0.988852
vn -0.105288 0.707107 -0.699224
vn -0.000000 1.000000 -0.000000
vn 0.105288 0.707107 0.699224
vn 0.148900 0.000000 0.988852
vn 0.105288 -0.707107 0.699224
vn 0.000000 -1.000000 0.000000
vn -0.105288 -0.707107 -0.699224
vn -0.148900 -0.000000 -0.988852
vn -0.074353 0.000000 -0.997232
vn -0.052575 0.707107 -0.705150
vn -0.000000 1.000000 -0.000000
vn 0.052575 0.707107 0.705150
vn 0.074353 0.000000 0.997232
vn 0.052575 -0.707107 0.705150
vn 0.000000 -1.000000 0.000000
vn -0.052575 -0.707107 -0.705150
vn -0.074353 -0.000000 -0.997232
vn -0.000000 0.000000 -1.000000
vn -0.000000 0.707107 -0.707107
vn -0.000000 1.000000 -0.000000
vn 0.000000 0.707107 0.707107
vn 0.000000 0.000000 1.000000
vn 0.000000 -0.707107 0.707107
vn 0.000000 -1.000000 0.000000
vn -0.000000 -0.707107 -0.707107
vn -0.000000 -0.000000 -1.000000
vn 0.074353 0.000000 -0.997232
vn 0.052575 0.707107 -0.705150
vn 0.000000 1.000000 -0.000000
vn -0.052575 0.707107 0.705150
vn -0.074353 0.000000 0.997232
vn -0.052575 -0.707107 0.705150
vn -0.000000 -1.000000 0.000000
vn 0.052575 -0.707107 -0.705150
vn 0.074353 -0.000000 -0.997232
vn 0.148900 0.000000 -0.988852
vn 0.105288 0.707107 -0.699224
vn 0.000000 1.000000 -0.000000
vn -0.105288 0.707107 0.699224
vn -0.148900 0.000000 0.988852
vn -0.105288 -0.707107 0.699224
vn -0.000000 -1.000000 0.000000
vn 0.105288 -0.707107 -0.699224
vn 0.148900 -0.000000 -0.988852
vn 0.223811 0.000000 -0.974633
vn 0.158258 0.707107 -0.689169
vn 0.000000 1.000000 -0.000000
vn -0.158258 0.707107 0.689169
vn -0.223811 0.000000 0.974633
vn -0.158258 -0.707107 0.689169
vn -0.000000 -1.000000 0.000000
vn 0.158258 -0.707107 -0.689169
vn 0.223811 -0.000000 -0.974633
vn 0.299199 0.000000 -0.954191
vn 0.211566 0.707107 -0.674715
vn 0.000000 1.000000 -0.000000
vn -0.211566 0.707107 0.674715
vn -0.299199 0.000000 0.954191
vn -0.211566 -0.707107 0.674715
vn -0.000000 -1.000000 0.000000
vn 0.211566 -0.707107 -0.674715
vn 0.299199 -0.000000 -0.954191
vn 0.375088 0.000000 -0.926989
vn 0.265227 0.707107 -0.655480
vn 0.000000 1.000000 -0.000000
vn -0.265227 0.707107 0.655480
vn -0.375088 0.000000 0.926989
vn -0.265227 -0.707107 0.655480
vn -0.000000 -1.000000 0.000000
vn 0.265227 -0.707107 -0.655480
vn 0.375088 -0.000000 -0.926989
vn 0.451362 0.000000 -0.892341
vn 0.319161 0.707107 -0.630980
vn 0.000000 1.000000 -0.000000
vn -0.319161 0.707107 0.630980
vn -0.451362 0.000000 0.892341
vn -0.319161 -0.707107 0.630980
vn -0.000000 -1.000000 0.000000
vn 0.319161 -0.707107 -0.630980
vn 0.451362 -0.000000 -0.892341
vn 0.527713 0.000000 -0.849422
vn 0.373150 0.707107 -0.600632
vn 0.000000 1.000000 -0.000000
vn -0.373150 0.707107 0.600632
vn -0.527713 0.000000 0.849422
vn -0.373150 -0.707107 0.600632
vn -0.000000 -1.000000 0.000000
vn 0.373150 -0.707107 -0.600632
vn 0.527713 -0.000000 -0.849422
vn 0.603571 0.000000 -0.797309
vn 0.426789 0.707107 -0.563783
vn 0.000000 1.000000 -0.000000
vn -0.426789 0.707107 0.563783
vn -0.603571 0.000000 0.797309
vn -0.426789 -0.707107 0.563783
vn -0.000000 -1.000000 0.000000
vn 0.426789 -0.707107 -0.563783
vn 0.603571 -0.000000 -0.797309
vn 0.678019 0.000000 -0.735045
vn 0.479432 0.707107 -0.519755
vn 0.000000 1.000000 -0.000000
vn -0.479432 0.707107 0.519755
vn -0.678019 0.000000 0.735045
vn -0.479432 -0.707107 0.519755
vn -0.000000 -1.000000 0.000000
vn 0.479432 -0.707107 -0.519755
vn 0.678019 -0.000000 -0.735045
vn 0.749725 0.000000 -0.661749
vn 0.530136 0.707107 -0.467927
vn 0.000000 1.000000 -0.000000
vn -0.530136 0.707107 0.467927
vn -0.749725 0.000000 0.661749
vn -0.530136 -0.707107 0.467927
vn -0.000000 -1.000000 0.000000
vn 0.530136 -0.707107 -0.467927
vn 0.749725 -0.000000 -0.661749
vn 0.816891 0.000000 -0.576792
vn 0.577629 0.707107 -0.407854
vn 0.000000 1.000000 -0.000000
vn -0.577629 0.707107 0.407854
vn -0.816891 0.000000 0.576792
vn -0.577629 -0.707107 0.407854
vn -0.000000 -1.000000 0.000000
vn 0.577629 -0.707107 -0.407854
vn 0.816891 -0.000000 -0.576792
vn 0.877262 0.000000 -0.480012
vn 0.620318 0.707107 -0.339420
vn 0.000000 1.000000 -0.000000
vn -0.620318 0.707107 0.339420
vn -0.877262 0.000000 0.480012
vn -0.620318 -0.707107 0.339420
vn -0.000000 -1.000000 0.000000
vn 0.620318 -0.707107 -0.339420
vn 0.877262 -0.000000 -0.480012
vn 0.928247 0.000000 -0.371965
vn 0.656370 0.707107 -0.263019
vn 0.000000 1.000000 -0.000000
vn -0.656370 0.707107 0.263019
vn -0.928247 0.000000 0.371965
vn -0.656370 -0.707107 0.263019
vn -0.000000 -1.000000 0.000000
vn 0.656370 -0.707107 -0.263019
vn 0.928247 -0.000000 -0.371965
vn 0.967169 0.000000 -0.254134
vn 0.683892 0.707107 -0.179700
vn 0.000000 1.000000 -0.000000
vn -0.683892 0.707107 0.179700
vn -0.967169 0.000000 0.254134
vn -0.683892 -0.707107 0.179700
vn -0.000000 -1.000000 0.000000
vn 0.683892 -0.707107 -0.179700
vn 0.967169 -0.000000 -0.254134
vn 0.991642 0.000000 -0.129019
vn 0.701197 0.707107 -0.091230
vn 0.000000 1.000000 -0.000000
vn -0.701197 0.707107 0.091230
vn -0.991642 0.000000 0.129019
vn -0.701197 -0.707107 0.091230
vn -0.000000 -1.000000 0.000000
vn 0.701197 -0.707107 -0.091230
vn 0.991642 -0.000000 -0.129019
vn 1.000000 0.000000 -0.000000
vn 0.707107 0.707107 -0.000000
vn 0.000000 1.000000 -0.000000
vn -0.707107 0.707107 0.000000
vn -1.000000 0.000000 0.000000
vn -0.707107 -0.707107 0.000000
vn -0.000000 -1.000000 0.000000
vn 0.707107 -0.707107 -0.000000
vn 1.000000 -0.000000 -0.000000
vn 1.000000 0.000000 0.000000
vn 0.707107 0.707107 0.000000
vn 0.000000 1.000000 0.000000
vn -0.707107 0.707107 0.000000
vn -1.000000 0.000000 0.000000
vn -0.707107 -0.707107 -0.000000
vn -0.000000 -1.000000 -0.000000
vn 0.707107 -0.707107 0.000000
vn 1.000000 -0.000000 0.000000
vn 0.990343 0.000000 0.138636
vn 0.700279 0.707107 0.098030
vn 0.000000 1.000000 0.000000
vn -0.700279 0.707107 -0.098030
vn -0.990343 0.000000 -0.138636
vn -0.700279 -0.707107 -0.098030
vn -0.000000 -1.000000 -0.000000
vn 0.700279 -0.707107 0.098030
vn 0.990343 -0.000000 0.138636
vn 0.962066 0.000000 0.272818
vn 0.680283 0.707107 0.192911
vn 0.000000 1.000000 0.000000
vn -0.680283 0.707107 -0.192911
vn -0.962066 0.000000 -0.272818
vn -0.680283 -0.707107 -0.192911
vn -0.000000 -1.000000 -0.000000
vn 0.680283 -0.707107 0.192911
vn 0.962066 -0.000000 0.272818
vn 0.917083 0.000000 0.398696
vn 0.648476 0.707107 0.281920
vn 0.000000 1.000000 0.000000
vn -0.648476 0.707107 -0.281920
vn -0.917083 0.000000 -0.398696
vn -0.648476 -0.707107 -0.281920
vn -0.000000 -1.000000 -0.000000
vn 0.648476 -0.707107 0.281920
vn 0.917083 -0.000000 0.398696
vn 0.858128 0.000000 0.513435
vn 0.606788 0.707107 0.363054
vn 0.000000 1.000000 0.000000
vn -0.606788 0.707107 -0.363054
vn -0.858128 0.000000 -0.513435
vn -0.606788 -0.707107 -0.363054
vn -0.000000 -1.000000 -0.000000
vn 0.606788 -0.707107 0.363054
vn 0.858128 -0.000000 0.513435
vn 0.788247 0.000000 0.615359
vn 0.557375 0.707107 0.435124
vn 0.000000 1.000000 0.000000
vn -0.557375 0.707107 -0.435124
vn -0.788247 0.000000 -0.615359
vn -0.557375 -0.707107 -0.435124
vn -0.000000 -1.000000 -0.000000
vn 0.557375 -0.707107 0.435124
vn 0.788247 -0.000000 0.615359
vn 0.710367 0.000000 0.703832
vn 0.502305 0.707107 0.497684
vn 0.000000 1.000000 0.000000
vn -0.502305 0.707107 -0.497684
vn -0.710367 0.000000 -0.703832
vn -0.502305 -0.707107 -0.497684
vn -0.000000 -1.000000 -0.000000
vn 0.502305 -0.707107 0.497684
vn 0.710367 -0.000000 0.703832
vn 0.627009 0.000000 0.779012
vn 0.443363 0.707107 0.550844
vn 0.000000 1.000000 0.000000
vn -0.443363 0.707107 -0.550844
vn -0.627009 0.000000 -0.779012
vn -0.443363 -0.707107 -0.550844
vn -0.000000 -1.000000 -0.000000
vn 0.443363 -0.707107 0.550844
vn 0.627009 -0.000000 0.779012
vn 0.540169 0.000000 0.841557
vn 0.381957 0.707107 0.595070
vn 0.000000 1.000000 0.000000
vn -0.381957 0.707107 -0.595070
vn -0.540169 0.000000 -0.841557
vn -0.381957 -0.707107 -0.595070
vn -0.000000 -1.000000 -0.000000
vn 0.381957 -0.707107 0.595070
vn 0.540169 -0.000000 0.841557
vn 0.451306 0.000000 0.892370
vn 0.319121 0.707107 0.631001
vn 0.000000 1.000000 0.000000
vn -0.319121 0.707107 -0.631001
vn -0.451306 0.000000 -0.892370
vn -0.319121 -0.707107 -0.631001
vn -0.000000 -1.000000 -0.000000
vn 0.319121 -0.707107 0.631001
vn 0.451306 -0.000000 0.892370
vn 0.361409 0.000000 0.932407
vn 0.255555 0.707107 0.659312
vn 0.000000 1.000000 0.000000
vn -0.255555 0.707107 -0.659312
vn -0.361409 0.000000 -0.932407
vn -0.255555 -0.707107 -0.659312
vn -0.000000 -1.000000 -0.000000
vn 0.255555 -0.707107 0.659312
vn 0.361409 -0.000000 0.932407
vn 0.271093 0.000000 0.962553
vn 0.191691 0.707107 0.680628
vn 0.000000 1.000000 0.000000
vn -0.191691 0.707107 -0.680628
vn -0.271093 0.000000 -0.962553
vn -0.191691 -0.707107 -0.680628
vn -0.000000 -1.000000 -0.000000
vn 0.191691 -0.707107 0.680628
vn 0.271093 -0.000000 0.962553
vn 0.180685 0.000000 0.983541
vn 0.127763 0.707107 0.695469
vn 0.000000 1.000000 0.000000
vn -0.127763 0.707107 -0.695469
vn -0.180685 0.000000 -0.983541
vn -0.127763 -0.707107 -0.695469
vn -0.000000 -1.000000 -0.000000
vn 0.127763 -0.707107 0.695469
vn 0.180685 -0.000000 0.983541
vn 0.090317 0.000000 0.995913
vn 0.063864 0.707107 0.704217
vn 0.000000 1.000000 0.000000
vn -0.063864 0.707107 -0.704217
vn -0.090317 0.000000 -0.995913
vn -0.063864 -0.707107 -0.704217
vn -0.000000 -1.000000 -0.000000
vn 0.063864 -0.707107 0.704217
vn 0.090317 -0.000000 0.995913
vn 0.000000 0.000000 1.000000
vn 0.000000 0.707107 0.707107
vn 0.000000 1.000000 0.000000
vn -0.000000 0.707107 -0.707107
vn -0.000000 0.000000 -1.000000
vn -0.000000 -0.707107 -0.707107
vn -0.000000 -1.000000 -0.000000
vn 0.000000 -0.707107 0.707107
vn 0.000000 -0.000000 1.000000
vn -0.090317 0.000000 0.995913
vn -0.063864 0.707107 0.704217
vn -0.000000 1.000000 0.000000
vn 0.063864 0.707107 -0.704217
vn 0.090317 0.000000 -0.995913
vn 0.063864 -0.707107 -0.704217
vn 0.000000 -1.000000 -0.000000
vn -0.063864 -0.707107 0.704217
vn -0.090317 -0.000000 0.995913
vn -0.180685 0.000000 0.983541
vn -0.127763 0.707107 0.695469
vn -0.000000 1.000000 0.000000
vn 0.127763 0.707107 -0.695469
vn 0.180685 0.000000 -0.983541
vn 0.127763 -0.707107 -0.695469
vn 0.000000 -1.000000 -0.000000
vn -0.127763 -0.707107 0.695469
vn -0.180685 -0.000000 0.983541
vn -0.271093 0.000000 0.962553
vn -0.191691 0.707107 0.680628
vn -0.000000 1.000000 0.000000
vn 0.191691 0.707107 -0.680628
vn 0.271093 0.000000 -0.962553
vn 0.191691 -0.707107 -0.680628
vn 0.000000 -1.000000 -0.000000
vn -0.191691 -0.707107 0.680628
vn -0.271093 -0.000000 0.962553
vn -0.361409 0.000000 0.932407
vn -0.255555 0.707107 0.659312
vn -0.000000 1.000000 0.000000
vn 0.255555 0.707107 -0.659312
vn 0.361409 0.000000 -0.932407
vn 0.255555 -0.707107 -0.659312
vn 0.000000 -1.000000 -0.000000
vn -0.255555 -0.707107 0.659312
vn -0.361409 -0.000000 0.932407
vn -0.451306 0.000000 0.892370
vn -0.319121 0.707107 0.631001
vn -0.000000 1.000000 0.000000
vn 0.319121 0.707107 -0.631001
vn 0.451306 0.000000 -0.892370
vn 0.319121 -0.707107 -0.631001
vn 0.000000 -1.000000 -0.000000
vn -0.319121 -0.707107 0.631001
vn -0.451306 -0.000000 0.892370
vn -0.540169 0.000000 0.841557
vn -0.381957 0.707107 0.595070
vn -0.000000 1.000000 0.000000
vn 0.381957 0.707107 -0.595070
vn 0.540169 0.000000 -0.841557
vn 0.381957 -0.707107 -0.595070
vn 0.000000 -1.000000 -0.000000
vn -0.381957 -0.707107 0.595070
vn -0.540169 -0.000000 0.841557
vn -0.627009 0.000000 0.779012
vn -0.443363 0.707107 0.550844
vn -0.000000 1.000000 0.000000
vn 0.443363 0.707107 -0.550844
vn 0.627009 0.000000 -0.779012
vn 0.443363 -0.707107 -0.550844
vn 0.000000 -1.000000 -0.000000
vn -0.443363 -0.707107 0.550844
vn -0.627009 -0.000000 0.779012
vn -0.710367 0.000000 0.703832
vn -0.502305 0.707107 0.497684
vn -0.000000 1.000000 0.000000
vn 0.502305 0.707107 -0.497684
vn 0.710367 0.000000 -0.703832
vn 0.502305 -0.707107 -0.497684
vn 0.000000 -1.000000 -0.000000
vn -0.502305 -0.707107 0.497684
vn -0.710367 -0.000000 0.703832
vn -0.788247 0.000000 0.615359
vn -0.557375 0.707107 0.435124
vn -0.000000 1.000000 0.000000
vn 0.557375 0.707107 -0.435124
vn 0.788247 0.000000 -0.615359
vn 0.557375 -0.707107 -0.435124
vn 0.000000 -1.000000 -0.000000
vn -0.557375 -0.707107 0.435124
vn -0.788247 -0.000000 0.615359
vn -0.858128 0.000000 0.513435
vn -0.606788 0.707107 0.363054
vn -0.000000 1.000000 0.000000
vn 0.606788 0.707107 -0.363054
vn 0.858128 0.000000 -0.513435
vn 0.606788 -0.707107 -0.363054
vn 0.000000 -1.000000 -0.000000
vn -0.606788 -0.707107 0.363054
vn -0.858128 -0.000000 0.513435
vn -0.917083 0.000000 0.398696
vn -0.648476 0.707107 0.281920
vn -0.000000 1.000000 0.000000
vn 0.648476 0.707107 -0.281920
vn 0.917083 0.000000 -0.398696
vn 0.648476 -0.707107 -0.281920
vn 0.000000 -1.000000 -0.000000
vn -0.648476 -0.707107 0.281920
vn -0.917083 -0.000000 0.398696
vn -0.962066 0.000000 0.272818
vn -0.680283 0.707107 0.192911
vn -0.000000 1.000000 0.000000
vn 0.680283 0.707107 -0.192911
vn 0.962066 0.000000 -0.272818
vn 0.680283 -0.707107 -0.192911
vn 0.000000 -1.000000 -0.000000
vn -0.680283 -0.707107 0.192911
vn -0.962066 -0.000000 0.272818
vn -0.990343 0.000000 0.138636
vn -0.700279 0.707107 0.098030
vn -0.000000 1.000000 0.000000
vn 0.700279 0.707107 -0.098030
vn 0.990343 0.000000 -0.138636
vn 0.700279 -0.707107 -0.098030
vn 0.000000 -1.000000 -0.000000
vn -0.700279 -0.707107 0.098030
vn -0.990343 -0.000000 0.138636
vn -1.000000 0.000000 0.000000
vn -0.707107 0.707107 0.000000
vn -0.000000 1.000000 0.000000
vn 0.707107 0.707107 -0.000000
vn 1.000000 0.000000 -0.000000
vn 0.707107 -0.707107 -0.000000
vn 0.000000 -1.000000 -0.000000
vn -0.707107 -0.707107 0.000000
vn -1.000000 -0.000000 0.000000
vn -0.990343 0.000000 -0.138636
vn -0.700279 0.707107 -0.098030
vn -0.000000 1.000000 -0.000000
vn 0.700279 0.707107 0.098030
vn 0.990343 0.000000 0.138636
vn 0.700279 -0.707107 0.098030
vn 0.000000 -1.000000 0.000000
vn -0.700279 -0.707107 -0.098030
vn -0.990343 -0.000000 -0.138636
vn -0.962066 0.000000 -0.272818
vn -0.680283 0.707107 -0.192911
vn -0.000000 1.000000 -0.000000
vn 0.680283 0.707107 0.192911
vn 0.962066 0.000000 0.272818
vn 0.680283 -0.707107 0.192911
vn 0.000000 -1.000000 0.000000
vn -0.680283 -0.707107 -0.192911
vn -0.962066 -0.000000 -0.272818
vn -0.917083 0.000000 -0.398696
vn -0.648476 0.707107 -0.281920
vn -0.000000 1.000000 -0.000000
vn 0.648476 0.707107 0.281920
vn 0.917083 0.000000 0.398696
vn 0.648476 -0.707107 0.281920
vn 0.000000 -1.000000 0.000000
vn -0.648476 -0.707107 -0.281920
vn -0.917083 -0.000000 -0.398696
vn -0.858128 0.000000 -0.513435
vn -0.606788 0.707107 -0.363054
vn -0.000000 1.000000 -0.000000
vn 0.606788 0.707107 0.363054
vn 0.858128 0.000000 0.513435
vn 0.606788 -0.707107 0.363054
vn 0.000000 -1.000000 0.000000
vn -0.606788 -0.707107 -0.363054
vn -0.858128 -0.000000 -0.513435
vn -0.788247 0.000000 -0.615359
vn -0.557375 0.707107 -0.435124
vn -0.000000 1.000000 -0.000000
vn 0.557375 0.707107 0.435124
vn 0.788247 0.000000 0.615359
vn 0.557375 -0.707107 0.435124
vn 0.000000 -1.000000 0.000000
vn -0.557375 -0.707107 -0.435124
vn -0.788247 -0.000000 -0.615359
vn -0.710367 0.000000 -0.703832
vn -0.502305 0.707107 -0.497684
vn -0.000000 1.000000 -0.000000
vn 0.502305 0.707107 0.497684
vn 0.710367 0.000000 0.703832
vn 0.502305 -0.707107 0.497684
vn 0.000000 -1.000000 0.000000
vn -0.502305 -0.707107 -0.497684
vn -0.710367 -0.000000 -0.703832
vn -0.627009 0.000000 -0.779012
vn -0.443363 0.707107 -0.550844
vn -0.000000 1.000000 -0.000000
vn 0.443363 0.707107 0.550844
vn 0.627009 0.000000 0.779012
vn 0.443363 -0.707107 0.550844
vn 0.000000 -1.000000 0.000000
vn -0.443363 -0.707107 -0.550844
vn -0.627009 -0.000000 -0.779012
vn -0.540169 0.000000 -0.841557
vn -0.381957 0.707107 -0.595070
vn -0.000000 1.000000 -0.000000
vn 0.381957 0.707107 0.595070
vn 0.540169 0.000000 0.841557
vn 0.381957 -0.707107 0.595070
vn 0.000000 -1.000000 0.000000
vn -0.381957 -0.707107 -0.595070
vn -0.540169 -0.000000 -0.841557
vn -0.451306 0.000000 -0.892370
vn -0.319121 0.707107 -0.631001
vn -0.000000 1.000000 -0.000000
vn 0.319121 0.707107 0.631001
vn 0.451306 0.000000 0.892370
vn 0.319121 -0.707107 0.631001
vn 0.000000 -1.000000 0.000000
vn -0.319121 -0.707107 -0.631001
vn -0.451306 -0.000000 -0.892370
vn -0.361409 0.000000 -0.932407
vn -0.255555 0.707107 -0.659312
vn -0.000000 1.000000 -0.000000
vn 0.255555 0.707107 0.659312
vn 0.361409 0.000000 0.932407
vn 0.255555 -0.707107 0.659312
vn 0.000000 -1.000000 0.000000
vn -0.255555 -0.707107 -0.659312
vn -0.361409 -0.000000 -0.932407
vn -0.271093 0.000000 -0.962553
vn -0.191691 0.707107 -0.680628
vn -0.000000 1.000000 -0.000000
vn 0.191691 0.707107 0.680628
vn 0.271093 0.000000 0.962553
vn 0.191691 -0.707107 0.680628
vn 0.000000 -1.000000 0.000000
vn -0.191691 -0.707107 -0.680628
vn -0.271093 -0.000000 -0.962553
vn -0.180685 0.000000 -0.983541
vn -0.127763 0.707107 -0.695469
vn -0.000000 1.000000 -0.000000
vn 0.127763 0.707107 0.695469
vn 0.180685 0.000000 0.983541
vn 0.127763 -0.707107 0.695469
vn 0.000000 -1.000000 0.000000
vn -0.127763 -0.707107 -0.695469
vn -0.180685 -0.000000 -0.983541
vn -0.090317 0.000000 -0.995913
vn -0.063864 0.707107 -0.704217
vn -0.000000 1.000000 -0.000000
vn 0.063864 0.707107 0.704217
vn 0.090317 0.000000 0.995913
vn 0.063864 -0.707107 0.704217
vn 0.000000 -1.000000 0.000000
vn -0.063864 -0.707107 -0.704217
vn -0.090317 -0.000000 -0.995913
vn -0.000000 0.000000 -1.000000
vn -0.000000 0.707107 -0.707107
vn -0.000000 1.000000 -0.000000
vn 0.000000 0.707107 0.707107
vn 0.000000 0.000000 1.000000
vn 0.000000 -0.707107 0.707107
vn 0.000000 -1.000000 0.000000
vn -0.000000 -0.707107 -0.707107
vn -0.000000 -0.000000 -1.000000
vn 0.090317 0.000000 -0.995913
vn 0.063864 0.707107 -0.704217
vn 0.000000 1.000000 -0.000000
vn -0.063864 0.707107 0.704217
vn -0.090317 0.000000 0.995913
vn -0.063864 -0.707107 0.704217
vn -0.000000 -1.000000 0.000000
vn 0.063864 -0.707107 -0.704217
vn 0.090317 -0.000000 -0.995913
vn 0.180685 0.000000 -0.983541
vn 0.127763 0.707107 -0.695469
vn 0.000000 1.000000 -0.000000
vn -0.127763 0.707107 0.695469
vn -0.180685 0.000000 0.983541
vn -0.127763 -0.707107 0.695469
vn -0.000000 -1.000000 0.000000
vn 0.127763 -0.707107 -0.695469
vn 0.180685 -0.000000 -0.983541
vn 0.271093 0.000000 -0.962553
vn 0.191691 0.707107 -0.680628
vn 0.000000 1.000000 -0.000000
vn -0.191691 0.707107 0.680628
vn -0.271093 0.000000 0.962553
vn -0.191691 -0.707107 0.680628
vn -0.000000 -1.000000 0.000000
vn 0.191691 -0.707107 -0.680628
vn 0.271093 -0.000000 -0.962553
vn 0.361409 0.000000 -0.932407
vn 0.255555 0.707107 -0.659312
vn 0.000000 1.000000 -0.000000
vn -0.255555 0.707107 0.659312
vn -0.361409 0.000000 0.932407
vn -0.255555 -0.707107 0.659312
vn -0.000000 -1.000000 0.000000
vn 0.255555 -0.707107 -0.659312
vn 0.361409 -0.000000 -0.932407
vn 0.451306 0.000000 -0.892370
vn 0.319121 0.707107 -0.631001
vn 0.000000 1.000000 -0.000000
vn -0.319121 0.707107 0.631001
vn -0.451306 0.000000 0.892370
vn -0.319121 -0.707107 0.631001
vn -0.000000 -1.000000 0.000000
vn 0.319121 -0.707107 -0.631001
vn 0.451306 -0.000000 -0.892370
vn 0.540169 0.000000 -0.841557
vn 0.381957 0.707107 -0.595070
vn 0.000000 1.000000 -0.000000
vn -0.381957 0.707107 0.595070
vn -0.540169 0.000000 0.841557
vn -0.381957 -0.707107 0.595070
vn -0.000000 -1.000000 0.000000
vn 0.381957 -0.707107 -0.595070
vn 0.540169 -0.000000 -0.841557
vn 0.627009 0.000000 -0.779012
vn 0.443363 0.707107 -0.550844
vn 0.000000 1.000000 -0.000000
vn -0.443363 0.707107 0.550844
vn -0.627009 0.000000 0.779012
vn -0.443363 -0.707107 0.550844
vn -0.000000 -1.000000 0.000000
vn 0.443363 -0.707107 -0.550844
vn 0.627009 -0.000000 -0.779012
vn 0.710367 0.000000 -0.703832
vn 0.502305 0.707107 -0.497684
vn 0.000000 1.000000 -0.000000
vn -0.502305 0.707107 0.497684
vn -0.710367 0.000000 0.703832
vn -0.502305 -0.707107 0.497684
vn -0.000000 -1.000000 0.000000
vn 0.502305 -0.707107 -0.497684
vn 0.710367 -0.000000 -0.703832
vn 0.788247 0.000000 -0.615359
vn 0.557375 0.707107 -0.435124
vn 0.000000 1.000000 -0.000000
vn -0.557375 0.707107 0.435124
vn -0.788247 0.000000 0.615359
vn -0.557375 -0.707107 0.435124
vn -0.000000 -1.000000 0.000000
vn 0.557375 -0.707107 -0.435124
vn 0.788247 -0.000000 -0.615359
vn 0.858128 0.000000 -0.513435
vn 0.606788 0.707107 -0.363054
vn 0.000000 1.000000 -0.000000
vn -0.606788 0.707107 0.363054
vn -0.858128 0.000000 0.513435
vn -0.606788 -0.707107 0.363054
vn -0.000000 -1.000000 0.000000
vn 0.606788 -0.707107 -0.363054
vn 0.858128 -0.000000 -0.513435
vn 0.917083 0.000000 -0.398696
vn 0.648476 0.707107 -0.281920
vn 0.000000 1.000000 -0.000000
vn -0.648476 0.707107 0.281920
vn -0.917083 0.000000 0.398696
vn -0.648476 -0.707107 0.281920
vn -0.000000 -1.000000 0.000000
vn 0.648476 -0.707107 -0.281920
vn 0.917083 -0.000000 -0.398696
vn 0.962066 0.000000 -0.272818
vn 0.680283 0.707107 -0.192911
vn 0.000000 1.000000 -0.000000
vn -0.680283 0.707107 0.192911
vn -0.962066 0.000000 0.272818
vn -0.680283 -0.707107 0.192911
vn -0.000000 -1.000000 0.000000
vn 0.680283 -0.707107 -0.192911
vn 0.962066 -0.000000 -0.272818
vn 0.990343 0.000000 -0.138636
vn 0.700279 0.707107 -0.098030
vn 0.000000 1.000000 -0.000000
vn -0.700279 0.707107 0.098030
vn -0.990343 0.000000 0.138636
vn -0.700279 -0.707107 0.098030
vn -0.000000 -1.000000 0.000000
vn 0.700279 -0.707107 -0.098030
vn 0.990343 -0.000000 -0.138636
vn 1.000000 0.000000 -0.000000
vn 0.707107 0.707107 -0.000000
vn 0.000000 1.000000 -0.000000
vn -0.707107 0.707107 0.000000
vn -1.000000 0.000000 0.000000
vn -0.707107 -0.707107 0.000000
vn -0.000000 -1.000000 0.000000
vn 0.707107 -0.707107 -0.000000
vn 1.000000 -0.000000 -0.000000
vn 0.000000 1.000000 0.000000
vn 0.000000 1.000000 0.000000
vn 0.000000 1.000000 0.000000
vn 0.000000 1.000000 0.000000
vn 0.000000 1.000000 0.000000
vn -0.000000 1.000000 0.000000
vn -0.000000 1.000000 0.000000
vn -0.000000 1.000000 0.000000
vn -0.000000 1.000000 0.000000
vn -0.000000 1.000000 0.000000
vn -0.000000 1.000000 -0.000000
vn -0.000000 1.000000 -0.000000
vn -0.000000 1.000000 -0.000000
vn -0.000000 1.000000 -0.000000
vn 0.000000 1.000000 -0.000000
vn 0.000000 1.000000 -0.000000
vn 0.000000 1.000000 -0.000000
vn 0.000000 1.000000 -0.000000
vn 0.000000 1.000000 -0.000000
vn 0.348111 0.937453 0.000000
vn 0.317275 0.909248 0.269451
vn 0.241180 0.847852 0.472207
vn 0.146897 0.791181 0.593678
vn 0.048993 0.759790 0.648320
vn -0.048993 0.759790 0.648320
vn -0.146897 0.791181 0.593678
vn -0.241180 0.847852 0.472207
vn -0.317275 0.909248 0.269451
vn -0.348111 0.937453 0.000000
vn -0.317275 0.909248 -0.269451
vn -0.241180 0.847852 -0.472207
vn -0.146897 0.791181 -0.593678
vn -0.048993 0.759790 -0.648320
vn 0.048993 0.759790 -0.648320
vn 0.146897 0.791181 -0.593678
vn 0.241180 0.847852 -0.472207
vn 0.317275 0.909248 -0.269451
vn 0.348111 0.937453 -0.000000
vn 0.638822 0.769355 0.000000
vn 0.545235 0.698788 0.463049
vn 0.369990 0.581678 0.724402
vn 0.207905 0.500774 0.840238
vn 0.066784 0.463176 0.883746
vn -0.066784 0.463176 0.883746
vn -0.207905 0.500774 0.840238
vn -0.369990 0.581678 0.724402
vn -0.545235 0.698788 0.463049
vn -0.638822 0.769355 0.000000
vn -0.545235 0.698788 -0.463049
vn -0.369990 0.581678 -0.724402
vn -0.207905 0.500774 -0.840238
vn -0.066784 0.463176 -0.883746
vn 0.066784 0.463176 -0.883746
vn 0.207905 0.500774 -0.840238
vn 0.369990 0.581678 -0.724402
vn 0.545235 0.698788 -0.463049
vn 0.638822 0.769355 -0.000000
vn 0.843906 0.536492 0.000000
vn 0.677451 0.458312 0.575335
vn 0.425549 0.353154 0.833181
vn 0.229719 0.292076 0.928397
vn 0.072640 0.265936 0.961250
vn -0.072640 0.265936 0.961250
vn -0.229719 0.292076 0.928397
vn -0.425549 0.353154 0.833181
vn -0.677451 0.458312 0.575335
vn -0.843906 0.536492 0.000000
vn -0.677451 0.458312 -0.575335
vn -0.425549 0.353154 -0.833181
vn -0.229719 0.292076 -0.928397
vn -0.072640 0.265936 -0.961250
vn 0.072640 0.265936 -0.961250
vn 0.229719 0.292076 -0.928397
vn 0.425549 0.353154 -0.833181
vn 0.677451 0.458312 -0.575335
vn 0.843906 0.536492 -0.000000
vn 0.961881 0.273467 0.000000
vn 0.742723 0.224711 0.630768
vn 0.448511 0.166458 0.878140
vn 0.237983 0.135319 0.961797
vn 0.074787 0.122444 0.989654
vn -0.074787 0.122444 0.989654
vn -0.237983 0.135319 0.961797
vn -0.448511 0.166458 0.878140
vn -0.742723 0.224711 0.630768
vn -0.961881 0.273467 0.000000
vn -0.742723 0.224711 -0.630768
vn -0.448511 0.166458 -0.878140
vn -0.237983 0.135319 -0.961797
vn -0.074787 0.122444 -0.989654
vn 0.074787 0.122444 -0.989654
vn 0.237983 0.135319 -0.961797
vn 0.448511 0.166458 -0.878140
vn 0.742723 0.224711 -0.630768
vn 0.961881 0.273467 -0.000000
vn 1.000000 0.000000 0.000000
vn 0.762216 0.000000 0.647323
vn 0.454857 0.000000 0.890564
vn 0.240192 0.000000 0.970725
vn 0.075354 0.000000 0.997157
vn -0.075354 0.000000 0.997157
vn -0.240192 0.000000 0.970725
vn -0.454857 0.000000 0.890564
vn -0.762216 0.000000 0.647323
vn -1.000000 0.000000 0.000000
vn -0.762216 0.000000 -0.647323
vn -0.454857 0.000000 -0.890564
vn -0.240192 0.000000 -0.970725
vn -0.075354 0.000000 -0.997157
vn 0.075354 0.000000 -0.997157
vn 0.240192 0.000000 -0.970725
vn 0.454857 0.000000 -0.890564
vn 0.762216 0.000000 -0.647323
vn 1.000000 0.000000 -0.000000
vn 0.961881 -0.273467 0.000000
vn 0.742723 -0.224711 0.630768
vn 0.448511 -0.166458 0.878140
vn 0.237983 -0.135319 0.961797
vn 0.074787 -0.122444 0.989654
vn -0.074787 -0.122444 0.989654
vn -0.237983 -0.135319 0.961797
vn -0.448511 -0.166458 0.878140
vn -0.742723 -0.224711 0.630768
vn -0.961881 -0.273467 0.000000
vn -0.742723 -0.224711 -0.630768
vn -0.448511 -0.166458 -0.878140
vn -0.237983 -0.135319 -0.961797
vn -0.074787 -0.122444 -0.989654
vn 0.074787 -0.122444 -0.989654
vn 0.237983 -0.135319 -0.961797
vn 0.448511 -0.166458 -0.878140
vn 0.742723 -0.224711 -0.630768
vn 0.961881 -0.273467 -0.000000
vn 0.843906 -0.536492 0.000000
vn 0.677451 -0.458312 0.575335
vn 0.425549 -0.353154 0.833181
vn 0.229719 -0.292076 0.928397
vn 0.072640 -0.265936 0.961250
vn -0.072640 -0.265936 0.961250
vn -0.229719 -0.292076 0.928397
vn -0.425549 -0.353154 0.833181
vn -0.677451 -0.458312 0.575335
vn -0.843906 -0.536492 0.000000
vn -0.677451 -0.458312 -0.575335
vn -0.425549 -0.353154 -0.833181
vn -0.229719 -0.292076 -0.928397
vn -0.072640 -0.265936 -0.961250
vn 0.072640 -0.265936 -0.961250
vn 0.229719 -0.292076 -0.928397
vn 0.425549 -0.353154 -0.833181
vn 0.677451 -0.458312 -0.575335
vn 0.843906 -0.536492 -0.000000
vn 0.638822 -0.769355 0.000000
vn 0.545235 -0.698788 0.463049
vn 0.369990 -0.581678 0.724402
vn 0.207905 -0.500774 0.840238
vn 0.066784 -0.463176 0.883746
vn -0.066784 -0.463176 0.883746
vn -0.207905 -0.500774 0.840238
vn -0.369990 -0.581678 0.724402
vn -0.545235 -0.698788 0.463049
vn -0.638822 -0.769355 0.000000
vn -0.545235 -0.698788 -0.463049
vn -0.369990 -0.581678 -0.724402
vn -0.207905 -0.500774 -0.840238
vn -0.066784 -0.463176 -0.883746
vn 0.066784 -0.463176 -0.883746
vn 0.207905 -0.500774 -0.840238
vn 0.369990 -0.581678 -0.724402
vn 0.545235 -0.698788 -0.463049
vn 0.638822 -0.769355 -0.000000
vn 0.348111 -0.937453 0.000000
vn 0.317275 -0.909248 0.269451
vn 0.241180 -0.847852 0.472207
vn 0.146897 -0.791181 0.593678
vn 0.048993 -0.759790 0.648320
vn -0.048993 -0.759790 0.648320
vn -0.146897 -0.791181 0.593678
vn -0.241180 -0.847852 0.472207
vn -0.317275 -0.909248 0.269451
vn -0.348111 -0.937453 0.000000
vn -0.317275 -0.909248 -0.269451
vn -0.241180 -0.847852 -0.472207
vn -0.146897 -0.791181 -0.593678
vn -0.048993 -0.759790 -0.648320
vn 0.048993 -0.759790 -0.648320
vn 0.146897 -0.791181 -0.593678
vn 0.241180 -0.847852 -0.472207
vn 0.317275 -0.909248 -0.269451
vn 0.348111 -0.937453 -0.000000
vn 0.000000 -1.000000 0.000000
vn 0.000000 -1.000000 0.000000
vn 0.000000 -1.000000 0.000000
vn 0.000000 -1.000000 0.000000
vn 0.000000 -1.000000 0.000000
vn -0.000000 -1.000000 0.000000
vn -0.000000 -1.000000 0.000000
vn -0.000000 -1.000000 0.000000
vn -0.000000 -1.000000 0.000000
vn -0.000000 -1.000000 0.000000
vn -0.000000 -1.000000 -0.000000
vn -0.000000 -1.000000 -0.000000
vn -0.000000 -1.000000 -0.000000
vn -0.000000 -1.000000 -0.000000
vn 0.000000 -1.000000 -0.000000
vn 0.000000 -1.000000 -0.000000
vn 0.000000 -1.000000 -0.000000
vn 0.000000 -1.000000 -0.000000
vn 0.000000 -1.000000 -0.000000
vn 0.000000 1.000000 0.000000
vn 0.000000 1.000000 0.000000
vn 0.000000 1.000000 0.000000
vn 0.000000 1.000000 0.000000
vn 0.000000 1.000000 0.000000
vn -0.000000 1.000000 0.000000
vn -0.000000 1.000000 0.000000
vn -0.000000 1.000000 0.000000
vn -0.000000 1.000000 0.000000
vn -0.000000 1.000000 0.000000
vn -0.000000 1.000000 -0.000000
vn -0.000000 1.000000 -0.000000
vn -0.000000 1.000000 -0.000000
vn -0.000000 1.000000 -0.000000
vn 0.000000 1.000000 -0.000000
vn 0.000000 1.000000 -0.000000
vn 0.000000 1.000000 -0.000000
vn 0.000000 1.000000 -0.000000
vn 0.000000 1.000000 -0.000000
vn 0.348111 0.937453 0.000000
vn 0.317275 0.909248 0.269451
vn 0.241180 0.847852 0.472207
vn 0.146897 0.791181 0.593678
vn 0.048993 0.759790 0.648320
vn -0.048993 0.759790 0.648320
vn -0.146897 0.791181 0.593678
vn -0.241180 0.847852 0.472207
vn -0.317275 0.909248 0.269451
vn -0.348111 0.937453 0.000000
vn -0.317275 0.909248 -0.269451
vn -0.241180 0.847852 -0.472207
vn -0.146897 0.791181 -0.593678
vn -0.048993 0.759790 -0.648320
vn 0.048993 0.759790 -0.648320
vn 0.146897 0.791181 -0.593678
vn 0.241180 0.847852 -0.472207
vn 0.317275 0.909248 -0.269451
vn 0.348111 0.937453 -0.000000
vn 0.638822 0.769355 0.000000
vn 0.545235 0.698788 0.463049
vn 0.369990 0.581678 0.724402
vn 0.207905 0.500774 0.840238
vn 0.066784 0.463176 0.883746
vn -0.066784 0.463176 0.883746
vn -0.207905 0.500774 0.840238
vn -0.369990 0.581678 0.724402
vn -0.545235 0.698788 0.463049
vn -0.638822 0.769355 0.000000
vn -0.545235 0.698788 -0.463049
vn -0.369990 0.581678 -0.724402
vn -0.207905 0.500774 -0.840238
vn -0.066784 0.463176 -0.883746
vn 0.066784 0.463176 -0.883746
vn 0.207905 0.500774 -0.840238
vn 0.369990 0.581678 -0.724402
vn 0.545235 0.698788 -0.463049
vn 0.638822 0.769355 -0.000000
vn 0.843906 0.536492 0.000000
vn 0.677451 0.458312 0.575335
vn 0.425549 0.353154 0.833181
vn 0.229719 0.292076 0.928397
vn 0.072640 0.265936 0.961250
vn -0.072640 0.265936 0.961250
vn -0.229719 0.292076 0.928397
vn -0.425549 0.353154 0.833181
vn -0.677451 0.458312 0.575335
vn -0.843906 0.536492 0.000000
vn -0.677451 0.458312 -0.575335
vn -0.425549 0.353154 -0.833181
vn -0.229719 0.292076 -0.928397
vn -0.072640 0.265936 -0.961250
vn 0.072640 0.265936 -0.961250
vn 0.229719 0.292076 -0.928397
vn 0.425549 0.353154 -0.833181
vn 0.677451 0.458312 -0.575335
vn 0.843906 0.536492 -0.000000
vn 0.961881 0.273467 0.000000
vn 0.742723 0.224711 0.630768
vn 0.448511 0.166458 0.878140
vn 0.237983 0.135319 0.961797
vn 0.074787 0.122444 0.989654
vn -0.074787 0.122444 0.989654
vn -0.237983 0.135319 0.961797
vn -0.448511 0.166458 0.878140
vn -0.742723 0.224711 0.630768
vn -0.961881 0.273467 0.000000
vn -0.742723 0.224711 -0.630768
vn -0.448511 0.166458 -0.878140
vn -0.237983 0.135319 -0.961797
vn -0.074787 0.122444 -0.989654
vn 0.074787 0.122444 -0.989654
vn 0.237983 0.135319 -0.961797
vn 0.448511 0.166458 -0.878140
vn 0.742723 0.224711 -0.630768
vn 0.961881 0.273467 -0.000000
vn 1.000000 0.000000 0.000000
vn 0.762216 0.000000 0.647323
vn 0.454857 0.000000 0.890564
vn 0.240192 0.000000 0.970725
vn 0.075354 0.000000 0.997157
vn -0.075354 0.000000 0.997157
vn -0.240192 0.000000 0.970725
vn -0.454857 0.000000 0.890564
vn -0.762216 0.000000 0.647323
vn -1.000000 0.000000 0.000000
vn -0.762216 0.000000 -0.647323
vn -0.454857 0.000000 -0.890564
vn -0.240192 0.000000 -0.970725
vn -0.075354 0.000000 -0.997157
vn 0.075354 0.000000 -0.997157
vn 0.240192 0.000000 -0.970725
vn 0.454857 0.000000 -0.890564
vn 0.762216 0.000000 -0.647323
vn 1.000000 0.000000 -0.000000
vn 0.961881 -0.273467 0.000000
vn 0.742723 -0.224711 0.630768
vn 0.448511 -0.166458 0.878140
vn 0.237983 -0.135319 0.961797
vn 0.074787 -0.122444 0.989654
vn -0.074787 -0.122444 0.989654
vn -0.237983 -0.135319 0.961797
vn -0.448511 -0.166458 0.878140
vn -0.742723 -0.224711 0.630768
vn -0.961881 -0.273467 0.000000
vn -0.742723 -0.224711 -0.630768
vn -0.448511 -0.166458 -0.878140
vn -0.237983 -0.135319 -0.961797
vn -0.074787 -0.122444 -0.989654
vn 0.074787 -0.122444 -0.989654
vn 0.237983 -0.135319 -0.961797
vn 0.448511 -0.166458 -0.878140
vn 0.742723 -0.224711 -0.630768
vn 0.961881 -0.273467 -0.000000
vn 0.843906 -0.536492 0.000000
vn 0.677451 -0.458312 0.575335
vn 0.425549 -0.353154 0.833181
vn 0.229719 -0.292076 0.928397
vn 0.072640 -0.265936 0.961250
vn -0.072640 -0.265936 0.961250
vn -0.229719 -0.292076 0.928397
vn -0.425549 -0.353154 0.833181
vn -0.677451 -0.458312 0.575335
vn -0.843906 -0.536492 0.000000
vn -0.677451 -0.458312 -0.575335
vn -0.425549 -0.353154 -0.833181
vn -0.229719 -0.292076 -0.928397
vn -0.072640 -0.265936 -0.961250
vn 0.072640 -0.265936 -0.961250
vn 0.229719 -0.292076 -0.928397
vn 0.425549 -0.353154 -0.833181
vn 0.677451 -0.458312 -0.575335
vn 0.843906 -0.536492 -0.000000
vn 0.638822 -0.769355 0.000000
vn 0.545235 -0.698788 0.463049
vn 0.369990 -0.581678 0.724402
vn 0.207905 -0.500774 0.840238
vn 0.066784 -0.463176 0.883746
vn -0.066784 -0.463176 0.883746
vn -0.207905 -0.500774 0.840238
vn -0.369990 -0.581678 0.724402
vn -0.545235 -0.698788 0.463049
vn -0.638822 -0.769355 0.000000
vn -0.545235 -0.698788 -0.463049
vn -0.369990 -0.581678 -0.724402
vn -0.207905 -0.500774 -0.840238
vn -0.066784 -0.463176 -0.883746
vn 0.066784 -0.463176 -0.883746
vn 0.207905 -0.500774 -0.840238
vn 0.369990 -0.581678 -0.724402
vn 0.545235 -0.698788 -0.463049
vn 0.638822 -0.769355 -0.000000
vn 0.348111 -0.937453 0.000000
vn 0.317275 -0.909248 0.269451
vn 0.241180 -0.847852 0.472207
vn 0.146897 -0.791181 0.593678
vn 0.048993 -0.759790 0.648320
vn -0.048993 -0.759790 0.648320
vn -0.146897 -0.791181 0.593678
vn -0.241180 -0.847852 0.472207
vn -0.317275 -0.909248 0.269451
vn -0.348111 -0.937453 0.000000
vn -0.317275 -0.909248 -0.269451
vn -0.241180 -0.847852 -0.472207
vn -0.146897 -0.791181 -0.593678
vn -0.048993 -0.759790 -0.648320
vn 0.048993 -0.759790 -0.648320
vn 0.146897 -0.791181 -0.593678
vn 0.241180 -0.847852 -0.472207
vn 0.317275 -0.909248 -0.269451
vn 0.348111 -0.937453 -0.000000
vn 0.000000 -1.000000 0.000000
vn 0.000000 -1.000000 0.000000
vn 0.000000 -1.000000 0.000000
vn 0.000000 -1.000000 0.000000
vn 0.000000 -1.000000 0.000000
vn -0.000000 -1.000000 0.000000
vn -0.000000 -1.000000 0.000000
vn -0.000000 -1.000000 0.000000
vn -0.000000 -1.000000 0.000000
vn -0.000000 -1.000000 0.000000
vn -0.000000 -1.000000 -0.000000
vn -0.000000 -1.000000 -0.000000
vn -0.000000 -1.000000 -0.000000
vn -0.000000 -1.000000 -0.000000
vn 0.000000 -1.000000 -0.000000
vn 0.000000 -1.000000 -0.000000
vn 0.000000 -1.000000 -0.000000
vn 0.000000 -1.000000 -0.000000
vn 0.000000 -1.000000 -0.000000
vn 0.000000 1.000000 0.000000
vn 0.000000 1.000000 0.000000
vn 0.000000 1.000000 0.000000
vn 0.000000 1.000000 0.000000
vn -0.000000 1.000000 0.000000
vn -0.000000 1.000000 0.000000
vn -0.000000 1.000000 0.000000
vn -0.000000 1.000000 -0.000000
vn -0.000000 1.000000 -0.000000
vn -0.000000 1.000000 -0.000000
vn 0.000000 1.000000 -0.000000
vn 0.000000 1.000000 -0.000000
vn 0.000000 1.000000 -0.000000
vn 0.554416 0.832240 0.000000
vn 0.423742 0.734486 0.530069
vn 0.203714 0.611595 0.764494
vn 0.000000 0.569495 0.821995
vn -0.203714 0.611595 0.764494
vn -0.423742 0.734486 0.530069
vn -0.554416 0.832240 0.000000
vn -0.423742 0.734486 -0.530069
vn -0.203714 0.611595 -0.764494
vn -0.000000 0.569495 -0.821995
vn 0.203714 0.611595 -0.764494
vn 0.423742 0.734486 -0.530069
vn 0.554416 0.832240 -0.000000
vn 0.894295 0.447478 0.000000
vn 0.587358 0.339362 0.734741
vn 0.249340 0.249525 0.935717
vn 0.000000 0.225018 0.974355
vn -0.249340 0.249525 0.935717
vn -0.587358 0.339362 0.734741
vn -0.894295 0.447478 0.000000
vn -0.587358 0.339362 -0.734741
vn -0.249340 0.249525 -0.935717
vn -0.000000 0.225018 -0.974355
vn 0.249340 0.249525 -0.935717
vn 0.587358 0.339362 -0.734741
vn 0.894295 0.447478 -0.000000
vn 1.000000 0.000000 0.000000
vn 0.624413 0.000000 0.781094
vn 0.257485 0.000000 0.966282
vn 0.000000 0.000000 1.000000
vn -0.257485 0.000000 0.966282
vn -0.624413 0.000000 0.781094
vn -1.000000 0.000000 0.000000
vn -0.624413 0.000000 -0.781094
vn -0.257485 0.000000 -0.966282
vn -0.000000 0.000000 -1.000000
vn 0.257485 0.000000 -0.966282
vn 0.624413 0.000000 -0.781094
vn 1.000000 0.000000 -0.000000
vn 0.894295 -0.447478 0.000000
vn 0.587358 -0.339362 0.734741
vn 0.249340 -0.249525 0.935717
vn 0.000000 -0.225018 0.974355
vn -0.249340 -0.249525 0.935717
vn -0.587358 -0.339362 0.734741
vn -0.894295 -0.447478 0.000000
vn -0.587358 -0.339362 -0.734741
vn -0.249340 -0.249525 -0.935717
vn -0.000000 -0.225018 -0.974355
vn 0.249340 -0.249525 -0.935717
vn 0.587358 -0.339362 -0.734741
vn 0.894295 -0.447478 -0.000000
vn 0.554416 -0.832240 0.000000
vn 0.423742 -0.734486 0.530069
vn 0.203714 -0.611595 0.764494
vn 0.000000 -0.569495 0.821995
vn -0.203714 -0.611595 0.764494
vn -0.423742 -0.734486 0.530069
vn -0.554416 -0.832240 0.000000
vn -0.423742 -0.734486 -0.530069
vn -0.203714 -0.611595 -0.764494
vn -0.000000 -0.569495 -0.821995
vn 0.203714 -0.611595 -0.764494
vn 0.423742 -0.734486 -0.530069
vn 0.554416 -0.832240 -0.000000
vn 0.000000 -1.000000 0.000000
vn 0.000000 -1.000000 0.000000
vn 0.000000 -1.000000 0.000000
vn 0.000000 -1.000000 0.000000
vn -0.000000 -1.000000 0.000000
vn -0.000000 -1.000000 0.000000
vn -0.000000 -1.000000 0.000000
vn -0.000000 -1.000000 -0.000000
vn -0.000000 -1.000000 -0.000000
vn -0.000000 -1.000000 -0.000000
vn 0.000000 -1.000000 -0.000000
vn 0.000000 -1.000000 -0.000000
vn 0.000000 -1.000000 -0.000000
vn 0.000000 1.000000 0.000000
vn 0.000000 1.000000 0.000000
vn 0.000000 1.000000 0.000000
vn 0.000000 1.000000 0.000000
vn -0.000000 1.000000 0.000000
vn -0.000000 1.000000 0.000000
vn -0.000000 1.000000 0.000000
vn -0.000000 1.000000 -0.000000
vn -0.000000 1.000000 -0.000000
vn -0.000000 1.000000 -0.000000
vn 0.000000 1.000000 -0.000000
vn 0.000000 1.000000 -0.000000
vn 0.000000 1.000000 -0.000000
vn 0.554416 0.832240 0.000000
vn 0.423742 0.734486 0.530069
vn 0.203714 0.611595 0.764494
vn 0.000000 0.569495 0.821995
vn -0.203714 0.611595 0.764494
vn -0.423742 0.734486 0.530069
vn -0.554416 0.832240 0.000000
vn -0.423742 0.734486 -0.530069
vn -0.203714 0.611595 -0.764494
vn -0.000000 0.569495 -0.821995
vn 0.203714 0.611595 -0.764494
vn 0.423742 0.734486 -0.530069
vn 0.554416 0.832240 -0.000000
vn 0.894295 0.447478 0.000000
vn 0.587358 0.339362 0.734741
vn 0.249340 0.249525 0.935717
vn 0.000000 0.225018 0.974355
vn -0.249340 0.249525 0.935717
vn -0.587358 0.339362 0.734741
vn -0.894295 0.447478 0.000000
vn -0.587358 0.339362 -0.734741
vn -0.249340 0.249525 -0.935717
vn -0.000000 0.225018 -0.974355
vn 0.249340 0.249525 -0.935717
vn 0.587358 0.339362 -0.734741
vn 0.894295 0.447478 -0.000000
vn 1.000000 0.000000 0.000000
vn 0.624413 0.000000 0.781094
vn 0.257485 0.000000 0.966282
vn 0.000000 0.000000 1.000000
vn -0.257485 0.000000 0.966282
vn -0.624413 0.000000 0.781094
vn -1.000000 0.000000 0.000000
vn -0.624413 0.000000 -0.781094
vn -0.257485 0.000000 -0.966282
vn -0.000000 0.000000 -1.000000
vn 0.257485 0.000000 -0.966282
vn 0.624413 0.000000 -0.781094
vn 1.000000 0.000000 -0.000000
vn 0.894295 -0.447478 0.000000
vn 0.587358 -0.339362 0.734741
vn 0.249340 -0.249525 0.935717
vn 0.000000 -0.225018 0.974355
vn -0.249340 -0.249525 0.935717
vn -0.587358 -0.339362 0.734741
vn -0.894295 -0.447478 0.000000
vn -0.587358 -0.339362 -0.734741
vn -0.249340 -0.249525 -0.935717
vn -0.000000 -0.225018 -0.974355
vn 0.249340 -0.249525 -0.935717
vn 0.587358 -0.339362 -0.734741
vn 0.894295 -0.447478 -0.000000
vn 0.554416 -0.832240 0.000000
vn 0.423742 -0.734486 0.530069
vn 0.203714 -0.611595 0.764494
vn 0.000000 -0.569495 0.821995
vn -0.203714 -0.611595 0.764494
vn -0.423742 -0.734486 0.530069
vn -0.554416 -0.832240 0.000000
vn -0.423742 -0.734486 -0.530069
vn -0.203714 -0.611595 -0.764494
vn -0.000000 -0.569495 -0.821995
vn 0.203714 -0.611595 -0.764494
vn 0.423742 -0.734486 -0.530069
vn 0.554416 -0.832240 -0.000000
vn 0.000000 -1.000000 0.000000
vn 0.000000 -1.000000 0.000000
vn 0.000000 -1.000000 0.000000
vn 0.000000 -1.000000 0.000000
vn -0.000000 -1.000000 0.000000
vn -0.000000 -1.000000 0.000000
vn -0.000000 -1.000000 0.000000
vn -0.000000 -1.000000 -0.000000
vn -0.000000 -1.000000 -0.000000
vn -0.000000 -1.000000 -0.000000
vn 0.000000 -1.000000 -0.000000
vn 0.000000 -1.000000 -0.000000
vn 0.000000 -1.000000 -0.000000
vn 0.000000 1.000000 0.000000
vn 0.000000 1.000000 0.000000
vn 0.000000 1.000000 0.000000
vn 0.000000 1.000000 0.000000
vn -0.000000 1.000000 0.000000
vn -0.000000 1.000000 0.000000
vn -0.000000 1.000000 0.000000
vn -0.000000 1.000000 -0.000000
vn -0.000000 1.000000 -0.000000
vn -0.000000 1.000000 -0.000000
vn 0.000000 1.000000 -0.000000
vn 0.000000 1.000000 -0.000000
vn 0.000000 1.000000 -0.000000
vn 0.231287 0.972886 0.000000
vn 0.176708 0.858295 0.481772
vn 0.084919 0.714405 0.694560
vn 0.000000 0.665148 0.746712
vn -0.084919 0.714405 0.694560
vn -0.176708 0.858295 0.481772
vn -0.231287 0.972886 0.000000
vn -0.176708 0.858295 -0.481772
vn -0.084919 0.714405 -0.694560
vn -0.000000 0.665148 -0.746712
vn 0.084919 0.714405 -0.694560
vn 0.176708 0.858295 -0.481772
vn 0.231287 0.972886 -0.000000
vn 0.580651 0.814152 0.000000
vn 0.300768 0.486958 0.820007
vn 0.114888 0.322177 0.939682
vn 0.000000 0.284641 0.958634
vn -0.114888 0.322177 0.939682
vn -0.300768 0.486958 0.820007
vn -0.580651 0.814152 0.000000
vn -0.300768 0.486958 -0.820007
vn -0.114888 0.322177 -0.939682
vn -0.000000 0.284641 -0.958634
vn 0.114888 0.322177 -0.939682
vn 0.300768 0.486958 -0.820007
vn 0.580651 0.814152 -0.000000
vn 1.000000 0.000000 0.000000
vn 0.344354 0.000000 0.938840
vn 0.121359 0.000000 0.992609
vn 0.000000 0.000000 1.000000
vn -0.121359 0.000000 0.992609
vn -0.344354 0.000000 0.938840
vn -1.000000 0.000000 0.000000
vn -0.344354 0.000000 -0.938840
vn -0.121359 0.000000 -0.992609
vn -0.000000 0.000000 -1.000000
vn 0.121359 0.000000 -0.992609
vn 0.344354 0.000000 -0.938840
vn 1.000000 0.000000 -0.000000
vn 0.580651 -0.814152 0.000000
vn 0.300768 -0.486958 0.820007
vn 0.114888 -0.322177 0.939682
vn 0.000000 -0.284641 0.958634
vn -0.114888 -0.322177 0.939682
vn -0.300768 -0.486958 0.820007
vn -0.580651 -0.814152 0.000000
vn -0.300768 -0.486958 -0.820007
vn -0.114888 -0.322177 -0.939682
vn -0.000000 -0.284641 -0.958634
vn 0.114888 -0.322177 -0.939682
vn 0.300768 -0.486958 -0.820007
vn 0.580651 -0.814152 -0.000000
vn 0.231287 -0.972886 0.000000
vn 0.176708 -0.858295 0.481772
vn 0.084919 -0.714405 0.694560
vn 0.000000 -0.665148 0.746712
vn -0.084919 -0.714405 0.694560
vn -0.176708 -0.858295 0.481772
vn -0.231287 -0.972886 0.000000
vn -0.176708 -0.858295 -0.481772
vn -0.084919 -0.714405 -0.694560
vn -0.000000 -0.665148 -0.746712
vn 0.084919 -0.714405 -0.694560
vn 0.176708 -0.858295 -0.481772
vn 0.231287 -0.972886 -0.000000
vn 0.000000 -1.000000 0.000000
vn 0.000000 -1.000000 0.000000
vn 0.000000 -1.000000 0.000000
vn 0.000000 -1.000000 0.000000
vn -0.000000 -1.000000 0.000000
vn -0.000000 -1.000000 0.000000
vn -0.000000 -1.000000 0.000000
vn -0.000000 -1.000000 -0.000000
vn -0.000000 -1.000000 -0.000000
vn -0.000000 -1.000000 -0.000000
vn 0.000000 -1.000000 -0.000000
vn 0.000000 -1.000000 -0.000000
vn 0.000000 -1.000000 -0.000000
vn 0.000000 1.000000 0.000000
vn 0.000000 1.000000 0.000000
vn 0.000000 1.000000 0.000000
vn 0.000000 1.000000 0.000000
vn -0.000000 1.000000 0.000000
vn -0.000000 1.000000 0.000000
vn -0.000000 1.000000 0.000000
vn -0.000000 1.000000 -0.000000
vn -0.000000 1.000000 -0.000000
vn -0.000000 1.000000 -0.000000
vn 0.000000 1.000000 -0.000000
vn 0.000000 1.000000 -0.000000
vn 0.000000 1.000000 -0.000000
vn 0.231287 0.972886 0.000000
vn 0.176708 0.858295 0.481772
vn 0.084919 0.714405 0.694560
vn 0.000000 0.665148 0.746712
vn -0.084919 0.714405 0.694560
vn -0.176708 0.858295 0.481772
vn -0.231287 0.972886 0.000000
vn -0.176708 0.858295 -0.481772
vn -0.084919 0.714405 -0.694560
vn -0.000000 0.665148 -0.746712
vn 0.084919 0.714405 -0.694560
vn 0.176708 0.858295 -0.481772
vn 0.231287 0.972886 -0.000000
vn 0.580651 0.814152 0.000000
vn 0.300768 0.486958 0.820007
vn 0.114888 0.322177 0.939682
vn 0.000000 0.284641 0.958634
vn -0.114888 0.322177 0.939682
vn -0.300768 0.486958 0.820007
vn -0.580651 0.814152 0.000000
vn -0.300768 0.486958 -0.820007
vn -0.114888 0.322177 -0.939682
vn -0.000000 0.284641 -0.958634
vn 0.114888 0.322177 -0.939682
vn 0.300768 0.486958 -0.820007
vn 0.580651 0.814152 -0.000000
vn 1.000000 0.000000 0.000000
vn 0.344354 0.000000 0.938840
vn 0.121359 0.000000 0.992609
vn 0.000000 0.000000 1.000000
vn -0.121359 0.000000 0.992609
vn -0.344354 0.000000 0.938840
vn -1.000000 0.000000 0.000000
vn -0.344354 0.000000 -0.938840
vn -0.121359 0.000000 -0.992609
vn -0.000000 0.000000 -1.000000
vn 0.121359 0.000000 -0.992609
vn 0.344354 0.000000 -0.938840
vn 1.000000 0.000000 -0.000000
vn 0.580651 -0.814152 0.000000
vn 0.300768 -0.486958 0.820007
vn 0.114888 -0.322177 0.939682
vn 0.000000 -0.284641 0.958634
vn -0.114888 -0.322177 0.939682
vn -0.300768 -0.486958 0.820007
vn -0.580651 -0.814152 0.000000
vn -0.300768 -0.486958 -0.820007
vn -0.114888 -0.322177 -0.939682
vn -0.000000 -0.284641 -0.958634
vn 0.114888 -0.322177 -0.939682
vn 0.300768 -0.486958 -0.820007
vn 0.580651 -0.814152 -0.000000
vn 0.231287 -0.972886 0.000000
vn 0.176708 -0.858295 0.481772
vn 0.084919 -0.714405 0.694560
vn 0.000000 -0.665148 0.746712
vn -0.084919 -0.714405 0.694560
vn -0.176708 -0.858295 0.481772
vn -0.231287 -0.972886 0.000000
vn -0.176708 -0.858295 -0.481772
vn -0.084919 -0.714405 -0.694560
vn -0.000000 -0.665148 -0.746712
vn 0.084919 -0.714405 -0.694560
vn 0.176708 -0.858295 -0.481772
vn 0.231287 -0.972886 -0.000000
vn 0.000000 -1.000000 0.000000
vn 0.000000 -1.000000 0.000000
vn 0.000000 -1.000000 0.000000
vn 0.000000 -1.000000 0.000000
vn -0.000000 -1.000000 0.000000
vn -0.000000 -1.000000 0.000000
vn -0.000000 -1.000000 0.000000
vn -0.000000 -1.000000 -0.000000
vn -0.000000 -1.000000 -0.000000
vn -0.000000 -1.000000 -0.000000
vn 0.000000 -1.000000 -0.000000
vn 0.000000 -1.000000 -0.000000
vn 0.000000 -1.000000 -0.000000
vn 0.000000 0.119145 0.992877
vn 0.000000 0.119145 0.992877
vn 0.000000 0.119145 0.992877
vn 0.000000 1.000000 0.000000
vn 0.000000 1.000000 0.000000
vn 0.000000 1.000000 0.000000
vn 0.000000 1.000000 0.000000
vn 0.000000 1.000000 0.000000
vn -0.000000 1.000000 0.000000
vn -0.000000 1.000000 0.000000
vn -0.000000 1.000000 0.000000
vn -0.000000 1.000000 0.000000
vn -0.000000 1.000000 0.000000
vn -0.000000 1.000000 -0.000000
vn -0.000000 1.000000 -0.000000
vn -0.000000 1.000000 -0.000000
vn -0.000000 1.000000 -0.000000
vn 0.000000 1.000000 -0.000000
vn 0.000000 1.000000 -0.000000
vn 0.000000 1.000000 -0.000000
vn 0.000000 1.000000 -0.000000
vn 0.000000 1.000000 -0.000000
vn 0.228458 0.973554 0.000000
vn 0.214393 0.972249 0.093639
vn 0.174185 0.968968 0.175390
vn 0.113258 0.965276 0.235402
vn 0.039237 0.962890 0.267028
vn -0.039237 0.962890 0.267028
vn -0.113258 0.965276 0.235402
vn -0.174185 0.968968 0.175390
vn -0.214393 0.972249 0.093639
vn -0.228458 0.973554 0.000000
vn -0.214393 0.972249 -0.093639
vn -0.174185 0.968968 -0.175390
vn -0.113258 0.965276 -0.235402
vn -0.039237 0.962890 -0.267028
vn 0.039237 0.962890 -0.267028
vn 0.113258 0.965276 -0.235402
vn 0.174185 0.968968 -0.175390
vn 0.214393 0.972249 -0.093639
vn 0.228458 0.973554 -0.000000
vn 0.464643 0.885498 0.000000
vn 0.434216 0.880619 0.189650
vn 0.349151 0.868616 0.351567
vn 0.224463 0.855546 0.466538
vn 0.077206 0.847326 0.525431
vn -0.077206 0.847326 0.525431
vn -0.224463 0.855546 0.466538
vn -0.349151 0.868616 0.351567
vn -0.434216 0.880619 0.189650
vn -0.464643 0.885498 0.000000
vn -0.434216 0.880619 -0.189650
vn -0.349151 0.868616 -0.351567
vn -0.224463 0.855546 -0.466538
vn -0.077206 0.847326 -0.525431
vn 0.077206 0.847326 -0.525431
vn 0.224463 0.855546 -0.466538
vn 0.349151 0.868616 -0.351567
vn 0.434216 0.880619 -0.189650
vn 0.464643 0.885498 -0.000000
vn 0.704995 0.709212 0.000000
vn 0.654164 0.700311 0.285716
vn 0.517197 0.679191 0.520775
vn 0.326721 0.657350 0.679076
vn 0.111196 0.644181 0.756747
vn -0.111196 0.644181 0.756747
vn -0.326721 0.657350 0.679076
vn -0.517197 0.679191 0.520775
vn -0.654164 0.700311 0.285716
vn -0.704995 0.709212 0.000000
vn -0.654164 0.700311 -0.285716
vn -0.517197 0.679191 -0.520775
vn -0.326721 0.657350 -0.679076
vn -0.111196 0.644181 -0.756747
vn 0.111196 0.644181 -0.756747
vn 0.326721 0.657350 -0.679076
vn 0.517197 0.679191 -0.520775
vn 0.654164 0.700311 -0.285716
vn 0.704995 0.709212 -0.000000
vn 0.911959 0.410280 0.000000
vn 0.839189 0.401771 0.366528
vn 0.651111 0.382390 0.655616
vn 0.403909 0.363429 0.839510
vn 0.136048 0.352474 0.925880
vn -0.136048 0.352474 0.925880
vn -0.403909 0.363429 0.839510
vn -0.651111 0.382390 0.655616
vn -0.839189 0.401771 0.366528
vn -0.911959 0.410280 0.000000
vn -0.839189 0.401771 -0.366528
vn -0.651111 0.382390 -0.655616
vn -0.403909 0.363429 -0.839510
vn -0.136048 0.352474 -0.925880
vn 0.136048 0.352474 -0.925880
vn 0.403909 0.363429 -0.839510
vn 0.651111 0.382390 -0.655616
vn 0.839189 0.401771 -0.366528
vn 0.911959 0.410280 -0.000000
vn 1.000000 0.000000 0.000000
vn 0.916405 0.000000 0.400253
vn 0.704665 0.000000 0.709541
vn 0.433555 0.000000 0.901127
vn 0.145378 0.000000 0.989376
vn -0.145378 0.000000 0.989376
vn -0.433555 0.000000 0.901127
vn -0.704665 0.000000 0.709541
vn -0.916405 0.000000 0.400253
vn -1.000000 0.000000 0.000000
vn -0.916405 0.000000 -0.400253
vn -0.704665 0.000000 -0.709541
vn -0.433555 0.000000 -0.901127
vn -0.145378 0.000000 -0.989376
vn 0.145378 0.000000 -0.989376
vn 0.433555 0.000000 -0.901127
vn 0.704665 0.000000 -0.709541
vn 0.916405 0.000000 -0.400253
vn 1.000000 0.000000 -0.000000
vn 0.911959 -0.410280 0.000000
vn 0.839189 -0.401771 0.366528
vn 0.651111 -0.382390 0.655616
vn 0.403909 -0.363429 0.839510
vn 0.136048 -0.352474 0.925880
vn -0.136048 -0.352474 0.925880
vn -0.403909 -0.363429 0.839510
vn -0.651111 -0.382390 0.655616
vn -0.839189 -0.401771 0.366528
vn -0.911959 -0.410280 0.000000
vn -0.839189 -0.401771 -0.366528
vn -0.651111 -0.382390 -0.655616
vn -0.403909 -0.363429 -0.839510
vn -0.136048 -0.352474 -0.925880
vn 0.136048 -0.352474 -0.925880
vn 0.403909 -0.363429 -0.839510
vn 0.651111 -0.382390 -0.655616
vn 0.839189 -0.401771 -0.366528
vn 0.911959 -0.410280 -0.000000
vn 0.704995 -0.709212 0.000000
vn 0.654164 -0.700311 0.285716
vn 0.517197 -0.679191 0.520775
vn 0.326721 -0.657350 0.679076
vn 0.111196 -0.644181 0.756747
vn -0.111196 -0.644181 0.756747
vn -0.326721 -0.657350 0.679076
vn -0.517197 -0.679191 0.520775
vn -0.654164 -0.700311 0.285716
vn -0.704995 -0.709212 0.000000
vn -0.654164 -0.700311 -0.285716
vn -0.517197 -0.679191 -0.520775
vn -0.326721 -0.657350 -0.679076
vn -0.111196 -0.644181 -0.756747
vn 0.111196 -0.644181 -0.756747
vn 0.326721 -0.657350 -0.679076
vn 0.517197 -0.679191 -0.520775
vn 0.654164 -0.700311 -0.285716
vn 0.704995 -0.709212 -0.000000
vn 0.464643 -0.885498 0.000000
vn 0.434216 -0.880619 0.189650
vn 0.349151 -0.868616 0.351567
vn 0.224463 -0.855546 0.466538
vn 0.077206 -0.847326 0.525431
vn -0.077206 -0.847326 0.525431
vn -0.224463 -0.855546 0.466538
vn -0.349151 -0.868616 0.351567
vn -0.434216 -0.880619 0.189650
vn -0.464643 -0.885498 0.000000
vn -0.434216 -0.880619 -0.189650
vn -0.349151 -0.868616 -0.351567
vn -0.224463 -0.855546 -0.466538
vn -0.077206 -0.847326 -0.525431
vn 0.077206 -0.847326 -0.525431
vn 0.224463 -0.855546 -0.466538
vn 0.349151 -0.868616 -0.351567
vn 0.434216 -0.880619 -0.189650
vn 0.464643 -0.885498 -0.000000
vn 0.228458 -0.973554 0.000000
vn 0.214393 -0.972249 0.093639
vn 0.174185 -0.968968 0.175390
vn 0.113258 -0.965276 0.235402
vn 0.039237 -0.962890 0.267028
vn -0.039237 -0.962890 0.267028
vn -0.113258 -0.965276 0.235402
vn -0.174185 -0.968968 0.175390
vn -0.214393 -0.972249 0.093639
vn -0.228458 -0.973554 0.000000
vn -0.214393 -0.972249 -0.093639
vn -0.174185 -0.968968 -0.175390
vn -0.113258 -0.965276 -0.235402
vn -0.039237 -0.962890 -0.267028
vn 0.039237 -0.962890 -0.267028
vn 0.113258 -0.965276 -0.235402
vn 0.174185 -0.968968 -0.175390
vn 0.214393 -0.972249 -0.093639
vn 0.228458 -0.973554 -0.000000
vn 0.000000 -1.000000 0.000000
vn 0.000000 -1.000000 0.000000
vn 0.000000 -1.000000 0.000000
vn 0.000000 -1.000000 0.000000
vn 0.000000 -1.000000 0.000000
vn -0.000000 -1.000000 0.000000
vn -0.000000 -1.000000 0.000000
vn -0.000000 -1.000000 0.000000
vn -0.000000 -1.000000 0.000000
vn -0.000000 -1.000000 0.000000
vn -0.000000 -1.000000 -0.000000
vn -0.000000 -1.000000 -0.000000
vn -0.000000 -1.000000 -0.000000
vn -0.000000 -1.000000 -0.000000
vn 0.000000 -1.000000 -0.000000
vn 0.000000 -1.000000 -0.000000
vn 0.000000 -1.000000 -0.000000
vn 0.000000 -1.000000 -0.000000
vn 0.000000 -1.000000 -0.000000
vn 0.000000 1.000000 0.000000
vn 0.000000 1.000000 0.000000
vn 0.000000 1.000000 0.000000
vn 0.000000 1.000000 0.000000
vn 0.000000 1.000000 0.000000
vn -0.000000 1.000000 0.000000
vn -0.000000 1.000000 0.000000
vn -0.000000 1.000000 0.000000
vn -0.000000 1.000000 0.000000
vn -0.000000 1.000000 0.000000
vn -0.000000 1.000000 -0.000000
vn -0.000000 1.000000 -0.000000
vn -0.000000 1.000000 -0.000000
vn -0.000000 1.000000 -0.000000
vn 0.000000 1.000000 -0.000000
vn 0.000000 1.000000 -0.000000
vn 0.000000 1.000000 -0.000000
vn 0.000000 1.000000 -0.000000
vn 0.000000 1.000000 -0.000000
vn 0.228458 0.973554 0.000000
vn 0.214393 0.972249 0.093639
vn 0.174185 0.968968 0.175390
vn 0.113258 0.965276 0.235402
vn 0.039237 0.962890 0.267028
vn -0.039237 0.962890 0.267028
vn -0.113258 0.965276 0.235402
vn -0.174185 0.968968 0.175390
vn -0.214393 0.972249 0.093639
vn -0.228458 0.973554 0.000000
vn -0.214393 0.972249 -0.093639
vn -0.174185 0.968968 -0.175390
vn -0.113258 0.965276 -0.235402
vn -0.039237 0.962890 -0.267028
vn 0.039237 0.962890 -0.267028
vn 0.113258 0.965276 -0.235402
vn 0.174185 0.968968 -0.175390
vn 0.214393 0.972249 -0.093639
vn 0.228458 0.973554 -0.000000
vn 0.464643 0.885498 0.000000
vn 0.434216 0.880619 0.189650
vn 0.349151 0.868616 0.351567
vn 0.224463 0.855546 0.466538
vn 0.077206 0.847326 0.525431
vn -0.077206 0.847326 0.525431
vn -0.224463 0.855546 0.466538
vn -0.349151 0.868616 0.351567
vn -0.434216 0.880619 0.189650
vn -0.464643 0.885498 0.000000
vn -0.434216 0.880619 -0.189650
vn -0.349151 0.868616 -0.351567
vn -0.224463 0.855546 -0.466538
vn -0.077206 0.847326 -0.525431
vn 0.077206 0.847326 -0.525431
vn 0.224463 0.855546 -0.466538
vn 0.349151 0.868616 -0.351567
vn 0.434216 0.880619 -0.189650
vn 0.464643 0.885498 -0.000000
vn 0.704995 0.709212 0.000000
vn 0.654164 0.700311 0.285716
vn 0.517197 0.679191 0.520775
vn 0.326721 0.657350 0.679076
vn 0.111196 0.644181 0.756747
vn -0.111196 0.644181 0.756747
vn -0.326721 0.657350 0.679076
vn -0.517197 0.679191 0.520775
vn -0.654164 0.700311 0.285716
vn -0.704995 0.709212 0.000000
vn -0.654164 0.700311 -0.285716
vn -0.517197 0.679191 -0.520775
vn -0.326721 0.657350 -0.679076
vn -0.111196 0.644181 -0.756747
vn 0.111196 0.644181 -0.756747
vn 0.326721 0.657350 -0.679076
vn 0.517197 0.679191 -0.520775
vn 0.654164 0.700311 -0.285716
vn 0.704995 0.709212 -0.000000
vn 0.911959 0.410280 0.000000
vn 0.839189 0.401771 0.366528
vn 0.651111 0.382390 0.655616
vn 0.403909 0.363429 0.839510
vn 0.136048 0.352474 0.925880
vn -0.136048 0.352474 0.925880
vn -0.403909 0.363429 0.839510
vn -0.651111 0.382390 0.655616
vn -0.839189 0.401771 0.366528
vn -0.911959 0.410280 0.000000
vn -0.839189 0.401771 -0.366528
vn -0.651111 0.382390 -0.655616
vn -0.403909 0.363429 -0.839510
vn -0.136048 0.352474 -0.925880
vn 0.136048 0.352474 -0.925880
vn 0.403909 0.363429 -0.839510
vn 0.651111 0.382390 -0.655616
vn 0.839189 0.401771 -0.366528
vn 0.911959 0.410280 -0.000000
vn 1.000000 0.000000 0.000000
vn 0.916405 0.000000 0.400253
vn 0.704665 0.000000 0.709541
vn 0.433555 0.000000 0.901127
vn 0.145378 0.000000 0.989376
vn -0.145378 0.000000 0.989376
vn -0.433555 0.000000 0.901127
vn -0.704665 0.000000 0.709541
vn -0.916405 0.000000 0.400253
vn -1.000000 0.000000 0.000000
vn -0.916405 0.000000 -0.400253
vn -0.704665 0.000000 -0.709541
vn -0.433555 0.000000 -0.901127
vn -0.145378 0.000000 -0.989376
vn 0.145378 0.000000 -0.989376
vn 0.433555 0.000000 -0.901127
vn 0.704665 0.000000 -0.709541
vn 0.916405 0.000000 -0.400253
vn 1.000000 0.000000 -0.000000
vn 0.911959 -0.410280 0.000000
vn 0.839189 -0.401771 0.366528
vn 0.651111 -0.382390 0.655616
vn 0.403909 -0.363429 0.839510
vn 0.136048 -0.352474 0.925880
vn -0.136048 -0.352474 0.925880
vn -0.403909 -0.363429 0.839510
vn -0.651111 -0.382390 0.655616
vn -0.839189 -0.401771 0.366528
vn -0.911959 -0.410280 0.000000
vn -0.839189 -0.401771 -0.366528
vn -0.651111 -0.382390 -0.655616
vn -0.403909 -0.363429 -0.839510
vn -0.136048 -0.352474 -0.925880
vn 0.136048 -0.352474 -0.925880
vn 0.403909 -0.363429 -0.839510
vn 0.651111 -0.382390 -0.655616
vn 0.839189 -0.401771 -0.366528
vn 0.911959 -0.410280 -0.000000
vn 0.704995 -0.709212 0.000000
vn 0.654164 -0.700311 0.285716
vn 0.517197 -0.679191 0.520775
vn 0.326721 -0.657350 0.679076
vn 0.111196 -0.644181 0.756747
vn -0.111196 -0.644181 0.756747
vn -0.326721 -0.657350 0.679076
vn -0.517197 -0.679191 0.520775
vn -0.654164 -0.700311 0.285716
vn -0.704995 -0.709212 0.000000
vn -0.654164 -0.700311 -0.285716
vn -0.517197 -0.679191 -0.520775
vn -0.326721 -0.657350 -0.679076
vn -0.111196 -0.644181 -0.756747
vn 0.111196 -0.644181 -0.756747
vn 0.326721 -0.657350 -0.679076
vn 0.517197 -0.679191 -0.520775
vn 0.654164 -0.700311 -0.285716
vn 0.704995 -0.709212 -0.000000
vn 0.464643 -0.885498 0.000000
vn 0.434216 -0.880619 0.189650
vn 0.349151 -0.868616 0.351567
vn 0.224463 -0.855546 0.466538
vn 0.077206 -0.847326 0.525431
vn -0.077206 -0.847326 0.525431
vn -0.224463 -0.855546 0.466538
vn -0.349151 -0.868616 0.351567
vn -0.434216 -0.880619 0.189650
vn -0.464643 -0.885498 0.000000
vn -0.434216 -0.880619 -0.189650
vn -0.349151 -0.868616 -0.351567
vn -0.224463 -0.855546 -0.466538
vn -0.077206 -0.847326 -0.525431
vn 0.077206 -0.847326 -0.525431
vn 0.224463 -0.855546 -0.466538
vn 0.349151 -0.868616 -0.351567
vn 0.434216 -0.880619 -0.189650
vn 0.464643 -0.885498 -0.000000
vn 0.228458 -0.973554 0.000000
vn 0.214393 -0.972249 0.093639
vn 0.174185 -0.968968 0.175390
vn 0.113258 -0.965276 0.235402
vn 0.039237 -0.962890 0.267028
vn -0.039237 -0.962890 0.267028
vn -0.113258 -0.965276 0.235402
vn -0.174185 -0.968968 0.175390
vn -0.214393 -0.972249 0.093639
vn -0.228458 -0.973554 0.000000
vn -0.214393 -0.972249 -0.093639
vn -0.174185 -0.968968 -0.175390
vn -0.113258 -0.965276 -0.235402
vn -0.039237 -0.962890 -0.267028
vn 0.039237 -0.962890 -0.267028
vn 0.113258 -0.965276 -0.235402
vn 0.174185 -0.968968 -0.175390
vn 0.214393 -0.972249 -0.093639
vn 0.228458 -0.973554 -0.000000
vn 0.000000 -1.000000 0.000000
vn 0.000000 -1.000000 0.000000
vn 0.000000 -1.000000 0.000000
vn 0.000000 -1.000000 0.000000
vn 0.000000 -1.000000 0.000000
vn -0.000000 -1.000000 0.000000
vn -0.000000 -1.000000 0.000000
vn -0.000000 -1.000000 0.000000
vn -0.000000 -1.000000 0.000000
vn -0.000000 -1.000000 0.000000
vn -0.000000 -1.000000 -0.000000
vn -0.000000 -1.000000 -0.000000
vn -0.000000 -1.000000 -0.000000
vn -0.000000 -1.000000 -0.000000
vn 0.000000 -1.000000 -0.000000
vn 0.000000 -1.000000 -0.000000
vn 0.000000 -1.000000 -0.000000
vn 0.000000 -1.000000 -0.000000
vn 0.000000 -1.000000 -0.000000
vn 0.000000 0.263117 -0.964764
vn 0.000000 0.263117 -0.964764
vn 0.382683 0.243089 -0.891326
vn 0.382683 0.243089 -0.891326
vn 0.707107 0.186052 -0.682191
vn 0.707107 0.186052 -0.682191
vn 0.923880 0.100691 -0.369199
vn 0.923880 0.100691 -0.369199
vn 1.000000 0.000000 -0.000000
vn 1.000000 0.000000 -0.000000
vn 0.923880 -0.100691 0.369199
vn 0.923880 -0.100691 0.369199
vn 0.707107 -0.186052 0.682191
vn 0.707107 -0.186052 0.682191
vn 0.382683 -0.243089 0.891326
vn 0.382683 -0.243089 0.891326
vn 0.000000 -0.263117 0.964764
vn 0.000000 -0.263117 0.964764
vn -0.382683 -0.243089 0.891326
vn -0.382683 -0.243089 0.891326
vn -0.707107 -0.186052 0.682191
vn -0.707107 -0.186052 0.682191
vn -0.923880 -0.100691 0.369199
vn -0.923880 -0.100691 0.369199
vn -1.000000 -0.000000 0.000000
vn -1.000000 -0.000000 0.000000
vn -0.923880 0.100691 -0.369199
vn -0.923880 0.100691 -0.369199
vn -0.707107 0.186052 -0.682191
vn -0.707107 0.186052 -0.682191
vn -0.382683 0.243089 -0.891326
vn -0.382683 0.243089 -0.891326
vn -0.000000 0.263117 -0.964764
vn -0.000000 0.263117 -0.964764
vn -0.650791 0.000000 0.759257
vn -0.650791 0.000000 0.759257
vn -0.854613 0.398421 0.333013
vn -0.854613 0.398421 0.333013
vn -0.732001 0.644659 -0.220430
vn -0.732001 0.644659 -0.220430
vn -0.329790 0.644659 -0.689676
vn -0.329790 0.644659 -0.689676
vn 0.198390 0.398421 -0.895490
vn 0.198390 0.398421 -0.895490
vn 0.650791 0.000000 -0.759257
vn 0.650791 0.000000 -0.759257
vn 0.854613 -0.398421 -0.333013
vn 0.854613 -0.398421 -0.333013
vn 0.732001 -0.644659 0.220430
vn 0.732001 -0.644659 0.220430
vn 0.329790 -0.644659 0.689676
vn 0.329790 -0.644659 0.689676
vn -0.198390 -0.398421 0.895490
vn -0.198390 -0.398421 0.895490
vn -0.650791 -0.000000 0.759257
vn -0.650791 -0.000000 0.759257
vn 0.178885 0.000000 0.983870
vn 0.178885 0.000000 0.983870
vn -0.128739 0.517918 0.845688
vn -0.128739 0.517918 0.845688
vn -0.387190 0.838008 0.384481
vn -0.387190 0.838008 0.384481
vn -0.497747 0.838008 -0.223584
vn -0.497747 0.838008 -0.223584
vn -0.418182 0.517918 -0.746247
vn -0.418182 0.517918 -0.746247
vn -0.178885 0.000000 -0.983870
vn -0.178885 0.000000 -0.983870
vn 0.128739 -0.517918 -0.845688
vn 0.128739 -0.517918 -0.845688
vn 0.387190 -0.838008 -0.384481
vn 0.387190 -0.838008 -0.384481
vn 0.497747 -0.838008 0.223584
vn 0.497747 -0.838008 0.223584
vn 0.418182 -0.517918 0.746247
vn 0.418182 -0.517918 0.746247
vn 0.178885 -0.000000 0.983870
vn 0.178885 -0.000000 0.983870
vn -0.600000 0.000000 0.800000
vn -0.600000 0.000000 0.800000
vn -0.755068 0.481532 0.444970
vn -0.755068 0.481532 0.444970
vn -0.621726 0.779136 -0.080023
vn -0.621726 0.779136 -0.080023
vn -0.250906 0.779136 -0.574451
vn -0.250906 0.779136 -0.574451
vn 0.215752 0.481532 -0.849457
vn 0.215752 0.481532 -0.849457
vn 0.600000 0.000000 -0.800000
vn 0.600000 0.000000 -0.800000
vn 0.755068 -0.481532 -0.444970
vn 0.755068 -0.481532 -0.444970
vn 0.621726 -0.779136 0.080023
vn 0.621726 -0.779136 0.080023
vn 0.250906 -0.779136 0.574451
vn 0.250906 -0.779136 0.574451
vn -0.215752 -0.481532 0.849457
vn -0.215752 -0.481532 0.849457
vn -0.600000 -0.000000 0.800000
vn -0.600000 -0.000000 0.800000
vn 0.000000 0.196116 0.980581
vn 0.000000 0.196116 0.980581
vn 0.000000 0.196116 0.980581
vn 0.000000 0.196116 0.980581
vn 0.000000 0.196116 0.980581
vn 0.000000 0.196116 0.980581
vn 0.000000 0.196116 0.980581
vn 0.000000 0.196116 0.980581
vn 0.000000 0.196116 0.980581
vn 0.000000 0.196116 0.980581
vn 0.000000 0.196116 0.980581
vn 0.000000 0.196116 0.980581
vn 0.000000 0.196116 0.980581
vn 0.000000 0.196116 0.980581
vn 0.000000 0.196116 0.980581
vn 0.000000 0.196116 0.980581
vn 0.000000 0.196116 0.980581
vn 0.000000 0.196116 0.980581
vn 0.000000 0.196116 0.980581
vn 0.000000 0.196116 0.980581
vn 0.000000 0.196116 0.980581
vn 0.000000 0.196116 0.980581
vn 0.000000 0.196116 0.980581
vn 0.000000 0.196116 0.980581
vn 0.000000 1.000000 0.000000
vn 0.000000 1.000000 0.000000
vn 0.000000 1.000000 0.000000
vn 0.000000 1.000000 0.000000
vn -0.000000 1.000000 0.000000
vn -0.000000 1.000000 0.000000
vn -0.000000 1.000000 0.000000
vn -0.000000 1.000000 0.000000
vn -0.000000 1.000000 -0.000000
vn -0.000000 1.000000 -0.000000
vn -0.000000 1.000000 -0.000000
vn 0.000000 1.000000 -0.000000
vn 0.000000 1.000000 -0.000000
vn 0.000000 1.000000 -0.000000
vn 0.000000 1.000000 -0.000000
vn 0.152167 0.988355 0.000000
vn 0.125710 0.906261 0.403593
vn 0.074658 0.777751 0.624123
vn 0.024210 0.706664 0.707135
vn -0.024210 0.706664 0.707135
vn -0.074658 0.777751 0.624123
vn -0.125710 0.906261 0.403593
vn -0.152167 0.988355 0.000000
vn -0.125710 0.906261 -0.403593
vn -0.074658 0.777751 -0.624123
vn -0.024210 0.706664 -0.707135
vn 0.024210 0.706664 -0.707135
vn 0.074658 0.777751 -0.624123
vn 0.125710 0.906261 -0.403593
vn 0.152167 0.988355 -0.000000
vn 0.419314 0.907841 0.000000
vn 0.241954 0.581424 0.776791
vn 0.109802 0.381286 0.917913
vn 0.032465 0.315872 0.948246
vn -0.032465 0.315872 0.948246
vn -0.109802 0.381286 0.917913
vn -0.241954 0.581424 0.776791
vn -0.419314 0.907841 0.000000
vn -0.241954 0.581424 -0.776791
vn -0.109802 0.381286 -0.917913
vn -0.032465 0.315872 -0.948246
vn 0.032465 0.315872 -0.948246
vn 0.109802 0.381286 -0.917913
vn 0.241954 0.581424 -0.776791
vn 0.419314 0.907841 -0.000000
vn 1.000000 0.000000 0.000000
vn 0.297386 0.000000 0.954757
vn 0.118774 0.000000 0.992921
vn 0.034216 0.000000 0.999414
vn -0.034216 0.000000 0.999414
vn -0.118774 0.000000 0.992921
vn -0.297386 0.000000 0.954757
vn -1.000000 0.000000 0.000000
vn -0.297386 0.000000 -0.954757
vn -0.118774 0.000000 -0.992921
vn -0.034216 0.000000 -0.999414
vn 0.034216 0.000000 -0.999414
vn 0.118774 0.000000 -0.992921
vn 0.297386 0.000000 -0.954757
vn 1.000000 0.000000 -0.000000
vn 0.419314 -0.907841 0.000000
vn 0.241954 -0.581424 0.776791
vn 0.109802 -0.381286 0.917913
vn 0.032465 -0.315872 0.948246
vn -0.032465 -0.315872 0.948246
vn -0.109802 -0.381286 0.917913
vn -0.241954 -0.581424 0.776791
vn -0.419314 -0.907841 0.000000
vn -0.241954 -0.581424 -0.776791
vn -0.109802 -0.381286 -0.917913
vn -0.032465 -0.315872 -0.948246
vn 0.032465 -0.315872 -0.948246
vn 0.109802 -0.381286 -0.917913
vn 0.241954 -0.581424 -0.776791
vn 0.419314 -0.907841 -0.000000
vn 0.152167 -0.988355 0.000000
vn 0.125710 -0.906261 0.403593
vn 0.074658 -0.777751 0.624123
vn 0.024210 -0.706664 0.707135
vn -0.024210 -0.706664 0.707135
vn -0.074658 -0.777751 0.624123
vn -0.125710 -0.906261 0.403593
vn -0.152167 -0.988355 0.000000
vn -0.125710 -0.906261 -0.403593
vn -0.074658 -0.777751 -0.624123
vn -0.024210 -0.706664 -0.707135
vn 0.024210 -0.706664 -0.707135
vn 0.074658 -0.777751 -0.624123
vn 0.125710 -0.906261 -0.403593
vn 0.152167 -0.988355 -0.000000
vn 0.000000 -1.000000 0.000000
vn 0.000000 -1.000000 0.000000
vn 0.000000 -1.000000 0.000000
vn 0.000000 -1.000000 0.000000
vn -0.000000 -1.000000 0.000000
vn -0.000000 -1.000000 0.000000
vn -0.000000 -1.000000 0.000000
vn -0.000000 -1.000000 0.000000
vn -0.000000 -1.000000 -0.000000
vn -0.000000 -1.000000 -0.000000
vn -0.000000 -1.000000 -0.000000
vn 0.000000 -1.000000 -0.000000
vn 0.000000 -1.000000 -0.000000
vn 0.000000 -1.000000 -0.000000
vn 0.000000 -1.000000 -0.000000
vn 0.000000 1.000000 0.000000
vn 0.000000 1.000000 0.000000
vn 0.000000 1.000000 0.000000
vn 0.000000 1.000000 0.000000
vn -0.000000 1.000000 0.000000
vn -0.000000 1.000000 0.000000
vn -0.000000 1.000000 0.000000
vn -0.000000 1.000000 0.000000
vn -0.000000 1.000000 -0.000000
vn -0.000000 1.000000 -0.000000
vn -0.000000 1.000000 -0.000000
vn 0.000000 1.000000 -0.000000
vn 0.000000 1.000000 -0.000000
vn 0.000000 1.000000 -0.000000
vn 0.000000 1.000000 -0.000000
vn 0.152167 0.988355 0.000000
vn 0.125710 0.906261 0.403593
vn 0.074658 0.777751 0.624123
vn 0.024210 0.706664 0.707135
vn -0.024210 0.706664 0.707135
vn -0.074658 0.777751 0.624123
vn -0.125710 0.906261 0.403593
vn -0.152167 0.988355 0.000000
vn -0.125710 0.906261 -0.403593
vn -0.074658 0.777751 -0.624123
vn -0.024210 0.706664 -0.707135
vn 0.024210 0.706664 -0.707135
vn 0.074658 0.777751 -0.624123
vn 0.125710 0.906261 -0.403593
vn 0.152167 0.988355 -0.000000
vn 0.419314 0.907841 0.000000
vn 0.241954 0.581424 0.776791
vn 0.109802 0.381286 0.917913
vn 0.032465 0.315872 0.948246
vn -0.032465 0.315872 0.948246
vn -0.109802 0.381286 0.917913
vn -0.241954 0.581424 0.776791
vn -0.419314 0.907841 0.000000
vn -0.241954 0.581424 -0.776791
vn -0.109802 0.381286 -0.917913
vn -0.032465 0.315872 -0.948246
vn 0.032465 0.315872 -0.948246
vn 0.109802 0.381286 -0.917913
vn 0.241954 0.581424 -0.776791
vn 0.419314 0.907841 -0.000000
vn 1.000000 0.000000 0.000000
vn 0.297386 0.000000 0.954757
vn 0.118774 0.000000 0.992921
vn 0.034216 0.000000 0.999414
vn -0.034216 0.000000 0.999414
vn -0.118774 0.000000 0.992921
vn -0.297386 0.000000 0.954757
vn -1.000000 0.000000 0.000000
vn -0.297386 0.000000 -0.954757
vn -0.118774 0.000000 -0.992921
vn -0.034216 0.000000 -0.999414
vn 0.034216 0.000000 -0.999414
vn 0.118774 0.000000 -0.992921
vn 0.297386 0.000000 -0.954757
vn 1.000000 0.000000 -0.000000
vn 0.419314 -0.907841 0.000000
vn 0.241954 -0.581424 0.776791
vn 0.109802 -0.381286 0.917913
vn 0.032465 -0.315872 0.948246
vn -0.032465 -0.315872 0.948246
vn -0.109802 -0.381286 0.917913
vn -0.241954 -0.581424 0.776791
vn -0.419314 -0.907841 0.000000
vn -0.241954 -0.581424 -0.776791
vn -0.109802 -0.381286 -0.917913
vn -0.032465 -0.315872 -0.948246
vn 0.032465 -0.315872 -0.948246
vn 0.109802 -0.381286 -0.917913
vn 0.241954 -0.581424 -0.776791
vn 0.419314 -0.907841 -0.000000
vn 0.152167 -0.988355 0.000000
vn 0.125710 -0.906261 0.403593
vn 0.074658 -0.777751 0.624123
vn 0.024210 -0.706664 0.707135
vn -0.024210 -0.706664 0.707135
vn -0.074658 -0.777751 0.624123
vn -0.125710 -0.906261 0.403593
vn -0.152167 -0.988355 0.000000
vn -0.125710 -0.906261 -0.403593
vn -0.074658 -0.777751 -0.624123
vn -0.024210 -0.706664 -0.707135
vn 0.024210 -0.706664 -0.707135
vn 0.074658 -0.777751 -0.624123
vn 0.125710 -0.906261 -0.403593
vn 0.152167 -0.988355 -0.000000
vn 0.000000 -1.000000 0.000000
vn 0.000000 -1.000000 0.000000
vn 0.000000 -1.000000 0.000000
vn 0.000000 -1.000000 0.000000
vn -0.000000 -1.000000 0.000000
vn -0.000000 -1.000000 0.000000
vn -0.000000 -1.000000 0.000000
vn -0.000000 -1.000000 0.000000
vn -0.000000 -1.000000 -0.000000
vn -0.000000 -1.000000 -0.000000
vn -0.000000 -1.000000 -0.000000
vn 0.000000 -1.000000 -0.000000
vn 0.000000 -1.000000 -0.000000
vn 0.000000 -1.000000 -0.000000
vn 0.000000 -1.000000 -0.000000
s 1
usemtl Body
f 1/1/1 58/58/58 59/59/59
f 1/1/1 59/59/59 2/2/2
f 2/2/2 59/59/59 60/60/60
f 2/2/2 60/60/60 3/3/3
f 3/3/3 60/60/60 61/61/61
f 3/3/3 61/61/61 4/4/4
f 4/4/4 61/61/61 62/62/62
f 4/4/4 62/62/62 5/5/5
f 5/5/5 62/62/62 63/63/63
f 5/5/5 63/63/63 6/6/6
f 6/6/6 63/63/63 64/64/64
f 6/6/6 64/64/64 7/7/7
f 7/7/7 64/64/64 65/65/65
f 7/7/7 65/65/65 8/8/8
f 8/8/8 65/65/65 66/66/66
f 8/8/8 66/66/66 9/9/9
f 9/9/9 66/66/66 67/67/67
f 9/9/9 67/67/67 10/10/10
f 10/10/10 67/67/67 68/68/68
f 10/10/10 68/68/68 11/11/11
f 11/11/11 68/68/68 69/69/69
f 11/11/11 69/69/69 12/12/12
f 12/12/12 69/69/69 70/70/70
f 12/12/12 70/70/70 13/13/13
f 13/13/13 70/70/70 71/71/71
f 13/13/13 71/71/71 14/14/14
f 14/14/14 71/71/71 72/72/72
f 14/14/14 72/72/72 15/15/15
f 15/15/15 72/72/72 73/73/73
f 15/15/15 73/73/73 16/16/16
f 16/16/16 73/73/73 74/74/74
f 16/16/16 74/74/74 17/17/17
f 17/17/17 74/74/74 75/75/75
f 17/17/17 75/75/75 18/18/18
f 18/18/18 75/75/75 76/76/76
f 18/18/18 76/76/76 19/19/19
f 19/19/19 76/76/76 77/77/77
f 19/19/19 77/77/77 20/20/20
f 20/20/20 77/77/77 78/78/78
f 20/20/20 78/78/78 21/21/21
f 21/21/21 78/78/78 79/79/79
f 21/21/21 79/79/79 22/22/22
f 22/22/22 79/79/79 80/80/80
f 22/22/22 80/80/80 23/23/23
f 23/23/23 80/80/80 81/81/81
f 23/23/23 81/81/81 24/24/24
f 24/24/24 81/81/81 82/82/82
f 24/24/24 82/82/82 25/25/25
f 25/25/25 82/82/82 83/83/83
f 25/25/25 83/83/83 26/26/26
f 26/26/26 83/83/83 84/84/84
f 26/26/26 84/84/84 27/27/27
f 27/27/27 84/84/84 85/85/85
f 27/27/27 85/85/85 28/28/28
f 28/28/28 85/85/85 86/86/86
f 28/28/28 86/86/86 29/29/29
f 29/29/29 86/86/86 87/87/87
f 29/29/29 87/87/87 30/30/30
f 30/30/30 87/87/87 88/88/88
f 30/30/30 88/88/88 31/31/31
f 31/31/31 88/88/88 89/89/89
f 31/31/31 89/89/89 32/32/32
f 32/32/32 89/89/89 90/90/90
f 32/32/32 90/90/90 33/33/33
f 33/33/33 90/90/90 91/91/91
f 33/33/33 91/91/91 34/34/34
f 34/34/34 91/91/91 92/92/92
f 34/34/34 92/92/92 35/35/35
f 35/35/35 92/92/92 93/93/93
f 35/35/35 93/93/93 36/36/36
f 36/36/36 93/93/93 94/94/94
f 36/36/36 94/94/94 37/37/37
f 37/37/37 94/94/94 95/95/95
f 37/37/37 95/95/95 38/38/38
f 38/38/38 95/95/95 96/96/96
f 38/38/38 96/96/96 39/39/39
f 39/39/39 96/96/96 97/97/97
f 39/39/39 97/97/97 40/40/40
f 40/40/40 97/97/97 98/98/98
f 40/40/40 98/98/98 41/41/41
f 41/41/41 98/98/98 99/99/99
f 41/41/41 99/99/99 42/42/42
f 42/42/42 99/99/99 100/100/100
f 42/42/42 100/100/100 43/43/43
f 43/43/43 100/100/100 101/101/101
f 43/43/43 101/101/101 44/44/44
f 44/44/44 101/101/101 102/102/102
f 44/44/44 102/102/102 45/45/45
f 45/45/45 102/102/102 103/103/103
f 45/45/45 103/103/103 46/46/46
f 46/46/46 103/103/103 104/104/104
f 46/46/46 104/104/104 47/47/47
f 47/47/47 104/104/104 105/105/105
f 47/47/47 105/105/105 48/48/48
f 48/48/48 105/105/105 106/106/106
f 48/48/48 106/106/106 49/49/49
f 49/49/49 106/106/106 107/107/107
f 49/49/49 107/107/107 50/50/50
f 50/50/50 107/107/107 108/108/108
f 50/50/50 108/108/108 51/51/51
f 51/51/51 108/108/108 109/109/109
f 51/51/51 109/109/109 52/52/52
f 52/52/52 109/109/109 110/110/110
f 52/52/52 110/110/110 53/53/53
f 53/53/53 110/110/110 111/111/111
f 53/53/53 111/111/111 54/54/54
f 54/54/54 111/111/111 112/112/112
f 54/54/54 112/112/112 55/55/55
f 55/55/55 112/112/112 113/113/113
f 55/55/55 113/113/113 56/56/56
f 56/56/56 113/113/113 114/114/114
f 56/56/56 114/114/114 57/57/57
f 58/58/58 115/115/115 116/116/116
f 58/58/58 116/116/116 59/59/59
f 59/59/59 116/116/116 117/117/117
f 59/59/59 117/117/117 60/60/60
f 60/60/60 117/117/117 118/118/118
f 60/60/60 118/118/118 61/61/61
f 61/61/61 118/118/118 119/119/119
f 61/61/61 119/119/119 62/62/62
f 62/62/62 119/119/119 120/120/120
f 62/62/62 120/120/120 63/63/63
f 63/63/63 120/120/120 121/121/121
f 63/63/63 121/121/121 64/64/64
f 64/64/64 121/121/121 122/122/122
f 64/64/64 122/122/122 65/65/65
f 65/65/65 122/122/122 123/123/123
f 65/65/65 123/123/123 66/66/66
f 66/66/66 123/123/123 124/124/124
f 66/66/66 124/124/124 67/67/67
f 67/67/67 124/124/124 125/125/125
f 67/67/67 125/125/125 68/68/68
f 68/68/68 125/125/125 126/126/126
f 68/68/68 126/126/126 69/69/69
f 69/69/69 126/126/126 127/127/127
f 69/69/69 127/127/127 70/70/70
f 70/70/70 127/127/127 128/128/128
f 70/70/70 128/128/128 71/71/71
f 71/71/71 128/128/128 129/129/129
f 71/71/71 129/129/129 72/72/72
f 72/72/72 129/129/129 130/130/130
f 72/72/72 130/130/130 73/73/73
f 73/73/73 130/130/130 131/131/131
f 73/73/73 131/131/131 74/74/74
f 74/74/74 131/131/131 132/132/132
f 74/74/74 132/132/132 75/75/75
f 75/75/75 132/132/132 133/133/133
f 75/75/75 133/133/133 76/76/76
f 76/76/76 133/133/133 134/134/134
f 76/76/76 134/134/134 77/77/77
f 77/77/77 134/134/134 135/135/135
f 77/77/77 135/135/135 78/78/78
f 78/78/78 135/135/135 136/136/136
f 78/78/78 136/136/136 79/79/79
f 79/79/79 136/136/136 137/137/137
f 79/79/79 137/137/137 80/80/80
f 80/80/80 137/137/137 138/138/138
f 80/80/80 138/138/138 81/81/81
f 81/81/81 138/138/138 139/139/139
f 81/81/81 139/139/139 82/82/82
f 82/82/82 139/139/139 140/140/140
f 82/82/82 140/140/140 83/83/83
f 83/83/83 140/140/140 141/141/141
f 83/83/83 141/141/141 84/84/84
f 84/84/84 141/141/141 142/142/142
f 84/84/84 142/142/142 85/85/85
f 85/85/85 142/142/142 143/143/143
f 85/85/85 143/143/143 86/86/86
f 86/86/86 143/143/143 144/144/144
f 86/86/86 144/144/144 87/87/87
f 87/87/87 144/144/144 145/145/145
f 87/87/87 145/145/145 88/88/88
f 88/88/88 145/145/145 146/146/146
f 88/88/88 146/146/146 89/89/89
f 89/89/89 146/146/146 147/147/147
f 89/89/89 147/147/147 90/90/90
f 90/90/90 147/147/147 148/148/148
f 90/90/90 148/148/148 91/91/91
f 91/91/91 148/148/148 149/149/149
f 91/91/91 149/149/149 92/92/92
f 92/92/92 149/149/149 150/150/150
f 92/92/92 150/150/150 93/93/93
f 93/93/93 150/150/150 151/151/151
f 93/93/93 151/151/151 94/94/94
f 94/94/94 151/151/151 152/152/152
f 94/94/94 152/152/152 95/95/95
f 95/95/95 152/152/152 153/153/153
f 95/95/95 153/153/153 96/96/96
f 96/96/96 153/153/153 154/154/154
f 96/96/96 154/154/154 97/97/97
f 97/97/97 154/154/154 155/155/155
f 97/97/97 155/155/155 98/98/98
f 98/98/98 155/155/155 156/156/156
f 98/98/98 156/156/156 99/99/99
f 99/99/99 156/156/156 157/157/157
f 99/99/99 157/157/157 100/100/100
f 100/100/100 157/157/157 158/158/158
f 100/100/100 158/158/158 101/101/101
f 101/101/101 158/158/158 159/159/159
f 101/101/101 159/159/159 102/102/102
f 102/102/102 159/159/159 160/160/160
f 102/102/102 160/160/160 103/103/103
f 103/103/103 160/160/160 161/161/161
f 103/103/103 161/161/161 104/104/104
f 104/104/104 161/161/161 162/162/162
f 104/104/104 162/162/162 105/105/105
f 105/105/105 162/162/162 163/163/163
f 105/105/105 163/163/163 106/106/106
f 106/106/106 163/163/163 164/164/164
f 106/106/106 164/164/164 107/107/107
f 107/107/107 164/164/164 165/165/165
f 107/107/107 165/165/165 108/108/108
f 108/108/108 165/165/165 166/166/166
f 108/108/108 166/166/166 109/109/109
f 109/109/109 166/166/166 167/167/167
f 109/109/109 167/167/167 110/110/110
f 110/110/110 167/167/167 168/168/168
f 110/110/110 168/168/168 111/111/111
f 111/111/111 168/168/168 169/169/169
f 111/111/111 169/169/169 112/112/112
f 112/112/112 169/169/169 170/170/170
f 112/112/112 170/170/170 113/113/113
f 113/113/113 170/170/170 171/171/171
f 113/113/113 171/171/171 114/114/114
f 115/115/115 172/172/172 173/173/173
f 115/115/115 173/173/173 116/116/116
f 116/116/116 173/173/173 174/174/174
f 116/116/116 174/174/174 117/117/117
f 117/117/117 174/174/174 175/175/175
f 117/117/117 175/175/175 118/118/118
f 118/118/118 175/175/175 176/176/176
f 118/118/118 176/176/176 119/119/119
f 119/119/119 176/176/176 177/177/177
f 119/119/119 177/177/177 120/120/120
f 120/120/120 177/177/177 178/178/178
f 120/120/120 178/178/178 121/121/121
f 121/121/121 178/178/178 179/179/179
f 121/121/121 179/179/179 122/122/122
f 122/122/122 179/179/179 180/180/180
f 122/122/122 180/180/180 123/123/123
f 123/123/123 180/180/180 181/181/181
f 123/123/123 181/181/181 124/124/124
f 124/124/124 181/181/181 182/182/182
f 124/124/124 182/182/182 125/125/125
f 125/125/125 182/182/182 183/183/183
f 125/125/125 183/183/183 126/126/126
f 126/126/126 183/183/183 184/184/184
f 126/126/126 184/184/184 127/127/127
f 127/127/127 184/184/184 185/185/185
f 127/127/127 185/185/185 128/128/128
f 128/128/128 185/185/185 186/186/186
f 128/128/128 186/186/186 129/129/129
f 129/129/129 186/186/186 187/187/187
f 129/129/129 187/187/187 130/130/130
f 130/130/130 187/187/187 188/188/188
f 130/130/130 188/188/188 131/131/131
f 131/131/131 188/188/188 189/189/189
f 131/131/131 189/189/189 132/132/132
f 132/132/132 189/189/189 190/190/190
f 132/132/132 190/190/190 133/133/133
f 133/133/133 190/190/190 191/191/191
f 133/133/133 191/191/191 134/134/134
f 134/134/134 191/191/191 192/192/192
f 134/134/134 192/192/192 135/135/135
f 135/135/135 192/192/192 193/193/193
f 135/135/135 193/193/193 136/136/136
f 136/136/136 193/193/193 194/194/194
f 136/136/136 194/194/194 137/137/137
f 137/137/137 194/194/194 195/195/195
f 137/137/137 195/195/195 138/138/138
f 138/138/138 195/195/195 196/196/196
f 138/138/138 196/196/196 139/139/139
f 139/139/139 196/196/196 197/197/197
f 139/139/139 197/197/197 140/140/140
f 140/140/140 197/197/197 198/198/198
f 140/140/140 198/198/198 141/141/141
f 141/141/141 198/198/198 199/199/199
f 141/141/141 199/199/199 142/142/142
f 142/142/142 199/199/199 200/200/200
f 142/142/142 200/200/200 143/143/143
f 143/143/143 200/200/200 201/201/201
f 143/143/143 201/201/201 144/144/144
f 144/144/144 201/201/201 202/202/202
f 144/144/144 202/202/202 145/145/145
f 145/145/145 202/202/202 203/203/203
f 145/145/145 203/203/203 146/146/146
f 146/146/146 203/203/203 204/204/204
f 146/146/146 204/204/204 147/147/147
f 147/147/147 204/204/204 205/205/205
f 147/147/147 205/205/205 148/148/148
f 148/148/148 205/205/205 206/206/206
f 148/148/148 206/206/206 149/149/149
f 149/149/149 206/206/206 207/207/207
f 149/149/149 207/207/207 150/150/150
f 150/150/150 207/207/207 208/208/208
f 150/150/150 208/208/208 151/151/151
f 151/151/151 208/208/208 209/209/209
f 151/151/151 209/209/209 152/152/152
f 152/152/152 209/209/209 210/210/210
f 152/152/152 210/210/210 153/153/153
f 153/153/153 210/210/210 211/211/211
f 153/153/153 211/211/211 154/154/154
f 154/154/154 211/211/211 212/212/212
f 154/154/154 212/212/212 155/155/155
f 155/155/155 212/212/212 213/213/213
f 155/155/155 213/213/213 156/156/156
f 156/156/156 213/213/213 214/214/214
f 156/156/156 214/214/214 157/157/157
f 157/157/157 214/214/214 215/215/215
f 157/157/157 215/215/215 158/158/158
f 158/158/158 215/215/215 216/216/216
f 158/158/158 216/216/216 159/159/159
f 159/159/159 216/216/216 217/217/217
f 159/159/159 217/217/217 160/160/160
f 160/160/160 217/217/217 218/218/218
f 160/160/160 218/218/218 161/161/161
f 161/161/161 218/218/218 219/219/219
f 161/161/161 219/219/219 162/162/162
f 162/162/162 219/219/219 220/220/220
f 162/162/162 220/220/220 163/163/163
f 163/163/163 220/220/220 221/221/221
f 163/163/163 221/221/221 164/164/164
f 164/164/164 221/221/221 222/222/222
f 164/164/164 222/222/222 165/165/165
f 165/165/165 222/222/222 223/223/223
f 165/165/165 223/223/223 166/166/166
f 166/166/166 223/223/223 224/224/224
f 166/166/166 224/224/224 167/167/167
f 167/167/167 224/224/224 225/225/225
f 167/167/167 225/225/225 168/168/168
f 168/168/168 225/225/225 226/226/226
f 168/168/168 226/226/226 169/169/169
f 169/169/169 226/226/226 227/227/227
f 169/169/169 227/227/227 170/170/170
f 170/170/170 227/227/227 228/228/228
f 170/170/170 228/228/228 171/171/171
f 172/172/172 229/229/229 230/230/230
f 172/172/172 230/230/230 173/173/173
f 173/173/173 230/230/230 231/231/231
f 173/173/173 231/231/231 174/174/174
f 174/174/174 231/231/231 232/232/232
f 174/174/174 232/232/232 175/175/175
f 175/175/175 232/232/232 233/233/233
f 175/175/175 233/233/233 176/176/176
f 176/176/176 233/233/233 234/234/234
f 176/176/176 234/234/234 177/177/177
f 177/177/177 234/234/234 235/235/235
f 177/177/177 235/235/235 178/178/178
f 178/178/178 235/235/235 236/236/236
f 178/178/178 236/236/236 179/179/179
f 179/179/179 236/236/236 237/237/237
f 179/179/179 237/237/237 180/180/180
f 180/180/180 237/237/237 238/238/238
f 180/180/180 238/238/238 181/181/181
f 181/181/181 238/238/238 239/239/239
f 181/181/181 239/239/239 182/182/182
f 182/182/182 239/239/239 240/240/240
f 182/182/182 240/240/240 183/183/183
f 183/183/183 240/240/240 241/241/241
f 183/183/183 241/241/241 184/184/184
f 184/184/184 241/241/241 242/242/242
f 184/184/184 242/242/242 185/185/185
f 185/185/185 242/242/242 243/243/243
f 185/185/185 243/243/243 186/186/186
f 186/186/186 243/243/243 244/244/244
f 186/186/186 244/244/244 187/187/187
f 187/187/187 244/244/244 245/245/245
f 187/187/187 245/245/245 188/188/188
f 188/188/188 245/245/245 246/246/246
f 188/188/188 246/246/246 189/189/189
f 189/189/189 246/246/246 247/247/247
f 189/189/189 247/247/247 190/190/190
f 190/190/190 247/247/247 248/248/248
f 190/190/190 248/248/248 191/191/191
f 191/191/191 248/248/248 249/249/249
f 191/191/191 249/249/249 192/192/192
f 192/192/192 249/249/249 250/250/250
f 192/192/192 250/250/250 193/193/193
f 193/193/193 250/250/250 251/251/251
f 193/193/193 251/251/251 194/194/194
f 194/194/194 251/251/251 252/252/252
f 194/194/194 252/252/252 195/195/195
f 195/195/195 252/252/252 253/253/253
f 195/195/195 253/253/253 196/196/196
f 196/196/196 253/253/253 254/254/254
f 196/196/196 254/254/254 197/197/197
f 197/197/197 254/254/254 255/255/255
f 197/197/197 255/255/255 198/198/198
f 198/198/198 255/255/255 256/256/256
f 198/198/198 256/256/256 199/199/199
f 199/199/199 256/256/256 257/257/257
f 199/199/199 257/257/257 200/200/200
f 200/200/200 257/257/257 258/258/258
f 200/200/200 258/258/258 201/201/201
f 201/201/201 258/258/258 259/259/259
f 201/201/201 259/259/259 202/202/202
f 202/202/202 259/259/259 260/260/260
f 202/202/202 260/260/260 203/203/203
f 203/203/203 260/260/260 261/261/261
f 203/203/203 261/261/261 204/204/204
f 204/204/204 261/261/261 262/262/262
f 204/204/204 262/262/262 205/205/205
f 205/205/205 262/262/262 263/263/263
f 205/205/205 263/263/263 206/206/206
f 206/206/206 263/263/263 264/264/264
f 206/206/206 264/264/264 207/207/207
f 207/207/207 264/264/264 265/265/265
f 207/207/207 265/265/265 208/208/208
f 208/208/208 265/265/265 266/266/266
f 208/208/208 266/266/266 209/209/209
f 209/209/209 266/266/266 267/267/267
f 209/209/209 267/267/267 210/210/210
f 210/210/210 267/267/267 268/268/268
f 210/210/210 268/268/268 211/211/211
f 211/211/211 268/268/268 269/269/269
f 211/211/211 269/269/269 212/212/212
f 212/212/212 269/269/269 270/270/270
f 212/212/212 270/270/270 213/213/213
f 213/213/213 270/270/270 271/271/271
f 213/213/213 271/271/271 214/214/214
f 214/214/214 271/271/271 272/272/272
f 214/214/214 272/272/272 215/215/215
f 215/215/215 272/272/272 273/273/273
f 215/215/215 273/273/273 216/216/216
f 216/216/216 273/273/273 274/274/274
f 216/216/216 274/274/274 217/217/217
f 217/217/217 274/274/274 275/275/275
f 217/217/217 275/275/275 218/218/218
f 218/218/218 275/275/275 276/276/276
f 218/218/218 276/276/276 219/219/219
f 219/219/219 276/276/276 277/277/277
f 219/219/219 277/277/277 220/220/220
f 220/220/220 277/277/277 278/278/278
f 220/220/220 278/278/278 221/221/221
f 221/221/221 278/278/278 279/279/279
f 221/221/221 279/279/279 222/222/222
f 222/222/222 279/279/279 280/280/280
f 222/222/222 280/280/280 223/223/223
f 223/223/223 280/280/280 281/281/281
f 223/223/223 281/281/281 224/224/224
f 224/224/224 281/281/281 282/282/282
f 224/224/224 282/282/282 225/225/225
f 225/225/225 282/282/282 283/283/283
f 225/225/225 283/283/283 226/226/226
f 226/226/226 283/283/283 284/284/284
f 226/226/226 284/284/284 227/227/227
f 227/227/227 284/284/284 285/285/285
f 227/227/227 285/285/285 228/228/228
f 229/229/229 286/286/286 287/287/287
f 229/229/229 287/287/287 230/230/230
f 230/230/230 287/287/287 288/288/288
f 230/230/230 288/288/288 231/231/231
f 231/231/231 288/288/288 289/289/289
f 231/231/231 289/289/289 232/232/232
f 232/232/232 289/289/289 290/290/290
f 232/232/232 290/290/290 233/233/233
f 233/233/233 290/290/290 291/291/291
f 233/233/233 291/291/291 234/234/234
f 234/234/234 291/291/291 292/292/292
f 234/234/234 292/292/292 235/235/235
f 235/235/235 292/292/292 293/293/293
f 235/235/235 293/293/293 236/236/236
f 236/236/236 293/293/293 294/294/294
f 236/236/236 294/294/294 237/237/237
f 237/237/237 294/294/294 295/295/295
f 237/237/237 295/295/295 238/238/238
f 238/238/238 295/295/295 296/296/296
f 238/238/238 296/296/296 239/239/239
f 239/239/239 296/296/296 297/297/297
f 239/239/239 297/297/297 240/240/240
f 240/240/240 297/297/297 298/298/298
f 240/240/240 298/298/298 241/241/241
f 241/241/241 298/298/298 299/299/299
f 241/241/241 299/299/299 242/242/242
f 242/242/242 299/299/299 300/300/300
f 242/242/242 300/300/300 243/243/243
f 243/243/243 300/300/300 301/301/301
f 243/243/243 301/301/301 244/244/244
f 244/244/244 301/301/301 302/302/302
f 244/244/244 302/302/302 245/245/245
f 245/245/245 302/302/302 303/303/303
f 245/245/245 303/303/303 246/246/246
f 246/246/246 303/303/303 304/304/304
f 246/246/246 304/304/304 247/247/247
f 247/247/247 304/304/304 305/305/305
f 247/247/247 305/305/305 248/248/248
f 248/248/248 305/305/305 306/306/306
f 248/248/248 306/306/306 249/249/249
f 249/249/249 306/306/306 307/307/307
f 249/249/249 307/307/307 250/250/250
f 250/250/250 307/307/307 308/308/308
f 250/250/250 308/308/308 251/251/251
f 251/251/251 308/308/308 309/309/309
f 251/251/251 309/309/309 252/252/252
f 252/252/252 309/309/309 310/310/310
f 252/252/252 310/310/310 253/253/253
f 253/253/253 310/310/310 311/311/311
f 253/253/253 311/311/311 254/254/254
f 254/254/254 311/311/311 312/312/312
f 254/254/254 312/312/312 255/255/255
f 255/255/255 312/312/312 313/313/313
f 255/255/255 313/313/313 256/256/256
f 256/256/256 313/313/313 314/314/314
f 256/256/256 314/314/314 257/257/257
f 257/257/257 314/314/314 315/315/315
f 257/257/257 315/315/315 258/258/258
f 258/258/258 315/315/315 316/316/316
f 258/258/258 316/316/316 259/259/259
f 259/259/259 316/316/316 317/317/317
f 259/259/259 317/317/317 260/260/260
f 260/260/260 317/317/317 318/318/318
f 260/260/260 318/318/318 261/261/261
f 261/261/261 318/318/318 319/319/319
f 261/261/261 319/319/319 262/262/262
f 262/262/262 319/319/319 320/320/320
f 262/262/262 320/320/320 263/263/263
f 263/263/263 320/320/320 321/321/321
f 263/263/263 321/321/321 264/264/264
f 264/264/264 321/321/321 322/322/322
f 264/264/264 322/322/322 265/265/265
f 265/265/265 322/322/322 323/323/323
f 265/265/265 323/323/323 266/266/266
f 266/266/266 323/323/323 324/324/324
f 266/266/266 324/324/324 267/267/267
f 267/267/267 324/324/324 325/325/325
f 267/267/267 325/325/325 268/268/268
f 268/268/268 325/325/325 326/326/326
f 268/268/268 326/326/326 269/269/269
f 269/269/269 326/326/326 327/327/327
f 269/269/269 327/327/327 270/270/270
f 270/270/270 327/327/327 328/328/328
f 270/270/270 328/328/328 271/271/271
f 271/271/271 328/328/328 329/329/329
f 271/271/271 329/329/329 272/272/272
f 272/272/272 329/329/329 330/330/330
f 272/272/272 330/330/330 273/273/273
f 273/273/273 330/330/330 331/331/331
f 273/273/273 331/331/331 274/274/274
f 274/274/274 331/331/331 332/332/332
f 274/274/274 332/332/332 275/275/275
f 275/275/275 332/332/332 333/333/333
f 275/275/275 333/333/333 276/276/276
f 276/276/276 333/333/333 334/334/334
f 276/276/276 334/334/334 277/277/277
f 277/277/277 334/334/334 335/335/335
f 277/277/277 335/335/335 278/278/278
f 278/278/278 335/335/335 336/336/336
f 278/278/278 336/336/336 279/279/279
f 279/279/279 336/336/336 337/337/337
f 279/279/279 337/337/337 280/280/280
f 280/280/280 337/337/337 338/338/338
f 280/280/280 338/338/338 281/281/281
f 281/281/281 338/338/338 339/339/339
f 281/281/281 339/339/339 282/282/282
f 282/282/282 339/339/339 340/340/340
f 282/282/282 340/340/340 283/283/283
f 283/283/283 340/340/340 341/341/341
f 283/283/283 341/341/341 284/284/284
f 284/284/284 341/341/341 342/342/342
f 284/284/284 342/342/342 285/285/285
f 286/286/286 343/343/343 344/344/344
f 286/286/286 344/344/344 287/287/287
f 287/287/287 344/344/344 345/345/345
f 287/287/287 345/345/345 288/288/288
f 288/288/288 345/345/345 346/346/346
f 288/288/288 346/346/346 289/289/289
f 289/289/289 346/346/346 347/347/347
f 289/289/289 347/347/347 290/290/290
f 290/290/290 347/347/347 348/348/348
f 290/290/290 348/348/348 291/291/291
f 291/291/291 348/348/348 349/349/349
f 291/291/291 349/349/349 292/292/292
f 292/292/292 349/349/349 350/350/350
f 292/292/292 350/350/350 293/293/293
f 293/293/293 350/350/350 351/351/351
f 293/293/293 351/351/351 294/294/294
f 294/294/294 351/351/351 352/352/352
f 294/294/294 352/352/352 295/295/295
f 295/295/295 352/352/352 353/353/353
f 295/295/295 353/353/353 296/296/296
f 296/296/296 353/353/353 354/354/354
f 296/296/296 354/354/354 297/297/297
f 297/297/297 354/354/354 355/355/355
f 297/297/297 355/355/355 298/298/298
f 298/298/298 355/355/355 356/356/356
f 298/298/298 356/356/356 299/299/299
f 299/299/299 356/356/356 357/357/357
f 299/299/299 357/357/357 300/300/300
f 300/300/300 357/357/357 358/358/358
f 300/300/300 358/358/358 301/301/301
f 301/301/301 358/358/358 359/359/359
f 301/301/301 359/359/359 302/302/302
f 302/302/302 359/359/359 360/360/360
f 302/302/302 360/360/360 303/303/303
f 303/303/303 360/360/360 361/361/361
f 303/303/303 361/361/361 304/304/304
f 304/304/304 361/361/361 362/362/362
f 304/304/304 362/362/362 305/305/305
f 305/305/305 362/362/362 363/363/363
f 305/305/305 363/363/363 306/306/306
f 306/306/306 363/363/363 364/364/364
f 306/306/306 364/364/364 307/307/307
f 307/307/307 364/364/364 365/365/365
f 307/307/307 365/365/365 308/308/308
f 308/308/308 365/365/365 366/366/366
f 308/308/308 366/366/366 309/309/309
f 309/309/309 366/366/366 367/367/367
f 309/309/309 367/367/367 310/310/310
f 310/310/310 367/367/367 368/368/368
f 310/310/310 368/368/368 311/311/311
f 311/311/311 368/368/368 369/369/369
f 311/311/311 369/369/369 312/312/312
f 312/312/312 369/369/369 370/370/370
f 312/312/312 370/370/370 313/313/313
f 313/313/313 370/370/370 371/371/371
f 313/313/313 371/371/371 314/314/314
f 314/314/314 371/371/371 372/372/372
f 314/314/314 372/372/372 315/315/315
f 315/315/315 372/372/372 373/373/373
f 315/315/315 373/373/373 316/316/316
f 316/316/316 373/373/373 374/374/374
f 316/316/316 374/374/374 317/317/317
f 317/317/317 374/374/374 375/375/375
f 317/317/317 375/375/375 318/318/318
f 318/318/318 375/375/375 376/376/376
f 318/318/318 376/376/376 319/319/319
f 319/319/319 376/376/376 377/377/377
f 319/319/319 377/377/377 320/320/320
f 320/320/320 377/377/377 378/378/378
f 320/320/320 378/378/378 321/321/321
f 321/321/321 378/378/378 379/379/379
f 321/321/321 379/379/379 322/322/322
f 322/322/322 379/379/379 380/380/380
f 322/322/322 380/380/380 323/323/323
f 323/323/323 380/380/380 381/381/381
f 323/323/323 381/381/381 324/324/324
f 324/324/324 381/381/381 382/382/382
f 324/324/324 382/382/382 325/325/325
f 325/325/325 382/382/382 383/383/383
f 325/325/325 383/383/383 326/326/326
f 326/326/326 383/383/383 384/384/384
f 326/326/326 384/384/384 327/327/327
f 327/327/327 384/384/384 385/385/385
f 327/327/327 385/385/385 328/328/328
f 328/328/328 385/385/385 386/386/386
f 328/328/328 386/386/386 329/329/329
f 329/329/329 386/386/386 387/387/387
f 329/329/329 387/387/387 330/330/330
f 330/330/330 387/387/387 388/388/388
f 330/330/330 388/388/388 331/331/331
f 331/331/331 388/388/388 389/389/389
f 331/331/331 389/389/389 332/332/332
f 332/332/332 389/389/389 390/390/390
f 332/332/332 390/390/390 333/333/333
f 333/333/333 390/390/390 391/391/391
f 333/333/333 391/391/391 334/334/334
f 334/334/334 391/391/391 392/392/392
f 334/334/334 392/392/392 335/335/335
f 335/335/335 392/392/392 393/393/393
f 335/335/335 393/393/393 336/336/336
f 336/336/336 393/393/393 394/394/394
f 336/336/336 394/394/394 337/337/337
f 337/337/337 394/394/394 395/395/395
f 337/337/337 395/395/395 338/338/338
f 338/338/338 395/395/395 396/396/396
f 338/338/338 396/396/396 339/339/339
f 339/339/339 396/396/396 397/397/397
f 339/339/339 397/397/397 340/340/340
f 340/340/340 397/397/397 398/398/398
f 340/340/340 398/398/398 341/341/341
f 341/341/341 398/398/398 399/399/399
f 341/341/341 399/399/399 342/342/342
f 343/343/343 400/400/400 401/401/401
f 343/343/343 401/401/401 344/344/344
f 344/344/344 401/401/401 402/402/402
f 344/344/344 402/402/402 345/345/345
f 345/345/345 402/402/402 403/403/403
f 345/345/345 403/403/403 346/346/346
f 346/346/346 403/403/403 404/404/404
f 346/346/346 404/404/404 347/347/347
f 347/347/347 404/404/404 405/405/405
f 347/347/347 405/405/405 348/348/348
f 348/348/348 405/405/405 406/406/406
f 348/348/348 406/406/406 349/349/349
f 349/349/349 406/406/406 407/407/407
f 349/349/349 407/407/407 350/350/350
f 350/350/350 407/407/407 408/408/408
f 350/350/350 408/408/408 351/351/351
f 351/351/351 408/408/408 409/409/409
f 351/351/351 409/409/409 352/352/352
f 352/352/352 409/409/409 410/410/410
f 352/352/352 410/410/410 353/353/353
f 353/353/353 410/410/410 411/411/411
f 353/353/353 411/411/411 354/354/354
f 354/354/354 411/411/411 412/412/412
f 354/354/354 412/412/412 355/355/355
f 355/355/355 412/412/412 413/413/413
f 355/355/355 413/413/413 356/356/356
f 356/356/356 413/413/413 414/414/414
f 356/356/356 414/414/414 357/357/357
f 357/357/357 414/414/414 415/415/415
f 357/357/357 415/415/415 358/358/358
f 358/358/358 415/415/415 416/416/416
f 358/358/358 416/416/416 359/359/359
f 359/359/359 416/416/416 417/417/417
f 359/359/359 417/417/417 360/360/360
f 360/360/360 417/417/417 418/418/418
f 360/360/360 418/418/418 361/361/361
f 361/361/361 418/418/418 419/419/419
f 361/361/361 419/419/419 362/362/362
f 362/362/362 419/419/419 420/420/420
f 362/362/362 420/420/420 363/363/363
f 363/363/363 420/420/420 421/421/421
f 363/363/363 421/421/421 364/364/364
f 364/364/364 421/421/421 422/422/422
f 364/364/364 422/422/422 365/365/365
f 365/365/365 422/422/422 423/423/423
f 365/365/365 423/423/423 366/366/366
f 366/366/366 423/423/423 424/424/424
f 366/366/366 424/424/424 367/367/367
f 367/367/367 424/424/424 425/425/425
f 367/367/367 425/425/425 368/368/368
f 368/368/368 425/425/425 426/426/426
f 368/368/368 426/426/426 369/369/369
f 369/369/369 426/426/426 427/427/427
f 369/369/369 427/427/427 370/370/370
f 370/370/370 427/427/427 428/428/428
f 370/370/370 428/428/428 371/371/371
f 371/371/371 428/428/428 429/429/429
f 371/371/371 429/429/429 372/372/372
f 372/372/372 429/429/429 430/430/430
f 372/372/372 430/430/430 373/373/373
f 373/373/373 430/430/430 431/431/431
f 373/373/373 431/431/431 374/374/374
f 374/374/374 431/431/431 432/432/432
f 374/374/374 432/432/432 375/375/375
f 375/375/375 432/432/432 433/433/433
f 375/375/375 433/433/433 376/376/376
f 376/376/376 433/433/433 434/434/434
f 376/376/376 434/434/434 377/377/377
f 377/377/377 434/434/434 435/435/435
f 377/377/377 435/435/435 378/378/378
f 378/378/378 435/435/435 436/436/436
f 378/378/378 436/436/436 379/379/379
f 379/379/379 436/436/436 437/437/437
f 379/379/379 437/437/437 380/380/380
f 380/380/380 437/437/437 438/438/438
f 380/380/380 438/438/438 381/381/381
f 381/381/381 438/438/438 439/439/439
f 381/381/381 439/439/439 382/382/382
f 382/382/382 439/439/439 440/440/440
f 382/382/382 440/440/440 383/383/383
f 383/383/383 440/440/440 441/441/441
f 383/383/383 441/441/441 384/384/384
f 384/384/384 441/441/441 442/442/442
f 384/384/384 442/442/442 385/385/385
f 385/385/385 442/442/442 443/443/443
f 385/385/385 443/443/443 386/386/386
f 386/386/386 443/443/443 444/444/444
f 386/386/386 444/444/444 387/387/387
f 387/387/387 444/444/444 445/445/445
f 387/387/387 445/445/445 388/388/388
f 388/388/388 445/445/445 446/446/446
f 388/388/388 446/446/446 389/389/389
f 389/389/389 446/446/446 447/447/447
f 389/389/389 447/447/447 390/390/390
f 390/390/390 447/447/447 448/448/448
f 390/390/390 448/448/448 391/391/391
f 391/391/391 448/448/448 449/449/449
f 391/391/391 449/449/449 392/392/392
f 392/392/392 449/449/449 450/450/450
f 392/392/392 450/450/450 393/393/393
f 393/393/393 450/450/450 451/451/451
f 393/393/393 451/451/451 394/394/394
f 394/394/394 451/451/451 452/452/452
f 394/394/394 452/452/452 395/395/395
f 395/395/395 452/452/452 453/453/453
f 395/395/395 453/453/453 396/396/396
f 396/396/396 453/453/453 454/454/454
f 396/396/396 454/454/454 397/397/397
f 397/397/397 454/454/454 455/455/455
f 397/397/397 455/455/455 398/398/398
f 398/398/398 455/455/455 456/456/456
f 398/398/398 456/456/456 399/399/399
f 400/400/400 457/457/457 458/458/458
f 400/400/400 458/458/458 401/401/401
f 401/401/401 458/458/458 459/459/459
f 401/401/401 459/459/459 402/402/402
f 402/402/402 459/459/459 460/460/460
f 402/402/402 460/460/460 403/403/403
f 403/403/403 460/460/460 461/461/461
f 403/403/403 461/461/461 404/404/404
f 404/404/404 461/461/461 462/462/462
f 404/404/404 462/462/462 405/405/405
f 405/405/405 462/462/462 463/463/463
f 405/405/405 463/463/463 406/406/406
f 406/406/406 463/463/463 464/464/464
f 406/406/406 464/464/464 407/407/407
f 407/407/407 464/464/464 465/465/465
f 407/407/407 465/465/465 408/408/408
f 408/408/408 465/465/465 466/466/466
f 408/408/408 466/466/466 409/409/409
f 409/409/409 466/466/466 467/467/467
f 409/409/409 467/467/467 410/410/410
f 410/410/410 467/467/467 468/468/468
f 410/410/410 468/468/468 411/411/411
f 411/411/411 468/468/468 469/469/469
f 411/411/411 469/469/469 412/412/412
f 412/412/412 469/469/469 470/470/470
f 412/412/412 470/470/470 413/413/413
f 413/413/413 470/470/470 471/471/471
f 413/413/413 471/471/471 414/414/414
f 414/414/414 471/471/471 472/472/472
f 414/414/414 472/472/472 415/415/415
f 415/415/415 472/472/472 473/473/473
f 415/415/415 473/473/473 416/416/416
f 416/416/416 473/473/473 474/474/474
f 416/416/416 474/474/474 417/417/417
f 417/417/417 474/474/474 475/475/475
f 417/417/417 475/475/475 418/418/418
f 418/418/418 475/475/475 476/476/476
f 418/418/418 476/476/476 419/419/419
f 419/419/419 476/476/476 477/477/477
f 419/419/419 477/477/477 420/420/420
f 420/420/420 477/477/477 478/478/478
f 420/420/420 478/478/478 421/421/421
f 421/421/421 478/478/478 479/479/479
f 421/421/421 479/479/479 422/422/422
f 422/422/422 479/479/479 480/480/480
f 422/422/422 480/480/480 423/423/423
f 423/423/423 480/480/480 481/481/481
f 423/423/423 481/481/481 424/424/424
f 424/424/424 481/481/481 482/482/482
f 424/424/424 482/482/482 425/425/425
f 425/425/425 482/482/482 483/483/483
f 425/425/425 483/483/483 426/426/426
f 426/426/426 483/483/483 484/484/484
f 426/426/426 484/484/484 427/427/427
f 427/427/427 484/484/484 485/485/485
f 427/427/427 485/485/485 428/428/428
f 428/428/428 485/485/485 486/486/486
f 428/428/428 486/486/486 429/429/429
f 429/429/429 486/486/486 487/487/487
f 429/429/429 487/487/487 430/430/430
f 430/430/430 487/487/487 488/488/488
f 430/430/430 488/488/488 431/431/431
f 431/431/431 488/488/488 489/489/489
f 431/431/431 489/489/489 432/432/432
f 432/432/432 489/489/489 490/490/490
f 432/432/432 490/490/490 433/433/433
f 433/433/433 490/490/490 491/491/491
f 433/433/433 491/491/491 434/434/434
f 434/434/434 491/491/491 492/492/492
f 434/434/434 492/492/492 435/435/435
f 435/435/435 492/492/492 493/493/493
f 435/435/435 493/493/493 436/436/436
f 436/436/436 493/493/493 494/494/494
f 436/436/436 494/494/494 437/437/437
f 437/437/437 494/494/494 495/495/495
f 437/437/437 495/495/495 438/438/438
f 438/438/438 495/495/495 496/496/496
f 438/438/438 496/496/496 439/439/439
f 439/439/439 496/496/496 497/497/497
f 439/439/439 497/497/497 440/440/440
f 440/440/440 497/497/497 498/498/498
f 440/440/440 498/498/498 441/441/441
f 441/441/441 498/498/498 499/499/499
f 441/441/441 499/499/499 442/442/442
f 442/442/442 499/499/499 500/500/500
f 442/442/442 500/500/500 443/443/443
f 443/443/443 500/500/500 501/501/501
f 443/443/443 501/501/501 444/444/444
f 444/444/444 501/501/501 502/502/502
f 444/444/444 502/502/502 445/445/445
f 445/445/445 502/502/502 503/503/503
f 445/445/445 503/503/503 446/446/446
f 446/446/446 503/503/503 504/504/504
f 446/446/446 504/504/504 447/447/447
f 447/447/447 504/504/504 505/505/505
f 447/447/447 505/505/505 448/448/448
f 448/448/448 505/505/505 506/506/506
f 448/448/448 506/506/506 449/449/449
f 449/449/449 506/506/506 507/507/507
f 449/449/449 507/507/507 450/450/450
f 450/450/450 507/507/507 508/508/508
f 450/450/450 508/508/508 451/451/451
f 451/451/451 508/508/508 509/509/509
f 451/451/451 509/509/509 452/452/452
f 452/452/452 509/509/509 510/510/510
f 452/452/452 510/510/510 453/453/453
f 453/453/453 510/510/510 511/511/511
f 453/453/453 511/511/511 454/454/454
f 454/454/454 511/511/511 512/512/512
f 454/454/454 512/512/512 455/455/455
f 455/455/455 512/512/512 513/513/513
f 455/455/455 513/513/513 456/456/456
f 457/457/457 514/514/514 515/515/515
f 457/457/457 515/515/515 458/458/458
f 458/458/458 515/515/515 516/516/516
f 458/458/458 516/516/516 459/459/459
f 459/459/459 516/516/516 517/517/517
f 459/459/459 517/517/517 460/460/460
f 460/460/460 517/517/517 518/518/518
f 460/460/460 518/518/518 461/461/461
f 461/461/461 518/518/518 519/519/519
f 461/461/461 519/519/519 462/462/462
f 462/462/462 519/519/519 520/520/520
f 462/462/462 520/520/520 463/463/463
f 463/463/463 520/520/520 521/521/521
f 463/463/463 521/521/521 464/464/464
f 464/464/464 521/521/521 522/522/522
f 464/464/464 522/522/522 465/465/465
f 465/465/465 522/522/522 523/523/523
f 465/465/465 523/523/523 466/466/466
f 466/466/466 523/523/523 524/524/524
f 466/466/466 524/524/524 467/467/467
f 467/467/467 524/524/524 525/525/525
f 467/467/467 525/525/525 468/468/468
f 468/468/468 525/525/525 526/526/526
f 468/468/468 526/526/526 469/469/469
f 469/469/469 526/526/526 527/527/527
f 469/469/469 527/527/527 470/470/470
f 470/470/470 527/527/527 528/528/528
f 470/470/470 528/528/528 471/471/471
f 471/471/471 528/528/528 529/529/529
f 471/471/471 529/529/529 472/472/472
f 472/472/472 529/529/529 530/530/530
f 472/472/472 530/530/530 473/473/473
f 473/473/473 530/530/530 531/531/531
f 473/473/473 531/531/531 474/474/474
f 474/474/474 531/531/531 532/532/532
f 474/474/474 532/532/532 475/475/475
f 475/475/475 532/532/532 533/533/533
f 475/475/475 533/533/533 476/476/476
f 476/476/476 533/533/533 534/534/534
f 476/476/476 534/534/534 477/477/477
f 477/477/477 534/534/534 535/535/535
f 477/477/477 535/535/535 478/478/478
f 478/478/478 535/535/535 536/536/536
f 478/478/478 536/536/536 479/479/479
f 479/479/479 536/536/536 537/537/537
f 479/479/479 537/537/537 480/480/480
f 480/480/480 537/537/537 538/538/538
f 480/480/480 538/538/538 481/481/481
f 481/481/481 538/538/538 539/539/539
f 481/481/481 539/539/539 482/482/482
f 482/482/482 539/539/539 540/540/540
f 482/482/482 540/540/540 483/483/483
f 483/483/483 540/540/540 541/541/541
f 483/483/483 541/541/541 484/484/484
f 484/484/484 541/541/541 542/542/542
f 484/484/484 542/542/542 485/485/485
f 485/485/485 542/542/542 543/543/543
f 485/485/485 543/543/543 486/486/486
f 486/486/486 543/543/543 544/544/544
f 486/486/486 544/544/544 487/487/487
f 487/487/487 544/544/544 545/545/545
f 487/487/487 545/545/545 488/488/488
f 488/488/488 545/545/545 546/546/546
f 488/488/488 546/546/546 489/489/489
f 489/489/489 546/546/546 547/547/547
f 489/489/489 547/547/547 490/490/490
f 490/490/490 547/547/547 548/548/548
f 490/490/490 548/548/548 491/491/491
f 491/491/491 548/548/548 549/549/549
f 491/491/491 549/549/549 492/492/492
f 492/492/492 549/549/549 550/550/550
f 492/492/492 550/550/550 493/493/493
f 493/493/493 550/550/550 551/551/551
f 493/493/493 551/551/551 494/494/494
f 494/494/494 551/551/551 552/552/552
f 494/494/494 552/552/552 495/495/495
f 495/495/495 552/552/552 553/553/553
f 495/495/495 553/553/553 496/496/496
f 496/496/496 553/553/553 554/554/554
f 496/496/496 554/554/554 497/497/497
f 497/497/497 554/554/554 555/555/555
f 497/497/497 555/555/555 498/498/498
f 498/498/498 555/555/555 556/556/556
f 498/498/498 556/556/556 499/499/499
f 499/499/499 556/556/556 557/557/557
f 499/499/499 557/557/557 500/500/500
f 500/500/500 557/557/557 558/558/558
f 500/500/500 558/558/558 501/501/501
f 501/501/501 558/558/558 559/559/559
f 501/501/501 559/559/559 502/502/502
f 502/502/502 559/559/559 560/560/560
f 502/502/502 560/560/560 503/503/503
f 503/503/503 560/560/560 561/561/561
f 503/503/503 561/561/561 504/504/504
f 504/504/504 561/561/561 562/562/562
f 504/504/504 562/562/562 505/505/505
f 505/505/505 562/562/562 563/563/563
f 505/505/505 563/563/563 506/506/506
f 506/506/506 563/563/563 564/564/564
f 506/506/506 564/564/564 507/507/507
f 507/507/507 564/564/564 565/565/565
f 507/507/507 565/565/565 508/508/508
f 508/508/508 565/565/565 566/566/566
f 508/508/508 566/566/566 509/509/509
f 509/509/509 566/566/566 567/567/567
f 509/509/509 567/567/567 510/510/510
f 510/510/510 567/567/567 568/568/568
f 510/510/510 568/568/568 511/511/511
f 511/511/511 568/568/568 569/569/569
f 511/511/511 569/569/569 512/512/512
f 512/512/512 569/569/569 570/570/570
f 512/512/512 570/570/570 513/513/513
f 514/514/514 571/571/571 572/572/572
f 514/514/514 572/572/572 515/515/515
f 515/515/515 572/572/572 573/573/573
f 515/515/515 573/573/573 516/516/516
f 516/516/516 573/573/573 574/574/574
f 516/516/516 574/574/574 517/517/517
f 517/517/517 574/574/574 575/575/575
f 517/517/517 575/575/575 518/518/518
f 518/518/518 575/575/575 576/576/576
f 518/518/518 576/576/576 519/519/519
f 519/519/519 576/576/576 577/577/577
f 519/519/519 577/577/577 520/520/520
f 520/520/520 577/577/577 578/578/578
f 520/520/520 578/578/578 521/521/521
f 521/521/521 578/578/578 579/579/579
f 521/521/521 579/579/579 522/522/522
f 522/522/522 579/579/579 580/580/580
f 522/522/522 580/580/580 523/523/523
f 523/523/523 580/580/580 581/581/581
f 523/523/523 581/581/581 524/524/524
f 524/524/524 581/581/581 582/582/582
f 524/524/524 582/582/582 525/525/525
f 525/525/525 582/582/582 583/583/583
f 525/525/525 583/583/583 526/526/526
f 526/526/526 583/583/583 584/584/584
f 526/526/526 584/584/584 527/527/527
f 527/527/527 584/584/584 585/585/585
f 527/527/527 585/585/585 528/528/528
f 528/528/528 585/585/585 586/586/586
f 528/528/528 586/586/586 529/529/529
f 529/529/529 586/586/586 587/587/587
f 529/529/529 587/587/587 530/530/530
f 530/530/530 587/587/587 588/588/588
f 530/530/530 588/588/588 531/531/531
f 531/531/531 588/588/588 589/589/589
f 531/531/531 589/589/589 532/532/532
f 532/532/532 589/589/589 590/590/590
f 532/532/532 590/590/590 533/533/533
f 533/533/533 590/590/590 591/591/591
f 533/533/533 591/591/591 534/534/534
f 534/534/534 591/591/591 592/592/592
f 534/534/534 592/592/592 535/535/535
f 535/535/535 592/592/592 593/593/593
f 535/535/535 593/593/593 536/536/536
f 536/536/536 593/593/593 594/594/594
f 536/536/536 594/594/594 537/537/537
f 537/537/537 594/594/594 595/595/595
f 537/537/537 595/595/595 538/538/538
f 538/538/538 595/595/595 596/596/596
f 538/538/538 596/596/596 539/539/539
f 539/539/539 596/596/596 597/597/597
f 539/539/539 597/597/597 540/540/540
f 540/540/540 597/597/597 598/598/598
f 540/540/540 598/598/598 541/541/541
f 541/541/541 598/598/598 599/599/599
f 541/541/541 599/599/599 542/542/542
f 542/542/542 599/599/599 600/600/600
f 542/542/542 600/600/600 543/543/543
f 543/543/543 600/600/600 601/601/601
f 543/543/543 601/601/601 544/544/544
f 544/544/544 601/601/601 602/602/602
f 544/544/544 602/602/602 545/545/545
f 545/545/545 602/602/602 603/603/603
f 545/545/545 603/603/603 546/546/546
f 546/546/546 603/603/603 604/604/604
f 546/546/546 604/604/604 547/547/547
f 547/547/547 604/604/604 605/605/605
f 547/547/547 605/605/605 548/548/548
f 548/548/548 605/605/605 606/606/606
f 548/548/548 606/606/606 549/549/549
f 549/549/549 606/606/606 607/607/607
f 549/549/549 607/607/607 550/550/550
f 550/550/550 607/607/607 608/608/608
f 550/550/550 608/608/608 551/551/551
f 551/551/551 608/608/608 609/609/609
f 551/551/551 609/609/609 552/552/552
f 552/552/552 609/609/609 610/610/610
f 552/552/552 610/610/610 553/553/553
f 553/553/553 610/610/610 611/611/611
f 553/553/553 611/611/611 554/554/554
f 554/554/554 611/611/611 612/612/612
f 554/554/554 612/612/612 555/555/555
f 555/555/555 612/612/612 613/613/613
f 555/555/555 613/613/613 556/556/556
f 556/556/556 613/613/613 614/614/614
f 556/556/556 614/614/614 557/557/557
f 557/557/557 614/614/614 615/615/615
f 557/557/557 615/615/615 558/558/558
f 558/558/558 615/615/615 616/616/616
f 558/558/558 616/616/616 559/559/559
f 559/559/559 616/616/616 617/617/617
f 559/559/559 617/617/617 560/560/560
f 560/560/560 617/617/617 618/618/618
f 560/560/560 618/618/618 561/561/561
f 561/561/561 618/618/618 619/619/619
f 561/561/561 619/619/619 562/562/562
f 562/562/562 619/619/619 620/620/620
f 562/562/562 620/620/620 563/563/563
f 563/563/563 620/620/620 621/621/621
f 563/563/563 621/621/621 564/564/564
f 564/564/564 621/621/621 622/622/622
f 564/564/564 622/622/622 565/565/565
f 565/565/565 622/622/622 623/623/623
f 565/565/565 623/623/623 566/566/566
f 566/566/566 623/623/623 624/624/624
f 566/566/566 624/624/624 567/567/567
f 567/567/567 624/624/624 625/625/625
f 567/567/567 625/625/625 568/568/568
f 568/568/568 625/625/625 626/626/626
f 568/568/568 626/626/626 569/569/569
f 569/569/569 626/626/626 627/627/627
f 569/569/569 627/627/627 570/570/570
f 571/571/571 628/628/628 629/629/629
f 571/571/571 629/629/629 572/572/572
f 572/572/572 629/629/629 630/630/630
f 572/572/572 630/630/630 573/573/573
f 573/573/573 630/630/630 631/631/631
f 573/573/573 631/631/631 574/574/574
f 574/574/574 631/631/631 632/632/632
f 574/574/574 632/632/632 575/575/575
f 575/575/575 632/632/632 633/633/633
f 575/575/575 633/633/633 576/576/576
f 576/576/576 633/633/633 634/634/634
f 576/576/576 634/634/634 577/577/577
f 577/577/577 634/634/634 635/635/635
f 577/577/577 635/635/635 578/578/578
f 578/578/578 635/635/635 636/636/636
f 578/578/578 636/636/636 579/579/579
f 579/579/579 636/636/636 637/637/637
f 579/579/579 637/637/637 580/580/580
f 580/580/580 637/637/637 638/638/638
f 580/580/580 638/638/638 581/581/581
f 581/581/581 638/638/638 639/639/639
f 581/581/581 639/639/639 582/582/582
f 582/582/582 639/639/639 640/640/640
f 582/582/582 640/640/640 583/583/583
f 583/583/583 640/640/640 641/641/641
f 583/583/583 641/641/641 584/584/584
f 584/584/584 641/641/641 642/642/642
f 584/584/584 642/642/642 585/585/585
f 585/585/585 642/642/642 643/643/643
f 585/585/585 643/643/643 586/586/586
f 586/586/586 643/643/643 644/644/644
f 586/586/586 644/644/644 587/587/587
f 587/587/587 644/644/644 645/645/645
f 587/587/587 645/645/645 588/588/588
f 588/588/588 645/645/645 646/646/646
f 588/588/588 646/646/646 589/589/589
f 589/589/589 646/646/646 647/647/647
f 589/589/589 647/647/647 590/590/590
f 590/590/590 647/647/647 648/648/648
f 590/590/590 648/648/648 591/591/591
f 591/591/591 648/648/648 649/649/649
f 591/591/591 649/649/649 592/592/592
f 592/592/592 649/649/649 650/650/650
f 592/592/592 650/650/650 593/593/593
f 593/593/593 650/650/650 651/651/651
f 593/593/593 651/651/651 594/594/594
f 594/594/594 651/651/651 652/652/652
f 594/594/594 652/652/652 595/595/595
f 595/595/595 652/652/652 653/653/653
f 595/595/595 653/653/653 596/596/596
f 596/596/596 653/653/653 654/654/654
f 596/596/596 654/654/654 597/597/597
f 597/597/597 654/654/654 655/655/655
f 597/597/597 655/655/655 598/598/598
f 598/598/598 655/655/655 656/656/656
f 598/598/598 656/656/656 599/599/599
f 599/599/599 656/656/656 657/657/657
f 599/599/599 657/657/657 600/600/600
f 600/600/600 657/657/657 658/658/658
f 600/600/600 658/658/658 601/601/601
f 601/601/601 658/658/658 659/659/659
f 601/601/601 659/659/659 602/602/602
f 602/602/602 659/659/659 660/660/660
f 602/602/602 660/660/660 603/603/603
f 603/603/603 660/660/660 661/661/661
f 603/603/603 661/661/661 604/604/604
f 604/604/604 661/661/661 662/662/662
f 604/604/604 662/662/662 605/605/605
f 605/605/605 662/662/662 663/663/663
f 605/605/605 663/663/663 606/606/606
f 606/606/606 663/663/663 664/664/664
f 606/606/606 664/664/664 607/607/607
f 607/607/607 664/664/664 665/665/665
f 607/607/607 665/665/665 608/608/608
f 608/608/608 665/665/665 666/666/666
f 608/608/608 666/666/666 609/609/609
f 609/609/609 666/666/666 667/667/667
f 609/609/609 667/667/667 610/610/610
f 610/610/610 667/667/667 668/668/668
f 610/610/610 668/668/668 611/611/611
f 611/611/611 668/668/668 669/669/669
f 611/611/611 669/669/669 612/612/612
f 612/612/612 669/669/669 670/670/670
f 612/612/612 670/670/670 613/613/613
f 613/613/613 670/670/670 671/671/671
f 613/613/613 671/671/671 614/614/614
f 614/614/614 671/671/671 672/672/672
f 614/614/614 672/672/672 615/615/615
f 615/615/615 672/672/672 673/673/673
f 615/615/615 673/673/673 616/616/616
f 616/616/616 673/673/673 674/674/674
f 616/616/616 674/674/674 617/617/617
f 617/617/617 674/674/674 675/675/675
f 617/617/617 675/675/675 618/618/618
f 618/618/618 675/675/675 676/676/676
f 618/618/618 676/676/676 619/619/619
f 619/619/619 676/676/676 677/677/677
f 619/619/619 677/677/677 620/620/620
f 620/620/620 677/677/677 678/678/678
f 620/620/620 678/678/678 621/621/621
f 621/621/621 678/678/678 679/679/679
f 621/621/621 679/679/679 622/622/622
f 622/622/622 679/679/679 680/680/680
f 622/622/622 680/680/680 623/623/623
f 623/623/623 680/680/680 681/681/681
f 623/623/623 681/681/681 624/624/624
f 624/624/624 681/681/681 682/682/682
f 624/624/624 682/682/682 625/625/625
f 625/625/625 682/682/682 683/683/683
f 625/625/625 683/683/683 626/626/626
f 626/626/626 683/683/683 684/684/684
f 626/626/626 684/684/684 627/627/627
f 628/628/628 685/685/685 686/686/686
f 628/628/628 686/686/686 629/629/629
f 629/629/629 686/686/686 687/687/687
f 629/629/629 687/687/687 630/630/630
f 630/630/630 687/687/687 688/688/688
f 630/630/630 688/688/688 631/631/631
f 631/631/631 688/688/688 689/689/689
f 631/631/631 689/689/689 632/632/632
f 632/632/632 689/689/689 690/690/690
f 632/632/632 690/690/690 633/633/633
f 633/633/633 690/690/690 691/691/691
f 633/633/633 691/691/691 634/634/634
f 634/634/634 691/691/691 692/692/692
f 634/634/634 692/692/692 635/635/635
f 635/635/635 692/692/692 693/693/693
f 635/635/635 693/693/693 636/636/636
f 636/636/636 693/693/693 694/694/694
f 636/636/636 694/694/694 637/637/637
f 637/637/637 694/694/694 695/695/695
f 637/637/637 695/695/695 638/638/638
f 638/638/638 695/695/695 696/696/696
f 638/638/638 696/696/696 639/639/639
f 639/639/639 696/696/696 697/697/697
f 639/639/639 697/697/697 640/640/640
f 640/640/640 697/697/697 698/698/698
f 640/640/640 698/698/698 641/641/641
f 641/641/641 698/698/698 699/699/699
f 641/641/641 699/699/699 642/642/642
f 642/642/642 699/699/699 700/700/700
f 642/642/642 700/700/700 643/643/643
f 643/643/643 700/700/700 701/701/701
f 643/643/643 701/701/701 644/644/644
f 644/644/644 701/701/701 702/702/702
f 644/644/644 702/702/702 645/645/645
f 645/645/645 702/702/702 703/703/703
f 645/645/645 703/703/703 646/646/646
f 646/646/646 703/703/703 704/704/704
f 646/646/646 704/704/704 647/647/647
f 647/647/647 704/704/704 705/705/705
f 647/647/647 705/705/705 648/648/648
f 648/648/648 705/705/705 706/706/706
f 648/648/648 706/706/706 649/649/649
f 649/649/649 706/706/706 707/707/707
f 649/649/649 707/707/707 650/650/650
f 650/650/650 707/707/707 708/708/708
f 650/650/650 708/708/708 651/651/651
f 651/651/651 708/708/708 709/709/709
f 651/651/651 709/709/709 652/652/652
f 652/652/652 709/709/709 710/710/710
f 652/652/652 710/710/710 653/653/653
f 653/653/653 710/710/710 711/711/711
f 653/653/653 711/711/711 654/654/654
f 654/654/654 711/711/711 712/712/712
f 654/654/654 712/712/712 655/655/655
f 655/655/655 712/712/712 713/713/713
f 655/655/655 713/713/713 656/656/656
f 656/656/656 713/713/713 714/714/714
f 656/656/656 714/714/714 657/657/657
f 657/657/657 714/714/714 715/715/715
f 657/657/657 715/715/715 658/658/658
f 658/658/658 715/715/715 716/716/716
f 658/658/658 716/716/716 659/659/659
f 659/659/659 716/716/716 717/717/717
f 659/659/659 717/717/717 660/660/660
f 660/660/660 717/717/717 718/718/718
f 660/660/660 718/718/718 661/661/661
f 661/661/661 718/718/718 719/719/719
f 661/661/661 719/719/719 662/662/662
f 662/662/662 719/719/719 720/720/720
f 662/662/662 720/720/720 663/663/663
f 663/663/663 720/720/720 721/721/721
f 663/663/663 721/721/721 664/664/664
f 664/664/664 721/721/721 722/722/722
f 664/664/664 722/722/722 665/665/665
f 665/665/665 722/722/722 723/723/723
f 665/665/665 723/723/723 666/666/666
f 666/666/666 723/723/723 724/724/724
f 666/666/666 724/724/724 667/667/667
f 667/667/667 724/724/724 725/725/725
f 667/667/667 725/725/725 668/668/668
f 668/668/668 725/725/725 726/726/726
f 668/668/668 726/726/726 669/669/669
f 669/669/669 726/726/726 727/727/727
f 669/669/669 727/727/727 670/670/670
f 670/670/670 727/727/727 728/728/728
f 670/670/670 728/728/728 671/671/671
f 671/671/671 728/728/728 729/729/729
f 671/671/671 729/729/729 672/672/672
f 672/672/672 729/729/729 730/730/730
f 672/672/672 730/730/730 673/673/673
f 673/673/673 730/730/730 731/731/731
f 673/673/673 731/731/731 674/674/674
f 674/674/674 731/731/731 732/732/732
f 674/674/674 732/732/732 675/675/675
f 675/675/675 732/732/732 733/733/733
f 675/675/675 733/733/733 676/676/676
f 676/676/676 733/733/733 734/734/734
f 676/676/676 734/734/734 677/677/677
f 677/677/677 734/734/734 735/735/735
f 677/677/677 735/735/735 678/678/678
f 678/678/678 735/735/735 736/736/736
f 678/678/678 736/736/736 679/679/679
f 679/679/679 736/736/736 737/737/737
f 679/679/679 737/737/737 680/680/680
f 680/680/680 737/737/737 738/738/738
f 680/680/680 738/738/738 681/681/681
f 681/681/681 738/738/738 739/739/739
f 681/681/681 739/739/739 682/682/682
f 682/682/682 739/739/739 740/740/740
f 682/682/682 740/740/740 683/683/683
f 683/683/683 740/740/740 741/741/741
f 683/683/683 741/741/741 684/684/684
f 685/685/685 742/742/742 743/743/743
f 685/685/685 743/743/743 686/686/686
f 686/686/686 743/743/743 744/744/744
f 686/686/686 744/744/744 687/687/687
f 687/687/687 744/744/744 745/745/745
f 687/687/687 745/745/745 688/688/688
f 688/688/688 745/745/745 746/746/746
f 688/688/688 746/746/746 689/689/689
f 689/689/689 746/746/746 747/747/747
f 689/689/689 747/747/747 690/690/690
f 690/690/690 747/747/747 748/748/748
f 690/690/690 748/748/748 691/691/691
f 691/691/691 748/748/748 749/749/749
f 691/691/691 749/749/749 692/692/692
f 692/692/692 749/749/749 750/750/750
f 692/692/692 750/750/750 693/693/693
f 693/693/693 750/750/750 751/751/751
f 693/693/693 751/751/751 694/694/694
f 694/694/694 751/751/751 752/752/752
f 694/694/694 752/752/752 695/695/695
f 695/695/695 752/752/752 753/753/753
f 695/695/695 753/753/753 696/696/696
f 696/696/696 753/753/753 754/754/754
f 696/696/696 754/754/754 697/697/697
f 697/697/697 754/754/754 755/755/755
f 697/697/697 755/755/755 698/698/698
f 698/698/698 755/755/755 756/756/756
f 698/698/698 756/756/756 699/699/699
f 699/699/699 756/756/756 757/757/757
f 699/699/699 757/757/757 700/700/700
f 700/700/700 757/757/757 758/758/758
f 700/700/700 758/758/758 701/701/701
f 701/701/701 758/758/758 759/759/759
f 701/701/701 759/759/759 702/702/702
f 702/702/702 759/759/759 760/760/760
f 702/702/702 760/760/760 703/703/703
f 703/703/703 760/760/760 761/761/761
f 703/703/703 761/761/761 704/704/704
f 704/704/704 761/761/761 762/762/762
f 704/704/704 762/762/762 705/705/705
f 705/705/705 762/762/762 763/763/763
f 705/705/705 763/763/763 706/706/706
f 706/706/706 763/763/763 764/764/764
f 706/706/706 764/764/764 707/707/707
f 707/707/707 764/764/764 765/765/765
f 707/707/707 765/765/765 708/708/708
f 708/708/708 765/765/765 766/766/766
f 708/708/708 766/766/766 709/709/709
f 709/709/709 766/766/766 767/767/767
f 709/709/709 767/767/767 710/710/710
f 710/710/710 767/767/767 768/768/768
f 710/710/710 768/768/768 711/711/711
f 711/711/711 768/768/768 769/769/769
f 711/711/711 769/769/769 712/712/712
f 712/712/712 769/769/769 770/770/770
f 712/712/712 770/770/770 713/713/713
f 713/713/713 770/770/770 771/771/771
f 713/713/713 771/771/771 714/714/714
f 714/714/714 771/771/771 772/772/772
f 714/714/714 772/772/772 715/715/715
f 715/715/715 772/772/772 773/773/773
f 715/715/715 773/773/773 716/716/716
f 716/716/716 773/773/773 774/774/774
f 716/716/716 774/774/774 717/717/717
f 717/717/717 774/774/774 775/775/775
f 717/717/717 775/775/775 718/718/718
f 718/718/718 775/775/775 776/776/776
f 718/718/718 776/776/776 719/719/719
f 719/719/719 776/776/776 777/777/777
f 719/719/719 777/777/777 720/720/720
f 720/720/720 777/777/777 778/778/778
f 720/720/720 778/778/778 721/721/721
f 721/721/721 778/778/778 779/779/779
f 721/721/721 779/779/779 722/722/722
f 722/722/722 779/779/779 780/780/780
f 722/722/722 780/780/780 723/723/723
f 723/723/723 780/780/780 781/781/781
f 723/723/723 781/781/781 724/724/724
f 724/724/724 781/781/781 782/782/782
f 724/724/724 782/782/782 725/725/725
f 725/725/725 782/782/782 783/783/783
f 725/725/725 783/783/783 726/726/726
f 726/726/726 783/783/783 784/784/784
f 726/726/726 784/784/784 727/727/727
f 727/727/727 784/784/784 785/785/785
f 727/727/727 785/785/785 728/728/728
f 728/728/728 785/785/785 786/786/786
f 728/728/728 786/786/786 729/729/729
f 729/729/729 786/786/786 787/787/787
f 729/729/729 787/787/787 730/730/730
f 730/730/730 787/787/787 788/788/788
f 730/730/730 788/788/788 731/731/731
f 731/731/731 788/788/788 789/789/789
f 731/731/731 789/789/789 732/732/732
f 732/732/732 789/789/789 790/790/790
f 732/732/732 790/790/790 733/733/733
f 733/733/733 790/790/790 791/791/791
f 733/733/733 791/791/791 734/734/734
f 734/734/734 791/791/791 792/792/792
f 734/734/734 792/792/792 735/735/735
f 735/735/735 792/792/792 793/793/793
f 735/735/735 793/793/793 736/736/736
f 736/736/736 793/793/793 794/794/794
f 736/736/736 794/794/794 737/737/737
f 737/737/737 794/794/794 795/795/795
f 737/737/737 795/795/795 738/738/738
f 738/738/738 795/795/795 796/796/796
f 738/738/738 796/796/796 739/739/739
f 739/739/739 796/796/796 797/797/797
f 739/739/739 797/797/797 740/740/740
f 740/740/740 797/797/797 798/798/798
f 740/740/740 798/798/798 741/741/741
f 742/742/742 799/799/799 800/800/800
f 742/742/742 800/800/800 743/743/743
f 743/743/743 800/800/800 801/801/801
f 743/743/743 801/801/801 744/744/744
f 744/744/744 801/801/801 802/802/802
f 744/744/744 802/802/802 745/745/745
f 745/745/745 802/802/802 803/803/803
f 745/745/745 803/803/803 746/746/746
f 746/746/746 803/803/803 804/804/804
f 746/746/746 804/804/804 747/747/747
f 747/747/747 804/804/804 805/805/805
f 747/747/747 805/805/805 748/748/748
f 748/748/748 805/805/805 806/806/806
f 748/748/748 806/806/806 749/749/749
f 749/749/749 806/806/806 807/807/807
f 749/749/749 807/807/807 750/750/750
f 750/750/750 807/807/807 808/808/808
f 750/750/750 808/808/808 751/751/751
f 751/751/751 808/808/808 809/809/809
f 751/751/751 809/809/809 752/752/752
f 752/752/752 809/809/809 810/810/810
f 752/752/752 810/810/810 753/753/753
f 753/753/753 810/810/810 811/811/811
f 753/753/753 811/811/811 754/754/754
f 754/754/754 811/811/811 812/812/812
f 754/754/754 812/812/812 755/755/755
f 755/755/755 812/812/812 813/813/813
f 755/755/755 813/813/813 756/756/756
f 756/756/756 813/813/813 814/814/814
f 756/756/756 814/814/814 757/757/757
f 757/757/757 814/814/814 815/815/815
f 757/757/757 815/815/815 758/758/758
f 758/758/758 815/815/815 816/816/816
f 758/758/758 816/816/816 759/759/759
f 759/759/759 816/816/816 817/817/817
f 759/759/759 817/817/817 760/760/760
f 760/760/760 817/817/817 818/818/818
f 760/760/760 818/818/818 761/761/761
f 761/761/761 818/818/818 819/819/819
f 761/761/761 819/819/819 762/762/762
f 762/762/762 819/819/819 820/820/820
f 762/762/762 820/820/820 763/763/763
f 763/763/763 820/820/820 821/821/821
f 763/763/763 821/821/821 764/764/764
f 764/764/764 821/821/821 822/822/822
f 764/764/764 822/822/822 765/765/765
f 765/765/765 822/822/822 823/823/823
f 765/765/765 823/823/823 766/766/766
f 766/766/766 823/823/823 824/824/824
f 766/766/766 824/824/824 767/767/767
f 767/767/767 824/824/824 825/825/825
f 767/767/767 825/825/825 768/768/768
f 768/768/768 825/825/825 826/826/826
f 768/768/768 826/826/826 769/769/769
f 769/769/769 826/826/826 827/827/827
f 769/769/769 827/827/827 770/770/770
f 770/770/770 827/827/827 828/828/828
f 770/770/770 828/828/828 771/771/771
f 771/771/771 828/828/828 829/829/829
f 771/771/771 829/829/829 772/772/772
f 772/772/772 829/829/829 830/830/830
f 772/772/772 830/830/830 773/773/773
f 773/773/773 830/830/830 831/831/831
f 773/773/773 831/831/831 774/774/774
f 774/774/774 831/831/831 832/832/832
f 774/774/774 832/832/832 775/775/775
f 775/775/775 832/832/832 833/833/833
f 775/775/775 833/833/833 776/776/776
f 776/776/776 833/833/833 834/834/834
f 776/776/776 834/834/834 777/777/777
f 777/777/777 834/834/834 835/835/835
f 777/777/777 835/835/835 778/778/778
f 778/778/778 835/835/835 836/836/836
f 778/778/778 836/836/836 779/779/779
f 779/779/779 836/836/836 837/837/837
f 779/779/779 837/837/837 780/780/780
f 780/780/780 837/837/837 838/838/838
f 780/780/780 838/838/838 781/781/781
f 781/781/781 838/838/838 839/839/839
f 781/781/781 839/839/839 782/782/782
f 782/782/782 839/839/839 840/840/840
f 782/782/782 840/840/840 783/783/783
f 783/783/783 840/840/840 841/841/841
f 783/783/783 841/841/841 784/784/784
f 784/784/784 841/841/841 842/842/842
f 784/784/784 842/842/842 785/785/785
f 785/785/785 842/842/842 843/843/843
f 785/785/785 843/843/843 786/786/786
f 786/786/786 843/843/843 844/844/844
f 786/786/786 844/844/844 787/787/787
f 787/787/787 844/844/844 845/845/845
f 787/787/787 845/845/845 788/788/788
f 788/788/788 845/845/845 846/846/846
f 788/788/788 846/846/846 789/789/789
f 789/789/789 846/846/846 847/847/847
f 789/789/789 847/847/847 790/790/790
f 790/790/790 847/847/847 848/848/848
f 790/790/790 848/848/848 791/791/791
f 791/791/791 848/848/848 849/849/849
f 791/791/791 849/849/849 792/792/792
f 792/792/792 849/849/849 850/850/850
f 792/792/792 850/850/850 793/793/793
f 793/793/793 850/850/850 851/851/851
f 793/793/793 851/851/851 794/794/794
f 794/794/794 851/851/851 852/852/852
f 794/794/794 852/852/852 795/795/795
f 795/795/795 852/852/852 853/853/853
f 795/795/795 853/853/853 796/796/796
f 796/796/796 853/853/853 854/854/854
f 796/796/796 854/854/854 797/797/797
f 797/797/797 854/854/854 855/855/855
f 797/797/797 855/855/855 798/798/798
f 799/799/799 856/856/856 857/857/857
f 799/799/799 857/857/857 800/800/800
f 800/800/800 857/857/857 858/858/858
f 800/800/800 858/858/858 801/801/801
f 801/801/801 858/858/858 859/859/859
f 801/801/801 859/859/859 802/802/802
f 802/802/802 859/859/859 860/860/860
f 802/802/802 860/860/860 803/803/803
f 803/803/803 860/860/860 861/861/861
f 803/803/803 861/861/861 804/804/804
f 804/804/804 861/861/861 862/862/862
f 804/804/804 862/862/862 805/805/805
f 805/805/805 862/862/862 863/863/863
f 805/805/805 863/863/863 806/806/806
f 806/806/806 863/863/863 864/864/864
f 806/806/806 864/864/864 807/807/807
f 807/807/807 864/864/864 865/865/865
f 807/807/807 865/865/865 808/808/808
f 808/808/808 865/865/865 866/866/866
f 808/808/808 866/866/866 809/809/809
f 809/809/809 866/866/866 867/867/867
f 809/809/809 867/867/867 810/810/810
f 810/810/810 867/867/867 868/868/868
f 810/810/810 868/868/868 811/811/811
f 811/811/811 868/868/868 869/869/869
f 811/811/811 869/869/869 812/812/812
f 812/812/812 869/869/869 870/870/870
f 812/812/812 870/870/870 813/813/813
f 813/813/813 870/870/870 871/871/871
f 813/813/813 871/871/871 814/814/814
f 814/814/814 871/871/871 872/872/872
f 814/814/814 872/872/872 815/815/815
f 815/815/815 872/872/872 873/873/873
f 815/815/815 873/873/873 816/816/816
f 816/816/816 873/873/873 874/874/874
f 816/816/816 874/874/874 817/817/817
f 817/817/817 874/874/874 875/875/875
f 817/817/817 875/875/875 818/818/818
f 818/818/818 875/875/875 876/876/876
f 818/818/818 876/876/876 819/819/819
f 819/819/819 876/876/876 877/877/877
f 819/819/819 877/877/877 820/820/820
f 820/820/820 877/877/877 878/878/878
f 820/820/820 878/878/878 821/821/821
f 821/821/821 878/878/878 879/879/879
f 821/821/821 879/879/879 822/822/822
f 822/822/822 879/879/879 880/880/880
f 822/822/822 880/880/880 823/823/823
f 823/823/823 880/880/880 881/881/881
f 823/823/823 881/881/881 824/824/824
f 824/824/824 881/881/881 882/882/882
f 824/824/824 882/882/882 825/825/825
f 825/825/825 882/882/882 883/883/883
f 825/825/825 883/883/883 826/826/826
f 826/826/826 883/883/883 884/884/884
f 826/826/826 884/884/884 827/827/827
f 827/827/827 884/884/884 885/885/885
f 827/827/827 885/885/885 828/828/828
f 828/828/828 885/885/885 886/886/886
f 828/828/828 886/886/886 829/829/829
f 829/829/829 886/886/886 887/887/887
f 829/829/829 887/887/887 830/830/830
f 830/830/830 887/887/887 888/888/888
f 830/830/830 888/888/888 831/831/831
f 831/831/831 888/888/888 889/889/889
f 831/831/831 889/889/889 832/832/832
f 832/832/832 889/889/889 890/890/890
f 832/832/832 890/890/890 833/833/833
f 833/833/833 890/890/890 891/891/891
f 833/833/833 891/891/891 834/834/834
f 834/834/834 891/891/891 892/892/892
f 834/834/834 892/892/892 835/835/835
f 835/835/835 892/892/892 893/893/893
f 835/835/835 893/893/893 836/836/836
f 836/836/836 893/893/893 894/894/894
f 836/836/836 894/894/894 837/837/837
f 837/837/837 894/894/894 895/895/895
f 837/837/837 895/895/895 838/838/838
f 838/838/838 895/895/895 896/896/896
f 838/838/838 896/896/896 839/839/839
f 839/839/839 896/896/896 897/897/897
f 839/839/839 897/897/897 840/840/840
f 840/840/840 897/897/897 898/898/898
f 840/840/840 898/898/898 841/841/841
f 841/841/841 898/898/898 899/899/899
f 841/841/841 899/899/899 842/842/842
f 842/842/842 899/899/899 900/900/900
f 842/842/842 900/900/900 843/843/843
f 843/843/843 900/900/900 901/901/901
f 843/843/843 901/901/901 844/844/844
f 844/844/844 901/901/901 902/902/902
f 844/844/844 902/902/902 845/845/845
f 845/845/845 902/902/902 903/903/903
f 845/845/845 903/903/903 846/846/846
f 846/846/846 903/903/903 904/904/904
f 846/846/846 904/904/904 847/847/847
f 847/847/847 904/904/904 905/905/905
f 847/847/847 905/905/905 848/848/848
f 848/848/848 905/905/905 906/906/906
f 848/848/848 906/906/906 849/849/849
f 849/849/849 906/906/906 907/907/907
f 849/849/849 907/907/907 850/850/850
f 850/850/850 907/907/907 908/908/908
f 850/850/850 908/908/908 851/851/851
f 851/851/851 908/908/908 909/909/909
f 851/851/851 909/909/909 852/852/852
f 852/852/852 909/909/909 910/910/910
f 852/852/852 910/910/910 853/853/853
f 853/853/853 910/910/910 911/911/911
f 853/853/853 911/911/911 854/854/854
f 854/854/854 911/911/911 912/912/912
f 854/854/854 912/912/912 855/855/855
f 856/856/856 913/913/913 914/914/914
f 856/856/856 914/914/914 857/857/857
f 857/857/857 914/914/914 915/915/915
f 857/857/857 915/915/915 858/858/858
f 858/858/858 915/915/915 916/916/916
f 858/858/858 916/916/916 859/859/859
f 859/859/859 916/916/916 917/917/917
f 859/859/859 917/917/917 860/860/860
f 860/860/860 917/917/917 918/918/918
f 860/860/860 918/918/918 861/861/861
f 861/861/861 918/918/918 919/919/919
f 861/861/861 919/919/919 862/862/862
f 862/862/862 919/919/919 920/920/920
f 862/862/862 920/920/920 863/863/863
f 863/863/863 920/920/920 921/921/921
f 863/863/863 921/921/921 864/864/864
f 864/864/864 921/921/921 922/922/922
f 864/864/864 922/922/922 865/865/865
f 865/865/865 922/922/922 923/923/923
f 865/865/865 923/923/923 866/866/866
f 866/866/866 923/923/923 924/924/924
f 866/866/866 924/924/924 867/867/867
f 867/867/867 924/924/924 925/925/925
f 867/867/867 925/925/925 868/868/868
f 868/868/868 925/925/925 926/926/926
f 868/868/868 926/926/926 869/869/869
f 869/869/869 926/926/926 927/927/927
f 869/869/869 927/927/927 870/870/870
f 870/870/870 927/927/927 928/928/928
f 870/870/870 928/928/928 871/871/871
f 871/871/871 928/928/928 929/929/929
f 871/871/871 929/929/929 872/872/872
f 872/872/872 929/929/929 930/930/930
f 872/872/872 930/930/930 873/873/873
f 873/873/873 930/930/930 931/931/931
f 873/873/873 931/931/931 874/874/874
f 874/874/874 931/931/931 932/932/932
f 874/874/874 932/932/932 875/875/875
f 875/875/875 932/932/932 933/933/933
f 875/875/875 933/933/933 876/876/876
f 876/876/876 933/933/933 934/934/934
f 876/876/876 934/934/934 877/877/877
f 877/877/877 934/934/934 935/935/935
f 877/877/877 935/935/935 878/878/878
f 878/878/878 935/935/935 936/936/936
f 878/878/878 936/936/936 879/879/879
f 879/879/879 936/936/936 937/937/937
f 879/879/879 937/937/937 880/880/880
f 880/880/880 937/937/937 938/938/938
f 880/880/880 938/938/938 881/881/881
f 881/881/881 938/938/938 939/939/939
f 881/881/881 939/939/939 882/882/882
f 882/882/882 939/939/939 940/940/940
f 882/882/882 940/940/940 883/883/883
f 883/883/883 940/940/940 941/941/941
f 883/883/883 941/941/941 884/884/884
f 884/884/884 941/941/941 942/942/942
f 884/884/884 942/942/942 885/885/885
f 885/885/885 942/942/942 943/943/943
f 885/885/885 943/943/943 886/886/886
f 886/886/886 943/943/943 944/944/944
f 886/886/886 944/944/944 887/887/887
f 887/887/887 944/944/944 945/945/945
f 887/887/887 945/945/945 888/888/888
f 888/888/888 945/945/945 946/946/946
f 888/888/888 946/946/946 889/889/889
f 889/889/889 946/946/946 947/947/947
f 889/889/889 947/947/947 890/890/890
f 890/890/890 947/947/947 948/948/948
f 890/890/890 948/948/948 891/891/891
f 891/891/891 948/948/948 949/949/949
f 891/891/891 949/949/949 892/892/892
f 892/892/892 949/949/949 950/950/950
f 892/892/892 950/950/950 893/893/893
f 893/893/893 950/950/950 951/951/951
f 893/893/893 951/951/951 894/894/894
f 894/894/894 951/951/951 952/952/952
f 894/894/894 952/952/952 895/895/895
f 895/895/895 952/952/952 953/953/953
f 895/895/895 953/953/953 896/896/896
f 896/896/896 953/953/953 954/954/954
f 896/896/896 954/954/954 897/897/897
f 897/897/897 954/954/954 955/955/955
f 897/897/897 955/955/955 898/898/898
f 898/898/898 955/955/955 956/956/956
f 898/898/898 956/956/956 899/899/899
f 899/899/899 956/956/956 957/957/957
f 899/899/899 957/957/957 900/900/900
f 900/900/900 957/957/957 958/958/958
f 900/900/900 958/958/958 901/901/901
f 901/901/901 958/958/958 959/959/959
f 901/901/901 959/959/959 902/902/902
f 902/902/902 959/959/959 960/960/960
f 902/902/902 960/960/960 903/903/903
f 903/903/903 960/960/960 961/961/961
f 903/903/903 961/961/961 904/904/904
f 904/904/904 961/961/961 962/962/962
f 904/904/904 962/962/962 905/905/905
f 905/905/905 962/962/962 963/963/963
f 905/905/905 963/963/963 906/906/906
f 906/906/906 963/963/963 964/964/964
f 906/906/906 964/964/964 907/907/907
f 907/907/907 964/964/964 965/965/965
f 907/907/907 965/965/965 908/908/908
f 908/908/908 965/965/965 966/966/966
f 908/908/908 966/966/966 909/909/909
f 909/909/909 966/966/966 967/967/967
f 909/909/909 967/967/967 910/910/910
f 910/910/910 967/967/967 968/968/968
f 910/910/910 968/968/968 911/911/911
f 911/911/911 968/968/968 969/969/969
f 911/911/911 969/969/969 912/912/912
f 913/913/913 970/970/970 971/971/971
f 913/913/913 971/971/971 914/914/914
f 914/914/914 971/971/971 972/972/972
f 914/914/914 972/972/972 915/915/915
f 915/915/915 972/972/972 973/973/973
f 915/915/915 973/973/973 916/916/916
f 916/916/916 973/973/973 974/974/974
f 916/916/916 974/974/974 917/917/917
f 917/917/917 974/974/974 975/975/975
f 917/917/917 975/975/975 918/918/918
f 918/918/918 975/975/975 976/976/976
f 918/918/918 976/976/976 919/919/919
f 919/919/919 976/976/976 977/977/977
f 919/919/919 977/977/977 920/920/920
f 920/920/920 977/977/977 978/978/978
f 920/920/920 978/978/978 921/921/921
f 921/921/921 978/978/978 979/979/979
f 921/921/921 979/979/979 922/922/922
f 922/922/922 979/979/979 980/980/980
f 922/922/922 980/980/980 923/923/923
f 923/923/923 980/980/980 981/981/981
f 923/923/923 981/981/981 924/924/924
f 924/924/924 981/981/981 982/982/982
f 924/924/924 982/982/982 925/925/925
f 925/925/925 982/982/982 983/983/983
f 925/925/925 983/983/983 926/926/926
f 926/926/926 983/983/983 984/984/984
f 926/926/926 984/984/984 927/927/927
f 927/927/927 984/984/984 985/985/985
f 927/927/927 985/985/985 928/928/928
f 928/928/928 985/985/985 986/986/986
f 928/928/928 986/986/986 929/929/929
f 929/929/929 986/986/986 987/987/987
f 929/929/929 987/987/987 930/930/930
f 930/930/930 987/987/987 988/988/988
f 930/930/930 988/988/988 931/931/931
f 931/931/931 988/988/988 989/989/989
f 931/931/931 989/989/989 932/932/932
f 932/932/932 989/989/989 990/990/990
f 932/932/932 990/990/990 933/933/933
f 933/933/933 990/990/990 991/991/991
f 933/933/933 991/991/991 934/934/934
f 934/934/934 991/991/991 992/992/992
f 934/934/934 992/992/992 935/935/935
f 935/935/935 992/992/992 993/993/993
f 935/935/935 993/993/993 936/936/936
f 936/936/936 993/993/993 994/994/994
f 936/936/936 994/994/994 937/937/937
f 937/937/937 994/994/994 995/995/995
f 937/937/937 995/995/995 938/938/938
f 938/938/938 995/995/995 996/996/996
f 938/938/938 996/996/996 939/939/939
f 939/939/939 996/996/996 997/997/997
f 939/939/939 997/997/997 940/940/940
f 940/940/940 997/997/997 998/998/998
f 940/940/940 998/998/998 941/941/941
f 941/941/941 998/998/998 999/999/999
f 941/941/941 999/999/999 942/942/942
f 942/942/942 999/999/999 1000/1000/1000
f 942/942/942 1000/1000/1000 943/943/943
f 943/943/943 1000/1000/1000 1001/1001/1001
f 943/943/943 1001/1001/1001 944/944/944
f 944/944/944 1001/1001/1001 1002/1002/1002
f 944/944/944 1002/1002/1002 945/945/945
f 945/945/945 1002/1002/1002 1003/1003/1003
f 945/945/945 1003/1003/1003 946/946/946
f 946/946/946 1003/1003/1003 1004/1004/1004
f 946/946/946 1004/1004/1004 947/947/947
f 947/947/947 1004/1004/1004 1005/1005/1005
f 947/947/947 1005/1005/1005 948/948/948
f 948/948/948 1005/1005/1005 1006/1006/1006
f 948/948/948 1006/1006/1006 949/949/949
f 949/949/949 1006/1006/1006 1007/1007/1007
f 949/949/949 1007/1007/1007 950/950/950
f 950/950/950 1007/1007/1007 1008/1008/1008
f 950/950/950 1008/1008/1008 951/951/951
f 951/951/951 1008/1008/1008 1009/1009/1009
f 951/951/951 1009/1009/1009 952/952/952
f 952/952/952 1009/1009/1009 1010/1010/1010
f 952/952/952 1010/1010/1010 953/953/953
f 953/953/953 1010/1010/1010 1011/1011/1011
f 953/953/953 1011/1011/1011 954/954/954
f 954/954/954 1011/1011/1011 1012/1012/1012
f 954/954/954 1012/1012/1012 955/955/955
f 955/955/955 1012/1012/1012 1013/1013/1013
f 955/955/955 1013/1013/1013 956/956/956
f 956/956/956 1013/1013/1013 1014/1014/1014
f 956/956/956 1014/1014/1014 957/957/957
f 957/957/957 1014/1014/1014 1015/1015/1015
f 957/957/957 1015/1015/1015 958/958/958
f 958/958/958 1015/1015/1015 1016/1016/1016
f 958/958/958 1016/1016/1016 959/959/959
f 959/959/959 1016/1016/1016 1017/1017/1017
f 959/959/959 1017/1017/1017 960/960/960
f 960/960/960 1017/1017/1017 1018/1018/1018
f 960/960/960 1018/1018/1018 961/961/961
f 961/961/961 1018/1018/1018 1019/1019/1019
f 961/961/961 1019/1019/1019 962/962/962
f 962/962/962 1019/1019/1019 1020/1020/1020
f 962/962/962 1020/1020/1020 963/963/963
f 963/963/963 1020/1020/1020 1021/1021/1021
f 963/963/963 1021/1021/1021 964/964/964
f 964/964/964 1021/1021/1021 1022/1022/1022
f 964/964/964 1022/1022/1022 965/965/965
f 965/965/965 1022/1022/1022 1023/1023/1023
f 965/965/965 1023/1023/1023 966/966/966
f 966/966/966 1023/1023/1023 1024/1024/1024
f 966/966/966 1024/1024/1024 967/967/967
f 967/967/967 1024/1024/1024 1025/1025/1025
f 967/967/967 1025/1025/1025 968/968/968
f 968/968/968 1025/1025/1025 1026/1026/1026
f 968/968/968 1026/1026/1026 969/969/969
f 970/970/970 1027/1027/1027 1028/1028/1028
f 970/970/970 1028/1028/1028 971/971/971
f 971/971/971 1028/1028/1028 1029/1029/1029
f 971/971/971 1029/1029/1029 972/972/972
f 972/972/972 1029/1029/1029 1030/1030/1030
f 972/972/972 1030/1030/1030 973/973/973
f 973/973/973 1030/1030/1030 1031/1031/1031
f 973/973/973 1031/1031/1031 974/974/974
f 974/974/974 1031/1031/1031 1032/1032/1032
f 974/974/974 1032/1032/1032 975/975/975
f 975/975/975 1032/1032/1032 1033/1033/1033
f 975/975/975 1033/1033/1033 976/976/976
f 976/976/976 1033/1033/1033 1034/1034/1034
f 976/976/976 1034/1034/1034 977/977/977
f 977/977/977 1034/1034/1034 1035/1035/1035
f 977/977/977 1035/1035/1035 978/978/978
f 978/978/978 1035/1035/1035 1036/1036/1036
f 978/978/978 1036/1036/1036 979/979/979
f 979/979/979 1036/1036/1036 1037/1037/1037
f 979/979/979 1037/1037/1037 980/980/980
f 980/980/980 1037/1037/1037 1038/1038/1038
f 980/980/980 1038/1038/1038 981/981/981
f 981/981/981 1038/1038/1038 1039/1039/1039
f 981/981/981 1039/1039/1039 982/982/982
f 982/982/982 1039/1039/1039 1040/1040/1040
f 982/982/982 1040/1040/1040 983/983/983
f 983/983/983 1040/1040/1040 1041/1041/1041
f 983/983/983 1041/1041/1041 984/984/984
f 984/984/984 1041/1041/1041 1042/1042/1042
f 984/984/984 1042/1042/1042 985/985/985
f 985/985/985 1042/1042/1042 1043/1043/1043
f 985/985/985 1043/1043/1043 986/986/986
f 986/986/986 1043/1043/1043 1044/1044/1044
f 986/986/986 1044/1044/1044 987/987/987
f 987/987/987 1044/1044/1044 1045/1045/1045
f 987/987/987 1045/1045/1045 988/988/988
f 988/988/988 1045/1045/1045 1046/1046/1046
f 988/988/988 1046/1046/1046 989/989/989
f 989/989/989 1046/1046/1046 1047/1047/1047
f 989/989/989 1047/1047/1047 990/990/990
f 990/990/990 1047/1047/1047 1048/1048/1048
f 990/990/990 1048/1048/1048 991/991/991
f 991/991/991 1048/1048/1048 1049/1049/1049
f 991/991/991 1049/1049/1049 992/992/992
f 992/992/992 1049/1049/1049 1050/1050/1050
f 992/992/992 1050/1050/1050 993/993/993
f 993/993/993 1050/1050/1050 1051/1051/1051
f 993/993/993 1051/1051/1051 994/994/994
f 994/994/994 1051/1051/1051 1052/1052/1052
f 994/994/994 1052/1052/1052 995/995/995
f 995/995/995 1052/1052/1052 1053/1053/1053
f 995/995/995 1053/1053/1053 996/996/996
f 996/996/996 1053/1053/1053 1054/1054/1054
f 996/996/996 1054/1054/1054 997/997/997
f 997/997/997 1054/1054/1054 1055/1055/1055
f 997/997/997 1055/1055/1055 998/998/998
f 998/998/998 1055/1055/1055 1056/1056/1056
f 998/998/998 1056/1056/1056 999/999/999
f 999/999/999 1056/1056/1056 1057/1057/1057
f 999/999/999 1057/1057/1057 1000/1000/1000
f 1000/1000/1000 1057/1057/1057 1058/1058/1058
f 1000/1000/1000 1058/1058/1058 1001/1001/1001
f 1001/1001/1001 1058/1058/1058 1059/1059/1059
f 1001/1001/1001 1059/1059/1059 1002/1002/1002
f 1002/1002/1002 1059/1059/1059 1060/1060/1060
f 1002/1002/1002 1060/1060/1060 1003/1003/1003
f 1003/1003/1003 1060/1060/1060 1061/1061/1061
f 1003/1003/1003 1061/1061/1061 1004/1004/1004
f 1004/1004/1004 1061/1061/1061 1062/1062/1062
f 1004/1004/1004 1062/1062/1062 1005/1005/1005
f 1005/1005/1005 1062/1062/1062 1063/1063/1063
f 1005/1005/1005 1063/1063/1063 1006/1006/1006
f 1006/1006/1006 1063/1063/1063 1064/1064/1064
f 1006/1006/1006 1064/1064/1064 1007/1007/1007
f 1007/1007/1007 1064/1064/1064 1065/1065/1065
f 1007/1007/1007 1065/1065/1065 1008/1008/1008
f 1008/1008/1008 1065/1065/1065 1066/1066/1066
f 1008/1008/1008 1066/1066/1066 1009/1009/1009
f 1009/1009/1009 1066/1066/1066 1067/1067/1067
f 1009/1009/1009 1067/1067/1067 1010/1010/1010
f 1010/1010/1010 1067/1067/1067 1068/1068/1068
f 1010/1010/1010 1068/1068/1068 1011/1011/1011
f 1011/1011/1011 1068/1068/1068 1069/1069/1069
f 1011/1011/1011 1069/1069/1069 1012/1012/1012
f 1012/1012/1012 1069/1069/1069 1070/1070/1070
f 1012/1012/1012 1070/1070/1070 1013/1013/1013
f 1013/1013/1013 1070/1070/1070 1071/1071/1071
f 1013/1013/1013 1071/1071/1071 1014/1014/1014
f 1014/1014/1014 1071/1071/1071 1072/1072/1072
f 1014/1014/1014 1072/1072/1072 1015/1015/1015
f 1015/1015/1015 1072/1072/1072 1073/1073/1073
f 1015/1015/1015 1073/1073/1073 1016/1016/1016
f 1016/1016/1016 1073/1073/1073 1074/1074/1074
f 1016/1016/1016 1074/1074/1074 1017/1017/1017
f 1017/1017/1017 1074/1074/1074 1075/1075/1075
f 1017/1017/1017 1075/1075/1075 1018/1018/1018
f 1018/1018/1018 1075/1075/1075 1076/1076/1076
f 1018/1018/1018 1076/1076/1076 1019/1019/1019
f 1019/1019/1019 1076/1076/1076 1077/1077/1077
f 1019/1019/1019 1077/1077/1077 1020/1020/1020
f 1020/1020/1020 1077/1077/1077 1078/1078/1078
f 1020/1020/1020 1078/1078/1078 1021/1021/1021
f 1021/1021/1021 1078/1078/1078 1079/1079/1079
f 1021/1021/1021 1079/1079/1079 1022/1022/1022
f 1022/1022/1022 1079/1079/1079 1080/1080/1080
f 1022/1022/1022 1080/1080/1080 1023/1023/1023
f 1023/1023/1023 1080/1080/1080 1081/1081/1081
f 1023/1023/1023 1081/1081/1081 1024/1024/1024
f 1024/1024/1024 1081/1081/1081 1082/1082/1082
f 1024/1024/1024 1082/1082/1082 1025/1025/1025
f 1025/1025/1025 1082/1082/1082 1083/1083/1083
f 1025/1025/1025 1083/1083/1083 1026/1026/1026
f 1027/1027/1027 1084/1084/1084 1085/1085/1085
f 1027/1027/1027 1085/1085/1085 1028/1028/1028
f 1028/1028/1028 1085/1085/1085 1086/1086/1086
f 1028/1028/1028 1086/1086/1086 1029/1029/1029
f 1029/1029/1029 1086/1086/1086 1087/1087/1087
f 1029/1029/1029 1087/1087/1087 1030/1030/1030
f 1030/1030/1030 1087/1087/1087 1088/1088/1088
f 1030/1030/1030 1088/1088/1088 1031/1031/1031
f 1031/1031/1031 1088/1088/1088 1089/1089/1089
f 1031/1031/1031 1089/1089/1089 1032/1032/1032
f 1032/1032/1032 1089/1089/1089 1090/1090/1090
f 1032/1032/1032 1090/1090/1090 1033/1033/1033
f 1033/1033/1033 1090/1090/1090 1091/1091/1091
f 1033/1033/1033 1091/1091/1091 1034/1034/1034
f 1034/1034/1034 1091/1091/1091 1092/1092/1092
f 1034/1034/1034 1092/1092/1092 1035/1035/1035
f 1035/1035/1035 1092/1092/1092 1093/1093/1093
f 1035/1035/1035 1093/1093/1093 1036/1036/1036
f 1036/1036/1036 1093/1093/1093 1094/1094/1094
f 1036/1036/1036 1094/1094/1094 1037/1037/1037
f 1037/1037/1037 1094/1094/1094 1095/1095/1095
f 1037/1037/1037 1095/1095/1095 1038/1038/1038
f 1038/1038/1038 1095/1095/1095 1096/1096/1096
f 1038/1038/1038 1096/1096/1096 1039/1039/1039
f 1039/1039/1039 1096/1096/1096 1097/1097/1097
f 1039/1039/1039 1097/1097/1097 1040/1040/1040
f 1040/1040/1040 1097/1097/1097 1098/1098/1098
f 1040/1040/1040 1098/1098/1098 1041/1041/1041
f 1041/1041/1041 1098/1098/1098 1099/1099/1099
f 1041/1041/1041 1099/1099/1099 1042/1042/1042
f 1042/1042/1042 1099/1099/1099 1100/1100/1100
f 1042/1042/1042 1100/1100/1100 1043/1043/1043
f 1043/1043/1043 1100/1100/1100 1101/1101/1101
f 1043/1043/1043 1101/1101/1101 1044/1044/1044
f 1044/1044/1044 1101/1101/1101 1102/1102/1102
f 1044/1044/1044 1102/1102/1102 1045/1045/1045
f 1045/1045/1045 1102/1102/1102 1103/1103/1103
f 1045/1045/1045 1103/1103/1103 1046/1046/1046
f 1046/1046/1046 1103/1103/1103 1104/1104/1104
f 1046/1046/1046 1104/1104/1104 1047/1047/1047
f 1047/1047/1047 1104/1104/1104 1105/1105/1105
f 1047/1047/1047 1105/1105/1105 1048/1048/1048
f 1048/1048/1048 1105/1105/1105 1106/1106/1106
f 1048/1048/1048 1106/1106/1106 1049/1049/1049
f 1049/1049/1049 1106/1106/1106 1107/1107/1107
f 1049/1049/1049 1107/1107/1107 1050/1050/1050
f 1050/1050/1050 1107/1107/1107 1108/1108/1108
f 1050/1050/1050 1108/1108/1108 1051/1051/1051
f 1051/1051/1051 1108/1108/1108 1109/1109/1109
f 1051/1051/1051 1109/1109/1109 1052/1052/1052
f 1052/1052/1052 1109/1109/1109 1110/1110/1110
f 1052/1052/1052 1110/1110/1110 1053/1053/1053
f 1053/1053/1053 1110/1110/1110 1111/1111/1111
f 1053/1053/1053 1111/1111/1111 1054/1054/1054
f 1054/1054/1054 1111/1111/1111 1112/1112/1112
f 1054/1054/1054 1112/1112/1112 1055/1055/1055
f 1055/1055/1055 1112/1112/1112 1113/1113/1113
f 1055/1055/1055 1113/1113/1113 1056/1056/1056
f 1056/1056/1056 1113/1113/1113 1114/1114/1114
f 1056/1056/1056 1114/1114/1114 1057/1057/1057
f 1057/1057/1057 1114/1114/1114 1115/1115/1115
f 1057/1057/1057 1115/1115/1115 1058/1058/1058
f 1058/1058/1058 1115/1115/1115 1116/1116/1116
f 1058/1058/1058 1116/1116/1116 1059/1059/1059
f 1059/1059/1059 1116/1116/1116 1117/1117/1117
f 1059/1059/1059 1117/1117/1117 1060/1060/1060
f 1060/1060/1060 1117/1117/1117 1118/1118/1118
f 1060/1060/1060 1118/1118/1118 1061/1061/1061
f 1061/1061/1061 1118/1118/1118 1119/1119/1119
f 1061/1061/1061 1119/1119/1119 1062/1062/1062
f 1062/1062/1062 1119/1119/1119 1120/1120/1120
f 1062/1062/1062 1120/1120/1120 1063/1063/1063
f 1063/1063/1063 1120/1120/1120 1121/1121/1121
f 1063/1063/1063 1121/1121/1121 1064/1064/1064
f 1064/1064/1064 1121/1121/1121 1122/1122/1122
f 1064/1064/1064 1122/1122/1122 1065/1065/1065
f 1065/1065/1065 1122/1122/1122 1123/1123/1123
f 1065/1065/1065 1123/1123/1123 1066/1066/1066
f 1066/1066/1066 1123/1123/1123 1124/1124/1124
f 1066/1066/1066 1124/1124/1124 1067/1067/1067
f 1067/1067/1067 1124/1124/1124 1125/1125/1125
f 1067/1067/1067 1125/1125/1125 1068/1068/1068
f 1068/1068/1068 1125/1125/1125 1126/1126/1126
f 1068/1068/1068 1126/1126/1126 1069/1069/1069
f 1069/1069/1069 1126/1126/1126 1127/1127/1127
f 1069/1069/1069 1127/1127/1127 1070/1070/1070
f 1070/1070/1070 1127/1127/1127 1128/1128/1128
f 1070/1070/1070 1128/1128/1128 1071/1071/1071
f 1071/1071/1071 1128/1128/1128 1129/1129/1129
f 1071/1071/1071 1129/1129/1129 1072/1072/1072
f 1072/1072/1072 1129/1129/1129 1130/1130/1130
f 1072/1072/1072 1130/1130/1130 1073/1073/1073
f 1073/1073/1073 1130/1130/1130 1131/1131/1131
f 1073/1073/1073 1131/1131/1131 1074/1074/1074
f 1074/1074/1074 1131/1131/1131 1132/1132/1132
f 1074/1074/1074 1132/1132/1132 1075/1075/1075
f 1075/1075/1075 1132/1132/1132 1133/1133/1133
f 1075/1075/1075 1133/1133/1133 1076/1076/1076
f 1076/1076/1076 1133/1133/1133 1134/1134/1134
f 1076/1076/1076 1134/1134/1134 1077/1077/1077
f 1077/1077/1077 1134/1134/1134 1135/1135/1135
f 1077/1077/1077 1135/1135/1135 1078/1078/1078
f 1078/1078/1078 1135/1135/1135 1136/1136/1136
f 1078/1078/1078 1136/1136/1136 1079/1079/1079
f 1079/1079/1079 1136/1136/1136 1137/1137/1137
f 1079/1079/1079 1137/1137/1137 1080/1080/1080
f 1080/1080/1080 1137/1137/1137 1138/1138/1138
f 1080/1080/1080 1138/1138/1138 1081/1081/1081
f 1081/1081/1081 1138/1138/1138 1139/1139/1139
f 1081/1081/1081 1139/1139/1139 1082/1082/1082
f 1082/1082/1082 1139/1139/1139 1140/1140/1140
f 1082/1082/1082 1140/1140/1140 1083/1083/1083
f 1084/1084/1084 1141/1141/1141 1142/1142/1142
f 1084/1084/1084 1142/1142/1142 1085/1085/1085
f 1085/1085/1085 1142/1142/1142 1143/1143/1143
f 1085/1085/1085 1143/1143/1143 1086/1086/1086
f 1086/1086/1086 1143/1143/1143 1144/1144/1144
f 1086/1086/1086 1144/1144/1144 1087/1087/1087
f 1087/1087/1087 1144/1144/1144 1145/1145/1145
f 1087/1087/1087 1145/1145/1145 1088/1088/1088
f 1088/1088/1088 1145/1145/1145 1146/1146/1146
f 1088/1088/1088 1146/1146/1146 1089/1089/1089
f 1089/1089/1089 1146/1146/1146 1147/1147/1147
f 1089/1089/1089 1147/1147/1147 1090/1090/1090
f 1090/1090/1090 1147/1147/1147 1148/1148/1148
f 1090/1090/1090 1148/1148/1148 1091/1091/1091
f 1091/1091/1091 1148/1148/1148 1149/1149/1149
f 1091/1091/1091 1149/1149/1149 1092/1092/1092
f 1092/1092/1092 1149/1149/1149 1150/1150/1150
f 1092/1092/1092 1150/1150/1150 1093/1093/1093
f 1093/1093/1093 1150/1150/1150 1151/1151/1151
f 1093/1093/1093 1151/1151/1151 1094/1094/1094
f 1094/1094/1094 1151/1151/1151 1152/1152/1152
f 1094/1094/1094 1152/1152/1152 1095/1095/1095
f 1095/1095/1095 1152/1152/1152 1153/1153/1153
f 1095/1095/1095 1153/1153/1153 1096/1096/1096
f 1096/1096/1096 1153/1153/1153 1154/1154/1154
f 1096/1096/1096 1154/1154/1154 1097/1097/1097
f 1097/1097/1097 1154/1154/1154 1155/1155/1155
f 1097/1097/1097 1155/1155/1155 1098/1098/1098
f 1098/1098/1098 1155/1155/1155 1156/1156/1156
f 1098/1098/1098 1156/1156/1156 1099/1099/1099
f 1099/1099/1099 1156/1156/1156 1157/1157/1157
f 1099/1099/1099 1157/1157/1157 1100/1100/1100
f 1100/1100/1100 1157/1157/1157 1158/1158/1158
f 1100/1100/1100 1158/1158/1158 1101/1101/1101
f 1101/1101/1101 1158/1158/1158 1159/1159/1159
f 1101/1101/1101 1159/1159/1159 1102/1102/1102
f 1102/1102/1102 1159/1159/1159 1160/1160/1160
f 1102/1102/1102 1160/1160/1160 1103/1103/1103
f 1103/1103/1103 1160/1160/1160 1161/1161/1161
f 1103/1103/1103 1161/1161/1161 1104/1104/1104
f 1104/1104/1104 1161/1161/1161 1162/1162/1162
f 1104/1104/1104 1162/1162/1162 1105/1105/1105
f 1105/1105/1105 1162/1162/1162 1163/1163/1163
f 1105/1105/1105 1163/1163/1163 1106/1106/1106
f 1106/1106/1106 1163/1163/1163 1164/1164/1164
f 1106/1106/1106 1164/1164/1164 1107/1107/1107
f 1107/1107/1107 1164/1164/1164 1165/1165/1165
f 1107/1107/1107 1165/1165/1165 1108/1108/1108
f 1108/1108/1108 1165/1165/1165 1166/1166/1166
f 1108/1108/1108 1166/1166/1166 1109/1109/1109
f 1109/1109/1109 1166/1166/1166 1167/1167/1167
f 1109/1109/1109 1167/1167/1167 1110/1110/1110
f 1110/1110/1110 1167/1167/1167 1168/1168/1168
f 1110/1110/1110 1168/1168/1168 1111/1111/1111
f 1111/1111/1111 1168/1168/1168 1169/1169/1169
f 1111/1111/1111 1169/1169/1169 1112/1112/1112
f 1112/1112/1112 1169/1169/1169 1170/1170/1170
f 1112/1112/1112 1170/1170/1170 1113/1113/1113
f 1113/1113/1113 1170/1170/1170 1171/1171/1171
f 1113/1113/1113 1171/1171/1171 1114/1114/1114
f 1114/1114/1114 1171/1171/1171 1172/1172/1172
f 1114/1114/1114 1172/1172/1172 1115/1115/1115
f 1115/1115/1115 1172/1172/1172 1173/1173/1173
f 1115/1115/1115 1173/1173/1173 1116/1116/1116
f 1116/1116/1116 1173/1173/1173 1174/1174/1174
f 1116/1116/1116 1174/1174/1174 1117/1117/1117
f 1117/1117/1117 1174/1174/1174 1175/1175/1175
f 1117/1117/1117 1175/1175/1175 1118/1118/1118
f 1118/1118/1118 1175/1175/1175 1176/1176/1176
f 1118/1118/1118 1176/1176/1176 1119/1119/1119
f 1119/1119/1119 1176/1176/1176 1177/1177/1177
f 1119/1119/1119 1177/1177/1177 1120/1120/1120
f 1120/1120/1120 1177/1177/1177 1178/1178/1178
f 1120/1120/1120 1178/1178/1178 1121/1121/1121
f 1121/1121/1121 1178/1178/1178 1179/1179/1179
f 1121/1121/1121 1179/1179/1179 1122/1122/1122
f 1122/1122/1122 1179/1179/1179 1180/1180/1180
f 1122/1122/1122 1180/1180/1180 1123/1123/1123
f 1123/1123/1123 1180/1180/1180 1181/1181/1181
f 1123/1123/1123 1181/1181/1181 1124/1124/1124
f 1124/1124/1124 1181/1181/1181 1182/1182/1182
f 1124/1124/1124 1182/1182/1182 1125/1125/1125
f 1125/1125/1125 1182/1182/1182 1183/1183/1183
f 1125/1125/1125 1183/1183/1183 1126/1126/1126
f 1126/1126/1126 1183/1183/1183 1184/1184/1184
f 1126/1126/1126 1184/1184/1184 1127/1127/1127
f 1127/1127/1127 1184/1184/1184 1185/1185/1185
f 1127/1127/1127 1185/1185/1185 1128/1128/1128
f 1128/1128/1128 1185/1185/1185 1186/1186/1186
f 1128/1128/1128 1186/1186/1186 1129/1129/1129
f 1129/1129/1129 1186/1186/1186 1187/1187/1187
f 1129/1129/1129 1187/1187/1187 1130/1130/1130
f 1130/1130/1130 1187/1187/1187 1188/1188/1188
f 1130/1130/1130 1188/1188/1188 1131/1131/1131
f 1131/1131/1131 1188/1188/1188 1189/1189/1189
f 1131/1131/1131 1189/1189/1189 1132/1132/1132
f 1132/1132/1132 1189/1189/1189 1190/1190/1190
f 1132/1132/1132 1190/1190/1190 1133/1133/1133
f 1133/1133/1133 1190/1190/1190 1191/1191/1191
f 1133/1133/1133 1191/1191/1191 1134/1134/1134
f 1134/1134/1134 1191/1191/1191 1192/1192/1192
f 1134/1134/1134 1192/1192/1192 1135/1135/1135
f 1135/1135/1135 1192/1192/1192 1193/1193/1193
f 1135/1135/1135 1193/1193/1193 1136/1136/1136
f 1136/1136/1136 1193/1193/1193 1194/1194/1194
f 1136/1136/1136 1194/1194/1194 1137/1137/1137
f 1137/1137/1137 1194/1194/1194 1195/1195/1195
f 1137/1137/1137 1195/1195/1195 1138/1138/1138
f 1138/1138/1138 1195/1195/1195 1196/1196/1196
f 1138/1138/1138 1196/1196/1196 1139/1139/1139
f 1139/1139/1139 1196/1196/1196 1197/1197/1197
f 1139/1139/1139 1197/1197/1197 1140/1140/1140
f 1141/1141/1141 1198/1198/1198 1199/1199/1199
f 1141/1141/1141 1199/1199/1199 1142/1142/1142
f 1142/1142/1142 1199/1199/1199 1200/1200/1200
f 1142/1142/1142 1200/1200/1200 1143/1143/1143
f 1143/1143/1143 1200/1200/1200 1201/1201/1201
f 1143/1143/1143 1201/1201/1201 1144/1144/1144
f 1144/1144/1144 1201/1201/1201 1202/1202/1202
f 1144/1144/1144 1202/1202/1202 1145/1145/1145
f 1145/1145/1145 1202/1202/1202 1203/1203/1203
f 1145/1145/1145 1203/1203/1203 1146/1146/1146
f 1146/1146/1146 1203/1203/1203 1204/1204/1204
f 1146/1146/1146 1204/1204/1204 1147/1147/1147
f 1147/1147/1147 1204/1204/1204 1205/1205/1205
f 1147/1147/1147 1205/1205/1205 1148/1148/1148
f 1148/1148/1148 1205/1205/1205 1206/1206/1206
f 1148/1148/1148 1206/1206/1206 1149/1149/1149
f 1149/1149/1149 1206/1206/1206 1207/1207/1207
f 1149/1149/1149 1207/1207/1207 1150/1150/1150
f 1150/1150/1150 1207/1207/1207 1208/1208/1208
f 1150/1150/1150 1208/1208/1208 1151/1151/1151
f 1151/1151/1151 1208/1208/1208 1209/1209/1209
f 1151/1151/1151 1209/1209/1209 1152/1152/1152
f 1152/1152/1152 1209/1209/1209 1210/1210/1210
f 1152/1152/1152 1210/1210/1210 1153/1153/1153
f 1153/1153/1153 1210/1210/1210 1211/1211/1211
f 1153/1153/1153 1211/1211/1211 1154/1154/1154
f 1154/1154/1154 1211/1211/1211 1212/1212/1212
f 1154/1154/1154 1212/1212/1212 1155/1155/1155
f 1155/1155/1155 1212/1212/1212 1213/1213/1213
f 1155/1155/1155 1213/1213/1213 1156/1156/1156
f 1156/1156/1156 1213/1213/1213 1214/1214/1214
f 1156/1156/1156 1214/1214/1214 1157/1157/1157
f 1157/1157/1157 1214/1214/1214 1215/1215/1215
f 1157/1157/1157 1215/1215/1215 1158/1158/1158
f 1158/1158/1158 1215/1215/1215 1216/1216/1216
f 1158/1158/1158 1216/1216/1216 1159/1159/1159
f 1159/1159/1159 1216/1216/1216 1217/1217/1217
f 1159/1159/1159 1217/1217/1217 1160/1160/1160
f 1160/1160/1160 1217/1217/1217 1218/1218/1218
f 1160/1160/1160 1218/1218/1218 1161/1161/1161
f 1161/1161/1161 1218/1218/1218 1219/1219/1219
f 1161/1161/1161 1219/1219/1219 1162/1162/1162
f 1162/1162/1162 1219/1219/1219 1220/1220/1220
f 1162/1162/1162 1220/1220/1220 1163/1163/1163
f 1163/1163/1163 1220/1220/1220 1221/1221/1221
f 1163/1163/1163 1221/1221/1221 1164/1164/1164
f 1164/1164/1164 1221/1221/1221 1222/1222/1222
f 1164/1164/1164 1222/1222/1222 1165/1165/1165
f 1165/1165/1165 1222/1222/1222 1223/1223/1223
f 1165/1165/1165 1223/1223/1223 1166/1166/1166
f 1166/1166/1166 1223/1223/1223 1224/1224/1224
f 1166/1166/1166 1224/1224/1224 1167/1167/1167
f 1167/1167/1167 1224/1224/1224 1225/1225/1225
f 1167/1167/1167 1225/1225/1225 1168/1168/1168
f 1168/1168/1168 1225/1225/1225 1226/1226/1226
f 1168/1168/1168 1226/1226/1226 1169/1169/1169
f 1169/1169/1169 1226/1226/1226 1227/1227/1227
f 1169/1169/1169 1227/1227/1227 1170/1170/1170
f 1170/1170/1170 1227/1227/1227 1228/1228/1228
f 1170/1170/1170 1228/1228/1228 1171/1171/1171
f 1171/1171/1171 1228/1228/1228 1229/1229/1229
f 1171/1171/1171 1229/1229/1229 1172/1172/1172
f 1172/1172/1172 1229/1229/1229 1230/1230/1230
f 1172/1172/1172 1230/1230/1230 1173/1173/1173
f 1173/1173/1173 1230/1230/1230 1231/1231/1231
f 1173/1173/1173 1231/1231/1231 1174/1174/1174
f 1174/1174/1174 1231/1231/1231 1232/1232/1232
f 1174/1174/1174 1232/1232/1232 1175/1175/1175
f 1175/1175/1175 1232/1232/1232 1233/1233/1233
f 1175/1175/1175 1233/1233/1233 1176/1176/1176
f 1176/1176/1176 1233/1233/1233 1234/1234/1234
f 1176/1176/1176 1234/1234/1234 1177/1177/1177
f 1177/1177/1177 1234/1234/1234 1235/1235/1235
f 1177/1177/1177 1235/1235/1235 1178/1178/1178
f 1178/1178/1178 1235/1235/1235 1236/1236/1236
f 1178/1178/1178 1236/1236/1236 1179/1179/1179
f 1179/1179/1179 1236/1236/1236 1237/1237/1237
f 1179/1179/1179 1237/1237/1237 1180/1180/1180
f 1180/1180/1180 1237/1237/1237 1238/1238/1238
f 1180/1180/1180 1238/1238/1238 1181/1181/1181
f 1181/1181/1181 1238/1238/1238 1239/1239/1239
f 1181/1181/1181 1239/1239/1239 1182/1182/1182
f 1182/1182/1182 1239/1239/1239 1240/1240/1240
f 1182/1182/1182 1240/1240/1240 1183/1183/1183
f 1183/1183/1183 1240/1240/1240 1241/1241/1241
f 1183/1183/1183 1241/1241/1241 1184/1184/1184
f 1184/1184/1184 1241/1241/1241 1242/1242/1242
f 1184/1184/1184 1242/1242/1242 1185/1185/1185
f 1185/1185/1185 1242/1242/1242 1243/1243/1243
f 1185/1185/1185 1243/1243/1243 1186/1186/1186
f 1186/1186/1186 1243/1243/1243 1244/1244/1244
f 1186/1186/1186 1244/1244/1244 1187/1187/1187
f 1187/1187/1187 1244/1244/1244 1245/1245/1245
f 1187/1187/1187 1245/1245/1245 1188/1188/1188
f 1188/1188/1188 1245/1245/1245 1246/1246/1246
f 1188/1188/1188 1246/1246/1246 1189/1189/1189
f 1189/1189/1189 1246/1246/1246 1247/1247/1247
f 1189/1189/1189 1247/1247/1247 1190/1190/1190
f 1190/1190/1190 1247/1247/1247 1248/1248/1248
f 1190/1190/1190 1248/1248/1248 1191/1191/1191
f 1191/1191/1191 1248/1248/1248 1249/1249/1249
f 1191/1191/1191 1249/1249/1249 1192/1192/1192
f 1192/1192/1192 1249/1249/1249 1250/1250/1250
f 1192/1192/1192 1250/1250/1250 1193/1193/1193
f 1193/1193/1193 1250/1250/1250 1251/1251/1251
f 1193/1193/1193 1251/1251/1251 1194/1194/1194
f 1194/1194/1194 1251/1251/1251 1252/1252/1252
f 1194/1194/1194 1252/1252/1252 1195/1195/1195
f 1195/1195/1195 1252/1252/1252 1253/1253/1253
f 1195/1195/1195 1253/1253/1253 1196/1196/1196
f 1196/1196/1196 1253/1253/1253 1254/1254/1254
f 1196/1196/1196 1254/1254/1254 1197/1197/1197
f 1198/1198/1198 1255/1255/1255 1256/1256/1256
f 1198/1198/1198 1256/1256/1256 1199/1199/1199
f 1199/1199/1199 1256/1256/1256 1257/1257/1257
f 1199/1199/1199 1257/1257/1257 1200/1200/1200
f 1200/1200/1200 1257/1257/1257 1258/1258/1258
f 1200/1200/1200 1258/1258/1258 1201/1201/1201
f 1201/1201/1201 1258/1258/1258 1259/1259/1259
f 1201/1201/1201 1259/1259/1259 1202/1202/1202
f 1202/1202/1202 1259/1259/1259 1260/1260/1260
f 1202/1202/1202 1260/1260/1260 1203/1203/1203
f 1203/1203/1203 1260/1260/1260 1261/1261/1261
f 1203/1203/1203 1261/1261/1261 1204/1204/1204
f 1204/1204/1204 1261/1261/1261 1262/1262/1262
f 1204/1204/1204 1262/1262/1262 1205/1205/1205
f 1205/1205/1205 1262/1262/1262 1263/1263/1263
f 1205/1205/1205 1263/1263/1263 1206/1206/1206
f 1206/1206/1206 1263/1263/1263 1264/1264/1264
f 1206/1206/1206 1264/1264/1264 1207/1207/1207
f 1207/1207/1207 1264/1264/1264 1265/1265/1265
f 1207/1207/1207 1265/1265/1265 1208/1208/1208
f 1208/1208/1208 1265/1265/1265 1266/1266/1266
f 1208/1208/1208 1266/1266/1266 1209/1209/1209
f 1209/1209/1209 1266/1266/1266 1267/1267/1267
f 1209/1209/1209 1267/1267/1267 1210/1210/1210
f 1210/1210/1210 1267/1267/1267 1268/1268/1268
f 1210/1210/1210 1268/1268/1268 1211/1211/1211
f 1211/1211/1211 1268/1268/1268 1269/1269/1269
f 1211/1211/1211 1269/1269/1269 1212/1212/1212
f 1212/1212/1212 1269/1269/1269 1270/1270/1270
f 1212/1212/1212 1270/1270/1270 1213/1213/1213
f 1213/1213/1213 1270/1270/1270 1271/1271/1271
f 1213/1213/1213 1271/1271/1271 1214/1214/1214
f 1214/1214/1214 1271/1271/1271 1272/1272/1272
f 1214/1214/1214 1272/1272/1272 1215/1215/1215
f 1215/1215/1215 1272/1272/1272 1273/1273/1273
f 1215/1215/1215 1273/1273/1273 1216/1216/1216
f 1216/1216/1216 1273/1273/1273 1274/1274/1274
f 1216/1216/1216 1274/1274/1274 1217/1217/1217
f 1217/1217/1217 1274/1274/1274 1275/1275/1275
f 1217/1217/1217 1275/1275/1275 1218/1218/1218
f 1218/1218/1218 1275/1275/1275 1276/1276/1276
f 1218/1218/1218 1276/1276/1276 1219/1219/1219
f 1219/1219/1219 1276/1276/1276 1277/1277/1277
f 1219/1219/1219 1277/1277/1277 1220/1220/1220
f 1220/1220/1220 1277/1277/1277 1278/1278/1278
f 1220/1220/1220 1278/1278/1278 1221/1221/1221
f 1221/1221/1221 1278/1278/1278 1279/1279/1279
f 1221/1221/1221 1279/1279/1279 1222/1222/1222
f 1222/1222/1222 1279/1279/1279 1280/1280/1280
f 1222/1222/1222 1280/1280/1280 1223/1223/1223
f 1223/1223/1223 1280/1280/1280 1281/1281/1281
f 1223/1223/1223 1281/1281/1281 1224/1224/1224
f 1224/1224/1224 1281/1281/1281 1282/1282/1282
f 1224/1224/1224 1282/1282/1282 1225/1225/1225
f 1225/1225/1225 1282/1282/1282 1283/1283/1283
f 1225/1225/1225 1283/1283/1283 1226/1226/1226
f 1226/1226/1226 1283/1283/1283 1284/1284/1284
f 1226/1226/1226 1284/1284/1284 1227/1227/1227
f 1227/1227/1227 1284/1284/1284 1285/1285/1285
f 1227/1227/1227 1285/1285/1285 1228/1228/1228
f 1228/1228/1228 1285/1285/1285 1286/1286/1286
f 1228/1228/1228 1286/1286/1286 1229/1229/1229
f 1229/1229/1229 1286/1286/1286 1287/1287/1287
f 1229/1229/1229 1287/1287/1287 1230/1230/1230
f 1230/1230/1230 1287/1287/1287 1288/1288/1288
f 1230/1230/1230 1288/1288/1288 1231/1231/1231
f 1231/1231/1231 1288/1288/1288 1289/1289/1289
f 1231/1231/1231 1289/1289/1289 1232/1232/1232
f 1232/1232/1232 1289/1289/1289 1290/1290/1290
f 1232/1232/1232 1290/1290/1290 1233/1233/1233
f 1233/1233/1233 1290/1290/1290 1291/1291/1291
f 1233/1233/1233 1291/1291/1291 1234/1234/1234
f 1234/1234/1234 1291/1291/1291 1292/1292/1292
f 1234/1234/1234 1292/1292/1292 1235/1235/1235
f 1235/1235/1235 1292/1292/1292 1293/1293/1293
f 1235/1235/1235 1293/1293/1293 1236/1236/1236
f 1236/1236/1236 1293/1293/1293 1294/1294/1294
f 1236/1236/1236 1294/1294/1294 1237/1237/1237
f 1237/1237/1237 1294/1294/1294 1295/1295/1295
f 1237/1237/1237 1295/1295/1295 1238/1238/1238
f 1238/1238/1238 1295/1295/1295 1296/1296/1296
f 1238/1238/1238 1296/1296/1296 1239/1239/1239
f 1239/1239/1239 1296/1296/1296 1297/1297/1297
f 1239/1239/1239 1297/1297/1297 1240/1240/1240
f 1240/1240/1240 1297/1297/1297 1298/1298/1298
f 1240/1240/1240 1298/1298/1298 1241/1241/1241
f 1241/1241/1241 1298/1298/1298 1299/1299/1299
f 1241/1241/1241 1299/1299/1299 1242/1242/1242
f 1242/1242/1242 1299/1299/1299 1300/1300/1300
f 1242/1242/1242 1300/1300/1300 1243/1243/1243
f 1243/1243/1243 1300/1300/1300 1301/1301/1301
f 1243/1243/1243 1301/1301/1301 1244/1244/1244
f 1244/1244/1244 1301/1301/1301 1302/1302/1302
f 1244/1244/1244 1302/1302/1302 1245/1245/1245
f 1245/1245/1245 1302/1302/1302 1303/1303/1303
f 1245/1245/1245 1303/1303/1303 1246/1246/1246
f 1246/1246/1246 1303/1303/1303 1304/1304/1304
f 1246/1246/1246 1304/1304/1304 1247/1247/1247
f 1247/1247/1247 1304/1304/1304 1305/1305/1305
f 1247/1247/1247 1305/1305/1305 1248/1248/1248
f 1248/1248/1248 1305/1305/1305 1306/1306/1306
f 1248/1248/1248 1306/1306/1306 1249/1249/1249
f 1249/1249/1249 1306/1306/1306 1307/1307/1307
f 1249/1249/1249 1307/1307/1307 1250/1250/1250
f 1250/1250/1250 1307/1307/1307 1308/1308/1308
f 1250/1250/1250 1308/1308/1308 1251/1251/1251
f 1251/1251/1251 1308/1308/1308 1309/1309/1309
f 1251/1251/1251 1309/1309/1309 1252/1252/1252
f 1252/1252/1252 1309/1309/1309 1310/1310/1310
f 1252/1252/1252 1310/1310/1310 1253/1253/1253
f 1253/1253/1253 1310/1310/1310 1311/1311/1311
f 1253/1253/1253 1311/1311/1311 1254/1254/1254
f 1255/1255/1255 1312/1312/1312 1313/1313/1313
f 1255/1255/1255 1313/1313/1313 1256/1256/1256
f 1256/1256/1256 1313/1313/1313 1314/1314/1314
f 1256/1256/1256 1314/1314/1314 1257/1257/1257
f 1257/1257/1257 1314/1314/1314 1315/1315/1315
f 1257/1257/1257 1315/1315/1315 1258/1258/1258
f 1258/1258/1258 1315/1315/1315 1316/1316/1316
f 1258/1258/1258 1316/1316/1316 1259/1259/1259
f 1259/1259/1259 1316/1316/1316 1317/1317/1317
f 1259/1259/1259 1317/1317/1317 1260/1260/1260
f 1260/1260/1260 1317/1317/1317 1318/1318/1318
f 1260/1260/1260 1318/1318/1318 1261/1261/1261
f 1261/1261/1261 1318/1318/1318 1319/1319/1319
f 1261/1261/1261 1319/1319/1319 1262/1262/1262
f 1262/1262/1262 1319/1319/1319 1320/1320/1320
f 1262/1262/1262 1320/1320/1320 1263/1263/1263
f 1263/1263/1263 1320/1320/1320 1321/1321/1321
f 1263/1263/1263 1321/1321/1321 1264/1264/1264
f 1264/1264/1264 1321/1321/1321 1322/1322/1322
f 1264/1264/1264 1322/1322/1322 1265/1265/1265
f 1265/1265/1265 1322/1322/1322 1323/1323/1323
f 1265/1265/1265 1323/1323/1323 1266/1266/1266
f 1266/1266/1266 1323/1323/1323 1324/1324/1324
f 1266/1266/1266 1324/1324/1324 1267/1267/1267
f 1267/1267/1267 1324/1324/1324 1325/1325/1325
f 1267/1267/1267 1325/1325/1325 1268/1268/1268
f 1268/1268/1268 1325/1325/1325 1326/1326/1326
f 1268/1268/1268 1326/1326/1326 1269/1269/1269
f 1269/1269/1269 1326/1326/1326 1327/1327/1327
f 1269/1269/1269 1327/1327/1327 1270/1270/1270
f 1270/1270/1270 1327/1327/1327 1328/1328/1328
f 1270/1270/1270 1328/1328/1328 1271/1271/1271
f 1271/1271/1271 1328/1328/1328 1329/1329/1329
f 1271/1271/1271 1329/1329/1329 1272/1272/1272
f 1272/1272/1272 1329/1329/1329 1330/1330/1330
f 1272/1272/1272 1330/1330/1330 1273/1273/1273
f 1273/1273/1273 1330/1330/1330 1331/1331/1331
f 1273/1273/1273 1331/1331/1331 1274/1274/1274
f 1274/1274/1274 1331/1331/1331 1332/1332/1332
f 1274/1274/1274 1332/1332/1332 1275/1275/1275
f 1275/1275/1275 1332/1332/1332 1333/1333/1333
f 1275/1275/1275 1333/1333/1333 1276/1276/1276
f 1276/1276/1276 1333/1333/1333 1334/1334/1334
f 1276/1276/1276 1334/1334/1334 1277/1277/1277
f 1277/1277/1277 1334/1334/1334 1335/1335/1335
f 1277/1277/1277 1335/1335/1335 1278/1278/1278
f 1278/1278/1278 1335/1335/1335 1336/1336/1336
f 1278/1278/1278 1336/1336/1336 1279/1279/1279
f 1279/1279/1279 1336/1336/1336 1337/1337/1337
f 1279/1279/1279 1337/1337/1337 1280/1280/1280
f 1280/1280/1280 1337/1337/1337 1338/1338/1338
f 1280/1280/1280 1338/1338/1338 1281/1281/1281
f 1281/1281/1281 1338/1338/1338 1339/1339/1339
f 1281/1281/1281 1339/1339/1339 1282/1282/1282
f 1282/1282/1282 1339/1339/1339 1340/1340/1340
f 1282/1282/1282 1340/1340/1340 1283/1283/1283
f 1283/1283/1283 1340/1340/1340 1341/1341/1341
f 1283/1283/1283 1341/1341/1341 1284/1284/1284
f 1284/1284/1284 1341/1341/1341 1342/1342/1342
f 1284/1284/1284 1342/1342/1342 1285/1285/1285
f 1285/1285/1285 1342/1342/1342 1343/1343/1343
f 1285/1285/1285 1343/1343/1343 1286/1286/1286
f 1286/1286/1286 1343/1343/1343 1344/1344/1344
f 1286/1286/1286 1344/1344/1344 1287/1287/1287
f 1287/1287/1287 1344/1344/1344 1345/1345/1345
f 1287/1287/1287 1345/1345/1345 1288/1288/1288
f 1288/1288/1288 1345/1345/1345 1346/1346/1346
f 1288/1288/1288 1346/1346/1346 1289/1289/1289
f 1289/1289/1289 1346/1346/1346 1347/1347/1347
f 1289/1289/1289 1347/1347/1347 1290/1290/1290
f 1290/1290/1290 1347/1347/1347 1348/1348/1348
f 1290/1290/1290 1348/1348/1348 1291/1291/1291
f 1291/1291/1291 1348/1348/1348 1349/1349/1349
f 1291/1291/1291 1349/1349/1349 1292/1292/1292
f 1292/1292/1292 1349/1349/1349 1350/1350/1350
f 1292/1292/1292 1350/1350/1350 1293/1293/1293
f 1293/1293/1293 1350/1350/1350 1351/1351/1351
f 1293/1293/1293 1351/1351/1351 1294/1294/1294
f 1294/1294/1294 1351/1351/1351 1352/1352/1352
f 1294/1294/1294 1352/1352/1352 1295/1295/1295
f 1295/1295/1295 1352/1352/1352 1353/1353/1353
f 1295/1295/1295 1353/1353/1353 1296/1296/1296
f 1296/1296/1296 1353/1353/1353 1354/1354/1354
f 1296/1296/1296 1354/1354/1354 1297/1297/1297
f 1297/1297/1297 1354/1354/1354 1355/1355/1355
f 1297/1297/1297 1355/1355/1355 1298/1298/1298
f 1298/1298/1298 1355/1355/1355 1356/1356/1356
f 1298/1298/1298 1356/1356/1356 1299/1299/1299
f 1299/1299/1299 1356/1356/1356 1357/1357/1357
f 1299/1299/1299 1357/1357/1357 1300/1300/1300
f 1300/1300/1300 1357/1357/1357 1358/1358/1358
f 1300/1300/1300 1358/1358/1358 1301/1301/1301
f 1301/1301/1301 1358/1358/1358 1359/1359/1359
f 1301/1301/1301 1359/1359/1359 1302/1302/1302
f 1302/1302/1302 1359/1359/1359 1360/1360/1360
f 1302/1302/1302 1360/1360/1360 1303/1303/1303
f 1303/1303/1303 1360/1360/1360 1361/1361/1361
f 1303/1303/1303 1361/1361/1361 1304/1304/1304
f 1304/1304/1304 1361/1361/1361 1362/1362/1362
f 1304/1304/1304 1362/1362/1362 1305/1305/1305
f 1305/1305/1305 1362/1362/1362 1363/1363/1363
f 1305/1305/1305 1363/1363/1363 1306/1306/1306
f 1306/1306/1306 1363/1363/1363 1364/1364/1364
f 1306/1306/1306 1364/1364/1364 1307/1307/1307
f 1307/1307/1307 1364/1364/1364 1365/1365/1365
f 1307/1307/1307 1365/1365/1365 1308/1308/1308
f 1308/1308/1308 1365/1365/1365 1366/1366/1366
f 1308/1308/1308 1366/1366/1366 1309/1309/1309
f 1309/1309/1309 1366/1366/1366 1367/1367/1367
f 1309/1309/1309 1367/1367/1367 1310/1310/1310
f 1310/1310/1310 1367/1367/1367 1368/1368/1368
f 1310/1310/1310 1368/1368/1368 1311/1311/1311
f 1312/1312/1312 1369/1369/1369 1370/1370/1370
f 1312/1312/1312 1370/1370/1370 1313/1313/1313
f 1313/1313/1313 1370/1370/1370 1371/1371/1371
f 1313/1313/1313 1371/1371/1371 1314/1314/1314
f 1314/1314/1314 1371/1371/1371 1372/1372/1372
f 1314/1314/1314 1372/1372/1372 1315/1315/1315
f 1315/1315/1315 1372/1372/1372 1373/1373/1373
f 1315/1315/1315 1373/1373/1373 1316/1316/1316
f 1316/1316/1316 1373/1373/1373 1374/1374/1374
f 1316/1316/1316 1374/1374/1374 1317/1317/1317
f 1317/1317/1317 1374/1374/1374 1375/1375/1375
f 1317/1317/1317 1375/1375/1375 1318/1318/1318
f 1318/1318/1318 1375/1375/1375 1376/1376/1376
f 1318/1318/1318 1376/1376/1376 1319/1319/1319
f 1319/1319/1319 1376/1376/1376 1377/1377/1377
f 1319/1319/1319 1377/1377/1377 1320/1320/1320
f 1320/1320/1320 1377/1377/1377 1378/1378/1378
f 1320/1320/1320 1378/1378/1378 1321/1321/1321
f 1321/1321/1321 1378/1378/1378 1379/1379/1379
f 1321/1321/1321 1379/1379/1379 1322/1322/1322
f 1322/1322/1322 1379/1379/1379 1380/1380/1380
f 1322/1322/1322 1380/1380/1380 1323/1323/1323
f 1323/1323/1323 1380/1380/1380 1381/1381/1381
f 1323/1323/1323 1381/1381/1381 1324/1324/1324
f 1324/1324/1324 1381/1381/1381 1382/1382/1382
f 1324/1324/1324 1382/1382/1382 1325/1325/1325
f 1325/1325/1325 1382/1382/1382 1383/1383/1383
f 1325/1325/1325 1383/1383/1383 1326/1326/1326
f 1326/1326/1326 1383/1383/1383 1384/1384/1384
f 1326/1326/1326 1384/1384/1384 1327/1327/1327
f 1327/1327/1327 1384/1384/1384 1385/1385/1385
f 1327/1327/1327 1385/1385/1385 1328/1328/1328
f 1328/1328/1328 1385/1385/1385 1386/1386/1386
f 1328/1328/1328 1386/1386/1386 1329/1329/1329
f 1329/1329/1329 1386/1386/1386 1387/1387/1387
f 1329/1329/1329 1387/1387/1387 1330/1330/1330
f 1330/1330/1330 1387/1387/1387 1388/1388/1388
f 1330/1330/1330 1388/1388/1388 1331/1331/1331
f 1331/1331/1331 1388/1388/1388 1389/1389/1389
f 1331/1331/1331 1389/1389/1389 1332/1332/1332
f 1332/1332/1332 1389/1389/1389 1390/1390/1390
f 1332/1332/1332 1390/1390/1390 1333/1333/1333
f 1333/1333/1333 1390/1390/1390 1391/1391/1391
f 1333/1333/1333 1391/1391/1391 1334/1334/1334
f 1334/1334/1334 1391/1391/1391 1392/1392/1392
f 1334/1334/1334 1392/1392/1392 1335/1335/1335
f 1335/1335/1335 1392/1392/1392 1393/1393/1393
f 1335/1335/1335 1393/1393/1393 1336/1336/1336
f 1336/1336/1336 1393/1393/1393 1394/1394/1394
f 1336/1336/1336 1394/1394/1394 1337/1337/1337
f 1337/1337/1337 1394/1394/1394 1395/1395/1395
f 1337/1337/1337 1395/1395/1395 1338/1338/1338
f 1338/1338/1338 1395/1395/1395 1396/1396/1396
f 1338/1338/1338 1396/1396/1396 1339/1339/1339
f 1339/1339/1339 1396/1396/1396 1397/1397/1397
f 1339/1339/1339 1397/1397/1397 1340/1340/1340
f 1340/1340/1340 1397/1397/1397 1398/1398/1398
f 1340/1340/1340 1398/1398/1398 1341/1341/1341
f 1341/1341/1341 1398/1398/1398 1399/1399/1399
f 1341/1341/1341 1399/1399/1399 1342/1342/1342
f 1342/1342/1342 1399/1399/1399 1400/1400/1400
f 1342/1342/1342 1400/1400/1400 1343/1343/1343
f 1343/1343/1343 1400/1400/1400 1401/1401/1401
f 1343/1343/1343 1401/1401/1401 1344/1344/1344
f 1344/1344/1344 1401/1401/1401 1402/1402/1402
f 1344/1344/1344 1402/1402/1402 1345/1345/1345
f 1345/1345/1345 1402/1402/1402 1403/1403/1403
f 1345/1345/1345 1403/1403/1403 1346/1346/1346
f 1346/1346/1346 1403/1403/1403 1404/1404/1404
f 1346/1346/1346 1404/1404/1404 1347/1347/1347
f 1347/1347/1347 1404/1404/1404 1405/1405/1405
f 1347/1347/1347 1405/1405/1405 1348/1348/1348
f 1348/1348/1348 1405/1405/1405 1406/1406/1406
f 1348/1348/1348 1406/1406/1406 1349/1349/1349
f 1349/1349/1349 1406/1406/1406 1407/1407/1407
f 1349/1349/1349 1407/1407/1407 1350/1350/1350
f 1350/1350/1350 1407/1407/1407 1408/1408/1408
f 1350/1350/1350 1408/1408/1408 1351/1351/1351
f 1351/1351/1351 1408/1408/1408 1409/1409/1409
f 1351/1351/1351 1409/1409/1409 1352/1352/1352
f 1352/1352/1352 1409/1409/1409 1410/1410/1410
f 1352/1352/1352 1410/1410/1410 1353/1353/1353
f 1353/1353/1353 1410/1410/1410 1411/1411/1411
f 1353/1353/1353 1411/1411/1411 1354/1354/1354
f 1354/1354/1354 1411/1411/1411 1412/1412/1412
f 1354/1354/1354 1412/1412/1412 1355/1355/1355
f 1355/1355/1355 1412/1412/1412 1413/1413/1413
f 1355/1355/1355 1413/1413/1413 1356/1356/1356
f 1356/1356/1356 1413/1413/1413 1414/1414/1414
f 1356/1356/1356 1414/1414/1414 1357/1357/1357
f 1357/1357/1357 1414/1414/1414 1415/1415/1415
f 1357/1357/1357 1415/1415/1415 1358/1358/1358
f 1358/1358/1358 1415/1415/1415 1416/1416/1416
f 1358/1358/1358 1416/1416/1416 1359/1359/1359
f 1359/1359/1359 1416/1416/1416 1417/1417/1417
f 1359/1359/1359 1417/1417/1417 1360/1360/1360
f 1360/1360/1360 1417/1417/1417 1418/1418/1418
f 1360/1360/1360 1418/1418/1418 1361/1361/1361
f 1361/1361/1361 1418/1418/1418 1419/1419/1419
f 1361/1361/1361 1419/1419/1419 1362/1362/1362
f 1362/1362/1362 1419/1419/1419 1420/1420/1420
f 1362/1362/1362 1420/1420/1420 1363/1363/1363
f 1363/1363/1363 1420/1420/1420 1421/1421/1421
f 1363/1363/1363 1421/1421/1421 1364/1364/1364
f 1364/1364/1364 1421/1421/1421 1422/1422/1422
f 1364/1364/1364 1422/1422/1422 1365/1365/1365
f 1365/1365/1365 1422/1422/1422 1423/1423/1423
f 1365/1365/1365 1423/1423/1423 1366/1366/1366
f 1366/1366/1366 1423/1423/1423 1424/1424/1424
f 1366/1366/1366 1424/1424/1424 1367/1367/1367
f 1367/1367/1367 1424/1424/1424 1425/1425/1425
f 1367/1367/1367 1425/1425/1425 1368/1368/1368
usemtl Bomb
f 1426/1426/1426 1475/1475/1475 1476/1476/1476
f 1426/1426/1426 1476/1476/1476 1427/1427/1427
f 1427/1427/1427 1476/1476/1476 1477/1477/1477
f 1427/1427/1427 1477/1477/1477 1428/1428/1428
f 1428/1428/1428 1477/1477/1477 1478/1478/1478
f 1428/1428/1428 1478/1478/1478 1429/1429/1429
f 1429/1429/1429 1478/1478/1478 1479/1479/1479
f 1429/1429/1429 1479/1479/1479 1430/1430/1430
f 1430/1430/1430 1479/1479/1479 1480/1480/1480
f 1430/1430/1430 1480/1480/1480 1431/1431/1431
f 1431/1431/1431 1480/1480/1480 1481/1481/1481
f 1431/1431/1431 1481/1481/1481 1432/1432/1432
f 1432/1432/1432 1481/1481/1481 1482/1482/1482
f 1432/1432/1432 1482/1482/1482 1433/1433/1433
f 1433/1433/1433 1482/1482/1482 1483/1483/1483
f 1433/1433/1433 1483/1483/1483 1434/1434/1434
f 1434/1434/1434 1483/1483/1483 1484/1484/1484
f 1434/1434/1434 1484/1484/1484 1435/1435/1435
f 1435/1435/1435 1484/1484/1484 1485/1485/1485
f 1435/1435/1435 1485/1485/1485 1436/1436/1436
f 1436/1436/1436 1485/1485/1485 1486/1486/1486
f 1436/1436/1436 1486/1486/1486 1437/1437/1437
f 1437/1437/1437 1486/1486/1486 1487/1487/1487
f 1437/1437/1437 1487/1487/1487 1438/1438/1438
f 1438/1438/1438 1487/1487/1487 1488/1488/1488
f 1438/1438/1438 1488/1488/1488 1439/1439/1439
f 1439/1439/1439 1488/1488/1488 1489/1489/1489
f 1439/1439/1439 1489/1489/1489 1440/1440/1440
f 1440/1440/1440 1489/1489/1489 1490/1490/1490
f 1440/1440/1440 1490/1490/1490 1441/1441/1441
f 1441/1441/1441 1490/1490/1490 1491/1491/1491
f 1441/1441/1441 1491/1491/1491 1442/1442/1442
f 1442/1442/1442 1491/1491/1491 1492/1492/1492
f 1442/1442/1442 1492/1492/1492 1443/1443/1443
f 1443/1443/1443 1492/1492/1492 1493/1493/1493
f 1443/1443/1443 1493/1493/1493 1444/1444/1444
f 1444/1444/1444 1493/1493/1493 1494/1494/1494
f 1444/1444/1444 1494/1494/1494 1445/1445/1445
f 1445/1445/1445 1494/1494/1494 1495/1495/1495
f 1445/1445/1445 1495/1495/1495 1446/1446/1446
f 1446/1446/1446 1495/1495/1495 1496/1496/1496
f 1446/1446/1446 1496/1496/1496 1447/1447/1447
f 1447/1447/1447 1496/1496/1496 1497/1497/1497
f 1447/1447/1447 1497/1497/1497 1448/1448/1448
f 1448/1448/1448 1497/1497/1497 1498/1498/1498
f 1448/1448/1448 1498/1498/1498 1449/1449/1449
f 1449/1449/1449 1498/1498/1498 1499/1499/1499
f 1449/1449/1449 1499/1499/1499 1450/1450/1450
f 1450/1450/1450 1499/1499/1499 1500/1500/1500
f 1450/1450/1450 1500/1500/1500 1451/1451/1451
f 1451/1451/1451 1500/1500/1500 1501/1501/1501
f 1451/1451/1451 1501/1501/1501 1452/1452/1452
f 1452/1452/1452 1501/1501/1501 1502/1502/1502
f 1452/1452/1452 1502/1502/1502 1453/1453/1453
f 1453/1453/1453 1502/1502/1502 1503/1503/1503
f 1453/1453/1453 1503/1503/1503 1454/1454/1454
f 1454/1454/1454 1503/1503/1503 1504/1504/1504
f 1454/1454/1454 1504/1504/1504 1455/1455/1455
f 1455/1455/1455 1504/1504/1504 1505/1505/1505
f 1455/1455/1455 1505/1505/1505 1456/1456/1456
f 1456/1456/1456 1505/1505/1505 1506/1506/1506
f 1456/1456/1456 1506/1506/1506 1457/1457/1457
f 1457/1457/1457 1506/1506/1506 1507/1507/1507
f 1457/1457/1457 1507/1507/1507 1458/1458/1458
f 1458/1458/1458 1507/1507/1507 1508/1508/1508
f 1458/1458/1458 1508/1508/1508 1459/1459/1459
f 1459/1459/1459 1508/1508/1508 1509/1509/1509
f 1459/1459/1459 1509/1509/1509 1460/1460/1460
f 1460/1460/1460 1509/1509/1509 1510/1510/1510
f 1460/1460/1460 1510/1510/1510 1461/1461/1461
f 1461/1461/1461 1510/1510/1510 1511/1511/1511
f 1461/1461/1461 1511/1511/1511 1462/1462/1462
f 1462/1462/1462 1511/1511/1511 1512/1512/1512
f 1462/1462/1462 1512/1512/1512 1463/1463/1463
f 1463/1463/1463 1512/1512/1512 1513/1513/1513
f 1463/1463/1463 1513/1513/1513 1464/1464/1464
f 1464/1464/1464 1513/1513/1513 1514/1514/1514
f 1464/1464/1464 1514/1514/1514 1465/1465/1465
f 1465/1465/1465 1514/1514/1514 1515/1515/1515
f 1465/1465/1465 1515/1515/1515 1466/1466/1466
f 1466/1466/1466 1515/1515/1515 1516/1516/1516
f 1466/1466/1466 1516/1516/1516 1467/1467/1467
f 1467/1467/1467 1516/1516/1516 1517/1517/1517
f 1467/1467/1467 1517/1517/1517 1468/1468/1468
f 1468/1468/1468 1517/1517/1517 1518/1518/1518
f 1468/1468/1468 1518/1518/1518 1469/1469/1469
f 1469/1469/1469 1518/1518/1518 1519/1519/1519
f 1469/1469/1469 1519/1519/1519 1470/1470/1470
f 1470/1470/1470 1519/1519/1519 1520/1520/1520
f 1470/1470/1470 1520/1520/1520 1471/1471/1471
f 1471/1471/1471 1520/1520/1520 1521/1521/1521
f 1471/1471/1471 1521/1521/1521 1472/1472/1472
f 1472/1472/1472 1521/1521/1521 1522/1522/1522
f 1472/1472/1472 1522/1522/1522 1473/1473/1473
f 1473/1473/1473 1522/1522/1522 1523/1523/1523
f 1473/1473/1473 1523/1523/1523 1474/1474/1474
f 1475/1475/1475 1524/1524/1524 1525/1525/1525
f 1475/1475/1475 1525/1525/1525 1476/1476/1476
f 1476/1476/1476 1525/1525/1525 1526/1526/1526
f 1476/1476/1476 1526/1526/1526 1477/1477/1477
f 1477/1477/1477 1526/1526/1526 1527/1527/1527
f 1477/1477/1477 1527/1527/1527 1478/1478/1478
f 1478/1478/1478 1527/1527/1527 1528/1528/1528
f 1478/1478/1478 1528/1528/1528 1479/1479/1479
f 1479/1479/1479 1528/1528/1528 1529/1529/1529
f 1479/1479/1479 1529/1529/1529 1480/1480/1480
f 1480/1480/1480 1529/1529/1529 1530/1530/1530
f 1480/1480/1480 1530/1530/1530 1481/1481/1481
f 1481/1481/1481 1530/1530/1530 1531/1531/1531
f 1481/1481/1481 1531/1531/1531 1482/1482/1482
f 1482/1482/1482 1531/1531/1531 1532/1532/1532
f 1482/1482/1482 1532/1532/1532 1483/1483/1483
f 1483/1483/1483 1532/1532/1532 1533/1533/1533
f 1483/1483/1483 1533/1533/1533 1484/1484/1484
f 1484/1484/1484 1533/1533/1533 1534/1534/1534
f 1484/1484/1484 1534/1534/1534 1485/1485/1485
f 1485/1485/1485 1534/1534/1534 1535/1535/1535
f 1485/1485/1485 1535/1535/1535 1486/1486/1486
f 1486/1486/1486 1535/1535/1535 1536/1536/1536
f 1486/1486/1486 1536/1536/1536 1487/1487/1487
f 1487/1487/1487 1536/1536/1536 1537/1537/1537
f 1487/1487/1487 1537/1537/1537 1488/1488/1488
f 1488/1488/1488 1537/1537/1537 1538/1538/1538
f 1488/1488/1488 1538/1538/1538 1489/1489/1489
f 1489/1489/1489 1538/1538/1538 1539/1539/1539
f 1489/1489/1489 1539/1539/1539 1490/1490/1490
f 1490/1490/1490 1539/1539/1539 1540/1540/1540
f 1490/1490/1490 1540/1540/1540 1491/1491/1491
f 1491/1491/1491 1540/1540/1540 1541/1541/1541
f 1491/1491/1491 1541/1541/1541 1492/1492/1492
f 1492/1492/1492 1541/1541/1541 1542/1542/1542
f 1492/1492/1492 1542/1542/1542 1493/1493/1493
f 1493/1493/1493 1542/1542/1542 1543/1543/1543
f 1493/1493/1493 1543/1543/1543 1494/1494/1494
f 1494/1494/1494 1543/1543/1543 1544/1544/1544
f 1494/1494/1494 1544/1544/1544 1495/1495/1495
f 1495/1495/1495 1544/1544/1544 1545/1545/1545
f 1495/1495/1495 1545/1545/1545 1496/1496/1496
f 1496/1496/1496 1545/1545/1545 1546/1546/1546
f 1496/1496/1496 1546/1546/1546 1497/1497/1497
f 1497/1497/1497 1546/1546/1546 1547/1547/1547
f 1497/1497/1497 1547/1547/1547 1498/1498/1498
f 1498/1498/1498 1547/1547/1547 1548/1548/1548
f 1498/1498/1498 1548/1548/1548 1499/1499/1499
f 1499/1499/1499 1548/1548/1548 1549/1549/1549
f 1499/1499/1499 1549/1549/1549 1500/1500/1500
f 1500/1500/1500 1549/1549/1549 1550/1550/1550
f 1500/1500/1500 1550/1550/1550 1501/1501/1501
f 1501/1501/1501 1550/1550/1550 1551/1551/1551
f 1501/1501/1501 1551/1551/1551 1502/1502/1502
f 1502/1502/1502 1551/1551/1551 1552/1552/1552
f 1502/1502/1502 1552/1552/1552 1503/1503/1503
f 1503/1503/1503 1552/1552/1552 1553/1553/1553
f 1503/1503/1503 1553/1553/1553 1504/1504/1504
f 1504/1504/1504 1553/1553/1553 1554/1554/1554
f 1504/1504/1504 1554/1554/1554 1505/1505/1505
f 1505/1505/1505 1554/1554/1554 1555/1555/1555
f 1505/1505/1505 1555/1555/1555 1506/1506/1506
f 1506/1506/1506 1555/1555/1555 1556/1556/1556
f 1506/1506/1506 1556/1556/1556 1507/1507/1507
f 1507/1507/1507 1556/1556/1556 1557/1557/1557
f 1507/1507/1507 1557/1557/1557 1508/1508/1508
f 1508/1508/1508 1557/1557/1557 1558/1558/1558
f 1508/1508/1508 1558/1558/1558 1509/1509/1509
f 1509/1509/1509 1558/1558/1558 1559/1559/1559
f 1509/1509/1509 1559/1559/1559 1510/1510/1510
f 1510/1510/1510 1559/1559/1559 1560/1560/1560
f 1510/1510/1510 1560/1560/1560 1511/1511/1511
f 1511/1511/1511 1560/1560/1560 1561/1561/1561
f 1511/1511/1511 1561/1561/1561 1512/1512/1512
f 1512/1512/1512 1561/1561/1561 1562/1562/1562
f 1512/1512/1512 1562/1562/1562 1513/1513/1513
f 1513/1513/1513 1562/1562/1562 1563/1563/1563
f 1513/1513/1513 1563/1563/1563 1514/1514/1514
f 1514/1514/1514 1563/1563/1563 1564/1564/1564
f 1514/1514/1514 1564/1564/1564 1515/1515/1515
f 1515/1515/1515 1564/1564/1564 1565/1565/1565
f 1515/1515/1515 1565/1565/1565 1516/1516/1516
f 1516/1516/1516 1565/1565/1565 1566/1566/1566
f 1516/1516/1516 1566/1566/1566 1517/1517/1517
f 1517/1517/1517 1566/1566/1566 1567/1567/1567
f 1517/1517/1517 1567/1567/1567 1518/1518/1518
f 1518/1518/1518 1567/1567/1567 1568/1568/1568
f 1518/1518/1518 1568/1568/1568 1519/1519/1519
f 1519/1519/1519 1568/1568/1568 1569/1569/1569
f 1519/1519/1519 1569/1569/1569 1520/1520/1520
f 1520/1520/1520 1569/1569/1569 1570/1570/1570
f 1520/1520/1520 1570/1570/1570 1521/1521/1521
f 1521/1521/1521 1570/1570/1570 1571/1571/1571
f 1521/1521/1521 1571/1571/1571 1522/1522/1522
f 1522/1522/1522 1571/1571/1571 1572/1572/1572
f 1522/1522/1522 1572/1572/1572 1523/1523/1523
f 1524/1524/1524 1573/1573/1573 1574/1574/1574
f 1524/1524/1524 1574/1574/1574 1525/1525/1525
f 1525/1525/1525 1574/1574/1574 1575/1575/1575
f 1525/1525/1525 1575/1575/1575 1526/1526/1526
f 1526/1526/1526 1575/1575/1575 1576/1576/1576
f 1526/1526/1526 1576/1576/1576 1527/1527/1527
f 1527/1527/1527 1576/1576/1576 1577/1577/1577
f 1527/1527/1527 1577/1577/1577 1528/1528/1528
f 1528/1528/1528 1577/1577/1577 1578/1578/1578
f 1528/1528/1528 1578/1578/1578 1529/1529/1529
f 1529/1529/1529 1578/1578/1578 1579/1579/1579
f 1529/1529/1529 1579/1579/1579 1530/1530/1530
f 1530/1530/1530 1579/1579/1579 1580/1580/1580
f 1530/1530/1530 1580/1580/1580 1531/1531/1531
f 1531/1531/1531 1580/1580/1580 1581/1581/1581
f 1531/1531/1531 1581/1581/1581 1532/1532/1532
f 1532/1532/1532 1581/1581/1581 1582/1582/1582
f 1532/1532/1532 1582/1582/1582 1533/1533/1533
f 1533/1533/1533 1582/1582/1582 1583/1583/1583
f 1533/1533/1533 1583/1583/1583 1534/1534/1534
f 1534/1534/1534 1583/1583/1583 1584/1584/1584
f 1534/1534/1534 1584/1584/1584 1535/1535/1535
f 1535/1535/1535 1584/1584/1584 1585/1585/1585
f 1535/1535/1535 1585/1585/1585 1536/1536/1536
f 1536/1536/1536 1585/1585/1585 1586/1586/1586
f 1536/1536/1536 1586/1586/1586 1537/1537/1537
f 1537/1537/1537 1586/1586/1586 1587/1587/1587
f 1537/1537/1537 1587/1587/1587 1538/1538/1538
f 1538/1538/1538 1587/1587/1587 1588/1588/1588
f 1538/1538/1538 1588/1588/1588 1539/1539/1539
f 1539/1539/1539 1588/1588/1588 1589/1589/1589
f 1539/1539/1539 1589/1589/1589 1540/1540/1540
f 1540/1540/1540 1589/1589/1589 1590/1590/1590
f 1540/1540/1540 1590/1590/1590 1541/1541/1541
f 1541/1541/1541 1590/1590/1590 1591/1591/1591
f 1541/1541/1541 1591/1591/1591 1542/1542/1542
f 1542/1542/1542 1591/1591/1591 1592/1592/1592
f 1542/1542/1542 1592/1592/1592 1543/1543/1543
f 1543/1543/1543 1592/1592/1592 1593/1593/1593
f 1543/1543/1543 1593/1593/1593 1544/1544/1544
f 1544/1544/1544 1593/1593/1593 1594/1594/1594
f 1544/1544/1544 1594/1594/1594 1545/1545/1545
f 1545/1545/1545 1594/1594/1594 1595/1595/1595
f 1545/1545/1545 1595/1595/1595 1546/1546/1546
f 1546/1546/1546 1595/1595/1595 1596/1596/1596
f 1546/1546/1546 1596/1596/1596 1547/1547/1547
f 1547/1547/1547 1596/1596/1596 1597/1597/1597
f 1547/1547/1547 1597/1597/1597 1548/1548/1548
f 1548/1548/1548 1597/1597/1597 1598/1598/1598
f 1548/1548/1548 1598/1598/1598 1549/1549/1549
f 1549/1549/1549 1598/1598/1598 1599/1599/1599
f 1549/1549/1549 1599/1599/1599 1550/1550/1550
f 1550/1550/1550 1599/1599/1599 1600/1600/1600
f 1550/1550/1550 1600/1600/1600 1551/1551/1551
f 1551/1551/1551 1600/1600/1600 1601/1601/1601
f 1551/1551/1551 1601/1601/1601 1552/1552/1552
f 1552/1552/1552 1601/1601/1601 1602/1602/1602
f 1552/1552/1552 1602/1602/1602 1553/1553/1553
f 1553/1553/1553 1602/1602/1602 1603/1603/1603
f 1553/1553/1553 1603/1603/1603 1554/1554/1554
f 1554/1554/1554 1603/1603/1603 1604/1604/1604
f 1554/1554/1554 1604/1604/1604 1555/1555/1555
f 1555/1555/1555 1604/1604/1604 1605/1605/1605
f 1555/1555/1555 1605/1605/1605 1556/1556/1556
f 1556/1556/1556 1605/1605/1605 1606/1606/1606
f 1556/1556/1556 1606/1606/1606 1557/1557/1557
f 1557/1557/1557 1606/1606/1606 1607/1607/1607
f 1557/1557/1557 1607/1607/1607 1558/1558/1558
f 1558/1558/1558 1607/1607/1607 1608/1608/1608
f 1558/1558/1558 1608/1608/1608 1559/1559/1559
f 1559/1559/1559 1608/1608/1608 1609/1609/1609
f 1559/1559/1559 1609/1609/1609 1560/1560/1560
f 1560/1560/1560 1609/1609/1609 1610/1610/1610
f 1560/1560/1560 1610/1610/1610 1561/1561/1561
f 1561/1561/1561 1610/1610/1610 1611/1611/1611
f 1561/1561/1561 1611/1611/1611 1562/1562/1562
f 1562/1562/1562 1611/1611/1611 1612/1612/1612
f 1562/1562/1562 1612/1612/1612 1563/1563/1563
f 1563/1563/1563 1612/1612/1612 1613/1613/1613
f 1563/1563/1563 1613/1613/1613 1564/1564/1564
f 1564/1564/1564 1613/1613/1613 1614/1614/1614
f 1564/1564/1564 1614/1614/1614 1565/1565/1565
f 1565/1565/1565 1614/1614/1614 1615/1615/1615
f 1565/1565/1565 1615/1615/1615 1566/1566/1566
f 1566/1566/1566 1615/1615/1615 1616/1616/1616
f 1566/1566/1566 1616/1616/1616 1567/1567/1567
f 1567/1567/1567 1616/1616/1616 1617/1617/1617
f 1567/1567/1567 1617/1617/1617 1568/1568/1568
f 1568/1568/1568 1617/1617/1617 1618/1618/1618
f 1568/1568/1568 1618/1618/1618 1569/1569/1569
f 1569/1569/1569 1618/1618/1618 1619/1619/1619
f 1569/1569/1569 1619/1619/1619 1570/1570/1570
f 1570/1570/1570 1619/1619/1619 1620/1620/1620
f 1570/1570/1570 1620/1620/1620 1571/1571/1571
f 1571/1571/1571 1620/1620/1620 1621/1621/1621
f 1571/1571/1571 1621/1621/1621 1572/1572/1572
f 1573/1573/1573 1622/1622/1622 1623/1623/1623
f 1573/1573/1573 1623/1623/1623 1574/1574/1574
f 1574/1574/1574 1623/1623/1623 1624/1624/1624
f 1574/1574/1574 1624/1624/1624 1575/1575/1575
f 1575/1575/1575 1624/1624/1624 1625/1625/1625
f 1575/1575/1575 1625/1625/1625 1576/1576/1576
f 1576/1576/1576 1625/1625/1625 1626/1626/1626
f 1576/1576/1576 1626/1626/1626 1577/1577/1577
f 1577/1577/1577 1626/1626/1626 1627/1627/1627
f 1577/1577/1577 1627/1627/1627 1578/1578/1578
f 1578/1578/1578 1627/1627/1627 1628/1628/1628
f 1578/1578/1578 1628/1628/1628 1579/1579/1579
f 1579/1579/1579 1628/1628/1628 1629/1629/1629
f 1579/1579/1579 1629/1629/1629 1580/1580/1580
f 1580/1580/1580 1629/1629/1629 1630/1630/1630
f 1580/1580/1580 1630/1630/1630 1581/1581/1581
f 1581/1581/1581 1630/1630/1630 1631/1631/1631
f 1581/1581/1581 1631/1631/1631 1582/1582/1582
f 1582/1582/1582 1631/1631/1631 1632/1632/1632
f 1582/1582/1582 1632/1632/1632 1583/1583/1583
f 1583/1583/1583 1632/1632/1632 1633/1633/1633
f 1583/1583/1583 1633/1633/1633 1584/1584/1584
f 1584/1584/1584 1633/1633/1633 1634/1634/1634
f 1584/1584/1584 1634/1634/1634 1585/1585/1585
f 1585/1585/1585 1634/1634/1634 1635/1635/1635
f 1585/1585/1585 1635/1635/1635 1586/1586/1586
f 1586/1586/1586 1635/1635/1635 1636/1636/1636
f 1586/1586/1586 1636/1636/1636 1587/1587/1587
f 1587/1587/1587 1636/1636/1636 1637/1637/1637
f 1587/1587/1587 1637/1637/1637 1588/1588/1588
f 1588/1588/1588 1637/1637/1637 1638/1638/1638
f 1588/1588/1588 1638/1638/1638 1589/1589/1589
f 1589/1589/1589 1638/1638/1638 1639/1639/1639
f 1589/1589/1589 1639/1639/1639 1590/1590/1590
f 1590/1590/1590 1639/1639/1639 1640/1640/1640
f 1590/1590/1590 1640/1640/1640 1591/1591/1591
f 1591/1591/1591 1640/1640/1640 1641/1641/1641
f 1591/1591/1591 1641/1641/1641 1592/1592/1592
f 1592/1592/1592 1641/1641/1641 1642/1642/1642
f 1592/1592/1592 1642/1642/1642 1593/1593/1593
f 1593/1593/1593 1642/1642/1642 1643/1643/1643
f 1593/1593/1593 1643/1643/1643 1594/1594/1594
f 1594/1594/1594 1643/1643/1643 1644/1644/1644
f 1594/1594/1594 1644/1644/1644 1595/1595/1595
f 1595/1595/1595 1644/1644/1644 1645/1645/1645
f 1595/1595/1595 1645/1645/1645 1596/1596/1596
f 1596/1596/1596 1645/1645/1645 1646/1646/1646
f 1596/1596/1596 1646/1646/1646 1597/1597/1597
f 1597/1597/1597 1646/1646/1646 1647/1647/1647
f 1597/1597/1597 1647/1647/1647 1598/1598/1598
f 1598/1598/1598 1647/1647/1647 1648/1648/1648
f 1598/1598/1598 1648/1648/1648 1599/1599/1599
f 1599/1599/1599 1648/1648/1648 1649/1649/1649
f 1599/1599/1599 1649/1649/1649 1600/1600/1600
f 1600/1600/1600 1649/1649/1649 1650/1650/1650
f 1600/1600/1600 1650/1650/1650 1601/1601/1601
f 1601/1601/1601 1650/1650/1650 1651/1651/1651
f 1601/1601/1601 1651/1651/1651 1602/1602/1602
f 1602/1602/1602 1651/1651/1651 1652/1652/1652
f 1602/1602/1602 1652/1652/1652 1603/1603/1603
f 1603/1603/1603 1652/1652/1652 1653/1653/1653
f 1603/1603/1603 1653/1653/1653 1604/1604/1604
f 1604/1604/1604 1653/1653/1653 1654/1654/1654
f 1604/1604/1604 1654/1654/1654 1605/1605/1605
f 1605/1605/1605 1654/1654/1654 1655/1655/1655
f 1605/1605/1605 1655/1655/1655 1606/1606/1606
f 1606/1606/1606 1655/1655/1655 1656/1656/1656
f 1606/1606/1606 1656/1656/1656 1607/1607/1607
f 1607/1607/1607 1656/1656/1656 1657/1657/1657
f 1607/1607/1607 1657/1657/1657 1608/1608/1608
f 1608/1608/1608 1657/1657/1657 1658/1658/1658
f 1608/1608/1608 1658/1658/1658 1609/1609/1609
f 1609/1609/1609 1658/1658/1658 1659/1659/1659
f 1609/1609/1609 1659/1659/1659 1610/1610/1610
f 1610/1610/1610 1659/1659/1659 1660/1660/1660
f 1610/1610/1610 1660/1660/1660 1611/1611/1611
f 1611/1611/1611 1660/1660/1660 1661/1661/1661
f 1611/1611/1611 1661/1661/1661 1612/1612/1612
f 1612/1612/1612 1661/1661/1661 1662/1662/1662
f 1612/1612/1612 1662/1662/1662 1613/1613/1613
f 1613/1613/1613 1662/1662/1662 1663/1663/1663
f 1613/1613/1613 1663/1663/1663 1614/1614/1614
f 1614/1614/1614 1663/1663/1663 1664/1664/1664
f 1614/1614/1614 1664/1664/1664 1615/1615/1615
f 1615/1615/1615 1664/1664/1664 1665/1665/1665
f 1615/1615/1615 1665/1665/1665 1616/1616/1616
f 1616/1616/1616 1665/1665/1665 1666/1666/1666
f 1616/1616/1616 1666/1666/1666 1617/1617/1617
f 1617/1617/1617 1666/1666/1666 1667/1667/1667
f 1617/1617/1617 1667/1667/1667 1618/1618/1618
f 1618/1618/1618 1667/1667/1667 1668/1668/1668
f 1618/1618/1618 1668/1668/1668 1619/1619/1619
f 1619/1619/1619 1668/1668/1668 1669/1669/1669
f 1619/1619/1619 1669/1669/1669 1620/1620/1620
f 1620/1620/1620 1669/1669/1669 1670/1670/1670
f 1620/1620/1620 1670/1670/1670 1621/1621/1621
f 1622/1622/1622 1671/1671/1671 1672/1672/1672
f 1622/1622/1622 1672/1672/1672 1623/1623/1623
f 1623/1623/1623 1672/1672/1672 1673/1673/1673
f 1623/1623/1623 1673/1673/1673 1624/1624/1624
f 1624/1624/1624 1673/1673/1673 1674/1674/1674
f 1624/1624/1624 1674/1674/1674 1625/1625/1625
f 1625/1625/1625 1674/1674/1674 1675/1675/1675
f 1625/1625/1625 1675/1675/1675 1626/1626/1626
f 1626/1626/1626 1675/1675/1675 1676/1676/1676
f 1626/1626/1626 1676/1676/1676 1627/1627/1627
f 1627/1627/1627 1676/1676/1676 1677/1677/1677
f 1627/1627/1627 1677/1677/1677 1628/1628/1628
f 1628/1628/1628 1677/1677/1677 1678/1678/1678
f 1628/1628/1628 1678/1678/1678 1629/1629/1629
f 1629/1629/1629 1678/1678/1678 1679/1679/1679
f 1629/1629/1629 1679/1679/1679 1630/1630/1630
f 1630/1630/1630 1679/1679/1679 1680/1680/1680
f 1630/1630/1630 1680/1680/1680 1631/1631/1631
f 1631/1631/1631 1680/1680/1680 1681/1681/1681
f 1631/1631/1631 1681/1681/1681 1632/1632/1632
f 1632/1632/1632 1681/1681/1681 1682/1682/1682
f 1632/1632/1632 1682/1682/1682 1633/1633/1633
f 1633/1633/1633 1682/1682/1682 1683/1683/1683
f 1633/1633/1633 1683/1683/1683 1634/1634/1634
f 1634/1634/1634 1683/1683/1683 1684/1684/1684
f 1634/1634/1634 1684/1684/1684 1635/1635/1635
f 1635/1635/1635 1684/1684/1684 1685/1685/1685
f 1635/1635/1635 1685/1685/1685 1636/1636/1636
f 1636/1636/1636 1685/1685/1685 1686/1686/1686
f 1636/1636/1636 1686/1686/1686 1637/1637/1637
f 1637/1637/1637 1686/1686/1686 1687/1687/1687
f 1637/1637/1637 1687/1687/1687 1638/1638/1638
f 1638/1638/1638 1687/1687/1687 1688/1688/1688
f 1638/1638/1638 1688/1688/1688 1639/1639/1639
f 1639/1639/1639 1688/1688/1688 1689/1689/1689
f 1639/1639/1639 1689/1689/1689 1640/1640/1640
f 1640/1640/1640 1689/1689/1689 1690/1690/1690
f 1640/1640/1640 1690/1690/1690 1641/1641/1641
f 1641/1641/1641 1690/1690/1690 1691/1691/1691
f 1641/1641/1641 1691/1691/1691 1642/1642/1642
f 1642/1642/1642 1691/1691/1691 1692/1692/1692
f 1642/1642/1642 1692/1692/1692 1643/1643/1643
f 1643/1643/1643 1692/1692/1692 1693/1693/1693
f 1643/1643/1643 1693/1693/1693 1644/1644/1644
f 1644/1644/1644 1693/1693/1693 1694/1694/1694
f 1644/1644/1644 1694/1694/1694 1645/1645/1645
f 1645/1645/1645 1694/1694/1694 1695/1695/1695
f 1645/1645/1645 1695/1695/1695 1646/1646/1646
f 1646/1646/1646 1695/1695/1695 1696/1696/1696
f 1646/1646/1646 1696/1696/1696 1647/1647/1647
f 1647/1647/1647 1696/1696/1696 1697/1697/1697
f 1647/1647/1647 1697/1697/1697 1648/1648/1648
f 1648/1648/1648 1697/1697/1697 1698/1698/1698
f 1648/1648/1648 1698/1698/1698 1649/1649/1649
f 1649/1649/1649 1698/1698/1698 1699/1699/1699
f 1649/1649/1649 1699/1699/1699 1650/1650/1650
f 1650/1650/1650 1699/1699/1699 1700/1700/1700
f 1650/1650/1650 1700/1700/1700 1651/1651/1651
f 1651/1651/1651 1700/1700/1700 1701/1701/1701
f 1651/1651/1651 1701/1701/1701 1652/1652/1652
f 1652/1652/1652 1701/1701/1701 1702/1702/1702
f 1652/1652/1652 1702/1702/1702 1653/1653/1653
f 1653/1653/1653 1702/1702/1702 1703/1703/1703
f 1653/1653/1653 1703/1703/1703 1654/1654/1654
f 1654/1654/1654 1703/1703/1703 1704/1704/1704
f 1654/1654/1654 1704/1704/1704 1655/1655/1655
f 1655/1655/1655 1704/1704/1704 1705/1705/1705
f 1655/1655/1655 1705/1705/1705 1656/1656/1656
f 1656/1656/1656 1705/1705/1705 1706/1706/1706
f 1656/1656/1656 1706/1706/1706 1657/1657/1657
f 1657/1657/1657 1706/1706/1706 1707/1707/1707
f 1657/1657/1657 1707/1707/1707 1658/1658/1658
f 1658/1658/1658 1707/1707/1707 1708/1708/1708
f 1658/1658/1658 1708/1708/1708 1659/1659/1659
f 1659/1659/1659 1708/1708/1708 1709/1709/1709
f 1659/1659/1659 1709/1709/1709 1660/1660/1660
f 1660/1660/1660 1709/1709/1709 1710/1710/1710
f 1660/1660/1660 1710/1710/1710 1661/1661/1661
f 1661/1661/1661 1710/1710/1710 1711/1711/1711
f 1661/1661/1661 1711/1711/1711 1662/1662/1662
f 1662/1662/1662 1711/1711/1711 1712/1712/1712
f 1662/1662/1662 1712/1712/1712 1663/1663/1663
f 1663/1663/1663 1712/1712/1712 1713/1713/1713
f 1663/1663/1663 1713/1713/1713 1664/1664/1664
f 1664/1664/1664 1713/1713/1713 1714/1714/1714
f 1664/1664/1664 1714/1714/1714 1665/1665/1665
f 1665/1665/1665 1714/1714/1714 1715/1715/1715
f 1665/1665/1665 1715/1715/1715 1666/1666/1666
f 1666/1666/1666 1715/1715/1715 1716/1716/1716
f 1666/1666/1666 1716/1716/1716 1667/1667/1667
f 1667/1667/1667 1716/1716/1716 1717/1717/1717
f 1667/1667/1667 1717/1717/1717 1668/1668/1668
f 1668/1668/1668 1717/1717/1717 1718/1718/1718
f 1668/1668/1668 1718/1718/1718 1669/1669/1669
f 1669/1669/1669 1718/1718/1718 1719/1719/1719
f 1669/1669/1669 1719/1719/1719 1670/1670/1670
f 1671/1671/1671 1720/1720/1720 1721/1721/1721
f 1671/1671/1671 1721/1721/1721 1672/1672/1672
f 1672/1672/1672 1721/1721/1721 1722/1722/1722
f 1672/1672/1672 1722/1722/1722 1673/1673/1673
f 1673/1673/1673 1722/1722/1722 1723/1723/1723
f 1673/1673/1673 1723/1723/1723 1674/1674/1674
f 1674/1674/1674 1723/1723/1723 1724/1724/1724
f 1674/1674/1674 1724/1724/1724 1675/1675/1675
f 1675/1675/1675 1724/1724/1724 1725/1725/1725
f 1675/1675/1675 1725/1725/1725 1676/1676/1676
f 1676/1676/1676 1725/1725/1725 1726/1726/1726
f 1676/1676/1676 1726/1726/1726 1677/1677/1677
f 1677/1677/1677 1726/1726/1726 1727/1727/1727
f 1677/1677/1677 1727/1727/1727 1678/1678/1678
f 1678/1678/1678 1727/1727/1727 1728/1728/1728
f 1678/1678/1678 1728/1728/1728 1679/1679/1679
f 1679/1679/1679 1728/1728/1728 1729/1729/1729
f 1679/1679/1679 1729/1729/1729 1680/1680/1680
f 1680/1680/1680 1729/1729/1729 1730/1730/1730
f 1680/1680/1680 1730/1730/1730 1681/1681/1681
f 1681/1681/1681 1730/1730/1730 1731/1731/1731
f 1681/1681/1681 1731/1731/1731 1682/1682/1682
f 1682/1682/1682 1731/1731/1731 1732/1732/1732
f 1682/1682/1682 1732/1732/1732 1683/1683/1683
f 1683/1683/1683 1732/1732/1732 1733/1733/1733
f 1683/1683/1683 1733/1733/1733 1684/1684/1684
f 1684/1684/1684 1733/1733/1733 1734/1734/1734
f 1684/1684/1684 1734/1734/1734 1685/1685/1685
f 1685/1685/1685 1734/1734/1734 1735/1735/1735
f 1685/1685/1685 1735/1735/1735 1686/1686/1686
f 1686/1686/1686 1735/1735/1735 1736/1736/1736
f 1686/1686/1686 1736/1736/1736 1687/1687/1687
f 1687/1687/1687 1736/1736/1736 1737/1737/1737
f 1687/1687/1687 1737/1737/1737 1688/1688/1688
f 1688/1688/1688 1737/1737/1737 1738/1738/1738
f 1688/1688/1688 1738/1738/1738 1689/1689/1689
f 1689/1689/1689 1738/1738/1738 1739/1739/1739
f 1689/1689/1689 1739/1739/1739 1690/1690/1690
f 1690/1690/1690 1739/1739/1739 1740/1740/1740
f 1690/1690/1690 1740/1740/1740 1691/1691/1691
f 1691/1691/1691 1740/1740/1740 1741/1741/1741
f 1691/1691/1691 1741/1741/1741 1692/1692/1692
f 1692/1692/1692 1741/1741/1741 1742/1742/1742
f 1692/1692/1692 1742/1742/1742 1693/1693/1693
f 1693/1693/1693 1742/1742/1742 1743/1743/1743
f 1693/1693/1693 1743/1743/1743 1694/1694/1694
f 1694/1694/1694 1743/1743/1743 1744/1744/1744
f 1694/1694/1694 1744/1744/1744 1695/1695/1695
f 1695/1695/1695 1744/1744/1744 1745/1745/1745
f 1695/1695/1695 1745/1745/1745 1696/1696/1696
f 1696/1696/1696 1745/1745/1745 1746/1746/1746
f 1696/1696/1696 1746/1746/1746 1697/1697/1697
f 1697/1697/1697 1746/1746/1746 1747/1747/1747
f 1697/1697/1697 1747/1747/1747 1698/1698/1698
f 1698/1698/1698 1747/1747/1747 1748/1748/1748
f 1698/1698/1698 1748/1748/1748 1699/1699/1699
f 1699/1699/1699 1748/1748/1748 1749/1749/1749
f 1699/1699/1699 1749/1749/1749 1700/1700/1700
f 1700/1700/1700 1749/1749/1749 1750/1750/1750
f 1700/1700/1700 1750/1750/1750 1701/1701/1701
f 1701/1701/1701 1750/1750/1750 1751/1751/1751
f 1701/1701/1701 1751/1751/1751 1702/1702/1702
f 1702/1702/1702 1751/1751/1751 1752/1752/1752
f 1702/1702/1702 1752/1752/1752 1703/1703/1703
f 1703/1703/1703 1752/1752/1752 1753/1753/1753
f 1703/1703/1703 1753/1753/1753 1704/1704/1704
f 1704/1704/1704 1753/1753/1753 1754/1754/1754
f 1704/1704/1704 1754/1754/1754 1705/1705/1705
f 1705/1705/1705 1754/1754/1754 1755/1755/1755
f 1705/1705/1705 1755/1755/1755 1706/1706/1706
f 1706/1706/1706 1755/1755/1755 1756/1756/1756
f 1706/1706/1706 1756/1756/1756 1707/1707/1707
f 1707/1707/1707 1756/1756/1756 1757/1757/1757
f 1707/1707/1707 1757/1757/1757 1708/1708/1708
f 1708/1708/1708 1757/1757/1757 1758/1758/1758
f 1708/1708/1708 1758/1758/1758 1709/1709/1709
f 1709/1709/1709 1758/1758/1758 1759/1759/1759
f 1709/1709/1709 1759/1759/1759 1710/1710/1710
f 1710/1710/1710 1759/1759/1759 1760/1760/1760
f 1710/1710/1710 1760/1760/1760 1711/1711/1711
f 1711/1711/1711 1760/1760/1760 1761/1761/1761
f 1711/1711/1711 1761/1761/1761 1712/1712/1712
f 1712/1712/1712 1761/1761/1761 1762/1762/1762
f 1712/1712/1712 1762/1762/1762 1713/1713/1713
f 1713/1713/1713 1762/1762/1762 1763/1763/1763
f 1713/1713/1713 1763/1763/1763 1714/1714/1714
f 1714/1714/1714 1763/1763/1763 1764/1764/1764
f 1714/1714/1714 1764/1764/1764 1715/1715/1715
f 1715/1715/1715 1764/1764/1764 1765/1765/1765
f 1715/1715/1715 1765/1765/1765 1716/1716/1716
f 1716/1716/1716 1765/1765/1765 1766/1766/1766
f 1716/1716/1716 1766/1766/1766 1717/1717/1717
f 1717/1717/1717 1766/1766/1766 1767/1767/1767
f 1717/1717/1717 1767/1767/1767 1718/1718/1718
f 1718/1718/1718 1767/1767/1767 1768/1768/1768
f 1718/1718/1718 1768/1768/1768 1719/1719/1719
f 1720/1720/1720 1769/1769/1769 1770/1770/1770
f 1720/1720/1720 1770/1770/1770 1721/1721/1721
f 1721/1721/1721 1770/1770/1770 1771/1771/1771
f 1721/1721/1721 1771/1771/1771 1722/1722/1722
f 1722/1722/1722 1771/1771/1771 1772/1772/1772
f 1722/1722/1722 1772/1772/1772 1723/1723/1723
f 1723/1723/1723 1772/1772/1772 1773/1773/1773
f 1723/1723/1723 1773/1773/1773 1724/1724/1724
f 1724/1724/1724 1773/1773/1773 1774/1774/1774
f 1724/1724/1724 1774/1774/1774 1725/1725/1725
f 1725/1725/1725 1774/1774/1774 1775/1775/1775
f 1725/1725/1725 1775/1775/1775 1726/1726/1726
f 1726/1726/1726 1775/1775/1775 1776/1776/1776
f 1726/1726/1726 1776/1776/1776 1727/1727/1727
f 1727/1727/1727 1776/1776/1776 1777/1777/1777
f 1727/1727/1727 1777/1777/1777 1728/1728/1728
f 1728/1728/1728 1777/1777/1777 1778/1778/1778
f 1728/1728/1728 1778/1778/1778 1729/1729/1729
f 1729/1729/1729 1778/1778/1778 1779/1779/1779
f 1729/1729/1729 1779/1779/1779 1730/1730/1730
f 1730/1730/1730 1779/1779/1779 1780/1780/1780
f 1730/1730/1730 1780/1780/1780 1731/1731/1731
f 1731/1731/1731 1780/1780/1780 1781/1781/1781
f 1731/1731/1731 1781/1781/1781 1732/1732/1732
f 1732/1732/1732 1781/1781/1781 1782/1782/1782
f 1732/1732/1732 1782/1782/1782 1733/1733/1733
f 1733/1733/1733 1782/1782/1782 1783/1783/1783
f 1733/1733/1733 1783/1783/1783 1734/1734/1734
f 1734/1734/1734 1783/1783/1783 1784/1784/1784
f 1734/1734/1734 1784/1784/1784 1735/1735/1735
f 1735/1735/1735 1784/1784/1784 1785/1785/1785
f 1735/1735/1735 1785/1785/1785 1736/1736/1736
f 1736/1736/1736 1785/1785/1785 1786/1786/1786
f 1736/1736/1736 1786/1786/1786 1737/1737/1737
f 1737/1737/1737 1786/1786/1786 1787/1787/1787
f 1737/1737/1737 1787/1787/1787 1738/1738/1738
f 1738/1738/1738 1787/1787/1787 1788/1788/1788
f 1738/1738/1738 1788/1788/1788 1739/1739/1739
f 1739/1739/1739 1788/1788/1788 1789/1789/1789
f 1739/1739/1739 1789/1789/1789 1740/1740/1740
f 1740/1740/1740 1789/1789/1789 1790/1790/1790
f 1740/1740/1740 1790/1790/1790 1741/1741/1741
f 1741/1741/1741 1790/1790/1790 1791/1791/1791
f 1741/1741/1741 1791/1791/1791 1742/1742/1742
f 1742/1742/1742 1791/1791/1791 1792/1792/1792
f 1742/1742/1742 1792/1792/1792 1743/1743/1743
f 1743/1743/1743 1792/1792/1792 1793/1793/1793
f 1743/1743/1743 1793/1793/1793 1744/1744/1744
f 1744/1744/1744 1793/1793/1793 1794/1794/1794
f 1744/1744/1744 1794/1794/1794 1745/1745/1745
f 1745/1745/1745 1794/1794/1794 1795/1795/1795
f 1745/1745/1745 1795/1795/1795 1746/1746/1746
f 1746/1746/1746 1795/1795/1795 1796/1796/1796
f 1746/1746/1746 1796/1796/1796 1747/1747/1747
f 1747/1747/1747 1796/1796/1796 1797/1797/1797
f 1747/1747/1747 1797/1797/1797 1748/1748/1748
f 1748/1748/1748 1797/1797/1797 1798/1798/1798
f 1748/1748/1748 1798/1798/1798 1749/1749/1749
f 1749/1749/1749 1798/1798/1798 1799/1799/1799
f 1749/1749/1749 1799/1799/1799 1750/1750/1750
f 1750/1750/1750 1799/1799/1799 1800/1800/1800
f 1750/1750/1750 1800/1800/1800 1751/1751/1751
f 1751/1751/1751 1800/1800/1800 1801/1801/1801
f 1751/1751/1751 1801/1801/1801 1752/1752/1752
f 1752/1752/1752 1801/1801/1801 1802/1802/1802
f 1752/1752/1752 1802/1802/1802 1753/1753/1753
f 1753/1753/1753 1802/1802/1802 1803/1803/1803
f 1753/1753/1753 1803/1803/1803 1754/1754/1754
f 1754/1754/1754 1803/1803/1803 1804/1804/1804
f 1754/1754/1754 1804/1804/1804 1755/1755/1755
f 1755/1755/1755 1804/1804/1804 1805/1805/1805
f 1755/1755/1755 1805/1805/1805 1756/1756/1756
f 1756/1756/1756 1805/1805/1805 1806/1806/1806
f 1756/1756/1756 1806/1806/1806 1757/1757/1757
f 1757/1757/1757 1806/1806/1806 1807/1807/1807
f 1757/1757/1757 1807/1807/1807 1758/1758/1758
f 1758/1758/1758 1807/1807/1807 1808/1808/1808
f 1758/1758/1758 1808/1808/1808 1759/1759/1759
f 1759/1759/1759 1808/1808/1808 1809/1809/1809
f 1759/1759/1759 1809/1809/1809 1760/1760/1760
f 1760/1760/1760 1809/1809/1809 1810/1810/1810
f 1760/1760/1760 1810/1810/1810 1761/1761/1761
f 1761/1761/1761 1810/1810/1810 1811/1811/1811
f 1761/1761/1761 1811/1811/1811 1762/1762/1762
f 1762/1762/1762 1811/1811/1811 1812/1812/1812
f 1762/1762/1762 1812/1812/1812 1763/1763/1763
f 1763/1763/1763 1812/1812/1812 1813/1813/1813
f 1763/1763/1763 1813/1813/1813 1764/1764/1764
f 1764/1764/1764 1813/1813/1813 1814/1814/1814
f 1764/1764/1764 1814/1814/1814 1765/1765/1765
f 1765/1765/1765 1814/1814/1814 1815/1815/1815
f 1765/1765/1765 1815/1815/1815 1766/1766/1766
f 1766/1766/1766 1815/1815/1815 1816/1816/1816
f 1766/1766/1766 1816/1816/1816 1767/1767/1767
f 1767/1767/1767 1816/1816/1816 1817/1817/1817
f 1767/1767/1767 1817/1817/1817 1768/1768/1768
f 1769/1769/1769 1818/1818/1818 1819/1819/1819
f 1769/1769/1769 1819/1819/1819 1770/1770/1770
f 1770/1770/1770 1819/1819/1819 1820/1820/1820
f 1770/1770/1770 1820/1820/1820 1771/1771/1771
f 1771/1771/1771 1820/1820/1820 1821/1821/1821
f 1771/1771/1771 1821/1821/1821 1772/1772/1772
f 1772/1772/1772 1821/1821/1821 1822/1822/1822
f 1772/1772/1772 1822/1822/1822 1773/1773/1773
f 1773/1773/1773 1822/1822/1822 1823/1823/1823
f 1773/1773/1773 1823/1823/1823 1774/1774/1774
f 1774/1774/1774 1823/1823/1823 1824/1824/1824
f 1774/1774/1774 1824/1824/1824 1775/1775/1775
f 1775/1775/1775 1824/1824/1824 1825/1825/1825
f 1775/1775/1775 1825/1825/1825 1776/1776/1776
f 1776/1776/1776 1825/1825/1825 1826/1826/1826
f 1776/1776/1776 1826/1826/1826 1777/1777/1777
f 1777/1777/1777 1826/1826/1826 1827/1827/1827
f 1777/1777/1777 1827/1827/1827 1778/1778/1778
f 1778/1778/1778 1827/1827/1827 1828/1828/1828
f 1778/1778/1778 1828/1828/1828 1779/1779/1779
f 1779/1779/1779 1828/1828/1828 1829/1829/1829
f 1779/1779/1779 1829/1829/1829 1780/1780/1780
f 1780/1780/1780 1829/1829/1829 1830/1830/1830
f 1780/1780/1780 1830/1830/1830 1781/1781/1781
f 1781/1781/1781 1830/1830/1830 1831/1831/1831
f 1781/1781/1781 1831/1831/1831 1782/1782/1782
f 1782/1782/1782 1831/1831/1831 1832/1832/1832
f 1782/1782/1782 1832/1832/1832 1783/1783/1783
f 1783/1783/1783 1832/1832/1832 1833/1833/1833
f 1783/1783/1783 1833/1833/1833 1784/1784/1784
f 1784/1784/1784 1833/1833/1833 1834/1834/1834
f 1784/1784/1784 1834/1834/1834 1785/1785/1785
f 1785/1785/1785 1834/1834/1834 1835/1835/1835
f 1785/1785/1785 1835/1835/1835 1786/1786/1786
f 1786/1786/1786 1835/1835/1835 1836/1836/1836
f 1786/1786/1786 1836/1836/1836 1787/1787/1787
f 1787/1787/1787 1836/1836/1836 1837/1837/1837
f 1787/1787/1787 1837/1837/1837 1788/1788/1788
f 1788/1788/1788 1837/1837/1837 1838/1838/1838
f 1788/1788/1788 1838/1838/1838 1789/1789/1789
f 1789/1789/1789 1838/1838/1838 1839/1839/1839
f 1789/1789/1789 1839/1839/1839 1790/1790/1790
f 1790/1790/1790 1839/1839/1839 1840/1840/1840
f 1790/1790/1790 1840/1840/1840 1791/1791/1791
f 1791/1791/1791 1840/1840/1840 1841/1841/1841
f 1791/1791/1791 1841/1841/1841 1792/1792/1792
f 1792/1792/1792 1841/1841/1841 1842/1842/1842
f 1792/1792/1792 1842/1842/1842 1793/1793/1793
f 1793/1793/1793 1842/1842/1842 1843/1843/1843
f 1793/1793/1793 1843/1843/1843 1794/1794/1794
f 1794/1794/1794 1843/1843/1843 1844/1844/1844
f 1794/1794/1794 1844/1844/1844 1795/1795/1795
f 1795/1795/1795 1844/1844/1844 1845/1845/1845
f 1795/1795/1795 1845/1845/1845 1796/1796/1796
f 1796/1796/1796 1845/1845/1845 1846/1846/1846
f 1796/1796/1796 1846/1846/1846 1797/1797/1797
f 1797/1797/1797 1846/1846/1846 1847/1847/1847
f 1797/1797/1797 1847/1847/1847 1798/1798/1798
f 1798/1798/1798 1847/1847/1847 1848/1848/1848
f 1798/1798/1798 1848/1848/1848 1799/1799/1799
f 1799/1799/1799 1848/1848/1848 1849/1849/1849
f 1799/1799/1799 1849/1849/1849 1800/1800/1800
f 1800/1800/1800 1849/1849/1849 1850/1850/1850
f 1800/1800/1800 1850/1850/1850 1801/1801/1801
f 1801/1801/1801 1850/1850/1850 1851/1851/1851
f 1801/1801/1801 1851/1851/1851 1802/1802/1802
f 1802/1802/1802 1851/1851/1851 1852/1852/1852
f 1802/1802/1802 1852/1852/1852 1803/1803/1803
f 1803/1803/1803 1852/1852/1852 1853/1853/1853
f 1803/1803/1803 1853/1853/1853 1804/1804/1804
f 1804/1804/1804 1853/1853/1853 1854/1854/1854
f 1804/1804/1804 1854/1854/1854 1805/1805/1805
f 1805/1805/1805 1854/1854/1854 1855/1855/1855
f 1805/1805/1805 1855/1855/1855 1806/1806/1806
f 1806/1806/1806 1855/1855/1855 1856/1856/1856
f 1806/1806/1806 1856/1856/1856 1807/1807/1807
f 1807/1807/1807 1856/1856/1856 1857/1857/1857
f 1807/1807/1807 1857/1857/1857 1808/1808/1808
f 1808/1808/1808 1857/1857/1857 1858/1858/1858
f 1808/1808/1808 1858/1858/1858 1809/1809/1809
f 1809/1809/1809 1858/1858/1858 1859/1859/1859
f 1809/1809/1809 1859/1859/1859 1810/1810/1810
f 1810/1810/1810 1859/1859/1859 1860/1860/1860
f 1810/1810/1810 1860/1860/1860 1811/1811/1811
f 1811/1811/1811 1860/1860/1860 1861/1861/1861
f 1811/1811/1811 1861/1861/1861 1812/1812/1812
f 1812/1812/1812 1861/1861/1861 1862/1862/1862
f 1812/1812/1812 1862/1862/1862 1813/1813/1813
f 1813/1813/1813 1862/1862/1862 1863/1863/1863
f 1813/1813/1813 1863/1863/1863 1814/1814/1814
f 1814/1814/1814 1863/1863/1863 1864/1864/1864
f 1814/1814/1814 1864/1864/1864 1815/1815/1815
f 1815/1815/1815 1864/1864/1864 1865/1865/1865
f 1815/1815/1815 1865/1865/1865 1816/1816/1816
f 1816/1816/1816 1865/1865/1865 1866/1866/1866
f 1816/1816/1816 1866/1866/1866 1817/1817/1817
f 1818/1818/1818 1867/1867/1867 1868/1868/1868
f 1818/1818/1818 1868/1868/1868 1819/1819/1819
f 1819/1819/1819 1868/1868/1868 1869/1869/1869
f 1819/1819/1819 1869/1869/1869 1820/1820/1820
f 1820/1820/1820 1869/1869/1869 1870/1870/1870
f 1820/1820/1820 1870/1870/1870 1821/1821/1821
f 1821/1821/1821 1870/1870/1870 1871/1871/1871
f 1821/1821/1821 1871/1871/1871 1822/1822/1822
f 1822/1822/1822 1871/1871/1871 1872/1872/1872
f 1822/1822/1822 1872/1872/1872 1823/1823/1823
f 1823/1823/1823 1872/1872/1872 1873/1873/1873
f 1823/1823/1823 1873/1873/1873 1824/1824/1824
f 1824/1824/1824 1873/1873/1873 1874/1874/1874
f 1824/1824/1824 1874/1874/1874 1825/1825/1825
f 1825/1825/1825 1874/1874/1874 1875/1875/1875
f 1825/1825/1825 1875/1875/1875 1826/1826/1826
f 1826/1826/1826 1875/1875/1875 1876/1876/1876
f 1826/1826/1826 1876/1876/1876 1827/1827/1827
f 1827/1827/1827 1876/1876/1876 1877/1877/1877
f 1827/1827/1827 1877/1877/1877 1828/1828/1828
f 1828/1828/1828 1877/1877/1877 1878/1878/1878
f 1828/1828/1828 1878/1878/1878 1829/1829/1829
f 1829/1829/1829 1878/1878/1878 1879/1879/1879
f 1829/1829/1829 1879/1879/1879 1830/1830/1830
f 1830/1830/1830 1879/1879/1879 1880/1880/1880
f 1830/1830/1830 1880/1880/1880 1831/1831/1831
f 1831/1831/1831 1880/1880/1880 1881/1881/1881
f 1831/1831/1831 1881/1881/1881 1832/1832/1832
f 1832/1832/1832 1881/1881/1881 1882/1882/1882
f 1832/1832/1832 1882/1882/1882 1833/1833/1833
f 1833/1833/1833 1882/1882/1882 1883/1883/1883
f 1833/1833/1833 1883/1883/1883 1834/1834/1834
f 1834/1834/1834 1883/1883/1883 1884/1884/1884
f 1834/1834/1834 1884/1884/1884 1835/1835/1835
f 1835/1835/1835 1884/1884/1884 1885/1885/1885
f 1835/1835/1835 1885/1885/1885 1836/1836/1836
f 1836/1836/1836 1885/1885/1885 1886/1886/1886
f 1836/1836/1836 1886/1886/1886 1837/1837/1837
f 1837/1837/1837 1886/1886/1886 1887/1887/1887
f 1837/1837/1837 1887/1887/1887 1838/1838/1838
f 1838/1838/1838 1887/1887/1887 1888/1888/1888
f 1838/1838/1838 1888/1888/1888 1839/1839/1839
f 1839/1839/1839 1888/1888/1888 1889/1889/1889
f 1839/1839/1839 1889/1889/1889 1840/1840/1840
f 1840/1840/1840 1889/1889/1889 1890/1890/1890
f 1840/1840/1840 1890/1890/1890 1841/1841/1841
f 1841/1841/1841 1890/1890/1890 1891/1891/1891
f 1841/1841/1841 1891/1891/1891 1842/1842/1842
f 1842/1842/1842 1891/1891/1891 1892/1892/1892
f 1842/1842/1842 1892/1892/1892 1843/1843/1843
f 1843/1843/1843 1892/1892/1892 1893/1893/1893
f 1843/1843/1843 1893/1893/1893 1844/1844/1844
f 1844/1844/1844 1893/1893/1893 1894/1894/1894
f 1844/1844/1844 1894/1894/1894 1845/1845/1845
f 1845/1845/1845 1894/1894/1894 1895/1895/1895
f 1845/1845/1845 1895/1895/1895 1846/1846/1846
f 1846/1846/1846 1895/1895/1895 1896/1896/1896
f 1846/1846/1846 1896/1896/1896 1847/1847/1847
f 1847/1847/1847 1896/1896/1896 1897/1897/1897
f 1847/1847/1847 1897/1897/1897 1848/1848/1848
f 1848/1848/1848 1897/1897/1897 1898/1898/1898
f 1848/1848/1848 1898/1898/1898 1849/1849/1849
f 1849/1849/1849 1898/1898/1898 1899/1899/1899
f 1849/1849/1849 1899/1899/1899 1850/1850/1850
f 1850/1850/1850 1899/1899/1899 1900/1900/1900
f 1850/1850/1850 1900/1900/1900 1851/1851/1851
f 1851/1851/1851 1900/1900/1900 1901/1901/1901
f 1851/1851/1851 1901/1901/1901 1852/1852/1852
f 1852/1852/1852 1901/1901/1901 1902/1902/1902
f 1852/1852/1852 1902/1902/1902 1853/1853/1853
f 1853/1853/1853 1902/1902/1902 1903/1903/1903
f 1853/1853/1853 1903/1903/1903 1854/1854/1854
f 1854/1854/1854 1903/1903/1903 1904/1904/1904
f 1854/1854/1854 1904/1904/1904 1855/1855/1855
f 1855/1855/1855 1904/1904/1904 1905/1905/1905
f 1855/1855/1855 1905/1905/1905 1856/1856/1856
f 1856/1856/1856 1905/1905/1905 1906/1906/1906
f 1856/1856/1856 1906/1906/1906 1857/1857/1857
f 1857/1857/1857 1906/1906/1906 1907/1907/1907
f 1857/1857/1857 1907/1907/1907 1858/1858/1858
f 1858/1858/1858 1907/1907/1907 1908/1908/1908
f 1858/1858/1858 1908/1908/1908 1859/1859/1859
f 1859/1859/1859 1908/1908/1908 1909/1909/1909
f 1859/1859/1859 1909/1909/1909 1860/1860/1860
f 1860/1860/1860 1909/1909/1909 1910/1910/1910
f 1860/1860/1860 1910/1910/1910 1861/1861/1861
f 1861/1861/1861 1910/1910/1910 1911/1911/1911
f 1861/1861/1861 1911/1911/1911 1862/1862/1862
f 1862/1862/1862 1911/1911/1911 1912/1912/1912
f 1862/1862/1862 1912/1912/1912 1863/1863/1863
f 1863/1863/1863 1912/1912/1912 1913/1913/1913
f 1863/1863/1863 1913/1913/1913 1864/1864/1864
f 1864/1864/1864 1913/1913/1913 1914/1914/1914
f 1864/1864/1864 1914/1914/1914 1865/1865/1865
f 1865/1865/1865 1914/1914/1914 1915/1915/1915
f 1865/1865/1865 1915/1915/1915 1866/1866/1866
f 1867/1867/1867 1916/1916/1916 1917/1917/1917
f 1867/1867/1867 1917/1917/1917 1868/1868/1868
f 1868/1868/1868 1917/1917/1917 1918/1918/1918
f 1868/1868/1868 1918/1918/1918 1869/1869/1869
f 1869/1869/1869 1918/1918/1918 1919/1919/1919
f 1869/1869/1869 1919/1919/1919 1870/1870/1870
f 1870/1870/1870 1919/1919/1919 1920/1920/1920
f 1870/1870/1870 1920/1920/1920 1871/1871/1871
f 1871/1871/1871 1920/1920/1920 1921/1921/1921
f 1871/1871/1871 1921/1921/1921 1872/1872/1872
f 1872/1872/1872 1921/1921/1921 1922/1922/1922
f 1872/1872/1872 1922/1922/1922 1873/1873/1873
f 1873/1873/1873 1922/1922/1922 1923/1923/1923
f 1873/1873/1873 1923/1923/1923 1874/1874/1874
f 1874/1874/1874 1923/1923/1923 1924/1924/1924
f 1874/1874/1874 1924/1924/1924 1875/1875/1875
f 1875/1875/1875 1924/1924/1924 1925/1925/1925
f 1875/1875/1875 1925/1925/1925 1876/1876/1876
f 1876/1876/1876 1925/1925/1925 1926/1926/1926
f 1876/1876/1876 1926/1926/1926 1877/1877/1877
f 1877/1877/1877 1926/1926/1926 1927/1927/1927
f 1877/1877/1877 1927/1927/1927 1878/1878/1878
f 1878/1878/1878 1927/1927/1927 1928/1928/1928
f 1878/1878/1878 1928/1928/1928 1879/1879/1879
f 1879/1879/1879 1928/1928/1928 1929/1929/1929
f 1879/1879/1879 1929/1929/1929 1880/1880/1880
f 1880/1880/1880 1929/1929/1929 1930/1930/1930
f 1880/1880/1880 1930/1930/1930 1881/1881/1881
f 1881/1881/1881 1930/1930/1930 1931/1931/1931
f 1881/1881/1881 1931/1931/1931 1882/1882/1882
f 1882/1882/1882 1931/1931/1931 1932/1932/1932
f 1882/1882/1882 1932/1932/1932 1883/1883/1883
f 1883/1883/1883 1932/1932/1932 1933/1933/1933
f 1883/1883/1883 1933/1933/1933 1884/1884/1884
f 1884/1884/1884 1933/1933/1933 1934/1934/1934
f 1884/1884/1884 1934/1934/1934 1885/1885/1885
f 1885/1885/1885 1934/1934/1934 1935/1935/1935
f 1885/1885/1885 1935/1935/1935 1886/1886/1886
f 1886/1886/1886 1935/1935/1935 1936/1936/1936
f 1886/1886/1886 1936/1936/1936 1887/1887/1887
f 1887/1887/1887 1936/1936/1936 1937/1937/1937
f 1887/1887/1887 1937/1937/1937 1888/1888/1888
f 1888/1888/1888 1937/1937/1937 1938/1938/1938
f 1888/1888/1888 1938/1938/1938 1889/1889/1889
f 1889/1889/1889 1938/1938/1938 1939/1939/1939
f 1889/1889/1889 1939/1939/1939 1890/1890/1890
f 1890/1890/1890 1939/1939/1939 1940/1940/1940
f 1890/1890/1890 1940/1940/1940 1891/1891/1891
f 1891/1891/1891 1940/1940/1940 1941/1941/1941
f 1891/1891/1891 1941/1941/1941 1892/1892/1892
f 1892/1892/1892 1941/1941/1941 1942/1942/1942
f 1892/1892/1892 1942/1942/1942 1893/1893/1893
f 1893/1893/1893 1942/1942/1942 1943/1943/1943
f 1893/1893/1893 1943/1943/1943 1894/1894/1894
f 1894/1894/1894 1943/1943/1943 1944/1944/1944
f 1894/1894/1894 1944/1944/1944 1895/1895/1895
f 1895/1895/1895 1944/1944/1944 1945/1945/1945
f 1895/1895/1895 1945/1945/1945 1896/1896/1896
f 1896/1896/1896 1945/1945/1945 1946/1946/1946
f 1896/1896/1896 1946/1946/1946 1897/1897/1897
f 1897/1897/1897 1946/1946/1946 1947/1947/1947
f 1897/1897/1897 1947/1947/1947 1898/1898/1898
f 1898/1898/1898 1947/1947/1947 1948/1948/1948
f 1898/1898/1898 1948/1948/1948 1899/1899/1899
f 1899/1899/1899 1948/1948/1948 1949/1949/1949
f 1899/1899/1899 1949/1949/1949 1900/1900/1900
f 1900/1900/1900 1949/1949/1949 1950/1950/1950
f 1900/1900/1900 1950/1950/1950 1901/1901/1901
f 1901/1901/1901 1950/1950/1950 1951/1951/1951
f 1901/1901/1901 1951/1951/1951 1902/1902/1902
f 1902/1902/1902 1951/1951/1951 1952/1952/1952
f 1902/1902/1902 1952/1952/1952 1903/1903/1903
f 1903/1903/1903 1952/1952/1952 1953/1953/1953
f 1903/1903/1903 1953/1953/1953 1904/1904/1904
f 1904/1904/1904 1953/1953/1953 1954/1954/1954
f 1904/1904/1904 1954/1954/1954 1905/1905/1905
f 1905/1905/1905 1954/1954/1954 1955/1955/1955
f 1905/1905/1905 1955/1955/1955 1906/1906/1906
f 1906/1906/1906 1955/1955/1955 1956/1956/1956
f 1906/1906/1906 1956/1956/1956 1907/1907/1907
f 1907/1907/1907 1956/1956/1956 1957/1957/1957
f 1907/1907/1907 1957/1957/1957 1908/1908/1908
f 1908/1908/1908 1957/1957/1957 1958/1958/1958
f 1908/1908/1908 1958/1958/1958 1909/1909/1909
f 1909/1909/1909 1958/1958/1958 1959/1959/1959
f 1909/1909/1909 1959/1959/1959 1910/1910/1910
f 1910/1910/1910 1959/1959/1959 1960/1960/1960
f 1910/1910/1910 1960/1960/1960 1911/1911/1911
f 1911/1911/1911 1960/1960/1960 1961/1961/1961
f 1911/1911/1911 1961/1961/1961 1912/1912/1912
f 1912/1912/1912 1961/1961/1961 1962/1962/1962
f 1912/1912/1912 1962/1962/1962 1913/1913/1913
f 1913/1913/1913 1962/1962/1962 1963/1963/1963
f 1913/1913/1913 1963/1963/1963 1914/1914/1914
f 1914/1914/1914 1963/1963/1963 1964/1964/1964
f 1914/1914/1914 1964/1964/1964 1915/1915/1915
f 1916/1916/1916 1965/1965/1965 1966/1966/1966
f 1916/1916/1916 1966/1966/1966 1917/1917/1917
f 1917/1917/1917 1966/1966/1966 1967/1967/1967
f 1917/1917/1917 1967/1967/1967 1918/1918/1918
f 1918/1918/1918 1967/1967/1967 1968/1968/1968
f 1918/1918/1918 1968/1968/1968 1919/1919/1919
f 1919/1919/1919 1968/1968/1968 1969/1969/1969
f 1919/1919/1919 1969/1969/1969 1920/1920/1920
f 1920/1920/1920 1969/1969/1969 1970/1970/1970
f 1920/1920/1920 1970/1970/1970 1921/1921/1921
f 1921/1921/1921 1970/1970/1970 1971/1971/1971
f 1921/1921/1921 1971/1971/1971 1922/1922/1922
f 1922/1922/1922 1971/1971/1971 1972/1972/1972
f 1922/1922/1922 1972/1972/1972 1923/1923/1923
f 1923/1923/1923 1972/1972/1972 1973/1973/1973
f 1923/1923/1923 1973/1973/1973 1924/1924/1924
f 1924/1924/1924 1973/1973/1973 1974/1974/1974
f 1924/1924/1924 1974/1974/1974 1925/1925/1925
f 1925/1925/1925 1974/1974/1974 1975/1975/1975
f 1925/1925/1925 1975/1975/1975 1926/1926/1926
f 1926/1926/1926 1975/1975/1975 1976/1976/1976
f 1926/1926/1926 1976/1976/1976 1927/1927/1927
f 1927/1927/1927 1976/1976/1976 1977/1977/1977
f 1927/1927/1927 1977/1977/1977 1928/1928/1928
f 1928/1928/1928 1977/1977/1977 1978/1978/1978
f 1928/1928/1928 1978/1978/1978 1929/1929/1929
f 1929/1929/1929 1978/1978/1978 1979/1979/1979
f 1929/1929/1929 1979/1979/1979 1930/1930/1930
f 1930/1930/1930 1979/1979/1979 1980/1980/1980
f 1930/1930/1930 1980/1980/1980 1931/1931/1931
f 1931/1931/1931 1980/1980/1980 1981/1981/1981
f 1931/1931/1931 1981/1981/1981 1932/1932/1932
f 1932/1932/1932 1981/1981/1981 1982/1982/1982
f 1932/1932/1932 1982/1982/1982 1933/1933/1933
f 1933/1933/1933 1982/1982/1982 1983/1983/1983
f 1933/1933/1933 1983/1983/1983 1934/1934/1934
f 1934/1934/1934 1983/1983/1983 1984/1984/1984
f 1934/1934/1934 1984/1984/1984 1935/1935/1935
f 1935/1935/1935 1984/1984/1984 1985/1985/1985
f 1935/1935/1935 1985/1985/1985 1936/1936/1936
f 1936/1936/1936 1985/1985/1985 1986/1986/1986
f 1936/1936/1936 1986/1986/1986 1937/1937/1937
f 1937/1937/1937 1986/1986/1986 1987/1987/1987
f 1937/1937/1937 1987/1987/1987 1938/1938/1938
f 1938/1938/1938 1987/1987/1987 1988/1988/1988
f 1938/1938/1938 1988/1988/1988 1939/1939/1939
f 1939/1939/1939 1988/1988/1988 1989/1989/1989
f 1939/1939/1939 1989/1989/1989 1940/1940/1940
f 1940/1940/1940 1989/1989/1989 1990/1990/1990
f 1940/1940/1940 1990/1990/1990 1941/1941/1941
f 1941/1941/1941 1990/1990/1990 1991/1991/1991
f 1941/1941/1941 1991/1991/1991 1942/1942/1942
f 1942/1942/1942 1991/1991/1991 1992/1992/1992
f 1942/1942/1942 1992/1992/1992 1943/1943/1943
f 1943/1943/1943 1992/1992/1992 1993/1993/1993
f 1943/1943/1943 1993/1993/1993 1944/1944/1944
f 1944/1944/1944 1993/1993/1993 1994/1994/1994
f 1944/1944/1944 1994/1994/1994 1945/1945/1945
f 1945/1945/1945 1994/1994/1994 1995/1995/1995
f 1945/1945/1945 1995/1995/1995 1946/1946/1946
f 1946/1946/1946 1995/1995/1995 1996/1996/1996
f 1946/1946/1946 1996/1996/1996 1947/1947/1947
f 1947/1947/1947 1996/1996/1996 1997/1997/1997
f 1947/1947/1947 1997/1997/1997 1948/1948/1948
f 1948/1948/1948 1997/1997/1997 1998/1998/1998
f 1948/1948/1948 1998/1998/1998 1949/1949/1949
f 1949/1949/1949 1998/1998/1998 1999/1999/1999
f 1949/1949/1949 1999/1999/1999 1950/1950/1950
f 1950/1950/1950 1999/1999/1999 2000/2000/2000
f 1950/1950/1950 2000/2000/2000 1951/1951/1951
f 1951/1951/1951 2000/2000/2000 2001/2001/2001
f 1951/1951/1951 2001/2001/2001 1952/1952/1952
f 1952/1952/1952 2001/2001/2001 2002/2002/2002
f 1952/1952/1952 2002/2002/2002 1953/1953/1953
f 1953/1953/1953 2002/2002/2002 2003/2003/2003
f 1953/1953/1953 2003/2003/2003 1954/1954/1954
f 1954/1954/1954 2003/2003/2003 2004/2004/2004
f 1954/1954/1954 2004/2004/2004 1955/1955/1955
f 1955/1955/1955 2004/2004/2004 2005/2005/2005
f 1955/1955/1955 2005/2005/2005 1956/1956/1956
f 1956/1956/1956 2005/2005/2005 2006/2006/2006
f 1956/1956/1956 2006/2006/2006 1957/1957/1957
f 1957/1957/1957 2006/2006/2006 2007/2007/2007
f 1957/1957/1957 2007/2007/2007 1958/1958/1958
f 1958/1958/1958 2007/2007/2007 2008/2008/2008
f 1958/1958/1958 2008/2008/2008 1959/1959/1959
f 1959/1959/1959 2008/2008/2008 2009/2009/2009
f 1959/1959/1959 2009/2009/2009 1960/1960/1960
f 1960/1960/1960 2009/2009/2009 2010/2010/2010
f 1960/1960/1960 2010/2010/2010 1961/1961/1961
f 1961/1961/1961 2010/2010/2010 2011/2011/2011
f 1961/1961/1961 2011/2011/2011 1962/1962/1962
f 1962/1962/1962 2011/2011/2011 2012/2012/2012
f 1962/1962/1962 2012/2012/2012 1963/1963/1963
f 1963/1963/1963 2012/2012/2012 2013/2013/2013
f 1963/1963/1963 2013/2013/2013 1964/1964/1964
f 1965/1965/1965 2014/2014/2014 2015/2015/2015
f 1965/1965/1965 2015/2015/2015 1966/1966/1966
f 1966/1966/1966 2015/2015/2015 2016/2016/2016
f 1966/1966/1966 2016/2016/2016 1967/1967/1967
f 1967/1967/1967 2016/2016/2016 2017/2017/2017
f 1967/1967/1967 2017/2017/2017 1968/1968/1968
f 1968/1968/1968 2017/2017/2017 2018/2018/2018
f 1968/1968/1968 2018/2018/2018 1969/1969/1969
f 1969/1969/1969 2018/2018/2018 2019/2019/2019
f 1969/1969/1969 2019/2019/2019 1970/1970/1970
f 1970/1970/1970 2019/2019/2019 2020/2020/2020
f 1970/1970/1970 2020/2020/2020 1971/1971/1971
f 1971/1971/1971 2020/2020/2020 2021/2021/2021
f 1971/1971/1971 2021/2021/2021 1972/1972/1972
f 1972/1972/1972 2021/2021/2021 2022/2022/2022
f 1972/1972/1972 2022/2022/2022 1973/1973/1973
f 1973/1973/1973 2022/2022/2022 2023/2023/2023
f 1973/1973/1973 2023/2023/2023 1974/1974/1974
f 1974/1974/1974 2023/2023/2023 2024/2024/2024
f 1974/1974/1974 2024/2024/2024 1975/1975/1975
f 1975/1975/1975 2024/2024/2024 2025/2025/2025
f 1975/1975/1975 2025/2025/2025 1976/1976/1976
f 1976/1976/1976 2025/2025/2025 2026/2026/2026
f 1976/1976/1976 2026/2026/2026 1977/1977/1977
f 1977/1977/1977 2026/2026/2026 2027/2027/2027
f 1977/1977/1977 2027/2027/2027 1978/1978/1978
f 1978/1978/1978 2027/2027/2027 2028/2028/2028
f 1978/1978/1978 2028/2028/2028 1979/1979/1979
f 1979/1979/1979 2028/2028/2028 2029/2029/2029
f 1979/1979/1979 2029/2029/2029 1980/1980/1980
f 1980/1980/1980 2029/2029/2029 2030/2030/2030
f 1980/1980/1980 2030/2030/2030 1981/1981/1981
f 1981/1981/1981 2030/2030/2030 2031/2031/2031
f 1981/1981/1981 2031/2031/2031 1982/1982/1982
f 1982/1982/1982 2031/2031/2031 2032/2032/2032
f 1982/1982/1982 2032/2032/2032 1983/1983/1983
f 1983/1983/1983 2032/2032/2032 2033/2033/2033
f 1983/1983/1983 2033/2033/2033 1984/1984/1984
f 1984/1984/1984 2033/2033/2033 2034/2034/2034
f 1984/1984/1984 2034/2034/2034 1985/1985/1985
f 1985/1985/1985 2034/2034/2034 2035/2035/2035
f 1985/1985/1985 2035/2035/2035 1986/1986/1986
f 1986/1986/1986 2035/2035/2035 2036/2036/2036
f 1986/1986/1986 2036/2036/2036 1987/1987/1987
f 1987/1987/1987 2036/2036/2036 2037/2037/2037
f 1987/1987/1987 2037/2037/2037 1988/1988/1988
f 1988/1988/1988 2037/2037/2037 2038/2038/2038
f 1988/1988/1988 2038/2038/2038 1989/1989/1989
f 1989/1989/1989 2038/2038/2038 2039/2039/2039
f 1989/1989/1989 2039/2039/2039 1990/1990/1990
f 1990/1990/1990 2039/2039/2039 2040/2040/2040
f 1990/1990/1990 2040/2040/2040 1991/1991/1991
f 1991/1991/1991 2040/2040/2040 2041/2041/2041
f 1991/1991/1991 2041/2041/2041 1992/1992/1992
f 1992/1992/1992 2041/2041/2041 2042/2042/2042
f 1992/1992/1992 2042/2042/2042 1993/1993/1993
f 1993/1993/1993 2042/2042/2042 2043/2043/2043
f 1993/1993/1993 2043/2043/2043 1994/1994/1994
f 1994/1994/1994 2043/2043/2043 2044/2044/2044
f 1994/1994/1994 2044/2044/2044 1995/1995/1995
f 1995/1995/1995 2044/2044/2044 2045/2045/2045
f 1995/1995/1995 2045/2045/2045 1996/1996/1996
f 1996/1996/1996 2045/2045/2045 2046/2046/2046
f 1996/1996/1996 2046/2046/2046 1997/1997/1997
f 1997/1997/1997 2046/2046/2046 2047/2047/2047
f 1997/1997/1997 2047/2047/2047 1998/1998/1998
f 1998/1998/1998 2047/2047/2047 2048/2048/2048
f 1998/1998/1998 2048/2048/2048 1999/1999/1999
f 1999/1999/1999 2048/2048/2048 2049/2049/2049
f 1999/1999/1999 2049/2049/2049 2000/2000/2000
f 2000/2000/2000 2049/2049/2049 2050/2050/2050
f 2000/2000/2000 2050/2050/2050 2001/2001/2001
f 2001/2001/2001 2050/2050/2050 2051/2051/2051
f 2001/2001/2001 2051/2051/2051 2002/2002/2002
f 2002/2002/2002 2051/2051/2051 2052/2052/2052
f 2002/2002/2002 2052/2052/2052 2003/2003/2003
f 2003/2003/2003 2052/2052/2052 2053/2053/2053
f 2003/2003/2003 2053/2053/2053 2004/2004/2004
f 2004/2004/2004 2053/2053/2053 2054/2054/2054
f 2004/2004/2004 2054/2054/2054 2005/2005/2005
f 2005/2005/2005 2054/2054/2054 2055/2055/2055
f 2005/2005/2005 2055/2055/2055 2006/2006/2006
f 2006/2006/2006 2055/2055/2055 2056/2056/2056
f 2006/2006/2006 2056/2056/2056 2007/2007/2007
f 2007/2007/2007 2056/2056/2056 2057/2057/2057
f 2007/2007/2007 2057/2057/2057 2008/2008/2008
f 2008/2008/2008 2057/2057/2057 2058/2058/2058
f 2008/2008/2008 2058/2058/2058 2009/2009/2009
f 2009/2009/2009 2058/2058/2058 2059/2059/2059
f 2009/2009/2009 2059/2059/2059 2010/2010/2010
f 2010/2010/2010 2059/2059/2059 2060/2060/2060
f 2010/2010/2010 2060/2060/2060 2011/2011/2011
f 2011/2011/2011 2060/2060/2060 2061/2061/2061
f 2011/2011/2011 2061/2061/2061 2012/2012/2012
f 2012/2012/2012 2061/2061/2061 2062/2062/2062
f 2012/2012/2012 2062/2062/2062 2013/2013/2013
f 2014/2014/2014 2063/2063/2063 2064/2064/2064
f 2014/2014/2014 2064/2064/2064 2015/2015/2015
f 2015/2015/2015 2064/2064/2064 2065/2065/2065
f 2015/2015/2015 2065/2065/2065 2016/2016/2016
f 2016/2016/2016 2065/2065/2065 2066/2066/2066
f 2016/2016/2016 2066/2066/2066 2017/2017/2017
f 2017/2017/2017 2066/2066/2066 2067/2067/2067
f 2017/2017/2017 2067/2067/2067 2018/2018/2018
f 2018/2018/2018 2067/2067/2067 2068/2068/2068
f 2018/2018/2018 2068/2068/2068 2019/2019/2019
f 2019/2019/2019 2068/2068/2068 2069/2069/2069
f 2019/2019/2019 2069/2069/2069 2020/2020/2020
f 2020/2020/2020 2069/2069/2069 2070/2070/2070
f 2020/2020/2020 2070/2070/2070 2021/2021/2021
f 2021/2021/2021 2070/2070/2070 2071/2071/2071
f 2021/2021/2021 2071/2071/2071 2022/2022/2022
f 2022/2022/2022 2071/2071/2071 2072/2072/2072
f 2022/2022/2022 2072/2072/2072 2023/2023/2023
f 2023/2023/2023 2072/2072/2072 2073/2073/2073
f 2023/2023/2023 2073/2073/2073 2024/2024/2024
f 2024/2024/2024 2073/2073/2073 2074/2074/2074
f 2024/2024/2024 2074/2074/2074 2025/2025/2025
f 2025/2025/2025 2074/2074/2074 2075/2075/2075
f 2025/2025/2025 2075/2075/2075 2026/2026/2026
f 2026/2026/2026 2075/2075/2075 2076/2076/2076
f 2026/2026/2026 2076/2076/2076 2027/2027/2027
f 2027/2027/2027 2076/2076/2076 2077/2077/2077
f 2027/2027/2027 2077/2077/2077 2028/2028/2028
f 2028/2028/2028 2077/2077/2077 2078/2078/2078
f 2028/2028/2028 2078/2078/2078 2029/2029/2029
f 2029/2029/2029 2078/2078/2078 2079/2079/2079
f 2029/2029/2029 2079/2079/2079 2030/2030/2030
f 2030/2030/2030 2079/2079/2079 2080/2080/2080
f 2030/2030/2030 2080/2080/2080 2031/2031/2031
f 2031/2031/2031 2080/2080/2080 2081/2081/2081
f 2031/2031/2031 2081/2081/2081 2032/2032/2032
f 2032/2032/2032 2081/2081/2081 2082/2082/2082
f 2032/2032/2032 2082/2082/2082 2033/2033/2033
f 2033/2033/2033 2082/2082/2082 2083/2083/2083
f 2033/2033/2033 2083/2083/2083 2034/2034/2034
f 2034/2034/2034 2083/2083/2083 2084/2084/2084
f 2034/2034/2034 2084/2084/2084 2035/2035/2035
f 2035/2035/2035 2084/2084/2084 2085/2085/2085
f 2035/2035/2035 2085/2085/2085 2036/2036/2036
f 2036/2036/2036 2085/2085/2085 2086/2086/2086
f 2036/2036/2036 2086/2086/2086 2037/2037/2037
f 2037/2037/2037 2086/2086/2086 2087/2087/2087
f 2037/2037/2037 2087/2087/2087 2038/2038/2038
f 2038/2038/2038 2087/2087/2087 2088/2088/2088
f 2038/2038/2038 2088/2088/2088 2039/2039/2039
f 2039/2039/2039 2088/2088/2088 2089/2089/2089
f 2039/2039/2039 2089/2089/2089 2040/2040/2040
f 2040/2040/2040 2089/2089/2089 2090/2090/2090
f 2040/2040/2040 2090/2090/2090 2041/2041/2041
f 2041/2041/2041 2090/2090/2090 2091/2091/2091
f 2041/2041/2041 2091/2091/2091 2042/2042/2042
f 2042/2042/2042 2091/2091/2091 2092/2092/2092
f 2042/2042/2042 2092/2092/2092 2043/2043/2043
f 2043/2043/2043 2092/2092/2092 2093/2093/2093
f 2043/2043/2043 2093/2093/2093 2044/2044/2044
f 2044/2044/2044 2093/2093/2093 2094/2094/2094
f 2044/2044/2044 2094/2094/2094 2045/2045/2045
f 2045/2045/2045 2094/2094/2094 2095/2095/2095
f 2045/2045/2045 2095/2095/2095 2046/2046/2046
f 2046/2046/2046 2095/2095/2095 2096/2096/2096
f 2046/2046/2046 2096/2096/2096 2047/2047/2047
f 2047/2047/2047 2096/2096/2096 2097/2097/2097
f 2047/2047/2047 2097/2097/2097 2048/2048/2048
f 2048/2048/2048 2097/2097/2097 2098/2098/2098
f 2048/2048/2048 2098/2098/2098 2049/2049/2049
f 2049/2049/2049 2098/2098/2098 2099/2099/2099
f 2049/2049/2049 2099/2099/2099 2050/2050/2050
f 2050/2050/2050 2099/2099/2099 2100/2100/2100
f 2050/2050/2050 2100/2100/2100 2051/2051/2051
f 2051/2051/2051 2100/2100/2100 2101/2101/2101
f 2051/2051/2051 2101/2101/2101 2052/2052/2052
f 2052/2052/2052 2101/2101/2101 2102/2102/2102
f 2052/2052/2052 2102/2102/2102 2053/2053/2053
f 2053/2053/2053 2102/2102/2102 2103/2103/2103
f 2053/2053/2053 2103/2103/2103 2054/2054/2054
f 2054/2054/2054 2103/2103/2103 2104/2104/2104
f 2054/2054/2054 2104/2104/2104 2055/2055/2055
f 2055/2055/2055 2104/2104/2104 2105/2105/2105
f 2055/2055/2055 2105/2105/2105 2056/2056/2056
f 2056/2056/2056 2105/2105/2105 2106/2106/2106
f 2056/2056/2056 2106/2106/2106 2057/2057/2057
f 2057/2057/2057 2106/2106/2106 2107/2107/2107
f 2057/2057/2057 2107/2107/2107 2058/2058/2058
f 2058/2058/2058 2107/2107/2107 2108/2108/2108
f 2058/2058/2058 2108/2108/2108 2059/2059/2059
f 2059/2059/2059 2108/2108/2108 2109/2109/2109
f 2059/2059/2059 2109/2109/2109 2060/2060/2060
f 2060/2060/2060 2109/2109/2109 2110/2110/2110
f 2060/2060/2060 2110/2110/2110 2061/2061/2061
f 2061/2061/2061 2110/2110/2110 2111/2111/2111
f 2061/2061/2061 2111/2111/2111 2062/2062/2062
f 2063/2063/2063 2112/2112/2112 2113/2113/2113
f 2063/2063/2063 2113/2113/2113 2064/2064/2064
f 2064/2064/2064 2113/2113/2113 2114/2114/2114
f 2064/2064/2064 2114/2114/2114 2065/2065/2065
f 2065/2065/2065 2114/2114/2114 2115/2115/2115
f 2065/2065/2065 2115/2115/2115 2066/2066/2066
f 2066/2066/2066 2115/2115/2115 2116/2116/2116
f 2066/2066/2066 2116/2116/2116 2067/2067/2067
f 2067/2067/2067 2116/2116/2116 2117/2117/2117
f 2067/2067/2067 2117/2117/2117 2068/2068/2068
f 2068/2068/2068 2117/2117/2117 2118/2118/2118
f 2068/2068/2068 2118/2118/2118 2069/2069/2069
f 2069/2069/2069 2118/2118/2118 2119/2119/2119
f 2069/2069/2069 2119/2119/2119 2070/2070/2070
f 2070/2070/2070 2119/2119/2119 2120/2120/2120
f 2070/2070/2070 2120/2120/2120 2071/2071/2071
f 2071/2071/2071 2120/2120/2120 2121/2121/2121
f 2071/2071/2071 2121/2121/2121 2072/2072/2072
f 2072/2072/2072 2121/2121/2121 2122/2122/2122
f 2072/2072/2072 2122/2122/2122 2073/2073/2073
f 2073/2073/2073 2122/2122/2122 2123/2123/2123
f 2073/2073/2073 2123/2123/2123 2074/2074/2074
f 2074/2074/2074 2123/2123/2123 2124/2124/2124
f 2074/2074/2074 2124/2124/2124 2075/2075/2075
f 2075/2075/2075 2124/2124/2124 2125/2125/2125
f 2075/2075/2075 2125/2125/2125 2076/2076/2076
f 2076/2076/2076 2125/2125/2125 2126/2126/2126
f 2076/2076/2076 2126/2126/2126 2077/2077/2077
f 2077/2077/2077 2126/2126/2126 2127/2127/2127
f 2077/2077/2077 2127/2127/2127 2078/2078/2078
f 2078/2078/2078 2127/2127/2127 2128/2128/2128
f 2078/2078/2078 2128/2128/2128 2079/2079/2079
f 2079/2079/2079 2128/2128/2128 2129/2129/2129
f 2079/2079/2079 2129/2129/2129 2080/2080/2080
f 2080/2080/2080 2129/2129/2129 2130/2130/2130
f 2080/2080/2080 2130/2130/2130 2081/2081/2081
f 2081/2081/2081 2130/2130/2130 2131/2131/2131
f 2081/2081/2081 2131/2131/2131 2082/2082/2082
f 2082/2082/2082 2131/2131/2131 2132/2132/2132
f 2082/2082/2082 2132/2132/2132 2083/2083/2083
f 2083/2083/2083 2132/2132/2132 2133/2133/2133
f 2083/2083/2083 2133/2133/2133 2084/2084/2084
f 2084/2084/2084 2133/2133/2133 2134/2134/2134
f 2084/2084/2084 2134/2134/2134 2085/2085/2085
f 2085/2085/2085 2134/2134/2134 2135/2135/2135
f 2085/2085/2085 2135/2135/2135 2086/2086/2086
f 2086/2086/2086 2135/2135/2135 2136/2136/2136
f 2086/2086/2086 2136/2136/2136 2087/2087/2087
f 2087/2087/2087 2136/2136/2136 2137/2137/2137
f 2087/2087/2087 2137/2137/2137 2088/2088/2088
f 2088/2088/2088 2137/2137/2137 2138/2138/2138
f 2088/2088/2088 2138/2138/2138 2089/2089/2089
f 2089/2089/2089 2138/2138/2138 2139/2139/2139
f 2089/2089/2089 2139/2139/2139 2090/2090/2090
f 2090/2090/2090 2139/2139/2139 2140/2140/2140
f 2090/2090/2090 2140/2140/2140 2091/2091/2091
f 2091/2091/2091 2140/2140/2140 2141/2141/2141
f 2091/2091/2091 2141/2141/2141 2092/2092/2092
f 2092/2092/2092 2141/2141/2141 2142/2142/2142
f 2092/2092/2092 2142/2142/2142 2093/2093/2093
f 2093/2093/2093 2142/2142/2142 2143/2143/2143
f 2093/2093/2093 2143/2143/2143 2094/2094/2094
f 2094/2094/2094 2143/2143/2143 2144/2144/2144
f 2094/2094/2094 2144/2144/2144 2095/2095/2095
f 2095/2095/2095 2144/2144/2144 2145/2145/2145
f 2095/2095/2095 2145/2145/2145 2096/2096/2096
f 2096/2096/2096 2145/2145/2145 2146/2146/2146
f 2096/2096/2096 2146/2146/2146 2097/2097/2097
f 2097/2097/2097 2146/2146/2146 2147/2147/2147
f 2097/2097/2097 2147/2147/2147 2098/2098/2098
f 2098/2098/2098 2147/2147/2147 2148/2148/2148
f 2098/2098/2098 2148/2148/2148 2099/2099/2099
f 2099/2099/2099 2148/2148/2148 2149/2149/2149
f 2099/2099/2099 2149/2149/2149 2100/2100/2100
f 2100/2100/2100 2149/2149/2149 2150/2150/2150
f 2100/2100/2100 2150/2150/2150 2101/2101/2101
f 2101/2101/2101 2150/2150/2150 2151/2151/2151
f 2101/2101/2101 2151/2151/2151 2102/2102/2102
f 2102/2102/2102 2151/2151/2151 2152/2152/2152
f 2102/2102/2102 2152/2152/2152 2103/2103/2103
f 2103/2103/2103 2152/2152/2152 2153/2153/2153
f 2103/2103/2103 2153/2153/2153 2104/2104/2104
f 2104/2104/2104 2153/2153/2153 2154/2154/2154
f 2104/2104/2104 2154/2154/2154 2105/2105/2105
f 2105/2105/2105 2154/2154/2154 2155/2155/2155
f 2105/2105/2105 2155/2155/2155 2106/2106/2106
f 2106/2106/2106 2155/2155/2155 2156/2156/2156
f 2106/2106/2106 2156/2156/2156 2107/2107/2107
f 2107/2107/2107 2156/2156/2156 2157/2157/2157
f 2107/2107/2107 2157/2157/2157 2108/2108/2108
f 2108/2108/2108 2157/2157/2157 2158/2158/2158
f 2108/2108/2108 2158/2158/2158 2109/2109/2109
f 2109/2109/2109 2158/2158/2158 2159/2159/2159
f 2109/2109/2109 2159/2159/2159 2110/2110/2110
f 2110/2110/2110 2159/2159/2159 2160/2160/2160
f 2110/2110/2110 2160/2160/2160 2111/2111/2111
usemtl BombCap
f 2161/2161/2161 2170/2170/2170 2171/2171/2171
f 2161/2161/2161 2171/2171/2171 2162/2162/2162
f 2162/2162/2162 2171/2171/2171 2172/2172/2172
f 2162/2162/2162 2172/2172/2172 2163/2163/2163
f 2163/2163/2163 2172/2172/2172 2173/2173/2173
f 2163/2163/2163 2173/2173/2173 2164/2164/2164
f 2164/2164/2164 2173/2173/2173 2174/2174/2174
f 2164/2164/2164 2174/2174/2174 2165/2165/2165
f 2165/2165/2165 2174/2174/2174 2175/2175/2175
f 2165/2165/2165 2175/2175/2175 2166/2166/2166
f 2166/2166/2166 2175/2175/2175 2176/2176/2176
f 2166/2166/2166 2176/2176/2176 2167/2167/2167
f 2167/2167/2167 2176/2176/2176 2177/2177/2177
f 2167/2167/2167 2177/2177/2177 2168/2168/2168
f 2168/2168/2168 2177/2177/2177 2178/2178/2178
f 2168/2168/2168 2178/2178/2178 2169/2169/2169
f 2170/2170/2170 2179/2179/2179 2180/2180/2180
f 2170/2170/2170 2180/2180/2180 2171/2171/2171
f 2171/2171/2171 2180/2180/2180 2181/2181/2181
f 2171/2171/2171 2181/2181/2181 2172/2172/2172
f 2172/2172/2172 2181/2181/2181 2182/2182/2182
f 2172/2172/2172 2182/2182/2182 2173/2173/2173
f 2173/2173/2173 2182/2182/2182 2183/2183/2183
f 2173/2173/2173 2183/2183/2183 2174/2174/2174
f 2174/2174/2174 2183/2183/2183 2184/2184/2184
f 2174/2174/2174 2184/2184/2184 2175/2175/2175
f 2175/2175/2175 2184/2184/2184 2185/2185/2185
f 2175/2175/2175 2185/2185/2185 2176/2176/2176
f 2176/2176/2176 2185/2185/2185 2186/2186/2186
f 2176/2176/2176 2186/2186/2186 2177/2177/2177
f 2177/2177/2177 2186/2186/2186 2187/2187/2187
f 2177/2177/2177 2187/2187/2187 2178/2178/2178
f 2179/2179/2179 2188/2188/2188 2189/2189/2189
f 2179/2179/2179 2189/2189/2189 2180/2180/2180
f 2180/2180/2180 2189/2189/2189 2190/2190/2190
f 2180/2180/2180 2190/2190/2190 2181/2181/2181
f 2181/2181/2181 2190/2190/2190 2191/2191/2191
f 2181/2181/2181 2191/2191/2191 2182/2182/2182
f 2182/2182/2182 2191/2191/2191 2192/2192/2192
f 2182/2182/2182 2192/2192/2192 2183/2183/2183
f 2183/2183/2183 2192/2192/2192 2193/2193/2193
f 2183/2183/2183 2193/2193/2193 2184/2184/2184
f 2184/2184/2184 2193/2193/2193 2194/2194/2194
f 2184/2184/2184 2194/2194/2194 2185/2185/2185
f 2185/2185/2185 2194/2194/2194 2195/2195/2195
f 2185/2185/2185 2195/2195/2195 2186/2186/2186
f 2186/2186/2186 2195/2195/2195 2196/2196/2196
f 2186/2186/2186 2196/2196/2196 2187/2187/2187
f 2188/2188/2188 2197/2197/2197 2198/2198/2198
f 2188/2188/2188 2198/2198/2198 2189/2189/2189
f 2189/2189/2189 2198/2198/2198 2199/2199/2199
f 2189/2189/2189 2199/2199/2199 2190/2190/2190
f 2190/2190/2190 2199/2199/2199 2200/2200/2200
f 2190/2190/2190 2200/2200/2200 2191/2191/2191
f 2191/2191/2191 2200/2200/2200 2201/2201/2201
f 2191/2191/2191 2201/2201/2201 2192/2192/2192
f 2192/2192/2192 2201/2201/2201 2202/2202/2202
f 2192/2192/2192 2202/2202/2202 2193/2193/2193
f 2193/2193/2193 2202/2202/2202 2203/2203/2203
f 2193/2193/2193 2203/2203/2203 2194/2194/2194
f 2194/2194/2194 2203/2203/2203 2204/2204/2204
f 2194/2194/2194 2204/2204/2204 2195/2195/2195
f 2195/2195/2195 2204/2204/2204 2205/2205/2205
f 2195/2195/2195 2205/2205/2205 2196/2196/2196
f 2197/2197/2197 2206/2206/2206 2207/2207/2207
f 2197/2197/2197 2207/2207/2207 2198/2198/2198
f 2198/2198/2198 2207/2207/2207 2208/2208/2208
f 2198/2198/2198 2208/2208/2208 2199/2199/2199
f 2199/2199/2199 2208/2208/2208 2209/2209/2209
f 2199/2199/2199 2209/2209/2209 2200/2200/2200
f 2200/2200/2200 2209/2209/2209 2210/2210/2210
f 2200/2200/2200 2210/2210/2210 2201/2201/2201
f 2201/2201/2201 2210/2210/2210 2211/2211/2211
f 2201/2201/2201 2211/2211/2211 2202/2202/2202
f 2202/2202/2202 2211/2211/2211 2212/2212/2212
f 2202/2202/2202 2212/2212/2212 2203/2203/2203
f 2203/2203/2203 2212/2212/2212 2213/2213/2213
f 2203/2203/2203 2213/2213/2213 2204/2204/2204
f 2204/2204/2204 2213/2213/2213 2214/2214/2214
f 2204/2204/2204 2214/2214/2214 2205/2205/2205
f 2206/2206/2206 2215/2215/2215 2216/2216/2216
f 2206/2206/2206 2216/2216/2216 2207/2207/2207
f 2207/2207/2207 2216/2216/2216 2217/2217/2217
f 2207/2207/2207 2217/2217/2217 2208/2208/2208
f 2208/2208/2208 2217/2217/2217 2218/2218/2218
f 2208/2208/2208 2218/2218/2218 2209/2209/2209
f 2209/2209/2209 2218/2218/2218 2219/2219/2219
f 2209/2209/2209 2219/2219/2219 2210/2210/2210
f 2210/2210/2210 2219/2219/2219 2220/2220/2220
f 2210/2210/2210 2220/2220/2220 2211/2211/2211
f 2211/2211/2211 2220/2220/2220 2221/2221/2221
f 2211/2211/2211 2221/2221/2221 2212/2212/2212
f 2212/2212/2212 2221/2221/2221 2222/2222/2222
f 2212/2212/2212 2222/2222/2222 2213/2213/2213
f 2213/2213/2213 2222/2222/2222 2223/2223/2223
f 2213/2213/2213 2223/2223/2223 2214/2214/2214
f 2215/2215/2215 2224/2224/2224 2225/2225/2225
f 2215/2215/2215 2225/2225/2225 2216/2216/2216
f 2216/2216/2216 2225/2225/2225 2226/2226/2226
f 2216/2216/2216 2226/2226/2226 2217/2217/2217
f 2217/2217/2217 2226/2226/2226 2227/2227/2227
f 2217/2217/2217 2227/2227/2227 2218/2218/2218
f 2218/2218/2218 2227/2227/2227 2228/2228/2228
f 2218/2218/2218 2228/2228/2228 2219/2219/2219
f 2219/2219/2219 2228/2228/2228 2229/2229/2229
f 2219/2219/2219 2229/2229/2229 2220/2220/2220
f 2220/2220/2220 2229/2229/2229 2230/2230/2230
f 2220/2220/2220 2230/2230/2230 2221/2221/2221
f 2221/2221/2221 2230/2230/2230 2231/2231/2231
f 2221/2221/2221 2231/2231/2231 2222/2222/2222
f 2222/2222/2222 2231/2231/2231 2232/2232/2232
f 2222/2222/2222 2232/2232/2232 2223/2223/2223
f 2224/2224/2224 2233/2233/2233 2234/2234/2234
f 2224/2224/2224 2234/2234/2234 2225/2225/2225
f 2225/2225/2225 2234/2234/2234 2235/2235/2235
f 2225/2225/2225 2235/2235/2235 2226/2226/2226
f 2226/2226/2226 2235/2235/2235 2236/2236/2236
f 2226/2226/2226 2236/2236/2236 2227/2227/2227
f 2227/2227/2227 2236/2236/2236 2237/2237/2237
f 2227/2227/2227 2237/2237/2237 2228/2228/2228
f 2228/2228/2228 2237/2237/2237 2238/2238/2238
f 2228/2228/2228 2238/2238/2238 2229/2229/2229
f 2229/2229/2229 2238/2238/2238 2239/2239/2239
f 2229/2229/2229 2239/2239/2239 2230/2230/2230
f 2230/2230/2230 2239/2239/2239 2240/2240/2240
f 2230/2230/2230 2240/2240/2240 2231/2231/2231
f 2231/2231/2231 2240/2240/2240 2241/2241/2241
f 2231/2231/2231 2241/2241/2241 2232/2232/2232
f 2233/2233/2233 2242/2242/2242 2243/2243/2243
f 2233/2233/2233 2243/2243/2243 2234/2234/2234
f 2234/2234/2234 2243/2243/2243 2244/2244/2244
f 2234/2234/2234 2244/2244/2244 2235/2235/2235
f 2235/2235/2235 2244/2244/2244 2245/2245/2245
f 2235/2235/2235 2245/2245/2245 2236/2236/2236
f 2236/2236/2236 2245/2245/2245 2246/2246/2246
f 2236/2236/2236 2246/2246/2246 2237/2237/2237
f 2237/2237/2237 2246/2246/2246 2247/2247/2247
f 2237/2237/2237 2247/2247/2247 2238/2238/2238
f 2238/2238/2238 2247/2247/2247 2248/2248/2248
f 2238/2238/2238 2248/2248/2248 2239/2239/2239
f 2239/2239/2239 2248/2248/2248 2249/2249/2249
f 2239/2239/2239 2249/2249/2249 2240/2240/2240
f 2240/2240/2240 2249/2249/2249 2250/2250/2250
f 2240/2240/2240 2250/2250/2250 2241/2241/2241
f 2242/2242/2242 2251/2251/2251 2252/2252/2252
f 2242/2242/2242 2252/2252/2252 2243/2243/2243
f 2243/2243/2243 2252/2252/2252 2253/2253/2253
f 2243/2243/2243 2253/2253/2253 2244/2244/2244
f 2244/2244/2244 2253/2253/2253 2254/2254/2254
f 2244/2244/2244 2254/2254/2254 2245/2245/2245
f 2245/2245/2245 2254/2254/2254 2255/2255/2255
f 2245/2245/2245 2255/2255/2255 2246/2246/2246
f 2246/2246/2246 2255/2255/2255 2256/2256/2256
f 2246/2246/2246 2256/2256/2256 2247/2247/2247
f 2247/2247/2247 2256/2256/2256 2257/2257/2257
f 2247/2247/2247 2257/2257/2257 2248/2248/2248
f 2248/2248/2248 2257/2257/2257 2258/2258/2258
f 2248/2248/2248 2258/2258/2258 2249/2249/2249
f 2249/2249/2249 2258/2258/2258 2259/2259/2259
f 2249/2249/2249 2259/2259/2259 2250/2250/2250
f 2251/2251/2251 2260/2260/2260 2261/2261/2261
f 2251/2251/2251 2261/2261/2261 2252/2252/2252
f 2252/2252/2252 2261/2261/2261 2262/2262/2262
f 2252/2252/2252 2262/2262/2262 2253/2253/2253
f 2253/2253/2253 2262/2262/2262 2263/2263/2263
f 2253/2253/2253 2263/2263/2263 2254/2254/2254
f 2254/2254/2254 2263/2263/2263 2264/2264/2264
f 2254/2254/2254 2264/2264/2264 2255/2255/2255
f 2255/2255/2255 2264/2264/2264 2265/2265/2265
f 2255/2255/2255 2265/2265/2265 2256/2256/2256
f 2256/2256/2256 2265/2265/2265 2266/2266/2266
f 2256/2256/2256 2266/2266/2266 2257/2257/2257
f 2257/2257/2257 2266/2266/2266 2267/2267/2267
f 2257/2257/2257 2267/2267/2267 2258/2258/2258
f 2258/2258/2258 2267/2267/2267 2268/2268/2268
f 2258/2258/2258 2268/2268/2268 2259/2259/2259
f 2260/2260/2260 2269/2269/2269 2270/2270/2270
f 2260/2260/2260 2270/2270/2270 2261/2261/2261
f 2261/2261/2261 2270/2270/2270 2271/2271/2271
f 2261/2261/2261 2271/2271/2271 2262/2262/2262
f 2262/2262/2262 2271/2271/2271 2272/2272/2272
f 2262/2262/2262 2272/2272/2272 2263/2263/2263
f 2263/2263/2263 2272/2272/2272 2273/2273/2273
f 2263/2263/2263 2273/2273/2273 2264/2264/2264
f 2264/2264/2264 2273/2273/2273 2274/2274/2274
f 2264/2264/2264 2274/2274/2274 2265/2265/2265
f 2265/2265/2265 2274/2274/2274 2275/2275/2275
f 2265/2265/2265 2275/2275/2275 2266/2266/2266
f 2266/2266/2266 2275/2275/2275 2276/2276/2276
f 2266/2266/2266 2276/2276/2276 2267/2267/2267
f 2267/2267/2267 2276/2276/2276 2277/2277/2277
f 2267/2267/2267 2277/2277/2277 2268/2268/2268
f 2269/2269/2269 2278/2278/2278 2279/2279/2279
f 2269/2269/2269 2279/2279/2279 2270/2270/2270
f 2270/2270/2270 2279/2279/2279 2280/2280/2280
f 2270/2270/2270 2280/2280/2280 2271/2271/2271
f 2271/2271/2271 2280/2280/2280 2281/2281/2281
f 2271/2271/2271 2281/2281/2281 2272/2272/2272
f 2272/2272/2272 2281/2281/2281 2282/2282/2282
f 2272/2272/2272 2282/2282/2282 2273/2273/2273
f 2273/2273/2273 2282/2282/2282 2283/2283/2283
f 2273/2273/2273 2283/2283/2283 2274/2274/2274
f 2274/2274/2274 2283/2283/2283 2284/2284/2284
f 2274/2274/2274 2284/2284/2284 2275/2275/2275
f 2275/2275/2275 2284/2284/2284 2285/2285/2285
f 2275/2275/2275 2285/2285/2285 2276/2276/2276
f 2276/2276/2276 2285/2285/2285 2286/2286/2286
f 2276/2276/2276 2286/2286/2286 2277/2277/2277
f 2278/2278/2278 2287/2287/2287 2288/2288/2288
f 2278/2278/2278 2288/2288/2288 2279/2279/2279
f 2279/2279/2279 2288/2288/2288 2289/2289/2289
f 2279/2279/2279 2289/2289/2289 2280/2280/2280
f 2280/2280/2280 2289/2289/2289 2290/2290/2290
f 2280/2280/2280 2290/2290/2290 2281/2281/2281
f 2281/2281/2281 2290/2290/2290 2291/2291/2291
f 2281/2281/2281 2291/2291/2291 2282/2282/2282
f 2282/2282/2282 2291/2291/2291 2292/2292/2292
f 2282/2282/2282 2292/2292/2292 2283/2283/2283
f 2283/2283/2283 2292/2292/2292 2293/2293/2293
f 2283/2283/2283 2293/2293/2293 2284/2284/2284
f 2284/2284/2284 2293/2293/2293 2294/2294/2294
f 2284/2284/2284 2294/2294/2294 2285/2285/2285
f 2285/2285/2285 2294/2294/2294 2295/2295/2295
f 2285/2285/2285 2295/2295/2295 2286/2286/2286
f 2287/2287/2287 2296/2296/2296 2297/2297/2297
f 2287/2287/2287 2297/2297/2297 2288/2288/2288
f 2288/2288/2288 2297/2297/2297 2298/2298/2298
f 2288/2288/2288 2298/2298/2298 2289/2289/2289
f 2289/2289/2289 2298/2298/2298 2299/2299/2299
f 2289/2289/2289 2299/2299/2299 2290/2290/2290
f 2290/2290/2290 2299/2299/2299 2300/2300/2300
f 2290/2290/2290 2300/2300/2300 2291/2291/2291
f 2291/2291/2291 2300/2300/2300 2301/2301/2301
f 2291/2291/2291 2301/2301/2301 2292/2292/2292
f 2292/2292/2292 2301/2301/2301 2302/2302/2302
f 2292/2292/2292 2302/2302/2302 2293/2293/2293
f 2293/2293/2293 2302/2302/2302 2303/2303/2303
f 2293/2293/2293 2303/2303/2303 2294/2294/2294
f 2294/2294/2294 2303/2303/2303 2304/2304/2304
f 2294/2294/2294 2304/2304/2304 2295/2295/2295
f 2296/2296/2296 2305/2305/2305 2306/2306/2306
f 2296/2296/2296 2306/2306/2306 2297/2297/2297
f 2297/2297/2297 2306/2306/2306 2307/2307/2307
f 2297/2297/2297 2307/2307/2307 2298/2298/2298
f 2298/2298/2298 2307/2307/2307 2308/2308/2308
f 2298/2298/2298 2308/2308/2308 2299/2299/2299
f 2299/2299/2299 2308/2308/2308 2309/2309/2309
f 2299/2299/2299 2309/2309/2309 2300/2300/2300
f 2300/2300/2300 2309/2309/2309 2310/2310/2310
f 2300/2300/2300 2310/2310/2310 2301/2301/2301
f 2301/2301/2301 2310/2310/2310 2311/2311/2311
f 2301/2301/2301 2311/2311/2311 2302/2302/2302
f 2302/2302/2302 2311/2311/2311 2312/2312/2312
f 2302/2302/2302 2312/2312/2312 2303/2303/2303
f 2303/2303/2303 2312/2312/2312 2313/2313/2313
f 2303/2303/2303 2313/2313/2313 2304/2304/2304
f 2305/2305/2305 2314/2314/2314 2315/2315/2315
f 2305/2305/2305 2315/2315/2315 2306/2306/2306
f 2306/2306/2306 2315/2315/2315 2316/2316/2316
f 2306/2306/2306 2316/2316/2316 2307/2307/2307
f 2307/2307/2307 2316/2316/2316 2317/2317/2317
f 2307/2307/2307 2317/2317/2317 2308/2308/2308
f 2308/2308/2308 2317/2317/2317 2318/2318/2318
f 2308/2308/2308 2318/2318/2318 2309/2309/2309
f 2309/2309/2309 2318/2318/2318 2319/2319/2319
f 2309/2309/2309 2319/2319/2319 2310/2310/2310
f 2310/2310/2310 2319/2319/2319 2320/2320/2320
f 2310/2310/2310 2320/2320/2320 2311/2311/2311
f 2311/2311/2311 2320/2320/2320 2321/2321/2321
f 2311/2311/2311 2321/2321/2321 2312/2312/2312
f 2312/2312/2312 2321/2321/2321 2322/2322/2322
f 2312/2312/2312 2322/2322/2322 2313/2313/2313
f 2314/2314/2314 2323/2323/2323 2324/2324/2324
f 2314/2314/2314 2324/2324/2324 2315/2315/2315
f 2315/2315/2315 2324/2324/2324 2325/2325/2325
f 2315/2315/2315 2325/2325/2325 2316/2316/2316
f 2316/2316/2316 2325/2325/2325 2326/2326/2326
f 2316/2316/2316 2326/2326/2326 2317/2317/2317
f 2317/2317/2317 2326/2326/2326 2327/2327/2327
f 2317/2317/2317 2327/2327/2327 2318/2318/2318
f 2318/2318/2318 2327/2327/2327 2328/2328/2328
f 2318/2318/2318 2328/2328/2328 2319/2319/2319
f 2319/2319/2319 2328/2328/2328 2329/2329/2329
f 2319/2319/2319 2329/2329/2329 2320/2320/2320
f 2320/2320/2320 2329/2329/2329 2330/2330/2330
f 2320/2320/2320 2330/2330/2330 2321/2321/2321
f 2321/2321/2321 2330/2330/2330 2331/2331/2331
f 2321/2321/2321 2331/2331/2331 2322/2322/2322
f 2323/2323/2323 2332/2332/2332 2333/2333/2333
f 2323/2323/2323 2333/2333/2333 2324/2324/2324
f 2324/2324/2324 2333/2333/2333 2334/2334/2334
f 2324/2324/2324 2334/2334/2334 2325/2325/2325
f 2325/2325/2325 2334/2334/2334 2335/2335/2335
f 2325/2325/2325 2335/2335/2335 2326/2326/2326
f 2326/2326/2326 2335/2335/2335 2336/2336/2336
f 2326/2326/2326 2336/2336/2336 2327/2327/2327
f 2327/2327/2327 2336/2336/2336 2337/2337/2337
f 2327/2327/2327 2337/2337/2337 2328/2328/2328
f 2328/2328/2328 2337/2337/2337 2338/2338/2338
f 2328/2328/2328 2338/2338/2338 2329/2329/2329
f 2329/2329/2329 2338/2338/2338 2339/2339/2339
f 2329/2329/2329 2339/2339/2339 2330/2330/2330
f 2330/2330/2330 2339/2339/2339 2340/2340/2340
f 2330/2330/2330 2340/2340/2340 2331/2331/2331
f 2332/2332/2332 2341/2341/2341 2342/2342/2342
f 2332/2332/2332 2342/2342/2342 2333/2333/2333
f 2333/2333/2333 2342/2342/2342 2343/2343/2343
f 2333/2333/2333 2343/2343/2343 2334/2334/2334
f 2334/2334/2334 2343/2343/2343 2344/2344/2344
f 2334/2334/2334 2344/2344/2344 2335/2335/2335
f 2335/2335/2335 2344/2344/2344 2345/2345/2345
f 2335/2335/2335 2345/2345/2345 2336/2336/2336
f 2336/2336/2336 2345/2345/2345 2346/2346/2346
f 2336/2336/2336 2346/2346/2346 2337/2337/2337
f 2337/2337/2337 2346/2346/2346 2347/2347/2347
f 2337/2337/2337 2347/2347/2347 2338/2338/2338
f 2338/2338/2338 2347/2347/2347 2348/2348/2348
f 2338/2338/2338 2348/2348/2348 2339/2339/2339
f 2339/2339/2339 2348/2348/2348 2349/2349/2349
f 2339/2339/2339 2349/2349/2349 2340/2340/2340
f 2341/2341/2341 2350/2350/2350 2351/2351/2351
f 2341/2341/2341 2351/2351/2351 2342/2342/2342
f 2342/2342/2342 2351/2351/2351 2352/2352/2352
f 2342/2342/2342 2352/2352/2352 2343/2343/2343
f 2343/2343/2343 2352/2352/2352 2353/2353/2353
f 2343/2343/2343 2353/2353/2353 2344/2344/2344
f 2344/2344/2344 2353/2353/2353 2354/2354/2354
f 2344/2344/2344 2354/2354/2354 2345/2345/2345
f 2345/2345/2345 2354/2354/2354 2355/2355/2355
f 2345/2345/2345 2355/2355/2355 2346/2346/2346
f 2346/2346/2346 2355/2355/2355 2356/2356/2356
f 2346/2346/2346 2356/2356/2356 2347/2347/2347
f 2347/2347/2347 2356/2356/2356 2357/2357/2357
f 2347/2347/2347 2357/2357/2357 2348/2348/2348
f 2348/2348/2348 2357/2357/2357 2358/2358/2358
f 2348/2348/2348 2358/2358/2358 2349/2349/2349
f 2350/2350/2350 2359/2359/2359 2360/2360/2360
f 2350/2350/2350 2360/2360/2360 2351/2351/2351
f 2351/2351/2351 2360/2360/2360 2361/2361/2361
f 2351/2351/2351 2361/2361/2361 2352/2352/2352
f 2352/2352/2352 2361/2361/2361 2362/2362/2362
f 2352/2352/2352 2362/2362/2362 2353/2353/2353
f 2353/2353/2353 2362/2362/2362 2363/2363/2363
f 2353/2353/2353 2363/2363/2363 2354/2354/2354
f 2354/2354/2354 2363/2363/2363 2364/2364/2364
f 2354/2354/2354 2364/2364/2364 2355/2355/2355
f 2355/2355/2355 2364/2364/2364 2365/2365/2365
f 2355/2355/2355 2365/2365/2365 2356/2356/2356
f 2356/2356/2356 2365/2365/2365 2366/2366/2366
f 2356/2356/2356 2366/2366/2366 2357/2357/2357
f 2357/2357/2357 2366/2366/2366 2367/2367/2367
f 2357/2357/2357 2367/2367/2367 2358/2358/2358
f 2359/2359/2359 2368/2368/2368 2369/2369/2369
f 2359/2359/2359 2369/2369/2369 2360/2360/2360
f 2360/2360/2360 2369/2369/2369 2370/2370/2370
f 2360/2360/2360 2370/2370/2370 2361/2361/2361
f 2361/2361/2361 2370/2370/2370 2371/2371/2371
f 2361/2361/2361 2371/2371/2371 2362/2362/2362
f 2362/2362/2362 2371/2371/2371 2372/2372/2372
f 2362/2362/2362 2372/2372/2372 2363/2363/2363
f 2363/2363/2363 2372/2372/2372 2373/2373/2373
f 2363/2363/2363 2373/2373/2373 2364/2364/2364
f 2364/2364/2364 2373/2373/2373 2374/2374/2374
f 2364/2364/2364 2374/2374/2374 2365/2365/2365
f 2365/2365/2365 2374/2374/2374 2375/2375/2375
f 2365/2365/2365 2375/2375/2375 2366/2366/2366
f 2366/2366/2366 2375/2375/2375 2376/2376/2376
f 2366/2366/2366 2376/2376/2376 2367/2367/2367
f 2368/2368/2368 2377/2377/2377 2378/2378/2378
f 2368/2368/2368 2378/2378/2378 2369/2369/2369
f 2369/2369/2369 2378/2378/2378 2379/2379/2379
f 2369/2369/2369 2379/2379/2379 2370/2370/2370
f 2370/2370/2370 2379/2379/2379 2380/2380/2380
f 2370/2370/2370 2380/2380/2380 2371/2371/2371
f 2371/2371/2371 2380/2380/2380 2381/2381/2381
f 2371/2371/2371 2381/2381/2381 2372/2372/2372
f 2372/2372/2372 2381/2381/2381 2382/2382/2382
f 2372/2372/2372 2382/2382/2382 2373/2373/2373
f 2373/2373/2373 2382/2382/2382 2383/2383/2383
f 2373/2373/2373 2383/2383/2383 2374/2374/2374
f 2374/2374/2374 2383/2383/2383 2384/2384/2384
f 2374/2374/2374 2384/2384/2384 2375/2375/2375
f 2375/2375/2375 2384/2384/2384 2385/2385/2385
f 2375/2375/2375 2385/2385/2385 2376/2376/2376
f 2377/2377/2377 2386/2386/2386 2387/2387/2387
f 2377/2377/2377 2387/2387/2387 2378/2378/2378
f 2378/2378/2378 2387/2387/2387 2388/2388/2388
f 2378/2378/2378 2388/2388/2388 2379/2379/2379
f 2379/2379/2379 2388/2388/2388 2389/2389/2389
f 2379/2379/2379 2389/2389/2389 2380/2380/2380
f 2380/2380/2380 2389/2389/2389 2390/2390/2390
f 2380/2380/2380 2390/2390/2390 2381/2381/2381
f 2381/2381/2381 2390/2390/2390 2391/2391/2391
f 2381/2381/2381 2391/2391/2391 2382/2382/2382
f 2382/2382/2382 2391/2391/2391 2392/2392/2392
f 2382/2382/2382 2392/2392/2392 2383/2383/2383
f 2383/2383/2383 2392/2392/2392 2393/2393/2393
f 2383/2383/2383 2393/2393/2393 2384/2384/2384
f 2384/2384/2384 2393/2393/2393 2394/2394/2394
f 2384/2384/2384 2394/2394/2394 2385/2385/2385
f 2386/2386/2386 2395/2395/2395 2396/2396/2396
f 2386/2386/2386 2396/2396/2396 2387/2387/2387
f 2387/2387/2387 2396/2396/2396 2397/2397/2397
f 2387/2387/2387 2397/2397/2397 2388/2388/2388
f 2388/2388/2388 2397/2397/2397 2398/2398/2398
f 2388/2388/2388 2398/2398/2398 2389/2389/2389
f 2389/2389/2389 2398/2398/2398 2399/2399/2399
f 2389/2389/2389 2399/2399/2399 2390/2390/2390
f 2390/2390/2390 2399/2399/2399 2400/2400/2400
f 2390/2390/2390 2400/2400/2400 2391/2391/2391
f 2391/2391/2391 2400/2400/2400 2401/2401/2401
f 2391/2391/2391 2401/2401/2401 2392/2392/2392
f 2392/2392/2392 2401/2401/2401 2402/2402/2402
f 2392/2392/2392 2402/2402/2402 2393/2393/2393
f 2393/2393/2393 2402/2402/2402 2403/2403/2403
f 2393/2393/2393 2403/2403/2403 2394/2394/2394
f 2395/2395/2395 2404/2404/2404 2405/2405/2405
f 2395/2395/2395 2405/2405/2405 2396/2396/2396
f 2396/2396/2396 2405/2405/2405 2406/2406/2406
f 2396/2396/2396 2406/2406/2406 2397/2397/2397
f 2397/2397/2397 2406/2406/2406 2407/2407/2407
f 2397/2397/2397 2407/2407/2407 2398/2398/2398
f 2398/2398/2398 2407/2407/2407 2408/2408/2408
f 2398/2398/2398 2408/2408/2408 2399/2399/2399
f 2399/2399/2399 2408/2408/2408 2409/2409/2409
f 2399/2399/2399 2409/2409/2409 2400/2400/2400
f 2400/2400/2400 2409/2409/2409 2410/2410/2410
f 2400/2400/2400 2410/2410/2410 2401/2401/2401
f 2401/2401/2401 2410/2410/2410 2411/2411/2411
f 2401/2401/2401 2411/2411/2411 2402/2402/2402
f 2402/2402/2402 2411/2411/2411 2412/2412/2412
f 2402/2402/2402 2412/2412/2412 2403/2403/2403
f 2404/2404/2404 2413/2413/2413 2414/2414/2414
f 2404/2404/2404 2414/2414/2414 2405/2405/2405
f 2405/2405/2405 2414/2414/2414 2415/2415/2415
f 2405/2405/2405 2415/2415/2415 2406/2406/2406
f 2406/2406/2406 2415/2415/2415 2416/2416/2416
f 2406/2406/2406 2416/2416/2416 2407/2407/2407
f 2407/2407/2407 2416/2416/2416 2417/2417/2417
f 2407/2407/2407 2417/2417/2417 2408/2408/2408
f 2408/2408/2408 2417/2417/2417 2418/2418/2418
f 2408/2408/2408 2418/2418/2418 2409/2409/2409
f 2409/2409/2409 2418/2418/2418 2419/2419/2419
f 2409/2409/2409 2419/2419/2419 2410/2410/2410
f 2410/2410/2410 2419/2419/2419 2420/2420/2420
f 2410/2410/2410 2420/2420/2420 2411/2411/2411
f 2411/2411/2411 2420/2420/2420 2421/2421/2421
f 2411/2411/2411 2421/2421/2421 2412/2412/2412
f 2413/2413/2413 2422/2422/2422 2423/2423/2423
f 2413/2413/2413 2423/2423/2423 2414/2414/2414
f 2414/2414/2414 2423/2423/2423 2424/2424/2424
f 2414/2414/2414 2424/2424/2424 2415/2415/2415
f 2415/2415/2415 2424/2424/2424 2425/2425/2425
f 2415/2415/2415 2425/2425/2425 2416/2416/2416
f 2416/2416/2416 2425/2425/2425 2426/2426/2426
f 2416/2416/2416 2426/2426/2426 2417/2417/2417
f 2417/2417/2417 2426/2426/2426 2427/2427/2427
f 2417/2417/2417 2427/2427/2427 2418/2418/2418
f 2418/2418/2418 2427/2427/2427 2428/2428/2428
f 2418/2418/2418 2428/2428/2428 2419/2419/2419
f 2419/2419/2419 2428/2428/2428 2429/2429/2429
f 2419/2419/2419 2429/2429/2429 2420/2420/2420
f 2420/2420/2420 2429/2429/2429 2430/2430/2430
f 2420/2420/2420 2430/2430/2430 2421/2421/2421
f 2422/2422/2422 2431/2431/2431 2432/2432/2432
f 2422/2422/2422 2432/2432/2432 2423/2423/2423
f 2423/2423/2423 2432/2432/2432 2433/2433/2433
f 2423/2423/2423 2433/2433/2433 2424/2424/2424
f 2424/2424/2424 2433/2433/2433 2434/2434/2434
f 2424/2424/2424 2434/2434/2434 2425/2425/2425
f 2425/2425/2425 2434/2434/2434 2435/2435/2435
f 2425/2425/2425 2435/2435/2435 2426/2426/2426
f 2426/2426/2426 2435/2435/2435 2436/2436/2436
f 2426/2426/2426 2436/2436/2436 2427/2427/2427
f 2427/2427/2427 2436/2436/2436 2437/2437/2437
f 2427/2427/2427 2437/2437/2437 2428/2428/2428
f 2428/2428/2428 2437/2437/2437 2438/2438/2438
f 2428/2428/2428 2438/2438/2438 2429/2429/2429
f 2429/2429/2429 2438/2438/2438 2439/2439/2439
f 2429/2429/2429 2439/2439/2439 2430/2430/2430
f 2431/2431/2431 2440/2440/2440 2441/2441/2441
f 2431/2431/2431 2441/2441/2441 2432/2432/2432
f 2432/2432/2432 2441/2441/2441 2442/2442/2442
f 2432/2432/2432 2442/2442/2442 2433/2433/2433
f 2433/2433/2433 2442/2442/2442 2443/2443/2443
f 2433/2433/2433 2443/2443/2443 2434/2434/2434
f 2434/2434/2434 2443/2443/2443 2444/2444/2444
f 2434/2434/2434 2444/2444/2444 2435/2435/2435
f 2435/2435/2435 2444/2444/2444 2445/2445/2445
f 2435/2435/2435 2445/2445/2445 2436/2436/2436
f 2436/2436/2436 2445/2445/2445 2446/2446/2446
f 2436/2436/2436 2446/2446/2446 2437/2437/2437
f 2437/2437/2437 2446/2446/2446 2447/2447/2447
f 2437/2437/2437 2447/2447/2447 2438/2438/2438
f 2438/2438/2438 2447/2447/2447 2448/2448/2448
f 2438/2438/2438 2448/2448/2448 2439/2439/2439
f 2440/2440/2440 2449/2449/2449 2450/2450/2450
f 2440/2440/2440 2450/2450/2450 2441/2441/2441
f 2441/2441/2441 2450/2450/2450 2451/2451/2451
f 2441/2441/2441 2451/2451/2451 2442/2442/2442
f 2442/2442/2442 2451/2451/2451 2452/2452/2452
f 2442/2442/2442 2452/2452/2452 2443/2443/2443
f 2443/2443/2443 2452/2452/2452 2453/2453/2453
f 2443/2443/2443 2453/2453/2453 2444/2444/2444
f 2444/2444/2444 2453/2453/2453 2454/2454/2454
f 2444/2444/2444 2454/2454/2454 2445/2445/2445
f 2445/2445/2445 2454/2454/2454 2455/2455/2455
f 2445/2445/2445 2455/2455/2455 2446/2446/2446
f 2446/2446/2446 2455/2455/2455 2456/2456/2456
f 2446/2446/2446 2456/2456/2456 2447/2447/2447
f 2447/2447/2447 2456/2456/2456 2457/2457/2457
f 2447/2447/2447 2457/2457/2457 2448/2448/2448
f 2449/2449/2449 2458/2458/2458 2459/2459/2459
f 2449/2449/2449 2459/2459/2459 2450/2450/2450
f 2450/2450/2450 2459/2459/2459 2460/2460/2460
f 2450/2450/2450 2460/2460/2460 2451/2451/2451
f 2451/2451/2451 2460/2460/2460 2461/2461/2461
f 2451/2451/2451 2461/2461/2461 2452/2452/2452
f 2452/2452/2452 2461/2461/2461 2462/2462/2462
f 2452/2452/2452 2462/2462/2462 2453/2453/2453
f 2453/2453/2453 2462/2462/2462 2463/2463/2463
f 2453/2453/2453 2463/2463/2463 2454/2454/2454
f 2454/2454/2454 2463/2463/2463 2464/2464/2464
f 2454/2454/2454 2464/2464/2464 2455/2455/2455
f 2455/2455/2455 2464/2464/2464 2465/2465/2465
f 2455/2455/2455 2465/2465/2465 2456/2456/2456
f 2456/2456/2456 2465/2465/2465 2466/2466/2466
f 2456/2456/2456 2466/2466/2466 2457/2457/2457
f 2458/2458/2458 2467/2467/2467 2468/2468/2468
f 2458/2458/2458 2468/2468/2468 2459/2459/2459
f 2459/2459/2459 2468/2468/2468 2469/2469/2469
f 2459/2459/2459 2469/2469/2469 2460/2460/2460
f 2460/2460/2460 2469/2469/2469 2470/2470/2470
f 2460/2460/2460 2470/2470/2470 2461/2461/2461
f 2461/2461/2461 2470/2470/2470 2471/2471/2471
f 2461/2461/2461 2471/2471/2471 2462/2462/2462
f 2462/2462/2462 2471/2471/2471 2472/2472/2472
f 2462/2462/2462 2472/2472/2472 2463/2463/2463
f 2463/2463/2463 2472/2472/2472 2473/2473/2473
f 2463/2463/2463 2473/2473/2473 2464/2464/2464
f 2464/2464/2464 2473/2473/2473 2474/2474/2474
f 2464/2464/2464 2474/2474/2474 2465/2465/2465
f 2465/2465/2465 2474/2474/2474 2475/2475/2475
f 2465/2465/2465 2475/2475/2475 2466/2466/2466
f 2467/2467/2467 2476/2476/2476 2477/2477/2477
f 2467/2467/2467 2477/2477/2477 2468/2468/2468
f 2468/2468/2468 2477/2477/2477 2478/2478/2478
f 2468/2468/2468 2478/2478/2478 2469/2469/2469
f 2469/2469/2469 2478/2478/2478 2479/2479/2479
f 2469/2469/2469 2479/2479/2479 2470/2470/2470
f 2470/2470/2470 2479/2479/2479 2480/2480/2480
f 2470/2470/2470 2480/2480/2480 2471/2471/2471
f 2471/2471/2471 2480/2480/2480 2481/2481/2481
f 2471/2471/2471 2481/2481/2481 2472/2472/2472
f 2472/2472/2472 2481/2481/2481 2482/2482/2482
f 2472/2472/2472 2482/2482/2482 2473/2473/2473
f 2473/2473/2473 2482/2482/2482 2483/2483/2483
f 2473/2473/2473 2483/2483/2483 2474/2474/2474
f 2474/2474/2474 2483/2483/2483 2484/2484/2484
f 2474/2474/2474 2484/2484/2484 2475/2475/2475
f 2476/2476/2476 2485/2485/2485 2486/2486/2486
f 2476/2476/2476 2486/2486/2486 2477/2477/2477
f 2477/2477/2477 2486/2486/2486 2487/2487/2487
f 2477/2477/2477 2487/2487/2487 2478/2478/2478
f 2478/2478/2478 2487/2487/2487 2488/2488/2488
f 2478/2478/2478 2488/2488/2488 2479/2479/2479
f 2479/2479/2479 2488/2488/2488 2489/2489/2489
f 2479/2479/2479 2489/2489/2489 2480/2480/2480
f 2480/2480/2480 2489/2489/2489 2490/2490/2490
f 2480/2480/2480 2490/2490/2490 2481/2481/2481
f 2481/2481/2481 2490/2490/2490 2491/2491/2491
f 2481/2481/2481 2491/2491/2491 2482/2482/2482
f 2482/2482/2482 2491/2491/2491 2492/2492/2492
f 2482/2482/2482 2492/2492/2492 2483/2483/2483
f 2483/2483/2483 2492/2492/2492 2493/2493/2493
f 2483/2483/2483 2493/2493/2493 2484/2484/2484
f 2485/2485/2485 2494/2494/2494 2495/2495/2495
f 2485/2485/2485 2495/2495/2495 2486/2486/2486
f 2486/2486/2486 2495/2495/2495 2496/2496/2496
f 2486/2486/2486 2496/2496/2496 2487/2487/2487
f 2487/2487/2487 2496/2496/2496 2497/2497/2497
f 2487/2487/2487 2497/2497/2497 2488/2488/2488
f 2488/2488/2488 2497/2497/2497 2498/2498/2498
f 2488/2488/2488 2498/2498/2498 2489/2489/2489
f 2489/2489/2489 2498/2498/2498 2499/2499/2499
f 2489/2489/2489 2499/2499/2499 2490/2490/2490
f 2490/2490/2490 2499/2499/2499 2500/2500/2500
f 2490/2490/2490 2500/2500/2500 2491/2491/2491
f 2491/2491/2491 2500/2500/2500 2501/2501/2501
f 2491/2491/2491 2501/2501/2501 2492/2492/2492
f 2492/2492/2492 2501/2501/2501 2502/2502/2502
f 2492/2492/2492 2502/2502/2502 2493/2493/2493
f 2494/2494/2494 2503/2503/2503 2504/2504/2504
f 2494/2494/2494 2504/2504/2504 2495/2495/2495
f 2495/2495/2495 2504/2504/2504 2505/2505/2505
f 2495/2495/2495 2505/2505/2505 2496/2496/2496
f 2496/2496/2496 2505/2505/2505 2506/2506/2506
f 2496/2496/2496 2506/2506/2506 2497/2497/2497
f 2497/2497/2497 2506/2506/2506 2507/2507/2507
f 2497/2497/2497 2507/2507/2507 2498/2498/2498
f 2498/2498/2498 2507/2507/2507 2508/2508/2508
f 2498/2498/2498 2508/2508/2508 2499/2499/2499
f 2499/2499/2499 2508/2508/2508 2509/2509/2509
f 2499/2499/2499 2509/2509/2509 2500/2500/2500
f 2500/2500/2500 2509/2509/2509 2510/2510/2510
f 2500/2500/2500 2510/2510/2510 2501/2501/2501
f 2501/2501/2501 2510/2510/2510 2511/2511/2511
f 2501/2501/2501 2511/2511/2511 2502/2502/2502
f 2503/2503/2503 2512/2512/2512 2513/2513/2513
f 2503/2503/2503 2513/2513/2513 2504/2504/2504
f 2504/2504/2504 2513/2513/2513 2514/2514/2514
f 2504/2504/2504 2514/2514/2514 2505/2505/2505
f 2505/2505/2505 2514/2514/2514 2515/2515/2515
f 2505/2505/2505 2515/2515/2515 2506/2506/2506
f 2506/2506/2506 2515/2515/2515 2516/2516/2516
f 2506/2506/2506 2516/2516/2516 2507/2507/2507
f 2507/2507/2507 2516/2516/2516 2517/2517/2517
f 2507/2507/2507 2517/2517/2517 2508/2508/2508
f 2508/2508/2508 2517/2517/2517 2518/2518/2518
f 2508/2508/2508 2518/2518/2518 2509/2509/2509
f 2509/2509/2509 2518/2518/2518 2519/2519/2519
f 2509/2509/2509 2519/2519/2519 2510/2510/2510
f 2510/2510/2510 2519/2519/2519 2520/2520/2520
f 2510/2510/2510 2520/2520/2520 2511/2511/2511
f 2512/2512/2512 2521/2521/2521 2522/2522/2522
f 2512/2512/2512 2522/2522/2522 2513/2513/2513
f 2513/2513/2513 2522/2522/2522 2523/2523/2523
f 2513/2513/2513 2523/2523/2523 2514/2514/2514
f 2514/2514/2514 2523/2523/2523 2524/2524/2524
f 2514/2514/2514 2524/2524/2524 2515/2515/2515
f 2515/2515/2515 2524/2524/2524 2525/2525/2525
f 2515/2515/2515 2525/2525/2525 2516/2516/2516
f 2516/2516/2516 2525/2525/2525 2526/2526/2526
f 2516/2516/2516 2526/2526/2526 2517/2517/2517
f 2517/2517/2517 2526/2526/2526 2527/2527/2527
f 2517/2517/2517 2527/2527/2527 2518/2518/2518
f 2518/2518/2518 2527/2527/2527 2528/2528/2528
f 2518/2518/2518 2528/2528/2528 2519/2519/2519
f 2519/2519/2519 2528/2528/2528 2529/2529/2529
f 2519/2519/2519 2529/2529/2529 2520/2520/2520
f 2521/2521/2521 2530/2530/2530 2531/2531/2531
f 2521/2521/2521 2531/2531/2531 2522/2522/2522
f 2522/2522/2522 2531/2531/2531 2532/2532/2532
f 2522/2522/2522 2532/2532/2532 2523/2523/2523
f 2523/2523/2523 2532/2532/2532 2533/2533/2533
f 2523/2523/2523 2533/2533/2533 2524/2524/2524
f 2524/2524/2524 2533/2533/2533 2534/2534/2534
f 2524/2524/2524 2534/2534/2534 2525/2525/2525
f 2525/2525/2525 2534/2534/2534 2535/2535/2535
f 2525/2525/2525 2535/2535/2535 2526/2526/2526
f 2526/2526/2526 2535/2535/2535 2536/2536/2536
f 2526/2526/2526 2536/2536/2536 2527/2527/2527
f 2527/2527/2527 2536/2536/2536 2537/2537/2537
f 2527/2527/2527 2537/2537/2537 2528/2528/2528
f 2528/2528/2528 2537/2537/2537 2538/2538/2538
f 2528/2528/2528 2538/2538/2538 2529/2529/2529
f 2530/2530/2530 2539/2539/2539 2540/2540/2540
f 2530/2530/2530 2540/2540/2540 2531/2531/2531
f 2531/2531/2531 2540/2540/2540 2541/2541/2541
f 2531/2531/2531 2541/2541/2541 2532/2532/2532
f 2532/2532/2532 2541/2541/2541 2542/2542/2542
f 2532/2532/2532 2542/2542/2542 2533/2533/2533
f 2533/2533/2533 2542/2542/2542 2543/2543/2543
f 2533/2533/2533 2543/2543/2543 2534/2534/2534
f 2534/2534/2534 2543/2543/2543 2544/2544/2544
f 2534/2534/2534 2544/2544/2544 2535/2535/2535
f 2535/2535/2535 2544/2544/2544 2545/2545/2545
f 2535/2535/2535 2545/2545/2545 2536/2536/2536
f 2536/2536/2536 2545/2545/2545 2546/2546/2546
f 2536/2536/2536 2546/2546/2546 2537/2537/2537
f 2537/2537/2537 2546/2546/2546 2547/2547/2547
f 2537/2537/2537 2547/2547/2547 2538/2538/2538
f 2539/2539/2539 2548/2548/2548 2549/2549/2549
f 2539/2539/2539 2549/2549/2549 2540/2540/2540
f 2540/2540/2540 2549/2549/2549 2550/2550/2550
f 2540/2540/2540 2550/2550/2550 2541/2541/2541
f 2541/2541/2541 2550/2550/2550 2551/2551/2551
f 2541/2541/2541 2551/2551/2551 2542/2542/2542
f 2542/2542/2542 2551/2551/2551 2552/2552/2552
f 2542/2542/2542 2552/2552/2552 2543/2543/2543
f 2543/2543/2543 2552/2552/2552 2553/2553/2553
f 2543/2543/2543 2553/2553/2553 2544/2544/2544
f 2544/2544/2544 2553/2553/2553 2554/2554/2554
f 2544/2544/2544 2554/2554/2554 2545/2545/2545
f 2545/2545/2545 2554/2554/2554 2555/2555/2555
f 2545/2545/2545 2555/2555/2555 2546/2546/2546
f 2546/2546/2546 2555/2555/2555 2556/2556/2556
f 2546/2546/2546 2556/2556/2556 2547/2547/2547
f 2548/2548/2548 2557/2557/2557 2558/2558/2558
f 2548/2548/2548 2558/2558/2558 2549/2549/2549
f 2549/2549/2549 2558/2558/2558 2559/2559/2559
f 2549/2549/2549 2559/2559/2559 2550/2550/2550
f 2550/2550/2550 2559/2559/2559 2560/2560/2560
f 2550/2550/2550 2560/2560/2560 2551/2551/2551
f 2551/2551/2551 2560/2560/2560 2561/2561/2561
f 2551/2551/2551 2561/2561/2561 2552/2552/2552
f 2552/2552/2552 2561/2561/2561 2562/2562/2562
f 2552/2552/2552 2562/2562/2562 2553/2553/2553
f 2553/2553/2553 2562/2562/2562 2563/2563/2563
f 2553/2553/2553 2563/2563/2563 2554/2554/2554
f 2554/2554/2554 2563/2563/2563 2564/2564/2564
f 2554/2554/2554 2564/2564/2564 2555/2555/2555
f 2555/2555/2555 2564/2564/2564 2565/2565/2565
f 2555/2555/2555 2565/2565/2565 2556/2556/2556
f 2557/2557/2557 2566/2566/2566 2567/2567/2567
f 2557/2557/2557 2567/2567/2567 2558/2558/2558
f 2558/2558/2558 2567/2567/2567 2568/2568/2568
f 2558/2558/2558 2568/2568/2568 2559/2559/2559
f 2559/2559/2559 2568/2568/2568 2569/2569/2569
f 2559/2559/2559 2569/2569/2569 2560/2560/2560
f 2560/2560/2560 2569/2569/2569 2570/2570/2570
f 2560/2560/2560 2570/2570/2570 2561/2561/2561
f 2561/2561/2561 2570/2570/2570 2571/2571/2571
f 2561/2561/2561 2571/2571/2571 2562/2562/2562
f 2562/2562/2562 2571/2571/2571 2572/2572/2572
f 2562/2562/2562 2572/2572/2572 2563/2563/2563
f 2563/2563/2563 2572/2572/2572 2573/2573/2573
f 2563/2563/2563 2573/2573/2573 2564/2564/2564
f 2564/2564/2564 2573/2573/2573 2574/2574/2574
f 2564/2564/2564 2574/2574/2574 2565/2565/2565
f 2566/2566/2566 2575/2575/2575 2576/2576/2576
f 2566/2566/2566 2576/2576/2576 2567/2567/2567
f 2567/2567/2567 2576/2576/2576 2577/2577/2577
f 2567/2567/2567 2577/2577/2577 2568/2568/2568
f 2568/2568/2568 2577/2577/2577 2578/2578/2578
f 2568/2568/2568 2578/2578/2578 2569/2569/2569
f 2569/2569/2569 2578/2578/2578 2579/2579/2579
f 2569/2569/2569 2579/2579/2579 2570/2570/2570
f 2570/2570/2570 2579/2579/2579 2580/2580/2580
f 2570/2570/2570 2580/2580/2580 2571/2571/2571
f 2571/2571/2571 2580/2580/2580 2581/2581/2581
f 2571/2571/2571 2581/2581/2581 2572/2572/2572
f 2572/2572/2572 2581/2581/2581 2582/2582/2582
f 2572/2572/2572 2582/2582/2582 2573/2573/2573
f 2573/2573/2573 2582/2582/2582 2583/2583/2583
f 2573/2573/2573 2583/2583/2583 2574/2574/2574
f 2575/2575/2575 2584/2584/2584 2585/2585/2585
f 2575/2575/2575 2585/2585/2585 2576/2576/2576
f 2576/2576/2576 2585/2585/2585 2586/2586/2586
f 2576/2576/2576 2586/2586/2586 2577/2577/2577
f 2577/2577/2577 2586/2586/2586 2587/2587/2587
f 2577/2577/2577 2587/2587/2587 2578/2578/2578
f 2578/2578/2578 2587/2587/2587 2588/2588/2588
f 2578/2578/2578 2588/2588/2588 2579/2579/2579
f 2579/2579/2579 2588/2588/2588 2589/2589/2589
f 2579/2579/2579 2589/2589/2589 2580/2580/2580
f 2580/2580/2580 2589/2589/2589 2590/2590/2590
f 2580/2580/2580 2590/2590/2590 2581/2581/2581
f 2581/2581/2581 2590/2590/2590 2591/2591/2591
f 2581/2581/2581 2591/2591/2591 2582/2582/2582
f 2582/2582/2582 2591/2591/2591 2592/2592/2592
f 2582/2582/2582 2592/2592/2592 2583/2583/2583
f 2584/2584/2584 2593/2593/2593 2594/2594/2594
f 2584/2584/2584 2594/2594/2594 2585/2585/2585
f 2585/2585/2585 2594/2594/2594 2595/2595/2595
f 2585/2585/2585 2595/2595/2595 2586/2586/2586
f 2586/2586/2586 2595/2595/2595 2596/2596/2596
f 2586/2586/2586 2596/2596/2596 2587/2587/2587
f 2587/2587/2587 2596/2596/2596 2597/2597/2597
f 2587/2587/2587 2597/2597/2597 2588/2588/2588
f 2588/2588/2588 2597/2597/2597 2598/2598/2598
f 2588/2588/2588 2598/2598/2598 2589/2589/2589
f 2589/2589/2589 2598/2598/2598 2599/2599/2599
f 2589/2589/2589 2599/2599/2599 2590/2590/2590
f 2590/2590/2590 2599/2599/2599 2600/2600/2600
f 2590/2590/2590 2600/2600/2600 2591/2591/2591
f 2591/2591/2591 2600/2600/2600 2601/2601/2601
f 2591/2591/2591 2601/2601/2601 2592/2592/2592
f 2593/2593/2593 2602/2602/2602 2603/2603/2603
f 2593/2593/2593 2603/2603/2603 2594/2594/2594
f 2594/2594/2594 2603/2603/2603 2604/2604/2604
f 2594/2594/2594 2604/2604/2604 2595/2595/2595
f 2595/2595/2595 2604/2604/2604 2605/2605/2605
f 2595/2595/2595 2605/2605/2605 2596/2596/2596
f 2596/2596/2596 2605/2605/2605 2606/2606/2606
f 2596/2596/2596 2606/2606/2606 2597/2597/2597
f 2597/2597/2597 2606/2606/2606 2607/2607/2607
f 2597/2597/2597 2607/2607/2607 2598/2598/2598
f 2598/2598/2598 2607/2607/2607 2608/2608/2608
f 2598/2598/2598 2608/2608/2608 2599/2599/2599
f 2599/2599/2599 2608/2608/2608 2609/2609/2609
f 2599/2599/2599 2609/2609/2609 2600/2600/2600
f 2600/2600/2600 2609/2609/2609 2610/2610/2610
f 2600/2600/2600 2610/2610/2610 2601/2601/2601
f 2602/2602/2602 2611/2611/2611 2612/2612/2612
f 2602/2602/2602 2612/2612/2612 2603/2603/2603
f 2603/2603/2603 2612/2612/2612 2613/2613/2613
f 2603/2603/2603 2613/2613/2613 2604/2604/2604
f 2604/2604/2604 2613/2613/2613 2614/2614/2614
f 2604/2604/2604 2614/2614/2614 2605/2605/2605
f 2605/2605/2605 2614/2614/2614 2615/2615/2615
f 2605/2605/2605 2615/2615/2615 2606/2606/2606
f 2606/2606/2606 2615/2615/2615 2616/2616/2616
f 2606/2606/2606 2616/2616/2616 2607/2607/2607
f 2607/2607/2607 2616/2616/2616 2617/2617/2617
f 2607/2607/2607 2617/2617/2617 2608/2608/2608
f 2608/2608/2608 2617/2617/2617 2618/2618/2618
f 2608/2608/2608 2618/2618/2618 2609/2609/2609
f 2609/2609/2609 2618/2618/2618 2619/2619/2619
f 2609/2609/2609 2619/2619/2619 2610/2610/2610
f 2611/2611/2611 2620/2620/2620 2621/2621/2621
f 2611/2611/2611 2621/2621/2621 2612/2612/2612
f 2612/2612/2612 2621/2621/2621 2622/2622/2622
f 2612/2612/2612 2622/2622/2622 2613/2613/2613
f 2613/2613/2613 2622/2622/2622 2623/2623/2623
f 2613/2613/2613 2623/2623/2623 2614/2614/2614
f 2614/2614/2614 2623/2623/2623 2624/2624/2624
f 2614/2614/2614 2624/2624/2624 2615/2615/2615
f 2615/2615/2615 2624/2624/2624 2625/2625/2625
f 2615/2615/2615 2625/2625/2625 2616/2616/2616
f 2616/2616/2616 2625/2625/2625 2626/2626/2626
f 2616/2616/2616 2626/2626/2626 2617/2617/2617
f 2617/2617/2617 2626/2626/2626 2627/2627/2627
f 2617/2617/2617 2627/2627/2627 2618/2618/2618
f 2618/2618/2618 2627/2627/2627 2628/2628/2628
f 2618/2618/2618 2628/2628/2628 2619/2619/2619
f 2620/2620/2620 2629/2629/2629 2630/2630/2630
f 2620/2620/2620 2630/2630/2630 2621/2621/2621
f 2621/2621/2621 2630/2630/2630 2631/2631/2631
f 2621/2621/2621 2631/2631/2631 2622/2622/2622
f 2622/2622/2622 2631/2631/2631 2632/2632/2632
f 2622/2622/2622 2632/2632/2632 2623/2623/2623
f 2623/2623/2623 2632/2632/2632 2633/2633/2633
f 2623/2623/2623 2633/2633/2633 2624/2624/2624
f 2624/2624/2624 2633/2633/2633 2634/2634/2634
f 2624/2624/2624 2634/2634/2634 2625/2625/2625
f 2625/2625/2625 2634/2634/2634 2635/2635/2635
f 2625/2625/2625 2635/2635/2635 2626/2626/2626
f 2626/2626/2626 2635/2635/2635 2636/2636/2636
f 2626/2626/2626 2636/2636/2636 2627/2627/2627
f 2627/2627/2627 2636/2636/2636 2637/2637/2637
f 2627/2627/2627 2637/2637/2637 2628/2628/2628
f 2629/2629/2629 2638/2638/2638 2639/2639/2639
f 2629/2629/2629 2639/2639/2639 2630/2630/2630
f 2630/2630/2630 2639/2639/2639 2640/2640/2640
f 2630/2630/2630 2640/2640/2640 2631/2631/2631
f 2631/2631/2631 2640/2640/2640 2641/2641/2641
f 2631/2631/2631 2641/2641/2641 2632/2632/2632
f 2632/2632/2632 2641/2641/2641 2642/2642/2642
f 2632/2632/2632 2642/2642/2642 2633/2633/2633
f 2633/2633/2633 2642/2642/2642 2643/2643/2643
f 2633/2633/2633 2643/2643/2643 2634/2634/2634
f 2634/2634/2634 2643/2643/2643 2644/2644/2644
f 2634/2634/2634 2644/2644/2644 2635/2635/2635
f 2635/2635/2635 2644/2644/2644 2645/2645/2645
f 2635/2635/2635 2645/2645/2645 2636/2636/2636
f 2636/2636/2636 2645/2645/2645 2646/2646/2646
f 2636/2636/2636 2646/2646/2646 2637/2637/2637
f 2638/2638/2638 2647/2647/2647 2648/2648/2648
f 2638/2638/2638 2648/2648/2648 2639/2639/2639
f 2639/2639/2639 2648/2648/2648 2649/2649/2649
f 2639/2639/2639 2649/2649/2649 2640/2640/2640
f 2640/2640/2640 2649/2649/2649 2650/2650/2650
f 2640/2640/2640 2650/2650/2650 2641/2641/2641
f 2641/2641/2641 2650/2650/2650 2651/2651/2651
f 2641/2641/2641 2651/2651/2651 2642/2642/2642
f 2642/2642/2642 2651/2651/2651 2652/2652/2652
f 2642/2642/2642 2652/2652/2652 2643/2643/2643
f 2643/2643/2643 2652/2652/2652 2653/2653/2653
f 2643/2643/2643 2653/2653/2653 2644/2644/2644
f 2644/2644/2644 2653/2653/2653 2654/2654/2654
f 2644/2644/2644 2654/2654/2654 2645/2645/2645
f 2645/2645/2645 2654/2654/2654 2655/2655/2655
f 2645/2645/2645 2655/2655/2655 2646/2646/2646
f 2647/2647/2647 2656/2656/2656 2657/2657/2657
f 2647/2647/2647 2657/2657/2657 2648/2648/2648
f 2648/2648/2648 2657/2657/2657 2658/2658/2658
f 2648/2648/2648 2658/2658/2658 2649/2649/2649
f 2649/2649/2649 2658/2658/2658 2659/2659/2659
f 2649/2649/2649 2659/2659/2659 2650/2650/2650
f 2650/2650/2650 2659/2659/2659 2660/2660/2660
f 2650/2650/2650 2660/2660/2660 2651/2651/2651
f 2651/2651/2651 2660/2660/2660 2661/2661/2661
f 2651/2651/2651 2661/2661/2661 2652/2652/2652
f 2652/2652/2652 2661/2661/2661 2662/2662/2662
f 2652/2652/2652 2662/2662/2662 2653/2653/2653
f 2653/2653/2653 2662/2662/2662 2663/2663/2663
f 2653/2653/2653 2663/2663/2663 2654/2654/2654
f 2654/2654/2654 2663/2663/2663 2664/2664/2664
f 2654/2654/2654 2664/2664/2664 2655/2655/2655
f 2656/2656/2656 2665/2665/2665 2666/2666/2666
f 2656/2656/2656 2666/2666/2666 2657/2657/2657
f 2657/2657/2657 2666/2666/2666 2667/2667/2667
f 2657/2657/2657 2667/2667/2667 2658/2658/2658
f 2658/2658/2658 2667/2667/2667 2668/2668/2668
f 2658/2658/2658 2668/2668/2668 2659/2659/2659
f 2659/2659/2659 2668/2668/2668 2669/2669/2669
f 2659/2659/2659 2669/2669/2669 2660/2660/2660
f 2660/2660/2660 2669/2669/2669 2670/2670/2670
f 2660/2660/2660 2670/2670/2670 2661/2661/2661
f 2661/2661/2661 2670/2670/2670 2671/2671/2671
f 2661/2661/2661 2671/2671/2671 2662/2662/2662
f 2662/2662/2662 2671/2671/2671 2672/2672/2672
f 2662/2662/2662 2672/2672/2672 2663/2663/2663
f 2663/2663/2663 2672/2672/2672 2673/2673/2673
f 2663/2663/2663 2673/2673/2673 2664/2664/2664
f 4975/4975/4975 4976/4976/4976 4978/4978/4978
f 4975/4975/4975 4978/4978/4978 4977/4977/4977
f 4977/4977/4977 4978/4978/4978 4980/4980/4980
f 4977/4977/4977 4980/4980/4980 4979/4979/4979
f 4979/4979/4979 4980/4980/4980 4982/4982/4982
f 4979/4979/4979 4982/4982/4982 4981/4981/4981
f 4981/4981/4981 4982/4982/4982 4984/4984/4984
f 4981/4981/4981 4984/4984/4984 4983/4983/4983
f 4983/4983/4983 4984/4984/4984 4986/4986/4986
f 4983/4983/4983 4986/4986/4986 4985/4985/4985
f 4985/4985/4985 4986/4986/4986 4988/4988/4988
f 4985/4985/4985 4988/4988/4988 4987/4987/4987
f 4987/4987/4987 4988/4988/4988 4990/4990/4990
f 4987/4987/4987 4990/4990/4990 4989/4989/4989
f 4989/4989/4989 4990/4990/4990 4992/4992/4992
f 4989/4989/4989 4992/4992/4992 4991/4991/4991
f 4991/4991/4991 4992/4992/4992 4994/4994/4994
f 4991/4991/4991 4994/4994/4994 4993/4993/4993
f 4993/4993/4993 4994/4994/4994 4996/4996/4996
f 4993/4993/4993 4996/4996/4996 4995/4995/4995
f 4995/4995/4995 4996/4996/4996 4998/4998/4998
f 4995/4995/4995 4998/4998/4998 4997/4997/4997
f 4997/4997/4997 4998/4998/4998 5000/5000/5000
f 4997/4997/4997 5000/5000/5000 4999/4999/4999
f 4999/4999/4999 5000/5000/5000 5002/5002/5002
f 4999/4999/4999 5002/5002/5002 5001/5001/5001
f 5001/5001/5001 5002/5002/5002 5004/5004/5004
f 5001/5001/5001 5004/5004/5004 5003/5003/5003
f 5003/5003/5003 5004/5004/5004 5006/5006/5006
f 5003/5003/5003 5006/5006/5006 5005/5005/5005
f 5005/5005/5005 5006/5006/5006 5008/5008/5008
f 5005/5005/5005 5008/5008/5008 5007/5007/5007
usemtl Strap
f 2674/2674/2674 2683/2683/2683 2684/2684/2684
f 2674/2674/2674 2684/2684/2684 2675/2675/2675
f 2675/2675/2675 2684/2684/2684 2685/2685/2685
f 2675/2675/2675 2685/2685/2685 2676/2676/2676
f 2676/2676/2676 2685/2685/2685 2686/2686/2686
f 2676/2676/2676 2686/2686/2686 2677/2677/2677
f 2677/2677/2677 2686/2686/2686 2687/2687/2687
f 2677/2677/2677 2687/2687/2687 2678/2678/2678
f 2678/2678/2678 2687/2687/2687 2688/2688/2688
f 2678/2678/2678 2688/2688/2688 2679/2679/2679
f 2679/2679/2679 2688/2688/2688 2689/2689/2689
f 2679/2679/2679 2689/2689/2689 2680/2680/2680
f 2680/2680/2680 2689/2689/2689 2690/2690/2690
f 2680/2680/2680 2690/2690/2690 2681/2681/2681
f 2681/2681/2681 2690/2690/2690 2691/2691/2691
f 2681/2681/2681 2691/2691/2691 2682/2682/2682
f 2683/2683/2683 2692/2692/2692 2693/2693/2693
f 2683/2683/2683 2693/2693/2693 2684/2684/2684
f 2684/2684/2684 2693/2693/2693 2694/2694/2694
f 2684/2684/2684 2694/2694/2694 2685/2685/2685
f 2685/2685/2685 2694/2694/2694 2695/2695/2695
f 2685/2685/2685 2695/2695/2695 2686/2686/2686
f 2686/2686/2686 2695/2695/2695 2696/2696/2696
f 2686/2686/2686 2696/2696/2696 2687/2687/2687
f 2687/2687/2687 2696/2696/2696 2697/2697/2697
f 2687/2687/2687 2697/2697/2697 2688/2688/2688
f 2688/2688/2688 2697/2697/2697 2698/2698/2698
f 2688/2688/2688 2698/2698/2698 2689/2689/2689
f 2689/2689/2689 2698/2698/2698 2699/2699/2699
f 2689/2689/2689 2699/2699/2699 2690/2690/2690
f 2690/2690/2690 2699/2699/2699 2700/2700/2700
f 2690/2690/2690 2700/2700/2700 2691/2691/2691
f 2692/2692/2692 2701/2701/2701 2702/2702/2702
f 2692/2692/2692 2702/2702/2702 2693/2693/2693
f 2693/2693/2693 2702/2702/2702 2703/2703/2703
f 2693/2693/2693 2703/2703/2703 2694/2694/2694
f 2694/2694/2694 2703/2703/2703 2704/2704/2704
f 2694/2694/2694 2704/2704/2704 2695/2695/2695
f 2695/2695/2695 2704/2704/2704 2705/2705/2705
f 2695/2695/2695 2705/2705/2705 2696/2696/2696
f 2696/2696/2696 2705/2705/2705 2706/2706/2706
f 2696/2696/2696 2706/2706/2706 2697/2697/2697
f 2697/2697/2697 2706/2706/2706 2707/2707/2707
f 2697/2697/2697 2707/2707/2707 2698/2698/2698
f 2698/2698/2698 2707/2707/2707 2708/2708/2708
f 2698/2698/2698 2708/2708/2708 2699/2699/2699
f 2699/2699/2699 2708/2708/2708 2709/2709/2709
f 2699/2699/2699 2709/2709/2709 2700/2700/2700
f 2701/2701/2701 2710/2710/2710 2711/2711/2711
f 2701/2701/2701 2711/2711/2711 2702/2702/2702
f 2702/2702/2702 2711/2711/2711 2712/2712/2712
f 2702/2702/2702 2712/2712/2712 2703/2703/2703
f 2703/2703/2703 2712/2712/2712 2713/2713/2713
f 2703/2703/2703 2713/2713/2713 2704/2704/2704
f 2704/2704/2704 2713/2713/2713 2714/2714/2714
f 2704/2704/2704 2714/2714/2714 2705/2705/2705
f 2705/2705/2705 2714/2714/2714 2715/2715/2715
f 2705/2705/2705 2715/2715/2715 2706/2706/2706
f 2706/2706/2706 2715/2715/2715 2716/2716/2716
f 2706/2706/2706 2716/2716/2716 2707/2707/2707
f 2707/2707/2707 2716/2716/2716 2717/2717/2717
f 2707/2707/2707 2717/2717/2717 2708/2708/2708
f 2708/2708/2708 2717/2717/2717 2718/2718/2718
f 2708/2708/2708 2718/2718/2718 2709/2709/2709
f 2710/2710/2710 2719/2719/2719 2720/2720/2720
f 2710/2710/2710 2720/2720/2720 2711/2711/2711
f 2711/2711/2711 2720/2720/2720 2721/2721/2721
f 2711/2711/2711 2721/2721/2721 2712/2712/2712
f 2712/2712/2712 2721/2721/2721 2722/2722/2722
f 2712/2712/2712 2722/2722/2722 2713/2713/2713
f 2713/2713/2713 2722/2722/2722 2723/2723/2723
f 2713/2713/2713 2723/2723/2723 2714/2714/2714
f 2714/2714/2714 2723/2723/2723 2724/2724/2724
f 2714/2714/2714 2724/2724/2724 2715/2715/2715
f 2715/2715/2715 2724/2724/2724 2725/2725/2725
f 2715/2715/2715 2725/2725/2725 2716/2716/2716
f 2716/2716/2716 2725/2725/2725 2726/2726/2726
f 2716/2716/2716 2726/2726/2726 2717/2717/2717
f 2717/2717/2717 2726/2726/2726 2727/2727/2727
f 2717/2717/2717 2727/2727/2727 2718/2718/2718
f 2719/2719/2719 2728/2728/2728 2729/2729/2729
f 2719/2719/2719 2729/2729/2729 2720/2720/2720
f 2720/2720/2720 2729/2729/2729 2730/2730/2730
f 2720/2720/2720 2730/2730/2730 2721/2721/2721
f 2721/2721/2721 2730/2730/2730 2731/2731/2731
f 2721/2721/2721 2731/2731/2731 2722/2722/2722
f 2722/2722/2722 2731/2731/2731 2732/2732/2732
f 2722/2722/2722 2732/2732/2732 2723/2723/2723
f 2723/2723/2723 2732/2732/2732 2733/2733/2733
f 2723/2723/2723 2733/2733/2733 2724/2724/2724
f 2724/2724/2724 2733/2733/2733 2734/2734/2734
f 2724/2724/2724 2734/2734/2734 2725/2725/2725
f 2725/2725/2725 2734/2734/2734 2735/2735/2735
f 2725/2725/2725 2735/2735/2735 2726/2726/2726
f 2726/2726/2726 2735/2735/2735 2736/2736/2736
f 2726/2726/2726 2736/2736/2736 2727/2727/2727
f 2728/2728/2728 2737/2737/2737 2738/2738/2738
f 2728/2728/2728 2738/2738/2738 2729/2729/2729
f 2729/2729/2729 2738/2738/2738 2739/2739/2739
f 2729/2729/2729 2739/2739/2739 2730/2730/2730
f 2730/2730/2730 2739/2739/2739 2740/2740/2740
f 2730/2730/2730 2740/2740/2740 2731/2731/2731
f 2731/2731/2731 2740/2740/2740 2741/2741/2741
f 2731/2731/2731 2741/2741/2741 2732/2732/2732
f 2732/2732/2732 2741/2741/2741 2742/2742/2742
f 2732/2732/2732 2742/2742/2742 2733/2733/2733
f 2733/2733/2733 2742/2742/2742 2743/2743/2743
f 2733/2733/2733 2743/2743/2743 2734/2734/2734
f 2734/2734/2734 2743/2743/2743 2744/2744/2744
f 2734/2734/2734 2744/2744/2744 2735/2735/2735
f 2735/2735/2735 2744/2744/2744 2745/2745/2745
f 2735/2735/2735 2745/2745/2745 2736/2736/2736
f 2737/2737/2737 2746/2746/2746 2747/2747/2747
f 2737/2737/2737 2747/2747/2747 2738/2738/2738
f 2738/2738/2738 2747/2747/2747 2748/2748/2748
f 2738/2738/2738 2748/2748/2748 2739/2739/2739
f 2739/2739/2739 2748/2748/2748 2749/2749/2749
f 2739/2739/2739 2749/2749/2749 2740/2740/2740
f 2740/2740/2740 2749/2749/2749 2750/2750/2750
f 2740/2740/2740 2750/2750/2750 2741/2741/2741
f 2741/2741/2741 2750/2750/2750 2751/2751/2751
f 2741/2741/2741 2751/2751/2751 2742/2742/2742
f 2742/2742/2742 2751/2751/2751 2752/2752/2752
f 2742/2742/2742 2752/2752/2752 2743/2743/2743
f 2743/2743/2743 2752/2752/2752 2753/2753/2753
f 2743/2743/2743 2753/2753/2753 2744/2744/2744
f 2744/2744/2744 2753/2753/2753 2754/2754/2754
f 2744/2744/2744 2754/2754/2754 2745/2745/2745
f 2746/2746/2746 2755/2755/2755 2756/2756/2756
f 2746/2746/2746 2756/2756/2756 2747/2747/2747
f 2747/2747/2747 2756/2756/2756 2757/2757/2757
f 2747/2747/2747 2757/2757/2757 2748/2748/2748
f 2748/2748/2748 2757/2757/2757 2758/2758/2758
f 2748/2748/2748 2758/2758/2758 2749/2749/2749
f 2749/2749/2749 2758/2758/2758 2759/2759/2759
f 2749/2749/2749 2759/2759/2759 2750/2750/2750
f 2750/2750/2750 2759/2759/2759 2760/2760/2760
f 2750/2750/2750 2760/2760/2760 2751/2751/2751
f 2751/2751/2751 2760/2760/2760 2761/2761/2761
f 2751/2751/2751 2761/2761/2761 2752/2752/2752
f 2752/2752/2752 2761/2761/2761 2762/2762/2762
f 2752/2752/2752 2762/2762/2762 2753/2753/2753
f 2753/2753/2753 2762/2762/2762 2763/2763/2763
f 2753/2753/2753 2763/2763/2763 2754/2754/2754
f 2755/2755/2755 2764/2764/2764 2765/2765/2765
f 2755/2755/2755 2765/2765/2765 2756/2756/2756
f 2756/2756/2756 2765/2765/2765 2766/2766/2766
f 2756/2756/2756 2766/2766/2766 2757/2757/2757
f 2757/2757/2757 2766/2766/2766 2767/2767/2767
f 2757/2757/2757 2767/2767/2767 2758/2758/2758
f 2758/2758/2758 2767/2767/2767 2768/2768/2768
f 2758/2758/2758 2768/2768/2768 2759/2759/2759
f 2759/2759/2759 2768/2768/2768 2769/2769/2769
f 2759/2759/2759 2769/2769/2769 2760/2760/2760
f 2760/2760/2760 2769/2769/2769 2770/2770/2770
f 2760/2760/2760 2770/2770/2770 2761/2761/2761
f 2761/2761/2761 2770/2770/2770 2771/2771/2771
f 2761/2761/2761 2771/2771/2771 2762/2762/2762
f 2762/2762/2762 2771/2771/2771 2772/2772/2772
f 2762/2762/2762 2772/2772/2772 2763/2763/2763
f 2764/2764/2764 2773/2773/2773 2774/2774/2774
f 2764/2764/2764 2774/2774/2774 2765/2765/2765
f 2765/2765/2765 2774/2774/2774 2775/2775/2775
f 2765/2765/2765 2775/2775/2775 2766/2766/2766
f 2766/2766/2766 2775/2775/2775 2776/2776/2776
f 2766/2766/2766 2776/2776/2776 2767/2767/2767
f 2767/2767/2767 2776/2776/2776 2777/2777/2777
f 2767/2767/2767 2777/2777/2777 2768/2768/2768
f 2768/2768/2768 2777/2777/2777 2778/2778/2778
f 2768/2768/2768 2778/2778/2778 2769/2769/2769
f 2769/2769/2769 2778/2778/2778 2779/2779/2779
f 2769/2769/2769 2779/2779/2779 2770/2770/2770
f 2770/2770/2770 2779/2779/2779 2780/2780/2780
f 2770/2770/2770 2780/2780/2780 2771/2771/2771
f 2771/2771/2771 2780/2780/2780 2781/2781/2781
f 2771/2771/2771 2781/2781/2781 2772/2772/2772
f 2773/2773/2773 2782/2782/2782 2783/2783/2783
f 2773/2773/2773 2783/2783/2783 2774/2774/2774
f 2774/2774/2774 2783/2783/2783 2784/2784/2784
f 2774/2774/2774 2784/2784/2784 2775/2775/2775
f 2775/2775/2775 2784/2784/2784 2785/2785/2785
f 2775/2775/2775 2785/2785/2785 2776/2776/2776
f 2776/2776/2776 2785/2785/2785 2786/2786/2786
f 2776/2776/2776 2786/2786/2786 2777/2777/2777
f 2777/2777/2777 2786/2786/2786 2787/2787/2787
f 2777/2777/2777 2787/2787/2787 2778/2778/2778
f 2778/2778/2778 2787/2787/2787 2788/2788/2788
f 2778/2778/2778 2788/2788/2788 2779/2779/2779
f 2779/2779/2779 2788/2788/2788 2789/2789/2789
f 2779/2779/2779 2789/2789/2789 2780/2780/2780
f 2780/2780/2780 2789/2789/2789 2790/2790/2790
f 2780/2780/2780 2790/2790/2790 2781/2781/2781
f 2782/2782/2782 2791/2791/2791 2792/2792/2792
f 2782/2782/2782 2792/2792/2792 2783/2783/2783
f 2783/2783/2783 2792/2792/2792 2793/2793/2793
f 2783/2783/2783 2793/2793/2793 2784/2784/2784
f 2784/2784/2784 2793/2793/2793 2794/2794/2794
f 2784/2784/2784 2794/2794/2794 2785/2785/2785
f 2785/2785/2785 2794/2794/2794 2795/2795/2795
f 2785/2785/2785 2795/2795/2795 2786/2786/2786
f 2786/2786/2786 2795/2795/2795 2796/2796/2796
f 2786/2786/2786 2796/2796/2796 2787/2787/2787
f 2787/2787/2787 2796/2796/2796 2797/2797/2797
f 2787/2787/2787 2797/2797/2797 2788/2788/2788
f 2788/2788/2788 2797/2797/2797 2798/2798/2798
f 2788/2788/2788 2798/2798/2798 2789/2789/2789
f 2789/2789/2789 2798/2798/2798 2799/2799/2799
f 2789/2789/2789 2799/2799/2799 2790/2790/2790
f 2791/2791/2791 2800/2800/2800 2801/2801/2801
f 2791/2791/2791 2801/2801/2801 2792/2792/2792
f 2792/2792/2792 2801/2801/2801 2802/2802/2802
f 2792/2792/2792 2802/2802/2802 2793/2793/2793
f 2793/2793/2793 2802/2802/2802 2803/2803/2803
f 2793/2793/2793 2803/2803/2803 2794/2794/2794
f 2794/2794/2794 2803/2803/2803 2804/2804/2804
f 2794/2794/2794 2804/2804/2804 2795/2795/2795
f 2795/2795/2795 2804/2804/2804 2805/2805/2805
f 2795/2795/2795 2805/2805/2805 2796/2796/2796
f 2796/2796/2796 2805/2805/2805 2806/2806/2806
f 2796/2796/2796 2806/2806/2806 2797/2797/2797
f 2797/2797/2797 2806/2806/2806 2807/2807/2807
f 2797/2797/2797 2807/2807/2807 2798/2798/2798
f 2798/2798/2798 2807/2807/2807 2808/2808/2808
f 2798/2798/2798 2808/2808/2808 2799/2799/2799
f 2800/2800/2800 2809/2809/2809 2810/2810/2810
f 2800/2800/2800 2810/2810/2810 2801/2801/2801
f 2801/2801/2801 2810/2810/2810 2811/2811/2811
f 2801/2801/2801 2811/2811/2811 2802/2802/2802
f 2802/2802/2802 2811/2811/2811 2812/2812/2812
f 2802/2802/2802 2812/2812/2812 2803/2803/2803
f 2803/2803/2803 2812/2812/2812 2813/2813/2813
f 2803/2803/2803 2813/2813/2813 2804/2804/2804
f 2804/2804/2804 2813/2813/2813 2814/2814/2814
f 2804/2804/2804 2814/2814/2814 2805/2805/2805
f 2805/2805/2805 2814/2814/2814 2815/2815/2815
f 2805/2805/2805 2815/2815/2815 2806/2806/2806
f 2806/2806/2806 2815/2815/2815 2816/2816/2816
f 2806/2806/2806 2816/2816/2816 2807/2807/2807
f 2807/2807/2807 2816/2816/2816 2817/2817/2817
f 2807/2807/2807 2817/2817/2817 2808/2808/2808
f 2809/2809/2809 2818/2818/2818 2819/2819/2819
f 2809/2809/2809 2819/2819/2819 2810/2810/2810
f 2810/2810/2810 2819/2819/2819 2820/2820/2820
f 2810/2810/2810 2820/2820/2820 2811/2811/2811
f 2811/2811/2811 2820/2820/2820 2821/2821/2821
f 2811/2811/2811 2821/2821/2821 2812/2812/2812
f 2812/2812/2812 2821/2821/2821 2822/2822/2822
f 2812/2812/2812 2822/2822/2822 2813/2813/2813
f 2813/2813/2813 2822/2822/2822 2823/2823/2823
f 2813/2813/2813 2823/2823/2823 2814/2814/2814
f 2814/2814/2814 2823/2823/2823 2824/2824/2824
f 2814/2814/2814 2824/2824/2824 2815/2815/2815
f 2815/2815/2815 2824/2824/2824 2825/2825/2825
f 2815/2815/2815 2825/2825/2825 2816/2816/2816
f 2816/2816/2816 2825/2825/2825 2826/2826/2826
f 2816/2816/2816 2826/2826/2826 2817/2817/2817
f 2818/2818/2818 2827/2827/2827 2828/2828/2828
f 2818/2818/2818 2828/2828/2828 2819/2819/2819
f 2819/2819/2819 2828/2828/2828 2829/2829/2829
f 2819/2819/2819 2829/2829/2829 2820/2820/2820
f 2820/2820/2820 2829/2829/2829 2830/2830/2830
f 2820/2820/2820 2830/2830/2830 2821/2821/2821
f 2821/2821/2821 2830/2830/2830 2831/2831/2831
f 2821/2821/2821 2831/2831/2831 2822/2822/2822
f 2822/2822/2822 2831/2831/2831 2832/2832/2832
f 2822/2822/2822 2832/2832/2832 2823/2823/2823
f 2823/2823/2823 2832/2832/2832 2833/2833/2833
f 2823/2823/2823 2833/2833/2833 2824/2824/2824
f 2824/2824/2824 2833/2833/2833 2834/2834/2834
f 2824/2824/2824 2834/2834/2834 2825/2825/2825
f 2825/2825/2825 2834/2834/2834 2835/2835/2835
f 2825/2825/2825 2835/2835/2835 2826/2826/2826
f 2827/2827/2827 2836/2836/2836 2837/2837/2837
f 2827/2827/2827 2837/2837/2837 2828/2828/2828
f 2828/2828/2828 2837/2837/2837 2838/2838/2838
f 2828/2828/2828 2838/2838/2838 2829/2829/2829
f 2829/2829/2829 2838/2838/2838 2839/2839/2839
f 2829/2829/2829 2839/2839/2839 2830/2830/2830
f 2830/2830/2830 2839/2839/2839 2840/2840/2840
f 2830/2830/2830 2840/2840/2840 2831/2831/2831
f 2831/2831/2831 2840/2840/2840 2841/2841/2841
f 2831/2831/2831 2841/2841/2841 2832/2832/2832
f 2832/2832/2832 2841/2841/2841 2842/2842/2842
f 2832/2832/2832 2842/2842/2842 2833/2833/2833
f 2833/2833/2833 2842/2842/2842 2843/2843/2843
f 2833/2833/2833 2843/2843/2843 2834/2834/2834
f 2834/2834/2834 2843/2843/2843 2844/2844/2844
f 2834/2834/2834 2844/2844/2844 2835/2835/2835
f 2836/2836/2836 2845/2845/2845 2846/2846/2846
f 2836/2836/2836 2846/2846/2846 2837/2837/2837
f 2837/2837/2837 2846/2846/2846 2847/2847/2847
f 2837/2837/2837 2847/2847/2847 2838/2838/2838
f 2838/2838/2838 2847/2847/2847 2848/2848/2848
f 2838/2838/2838 2848/2848/2848 2839/2839/2839
f 2839/2839/2839 2848/2848/2848 2849/2849/2849
f 2839/2839/2839 2849/2849/2849 2840/2840/2840
f 2840/2840/2840 2849/2849/2849 2850/2850/2850
f 2840/2840/2840 2850/2850/2850 2841/2841/2841
f 2841/2841/2841 2850/2850/2850 2851/2851/2851
f 2841/2841/2841 2851/2851/2851 2842/2842/2842
f 2842/2842/2842 2851/2851/2851 2852/2852/2852
f 2842/2842/2842 2852/2852/2852 2843/2843/2843
f 2843/2843/2843 2852/2852/2852 2853/2853/2853
f 2843/2843/2843 2853/2853/2853 2844/2844/2844
f 2845/2845/2845 2854/2854/2854 2855/2855/2855
f 2845/2845/2845 2855/2855/2855 2846/2846/2846
f 2846/2846/2846 2855/2855/2855 2856/2856/2856
f 2846/2846/2846 2856/2856/2856 2847/2847/2847
f 2847/2847/2847 2856/2856/2856 2857/2857/2857
f 2847/2847/2847 2857/2857/2857 2848/2848/2848
f 2848/2848/2848 2857/2857/2857 2858/2858/2858
f 2848/2848/2848 2858/2858/2858 2849/2849/2849
f 2849/2849/2849 2858/2858/2858 2859/2859/2859
f 2849/2849/2849 2859/2859/2859 2850/2850/2850
f 2850/2850/2850 2859/2859/2859 2860/2860/2860
f 2850/2850/2850 2860/2860/2860 2851/2851/2851
f 2851/2851/2851 2860/2860/2860 2861/2861/2861
f 2851/2851/2851 2861/2861/2861 2852/2852/2852
f 2852/2852/2852 2861/2861/2861 2862/2862/2862
f 2852/2852/2852 2862/2862/2862 2853/2853/2853
f 2854/2854/2854 2863/2863/2863 2864/2864/2864
f 2854/2854/2854 2864/2864/2864 2855/2855/2855
f 2855/2855/2855 2864/2864/2864 2865/2865/2865
f 2855/2855/2855 2865/2865/2865 2856/2856/2856
f 2856/2856/2856 2865/2865/2865 2866/2866/2866
f 2856/2856/2856 2866/2866/2866 2857/2857/2857
f 2857/2857/2857 2866/2866/2866 2867/2867/2867
f 2857/2857/2857 2867/2867/2867 2858/2858/2858
f 2858/2858/2858 2867/2867/2867 2868/2868/2868
f 2858/2858/2858 2868/2868/2868 2859/2859/2859
f 2859/2859/2859 2868/2868/2868 2869/2869/2869
f 2859/2859/2859 2869/2869/2869 2860/2860/2860
f 2860/2860/2860 2869/2869/2869 2870/2870/2870
f 2860/2860/2860 2870/2870/2870 2861/2861/2861
f 2861/2861/2861 2870/2870/2870 2871/2871/2871
f 2861/2861/2861 2871/2871/2871 2862/2862/2862
f 2863/2863/2863 2872/2872/2872 2873/2873/2873
f 2863/2863/2863 2873/2873/2873 2864/2864/2864
f 2864/2864/2864 2873/2873/2873 2874/2874/2874
f 2864/2864/2864 2874/2874/2874 2865/2865/2865
f 2865/2865/2865 2874/2874/2874 2875/2875/2875
f 2865/2865/2865 2875/2875/2875 2866/2866/2866
f 2866/2866/2866 2875/2875/2875 2876/2876/2876
f 2866/2866/2866 2876/2876/2876 2867/2867/2867
f 2867/2867/2867 2876/2876/2876 2877/2877/2877
f 2867/2867/2867 2877/2877/2877 2868/2868/2868
f 2868/2868/2868 2877/2877/2877 2878/2878/2878
f 2868/2868/2868 2878/2878/2878 2869/2869/2869
f 2869/2869/2869 2878/2878/2878 2879/2879/2879
f 2869/2869/2869 2879/2879/2879 2870/2870/2870
f 2870/2870/2870 2879/2879/2879 2880/2880/2880
f 2870/2870/2870 2880/2880/2880 2871/2871/2871
f 2872/2872/2872 2881/2881/2881 2882/2882/2882
f 2872/2872/2872 2882/2882/2882 2873/2873/2873
f 2873/2873/2873 2882/2882/2882 2883/2883/2883
f 2873/2873/2873 2883/2883/2883 2874/2874/2874
f 2874/2874/2874 2883/2883/2883 2884/2884/2884
f 2874/2874/2874 2884/2884/2884 2875/2875/2875
f 2875/2875/2875 2884/2884/2884 2885/2885/2885
f 2875/2875/2875 2885/2885/2885 2876/2876/2876
f 2876/2876/2876 2885/2885/2885 2886/2886/2886
f 2876/2876/2876 2886/2886/2886 2877/2877/2877
f 2877/2877/2877 2886/2886/2886 2887/2887/2887
f 2877/2877/2877 2887/2887/2887 2878/2878/2878
f 2878/2878/2878 2887/2887/2887 2888/2888/2888
f 2878/2878/2878 2888/2888/2888 2879/2879/2879
f 2879/2879/2879 2888/2888/2888 2889/2889/2889
f 2879/2879/2879 2889/2889/2889 2880/2880/2880
f 2881/2881/2881 2890/2890/2890 2891/2891/2891
f 2881/2881/2881 2891/2891/2891 2882/2882/2882
f 2882/2882/2882 2891/2891/2891 2892/2892/2892
f 2882/2882/2882 2892/2892/2892 2883/2883/2883
f 2883/2883/2883 2892/2892/2892 2893/2893/2893
f 2883/2883/2883 2893/2893/2893 2884/2884/2884
f 2884/2884/2884 2893/2893/2893 2894/2894/2894
f 2884/2884/2884 2894/2894/2894 2885/2885/2885
f 2885/2885/2885 2894/2894/2894 2895/2895/2895
f 2885/2885/2885 2895/2895/2895 2886/2886/2886
f 2886/2886/2886 2895/2895/2895 2896/2896/2896
f 2886/2886/2886 2896/2896/2896 2887/2887/2887
f 2887/2887/2887 2896/2896/2896 2897/2897/2897
f 2887/2887/2887 2897/2897/2897 2888/2888/2888
f 2888/2888/2888 2897/2897/2897 2898/2898/2898
f 2888/2888/2888 2898/2898/2898 2889/2889/2889
f 2890/2890/2890 2899/2899/2899 2900/2900/2900
f 2890/2890/2890 2900/2900/2900 2891/2891/2891
f 2891/2891/2891 2900/2900/2900 2901/2901/2901
f 2891/2891/2891 2901/2901/2901 2892/2892/2892
f 2892/2892/2892 2901/2901/2901 2902/2902/2902
f 2892/2892/2892 2902/2902/2902 2893/2893/2893
f 2893/2893/2893 2902/2902/2902 2903/2903/2903
f 2893/2893/2893 2903/2903/2903 2894/2894/2894
f 2894/2894/2894 2903/2903/2903 2904/2904/2904
f 2894/2894/2894 2904/2904/2904 2895/2895/2895
f 2895/2895/2895 2904/2904/2904 2905/2905/2905
f 2895/2895/2895 2905/2905/2905 2896/2896/2896
f 2896/2896/2896 2905/2905/2905 2906/2906/2906
f 2896/2896/2896 2906/2906/2906 2897/2897/2897
f 2897/2897/2897 2906/2906/2906 2907/2907/2907
f 2897/2897/2897 2907/2907/2907 2898/2898/2898
f 2899/2899/2899 2908/2908/2908 2909/2909/2909
f 2899/2899/2899 2909/2909/2909 2900/2900/2900
f 2900/2900/2900 2909/2909/2909 2910/2910/2910
f 2900/2900/2900 2910/2910/2910 2901/2901/2901
f 2901/2901/2901 2910/2910/2910 2911/2911/2911
f 2901/2901/2901 2911/2911/2911 2902/2902/2902
f 2902/2902/2902 2911/2911/2911 2912/2912/2912
f 2902/2902/2902 2912/2912/2912 2903/2903/2903
f 2903/2903/2903 2912/2912/2912 2913/2913/2913
f 2903/2903/2903 2913/2913/2913 2904/2904/2904
f 2904/2904/2904 2913/2913/2913 2914/2914/2914
f 2904/2904/2904 2914/2914/2914 2905/2905/2905
f 2905/2905/2905 2914/2914/2914 2915/2915/2915
f 2905/2905/2905 2915/2915/2915 2906/2906/2906
f 2906/2906/2906 2915/2915/2915 2916/2916/2916
f 2906/2906/2906 2916/2916/2916 2907/2907/2907
f 2908/2908/2908 2917/2917/2917 2918/2918/2918
f 2908/2908/2908 2918/2918/2918 2909/2909/2909
f 2909/2909/2909 2918/2918/2918 2919/2919/2919
f 2909/2909/2909 2919/2919/2919 2910/2910/2910
f 2910/2910/2910 2919/2919/2919 2920/2920/2920
f 2910/2910/2910 2920/2920/2920 2911/2911/2911
f 2911/2911/2911 2920/2920/2920 2921/2921/2921
f 2911/2911/2911 2921/2921/2921 2912/2912/2912
f 2912/2912/2912 2921/2921/2921 2922/2922/2922
f 2912/2912/2912 2922/2922/2922 2913/2913/2913
f 2913/2913/2913 2922/2922/2922 2923/2923/2923
f 2913/2913/2913 2923/2923/2923 2914/2914/2914
f 2914/2914/2914 2923/2923/2923 2924/2924/2924
f 2914/2914/2914 2924/2924/2924 2915/2915/2915
f 2915/2915/2915 2924/2924/2924 2925/2925/2925
f 2915/2915/2915 2925/2925/2925 2916/2916/2916
f 2917/2917/2917 2926/2926/2926 2927/2927/2927
f 2917/2917/2917 2927/2927/2927 2918/2918/2918
f 2918/2918/2918 2927/2927/2927 2928/2928/2928
f 2918/2918/2918 2928/2928/2928 2919/2919/2919
f 2919/2919/2919 2928/2928/2928 2929/2929/2929
f 2919/2919/2919 2929/2929/2929 2920/2920/2920
f 2920/2920/2920 2929/2929/2929 2930/2930/2930
f 2920/2920/2920 2930/2930/2930 2921/2921/2921
f 2921/2921/2921 2930/2930/2930 2931/2931/2931
f 2921/2921/2921 2931/2931/2931 2922/2922/2922
f 2922/2922/2922 2931/2931/2931 2932/2932/2932
f 2922/2922/2922 2932/2932/2932 2923/2923/2923
f 2923/2923/2923 2932/2932/2932 2933/2933/2933
f 2923/2923/2923 2933/2933/2933 2924/2924/2924
f 2924/2924/2924 2933/2933/2933 2934/2934/2934
f 2924/2924/2924 2934/2934/2934 2925/2925/2925
f 2926/2926/2926 2935/2935/2935 2936/2936/2936
f 2926/2926/2926 2936/2936/2936 2927/2927/2927
f 2927/2927/2927 2936/2936/2936 2937/2937/2937
f 2927/2927/2927 2937/2937/2937 2928/2928/2928
f 2928/2928/2928 2937/2937/2937 2938/2938/2938
f 2928/2928/2928 2938/2938/2938 2929/2929/2929
f 2929/2929/2929 2938/2938/2938 2939/2939/2939
f 2929/2929/2929 2939/2939/2939 2930/2930/2930
f 2930/2930/2930 2939/2939/2939 2940/2940/2940
f 2930/2930/2930 2940/2940/2940 2931/2931/2931
f 2931/2931/2931 2940/2940/2940 2941/2941/2941
f 2931/2931/2931 2941/2941/2941 2932/2932/2932
f 2932/2932/2932 2941/2941/2941 2942/2942/2942
f 2932/2932/2932 2942/2942/2942 2933/2933/2933
f 2933/2933/2933 2942/2942/2942 2943/2943/2943
f 2933/2933/2933 2943/2943/2943 2934/2934/2934
f 2935/2935/2935 2944/2944/2944 2945/2945/2945
f 2935/2935/2935 2945/2945/2945 2936/2936/2936
f 2936/2936/2936 2945/2945/2945 2946/2946/2946
f 2936/2936/2936 2946/2946/2946 2937/2937/2937
f 2937/2937/2937 2946/2946/2946 2947/2947/2947
f 2937/2937/2937 2947/2947/2947 2938/2938/2938
f 2938/2938/2938 2947/2947/2947 2948/2948/2948
f 2938/2938/2938 2948/2948/2948 2939/2939/2939
f 2939/2939/2939 2948/2948/2948 2949/2949/2949
f 2939/2939/2939 2949/2949/2949 2940/2940/2940
f 2940/2940/2940 2949/2949/2949 2950/2950/2950
f 2940/2940/2940 2950/2950/2950 2941/2941/2941
f 2941/2941/2941 2950/2950/2950 2951/2951/2951
f 2941/2941/2941 2951/2951/2951 2942/2942/2942
f 2942/2942/2942 2951/2951/2951 2952/2952/2952
f 2942/2942/2942 2952/2952/2952 2943/2943/2943
f 2944/2944/2944 2953/2953/2953 2954/2954/2954
f 2944/2944/2944 2954/2954/2954 2945/2945/2945
f 2945/2945/2945 2954/2954/2954 2955/2955/2955
f 2945/2945/2945 2955/2955/2955 2946/2946/2946
f 2946/2946/2946 2955/2955/2955 2956/2956/2956
f 2946/2946/2946 2956/2956/2956 2947/2947/2947
f 2947/2947/2947 2956/2956/2956 2957/2957/2957
f 2947/2947/2947 2957/2957/2957 2948/2948/2948
f 2948/2948/2948 2957/2957/2957 2958/2958/2958
f 2948/2948/2948 2958/2958/2958 2949/2949/2949
f 2949/2949/2949 2958/2958/2958 2959/2959/2959
f 2949/2949/2949 2959/2959/2959 2950/2950/2950
f 2950/2950/2950 2959/2959/2959 2960/2960/2960
f 2950/2950/2950 2960/2960/2960 2951/2951/2951
f 2951/2951/2951 2960/2960/2960 2961/2961/2961
f 2951/2951/2951 2961/2961/2961 2952/2952/2952
f 2953/2953/2953 2962/2962/2962 2963/2963/2963
f 2953/2953/2953 2963/2963/2963 2954/2954/2954
f 2954/2954/2954 2963/2963/2963 2964/2964/2964
f 2954/2954/2954 2964/2964/2964 2955/2955/2955
f 2955/2955/2955 2964/2964/2964 2965/2965/2965
f 2955/2955/2955 2965/2965/2965 2956/2956/2956
f 2956/2956/2956 2965/2965/2965 2966/2966/2966
f 2956/2956/2956 2966/2966/2966 2957/2957/2957
f 2957/2957/2957 2966/2966/2966 2967/2967/2967
f 2957/2957/2957 2967/2967/2967 2958/2958/2958
f 2958/2958/2958 2967/2967/2967 2968/2968/2968
f 2958/2958/2958 2968/2968/2968 2959/2959/2959
f 2959/2959/2959 2968/2968/2968 2969/2969/2969
f 2959/2959/2959 2969/2969/2969 2960/2960/2960
f 2960/2960/2960 2969/2969/2969 2970/2970/2970
f 2960/2960/2960 2970/2970/2970 2961/2961/2961
f 2962/2962/2962 2971/2971/2971 2972/2972/2972
f 2962/2962/2962 2972/2972/2972 2963/2963/2963
f 2963/2963/2963 2972/2972/2972 2973/2973/2973
f 2963/2963/2963 2973/2973/2973 2964/2964/2964
f 2964/2964/2964 2973/2973/2973 2974/2974/2974
f 2964/2964/2964 2974/2974/2974 2965/2965/2965
f 2965/2965/2965 2974/2974/2974 2975/2975/2975
f 2965/2965/2965 2975/2975/2975 2966/2966/2966
f 2966/2966/2966 2975/2975/2975 2976/2976/2976
f 2966/2966/2966 2976/2976/2976 2967/2967/2967
f 2967/2967/2967 2976/2976/2976 2977/2977/2977
f 2967/2967/2967 2977/2977/2977 2968/2968/2968
f 2968/2968/2968 2977/2977/2977 2978/2978/2978
f 2968/2968/2968 2978/2978/2978 2969/2969/2969
f 2969/2969/2969 2978/2978/2978 2979/2979/2979
f 2969/2969/2969 2979/2979/2979 2970/2970/2970
f 2971/2971/2971 2980/2980/2980 2981/2981/2981
f 2971/2971/2971 2981/2981/2981 2972/2972/2972
f 2972/2972/2972 2981/2981/2981 2982/2982/2982
f 2972/2972/2972 2982/2982/2982 2973/2973/2973
f 2973/2973/2973 2982/2982/2982 2983/2983/2983
f 2973/2973/2973 2983/2983/2983 2974/2974/2974
f 2974/2974/2974 2983/2983/2983 2984/2984/2984
f 2974/2974/2974 2984/2984/2984 2975/2975/2975
f 2975/2975/2975 2984/2984/2984 2985/2985/2985
f 2975/2975/2975 2985/2985/2985 2976/2976/2976
f 2976/2976/2976 2985/2985/2985 2986/2986/2986
f 2976/2976/2976 2986/2986/2986 2977/2977/2977
f 2977/2977/2977 2986/2986/2986 2987/2987/2987
f 2977/2977/2977 2987/2987/2987 2978/2978/2978
f 2978/2978/2978 2987/2987/2987 2988/2988/2988
f 2978/2978/2978 2988/2988/2988 2979/2979/2979
f 2980/2980/2980 2989/2989/2989 2990/2990/2990
f 2980/2980/2980 2990/2990/2990 2981/2981/2981
f 2981/2981/2981 2990/2990/2990 2991/2991/2991
f 2981/2981/2981 2991/2991/2991 2982/2982/2982
f 2982/2982/2982 2991/2991/2991 2992/2992/2992
f 2982/2982/2982 2992/2992/2992 2983/2983/2983
f 2983/2983/2983 2992/2992/2992 2993/2993/2993
f 2983/2983/2983 2993/2993/2993 2984/2984/2984
f 2984/2984/2984 2993/2993/2993 2994/2994/2994
f 2984/2984/2984 2994/2994/2994 2985/2985/2985
f 2985/2985/2985 2994/2994/2994 2995/2995/2995
f 2985/2985/2985 2995/2995/2995 2986/2986/2986
f 2986/2986/2986 2995/2995/2995 2996/2996/2996
f 2986/2986/2986 2996/2996/2996 2987/2987/2987
f 2987/2987/2987 2996/2996/2996 2997/2997/2997
f 2987/2987/2987 2997/2997/2997 2988/2988/2988
f 2989/2989/2989 2998/2998/2998 2999/2999/2999
f 2989/2989/2989 2999/2999/2999 2990/2990/2990
f 2990/2990/2990 2999/2999/2999 3000/3000/3000
f 2990/2990/2990 3000/3000/3000 2991/2991/2991
f 2991/2991/2991 3000/3000/3000 3001/3001/3001
f 2991/2991/2991 3001/3001/3001 2992/2992/2992
f 2992/2992/2992 3001/3001/3001 3002/3002/3002
f 2992/2992/2992 3002/3002/3002 2993/2993/2993
f 2993/2993/2993 3002/3002/3002 3003/3003/3003
f 2993/2993/2993 3003/3003/3003 2994/2994/2994
f 2994/2994/2994 3003/3003/3003 3004/3004/3004
f 2994/2994/2994 3004/3004/3004 2995/2995/2995
f 2995/2995/2995 3004/3004/3004 3005/3005/3005
f 2995/2995/2995 3005/3005/3005 2996/2996/2996
f 2996/2996/2996 3005/3005/3005 3006/3006/3006
f 2996/2996/2996 3006/3006/3006 2997/2997/2997
f 2998/2998/2998 3007/3007/3007 3008/3008/3008
f 2998/2998/2998 3008/3008/3008 2999/2999/2999
f 2999/2999/2999 3008/3008/3008 3009/3009/3009
f 2999/2999/2999 3009/3009/3009 3000/3000/3000
f 3000/3000/3000 3009/3009/3009 3010/3010/3010
f 3000/3000/3000 3010/3010/3010 3001/3001/3001
f 3001/3001/3001 3010/3010/3010 3011/3011/3011
f 3001/3001/3001 3011/3011/3011 3002/3002/3002
f 3002/3002/3002 3011/3011/3011 3012/3012/3012
f 3002/3002/3002 3012/3012/3012 3003/3003/3003
f 3003/3003/3003 3012/3012/3012 3013/3013/3013
f 3003/3003/3003 3013/3013/3013 3004/3004/3004
f 3004/3004/3004 3013/3013/3013 3014/3014/3014
f 3004/3004/3004 3014/3014/3014 3005/3005/3005
f 3005/3005/3005 3014/3014/3014 3015/3015/3015
f 3005/3005/3005 3015/3015/3015 3006/3006/3006
f 3007/3007/3007 3016/3016/3016 3017/3017/3017
f 3007/3007/3007 3017/3017/3017 3008/3008/3008
f 3008/3008/3008 3017/3017/3017 3018/3018/3018
f 3008/3008/3008 3018/3018/3018 3009/3009/3009
f 3009/3009/3009 3018/3018/3018 3019/3019/3019
f 3009/3009/3009 3019/3019/3019 3010/3010/3010
f 3010/3010/3010 3019/3019/3019 3020/3020/3020
f 3010/3010/3010 3020/3020/3020 3011/3011/3011
f 3011/3011/3011 3020/3020/3020 3021/3021/3021
f 3011/3011/3011 3021/3021/3021 3012/3012/3012
f 3012/3012/3012 3021/3021/3021 3022/3022/3022
f 3012/3012/3012 3022/3022/3022 3013/3013/3013
f 3013/3013/3013 3022/3022/3022 3023/3023/3023
f 3013/3013/3013 3023/3023/3023 3014/3014/3014
f 3014/3014/3014 3023/3023/3023 3024/3024/3024
f 3014/3014/3014 3024/3024/3024 3015/3015/3015
f 3016/3016/3016 3025/3025/3025 3026/3026/3026
f 3016/3016/3016 3026/3026/3026 3017/3017/3017
f 3017/3017/3017 3026/3026/3026 3027/3027/3027
f 3017/3017/3017 3027/3027/3027 3018/3018/3018
f 3018/3018/3018 3027/3027/3027 3028/3028/3028
f 3018/3018/3018 3028/3028/3028 3019/3019/3019
f 3019/3019/3019 3028/3028/3028 3029/3029/3029
f 3019/3019/3019 3029/3029/3029 3020/3020/3020
f 3020/3020/3020 3029/3029/3029 3030/3030/3030
f 3020/3020/3020 3030/3030/3030 3021/3021/3021
f 3021/3021/3021 3030/3030/3030 3031/3031/3031
f 3021/3021/3021 3031/3031/3031 3022/3022/3022
f 3022/3022/3022 3031/3031/3031 3032/3032/3032
f 3022/3022/3022 3032/3032/3032 3023/3023/3023
f 3023/3023/3023 3032/3032/3032 3033/3033/3033
f 3023/3023/3023 3033/3033/3033 3024/3024/3024
f 3025/3025/3025 3034/3034/3034 3035/3035/3035
f 3025/3025/3025 3035/3035/3035 3026/3026/3026
f 3026/3026/3026 3035/3035/3035 3036/3036/3036
f 3026/3026/3026 3036/3036/3036 3027/3027/3027
f 3027/3027/3027 3036/3036/3036 3037/3037/3037
f 3027/3027/3027 3037/3037/3037 3028/3028/3028
f 3028/3028/3028 3037/3037/3037 3038/3038/3038
f 3028/3028/3028 3038/3038/3038 3029/3029/3029
f 3029/3029/3029 3038/3038/3038 3039/3039/3039
f 3029/3029/3029 3039/3039/3039 3030/3030/3030
f 3030/3030/3030 3039/3039/3039 3040/3040/3040
f 3030/3030/3030 3040/3040/3040 3031/3031/3031
f 3031/3031/3031 3040/3040/3040 3041/3041/3041
f 3031/3031/3031 3041/3041/3041 3032/3032/3032
f 3032/3032/3032 3041/3041/3041 3042/3042/3042
f 3032/3032/3032 3042/3042/3042 3033/3033/3033
f 3034/3034/3034 3043/3043/3043 3044/3044/3044
f 3034/3034/3034 3044/3044/3044 3035/3035/3035
f 3035/3035/3035 3044/3044/3044 3045/3045/3045
f 3035/3035/3035 3045/3045/3045 3036/3036/3036
f 3036/3036/3036 3045/3045/3045 3046/3046/3046
f 3036/3036/3036 3046/3046/3046 3037/3037/3037
f 3037/3037/3037 3046/3046/3046 3047/3047/3047
f 3037/3037/3037 3047/3047/3047 3038/3038/3038
f 3038/3038/3038 3047/3047/3047 3048/3048/3048
f 3038/3038/3038 3048/3048/3048 3039/3039/3039
f 3039/3039/3039 3048/3048/3048 3049/3049/3049
f 3039/3039/3039 3049/3049/3049 3040/3040/3040
f 3040/3040/3040 3049/3049/3049 3050/3050/3050
f 3040/3040/3040 3050/3050/3050 3041/3041/3041
f 3041/3041/3041 3050/3050/3050 3051/3051/3051
f 3041/3041/3041 3051/3051/3051 3042/3042/3042
f 3043/3043/3043 3052/3052/3052 3053/3053/3053
f 3043/3043/3043 3053/3053/3053 3044/3044/3044
f 3044/3044/3044 3053/3053/3053 3054/3054/3054
f 3044/3044/3044 3054/3054/3054 3045/3045/3045
f 3045/3045/3045 3054/3054/3054 3055/3055/3055
f 3045/3045/3045 3055/3055/3055 3046/3046/3046
f 3046/3046/3046 3055/3055/3055 3056/3056/3056
f 3046/3046/3046 3056/3056/3056 3047/3047/3047
f 3047/3047/3047 3056/3056/3056 3057/3057/3057
f 3047/3047/3047 3057/3057/3057 3048/3048/3048
f 3048/3048/3048 3057/3057/3057 3058/3058/3058
f 3048/3048/3048 3058/3058/3058 3049/3049/3049
f 3049/3049/3049 3058/3058/3058 3059/3059/3059
f 3049/3049/3049 3059/3059/3059 3050/3050/3050
f 3050/3050/3050 3059/3059/3059 3060/3060/3060
f 3050/3050/3050 3060/3060/3060 3051/3051/3051
f 3052/3052/3052 3061/3061/3061 3062/3062/3062
f 3052/3052/3052 3062/3062/3062 3053/3053/3053
f 3053/3053/3053 3062/3062/3062 3063/3063/3063
f 3053/3053/3053 3063/3063/3063 3054/3054/3054
f 3054/3054/3054 3063/3063/3063 3064/3064/3064
f 3054/3054/3054 3064/3064/3064 3055/3055/3055
f 3055/3055/3055 3064/3064/3064 3065/3065/3065
f 3055/3055/3055 3065/3065/3065 3056/3056/3056
f 3056/3056/3056 3065/3065/3065 3066/3066/3066
f 3056/3056/3056 3066/3066/3066 3057/3057/3057
f 3057/3057/3057 3066/3066/3066 3067/3067/3067
f 3057/3057/3057 3067/3067/3067 3058/3058/3058
f 3058/3058/3058 3067/3067/3067 3068/3068/3068
f 3058/3058/3058 3068/3068/3068 3059/3059/3059
f 3059/3059/3059 3068/3068/3068 3069/3069/3069
f 3059/3059/3059 3069/3069/3069 3060/3060/3060
f 3061/3061/3061 3070/3070/3070 3071/3071/3071
f 3061/3061/3061 3071/3071/3071 3062/3062/3062
f 3062/3062/3062 3071/3071/3071 3072/3072/3072
f 3062/3062/3062 3072/3072/3072 3063/3063/3063
f 3063/3063/3063 3072/3072/3072 3073/3073/3073
f 3063/3063/3063 3073/3073/3073 3064/3064/3064
f 3064/3064/3064 3073/3073/3073 3074/3074/3074
f 3064/3064/3064 3074/3074/3074 3065/3065/3065
f 3065/3065/3065 3074/3074/3074 3075/3075/3075
f 3065/3065/3065 3075/3075/3075 3066/3066/3066
f 3066/3066/3066 3075/3075/3075 3076/3076/3076
f 3066/3066/3066 3076/3076/3076 3067/3067/3067
f 3067/3067/3067 3076/3076/3076 3077/3077/3077
f 3067/3067/3067 3077/3077/3077 3068/3068/3068
f 3068/3068/3068 3077/3077/3077 3078/3078/3078
f 3068/3068/3068 3078/3078/3078 3069/3069/3069
f 3070/3070/3070 3079/3079/3079 3080/3080/3080
f 3070/3070/3070 3080/3080/3080 3071/3071/3071
f 3071/3071/3071 3080/3080/3080 3081/3081/3081
f 3071/3071/3071 3081/3081/3081 3072/3072/3072
f 3072/3072/3072 3081/3081/3081 3082/3082/3082
f 3072/3072/3072 3082/3082/3082 3073/3073/3073
f 3073/3073/3073 3082/3082/3082 3083/3083/3083
f 3073/3073/3073 3083/3083/3083 3074/3074/3074
f 3074/3074/3074 3083/3083/3083 3084/3084/3084
f 3074/3074/3074 3084/3084/3084 3075/3075/3075
f 3075/3075/3075 3084/3084/3084 3085/3085/3085
f 3075/3075/3075 3085/3085/3085 3076/3076/3076
f 3076/3076/3076 3085/3085/3085 3086/3086/3086
f 3076/3076/3076 3086/3086/3086 3077/3077/3077
f 3077/3077/3077 3086/3086/3086 3087/3087/3087
f 3077/3077/3077 3087/3087/3087 3078/3078/3078
f 3079/3079/3079 3088/3088/3088 3089/3089/3089
f 3079/3079/3079 3089/3089/3089 3080/3080/3080
f 3080/3080/3080 3089/3089/3089 3090/3090/3090
f 3080/3080/3080 3090/3090/3090 3081/3081/3081
f 3081/3081/3081 3090/3090/3090 3091/3091/3091
f 3081/3081/3081 3091/3091/3091 3082/3082/3082
f 3082/3082/3082 3091/3091/3091 3092/3092/3092
f 3082/3082/3082 3092/3092/3092 3083/3083/3083
f 3083/3083/3083 3092/3092/3092 3093/3093/3093
f 3083/3083/3083 3093/3093/3093 3084/3084/3084
f 3084/3084/3084 3093/3093/3093 3094/3094/3094
f 3084/3084/3084 3094/3094/3094 3085/3085/3085
f 3085/3085/3085 3094/3094/3094 3095/3095/3095
f 3085/3085/3085 3095/3095/3095 3086/3086/3086
f 3086/3086/3086 3095/3095/3095 3096/3096/3096
f 3086/3086/3086 3096/3096/3096 3087/3087/3087
f 3088/3088/3088 3097/3097/3097 3098/3098/3098
f 3088/3088/3088 3098/3098/3098 3089/3089/3089
f 3089/3089/3089 3098/3098/3098 3099/3099/3099
f 3089/3089/3089 3099/3099/3099 3090/3090/3090
f 3090/3090/3090 3099/3099/3099 3100/3100/3100
f 3090/3090/3090 3100/3100/3100 3091/3091/3091
f 3091/3091/3091 3100/3100/3100 3101/3101/3101
f 3091/3091/3091 3101/3101/3101 3092/3092/3092
f 3092/3092/3092 3101/3101/3101 3102/3102/3102
f 3092/3092/3092 3102/3102/3102 3093/3093/3093
f 3093/3093/3093 3102/3102/3102 3103/3103/3103
f 3093/3093/3093 3103/3103/3103 3094/3094/3094
f 3094/3094/3094 3103/3103/3103 3104/3104/3104
f 3094/3094/3094 3104/3104/3104 3095/3095/3095
f 3095/3095/3095 3104/3104/3104 3105/3105/3105
f 3095/3095/3095 3105/3105/3105 3096/3096/3096
f 3097/3097/3097 3106/3106/3106 3107/3107/3107
f 3097/3097/3097 3107/3107/3107 3098/3098/3098
f 3098/3098/3098 3107/3107/3107 3108/3108/3108
f 3098/3098/3098 3108/3108/3108 3099/3099/3099
f 3099/3099/3099 3108/3108/3108 3109/3109/3109
f 3099/3099/3099 3109/3109/3109 3100/3100/3100
f 3100/3100/3100 3109/3109/3109 3110/3110/3110
f 3100/3100/3100 3110/3110/3110 3101/3101/3101
f 3101/3101/3101 3110/3110/3110 3111/3111/3111
f 3101/3101/3101 3111/3111/3111 3102/3102/3102
f 3102/3102/3102 3111/3111/3111 3112/3112/3112
f 3102/3102/3102 3112/3112/3112 3103/3103/3103
f 3103/3103/3103 3112/3112/3112 3113/3113/3113
f 3103/3103/3103 3113/3113/3113 3104/3104/3104
f 3104/3104/3104 3113/3113/3113 3114/3114/3114
f 3104/3104/3104 3114/3114/3114 3105/3105/3105
f 3106/3106/3106 3115/3115/3115 3116/3116/3116
f 3106/3106/3106 3116/3116/3116 3107/3107/3107
f 3107/3107/3107 3116/3116/3116 3117/3117/3117
f 3107/3107/3107 3117/3117/3117 3108/3108/3108
f 3108/3108/3108 3117/3117/3117 3118/3118/3118
f 3108/3108/3108 3118/3118/3118 3109/3109/3109
f 3109/3109/3109 3118/3118/3118 3119/3119/3119
f 3109/3109/3109 3119/3119/3119 3110/3110/3110
f 3110/3110/3110 3119/3119/3119 3120/3120/3120
f 3110/3110/3110 3120/3120/3120 3111/3111/3111
f 3111/3111/3111 3120/3120/3120 3121/3121/3121
f 3111/3111/3111 3121/3121/3121 3112/3112/3112
f 3112/3112/3112 3121/3121/3121 3122/3122/3122
f 3112/3112/3112 3122/3122/3122 3113/3113/3113
f 3113/3113/3113 3122/3122/3122 3123/3123/3123
f 3113/3113/3113 3123/3123/3123 3114/3114/3114
f 3115/3115/3115 3124/3124/3124 3125/3125/3125
f 3115/3115/3115 3125/3125/3125 3116/3116/3116
f 3116/3116/3116 3125/3125/3125 3126/3126/3126
f 3116/3116/3116 3126/3126/3126 3117/3117/3117
f 3117/3117/3117 3126/3126/3126 3127/3127/3127
f 3117/3117/3117 3127/3127/3127 3118/3118/3118
f 3118/3118/3118 3127/3127/3127 3128/3128/3128
f 3118/3118/3118 3128/3128/3128 3119/3119/3119
f 3119/3119/3119 3128/3128/3128 3129/3129/3129
f 3119/3119/3119 3129/3129/3129 3120/3120/3120
f 3120/3120/3120 3129/3129/3129 3130/3130/3130
f 3120/3120/3120 3130/3130/3130 3121/3121/3121
f 3121/3121/3121 3130/3130/3130 3131/3131/3131
f 3121/3121/3121 3131/3131/3131 3122/3122/3122
f 3122/3122/3122 3131/3131/3131 3132/3132/3132
f 3122/3122/3122 3132/3132/3132 3123/3123/3123
f 3124/3124/3124 3133/3133/3133 3134/3134/3134
f 3124/3124/3124 3134/3134/3134 3125/3125/3125
f 3125/3125/3125 3134/3134/3134 3135/3135/3135
f 3125/3125/3125 3135/3135/3135 3126/3126/3126
f 3126/3126/3126 3135/3135/3135 3136/3136/3136
f 3126/3126/3126 3136/3136/3136 3127/3127/3127
f 3127/3127/3127 3136/3136/3136 3137/3137/3137
f 3127/3127/3127 3137/3137/3137 3128/3128/3128
f 3128/3128/3128 3137/3137/3137 3138/3138/3138
f 3128/3128/3128 3138/3138/3138 3129/3129/3129
f 3129/3129/3129 3138/3138/3138 3139/3139/3139
f 3129/3129/3129 3139/3139/3139 3130/3130/3130
f 3130/3130/3130 3139/3139/3139 3140/3140/3140
f 3130/3130/3130 3140/3140/3140 3131/3131/3131
f 3131/3131/3131 3140/3140/3140 3141/3141/3141
f 3131/3131/3131 3141/3141/3141 3132/3132/3132
f 3133/3133/3133 3142/3142/3142 3143/3143/3143
f 3133/3133/3133 3143/3143/3143 3134/3134/3134
f 3134/3134/3134 3143/3143/3143 3144/3144/3144
f 3134/3134/3134 3144/3144/3144 3135/3135/3135
f 3135/3135/3135 3144/3144/3144 3145/3145/3145
f 3135/3135/3135 3145/3145/3145 3136/3136/3136
f 3136/3136/3136 3145/3145/3145 3146/3146/3146
f 3136/3136/3136 3146/3146/3146 3137/3137/3137
f 3137/3137/3137 3146/3146/3146 3147/3147/3147
f 3137/3137/3137 3147/3147/3147 3138/3138/3138
f 3138/3138/3138 3147/3147/3147 3148/3148/3148
f 3138/3138/3138 3148/3148/3148 3139/3139/3139
f 3139/3139/3139 3148/3148/3148 3149/3149/3149
f 3139/3139/3139 3149/3149/3149 3140/3140/3140
f 3140/3140/3140 3149/3149/3149 3150/3150/3150
f 3140/3140/3140 3150/3150/3150 3141/3141/3141
f 3142/3142/3142 3151/3151/3151 3152/3152/3152
f 3142/3142/3142 3152/3152/3152 3143/3143/3143
f 3143/3143/3143 3152/3152/3152 3153/3153/3153
f 3143/3143/3143 3153/3153/3153 3144/3144/3144
f 3144/3144/3144 3153/3153/3153 3154/3154/3154
f 3144/3144/3144 3154/3154/3154 3145/3145/3145
f 3145/3145/3145 3154/3154/3154 3155/3155/3155
f 3145/3145/3145 3155/3155/3155 3146/3146/3146
f 3146/3146/3146 3155/3155/3155 3156/3156/3156
f 3146/3146/3146 3156/3156/3156 3147/3147/3147
f 3147/3147/3147 3156/3156/3156 3157/3157/3157
f 3147/3147/3147 3157/3157/3157 3148/3148/3148
f 3148/3148/3148 3157/3157/3157 3158/3158/3158
f 3148/3148/3148 3158/3158/3158 3149/3149/3149
f 3149/3149/3149 3158/3158/3158 3159/3159/3159
f 3149/3149/3149 3159/3159/3159 3150/3150/3150
f 3151/3151/3151 3160/3160/3160 3161/3161/3161
f 3151/3151/3151 3161/3161/3161 3152/3152/3152
f 3152/3152/3152 3161/3161/3161 3162/3162/3162
f 3152/3152/3152 3162/3162/3162 3153/3153/3153
f 3153/3153/3153 3162/3162/3162 3163/3163/3163
f 3153/3153/3153 3163/3163/3163 3154/3154/3154
f 3154/3154/3154 3163/3163/3163 3164/3164/3164
f 3154/3154/3154 3164/3164/3164 3155/3155/3155
f 3155/3155/3155 3164/3164/3164 3165/3165/3165
f 3155/3155/3155 3165/3165/3165 3156/3156/3156
f 3156/3156/3156 3165/3165/3165 3166/3166/3166
f 3156/3156/3156 3166/3166/3166 3157/3157/3157
f 3157/3157/3157 3166/3166/3166 3167/3167/3167
f 3157/3157/3157 3167/3167/3167 3158/3158/3158
f 3158/3158/3158 3167/3167/3167 3168/3168/3168
f 3158/3158/3158 3168/3168/3168 3159/3159/3159
f 3160/3160/3160 3169/3169/3169 3170/3170/3170
f 3160/3160/3160 3170/3170/3170 3161/3161/3161
f 3161/3161/3161 3170/3170/3170 3171/3171/3171
f 3161/3161/3161 3171/3171/3171 3162/3162/3162
f 3162/3162/3162 3171/3171/3171 3172/3172/3172
f 3162/3162/3162 3172/3172/3172 3163/3163/3163
f 3163/3163/3163 3172/3172/3172 3173/3173/3173
f 3163/3163/3163 3173/3173/3173 3164/3164/3164
f 3164/3164/3164 3173/3173/3173 3174/3174/3174
f 3164/3164/3164 3174/3174/3174 3165/3165/3165
f 3165/3165/3165 3174/3174/3174 3175/3175/3175
f 3165/3165/3165 3175/3175/3175 3166/3166/3166
f 3166/3166/3166 3175/3175/3175 3176/3176/3176
f 3166/3166/3166 3176/3176/3176 3167/3167/3167
f 3167/3167/3167 3176/3176/3176 3177/3177/3177
f 3167/3167/3167 3177/3177/3177 3168/3168/3168
f 3169/3169/3169 3178/3178/3178 3179/3179/3179
f 3169/3169/3169 3179/3179/3179 3170/3170/3170
f 3170/3170/3170 3179/3179/3179 3180/3180/3180
f 3170/3170/3170 3180/3180/3180 3171/3171/3171
f 3171/3171/3171 3180/3180/3180 3181/3181/3181
f 3171/3171/3171 3181/3181/3181 3172/3172/3172
f 3172/3172/3172 3181/3181/3181 3182/3182/3182
f 3172/3172/3172 3182/3182/3182 3173/3173/3173
f 3173/3173/3173 3182/3182/3182 3183/3183/3183
f 3173/3173/3173 3183/3183/3183 3174/3174/3174
f 3174/3174/3174 3183/3183/3183 3184/3184/3184
f 3174/3174/3174 3184/3184/3184 3175/3175/3175
f 3175/3175/3175 3184/3184/3184 3185/3185/3185
f 3175/3175/3175 3185/3185/3185 3176/3176/3176
f 3176/3176/3176 3185/3185/3185 3186/3186/3186
f 3176/3176/3176 3186/3186/3186 3177/3177/3177
f 3178/3178/3178 3187/3187/3187 3188/3188/3188
f 3178/3178/3178 3188/3188/3188 3179/3179/3179
f 3179/3179/3179 3188/3188/3188 3189/3189/3189
f 3179/3179/3179 3189/3189/3189 3180/3180/3180
f 3180/3180/3180 3189/3189/3189 3190/3190/3190
f 3180/3180/3180 3190/3190/3190 3181/3181/3181
f 3181/3181/3181 3190/3190/3190 3191/3191/3191
f 3181/3181/3181 3191/3191/3191 3182/3182/3182
f 3182/3182/3182 3191/3191/3191 3192/3192/3192
f 3182/3182/3182 3192/3192/3192 3183/3183/3183
f 3183/3183/3183 3192/3192/3192 3193/3193/3193
f 3183/3183/3183 3193/3193/3193 3184/3184/3184
f 3184/3184/3184 3193/3193/3193 3194/3194/3194
f 3184/3184/3184 3194/3194/3194 3185/3185/3185
f 3185/3185/3185 3194/3194/3194 3195/3195/3195
f 3185/3185/3185 3195/3195/3195 3186/3186/3186
f 3187/3187/3187 3196/3196/3196 3197/3197/3197
f 3187/3187/3187 3197/3197/3197 3188/3188/3188
f 3188/3188/3188 3197/3197/3197 3198/3198/3198
f 3188/3188/3188 3198/3198/3198 3189/3189/3189
f 3189/3189/3189 3198/3198/3198 3199/3199/3199
f 3189/3189/3189 3199/3199/3199 3190/3190/3190
f 3190/3190/3190 3199/3199/3199 3200/3200/3200
f 3190/3190/3190 3200/3200/3200 3191/3191/3191
f 3191/3191/3191 3200/3200/3200 3201/3201/3201
f 3191/3191/3191 3201/3201/3201 3192/3192/3192
f 3192/3192/3192 3201/3201/3201 3202/3202/3202
f 3192/3192/3192 3202/3202/3202 3193/3193/3193
f 3193/3193/3193 3202/3202/3202 3203/3203/3203
f 3193/3193/3193 3203/3203/3203 3194/3194/3194
f 3194/3194/3194 3203/3203/3203 3204/3204/3204
f 3194/3194/3194 3204/3204/3204 3195/3195/3195
f 3196/3196/3196 3205/3205/3205 3206/3206/3206
f 3196/3196/3196 3206/3206/3206 3197/3197/3197
f 3197/3197/3197 3206/3206/3206 3207/3207/3207
f 3197/3197/3197 3207/3207/3207 3198/3198/3198
f 3198/3198/3198 3207/3207/3207 3208/3208/3208
f 3198/3198/3198 3208/3208/3208 3199/3199/3199
f 3199/3199/3199 3208/3208/3208 3209/3209/3209
f 3199/3199/3199 3209/3209/3209 3200/3200/3200
f 3200/3200/3200 3209/3209/3209 3210/3210/3210
f 3200/3200/3200 3210/3210/3210 3201/3201/3201
f 3201/3201/3201 3210/3210/3210 3211/3211/3211
f 3201/3201/3201 3211/3211/3211 3202/3202/3202
f 3202/3202/3202 3211/3211/3211 3212/3212/3212
f 3202/3202/3202 3212/3212/3212 3203/3203/3203
f 3203/3203/3203 3212/3212/3212 3213/3213/3213
f 3203/3203/3203 3213/3213/3213 3204/3204/3204
f 3205/3205/3205 3214/3214/3214 3215/3215/3215
f 3205/3205/3205 3215/3215/3215 3206/3206/3206
f 3206/3206/3206 3215/3215/3215 3216/3216/3216
f 3206/3206/3206 3216/3216/3216 3207/3207/3207
f 3207/3207/3207 3216/3216/3216 3217/3217/3217
f 3207/3207/3207 3217/3217/3217 3208/3208/3208
f 3208/3208/3208 3217/3217/3217 3218/3218/3218
f 3208/3208/3208 3218/3218/3218 3209/3209/3209
f 3209/3209/3209 3218/3218/3218 3219/3219/3219
f 3209/3209/3209 3219/3219/3219 3210/3210/3210
f 3210/3210/3210 3219/3219/3219 3220/3220/3220
f 3210/3210/3210 3220/3220/3220 3211/3211/3211
f 3211/3211/3211 3220/3220/3220 3221/3221/3221
f 3211/3211/3211 3221/3221/3221 3212/3212/3212
f 3212/3212/3212 3221/3221/3221 3222/3222/3222
f 3212/3212/3212 3222/3222/3222 3213/3213/3213
f 3214/3214/3214 3223/3223/3223 3224/3224/3224
f 3214/3214/3214 3224/3224/3224 3215/3215/3215
f 3215/3215/3215 3224/3224/3224 3225/3225/3225
f 3215/3215/3215 3225/3225/3225 3216/3216/3216
f 3216/3216/3216 3225/3225/3225 3226/3226/3226
f 3216/3216/3216 3226/3226/3226 3217/3217/3217
f 3217/3217/3217 3226/3226/3226 3227/3227/3227
f 3217/3217/3217 3227/3227/3227 3218/3218/3218
f 3218/3218/3218 3227/3227/3227 3228/3228/3228
f 3218/3218/3218 3228/3228/3228 3219/3219/3219
f 3219/3219/3219 3228/3228/3228 3229/3229/3229
f 3219/3219/3219 3229/3229/3229 3220/3220/3220
f 3220/3220/3220 3229/3229/3229 3230/3230/3230
f 3220/3220/3220 3230/3230/3230 3221/3221/3221
f 3221/3221/3221 3230/3230/3230 3231/3231/3231
f 3221/3221/3221 3231/3231/3231 3222/3222/3222
f 3223/3223/3223 3232/3232/3232 3233/3233/3233
f 3223/3223/3223 3233/3233/3233 3224/3224/3224
f 3224/3224/3224 3233/3233/3233 3234/3234/3234
f 3224/3224/3224 3234/3234/3234 3225/3225/3225
f 3225/3225/3225 3234/3234/3234 3235/3235/3235
f 3225/3225/3225 3235/3235/3235 3226/3226/3226
f 3226/3226/3226 3235/3235/3235 3236/3236/3236
f 3226/3226/3226 3236/3236/3236 3227/3227/3227
f 3227/3227/3227 3236/3236/3236 3237/3237/3237
f 3227/3227/3227 3237/3237/3237 3228/3228/3228
f 3228/3228/3228 3237/3237/3237 3238/3238/3238
f 3228/3228/3228 3238/3238/3238 3229/3229/3229
f 3229/3229/3229 3238/3238/3238 3239/3239/3239
f 3229/3229/3229 3239/3239/3239 3230/3230/3230
f 3230/3230/3230 3239/3239/3239 3240/3240/3240
f 3230/3230/3230 3240/3240/3240 3231/3231/3231
f 3232/3232/3232 3241/3241/3241 3242/3242/3242
f 3232/3232/3232 3242/3242/3242 3233/3233/3233
f 3233/3233/3233 3242/3242/3242 3243/3243/3243
f 3233/3233/3233 3243/3243/3243 3234/3234/3234
f 3234/3234/3234 3243/3243/3243 3244/3244/3244
f 3234/3234/3234 3244/3244/3244 3235/3235/3235
f 3235/3235/3235 3244/3244/3244 3245/3245/3245
f 3235/3235/3235 3245/3245/3245 3236/3236/3236
f 3236/3236/3236 3245/3245/3245 3246/3246/3246
f 3236/3236/3236 3246/3246/3246 3237/3237/3237
f 3237/3237/3237 3246/3246/3246 3247/3247/3247
f 3237/3237/3237 3247/3247/3247 3238/3238/3238
f 3238/3238/3238 3247/3247/3247 3248/3248/3248
f 3238/3238/3238 3248/3248/3248 3239/3239/3239
f 3239/3239/3239 3248/3248/3248 3249/3249/3249
f 3239/3239/3239 3249/3249/3249 3240/3240/3240
f 3241/3241/3241 3250/3250/3250 3251/3251/3251
f 3241/3241/3241 3251/3251/3251 3242/3242/3242
f 3242/3242/3242 3251/3251/3251 3252/3252/3252
f 3242/3242/3242 3252/3252/3252 3243/3243/3243
f 3243/3243/3243 3252/3252/3252 3253/3253/3253
f 3243/3243/3243 3253/3253/3253 3244/3244/3244
f 3244/3244/3244 3253/3253/3253 3254/3254/3254
f 3244/3244/3244 3254/3254/3254 3245/3245/3245
f 3245/3245/3245 3254/3254/3254 3255/3255/3255
f 3245/3245/3245 3255/3255/3255 3246/3246/3246
f 3246/3246/3246 3255/3255/3255 3256/3256/3256
f 3246/3246/3246 3256/3256/3256 3247/3247/3247
f 3247/3247/3247 3256/3256/3256 3257/3257/3257
f 3247/3247/3247 3257/3257/3257 3248/3248/3248
f 3248/3248/3248 3257/3257/3257 3258/3258/3258
f 3248/3248/3248 3258/3258/3258 3249/3249/3249
f 3259/3259/3259 3268/3268/3268 3269/3269/3269
f 3259/3259/3259 3269/3269/3269 3260/3260/3260
f 3260/3260/3260 3269/3269/3269 3270/3270/3270
f 3260/3260/3260 3270/3270/3270 3261/3261/3261
f 3261/3261/3261 3270/3270/3270 3271/3271/3271
f 3261/3261/3261 3271/3271/3271 3262/3262/3262
f 3262/3262/3262 3271/3271/3271 3272/3272/3272
f 3262/3262/3262 3272/3272/3272 3263/3263/3263
f 3263/3263/3263 3272/3272/3272 3273/3273/3273
f 3263/3263/3263 3273/3273/3273 3264/3264/3264
f 3264/3264/3264 3273/3273/3273 3274/3274/3274
f 3264/3264/3264 3274/3274/3274 3265/3265/3265
f 3265/3265/3265 3274/3274/3274 3275/3275/3275
f 3265/3265/3265 3275/3275/3275 3266/3266/3266
f 3266/3266/3266 3275/3275/3275 3276/3276/3276
f 3266/3266/3266 3276/3276/3276 3267/3267/3267
f 3268/3268/3268 3277/3277/3277 3278/3278/3278
f 3268/3268/3268 3278/3278/3278 3269/3269/3269
f 3269/3269/3269 3278/3278/3278 3279/3279/3279
f 3269/3269/3269 3279/3279/3279 3270/3270/3270
f 3270/3270/3270 3279/3279/3279 3280/3280/3280
f 3270/3270/3270 3280/3280/3280 3271/3271/3271
f 3271/3271/3271 3280/3280/3280 3281/3281/3281
f 3271/3271/3271 3281/3281/3281 3272/3272/3272
f 3272/3272/3272 3281/3281/3281 3282/3282/3282
f 3272/3272/3272 3282/3282/3282 3273/3273/3273
f 3273/3273/3273 3282/3282/3282 3283/3283/3283
f 3273/3273/3273 3283/3283/3283 3274/3274/3274
f 3274/3274/3274 3283/3283/3283 3284/3284/3284
f 3274/3274/3274 3284/3284/3284 3275/3275/3275
f 3275/3275/3275 3284/3284/3284 3285/3285/3285
f 3275/3275/3275 3285/3285/3285 3276/3276/3276
f 3277/3277/3277 3286/3286/3286 3287/3287/3287
f 3277/3277/3277 3287/3287/3287 3278/3278/3278
f 3278/3278/3278 3287/3287/3287 3288/3288/3288
f 3278/3278/3278 3288/3288/3288 3279/3279/3279
f 3279/3279/3279 3288/3288/3288 3289/3289/3289
f 3279/3279/3279 3289/3289/3289 3280/3280/3280
f 3280/3280/3280 3289/3289/3289 3290/3290/3290
f 3280/3280/3280 3290/3290/3290 3281/3281/3281
f 3281/3281/3281 3290/3290/3290 3291/3291/3291
f 3281/3281/3281 3291/3291/3291 3282/3282/3282
f 3282/3282/3282 3291/3291/3291 3292/3292/3292
f 3282/3282/3282 3292/3292/3292 3283/3283/3283
f 3283/3283/3283 3292/3292/3292 3293/3293/3293
f 3283/3283/3283 3293/3293/3293 3284/3284/3284
f 3284/3284/3284 3293/3293/3293 3294/3294/3294
f 3284/3284/3284 3294/3294/3294 3285/3285/3285
f 3286/3286/3286 3295/3295/3295 3296/3296/3296
f 3286/3286/3286 3296/3296/3296 3287/3287/3287
f 3287/3287/3287 3296/3296/3296 3297/3297/3297
f 3287/3287/3287 3297/3297/3297 3288/3288/3288
f 3288/3288/3288 3297/3297/3297 3298/3298/3298
f 3288/3288/3288 3298/3298/3298 3289/3289/3289
f 3289/3289/3289 3298/3298/3298 3299/3299/3299
f 3289/3289/3289 3299/3299/3299 3290/3290/3290
f 3290/3290/3290 3299/3299/3299 3300/3300/3300
f 3290/3290/3290 3300/3300/3300 3291/3291/3291
f 3291/3291/3291 3300/3300/3300 3301/3301/3301
f 3291/3291/3291 3301/3301/3301 3292/3292/3292
f 3292/3292/3292 3301/3301/3301 3302/3302/3302
f 3292/3292/3292 3302/3302/3302 3293/3293/3293
f 3293/3293/3293 3302/3302/3302 3303/3303/3303
f 3293/3293/3293 3303/3303/3303 3294/3294/3294
f 3295/3295/3295 3304/3304/3304 3305/3305/3305
f 3295/3295/3295 3305/3305/3305 3296/3296/3296
f 3296/3296/3296 3305/3305/3305 3306/3306/3306
f 3296/3296/3296 3306/3306/3306 3297/3297/3297
f 3297/3297/3297 3306/3306/3306 3307/3307/3307
f 3297/3297/3297 3307/3307/3307 3298/3298/3298
f 3298/3298/3298 3307/3307/3307 3308/3308/3308
f 3298/3298/3298 3308/3308/3308 3299/3299/3299
f 3299/3299/3299 3308/3308/3308 3309/3309/3309
f 3299/3299/3299 3309/3309/3309 3300/3300/3300
f 3300/3300/3300 3309/3309/3309 3310/3310/3310
f 3300/3300/3300 3310/3310/3310 3301/3301/3301
f 3301/3301/3301 3310/3310/3310 3311/3311/3311
f 3301/3301/3301 3311/3311/3311 3302/3302/3302
f 3302/3302/3302 3311/3311/3311 3312/3312/3312
f 3302/3302/3302 3312/3312/3312 3303/3303/3303
f 3304/3304/3304 3313/3313/3313 3314/3314/3314
f 3304/3304/3304 3314/3314/3314 3305/3305/3305
f 3305/3305/3305 3314/3314/3314 3315/3315/3315
f 3305/3305/3305 3315/3315/3315 3306/3306/3306
f 3306/3306/3306 3315/3315/3315 3316/3316/3316
f 3306/3306/3306 3316/3316/3316 3307/3307/3307
f 3307/3307/3307 3316/3316/3316 3317/3317/3317
f 3307/3307/3307 3317/3317/3317 3308/3308/3308
f 3308/3308/3308 3317/3317/3317 3318/3318/3318
f 3308/3308/3308 3318/3318/3318 3309/3309/3309
f 3309/3309/3309 3318/3318/3318 3319/3319/3319
f 3309/3309/3309 3319/3319/3319 3310/3310/3310
f 3310/3310/3310 3319/3319/3319 3320/3320/3320
f 3310/3310/3310 3320/3320/3320 3311/3311/3311
f 3311/3311/3311 3320/3320/3320 3321/3321/3321
f 3311/3311/3311 3321/3321/3321 3312/3312/3312
f 3313/3313/3313 3322/3322/3322 3323/3323/3323
f 3313/3313/3313 3323/3323/3323 3314/3314/3314
f 3314/3314/3314 3323/3323/3323 3324/3324/3324
f 3314/3314/3314 3324/3324/3324 3315/3315/3315
f 3315/3315/3315 3324/3324/3324 3325/3325/3325
f 3315/3315/3315 3325/3325/3325 3316/3316/3316
f 3316/3316/3316 3325/3325/3325 3326/3326/3326
f 3316/3316/3316 3326/3326/3326 3317/3317/3317
f 3317/3317/3317 3326/3326/3326 3327/3327/3327
f 3317/3317/3317 3327/3327/3327 3318/3318/3318
f 3318/3318/3318 3327/3327/3327 3328/3328/3328
f 3318/3318/3318 3328/3328/3328 3319/3319/3319
f 3319/3319/3319 3328/3328/3328 3329/3329/3329
f 3319/3319/3319 3329/3329/3329 3320/3320/3320
f 3320/3320/3320 3329/3329/3329 3330/3330/3330
f 3320/3320/3320 3330/3330/3330 3321/3321/3321
f 3322/3322/3322 3331/3331/3331 3332/3332/3332
f 3322/3322/3322 3332/3332/3332 3323/3323/3323
f 3323/3323/3323 3332/3332/3332 3333/3333/3333
f 3323/3323/3323 3333/3333/3333 3324/3324/3324
f 3324/3324/3324 3333/3333/3333 3334/3334/3334
f 3324/3324/3324 3334/3334/3334 3325/3325/3325
f 3325/3325/3325 3334/3334/3334 3335/3335/3335
f 3325/3325/3325 3335/3335/3335 3326/3326/3326
f 3326/3326/3326 3335/3335/3335 3336/3336/3336
f 3326/3326/3326 3336/3336/3336 3327/3327/3327
f 3327/3327/3327 3336/3336/3336 3337/3337/3337
f 3327/3327/3327 3337/3337/3337 3328/3328/3328
f 3328/3328/3328 3337/3337/3337 3338/3338/3338
f 3328/3328/3328 3338/3338/3338 3329/3329/3329
f 3329/3329/3329 3338/3338/3338 3339/3339/3339
f 3329/3329/3329 3339/3339/3339 3330/3330/3330
f 3331/3331/3331 3340/3340/3340 3341/3341/3341
f 3331/3331/3331 3341/3341/3341 3332/3332/3332
f 3332/3332/3332 3341/3341/3341 3342/3342/3342
f 3332/3332/3332 3342/3342/3342 3333/3333/3333
f 3333/3333/3333 3342/3342/3342 3343/3343/3343
f 3333/3333/3333 3343/3343/3343 3334/3334/3334
f 3334/3334/3334 3343/3343/3343 3344/3344/3344
f 3334/3334/3334 3344/3344/3344 3335/3335/3335
f 3335/3335/3335 3344/3344/3344 3345/3345/3345
f 3335/3335/3335 3345/3345/3345 3336/3336/3336
f 3336/3336/3336 3345/3345/3345 3346/3346/3346
f 3336/3336/3336 3346/3346/3346 3337/3337/3337
f 3337/3337/3337 3346/3346/3346 3347/3347/3347
f 3337/3337/3337 3347/3347/3347 3338/3338/3338
f 3338/3338/3338 3347/3347/3347 3348/3348/3348
f 3338/3338/3338 3348/3348/3348 3339/3339/3339
f 3340/3340/3340 3349/3349/3349 3350/3350/3350
f 3340/3340/3340 3350/3350/3350 3341/3341/3341
f 3341/3341/3341 3350/3350/3350 3351/3351/3351
f 3341/3341/3341 3351/3351/3351 3342/3342/3342
f 3342/3342/3342 3351/3351/3351 3352/3352/3352
f 3342/3342/3342 3352/3352/3352 3343/3343/3343
f 3343/3343/3343 3352/3352/3352 3353/3353/3353
f 3343/3343/3343 3353/3353/3353 3344/3344/3344
f 3344/3344/3344 3353/3353/3353 3354/3354/3354
f 3344/3344/3344 3354/3354/3354 3345/3345/3345
f 3345/3345/3345 3354/3354/3354 3355/3355/3355
f 3345/3345/3345 3355/3355/3355 3346/3346/3346
f 3346/3346/3346 3355/3355/3355 3356/3356/3356
f 3346/3346/3346 3356/3356/3356 3347/3347/3347
f 3347/3347/3347 3356/3356/3356 3357/3357/3357
f 3347/3347/3347 3357/3357/3357 3348/3348/3348
f 3349/3349/3349 3358/3358/3358 3359/3359/3359
f 3349/3349/3349 3359/3359/3359 3350/3350/3350
f 3350/3350/3350 3359/3359/3359 3360/3360/3360
f 3350/3350/3350 3360/3360/3360 3351/3351/3351
f 3351/3351/3351 3360/3360/3360 3361/3361/3361
f 3351/3351/3351 3361/3361/3361 3352/3352/3352
f 3352/3352/3352 3361/3361/3361 3362/3362/3362
f 3352/3352/3352 3362/3362/3362 3353/3353/3353
f 3353/3353/3353 3362/3362/3362 3363/3363/3363
f 3353/3353/3353 3363/3363/3363 3354/3354/3354
f 3354/3354/3354 3363/3363/3363 3364/3364/3364
f 3354/3354/3354 3364/3364/3364 3355/3355/3355
f 3355/3355/3355 3364/3364/3364 3365/3365/3365
f 3355/3355/3355 3365/3365/3365 3356/3356/3356
f 3356/3356/3356 3365/3365/3365 3366/3366/3366
f 3356/3356/3356 3366/3366/3366 3357/3357/3357
f 3358/3358/3358 3367/3367/3367 3368/3368/3368
f 3358/3358/3358 3368/3368/3368 3359/3359/3359
f 3359/3359/3359 3368/3368/3368 3369/3369/3369
f 3359/3359/3359 3369/3369/3369 3360/3360/3360
f 3360/3360/3360 3369/3369/3369 3370/3370/3370
f 3360/3360/3360 3370/3370/3370 3361/3361/3361
f 3361/3361/3361 3370/3370/3370 3371/3371/3371
f 3361/3361/3361 3371/3371/3371 3362/3362/3362
f 3362/3362/3362 3371/3371/3371 3372/3372/3372
f 3362/3362/3362 3372/3372/3372 3363/3363/3363
f 3363/3363/3363 3372/3372/3372 3373/3373/3373
f 3363/3363/3363 3373/3373/3373 3364/3364/3364
f 3364/3364/3364 3373/3373/3373 3374/3374/3374
f 3364/3364/3364 3374/3374/3374 3365/3365/3365
f 3365/3365/3365 3374/3374/3374 3375/3375/3375
f 3365/3365/3365 3375/3375/3375 3366/3366/3366
f 3367/3367/3367 3376/3376/3376 3377/3377/3377
f 3367/3367/3367 3377/3377/3377 3368/3368/3368
f 3368/3368/3368 3377/3377/3377 3378/3378/3378
f 3368/3368/3368 3378/3378/3378 3369/3369/3369
f 3369/3369/3369 3378/3378/3378 3379/3379/3379
f 3369/3369/3369 3379/3379/3379 3370/3370/3370
f 3370/3370/3370 3379/3379/3379 3380/3380/3380
f 3370/3370/3370 3380/3380/3380 3371/3371/3371
f 3371/3371/3371 3380/3380/3380 3381/3381/3381
f 3371/3371/3371 3381/3381/3381 3372/3372/3372
f 3372/3372/3372 3381/3381/3381 3382/3382/3382
f 3372/3372/3372 3382/3382/3382 3373/3373/3373
f 3373/3373/3373 3382/3382/3382 3383/3383/3383
f 3373/3373/3373 3383/3383/3383 3374/3374/3374
f 3374/3374/3374 3383/3383/3383 3384/3384/3384
f 3374/3374/3374 3384/3384/3384 3375/3375/3375
f 3376/3376/3376 3385/3385/3385 3386/3386/3386
f 3376/3376/3376 3386/3386/3386 3377/3377/3377
f 3377/3377/3377 3386/3386/3386 3387/3387/3387
f 3377/3377/3377 3387/3387/3387 3378/3378/3378
f 3378/3378/3378 3387/3387/3387 3388/3388/3388
f 3378/3378/3378 3388/3388/3388 3379/3379/3379
f 3379/3379/3379 3388/3388/3388 3389/3389/3389
f 3379/3379/3379 3389/3389/3389 3380/3380/3380
f 3380/3380/3380 3389/3389/3389 3390/3390/3390
f 3380/3380/3380 3390/3390/3390 3381/3381/3381
f 3381/3381/3381 3390/3390/3390 3391/3391/3391
f 3381/3381/3381 3391/3391/3391 3382/3382/3382
f 3382/3382/3382 3391/3391/3391 3392/3392/3392
f 3382/3382/3382 3392/3392/3392 3383/3383/3383
f 3383/3383/3383 3392/3392/3392 3393/3393/3393
f 3383/3383/3383 3393/3393/3393 3384/3384/3384
f 3385/3385/3385 3394/3394/3394 3395/3395/3395
f 3385/3385/3385 3395/3395/3395 3386/3386/3386
f 3386/3386/3386 3395/3395/3395 3396/3396/3396
f 3386/3386/3386 3396/3396/3396 3387/3387/3387
f 3387/3387/3387 3396/3396/3396 3397/3397/3397
f 3387/3387/3387 3397/3397/3397 3388/3388/3388
f 3388/3388/3388 3397/3397/3397 3398/3398/3398
f 3388/3388/3388 3398/3398/3398 3389/3389/3389
f 3389/3389/3389 3398/3398/3398 3399/3399/3399
f 3389/3389/3389 3399/3399/3399 3390/3390/3390
f 3390/3390/3390 3399/3399/3399 3400/3400/3400
f 3390/3390/3390 3400/3400/3400 3391/3391/3391
f 3391/3391/3391 3400/3400/3400 3401/3401/3401
f 3391/3391/3391 3401/3401/3401 3392/3392/3392
f 3392/3392/3392 3401/3401/3401 3402/3402/3402
f 3392/3392/3392 3402/3402/3402 3393/3393/3393
f 3394/3394/3394 3403/3403/3403 3404/3404/3404
f 3394/3394/3394 3404/3404/3404 3395/3395/3395
f 3395/3395/3395 3404/3404/3404 3405/3405/3405
f 3395/3395/3395 3405/3405/3405 3396/3396/3396
f 3396/3396/3396 3405/3405/3405 3406/3406/3406
f 3396/3396/3396 3406/3406/3406 3397/3397/3397
f 3397/3397/3397 3406/3406/3406 3407/3407/3407
f 3397/3397/3397 3407/3407/3407 3398/3398/3398
f 3398/3398/3398 3407/3407/3407 3408/3408/3408
f 3398/3398/3398 3408/3408/3408 3399/3399/3399
f 3399/3399/3399 3408/3408/3408 3409/3409/3409
f 3399/3399/3399 3409/3409/3409 3400/3400/3400
f 3400/3400/3400 3409/3409/3409 3410/3410/3410
f 3400/3400/3400 3410/3410/3410 3401/3401/3401
f 3401/3401/3401 3410/3410/3410 3411/3411/3411
f 3401/3401/3401 3411/3411/3411 3402/3402/3402
f 3403/3403/3403 3412/3412/3412 3413/3413/3413
f 3403/3403/3403 3413/3413/3413 3404/3404/3404
f 3404/3404/3404 3413/3413/3413 3414/3414/3414
f 3404/3404/3404 3414/3414/3414 3405/3405/3405
f 3405/3405/3405 3414/3414/3414 3415/3415/3415
f 3405/3405/3405 3415/3415/3415 3406/3406/3406
f 3406/3406/3406 3415/3415/3415 3416/3416/3416
f 3406/3406/3406 3416/3416/3416 3407/3407/3407
f 3407/3407/3407 3416/3416/3416 3417/3417/3417
f 3407/3407/3407 3417/3417/3417 3408/3408/3408
f 3408/3408/3408 3417/3417/3417 3418/3418/3418
f 3408/3408/3408 3418/3418/3418 3409/3409/3409
f 3409/3409/3409 3418/3418/3418 3419/3419/3419
f 3409/3409/3409 3419/3419/3419 3410/3410/3410
f 3410/3410/3410 3419/3419/3419 3420/3420/3420
f 3410/3410/3410 3420/3420/3420 3411/3411/3411
f 3412/3412/3412 3421/3421/3421 3422/3422/3422
f 3412/3412/3412 3422/3422/3422 3413/3413/3413
f 3413/3413/3413 3422/3422/3422 3423/3423/3423
f 3413/3413/3413 3423/3423/3423 3414/3414/3414
f 3414/3414/3414 3423/3423/3423 3424/3424/3424
f 3414/3414/3414 3424/3424/3424 3415/3415/3415
f 3415/3415/3415 3424/3424/3424 3425/3425/3425
f 3415/3415/3415 3425/3425/3425 3416/3416/3416
f 3416/3416/3416 3425/3425/3425 3426/3426/3426
f 3416/3416/3416 3426/3426/3426 3417/3417/3417
f 3417/3417/3417 3426/3426/3426 3427/3427/3427
f 3417/3417/3417 3427/3427/3427 3418/3418/3418
f 3418/3418/3418 3427/3427/3427 3428/3428/3428
f 3418/3418/3418 3428/3428/3428 3419/3419/3419
f 3419/3419/3419 3428/3428/3428 3429/3429/3429
f 3419/3419/3419 3429/3429/3429 3420/3420/3420
f 3421/3421/3421 3430/3430/3430 3431/3431/3431
f 3421/3421/3421 3431/3431/3431 3422/3422/3422
f 3422/3422/3422 3431/3431/3431 3432/3432/3432
f 3422/3422/3422 3432/3432/3432 3423/3423/3423
f 3423/3423/3423 3432/3432/3432 3433/3433/3433
f 3423/3423/3423 3433/3433/3433 3424/3424/3424
f 3424/3424/3424 3433/3433/3433 3434/3434/3434
f 3424/3424/3424 3434/3434/3434 3425/3425/3425
f 3425/3425/3425 3434/3434/3434 3435/3435/3435
f 3425/3425/3425 3435/3435/3435 3426/3426/3426
f 3426/3426/3426 3435/3435/3435 3436/3436/3436
f 3426/3426/3426 3436/3436/3436 3427/3427/3427
f 3427/3427/3427 3436/3436/3436 3437/3437/3437
f 3427/3427/3427 3437/3437/3437 3428/3428/3428
f 3428/3428/3428 3437/3437/3437 3438/3438/3438
f 3428/3428/3428 3438/3438/3438 3429/3429/3429
f 3430/3430/3430 3439/3439/3439 3440/3440/3440
f 3430/3430/3430 3440/3440/3440 3431/3431/3431
f 3431/3431/3431 3440/3440/3440 3441/3441/3441
f 3431/3431/3431 3441/3441/3441 3432/3432/3432
f 3432/3432/3432 3441/3441/3441 3442/3442/3442
f 3432/3432/3432 3442/3442/3442 3433/3433/3433
f 3433/3433/3433 3442/3442/3442 3443/3443/3443
f 3433/3433/3433 3443/3443/3443 3434/3434/3434
f 3434/3434/3434 3443/3443/3443 3444/3444/3444
f 3434/3434/3434 3444/3444/3444 3435/3435/3435
f 3435/3435/3435 3444/3444/3444 3445/3445/3445
f 3435/3435/3435 3445/3445/3445 3436/3436/3436
f 3436/3436/3436 3445/3445/3445 3446/3446/3446
f 3436/3436/3436 3446/3446/3446 3437/3437/3437
f 3437/3437/3437 3446/3446/3446 3447/3447/3447
f 3437/3437/3437 3447/3447/3447 3438/3438/3438
f 3439/3439/3439 3448/3448/3448 3449/3449/3449
f 3439/3439/3439 3449/3449/3449 3440/3440/3440
f 3440/3440/3440 3449/3449/3449 3450/3450/3450
f 3440/3440/3440 3450/3450/3450 3441/3441/3441
f 3441/3441/3441 3450/3450/3450 3451/3451/3451
f 3441/3441/3441 3451/3451/3451 3442/3442/3442
f 3442/3442/3442 3451/3451/3451 3452/3452/3452
f 3442/3442/3442 3452/3452/3452 3443/3443/3443
f 3443/3443/3443 3452/3452/3452 3453/3453/3453
f 3443/3443/3443 3453/3453/3453 3444/3444/3444
f 3444/3444/3444 3453/3453/3453 3454/3454/3454
f 3444/3444/3444 3454/3454/3454 3445/3445/3445
f 3445/3445/3445 3454/3454/3454 3455/3455/3455
f 3445/3445/3445 3455/3455/3455 3446/3446/3446
f 3446/3446/3446 3455/3455/3455 3456/3456/3456
f 3446/3446/3446 3456/3456/3456 3447/3447/3447
f 3448/3448/3448 3457/3457/3457 3458/3458/3458
f 3448/3448/3448 3458/3458/3458 3449/3449/3449
f 3449/3449/3449 3458/3458/3458 3459/3459/3459
f 3449/3449/3449 3459/3459/3459 3450/3450/3450
f 3450/3450/3450 3459/3459/3459 3460/3460/3460
f 3450/3450/3450 3460/3460/3460 3451/3451/3451
f 3451/3451/3451 3460/3460/3460 3461/3461/3461
f 3451/3451/3451 3461/3461/3461 3452/3452/3452
f 3452/3452/3452 3461/3461/3461 3462/3462/3462
f 3452/3452/3452 3462/3462/3462 3453/3453/3453
f 3453/3453/3453 3462/3462/3462 3463/3463/3463
f 3453/3453/3453 3463/3463/3463 3454/3454/3454
f 3454/3454/3454 3463/3463/3463 3464/3464/3464
f 3454/3454/3454 3464/3464/3464 3455/3455/3455
f 3455/3455/3455 3464/3464/3464 3465/3465/3465
f 3455/3455/3455 3465/3465/3465 3456/3456/3456
f 3457/3457/3457 3466/3466/3466 3467/3467/3467
f 3457/3457/3457 3467/3467/3467 3458/3458/3458
f 3458/3458/3458 3467/3467/3467 3468/3468/3468
f 3458/3458/3458 3468/3468/3468 3459/3459/3459
f 3459/3459/3459 3468/3468/3468 3469/3469/3469
f 3459/3459/3459 3469/3469/3469 3460/3460/3460
f 3460/3460/3460 3469/3469/3469 3470/3470/3470
f 3460/3460/3460 3470/3470/3470 3461/3461/3461
f 3461/3461/3461 3470/3470/3470 3471/3471/3471
f 3461/3461/3461 3471/3471/3471 3462/3462/3462
f 3462/3462/3462 3471/3471/3471 3472/3472/3472
f 3462/3462/3462 3472/3472/3472 3463/3463/3463
f 3463/3463/3463 3472/3472/3472 3473/3473/3473
f 3463/3463/3463 3473/3473/3473 3464/3464/3464
f 3464/3464/3464 3473/3473/3473 3474/3474/3474
f 3464/3464/3464 3474/3474/3474 3465/3465/3465
f 3466/3466/3466 3475/3475/3475 3476/3476/3476
f 3466/3466/3466 3476/3476/3476 3467/3467/3467
f 3467/3467/3467 3476/3476/3476 3477/3477/3477
f 3467/3467/3467 3477/3477/3477 3468/3468/3468
f 3468/3468/3468 3477/3477/3477 3478/3478/3478
f 3468/3468/3468 3478/3478/3478 3469/3469/3469
f 3469/3469/3469 3478/3478/3478 3479/3479/3479
f 3469/3469/3469 3479/3479/3479 3470/3470/3470
f 3470/3470/3470 3479/3479/3479 3480/3480/3480
f 3470/3470/3470 3480/3480/3480 3471/3471/3471
f 3471/3471/3471 3480/3480/3480 3481/3481/3481
f 3471/3471/3471 3481/3481/3481 3472/3472/3472
f 3472/3472/3472 3481/3481/3481 3482/3482/3482
f 3472/3472/3472 3482/3482/3482 3473/3473/3473
f 3473/3473/3473 3482/3482/3482 3483/3483/3483
f 3473/3473/3473 3483/3483/3483 3474/3474/3474
f 3475/3475/3475 3484/3484/3484 3485/3485/3485
f 3475/3475/3475 3485/3485/3485 3476/3476/3476
f 3476/3476/3476 3485/3485/3485 3486/3486/3486
f 3476/3476/3476 3486/3486/3486 3477/3477/3477
f 3477/3477/3477 3486/3486/3486 3487/3487/3487
f 3477/3477/3477 3487/3487/3487 3478/3478/3478
f 3478/3478/3478 3487/3487/3487 3488/3488/3488
f 3478/3478/3478 3488/3488/3488 3479/3479/3479
f 3479/3479/3479 3488/3488/3488 3489/3489/3489
f 3479/3479/3479 3489/3489/3489 3480/3480/3480
f 3480/3480/3480 3489/3489/3489 3490/3490/3490
f 3480/3480/3480 3490/3490/3490 3481/3481/3481
f 3481/3481/3481 3490/3490/3490 3491/3491/3491
f 3481/3481/3481 3491/3491/3491 3482/3482/3482
f 3482/3482/3482 3491/3491/3491 3492/3492/3492
f 3482/3482/3482 3492/3492/3492 3483/3483/3483
f 3484/3484/3484 3493/3493/3493 3494/3494/3494
f 3484/3484/3484 3494/3494/3494 3485/3485/3485
f 3485/3485/3485 3494/3494/3494 3495/3495/3495
f 3485/3485/3485 3495/3495/3495 3486/3486/3486
f 3486/3486/3486 3495/3495/3495 3496/3496/3496
f 3486/3486/3486 3496/3496/3496 3487/3487/3487
f 3487/3487/3487 3496/3496/3496 3497/3497/3497
f 3487/3487/3487 3497/3497/3497 3488/3488/3488
f 3488/3488/3488 3497/3497/3497 3498/3498/3498
f 3488/3488/3488 3498/3498/3498 3489/3489/3489
f 3489/3489/3489 3498/3498/3498 3499/3499/3499
f 3489/3489/3489 3499/3499/3499 3490/3490/3490
f 3490/3490/3490 3499/3499/3499 3500/3500/3500
f 3490/3490/3490 3500/3500/3500 3491/3491/3491
f 3491/3491/3491 3500/3500/3500 3501/3501/3501
f 3491/3491/3491 3501/3501/3501 3492/3492/3492
f 3493/3493/3493 3502/3502/3502 3503/3503/3503
f 3493/3493/3493 3503/3503/3503 3494/3494/3494
f 3494/3494/3494 3503/3503/3503 3504/3504/3504
f 3494/3494/3494 3504/3504/3504 3495/3495/3495
f 3495/3495/3495 3504/3504/3504 3505/3505/3505
f 3495/3495/3495 3505/3505/3505 3496/3496/3496
f 3496/3496/3496 3505/3505/3505 3506/3506/3506
f 3496/3496/3496 3506/3506/3506 3497/3497/3497
f 3497/3497/3497 3506/3506/3506 3507/3507/3507
f 3497/3497/3497 3507/3507/3507 3498/3498/3498
f 3498/3498/3498 3507/3507/3507 3508/3508/3508
f 3498/3498/3498 3508/3508/3508 3499/3499/3499
f 3499/3499/3499 3508/3508/3508 3509/3509/3509
f 3499/3499/3499 3509/3509/3509 3500/3500/3500
f 3500/3500/3500 3509/3509/3509 3510/3510/3510
f 3500/3500/3500 3510/3510/3510 3501/3501/3501
f 3502/3502/3502 3511/3511/3511 3512/3512/3512
f 3502/3502/3502 3512/3512/3512 3503/3503/3503
f 3503/3503/3503 3512/3512/3512 3513/3513/3513
f 3503/3503/3503 3513/3513/3513 3504/3504/3504
f 3504/3504/3504 3513/3513/3513 3514/3514/3514
f 3504/3504/3504 3514/3514/3514 3505/3505/3505
f 3505/3505/3505 3514/3514/3514 3515/3515/3515
f 3505/3505/3505 3515/3515/3515 3506/3506/3506
f 3506/3506/3506 3515/3515/3515 3516/3516/3516
f 3506/3506/3506 3516/3516/3516 3507/3507/3507
f 3507/3507/3507 3516/3516/3516 3517/3517/3517
f 3507/3507/3507 3517/3517/3517 3508/3508/3508
f 3508/3508/3508 3517/3517/3517 3518/3518/3518
f 3508/3508/3508 3518/3518/3518 3509/3509/3509
f 3509/3509/3509 3518/3518/3518 3519/3519/3519
f 3509/3509/3509 3519/3519/3519 3510/3510/3510
f 3511/3511/3511 3520/3520/3520 3521/3521/3521
f 3511/3511/3511 3521/3521/3521 3512/3512/3512
f 3512/3512/3512 3521/3521/3521 3522/3522/3522
f 3512/3512/3512 3522/3522/3522 3513/3513/3513
f 3513/3513/3513 3522/3522/3522 3523/3523/3523
f 3513/3513/3513 3523/3523/3523 3514/3514/3514
f 3514/3514/3514 3523/3523/3523 3524/3524/3524
f 3514/3514/3514 3524/3524/3524 3515/3515/3515
f 3515/3515/3515 3524/3524/3524 3525/3525/3525
f 3515/3515/3515 3525/3525/3525 3516/3516/3516
f 3516/3516/3516 3525/3525/3525 3526/3526/3526
f 3516/3516/3516 3526/3526/3526 3517/3517/3517
f 3517/3517/3517 3526/3526/3526 3527/3527/3527
f 3517/3517/3517 3527/3527/3527 3518/3518/3518
f 3518/3518/3518 3527/3527/3527 3528/3528/3528
f 3518/3518/3518 3528/3528/3528 3519/3519/3519
f 3520/3520/3520 3529/3529/3529 3530/3530/3530
f 3520/3520/3520 3530/3530/3530 3521/3521/3521
f 3521/3521/3521 3530/3530/3530 3531/3531/3531
f 3521/3521/3521 3531/3531/3531 3522/3522/3522
f 3522/3522/3522 3531/3531/3531 3532/3532/3532
f 3522/3522/3522 3532/3532/3532 3523/3523/3523
f 3523/3523/3523 3532/3532/3532 3533/3533/3533
f 3523/3523/3523 3533/3533/3533 3524/3524/3524
f 3524/3524/3524 3533/3533/3533 3534/3534/3534
f 3524/3524/3524 3534/3534/3534 3525/3525/3525
f 3525/3525/3525 3534/3534/3534 3535/3535/3535
f 3525/3525/3525 3535/3535/3535 3526/3526/3526
f 3526/3526/3526 3535/3535/3535 3536/3536/3536
f 3526/3526/3526 3536/3536/3536 3527/3527/3527
f 3527/3527/3527 3536/3536/3536 3537/3537/3537
f 3527/3527/3527 3537/3537/3537 3528/3528/3528
f 3529/3529/3529 3538/3538/3538 3539/3539/3539
f 3529/3529/3529 3539/3539/3539 3530/3530/3530
f 3530/3530/3530 3539/3539/3539 3540/3540/3540
f 3530/3530/3530 3540/3540/3540 3531/3531/3531
f 3531/3531/3531 3540/3540/3540 3541/3541/3541
f 3531/3531/3531 3541/3541/3541 3532/3532/3532
f 3532/3532/3532 3541/3541/3541 3542/3542/3542
f 3532/3532/3532 3542/3542/3542 3533/3533/3533
f 3533/3533/3533 3542/3542/3542 3543/3543/3543
f 3533/3533/3533 3543/3543/3543 3534/3534/3534
f 3534/3534/3534 3543/3543/3543 3544/3544/3544
f 3534/3534/3534 3544/3544/3544 3535/3535/3535
f 3535/3535/3535 3544/3544/3544 3545/3545/3545
f 3535/3535/3535 3545/3545/3545 3536/3536/3536
f 3536/3536/3536 3545/3545/3545 3546/3546/3546
f 3536/3536/3536 3546/3546/3546 3537/3537/3537
f 3538/3538/3538 3547/3547/3547 3548/3548/3548
f 3538/3538/3538 3548/3548/3548 3539/3539/3539
f 3539/3539/3539 3548/3548/3548 3549/3549/3549
f 3539/3539/3539 3549/3549/3549 3540/3540/3540
f 3540/3540/3540 3549/3549/3549 3550/3550/3550
f 3540/3540/3540 3550/3550/3550 3541/3541/3541
f 3541/3541/3541 3550/3550/3550 3551/3551/3551
f 3541/3541/3541 3551/3551/3551 3542/3542/3542
f 3542/3542/3542 3551/3551/3551 3552/3552/3552
f 3542/3542/3542 3552/3552/3552 3543/3543/3543
f 3543/3543/3543 3552/3552/3552 3553/3553/3553
f 3543/3543/3543 3553/3553/3553 3544/3544/3544
f 3544/3544/3544 3553/3553/3553 3554/3554/3554
f 3544/3544/3544 3554/3554/3554 3545/3545/3545
f 3545/3545/3545 3554/3554/3554 3555/3555/3555
f 3545/3545/3545 3555/3555/3555 3546/3546/3546
f 3547/3547/3547 3556/3556/3556 3557/3557/3557
f 3547/3547/3547 3557/3557/3557 3548/3548/3548
f 3548/3548/3548 3557/3557/3557 3558/3558/3558
f 3548/3548/3548 3558/3558/3558 3549/3549/3549
f 3549/3549/3549 3558/3558/3558 3559/3559/3559
f 3549/3549/3549 3559/3559/3559 3550/3550/3550
f 3550/3550/3550 3559/3559/3559 3560/3560/3560
f 3550/3550/3550 3560/3560/3560 3551/3551/3551
f 3551/3551/3551 3560/3560/3560 3561/3561/3561
f 3551/3551/3551 3561/3561/3561 3552/3552/3552
f 3552/3552/3552 3561/3561/3561 3562/3562/3562
f 3552/3552/3552 3562/3562/3562 3553/3553/3553
f 3553/3553/3553 3562/3562/3562 3563/3563/3563
f 3553/3553/3553 3563/3563/3563 3554/3554/3554
f 3554/3554/3554 3563/3563/3563 3564/3564/3564
f 3554/3554/3554 3564/3564/3564 3555/3555/3555
f 3556/3556/3556 3565/3565/3565 3566/3566/3566
f 3556/3556/3556 3566/3566/3566 3557/3557/3557
f 3557/3557/3557 3566/3566/3566 3567/3567/3567
f 3557/3557/3557 3567/3567/3567 3558/3558/3558
f 3558/3558/3558 3567/3567/3567 3568/3568/3568
f 3558/3558/3558 3568/3568/3568 3559/3559/3559
f 3559/3559/3559 3568/3568/3568 3569/3569/3569
f 3559/3559/3559 3569/3569/3569 3560/3560/3560
f 3560/3560/3560 3569/3569/3569 3570/3570/3570
f 3560/3560/3560 3570/3570/3570 3561/3561/3561
f 3561/3561/3561 3570/3570/3570 3571/3571/3571
f 3561/3561/3561 3571/3571/3571 3562/3562/3562
f 3562/3562/3562 3571/3571/3571 3572/3572/3572
f 3562/3562/3562 3572/3572/3572 3563/3563/3563
f 3563/3563/3563 3572/3572/3572 3573/3573/3573
f 3563/3563/3563 3573/3573/3573 3564/3564/3564
f 3565/3565/3565 3574/3574/3574 3575/3575/3575
f 3565/3565/3565 3575/3575/3575 3566/3566/3566
f 3566/3566/3566 3575/3575/3575 3576/3576/3576
f 3566/3566/3566 3576/3576/3576 3567/3567/3567
f 3567/3567/3567 3576/3576/3576 3577/3577/3577
f 3567/3567/3567 3577/3577/3577 3568/3568/3568
f 3568/3568/3568 3577/3577/3577 3578/3578/3578
f 3568/3568/3568 3578/3578/3578 3569/3569/3569
f 3569/3569/3569 3578/3578/3578 3579/3579/3579
f 3569/3569/3569 3579/3579/3579 3570/3570/3570
f 3570/3570/3570 3579/3579/3579 3580/3580/3580
f 3570/3570/3570 3580/3580/3580 3571/3571/3571
f 3571/3571/3571 3580/3580/3580 3581/3581/3581
f 3571/3571/3571 3581/3581/3581 3572/3572/3572
f 3572/3572/3572 3581/3581/3581 3582/3582/3582
f 3572/3572/3572 3582/3582/3582 3573/3573/3573
f 3574/3574/3574 3583/3583/3583 3584/3584/3584
f 3574/3574/3574 3584/3584/3584 3575/3575/3575
f 3575/3575/3575 3584/3584/3584 3585/3585/3585
f 3575/3575/3575 3585/3585/3585 3576/3576/3576
f 3576/3576/3576 3585/3585/3585 3586/3586/3586
f 3576/3576/3576 3586/3586/3586 3577/3577/3577
f 3577/3577/3577 3586/3586/3586 3587/3587/3587
f 3577/3577/3577 3587/3587/3587 3578/3578/3578
f 3578/3578/3578 3587/3587/3587 3588/3588/3588
f 3578/3578/3578 3588/3588/3588 3579/3579/3579
f 3579/3579/3579 3588/3588/3588 3589/3589/3589
f 3579/3579/3579 3589/3589/3589 3580/3580/3580
f 3580/3580/3580 3589/3589/3589 3590/3590/3590
f 3580/3580/3580 3590/3590/3590 3581/3581/3581
f 3581/3581/3581 3590/3590/3590 3591/3591/3591
f 3581/3581/3581 3591/3591/3591 3582/3582/3582
f 3583/3583/3583 3592/3592/3592 3593/3593/3593
f 3583/3583/3583 3593/3593/3593 3584/3584/3584
f 3584/3584/3584 3593/3593/3593 3594/3594/3594
f 3584/3584/3584 3594/3594/3594 3585/3585/3585
f 3585/3585/3585 3594/3594/3594 3595/3595/3595
f 3585/3585/3585 3595/3595/3595 3586/3586/3586
f 3586/3586/3586 3595/3595/3595 3596/3596/3596
f 3586/3586/3586 3596/3596/3596 3587/3587/3587
f 3587/3587/3587 3596/3596/3596 3597/3597/3597
f 3587/3587/3587 3597/3597/3597 3588/3588/3588
f 3588/3588/3588 3597/3597/3597 3598/3598/3598
f 3588/3588/3588 3598/3598/3598 3589/3589/3589
f 3589/3589/3589 3598/3598/3598 3599/3599/3599
f 3589/3589/3589 3599/3599/3599 3590/3590/3590
f 3590/3590/3590 3599/3599/3599 3600/3600/3600
f 3590/3590/3590 3600/3600/3600 3591/3591/3591
f 3592/3592/3592 3601/3601/3601 3602/3602/3602
f 3592/3592/3592 3602/3602/3602 3593/3593/3593
f 3593/3593/3593 3602/3602/3602 3603/3603/3603
f 3593/3593/3593 3603/3603/3603 3594/3594/3594
f 3594/3594/3594 3603/3603/3603 3604/3604/3604
f 3594/3594/3594 3604/3604/3604 3595/3595/3595
f 3595/3595/3595 3604/3604/3604 3605/3605/3605
f 3595/3595/3595 3605/3605/3605 3596/3596/3596
f 3596/3596/3596 3605/3605/3605 3606/3606/3606
f 3596/3596/3596 3606/3606/3606 3597/3597/3597
f 3597/3597/3597 3606/3606/3606 3607/3607/3607
f 3597/3597/3597 3607/3607/3607 3598/3598/3598
f 3598/3598/3598 3607/3607/3607 3608/3608/3608
f 3598/3598/3598 3608/3608/3608 3599/3599/3599
f 3599/3599/3599 3608/3608/3608 3609/3609/3609
f 3599/3599/3599 3609/3609/3609 3600/3600/3600
f 3601/3601/3601 3610/3610/3610 3611/3611/3611
f 3601/3601/3601 3611/3611/3611 3602/3602/3602
f 3602/3602/3602 3611/3611/3611 3612/3612/3612
f 3602/3602/3602 3612/3612/3612 3603/3603/3603
f 3603/3603/3603 3612/3612/3612 3613/3613/3613
f 3603/3603/3603 3613/3613/3613 3604/3604/3604
f 3604/3604/3604 3613/3613/3613 3614/3614/3614
f 3604/3604/3604 3614/3614/3614 3605/3605/3605
f 3605/3605/3605 3614/3614/3614 3615/3615/3615
f 3605/3605/3605 3615/3615/3615 3606/3606/3606
f 3606/3606/3606 3615/3615/3615 3616/3616/3616
f 3606/3606/3606 3616/3616/3616 3607/3607/3607
f 3607/3607/3607 3616/3616/3616 3617/3617/3617
f 3607/3607/3607 3617/3617/3617 3608/3608/3608
f 3608/3608/3608 3617/3617/3617 3618/3618/3618
f 3608/3608/3608 3618/3618/3618 3609/3609/3609
f 3610/3610/3610 3619/3619/3619 3620/3620/3620
f 3610/3610/3610 3620/3620/3620 3611/3611/3611
f 3611/3611/3611 3620/3620/3620 3621/3621/3621
f 3611/3611/3611 3621/3621/3621 3612/3612/3612
f 3612/3612/3612 3621/3621/3621 3622/3622/3622
f 3612/3612/3612 3622/3622/3622 3613/3613/3613
f 3613/3613/3613 3622/3622/3622 3623/3623/3623
f 3613/3613/3613 3623/3623/3623 3614/3614/3614
f 3614/3614/3614 3623/3623/3623 3624/3624/3624
f 3614/3614/3614 3624/3624/3624 3615/3615/3615
f 3615/3615/3615 3624/3624/3624 3625/3625/3625
f 3615/3615/3615 3625/3625/3625 3616/3616/3616
f 3616/3616/3616 3625/3625/3625 3626/3626/3626
f 3616/3616/3616 3626/3626/3626 3617/3617/3617
f 3617/3617/3617 3626/3626/3626 3627/3627/3627
f 3617/3617/3617 3627/3627/3627 3618/3618/3618
f 3619/3619/3619 3628/3628/3628 3629/3629/3629
f 3619/3619/3619 3629/3629/3629 3620/3620/3620
f 3620/3620/3620 3629/3629/3629 3630/3630/3630
f 3620/3620/3620 3630/3630/3630 3621/3621/3621
f 3621/3621/3621 3630/3630/3630 3631/3631/3631
f 3621/3621/3621 3631/3631/3631 3622/3622/3622
f 3622/3622/3622 3631/3631/3631 3632/3632/3632
f 3622/3622/3622 3632/3632/3632 3623/3623/3623
f 3623/3623/3623 3632/3632/3632 3633/3633/3633
f 3623/3623/3623 3633/3633/3633 3624/3624/3624
f 3624/3624/3624 3633/3633/3633 3634/3634/3634
f 3624/3624/3624 3634/3634/3634 3625/3625/3625
f 3625/3625/3625 3634/3634/3634 3635/3635/3635
f 3625/3625/3625 3635/3635/3635 3626/3626/3626
f 3626/3626/3626 3635/3635/3635 3636/3636/3636
f 3626/3626/3626 3636/3636/3636 3627/3627/3627
f 3628/3628/3628 3637/3637/3637 3638/3638/3638
f 3628/3628/3628 3638/3638/3638 3629/3629/3629
f 3629/3629/3629 3638/3638/3638 3639/3639/3639
f 3629/3629/3629 3639/3639/3639 3630/3630/3630
f 3630/3630/3630 3639/3639/3639 3640/3640/3640
f 3630/3630/3630 3640/3640/3640 3631/3631/3631
f 3631/3631/3631 3640/3640/3640 3641/3641/3641
f 3631/3631/3631 3641/3641/3641 3632/3632/3632
f 3632/3632/3632 3641/3641/3641 3642/3642/3642
f 3632/3632/3632 3642/3642/3642 3633/3633/3633
f 3633/3633/3633 3642/3642/3642 3643/3643/3643
f 3633/3633/3633 3643/3643/3643 3634/3634/3634
f 3634/3634/3634 3643/3643/3643 3644/3644/3644
f 3634/3634/3634 3644/3644/3644 3635/3635/3635
f 3635/3635/3635 3644/3644/3644 3645/3645/3645
f 3635/3635/3635 3645/3645/3645 3636/3636/3636
f 3637/3637/3637 3646/3646/3646 3647/3647/3647
f 3637/3637/3637 3647/3647/3647 3638/3638/3638
f 3638/3638/3638 3647/3647/3647 3648/3648/3648
f 3638/3638/3638 3648/3648/3648 3639/3639/3639
f 3639/3639/3639 3648/3648/3648 3649/3649/3649
f 3639/3639/3639 3649/3649/3649 3640/3640/3640
f 3640/3640/3640 3649/3649/3649 3650/3650/3650
f 3640/3640/3640 3650/3650/3650 3641/3641/3641
f 3641/3641/3641 3650/3650/3650 3651/3651/3651
f 3641/3641/3641 3651/3651/3651 3642/3642/3642
f 3642/3642/3642 3651/3651/3651 3652/3652/3652
f 3642/3642/3642 3652/3652/3652 3643/3643/3643
f 3643/3643/3643 3652/3652/3652 3653/3653/3653
f 3643/3643/3643 3653/3653/3653 3644/3644/3644
f 3644/3644/3644 3653/3653/3653 3654/3654/3654
f 3644/3644/3644 3654/3654/3654 3645/3645/3645
f 3646/3646/3646 3655/3655/3655 3656/3656/3656
f 3646/3646/3646 3656/3656/3656 3647/3647/3647
f 3647/3647/3647 3656/3656/3656 3657/3657/3657
f 3647/3647/3647 3657/3657/3657 3648/3648/3648
f 3648/3648/3648 3657/3657/3657 3658/3658/3658
f 3648/3648/3648 3658/3658/3658 3649/3649/3649
f 3649/3649/3649 3658/3658/3658 3659/3659/3659
f 3649/3649/3649 3659/3659/3659 3650/3650/3650
f 3650/3650/3650 3659/3659/3659 3660/3660/3660
f 3650/3650/3650 3660/3660/3660 3651/3651/3651
f 3651/3651/3651 3660/3660/3660 3661/3661/3661
f 3651/3651/3651 3661/3661/3661 3652/3652/3652
f 3652/3652/3652 3661/3661/3661 3662/3662/3662
f 3652/3652/3652 3662/3662/3662 3653/3653/3653
f 3653/3653/3653 3662/3662/3662 3663/3663/3663
f 3653/3653/3653 3663/3663/3663 3654/3654/3654
f 3655/3655/3655 3664/3664/3664 3665/3665/3665
f 3655/3655/3655 3665/3665/3665 3656/3656/3656
f 3656/3656/3656 3665/3665/3665 3666/3666/3666
f 3656/3656/3656 3666/3666/3666 3657/3657/3657
f 3657/3657/3657 3666/3666/3666 3667/3667/3667
f 3657/3657/3657 3667/3667/3667 3658/3658/3658
f 3658/3658/3658 3667/3667/3667 3668/3668/3668
f 3658/3658/3658 3668/3668/3668 3659/3659/3659
f 3659/3659/3659 3668/3668/3668 3669/3669/3669
f 3659/3659/3659 3669/3669/3669 3660/3660/3660
f 3660/3660/3660 3669/3669/3669 3670/3670/3670
f 3660/3660/3660 3670/3670/3670 3661/3661/3661
f 3661/3661/3661 3670/3670/3670 3671/3671/3671
f 3661/3661/3661 3671/3671/3671 3662/3662/3662
f 3662/3662/3662 3671/3671/3671 3672/3672/3672
f 3662/3662/3662 3672/3672/3672 3663/3663/3663
f 3664/3664/3664 3673/3673/3673 3674/3674/3674
f 3664/3664/3664 3674/3674/3674 3665/3665/3665
f 3665/3665/3665 3674/3674/3674 3675/3675/3675
f 3665/3665/3665 3675/3675/3675 3666/3666/3666
f 3666/3666/3666 3675/3675/3675 3676/3676/3676
f 3666/3666/3666 3676/3676/3676 3667/3667/3667
f 3667/3667/3667 3676/3676/3676 3677/3677/3677
f 3667/3667/3667 3677/3677/3677 3668/3668/3668
f 3668/3668/3668 3677/3677/3677 3678/3678/3678
f 3668/3668/3668 3678/3678/3678 3669/3669/3669
f 3669/3669/3669 3678/3678/3678 3679/3679/3679
f 3669/3669/3669 3679/3679/3679 3670/3670/3670
f 3670/3670/3670 3679/3679/3679 3680/3680/3680
f 3670/3670/3670 3680/3680/3680 3671/3671/3671
f 3671/3671/3671 3680/3680/3680 3681/3681/3681
f 3671/3671/3671 3681/3681/3681 3672/3672/3672
f 3673/3673/3673 3682/3682/3682 3683/3683/3683
f 3673/3673/3673 3683/3683/3683 3674/3674/3674
f 3674/3674/3674 3683/3683/3683 3684/3684/3684
f 3674/3674/3674 3684/3684/3684 3675/3675/3675
f 3675/3675/3675 3684/3684/3684 3685/3685/3685
f 3675/3675/3675 3685/3685/3685 3676/3676/3676
f 3676/3676/3676 3685/3685/3685 3686/3686/3686
f 3676/3676/3676 3686/3686/3686 3677/3677/3677
f 3677/3677/3677 3686/3686/3686 3687/3687/3687
f 3677/3677/3677 3687/3687/3687 3678/3678/3678
f 3678/3678/3678 3687/3687/3687 3688/3688/3688
f 3678/3678/3678 3688/3688/3688 3679/3679/3679
f 3679/3679/3679 3688/3688/3688 3689/3689/3689
f 3679/3679/3679 3689/3689/3689 3680/3680/3680
f 3680/3680/3680 3689/3689/3689 3690/3690/3690
f 3680/3680/3680 3690/3690/3690 3681/3681/3681
f 3682/3682/3682 3691/3691/3691 3692/3692/3692
f 3682/3682/3682 3692/3692/3692 3683/3683/3683
f 3683/3683/3683 3692/3692/3692 3693/3693/3693
f 3683/3683/3683 3693/3693/3693 3684/3684/3684
f 3684/3684/3684 3693/3693/3693 3694/3694/3694
f 3684/3684/3684 3694/3694/3694 3685/3685/3685
f 3685/3685/3685 3694/3694/3694 3695/3695/3695
f 3685/3685/3685 3695/3695/3695 3686/3686/3686
f 3686/3686/3686 3695/3695/3695 3696/3696/3696
f 3686/3686/3686 3696/3696/3696 3687/3687/3687
f 3687/3687/3687 3696/3696/3696 3697/3697/3697
f 3687/3687/3687 3697/3697/3697 3688/3688/3688
f 3688/3688/3688 3697/3697/3697 3698/3698/3698
f 3688/3688/3688 3698/3698/3698 3689/3689/3689
f 3689/3689/3689 3698/3698/3698 3699/3699/3699
f 3689/3689/3689 3699/3699/3699 3690/3690/3690
f 3691/3691/3691 3700/3700/3700 3701/3701/3701
f 3691/3691/3691 3701/3701/3701 3692/3692/3692
f 3692/3692/3692 3701/3701/3701 3702/3702/3702
f 3692/3692/3692 3702/3702/3702 3693/3693/3693
f 3693/3693/3693 3702/3702/3702 3703/3703/3703
f 3693/3693/3693 3703/3703/3703 3694/3694/3694
f 3694/3694/3694 3703/3703/3703 3704/3704/3704
f 3694/3694/3694 3704/3704/3704 3695/3695/3695
f 3695/3695/3695 3704/3704/3704 3705/3705/3705
f 3695/3695/3695 3705/3705/3705 3696/3696/3696
f 3696/3696/3696 3705/3705/3705 3706/3706/3706
f 3696/3696/3696 3706/3706/3706 3697/3697/3697
f 3697/3697/3697 3706/3706/3706 3707/3707/3707
f 3697/3697/3697 3707/3707/3707 3698/3698/3698
f 3698/3698/3698 3707/3707/3707 3708/3708/3708
f 3698/3698/3698 3708/3708/3708 3699/3699/3699
f 3700/3700/3700 3709/3709/3709 3710/3710/3710
f 3700/3700/3700 3710/3710/3710 3701/3701/3701
f 3701/3701/3701 3710/3710/3710 3711/3711/3711
f 3701/3701/3701 3711/3711/3711 3702/3702/3702
f 3702/3702/3702 3711/3711/3711 3712/3712/3712
f 3702/3702/3702 3712/3712/3712 3703/3703/3703
f 3703/3703/3703 3712/3712/3712 3713/3713/3713
f 3703/3703/3703 3713/3713/3713 3704/3704/3704
f 3704/3704/3704 3713/3713/3713 3714/3714/3714
f 3704/3704/3704 3714/3714/3714 3705/3705/3705
f 3705/3705/3705 3714/3714/3714 3715/3715/3715
f 3705/3705/3705 3715/3715/3715 3706/3706/3706
f 3706/3706/3706 3715/3715/3715 3716/3716/3716
f 3706/3706/3706 3716/3716/3716 3707/3707/3707
f 3707/3707/3707 3716/3716/3716 3717/3717/3717
f 3707/3707/3707 3717/3717/3717 3708/3708/3708
f 3709/3709/3709 3718/3718/3718 3719/3719/3719
f 3709/3709/3709 3719/3719/3719 3710/3710/3710
f 3710/3710/3710 3719/3719/3719 3720/3720/3720
f 3710/3710/3710 3720/3720/3720 3711/3711/3711
f 3711/3711/3711 3720/3720/3720 3721/3721/3721
f 3711/3711/3711 3721/3721/3721 3712/3712/3712
f 3712/3712/3712 3721/3721/3721 3722/3722/3722
f 3712/3712/3712 3722/3722/3722 3713/3713/3713
f 3713/3713/3713 3722/3722/3722 3723/3723/3723
f 3713/3713/3713 3723/3723/3723 3714/3714/3714
f 3714/3714/3714 3723/3723/3723 3724/3724/3724
f 3714/3714/3714 3724/3724/3724 3715/3715/3715
f 3715/3715/3715 3724/3724/3724 3725/3725/3725
f 3715/3715/3715 3725/3725/3725 3716/3716/3716
f 3716/3716/3716 3725/3725/3725 3726/3726/3726
f 3716/3716/3716 3726/3726/3726 3717/3717/3717
f 3718/3718/3718 3727/3727/3727 3728/3728/3728
f 3718/3718/3718 3728/3728/3728 3719/3719/3719
f 3719/3719/3719 3728/3728/3728 3729/3729/3729
f 3719/3719/3719 3729/3729/3729 3720/3720/3720
f 3720/3720/3720 3729/3729/3729 3730/3730/3730
f 3720/3720/3720 3730/3730/3730 3721/3721/3721
f 3721/3721/3721 3730/3730/3730 3731/3731/3731
f 3721/3721/3721 3731/3731/3731 3722/3722/3722
f 3722/3722/3722 3731/3731/3731 3732/3732/3732
f 3722/3722/3722 3732/3732/3732 3723/3723/3723
f 3723/3723/3723 3732/3732/3732 3733/3733/3733
f 3723/3723/3723 3733/3733/3733 3724/3724/3724
f 3724/3724/3724 3733/3733/3733 3734/3734/3734
f 3724/3724/3724 3734/3734/3734 3725/3725/3725
f 3725/3725/3725 3734/3734/3734 3735/3735/3735
f 3725/3725/3725 3735/3735/3735 3726/3726/3726
f 3727/3727/3727 3736/3736/3736 3737/3737/3737
f 3727/3727/3727 3737/3737/3737 3728/3728/3728
f 3728/3728/3728 3737/3737/3737 3738/3738/3738
f 3728/3728/3728 3738/3738/3738 3729/3729/3729
f 3729/3729/3729 3738/3738/3738 3739/3739/3739
f 3729/3729/3729 3739/3739/3739 3730/3730/3730
f 3730/3730/3730 3739/3739/3739 3740/3740/3740
f 3730/3730/3730 3740/3740/3740 3731/3731/3731
f 3731/3731/3731 3740/3740/3740 3741/3741/3741
f 3731/3731/3731 3741/3741/3741 3732/3732/3732
f 3732/3732/3732 3741/3741/3741 3742/3742/3742
f 3732/3732/3732 3742/3742/3742 3733/3733/3733
f 3733/3733/3733 3742/3742/3742 3743/3743/3743
f 3733/3733/3733 3743/3743/3743 3734/3734/3734
f 3734/3734/3734 3743/3743/3743 3744/3744/3744
f 3734/3734/3734 3744/3744/3744 3735/3735/3735
f 3736/3736/3736 3745/3745/3745 3746/3746/3746
f 3736/3736/3736 3746/3746/3746 3737/3737/3737
f 3737/3737/3737 3746/3746/3746 3747/3747/3747
f 3737/3737/3737 3747/3747/3747 3738/3738/3738
f 3738/3738/3738 3747/3747/3747 3748/3748/3748
f 3738/3738/3738 3748/3748/3748 3739/3739/3739
f 3739/3739/3739 3748/3748/3748 3749/3749/3749
f 3739/3739/3739 3749/3749/3749 3740/3740/3740
f 3740/3740/3740 3749/3749/3749 3750/3750/3750
f 3740/3740/3740 3750/3750/3750 3741/3741/3741
f 3741/3741/3741 3750/3750/3750 3751/3751/3751
f 3741/3741/3741 3751/3751/3751 3742/3742/3742
f 3742/3742/3742 3751/3751/3751 3752/3752/3752
f 3742/3742/3742 3752/3752/3752 3743/3743/3743
f 3743/3743/3743 3752/3752/3752 3753/3753/3753
f 3743/3743/3743 3753/3753/3753 3744/3744/3744
f 3745/3745/3745 3754/3754/3754 3755/3755/3755
f 3745/3745/3745 3755/3755/3755 3746/3746/3746
f 3746/3746/3746 3755/3755/3755 3756/3756/3756
f 3746/3746/3746 3756/3756/3756 3747/3747/3747
f 3747/3747/3747 3756/3756/3756 3757/3757/3757
f 3747/3747/3747 3757/3757/3757 3748/3748/3748
f 3748/3748/3748 3757/3757/3757 3758/3758/3758
f 3748/3748/3748 3758/3758/3758 3749/3749/3749
f 3749/3749/3749 3758/3758/3758 3759/3759/3759
f 3749/3749/3749 3759/3759/3759 3750/3750/3750
f 3750/3750/3750 3759/3759/3759 3760/3760/3760
f 3750/3750/3750 3760/3760/3760 3751/3751/3751
f 3751/3751/3751 3760/3760/3760 3761/3761/3761
f 3751/3751/3751 3761/3761/3761 3752/3752/3752
f 3752/3752/3752 3761/3761/3761 3762/3762/3762
f 3752/3752/3752 3762/3762/3762 3753/3753/3753
f 3754/3754/3754 3763/3763/3763 3764/3764/3764
f 3754/3754/3754 3764/3764/3764 3755/3755/3755
f 3755/3755/3755 3764/3764/3764 3765/3765/3765
f 3755/3755/3755 3765/3765/3765 3756/3756/3756
f 3756/3756/3756 3765/3765/3765 3766/3766/3766
f 3756/3756/3756 3766/3766/3766 3757/3757/3757
f 3757/3757/3757 3766/3766/3766 3767/3767/3767
f 3757/3757/3757 3767/3767/3767 3758/3758/3758
f 3758/3758/3758 3767/3767/3767 3768/3768/3768
f 3758/3758/3758 3768/3768/3768 3759/3759/3759
f 3759/3759/3759 3768/3768/3768 3769/3769/3769
f 3759/3759/3759 3769/3769/3769 3760/3760/3760
f 3760/3760/3760 3769/3769/3769 3770/3770/3770
f 3760/3760/3760 3770/3770/3770 3761/3761/3761
f 3761/3761/3761 3770/3770/3770 3771/3771/3771
f 3761/3761/3761 3771/3771/3771 3762/3762/3762
usemtl Eye
f 3772/3772/3772 3791/3791/3791 3792/3792/3792
f 3772/3772/3772 3792/3792/3792 3773/3773/3773
f 3773/3773/3773 3792/3792/3792 3793/3793/3793
f 3773/3773/3773 3793/3793/3793 3774/3774/3774
f 3774/3774/3774 3793/3793/3793 3794/3794/3794
f 3774/3774/3774 3794/3794/3794 3775/3775/3775
f 3775/3775/3775 3794/3794/3794 3795/3795/3795
f 3775/3775/3775 3795/3795/3795 3776/3776/3776
f 3776/3776/3776 3795/3795/3795 3796/3796/3796
f 3776/3776/3776 3796/3796/3796 3777/3777/3777
f 3777/3777/3777 3796/3796/3796 3797/3797/3797
f 3777/3777/3777 3797/3797/3797 3778/3778/3778
f 3778/3778/3778 3797/3797/3797 3798/3798/3798
f 3778/3778/3778 3798/3798/3798 3779/3779/3779
f 3779/3779/3779 3798/3798/3798 3799/3799/3799
f 3779/3779/3779 3799/3799/3799 3780/3780/3780
f 3780/3780/3780 3799/3799/3799 3800/3800/3800
f 3780/3780/3780 3800/3800/3800 3781/3781/3781
f 3781/3781/3781 3800/3800/3800 3801/3801/3801
f 3781/3781/3781 3801/3801/3801 3782/3782/3782
f 3782/3782/3782 3801/3801/3801 3802/3802/3802
f 3782/3782/3782 3802/3802/3802 3783/3783/3783
f 3783/3783/3783 3802/3802/3802 3803/3803/3803
f 3783/3783/3783 3803/3803/3803 3784/3784/3784
f 3784/3784/3784 3803/3803/3803 3804/3804/3804
f 3784/3784/3784 3804/3804/3804 3785/3785/3785
f 3785/3785/3785 3804/3804/3804 3805/3805/3805
f 3785/3785/3785 3805/3805/3805 3786/3786/3786
f 3786/3786/3786 3805/3805/3805 3806/3806/3806
f 3786/3786/3786 3806/3806/3806 3787/3787/3787
f 3787/3787/3787 3806/3806/3806 3807/3807/3807
f 3787/3787/3787 3807/3807/3807 3788/3788/3788
f 3788/3788/3788 3807/3807/3807 3808/3808/3808
f 3788/3788/3788 3808/3808/3808 3789/3789/3789
f 3789/3789/3789 3808/3808/3808 3809/3809/3809
f 3789/3789/3789 3809/3809/3809 3790/3790/3790
f 3791/3791/3791 3810/3810/3810 3811/3811/3811
f 3791/3791/3791 3811/3811/3811 3792/3792/3792
f 3792/3792/3792 3811/3811/3811 3812/3812/3812
f 3792/3792/3792 3812/3812/3812 3793/3793/3793
f 3793/3793/3793 3812/3812/3812 3813/3813/3813
f 3793/3793/3793 3813/3813/3813 3794/3794/3794
f 3794/3794/3794 3813/3813/3813 3814/3814/3814
f 3794/3794/3794 3814/3814/3814 3795/3795/3795
f 3795/3795/3795 3814/3814/3814 3815/3815/3815
f 3795/3795/3795 3815/3815/3815 3796/3796/3796
f 3796/3796/3796 3815/3815/3815 3816/3816/3816
f 3796/3796/3796 3816/3816/3816 3797/3797/3797
f 3797/3797/3797 3816/3816/3816 3817/3817/3817
f 3797/3797/3797 3817/3817/3817 3798/3798/3798
f 3798/3798/3798 3817/3817/3817 3818/3818/3818
f 3798/3798/3798 3818/3818/3818 3799/3799/3799
f 3799/3799/3799 3818/3818/3818 3819/3819/3819
f 3799/3799/3799 3819/3819/3819 3800/3800/3800
f 3800/3800/3800 3819/3819/3819 3820/3820/3820
f 3800/3800/3800 3820/3820/3820 3801/3801/3801
f 3801/3801/3801 3820/3820/3820 3821/3821/3821
f 3801/3801/3801 3821/3821/3821 3802/3802/3802
f 3802/3802/3802 3821/3821/3821 3822/3822/3822
f 3802/3802/3802 3822/3822/3822 3803/3803/3803
f 3803/3803/3803 3822/3822/3822 3823/3823/3823
f 3803/3803/3803 3823/3823/3823 3804/3804/3804
f 3804/3804/3804 3823/3823/3823 3824/3824/3824
f 3804/3804/3804 3824/3824/3824 3805/3805/3805
f 3805/3805/3805 3824/3824/3824 3825/3825/3825
f 3805/3805/3805 3825/3825/3825 3806/3806/3806
f 3806/3806/3806 3825/3825/3825 3826/3826/3826
f 3806/3806/3806 3826/3826/3826 3807/3807/3807
f 3807/3807/3807 3826/3826/3826 3827/3827/3827
f 3807/3807/3807 3827/3827/3827 3808/3808/3808
f 3808/3808/3808 3827/3827/3827 3828/3828/3828
f 3808/3808/3808 3828/3828/3828 3809/3809/3809
f 3810/3810/3810 3829/3829/3829 3830/3830/3830
f 3810/3810/3810 3830/3830/3830 3811/3811/3811
f 3811/3811/3811 3830/3830/3830 3831/3831/3831
f 3811/3811/3811 3831/3831/3831 3812/3812/3812
f 3812/3812/3812 3831/3831/3831 3832/3832/3832
f 3812/3812/3812 3832/3832/3832 3813/3813/3813
f 3813/3813/3813 3832/3832/3832 3833/3833/3833
f 3813/3813/3813 3833/3833/3833 3814/3814/3814
f 3814/3814/3814 3833/3833/3833 3834/3834/3834
f 3814/3814/3814 3834/3834/3834 3815/3815/3815
f 3815/3815/3815 3834/3834/3834 3835/3835/3835
f 3815/3815/3815 3835/3835/3835 3816/3816/3816
f 3816/3816/3816 3835/3835/3835 3836/3836/3836
f 3816/3816/3816 3836/3836/3836 3817/3817/3817
f 3817/3817/3817 3836/3836/3836 3837/3837/3837
f 3817/3817/3817 3837/3837/3837 3818/3818/3818
f 3818/3818/3818 3837/3837/3837 3838/3838/3838
f 3818/3818/3818 3838/3838/3838 3819/3819/3819
f 3819/3819/3819 3838/3838/3838 3839/3839/3839
f 3819/3819/3819 3839/3839/3839 3820/3820/3820
f 3820/3820/3820 3839/3839/3839 3840/3840/3840
f 3820/3820/3820 3840/3840/3840 3821/3821/3821
f 3821/3821/3821 3840/3840/3840 3841/3841/3841
f 3821/3821/3821 3841/3841/3841 3822/3822/3822
f 3822/3822/3822 3841/3841/3841 3842/3842/3842
f 3822/3822/3822 3842/3842/3842 3823/3823/3823
f 3823/3823/3823 3842/3842/3842 3843/3843/3843
f 3823/3823/3823 3843/3843/3843 3824/3824/3824
f 3824/3824/3824 3843/3843/3843 3844/3844/3844
f 3824/3824/3824 3844/3844/3844 3825/3825/3825
f 3825/3825/3825 3844/3844/3844 3845/3845/3845
f 3825/3825/3825 3845/3845/3845 3826/3826/3826
f 3826/3826/3826 3845/3845/3845 3846/3846/3846
f 3826/3826/3826 3846/3846/3846 3827/3827/3827
f 3827/3827/3827 3846/3846/3846 3847/3847/3847
f 3827/3827/3827 3847/3847/3847 3828/3828/3828
f 3829/3829/3829 3848/3848/3848 3849/3849/3849
f 3829/3829/3829 3849/3849/3849 3830/3830/3830
f 3830/3830/3830 3849/3849/3849 3850/3850/3850
f 3830/3830/3830 3850/3850/3850 3831/3831/3831
f 3831/3831/3831 3850/3850/3850 3851/3851/3851
f 3831/3831/3831 3851/3851/3851 3832/3832/3832
f 3832/3832/3832 3851/3851/3851 3852/3852/3852
f 3832/3832/3832 3852/3852/3852 3833/3833/3833
f 3833/3833/3833 3852/3852/3852 3853/3853/3853
f 3833/3833/3833 3853/3853/3853 3834/3834/3834
f 3834/3834/3834 3853/3853/3853 3854/3854/3854
f 3834/3834/3834 3854/3854/3854 3835/3835/3835
f 3835/3835/3835 3854/3854/3854 3855/3855/3855
f 3835/3835/3835 3855/3855/3855 3836/3836/3836
f 3836/3836/3836 3855/3855/3855 3856/3856/3856
f 3836/3836/3836 3856/3856/3856 3837/3837/3837
f 3837/3837/3837 3856/3856/3856 3857/3857/3857
f 3837/3837/3837 3857/3857/3857 3838/3838/3838
f 3838/3838/3838 3857/3857/3857 3858/3858/3858
f 3838/3838/3838 3858/3858/3858 3839/3839/3839
f 3839/3839/3839 3858/3858/3858 3859/3859/3859
f 3839/3839/3839 3859/3859/3859 3840/3840/3840
f 3840/3840/3840 3859/3859/3859 3860/3860/3860
f 3840/3840/3840 3860/3860/3860 3841/3841/3841
f 3841/3841/3841 3860/3860/3860 3861/3861/3861
f 3841/3841/3841 3861/3861/3861 3842/3842/3842
f 3842/3842/3842 3861/3861/3861 3862/3862/3862
f 3842/3842/3842 3862/3862/3862 3843/3843/3843
f 3843/3843/3843 3862/3862/3862 3863/3863/3863
f 3843/3843/3843 3863/3863/3863 3844/3844/3844
f 3844/3844/3844 3863/3863/3863 3864/3864/3864
f 3844/3844/3844 3864/3864/3864 3845/3845/3845
f 3845/3845/3845 3864/3864/3864 3865/3865/3865
f 3845/3845/3845 3865/3865/3865 3846/3846/3846
f 3846/3846/3846 3865/3865/3865 3866/3866/3866
f 3846/3846/3846 3866/3866/3866 3847/3847/3847
f 3848/3848/3848 3867/3867/3867 3868/3868/3868
f 3848/3848/3848 3868/3868/3868 3849/3849/3849
f 3849/3849/3849 3868/3868/3868 3869/3869/3869
f 3849/3849/3849 3869/3869/3869 3850/3850/3850
f 3850/3850/3850 3869/3869/3869 3870/3870/3870
f 3850/3850/3850 3870/3870/3870 3851/3851/3851
f 3851/3851/3851 3870/3870/3870 3871/3871/3871
f 3851/3851/3851 3871/3871/3871 3852/3852/3852
f 3852/3852/3852 3871/3871/3871 3872/3872/3872
f 3852/3852/3852 3872/3872/3872 3853/3853/3853
f 3853/3853/3853 3872/3872/3872 3873/3873/3873
f 3853/3853/3853 3873/3873/3873 3854/3854/3854
f 3854/3854/3854 3873/3873/3873 3874/3874/3874
f 3854/3854/3854 3874/3874/3874 3855/3855/3855
f 3855/3855/3855 3874/3874/3874 3875/3875/3875
f 3855/3855/3855 3875/3875/3875 3856/3856/3856
f 3856/3856/3856 3875/3875/3875 3876/3876/3876
f 3856/3856/3856 3876/3876/3876 3857/3857/3857
f 3857/3857/3857 3876/3876/3876 3877/3877/3877
f 3857/3857/3857 3877/3877/3877 3858/3858/3858
f 3858/3858/3858 3877/3877/3877 3878/3878/3878
f 3858/3858/3858 3878/3878/3878 3859/3859/3859
f 3859/3859/3859 3878/3878/3878 3879/3879/3879
f 3859/3859/3859 3879/3879/3879 3860/3860/3860
f 3860/3860/3860 3879/3879/3879 3880/3880/3880
f 3860/3860/3860 3880/3880/3880 3861/3861/3861
f 3861/3861/3861 3880/3880/3880 3881/3881/3881
f 3861/3861/3861 3881/3881/3881 3862/3862/3862
f 3862/3862/3862 3881/3881/3881 3882/3882/3882
f 3862/3862/3862 3882/3882/3882 3863/3863/3863
f 3863/3863/3863 3882/3882/3882 3883/3883/3883
f 3863/3863/3863 3883/3883/3883 3864/3864/3864
f 3864/3864/3864 3883/3883/3883 3884/3884/3884
f 3864/3864/3864 3884/3884/3884 3865/3865/3865
f 3865/3865/3865 3884/3884/3884 3885/3885/3885
f 3865/3865/3865 3885/3885/3885 3866/3866/3866
f 3867/3867/3867 3886/3886/3886 3887/3887/3887
f 3867/3867/3867 3887/3887/3887 3868/3868/3868
f 3868/3868/3868 3887/3887/3887 3888/3888/3888
f 3868/3868/3868 3888/3888/3888 3869/3869/3869
f 3869/3869/3869 3888/3888/3888 3889/3889/3889
f 3869/3869/3869 3889/3889/3889 3870/3870/3870
f 3870/3870/3870 3889/3889/3889 3890/3890/3890
f 3870/3870/3870 3890/3890/3890 3871/3871/3871
f 3871/3871/3871 3890/3890/3890 3891/3891/3891
f 3871/3871/3871 3891/3891/3891 3872/3872/3872
f 3872/3872/3872 3891/3891/3891 3892/3892/3892
f 3872/3872/3872 3892/3892/3892 3873/3873/3873
f 3873/3873/3873 3892/3892/3892 3893/3893/3893
f 3873/3873/3873 3893/3893/3893 3874/3874/3874
f 3874/3874/3874 3893/3893/3893 3894/3894/3894
f 3874/3874/3874 3894/3894/3894 3875/3875/3875
f 3875/3875/3875 3894/3894/3894 3895/3895/3895
f 3875/3875/3875 3895/3895/3895 3876/3876/3876
f 3876/3876/3876 3895/3895/3895 3896/3896/3896
f 3876/3876/3876 3896/3896/3896 3877/3877/3877
f 3877/3877/3877 3896/3896/3896 3897/3897/3897
f 3877/3877/3877 3897/3897/3897 3878/3878/3878
f 3878/3878/3878 3897/3897/3897 3898/3898/3898
f 3878/3878/3878 3898/3898/3898 3879/3879/3879
f 3879/3879/3879 3898/3898/3898 3899/3899/3899
f 3879/3879/3879 3899/3899/3899 3880/3880/3880
f 3880/3880/3880 3899/3899/3899 3900/3900/3900
f 3880/3880/3880 3900/3900/3900 3881/3881/3881
f 3881/3881/3881 3900/3900/3900 3901/3901/3901
f 3881/3881/3881 3901/3901/3901 3882/3882/3882
f 3882/3882/3882 3901/3901/3901 3902/3902/3902
f 3882/3882/3882 3902/3902/3902 3883/3883/3883
f 3883/3883/3883 3902/3902/3902 3903/3903/3903
f 3883/3883/3883 3903/3903/3903 3884/3884/3884
f 3884/3884/3884 3903/3903/3903 3904/3904/3904
f 3884/3884/3884 3904/3904/3904 3885/3885/3885
f 3886/3886/3886 3905/3905/3905 3906/3906/3906
f 3886/3886/3886 3906/3906/3906 3887/3887/3887
f 3887/3887/3887 3906/3906/3906 3907/3907/3907
f 3887/3887/3887 3907/3907/3907 3888/3888/3888
f 3888/3888/3888 3907/3907/3907 3908/3908/3908
f 3888/3888/3888 3908/3908/3908 3889/3889/3889
f 3889/3889/3889 3908/3908/3908 3909/3909/3909
f 3889/3889/3889 3909/3909/3909 3890/3890/3890
f 3890/3890/3890 3909/3909/3909 3910/3910/3910
f 3890/3890/3890 3910/3910/3910 3891/3891/3891
f 3891/3891/3891 3910/3910/3910 3911/3911/3911
f 3891/3891/3891 3911/3911/3911 3892/3892/3892
f 3892/3892/3892 3911/3911/3911 3912/3912/3912
f 3892/3892/3892 3912/3912/3912 3893/3893/3893
f 3893/3893/3893 3912/3912/3912 3913/3913/3913
f 3893/3893/3893 3913/3913/3913 3894/3894/3894
f 3894/3894/3894 3913/3913/3913 3914/3914/3914
f 3894/3894/3894 3914/3914/3914 3895/3895/3895
f 3895/3895/3895 3914/3914/3914 3915/3915/3915
f 3895/3895/3895 3915/3915/3915 3896/3896/3896
f 3896/3896/3896 3915/3915/3915 3916/3916/3916
f 3896/3896/3896 3916/3916/3916 3897/3897/3897
f 3897/3897/3897 3916/3916/3916 3917/3917/3917
f 3897/3897/3897 3917/3917/3917 3898/3898/3898
f 3898/3898/3898 3917/3917/3917 3918/3918/3918
f 3898/3898/3898 3918/3918/3918 3899/3899/3899
f 3899/3899/3899 3918/3918/3918 3919/3919/3919
f 3899/3899/3899 3919/3919/3919 3900/3900/3900
f 3900/3900/3900 3919/3919/3919 3920/3920/3920
f 3900/3900/3900 3920/3920/3920 3901/3901/3901
f 3901/3901/3901 3920/3920/3920 3921/3921/3921
f 3901/3901/3901 3921/3921/3921 3902/3902/3902
f 3902/3902/3902 3921/3921/3921 3922/3922/3922
f 3902/3902/3902 3922/3922/3922 3903/3903/3903
f 3903/3903/3903 3922/3922/3922 3923/3923/3923
f 3903/3903/3903 3923/3923/3923 3904/3904/3904
f 3905/3905/3905 3924/3924/3924 3925/3925/3925
f 3905/3905/3905 3925/3925/3925 3906/3906/3906
f 3906/3906/3906 3925/3925/3925 3926/3926/3926
f 3906/3906/3906 3926/3926/3926 3907/3907/3907
f 3907/3907/3907 3926/3926/3926 3927/3927/3927
f 3907/3907/3907 3927/3927/3927 3908/3908/3908
f 3908/3908/3908 3927/3927/3927 3928/3928/3928
f 3908/3908/3908 3928/3928/3928 3909/3909/3909
f 3909/3909/3909 3928/3928/3928 3929/3929/3929
f 3909/3909/3909 3929/3929/3929 3910/3910/3910
f 3910/3910/3910 3929/3929/3929 3930/3930/3930
f 3910/3910/3910 3930/3930/3930 3911/3911/3911
f 3911/3911/3911 3930/3930/3930 3931/3931/3931
f 3911/3911/3911 3931/3931/3931 3912/3912/3912
f 3912/3912/3912 3931/3931/3931 3932/3932/3932
f 3912/3912/3912 3932/3932/3932 3913/3913/3913
f 3913/3913/3913 3932/3932/3932 3933/3933/3933
f 3913/3913/3913 3933/3933/3933 3914/3914/3914
f 3914/3914/3914 3933/3933/3933 3934/3934/3934
f 3914/3914/3914 3934/3934/3934 3915/3915/3915
f 3915/3915/3915 3934/3934/3934 3935/3935/3935
f 3915/3915/3915 3935/3935/3935 3916/3916/3916
f 3916/3916/3916 3935/3935/3935 3936/3936/3936
f 3916/3916/3916 3936/3936/3936 3917/3917/3917
f 3917/3917/3917 3936/3936/3936 3937/3937/3937
f 3917/3917/3917 3937/3937/3937 3918/3918/3918
f 3918/3918/3918 3937/3937/3937 3938/3938/3938
f 3918/3918/3918 3938/3938/3938 3919/3919/3919
f 3919/3919/3919 3938/3938/3938 3939/3939/3939
f 3919/3919/3919 3939/3939/3939 3920/3920/3920
f 3920/3920/3920 3939/3939/3939 3940/3940/3940
f 3920/3920/3920 3940/3940/3940 3921/3921/3921
f 3921/3921/3921 3940/3940/3940 3941/3941/3941
f 3921/3921/3921 3941/3941/3941 3922/3922/3922
f 3922/3922/3922 3941/3941/3941 3942/3942/3942
f 3922/3922/3922 3942/3942/3942 3923/3923/3923
f 3924/3924/3924 3943/3943/3943 3944/3944/3944
f 3924/3924/3924 3944/3944/3944 3925/3925/3925
f 3925/3925/3925 3944/3944/3944 3945/3945/3945
f 3925/3925/3925 3945/3945/3945 3926/3926/3926
f 3926/3926/3926 3945/3945/3945 3946/3946/3946
f 3926/3926/3926 3946/3946/3946 3927/3927/3927
f 3927/3927/3927 3946/3946/3946 3947/3947/3947
f 3927/3927/3927 3947/3947/3947 3928/3928/3928
f 3928/3928/3928 3947/3947/3947 3948/3948/3948
f 3928/3928/3928 3948/3948/3948 3929/3929/3929
f 3929/3929/3929 3948/3948/3948 3949/3949/3949
f 3929/3929/3929 3949/3949/3949 3930/3930/3930
f 3930/3930/3930 3949/3949/3949 3950/3950/3950
f 3930/3930/3930 3950/3950/3950 3931/3931/3931
f 3931/3931/3931 3950/3950/3950 3951/3951/3951
f 3931/3931/3931 3951/3951/3951 3932/3932/3932
f 3932/3932/3932 3951/3951/3951 3952/3952/3952
f 3932/3932/3932 3952/3952/3952 3933/3933/3933
f 3933/3933/3933 3952/3952/3952 3953/3953/3953
f 3933/3933/3933 3953/3953/3953 3934/3934/3934
f 3934/3934/3934 3953/3953/3953 3954/3954/3954
f 3934/3934/3934 3954/3954/3954 3935/3935/3935
f 3935/3935/3935 3954/3954/3954 3955/3955/3955
f 3935/3935/3935 3955/3955/3955 3936/3936/3936
f 3936/3936/3936 3955/3955/3955 3956/3956/3956
f 3936/3936/3936 3956/3956/3956 3937/3937/3937
f 3937/3937/3937 3956/3956/3956 3957/3957/3957
f 3937/3937/3937 3957/3957/3957 3938/3938/3938
f 3938/3938/3938 3957/3957/3957 3958/3958/3958
f 3938/3938/3938 3958/3958/3958 3939/3939/3939
f 3939/3939/3939 3958/3958/3958 3959/3959/3959
f 3939/3939/3939 3959/3959/3959 3940/3940/3940
f 3940/3940/3940 3959/3959/3959 3960/3960/3960
f 3940/3940/3940 3960/3960/3960 3941/3941/3941
f 3941/3941/3941 3960/3960/3960 3961/3961/3961
f 3941/3941/3941 3961/3961/3961 3942/3942/3942
f 3943/3943/3943 3962/3962/3962 3963/3963/3963
f 3943/3943/3943 3963/3963/3963 3944/3944/3944
f 3944/3944/3944 3963/3963/3963 3964/3964/3964
f 3944/3944/3944 3964/3964/3964 3945/3945/3945
f 3945/3945/3945 3964/3964/3964 3965/3965/3965
f 3945/3945/3945 3965/3965/3965 3946/3946/3946
f 3946/3946/3946 3965/3965/3965 3966/3966/3966
f 3946/3946/3946 3966/3966/3966 3947/3947/3947
f 3947/3947/3947 3966/3966/3966 3967/3967/3967
f 3947/3947/3947 3967/3967/3967 3948/3948/3948
f 3948/3948/3948 3967/3967/3967 3968/3968/3968
f 3948/3948/3948 3968/3968/3968 3949/3949/3949
f 3949/3949/3949 3968/3968/3968 3969/3969/3969
f 3949/3949/3949 3969/3969/3969 3950/3950/3950
f 3950/3950/3950 3969/3969/3969 3970/3970/3970
f 3950/3950/3950 3970/3970/3970 3951/3951/3951
f 3951/3951/3951 3970/3970/3970 3971/3971/3971
f 3951/3951/3951 3971/3971/3971 3952/3952/3952
f 3952/3952/3952 3971/3971/3971 3972/3972/3972
f 3952/3952/3952 3972/3972/3972 3953/3953/3953
f 3953/3953/3953 3972/3972/3972 3973/3973/3973
f 3953/3953/3953 3973/3973/3973 3954/3954/3954
f 3954/3954/3954 3973/3973/3973 3974/3974/3974
f 3954/3954/3954 3974/3974/3974 3955/3955/3955
f 3955/3955/3955 3974/3974/3974 3975/3975/3975
f 3955/3955/3955 3975/3975/3975 3956/3956/3956
f 3956/3956/3956 3975/3975/3975 3976/3976/3976
f 3956/3956/3956 3976/3976/3976 3957/3957/3957
f 3957/3957/3957 3976/3976/3976 3977/3977/3977
f 3957/3957/3957 3977/3977/3977 3958/3958/3958
f 3958/3958/3958 3977/3977/3977 3978/3978/3978
f 3958/3958/3958 3978/3978/3978 3959/3959/3959
f 3959/3959/3959 3978/3978/3978 3979/3979/3979
f 3959/3959/3959 3979/3979/3979 3960/3960/3960
f 3960/3960/3960 3979/3979/3979 3980/3980/3980
f 3960/3960/3960 3980/3980/3980 3961/3961/3961
f 3981/3981/3981 4000/4000/4000 4001/4001/4001
f 3981/3981/3981 4001/4001/4001 3982/3982/3982
f 3982/3982/3982 4001/4001/4001 4002/4002/4002
f 3982/3982/3982 4002/4002/4002 3983/3983/3983
f 3983/3983/3983 4002/4002/4002 4003/4003/4003
f 3983/3983/3983 4003/4003/4003 3984/3984/3984
f 3984/3984/3984 4003/4003/4003 4004/4004/4004
f 3984/3984/3984 4004/4004/4004 3985/3985/3985
f 3985/3985/3985 4004/4004/4004 4005/4005/4005
f 3985/3985/3985 4005/4005/4005 3986/3986/3986
f 3986/3986/3986 4005/4005/4005 4006/4006/4006
f 3986/3986/3986 4006/4006/4006 3987/3987/3987
f 3987/3987/3987 4006/4006/4006 4007/4007/4007
f 3987/3987/3987 4007/4007/4007 3988/3988/3988
f 3988/3988/3988 4007/4007/4007 4008/4008/4008
f 3988/3988/3988 4008/4008/4008 3989/3989/3989
f 3989/3989/3989 4008/4008/4008 4009/4009/4009
f 3989/3989/3989 4009/4009/4009 3990/3990/3990
f 3990/3990/3990 4009/4009/4009 4010/4010/4010
f 3990/3990/3990 4010/4010/4010 3991/3991/3991
f 3991/3991/3991 4010/4010/4010 4011/4011/4011
f 3991/3991/3991 4011/4011/4011 3992/3992/3992
f 3992/3992/3992 4011/4011/4011 4012/4012/4012
f 3992/3992/3992 4012/4012/4012 3993/3993/3993
f 3993/3993/3993 4012/4012/4012 4013/4013/4013
f 3993/3993/3993 4013/4013/4013 3994/3994/3994
f 3994/3994/3994 4013/4013/4013 4014/4014/4014
f 3994/3994/3994 4014/4014/4014 3995/3995/3995
f 3995/3995/3995 4014/4014/4014 4015/4015/4015
f 3995/3995/3995 4015/4015/4015 3996/3996/3996
f 3996/3996/3996 4015/4015/4015 4016/4016/4016
f 3996/3996/3996 4016/4016/4016 3997/3997/3997
f 3997/3997/3997 4016/4016/4016 4017/4017/4017
f 3997/3997/3997 4017/4017/4017 3998/3998/3998
f 3998/3998/3998 4017/4017/4017 4018/4018/4018
f 3998/3998/3998 4018/4018/4018 3999/3999/3999
f 4000/4000/4000 4019/4019/4019 4020/4020/4020
f 4000/4000/4000 4020/4020/4020 4001/4001/4001
f 4001/4001/4001 4020/4020/4020 4021/4021/4021
f 4001/4001/4001 4021/4021/4021 4002/4002/4002
f 4002/4002/4002 4021/4021/4021 4022/4022/4022
f 4002/4002/4002 4022/4022/4022 4003/4003/4003
f 4003/4003/4003 4022/4022/4022 4023/4023/4023
f 4003/4003/4003 4023/4023/4023 4004/4004/4004
f 4004/4004/4004 4023/4023/4023 4024/4024/4024
f 4004/4004/4004 4024/4024/4024 4005/4005/4005
f 4005/4005/4005 4024/4024/4024 4025/4025/4025
f 4005/4005/4005 4025/4025/4025 4006/4006/4006
f 4006/4006/4006 4025/4025/4025 4026/4026/4026
f 4006/4006/4006 4026/4026/4026 4007/4007/4007
f 4007/4007/4007 4026/4026/4026 4027/4027/4027
f 4007/4007/4007 4027/4027/4027 4008/4008/4008
f 4008/4008/4008 4027/4027/4027 4028/4028/4028
f 4008/4008/4008 4028/4028/4028 4009/4009/4009
f 4009/4009/4009 4028/4028/4028 4029/4029/4029
f 4009/4009/4009 4029/4029/4029 4010/4010/4010
f 4010/4010/4010 4029/4029/4029 4030/4030/4030
f 4010/4010/4010 4030/4030/4030 4011/4011/4011
f 4011/4011/4011 4030/4030/4030 4031/4031/4031
f 4011/4011/4011 4031/4031/4031 4012/4012/4012
f 4012/4012/4012 4031/4031/4031 4032/4032/4032
f 4012/4012/4012 4032/4032/4032 4013/4013/4013
f 4013/4013/4013 4032/4032/4032 4033/4033/4033
f 4013/4013/4013 4033/4033/4033 4014/4014/4014
f 4014/4014/4014 4033/4033/4033 4034/4034/4034
f 4014/4014/4014 4034/4034/4034 4015/4015/4015
f 4015/4015/4015 4034/4034/4034 4035/4035/4035
f 4015/4015/4015 4035/4035/4035 4016/4016/4016
f 4016/4016/4016 4035/4035/4035 4036/4036/4036
f 4016/4016/4016 4036/4036/4036 4017/4017/4017
f 4017/4017/4017 4036/4036/4036 4037/4037/4037
f 4017/4017/4017 4037/4037/4037 4018/4018/4018
f 4019/4019/4019 4038/4038/4038 4039/4039/4039
f 4019/4019/4019 4039/4039/4039 4020/4020/4020
f 4020/4020/4020 4039/4039/4039 4040/4040/4040
f 4020/4020/4020 4040/4040/4040 4021/4021/4021
f 4021/4021/4021 4040/4040/4040 4041/4041/4041
f 4021/4021/4021 4041/4041/4041 4022/4022/4022
f 4022/4022/4022 4041/4041/4041 4042/4042/4042
f 4022/4022/4022 4042/4042/4042 4023/4023/4023
f 4023/4023/4023 4042/4042/4042 4043/4043/4043
f 4023/4023/4023 4043/4043/4043 4024/4024/4024
f 4024/4024/4024 4043/4043/4043 4044/4044/4044
f 4024/4024/4024 4044/4044/4044 4025/4025/4025
f 4025/4025/4025 4044/4044/4044 4045/4045/4045
f 4025/4025/4025 4045/4045/4045 4026/4026/4026
f 4026/4026/4026 4045/4045/4045 4046/4046/4046
f 4026/4026/4026 4046/4046/4046 4027/4027/4027
f 4027/4027/4027 4046/4046/4046 4047/4047/4047
f 4027/4027/4027 4047/4047/4047 4028/4028/4028
f 4028/4028/4028 4047/4047/4047 4048/4048/4048
f 4028/4028/4028 4048/4048/4048 4029/4029/4029
f 4029/4029/4029 4048/4048/4048 4049/4049/4049
f 4029/4029/4029 4049/4049/4049 4030/4030/4030
f 4030/4030/4030 4049/4049/4049 4050/4050/4050
f 4030/4030/4030 4050/4050/4050 4031/4031/4031
f 4031/4031/4031 4050/4050/4050 4051/4051/4051
f 4031/4031/4031 4051/4051/4051 4032/4032/4032
f 4032/4032/4032 4051/4051/4051 4052/4052/4052
f 4032/4032/4032 4052/4052/4052 4033/4033/4033
f 4033/4033/4033 4052/4052/4052 4053/4053/4053
f 4033/4033/4033 4053/4053/4053 4034/4034/4034
f 4034/4034/4034 4053/4053/4053 4054/4054/4054
f 4034/4034/4034 4054/4054/4054 4035/4035/4035
f 4035/4035/4035 4054/4054/4054 4055/4055/4055
f 4035/4035/4035 4055/4055/4055 4036/4036/4036
f 4036/4036/4036 4055/4055/4055 4056/4056/4056
f 4036/4036/4036 4056/4056/4056 4037/4037/4037
f 4038/4038/4038 4057/4057/4057 4058/4058/4058
f 4038/4038/4038 4058/4058/4058 4039/4039/4039
f 4039/4039/4039 4058/4058/4058 4059/4059/4059
f 4039/4039/4039 4059/4059/4059 4040/4040/4040
f 4040/4040/4040 4059/4059/4059 4060/4060/4060
f 4040/4040/4040 4060/4060/4060 4041/4041/4041
f 4041/4041/4041 4060/4060/4060 4061/4061/4061
f 4041/4041/4041 4061/4061/4061 4042/4042/4042
f 4042/4042/4042 4061/4061/4061 4062/4062/4062
f 4042/4042/4042 4062/4062/4062 4043/4043/4043
f 4043/4043/4043 4062/4062/4062 4063/4063/4063
f 4043/4043/4043 4063/4063/4063 4044/4044/4044
f 4044/4044/4044 4063/4063/4063 4064/4064/4064
f 4044/4044/4044 4064/4064/4064 4045/4045/4045
f 4045/4045/4045 4064/4064/4064 4065/4065/4065
f 4045/4045/4045 4065/4065/4065 4046/4046/4046
f 4046/4046/4046 4065/4065/4065 4066/4066/4066
f 4046/4046/4046 4066/4066/4066 4047/4047/4047
f 4047/4047/4047 4066/4066/4066 4067/4067/4067
f 4047/4047/4047 4067/4067/4067 4048/4048/4048
f 4048/4048/4048 4067/4067/4067 4068/4068/4068
f 4048/4048/4048 4068/4068/4068 4049/4049/4049
f 4049/4049/4049 4068/4068/4068 4069/4069/4069
f 4049/4049/4049 4069/4069/4069 4050/4050/4050
f 4050/4050/4050 4069/4069/4069 4070/4070/4070
f 4050/4050/4050 4070/4070/4070 4051/4051/4051
f 4051/4051/4051 4070/4070/4070 4071/4071/4071
f 4051/4051/4051 4071/4071/4071 4052/4052/4052
f 4052/4052/4052 4071/4071/4071 4072/4072/4072
f 4052/4052/4052 4072/4072/4072 4053/4053/4053
f 4053/4053/4053 4072/4072/4072 4073/4073/4073
f 4053/4053/4053 4073/4073/4073 4054/4054/4054
f 4054/4054/4054 4073/4073/4073 4074/4074/4074
f 4054/4054/4054 4074/4074/4074 4055/4055/4055
f 4055/4055/4055 4074/4074/4074 4075/4075/4075
f 4055/4055/4055 4075/4075/4075 4056/4056/4056
f 4057/4057/4057 4076/4076/4076 4077/4077/4077
f 4057/4057/4057 4077/4077/4077 4058/4058/4058
f 4058/4058/4058 4077/4077/4077 4078/4078/4078
f 4058/4058/4058 4078/4078/4078 4059/4059/4059
f 4059/4059/4059 4078/4078/4078 4079/4079/4079
f 4059/4059/4059 4079/4079/4079 4060/4060/4060
f 4060/4060/4060 4079/4079/4079 4080/4080/4080
f 4060/4060/4060 4080/4080/4080 4061/4061/4061
f 4061/4061/4061 4080/4080/4080 4081/4081/4081
f 4061/4061/4061 4081/4081/4081 4062/4062/4062
f 4062/4062/4062 4081/4081/4081 4082/4082/4082
f 4062/4062/4062 4082/4082/4082 4063/4063/4063
f 4063/4063/4063 4082/4082/4082 4083/4083/4083
f 4063/4063/4063 4083/4083/4083 4064/4064/4064
f 4064/4064/4064 4083/4083/4083 4084/4084/4084
f 4064/4064/4064 4084/4084/4084 4065/4065/4065
f 4065/4065/4065 4084/4084/4084 4085/4085/4085
f 4065/4065/4065 4085/4085/4085 4066/4066/4066
f 4066/4066/4066 4085/4085/4085 4086/4086/4086
f 4066/4066/4066 4086/4086/4086 4067/4067/4067
f 4067/4067/4067 4086/4086/4086 4087/4087/4087
f 4067/4067/4067 4087/4087/4087 4068/4068/4068
f 4068/4068/4068 4087/4087/4087 4088/4088/4088
f 4068/4068/4068 4088/4088/4088 4069/4069/4069
f 4069/4069/4069 4088/4088/4088 4089/4089/4089
f 4069/4069/4069 4089/4089/4089 4070/4070/4070
f 4070/4070/4070 4089/4089/4089 4090/4090/4090
f 4070/4070/4070 4090/4090/4090 4071/4071/4071
f 4071/4071/4071 4090/4090/4090 4091/4091/4091
f 4071/4071/4071 4091/4091/4091 4072/4072/4072
f 4072/4072/4072 4091/4091/4091 4092/4092/4092
f 4072/4072/4072 4092/4092/4092 4073/4073/4073
f 4073/4073/4073 4092/4092/4092 4093/4093/4093
f 4073/4073/4073 4093/4093/4093 4074/4074/4074
f 4074/4074/4074 4093/4093/4093 4094/4094/4094
f 4074/4074/4074 4094/4094/4094 4075/4075/4075
f 4076/4076/4076 4095/4095/4095 4096/4096/4096
f 4076/4076/4076 4096/4096/4096 4077/4077/4077
f 4077/4077/4077 4096/4096/4096 4097/4097/4097
f 4077/4077/4077 4097/4097/4097 4078/4078/4078
f 4078/4078/4078 4097/4097/4097 4098/4098/4098
f 4078/4078/4078 4098/4098/4098 4079/4079/4079
f 4079/4079/4079 4098/4098/4098 4099/4099/4099
f 4079/4079/4079 4099/4099/4099 4080/4080/4080
f 4080/4080/4080 4099/4099/4099 4100/4100/4100
f 4080/4080/4080 4100/4100/4100 4081/4081/4081
f 4081/4081/4081 4100/4100/4100 4101/4101/4101
f 4081/4081/4081 4101/4101/4101 4082/4082/4082
f 4082/4082/4082 4101/4101/4101 4102/4102/4102
f 4082/4082/4082 4102/4102/4102 4083/4083/4083
f 4083/4083/4083 4102/4102/4102 4103/4103/4103
f 4083/4083/4083 4103/4103/4103 4084/4084/4084
f 4084/4084/4084 4103/4103/4103 4104/4104/4104
f 4084/4084/4084 4104/4104/4104 4085/4085/4085
f 4085/4085/4085 4104/4104/4104 4105/4105/4105
f 4085/4085/4085 4105/4105/4105 4086/4086/4086
f 4086/4086/4086 4105/4105/4105 4106/4106/4106
f 4086/4086/4086 4106/4106/4106 4087/4087/4087
f 4087/4087/4087 4106/4106/4106 4107/4107/4107
f 4087/4087/4087 4107/4107/4107 4088/4088/4088
f 4088/4088/4088 4107/4107/4107 4108/4108/4108
f 4088/4088/4088 4108/4108/4108 4089/4089/4089
f 4089/4089/4089 4108/4108/4108 4109/4109/4109
f 4089/4089/4089 4109/4109/4109 4090/4090/4090
f 4090/4090/4090 4109/4109/4109 4110/4110/4110
f 4090/4090/4090 4110/4110/4110 4091/4091/4091
f 4091/4091/4091 4110/4110/4110 4111/4111/4111
f 4091/4091/4091 4111/4111/4111 4092/4092/4092
f 4092/4092/4092 4111/4111/4111 4112/4112/4112
f 4092/4092/4092 4112/4112/4112 4093/4093/4093
f 4093/4093/4093 4112/4112/4112 4113/4113/4113
f 4093/4093/4093 4113/4113/4113 4094/4094/4094
f 4095/4095/4095 4114/4114/4114 4115/4115/4115
f 4095/4095/4095 4115/4115/4115 4096/4096/4096
f 4096/4096/4096 4115/4115/4115 4116/4116/4116
f 4096/4096/4096 4116/4116/4116 4097/4097/4097
f 4097/4097/4097 4116/4116/4116 4117/4117/4117
f 4097/4097/4097 4117/4117/4117 4098/4098/4098
f 4098/4098/4098 4117/4117/4117 4118/4118/4118
f 4098/4098/4098 4118/4118/4118 4099/4099/4099
f 4099/4099/4099 4118/4118/4118 4119/4119/4119
f 4099/4099/4099 4119/4119/4119 4100/4100/4100
f 4100/4100/4100 4119/4119/4119 4120/4120/4120
f 4100/4100/4100 4120/4120/4120 4101/4101/4101
f 4101/4101/4101 4120/4120/4120 4121/4121/4121
f 4101/4101/4101 4121/4121/4121 4102/4102/4102
f 4102/4102/4102 4121/4121/4121 4122/4122/4122
f 4102/4102/4102 4122/4122/4122 4103/4103/4103
f 4103/4103/4103 4122/4122/4122 4123/4123/4123
f 4103/4103/4103 4123/4123/4123 4104/4104/4104
f 4104/4104/4104 4123/4123/4123 4124/4124/4124
f 4104/4104/4104 4124/4124/4124 4105/4105/4105
f 4105/4105/4105 4124/4124/4124 4125/4125/4125
f 4105/4105/4105 4125/4125/4125 4106/4106/4106
f 4106/4106/4106 4125/4125/4125 4126/4126/4126
f 4106/4106/4106 4126/4126/4126 4107/4107/4107
f 4107/4107/4107 4126/4126/4126 4127/4127/4127
f 4107/4107/4107 4127/4127/4127 4108/4108/4108
f 4108/4108/4108 4127/4127/4127 4128/4128/4128
f 4108/4108/4108 4128/4128/4128 4109/4109/4109
f 4109/4109/4109 4128/4128/4128 4129/4129/4129
f 4109/4109/4109 4129/4129/4129 4110/4110/4110
f 4110/4110/4110 4129/4129/4129 4130/4130/4130
f 4110/4110/4110 4130/4130/4130 4111/4111/4111
f 4111/4111/4111 4130/4130/4130 4131/4131/4131
f 4111/4111/4111 4131/4131/4131 4112/4112/4112
f 4112/4112/4112 4131/4131/4131 4132/4132/4132
f 4112/4112/4112 4132/4132/4132 4113/4113/4113
f 4114/4114/4114 4133/4133/4133 4134/4134/4134
f 4114/4114/4114 4134/4134/4134 4115/4115/4115
f 4115/4115/4115 4134/4134/4134 4135/4135/4135
f 4115/4115/4115 4135/4135/4135 4116/4116/4116
f 4116/4116/4116 4135/4135/4135 4136/4136/4136
f 4116/4116/4116 4136/4136/4136 4117/4117/4117
f 4117/4117/4117 4136/4136/4136 4137/4137/4137
f 4117/4117/4117 4137/4137/4137 4118/4118/4118
f 4118/4118/4118 4137/4137/4137 4138/4138/4138
f 4118/4118/4118 4138/4138/4138 4119/4119/4119
f 4119/4119/4119 4138/4138/4138 4139/4139/4139
f 4119/4119/4119 4139/4139/4139 4120/4120/4120
f 4120/4120/4120 4139/4139/4139 4140/4140/4140
f 4120/4120/4120 4140/4140/4140 4121/4121/4121
f 4121/4121/4121 4140/4140/4140 4141/4141/4141
f 4121/4121/4121 4141/4141/4141 4122/4122/4122
f 4122/4122/4122 4141/4141/4141 4142/4142/4142
f 4122/4122/4122 4142/4142/4142 4123/4123/4123
f 4123/4123/4123 4142/4142/4142 4143/4143/4143
f 4123/4123/4123 4143/4143/4143 4124/4124/4124
f 4124/4124/4124 4143/4143/4143 4144/4144/4144
f 4124/4124/4124 4144/4144/4144 4125/4125/4125
f 4125/4125/4125 4144/4144/4144 4145/4145/4145
f 4125/4125/4125 4145/4145/4145 4126/4126/4126
f 4126/4126/4126 4145/4145/4145 4146/4146/4146
f 4126/4126/4126 4146/4146/4146 4127/4127/4127
f 4127/4127/4127 4146/4146/4146 4147/4147/4147
f 4127/4127/4127 4147/4147/4147 4128/4128/4128
f 4128/4128/4128 4147/4147/4147 4148/4148/4148
f 4128/4128/4128 4148/4148/4148 4129/4129/4129
f 4129/4129/4129 4148/4148/4148 4149/4149/4149
f 4129/4129/4129 4149/4149/4149 4130/4130/4130
f 4130/4130/4130 4149/4149/4149 4150/4150/4150
f 4130/4130/4130 4150/4150/4150 4131/4131/4131
f 4131/4131/4131 4150/4150/4150 4151/4151/4151
f 4131/4131/4131 4151/4151/4151 4132/4132/4132
f 4133/4133/4133 4152/4152/4152 4153/4153/4153
f 4133/4133/4133 4153/4153/4153 4134/4134/4134
f 4134/4134/4134 4153/4153/4153 4154/4154/4154
f 4134/4134/4134 4154/4154/4154 4135/4135/4135
f 4135/4135/4135 4154/4154/4154 4155/4155/4155
f 4135/4135/4135 4155/4155/4155 4136/4136/4136
f 4136/4136/4136 4155/4155/4155 4156/4156/4156
f 4136/4136/4136 4156/4156/4156 4137/4137/4137
f 4137/4137/4137 4156/4156/4156 4157/4157/4157
f 4137/4137/4137 4157/4157/4157 4138/4138/4138
f 4138/4138/4138 4157/4157/4157 4158/4158/4158
f 4138/4138/4138 4158/4158/4158 4139/4139/4139
f 4139/4139/4139 4158/4158/4158 4159/4159/4159
f 4139/4139/4139 4159/4159/4159 4140/4140/4140
f 4140/4140/4140 4159/4159/4159 4160/4160/4160
f 4140/4140/4140 4160/4160/4160 4141/4141/4141
f 4141/4141/4141 4160/4160/4160 4161/4161/4161
f 4141/4141/4141 4161/4161/4161 4142/4142/4142
f 4142/4142/4142 4161/4161/4161 4162/4162/4162
f 4142/4142/4142 4162/4162/4162 4143/4143/4143
f 4143/4143/4143 4162/4162/4162 4163/4163/4163
f 4143/4143/4143 4163/4163/4163 4144/4144/4144
f 4144/4144/4144 4163/4163/4163 4164/4164/4164
f 4144/4144/4144 4164/4164/4164 4145/4145/4145
f 4145/4145/4145 4164/4164/4164 4165/4165/4165
f 4145/4145/4145 4165/4165/4165 4146/4146/4146
f 4146/4146/4146 4165/4165/4165 4166/4166/4166
f 4146/4146/4146 4166/4166/4166 4147/4147/4147
f 4147/4147/4147 4166/4166/4166 4167/4167/4167
f 4147/4147/4147 4167/4167/4167 4148/4148/4148
f 4148/4148/4148 4167/4167/4167 4168/4168/4168
f 4148/4148/4148 4168/4168/4168 4149/4149/4149
f 4149/4149/4149 4168/4168/4168 4169/4169/4169
f 4149/4149/4149 4169/4169/4169 4150/4150/4150
f 4150/4150/4150 4169/4169/4169 4170/4170/4170
f 4150/4150/4150 4170/4170/4170 4151/4151/4151
f 4152/4152/4152 4171/4171/4171 4172/4172/4172
f 4152/4152/4152 4172/4172/4172 4153/4153/4153
f 4153/4153/4153 4172/4172/4172 4173/4173/4173
f 4153/4153/4153 4173/4173/4173 4154/4154/4154
f 4154/4154/4154 4173/4173/4173 4174/4174/4174
f 4154/4154/4154 4174/4174/4174 4155/4155/4155
f 4155/4155/4155 4174/4174/4174 4175/4175/4175
f 4155/4155/4155 4175/4175/4175 4156/4156/4156
f 4156/4156/4156 4175/4175/4175 4176/4176/4176
f 4156/4156/4156 4176/4176/4176 4157/4157/4157
f 4157/4157/4157 4176/4176/4176 4177/4177/4177
f 4157/4157/4157 4177/4177/4177 4158/4158/4158
f 4158/4158/4158 4177/4177/4177 4178/4178/4178
f 4158/4158/4158 4178/4178/4178 4159/4159/4159
f 4159/4159/4159 4178/4178/4178 4179/4179/4179
f 4159/4159/4159 4179/4179/4179 4160/4160/4160
f 4160/4160/4160 4179/4179/4179 4180/4180/4180
f 4160/4160/4160 4180/4180/4180 4161/4161/4161
f 4161/4161/4161 4180/4180/4180 4181/4181/4181
f 4161/4161/4161 4181/4181/4181 4162/4162/4162
f 4162/4162/4162 4181/4181/4181 4182/4182/4182
f 4162/4162/4162 4182/4182/4182 4163/4163/4163
f 4163/4163/4163 4182/4182/4182 4183/4183/4183
f 4163/4163/4163 4183/4183/4183 4164/4164/4164
f 4164/4164/4164 4183/4183/4183 4184/4184/4184
f 4164/4164/4164 4184/4184/4184 4165/4165/4165
f 4165/4165/4165 4184/4184/4184 4185/4185/4185
f 4165/4165/4165 4185/4185/4185 4166/4166/4166
f 4166/4166/4166 4185/4185/4185 4186/4186/4186
f 4166/4166/4166 4186/4186/4186 4167/4167/4167
f 4167/4167/4167 4186/4186/4186 4187/4187/4187
f 4167/4167/4167 4187/4187/4187 4168/4168/4168
f 4168/4168/4168 4187/4187/4187 4188/4188/4188
f 4168/4168/4168 4188/4188/4188 4169/4169/4169
f 4169/4169/4169 4188/4188/4188 4189/4189/4189
f 4169/4169/4169 4189/4189/4189 4170/4170/4170
usemtl EyeHighlight
f 4190/4190/4190 4203/4203/4203 4204/4204/4204
f 4190/4190/4190 4204/4204/4204 4191/4191/4191
f 4191/4191/4191 4204/4204/4204 4205/4205/4205
f 4191/4191/4191 4205/4205/4205 4192/4192/4192
f 4192/4192/4192 4205/4205/4205 4206/4206/4206
f 4192/4192/4192 4206/4206/4206 4193/4193/4193
f 4193/4193/4193 4206/4206/4206 4207/4207/4207
f 4193/4193/4193 4207/4207/4207 4194/4194/4194
f 4194/4194/4194 4207/4207/4207 4208/4208/4208
f 4194/4194/4194 4208/4208/4208 4195/4195/4195
f 4195/4195/4195 4208/4208/4208 4209/4209/4209
f 4195/4195/4195 4209/4209/4209 4196/4196/4196
f 4196/4196/4196 4209/4209/4209 4210/4210/4210
f 4196/4196/4196 4210/4210/4210 4197/4197/4197
f 4197/4197/4197 4210/4210/4210 4211/4211/4211
f 4197/4197/4197 4211/4211/4211 4198/4198/4198
f 4198/4198/4198 4211/4211/4211 4212/4212/4212
f 4198/4198/4198 4212/4212/4212 4199/4199/4199
f 4199/4199/4199 4212/4212/4212 4213/4213/4213
f 4199/4199/4199 4213/4213/4213 4200/4200/4200
f 4200/4200/4200 4213/4213/4213 4214/4214/4214
f 4200/4200/4200 4214/4214/4214 4201/4201/4201
f 4201/4201/4201 4214/4214/4214 4215/4215/4215
f 4201/4201/4201 4215/4215/4215 4202/4202/4202
f 4203/4203/4203 4216/4216/4216 4217/4217/4217
f 4203/4203/4203 4217/4217/4217 4204/4204/4204
f 4204/4204/4204 4217/4217/4217 4218/4218/4218
f 4204/4204/4204 4218/4218/4218 4205/4205/4205
f 4205/4205/4205 4218/4218/4218 4219/4219/4219
f 4205/4205/4205 4219/4219/4219 4206/4206/4206
f 4206/4206/4206 4219/4219/4219 4220/4220/4220
f 4206/4206/4206 4220/4220/4220 4207/4207/4207
f 4207/4207/4207 4220/4220/4220 4221/4221/4221
f 4207/4207/4207 4221/4221/4221 4208/4208/4208
f 4208/4208/4208 4221/4221/4221 4222/4222/4222
f 4208/4208/4208 4222/4222/4222 4209/4209/4209
f 4209/4209/4209 4222/4222/4222 4223/4223/4223
f 4209/4209/4209 4223/4223/4223 4210/4210/4210
f 4210/4210/4210 4223/4223/4223 4224/4224/4224
f 4210/4210/4210 4224/4224/4224 4211/4211/4211
f 4211/4211/4211 4224/4224/4224 4225/4225/4225
f 4211/4211/4211 4225/4225/4225 4212/4212/4212
f 4212/4212/4212 4225/4225/4225 4226/4226/4226
f 4212/4212/4212 4226/4226/4226 4213/4213/4213
f 4213/4213/4213 4226/4226/4226 4227/4227/4227
f 4213/4213/4213 4227/4227/4227 4214/4214/4214
f 4214/4214/4214 4227/4227/4227 4228/4228/4228
f 4214/4214/4214 4228/4228/4228 4215/4215/4215
f 4216/4216/4216 4229/4229/4229 4230/4230/4230
f 4216/4216/4216 4230/4230/4230 4217/4217/4217
f 4217/4217/4217 4230/4230/4230 4231/4231/4231
f 4217/4217/4217 4231/4231/4231 4218/4218/4218
f 4218/4218/4218 4231/4231/4231 4232/4232/4232
f 4218/4218/4218 4232/4232/4232 4219/4219/4219
f 4219/4219/4219 4232/4232/4232 4233/4233/4233
f 4219/4219/4219 4233/4233/4233 4220/4220/4220
f 4220/4220/4220 4233/4233/4233 4234/4234/4234
f 4220/4220/4220 4234/4234/4234 4221/4221/4221
f 4221/4221/4221 4234/4234/4234 4235/4235/4235
f 4221/4221/4221 4235/4235/4235 4222/4222/4222
f 4222/4222/4222 4235/4235/4235 4236/4236/4236
f 4222/4222/4222 4236/4236/4236 4223/4223/4223
f 4223/4223/4223 4236/4236/4236 4237/4237/4237
f 4223/4223/4223 4237/4237/4237 4224/4224/4224
f 4224/4224/4224 4237/4237/4237 4238/4238/4238
f 4224/4224/4224 4238/4238/4238 4225/4225/4225
f 4225/4225/4225 4238/4238/4238 4239/4239/4239
f 4225/4225/4225 4239/4239/4239 4226/4226/4226
f 4226/4226/4226 4239/4239/4239 4240/4240/4240
f 4226/4226/4226 4240/4240/4240 4227/4227/4227
f 4227/4227/4227 4240/4240/4240 4241/4241/4241
f 4227/4227/4227 4241/4241/4241 4228/4228/4228
f 4229/4229/4229 4242/4242/4242 4243/4243/4243
f 4229/4229/4229 4243/4243/4243 4230/4230/4230
f 4230/4230/4230 4243/4243/4243 4244/4244/4244
f 4230/4230/4230 4244/4244/4244 4231/4231/4231
f 4231/4231/4231 4244/4244/4244 4245/4245/4245
f 4231/4231/4231 4245/4245/4245 4232/4232/4232
f 4232/4232/4232 4245/4245/4245 4246/4246/4246
f 4232/4232/4232 4246/4246/4246 4233/4233/4233
f 4233/4233/4233 4246/4246/4246 4247/4247/4247
f 4233/4233/4233 4247/4247/4247 4234/4234/4234
f 4234/4234/4234 4247/4247/4247 4248/4248/4248
f 4234/4234/4234 4248/4248/4248 4235/4235/4235
f 4235/4235/4235 4248/4248/4248 4249/4249/4249
f 4235/4235/4235 4249/4249/4249 4236/4236/4236
f 4236/4236/4236 4249/4249/4249 4250/4250/4250
f 4236/4236/4236 4250/4250/4250 4237/4237/4237
f 4237/4237/4237 4250/4250/4250 4251/4251/4251
f 4237/4237/4237 4251/4251/4251 4238/4238/4238
f 4238/4238/4238 4251/4251/4251 4252/4252/4252
f 4238/4238/4238 4252/4252/4252 4239/4239/4239
f 4239/4239/4239 4252/4252/4252 4253/4253/4253
f 4239/4239/4239 4253/4253/4253 4240/4240/4240
f 4240/4240/4240 4253/4253/4253 4254/4254/4254
f 4240/4240/4240 4254/4254/4254 4241/4241/4241
f 4242/4242/4242 4255/4255/4255 4256/4256/4256
f 4242/4242/4242 4256/4256/4256 4243/4243/4243
f 4243/4243/4243 4256/4256/4256 4257/4257/4257
f 4243/4243/4243 4257/4257/4257 4244/4244/4244
f 4244/4244/4244 4257/4257/4257 4258/4258/4258
f 4244/4244/4244 4258/4258/4258 4245/4245/4245
f 4245/4245/4245 4258/4258/4258 4259/4259/4259
f 4245/4245/4245 4259/4259/4259 4246/4246/4246
f 4246/4246/4246 4259/4259/4259 4260/4260/4260
f 4246/4246/4246 4260/4260/4260 4247/4247/4247
f 4247/4247/4247 4260/4260/4260 4261/4261/4261
f 4247/4247/4247 4261/4261/4261 4248/4248/4248
f 4248/4248/4248 4261/4261/4261 4262/4262/4262
f 4248/4248/4248 4262/4262/4262 4249/4249/4249
f 4249/4249/4249 4262/4262/4262 4263/4263/4263
f 4249/4249/4249 4263/4263/4263 4250/4250/4250
f 4250/4250/4250 4263/4263/4263 4264/4264/4264
f 4250/4250/4250 4264/4264/4264 4251/4251/4251
f 4251/4251/4251 4264/4264/4264 4265/4265/4265
f 4251/4251/4251 4265/4265/4265 4252/4252/4252
f 4252/4252/4252 4265/4265/4265 4266/4266/4266
f 4252/4252/4252 4266/4266/4266 4253/4253/4253
f 4253/4253/4253 4266/4266/4266 4267/4267/4267
f 4253/4253/4253 4267/4267/4267 4254/4254/4254
f 4255/4255/4255 4268/4268/4268 4269/4269/4269
f 4255/4255/4255 4269/4269/4269 4256/4256/4256
f 4256/4256/4256 4269/4269/4269 4270/4270/4270
f 4256/4256/4256 4270/4270/4270 4257/4257/4257
f 4257/4257/4257 4270/4270/4270 4271/4271/4271
f 4257/4257/4257 4271/4271/4271 4258/4258/4258
f 4258/4258/4258 4271/4271/4271 4272/4272/4272
f 4258/4258/4258 4272/4272/4272 4259/4259/4259
f 4259/4259/4259 4272/4272/4272 4273/4273/4273
f 4259/4259/4259 4273/4273/4273 4260/4260/4260
f 4260/4260/4260 4273/4273/4273 4274/4274/4274
f 4260/4260/4260 4274/4274/4274 4261/4261/4261
f 4261/4261/4261 4274/4274/4274 4275/4275/4275
f 4261/4261/4261 4275/4275/4275 4262/4262/4262
f 4262/4262/4262 4275/4275/4275 4276/4276/4276
f 4262/4262/4262 4276/4276/4276 4263/4263/4263
f 4263/4263/4263 4276/4276/4276 4277/4277/4277
f 4263/4263/4263 4277/4277/4277 4264/4264/4264
f 4264/4264/4264 4277/4277/4277 4278/4278/4278
f 4264/4264/4264 4278/4278/4278 4265/4265/4265
f 4265/4265/4265 4278/4278/4278 4279/4279/4279
f 4265/4265/4265 4279/4279/4279 4266/4266/4266
f 4266/4266/4266 4279/4279/4279 4280/4280/4280
f 4266/4266/4266 4280/4280/4280 4267/4267/4267
f 4281/4281/4281 4294/4294/4294 4295/4295/4295
f 4281/4281/4281 4295/4295/4295 4282/4282/4282
f 4282/4282/4282 4295/4295/4295 4296/4296/4296
f 4282/4282/4282 4296/4296/4296 4283/4283/4283
f 4283/4283/4283 4296/4296/4296 4297/4297/4297
f 4283/4283/4283 4297/4297/4297 4284/4284/4284
f 4284/4284/4284 4297/4297/4297 4298/4298/4298
f 4284/4284/4284 4298/4298/4298 4285/4285/4285
f 4285/4285/4285 4298/4298/4298 4299/4299/4299
f 4285/4285/4285 4299/4299/4299 4286/4286/4286
f 4286/4286/4286 4299/4299/4299 4300/4300/4300
f 4286/4286/4286 4300/4300/4300 4287/4287/4287
f 4287/4287/4287 4300/4300/4300 4301/4301/4301
f 4287/4287/4287 4301/4301/4301 4288/4288/4288
f 4288/4288/4288 4301/4301/4301 4302/4302/4302
f 4288/4288/4288 4302/4302/4302 4289/4289/4289
f 4289/4289/4289 4302/4302/4302 4303/4303/4303
f 4289/4289/4289 4303/4303/4303 4290/4290/4290
f 4290/4290/4290 4303/4303/4303 4304/4304/4304
f 4290/4290/4290 4304/4304/4304 4291/4291/4291
f 4291/4291/4291 4304/4304/4304 4305/4305/4305
f 4291/4291/4291 4305/4305/4305 4292/4292/4292
f 4292/4292/4292 4305/4305/4305 4306/4306/4306
f 4292/4292/4292 4306/4306/4306 4293/4293/4293
f 4294/4294/4294 4307/4307/4307 4308/4308/4308
f 4294/4294/4294 4308/4308/4308 4295/4295/4295
f 4295/4295/4295 4308/4308/4308 4309/4309/4309
f 4295/4295/4295 4309/4309/4309 4296/4296/4296
f 4296/4296/4296 4309/4309/4309 4310/4310/4310
f 4296/4296/4296 4310/4310/4310 4297/4297/4297
f 4297/4297/4297 4310/4310/4310 4311/4311/4311
f 4297/4297/4297 4311/4311/4311 4298/4298/4298
f 4298/4298/4298 4311/4311/4311 4312/4312/4312
f 4298/4298/4298 4312/4312/4312 4299/4299/4299
f 4299/4299/4299 4312/4312/4312 4313/4313/4313
f 4299/4299/4299 4313/4313/4313 4300/4300/4300
f 4300/4300/4300 4313/4313/4313 4314/4314/4314
f 4300/4300/4300 4314/4314/4314 4301/4301/4301
f 4301/4301/4301 4314/4314/4314 4315/4315/4315
f 4301/4301/4301 4315/4315/4315 4302/4302/4302
f 4302/4302/4302 4315/4315/4315 4316/4316/4316
f 4302/4302/4302 4316/4316/4316 4303/4303/4303
f 4303/4303/4303 4316/4316/4316 4317/4317/4317
f 4303/4303/4303 4317/4317/4317 4304/4304/4304
f 4304/4304/4304 4317/4317/4317 4318/4318/4318
f 4304/4304/4304 4318/4318/4318 4305/4305/4305
f 4305/4305/4305 4318/4318/4318 4319/4319/4319
f 4305/4305/4305 4319/4319/4319 4306/4306/4306
f 4307/4307/4307 4320/4320/4320 4321/4321/4321
f 4307/4307/4307 4321/4321/4321 4308/4308/4308
f 4308/4308/4308 4321/4321/4321 4322/4322/4322
f 4308/4308/4308 4322/4322/4322 4309/4309/4309
f 4309/4309/4309 4322/4322/4322 4323/4323/4323
f 4309/4309/4309 4323/4323/4323 4310/4310/4310
f 4310/4310/4310 4323/4323/4323 4324/4324/4324
f 4310/4310/4310 4324/4324/4324 4311/4311/4311
f 4311/4311/4311 4324/4324/4324 4325/4325/4325
f 4311/4311/4311 4325/4325/4325 4312/4312/4312
f 4312/4312/4312 4325/4325/4325 4326/4326/4326
f 4312/4312/4312 4326/4326/4326 4313/4313/4313
f 4313/4313/4313 4326/4326/4326 4327/4327/4327
f 4313/4313/4313 4327/4327/4327 4314/4314/4314
f 4314/4314/4314 4327/4327/4327 4328/4328/4328
f 4314/4314/4314 4328/4328/4328 4315/4315/4315
f 4315/4315/4315 4328/4328/4328 4329/4329/4329
f 4315/4315/4315 4329/4329/4329 4316/4316/4316
f 4316/4316/4316 4329/4329/4329 4330/4330/4330
f 4316/4316/4316 4330/4330/4330 4317/4317/4317
f 4317/4317/4317 4330/4330/4330 4331/4331/4331
f 4317/4317/4317 4331/4331/4331 4318/4318/4318
f 4318/4318/4318 4331/4331/4331 4332/4332/4332
f 4318/4318/4318 4332/4332/4332 4319/4319/4319
f 4320/4320/4320 4333/4333/4333 4334/4334/4334
f 4320/4320/4320 4334/4334/4334 4321/4321/4321
f 4321/4321/4321 4334/4334/4334 4335/4335/4335
f 4321/4321/4321 4335/4335/4335 4322/4322/4322
f 4322/4322/4322 4335/4335/4335 4336/4336/4336
f 4322/4322/4322 4336/4336/4336 4323/4323/4323
f 4323/4323/4323 4336/4336/4336 4337/4337/4337
f 4323/4323/4323 4337/4337/4337 4324/4324/4324
f 4324/4324/4324 4337/4337/4337 4338/4338/4338
f 4324/4324/4324 4338/4338/4338 4325/4325/4325
f 4325/4325/4325 4338/4338/4338 4339/4339/4339
f 4325/4325/4325 4339/4339/4339 4326/4326/4326
f 4326/4326/4326 4339/4339/4339 4340/4340/4340
f 4326/4326/4326 4340/4340/4340 4327/4327/4327
f 4327/4327/4327 4340/4340/4340 4341/4341/4341
f 4327/4327/4327 4341/4341/4341 4328/4328/4328
f 4328/4328/4328 4341/4341/4341 4342/4342/4342
f 4328/4328/4328 4342/4342/4342 4329/4329/4329
f 4329/4329/4329 4342/4342/4342 4343/4343/4343
f 4329/4329/4329 4343/4343/4343 4330/4330/4330
f 4330/4330/4330 4343/4343/4343 4344/4344/4344
f 4330/4330/4330 4344/4344/4344 4331/4331/4331
f 4331/4331/4331 4344/4344/4344 4345/4345/4345
f 4331/4331/4331 4345/4345/4345 4332/4332/4332
f 4333/4333/4333 4346/4346/4346 4347/4347/4347
f 4333/4333/4333 4347/4347/4347 4334/4334/4334
f 4334/4334/4334 4347/4347/4347 4348/4348/4348
f 4334/4334/4334 4348/4348/4348 4335/4335/4335
f 4335/4335/4335 4348/4348/4348 4349/4349/4349
f 4335/4335/4335 4349/4349/4349 4336/4336/4336
f 4336/4336/4336 4349/4349/4349 4350/4350/4350
f 4336/4336/4336 4350/4350/4350 4337/4337/4337
f 4337/4337/4337 4350/4350/4350 4351/4351/4351
f 4337/4337/4337 4351/4351/4351 4338/4338/4338
f 4338/4338/4338 4351/4351/4351 4352/4352/4352
f 4338/4338/4338 4352/4352/4352 4339/4339/4339
f 4339/4339/4339 4352/4352/4352 4353/4353/4353
f 4339/4339/4339 4353/4353/4353 4340/4340/4340
f 4340/4340/4340 4353/4353/4353 4354/4354/4354
f 4340/4340/4340 4354/4354/4354 4341/4341/4341
f 4341/4341/4341 4354/4354/4354 4355/4355/4355
f 4341/4341/4341 4355/4355/4355 4342/4342/4342
f 4342/4342/4342 4355/4355/4355 4356/4356/4356
f 4342/4342/4342 4356/4356/4356 4343/4343/4343
f 4343/4343/4343 4356/4356/4356 4357/4357/4357
f 4343/4343/4343 4357/4357/4357 4344/4344/4344
f 4344/4344/4344 4357/4357/4357 4358/4358/4358
f 4344/4344/4344 4358/4358/4358 4345/4345/4345
f 4346/4346/4346 4359/4359/4359 4360/4360/4360
f 4346/4346/4346 4360/4360/4360 4347/4347/4347
f 4347/4347/4347 4360/4360/4360 4361/4361/4361
f 4347/4347/4347 4361/4361/4361 4348/4348/4348
f 4348/4348/4348 4361/4361/4361 4362/4362/4362
f 4348/4348/4348 4362/4362/4362 4349/4349/4349
f 4349/4349/4349 4362/4362/4362 4363/4363/4363
f 4349/4349/4349 4363/4363/4363 4350/4350/4350
f 4350/4350/4350 4363/4363/4363 4364/4364/4364
f 4350/4350/4350 4364/4364/4364 4351/4351/4351
f 4351/4351/4351 4364/4364/4364 4365/4365/4365
f 4351/4351/4351 4365/4365/4365 4352/4352/4352
f 4352/4352/4352 4365/4365/4365 4366/4366/4366
f 4352/4352/4352 4366/4366/4366 4353/4353/4353
f 4353/4353/4353 4366/4366/4366 4367/4367/4367
f 4353/4353/4353 4367/4367/4367 4354/4354/4354
f 4354/4354/4354 4367/4367/4367 4368/4368/4368
f 4354/4354/4354 4368/4368/4368 4355/4355/4355
f 4355/4355/4355 4368/4368/4368 4369/4369/4369
f 4355/4355/4355 4369/4369/4369 4356/4356/4356
f 4356/4356/4356 4369/4369/4369 4370/4370/4370
f 4356/4356/4356 4370/4370/4370 4357/4357/4357
f 4357/4357/4357 4370/4370/4370 4371/4371/4371
f 4357/4357/4357 4371/4371/4371 4358/4358/4358
f 5099/5099/5099 5114/5114/5114 5115/5115/5115
f 5099/5099/5099 5115/5115/5115 5100/5100/5100
f 5100/5100/5100 5115/5115/5115 5116/5116/5116
f 5100/5100/5100 5116/5116/5116 5101/5101/5101
f 5101/5101/5101 5116/5116/5116 5117/5117/5117
f 5101/5101/5101 5117/5117/5117 5102/5102/5102
f 5102/5102/5102 5117/5117/5117 5118/5118/5118
f 5102/5102/5102 5118/5118/5118 5103/5103/5103
f 5103/5103/5103 5118/5118/5118 5119/5119/5119
f 5103/5103/5103 5119/5119/5119 5104/5104/5104
f 5104/5104/5104 5119/5119/5119 5120/5120/5120
f 5104/5104/5104 5120/5120/5120 5105/5105/5105
f 5105/5105/5105 5120/5120/5120 5121/5121/5121
f 5105/5105/5105 5121/5121/5121 5106/5106/5106
f 5106/5106/5106 5121/5121/5121 5122/5122/5122
f 5106/5106/5106 5122/5122/5122 5107/5107/5107
f 5107/5107/5107 5122/5122/5122 5123/5123/5123
f 5107/5107/5107 5123/5123/5123 5108/5108/5108
f 5108/5108/5108 5123/5123/5123 5124/5124/5124
f 5108/5108/5108 5124/5124/5124 5109/5109/5109
f 5109/5109/5109 5124/5124/5124 5125/5125/5125
f 5109/5109/5109 5125/5125/5125 5110/5110/5110
f 5110/5110/5110 5125/5125/5125 5126/5126/5126
f 5110/5110/5110 5126/5126/5126 5111/5111/5111
f 5111/5111/5111 5126/5126/5126 5127/5127/5127
f 5111/5111/5111 5127/5127/5127 5112/5112/5112
f 5112/5112/5112 5127/5127/5127 5128/5128/5128
f 5112/5112/5112 5128/5128/5128 5113/5113/5113
f 5114/5114/5114 5129/5129/5129 5130/5130/5130
f 5114/5114/5114 5130/5130/5130 5115/5115/5115
f 5115/5115/5115 5130/5130/5130 5131/5131/5131
f 5115/5115/5115 5131/5131/5131 5116/5116/5116
f 5116/5116/5116 5131/5131/5131 5132/5132/5132
f 5116/5116/5116 5132/5132/5132 5117/5117/5117
f 5117/5117/5117 5132/5132/5132 5133/5133/5133
f 5117/5117/5117 5133/5133/5133 5118/5118/5118
f 5118/5118/5118 5133/5133/5133 5134/5134/5134
f 5118/5118/5118 5134/5134/5134 5119/5119/5119
f 5119/5119/5119 5134/5134/5134 5135/5135/5135
f 5119/5119/5119 5135/5135/5135 5120/5120/5120
f 5120/5120/5120 5135/5135/5135 5136/5136/5136
f 5120/5120/5120 5136/5136/5136 5121/5121/5121
f 5121/5121/5121 5136/5136/5136 5137/5137/5137
f 5121/5121/5121 5137/5137/5137 5122/5122/5122
f 5122/5122/5122 5137/5137/5137 5138/5138/5138
f 5122/5122/5122 5138/5138/5138 5123/5123/5123
f 5123/5123/5123 5138/5138/5138 5139/5139/5139
f 5123/5123/5123 5139/5139/5139 5124/5124/5124
f 5124/5124/5124 5139/5139/5139 5140/5140/5140
f 5124/5124/5124 5140/5140/5140 5125/5125/5125
f 5125/5125/5125 5140/5140/5140 5141/5141/5141
f 5125/5125/5125 5141/5141/5141 5126/5126/5126
f 5126/5126/5126 5141/5141/5141 5142/5142/5142
f 5126/5126/5126 5142/5142/5142 5127/5127/5127
f 5127/5127/5127 5142/5142/5142 5143/5143/5143
f 5127/5127/5127 5143/5143/5143 5128/5128/5128
f 5129/5129/5129 5144/5144/5144 5145/5145/5145
f 5129/5129/5129 5145/5145/5145 5130/5130/5130
f 5130/5130/5130 5145/5145/5145 5146/5146/5146
f 5130/5130/5130 5146/5146/5146 5131/5131/5131
f 5131/5131/5131 5146/5146/5146 5147/5147/5147
f 5131/5131/5131 5147/5147/5147 5132/5132/5132
f 5132/5132/5132 5147/5147/5147 5148/5148/5148
f 5132/5132/5132 5148/5148/5148 5133/5133/5133
f 5133/5133/5133 5148/5148/5148 5149/5149/5149
f 5133/5133/5133 5149/5149/5149 5134/5134/5134
f 5134/5134/5134 5149/5149/5149 5150/5150/5150
f 5134/5134/5134 5150/5150/5150 5135/5135/5135
f 5135/5135/5135 5150/5150/5150 5151/5151/5151
f 5135/5135/5135 5151/5151/5151 5136/5136/5136
f 5136/5136/5136 5151/5151/5151 5152/5152/5152
f 5136/5136/5136 5152/5152/5152 5137/5137/5137
f 5137/5137/5137 5152/5152/5152 5153/5153/5153
f 5137/5137/5137 5153/5153/5153 5138/5138/5138
f 5138/5138/5138 5153/5153/5153 5154/5154/5154
f 5138/5138/5138 5154/5154/5154 5139/5139/5139
f 5139/5139/5139 5154/5154/5154 5155/5155/5155
f 5139/5139/5139 5155/5155/5155 5140/5140/5140
f 5140/5140/5140 5155/5155/5155 5156/5156/5156
f 5140/5140/5140 5156/5156/5156 5141/5141/5141
f 5141/5141/5141 5156/5156/5156 5157/5157/5157
f 5141/5141/5141 5157/5157/5157 5142/5142/5142
f 5142/5142/5142 5157/5157/5157 5158/5158/5158
f 5142/5142/5142 5158/5158/5158 5143/5143/5143
f 5144/5144/5144 5159/5159/5159 5160/5160/5160
f 5144/5144/5144 5160/5160/5160 5145/5145/5145
f 5145/5145/5145 5160/5160/5160 5161/5161/5161
f 5145/5145/5145 5161/5161/5161 5146/5146/5146
f 5146/5146/5146 5161/5161/5161 5162/5162/5162
f 5146/5146/5146 5162/5162/5162 5147/5147/5147
f 5147/5147/5147 5162/5162/5162 5163/5163/5163
f 5147/5147/5147 5163/5163/5163 5148/5148/5148
f 5148/5148/5148 5163/5163/5163 5164/5164/5164
f 5148/5148/5148 5164/5164/5164 5149/5149/5149
f 5149/5149/5149 5164/5164/5164 5165/5165/5165
f 5149/5149/5149 5165/5165/5165 5150/5150/5150
f 5150/5150/5150 5165/5165/5165 5166/5166/5166
f 5150/5150/5150 5166/5166/5166 5151/5151/5151
f 5151/5151/5151 5166/5166/5166 5167/5167/5167
f 5151/5151/5151 5167/5167/5167 5152/5152/5152
f 5152/5152/5152 5167/5167/5167 5168/5168/5168
f 5152/5152/5152 5168/5168/5168 5153/5153/5153
f 5153/5153/5153 5168/5168/5168 5169/5169/5169
f 5153/5153/5153 5169/5169/5169 5154/5154/5154
f 5154/5154/5154 5169/5169/5169 5170/5170/5170
f 5154/5154/5154 5170/5170/5170 5155/5155/5155
f 5155/5155/5155 5170/5170/5170 5171/5171/5171
f 5155/5155/5155 5171/5171/5171 5156/5156/5156
f 5156/5156/5156 5171/5171/5171 5172/5172/5172
f 5156/5156/5156 5172/5172/5172 5157/5157/5157
f 5157/5157/5157 5172/5172/5172 5173/5173/5173
f 5157/5157/5157 5173/5173/5173 5158/5158/5158
f 5159/5159/5159 5174/5174/5174 5175/5175/5175
f 5159/5159/5159 5175/5175/5175 5160/5160/5160
f 5160/5160/5160 5175/5175/5175 5176/5176/5176
f 5160/5160/5160 5176/5176/5176 5161/5161/5161
f 5161/5161/5161 5176/5176/5176 5177/5177/5177
f 5161/5161/5161 5177/5177/5177 5162/5162/5162
f 5162/5162/5162 5177/5177/5177 5178/5178/5178
f 5162/5162/5162 5178/5178/5178 5163/5163/5163
f 5163/5163/5163 5178/5178/5178 5179/5179/5179
f 5163/5163/5163 5179/5179/5179 5164/5164/5164
f 5164/5164/5164 5179/5179/5179 5180/5180/5180
f 5164/5164/5164 5180/5180/5180 5165/5165/5165
f 5165/5165/5165 5180/5180/5180 5181/5181/5181
f 5165/5165/5165 5181/5181/5181 5166/5166/5166
f 5166/5166/5166 5181/5181/5181 5182/5182/5182
f 5166/5166/5166 5182/5182/5182 5167/5167/5167
f 5167/5167/5167 5182/5182/5182 5183/5183/5183
f 5167/5167/5167 5183/5183/5183 5168/5168/5168
f 5168/5168/5168 5183/5183/5183 5184/5184/5184
f 5168/5168/5168 5184/5184/5184 5169/5169/5169
f 5169/5169/5169 5184/5184/5184 5185/5185/5185
f 5169/5169/5169 5185/5185/5185 5170/5170/5170
f 5170/5170/5170 5185/5185/5185 5186/5186/5186
f 5170/5170/5170 5186/5186/5186 5171/5171/5171
f 5171/5171/5171 5186/5186/5186 5187/5187/5187
f 5171/5171/5171 5187/5187/5187 5172/5172/5172
f 5172/5172/5172 5187/5187/5187 5188/5188/5188
f 5172/5172/5172 5188/5188/5188 5173/5173/5173
f 5174/5174/5174 5189/5189/5189 5190/5190/5190
f 5174/5174/5174 5190/5190/5190 5175/5175/5175
f 5175/5175/5175 5190/5190/5190 5191/5191/5191
f 5175/5175/5175 5191/5191/5191 5176/5176/5176
f 5176/5176/5176 5191/5191/5191 5192/5192/5192
f 5176/5176/5176 5192/5192/5192 5177/5177/5177
f 5177/5177/5177 5192/5192/5192 5193/5193/5193
f 5177/5177/5177 5193/5193/5193 5178/5178/5178
f 5178/5178/5178 5193/5193/5193 5194/5194/5194
f 5178/5178/5178 5194/5194/5194 5179/5179/5179
f 5179/5179/5179 5194/5194/5194 5195/5195/5195
f 5179/5179/5179 5195/5195/5195 5180/5180/5180
f 5180/5180/5180 5195/5195/5195 5196/5196/5196
f 5180/5180/5180 5196/5196/5196 5181/5181/5181
f 5181/5181/5181 5196/5196/5196 5197/5197/5197
f 5181/5181/5181 5197/5197/5197 5182/5182/5182
f 5182/5182/5182 5197/5197/5197 5198/5198/5198
f 5182/5182/5182 5198/5198/5198 5183/5183/5183
f 5183/5183/5183 5198/5198/5198 5199/5199/5199
f 5183/5183/5183 5199/5199/5199 5184/5184/5184
f 5184/5184/5184 5199/5199/5199 5200/5200/5200
f 5184/5184/5184 5200/5200/5200 5185/5185/5185
f 5185/5185/5185 5200/5200/5200 5201/5201/5201
f 5185/5185/5185 5201/5201/5201 5186/5186/5186
f 5186/5186/5186 5201/5201/5201 5202/5202/5202
f 5186/5186/5186 5202/5202/5202 5187/5187/5187
f 5187/5187/5187 5202/5202/5202 5203/5203/5203
f 5187/5187/5187 5203/5203/5203 5188/5188/5188
f 5204/5204/5204 5219/5219/5219 5220/5220/5220
f 5204/5204/5204 5220/5220/5220 5205/5205/5205
f 5205/5205/5205 5220/5220/5220 5221/5221/5221
f 5205/5205/5205 5221/5221/5221 5206/5206/5206
f 5206/5206/5206 5221/5221/5221 5222/5222/5222
f 5206/5206/5206 5222/5222/5222 5207/5207/5207
f 5207/5207/5207 5222/5222/5222 5223/5223/5223
f 5207/5207/5207 5223/5223/5223 5208/5208/5208
f 5208/5208/5208 5223/5223/5223 5224/5224/5224
f 5208/5208/5208 5224/5224/5224 5209/5209/5209
f 5209/5209/5209 5224/5224/5224 5225/5225/5225
f 5209/5209/5209 5225/5225/5225 5210/5210/5210
f 5210/5210/5210 5225/5225/5225 5226/5226/5226
f 5210/5210/5210 5226/5226/5226 5211/5211/5211
f 5211/5211/5211 5226/5226/5226 5227/5227/5227
f 5211/5211/5211 5227/5227/5227 5212/5212/5212
f 5212/5212/5212 5227/5227/5227 5228/5228/5228
f 5212/5212/5212 5228/5228/5228 5213/5213/5213
f 5213/5213/5213 5228/5228/5228 5229/5229/5229
f 5213/5213/5213 5229/5229/5229 5214/5214/5214
f 5214/5214/5214 5229/5229/5229 5230/5230/5230
f 5214/5214/5214 5230/5230/5230 5215/5215/5215
f 5215/5215/5215 5230/5230/5230 5231/5231/5231
f 5215/5215/5215 5231/5231/5231 5216/5216/5216
f 5216/5216/5216 5231/5231/5231 5232/5232/5232
f 5216/5216/5216 5232/5232/5232 5217/5217/5217
f 5217/5217/5217 5232/5232/5232 5233/5233/5233
f 5217/5217/5217 5233/5233/5233 5218/5218/5218
f 5219/5219/5219 5234/5234/5234 5235/5235/5235
f 5219/5219/5219 5235/5235/5235 5220/5220/5220
f 5220/5220/5220 5235/5235/5235 5236/5236/5236
f 5220/5220/5220 5236/5236/5236 5221/5221/5221
f 5221/5221/5221 5236/5236/5236 5237/5237/5237
f 5221/5221/5221 5237/5237/5237 5222/5222/5222
f 5222/5222/5222 5237/5237/5237 5238/5238/5238
f 5222/5222/5222 5238/5238/5238 5223/5223/5223
f 5223/5223/5223 5238/5238/5238 5239/5239/5239
f 5223/5223/5223 5239/5239/5239 5224/5224/5224
f 5224/5224/5224 5239/5239/5239 5240/5240/5240
f 5224/5224/5224 5240/5240/5240 5225/5225/5225
f 5225/5225/5225 5240/5240/5240 5241/5241/5241
f 5225/5225/5225 5241/5241/5241 5226/5226/5226
f 5226/5226/5226 5241/5241/5241 5242/5242/5242
f 5226/5226/5226 5242/5242/5242 5227/5227/5227
f 5227/5227/5227 5242/5242/5242 5243/5243/5243
f 5227/5227/5227 5243/5243/5243 5228/5228/5228
f 5228/5228/5228 5243/5243/5243 5244/5244/5244
f 5228/5228/5228 5244/5244/5244 5229/5229/5229
f 5229/5229/5229 5244/5244/5244 5245/5245/5245
f 5229/5229/5229 5245/5245/5245 5230/5230/5230
f 5230/5230/5230 5245/5245/5245 5246/5246/5246
f 5230/5230/5230 5246/5246/5246 5231/5231/5231
f 5231/5231/5231 5246/5246/5246 5247/5247/5247
f 5231/5231/5231 5247/5247/5247 5232/5232/5232
f 5232/5232/5232 5247/5247/5247 5248/5248/5248
f 5232/5232/5232 5248/5248/5248 5233/5233/5233
f 5234/5234/5234 5249/5249/5249 5250/5250/5250
f 5234/5234/5234 5250/5250/5250 5235/5235/5235
f 5235/5235/5235 5250/5250/5250 5251/5251/5251
f 5235/5235/5235 5251/5251/5251 5236/5236/5236
f 5236/5236/5236 5251/5251/5251 5252/5252/5252
f 5236/5236/5236 5252/5252/5252 5237/5237/5237
f 5237/5237/5237 5252/5252/5252 5253/5253/5253
f 5237/5237/5237 5253/5253/5253 5238/5238/5238
f 5238/5238/5238 5253/5253/5253 5254/5254/5254
f 5238/5238/5238 5254/5254/5254 5239/5239/5239
f 5239/5239/5239 5254/5254/5254 5255/5255/5255
f 5239/5239/5239 5255/5255/5255 5240/5240/5240
f 5240/5240/5240 5255/5255/5255 5256/5256/5256
f 5240/5240/5240 5256/5256/5256 5241/5241/5241
f 5241/5241/5241 5256/5256/5256 5257/5257/5257
f 5241/5241/5241 5257/5257/5257 5242/5242/5242
f 5242/5242/5242 5257/5257/5257 5258/5258/5258
f 5242/5242/5242 5258/5258/5258 5243/5243/5243
f 5243/5243/5243 5258/5258/5258 5259/5259/5259
f 5243/5243/5243 5259/5259/5259 5244/5244/5244
f 5244/5244/5244 5259/5259/5259 5260/5260/5260
f 5244/5244/5244 5260/5260/5260 5245/5245/5245
f 5245/5245/5245 5260/5260/5260 5261/5261/5261
f 5245/5245/5245 5261/5261/5261 5246/5246/5246
f 5246/5246/5246 5261/5261/5261 5262/5262/5262
f 5246/5246/5246 5262/5262/5262 5247/5247/5247
f 5247/5247/5247 5262/5262/5262 5263/5263/5263
f 5247/5247/5247 5263/5263/5263 5248/5248/5248
f 5249/5249/5249 5264/5264/5264 5265/5265/5265
f 5249/5249/5249 5265/5265/5265 5250/5250/5250
f 5250/5250/5250 5265/5265/5265 5266/5266/5266
f 5250/5250/5250 5266/5266/5266 5251/5251/5251
f 5251/5251/5251 5266/5266/5266 5267/5267/5267
f 5251/5251/5251 5267/5267/5267 5252/5252/5252
f 5252/5252/5252 5267/5267/5267 5268/5268/5268
f 5252/5252/5252 5268/5268/5268 5253/5253/5253
f 5253/5253/5253 5268/5268/5268 5269/5269/5269
f 5253/5253/5253 5269/5269/5269 5254/5254/5254
f 5254/5254/5254 5269/5269/5269 5270/5270/5270
f 5254/5254/5254 5270/5270/5270 5255/5255/5255
f 5255/5255/5255 5270/5270/5270 5271/5271/5271
f 5255/5255/5255 5271/5271/5271 5256/5256/5256
f 5256/5256/5256 5271/5271/5271 5272/5272/5272
f 5256/5256/5256 5272/5272/5272 5257/5257/5257
f 5257/5257/5257 5272/5272/5272 5273/5273/5273
f 5257/5257/5257 5273/5273/5273 5258/5258/5258
f 5258/5258/5258 5273/5273/5273 5274/5274/5274
f 5258/5258/5258 5274/5274/5274 5259/5259/5259
f 5259/5259/5259 5274/5274/5274 5275/5275/5275
f 5259/5259/5259 5275/5275/5275 5260/5260/5260
f 5260/5260/5260 5275/5275/5275 5276/5276/5276
f 5260/5260/5260 5276/5276/5276 5261/5261/5261
f 5261/5261/5261 5276/5276/5276 5277/5277/5277
f 5261/5261/5261 5277/5277/5277 5262/5262/5262
f 5262/5262/5262 5277/5277/5277 5278/5278/5278
f 5262/5262/5262 5278/5278/5278 5263/5263/5263
f 5264/5264/5264 5279/5279/5279 5280/5280/5280
f 5264/5264/5264 5280/5280/5280 5265/5265/5265
f 5265/5265/5265 5280/5280/5280 5281/5281/5281
f 5265/5265/5265 5281/5281/5281 5266/5266/5266
f 5266/5266/5266 5281/5281/5281 5282/5282/5282
f 5266/5266/5266 5282/5282/5282 5267/5267/5267
f 5267/5267/5267 5282/5282/5282 5283/5283/5283
f 5267/5267/5267 5283/5283/5283 5268/5268/5268
f 5268/5268/5268 5283/5283/5283 5284/5284/5284
f 5268/5268/5268 5284/5284/5284 5269/5269/5269
f 5269/5269/5269 5284/5284/5284 5285/5285/5285
f 5269/5269/5269 5285/5285/5285 5270/5270/5270
f 5270/5270/5270 5285/5285/5285 5286/5286/5286
f 5270/5270/5270 5286/5286/5286 5271/5271/5271
f 5271/5271/5271 5286/5286/5286 5287/5287/5287
f 5271/5271/5271 5287/5287/5287 5272/5272/5272
f 5272/5272/5272 5287/5287/5287 5288/5288/5288
f 5272/5272/5272 5288/5288/5288 5273/5273/5273
f 5273/5273/5273 5288/5288/5288 5289/5289/5289
f 5273/5273/5273 5289/5289/5289 5274/5274/5274
f 5274/5274/5274 5289/5289/5289 5290/5290/5290
f 5274/5274/5274 5290/5290/5290 5275/5275/5275
f 5275/5275/5275 5290/5290/5290 5291/5291/5291
f 5275/5275/5275 5291/5291/5291 5276/5276/5276
f 5276/5276/5276 5291/5291/5291 5292/5292/5292
f 5276/5276/5276 5292/5292/5292 5277/5277/5277
f 5277/5277/5277 5292/5292/5292 5293/5293/5293
f 5277/5277/5277 5293/5293/5293 5278/5278/5278
f 5279/5279/5279 5294/5294/5294 5295/5295/5295
f 5279/5279/5279 5295/5295/5295 5280/5280/5280
f 5280/5280/5280 5295/5295/5295 5296/5296/5296
f 5280/5280/5280 5296/5296/5296 5281/5281/5281
f 5281/5281/5281 5296/5296/5296 5297/5297/5297
f 5281/5281/5281 5297/5297/5297 5282/5282/5282
f 5282/5282/5282 5297/5297/5297 5298/5298/5298
f 5282/5282/5282 5298/5298/5298 5283/5283/5283
f 5283/5283/5283 5298/5298/5298 5299/5299/5299
f 5283/5283/5283 5299/5299/5299 5284/5284/5284
f 5284/5284/5284 5299/5299/5299 5300/5300/5300
f 5284/5284/5284 5300/5300/5300 5285/5285/5285
f 5285/5285/5285 5300/5300/5300 5301/5301/5301
f 5285/5285/5285 5301/5301/5301 5286/5286/5286
f 5286/5286/5286 5301/5301/5301 5302/5302/5302
f 5286/5286/5286 5302/5302/5302 5287/5287/5287
f 5287/5287/5287 5302/5302/5302 5303/5303/5303
f 5287/5287/5287 5303/5303/5303 5288/5288/5288
f 5288/5288/5288 5303/5303/5303 5304/5304/5304
f 5288/5288/5288 5304/5304/5304 5289/5289/5289
f 5289/5289/5289 5304/5304/5304 5305/5305/5305
f 5289/5289/5289 5305/5305/5305 5290/5290/5290
f 5290/5290/5290 5305/5305/5305 5306/5306/5306
f 5290/5290/5290 5306/5306/5306 5291/5291/5291
f 5291/5291/5291 5306/5306/5306 5307/5307/5307
f 5291/5291/5291 5307/5307/5307 5292/5292/5292
f 5292/5292/5292 5307/5307/5307 5308/5308/5308
f 5292/5292/5292 5308/5308/5308 5293/5293/5293
usemtl Blush
f 4372/4372/4372 4385/4385/4385 4386/4386/4386
f 4372/4372/4372 4386/4386/4386 4373/4373/4373
f 4373/4373/4373 4386/4386/4386 4387/4387/4387
f 4373/4373/4373 4387/4387/4387 4374/4374/4374
f 4374/4374/4374 4387/4387/4387 4388/4388/4388
f 4374/4374/4374 4388/4388/4388 4375/4375/4375
f 4375/4375/4375 4388/4388/4388 4389/4389/4389
f 4375/4375/4375 4389/4389/4389 4376/4376/4376
f 4376/4376/4376 4389/4389/4389 4390/4390/4390
f 4376/4376/4376 4390/4390/4390 4377/4377/4377
f 4377/4377/4377 4390/4390/4390 4391/4391/4391
f 4377/4377/4377 4391/4391/4391 4378/4378/4378
f 4378/4378/4378 4391/4391/4391 4392/4392/4392
f 4378/4378/4378 4392/4392/4392 4379/4379/4379
f 4379/4379/4379 4392/4392/4392 4393/4393/4393
f 4379/4379/4379 4393/4393/4393 4380/4380/4380
f 4380/4380/4380 4393/4393/4393 4394/4394/4394
f 4380/4380/4380 4394/4394/4394 4381/4381/4381
f 4381/4381/4381 4394/4394/4394 4395/4395/4395
f 4381/4381/4381 4395/4395/4395 4382/4382/4382
f 4382/4382/4382 4395/4395/4395 4396/4396/4396
f 4382/4382/4382 4396/4396/4396 4383/4383/4383
f 4383/4383/4383 4396/4396/4396 4397/4397/4397
f 4383/4383/4383 4397/4397/4397 4384/4384/4384
f 4385/4385/4385 4398/4398/4398 4399/4399/4399
f 4385/4385/4385 4399/4399/4399 4386/4386/4386
f 4386/4386/4386 4399/4399/4399 4400/4400/4400
f 4386/4386/4386 4400/4400/4400 4387/4387/4387
f 4387/4387/4387 4400/4400/4400 4401/4401/4401
f 4387/4387/4387 4401/4401/4401 4388/4388/4388
f 4388/4388/4388 4401/4401/4401 4402/4402/4402
f 4388/4388/4388 4402/4402/4402 4389/4389/4389
f 4389/4389/4389 4402/4402/4402 4403/4403/4403
f 4389/4389/4389 4403/4403/4403 4390/4390/4390
f 4390/4390/4390 4403/4403/4403 4404/4404/4404
f 4390/4390/4390 4404/4404/4404 4391/4391/4391
f 4391/4391/4391 4404/4404/4404 4405/4405/4405
f 4391/4391/4391 4405/4405/4405 4392/4392/4392
f 4392/4392/4392 4405/4405/4405 4406/4406/4406
f 4392/4392/4392 4406/4406/4406 4393/4393/4393
f 4393/4393/4393 4406/4406/4406 4407/4407/4407
f 4393/4393/4393 4407/4407/4407 4394/4394/4394
f 4394/4394/4394 4407/4407/4407 4408/4408/4408
f 4394/4394/4394 4408/4408/4408 4395/4395/4395
f 4395/4395/4395 4408/4408/4408 4409/4409/4409
f 4395/4395/4395 4409/4409/4409 4396/4396/4396
f 4396/4396/4396 4409/4409/4409 4410/4410/4410
f 4396/4396/4396 4410/4410/4410 4397/4397/4397
f 4398/4398/4398 4411/4411/4411 4412/4412/4412
f 4398/4398/4398 4412/4412/4412 4399/4399/4399
f 4399/4399/4399 4412/4412/4412 4413/4413/4413
f 4399/4399/4399 4413/4413/4413 4400/4400/4400
f 4400/4400/4400 4413/4413/4413 4414/4414/4414
f 4400/4400/4400 4414/4414/4414 4401/4401/4401
f 4401/4401/4401 4414/4414/4414 4415/4415/4415
f 4401/4401/4401 4415/4415/4415 4402/4402/4402
f 4402/4402/4402 4415/4415/4415 4416/4416/4416
f 4402/4402/4402 4416/4416/4416 4403/4403/4403
f 4403/4403/4403 4416/4416/4416 4417/4417/4417
f 4403/4403/4403 4417/4417/4417 4404/4404/4404
f 4404/4404/4404 4417/4417/4417 4418/4418/4418
f 4404/4404/4404 4418/4418/4418 4405/4405/4405
f 4405/4405/4405 4418/4418/4418 4419/4419/4419
f 4405/4405/4405 4419/4419/4419 4406/4406/4406
f 4406/4406/4406 4419/4419/4419 4420/4420/4420
f 4406/4406/4406 4420/4420/4420 4407/4407/4407
f 4407/4407/4407 4420/4420/4420 4421/4421/4421
f 4407/4407/4407 4421/4421/4421 4408/4408/4408
f 4408/4408/4408 4421/4421/4421 4422/4422/4422
f 4408/4408/4408 4422/4422/4422 4409/4409/4409
f 4409/4409/4409 4422/4422/4422 4423/4423/4423
f 4409/4409/4409 4423/4423/4423 4410/4410/4410
f 4411/4411/4411 4424/4424/4424 4425/4425/4425
f 4411/4411/4411 4425/4425/4425 4412/4412/4412
f 4412/4412/4412 4425/4425/4425 4426/4426/4426
f 4412/4412/4412 4426/4426/4426 4413/4413/4413
f 4413/4413/4413 4426/4426/4426 4427/4427/4427
f 4413/4413/4413 4427/4427/4427 4414/4414/4414
f 4414/4414/4414 4427/4427/4427 4428/4428/4428
f 4414/4414/4414 4428/4428/4428 4415/4415/4415
f 4415/4415/4415 4428/4428/4428 4429/4429/4429
f 4415/4415/4415 4429/4429/4429 4416/4416/4416
f 4416/4416/4416 4429/4429/4429 4430/4430/4430
f 4416/4416/4416 4430/4430/4430 4417/4417/4417
f 4417/4417/4417 4430/4430/4430 4431/4431/4431
f 4417/4417/4417 4431/4431/4431 4418/4418/4418
f 4418/4418/4418 4431/4431/4431 4432/4432/4432
f 4418/4418/4418 4432/4432/4432 4419/4419/4419
f 4419/4419/4419 4432/4432/4432 4433/4433/4433
f 4419/4419/4419 4433/4433/4433 4420/4420/4420
f 4420/4420/4420 4433/4433/4433 4434/4434/4434
f 4420/4420/4420 4434/4434/4434 4421/4421/4421
f 4421/4421/4421 4434/4434/4434 4435/4435/4435
f 4421/4421/4421 4435/4435/4435 4422/4422/4422
f 4422/4422/4422 4435/4435/4435 4436/4436/4436
f 4422/4422/4422 4436/4436/4436 4423/4423/4423
f 4424/4424/4424 4437/4437/4437 4438/4438/4438
f 4424/4424/4424 4438/4438/4438 4425/4425/4425
f 4425/4425/4425 4438/4438/4438 4439/4439/4439
f 4425/4425/4425 4439/4439/4439 4426/4426/4426
f 4426/4426/4426 4439/4439/4439 4440/4440/4440
f 4426/4426/4426 4440/4440/4440 4427/4427/4427
f 4427/4427/4427 4440/4440/4440 4441/4441/4441
f 4427/4427/4427 4441/4441/4441 4428/4428/4428
f 4428/4428/4428 4441/4441/4441 4442/4442/4442
f 4428/4428/4428 4442/4442/4442 4429/4429/4429
f 4429/4429/4429 4442/4442/4442 4443/4443/4443
f 4429/4429/4429 4443/4443/4443 4430/4430/4430
f 4430/4430/4430 4443/4443/4443 4444/4444/4444
f 4430/4430/4430 4444/4444/4444 4431/4431/4431
f 4431/4431/4431 4444/4444/4444 4445/4445/4445
f 4431/4431/4431 4445/4445/4445 4432/4432/4432
f 4432/4432/4432 4445/4445/4445 4446/4446/4446
f 4432/4432/4432 4446/4446/4446 4433/4433/4433
f 4433/4433/4433 4446/4446/4446 4447/4447/4447
f 4433/4433/4433 4447/4447/4447 4434/4434/4434
f 4434/4434/4434 4447/4447/4447 4448/4448/4448
f 4434/4434/4434 4448/4448/4448 4435/4435/4435
f 4435/4435/4435 4448/4448/4448 4449/4449/4449
f 4435/4435/4435 4449/4449/4449 4436/4436/4436
f 4437/4437/4437 4450/4450/4450 4451/4451/4451
f 4437/4437/4437 4451/4451/4451 4438/4438/4438
f 4438/4438/4438 4451/4451/4451 4452/4452/4452
f 4438/4438/4438 4452/4452/4452 4439/4439/4439
f 4439/4439/4439 4452/4452/4452 4453/4453/4453
f 4439/4439/4439 4453/4453/4453 4440/4440/4440
f 4440/4440/4440 4453/4453/4453 4454/4454/4454
f 4440/4440/4440 4454/4454/4454 4441/4441/4441
f 4441/4441/4441 4454/4454/4454 4455/4455/4455
f 4441/4441/4441 4455/4455/4455 4442/4442/4442
f 4442/4442/4442 4455/4455/4455 4456/4456/4456
f 4442/4442/4442 4456/4456/4456 4443/4443/4443
f 4443/4443/4443 4456/4456/4456 4457/4457/4457
f 4443/4443/4443 4457/4457/4457 4444/4444/4444
f 4444/4444/4444 4457/4457/4457 4458/4458/4458
f 4444/4444/4444 4458/4458/4458 4445/4445/4445
f 4445/4445/4445 4458/4458/4458 4459/4459/4459
f 4445/4445/4445 4459/4459/4459 4446/4446/4446
f 4446/4446/4446 4459/4459/4459 4460/4460/4460
f 4446/4446/4446 4460/4460/4460 4447/4447/4447
f 4447/4447/4447 4460/4460/4460 4461/4461/4461
f 4447/4447/4447 4461/4461/4461 4448/4448/4448
f 4448/4448/4448 4461/4461/4461 4462/4462/4462
f 4448/4448/4448 4462/4462/4462 4449/4449/4449
f 4463/4463/4463 4476/4476/4476 4477/4477/4477
f 4463/4463/4463 4477/4477/4477 4464/4464/4464
f 4464/4464/4464 4477/4477/4477 4478/4478/4478
f 4464/4464/4464 4478/4478/4478 4465/4465/4465
f 4465/4465/4465 4478/4478/4478 4479/4479/4479
f 4465/4465/4465 4479/4479/4479 4466/4466/4466
f 4466/4466/4466 4479/4479/4479 4480/4480/4480
f 4466/4466/4466 4480/4480/4480 4467/4467/4467
f 4467/4467/4467 4480/4480/4480 4481/4481/4481
f 4467/4467/4467 4481/4481/4481 4468/4468/4468
f 4468/4468/4468 4481/4481/4481 4482/4482/4482
f 4468/4468/4468 4482/4482/4482 4469/4469/4469
f 4469/4469/4469 4482/4482/4482 4483/4483/4483
f 4469/4469/4469 4483/4483/4483 4470/4470/4470
f 4470/4470/4470 4483/4483/4483 4484/4484/4484
f 4470/4470/4470 4484/4484/4484 4471/4471/4471
f 4471/4471/4471 4484/4484/4484 4485/4485/4485
f 4471/4471/4471 4485/4485/4485 4472/4472/4472
f 4472/4472/4472 4485/4485/4485 4486/4486/4486
f 4472/4472/4472 4486/4486/4486 4473/4473/4473
f 4473/4473/4473 4486/4486/4486 4487/4487/4487
f 4473/4473/4473 4487/4487/4487 4474/4474/4474
f 4474/4474/4474 4487/4487/4487 4488/4488/4488
f 4474/4474/4474 4488/4488/4488 4475/4475/4475
f 4476/4476/4476 4489/4489/4489 4490/4490/4490
f 4476/4476/4476 4490/4490/4490 4477/4477/4477
f 4477/4477/4477 4490/4490/4490 4491/4491/4491
f 4477/4477/4477 4491/4491/4491 4478/4478/4478
f 4478/4478/4478 4491/4491/4491 4492/4492/4492
f 4478/4478/4478 4492/4492/4492 4479/4479/4479
f 4479/4479/4479 4492/4492/4492 4493/4493/4493
f 4479/4479/4479 4493/4493/4493 4480/4480/4480
f 4480/4480/4480 4493/4493/4493 4494/4494/4494
f 4480/4480/4480 4494/4494/4494 4481/4481/4481
f 4481/4481/4481 4494/4494/4494 4495/4495/4495
f 4481/4481/4481 4495/4495/4495 4482/4482/4482
f 4482/4482/4482 4495/4495/4495 4496/4496/4496
f 4482/4482/4482 4496/4496/4496 4483/4483/4483
f 4483/4483/4483 4496/4496/4496 4497/4497/4497
f 4483/4483/4483 4497/4497/4497 4484/4484/4484
f 4484/4484/4484 4497/4497/4497 4498/4498/4498
f 4484/4484/4484 4498/4498/4498 4485/4485/4485
f 4485/4485/4485 4498/4498/4498 4499/4499/4499
f 4485/4485/4485 4499/4499/4499 4486/4486/4486
f 4486/4486/4486 4499/4499/4499 4500/4500/4500
f 4486/4486/4486 4500/4500/4500 4487/4487/4487
f 4487/4487/4487 4500/4500/4500 4501/4501/4501
f 4487/4487/4487 4501/4501/4501 4488/4488/4488
f 4489/4489/4489 4502/4502/4502 4503/4503/4503
f 4489/4489/4489 4503/4503/4503 4490/4490/4490
f 4490/4490/4490 4503/4503/4503 4504/4504/4504
f 4490/4490/4490 4504/4504/4504 4491/4491/4491
f 4491/4491/4491 4504/4504/4504 4505/4505/4505
f 4491/4491/4491 4505/4505/4505 4492/4492/4492
f 4492/4492/4492 4505/4505/4505 4506/4506/4506
f 4492/4492/4492 4506/4506/4506 4493/4493/4493
f 4493/4493/4493 4506/4506/4506 4507/4507/4507
f 4493/4493/4493 4507/4507/4507 4494/4494/4494
f 4494/4494/4494 4507/4507/4507 4508/4508/4508
f 4494/4494/4494 4508/4508/4508 4495/4495/4495
f 4495/4495/4495 4508/4508/4508 4509/4509/4509
f 4495/4495/4495 4509/4509/4509 4496/4496/4496
f 4496/4496/4496 4509/4509/4509 4510/4510/4510
f 4496/4496/4496 4510/4510/4510 4497/4497/4497
f 4497/4497/4497 4510/4510/4510 4511/4511/4511
f 4497/4497/4497 4511/4511/4511 4498/4498/4498
f 4498/4498/4498 4511/4511/4511 4512/4512/4512
f 4498/4498/4498 4512/4512/4512 4499/4499/4499
f 4499/4499/4499 4512/4512/4512 4513/4513/4513
f 4499/4499/4499 4513/4513/4513 4500/4500/4500
f 4500/4500/4500 4513/4513/4513 4514/4514/4514
f 4500/4500/4500 4514/4514/4514 4501/4501/4501
f 4502/4502/4502 4515/4515/4515 4516/4516/4516
f 4502/4502/4502 4516/4516/4516 4503/4503/4503
f 4503/4503/4503 4516/4516/4516 4517/4517/4517
f 4503/4503/4503 4517/4517/4517 4504/4504/4504
f 4504/4504/4504 4517/4517/4517 4518/4518/4518
f 4504/4504/4504 4518/4518/4518 4505/4505/4505
f 4505/4505/4505 4518/4518/4518 4519/4519/4519
f 4505/4505/4505 4519/4519/4519 4506/4506/4506
f 4506/4506/4506 4519/4519/4519 4520/4520/4520
f 4506/4506/4506 4520/4520/4520 4507/4507/4507
f 4507/4507/4507 4520/4520/4520 4521/4521/4521
f 4507/4507/4507 4521/4521/4521 4508/4508/4508
f 4508/4508/4508 4521/4521/4521 4522/4522/4522
f 4508/4508/4508 4522/4522/4522 4509/4509/4509
f 4509/4509/4509 4522/4522/4522 4523/4523/4523
f 4509/4509/4509 4523/4523/4523 4510/4510/4510
f 4510/4510/4510 4523/4523/4523 4524/4524/4524
f 4510/4510/4510 4524/4524/4524 4511/4511/4511
f 4511/4511/4511 4524/4524/4524 4525/4525/4525
f 4511/4511/4511 4525/4525/4525 4512/4512/4512
f 4512/4512/4512 4525/4525/4525 4526/4526/4526
f 4512/4512/4512 4526/4526/4526 4513/4513/4513
f 4513/4513/4513 4526/4526/4526 4527/4527/4527
f 4513/4513/4513 4527/4527/4527 4514/4514/4514
f 4515/4515/4515 4528/4528/4528 4529/4529/4529
f 4515/4515/4515 4529/4529/4529 4516/4516/4516
f 4516/4516/4516 4529/4529/4529 4530/4530/4530
f 4516/4516/4516 4530/4530/4530 4517/4517/4517
f 4517/4517/4517 4530/4530/4530 4531/4531/4531
f 4517/4517/4517 4531/4531/4531 4518/4518/4518
f 4518/4518/4518 4531/4531/4531 4532/4532/4532
f 4518/4518/4518 4532/4532/4532 4519/4519/4519
f 4519/4519/4519 4532/4532/4532 4533/4533/4533
f 4519/4519/4519 4533/4533/4533 4520/4520/4520
f 4520/4520/4520 4533/4533/4533 4534/4534/4534
f 4520/4520/4520 4534/4534/4534 4521/4521/4521
f 4521/4521/4521 4534/4534/4534 4535/4535/4535
f 4521/4521/4521 4535/4535/4535 4522/4522/4522
f 4522/4522/4522 4535/4535/4535 4536/4536/4536
f 4522/4522/4522 4536/4536/4536 4523/4523/4523
f 4523/4523/4523 4536/4536/4536 4537/4537/4537
f 4523/4523/4523 4537/4537/4537 4524/4524/4524
f 4524/4524/4524 4537/4537/4537 4538/4538/4538
f 4524/4524/4524 4538/4538/4538 4525/4525/4525
f 4525/4525/4525 4538/4538/4538 4539/4539/4539
f 4525/4525/4525 4539/4539/4539 4526/4526/4526
f 4526/4526/4526 4539/4539/4539 4540/4540/4540
f 4526/4526/4526 4540/4540/4540 4527/4527/4527
f 4528/4528/4528 4541/4541/4541 4542/4542/4542
f 4528/4528/4528 4542/4542/4542 4529/4529/4529
f 4529/4529/4529 4542/4542/4542 4543/4543/4543
f 4529/4529/4529 4543/4543/4543 4530/4530/4530
f 4530/4530/4530 4543/4543/4543 4544/4544/4544
f 4530/4530/4530 4544/4544/4544 4531/4531/4531
f 4531/4531/4531 4544/4544/4544 4545/4545/4545
f 4531/4531/4531 4545/4545/4545 4532/4532/4532
f 4532/4532/4532 4545/4545/4545 4546/4546/4546
f 4532/4532/4532 4546/4546/4546 4533/4533/4533
f 4533/4533/4533 4546/4546/4546 4547/4547/4547
f 4533/4533/4533 4547/4547/4547 4534/4534/4534
f 4534/4534/4534 4547/4547/4547 4548/4548/4548
f 4534/4534/4534 4548/4548/4548 4535/4535/4535
f 4535/4535/4535 4548/4548/4548 4549/4549/4549
f 4535/4535/4535 4549/4549/4549 4536/4536/4536
f 4536/4536/4536 4549/4549/4549 4550/4550/4550
f 4536/4536/4536 4550/4550/4550 4537/4537/4537
f 4537/4537/4537 4550/4550/4550 4551/4551/4551
f 4537/4537/4537 4551/4551/4551 4538/4538/4538
f 4538/4538/4538 4551/4551/4551 4552/4552/4552
f 4538/4538/4538 4552/4552/4552 4539/4539/4539
f 4539/4539/4539 4552/4552/4552 4553/4553/4553
f 4539/4539/4539 4553/4553/4553 4540/4540/4540
usemtl Warning
f 4554/4554/4554 4555/4555/4555 4556/4556/4556
usemtl Glove
f 4557/4557/4557 4576/4576/4576 4577/4577/4577
f 4557/4557/4557 4577/4577/4577 4558/4558/4558
f 4558/4558/4558 4577/4577/4577 4578/4578/4578
f 4558/4558/4558 4578/4578/4578 4559/4559/4559
f 4559/4559/4559 4578/4578/4578 4579/4579/4579
f 4559/4559/4559 4579/4579/4579 4560/4560/4560
f 4560/4560/4560 4579/4579/4579 4580/4580/4580
f 4560/4560/4560 4580/4580/4580 4561/4561/4561
f 4561/4561/4561 4580/4580/4580 4581/4581/4581
f 4561/4561/4561 4581/4581/4581 4562/4562/4562
f 4562/4562/4562 4581/4581/4581 4582/4582/4582
f 4562/4562/4562 4582/4582/4582 4563/4563/4563
f 4563/4563/4563 4582/4582/4582 4583/4583/4583
f 4563/4563/4563 4583/4583/4583 4564/4564/4564
f 4564/4564/4564 4583/4583/4583 4584/4584/4584
f 4564/4564/4564 4584/4584/4584 4565/4565/4565
f 4565/4565/4565 4584/4584/4584 4585/4585/4585
f 4565/4565/4565 4585/4585/4585 4566/4566/4566
f 4566/4566/4566 4585/4585/4585 4586/4586/4586
f 4566/4566/4566 4586/4586/4586 4567/4567/4567
f 4567/4567/4567 4586/4586/4586 4587/4587/4587
f 4567/4567/4567 4587/4587/4587 4568/4568/4568
f 4568/4568/4568 4587/4587/4587 4588/4588/4588
f 4568/4568/4568 4588/4588/4588 4569/4569/4569
f 4569/4569/4569 4588/4588/4588 4589/4589/4589
f 4569/4569/4569 4589/4589/4589 4570/4570/4570
f 4570/4570/4570 4589/4589/4589 4590/4590/4590
f 4570/4570/4570 4590/4590/4590 4571/4571/4571
f 4571/4571/4571 4590/4590/4590 4591/4591/4591
f 4571/4571/4571 4591/4591/4591 4572/4572/4572
f 4572/4572/4572 4591/4591/4591 4592/4592/4592
f 4572/4572/4572 4592/4592/4592 4573/4573/4573
f 4573/4573/4573 4592/4592/4592 4593/4593/4593
f 4573/4573/4573 4593/4593/4593 4574/4574/4574
f 4574/4574/4574 4593/4593/4593 4594/4594/4594
f 4574/4574/4574 4594/4594/4594 4575/4575/4575
f 4576/4576/4576 4595/4595/4595 4596/4596/4596
f 4576/4576/4576 4596/4596/4596 4577/4577/4577
f 4577/4577/4577 4596/4596/4596 4597/4597/4597
f 4577/4577/4577 4597/4597/4597 4578/4578/4578
f 4578/4578/4578 4597/4597/4597 4598/4598/4598
f 4578/4578/4578 4598/4598/4598 4579/4579/4579
f 4579/4579/4579 4598/4598/4598 4599/4599/4599
f 4579/4579/4579 4599/4599/4599 4580/4580/4580
f 4580/4580/4580 4599/4599/4599 4600/4600/4600
f 4580/4580/4580 4600/4600/4600 4581/4581/4581
f 4581/4581/4581 4600/4600/4600 4601/4601/4601
f 4581/4581/4581 4601/4601/4601 4582/4582/4582
f 4582/4582/4582 4601/4601/4601 4602/4602/4602
f 4582/4582/4582 4602/4602/4602 4583/4583/4583
f 4583/4583/4583 4602/4602/4602 4603/4603/4603
f 4583/4583/4583 4603/4603/4603 4584/4584/4584
f 4584/4584/4584 4603/4603/4603 4604/4604/4604
f 4584/4584/4584 4604/4604/4604 4585/4585/4585
f 4585/4585/4585 4604/4604/4604 4605/4605/4605
f 4585/4585/4585 4605/4605/4605 4586/4586/4586
f 4586/4586/4586 4605/4605/4605 4606/4606/4606
f 4586/4586/4586 4606/4606/4606 4587/4587/4587
f 4587/4587/4587 4606/4606/4606 4607/4607/4607
f 4587/4587/4587 4607/4607/4607 4588/4588/4588
f 4588/4588/4588 4607/4607/4607 4608/4608/4608
f 4588/4588/4588 4608/4608/4608 4589/4589/4589
f 4589/4589/4589 4608/4608/4608 4609/4609/4609
f 4589/4589/4589 4609/4609/4609 4590/4590/4590
f 4590/4590/4590 4609/4609/4609 4610/4610/4610
f 4590/4590/4590 4610/4610/4610 4591/4591/4591
f 4591/4591/4591 4610/4610/4610 4611/4611/4611
f 4591/4591/4591 4611/4611/4611 4592/4592/4592
f 4592/4592/4592 4611/4611/4611 4612/4612/4612
f 4592/4592/4592 4612/4612/4612 4593/4593/4593
f 4593/4593/4593 4612/4612/4612 4613/4613/4613
f 4593/4593/4593 4613/4613/4613 4594/4594/4594
f 4595/4595/4595 4614/4614/4614 4615/4615/4615
f 4595/4595/4595 4615/4615/4615 4596/4596/4596
f 4596/4596/4596 4615/4615/4615 4616/4616/4616
f 4596/4596/4596 4616/4616/4616 4597/4597/4597
f 4597/4597/4597 4616/4616/4616 4617/4617/4617
f 4597/4597/4597 4617/4617/4617 4598/4598/4598
f 4598/4598/4598 4617/4617/4617 4618/4618/4618
f 4598/4598/4598 4618/4618/4618 4599/4599/4599
f 4599/4599/4599 4618/4618/4618 4619/4619/4619
f 4599/4599/4599 4619/4619/4619 4600/4600/4600
f 4600/4600/4600 4619/4619/4619 4620/4620/4620
f 4600/4600/4600 4620/4620/4620 4601/4601/4601
f 4601/4601/4601 4620/4620/4620 4621/4621/4621
f 4601/4601/4601 4621/4621/4621 4602/4602/4602
f 4602/4602/4602 4621/4621/4621 4622/4622/4622
f 4602/4602/4602 4622/4622/4622 4603/4603/4603
f 4603/4603/4603 4622/4622/4622 4623/4623/4623
f 4603/4603/4603 4623/4623/4623 4604/4604/4604
f 4604/4604/4604 4623/4623/4623 4624/4624/4624
f 4604/4604/4604 4624/4624/4624 4605/4605/4605
f 4605/4605/4605 4624/4624/4624 4625/4625/4625
f 4605/4605/4605 4625/4625/4625 4606/4606/4606
f 4606/4606/4606 4625/4625/4625 4626/4626/4626
f 4606/4606/4606 4626/4626/4626 4607/4607/4607
f 4607/4607/4607 4626/4626/4626 4627/4627/4627
f 4607/4607/4607 4627/4627/4627 4608/4608/4608
f 4608/4608/4608 4627/4627/4627 4628/4628/4628
f 4608/4608/4608 4628/4628/4628 4609/4609/4609
f 4609/4609/4609 4628/4628/4628 4629/4629/4629
f 4609/4609/4609 4629/4629/4629 4610/4610/4610
f 4610/4610/4610 4629/4629/4629 4630/4630/4630
f 4610/4610/4610 4630/4630/4630 4611/4611/4611
f 4611/4611/4611 4630/4630/4630 4631/4631/4631
f 4611/4611/4611 4631/4631/4631 4612/4612/4612
f 4612/4612/4612 4631/4631/4631 4632/4632/4632
f 4612/4612/4612 4632/4632/4632 4613/4613/4613
f 4614/4614/4614 4633/4633/4633 4634/4634/4634
f 4614/4614/4614 4634/4634/4634 4615/4615/4615
f 4615/4615/4615 4634/4634/4634 4635/4635/4635
f 4615/4615/4615 4635/4635/4635 4616/4616/4616
f 4616/4616/4616 4635/4635/4635 4636/4636/4636
f 4616/4616/4616 4636/4636/4636 4617/4617/4617
f 4617/4617/4617 4636/4636/4636 4637/4637/4637
f 4617/4617/4617 4637/4637/4637 4618/4618/4618
f 4618/4618/4618 4637/4637/4637 4638/4638/4638
f 4618/4618/4618 4638/4638/4638 4619/4619/4619
f 4619/4619/4619 4638/4638/4638 4639/4639/4639
f 4619/4619/4619 4639/4639/4639 4620/4620/4620
f 4620/4620/4620 4639/4639/4639 4640/4640/4640
f 4620/4620/4620 4640/4640/4640 4621/4621/4621
f 4621/4621/4621 4640/4640/4640 4641/4641/4641
f 4621/4621/4621 4641/4641/4641 4622/4622/4622
f 4622/4622/4622 4641/4641/4641 4642/4642/4642
f 4622/4622/4622 4642/4642/4642 4623/4623/4623
f 4623/4623/4623 4642/4642/4642 4643/4643/4643
f 4623/4623/4623 4643/4643/4643 4624/4624/4624
f 4624/4624/4624 4643/4643/4643 4644/4644/4644
f 4624/4624/4624 4644/4644/4644 4625/4625/4625
f 4625/4625/4625 4644/4644/4644 4645/4645/4645
f 4625/4625/4625 4645/4645/4645 4626/4626/4626
f 4626/4626/4626 4645/4645/4645 4646/4646/4646
f 4626/4626/4626 4646/4646/4646 4627/4627/4627
f 4627/4627/4627 4646/4646/4646 4647/4647/4647
f 4627/4627/4627 4647/4647/4647 4628/4628/4628
f 4628/4628/4628 4647/4647/4647 4648/4648/4648
f 4628/4628/4628 4648/4648/4648 4629/4629/4629
f 4629/4629/4629 4648/4648/4648 4649/4649/4649
f 4629/4629/4629 4649/4649/4649 4630/4630/4630
f 4630/4630/4630 4649/4649/4649 4650/4650/4650
f 4630/4630/4630 4650/4650/4650 4631/4631/4631
f 4631/4631/4631 4650/4650/4650 4651/4651/4651
f 4631/4631/4631 4651/4651/4651 4632/4632/4632
f 4633/4633/4633 4652/4652/4652 4653/4653/4653
f 4633/4633/4633 4653/4653/4653 4634/4634/4634
f 4634/4634/4634 4653/4653/4653 4654/4654/4654
f 4634/4634/4634 4654/4654/4654 4635/4635/4635
f 4635/4635/4635 4654/4654/4654 4655/4655/4655
f 4635/4635/4635 4655/4655/4655 4636/4636/4636
f 4636/4636/4636 4655/4655/4655 4656/4656/4656
f 4636/4636/4636 4656/4656/4656 4637/4637/4637
f 4637/4637/4637 4656/4656/4656 4657/4657/4657
f 4637/4637/4637 4657/4657/4657 4638/4638/4638
f 4638/4638/4638 4657/4657/4657 4658/4658/4658
f 4638/4638/4638 4658/4658/4658 4639/4639/4639
f 4639/4639/4639 4658/4658/4658 4659/4659/4659
f 4639/4639/4639 4659/4659/4659 4640/4640/4640
f 4640/4640/4640 4659/4659/4659 4660/4660/4660
f 4640/4640/4640 4660/4660/4660 4641/4641/4641
f 4641/4641/4641 4660/4660/4660 4661/4661/4661
f 4641/4641/4641 4661/4661/4661 4642/4642/4642
f 4642/4642/4642 4661/4661/4661 4662/4662/4662
f 4642/4642/4642 4662/4662/4662 4643/4643/4643
f 4643/4643/4643 4662/4662/4662 4663/4663/4663
f 4643/4643/4643 4663/4663/4663 4644/4644/4644
f 4644/4644/4644 4663/4663/4663 4664/4664/4664
f 4644/4644/4644 4664/4664/4664 4645/4645/4645
f 4645/4645/4645 4664/4664/4664 4665/4665/4665
f 4645/4645/4645 4665/4665/4665 4646/4646/4646
f 4646/4646/4646 4665/4665/4665 4666/4666/4666
f 4646/4646/4646 4666/4666/4666 4647/4647/4647
f 4647/4647/4647 4666/4666/4666 4667/4667/4667
f 4647/4647/4647 4667/4667/4667 4648/4648/4648
f 4648/4648/4648 4667/4667/4667 4668/4668/4668
f 4648/4648/4648 4668/4668/4668 4649/4649/4649
f 4649/4649/4649 4668/4668/4668 4669/4669/4669
f 4649/4649/4649 4669/4669/4669 4650/4650/4650
f 4650/4650/4650 4669/4669/4669 4670/4670/4670
f 4650/4650/4650 4670/4670/4670 4651/4651/4651
f 4652/4652/4652 4671/4671/4671 4672/4672/4672
f 4652/4652/4652 4672/4672/4672 4653/4653/4653
f 4653/4653/4653 4672/4672/4672 4673/4673/4673
f 4653/4653/4653 4673/4673/4673 4654/4654/4654
f 4654/4654/4654 4673/4673/4673 4674/4674/4674
f 4654/4654/4654 4674/4674/4674 4655/4655/4655
f 4655/4655/4655 4674/4674/4674 4675/4675/4675
f 4655/4655/4655 4675/4675/4675 4656/4656/4656
f 4656/4656/4656 4675/4675/4675 4676/4676/4676
f 4656/4656/4656 4676/4676/4676 4657/4657/4657
f 4657/4657/4657 4676/4676/4676 4677/4677/4677
f 4657/4657/4657 4677/4677/4677 4658/4658/4658
f 4658/4658/4658 4677/4677/4677 4678/4678/4678
f 4658/4658/4658 4678/4678/4678 4659/4659/4659
f 4659/4659/4659 4678/4678/4678 4679/4679/4679
f 4659/4659/4659 4679/4679/4679 4660/4660/4660
f 4660/4660/4660 4679/4679/4679 4680/4680/4680
f 4660/4660/4660 4680/4680/4680 4661/4661/4661
f 4661/4661/4661 4680/4680/4680 4681/4681/4681
f 4661/4661/4661 4681/4681/4681 4662/4662/4662
f 4662/4662/4662 4681/4681/4681 4682/4682/4682
f 4662/4662/4662 4682/4682/4682 4663/4663/4663
f 4663/4663/4663 4682/4682/4682 4683/4683/4683
f 4663/4663/4663 4683/4683/4683 4664/4664/4664
f 4664/4664/4664 4683/4683/4683 4684/4684/4684
f 4664/4664/4664 4684/4684/4684 4665/4665/4665
f 4665/4665/4665 4684/4684/4684 4685/4685/4685
f 4665/4665/4665 4685/4685/4685 4666/4666/4666
f 4666/4666/4666 4685/4685/4685 4686/4686/4686
f 4666/4666/4666 4686/4686/4686 4667/4667/4667
f 4667/4667/4667 4686/4686/4686 4687/4687/4687
f 4667/4667/4667 4687/4687/4687 4668/4668/4668
f 4668/4668/4668 4687/4687/4687 4688/4688/4688
f 4668/4668/4668 4688/4688/4688 4669/4669/4669
f 4669/4669/4669 4688/4688/4688 4689/4689/4689
f 4669/4669/4669 4689/4689/4689 4670/4670/4670
f 4671/4671/4671 4690/4690/4690 4691/4691/4691
f 4671/4671/4671 4691/4691/4691 4672/4672/4672
f 4672/4672/4672 4691/4691/4691 4692/4692/4692
f 4672/4672/4672 4692/4692/4692 4673/4673/4673
f 4673/4673/4673 4692/4692/4692 4693/4693/4693
f 4673/4673/4673 4693/4693/4693 4674/4674/4674
f 4674/4674/4674 4693/4693/4693 4694/4694/4694
f 4674/4674/4674 4694/4694/4694 4675/4675/4675
f 4675/4675/4675 4694/4694/4694 4695/4695/4695
f 4675/4675/4675 4695/4695/4695 4676/4676/4676
f 4676/4676/4676 4695/4695/4695 4696/4696/4696
f 4676/4676/4676 4696/4696/4696 4677/4677/4677
f 4677/4677/4677 4696/4696/4696 4697/4697/4697
f 4677/4677/4677 4697/4697/4697 4678/4678/4678
f 4678/4678/4678 4697/4697/4697 4698/4698/4698
f 4678/4678/4678 4698/4698/4698 4679/4679/4679
f 4679/4679/4679 4698/4698/4698 4699/4699/4699
f 4679/4679/4679 4699/4699/4699 4680/4680/4680
f 4680/4680/4680 4699/4699/4699 4700/4700/4700
f 4680/4680/4680 4700/4700/4700 4681/4681/4681
f 4681/4681/4681 4700/4700/4700 4701/4701/4701
f 4681/4681/4681 4701/4701/4701 4682/4682/4682
f 4682/4682/4682 4701/4701/4701 4702/4702/4702
f 4682/4682/4682 4702/4702/4702 4683/4683/4683
f 4683/4683/4683 4702/4702/4702 4703/4703/4703
f 4683/4683/4683 4703/4703/4703 4684/4684/4684
f 4684/4684/4684 4703/4703/4703 4704/4704/4704
f 4684/4684/4684 4704/4704/4704 4685/4685/4685
f 4685/4685/4685 4704/4704/4704 4705/4705/4705
f 4685/4685/4685 4705/4705/4705 4686/4686/4686
f 4686/4686/4686 4705/4705/4705 4706/4706/4706
f 4686/4686/4686 4706/4706/4706 4687/4687/4687
f 4687/4687/4687 4706/4706/4706 4707/4707/4707
f 4687/4687/4687 4707/4707/4707 4688/4688/4688
f 4688/4688/4688 4707/4707/4707 4708/4708/4708
f 4688/4688/4688 4708/4708/4708 4689/4689/4689
f 4690/4690/4690 4709/4709/4709 4710/4710/4710
f 4690/4690/4690 4710/4710/4710 4691/4691/4691
f 4691/4691/4691 4710/4710/4710 4711/4711/4711
f 4691/4691/4691 4711/4711/4711 4692/4692/4692
f 4692/4692/4692 4711/4711/4711 4712/4712/4712
f 4692/4692/4692 4712/4712/4712 4693/4693/4693
f 4693/4693/4693 4712/4712/4712 4713/4713/4713
f 4693/4693/4693 4713/4713/4713 4694/4694/4694
f 4694/4694/4694 4713/4713/4713 4714/4714/4714
f 4694/4694/4694 4714/4714/4714 4695/4695/4695
f 4695/4695/4695 4714/4714/4714 4715/4715/4715
f 4695/4695/4695 4715/4715/4715 4696/4696/4696
f 4696/4696/4696 4715/4715/4715 4716/4716/4716
f 4696/4696/4696 4716/4716/4716 4697/4697/4697
f 4697/4697/4697 4716/4716/4716 4717/4717/4717
f 4697/4697/4697 4717/4717/4717 4698/4698/4698
f 4698/4698/4698 4717/4717/4717 4718/4718/4718
f 4698/4698/4698 4718/4718/4718 4699/4699/4699
f 4699/4699/4699 4718/4718/4718 4719/4719/4719
f 4699/4699/4699 4719/4719/4719 4700/4700/4700
f 4700/4700/4700 4719/4719/4719 4720/4720/4720
f 4700/4700/4700 4720/4720/4720 4701/4701/4701
f 4701/4701/4701 4720/4720/4720 4721/4721/4721
f 4701/4701/4701 4721/4721/4721 4702/4702/4702
f 4702/4702/4702 4721/4721/4721 4722/4722/4722
f 4702/4702/4702 4722/4722/4722 4703/4703/4703
f 4703/4703/4703 4722/4722/4722 4723/4723/4723
f 4703/4703/4703 4723/4723/4723 4704/4704/4704
f 4704/4704/4704 4723/4723/4723 4724/4724/4724
f 4704/4704/4704 4724/4724/4724 4705/4705/4705
f 4705/4705/4705 4724/4724/4724 4725/4725/4725
f 4705/4705/4705 4725/4725/4725 4706/4706/4706
f 4706/4706/4706 4725/4725/4725 4726/4726/4726
f 4706/4706/4706 4726/4726/4726 4707/4707/4707
f 4707/4707/4707 4726/4726/4726 4727/4727/4727
f 4707/4707/4707 4727/4727/4727 4708/4708/4708
f 4709/4709/4709 4728/4728/4728 4729/4729/4729
f 4709/4709/4709 4729/4729/4729 4710/4710/4710
f 4710/4710/4710 4729/4729/4729 4730/4730/4730
f 4710/4710/4710 4730/4730/4730 4711/4711/4711
f 4711/4711/4711 4730/4730/4730 4731/4731/4731
f 4711/4711/4711 4731/4731/4731 4712/4712/4712
f 4712/4712/4712 4731/4731/4731 4732/4732/4732
f 4712/4712/4712 4732/4732/4732 4713/4713/4713
f 4713/4713/4713 4732/4732/4732 4733/4733/4733
f 4713/4713/4713 4733/4733/4733 4714/4714/4714
f 4714/4714/4714 4733/4733/4733 4734/4734/4734
f 4714/4714/4714 4734/4734/4734 4715/4715/4715
f 4715/4715/4715 4734/4734/4734 4735/4735/4735
f 4715/4715/4715 4735/4735/4735 4716/4716/4716
f 4716/4716/4716 4735/4735/4735 4736/4736/4736
f 4716/4716/4716 4736/4736/4736 4717/4717/4717
f 4717/4717/4717 4736/4736/4736 4737/4737/4737
f 4717/4717/4717 4737/4737/4737 4718/4718/4718
f 4718/4718/4718 4737/4737/4737 4738/4738/4738
f 4718/4718/4718 4738/4738/4738 4719/4719/4719
f 4719/4719/4719 4738/4738/4738 4739/4739/4739
f 4719/4719/4719 4739/4739/4739 4720/4720/4720
f 4720/4720/4720 4739/4739/4739 4740/4740/4740
f 4720/4720/4720 4740/4740/4740 4721/4721/4721
f 4721/4721/4721 4740/4740/4740 4741/4741/4741
f 4721/4721/4721 4741/4741/4741 4722/4722/4722
f 4722/4722/4722 4741/4741/4741 4742/4742/4742
f 4722/4722/4722 4742/4742/4742 4723/4723/4723
f 4723/4723/4723 4742/4742/4742 4743/4743/4743
f 4723/4723/4723 4743/4743/4743 4724/4724/4724
f 4724/4724/4724 4743/4743/4743 4744/4744/4744
f 4724/4724/4724 4744/4744/4744 4725/4725/4725
f 4725/4725/4725 4744/4744/4744 4745/4745/4745
f 4725/4725/4725 4745/4745/4745 4726/4726/4726
f 4726/4726/4726 4745/4745/4745 4746/4746/4746
f 4726/4726/4726 4746/4746/4746 4727/4727/4727
f 4728/4728/4728 4747/4747/4747 4748/4748/4748
f 4728/4728/4728 4748/4748/4748 4729/4729/4729
f 4729/4729/4729 4748/4748/4748 4749/4749/4749
f 4729/4729/4729 4749/4749/4749 4730/4730/4730
f 4730/4730/4730 4749/4749/4749 4750/4750/4750
f 4730/4730/4730 4750/4750/4750 4731/4731/4731
f 4731/4731/4731 4750/4750/4750 4751/4751/4751
f 4731/4731/4731 4751/4751/4751 4732/4732/4732
f 4732/4732/4732 4751/4751/4751 4752/4752/4752
f 4732/4732/4732 4752/4752/4752 4733/4733/4733
f 4733/4733/4733 4752/4752/4752 4753/4753/4753
f 4733/4733/4733 4753/4753/4753 4734/4734/4734
f 4734/4734/4734 4753/4753/4753 4754/4754/4754
f 4734/4734/4734 4754/4754/4754 4735/4735/4735
f 4735/4735/4735 4754/4754/4754 4755/4755/4755
f 4735/4735/4735 4755/4755/4755 4736/4736/4736
f 4736/4736/4736 4755/4755/4755 4756/4756/4756
f 4736/4736/4736 4756/4756/4756 4737/4737/4737
f 4737/4737/4737 4756/4756/4756 4757/4757/4757
f 4737/4737/4737 4757/4757/4757 4738/4738/4738
f 4738/4738/4738 4757/4757/4757 4758/4758/4758
f 4738/4738/4738 4758/4758/4758 4739/4739/4739
f 4739/4739/4739 4758/4758/4758 4759/4759/4759
f 4739/4739/4739 4759/4759/4759 4740/4740/4740
f 4740/4740/4740 4759/4759/4759 4760/4760/4760
f 4740/4740/4740 4760/4760/4760 4741/4741/4741
f 4741/4741/4741 4760/4760/4760 4761/4761/4761
f 4741/4741/4741 4761/4761/4761 4742/4742/4742
f 4742/4742/4742 4761/4761/4761 4762/4762/4762
f 4742/4742/4742 4762/4762/4762 4743/4743/4743
f 4743/4743/4743 4762/4762/4762 4763/4763/4763
f 4743/4743/4743 4763/4763/4763 4744/4744/4744
f 4744/4744/4744 4763/4763/4763 4764/4764/4764
f 4744/4744/4744 4764/4764/4764 4745/4745/4745
f 4745/4745/4745 4764/4764/4764 4765/4765/4765
f 4745/4745/4745 4765/4765/4765 4746/4746/4746
f 4766/4766/4766 4785/4785/4785 4786/4786/4786
f 4766/4766/4766 4786/4786/4786 4767/4767/4767
f 4767/4767/4767 4786/4786/4786 4787/4787/4787
f 4767/4767/4767 4787/4787/4787 4768/4768/4768
f 4768/4768/4768 4787/4787/4787 4788/4788/4788
f 4768/4768/4768 4788/4788/4788 4769/4769/4769
f 4769/4769/4769 4788/4788/4788 4789/4789/4789
f 4769/4769/4769 4789/4789/4789 4770/4770/4770
f 4770/4770/4770 4789/4789/4789 4790/4790/4790
f 4770/4770/4770 4790/4790/4790 4771/4771/4771
f 4771/4771/4771 4790/4790/4790 4791/4791/4791
f 4771/4771/4771 4791/4791/4791 4772/4772/4772
f 4772/4772/4772 4791/4791/4791 4792/4792/4792
f 4772/4772/4772 4792/4792/4792 4773/4773/4773
f 4773/4773/4773 4792/4792/4792 4793/4793/4793
f 4773/4773/4773 4793/4793/4793 4774/4774/4774
f 4774/4774/4774 4793/4793/4793 4794/4794/4794
f 4774/4774/4774 4794/4794/4794 4775/4775/4775
f 4775/4775/4775 4794/4794/4794 4795/4795/4795
f 4775/4775/4775 4795/4795/4795 4776/4776/4776
f 4776/4776/4776 4795/4795/4795 4796/4796/4796
f 4776/4776/4776 4796/4796/4796 4777/4777/4777
f 4777/4777/4777 4796/4796/4796 4797/4797/4797
f 4777/4777/4777 4797/4797/4797 4778/4778/4778
f 4778/4778/4778 4797/4797/4797 4798/4798/4798
f 4778/4778/4778 4798/4798/4798 4779/4779/4779
f 4779/4779/4779 4798/4798/4798 4799/4799/4799
f 4779/4779/4779 4799/4799/4799 4780/4780/4780
f 4780/4780/4780 4799/4799/4799 4800/4800/4800
f 4780/4780/4780 4800/4800/4800 4781/4781/4781
f 4781/4781/4781 4800/4800/4800 4801/4801/4801
f 4781/4781/4781 4801/4801/4801 4782/4782/4782
f 4782/4782/4782 4801/4801/4801 4802/4802/4802
f 4782/4782/4782 4802/4802/4802 4783/4783/4783
f 4783/4783/4783 4802/4802/4802 4803/4803/4803
f 4783/4783/4783 4803/4803/4803 4784/4784/4784
f 4785/4785/4785 4804/4804/4804 4805/4805/4805
f 4785/4785/4785 4805/4805/4805 4786/4786/4786
f 4786/4786/4786 4805/4805/4805 4806/4806/4806
f 4786/4786/4786 4806/4806/4806 4787/4787/4787
f 4787/4787/4787 4806/4806/4806 4807/4807/4807
f 4787/4787/4787 4807/4807/4807 4788/4788/4788
f 4788/4788/4788 4807/4807/4807 4808/4808/4808
f 4788/4788/4788 4808/4808/4808 4789/4789/4789
f 4789/4789/4789 4808/4808/4808 4809/4809/4809
f 4789/4789/4789 4809/4809/4809 4790/4790/4790
f 4790/4790/4790 4809/4809/4809 4810/4810/4810
f 4790/4790/4790 4810/4810/4810 4791/4791/4791
f 4791/4791/4791 4810/4810/4810 4811/4811/4811
f 4791/4791/4791 4811/4811/4811 4792/4792/4792
f 4792/4792/4792 4811/4811/4811 4812/4812/4812
f 4792/4792/4792 4812/4812/4812 4793/4793/4793
f 4793/4793/4793 4812/4812/4812 4813/4813/4813
f 4793/4793/4793 4813/4813/4813 4794/4794/4794
f 4794/4794/4794 4813/4813/4813 4814/4814/4814
f 4794/4794/4794 4814/4814/4814 4795/4795/4795
f 4795/4795/4795 4814/4814/4814 4815/4815/4815
f 4795/4795/4795 4815/4815/4815 4796/4796/4796
f 4796/4796/4796 4815/4815/4815 4816/4816/4816
f 4796/4796/4796 4816/4816/4816 4797/4797/4797
f 4797/4797/4797 4816/4816/4816 4817/4817/4817
f 4797/4797/4797 4817/4817/4817 4798/4798/4798
f 4798/4798/4798 4817/4817/4817 4818/4818/4818
f 4798/4798/4798 4818/4818/4818 4799/4799/4799
f 4799/4799/4799 4818/4818/4818 4819/4819/4819
f 4799/4799/4799 4819/4819/4819 4800/4800/4800
f 4800/4800/4800 4819/4819/4819 4820/4820/4820
f 4800/4800/4800 4820/4820/4820 4801/4801/4801
f 4801/4801/4801 4820/4820/4820 4821/4821/4821
f 4801/4801/4801 4821/4821/4821 4802/4802/4802
f 4802/4802/4802 4821/4821/4821 4822/4822/4822
f 4802/4802/4802 4822/4822/4822 4803/4803/4803
f 4804/4804/4804 4823/4823/4823 4824/4824/4824
f 4804/4804/4804 4824/4824/4824 4805/4805/4805
f 4805/4805/4805 4824/4824/4824 4825/4825/4825
f 4805/4805/4805 4825/4825/4825 4806/4806/4806
f 4806/4806/4806 4825/4825/4825 4826/4826/4826
f 4806/4806/4806 4826/4826/4826 4807/4807/4807
f 4807/4807/4807 4826/4826/4826 4827/4827/4827
f 4807/4807/4807 4827/4827/4827 4808/4808/4808
f 4808/4808/4808 4827/4827/4827 4828/4828/4828
f 4808/4808/4808 4828/4828/4828 4809/4809/4809
f 4809/4809/4809 4828/4828/4828 4829/4829/4829
f 4809/4809/4809 4829/4829/4829 4810/4810/4810
f 4810/4810/4810 4829/4829/4829 4830/4830/4830
f 4810/4810/4810 4830/4830/4830 4811/4811/4811
f 4811/4811/4811 4830/4830/4830 4831/4831/4831
f 4811/4811/4811 4831/4831/4831 4812/4812/4812
f 4812/4812/4812 4831/4831/4831 4832/4832/4832
f 4812/4812/4812 4832/4832/4832 4813/4813/4813
f 4813/4813/4813 4832/4832/4832 4833/4833/4833
f 4813/4813/4813 4833/4833/4833 4814/4814/4814
f 4814/4814/4814 4833/4833/4833 4834/4834/4834
f 4814/4814/4814 4834/4834/4834 4815/4815/4815
f 4815/4815/4815 4834/4834/4834 4835/4835/4835
f 4815/4815/4815 4835/4835/4835 4816/4816/4816
f 4816/4816/4816 4835/4835/4835 4836/4836/4836
f 4816/4816/4816 4836/4836/4836 4817/4817/4817
f 4817/4817/4817 4836/4836/4836 4837/4837/4837
f 4817/4817/4817 4837/4837/4837 4818/4818/4818
f 4818/4818/4818 4837/4837/4837 4838/4838/4838
f 4818/4818/4818 4838/4838/4838 4819/4819/4819
f 4819/4819/4819 4838/4838/4838 4839/4839/4839
f 4819/4819/4819 4839/4839/4839 4820/4820/4820
f 4820/4820/4820 4839/4839/4839 4840/4840/4840
f 4820/4820/4820 4840/4840/4840 4821/4821/4821
f 4821/4821/4821 4840/4840/4840 4841/4841/4841
f 4821/4821/4821 4841/4841/4841 4822/4822/4822
f 4823/4823/4823 4842/4842/4842 4843/4843/4843
f 4823/4823/4823 4843/4843/4843 4824/4824/4824
f 4824/4824/4824 4843/4843/4843 4844/4844/4844
f 4824/4824/4824 4844/4844/4844 4825/4825/4825
f 4825/4825/4825 4844/4844/4844 4845/4845/4845
f 4825/4825/4825 4845/4845/4845 4826/4826/4826
f 4826/4826/4826 4845/4845/4845 4846/4846/4846
f 4826/4826/4826 4846/4846/4846 4827/4827/4827
f 4827/4827/4827 4846/4846/4846 4847/4847/4847
f 4827/4827/4827 4847/4847/4847 4828/4828/4828
f 4828/4828/4828 4847/4847/4847 4848/4848/4848
f 4828/4828/4828 4848/4848/4848 4829/4829/4829
f 4829/4829/4829 4848/4848/4848 4849/4849/4849
f 4829/4829/4829 4849/4849/4849 4830/4830/4830
f 4830/4830/4830 4849/4849/4849 4850/4850/4850
f 4830/4830/4830 4850/4850/4850 4831/4831/4831
f 4831/4831/4831 4850/4850/4850 4851/4851/4851
f 4831/4831/4831 4851/4851/4851 4832/4832/4832
f 4832/4832/4832 4851/4851/4851 4852/4852/4852
f 4832/4832/4832 4852/4852/4852 4833/4833/4833
f 4833/4833/4833 4852/4852/4852 4853/4853/4853
f 4833/4833/4833 4853/4853/4853 4834/4834/4834
f 4834/4834/4834 4853/4853/4853 4854/4854/4854
f 4834/4834/4834 4854/4854/4854 4835/4835/4835
f 4835/4835/4835 4854/4854/4854 4855/4855/4855
f 4835/4835/4835 4855/4855/4855 4836/4836/4836
f 4836/4836/4836 4855/4855/4855 4856/4856/4856
f 4836/4836/4836 4856/4856/4856 4837/4837/4837
f 4837/4837/4837 4856/4856/4856 4857/4857/4857
f 4837/4837/4837 4857/4857/4857 4838/4838/4838
f 4838/4838/4838 4857/4857/4857 4858/4858/4858
f 4838/4838/4838 4858/4858/4858 4839/4839/4839
f 4839/4839/4839 4858/4858/4858 4859/4859/4859
f 4839/4839/4839 4859/4859/4859 4840/4840/4840
f 4840/4840/4840 4859/4859/4859 4860/4860/4860
f 4840/4840/4840 4860/4860/4860 4841/4841/4841
f 4842/4842/4842 4861/4861/4861 4862/4862/4862
f 4842/4842/4842 4862/4862/4862 4843/4843/4843
f 4843/4843/4843 4862/4862/4862 4863/4863/4863
f 4843/4843/4843 4863/4863/4863 4844/4844/4844
f 4844/4844/4844 4863/4863/4863 4864/4864/4864
f 4844/4844/4844 4864/4864/4864 4845/4845/4845
f 4845/4845/4845 4864/4864/4864 4865/4865/4865
f 4845/4845/4845 4865/4865/4865 4846/4846/4846
f 4846/4846/4846 4865/4865/4865 4866/4866/4866
f 4846/4846/4846 4866/4866/4866 4847/4847/4847
f 4847/4847/4847 4866/4866/4866 4867/4867/4867
f 4847/4847/4847 4867/4867/4867 4848/4848/4848
f 4848/4848/4848 4867/4867/4867 4868/4868/4868
f 4848/4848/4848 4868/4868/4868 4849/4849/4849
f 4849/4849/4849 4868/4868/4868 4869/4869/4869
f 4849/4849/4849 4869/4869/4869 4850/4850/4850
f 4850/4850/4850 4869/4869/4869 4870/4870/4870
f 4850/4850/4850 4870/4870/4870 4851/4851/4851
f 4851/4851/4851 4870/4870/4870 4871/4871/4871
f 4851/4851/4851 4871/4871/4871 4852/4852/4852
f 4852/4852/4852 4871/4871/4871 4872/4872/4872
f 4852/4852/4852 4872/4872/4872 4853/4853/4853
f 4853/4853/4853 4872/4872/4872 4873/4873/4873
f 4853/4853/4853 4873/4873/4873 4854/4854/4854
f 4854/4854/4854 4873/4873/4873 4874/4874/4874
f 4854/4854/4854 4874/4874/4874 4855/4855/4855
f 4855/4855/4855 4874/4874/4874 4875/4875/4875
f 4855/4855/4855 4875/4875/4875 4856/4856/4856
f 4856/4856/4856 4875/4875/4875 4876/4876/4876
f 4856/4856/4856 4876/4876/4876 4857/4857/4857
f 4857/4857/4857 4876/4876/4876 4877/4877/4877
f 4857/4857/4857 4877/4877/4877 4858/4858/4858
f 4858/4858/4858 4877/4877/4877 4878/4878/4878
f 4858/4858/4858 4878/4878/4878 4859/4859/4859
f 4859/4859/4859 4878/4878/4878 4879/4879/4879
f 4859/4859/4859 4879/4879/4879 4860/4860/4860
f 4861/4861/4861 4880/4880/4880 4881/4881/4881
f 4861/4861/4861 4881/4881/4881 4862/4862/4862
f 4862/4862/4862 4881/4881/4881 4882/4882/4882
f 4862/4862/4862 4882/4882/4882 4863/4863/4863
f 4863/4863/4863 4882/4882/4882 4883/4883/4883
f 4863/4863/4863 4883/4883/4883 4864/4864/4864
f 4864/4864/4864 4883/4883/4883 4884/4884/4884
f 4864/4864/4864 4884/4884/4884 4865/4865/4865
f 4865/4865/4865 4884/4884/4884 4885/4885/4885
f 4865/4865/4865 4885/4885/4885 4866/4866/4866
f 4866/4866/4866 4885/4885/4885 4886/4886/4886
f 4866/4866/4866 4886/4886/4886 4867/4867/4867
f 4867/4867/4867 4886/4886/4886 4887/4887/4887
f 4867/4867/4867 4887/4887/4887 4868/4868/4868
f 4868/4868/4868 4887/4887/4887 4888/4888/4888
f 4868/4868/4868 4888/4888/4888 4869/4869/4869
f 4869/4869/4869 4888/4888/4888 4889/4889/4889
f 4869/4869/4869 4889/4889/4889 4870/4870/4870
f 4870/4870/4870 4889/4889/4889 4890/4890/4890
f 4870/4870/4870 4890/4890/4890 4871/4871/4871
f 4871/4871/4871 4890/4890/4890 4891/4891/4891
f 4871/4871/4871 4891/4891/4891 4872/4872/4872
f 4872/4872/4872 4891/4891/4891 4892/4892/4892
f 4872/4872/4872 4892/4892/4892 4873/4873/4873
f 4873/4873/4873 4892/4892/4892 4893/4893/4893
f 4873/4873/4873 4893/4893/4893 4874/4874/4874
f 4874/4874/4874 4893/4893/4893 4894/4894/4894
f 4874/4874/4874 4894/4894/4894 4875/4875/4875
f 4875/4875/4875 4894/4894/4894 4895/4895/4895
f 4875/4875/4875 4895/4895/4895 4876/4876/4876
f 4876/4876/4876 4895/4895/4895 4896/4896/4896
f 4876/4876/4876 4896/4896/4896 4877/4877/4877
f 4877/4877/4877 4896/4896/4896 4897/4897/4897
f 4877/4877/4877 4897/4897/4897 4878/4878/4878
f 4878/4878/4878 4897/4897/4897 4898/4898/4898
f 4878/4878/4878 4898/4898/4898 4879/4879/4879
f 4880/4880/4880 4899/4899/4899 4900/4900/4900
f 4880/4880/4880 4900/4900/4900 4881/4881/4881
f 4881/4881/4881 4900/4900/4900 4901/4901/4901
f 4881/4881/4881 4901/4901/4901 4882/4882/4882
f 4882/4882/4882 4901/4901/4901 4902/4902/4902
f 4882/4882/4882 4902/4902/4902 4883/4883/4883
f 4883/4883/4883 4902/4902/4902 4903/4903/4903
f 4883/4883/4883 4903/4903/4903 4884/4884/4884
f 4884/4884/4884 4903/4903/4903 4904/4904/4904
f 4884/4884/4884 4904/4904/4904 4885/4885/4885
f 4885/4885/4885 4904/4904/4904 4905/4905/4905
f 4885/4885/4885 4905/4905/4905 4886/4886/4886
f 4886/4886/4886 4905/4905/4905 4906/4906/4906
f 4886/4886/4886 4906/4906/4906 4887/4887/4887
f 4887/4887/4887 4906/4906/4906 4907/4907/4907
f 4887/4887/4887 4907/4907/4907 4888/4888/4888
f 4888/4888/4888 4907/4907/4907 4908/4908/4908
f 4888/4888/4888 4908/4908/4908 4889/4889/4889
f 4889/4889/4889 4908/4908/4908 4909/4909/4909
f 4889/4889/4889 4909/4909/4909 4890/4890/4890
f 4890/4890/4890 4909/4909/4909 4910/4910/4910
f 4890/4890/4890 4910/4910/4910 4891/4891/4891
f 4891/4891/4891 4910/4910/4910 4911/4911/4911
f 4891/4891/4891 4911/4911/4911 4892/4892/4892
f 4892/4892/4892 4911/4911/4911 4912/4912/4912
f 4892/4892/4892 4912/4912/4912 4893/4893/4893
f 4893/4893/4893 4912/4912/4912 4913/4913/4913
f 4893/4893/4893 4913/4913/4913 4894/4894/4894
f 4894/4894/4894 4913/4913/4913 4914/4914/4914
f 4894/4894/4894 4914/4914/4914 4895/4895/4895
f 4895/4895/4895 4914/4914/4914 4915/4915/4915
f 4895/4895/4895 4915/4915/4915 4896/4896/4896
f 4896/4896/4896 4915/4915/4915 4916/4916/4916
f 4896/4896/4896 4916/4916/4916 4897/4897/4897
f 4897/4897/4897 4916/4916/4916 4917/4917/4917
f 4897/4897/4897 4917/4917/4917 4898/4898/4898
f 4899/4899/4899 4918/4918/4918 4919/4919/4919
f 4899/4899/4899 4919/4919/4919 4900/4900/4900
f 4900/4900/4900 4919/4919/4919 4920/4920/4920
f 4900/4900/4900 4920/4920/4920 4901/4901/4901
f 4901/4901/4901 4920/4920/4920 4921/4921/4921
f 4901/4901/4901 4921/4921/4921 4902/4902/4902
f 4902/4902/4902 4921/4921/4921 4922/4922/4922
f 4902/4902/4902 4922/4922/4922 4903/4903/4903
f 4903/4903/4903 4922/4922/4922 4923/4923/4923
f 4903/4903/4903 4923/4923/4923 4904/4904/4904
f 4904/4904/4904 4923/4923/4923 4924/4924/4924
f 4904/4904/4904 4924/4924/4924 4905/4905/4905
f 4905/4905/4905 4924/4924/4924 4925/4925/4925
f 4905/4905/4905 4925/4925/4925 4906/4906/4906
f 4906/4906/4906 4925/4925/4925 4926/4926/4926
f 4906/4906/4906 4926/4926/4926 4907/4907/4907
f 4907/4907/4907 4926/4926/4926 4927/4927/4927
f 4907/4907/4907 4927/4927/4927 4908/4908/4908
f 4908/4908/4908 4927/4927/4927 4928/4928/4928
f 4908/4908/4908 4928/4928/4928 4909/4909/4909
f 4909/4909/4909 4928/4928/4928 4929/4929/4929
f 4909/4909/4909 4929/4929/4929 4910/4910/4910
f 4910/4910/4910 4929/4929/4929 4930/4930/4930
f 4910/4910/4910 4930/4930/4930 4911/4911/4911
f 4911/4911/4911 4930/4930/4930 4931/4931/4931
f 4911/4911/4911 4931/4931/4931 4912/4912/4912
f 4912/4912/4912 4931/4931/4931 4932/4932/4932
f 4912/4912/4912 4932/4932/4932 4913/4913/4913
f 4913/4913/4913 4932/4932/4932 4933/4933/4933
f 4913/4913/4913 4933/4933/4933 4914/4914/4914
f 4914/4914/4914 4933/4933/4933 4934/4934/4934
f 4914/4914/4914 4934/4934/4934 4915/4915/4915
f 4915/4915/4915 4934/4934/4934 4935/4935/4935
f 4915/4915/4915 4935/4935/4935 4916/4916/4916
f 4916/4916/4916 4935/4935/4935 4936/4936/4936
f 4916/4916/4916 4936/4936/4936 4917/4917/4917
f 4918/4918/4918 4937/4937/4937 4938/4938/4938
f 4918/4918/4918 4938/4938/4938 4919/4919/4919
f 4919/4919/4919 4938/4938/4938 4939/4939/4939
f 4919/4919/4919 4939/4939/4939 4920/4920/4920
f 4920/4920/4920 4939/4939/4939 4940/4940/4940
f 4920/4920/4920 4940/4940/4940 4921/4921/4921
f 4921/4921/4921 4940/4940/4940 4941/4941/4941
f 4921/4921/4921 4941/4941/4941 4922/4922/4922
f 4922/4922/4922 4941/4941/4941 4942/4942/4942
f 4922/4922/4922 4942/4942/4942 4923/4923/4923
f 4923/4923/4923 4942/4942/4942 4943/4943/4943
f 4923/4923/4923 4943/4943/4943 4924/4924/4924
f 4924/4924/4924 4943/4943/4943 4944/4944/4944
f 4924/4924/4924 4944/4944/4944 4925/4925/4925
f 4925/4925/4925 4944/4944/4944 4945/4945/4945
f 4925/4925/4925 4945/4945/4945 4926/4926/4926
f 4926/4926/4926 4945/4945/4945 4946/4946/4946
f 4926/4926/4926 4946/4946/4946 4927/4927/4927
f 4927/4927/4927 4946/4946/4946 4947/4947/4947
f 4927/4927/4927 4947/4947/4947 4928/4928/4928
f 4928/4928/4928 4947/4947/4947 4948/4948/4948
f 4928/4928/4928 4948/4948/4948 4929/4929/4929
f 4929/4929/4929 4948/4948/4948 4949/4949/4949
f 4929/4929/4929 4949/4949/4949 4930/4930/4930
f 4930/4930/4930 4949/4949/4949 4950/4950/4950
f 4930/4930/4930 4950/4950/4950 4931/4931/4931
f 4931/4931/4931 4950/4950/4950 4951/4951/4951
f 4931/4931/4931 4951/4951/4951 4932/4932/4932
f 4932/4932/4932 4951/4951/4951 4952/4952/4952
f 4932/4932/4932 4952/4952/4952 4933/4933/4933
f 4933/4933/4933 4952/4952/4952 4953/4953/4953
f 4933/4933/4933 4953/4953/4953 4934/4934/4934
f 4934/4934/4934 4953/4953/4953 4954/4954/4954
f 4934/4934/4934 4954/4954/4954 4935/4935/4935
f 4935/4935/4935 4954/4954/4954 4955/4955/4955
f 4935/4935/4935 4955/4955/4955 4936/4936/4936
f 4937/4937/4937 4956/4956/4956 4957/4957/4957
f 4937/4937/4937 4957/4957/4957 4938/4938/4938
f 4938/4938/4938 4957/4957/4957 4958/4958/4958
f 4938/4938/4938 4958/4958/4958 4939/4939/4939
f 4939/4939/4939 4958/4958/4958 4959/4959/4959
f 4939/4939/4939 4959/4959/4959 4940/4940/4940
f 4940/4940/4940 4959/4959/4959 4960/4960/4960
f 4940/4940/4940 4960/4960/4960 4941/4941/4941
f 4941/4941/4941 4960/4960/4960 4961/4961/4961
f 4941/4941/4941 4961/4961/4961 4942/4942/4942
f 4942/4942/4942 4961/4961/4961 4962/4962/4962
f 4942/4942/4942 4962/4962/4962 4943/4943/4943
f 4943/4943/4943 4962/4962/4962 4963/4963/4963
f 4943/4943/4943 4963/4963/4963 4944/4944/4944
f 4944/4944/4944 4963/4963/4963 4964/4964/4964
f 4944/4944/4944 4964/4964/4964 4945/4945/4945
f 4945/4945/4945 4964/4964/4964 4965/4965/4965
f 4945/4945/4945 4965/4965/4965 4946/4946/4946
f 4946/4946/4946 4965/4965/4965 4966/4966/4966
f 4946/4946/4946 4966/4966/4966 4947/4947/4947
f 4947/4947/4947 4966/4966/4966 4967/4967/4967
f 4947/4947/4947 4967/4967/4967 4948/4948/4948
f 4948/4948/4948 4967/4967/4967 4968/4968/4968
f 4948/4948/4948 4968/4968/4968 4949/4949/4949
f 4949/4949/4949 4968/4968/4968 4969/4969/4969
f 4949/4949/4949 4969/4969/4969 4950/4950/4950
f 4950/4950/4950 4969/4969/4969 4970/4970/4970
f 4950/4950/4950 4970/4970/4970 4951/4951/4951
f 4951/4951/4951 4970/4970/4970 4971/4971/4971
f 4951/4951/4951 4971/4971/4971 4952/4952/4952
f 4952/4952/4952 4971/4971/4971 4972/4972/4972
f 4952/4952/4952 4972/4972/4972 4953/4953/4953
f 4953/4953/4953 4972/4972/4972 4973/4973/4973
f 4953/4953/4953 4973/4973/4973 4954/4954/4954
f 4954/4954/4954 4973/4973/4973 4974/4974/4974
f 4954/4954/4954 4974/4974/4974 4955/4955/4955
usemtl Fuse
f 5009/5009/5009 5010/5010/5010 5012/5012/5012
f 5009/5009/5009 5012/5012/5012 5011/5011/5011
f 5011/5011/5011 5012/5012/5012 5014/5014/5014
f 5011/5011/5011 5014/5014/5014 5013/5013/5013
f 5013/5013/5013 5014/5014/5014 5016/5016/5016
f 5013/5013/5013 5016/5016/5016 5015/5015/5015
f 5015/5015/5015 5016/5016/5016 5018/5018/5018
f 5015/5015/5015 5018/5018/5018 5017/5017/5017
f 5017/5017/5017 5018/5018/5018 5020/5020/5020
f 5017/5017/5017 5020/5020/5020 5019/5019/5019
f 5019/5019/5019 5020/5020/5020 5022/5022/5022
f 5019/5019/5019 5022/5022/5022 5021/5021/5021
f 5021/5021/5021 5022/5022/5022 5024/5024/5024
f 5021/5021/5021 5024/5024/5024 5023/5023/5023
f 5023/5023/5023 5024/5024/5024 5026/5026/5026
f 5023/5023/5023 5026/5026/5026 5025/5025/5025
f 5025/5025/5025 5026/5026/5026 5028/5028/5028
f 5025/5025/5025 5028/5028/5028 5027/5027/5027
f 5027/5027/5027 5028/5028/5028 5030/5030/5030
f 5027/5027/5027 5030/5030/5030 5029/5029/5029
f 5031/5031/5031 5032/5032/5032 5034/5034/5034
f 5031/5031/5031 5034/5034/5034 5033/5033/5033
f 5033/5033/5033 5034/5034/5034 5036/5036/5036
f 5033/5033/5033 5036/5036/5036 5035/5035/5035
f 5035/5035/5035 5036/5036/5036 5038/5038/5038
f 5035/5035/5035 5038/5038/5038 5037/5037/5037
f 5037/5037/5037 5038/5038/5038 5040/5040/5040
f 5037/5037/5037 5040/5040/5040 5039/5039/5039
f 5039/5039/5039 5040/5040/5040 5042/5042/5042
f 5039/5039/5039 5042/5042/5042 5041/5041/5041
f 5041/5041/5041 5042/5042/5042 5044/5044/5044
f 5041/5041/5041 5044/5044/5044 5043/5043/5043
f 5043/5043/5043 5044/5044/5044 5046/5046/5046
f 5043/5043/5043 5046/5046/5046 5045/5045/5045
f 5045/5045/5045 5046/5046/5046 5048/5048/5048
f 5045/5045/5045 5048/5048/5048 5047/5047/5047
f 5047/5047/5047 5048/5048/5048 5050/5050/5050
f 5047/5047/5047 5050/5050/5050 5049/5049/5049
f 5049/5049/5049 5050/5050/5050 5052/5052/5052
f 5049/5049/5049 5052/5052/5052 5051/5051/5051
f 5053/5053/5053 5054/5054/5054 5056/5056/5056
f 5053/5053/5053 5056/5056/5056 5055/5055/5055
f 5055/5055/5055 5056/5056/5056 5058/5058/5058
f 5055/5055/5055 5058/5058/5058 5057/5057/5057
f 5057/5057/5057 5058/5058/5058 5060/5060/5060
f 5057/5057/5057 5060/5060/5060 5059/5059/5059
f 5059/5059/5059 5060/5060/5060 5062/5062/5062
f 5059/5059/5059 5062/5062/5062 5061/5061/5061
f 5061/5061/5061 5062/5062/5062 5064/5064/5064
f 5061/5061/5061 5064/5064/5064 5063/5063/5063
f 5063/5063/5063 5064/5064/5064 5066/5066/5066
f 5063/5063/5063 5066/5066/5066 5065/5065/5065
f 5065/5065/5065 5066/5066/5066 5068/5068/5068
f 5065/5065/5065 5068/5068/5068 5067/5067/5067
f 5067/5067/5067 5068/5068/5068 5070/5070/5070
f 5067/5067/5067 5070/5070/5070 5069/5069/5069
f 5069/5069/5069 5070/5070/5070 5072/5072/5072
f 5069/5069/5069 5072/5072/5072 5071/5071/5071
f 5071/5071/5071 5072/5072/5072 5074/5074/5074
f 5071/5071/5071 5074/5074/5074 5073/5073/5073
usemtl Spark
f 5075/5075/5075 5076/5076/5076 5077/5077/5077
f 5078/5078/5078 5079/5079/5079 5080/5080/5080
f 5081/5081/5081 5082/5082/5082 5083/5083/5083
f 5084/5084/5084 5085/5085/5085 5086/5086/5086
f 5087/5087/5087 5088/5088/5088 5089/5089/5089
f 5090/5090/5090 5091/5091/5091 5092/5092/5092
f 5093/5093/5093 5094/5094/5094 5095/5095/5095
f 5096/5096/5096 5097/5097/5097 5098/5098/5098
